project,worktree_id,interval_type,start_event_id,end_event_id,start_action_rank,end_action_rank,action_length,duration_ms,distinct_sessions,mutation_rows,mutated_artifacts,failed_attempts,observed_unknown_attempts,ending_co_observed_mutation_rows
agentsight,e58fce112c6e,left_censored,codex:rollout-2026-03-05T17-48-25-019cc0d4-edae-7e81-92e2-239691fed904:0,codex:rollout-2026-03-05T17-48-25-019cc0d4-edae-7e81-92e2-239691fed904:32,1,33,33,302390,1,0,0,0,0,0
agentsight,e58fce112c6e,complete,codex:rollout-2026-03-05T17-48-25-019cc0d4-edae-7e81-92e2-239691fed904:32,codex:rollout-2026-05-26T14-31-06-019e6632-cfcb-7dd3-878d-3ce797b571f4:210,33,282,249,7073933516,2,0,0,2,9,0
agentsight,e58fce112c6e,complete,codex:rollout-2026-05-26T14-31-06-019e6632-cfcb-7dd3-878d-3ce797b571f4:210,codex:rollout-2026-05-26T14-31-06-019e6632-cfcb-7dd3-878d-3ce797b571f4:221,282,293,11,71296,1,0,0,0,1,0
agentsight,e58fce112c6e,complete,codex:rollout-2026-05-26T14-31-06-019e6632-cfcb-7dd3-878d-3ce797b571f4:221,codex:rollout-2026-05-26T14-31-06-019e6632-cfcb-7dd3-878d-3ce797b571f4:269,293,341,48,287605,1,0,0,1,1,0
agentsight,e58fce112c6e,complete,codex:rollout-2026-05-26T14-31-06-019e6632-cfcb-7dd3-878d-3ce797b571f4:269,codex:rollout-2026-05-26T14-31-06-019e6632-cfcb-7dd3-878d-3ce797b571f4:280,341,352,11,47215,1,0,0,0,1,0
agentsight,e58fce112c6e,complete,codex:rollout-2026-05-26T14-31-06-019e6632-cfcb-7dd3-878d-3ce797b571f4:280,codex:rollout-2026-05-26T14-31-06-019e6632-cfcb-7dd3-878d-3ce797b571f4:291,352,363,11,53379,1,0,0,0,1,0
agentsight,e58fce112c6e,complete,codex:rollout-2026-05-26T14-31-06-019e6632-cfcb-7dd3-878d-3ce797b571f4:291,codex:rollout-2026-05-26T14-31-06-019e6632-cfcb-7dd3-878d-3ce797b571f4:292,363,364,1,5453,1,0,0,0,0,0
agentsight,e58fce112c6e,complete,codex:rollout-2026-05-26T14-31-06-019e6632-cfcb-7dd3-878d-3ce797b571f4:292,codex:rollout-2026-05-26T14-31-06-019e6632-cfcb-7dd3-878d-3ce797b571f4:321,364,393,29,160724,1,0,0,0,1,0
agentsight,e58fce112c6e,complete,codex:rollout-2026-05-26T14-31-06-019e6632-cfcb-7dd3-878d-3ce797b571f4:321,codex:rollout-2026-05-26T14-31-06-019e6632-cfcb-7dd3-878d-3ce797b571f4:379,393,488,95,2492366,2,0,0,1,2,0
agentsight,e58fce112c6e,complete,codex:rollout-2026-05-26T14-31-06-019e6632-cfcb-7dd3-878d-3ce797b571f4:379,codex:rollout-2026-05-26T14-31-06-019e6632-cfcb-7dd3-878d-3ce797b571f4:441,488,550,62,378210,1,0,0,1,2,0
agentsight,e58fce112c6e,complete,codex:rollout-2026-05-26T14-31-06-019e6632-cfcb-7dd3-878d-3ce797b571f4:441,codex:rollout-2026-05-26T16-52-43-019e66b4-75a7-7211-9174-76d8ad2a08de:22,550,608,58,195058,2,0,0,0,1,0
agentsight,e58fce112c6e,complete,codex:rollout-2026-05-26T16-52-43-019e66b4-75a7-7211-9174-76d8ad2a08de:22,codex:rollout-2026-05-26T16-52-43-019e66b4-75a7-7211-9174-76d8ad2a08de:23,608,609,1,42,1,0,0,0,0,0
agentsight,e58fce112c6e,complete,codex:rollout-2026-05-26T16-52-43-019e66b4-75a7-7211-9174-76d8ad2a08de:23,codex:rollout-2026-05-26T14-31-06-019e6632-cfcb-7dd3-878d-3ce797b571f4:479,609,630,21,127625,2,0,0,1,0,0
agentsight,e58fce112c6e,complete,codex:rollout-2026-05-26T14-31-06-019e6632-cfcb-7dd3-878d-3ce797b571f4:479,codex:rollout-2026-05-26T14-31-06-019e6632-cfcb-7dd3-878d-3ce797b571f4:533,630,684,54,362904,1,0,0,1,3,0
agentsight,e58fce112c6e,complete,codex:rollout-2026-05-26T14-31-06-019e6632-cfcb-7dd3-878d-3ce797b571f4:533,codex:rollout-2026-05-26T14-31-06-019e6632-cfcb-7dd3-878d-3ce797b571f4:534,684,685,1,36,1,0,0,0,0,0
agentsight,e58fce112c6e,complete,codex:rollout-2026-05-26T14-31-06-019e6632-cfcb-7dd3-878d-3ce797b571f4:534,codex:rollout-2026-05-26T14-31-06-019e6632-cfcb-7dd3-878d-3ce797b571f4:535,685,686,1,0,1,0,0,0,0,0
agentsight,e58fce112c6e,complete,codex:rollout-2026-05-26T14-31-06-019e6632-cfcb-7dd3-878d-3ce797b571f4:535,codex:rollout-2026-05-26T14-31-06-019e6632-cfcb-7dd3-878d-3ce797b571f4:537,686,688,2,5302,1,0,0,1,0,0
agentsight,e58fce112c6e,complete,codex:rollout-2026-05-26T14-31-06-019e6632-cfcb-7dd3-878d-3ce797b571f4:537,codex:rollout-2026-05-26T14-31-06-019e6632-cfcb-7dd3-878d-3ce797b571f4:604,688,755,67,3068878,1,0,0,1,4,0
agentsight,e58fce112c6e,complete,codex:rollout-2026-05-26T14-31-06-019e6632-cfcb-7dd3-878d-3ce797b571f4:604,codex:rollout-2026-05-26T14-31-06-019e6632-cfcb-7dd3-878d-3ce797b571f4:610,755,761,6,13738,1,0,0,0,0,0
agentsight,e58fce112c6e,complete,codex:rollout-2026-05-26T14-31-06-019e6632-cfcb-7dd3-878d-3ce797b571f4:610,codex:rollout-2026-05-26T18-19-14-019e6703-abba-7da1-984b-d28152b3c96c:27,761,933,172,1565460,2,0,0,1,6,0
agentsight,e58fce112c6e,complete,codex:rollout-2026-05-26T18-19-14-019e6703-abba-7da1-984b-d28152b3c96c:27,codex:rollout-2026-05-26T18-19-14-019e6703-abba-7da1-984b-d28152b3c96c:29,933,935,2,4138,1,0,0,0,0,0
agentsight,e58fce112c6e,complete,codex:rollout-2026-05-26T18-19-14-019e6703-abba-7da1-984b-d28152b3c96c:29,codex:rollout-2026-05-26T14-31-06-019e6632-cfcb-7dd3-878d-3ce797b571f4:807,935,1000,65,530532,2,0,0,1,8,0
agentsight,e58fce112c6e,complete,codex:rollout-2026-05-26T14-31-06-019e6632-cfcb-7dd3-878d-3ce797b571f4:807,codex:rollout-2026-05-26T14-31-06-019e6632-cfcb-7dd3-878d-3ce797b571f4:1000,1000,1192,192,5864077,1,0,0,3,9,0
agentsight,e58fce112c6e,complete,codex:rollout-2026-05-26T14-31-06-019e6632-cfcb-7dd3-878d-3ce797b571f4:1000,codex:rollout-2026-05-26T14-31-06-019e6632-cfcb-7dd3-878d-3ce797b571f4:1032,1192,1225,33,301412,1,0,0,1,2,0
agentsight,e58fce112c6e,complete,codex:rollout-2026-05-26T14-31-06-019e6632-cfcb-7dd3-878d-3ce797b571f4:1032,codex:rollout-2026-05-26T14-31-06-019e6632-cfcb-7dd3-878d-3ce797b571f4:1033,1225,1226,1,0,1,0,0,0,0,0
agentsight,e58fce112c6e,complete,codex:rollout-2026-05-26T14-31-06-019e6632-cfcb-7dd3-878d-3ce797b571f4:1033,codex:rollout-2026-05-26T14-31-06-019e6632-cfcb-7dd3-878d-3ce797b571f4:1052,1226,1245,19,177602,1,0,0,0,2,0
agentsight,e58fce112c6e,complete,codex:rollout-2026-05-26T14-31-06-019e6632-cfcb-7dd3-878d-3ce797b571f4:1052,codex:rollout-2026-06-01T19-53-16-019e863f-e962-7051-a33c-cc708da4e49d:203,1245,2197,952,530525660,11,0,0,3,16,0
agentsight,e58fce112c6e,complete,codex:rollout-2026-06-01T19-53-16-019e863f-e962-7051-a33c-cc708da4e49d:203,codex:rollout-2026-06-01T23-43-59-019e8713-2449-71e3-8358-d3310df82456:33,2197,2286,89,532939,2,0,0,0,0,0
agentsight,e58fce112c6e,complete,codex:rollout-2026-06-01T23-43-59-019e8713-2449-71e3-8358-d3310df82456:33,codex:rollout-2026-06-01T19-53-16-019e863f-e962-7051-a33c-cc708da4e49d:319,2286,2333,47,409162,2,0,0,6,0,0
agentsight,e58fce112c6e,complete,codex:rollout-2026-06-01T19-53-16-019e863f-e962-7051-a33c-cc708da4e49d:319,codex:rollout-2026-06-01T19-53-16-019e863f-e962-7051-a33c-cc708da4e49d:322,2333,2336,3,9486,1,0,0,2,0,0
agentsight,e58fce112c6e,complete,codex:rollout-2026-06-01T19-53-16-019e863f-e962-7051-a33c-cc708da4e49d:322,codex:rollout-2026-06-01T19-53-16-019e863f-e962-7051-a33c-cc708da4e49d:324,2336,2338,2,14735,1,0,0,0,0,0
agentsight,e58fce112c6e,complete,codex:rollout-2026-06-01T19-53-16-019e863f-e962-7051-a33c-cc708da4e49d:324,codex:rollout-2026-06-01T19-53-16-019e863f-e962-7051-a33c-cc708da4e49d:325,2338,2339,1,10,1,0,0,0,0,0
agentsight,e58fce112c6e,complete,codex:rollout-2026-06-01T19-53-16-019e863f-e962-7051-a33c-cc708da4e49d:325,codex:rollout-2026-06-01T19-53-16-019e863f-e962-7051-a33c-cc708da4e49d:326,2339,2340,1,20309,1,0,0,0,0,0
agentsight,e58fce112c6e,complete,codex:rollout-2026-06-01T19-53-16-019e863f-e962-7051-a33c-cc708da4e49d:326,codex:rollout-2026-06-01T19-53-16-019e863f-e962-7051-a33c-cc708da4e49d:327,2340,2341,1,0,1,0,0,0,0,0
agentsight,e58fce112c6e,complete,codex:rollout-2026-06-01T19-53-16-019e863f-e962-7051-a33c-cc708da4e49d:327,codex:rollout-2026-06-01T19-53-16-019e863f-e962-7051-a33c-cc708da4e49d:328,2341,2342,1,14,1,0,0,0,0,0
agentsight,e58fce112c6e,complete,codex:rollout-2026-06-01T19-53-16-019e863f-e962-7051-a33c-cc708da4e49d:328,codex:rollout-2026-06-01T19-53-16-019e863f-e962-7051-a33c-cc708da4e49d:329,2342,2343,1,1,1,0,0,0,0,0
agentsight,e58fce112c6e,complete,codex:rollout-2026-06-01T19-53-16-019e863f-e962-7051-a33c-cc708da4e49d:329,codex:rollout-2026-06-01T19-53-16-019e863f-e962-7051-a33c-cc708da4e49d:348,2343,2362,19,380070,1,0,0,0,0,0
agentsight,e58fce112c6e,complete,codex:rollout-2026-06-01T19-53-16-019e863f-e962-7051-a33c-cc708da4e49d:348,codex:rollout-2026-06-01T19-53-16-019e863f-e962-7051-a33c-cc708da4e49d:350,2362,2364,2,12554,1,0,0,1,0,0
agentsight,e58fce112c6e,complete,codex:rollout-2026-06-01T19-53-16-019e863f-e962-7051-a33c-cc708da4e49d:350,codex:rollout-2026-06-01T19-53-16-019e863f-e962-7051-a33c-cc708da4e49d:351,2364,2365,1,20,1,0,0,0,0,0
agentsight,e58fce112c6e,complete,codex:rollout-2026-06-01T19-53-16-019e863f-e962-7051-a33c-cc708da4e49d:351,codex:rollout-2026-06-01T19-53-16-019e863f-e962-7051-a33c-cc708da4e49d:352,2365,2366,1,0,1,0,0,0,0,0
agentsight,e58fce112c6e,complete,codex:rollout-2026-06-01T19-53-16-019e863f-e962-7051-a33c-cc708da4e49d:352,codex:rollout-2026-06-01T19-53-16-019e863f-e962-7051-a33c-cc708da4e49d:353,2366,2367,1,0,1,0,0,0,0,0
agentsight,e58fce112c6e,complete,codex:rollout-2026-06-01T19-53-16-019e863f-e962-7051-a33c-cc708da4e49d:353,codex:rollout-2026-06-01T19-53-16-019e863f-e962-7051-a33c-cc708da4e49d:362,2367,2376,9,69674,1,0,0,0,0,0
agentsight,e58fce112c6e,complete,codex:rollout-2026-06-01T19-53-16-019e863f-e962-7051-a33c-cc708da4e49d:362,codex:rollout-2026-06-01T19-53-16-019e863f-e962-7051-a33c-cc708da4e49d:379,2376,2393,17,94401,1,0,0,0,0,0
agentsight,e58fce112c6e,complete,codex:rollout-2026-06-01T19-53-16-019e863f-e962-7051-a33c-cc708da4e49d:379,codex:rollout-2026-06-01T19-53-16-019e863f-e962-7051-a33c-cc708da4e49d:414,2393,2428,35,306303,1,0,0,1,0,0
agentsight,e58fce112c6e,complete,codex:rollout-2026-06-01T19-53-16-019e863f-e962-7051-a33c-cc708da4e49d:414,codex:rollout-2026-06-01T19-53-16-019e863f-e962-7051-a33c-cc708da4e49d:481,2428,2495,67,416461,1,0,0,1,0,0
agentsight,e58fce112c6e,complete,codex:rollout-2026-06-01T19-53-16-019e863f-e962-7051-a33c-cc708da4e49d:481,codex:rollout-2026-06-01T19-53-16-019e863f-e962-7051-a33c-cc708da4e49d:482,2495,2496,1,7423,1,0,0,0,0,0
agentsight,e58fce112c6e,complete,codex:rollout-2026-06-01T19-53-16-019e863f-e962-7051-a33c-cc708da4e49d:482,codex:rollout-2026-06-02T00-18-29-019e8732-bb63-74c3-bb16-80c7899de248:15,2496,2547,51,288887,2,0,0,0,0,0
agentsight,e58fce112c6e,complete,codex:rollout-2026-06-02T00-18-29-019e8732-bb63-74c3-bb16-80c7899de248:15,codex:rollout-2026-06-02T00-18-29-019e8732-bb63-74c3-bb16-80c7899de248:16,2547,2548,1,0,1,0,0,0,0,0
agentsight,e58fce112c6e,complete,codex:rollout-2026-06-02T00-18-29-019e8732-bb63-74c3-bb16-80c7899de248:16,codex:rollout-2026-06-01T19-53-16-019e863f-e962-7051-a33c-cc708da4e49d:533,2548,2585,37,177332,2,0,0,0,0,0
agentsight,e58fce112c6e,complete,codex:rollout-2026-06-01T19-53-16-019e863f-e962-7051-a33c-cc708da4e49d:533,codex:rollout-2026-06-02T00-18-29-019e8732-bb63-74c3-bb16-80c7899de248:64,2585,2629,44,170058,2,0,0,0,0,0
agentsight,e58fce112c6e,complete,codex:rollout-2026-06-02T00-18-29-019e8732-bb63-74c3-bb16-80c7899de248:64,codex:rollout-2026-06-02T00-18-29-019e8732-bb63-74c3-bb16-80c7899de248:66,2629,2631,2,12735,1,0,0,0,0,0
agentsight,e58fce112c6e,complete,codex:rollout-2026-06-02T00-18-29-019e8732-bb63-74c3-bb16-80c7899de248:66,codex:rollout-2026-06-01T19-53-16-019e863f-e962-7051-a33c-cc708da4e49d:554,2631,2651,20,111743,2,0,0,0,0,0
agentsight,e58fce112c6e,complete,codex:rollout-2026-06-01T19-53-16-019e863f-e962-7051-a33c-cc708da4e49d:554,codex:rollout-2026-06-02T00-18-29-019e8732-bb63-74c3-bb16-80c7899de248:86,2651,2661,10,17964,2,0,0,0,0,0
agentsight,e58fce112c6e,complete,codex:rollout-2026-06-02T00-18-29-019e8732-bb63-74c3-bb16-80c7899de248:86,codex:rollout-2026-06-02T00-18-29-019e8732-bb63-74c3-bb16-80c7899de248:88,2661,2663,2,4773,1,0,0,0,0,0
agentsight,e58fce112c6e,complete,codex:rollout-2026-06-02T00-18-29-019e8732-bb63-74c3-bb16-80c7899de248:88,codex:rollout-2026-06-02T00-18-29-019e8732-bb63-74c3-bb16-80c7899de248:113,2663,2692,29,631560,2,0,0,0,0,0
agentsight,e58fce112c6e,complete,codex:rollout-2026-06-02T00-18-29-019e8732-bb63-74c3-bb16-80c7899de248:113,codex:rollout-2026-06-02T00-18-29-019e8732-bb63-74c3-bb16-80c7899de248:118,2692,2697,5,22098,1,0,0,0,0,0
agentsight,e58fce112c6e,complete,codex:rollout-2026-06-02T00-18-29-019e8732-bb63-74c3-bb16-80c7899de248:118,codex:rollout-2026-06-02T00-18-29-019e8732-bb63-74c3-bb16-80c7899de248:123,2697,2702,5,18947,1,0,0,0,0,0
agentsight,e58fce112c6e,complete,codex:rollout-2026-06-02T00-18-29-019e8732-bb63-74c3-bb16-80c7899de248:123,codex:rollout-2026-06-01T19-53-16-019e863f-e962-7051-a33c-cc708da4e49d:639,2702,2817,115,1250474,2,0,0,0,0,0
agentsight,e58fce112c6e,complete,codex:rollout-2026-06-01T19-53-16-019e863f-e962-7051-a33c-cc708da4e49d:639,codex:rollout-2026-06-01T19-53-16-019e863f-e962-7051-a33c-cc708da4e49d:641,2817,2819,2,6605,1,0,0,0,0,0
agentsight,e58fce112c6e,complete,codex:rollout-2026-06-01T19-53-16-019e863f-e962-7051-a33c-cc708da4e49d:641,codex:rollout-2026-06-01T19-53-16-019e863f-e962-7051-a33c-cc708da4e49d:648,2819,2826,7,35816,1,0,0,0,0,0
agentsight,e58fce112c6e,complete,codex:rollout-2026-06-01T19-53-16-019e863f-e962-7051-a33c-cc708da4e49d:648,codex:rollout-2026-06-01T19-53-16-019e863f-e962-7051-a33c-cc708da4e49d:698,2826,2879,53,325361,2,0,0,0,0,0
agentsight,e58fce112c6e,complete,codex:rollout-2026-06-01T19-53-16-019e863f-e962-7051-a33c-cc708da4e49d:698,codex:rollout-2026-06-01T19-53-16-019e863f-e962-7051-a33c-cc708da4e49d:706,2879,2887,8,34372,1,0,0,0,0,0
agentsight,e58fce112c6e,complete,codex:rollout-2026-06-01T19-53-16-019e863f-e962-7051-a33c-cc708da4e49d:706,codex:rollout-2026-06-01T19-53-16-019e863f-e962-7051-a33c-cc708da4e49d:710,2887,2891,4,22833,1,0,0,0,0,0
agentsight,e58fce112c6e,complete,codex:rollout-2026-06-01T19-53-16-019e863f-e962-7051-a33c-cc708da4e49d:710,codex:rollout-2026-06-01T19-53-16-019e863f-e962-7051-a33c-cc708da4e49d:713,2891,2894,3,21593,1,0,0,0,0,0
agentsight,e58fce112c6e,complete,codex:rollout-2026-06-01T19-53-16-019e863f-e962-7051-a33c-cc708da4e49d:713,codex:rollout-2026-06-02T11-17-45-019e898e-4f1d-74e2-aed5-0b765abeb25c:34,2894,2935,41,36747644,2,0,0,0,0,0
agentsight,e58fce112c6e,complete,codex:rollout-2026-06-02T11-17-45-019e898e-4f1d-74e2-aed5-0b765abeb25c:34,codex:rollout-2026-06-02T11-20-36-019e8990-ece7-70d0-b469-b8d10527ef86:55,2935,2996,61,755687,2,0,0,2,0,0
agentsight,e58fce112c6e,complete,codex:rollout-2026-06-02T11-20-36-019e8990-ece7-70d0-b469-b8d10527ef86:55,codex:rollout-2026-06-02T11-20-36-019e8990-ece7-70d0-b469-b8d10527ef86:68,2996,3009,13,65535,1,0,0,0,0,0
agentsight,e58fce112c6e,complete,codex:rollout-2026-06-02T11-20-36-019e8990-ece7-70d0-b469-b8d10527ef86:68,codex:rollout-2026-06-02T11-20-36-019e8990-ece7-70d0-b469-b8d10527ef86:69,3009,3010,1,1,1,0,0,0,0,0
agentsight,e58fce112c6e,complete,codex:rollout-2026-06-02T11-20-36-019e8990-ece7-70d0-b469-b8d10527ef86:69,codex:rollout-2026-06-02T11-20-36-019e8990-ece7-70d0-b469-b8d10527ef86:79,3010,3020,10,66499,1,0,0,0,0,0
agentsight,e58fce112c6e,complete,codex:rollout-2026-06-02T11-20-36-019e8990-ece7-70d0-b469-b8d10527ef86:79,codex:rollout-2026-06-02T11-20-36-019e8990-ece7-70d0-b469-b8d10527ef86:86,3020,3027,7,50114,1,0,0,0,0,0
agentsight,e58fce112c6e,complete,codex:rollout-2026-06-02T11-20-36-019e8990-ece7-70d0-b469-b8d10527ef86:86,codex:rollout-2026-06-02T11-20-36-019e8990-ece7-70d0-b469-b8d10527ef86:91,3027,3036,9,22227,2,0,0,0,0,0
agentsight,e58fce112c6e,complete,codex:rollout-2026-06-02T11-20-36-019e8990-ece7-70d0-b469-b8d10527ef86:91,codex:rollout-2026-06-02T11-20-36-019e8990-ece7-70d0-b469-b8d10527ef86:92,3036,3037,1,1,1,0,0,0,0,0
agentsight,e58fce112c6e,complete,codex:rollout-2026-06-02T11-20-36-019e8990-ece7-70d0-b469-b8d10527ef86:92,codex:rollout-2026-06-02T11-20-36-019e8990-ece7-70d0-b469-b8d10527ef86:196,3037,3301,264,13174993,3,3,3,1,0,0
agentsight,e58fce112c6e,complete,codex:rollout-2026-06-02T11-20-36-019e8990-ece7-70d0-b469-b8d10527ef86:196,codex:rollout-2026-06-02T15-03-06-019e8a5c-9f7a-74c1-933b-5cd21c1646ad:86,3301,3348,47,152571,2,0,0,1,0,0
agentsight,e58fce112c6e,complete,codex:rollout-2026-06-02T15-03-06-019e8a5c-9f7a-74c1-933b-5cd21c1646ad:86,codex:rollout-2026-06-02T15-03-06-019e8a5c-9f7a-74c1-933b-5cd21c1646ad:88,3348,3351,3,11931,2,0,0,0,0,0
agentsight,e58fce112c6e,complete,codex:rollout-2026-06-02T15-03-06-019e8a5c-9f7a-74c1-933b-5cd21c1646ad:88,codex:rollout-2026-06-02T15-03-06-019e8a5c-9f7a-74c1-933b-5cd21c1646ad:89,3351,3352,1,8,1,0,0,0,0,0
agentsight,e58fce112c6e,complete,codex:rollout-2026-06-02T15-03-06-019e8a5c-9f7a-74c1-933b-5cd21c1646ad:89,codex:rollout-2026-06-02T11-20-36-019e8990-ece7-70d0-b469-b8d10527ef86:219,3352,3353,1,10998,1,0,0,0,0,0
agentsight,e58fce112c6e,complete,codex:rollout-2026-06-02T11-20-36-019e8990-ece7-70d0-b469-b8d10527ef86:219,codex:rollout-2026-06-02T11-20-36-019e8990-ece7-70d0-b469-b8d10527ef86:234,3353,3384,31,128870,2,0,0,0,0,0
agentsight,e58fce112c6e,complete,codex:rollout-2026-06-02T11-20-36-019e8990-ece7-70d0-b469-b8d10527ef86:234,codex:rollout-2026-06-02T11-20-36-019e8990-ece7-70d0-b469-b8d10527ef86:236,3384,3386,2,13557,1,0,0,0,0,0
agentsight,e58fce112c6e,complete,codex:rollout-2026-06-02T11-20-36-019e8990-ece7-70d0-b469-b8d10527ef86:236,codex:rollout-2026-06-02T11-20-36-019e8990-ece7-70d0-b469-b8d10527ef86:237,3386,3387,1,0,1,0,0,0,0,0
agentsight,e58fce112c6e,complete,codex:rollout-2026-06-02T11-20-36-019e8990-ece7-70d0-b469-b8d10527ef86:237,codex:rollout-2026-06-02T11-20-36-019e8990-ece7-70d0-b469-b8d10527ef86:240,3387,3391,4,13731,2,0,0,0,0,0
agentsight,e58fce112c6e,complete,codex:rollout-2026-06-02T11-20-36-019e8990-ece7-70d0-b469-b8d10527ef86:240,codex:rollout-2026-06-02T11-20-36-019e8990-ece7-70d0-b469-b8d10527ef86:242,3391,3393,2,13350,1,0,0,0,0,0
agentsight,e58fce112c6e,complete,codex:rollout-2026-06-02T11-20-36-019e8990-ece7-70d0-b469-b8d10527ef86:242,codex:rollout-2026-06-02T11-20-36-019e8990-ece7-70d0-b469-b8d10527ef86:243,3393,3394,1,0,1,0,0,0,0,0
agentsight,e58fce112c6e,complete,codex:rollout-2026-06-02T11-20-36-019e8990-ece7-70d0-b469-b8d10527ef86:243,codex:rollout-2026-06-02T11-20-36-019e8990-ece7-70d0-b469-b8d10527ef86:281,3394,3450,56,966010,2,0,0,1,0,0
agentsight,e58fce112c6e,complete,codex:rollout-2026-06-02T11-20-36-019e8990-ece7-70d0-b469-b8d10527ef86:281,codex:rollout-2026-06-02T11-20-36-019e8990-ece7-70d0-b469-b8d10527ef86:290,3450,3463,13,78038,2,0,0,0,0,0
agentsight,e58fce112c6e,complete,codex:rollout-2026-06-02T11-20-36-019e8990-ece7-70d0-b469-b8d10527ef86:290,codex:rollout-2026-06-02T11-20-36-019e8990-ece7-70d0-b469-b8d10527ef86:315,3463,3488,25,160834,1,0,0,1,0,0
agentsight,e58fce112c6e,complete,codex:rollout-2026-06-02T11-20-36-019e8990-ece7-70d0-b469-b8d10527ef86:315,codex:rollout-2026-06-02T11-20-36-019e8990-ece7-70d0-b469-b8d10527ef86:322,3488,3495,7,83833,1,0,0,0,0,0
agentsight,e58fce112c6e,complete,codex:rollout-2026-06-02T11-20-36-019e8990-ece7-70d0-b469-b8d10527ef86:322,codex:rollout-2026-06-02T11-20-36-019e8990-ece7-70d0-b469-b8d10527ef86:330,3495,3503,8,32538,1,0,0,0,0,0
agentsight,e58fce112c6e,complete,codex:rollout-2026-06-02T11-20-36-019e8990-ece7-70d0-b469-b8d10527ef86:330,codex:rollout-2026-06-02T11-20-36-019e8990-ece7-70d0-b469-b8d10527ef86:331,3503,3504,1,1,1,0,0,0,0,0
agentsight,e58fce112c6e,complete,codex:rollout-2026-06-02T11-20-36-019e8990-ece7-70d0-b469-b8d10527ef86:331,codex:rollout-2026-06-02T11-20-36-019e8990-ece7-70d0-b469-b8d10527ef86:332,3504,3505,1,39,1,0,0,0,0,0
agentsight,e58fce112c6e,complete,codex:rollout-2026-06-02T11-20-36-019e8990-ece7-70d0-b469-b8d10527ef86:332,codex:rollout-2026-06-02T11-20-36-019e8990-ece7-70d0-b469-b8d10527ef86:340,3505,3513,8,42240,1,0,0,1,0,0
agentsight,e58fce112c6e,complete,codex:rollout-2026-06-02T11-20-36-019e8990-ece7-70d0-b469-b8d10527ef86:340,codex:rollout-2026-06-02T11-20-36-019e8990-ece7-70d0-b469-b8d10527ef86:341,3513,3514,1,1,1,0,0,0,0,0
agentsight,e58fce112c6e,complete,codex:rollout-2026-06-02T11-20-36-019e8990-ece7-70d0-b469-b8d10527ef86:341,codex:rollout-2026-06-02T11-20-36-019e8990-ece7-70d0-b469-b8d10527ef86:345,3514,3518,4,23260,1,0,0,0,0,0
agentsight,e58fce112c6e,complete,codex:rollout-2026-06-02T11-20-36-019e8990-ece7-70d0-b469-b8d10527ef86:345,codex:rollout-2026-06-02T11-20-36-019e8990-ece7-70d0-b469-b8d10527ef86:346,3518,3519,1,43,1,0,0,0,0,0
agentsight,e58fce112c6e,complete,codex:rollout-2026-06-02T11-20-36-019e8990-ece7-70d0-b469-b8d10527ef86:346,codex:rollout-2026-06-02T11-20-36-019e8990-ece7-70d0-b469-b8d10527ef86:347,3519,3520,1,0,1,0,0,0,0,0
agentsight,e58fce112c6e,complete,codex:rollout-2026-06-02T11-20-36-019e8990-ece7-70d0-b469-b8d10527ef86:347,codex:rollout-2026-06-02T11-20-36-019e8990-ece7-70d0-b469-b8d10527ef86:392,3520,3580,60,1187371,2,0,0,2,0,0
agentsight,e58fce112c6e,complete,codex:rollout-2026-06-02T11-20-36-019e8990-ece7-70d0-b469-b8d10527ef86:392,codex:rollout-2026-06-02T11-20-36-019e8990-ece7-70d0-b469-b8d10527ef86:395,3580,3583,3,16205,1,0,0,0,0,0
agentsight,e58fce112c6e,complete,codex:rollout-2026-06-02T11-20-36-019e8990-ece7-70d0-b469-b8d10527ef86:395,codex:rollout-2026-06-02T11-20-36-019e8990-ece7-70d0-b469-b8d10527ef86:396,3583,3584,1,43,1,0,0,0,0,0
agentsight,e58fce112c6e,complete,codex:rollout-2026-06-02T11-20-36-019e8990-ece7-70d0-b469-b8d10527ef86:396,codex:rollout-2026-06-02T11-20-36-019e8990-ece7-70d0-b469-b8d10527ef86:400,3584,3588,4,26779,1,0,0,0,0,0
agentsight,e58fce112c6e,complete,codex:rollout-2026-06-02T11-20-36-019e8990-ece7-70d0-b469-b8d10527ef86:400,codex:rollout-2026-06-02T11-20-36-019e8990-ece7-70d0-b469-b8d10527ef86:403,3588,3591,3,20028,1,0,0,0,0,0
agentsight,e58fce112c6e,complete,codex:rollout-2026-06-02T11-20-36-019e8990-ece7-70d0-b469-b8d10527ef86:403,codex:rollout-2026-06-02T11-20-36-019e8990-ece7-70d0-b469-b8d10527ef86:404,3591,3592,1,0,1,0,0,0,0,0
agentsight,e58fce112c6e,complete,codex:rollout-2026-06-02T11-20-36-019e8990-ece7-70d0-b469-b8d10527ef86:404,codex:rollout-2026-06-02T11-20-36-019e8990-ece7-70d0-b469-b8d10527ef86:408,3592,3596,4,13931,1,0,0,0,0,0
agentsight,e58fce112c6e,complete,codex:rollout-2026-06-02T11-20-36-019e8990-ece7-70d0-b469-b8d10527ef86:408,codex:rollout-2026-06-02T15-03-06-019e8a5c-9f7a-74c1-933b-5cd21c1646ad:189,3596,3673,77,623490,2,0,0,1,0,0
agentsight,e58fce112c6e,complete,codex:rollout-2026-06-02T15-03-06-019e8a5c-9f7a-74c1-933b-5cd21c1646ad:189,codex:rollout-2026-06-02T15-03-06-019e8a5c-9f7a-74c1-933b-5cd21c1646ad:190,3673,3674,1,7096,1,0,0,0,0,0
agentsight,e58fce112c6e,complete,codex:rollout-2026-06-02T15-03-06-019e8a5c-9f7a-74c1-933b-5cd21c1646ad:190,codex:rollout-2026-06-02T15-03-06-019e8a5c-9f7a-74c1-933b-5cd21c1646ad:191,3674,3675,1,8063,1,0,0,0,0,0
agentsight,e58fce112c6e,complete,codex:rollout-2026-06-02T15-03-06-019e8a5c-9f7a-74c1-933b-5cd21c1646ad:191,codex:rollout-2026-06-02T15-03-06-019e8a5c-9f7a-74c1-933b-5cd21c1646ad:203,3675,3687,12,88849,1,0,0,0,0,0
agentsight,e58fce112c6e,complete,codex:rollout-2026-06-02T15-03-06-019e8a5c-9f7a-74c1-933b-5cd21c1646ad:203,codex:rollout-2026-06-02T15-03-06-019e8a5c-9f7a-74c1-933b-5cd21c1646ad:204,3687,3688,1,0,1,0,0,0,0,0
agentsight,e58fce112c6e,complete,codex:rollout-2026-06-02T15-03-06-019e8a5c-9f7a-74c1-933b-5cd21c1646ad:204,codex:rollout-2026-06-02T15-03-06-019e8a5c-9f7a-74c1-933b-5cd21c1646ad:205,3688,3689,1,8713,1,0,0,0,0,0
agentsight,e58fce112c6e,complete,codex:rollout-2026-06-02T15-03-06-019e8a5c-9f7a-74c1-933b-5cd21c1646ad:205,codex:rollout-2026-06-02T15-03-06-019e8a5c-9f7a-74c1-933b-5cd21c1646ad:207,3689,3691,2,10878,1,0,0,0,0,0
agentsight,e58fce112c6e,complete,codex:rollout-2026-06-02T15-03-06-019e8a5c-9f7a-74c1-933b-5cd21c1646ad:207,codex:rollout-2026-06-02T15-03-06-019e8a5c-9f7a-74c1-933b-5cd21c1646ad:227,3691,3711,20,91600,1,0,0,0,0,0
agentsight,e58fce112c6e,complete,codex:rollout-2026-06-02T15-03-06-019e8a5c-9f7a-74c1-933b-5cd21c1646ad:227,codex:rollout-2026-06-02T15-03-06-019e8a5c-9f7a-74c1-933b-5cd21c1646ad:228,3711,3712,1,0,1,0,0,0,0,0
agentsight,e58fce112c6e,complete,codex:rollout-2026-06-02T15-03-06-019e8a5c-9f7a-74c1-933b-5cd21c1646ad:228,codex:rollout-2026-06-02T15-03-06-019e8a5c-9f7a-74c1-933b-5cd21c1646ad:229,3712,3713,1,10352,1,0,0,0,0,0
agentsight,e58fce112c6e,complete,codex:rollout-2026-06-02T15-03-06-019e8a5c-9f7a-74c1-933b-5cd21c1646ad:229,codex:rollout-2026-06-02T15-03-06-019e8a5c-9f7a-74c1-933b-5cd21c1646ad:230,3713,3714,1,2,1,0,0,0,0,0
agentsight,e58fce112c6e,complete,codex:rollout-2026-06-02T15-03-06-019e8a5c-9f7a-74c1-933b-5cd21c1646ad:230,codex:rollout-2026-06-02T15-03-06-019e8a5c-9f7a-74c1-933b-5cd21c1646ad:296,3714,3855,141,1421527,2,0,0,1,0,0
agentsight,e58fce112c6e,complete,codex:rollout-2026-06-02T15-03-06-019e8a5c-9f7a-74c1-933b-5cd21c1646ad:296,codex:rollout-2026-06-02T15-03-06-019e8a5c-9f7a-74c1-933b-5cd21c1646ad:326,3855,3903,48,160341,2,0,0,5,0,0
agentsight,e58fce112c6e,complete,codex:rollout-2026-06-02T15-03-06-019e8a5c-9f7a-74c1-933b-5cd21c1646ad:326,codex:rollout-2026-06-02T15-03-06-019e8a5c-9f7a-74c1-933b-5cd21c1646ad:331,3903,3915,12,54619,2,0,0,1,0,0
agentsight,e58fce112c6e,complete,codex:rollout-2026-06-02T15-03-06-019e8a5c-9f7a-74c1-933b-5cd21c1646ad:331,codex:rollout-2026-06-02T15-03-06-019e8a5c-9f7a-74c1-933b-5cd21c1646ad:350,3915,3937,22,123691,2,0,0,4,0,0
agentsight,e58fce112c6e,complete,codex:rollout-2026-06-02T15-03-06-019e8a5c-9f7a-74c1-933b-5cd21c1646ad:350,codex:rollout-2026-06-02T15-03-06-019e8a5c-9f7a-74c1-933b-5cd21c1646ad:354,3937,3955,18,29564,2,0,0,1,0,0
agentsight,e58fce112c6e,complete,codex:rollout-2026-06-02T15-03-06-019e8a5c-9f7a-74c1-933b-5cd21c1646ad:354,codex:rollout-2026-06-02T15-03-06-019e8a5c-9f7a-74c1-933b-5cd21c1646ad:355,3955,3959,4,9714,2,0,0,0,0,0
agentsight,e58fce112c6e,complete,codex:rollout-2026-06-02T15-03-06-019e8a5c-9f7a-74c1-933b-5cd21c1646ad:355,codex:rollout-2026-06-02T15-03-06-019e8a5c-9f7a-74c1-933b-5cd21c1646ad:358,3959,3966,7,35028,2,0,0,0,0,0
agentsight,e58fce112c6e,complete,codex:rollout-2026-06-02T15-03-06-019e8a5c-9f7a-74c1-933b-5cd21c1646ad:358,codex:rollout-2026-06-02T15-03-06-019e8a5c-9f7a-74c1-933b-5cd21c1646ad:360,3966,3972,6,11747,2,0,0,0,0,0
agentsight,e58fce112c6e,complete,codex:rollout-2026-06-02T15-03-06-019e8a5c-9f7a-74c1-933b-5cd21c1646ad:360,codex:rollout-2026-06-02T15-03-06-019e8a5c-9f7a-74c1-933b-5cd21c1646ad:362,3972,3974,2,33,1,0,0,1,0,0
agentsight,e58fce112c6e,complete,codex:rollout-2026-06-02T15-03-06-019e8a5c-9f7a-74c1-933b-5cd21c1646ad:362,codex:rollout-2026-06-02T15-03-06-019e8a5c-9f7a-74c1-933b-5cd21c1646ad:365,3974,3982,8,29358,2,0,0,1,0,0
agentsight,e58fce112c6e,complete,codex:rollout-2026-06-02T15-03-06-019e8a5c-9f7a-74c1-933b-5cd21c1646ad:365,codex:rollout-2026-06-02T15-03-06-019e8a5c-9f7a-74c1-933b-5cd21c1646ad:366,3982,3983,1,10180,1,0,0,0,0,0
agentsight,e58fce112c6e,complete,codex:rollout-2026-06-02T15-03-06-019e8a5c-9f7a-74c1-933b-5cd21c1646ad:366,codex:rollout-2026-06-02T16-25-21-019e8aa7-edc0-7671-9a7e-d3c47990d3c5:136,3983,3997,14,33520,2,0,0,0,0,0
agentsight,e58fce112c6e,complete,codex:rollout-2026-06-02T16-25-21-019e8aa7-edc0-7671-9a7e-d3c47990d3c5:136,codex:rollout-2026-06-02T15-03-06-019e8a5c-9f7a-74c1-933b-5cd21c1646ad:378,3997,3999,2,8209,1,0,0,0,0,0
agentsight,e58fce112c6e,complete,codex:rollout-2026-06-02T15-03-06-019e8a5c-9f7a-74c1-933b-5cd21c1646ad:378,codex:rollout-2026-06-02T16-25-21-019e8aa7-edc0-7671-9a7e-d3c47990d3c5:139,3999,4002,3,4959,1,0,0,0,0,0
agentsight,e58fce112c6e,complete,codex:rollout-2026-06-02T16-25-21-019e8aa7-edc0-7671-9a7e-d3c47990d3c5:139,codex:rollout-2026-06-02T15-03-06-019e8a5c-9f7a-74c1-933b-5cd21c1646ad:379,4002,4003,1,2430,1,0,0,0,0,0
agentsight,e58fce112c6e,complete,codex:rollout-2026-06-02T15-03-06-019e8a5c-9f7a-74c1-933b-5cd21c1646ad:379,codex:rollout-2026-06-02T15-03-06-019e8a5c-9f7a-74c1-933b-5cd21c1646ad:382,4003,4016,13,35658,2,0,0,0,0,0
agentsight,e58fce112c6e,complete,codex:rollout-2026-06-02T15-03-06-019e8a5c-9f7a-74c1-933b-5cd21c1646ad:382,codex:rollout-2026-06-02T16-25-21-019e8aa7-edc0-7671-9a7e-d3c47990d3c5:161,4016,4041,25,101005,2,0,0,0,0,0
agentsight,e58fce112c6e,complete,codex:rollout-2026-06-02T16-25-21-019e8aa7-edc0-7671-9a7e-d3c47990d3c5:161,codex:rollout-2026-06-02T16-25-21-019e8aa7-edc0-7671-9a7e-d3c47990d3c5:162,4041,4042,1,0,1,0,0,0,0,0
agentsight,e58fce112c6e,complete,codex:rollout-2026-06-02T16-25-21-019e8aa7-edc0-7671-9a7e-d3c47990d3c5:162,codex:rollout-2026-06-02T16-25-21-019e8aa7-edc0-7671-9a7e-d3c47990d3c5:196,4042,4111,69,499230,2,0,0,0,0,0
agentsight,e58fce112c6e,complete,codex:rollout-2026-06-02T16-25-21-019e8aa7-edc0-7671-9a7e-d3c47990d3c5:196,codex:rollout-2026-06-02T16-25-21-019e8aa7-edc0-7671-9a7e-d3c47990d3c5:217,4111,4257,146,914541,2,0,0,0,0,0
agentsight,e58fce112c6e,complete,codex:rollout-2026-06-02T16-25-21-019e8aa7-edc0-7671-9a7e-d3c47990d3c5:217,codex:rollout-2026-06-02T16-25-21-019e8aa7-edc0-7671-9a7e-d3c47990d3c5:220,4257,4261,4,19432,2,0,0,0,0,0
agentsight,e58fce112c6e,complete,codex:rollout-2026-06-02T16-25-21-019e8aa7-edc0-7671-9a7e-d3c47990d3c5:220,codex:rollout-2026-06-02T16-25-21-019e8aa7-edc0-7671-9a7e-d3c47990d3c5:323,4261,4427,166,875968,2,4,4,0,0,0
agentsight,e58fce112c6e,complete,codex:rollout-2026-06-02T16-25-21-019e8aa7-edc0-7671-9a7e-d3c47990d3c5:323,codex:rollout-2026-06-02T16-25-21-019e8aa7-edc0-7671-9a7e-d3c47990d3c5:329,4427,4433,6,17690,1,0,0,0,0,0
agentsight,e58fce112c6e,complete,codex:rollout-2026-06-02T16-25-21-019e8aa7-edc0-7671-9a7e-d3c47990d3c5:329,codex:rollout-2026-06-02T16-25-21-019e8aa7-edc0-7671-9a7e-d3c47990d3c5:332,4433,4437,4,23024,2,0,0,0,0,0
agentsight,e58fce112c6e,complete,codex:rollout-2026-06-02T16-25-21-019e8aa7-edc0-7671-9a7e-d3c47990d3c5:332,codex:rollout-2026-06-02T16-25-21-019e8aa7-edc0-7671-9a7e-d3c47990d3c5:333,4437,4438,1,14493,1,0,0,0,0,0
agentsight,e58fce112c6e,complete,codex:rollout-2026-06-02T16-25-21-019e8aa7-edc0-7671-9a7e-d3c47990d3c5:333,codex:rollout-2026-06-02T16-25-21-019e8aa7-edc0-7671-9a7e-d3c47990d3c5:335,4438,4441,3,36829,2,0,0,0,0,0
agentsight,e58fce112c6e,complete,codex:rollout-2026-06-02T16-25-21-019e8aa7-edc0-7671-9a7e-d3c47990d3c5:335,codex:rollout-2026-06-02T16-25-21-019e8aa7-edc0-7671-9a7e-d3c47990d3c5:339,4441,4449,8,76811,2,0,0,0,0,0
agentsight,e58fce112c6e,complete,codex:rollout-2026-06-02T16-25-21-019e8aa7-edc0-7671-9a7e-d3c47990d3c5:339,codex:rollout-2026-06-02T16-25-21-019e8aa7-edc0-7671-9a7e-d3c47990d3c5:362,4449,4479,30,164187,2,3,3,0,0,0
agentsight,e58fce112c6e,complete,codex:rollout-2026-06-02T16-25-21-019e8aa7-edc0-7671-9a7e-d3c47990d3c5:362,codex:rollout-2026-06-02T16-25-21-019e8aa7-edc0-7671-9a7e-d3c47990d3c5:363,4479,4480,1,5090,1,0,0,0,0,0
agentsight,e58fce112c6e,complete,codex:rollout-2026-06-02T16-25-21-019e8aa7-edc0-7671-9a7e-d3c47990d3c5:363,codex:rollout-2026-06-02T16-25-21-019e8aa7-edc0-7671-9a7e-d3c47990d3c5:373,4480,4494,14,46240,2,3,3,0,0,0
agentsight,e58fce112c6e,complete,codex:rollout-2026-06-02T16-25-21-019e8aa7-edc0-7671-9a7e-d3c47990d3c5:373,codex:rollout-2026-06-02T16-25-21-019e8aa7-edc0-7671-9a7e-d3c47990d3c5:374,4494,4495,1,3784,1,0,0,0,0,0
agentsight,e58fce112c6e,complete,codex:rollout-2026-06-02T16-25-21-019e8aa7-edc0-7671-9a7e-d3c47990d3c5:374,codex:rollout-2026-06-02T16-25-21-019e8aa7-edc0-7671-9a7e-d3c47990d3c5:385,4495,4518,23,420029,2,3,3,0,0,0
agentsight,e58fce112c6e,complete,codex:rollout-2026-06-02T16-25-21-019e8aa7-edc0-7671-9a7e-d3c47990d3c5:385,codex:rollout-2026-06-02T16-25-21-019e8aa7-edc0-7671-9a7e-d3c47990d3c5:433,4518,4583,65,1118270,2,3,3,0,0,0
agentsight,e58fce112c6e,complete,codex:rollout-2026-06-02T16-25-21-019e8aa7-edc0-7671-9a7e-d3c47990d3c5:433,codex:rollout-2026-06-02T16-25-21-019e8aa7-edc0-7671-9a7e-d3c47990d3c5:434,4583,4584,1,0,1,0,0,0,0,0
agentsight,e58fce112c6e,complete,codex:rollout-2026-06-02T16-25-21-019e8aa7-edc0-7671-9a7e-d3c47990d3c5:434,codex:rollout-2026-06-02T16-25-21-019e8aa7-edc0-7671-9a7e-d3c47990d3c5:435,4584,4585,1,0,1,0,0,0,0,0
agentsight,e58fce112c6e,complete,codex:rollout-2026-06-02T16-25-21-019e8aa7-edc0-7671-9a7e-d3c47990d3c5:435,codex:rollout-2026-06-02T16-25-21-019e8aa7-edc0-7671-9a7e-d3c47990d3c5:436,4585,4586,1,38655,1,0,0,0,0,0
agentsight,e58fce112c6e,complete,codex:rollout-2026-06-02T16-25-21-019e8aa7-edc0-7671-9a7e-d3c47990d3c5:436,codex:rollout-2026-06-02T16-25-21-019e8aa7-edc0-7671-9a7e-d3c47990d3c5:437,4586,4587,1,0,1,0,0,0,0,0
agentsight,e58fce112c6e,complete,codex:rollout-2026-06-02T16-25-21-019e8aa7-edc0-7671-9a7e-d3c47990d3c5:437,codex:rollout-2026-06-02T16-25-21-019e8aa7-edc0-7671-9a7e-d3c47990d3c5:461,4587,4616,29,187068,2,3,3,0,0,0
agentsight,e58fce112c6e,complete,codex:rollout-2026-06-02T16-25-21-019e8aa7-edc0-7671-9a7e-d3c47990d3c5:461,codex:rollout-2026-06-02T16-25-21-019e8aa7-edc0-7671-9a7e-d3c47990d3c5:463,4616,4618,2,9343,1,0,0,1,0,0
agentsight,e58fce112c6e,complete,codex:rollout-2026-06-02T16-25-21-019e8aa7-edc0-7671-9a7e-d3c47990d3c5:463,codex:rollout-2026-06-02T16-25-21-019e8aa7-edc0-7671-9a7e-d3c47990d3c5:464,4618,4619,1,0,1,0,0,0,0,0
agentsight,e58fce112c6e,complete,codex:rollout-2026-06-02T16-25-21-019e8aa7-edc0-7671-9a7e-d3c47990d3c5:464,codex:rollout-2026-06-02T16-25-21-019e8aa7-edc0-7671-9a7e-d3c47990d3c5:466,4619,4621,2,17621,1,0,0,0,0,0
agentsight,e58fce112c6e,complete,codex:rollout-2026-06-02T16-25-21-019e8aa7-edc0-7671-9a7e-d3c47990d3c5:466,codex:rollout-2026-06-02T16-25-21-019e8aa7-edc0-7671-9a7e-d3c47990d3c5:467,4621,4622,1,3,1,0,0,0,0,0
agentsight,e58fce112c6e,complete,codex:rollout-2026-06-02T16-25-21-019e8aa7-edc0-7671-9a7e-d3c47990d3c5:467,codex:rollout-2026-06-02T16-25-21-019e8aa7-edc0-7671-9a7e-d3c47990d3c5:520,4622,4687,65,8788362,2,3,3,1,1,0
agentsight,e58fce112c6e,complete,codex:rollout-2026-06-02T16-25-21-019e8aa7-edc0-7671-9a7e-d3c47990d3c5:520,codex:rollout-2026-06-02T16-25-21-019e8aa7-edc0-7671-9a7e-d3c47990d3c5:521,4687,4688,1,10,1,0,0,0,0,0
agentsight,e58fce112c6e,complete,codex:rollout-2026-06-02T16-25-21-019e8aa7-edc0-7671-9a7e-d3c47990d3c5:521,codex:rollout-2026-06-02T16-25-21-019e8aa7-edc0-7671-9a7e-d3c47990d3c5:522,4688,4689,1,1,1,0,0,0,0,0
agentsight,e58fce112c6e,complete,codex:rollout-2026-06-02T16-25-21-019e8aa7-edc0-7671-9a7e-d3c47990d3c5:522,codex:rollout-2026-06-02T16-25-21-019e8aa7-edc0-7671-9a7e-d3c47990d3c5:539,4689,4712,23,143370,2,0,0,0,0,0
agentsight,e58fce112c6e,complete,codex:rollout-2026-06-02T16-25-21-019e8aa7-edc0-7671-9a7e-d3c47990d3c5:539,codex:rollout-2026-06-02T15-03-06-019e8a5c-9f7a-74c1-933b-5cd21c1646ad:722,4712,4759,47,314632,3,0,0,0,0,0
agentsight,e58fce112c6e,complete,codex:rollout-2026-06-02T15-03-06-019e8a5c-9f7a-74c1-933b-5cd21c1646ad:722,codex:rollout-2026-06-02T15-03-06-019e8a5c-9f7a-74c1-933b-5cd21c1646ad:736,4759,4809,50,99366,2,0,0,0,0,0
agentsight,e58fce112c6e,complete,codex:rollout-2026-06-02T15-03-06-019e8a5c-9f7a-74c1-933b-5cd21c1646ad:736,codex:rollout-2026-06-02T15-03-06-019e8a5c-9f7a-74c1-933b-5cd21c1646ad:752,4809,4857,48,155259,2,0,0,0,0,0
agentsight,e58fce112c6e,complete,codex:rollout-2026-06-02T15-03-06-019e8a5c-9f7a-74c1-933b-5cd21c1646ad:752,codex:rollout-2026-06-02T15-03-06-019e8a5c-9f7a-74c1-933b-5cd21c1646ad:757,4857,4863,6,48520,2,0,0,0,0,0
agentsight,e58fce112c6e,complete,codex:rollout-2026-06-02T15-03-06-019e8a5c-9f7a-74c1-933b-5cd21c1646ad:757,codex:rollout-2026-06-02T15-03-06-019e8a5c-9f7a-74c1-933b-5cd21c1646ad:758,4863,4864,1,8,1,0,0,0,0,0
agentsight,e58fce112c6e,complete,codex:rollout-2026-06-02T15-03-06-019e8a5c-9f7a-74c1-933b-5cd21c1646ad:758,codex:rollout-2026-06-02T15-03-06-019e8a5c-9f7a-74c1-933b-5cd21c1646ad:763,4864,4876,12,44786,2,0,0,3,0,0
agentsight,e58fce112c6e,complete,codex:rollout-2026-06-02T15-03-06-019e8a5c-9f7a-74c1-933b-5cd21c1646ad:763,codex:rollout-2026-06-02T16-25-21-019e8aa7-edc0-7671-9a7e-d3c47990d3c5:637,4876,4878,2,15521,1,0,0,0,0,0
agentsight,e58fce112c6e,complete,codex:rollout-2026-06-02T16-25-21-019e8aa7-edc0-7671-9a7e-d3c47990d3c5:637,codex:rollout-2026-06-02T15-03-06-019e8a5c-9f7a-74c1-933b-5cd21c1646ad:767,4878,4884,6,39371,2,0,0,0,0,0
agentsight,e58fce112c6e,complete,codex:rollout-2026-06-02T15-03-06-019e8a5c-9f7a-74c1-933b-5cd21c1646ad:767,codex:rollout-2026-06-02T16-25-21-019e8aa7-edc0-7671-9a7e-d3c47990d3c5:674,4884,4931,47,315027,2,1,1,0,0,0
agentsight,e58fce112c6e,complete,codex:rollout-2026-06-02T16-25-21-019e8aa7-edc0-7671-9a7e-d3c47990d3c5:674,codex:rollout-2026-06-02T16-25-21-019e8aa7-edc0-7671-9a7e-d3c47990d3c5:676,4931,4933,2,92051,1,0,0,0,0,0
agentsight,e58fce112c6e,complete,codex:rollout-2026-06-02T16-25-21-019e8aa7-edc0-7671-9a7e-d3c47990d3c5:676,codex:rollout-2026-06-02T16-25-21-019e8aa7-edc0-7671-9a7e-d3c47990d3c5:729,4933,5000,67,267222,2,0,0,1,0,0
agentsight,e58fce112c6e,complete,codex:rollout-2026-06-02T16-25-21-019e8aa7-edc0-7671-9a7e-d3c47990d3c5:729,codex:rollout-2026-06-02T16-25-21-019e8aa7-edc0-7671-9a7e-d3c47990d3c5:736,5000,5016,16,59170,2,0,0,2,0,0
agentsight,e58fce112c6e,complete,codex:rollout-2026-06-02T16-25-21-019e8aa7-edc0-7671-9a7e-d3c47990d3c5:736,codex:rollout-2026-06-02T16-25-21-019e8aa7-edc0-7671-9a7e-d3c47990d3c5:783,5016,5073,57,279566,2,1,1,0,0,0
agentsight,e58fce112c6e,complete,codex:rollout-2026-06-02T16-25-21-019e8aa7-edc0-7671-9a7e-d3c47990d3c5:783,codex:rollout-2026-06-02T16-25-21-019e8aa7-edc0-7671-9a7e-d3c47990d3c5:815,5073,5114,41,402079,2,0,0,0,1,0
agentsight,e58fce112c6e,complete,codex:rollout-2026-06-02T16-25-21-019e8aa7-edc0-7671-9a7e-d3c47990d3c5:815,codex:rollout-2026-06-02T16-25-21-019e8aa7-edc0-7671-9a7e-d3c47990d3c5:816,5114,5115,1,10,1,0,0,0,0,0
agentsight,e58fce112c6e,complete,codex:rollout-2026-06-02T16-25-21-019e8aa7-edc0-7671-9a7e-d3c47990d3c5:816,codex:rollout-2026-06-02T16-25-21-019e8aa7-edc0-7671-9a7e-d3c47990d3c5:855,5115,5248,133,6310659,2,9,8,1,0,0
agentsight,e58fce112c6e,complete,codex:rollout-2026-06-02T16-25-21-019e8aa7-edc0-7671-9a7e-d3c47990d3c5:855,codex:rollout-2026-06-02T16-25-21-019e8aa7-edc0-7671-9a7e-d3c47990d3c5:857,5248,5250,2,22694,1,0,0,0,0,0
agentsight,e58fce112c6e,complete,codex:rollout-2026-06-02T16-25-21-019e8aa7-edc0-7671-9a7e-d3c47990d3c5:857,codex:rollout-2026-06-02T16-25-21-019e8aa7-edc0-7671-9a7e-d3c47990d3c5:868,5250,5261,11,94473,1,0,0,0,0,0
agentsight,e58fce112c6e,complete,codex:rollout-2026-06-02T16-25-21-019e8aa7-edc0-7671-9a7e-d3c47990d3c5:868,codex:rollout-2026-06-02T16-25-21-019e8aa7-edc0-7671-9a7e-d3c47990d3c5:869,5261,5262,1,0,1,0,0,0,0,0
agentsight,e58fce112c6e,complete,codex:rollout-2026-06-02T16-25-21-019e8aa7-edc0-7671-9a7e-d3c47990d3c5:869,codex:rollout-2026-06-02T16-25-21-019e8aa7-edc0-7671-9a7e-d3c47990d3c5:1084,5262,5481,219,2246929,2,0,0,0,0,0
agentsight,e58fce112c6e,complete,codex:rollout-2026-06-02T16-25-21-019e8aa7-edc0-7671-9a7e-d3c47990d3c5:1084,codex:rollout-2026-06-02T16-25-21-019e8aa7-edc0-7671-9a7e-d3c47990d3c5:1089,5481,5486,5,28392,1,0,0,1,0,0
agentsight,e58fce112c6e,complete,codex:rollout-2026-06-02T16-25-21-019e8aa7-edc0-7671-9a7e-d3c47990d3c5:1089,codex:rollout-2026-06-02T16-25-21-019e8aa7-edc0-7671-9a7e-d3c47990d3c5:1107,5486,5504,18,145518,1,0,0,0,0,0
agentsight,e58fce112c6e,complete,codex:rollout-2026-06-02T16-25-21-019e8aa7-edc0-7671-9a7e-d3c47990d3c5:1107,codex:rollout-2026-06-02T16-25-21-019e8aa7-edc0-7671-9a7e-d3c47990d3c5:1108,5504,5505,1,23777,1,0,0,0,0,0
agentsight,e58fce112c6e,complete,codex:rollout-2026-06-02T16-25-21-019e8aa7-edc0-7671-9a7e-d3c47990d3c5:1108,codex:rollout-2026-06-02T16-25-21-019e8aa7-edc0-7671-9a7e-d3c47990d3c5:1117,5505,5514,9,65405,1,0,0,1,0,0
agentsight,e58fce112c6e,complete,codex:rollout-2026-06-02T16-25-21-019e8aa7-edc0-7671-9a7e-d3c47990d3c5:1117,codex:rollout-2026-06-02T16-25-21-019e8aa7-edc0-7671-9a7e-d3c47990d3c5:1119,5514,5516,2,19499,1,0,0,0,0,0
agentsight,e58fce112c6e,complete,codex:rollout-2026-06-02T16-25-21-019e8aa7-edc0-7671-9a7e-d3c47990d3c5:1119,codex:rollout-2026-06-02T16-25-21-019e8aa7-edc0-7671-9a7e-d3c47990d3c5:1155,5516,5552,36,298026,1,0,0,1,0,0
agentsight,e58fce112c6e,complete,codex:rollout-2026-06-02T16-25-21-019e8aa7-edc0-7671-9a7e-d3c47990d3c5:1155,codex:rollout-2026-06-02T16-25-21-019e8aa7-edc0-7671-9a7e-d3c47990d3c5:1156,5552,5553,1,2,1,0,0,0,0,0
agentsight,e58fce112c6e,complete,codex:rollout-2026-06-02T16-25-21-019e8aa7-edc0-7671-9a7e-d3c47990d3c5:1156,codex:rollout-2026-06-02T16-25-21-019e8aa7-edc0-7671-9a7e-d3c47990d3c5:1168,5553,5565,12,116237,1,0,0,1,0,0
agentsight,e58fce112c6e,complete,codex:rollout-2026-06-02T16-25-21-019e8aa7-edc0-7671-9a7e-d3c47990d3c5:1168,codex:rollout-2026-06-02T16-25-21-019e8aa7-edc0-7671-9a7e-d3c47990d3c5:1175,5565,5572,7,76028,1,0,0,0,0,0
agentsight,e58fce112c6e,complete,codex:rollout-2026-06-02T16-25-21-019e8aa7-edc0-7671-9a7e-d3c47990d3c5:1175,codex:rollout-2026-06-02T16-25-21-019e8aa7-edc0-7671-9a7e-d3c47990d3c5:1208,5572,5613,41,715637,2,0,0,0,0,0
agentsight,e58fce112c6e,complete,codex:rollout-2026-06-02T16-25-21-019e8aa7-edc0-7671-9a7e-d3c47990d3c5:1208,codex:rollout-2026-06-02T16-25-21-019e8aa7-edc0-7671-9a7e-d3c47990d3c5:1331,5613,5736,123,1130741,1,0,0,1,0,0
agentsight,e58fce112c6e,complete,codex:rollout-2026-06-02T16-25-21-019e8aa7-edc0-7671-9a7e-d3c47990d3c5:1331,codex:rollout-2026-06-02T16-25-21-019e8aa7-edc0-7671-9a7e-d3c47990d3c5:1336,5736,5741,5,47014,1,0,0,1,0,0
agentsight,e58fce112c6e,complete,codex:rollout-2026-06-02T16-25-21-019e8aa7-edc0-7671-9a7e-d3c47990d3c5:1336,codex:rollout-2026-06-02T16-25-21-019e8aa7-edc0-7671-9a7e-d3c47990d3c5:1341,5741,5746,5,45485,1,0,0,0,0,0
agentsight,e58fce112c6e,complete,codex:rollout-2026-06-02T16-25-21-019e8aa7-edc0-7671-9a7e-d3c47990d3c5:1341,codex:rollout-2026-06-02T16-25-21-019e8aa7-edc0-7671-9a7e-d3c47990d3c5:1344,5746,5749,3,35486,1,0,0,0,0,0
agentsight,e58fce112c6e,complete,codex:rollout-2026-06-02T16-25-21-019e8aa7-edc0-7671-9a7e-d3c47990d3c5:1344,codex:rollout-2026-06-02T16-25-21-019e8aa7-edc0-7671-9a7e-d3c47990d3c5:1463,5749,5868,119,1342694,1,0,0,0,0,0
agentsight,e58fce112c6e,complete,codex:rollout-2026-06-02T16-25-21-019e8aa7-edc0-7671-9a7e-d3c47990d3c5:1463,codex:rollout-2026-06-02T16-25-21-019e8aa7-edc0-7671-9a7e-d3c47990d3c5:1464,5868,5869,1,15091,1,0,0,0,0,0
agentsight,e58fce112c6e,complete,codex:rollout-2026-06-02T16-25-21-019e8aa7-edc0-7671-9a7e-d3c47990d3c5:1464,codex:rollout-2026-06-02T16-25-21-019e8aa7-edc0-7671-9a7e-d3c47990d3c5:1465,5869,5870,1,22043,1,0,0,0,0,0
agentsight,e58fce112c6e,complete,codex:rollout-2026-06-02T16-25-21-019e8aa7-edc0-7671-9a7e-d3c47990d3c5:1465,codex:rollout-2026-06-02T16-25-21-019e8aa7-edc0-7671-9a7e-d3c47990d3c5:1488,5870,5893,23,219805,1,4,4,0,0,0
agentsight,e58fce112c6e,complete,codex:rollout-2026-06-02T16-25-21-019e8aa7-edc0-7671-9a7e-d3c47990d3c5:1488,codex:rollout-2026-06-02T16-25-21-019e8aa7-edc0-7671-9a7e-d3c47990d3c5:1564,5893,5969,76,586763,1,0,0,1,0,0
agentsight,e58fce112c6e,complete,codex:rollout-2026-06-02T16-25-21-019e8aa7-edc0-7671-9a7e-d3c47990d3c5:1564,codex:rollout-2026-06-02T16-25-21-019e8aa7-edc0-7671-9a7e-d3c47990d3c5:1565,5969,5970,1,0,1,0,0,0,0,0
agentsight,e58fce112c6e,complete,codex:rollout-2026-06-02T16-25-21-019e8aa7-edc0-7671-9a7e-d3c47990d3c5:1565,codex:rollout-2026-06-02T16-25-21-019e8aa7-edc0-7671-9a7e-d3c47990d3c5:1566,5970,5971,1,9264,1,0,0,0,0,0
agentsight,e58fce112c6e,complete,codex:rollout-2026-06-02T16-25-21-019e8aa7-edc0-7671-9a7e-d3c47990d3c5:1566,codex:rollout-2026-06-02T16-25-21-019e8aa7-edc0-7671-9a7e-d3c47990d3c5:1583,5971,5988,17,133508,1,4,4,0,0,0
agentsight,e58fce112c6e,complete,codex:rollout-2026-06-02T16-25-21-019e8aa7-edc0-7671-9a7e-d3c47990d3c5:1583,codex:rollout-2026-06-02T16-25-21-019e8aa7-edc0-7671-9a7e-d3c47990d3c5:1598,5988,6003,15,219330,1,0,0,0,0,0
agentsight,e58fce112c6e,complete,codex:rollout-2026-06-02T16-25-21-019e8aa7-edc0-7671-9a7e-d3c47990d3c5:1598,codex:rollout-2026-06-02T16-25-21-019e8aa7-edc0-7671-9a7e-d3c47990d3c5:1599,6003,6004,1,13356,1,0,0,0,0,0
agentsight,e58fce112c6e,complete,codex:rollout-2026-06-02T16-25-21-019e8aa7-edc0-7671-9a7e-d3c47990d3c5:1599,codex:rollout-2026-06-02T16-25-21-019e8aa7-edc0-7671-9a7e-d3c47990d3c5:1627,6004,6032,28,360678,1,0,0,0,0,0
agentsight,e58fce112c6e,complete,codex:rollout-2026-06-02T16-25-21-019e8aa7-edc0-7671-9a7e-d3c47990d3c5:1627,codex:rollout-2026-06-02T16-25-21-019e8aa7-edc0-7671-9a7e-d3c47990d3c5:1649,6032,6057,25,275592,4,4,4,0,0,0
agentsight,e58fce112c6e,complete,codex:rollout-2026-06-02T16-25-21-019e8aa7-edc0-7671-9a7e-d3c47990d3c5:1649,codex:rollout-2026-06-02T16-25-21-019e8aa7-edc0-7671-9a7e-d3c47990d3c5:1650,6057,6058,1,10147,1,0,0,0,0,0
agentsight,e58fce112c6e,complete,codex:rollout-2026-06-02T16-25-21-019e8aa7-edc0-7671-9a7e-d3c47990d3c5:1650,codex:rollout-2026-06-02T16-25-21-019e8aa7-edc0-7671-9a7e-d3c47990d3c5:1672,6058,6081,23,234655,2,4,4,0,0,0
agentsight,e58fce112c6e,complete,codex:rollout-2026-06-02T16-25-21-019e8aa7-edc0-7671-9a7e-d3c47990d3c5:1672,codex:rollout-2026-06-02T16-25-21-019e8aa7-edc0-7671-9a7e-d3c47990d3c5:1673,6081,6082,1,8641,1,0,0,0,0,0
agentsight,e58fce112c6e,complete,codex:rollout-2026-06-02T16-25-21-019e8aa7-edc0-7671-9a7e-d3c47990d3c5:1673,codex:rollout-2026-06-02T16-25-21-019e8aa7-edc0-7671-9a7e-d3c47990d3c5:1677,6082,6086,4,109869,1,0,0,0,0,0
agentsight,e58fce112c6e,complete,codex:rollout-2026-06-02T16-25-21-019e8aa7-edc0-7671-9a7e-d3c47990d3c5:1677,codex:rollout-2026-06-02T16-25-21-019e8aa7-edc0-7671-9a7e-d3c47990d3c5:1717,6086,6126,40,307889,1,0,0,0,0,0
agentsight,e58fce112c6e,complete,codex:rollout-2026-06-02T16-25-21-019e8aa7-edc0-7671-9a7e-d3c47990d3c5:1717,codex:rollout-2026-06-02T16-25-21-019e8aa7-edc0-7671-9a7e-d3c47990d3c5:1725,6126,6134,8,48020,1,0,0,0,0,0
agentsight,e58fce112c6e,complete,codex:rollout-2026-06-02T16-25-21-019e8aa7-edc0-7671-9a7e-d3c47990d3c5:1725,codex:rollout-2026-06-02T16-25-21-019e8aa7-edc0-7671-9a7e-d3c47990d3c5:1735,6134,6144,10,78301,1,0,0,0,0,0
agentsight,e58fce112c6e,complete,codex:rollout-2026-06-02T16-25-21-019e8aa7-edc0-7671-9a7e-d3c47990d3c5:1735,codex:rollout-2026-06-02T16-25-21-019e8aa7-edc0-7671-9a7e-d3c47990d3c5:1766,6144,6175,31,179718,1,0,0,0,0,0
agentsight,e58fce112c6e,complete,codex:rollout-2026-06-02T16-25-21-019e8aa7-edc0-7671-9a7e-d3c47990d3c5:1766,codex:rollout-2026-06-02T16-25-21-019e8aa7-edc0-7671-9a7e-d3c47990d3c5:1767,6175,6176,1,8524,1,0,0,0,0,0
agentsight,e58fce112c6e,complete,codex:rollout-2026-06-02T16-25-21-019e8aa7-edc0-7671-9a7e-d3c47990d3c5:1767,codex:rollout-2026-06-02T16-25-21-019e8aa7-edc0-7671-9a7e-d3c47990d3c5:1788,6176,6197,21,208642,1,0,0,0,0,0
agentsight,e58fce112c6e,complete,codex:rollout-2026-06-02T16-25-21-019e8aa7-edc0-7671-9a7e-d3c47990d3c5:1788,codex:rollout-2026-06-02T16-25-21-019e8aa7-edc0-7671-9a7e-d3c47990d3c5:1789,6197,6198,1,9755,1,0,0,0,0,0
agentsight,e58fce112c6e,complete,codex:rollout-2026-06-02T16-25-21-019e8aa7-edc0-7671-9a7e-d3c47990d3c5:1789,codex:rollout-2026-06-02T16-25-21-019e8aa7-edc0-7671-9a7e-d3c47990d3c5:1907,6198,6484,286,28158377,15,0,0,0,0,0
agentsight,e58fce112c6e,complete,codex:rollout-2026-06-02T16-25-21-019e8aa7-edc0-7671-9a7e-d3c47990d3c5:1907,codex:rollout-2026-06-02T16-25-21-019e8aa7-edc0-7671-9a7e-d3c47990d3c5:1911,6484,6488,4,22737,1,0,0,0,0,0
agentsight,e58fce112c6e,complete,codex:rollout-2026-06-02T16-25-21-019e8aa7-edc0-7671-9a7e-d3c47990d3c5:1911,codex:rollout-2026-06-02T16-25-21-019e8aa7-edc0-7671-9a7e-d3c47990d3c5:1913,6488,6490,2,24855,1,0,0,0,0,0
agentsight,e58fce112c6e,complete,codex:rollout-2026-06-02T16-25-21-019e8aa7-edc0-7671-9a7e-d3c47990d3c5:1913,codex:rollout-2026-06-02T16-25-21-019e8aa7-edc0-7671-9a7e-d3c47990d3c5:1914,6490,6491,1,47,1,0,0,0,0,0
agentsight,e58fce112c6e,complete,codex:rollout-2026-06-02T16-25-21-019e8aa7-edc0-7671-9a7e-d3c47990d3c5:1914,codex:rollout-2026-06-02T16-25-21-019e8aa7-edc0-7671-9a7e-d3c47990d3c5:1930,6491,6507,16,165274,1,0,0,0,0,0
agentsight,e58fce112c6e,complete,codex:rollout-2026-06-02T16-25-21-019e8aa7-edc0-7671-9a7e-d3c47990d3c5:1930,codex:rollout-2026-06-02T16-25-21-019e8aa7-edc0-7671-9a7e-d3c47990d3c5:1931,6507,6508,1,5776,1,0,0,0,0,0
agentsight,e58fce112c6e,complete,codex:rollout-2026-06-02T16-25-21-019e8aa7-edc0-7671-9a7e-d3c47990d3c5:1931,codex:rollout-2026-06-02T16-25-21-019e8aa7-edc0-7671-9a7e-d3c47990d3c5:1967,6508,6545,37,549187,2,0,0,0,0,0
agentsight,e58fce112c6e,complete,codex:rollout-2026-06-02T16-25-21-019e8aa7-edc0-7671-9a7e-d3c47990d3c5:1967,codex:rollout-2026-06-02T16-25-21-019e8aa7-edc0-7671-9a7e-d3c47990d3c5:1968,6545,6546,1,10861,1,0,0,0,0,0
agentsight,e58fce112c6e,complete,codex:rollout-2026-06-02T16-25-21-019e8aa7-edc0-7671-9a7e-d3c47990d3c5:1968,codex:rollout-2026-06-02T16-25-21-019e8aa7-edc0-7671-9a7e-d3c47990d3c5:2058,6546,6636,90,1581007,1,0,0,3,0,0
agentsight,e58fce112c6e,complete,codex:rollout-2026-06-02T16-25-21-019e8aa7-edc0-7671-9a7e-d3c47990d3c5:2058,codex:rollout-2026-06-02T16-25-21-019e8aa7-edc0-7671-9a7e-d3c47990d3c5:2093,6636,6671,35,254423,1,0,0,0,0,0
agentsight,e58fce112c6e,complete,codex:rollout-2026-06-02T16-25-21-019e8aa7-edc0-7671-9a7e-d3c47990d3c5:2093,codex:rollout-2026-06-02T16-25-21-019e8aa7-edc0-7671-9a7e-d3c47990d3c5:2107,6671,6685,14,62260,1,0,0,0,0,0
agentsight,e58fce112c6e,complete,codex:rollout-2026-06-02T16-25-21-019e8aa7-edc0-7671-9a7e-d3c47990d3c5:2107,codex:rollout-2026-06-02T16-25-21-019e8aa7-edc0-7671-9a7e-d3c47990d3c5:2119,6685,6697,12,64629,1,0,0,0,0,0
agentsight,e58fce112c6e,complete,codex:rollout-2026-06-02T16-25-21-019e8aa7-edc0-7671-9a7e-d3c47990d3c5:2119,codex:rollout-2026-06-02T16-25-21-019e8aa7-edc0-7671-9a7e-d3c47990d3c5:2158,6697,6736,39,392717,1,0,0,0,0,0
agentsight,e58fce112c6e,complete,codex:rollout-2026-06-02T16-25-21-019e8aa7-edc0-7671-9a7e-d3c47990d3c5:2158,codex:rollout-2026-06-02T16-25-21-019e8aa7-edc0-7671-9a7e-d3c47990d3c5:2219,6736,6889,153,713961,7,0,0,0,0,0
agentsight,e58fce112c6e,complete,codex:rollout-2026-06-02T16-25-21-019e8aa7-edc0-7671-9a7e-d3c47990d3c5:2219,codex:rollout-2026-06-02T16-25-21-019e8aa7-edc0-7671-9a7e-d3c47990d3c5:2232,6889,6937,48,846927,3,0,0,0,0,0
agentsight,e58fce112c6e,complete,codex:rollout-2026-06-02T16-25-21-019e8aa7-edc0-7671-9a7e-d3c47990d3c5:2232,codex:rollout-2026-06-03T11-21-42-019e8eb8-4aa8-74b0-af35-f251ed73079b:66,6937,7036,99,3387974,4,2,1,0,0,0
agentsight,e58fce112c6e,complete,codex:rollout-2026-06-03T11-21-42-019e8eb8-4aa8-74b0-af35-f251ed73079b:66,codex:rollout-2026-06-03T11-21-42-019e8eb8-4aa8-74b0-af35-f251ed73079b:78,7036,7048,12,129246,1,0,0,2,0,0
agentsight,e58fce112c6e,complete,codex:rollout-2026-06-03T11-21-42-019e8eb8-4aa8-74b0-af35-f251ed73079b:78,codex:rollout-2026-06-03T11-44-58-019e8ecd-957e-7ba1-8c84-3b0003581645:29,7048,7113,65,190022,2,0,0,0,0,0
agentsight,e58fce112c6e,complete,codex:rollout-2026-06-03T11-44-58-019e8ecd-957e-7ba1-8c84-3b0003581645:29,codex:rollout-2026-06-03T11-21-42-019e8eb8-4aa8-74b0-af35-f251ed73079b:121,7113,7129,16,36279,2,0,0,0,0,0
agentsight,e58fce112c6e,complete,codex:rollout-2026-06-03T11-21-42-019e8eb8-4aa8-74b0-af35-f251ed73079b:121,codex:rollout-2026-06-03T11-21-42-019e8eb8-4aa8-74b0-af35-f251ed73079b:144,7129,7161,32,188970,2,0,0,0,0,0
agentsight,e58fce112c6e,complete,codex:rollout-2026-06-03T11-21-42-019e8eb8-4aa8-74b0-af35-f251ed73079b:144,codex:rollout-2026-06-03T11-21-42-019e8eb8-4aa8-74b0-af35-f251ed73079b:152,7161,7169,8,64297,1,0,0,0,0,0
agentsight,e58fce112c6e,complete,codex:rollout-2026-06-03T11-21-42-019e8eb8-4aa8-74b0-af35-f251ed73079b:152,codex:rollout-2026-06-03T11-21-42-019e8eb8-4aa8-74b0-af35-f251ed73079b:180,7169,7197,28,217986,1,0,0,0,0,0
agentsight,e58fce112c6e,complete,codex:rollout-2026-06-03T11-21-42-019e8eb8-4aa8-74b0-af35-f251ed73079b:180,codex:rollout-2026-06-03T11-21-42-019e8eb8-4aa8-74b0-af35-f251ed73079b:183,7197,7200,3,20421,1,0,0,0,0,0
agentsight,e58fce112c6e,complete,codex:rollout-2026-06-03T11-21-42-019e8eb8-4aa8-74b0-af35-f251ed73079b:183,codex:rollout-2026-06-03T11-21-42-019e8eb8-4aa8-74b0-af35-f251ed73079b:188,7200,7205,5,65791,1,0,0,1,0,0
agentsight,e58fce112c6e,complete,codex:rollout-2026-06-03T11-21-42-019e8eb8-4aa8-74b0-af35-f251ed73079b:188,codex:rollout-2026-06-03T11-21-42-019e8eb8-4aa8-74b0-af35-f251ed73079b:199,7205,7216,11,38087,1,0,0,0,0,0
agentsight,e58fce112c6e,complete,codex:rollout-2026-06-03T11-21-42-019e8eb8-4aa8-74b0-af35-f251ed73079b:199,codex:rollout-2026-06-03T11-21-42-019e8eb8-4aa8-74b0-af35-f251ed73079b:203,7216,7220,4,33160,1,0,0,0,0,0
agentsight,e58fce112c6e,complete,codex:rollout-2026-06-03T11-21-42-019e8eb8-4aa8-74b0-af35-f251ed73079b:203,codex:rollout-2026-06-03T11-21-42-019e8eb8-4aa8-74b0-af35-f251ed73079b:209,7220,7226,6,36745,1,0,0,0,0,0
agentsight,e58fce112c6e,complete,codex:rollout-2026-06-03T11-21-42-019e8eb8-4aa8-74b0-af35-f251ed73079b:209,codex:rollout-2026-06-03T11-21-42-019e8eb8-4aa8-74b0-af35-f251ed73079b:237,7226,7254,28,491306,1,0,0,1,0,0
agentsight,e58fce112c6e,complete,codex:rollout-2026-06-03T11-21-42-019e8eb8-4aa8-74b0-af35-f251ed73079b:237,codex:rollout-2026-06-03T11-21-42-019e8eb8-4aa8-74b0-af35-f251ed73079b:238,7254,7255,1,11063,1,0,0,0,0,0
agentsight,e58fce112c6e,complete,codex:rollout-2026-06-03T11-21-42-019e8eb8-4aa8-74b0-af35-f251ed73079b:238,codex:rollout-2026-06-03T11-21-42-019e8eb8-4aa8-74b0-af35-f251ed73079b:297,7255,7314,59,477379,1,0,0,2,0,0
agentsight,e58fce112c6e,complete,codex:rollout-2026-06-03T11-21-42-019e8eb8-4aa8-74b0-af35-f251ed73079b:297,codex:rollout-2026-06-03T11-21-42-019e8eb8-4aa8-74b0-af35-f251ed73079b:303,7314,7320,6,76793,1,0,0,0,0,0
agentsight,e58fce112c6e,complete,codex:rollout-2026-06-03T11-21-42-019e8eb8-4aa8-74b0-af35-f251ed73079b:303,codex:rollout-2026-06-03T11-21-42-019e8eb8-4aa8-74b0-af35-f251ed73079b:310,7320,7327,7,59625,1,0,0,0,0,0
agentsight,e58fce112c6e,complete,codex:rollout-2026-06-03T11-21-42-019e8eb8-4aa8-74b0-af35-f251ed73079b:310,codex:rollout-2026-06-03T11-21-42-019e8eb8-4aa8-74b0-af35-f251ed73079b:318,7327,7335,8,70919,1,0,0,0,0,0
agentsight,e58fce112c6e,complete,codex:rollout-2026-06-03T11-21-42-019e8eb8-4aa8-74b0-af35-f251ed73079b:318,codex:rollout-2026-06-03T11-21-42-019e8eb8-4aa8-74b0-af35-f251ed73079b:333,7335,7350,15,100012,1,0,0,1,0,0
agentsight,e58fce112c6e,complete,codex:rollout-2026-06-03T11-21-42-019e8eb8-4aa8-74b0-af35-f251ed73079b:333,claude:0796efe9-9a09-4b20-9851-99186e85b086:55,7350,7365,15,583633,2,0,0,0,0,0
agentsight,e58fce112c6e,complete,claude:0796efe9-9a09-4b20-9851-99186e85b086:55,claude:0796efe9-9a09-4b20-9851-99186e85b086:56,7365,7366,1,2323,1,0,0,0,0,0
agentsight,e58fce112c6e,complete,claude:0796efe9-9a09-4b20-9851-99186e85b086:56,codex:rollout-2026-06-03T11-21-42-019e8eb8-4aa8-74b0-af35-f251ed73079b:345,7366,7369,3,227997,1,0,0,0,0,0
agentsight,e58fce112c6e,complete,codex:rollout-2026-06-03T11-21-42-019e8eb8-4aa8-74b0-af35-f251ed73079b:345,codex:rollout-2026-06-03T11-21-42-019e8eb8-4aa8-74b0-af35-f251ed73079b:346,7369,7370,1,23283,1,0,0,0,0,0
agentsight,e58fce112c6e,complete,codex:rollout-2026-06-03T11-21-42-019e8eb8-4aa8-74b0-af35-f251ed73079b:346,codex:rollout-2026-06-03T11-21-42-019e8eb8-4aa8-74b0-af35-f251ed73079b:347,7370,7371,1,47,1,0,0,0,0,0
agentsight,e58fce112c6e,complete,codex:rollout-2026-06-03T11-21-42-019e8eb8-4aa8-74b0-af35-f251ed73079b:347,codex:rollout-2026-06-03T11-21-42-019e8eb8-4aa8-74b0-af35-f251ed73079b:348,7371,7372,1,0,1,0,0,0,0,0
agentsight,e58fce112c6e,complete,codex:rollout-2026-06-03T11-21-42-019e8eb8-4aa8-74b0-af35-f251ed73079b:348,codex:rollout-2026-06-03T11-21-42-019e8eb8-4aa8-74b0-af35-f251ed73079b:364,7372,7388,16,146945,1,2,2,1,0,0
agentsight,e58fce112c6e,complete,codex:rollout-2026-06-03T11-21-42-019e8eb8-4aa8-74b0-af35-f251ed73079b:364,codex:rollout-2026-06-03T11-21-42-019e8eb8-4aa8-74b0-af35-f251ed73079b:372,7388,7396,8,46413,1,2,2,0,0,0
agentsight,e58fce112c6e,complete,codex:rollout-2026-06-03T11-21-42-019e8eb8-4aa8-74b0-af35-f251ed73079b:372,codex:rollout-2026-06-03T11-21-42-019e8eb8-4aa8-74b0-af35-f251ed73079b:378,7396,7402,6,45003,1,1,1,0,0,0
agentsight,e58fce112c6e,complete,codex:rollout-2026-06-03T11-21-42-019e8eb8-4aa8-74b0-af35-f251ed73079b:378,codex:rollout-2026-06-03T11-21-42-019e8eb8-4aa8-74b0-af35-f251ed73079b:389,7402,7413,11,122578,1,0,0,1,0,0
agentsight,e58fce112c6e,complete,codex:rollout-2026-06-03T11-21-42-019e8eb8-4aa8-74b0-af35-f251ed73079b:389,codex:rollout-2026-06-03T11-21-42-019e8eb8-4aa8-74b0-af35-f251ed73079b:395,7413,7419,6,42470,1,0,0,0,0,0
agentsight,e58fce112c6e,complete,codex:rollout-2026-06-03T11-21-42-019e8eb8-4aa8-74b0-af35-f251ed73079b:395,codex:rollout-2026-06-03T11-21-42-019e8eb8-4aa8-74b0-af35-f251ed73079b:414,7419,7438,19,256248,1,0,0,0,0,0
agentsight,e58fce112c6e,complete,codex:rollout-2026-06-03T11-21-42-019e8eb8-4aa8-74b0-af35-f251ed73079b:414,codex:rollout-2026-06-03T11-21-42-019e8eb8-4aa8-74b0-af35-f251ed73079b:417,7438,7441,3,15113,1,0,0,0,0,0
agentsight,e58fce112c6e,complete,codex:rollout-2026-06-03T11-21-42-019e8eb8-4aa8-74b0-af35-f251ed73079b:417,codex:rollout-2026-06-03T11-21-42-019e8eb8-4aa8-74b0-af35-f251ed73079b:444,7441,7468,27,258999,1,0,0,0,0,0
agentsight,e58fce112c6e,complete,codex:rollout-2026-06-03T11-21-42-019e8eb8-4aa8-74b0-af35-f251ed73079b:444,codex:rollout-2026-06-03T11-21-42-019e8eb8-4aa8-74b0-af35-f251ed73079b:456,7468,7480,12,82722,1,0,0,0,0,0
agentsight,e58fce112c6e,complete,codex:rollout-2026-06-03T11-21-42-019e8eb8-4aa8-74b0-af35-f251ed73079b:456,codex:rollout-2026-06-03T11-21-42-019e8eb8-4aa8-74b0-af35-f251ed73079b:473,7480,7497,17,133839,1,0,0,1,0,0
agentsight,e58fce112c6e,complete,codex:rollout-2026-06-03T11-21-42-019e8eb8-4aa8-74b0-af35-f251ed73079b:473,codex:rollout-2026-06-03T11-21-42-019e8eb8-4aa8-74b0-af35-f251ed73079b:476,7497,7500,3,16162,1,0,0,0,0,0
agentsight,e58fce112c6e,complete,codex:rollout-2026-06-03T11-21-42-019e8eb8-4aa8-74b0-af35-f251ed73079b:476,codex:rollout-2026-06-03T11-21-42-019e8eb8-4aa8-74b0-af35-f251ed73079b:482,7500,7506,6,29340,1,0,0,0,0,0
agentsight,e58fce112c6e,complete,codex:rollout-2026-06-03T11-21-42-019e8eb8-4aa8-74b0-af35-f251ed73079b:482,codex:rollout-2026-06-03T11-21-42-019e8eb8-4aa8-74b0-af35-f251ed73079b:489,7506,7513,7,40112,1,0,0,2,0,0
agentsight,e58fce112c6e,complete,codex:rollout-2026-06-03T11-21-42-019e8eb8-4aa8-74b0-af35-f251ed73079b:489,codex:rollout-2026-06-03T11-21-42-019e8eb8-4aa8-74b0-af35-f251ed73079b:490,7513,7514,1,8,1,0,0,0,0,0
agentsight,e58fce112c6e,complete,codex:rollout-2026-06-03T11-21-42-019e8eb8-4aa8-74b0-af35-f251ed73079b:490,codex:rollout-2026-06-03T11-21-42-019e8eb8-4aa8-74b0-af35-f251ed73079b:491,7514,7515,1,0,1,0,0,0,0,0
agentsight,e58fce112c6e,complete,codex:rollout-2026-06-03T11-21-42-019e8eb8-4aa8-74b0-af35-f251ed73079b:491,codex:rollout-2026-06-03T11-21-42-019e8eb8-4aa8-74b0-af35-f251ed73079b:492,7515,7516,1,21011,1,0,0,0,0,0
agentsight,e58fce112c6e,complete,codex:rollout-2026-06-03T11-21-42-019e8eb8-4aa8-74b0-af35-f251ed73079b:492,codex:rollout-2026-06-03T11-21-42-019e8eb8-4aa8-74b0-af35-f251ed73079b:493,7516,7517,1,0,1,0,0,0,0,0
agentsight,e58fce112c6e,complete,codex:rollout-2026-06-03T11-21-42-019e8eb8-4aa8-74b0-af35-f251ed73079b:493,codex:rollout-2026-06-03T11-21-42-019e8eb8-4aa8-74b0-af35-f251ed73079b:494,7517,7518,1,15,1,0,0,0,0,0
agentsight,e58fce112c6e,complete,codex:rollout-2026-06-03T11-21-42-019e8eb8-4aa8-74b0-af35-f251ed73079b:494,codex:rollout-2026-06-03T11-21-42-019e8eb8-4aa8-74b0-af35-f251ed73079b:520,7518,7655,137,4218514,6,0,0,0,0,0
agentsight,e58fce112c6e,complete,codex:rollout-2026-06-03T11-21-42-019e8eb8-4aa8-74b0-af35-f251ed73079b:520,claude:agent-af6bcbce893e1f46c:51,7655,7717,62,47823,5,0,0,0,0,0
agentsight,e58fce112c6e,complete,claude:agent-af6bcbce893e1f46c:51,claude:agent-acf1a34890905c6fc:44,7717,7719,2,2232,2,0,0,0,0,0
agentsight,e58fce112c6e,complete,claude:agent-acf1a34890905c6fc:44,claude:agent-af6bcbce893e1f46c:52,7719,7720,1,1106,1,0,0,0,0,0
agentsight,e58fce112c6e,complete,claude:agent-af6bcbce893e1f46c:52,codex:rollout-2026-06-03T11-21-42-019e8eb8-4aa8-74b0-af35-f251ed73079b:531,7720,7732,12,18100,3,0,0,0,0,0
agentsight,e58fce112c6e,complete,codex:rollout-2026-06-03T11-21-42-019e8eb8-4aa8-74b0-af35-f251ed73079b:531,codex:rollout-2026-06-03T11-21-42-019e8eb8-4aa8-74b0-af35-f251ed73079b:534,7732,7747,15,19850,3,0,0,0,0,0
agentsight,e58fce112c6e,complete,codex:rollout-2026-06-03T11-21-42-019e8eb8-4aa8-74b0-af35-f251ed73079b:534,claude:agent-acebc8871539eb78c:47,7747,7759,12,16105,3,0,0,0,0,0
agentsight,e58fce112c6e,complete,claude:agent-acebc8871539eb78c:47,claude:agent-acebc8871539eb78c:48,7759,7765,6,2943,3,0,0,0,0,0
agentsight,e58fce112c6e,complete,claude:agent-acebc8871539eb78c:48,claude:agent-acebc8871539eb78c:49,7765,7766,1,2933,1,0,0,0,0,0
agentsight,e58fce112c6e,complete,claude:agent-acebc8871539eb78c:49,claude:agent-acebc8871539eb78c:50,7766,7769,3,4898,3,0,0,0,0,0
agentsight,e58fce112c6e,complete,claude:agent-acebc8871539eb78c:50,claude:agent-acebc8871539eb78c:51,7769,7770,1,3269,1,0,0,0,0,0
agentsight,e58fce112c6e,complete,claude:agent-acebc8871539eb78c:51,claude:agent-acebc8871539eb78c:52,7770,7771,1,2569,1,0,0,0,0,0
agentsight,e58fce112c6e,complete,claude:agent-acebc8871539eb78c:52,claude:agent-acebc8871539eb78c:53,7771,7773,2,3302,2,0,0,0,0,0
agentsight,e58fce112c6e,complete,claude:agent-acebc8871539eb78c:53,codex:rollout-2026-06-03T11-21-42-019e8eb8-4aa8-74b0-af35-f251ed73079b:546,7773,7777,4,16269,2,0,0,1,0,0
agentsight,e58fce112c6e,complete,codex:rollout-2026-06-03T11-21-42-019e8eb8-4aa8-74b0-af35-f251ed73079b:546,codex:rollout-2026-06-03T11-21-42-019e8eb8-4aa8-74b0-af35-f251ed73079b:547,7777,7778,1,0,1,0,0,0,0,0
agentsight,e58fce112c6e,complete,codex:rollout-2026-06-03T11-21-42-019e8eb8-4aa8-74b0-af35-f251ed73079b:547,codex:rollout-2026-06-03T11-21-42-019e8eb8-4aa8-74b0-af35-f251ed73079b:550,7778,7787,9,24711,2,0,0,0,0,0
agentsight,e58fce112c6e,complete,codex:rollout-2026-06-03T11-21-42-019e8eb8-4aa8-74b0-af35-f251ed73079b:550,codex:rollout-2026-06-03T11-21-42-019e8eb8-4aa8-74b0-af35-f251ed73079b:558,7787,7799,12,31341,2,0,0,0,0,0
agentsight,e58fce112c6e,complete,codex:rollout-2026-06-03T11-21-42-019e8eb8-4aa8-74b0-af35-f251ed73079b:558,claude:agent-acebc8871539eb78c:87,7799,7825,26,123012,2,0,0,0,0,0
agentsight,e58fce112c6e,complete,claude:agent-acebc8871539eb78c:87,codex:rollout-2026-06-03T11-21-42-019e8eb8-4aa8-74b0-af35-f251ed73079b:576,7825,7901,76,288623,9,0,0,0,0,0
agentsight,e58fce112c6e,complete,codex:rollout-2026-06-03T11-21-42-019e8eb8-4aa8-74b0-af35-f251ed73079b:576,codex:rollout-2026-06-03T11-21-42-019e8eb8-4aa8-74b0-af35-f251ed73079b:583,7901,7908,7,130499,1,0,0,0,0,0
agentsight,e58fce112c6e,complete,codex:rollout-2026-06-03T11-21-42-019e8eb8-4aa8-74b0-af35-f251ed73079b:583,codex:rollout-2026-06-03T11-21-42-019e8eb8-4aa8-74b0-af35-f251ed73079b:587,7908,7912,4,78773,1,0,0,0,0,0
agentsight,e58fce112c6e,complete,codex:rollout-2026-06-03T11-21-42-019e8eb8-4aa8-74b0-af35-f251ed73079b:587,codex:rollout-2026-06-03T11-21-42-019e8eb8-4aa8-74b0-af35-f251ed73079b:592,7912,7917,5,24067,1,0,0,0,0,0
agentsight,e58fce112c6e,complete,codex:rollout-2026-06-03T11-21-42-019e8eb8-4aa8-74b0-af35-f251ed73079b:592,codex:rollout-2026-06-03T11-21-42-019e8eb8-4aa8-74b0-af35-f251ed73079b:625,7917,7950,33,446203,1,0,0,0,0,0
agentsight,e58fce112c6e,complete,codex:rollout-2026-06-03T11-21-42-019e8eb8-4aa8-74b0-af35-f251ed73079b:625,codex:rollout-2026-06-03T11-21-42-019e8eb8-4aa8-74b0-af35-f251ed73079b:632,7950,7957,7,60336,1,0,0,0,0,0
agentsight,e58fce112c6e,complete,codex:rollout-2026-06-03T11-21-42-019e8eb8-4aa8-74b0-af35-f251ed73079b:632,codex:rollout-2026-06-03T11-21-42-019e8eb8-4aa8-74b0-af35-f251ed73079b:652,7957,7977,20,85122,1,0,0,0,0,0
agentsight,e58fce112c6e,complete,codex:rollout-2026-06-03T11-21-42-019e8eb8-4aa8-74b0-af35-f251ed73079b:652,codex:rollout-2026-06-03T11-21-42-019e8eb8-4aa8-74b0-af35-f251ed73079b:665,7977,7990,13,60814,1,0,0,0,0,0
agentsight,e58fce112c6e,complete,codex:rollout-2026-06-03T11-21-42-019e8eb8-4aa8-74b0-af35-f251ed73079b:665,codex:rollout-2026-06-03T11-21-42-019e8eb8-4aa8-74b0-af35-f251ed73079b:675,7990,8000,10,101479,1,0,0,0,0,0
agentsight,e58fce112c6e,complete,codex:rollout-2026-06-03T11-21-42-019e8eb8-4aa8-74b0-af35-f251ed73079b:675,codex:rollout-2026-06-03T11-21-42-019e8eb8-4aa8-74b0-af35-f251ed73079b:689,8000,8014,14,139725,1,0,0,0,0,0
agentsight,e58fce112c6e,complete,codex:rollout-2026-06-03T11-21-42-019e8eb8-4aa8-74b0-af35-f251ed73079b:689,codex:rollout-2026-06-03T11-21-42-019e8eb8-4aa8-74b0-af35-f251ed73079b:708,8014,8033,19,162465,1,0,0,0,0,0
agentsight,e58fce112c6e,complete,codex:rollout-2026-06-03T11-21-42-019e8eb8-4aa8-74b0-af35-f251ed73079b:708,codex:rollout-2026-06-03T11-21-42-019e8eb8-4aa8-74b0-af35-f251ed73079b:710,8033,8035,2,18629,1,0,0,0,0,0
agentsight,e58fce112c6e,complete,codex:rollout-2026-06-03T11-21-42-019e8eb8-4aa8-74b0-af35-f251ed73079b:710,codex:rollout-2026-06-03T11-21-42-019e8eb8-4aa8-74b0-af35-f251ed73079b:713,8035,8038,3,13484,1,0,0,0,0,0
agentsight,e58fce112c6e,complete,codex:rollout-2026-06-03T11-21-42-019e8eb8-4aa8-74b0-af35-f251ed73079b:713,codex:rollout-2026-06-03T11-21-42-019e8eb8-4aa8-74b0-af35-f251ed73079b:729,8038,8054,16,86470,1,0,0,1,0,0
agentsight,e58fce112c6e,complete,codex:rollout-2026-06-03T11-21-42-019e8eb8-4aa8-74b0-af35-f251ed73079b:729,codex:rollout-2026-06-03T11-21-42-019e8eb8-4aa8-74b0-af35-f251ed73079b:733,8054,8058,4,34916,1,0,0,2,0,0
agentsight,e58fce112c6e,complete,codex:rollout-2026-06-03T11-21-42-019e8eb8-4aa8-74b0-af35-f251ed73079b:733,codex:rollout-2026-06-03T11-21-42-019e8eb8-4aa8-74b0-af35-f251ed73079b:736,8058,8061,3,24996,1,0,0,1,0,0
agentsight,e58fce112c6e,complete,codex:rollout-2026-06-03T11-21-42-019e8eb8-4aa8-74b0-af35-f251ed73079b:736,codex:rollout-2026-06-03T11-21-42-019e8eb8-4aa8-74b0-af35-f251ed73079b:737,8061,8062,1,7342,1,0,0,0,0,0
agentsight,e58fce112c6e,complete,codex:rollout-2026-06-03T11-21-42-019e8eb8-4aa8-74b0-af35-f251ed73079b:737,codex:rollout-2026-06-03T11-21-42-019e8eb8-4aa8-74b0-af35-f251ed73079b:738,8062,8063,1,10219,1,0,0,0,0,0
agentsight,e58fce112c6e,complete,codex:rollout-2026-06-03T11-21-42-019e8eb8-4aa8-74b0-af35-f251ed73079b:738,codex:rollout-2026-06-03T11-21-42-019e8eb8-4aa8-74b0-af35-f251ed73079b:739,8063,8064,1,0,1,0,0,0,0,0
agentsight,e58fce112c6e,complete,codex:rollout-2026-06-03T11-21-42-019e8eb8-4aa8-74b0-af35-f251ed73079b:739,codex:rollout-2026-06-03T11-21-42-019e8eb8-4aa8-74b0-af35-f251ed73079b:740,8064,8065,1,10116,1,0,0,0,0,0
agentsight,e58fce112c6e,complete,codex:rollout-2026-06-03T11-21-42-019e8eb8-4aa8-74b0-af35-f251ed73079b:740,codex:rollout-2026-06-03T11-21-42-019e8eb8-4aa8-74b0-af35-f251ed73079b:741,8065,8066,1,3751,1,0,0,0,0,0
agentsight,e58fce112c6e,complete,codex:rollout-2026-06-03T11-21-42-019e8eb8-4aa8-74b0-af35-f251ed73079b:741,codex:rollout-2026-06-03T11-21-42-019e8eb8-4aa8-74b0-af35-f251ed73079b:742,8066,8067,1,6407,1,0,0,0,0,0
agentsight,e58fce112c6e,complete,codex:rollout-2026-06-03T11-21-42-019e8eb8-4aa8-74b0-af35-f251ed73079b:742,codex:rollout-2026-06-03T11-21-42-019e8eb8-4aa8-74b0-af35-f251ed73079b:771,8067,8096,29,177850,1,0,0,0,0,0
agentsight,e58fce112c6e,complete,codex:rollout-2026-06-03T11-21-42-019e8eb8-4aa8-74b0-af35-f251ed73079b:771,codex:rollout-2026-06-03T11-21-42-019e8eb8-4aa8-74b0-af35-f251ed73079b:773,8096,8098,2,7903,1,0,0,0,0,0
agentsight,e58fce112c6e,complete,codex:rollout-2026-06-03T11-21-42-019e8eb8-4aa8-74b0-af35-f251ed73079b:773,codex:rollout-2026-06-03T11-21-42-019e8eb8-4aa8-74b0-af35-f251ed73079b:774,8098,8099,1,0,1,0,0,0,0,0
agentsight,e58fce112c6e,complete,codex:rollout-2026-06-03T11-21-42-019e8eb8-4aa8-74b0-af35-f251ed73079b:774,codex:rollout-2026-06-03T11-21-42-019e8eb8-4aa8-74b0-af35-f251ed73079b:786,8099,8111,12,103925,1,0,0,0,0,0
agentsight,e58fce112c6e,complete,codex:rollout-2026-06-03T11-21-42-019e8eb8-4aa8-74b0-af35-f251ed73079b:786,codex:rollout-2026-06-03T11-21-42-019e8eb8-4aa8-74b0-af35-f251ed73079b:788,8111,8113,2,7284,1,0,0,0,0,0
agentsight,e58fce112c6e,complete,codex:rollout-2026-06-03T11-21-42-019e8eb8-4aa8-74b0-af35-f251ed73079b:788,codex:rollout-2026-06-03T11-21-42-019e8eb8-4aa8-74b0-af35-f251ed73079b:792,8113,8117,4,17421,1,0,0,1,0,0
agentsight,e58fce112c6e,complete,codex:rollout-2026-06-03T11-21-42-019e8eb8-4aa8-74b0-af35-f251ed73079b:792,codex:rollout-2026-06-03T11-21-42-019e8eb8-4aa8-74b0-af35-f251ed73079b:793,8117,8118,1,4,1,0,0,0,0,0
agentsight,e58fce112c6e,complete,codex:rollout-2026-06-03T11-21-42-019e8eb8-4aa8-74b0-af35-f251ed73079b:793,codex:rollout-2026-06-03T11-21-42-019e8eb8-4aa8-74b0-af35-f251ed73079b:794,8118,8119,1,5813,1,0,0,0,0,0
agentsight,e58fce112c6e,complete,codex:rollout-2026-06-03T11-21-42-019e8eb8-4aa8-74b0-af35-f251ed73079b:794,codex:rollout-2026-06-03T11-21-42-019e8eb8-4aa8-74b0-af35-f251ed73079b:795,8119,8120,1,11221,1,0,0,0,0,0
agentsight,e58fce112c6e,complete,codex:rollout-2026-06-03T11-21-42-019e8eb8-4aa8-74b0-af35-f251ed73079b:795,codex:rollout-2026-06-03T11-21-42-019e8eb8-4aa8-74b0-af35-f251ed73079b:796,8120,8121,1,195,1,0,0,0,0,0
agentsight,e58fce112c6e,complete,codex:rollout-2026-06-03T11-21-42-019e8eb8-4aa8-74b0-af35-f251ed73079b:796,codex:rollout-2026-06-03T11-21-42-019e8eb8-4aa8-74b0-af35-f251ed73079b:824,8121,8196,75,454811,2,0,0,1,0,0
agentsight,e58fce112c6e,complete,codex:rollout-2026-06-03T11-21-42-019e8eb8-4aa8-74b0-af35-f251ed73079b:824,codex:rollout-2026-06-03T11-21-42-019e8eb8-4aa8-74b0-af35-f251ed73079b:839,8196,8211,15,114960,1,0,0,0,0,0
agentsight,e58fce112c6e,complete,codex:rollout-2026-06-03T11-21-42-019e8eb8-4aa8-74b0-af35-f251ed73079b:839,codex:rollout-2026-06-03T11-21-42-019e8eb8-4aa8-74b0-af35-f251ed73079b:853,8211,8225,14,101915,1,0,0,0,0,0
agentsight,e58fce112c6e,complete,codex:rollout-2026-06-03T11-21-42-019e8eb8-4aa8-74b0-af35-f251ed73079b:853,codex:rollout-2026-06-03T11-21-42-019e8eb8-4aa8-74b0-af35-f251ed73079b:866,8225,8238,13,95824,1,0,0,1,0,0
agentsight,e58fce112c6e,complete,codex:rollout-2026-06-03T11-21-42-019e8eb8-4aa8-74b0-af35-f251ed73079b:866,codex:rollout-2026-06-03T11-21-42-019e8eb8-4aa8-74b0-af35-f251ed73079b:874,8238,8246,8,55946,1,0,0,0,0,0
agentsight,e58fce112c6e,complete,codex:rollout-2026-06-03T11-21-42-019e8eb8-4aa8-74b0-af35-f251ed73079b:874,codex:rollout-2026-06-03T11-21-42-019e8eb8-4aa8-74b0-af35-f251ed73079b:883,8246,8255,9,70140,1,0,0,0,0,0
agentsight,e58fce112c6e,complete,codex:rollout-2026-06-03T11-21-42-019e8eb8-4aa8-74b0-af35-f251ed73079b:883,codex:rollout-2026-06-03T11-21-42-019e8eb8-4aa8-74b0-af35-f251ed73079b:891,8255,8263,8,44715,1,0,0,2,0,0
agentsight,e58fce112c6e,complete,codex:rollout-2026-06-03T11-21-42-019e8eb8-4aa8-74b0-af35-f251ed73079b:891,codex:rollout-2026-06-03T11-21-42-019e8eb8-4aa8-74b0-af35-f251ed73079b:892,8263,8264,1,0,1,0,0,0,0,0
agentsight,e58fce112c6e,complete,codex:rollout-2026-06-03T11-21-42-019e8eb8-4aa8-74b0-af35-f251ed73079b:892,codex:rollout-2026-06-03T11-21-42-019e8eb8-4aa8-74b0-af35-f251ed73079b:893,8264,8265,1,7839,1,0,0,0,0,0
agentsight,e58fce112c6e,complete,codex:rollout-2026-06-03T11-21-42-019e8eb8-4aa8-74b0-af35-f251ed73079b:893,codex:rollout-2026-06-03T11-21-42-019e8eb8-4aa8-74b0-af35-f251ed73079b:894,8265,8266,1,14167,1,0,0,0,0,0
agentsight,e58fce112c6e,complete,codex:rollout-2026-06-03T11-21-42-019e8eb8-4aa8-74b0-af35-f251ed73079b:894,codex:rollout-2026-06-03T11-21-42-019e8eb8-4aa8-74b0-af35-f251ed73079b:895,8266,8267,1,32,1,0,0,0,0,0
agentsight,e58fce112c6e,complete,codex:rollout-2026-06-03T11-21-42-019e8eb8-4aa8-74b0-af35-f251ed73079b:895,codex:rollout-2026-06-03T11-21-42-019e8eb8-4aa8-74b0-af35-f251ed73079b:896,8267,8268,1,8551,1,0,0,0,0,0
agentsight,e58fce112c6e,complete,codex:rollout-2026-06-03T11-21-42-019e8eb8-4aa8-74b0-af35-f251ed73079b:896,codex:rollout-2026-06-03T11-21-42-019e8eb8-4aa8-74b0-af35-f251ed73079b:897,8268,8269,1,33,1,0,0,0,0,0
agentsight,e58fce112c6e,complete,codex:rollout-2026-06-03T11-21-42-019e8eb8-4aa8-74b0-af35-f251ed73079b:897,codex:rollout-2026-06-03T11-21-42-019e8eb8-4aa8-74b0-af35-f251ed73079b:898,8269,8270,1,0,1,0,0,0,0,0
agentsight,e58fce112c6e,complete,codex:rollout-2026-06-03T11-21-42-019e8eb8-4aa8-74b0-af35-f251ed73079b:898,codex:rollout-2026-06-03T11-21-42-019e8eb8-4aa8-74b0-af35-f251ed73079b:911,8270,8283,13,118262,1,0,0,0,0,0
agentsight,e58fce112c6e,complete,codex:rollout-2026-06-03T11-21-42-019e8eb8-4aa8-74b0-af35-f251ed73079b:911,codex:rollout-2026-06-03T11-21-42-019e8eb8-4aa8-74b0-af35-f251ed73079b:960,8283,8332,49,462676,1,0,0,0,0,0
agentsight,e58fce112c6e,complete,codex:rollout-2026-06-03T11-21-42-019e8eb8-4aa8-74b0-af35-f251ed73079b:960,codex:rollout-2026-06-03T11-21-42-019e8eb8-4aa8-74b0-af35-f251ed73079b:961,8332,8333,1,13969,1,0,0,0,0,0
agentsight,e58fce112c6e,complete,codex:rollout-2026-06-03T11-21-42-019e8eb8-4aa8-74b0-af35-f251ed73079b:961,codex:rollout-2026-06-03T11-21-42-019e8eb8-4aa8-74b0-af35-f251ed73079b:962,8333,8334,1,1,1,0,0,0,0,0
agentsight,e58fce112c6e,complete,codex:rollout-2026-06-03T11-21-42-019e8eb8-4aa8-74b0-af35-f251ed73079b:962,codex:rollout-2026-06-03T11-21-42-019e8eb8-4aa8-74b0-af35-f251ed73079b:965,8334,8337,3,17383,1,0,0,0,0,0
agentsight,e58fce112c6e,complete,codex:rollout-2026-06-03T11-21-42-019e8eb8-4aa8-74b0-af35-f251ed73079b:965,codex:rollout-2026-06-03T11-21-42-019e8eb8-4aa8-74b0-af35-f251ed73079b:968,8337,8340,3,14800,1,0,0,0,0,0
agentsight,e58fce112c6e,complete,codex:rollout-2026-06-03T11-21-42-019e8eb8-4aa8-74b0-af35-f251ed73079b:968,codex:rollout-2026-06-03T11-21-42-019e8eb8-4aa8-74b0-af35-f251ed73079b:969,8340,8341,1,37,1,0,0,0,0,0
agentsight,e58fce112c6e,complete,codex:rollout-2026-06-03T11-21-42-019e8eb8-4aa8-74b0-af35-f251ed73079b:969,codex:rollout-2026-06-03T11-21-42-019e8eb8-4aa8-74b0-af35-f251ed73079b:990,8341,8362,21,158210,1,0,0,0,0,0
agentsight,e58fce112c6e,complete,codex:rollout-2026-06-03T11-21-42-019e8eb8-4aa8-74b0-af35-f251ed73079b:990,codex:rollout-2026-06-03T11-21-42-019e8eb8-4aa8-74b0-af35-f251ed73079b:991,8362,8363,1,45,1,0,0,0,0,0
agentsight,e58fce112c6e,complete,codex:rollout-2026-06-03T11-21-42-019e8eb8-4aa8-74b0-af35-f251ed73079b:991,codex:rollout-2026-06-03T11-21-42-019e8eb8-4aa8-74b0-af35-f251ed73079b:995,8363,8367,4,17212,1,0,0,1,0,0
agentsight,e58fce112c6e,complete,codex:rollout-2026-06-03T11-21-42-019e8eb8-4aa8-74b0-af35-f251ed73079b:995,codex:rollout-2026-06-03T11-21-42-019e8eb8-4aa8-74b0-af35-f251ed73079b:996,8367,8368,1,1,1,0,0,0,0,0
agentsight,e58fce112c6e,complete,codex:rollout-2026-06-03T11-21-42-019e8eb8-4aa8-74b0-af35-f251ed73079b:996,codex:rollout-2026-06-03T11-21-42-019e8eb8-4aa8-74b0-af35-f251ed73079b:997,8368,8369,1,0,1,0,0,0,0,0
agentsight,e58fce112c6e,complete,codex:rollout-2026-06-03T11-21-42-019e8eb8-4aa8-74b0-af35-f251ed73079b:997,codex:rollout-2026-06-03T11-21-42-019e8eb8-4aa8-74b0-af35-f251ed73079b:1000,8369,8371,2,12211,1,0,0,0,0,0
agentsight,e58fce112c6e,complete,codex:rollout-2026-06-03T11-21-42-019e8eb8-4aa8-74b0-af35-f251ed73079b:1000,codex:rollout-2026-06-03T11-21-42-019e8eb8-4aa8-74b0-af35-f251ed73079b:999,8371,8372,1,0,1,0,0,0,0,0
agentsight,e58fce112c6e,complete,codex:rollout-2026-06-03T11-21-42-019e8eb8-4aa8-74b0-af35-f251ed73079b:999,codex:rollout-2026-06-03T11-21-42-019e8eb8-4aa8-74b0-af35-f251ed73079b:1001,8372,8373,1,49,1,0,0,0,0,0
agentsight,e58fce112c6e,complete,codex:rollout-2026-06-03T11-21-42-019e8eb8-4aa8-74b0-af35-f251ed73079b:1001,codex:rollout-2026-06-03T11-21-42-019e8eb8-4aa8-74b0-af35-f251ed73079b:1021,8373,8393,20,242131,1,0,0,0,0,0
agentsight,e58fce112c6e,complete,codex:rollout-2026-06-03T11-21-42-019e8eb8-4aa8-74b0-af35-f251ed73079b:1021,codex:rollout-2026-06-03T11-21-42-019e8eb8-4aa8-74b0-af35-f251ed73079b:1037,8393,8409,16,89215,1,0,0,0,0,0
agentsight,e58fce112c6e,complete,codex:rollout-2026-06-03T11-21-42-019e8eb8-4aa8-74b0-af35-f251ed73079b:1037,codex:rollout-2026-06-03T11-21-42-019e8eb8-4aa8-74b0-af35-f251ed73079b:1040,8409,8412,3,11209,1,0,0,1,0,0
agentsight,e58fce112c6e,complete,codex:rollout-2026-06-03T11-21-42-019e8eb8-4aa8-74b0-af35-f251ed73079b:1040,codex:rollout-2026-06-03T11-21-42-019e8eb8-4aa8-74b0-af35-f251ed73079b:1043,8412,8415,3,16715,1,0,0,0,0,0
agentsight,e58fce112c6e,complete,codex:rollout-2026-06-03T11-21-42-019e8eb8-4aa8-74b0-af35-f251ed73079b:1043,codex:rollout-2026-06-03T11-21-42-019e8eb8-4aa8-74b0-af35-f251ed73079b:1044,8415,8416,1,1,1,0,0,0,0,0
agentsight,e58fce112c6e,complete,codex:rollout-2026-06-03T11-21-42-019e8eb8-4aa8-74b0-af35-f251ed73079b:1044,codex:rollout-2026-06-03T11-21-42-019e8eb8-4aa8-74b0-af35-f251ed73079b:1045,8416,8417,1,0,1,0,0,0,0,0
agentsight,e58fce112c6e,complete,codex:rollout-2026-06-03T11-21-42-019e8eb8-4aa8-74b0-af35-f251ed73079b:1045,codex:rollout-2026-06-03T11-21-42-019e8eb8-4aa8-74b0-af35-f251ed73079b:1047,8417,8419,2,19475,1,0,0,0,0,0
agentsight,e58fce112c6e,complete,codex:rollout-2026-06-03T11-21-42-019e8eb8-4aa8-74b0-af35-f251ed73079b:1047,codex:rollout-2026-06-03T11-21-42-019e8eb8-4aa8-74b0-af35-f251ed73079b:1048,8419,8420,1,46,1,0,0,0,0,0
agentsight,e58fce112c6e,complete,codex:rollout-2026-06-03T11-21-42-019e8eb8-4aa8-74b0-af35-f251ed73079b:1048,claude:0796efe9-9a09-4b20-9851-99186e85b086:104,8420,8474,54,240382,2,0,0,0,0,0
agentsight,e58fce112c6e,complete,claude:0796efe9-9a09-4b20-9851-99186e85b086:104,codex:rollout-2026-06-03T11-21-42-019e8eb8-4aa8-74b0-af35-f251ed73079b:1086,8474,8522,48,631153,2,0,0,0,0,0
agentsight,e58fce112c6e,complete,codex:rollout-2026-06-03T11-21-42-019e8eb8-4aa8-74b0-af35-f251ed73079b:1086,codex:rollout-2026-06-03T11-21-42-019e8eb8-4aa8-74b0-af35-f251ed73079b:1094,8522,8530,8,112528,1,0,0,0,0,0
agentsight,e58fce112c6e,complete,codex:rollout-2026-06-03T11-21-42-019e8eb8-4aa8-74b0-af35-f251ed73079b:1094,codex:rollout-2026-06-03T11-21-42-019e8eb8-4aa8-74b0-af35-f251ed73079b:1117,8530,8553,23,120114,1,0,0,3,0,0
agentsight,e58fce112c6e,complete,codex:rollout-2026-06-03T11-21-42-019e8eb8-4aa8-74b0-af35-f251ed73079b:1117,codex:rollout-2026-06-03T11-21-42-019e8eb8-4aa8-74b0-af35-f251ed73079b:1120,8553,8556,3,16242,1,0,0,1,0,0
agentsight,e58fce112c6e,complete,codex:rollout-2026-06-03T11-21-42-019e8eb8-4aa8-74b0-af35-f251ed73079b:1120,codex:rollout-2026-06-03T11-21-42-019e8eb8-4aa8-74b0-af35-f251ed73079b:1121,8556,8557,1,1,1,0,0,0,0,0
agentsight,e58fce112c6e,complete,codex:rollout-2026-06-03T11-21-42-019e8eb8-4aa8-74b0-af35-f251ed73079b:1121,codex:rollout-2026-06-03T11-21-42-019e8eb8-4aa8-74b0-af35-f251ed73079b:1139,8557,8575,18,100284,1,0,0,1,0,0
agentsight,e58fce112c6e,complete,codex:rollout-2026-06-03T11-21-42-019e8eb8-4aa8-74b0-af35-f251ed73079b:1139,codex:rollout-2026-06-03T11-21-42-019e8eb8-4aa8-74b0-af35-f251ed73079b:1140,8575,8576,1,8992,1,0,0,0,0,0
agentsight,e58fce112c6e,complete,codex:rollout-2026-06-03T11-21-42-019e8eb8-4aa8-74b0-af35-f251ed73079b:1140,codex:rollout-2026-06-03T11-21-42-019e8eb8-4aa8-74b0-af35-f251ed73079b:1147,8576,8583,7,36349,1,0,0,0,0,0
agentsight,e58fce112c6e,complete,codex:rollout-2026-06-03T11-21-42-019e8eb8-4aa8-74b0-af35-f251ed73079b:1147,codex:rollout-2026-06-03T11-21-42-019e8eb8-4aa8-74b0-af35-f251ed73079b:1148,8583,8584,1,12,1,0,0,0,0,0
agentsight,e58fce112c6e,complete,codex:rollout-2026-06-03T11-21-42-019e8eb8-4aa8-74b0-af35-f251ed73079b:1148,codex:rollout-2026-06-03T11-21-42-019e8eb8-4aa8-74b0-af35-f251ed73079b:1150,8584,8586,2,11017,1,0,0,0,0,0
agentsight,e58fce112c6e,complete,codex:rollout-2026-06-03T11-21-42-019e8eb8-4aa8-74b0-af35-f251ed73079b:1150,codex:rollout-2026-06-03T11-21-42-019e8eb8-4aa8-74b0-af35-f251ed73079b:1151,8586,8587,1,40,1,0,0,0,0,0
agentsight,e58fce112c6e,complete,codex:rollout-2026-06-03T11-21-42-019e8eb8-4aa8-74b0-af35-f251ed73079b:1151,codex:rollout-2026-06-03T11-21-42-019e8eb8-4aa8-74b0-af35-f251ed73079b:1153,8587,8589,2,16611,1,0,0,1,0,0
agentsight,e58fce112c6e,complete,codex:rollout-2026-06-03T11-21-42-019e8eb8-4aa8-74b0-af35-f251ed73079b:1153,codex:rollout-2026-06-03T11-21-42-019e8eb8-4aa8-74b0-af35-f251ed73079b:1154,8589,8590,1,30,1,0,0,0,0,0
agentsight,e58fce112c6e,complete,codex:rollout-2026-06-03T11-21-42-019e8eb8-4aa8-74b0-af35-f251ed73079b:1154,codex:rollout-2026-06-03T11-21-42-019e8eb8-4aa8-74b0-af35-f251ed73079b:1155,8590,8591,1,0,1,0,0,0,0,0
agentsight,e58fce112c6e,complete,codex:rollout-2026-06-03T11-21-42-019e8eb8-4aa8-74b0-af35-f251ed73079b:1155,codex:rollout-2026-06-03T11-21-42-019e8eb8-4aa8-74b0-af35-f251ed73079b:1177,8591,8613,22,140392,1,0,0,0,0,0
agentsight,e58fce112c6e,complete,codex:rollout-2026-06-03T11-21-42-019e8eb8-4aa8-74b0-af35-f251ed73079b:1177,codex:rollout-2026-06-03T11-21-42-019e8eb8-4aa8-74b0-af35-f251ed73079b:1178,8613,8614,1,1,1,0,0,0,0,0
agentsight,e58fce112c6e,complete,codex:rollout-2026-06-03T11-21-42-019e8eb8-4aa8-74b0-af35-f251ed73079b:1178,codex:rollout-2026-06-03T11-21-42-019e8eb8-4aa8-74b0-af35-f251ed73079b:1180,8614,8616,2,13698,1,0,0,0,0,0
agentsight,e58fce112c6e,complete,codex:rollout-2026-06-03T11-21-42-019e8eb8-4aa8-74b0-af35-f251ed73079b:1180,codex:rollout-2026-06-03T11-21-42-019e8eb8-4aa8-74b0-af35-f251ed73079b:1181,8616,8617,1,25,1,0,0,0,0,0
agentsight,e58fce112c6e,complete,codex:rollout-2026-06-03T11-21-42-019e8eb8-4aa8-74b0-af35-f251ed73079b:1181,codex:rollout-2026-06-03T11-21-42-019e8eb8-4aa8-74b0-af35-f251ed73079b:1182,8617,8618,1,0,1,0,0,0,0,0
agentsight,e58fce112c6e,complete,codex:rollout-2026-06-03T11-21-42-019e8eb8-4aa8-74b0-af35-f251ed73079b:1182,codex:rollout-2026-06-03T11-21-42-019e8eb8-4aa8-74b0-af35-f251ed73079b:1193,8618,8629,11,75676,1,0,0,0,0,0
agentsight,e58fce112c6e,complete,codex:rollout-2026-06-03T11-21-42-019e8eb8-4aa8-74b0-af35-f251ed73079b:1193,codex:rollout-2026-06-03T11-21-42-019e8eb8-4aa8-74b0-af35-f251ed73079b:1194,8629,8630,1,30,1,0,0,0,0,0
agentsight,e58fce112c6e,complete,codex:rollout-2026-06-03T11-21-42-019e8eb8-4aa8-74b0-af35-f251ed73079b:1194,codex:rollout-2026-06-03T11-21-42-019e8eb8-4aa8-74b0-af35-f251ed73079b:1195,8630,8631,1,0,1,0,0,0,0,0
agentsight,e58fce112c6e,complete,codex:rollout-2026-06-03T11-21-42-019e8eb8-4aa8-74b0-af35-f251ed73079b:1195,codex:rollout-2026-06-03T11-21-42-019e8eb8-4aa8-74b0-af35-f251ed73079b:1197,8631,8633,2,9346,1,0,0,0,0,0
agentsight,e58fce112c6e,complete,codex:rollout-2026-06-03T11-21-42-019e8eb8-4aa8-74b0-af35-f251ed73079b:1197,codex:rollout-2026-06-03T11-21-42-019e8eb8-4aa8-74b0-af35-f251ed73079b:1198,8633,8634,1,34,1,0,0,0,0,0
agentsight,e58fce112c6e,complete,codex:rollout-2026-06-03T11-21-42-019e8eb8-4aa8-74b0-af35-f251ed73079b:1198,codex:rollout-2026-06-03T11-21-42-019e8eb8-4aa8-74b0-af35-f251ed73079b:1199,8634,8635,1,1,1,0,0,0,0,0
agentsight,e58fce112c6e,complete,codex:rollout-2026-06-03T11-21-42-019e8eb8-4aa8-74b0-af35-f251ed73079b:1199,codex:rollout-2026-06-03T11-21-42-019e8eb8-4aa8-74b0-af35-f251ed73079b:1200,8635,8636,1,13253,1,0,0,0,0,0
agentsight,e58fce112c6e,complete,codex:rollout-2026-06-03T11-21-42-019e8eb8-4aa8-74b0-af35-f251ed73079b:1200,codex:rollout-2026-06-03T11-21-42-019e8eb8-4aa8-74b0-af35-f251ed73079b:1201,8636,8637,1,30,1,0,0,0,0,0
agentsight,e58fce112c6e,complete,codex:rollout-2026-06-03T11-21-42-019e8eb8-4aa8-74b0-af35-f251ed73079b:1201,codex:rollout-2026-06-03T11-21-42-019e8eb8-4aa8-74b0-af35-f251ed73079b:1202,8637,8638,1,1,1,0,0,0,0,0
agentsight,e58fce112c6e,complete,codex:rollout-2026-06-03T11-21-42-019e8eb8-4aa8-74b0-af35-f251ed73079b:1202,claude:0796efe9-9a09-4b20-9851-99186e85b086:170,8638,8731,93,894344,3,5,2,1,0,0
agentsight,e58fce112c6e,complete,claude:0796efe9-9a09-4b20-9851-99186e85b086:170,claude:0796efe9-9a09-4b20-9851-99186e85b086:171,8731,8736,5,7197,2,0,0,0,0,0
agentsight,e58fce112c6e,complete,claude:0796efe9-9a09-4b20-9851-99186e85b086:171,codex:rollout-2026-06-03T11-21-42-019e8eb8-4aa8-74b0-af35-f251ed73079b:1259,8736,8829,93,683451,2,0,0,1,0,0
agentsight,e58fce112c6e,complete,codex:rollout-2026-06-03T11-21-42-019e8eb8-4aa8-74b0-af35-f251ed73079b:1259,codex:rollout-2026-06-03T11-21-42-019e8eb8-4aa8-74b0-af35-f251ed73079b:1264,8829,8834,5,27728,1,0,0,0,0,0
agentsight,e58fce112c6e,complete,codex:rollout-2026-06-03T11-21-42-019e8eb8-4aa8-74b0-af35-f251ed73079b:1264,codex:rollout-2026-06-03T11-21-42-019e8eb8-4aa8-74b0-af35-f251ed73079b:1265,8834,8835,1,36,1,0,0,0,0,0
agentsight,e58fce112c6e,complete,codex:rollout-2026-06-03T11-21-42-019e8eb8-4aa8-74b0-af35-f251ed73079b:1265,codex:rollout-2026-06-03T11-21-42-019e8eb8-4aa8-74b0-af35-f251ed73079b:1267,8835,8837,2,15124,1,0,0,0,0,0
agentsight,e58fce112c6e,complete,codex:rollout-2026-06-03T11-21-42-019e8eb8-4aa8-74b0-af35-f251ed73079b:1267,codex:rollout-2026-06-03T11-21-42-019e8eb8-4aa8-74b0-af35-f251ed73079b:1268,8837,8838,1,4,1,0,0,0,0,0
agentsight,e58fce112c6e,complete,codex:rollout-2026-06-03T11-21-42-019e8eb8-4aa8-74b0-af35-f251ed73079b:1268,codex:rollout-2026-06-03T11-21-42-019e8eb8-4aa8-74b0-af35-f251ed73079b:1269,8838,8839,1,34,1,0,0,0,0,0
agentsight,e58fce112c6e,complete,codex:rollout-2026-06-03T11-21-42-019e8eb8-4aa8-74b0-af35-f251ed73079b:1269,codex:rollout-2026-06-03T11-21-42-019e8eb8-4aa8-74b0-af35-f251ed73079b:1271,8839,8841,2,18514,1,0,0,0,0,0
agentsight,e58fce112c6e,complete,codex:rollout-2026-06-03T11-21-42-019e8eb8-4aa8-74b0-af35-f251ed73079b:1271,codex:rollout-2026-06-03T11-21-42-019e8eb8-4aa8-74b0-af35-f251ed73079b:1272,8841,8842,1,0,1,0,0,0,0,0
agentsight,e58fce112c6e,complete,codex:rollout-2026-06-03T11-21-42-019e8eb8-4aa8-74b0-af35-f251ed73079b:1272,codex:rollout-2026-06-03T11-21-42-019e8eb8-4aa8-74b0-af35-f251ed73079b:1273,8842,8843,1,32,1,0,0,0,0,0
agentsight,e58fce112c6e,complete,codex:rollout-2026-06-03T11-21-42-019e8eb8-4aa8-74b0-af35-f251ed73079b:1273,codex:rollout-2026-06-03T11-21-42-019e8eb8-4aa8-74b0-af35-f251ed73079b:1286,8843,8861,18,63658,2,0,0,0,0,0
agentsight,e58fce112c6e,complete,codex:rollout-2026-06-03T11-21-42-019e8eb8-4aa8-74b0-af35-f251ed73079b:1286,codex:rollout-2026-06-03T11-21-42-019e8eb8-4aa8-74b0-af35-f251ed73079b:1290,8861,8870,9,17924,2,0,0,0,0,0
agentsight,e58fce112c6e,complete,codex:rollout-2026-06-03T11-21-42-019e8eb8-4aa8-74b0-af35-f251ed73079b:1290,codex:rollout-2026-06-03T11-21-42-019e8eb8-4aa8-74b0-af35-f251ed73079b:1298,8870,8884,14,140990,2,0,0,0,0,0
agentsight,e58fce112c6e,complete,codex:rollout-2026-06-03T11-21-42-019e8eb8-4aa8-74b0-af35-f251ed73079b:1298,claude:0796efe9-9a09-4b20-9851-99186e85b086:199,8884,8908,24,86975,2,8,2,0,0,0
agentsight,e58fce112c6e,complete,claude:0796efe9-9a09-4b20-9851-99186e85b086:199,claude:0796efe9-9a09-4b20-9851-99186e85b086:200,8908,8909,1,6372,1,0,0,0,0,0
agentsight,e58fce112c6e,complete,claude:0796efe9-9a09-4b20-9851-99186e85b086:200,claude:0796efe9-9a09-4b20-9851-99186e85b086:201,8909,8910,1,9664,1,0,0,0,0,0
agentsight,e58fce112c6e,complete,claude:0796efe9-9a09-4b20-9851-99186e85b086:201,codex:rollout-2026-06-03T11-21-42-019e8eb8-4aa8-74b0-af35-f251ed73079b:1329,8910,8929,19,446237,1,0,0,1,0,0
agentsight,e58fce112c6e,complete,codex:rollout-2026-06-03T11-21-42-019e8eb8-4aa8-74b0-af35-f251ed73079b:1329,codex:rollout-2026-06-03T11-21-42-019e8eb8-4aa8-74b0-af35-f251ed73079b:1366,8929,8966,37,243433,1,0,0,2,0,0
agentsight,e58fce112c6e,complete,codex:rollout-2026-06-03T11-21-42-019e8eb8-4aa8-74b0-af35-f251ed73079b:1366,codex:rollout-2026-06-03T11-21-42-019e8eb8-4aa8-74b0-af35-f251ed73079b:1375,8966,8975,9,28425,1,0,0,1,0,0
agentsight,e58fce112c6e,complete,codex:rollout-2026-06-03T11-21-42-019e8eb8-4aa8-74b0-af35-f251ed73079b:1375,codex:rollout-2026-06-03T11-21-42-019e8eb8-4aa8-74b0-af35-f251ed73079b:1377,8975,8977,2,23,1,0,0,1,0,0
agentsight,e58fce112c6e,complete,codex:rollout-2026-06-03T11-21-42-019e8eb8-4aa8-74b0-af35-f251ed73079b:1377,codex:rollout-2026-06-03T11-21-42-019e8eb8-4aa8-74b0-af35-f251ed73079b:1387,8977,8987,10,84600,1,0,0,0,0,0
agentsight,e58fce112c6e,complete,codex:rollout-2026-06-03T11-21-42-019e8eb8-4aa8-74b0-af35-f251ed73079b:1387,codex:rollout-2026-06-03T11-21-42-019e8eb8-4aa8-74b0-af35-f251ed73079b:1389,8987,8989,2,32,1,0,0,1,0,0
agentsight,e58fce112c6e,complete,codex:rollout-2026-06-03T11-21-42-019e8eb8-4aa8-74b0-af35-f251ed73079b:1389,codex:rollout-2026-06-03T11-21-42-019e8eb8-4aa8-74b0-af35-f251ed73079b:1392,8989,8992,3,26465,1,0,0,0,0,0
agentsight,e58fce112c6e,complete,codex:rollout-2026-06-03T11-21-42-019e8eb8-4aa8-74b0-af35-f251ed73079b:1392,codex:rollout-2026-06-03T11-21-42-019e8eb8-4aa8-74b0-af35-f251ed73079b:1394,8992,8994,2,225,1,0,0,1,0,0
agentsight,e58fce112c6e,complete,codex:rollout-2026-06-03T11-21-42-019e8eb8-4aa8-74b0-af35-f251ed73079b:1394,codex:rollout-2026-06-03T11-21-42-019e8eb8-4aa8-74b0-af35-f251ed73079b:1397,8994,8997,3,16278,1,0,0,1,0,0
agentsight,e58fce112c6e,complete,codex:rollout-2026-06-03T11-21-42-019e8eb8-4aa8-74b0-af35-f251ed73079b:1397,codex:rollout-2026-06-03T11-21-42-019e8eb8-4aa8-74b0-af35-f251ed73079b:1398,8997,8998,1,73,1,0,0,0,0,0
agentsight,e58fce112c6e,complete,codex:rollout-2026-06-03T11-21-42-019e8eb8-4aa8-74b0-af35-f251ed73079b:1398,codex:rollout-2026-06-03T11-21-42-019e8eb8-4aa8-74b0-af35-f251ed73079b:1400,8998,9000,2,20370,1,0,0,0,0,0
agentsight,e58fce112c6e,complete,codex:rollout-2026-06-03T11-21-42-019e8eb8-4aa8-74b0-af35-f251ed73079b:1400,codex:rollout-2026-06-03T11-21-42-019e8eb8-4aa8-74b0-af35-f251ed73079b:1401,9000,9001,1,0,1,0,0,0,0,0
agentsight,e58fce112c6e,complete,codex:rollout-2026-06-03T11-21-42-019e8eb8-4aa8-74b0-af35-f251ed73079b:1401,codex:rollout-2026-06-03T11-21-42-019e8eb8-4aa8-74b0-af35-f251ed73079b:1402,9001,9002,1,1,1,0,0,0,0,0
agentsight,e58fce112c6e,complete,codex:rollout-2026-06-03T11-21-42-019e8eb8-4aa8-74b0-af35-f251ed73079b:1402,codex:rollout-2026-06-03T11-21-42-019e8eb8-4aa8-74b0-af35-f251ed73079b:1415,9002,9015,13,53777,1,0,0,0,0,0
agentsight,e58fce112c6e,complete,codex:rollout-2026-06-03T11-21-42-019e8eb8-4aa8-74b0-af35-f251ed73079b:1415,codex:rollout-2026-06-03T11-21-42-019e8eb8-4aa8-74b0-af35-f251ed73079b:1429,9015,9029,14,66558,1,0,0,0,0,0
agentsight,e58fce112c6e,complete,codex:rollout-2026-06-03T11-21-42-019e8eb8-4aa8-74b0-af35-f251ed73079b:1429,codex:rollout-2026-06-03T11-21-42-019e8eb8-4aa8-74b0-af35-f251ed73079b:1434,9029,9034,5,27571,1,0,0,0,0,0
agentsight,e58fce112c6e,complete,codex:rollout-2026-06-03T11-21-42-019e8eb8-4aa8-74b0-af35-f251ed73079b:1434,codex:rollout-2026-06-03T11-21-42-019e8eb8-4aa8-74b0-af35-f251ed73079b:1435,9034,9035,1,2,1,0,0,0,0,0
agentsight,e58fce112c6e,complete,codex:rollout-2026-06-03T11-21-42-019e8eb8-4aa8-74b0-af35-f251ed73079b:1435,codex:rollout-2026-06-03T11-21-42-019e8eb8-4aa8-74b0-af35-f251ed73079b:1436,9035,9036,1,126,1,0,0,0,0,0
agentsight,e58fce112c6e,complete,codex:rollout-2026-06-03T11-21-42-019e8eb8-4aa8-74b0-af35-f251ed73079b:1436,codex:rollout-2026-06-03T11-21-42-019e8eb8-4aa8-74b0-af35-f251ed73079b:1471,9036,9119,83,635076,2,0,0,1,0,0
agentsight,e58fce112c6e,complete,codex:rollout-2026-06-03T11-21-42-019e8eb8-4aa8-74b0-af35-f251ed73079b:1471,codex:rollout-2026-06-03T11-21-42-019e8eb8-4aa8-74b0-af35-f251ed73079b:1485,9119,9133,14,79915,1,0,0,0,0,0
agentsight,e58fce112c6e,complete,codex:rollout-2026-06-03T11-21-42-019e8eb8-4aa8-74b0-af35-f251ed73079b:1485,codex:rollout-2026-06-03T11-21-42-019e8eb8-4aa8-74b0-af35-f251ed73079b:1498,9133,9146,13,96747,1,0,0,1,0,0
agentsight,e58fce112c6e,complete,codex:rollout-2026-06-03T11-21-42-019e8eb8-4aa8-74b0-af35-f251ed73079b:1498,codex:rollout-2026-06-03T11-21-42-019e8eb8-4aa8-74b0-af35-f251ed73079b:1503,9146,9151,5,37153,1,0,0,1,0,0
agentsight,e58fce112c6e,complete,codex:rollout-2026-06-03T11-21-42-019e8eb8-4aa8-74b0-af35-f251ed73079b:1503,codex:rollout-2026-06-03T11-21-42-019e8eb8-4aa8-74b0-af35-f251ed73079b:1504,9151,9152,1,42,1,0,0,0,0,0
agentsight,e58fce112c6e,complete,codex:rollout-2026-06-03T11-21-42-019e8eb8-4aa8-74b0-af35-f251ed73079b:1504,codex:rollout-2026-06-03T11-21-42-019e8eb8-4aa8-74b0-af35-f251ed73079b:1519,9152,9167,15,99334,1,0,0,0,0,0
agentsight,e58fce112c6e,complete,codex:rollout-2026-06-03T11-21-42-019e8eb8-4aa8-74b0-af35-f251ed73079b:1519,codex:rollout-2026-06-03T11-21-42-019e8eb8-4aa8-74b0-af35-f251ed73079b:1520,9167,9168,1,0,1,0,0,0,0,0
agentsight,e58fce112c6e,complete,codex:rollout-2026-06-03T11-21-42-019e8eb8-4aa8-74b0-af35-f251ed73079b:1520,codex:rollout-2026-06-03T11-21-42-019e8eb8-4aa8-74b0-af35-f251ed73079b:1521,9168,9169,1,0,1,0,0,0,0,0
agentsight,e58fce112c6e,complete,codex:rollout-2026-06-03T11-21-42-019e8eb8-4aa8-74b0-af35-f251ed73079b:1521,codex:rollout-2026-06-03T11-21-42-019e8eb8-4aa8-74b0-af35-f251ed73079b:1523,9169,9171,2,18042,1,0,0,0,0,0
agentsight,e58fce112c6e,complete,codex:rollout-2026-06-03T11-21-42-019e8eb8-4aa8-74b0-af35-f251ed73079b:1523,codex:rollout-2026-06-03T11-21-42-019e8eb8-4aa8-74b0-af35-f251ed73079b:1524,9171,9172,1,2,1,0,0,0,0,0
agentsight,e58fce112c6e,complete,codex:rollout-2026-06-03T11-21-42-019e8eb8-4aa8-74b0-af35-f251ed73079b:1524,codex:rollout-2026-06-03T11-21-42-019e8eb8-4aa8-74b0-af35-f251ed73079b:1525,9172,9173,1,75,1,0,0,0,0,0
agentsight,e58fce112c6e,complete,codex:rollout-2026-06-03T11-21-42-019e8eb8-4aa8-74b0-af35-f251ed73079b:1525,codex:rollout-2026-06-03T11-21-42-019e8eb8-4aa8-74b0-af35-f251ed73079b:1568,9173,9216,43,253843,1,0,0,0,0,0
agentsight,e58fce112c6e,complete,codex:rollout-2026-06-03T11-21-42-019e8eb8-4aa8-74b0-af35-f251ed73079b:1568,codex:rollout-2026-06-03T11-21-42-019e8eb8-4aa8-74b0-af35-f251ed73079b:1576,9216,9224,8,25587,1,0,0,0,0,0
agentsight,e58fce112c6e,complete,codex:rollout-2026-06-03T11-21-42-019e8eb8-4aa8-74b0-af35-f251ed73079b:1576,codex:rollout-2026-06-03T11-21-42-019e8eb8-4aa8-74b0-af35-f251ed73079b:1580,9224,9228,4,23195,1,0,0,0,0,0
agentsight,e58fce112c6e,complete,codex:rollout-2026-06-03T11-21-42-019e8eb8-4aa8-74b0-af35-f251ed73079b:1580,codex:rollout-2026-06-03T11-21-42-019e8eb8-4aa8-74b0-af35-f251ed73079b:1581,9228,9229,1,1,1,0,0,0,0,0
agentsight,e58fce112c6e,complete,codex:rollout-2026-06-03T11-21-42-019e8eb8-4aa8-74b0-af35-f251ed73079b:1581,codex:rollout-2026-06-03T11-21-42-019e8eb8-4aa8-74b0-af35-f251ed73079b:1582,9229,9230,1,22,1,0,0,0,0,0
agentsight,e58fce112c6e,complete,codex:rollout-2026-06-03T11-21-42-019e8eb8-4aa8-74b0-af35-f251ed73079b:1582,codex:rollout-2026-06-03T11-21-42-019e8eb8-4aa8-74b0-af35-f251ed73079b:1583,9230,9231,1,17311,1,0,0,0,0,0
agentsight,e58fce112c6e,complete,codex:rollout-2026-06-03T11-21-42-019e8eb8-4aa8-74b0-af35-f251ed73079b:1583,codex:rollout-2026-06-03T11-21-42-019e8eb8-4aa8-74b0-af35-f251ed73079b:1584,9231,9232,1,0,1,0,0,0,0,0
agentsight,e58fce112c6e,complete,codex:rollout-2026-06-03T11-21-42-019e8eb8-4aa8-74b0-af35-f251ed73079b:1584,codex:rollout-2026-06-03T11-21-42-019e8eb8-4aa8-74b0-af35-f251ed73079b:1585,9232,9233,1,43,1,0,0,0,0,0
agentsight,e58fce112c6e,complete,codex:rollout-2026-06-03T11-21-42-019e8eb8-4aa8-74b0-af35-f251ed73079b:1585,codex:rollout-2026-06-03T11-21-42-019e8eb8-4aa8-74b0-af35-f251ed73079b:1609,9233,9257,24,116229,1,0,0,0,0,0
agentsight,e58fce112c6e,complete,codex:rollout-2026-06-03T11-21-42-019e8eb8-4aa8-74b0-af35-f251ed73079b:1609,codex:rollout-2026-06-03T11-21-42-019e8eb8-4aa8-74b0-af35-f251ed73079b:1610,9257,9258,1,1,1,0,0,0,0,0
agentsight,e58fce112c6e,complete,codex:rollout-2026-06-03T11-21-42-019e8eb8-4aa8-74b0-af35-f251ed73079b:1610,codex:rollout-2026-06-03T11-21-42-019e8eb8-4aa8-74b0-af35-f251ed73079b:1611,9258,9259,1,21,1,0,0,0,0,0
agentsight,e58fce112c6e,complete,codex:rollout-2026-06-03T11-21-42-019e8eb8-4aa8-74b0-af35-f251ed73079b:1611,codex:rollout-2026-06-03T11-21-42-019e8eb8-4aa8-74b0-af35-f251ed73079b:1612,9259,9260,1,15757,1,0,0,0,0,0
agentsight,e58fce112c6e,complete,codex:rollout-2026-06-03T11-21-42-019e8eb8-4aa8-74b0-af35-f251ed73079b:1612,codex:rollout-2026-06-03T11-21-42-019e8eb8-4aa8-74b0-af35-f251ed73079b:1613,9260,9261,1,0,1,0,0,0,0,0
agentsight,e58fce112c6e,complete,codex:rollout-2026-06-03T11-21-42-019e8eb8-4aa8-74b0-af35-f251ed73079b:1613,codex:rollout-2026-06-03T11-21-42-019e8eb8-4aa8-74b0-af35-f251ed73079b:1614,9261,9262,1,20,1,0,0,0,0,0
agentsight,e58fce112c6e,complete,codex:rollout-2026-06-03T11-21-42-019e8eb8-4aa8-74b0-af35-f251ed73079b:1614,codex:rollout-2026-06-03T11-21-42-019e8eb8-4aa8-74b0-af35-f251ed73079b:1629,9262,9277,15,61294,1,0,0,1,0,0
agentsight,e58fce112c6e,complete,codex:rollout-2026-06-03T11-21-42-019e8eb8-4aa8-74b0-af35-f251ed73079b:1629,codex:rollout-2026-06-03T11-21-42-019e8eb8-4aa8-74b0-af35-f251ed73079b:1630,9277,9278,1,21,1,0,0,0,0,0
agentsight,e58fce112c6e,complete,codex:rollout-2026-06-03T11-21-42-019e8eb8-4aa8-74b0-af35-f251ed73079b:1630,codex:rollout-2026-06-03T11-21-42-019e8eb8-4aa8-74b0-af35-f251ed73079b:1632,9278,9280,2,17995,1,0,0,0,0,0
agentsight,e58fce112c6e,complete,codex:rollout-2026-06-03T11-21-42-019e8eb8-4aa8-74b0-af35-f251ed73079b:1632,codex:rollout-2026-06-03T11-21-42-019e8eb8-4aa8-74b0-af35-f251ed73079b:1633,9280,9281,1,1,1,0,0,0,0,0
agentsight,e58fce112c6e,complete,codex:rollout-2026-06-03T11-21-42-019e8eb8-4aa8-74b0-af35-f251ed73079b:1633,codex:rollout-2026-06-03T11-21-42-019e8eb8-4aa8-74b0-af35-f251ed73079b:1634,9281,9282,1,25,1,0,0,0,0,0
agentsight,e58fce112c6e,complete,codex:rollout-2026-06-03T11-21-42-019e8eb8-4aa8-74b0-af35-f251ed73079b:1634,codex:rollout-2026-06-03T11-21-42-019e8eb8-4aa8-74b0-af35-f251ed73079b:1635,9282,9283,1,11762,1,0,0,0,0,0
agentsight,e58fce112c6e,complete,codex:rollout-2026-06-03T11-21-42-019e8eb8-4aa8-74b0-af35-f251ed73079b:1635,codex:rollout-2026-06-03T11-21-42-019e8eb8-4aa8-74b0-af35-f251ed73079b:1636,9283,9284,1,4,1,0,0,0,0,0
agentsight,e58fce112c6e,complete,codex:rollout-2026-06-03T11-21-42-019e8eb8-4aa8-74b0-af35-f251ed73079b:1636,codex:rollout-2026-06-03T11-21-42-019e8eb8-4aa8-74b0-af35-f251ed73079b:1637,9284,9285,1,32,1,0,0,0,0,0
agentsight,e58fce112c6e,complete,codex:rollout-2026-06-03T11-21-42-019e8eb8-4aa8-74b0-af35-f251ed73079b:1637,codex:rollout-2026-06-03T17-42-04-019e9014-8640-79d3-a482-8cf585a5c3db:60,9285,9352,67,2663614,3,0,0,1,0,0
agentsight,e58fce112c6e,complete,codex:rollout-2026-06-03T17-42-04-019e9014-8640-79d3-a482-8cf585a5c3db:60,codex:rollout-2026-06-03T17-42-04-019e9014-8640-79d3-a482-8cf585a5c3db:74,9352,9366,14,38113,1,0,0,0,0,0
agentsight,e58fce112c6e,complete,codex:rollout-2026-06-03T17-42-04-019e9014-8640-79d3-a482-8cf585a5c3db:74,codex:rollout-2026-06-03T17-42-04-019e9014-8640-79d3-a482-8cf585a5c3db:76,9366,9368,2,13041,1,0,0,0,0,0
agentsight,e58fce112c6e,complete,codex:rollout-2026-06-03T17-42-04-019e9014-8640-79d3-a482-8cf585a5c3db:76,codex:rollout-2026-06-03T17-42-04-019e9014-8640-79d3-a482-8cf585a5c3db:100,9368,9391,23,1174370,1,0,0,2,0,0
agentsight,e58fce112c6e,complete,codex:rollout-2026-06-03T17-42-04-019e9014-8640-79d3-a482-8cf585a5c3db:100,codex:rollout-2026-06-03T17-42-04-019e9014-8640-79d3-a482-8cf585a5c3db:99,9391,9392,1,0,1,0,0,0,0,0
agentsight,e58fce112c6e,complete,codex:rollout-2026-06-03T17-42-04-019e9014-8640-79d3-a482-8cf585a5c3db:99,codex:rollout-2026-06-03T17-42-04-019e9014-8640-79d3-a482-8cf585a5c3db:115,9392,9407,15,109260,1,0,0,1,0,0
agentsight,e58fce112c6e,complete,codex:rollout-2026-06-03T17-42-04-019e9014-8640-79d3-a482-8cf585a5c3db:115,codex:rollout-2026-06-03T17-42-04-019e9014-8640-79d3-a482-8cf585a5c3db:117,9407,9409,2,18808,1,0,0,0,0,0
agentsight,e58fce112c6e,complete,codex:rollout-2026-06-03T17-42-04-019e9014-8640-79d3-a482-8cf585a5c3db:117,codex:rollout-2026-06-03T17-42-04-019e9014-8640-79d3-a482-8cf585a5c3db:118,9409,9410,1,45,1,0,0,0,0,0
agentsight,e58fce112c6e,complete,codex:rollout-2026-06-03T17-42-04-019e9014-8640-79d3-a482-8cf585a5c3db:118,codex:rollout-2026-06-03T17-42-04-019e9014-8640-79d3-a482-8cf585a5c3db:126,9410,9418,8,43674,1,0,0,1,0,0
agentsight,e58fce112c6e,complete,codex:rollout-2026-06-03T17-42-04-019e9014-8640-79d3-a482-8cf585a5c3db:126,codex:rollout-2026-06-03T17-42-04-019e9014-8640-79d3-a482-8cf585a5c3db:127,9418,9419,1,0,1,0,0,0,0,0
agentsight,e58fce112c6e,complete,codex:rollout-2026-06-03T17-42-04-019e9014-8640-79d3-a482-8cf585a5c3db:127,codex:rollout-2026-06-03T17-42-04-019e9014-8640-79d3-a482-8cf585a5c3db:128,9419,9420,1,44,1,0,0,0,0,0
agentsight,e58fce112c6e,complete,codex:rollout-2026-06-03T17-42-04-019e9014-8640-79d3-a482-8cf585a5c3db:128,codex:rollout-2026-06-03T17-42-04-019e9014-8640-79d3-a482-8cf585a5c3db:133,9420,9425,5,103526,1,0,0,0,0,0
agentsight,e58fce112c6e,complete,codex:rollout-2026-06-03T17-42-04-019e9014-8640-79d3-a482-8cf585a5c3db:133,codex:rollout-2026-06-03T17-42-04-019e9014-8640-79d3-a482-8cf585a5c3db:138,9425,9430,5,30217,1,0,0,0,0,0
agentsight,e58fce112c6e,complete,codex:rollout-2026-06-03T17-42-04-019e9014-8640-79d3-a482-8cf585a5c3db:138,codex:rollout-2026-06-03T17-42-04-019e9014-8640-79d3-a482-8cf585a5c3db:153,9430,9445,15,111951,1,0,0,0,0,0
agentsight,e58fce112c6e,complete,codex:rollout-2026-06-03T17-42-04-019e9014-8640-79d3-a482-8cf585a5c3db:153,codex:rollout-2026-06-03T17-42-04-019e9014-8640-79d3-a482-8cf585a5c3db:154,9445,9446,1,0,1,0,0,0,0,0
agentsight,e58fce112c6e,complete,codex:rollout-2026-06-03T17-42-04-019e9014-8640-79d3-a482-8cf585a5c3db:154,codex:rollout-2026-06-03T17-42-04-019e9014-8640-79d3-a482-8cf585a5c3db:155,9446,9447,1,46,1,0,0,0,0,0
agentsight,e58fce112c6e,complete,codex:rollout-2026-06-03T17-42-04-019e9014-8640-79d3-a482-8cf585a5c3db:155,codex:rollout-2026-06-03T17-42-04-019e9014-8640-79d3-a482-8cf585a5c3db:156,9447,9448,1,12,1,0,0,0,0,0
agentsight,e58fce112c6e,complete,codex:rollout-2026-06-03T17-42-04-019e9014-8640-79d3-a482-8cf585a5c3db:156,codex:rollout-2026-06-03T17-42-04-019e9014-8640-79d3-a482-8cf585a5c3db:315,9448,9607,159,2086451,1,0,0,1,0,0
agentsight,e58fce112c6e,complete,codex:rollout-2026-06-03T17-42-04-019e9014-8640-79d3-a482-8cf585a5c3db:315,codex:rollout-2026-06-03T17-42-04-019e9014-8640-79d3-a482-8cf585a5c3db:319,9607,9611,4,8004,1,0,0,1,0,0
agentsight,e58fce112c6e,complete,codex:rollout-2026-06-03T17-42-04-019e9014-8640-79d3-a482-8cf585a5c3db:319,codex:rollout-2026-06-03T17-42-04-019e9014-8640-79d3-a482-8cf585a5c3db:323,9611,9615,4,35491,1,0,0,0,0,0
agentsight,e58fce112c6e,complete,codex:rollout-2026-06-03T17-42-04-019e9014-8640-79d3-a482-8cf585a5c3db:323,codex:rollout-2026-06-03T17-42-04-019e9014-8640-79d3-a482-8cf585a5c3db:324,9615,9616,1,20,1,0,0,0,0,0
agentsight,e58fce112c6e,complete,codex:rollout-2026-06-03T17-42-04-019e9014-8640-79d3-a482-8cf585a5c3db:324,codex:rollout-2026-06-03T17-42-04-019e9014-8640-79d3-a482-8cf585a5c3db:325,9616,9617,1,11316,1,0,0,0,0,0
agentsight,e58fce112c6e,complete,codex:rollout-2026-06-03T17-42-04-019e9014-8640-79d3-a482-8cf585a5c3db:325,codex:rollout-2026-06-03T17-42-04-019e9014-8640-79d3-a482-8cf585a5c3db:335,9617,9627,10,36702,1,0,0,0,0,0
agentsight,e58fce112c6e,complete,codex:rollout-2026-06-03T17-42-04-019e9014-8640-79d3-a482-8cf585a5c3db:335,codex:rollout-2026-06-03T17-42-04-019e9014-8640-79d3-a482-8cf585a5c3db:336,9627,9628,1,13669,1,0,0,0,0,0
agentsight,e58fce112c6e,complete,codex:rollout-2026-06-03T17-42-04-019e9014-8640-79d3-a482-8cf585a5c3db:336,codex:rollout-2026-06-03T17-42-04-019e9014-8640-79d3-a482-8cf585a5c3db:337,9628,9629,1,0,1,0,0,0,0,0
agentsight,e58fce112c6e,complete,codex:rollout-2026-06-03T17-42-04-019e9014-8640-79d3-a482-8cf585a5c3db:337,codex:rollout-2026-06-03T17-42-04-019e9014-8640-79d3-a482-8cf585a5c3db:351,9629,9643,14,85056,1,0,0,0,0,0
agentsight,e58fce112c6e,complete,codex:rollout-2026-06-03T17-42-04-019e9014-8640-79d3-a482-8cf585a5c3db:351,codex:rollout-2026-06-03T17-42-04-019e9014-8640-79d3-a482-8cf585a5c3db:352,9643,9644,1,37,1,0,0,0,0,0
agentsight,e58fce112c6e,complete,codex:rollout-2026-06-03T17-42-04-019e9014-8640-79d3-a482-8cf585a5c3db:352,codex:rollout-2026-06-03T17-42-04-019e9014-8640-79d3-a482-8cf585a5c3db:353,9644,9645,1,22012,1,0,0,0,0,0
agentsight,e58fce112c6e,complete,codex:rollout-2026-06-03T17-42-04-019e9014-8640-79d3-a482-8cf585a5c3db:353,codex:rollout-2026-06-03T17-42-04-019e9014-8640-79d3-a482-8cf585a5c3db:354,9645,9646,1,0,1,0,0,0,0,0
agentsight,e58fce112c6e,complete,codex:rollout-2026-06-03T17-42-04-019e9014-8640-79d3-a482-8cf585a5c3db:354,codex:rollout-2026-06-03T17-42-04-019e9014-8640-79d3-a482-8cf585a5c3db:401,9646,9711,65,1986839,2,0,0,0,0,0
agentsight,e58fce112c6e,complete,codex:rollout-2026-06-03T17-42-04-019e9014-8640-79d3-a482-8cf585a5c3db:401,codex:rollout-2026-06-03T17-42-04-019e9014-8640-79d3-a482-8cf585a5c3db:402,9711,9712,1,1,1,0,0,0,0,0
agentsight,e58fce112c6e,complete,codex:rollout-2026-06-03T17-42-04-019e9014-8640-79d3-a482-8cf585a5c3db:402,codex:rollout-2026-06-03T17-42-04-019e9014-8640-79d3-a482-8cf585a5c3db:407,9712,9717,5,40826,1,0,0,0,0,0
agentsight,e58fce112c6e,complete,codex:rollout-2026-06-03T17-42-04-019e9014-8640-79d3-a482-8cf585a5c3db:407,codex:rollout-2026-06-03T17-42-04-019e9014-8640-79d3-a482-8cf585a5c3db:415,9717,9725,8,94887,1,0,0,0,0,0
agentsight,e58fce112c6e,complete,codex:rollout-2026-06-03T17-42-04-019e9014-8640-79d3-a482-8cf585a5c3db:415,codex:rollout-2026-06-03T17-42-04-019e9014-8640-79d3-a482-8cf585a5c3db:424,9725,9734,9,82687,1,0,0,0,0,0
agentsight,e58fce112c6e,complete,codex:rollout-2026-06-03T17-42-04-019e9014-8640-79d3-a482-8cf585a5c3db:424,codex:rollout-2026-06-03T17-42-04-019e9014-8640-79d3-a482-8cf585a5c3db:434,9734,9744,10,101057,1,0,0,0,0,0
agentsight,e58fce112c6e,complete,codex:rollout-2026-06-03T17-42-04-019e9014-8640-79d3-a482-8cf585a5c3db:434,codex:rollout-2026-06-03T17-42-04-019e9014-8640-79d3-a482-8cf585a5c3db:435,9744,9745,1,1,1,0,0,0,0,0
agentsight,e58fce112c6e,complete,codex:rollout-2026-06-03T17-42-04-019e9014-8640-79d3-a482-8cf585a5c3db:435,codex:rollout-2026-06-03T17-42-04-019e9014-8640-79d3-a482-8cf585a5c3db:445,9745,9755,10,71040,1,0,0,1,0,0
agentsight,e58fce112c6e,complete,codex:rollout-2026-06-03T17-42-04-019e9014-8640-79d3-a482-8cf585a5c3db:445,codex:rollout-2026-06-03T17-42-04-019e9014-8640-79d3-a482-8cf585a5c3db:446,9755,9756,1,1,1,0,0,0,0,0
agentsight,e58fce112c6e,complete,codex:rollout-2026-06-03T17-42-04-019e9014-8640-79d3-a482-8cf585a5c3db:446,codex:rollout-2026-06-03T17-42-04-019e9014-8640-79d3-a482-8cf585a5c3db:448,9756,9758,2,25845,1,0,0,0,0,0
agentsight,e58fce112c6e,complete,codex:rollout-2026-06-03T17-42-04-019e9014-8640-79d3-a482-8cf585a5c3db:448,codex:rollout-2026-06-03T17-42-04-019e9014-8640-79d3-a482-8cf585a5c3db:449,9758,9759,1,49,1,0,0,0,0,0
agentsight,e58fce112c6e,complete,codex:rollout-2026-06-03T17-42-04-019e9014-8640-79d3-a482-8cf585a5c3db:449,codex:rollout-2026-06-03T17-42-04-019e9014-8640-79d3-a482-8cf585a5c3db:452,9759,9762,3,29283,1,0,0,0,0,0
agentsight,e58fce112c6e,complete,codex:rollout-2026-06-03T17-42-04-019e9014-8640-79d3-a482-8cf585a5c3db:452,claude:34934785-8ee2-4f9c-be78-794bce7e1361:25,9762,9775,13,1014972,2,0,0,0,0,0
agentsight,e58fce112c6e,complete,claude:34934785-8ee2-4f9c-be78-794bce7e1361:25,codex:rollout-2026-06-03T17-42-04-019e9014-8640-79d3-a482-8cf585a5c3db:468,9775,9800,25,115816,2,0,0,0,0,0
agentsight,e58fce112c6e,complete,codex:rollout-2026-06-03T17-42-04-019e9014-8640-79d3-a482-8cf585a5c3db:468,codex:rollout-2026-06-03T17-42-04-019e9014-8640-79d3-a482-8cf585a5c3db:469,9800,9801,1,41,1,0,0,0,0,0
agentsight,e58fce112c6e,complete,codex:rollout-2026-06-03T17-42-04-019e9014-8640-79d3-a482-8cf585a5c3db:469,codex:rollout-2026-06-03T17-42-04-019e9014-8640-79d3-a482-8cf585a5c3db:473,9801,9805,4,45746,1,0,0,0,0,0
agentsight,e58fce112c6e,complete,codex:rollout-2026-06-03T17-42-04-019e9014-8640-79d3-a482-8cf585a5c3db:473,codex:rollout-2026-06-03T17-42-04-019e9014-8640-79d3-a482-8cf585a5c3db:484,9805,9816,11,82967,1,0,0,1,0,0
agentsight,e58fce112c6e,complete,codex:rollout-2026-06-03T17-42-04-019e9014-8640-79d3-a482-8cf585a5c3db:484,codex:rollout-2026-06-03T17-42-04-019e9014-8640-79d3-a482-8cf585a5c3db:485,9816,9817,1,1,1,0,0,0,0,0
agentsight,e58fce112c6e,complete,codex:rollout-2026-06-03T17-42-04-019e9014-8640-79d3-a482-8cf585a5c3db:485,codex:rollout-2026-06-03T17-42-04-019e9014-8640-79d3-a482-8cf585a5c3db:539,9817,9871,54,458006,1,0,0,2,0,0
agentsight,e58fce112c6e,complete,codex:rollout-2026-06-03T17-42-04-019e9014-8640-79d3-a482-8cf585a5c3db:539,codex:rollout-2026-06-03T17-42-04-019e9014-8640-79d3-a482-8cf585a5c3db:542,9871,9874,3,47032,1,0,0,0,0,0
agentsight,e58fce112c6e,complete,codex:rollout-2026-06-03T17-42-04-019e9014-8640-79d3-a482-8cf585a5c3db:542,codex:rollout-2026-06-03T17-42-04-019e9014-8640-79d3-a482-8cf585a5c3db:543,9874,9875,1,7935,1,0,0,0,0,0
agentsight,e58fce112c6e,complete,codex:rollout-2026-06-03T17-42-04-019e9014-8640-79d3-a482-8cf585a5c3db:543,codex:rollout-2026-06-03T17-42-04-019e9014-8640-79d3-a482-8cf585a5c3db:604,9875,9936,61,392001,1,0,0,0,0,0
agentsight,e58fce112c6e,complete,codex:rollout-2026-06-03T17-42-04-019e9014-8640-79d3-a482-8cf585a5c3db:604,codex:rollout-2026-06-03T17-42-04-019e9014-8640-79d3-a482-8cf585a5c3db:605,9936,9937,1,0,1,0,0,0,0,0
agentsight,e58fce112c6e,complete,codex:rollout-2026-06-03T17-42-04-019e9014-8640-79d3-a482-8cf585a5c3db:605,codex:rollout-2026-06-03T17-42-04-019e9014-8640-79d3-a482-8cf585a5c3db:608,9937,9940,3,19739,1,0,0,0,0,0
agentsight,e58fce112c6e,complete,codex:rollout-2026-06-03T17-42-04-019e9014-8640-79d3-a482-8cf585a5c3db:608,codex:rollout-2026-06-03T17-42-04-019e9014-8640-79d3-a482-8cf585a5c3db:621,9940,9953,13,82642,1,0,0,0,0,0
agentsight,e58fce112c6e,complete,codex:rollout-2026-06-03T17-42-04-019e9014-8640-79d3-a482-8cf585a5c3db:621,codex:rollout-2026-06-03T17-42-04-019e9014-8640-79d3-a482-8cf585a5c3db:622,9953,9954,1,4,1,0,0,0,0,0
agentsight,e58fce112c6e,complete,codex:rollout-2026-06-03T17-42-04-019e9014-8640-79d3-a482-8cf585a5c3db:622,codex:rollout-2026-06-03T17-42-04-019e9014-8640-79d3-a482-8cf585a5c3db:625,9954,9957,3,21453,1,0,0,0,0,0
agentsight,e58fce112c6e,complete,codex:rollout-2026-06-03T17-42-04-019e9014-8640-79d3-a482-8cf585a5c3db:625,codex:rollout-2026-06-03T17-42-04-019e9014-8640-79d3-a482-8cf585a5c3db:626,9957,9958,1,12,1,0,0,0,0,0
agentsight,e58fce112c6e,complete,codex:rollout-2026-06-03T17-42-04-019e9014-8640-79d3-a482-8cf585a5c3db:626,codex:rollout-2026-06-03T17-42-04-019e9014-8640-79d3-a482-8cf585a5c3db:627,9958,9959,1,0,1,0,0,0,0,0
agentsight,e58fce112c6e,complete,codex:rollout-2026-06-03T17-42-04-019e9014-8640-79d3-a482-8cf585a5c3db:627,codex:rollout-2026-06-03T17-42-04-019e9014-8640-79d3-a482-8cf585a5c3db:667,9959,10011,52,1482497,2,0,0,1,0,0
agentsight,e58fce112c6e,complete,codex:rollout-2026-06-03T17-42-04-019e9014-8640-79d3-a482-8cf585a5c3db:667,codex:rollout-2026-06-03T17-42-04-019e9014-8640-79d3-a482-8cf585a5c3db:671,10011,10015,4,27285,1,0,0,0,0,0
agentsight,e58fce112c6e,complete,codex:rollout-2026-06-03T17-42-04-019e9014-8640-79d3-a482-8cf585a5c3db:671,codex:rollout-2026-06-03T17-42-04-019e9014-8640-79d3-a482-8cf585a5c3db:682,10015,10026,11,67844,1,0,0,0,0,0
agentsight,e58fce112c6e,complete,codex:rollout-2026-06-03T17-42-04-019e9014-8640-79d3-a482-8cf585a5c3db:682,codex:rollout-2026-06-03T17-42-04-019e9014-8640-79d3-a482-8cf585a5c3db:683,10026,10027,1,0,1,0,0,0,0,0
agentsight,e58fce112c6e,complete,codex:rollout-2026-06-03T17-42-04-019e9014-8640-79d3-a482-8cf585a5c3db:683,codex:rollout-2026-06-03T17-42-04-019e9014-8640-79d3-a482-8cf585a5c3db:700,10027,10044,17,125576,1,0,0,0,0,0
agentsight,e58fce112c6e,complete,codex:rollout-2026-06-03T17-42-04-019e9014-8640-79d3-a482-8cf585a5c3db:700,codex:rollout-2026-06-03T17-42-04-019e9014-8640-79d3-a482-8cf585a5c3db:701,10044,10045,1,1,1,0,0,0,0,0
agentsight,e58fce112c6e,complete,codex:rollout-2026-06-03T17-42-04-019e9014-8640-79d3-a482-8cf585a5c3db:701,codex:rollout-2026-06-03T17-42-04-019e9014-8640-79d3-a482-8cf585a5c3db:712,10045,10056,11,85895,1,0,0,1,0,0
agentsight,e58fce112c6e,complete,codex:rollout-2026-06-03T17-42-04-019e9014-8640-79d3-a482-8cf585a5c3db:712,codex:rollout-2026-06-03T17-42-04-019e9014-8640-79d3-a482-8cf585a5c3db:713,10056,10057,1,1,1,0,0,0,0,0
agentsight,e58fce112c6e,complete,codex:rollout-2026-06-03T17-42-04-019e9014-8640-79d3-a482-8cf585a5c3db:713,codex:rollout-2026-06-03T17-42-04-019e9014-8640-79d3-a482-8cf585a5c3db:716,10057,10060,3,22851,1,0,0,0,0,0
agentsight,e58fce112c6e,complete,codex:rollout-2026-06-03T17-42-04-019e9014-8640-79d3-a482-8cf585a5c3db:716,codex:rollout-2026-06-03T17-42-04-019e9014-8640-79d3-a482-8cf585a5c3db:717,10060,10061,1,45,1,0,0,0,0,0
agentsight,e58fce112c6e,complete,codex:rollout-2026-06-03T17-42-04-019e9014-8640-79d3-a482-8cf585a5c3db:717,codex:rollout-2026-06-03T17-42-04-019e9014-8640-79d3-a482-8cf585a5c3db:738,10061,10127,66,343861,2,0,0,0,0,0
agentsight,e58fce112c6e,complete,codex:rollout-2026-06-03T17-42-04-019e9014-8640-79d3-a482-8cf585a5c3db:738,codex:rollout-2026-06-03T17-42-04-019e9014-8640-79d3-a482-8cf585a5c3db:739,10127,10128,1,0,1,0,0,0,0,0
agentsight,e58fce112c6e,complete,codex:rollout-2026-06-03T17-42-04-019e9014-8640-79d3-a482-8cf585a5c3db:739,codex:rollout-2026-06-03T17-42-04-019e9014-8640-79d3-a482-8cf585a5c3db:741,10128,10130,2,20343,1,0,0,0,0,0
agentsight,e58fce112c6e,complete,codex:rollout-2026-06-03T17-42-04-019e9014-8640-79d3-a482-8cf585a5c3db:741,codex:rollout-2026-06-03T17-42-04-019e9014-8640-79d3-a482-8cf585a5c3db:745,10130,10134,4,37660,1,0,0,0,0,0
agentsight,e58fce112c6e,complete,codex:rollout-2026-06-03T17-42-04-019e9014-8640-79d3-a482-8cf585a5c3db:745,codex:rollout-2026-06-03T17-42-04-019e9014-8640-79d3-a482-8cf585a5c3db:746,10134,10135,1,46,1,0,0,0,0,0
agentsight,e58fce112c6e,complete,codex:rollout-2026-06-03T17-42-04-019e9014-8640-79d3-a482-8cf585a5c3db:746,codex:rollout-2026-06-03T17-42-04-019e9014-8640-79d3-a482-8cf585a5c3db:748,10135,10137,2,19359,1,0,0,0,0,0
agentsight,e58fce112c6e,complete,codex:rollout-2026-06-03T17-42-04-019e9014-8640-79d3-a482-8cf585a5c3db:748,codex:rollout-2026-06-03T17-42-04-019e9014-8640-79d3-a482-8cf585a5c3db:813,10137,10245,108,931367,3,0,0,0,0,0
agentsight,e58fce112c6e,complete,codex:rollout-2026-06-03T17-42-04-019e9014-8640-79d3-a482-8cf585a5c3db:813,codex:rollout-2026-06-03T17-42-04-019e9014-8640-79d3-a482-8cf585a5c3db:831,10245,10263,18,67815,1,0,0,2,0,0
agentsight,e58fce112c6e,complete,codex:rollout-2026-06-03T17-42-04-019e9014-8640-79d3-a482-8cf585a5c3db:831,codex:rollout-2026-06-03T17-42-04-019e9014-8640-79d3-a482-8cf585a5c3db:832,10263,10264,1,10,1,0,0,0,0,0
agentsight,e58fce112c6e,complete,codex:rollout-2026-06-03T17-42-04-019e9014-8640-79d3-a482-8cf585a5c3db:832,codex:rollout-2026-06-03T17-42-04-019e9014-8640-79d3-a482-8cf585a5c3db:833,10264,10265,1,1,1,0,0,0,0,0
agentsight,e58fce112c6e,complete,codex:rollout-2026-06-03T17-42-04-019e9014-8640-79d3-a482-8cf585a5c3db:833,codex:rollout-2026-06-03T17-42-04-019e9014-8640-79d3-a482-8cf585a5c3db:835,10265,10267,2,28874,1,0,0,0,0,0
agentsight,e58fce112c6e,complete,codex:rollout-2026-06-03T17-42-04-019e9014-8640-79d3-a482-8cf585a5c3db:835,codex:rollout-2026-06-03T17-42-04-019e9014-8640-79d3-a482-8cf585a5c3db:979,10267,10417,150,1158121,2,0,0,0,0,0
agentsight,e58fce112c6e,complete,codex:rollout-2026-06-03T17-42-04-019e9014-8640-79d3-a482-8cf585a5c3db:979,codex:rollout-2026-06-03T17-42-04-019e9014-8640-79d3-a482-8cf585a5c3db:991,10417,10429,12,67206,1,0,0,1,0,0
agentsight,e58fce112c6e,complete,codex:rollout-2026-06-03T17-42-04-019e9014-8640-79d3-a482-8cf585a5c3db:991,codex:rollout-2026-06-03T17-42-04-019e9014-8640-79d3-a482-8cf585a5c3db:1080,10429,10518,89,711653,1,1,1,1,0,0
agentsight,e58fce112c6e,complete,codex:rollout-2026-06-03T17-42-04-019e9014-8640-79d3-a482-8cf585a5c3db:1080,codex:rollout-2026-06-03T17-42-04-019e9014-8640-79d3-a482-8cf585a5c3db:1081,10518,10519,1,13,1,0,0,0,0,0
agentsight,e58fce112c6e,complete,codex:rollout-2026-06-03T17-42-04-019e9014-8640-79d3-a482-8cf585a5c3db:1081,codex:rollout-2026-06-03T17-42-04-019e9014-8640-79d3-a482-8cf585a5c3db:1100,10519,10538,19,154200,1,0,0,0,0,0
agentsight,e58fce112c6e,complete,codex:rollout-2026-06-03T17-42-04-019e9014-8640-79d3-a482-8cf585a5c3db:1100,codex:rollout-2026-06-03T17-42-04-019e9014-8640-79d3-a482-8cf585a5c3db:1101,10538,10539,1,0,1,0,0,0,0,0
agentsight,e58fce112c6e,complete,codex:rollout-2026-06-03T17-42-04-019e9014-8640-79d3-a482-8cf585a5c3db:1101,codex:rollout-2026-06-03T17-42-04-019e9014-8640-79d3-a482-8cf585a5c3db:1104,10539,10542,3,29834,1,0,0,0,0,0
agentsight,e58fce112c6e,complete,codex:rollout-2026-06-03T17-42-04-019e9014-8640-79d3-a482-8cf585a5c3db:1104,codex:rollout-2026-06-03T17-42-04-019e9014-8640-79d3-a482-8cf585a5c3db:1105,10542,10543,1,17,1,0,0,0,0,0
agentsight,e58fce112c6e,complete,codex:rollout-2026-06-03T17-42-04-019e9014-8640-79d3-a482-8cf585a5c3db:1105,codex:rollout-2026-06-03T17-42-04-019e9014-8640-79d3-a482-8cf585a5c3db:1107,10543,10545,2,24291,1,0,0,0,0,0
agentsight,e58fce112c6e,complete,codex:rollout-2026-06-03T17-42-04-019e9014-8640-79d3-a482-8cf585a5c3db:1107,codex:rollout-2026-06-03T21-42-16-019e90f0-6eb0-7591-afdb-e401e736a7e7:35,10545,10594,49,155000,2,0,0,0,0,0
agentsight,e58fce112c6e,complete,codex:rollout-2026-06-03T21-42-16-019e90f0-6eb0-7591-afdb-e401e736a7e7:35,codex:rollout-2026-06-03T21-42-16-019e90f0-6eb0-7591-afdb-e401e736a7e7:40,10594,10599,5,14418,1,0,0,0,0,0
agentsight,e58fce112c6e,complete,codex:rollout-2026-06-03T21-42-16-019e90f0-6eb0-7591-afdb-e401e736a7e7:40,codex:rollout-2026-06-03T17-42-04-019e9014-8640-79d3-a482-8cf585a5c3db:1159,10599,10655,56,410337,2,0,0,0,0,0
agentsight,e58fce112c6e,complete,codex:rollout-2026-06-03T17-42-04-019e9014-8640-79d3-a482-8cf585a5c3db:1159,codex:rollout-2026-06-03T17-42-04-019e9014-8640-79d3-a482-8cf585a5c3db:1160,10655,10656,1,0,1,0,0,0,0,0
agentsight,e58fce112c6e,complete,codex:rollout-2026-06-03T17-42-04-019e9014-8640-79d3-a482-8cf585a5c3db:1160,codex:rollout-2026-06-03T17-42-04-019e9014-8640-79d3-a482-8cf585a5c3db:1161,10656,10657,1,62,1,0,0,0,0,0
agentsight,e58fce112c6e,complete,codex:rollout-2026-06-03T17-42-04-019e9014-8640-79d3-a482-8cf585a5c3db:1161,codex:rollout-2026-06-03T17-42-04-019e9014-8640-79d3-a482-8cf585a5c3db:1166,10657,10662,5,23652,1,0,0,0,0,0
agentsight,e58fce112c6e,complete,codex:rollout-2026-06-03T17-42-04-019e9014-8640-79d3-a482-8cf585a5c3db:1166,codex:rollout-2026-06-03T17-42-04-019e9014-8640-79d3-a482-8cf585a5c3db:1167,10662,10663,1,1,1,0,0,0,0,0
agentsight,e58fce112c6e,complete,codex:rollout-2026-06-03T17-42-04-019e9014-8640-79d3-a482-8cf585a5c3db:1167,codex:rollout-2026-06-03T17-42-04-019e9014-8640-79d3-a482-8cf585a5c3db:1179,10663,10675,12,65567,1,0,0,0,0,0
agentsight,e58fce112c6e,complete,codex:rollout-2026-06-03T17-42-04-019e9014-8640-79d3-a482-8cf585a5c3db:1179,codex:rollout-2026-06-03T17-42-04-019e9014-8640-79d3-a482-8cf585a5c3db:1182,10675,10678,3,8720,1,0,0,0,0,0
agentsight,e58fce112c6e,complete,codex:rollout-2026-06-03T17-42-04-019e9014-8640-79d3-a482-8cf585a5c3db:1182,codex:rollout-2026-06-03T17-42-04-019e9014-8640-79d3-a482-8cf585a5c3db:1183,10678,10679,1,23,1,0,0,0,0,0
agentsight,e58fce112c6e,complete,codex:rollout-2026-06-03T17-42-04-019e9014-8640-79d3-a482-8cf585a5c3db:1183,codex:rollout-2026-06-03T17-42-04-019e9014-8640-79d3-a482-8cf585a5c3db:1184,10679,10680,1,1,1,0,0,0,0,0
agentsight,e58fce112c6e,complete,codex:rollout-2026-06-03T17-42-04-019e9014-8640-79d3-a482-8cf585a5c3db:1184,codex:rollout-2026-06-03T17-42-04-019e9014-8640-79d3-a482-8cf585a5c3db:1208,10680,10787,107,490377,4,0,0,0,0,0
agentsight,e58fce112c6e,complete,codex:rollout-2026-06-03T17-42-04-019e9014-8640-79d3-a482-8cf585a5c3db:1208,codex:rollout-2026-06-03T17-42-04-019e9014-8640-79d3-a482-8cf585a5c3db:1209,10787,10788,1,1,1,0,0,0,0,0
agentsight,e58fce112c6e,complete,codex:rollout-2026-06-03T17-42-04-019e9014-8640-79d3-a482-8cf585a5c3db:1209,codex:rollout-2026-06-03T17-42-04-019e9014-8640-79d3-a482-8cf585a5c3db:1227,10788,10806,18,174579,1,0,0,0,0,0
agentsight,e58fce112c6e,complete,codex:rollout-2026-06-03T17-42-04-019e9014-8640-79d3-a482-8cf585a5c3db:1227,codex:rollout-2026-06-03T17-42-04-019e9014-8640-79d3-a482-8cf585a5c3db:1228,10806,10807,1,35,1,0,0,0,0,0
agentsight,e58fce112c6e,complete,codex:rollout-2026-06-03T17-42-04-019e9014-8640-79d3-a482-8cf585a5c3db:1228,claude:7ad7c67d-e6e3-4e64-afa1-4327e4497858:60,10807,10901,94,2249293,3,5,2,0,0,0
agentsight,e58fce112c6e,complete,claude:7ad7c67d-e6e3-4e64-afa1-4327e4497858:60,claude:7ad7c67d-e6e3-4e64-afa1-4327e4497858:61,10901,10906,5,6587,2,0,0,0,0,0
agentsight,e58fce112c6e,complete,claude:7ad7c67d-e6e3-4e64-afa1-4327e4497858:61,codex:rollout-2026-06-03T17-42-04-019e9014-8640-79d3-a482-8cf585a5c3db:1334,10906,11027,121,1078249,3,0,0,0,0,0
agentsight,e58fce112c6e,complete,codex:rollout-2026-06-03T17-42-04-019e9014-8640-79d3-a482-8cf585a5c3db:1334,codex:rollout-2026-06-03T17-42-04-019e9014-8640-79d3-a482-8cf585a5c3db:1339,11027,11032,5,21473,1,0,0,0,0,0
agentsight,e58fce112c6e,complete,codex:rollout-2026-06-03T17-42-04-019e9014-8640-79d3-a482-8cf585a5c3db:1339,codex:rollout-2026-06-03T17-42-04-019e9014-8640-79d3-a482-8cf585a5c3db:1348,11032,11041,9,71284,1,0,0,2,0,0
agentsight,e58fce112c6e,complete,codex:rollout-2026-06-03T17-42-04-019e9014-8640-79d3-a482-8cf585a5c3db:1348,codex:rollout-2026-06-03T17-42-04-019e9014-8640-79d3-a482-8cf585a5c3db:1349,11041,11042,1,8065,1,0,0,0,0,0
agentsight,e58fce112c6e,complete,codex:rollout-2026-06-03T17-42-04-019e9014-8640-79d3-a482-8cf585a5c3db:1349,codex:rollout-2026-06-03T17-42-04-019e9014-8640-79d3-a482-8cf585a5c3db:1358,11042,11051,9,53849,1,0,0,0,0,0
agentsight,e58fce112c6e,complete,codex:rollout-2026-06-03T17-42-04-019e9014-8640-79d3-a482-8cf585a5c3db:1358,codex:rollout-2026-06-03T17-42-04-019e9014-8640-79d3-a482-8cf585a5c3db:1359,11051,11052,1,9158,1,0,0,0,0,0
agentsight,e58fce112c6e,complete,codex:rollout-2026-06-03T17-42-04-019e9014-8640-79d3-a482-8cf585a5c3db:1359,codex:rollout-2026-06-03T17-42-04-019e9014-8640-79d3-a482-8cf585a5c3db:1371,11052,11064,12,86992,1,0,0,0,0,0
agentsight,e58fce112c6e,complete,codex:rollout-2026-06-03T17-42-04-019e9014-8640-79d3-a482-8cf585a5c3db:1371,codex:rollout-2026-06-03T17-42-04-019e9014-8640-79d3-a482-8cf585a5c3db:1376,11064,11069,5,29016,1,0,0,0,0,0
agentsight,e58fce112c6e,complete,codex:rollout-2026-06-03T17-42-04-019e9014-8640-79d3-a482-8cf585a5c3db:1376,codex:rollout-2026-06-03T17-42-04-019e9014-8640-79d3-a482-8cf585a5c3db:1381,11069,11074,5,27933,1,0,0,0,0,0
agentsight,e58fce112c6e,complete,codex:rollout-2026-06-03T17-42-04-019e9014-8640-79d3-a482-8cf585a5c3db:1381,codex:rollout-2026-06-03T17-42-04-019e9014-8640-79d3-a482-8cf585a5c3db:1410,11074,11165,91,490316,2,0,0,0,0,0
agentsight,e58fce112c6e,complete,codex:rollout-2026-06-03T17-42-04-019e9014-8640-79d3-a482-8cf585a5c3db:1410,codex:rollout-2026-06-03T17-42-04-019e9014-8640-79d3-a482-8cf585a5c3db:1411,11165,11166,1,5697,1,0,0,0,0,0
agentsight,e58fce112c6e,complete,codex:rollout-2026-06-03T17-42-04-019e9014-8640-79d3-a482-8cf585a5c3db:1411,codex:rollout-2026-06-03T17-42-04-019e9014-8640-79d3-a482-8cf585a5c3db:1419,11166,11174,8,54971,1,0,0,0,0,0
agentsight,e58fce112c6e,complete,codex:rollout-2026-06-03T17-42-04-019e9014-8640-79d3-a482-8cf585a5c3db:1419,claude:7ad7c67d-e6e3-4e64-afa1-4327e4497858:85,11174,11209,35,1427451,2,1,1,0,0,0
agentsight,e58fce112c6e,complete,claude:7ad7c67d-e6e3-4e64-afa1-4327e4497858:85,claude:7ad7c67d-e6e3-4e64-afa1-4327e4497858:86,11209,11210,1,4437,1,0,0,0,0,0
agentsight,e58fce112c6e,complete,claude:7ad7c67d-e6e3-4e64-afa1-4327e4497858:86,claude:7ad7c67d-e6e3-4e64-afa1-4327e4497858:87,11210,11214,4,7063,2,0,0,0,0,0
agentsight,e58fce112c6e,complete,claude:7ad7c67d-e6e3-4e64-afa1-4327e4497858:87,claude:7ad7c67d-e6e3-4e64-afa1-4327e4497858:88,11214,11215,1,5564,1,0,0,0,0,0
agentsight,e58fce112c6e,complete,claude:7ad7c67d-e6e3-4e64-afa1-4327e4497858:88,claude:7ad7c67d-e6e3-4e64-afa1-4327e4497858:89,11215,11216,1,5440,1,0,0,0,0,0
agentsight,e58fce112c6e,complete,claude:7ad7c67d-e6e3-4e64-afa1-4327e4497858:89,claude:7ad7c67d-e6e3-4e64-afa1-4327e4497858:90,11216,11218,2,5889,2,0,0,0,0,0
agentsight,e58fce112c6e,complete,claude:7ad7c67d-e6e3-4e64-afa1-4327e4497858:90,codex:rollout-2026-06-03T17-42-04-019e9014-8640-79d3-a482-8cf585a5c3db:1438,11218,11220,2,5863,1,0,0,0,0,0
agentsight,e58fce112c6e,complete,codex:rollout-2026-06-03T17-42-04-019e9014-8640-79d3-a482-8cf585a5c3db:1438,claude:7ad7c67d-e6e3-4e64-afa1-4327e4497858:91,11220,11221,1,2646,1,0,0,0,0,0
agentsight,e58fce112c6e,complete,claude:7ad7c67d-e6e3-4e64-afa1-4327e4497858:91,claude:7ad7c67d-e6e3-4e64-afa1-4327e4497858:92,11221,11222,1,8620,1,0,0,0,0,0
agentsight,e58fce112c6e,complete,claude:7ad7c67d-e6e3-4e64-afa1-4327e4497858:92,codex:rollout-2026-06-03T17-42-04-019e9014-8640-79d3-a482-8cf585a5c3db:1439,11222,11223,1,2769,1,0,0,0,0,0
agentsight,e58fce112c6e,complete,codex:rollout-2026-06-03T17-42-04-019e9014-8640-79d3-a482-8cf585a5c3db:1439,codex:rollout-2026-06-03T17-42-04-019e9014-8640-79d3-a482-8cf585a5c3db:1441,11223,11225,2,20266,1,0,0,0,0,0
agentsight,e58fce112c6e,complete,codex:rollout-2026-06-03T17-42-04-019e9014-8640-79d3-a482-8cf585a5c3db:1441,codex:rollout-2026-06-03T17-42-04-019e9014-8640-79d3-a482-8cf585a5c3db:1451,11225,11235,10,76055,1,0,0,0,0,0
agentsight,e58fce112c6e,complete,codex:rollout-2026-06-03T17-42-04-019e9014-8640-79d3-a482-8cf585a5c3db:1451,codex:rollout-2026-06-03T17-42-04-019e9014-8640-79d3-a482-8cf585a5c3db:1582,11235,11468,233,1884815,5,0,0,1,0,0
agentsight,e58fce112c6e,complete,codex:rollout-2026-06-03T17-42-04-019e9014-8640-79d3-a482-8cf585a5c3db:1582,codex:rollout-2026-06-03T17-42-04-019e9014-8640-79d3-a482-8cf585a5c3db:1583,11468,11469,1,9362,1,0,0,0,0,0
agentsight,e58fce112c6e,complete,codex:rollout-2026-06-03T17-42-04-019e9014-8640-79d3-a482-8cf585a5c3db:1583,codex:rollout-2026-06-03T17-42-04-019e9014-8640-79d3-a482-8cf585a5c3db:1586,11469,11472,3,7024,1,0,0,0,0,0
agentsight,e58fce112c6e,complete,codex:rollout-2026-06-03T17-42-04-019e9014-8640-79d3-a482-8cf585a5c3db:1586,codex:rollout-2026-06-03T17-42-04-019e9014-8640-79d3-a482-8cf585a5c3db:1604,11472,11490,18,75610,1,0,0,0,0,0
agentsight,e58fce112c6e,complete,codex:rollout-2026-06-03T17-42-04-019e9014-8640-79d3-a482-8cf585a5c3db:1604,codex:rollout-2026-06-03T17-42-04-019e9014-8640-79d3-a482-8cf585a5c3db:1605,11490,11491,1,28,1,0,0,0,0,0
agentsight,e58fce112c6e,complete,codex:rollout-2026-06-03T17-42-04-019e9014-8640-79d3-a482-8cf585a5c3db:1605,codex:rollout-2026-06-03T17-42-04-019e9014-8640-79d3-a482-8cf585a5c3db:1606,11491,11492,1,9450,1,0,0,0,0,0
agentsight,e58fce112c6e,complete,codex:rollout-2026-06-03T17-42-04-019e9014-8640-79d3-a482-8cf585a5c3db:1606,codex:rollout-2026-06-03T17-42-04-019e9014-8640-79d3-a482-8cf585a5c3db:1643,11492,11529,37,523519,1,0,0,1,0,0
agentsight,e58fce112c6e,complete,codex:rollout-2026-06-03T17-42-04-019e9014-8640-79d3-a482-8cf585a5c3db:1643,codex:rollout-2026-06-03T17-42-04-019e9014-8640-79d3-a482-8cf585a5c3db:1644,11529,11530,1,0,1,0,0,0,0,0
agentsight,e58fce112c6e,complete,codex:rollout-2026-06-03T17-42-04-019e9014-8640-79d3-a482-8cf585a5c3db:1644,codex:rollout-2026-06-03T17-42-04-019e9014-8640-79d3-a482-8cf585a5c3db:1651,11530,11537,7,51230,1,0,0,0,0,0
agentsight,e58fce112c6e,complete,codex:rollout-2026-06-03T17-42-04-019e9014-8640-79d3-a482-8cf585a5c3db:1651,codex:rollout-2026-06-03T17-42-04-019e9014-8640-79d3-a482-8cf585a5c3db:1652,11537,11538,1,35,1,0,0,0,0,0
agentsight,e58fce112c6e,complete,codex:rollout-2026-06-03T17-42-04-019e9014-8640-79d3-a482-8cf585a5c3db:1652,codex:rollout-2026-06-03T17-42-04-019e9014-8640-79d3-a482-8cf585a5c3db:1655,11538,11541,3,32218,1,0,0,0,0,0
agentsight,e58fce112c6e,complete,codex:rollout-2026-06-03T17-42-04-019e9014-8640-79d3-a482-8cf585a5c3db:1655,codex:rollout-2026-06-03T17-42-04-019e9014-8640-79d3-a482-8cf585a5c3db:1656,11541,11542,1,3,1,0,0,0,0,0
agentsight,e58fce112c6e,complete,codex:rollout-2026-06-03T17-42-04-019e9014-8640-79d3-a482-8cf585a5c3db:1656,codex:rollout-2026-06-03T17-42-04-019e9014-8640-79d3-a482-8cf585a5c3db:1657,11542,11543,1,11688,1,0,0,0,0,0
agentsight,e58fce112c6e,complete,codex:rollout-2026-06-03T17-42-04-019e9014-8640-79d3-a482-8cf585a5c3db:1657,codex:rollout-2026-06-03T17-42-04-019e9014-8640-79d3-a482-8cf585a5c3db:1685,11543,11571,28,196850,1,0,0,2,0,0
agentsight,e58fce112c6e,complete,codex:rollout-2026-06-03T17-42-04-019e9014-8640-79d3-a482-8cf585a5c3db:1685,codex:rollout-2026-06-03T17-42-04-019e9014-8640-79d3-a482-8cf585a5c3db:1686,11571,11572,1,34,1,0,0,0,0,0
agentsight,e58fce112c6e,complete,codex:rollout-2026-06-03T17-42-04-019e9014-8640-79d3-a482-8cf585a5c3db:1686,codex:rollout-2026-06-03T17-42-04-019e9014-8640-79d3-a482-8cf585a5c3db:1694,11572,11580,8,51449,1,0,0,0,0,0
agentsight,e58fce112c6e,complete,codex:rollout-2026-06-03T17-42-04-019e9014-8640-79d3-a482-8cf585a5c3db:1694,codex:rollout-2026-06-03T17-42-04-019e9014-8640-79d3-a482-8cf585a5c3db:1695,11580,11581,1,37,1,0,0,0,0,0
agentsight,e58fce112c6e,complete,codex:rollout-2026-06-03T17-42-04-019e9014-8640-79d3-a482-8cf585a5c3db:1695,codex:rollout-2026-06-03T17-42-04-019e9014-8640-79d3-a482-8cf585a5c3db:1756,11581,11657,76,287065,2,0,0,0,0,0
agentsight,e58fce112c6e,complete,codex:rollout-2026-06-03T17-42-04-019e9014-8640-79d3-a482-8cf585a5c3db:1756,codex:rollout-2026-06-03T17-42-04-019e9014-8640-79d3-a482-8cf585a5c3db:1757,11657,11658,1,0,1,0,0,0,0,0
agentsight,e58fce112c6e,complete,codex:rollout-2026-06-03T17-42-04-019e9014-8640-79d3-a482-8cf585a5c3db:1757,codex:rollout-2026-06-03T17-42-04-019e9014-8640-79d3-a482-8cf585a5c3db:1782,11658,11722,64,239597,2,0,0,0,0,0
agentsight,e58fce112c6e,complete,codex:rollout-2026-06-03T17-42-04-019e9014-8640-79d3-a482-8cf585a5c3db:1782,codex:rollout-2026-06-03T17-42-04-019e9014-8640-79d3-a482-8cf585a5c3db:1806,11722,11746,24,160929,1,0,0,0,0,0
agentsight,e58fce112c6e,complete,codex:rollout-2026-06-03T17-42-04-019e9014-8640-79d3-a482-8cf585a5c3db:1806,codex:rollout-2026-06-03T17-42-04-019e9014-8640-79d3-a482-8cf585a5c3db:1807,11746,11747,1,0,1,0,0,0,0,0
agentsight,e58fce112c6e,complete,codex:rollout-2026-06-03T17-42-04-019e9014-8640-79d3-a482-8cf585a5c3db:1807,codex:rollout-2026-06-03T17-42-04-019e9014-8640-79d3-a482-8cf585a5c3db:1830,11747,11770,23,113910,1,0,0,0,0,0
agentsight,e58fce112c6e,complete,codex:rollout-2026-06-03T17-42-04-019e9014-8640-79d3-a482-8cf585a5c3db:1830,codex:rollout-2026-06-03T17-42-04-019e9014-8640-79d3-a482-8cf585a5c3db:1833,11770,11773,3,25048,1,0,0,0,0,0
agentsight,e58fce112c6e,complete,codex:rollout-2026-06-03T17-42-04-019e9014-8640-79d3-a482-8cf585a5c3db:1833,codex:rollout-2026-06-03T17-42-04-019e9014-8640-79d3-a482-8cf585a5c3db:1834,11773,11774,1,0,1,0,0,0,0,0
agentsight,e58fce112c6e,complete,codex:rollout-2026-06-03T17-42-04-019e9014-8640-79d3-a482-8cf585a5c3db:1834,claude:18cf8818-865b-44a4-8f5d-92c5d97a2c6d:88,11774,12008,234,2111511,7,19,9,0,0,0
agentsight,e58fce112c6e,complete,claude:18cf8818-865b-44a4-8f5d-92c5d97a2c6d:88,claude:18cf8818-865b-44a4-8f5d-92c5d97a2c6d:100,12008,12020,12,51780,1,10,3,0,0,0
agentsight,e58fce112c6e,complete,claude:18cf8818-865b-44a4-8f5d-92c5d97a2c6d:100,claude:18cf8818-865b-44a4-8f5d-92c5d97a2c6d:104,12020,12024,4,17468,1,2,2,0,0,0
agentsight,e58fce112c6e,complete,claude:18cf8818-865b-44a4-8f5d-92c5d97a2c6d:104,claude:18cf8818-865b-44a4-8f5d-92c5d97a2c6d:105,12024,12025,1,4846,1,0,0,0,0,0
agentsight,e58fce112c6e,complete,claude:18cf8818-865b-44a4-8f5d-92c5d97a2c6d:105,claude:18cf8818-865b-44a4-8f5d-92c5d97a2c6d:113,12025,12033,8,36744,1,7,3,0,0,0
agentsight,e58fce112c6e,complete,claude:18cf8818-865b-44a4-8f5d-92c5d97a2c6d:113,claude:18cf8818-865b-44a4-8f5d-92c5d97a2c6d:137,12033,12057,24,85464,1,9,7,0,0,0
agentsight,e58fce112c6e,complete,claude:18cf8818-865b-44a4-8f5d-92c5d97a2c6d:137,claude:18cf8818-865b-44a4-8f5d-92c5d97a2c6d:140,12057,12060,3,11744,1,1,1,0,0,0
agentsight,e58fce112c6e,complete,claude:18cf8818-865b-44a4-8f5d-92c5d97a2c6d:140,claude:18cf8818-865b-44a4-8f5d-92c5d97a2c6d:146,12060,12066,6,8533,1,0,0,0,0,0
agentsight,e58fce112c6e,complete,claude:18cf8818-865b-44a4-8f5d-92c5d97a2c6d:146,codex:rollout-2026-06-04T01-09-06-019e91ad-cc38-7c23-a47a-f5e71fb1d14a:13,12066,12084,18,2025753,2,0,0,0,0,0
agentsight,e58fce112c6e,complete,codex:rollout-2026-06-04T01-09-06-019e91ad-cc38-7c23-a47a-f5e71fb1d14a:13,codex:rollout-2026-06-04T01-09-06-019e91ad-cc38-7c23-a47a-f5e71fb1d14a:69,12084,12213,129,113854,4,0,0,0,0,0
agentsight,e58fce112c6e,complete,codex:rollout-2026-06-04T01-09-06-019e91ad-cc38-7c23-a47a-f5e71fb1d14a:69,codex:rollout-2026-06-04T01-09-06-019e91ad-cc38-7c23-a47a-f5e71fb1d14a:105,12213,12268,55,129126,3,0,0,0,0,0
agentsight,e58fce112c6e,complete,codex:rollout-2026-06-04T01-09-06-019e91ad-cc38-7c23-a47a-f5e71fb1d14a:105,claude:18cf8818-865b-44a4-8f5d-92c5d97a2c6d:227,12268,12386,118,562913,3,0,0,0,0,0
agentsight,e58fce112c6e,complete,claude:18cf8818-865b-44a4-8f5d-92c5d97a2c6d:227,claude:18cf8818-865b-44a4-8f5d-92c5d97a2c6d:261,12386,12420,34,493318,1,1,1,0,0,0
agentsight,e58fce112c6e,complete,claude:18cf8818-865b-44a4-8f5d-92c5d97a2c6d:261,claude:18cf8818-865b-44a4-8f5d-92c5d97a2c6d:265,12420,12424,4,43478,1,1,1,0,0,0
agentsight,e58fce112c6e,complete,claude:18cf8818-865b-44a4-8f5d-92c5d97a2c6d:265,claude:18cf8818-865b-44a4-8f5d-92c5d97a2c6d:267,12424,12426,2,23036,1,0,0,0,0,0
agentsight,e58fce112c6e,complete,claude:18cf8818-865b-44a4-8f5d-92c5d97a2c6d:267,claude:18cf8818-865b-44a4-8f5d-92c5d97a2c6d:334,12426,12493,67,1272862,1,21,5,0,0,0
agentsight,e58fce112c6e,complete,claude:18cf8818-865b-44a4-8f5d-92c5d97a2c6d:334,claude:18cf8818-865b-44a4-8f5d-92c5d97a2c6d:336,12493,12495,2,19648,1,1,1,0,0,0
agentsight,e58fce112c6e,complete,claude:18cf8818-865b-44a4-8f5d-92c5d97a2c6d:336,claude:18cf8818-865b-44a4-8f5d-92c5d97a2c6d:337,12495,12496,1,19087,1,0,0,0,0,0
agentsight,e58fce112c6e,complete,claude:18cf8818-865b-44a4-8f5d-92c5d97a2c6d:337,claude:18cf8818-865b-44a4-8f5d-92c5d97a2c6d:344,12496,12503,7,45557,1,1,1,0,0,0
agentsight,e58fce112c6e,complete,claude:18cf8818-865b-44a4-8f5d-92c5d97a2c6d:344,claude:18cf8818-865b-44a4-8f5d-92c5d97a2c6d:345,12503,12504,1,2609,1,0,0,0,0,0
agentsight,e58fce112c6e,complete,claude:18cf8818-865b-44a4-8f5d-92c5d97a2c6d:345,claude:18cf8818-865b-44a4-8f5d-92c5d97a2c6d:347,12504,12506,2,7163,1,0,0,0,0,0
agentsight,e58fce112c6e,complete,claude:18cf8818-865b-44a4-8f5d-92c5d97a2c6d:347,claude:18cf8818-865b-44a4-8f5d-92c5d97a2c6d:348,12506,12507,1,3436,1,0,0,0,0,0
agentsight,e58fce112c6e,complete,claude:18cf8818-865b-44a4-8f5d-92c5d97a2c6d:348,claude:18cf8818-865b-44a4-8f5d-92c5d97a2c6d:349,12507,12508,1,3103,1,0,0,0,0,0
agentsight,e58fce112c6e,complete,claude:18cf8818-865b-44a4-8f5d-92c5d97a2c6d:349,claude:18cf8818-865b-44a4-8f5d-92c5d97a2c6d:350,12508,12509,1,6346,1,0,0,0,0,0
agentsight,e58fce112c6e,complete,claude:18cf8818-865b-44a4-8f5d-92c5d97a2c6d:350,claude:18cf8818-865b-44a4-8f5d-92c5d97a2c6d:354,12509,12513,4,777494,1,1,1,0,0,0
agentsight,e58fce112c6e,complete,claude:18cf8818-865b-44a4-8f5d-92c5d97a2c6d:354,claude:18cf8818-865b-44a4-8f5d-92c5d97a2c6d:357,12513,12516,3,37143,1,1,1,0,0,0
agentsight,e58fce112c6e,complete,claude:18cf8818-865b-44a4-8f5d-92c5d97a2c6d:357,claude:18cf8818-865b-44a4-8f5d-92c5d97a2c6d:358,12516,12517,1,17470,1,0,0,0,0,0
agentsight,e58fce112c6e,complete,claude:18cf8818-865b-44a4-8f5d-92c5d97a2c6d:358,claude:18cf8818-865b-44a4-8f5d-92c5d97a2c6d:360,12517,12519,2,13107,1,1,1,0,0,0
agentsight,e58fce112c6e,complete,claude:18cf8818-865b-44a4-8f5d-92c5d97a2c6d:360,claude:18cf8818-865b-44a4-8f5d-92c5d97a2c6d:369,12519,12528,9,128263,1,4,2,0,0,0
agentsight,e58fce112c6e,complete,claude:18cf8818-865b-44a4-8f5d-92c5d97a2c6d:369,claude:18cf8818-865b-44a4-8f5d-92c5d97a2c6d:376,12528,12547,19,540113,2,3,1,0,0,0
agentsight,e58fce112c6e,complete,claude:18cf8818-865b-44a4-8f5d-92c5d97a2c6d:376,claude:18cf8818-865b-44a4-8f5d-92c5d97a2c6d:379,12547,12550,3,18391,1,1,1,0,0,0
agentsight,e58fce112c6e,complete,claude:18cf8818-865b-44a4-8f5d-92c5d97a2c6d:379,claude:18cf8818-865b-44a4-8f5d-92c5d97a2c6d:380,12550,12551,1,9870,1,0,0,0,0,0
agentsight,e58fce112c6e,complete,claude:18cf8818-865b-44a4-8f5d-92c5d97a2c6d:380,claude:18cf8818-865b-44a4-8f5d-92c5d97a2c6d:397,12551,12579,28,178627,2,4,2,0,0,0
agentsight,e58fce112c6e,complete,claude:18cf8818-865b-44a4-8f5d-92c5d97a2c6d:397,claude:18cf8818-865b-44a4-8f5d-92c5d97a2c6d:406,12579,12590,11,74254,2,3,2,0,0,0
agentsight,e58fce112c6e,complete,claude:18cf8818-865b-44a4-8f5d-92c5d97a2c6d:406,claude:18cf8818-865b-44a4-8f5d-92c5d97a2c6d:407,12590,12591,1,10033,1,0,0,0,0,0
agentsight,e58fce112c6e,complete,claude:18cf8818-865b-44a4-8f5d-92c5d97a2c6d:407,codex:rollout-2026-06-04T01-09-06-019e91ad-cc38-7c23-a47a-f5e71fb1d14a:159,12591,12615,24,215043,2,0,0,0,0,0
agentsight,e58fce112c6e,complete,codex:rollout-2026-06-04T01-09-06-019e91ad-cc38-7c23-a47a-f5e71fb1d14a:159,codex:rollout-2026-06-04T01-09-06-019e91ad-cc38-7c23-a47a-f5e71fb1d14a:169,12615,12625,10,52279,1,0,0,0,0,0
agentsight,e58fce112c6e,complete,codex:rollout-2026-06-04T01-09-06-019e91ad-cc38-7c23-a47a-f5e71fb1d14a:169,codex:rollout-2026-06-04T01-09-06-019e91ad-cc38-7c23-a47a-f5e71fb1d14a:175,12625,12631,6,46358,1,0,0,0,0,0
agentsight,e58fce112c6e,complete,codex:rollout-2026-06-04T01-09-06-019e91ad-cc38-7c23-a47a-f5e71fb1d14a:175,codex:rollout-2026-06-04T01-09-06-019e91ad-cc38-7c23-a47a-f5e71fb1d14a:176,12631,12632,1,8,1,0,0,0,0,0
agentsight,e58fce112c6e,complete,codex:rollout-2026-06-04T01-09-06-019e91ad-cc38-7c23-a47a-f5e71fb1d14a:176,claude:18cf8818-865b-44a4-8f5d-92c5d97a2c6d:431,12632,12679,47,141413,2,8,2,0,0,0
agentsight,e58fce112c6e,complete,claude:18cf8818-865b-44a4-8f5d-92c5d97a2c6d:431,claude:18cf8818-865b-44a4-8f5d-92c5d97a2c6d:432,12679,12688,9,10079,2,0,0,0,0,0
agentsight,e58fce112c6e,complete,claude:18cf8818-865b-44a4-8f5d-92c5d97a2c6d:432,codex:rollout-2026-06-04T01-09-06-019e91ad-cc38-7c23-a47a-f5e71fb1d14a:224,12688,12711,23,52266,2,2,2,0,0,0
agentsight,e58fce112c6e,complete,codex:rollout-2026-06-04T01-09-06-019e91ad-cc38-7c23-a47a-f5e71fb1d14a:224,claude:18cf8818-865b-44a4-8f5d-92c5d97a2c6d:441,12711,12713,2,4506,1,1,1,0,0,0
agentsight,e58fce112c6e,complete,claude:18cf8818-865b-44a4-8f5d-92c5d97a2c6d:441,codex:rollout-2026-06-04T01-09-06-019e91ad-cc38-7c23-a47a-f5e71fb1d14a:228,12713,12717,4,11650,1,0,0,0,0,0
agentsight,e58fce112c6e,complete,codex:rollout-2026-06-04T01-09-06-019e91ad-cc38-7c23-a47a-f5e71fb1d14a:228,claude:18cf8818-865b-44a4-8f5d-92c5d97a2c6d:448,12717,12728,11,40987,2,2,1,0,0,0
agentsight,e58fce112c6e,complete,claude:18cf8818-865b-44a4-8f5d-92c5d97a2c6d:448,claude:18cf8818-865b-44a4-8f5d-92c5d97a2c6d:473,12728,12765,37,134037,2,10,4,0,0,0
agentsight,e58fce112c6e,complete,claude:18cf8818-865b-44a4-8f5d-92c5d97a2c6d:473,claude:18cf8818-865b-44a4-8f5d-92c5d97a2c6d:474,12765,12766,1,13115,1,0,0,0,0,0
agentsight,e58fce112c6e,complete,claude:18cf8818-865b-44a4-8f5d-92c5d97a2c6d:474,codex:rollout-2026-06-04T01-09-06-019e91ad-cc38-7c23-a47a-f5e71fb1d14a:296,12766,12819,53,25704342,2,0,0,2,0,0
agentsight,e58fce112c6e,complete,codex:rollout-2026-06-04T01-09-06-019e91ad-cc38-7c23-a47a-f5e71fb1d14a:296,codex:rollout-2026-06-04T01-09-06-019e91ad-cc38-7c23-a47a-f5e71fb1d14a:344,12819,12867,48,329376,1,0,0,0,0,0
agentsight,e58fce112c6e,complete,codex:rollout-2026-06-04T01-09-06-019e91ad-cc38-7c23-a47a-f5e71fb1d14a:344,codex:rollout-2026-06-04T01-09-06-019e91ad-cc38-7c23-a47a-f5e71fb1d14a:347,12867,12870,3,35415,1,0,0,0,0,0
agentsight,e58fce112c6e,complete,codex:rollout-2026-06-04T01-09-06-019e91ad-cc38-7c23-a47a-f5e71fb1d14a:347,codex:rollout-2026-06-04T01-09-06-019e91ad-cc38-7c23-a47a-f5e71fb1d14a:348,12870,12871,1,0,1,0,0,0,0,0
agentsight,e58fce112c6e,complete,codex:rollout-2026-06-04T01-09-06-019e91ad-cc38-7c23-a47a-f5e71fb1d14a:348,codex:rollout-2026-06-04T01-09-06-019e91ad-cc38-7c23-a47a-f5e71fb1d14a:349,12871,12872,1,9792,1,0,0,0,0,0
agentsight,e58fce112c6e,complete,codex:rollout-2026-06-04T01-09-06-019e91ad-cc38-7c23-a47a-f5e71fb1d14a:349,codex:rollout-2026-06-04T01-09-06-019e91ad-cc38-7c23-a47a-f5e71fb1d14a:350,12872,12873,1,0,1,0,0,0,0,0
agentsight,e58fce112c6e,complete,codex:rollout-2026-06-04T01-09-06-019e91ad-cc38-7c23-a47a-f5e71fb1d14a:350,codex:rollout-2026-06-04T01-09-06-019e91ad-cc38-7c23-a47a-f5e71fb1d14a:382,12873,12905,32,2340896,1,0,0,0,0,0
agentsight,e58fce112c6e,complete,codex:rollout-2026-06-04T01-09-06-019e91ad-cc38-7c23-a47a-f5e71fb1d14a:382,codex:rollout-2026-06-04T01-09-06-019e91ad-cc38-7c23-a47a-f5e71fb1d14a:383,12905,12906,1,17,1,0,0,0,0,0
agentsight,e58fce112c6e,complete,codex:rollout-2026-06-04T01-09-06-019e91ad-cc38-7c23-a47a-f5e71fb1d14a:383,claude:20f60818-1348-4e39-853d-2e6899dca7d0:42,12906,13143,237,3474880,8,11,6,0,0,0
agentsight,e58fce112c6e,complete,claude:20f60818-1348-4e39-853d-2e6899dca7d0:42,claude:20f60818-1348-4e39-853d-2e6899dca7d0:52,13143,13153,10,108499,1,3,2,0,0,0
agentsight,e58fce112c6e,complete,claude:20f60818-1348-4e39-853d-2e6899dca7d0:52,claude:20f60818-1348-4e39-853d-2e6899dca7d0:53,13153,13154,1,6454,1,0,0,0,0,0
agentsight,e58fce112c6e,complete,claude:20f60818-1348-4e39-853d-2e6899dca7d0:53,claude:20f60818-1348-4e39-853d-2e6899dca7d0:59,13154,13160,6,105129,1,1,1,0,0,0
agentsight,e58fce112c6e,complete,claude:20f60818-1348-4e39-853d-2e6899dca7d0:59,claude:20f60818-1348-4e39-853d-2e6899dca7d0:60,13160,13161,1,4340,1,0,0,0,0,0
agentsight,e58fce112c6e,complete,claude:20f60818-1348-4e39-853d-2e6899dca7d0:60,claude:20f60818-1348-4e39-853d-2e6899dca7d0:66,13161,13167,6,30435,1,0,0,0,0,0
agentsight,e58fce112c6e,complete,claude:20f60818-1348-4e39-853d-2e6899dca7d0:66,claude:20f60818-1348-4e39-853d-2e6899dca7d0:76,13167,13177,10,75803,1,0,0,0,0,0
agentsight,e58fce112c6e,complete,claude:20f60818-1348-4e39-853d-2e6899dca7d0:76,claude:20f60818-1348-4e39-853d-2e6899dca7d0:141,13177,13249,72,2029342,2,21,12,0,0,0
agentsight,e58fce112c6e,complete,claude:20f60818-1348-4e39-853d-2e6899dca7d0:141,claude:20f60818-1348-4e39-853d-2e6899dca7d0:143,13249,13251,2,8533,1,0,0,0,0,0
agentsight,e58fce112c6e,complete,claude:20f60818-1348-4e39-853d-2e6899dca7d0:143,claude:20f60818-1348-4e39-853d-2e6899dca7d0:152,13251,13260,9,58861,1,3,1,0,0,0
agentsight,e58fce112c6e,complete,claude:20f60818-1348-4e39-853d-2e6899dca7d0:152,claude:20f60818-1348-4e39-853d-2e6899dca7d0:153,13260,13261,1,4209,1,0,0,0,0,0
agentsight,e58fce112c6e,complete,claude:20f60818-1348-4e39-853d-2e6899dca7d0:153,claude:20f60818-1348-4e39-853d-2e6899dca7d0:161,13261,13269,8,139231,1,16,16,0,0,0
agentsight,e58fce112c6e,complete,claude:20f60818-1348-4e39-853d-2e6899dca7d0:161,claude:20f60818-1348-4e39-853d-2e6899dca7d0:188,13269,13296,27,240920,1,12,3,0,0,0
agentsight,e58fce112c6e,complete,claude:20f60818-1348-4e39-853d-2e6899dca7d0:188,claude:20f60818-1348-4e39-853d-2e6899dca7d0:193,13296,13301,5,21349,1,2,2,1,0,0
agentsight,e58fce112c6e,complete,claude:20f60818-1348-4e39-853d-2e6899dca7d0:193,claude:20f60818-1348-4e39-853d-2e6899dca7d0:201,13301,13309,8,2900214,1,0,0,0,0,0
agentsight,e58fce112c6e,complete,claude:20f60818-1348-4e39-853d-2e6899dca7d0:201,claude:20f60818-1348-4e39-853d-2e6899dca7d0:205,13309,13313,4,27027,1,0,0,1,0,0
agentsight,e58fce112c6e,complete,claude:20f60818-1348-4e39-853d-2e6899dca7d0:205,claude:20f60818-1348-4e39-853d-2e6899dca7d0:206,13313,13314,1,13903,1,0,0,0,0,0
agentsight,e58fce112c6e,complete,claude:20f60818-1348-4e39-853d-2e6899dca7d0:206,codex:rollout-2026-06-04T13-50-45-019e9467-1ae0-7511-b8f1-1cc8570c039c:95,13314,13505,191,1356610,3,0,0,0,0,0
agentsight,e58fce112c6e,complete,codex:rollout-2026-06-04T13-50-45-019e9467-1ae0-7511-b8f1-1cc8570c039c:95,codex:rollout-2026-06-04T13-50-45-019e9467-1ae0-7511-b8f1-1cc8570c039c:98,13505,13508,3,43146,1,0,0,0,0,0
agentsight,e58fce112c6e,complete,codex:rollout-2026-06-04T13-50-45-019e9467-1ae0-7511-b8f1-1cc8570c039c:98,codex:rollout-2026-06-04T13-50-45-019e9467-1ae0-7511-b8f1-1cc8570c039c:105,13508,13515,7,21911,1,0,0,2,0,0
agentsight,e58fce112c6e,complete,codex:rollout-2026-06-04T13-50-45-019e9467-1ae0-7511-b8f1-1cc8570c039c:105,codex:rollout-2026-06-04T13-50-45-019e9467-1ae0-7511-b8f1-1cc8570c039c:107,13515,13517,2,21,1,0,0,1,0,0
agentsight,e58fce112c6e,complete,codex:rollout-2026-06-04T13-50-45-019e9467-1ae0-7511-b8f1-1cc8570c039c:107,codex:rollout-2026-06-04T13-50-45-019e9467-1ae0-7511-b8f1-1cc8570c039c:108,13517,13518,1,22476,1,0,0,0,0,0
agentsight,e58fce112c6e,complete,codex:rollout-2026-06-04T13-50-45-019e9467-1ae0-7511-b8f1-1cc8570c039c:108,codex:rollout-2026-06-04T13-50-45-019e9467-1ae0-7511-b8f1-1cc8570c039c:109,13518,13519,1,40,1,0,0,0,0,0
agentsight,e58fce112c6e,complete,codex:rollout-2026-06-04T13-50-45-019e9467-1ae0-7511-b8f1-1cc8570c039c:109,codex:rollout-2026-06-04T13-50-45-019e9467-1ae0-7511-b8f1-1cc8570c039c:110,13519,13520,1,0,1,0,0,0,0,0
agentsight,e58fce112c6e,complete,codex:rollout-2026-06-04T13-50-45-019e9467-1ae0-7511-b8f1-1cc8570c039c:110,codex:rollout-2026-06-04T13-50-45-019e9467-1ae0-7511-b8f1-1cc8570c039c:112,13520,13522,2,10045,1,0,0,0,0,0
agentsight,e58fce112c6e,complete,codex:rollout-2026-06-04T13-50-45-019e9467-1ae0-7511-b8f1-1cc8570c039c:112,codex:rollout-2026-06-04T13-50-45-019e9467-1ae0-7511-b8f1-1cc8570c039c:113,13522,13523,1,35,1,0,0,0,0,0
agentsight,e58fce112c6e,complete,codex:rollout-2026-06-04T13-50-45-019e9467-1ae0-7511-b8f1-1cc8570c039c:113,codex:rollout-2026-06-04T13-50-45-019e9467-1ae0-7511-b8f1-1cc8570c039c:114,13523,13524,1,0,1,0,0,0,0,0
agentsight,e58fce112c6e,complete,codex:rollout-2026-06-04T13-50-45-019e9467-1ae0-7511-b8f1-1cc8570c039c:114,codex:rollout-2026-06-04T13-50-45-019e9467-1ae0-7511-b8f1-1cc8570c039c:115,13524,13525,1,1,1,0,0,0,0,0
agentsight,e58fce112c6e,complete,codex:rollout-2026-06-04T13-50-45-019e9467-1ae0-7511-b8f1-1cc8570c039c:115,codex:rollout-2026-06-04T13-50-45-019e9467-1ae0-7511-b8f1-1cc8570c039c:116,13525,13526,1,9831,1,0,0,0,0,0
agentsight,e58fce112c6e,complete,codex:rollout-2026-06-04T13-50-45-019e9467-1ae0-7511-b8f1-1cc8570c039c:116,codex:rollout-2026-06-04T13-50-45-019e9467-1ae0-7511-b8f1-1cc8570c039c:128,13526,13538,12,32944,1,0,0,0,0,0
agentsight,e58fce112c6e,complete,codex:rollout-2026-06-04T13-50-45-019e9467-1ae0-7511-b8f1-1cc8570c039c:128,codex:rollout-2026-06-04T13-50-45-019e9467-1ae0-7511-b8f1-1cc8570c039c:129,13538,13539,1,8101,1,0,0,0,0,0
agentsight,e58fce112c6e,complete,codex:rollout-2026-06-04T13-50-45-019e9467-1ae0-7511-b8f1-1cc8570c039c:129,codex:rollout-2026-06-04T14-14-28-019e947c-cf1f-7c80-8c0d-4cb00fb86461:16,13539,13562,23,63203,2,0,0,1,0,0
agentsight,e58fce112c6e,complete,codex:rollout-2026-06-04T14-14-28-019e947c-cf1f-7c80-8c0d-4cb00fb86461:16,codex:rollout-2026-06-04T14-14-28-019e947c-cf1f-7c80-8c0d-4cb00fb86461:21,13562,13567,5,33549,1,0,0,0,0,0
agentsight,e58fce112c6e,complete,codex:rollout-2026-06-04T14-14-28-019e947c-cf1f-7c80-8c0d-4cb00fb86461:21,codex:rollout-2026-06-04T14-14-28-019e947c-cf1f-7c80-8c0d-4cb00fb86461:23,13567,13569,2,7994,1,0,0,1,0,0
agentsight,e58fce112c6e,complete,codex:rollout-2026-06-04T14-14-28-019e947c-cf1f-7c80-8c0d-4cb00fb86461:23,codex:rollout-2026-06-04T14-14-28-019e947c-cf1f-7c80-8c0d-4cb00fb86461:24,13569,13570,1,0,1,0,0,0,0,0
agentsight,e58fce112c6e,complete,codex:rollout-2026-06-04T14-14-28-019e947c-cf1f-7c80-8c0d-4cb00fb86461:24,codex:rollout-2026-06-04T13-50-45-019e9467-1ae0-7511-b8f1-1cc8570c039c:175,13570,13611,41,366118,2,0,0,0,0,0
agentsight,e58fce112c6e,complete,codex:rollout-2026-06-04T13-50-45-019e9467-1ae0-7511-b8f1-1cc8570c039c:175,codex:rollout-2026-06-04T13-50-45-019e9467-1ae0-7511-b8f1-1cc8570c039c:176,13611,13612,1,37,1,0,0,0,0,0
agentsight,e58fce112c6e,complete,codex:rollout-2026-06-04T13-50-45-019e9467-1ae0-7511-b8f1-1cc8570c039c:176,codex:rollout-2026-06-04T13-50-45-019e9467-1ae0-7511-b8f1-1cc8570c039c:178,13612,13614,2,14830,1,0,0,1,0,0
agentsight,e58fce112c6e,complete,codex:rollout-2026-06-04T13-50-45-019e9467-1ae0-7511-b8f1-1cc8570c039c:178,codex:rollout-2026-06-04T13-50-45-019e9467-1ae0-7511-b8f1-1cc8570c039c:179,13614,13615,1,35,1,0,0,0,0,0
agentsight,e58fce112c6e,complete,codex:rollout-2026-06-04T13-50-45-019e9467-1ae0-7511-b8f1-1cc8570c039c:179,codex:rollout-2026-06-04T13-50-45-019e9467-1ae0-7511-b8f1-1cc8570c039c:180,13615,13616,1,1,1,0,0,0,0,0
agentsight,e58fce112c6e,complete,codex:rollout-2026-06-04T13-50-45-019e9467-1ae0-7511-b8f1-1cc8570c039c:180,codex:rollout-2026-06-04T13-50-45-019e9467-1ae0-7511-b8f1-1cc8570c039c:181,13616,13617,1,0,1,0,0,0,0,0
agentsight,e58fce112c6e,complete,codex:rollout-2026-06-04T13-50-45-019e9467-1ae0-7511-b8f1-1cc8570c039c:181,codex:rollout-2026-06-04T14-14-28-019e947c-cf1f-7c80-8c0d-4cb00fb86461:37,13617,13636,19,83782,2,0,0,0,0,0
agentsight,e58fce112c6e,complete,codex:rollout-2026-06-04T14-14-28-019e947c-cf1f-7c80-8c0d-4cb00fb86461:37,codex:rollout-2026-06-04T14-14-28-019e947c-cf1f-7c80-8c0d-4cb00fb86461:38,13636,13637,1,0,1,0,0,0,0,0
agentsight,e58fce112c6e,complete,codex:rollout-2026-06-04T14-14-28-019e947c-cf1f-7c80-8c0d-4cb00fb86461:38,codex:rollout-2026-06-04T13-50-45-019e9467-1ae0-7511-b8f1-1cc8570c039c:209,13637,13664,27,261974,2,0,0,0,0,0
agentsight,e58fce112c6e,complete,codex:rollout-2026-06-04T13-50-45-019e9467-1ae0-7511-b8f1-1cc8570c039c:209,codex:rollout-2026-06-04T13-50-45-019e9467-1ae0-7511-b8f1-1cc8570c039c:215,13664,13670,6,25204,1,0,0,2,0,0
agentsight,e58fce112c6e,complete,codex:rollout-2026-06-04T13-50-45-019e9467-1ae0-7511-b8f1-1cc8570c039c:215,codex:rollout-2026-06-04T13-50-45-019e9467-1ae0-7511-b8f1-1cc8570c039c:216,13670,13671,1,30,1,0,0,0,0,0
agentsight,e58fce112c6e,complete,codex:rollout-2026-06-04T13-50-45-019e9467-1ae0-7511-b8f1-1cc8570c039c:216,codex:rollout-2026-06-04T13-50-45-019e9467-1ae0-7511-b8f1-1cc8570c039c:217,13671,13672,1,1,1,0,0,0,0,0
agentsight,e58fce112c6e,complete,codex:rollout-2026-06-04T13-50-45-019e9467-1ae0-7511-b8f1-1cc8570c039c:217,codex:rollout-2026-06-04T13-50-45-019e9467-1ae0-7511-b8f1-1cc8570c039c:218,13672,13673,1,10254,1,0,0,0,0,0
agentsight,e58fce112c6e,complete,codex:rollout-2026-06-04T13-50-45-019e9467-1ae0-7511-b8f1-1cc8570c039c:218,codex:rollout-2026-06-04T13-50-45-019e9467-1ae0-7511-b8f1-1cc8570c039c:219,13673,13674,1,0,1,0,0,0,0,0
agentsight,e58fce112c6e,complete,codex:rollout-2026-06-04T13-50-45-019e9467-1ae0-7511-b8f1-1cc8570c039c:219,codex:rollout-2026-06-04T13-50-45-019e9467-1ae0-7511-b8f1-1cc8570c039c:220,13674,13675,1,20,1,0,0,0,0,0
agentsight,e58fce112c6e,complete,codex:rollout-2026-06-04T13-50-45-019e9467-1ae0-7511-b8f1-1cc8570c039c:220,codex:rollout-2026-06-04T13-50-45-019e9467-1ae0-7511-b8f1-1cc8570c039c:221,13675,13676,1,0,1,0,0,0,0,0
agentsight,e58fce112c6e,complete,codex:rollout-2026-06-04T13-50-45-019e9467-1ae0-7511-b8f1-1cc8570c039c:221,codex:rollout-2026-06-04T14-14-28-019e947c-cf1f-7c80-8c0d-4cb00fb86461:55,13676,13693,17,43070,2,0,0,0,0,0
agentsight,e58fce112c6e,complete,codex:rollout-2026-06-04T14-14-28-019e947c-cf1f-7c80-8c0d-4cb00fb86461:55,codex:rollout-2026-06-04T14-14-28-019e947c-cf1f-7c80-8c0d-4cb00fb86461:59,13693,13698,5,43679,2,0,0,2,0,0
agentsight,e58fce112c6e,complete,codex:rollout-2026-06-04T14-14-28-019e947c-cf1f-7c80-8c0d-4cb00fb86461:59,codex:rollout-2026-06-04T14-14-28-019e947c-cf1f-7c80-8c0d-4cb00fb86461:60,13698,13699,1,2,1,0,0,0,0,0
agentsight,e58fce112c6e,complete,codex:rollout-2026-06-04T14-14-28-019e947c-cf1f-7c80-8c0d-4cb00fb86461:60,codex:rollout-2026-06-04T14-14-28-019e947c-cf1f-7c80-8c0d-4cb00fb86461:61,13699,13700,1,0,1,0,0,0,0,0
agentsight,e58fce112c6e,complete,codex:rollout-2026-06-04T14-14-28-019e947c-cf1f-7c80-8c0d-4cb00fb86461:61,codex:rollout-2026-06-04T14-14-28-019e947c-cf1f-7c80-8c0d-4cb00fb86461:62,13700,13701,1,0,1,0,0,0,0,0
agentsight,e58fce112c6e,complete,codex:rollout-2026-06-04T14-14-28-019e947c-cf1f-7c80-8c0d-4cb00fb86461:62,codex:rollout-2026-06-04T13-50-45-019e9467-1ae0-7511-b8f1-1cc8570c039c:234,13701,13710,9,146893,2,0,0,0,0,0
agentsight,e58fce112c6e,complete,codex:rollout-2026-06-04T13-50-45-019e9467-1ae0-7511-b8f1-1cc8570c039c:234,codex:rollout-2026-06-04T13-50-45-019e9467-1ae0-7511-b8f1-1cc8570c039c:235,13710,13711,1,1,1,0,0,0,0,0
agentsight,e58fce112c6e,complete,codex:rollout-2026-06-04T13-50-45-019e9467-1ae0-7511-b8f1-1cc8570c039c:235,codex:rollout-2026-06-04T13-50-45-019e9467-1ae0-7511-b8f1-1cc8570c039c:236,13711,13712,1,0,1,0,0,0,0,0
agentsight,e58fce112c6e,complete,codex:rollout-2026-06-04T13-50-45-019e9467-1ae0-7511-b8f1-1cc8570c039c:236,codex:rollout-2026-06-04T13-50-45-019e9467-1ae0-7511-b8f1-1cc8570c039c:237,13712,13713,1,13082,1,0,0,0,0,0
agentsight,e58fce112c6e,complete,codex:rollout-2026-06-04T13-50-45-019e9467-1ae0-7511-b8f1-1cc8570c039c:237,codex:rollout-2026-06-04T13-50-45-019e9467-1ae0-7511-b8f1-1cc8570c039c:238,13713,13714,1,45,1,0,0,0,0,0
agentsight,e58fce112c6e,complete,codex:rollout-2026-06-04T13-50-45-019e9467-1ae0-7511-b8f1-1cc8570c039c:238,codex:rollout-2026-06-04T13-50-45-019e9467-1ae0-7511-b8f1-1cc8570c039c:239,13714,13715,1,0,1,0,0,0,0,0
agentsight,e58fce112c6e,complete,codex:rollout-2026-06-04T13-50-45-019e9467-1ae0-7511-b8f1-1cc8570c039c:239,codex:rollout-2026-06-04T13-50-45-019e9467-1ae0-7511-b8f1-1cc8570c039c:240,13715,13716,1,0,1,0,0,0,0,0
agentsight,e58fce112c6e,complete,codex:rollout-2026-06-04T13-50-45-019e9467-1ae0-7511-b8f1-1cc8570c039c:240,codex:rollout-2026-06-04T14-14-28-019e947c-cf1f-7c80-8c0d-4cb00fb86461:73,13716,13731,15,80253,2,0,0,0,0,0
agentsight,e58fce112c6e,complete,codex:rollout-2026-06-04T14-14-28-019e947c-cf1f-7c80-8c0d-4cb00fb86461:73,codex:rollout-2026-06-04T14-14-28-019e947c-cf1f-7c80-8c0d-4cb00fb86461:74,13731,13732,1,1,1,0,0,0,0,0
agentsight,e58fce112c6e,complete,codex:rollout-2026-06-04T14-14-28-019e947c-cf1f-7c80-8c0d-4cb00fb86461:74,codex:rollout-2026-06-04T14-14-28-019e947c-cf1f-7c80-8c0d-4cb00fb86461:75,13732,13733,1,0,1,0,0,0,0,0
agentsight,e58fce112c6e,complete,codex:rollout-2026-06-04T14-14-28-019e947c-cf1f-7c80-8c0d-4cb00fb86461:75,codex:rollout-2026-06-04T13-50-45-019e9467-1ae0-7511-b8f1-1cc8570c039c:252,13733,13740,7,70626,2,0,0,0,0,0
agentsight,e58fce112c6e,complete,codex:rollout-2026-06-04T13-50-45-019e9467-1ae0-7511-b8f1-1cc8570c039c:252,codex:rollout-2026-06-04T13-50-45-019e9467-1ae0-7511-b8f1-1cc8570c039c:253,13740,13741,1,0,1,0,0,0,0,0
agentsight,e58fce112c6e,complete,codex:rollout-2026-06-04T13-50-45-019e9467-1ae0-7511-b8f1-1cc8570c039c:253,codex:rollout-2026-06-04T13-50-45-019e9467-1ae0-7511-b8f1-1cc8570c039c:254,13741,13742,1,38,1,0,0,0,0,0
agentsight,e58fce112c6e,complete,codex:rollout-2026-06-04T13-50-45-019e9467-1ae0-7511-b8f1-1cc8570c039c:254,codex:rollout-2026-06-04T13-50-45-019e9467-1ae0-7511-b8f1-1cc8570c039c:255,13742,13743,1,9306,1,0,0,0,0,0
agentsight,e58fce112c6e,complete,codex:rollout-2026-06-04T13-50-45-019e9467-1ae0-7511-b8f1-1cc8570c039c:255,codex:rollout-2026-06-04T13-50-45-019e9467-1ae0-7511-b8f1-1cc8570c039c:256,13743,13744,1,1,1,0,0,0,0,0
agentsight,e58fce112c6e,complete,codex:rollout-2026-06-04T13-50-45-019e9467-1ae0-7511-b8f1-1cc8570c039c:256,codex:rollout-2026-06-04T13-50-45-019e9467-1ae0-7511-b8f1-1cc8570c039c:257,13744,13745,1,42,1,0,0,0,0,0
agentsight,e58fce112c6e,complete,codex:rollout-2026-06-04T13-50-45-019e9467-1ae0-7511-b8f1-1cc8570c039c:257,codex:rollout-2026-06-04T13-50-45-019e9467-1ae0-7511-b8f1-1cc8570c039c:258,13745,13746,1,0,1,0,0,0,0,0
agentsight,e58fce112c6e,complete,codex:rollout-2026-06-04T13-50-45-019e9467-1ae0-7511-b8f1-1cc8570c039c:258,codex:rollout-2026-06-04T14-14-28-019e947c-cf1f-7c80-8c0d-4cb00fb86461:85,13746,13757,11,43322,2,0,0,0,0,0
agentsight,e58fce112c6e,complete,codex:rollout-2026-06-04T14-14-28-019e947c-cf1f-7c80-8c0d-4cb00fb86461:85,codex:rollout-2026-06-04T14-14-28-019e947c-cf1f-7c80-8c0d-4cb00fb86461:86,13757,13758,1,2,1,0,0,0,0,0
agentsight,e58fce112c6e,complete,codex:rollout-2026-06-04T14-14-28-019e947c-cf1f-7c80-8c0d-4cb00fb86461:86,codex:rollout-2026-06-04T14-14-28-019e947c-cf1f-7c80-8c0d-4cb00fb86461:87,13758,13759,1,16,1,0,0,0,0,0
agentsight,e58fce112c6e,complete,codex:rollout-2026-06-04T14-14-28-019e947c-cf1f-7c80-8c0d-4cb00fb86461:87,codex:rollout-2026-06-04T13-50-45-019e9467-1ae0-7511-b8f1-1cc8570c039c:297,13759,13796,37,491651,2,0,0,1,0,0
agentsight,e58fce112c6e,complete,codex:rollout-2026-06-04T13-50-45-019e9467-1ae0-7511-b8f1-1cc8570c039c:297,codex:rollout-2026-06-04T13-50-45-019e9467-1ae0-7511-b8f1-1cc8570c039c:298,13796,13797,1,8257,1,0,0,0,0,0
agentsight,e58fce112c6e,complete,codex:rollout-2026-06-04T13-50-45-019e9467-1ae0-7511-b8f1-1cc8570c039c:298,codex:rollout-2026-06-04T13-50-45-019e9467-1ae0-7511-b8f1-1cc8570c039c:299,13797,13798,1,0,1,0,0,0,0,0
agentsight,e58fce112c6e,complete,codex:rollout-2026-06-04T13-50-45-019e9467-1ae0-7511-b8f1-1cc8570c039c:299,codex:rollout-2026-06-04T13-50-45-019e9467-1ae0-7511-b8f1-1cc8570c039c:300,13798,13799,1,0,1,0,0,0,0,0
agentsight,e58fce112c6e,complete,codex:rollout-2026-06-04T13-50-45-019e9467-1ae0-7511-b8f1-1cc8570c039c:300,codex:rollout-2026-06-04T13-50-45-019e9467-1ae0-7511-b8f1-1cc8570c039c:301,13799,13800,1,0,1,0,0,0,0,0
agentsight,e58fce112c6e,complete,codex:rollout-2026-06-04T13-50-45-019e9467-1ae0-7511-b8f1-1cc8570c039c:301,codex:rollout-2026-06-04T14-14-28-019e947c-cf1f-7c80-8c0d-4cb00fb86461:100,13800,13820,20,79882,2,0,0,0,0,0
agentsight,e58fce112c6e,complete,codex:rollout-2026-06-04T14-14-28-019e947c-cf1f-7c80-8c0d-4cb00fb86461:100,codex:rollout-2026-06-04T14-14-28-019e947c-cf1f-7c80-8c0d-4cb00fb86461:101,13820,13821,1,0,1,0,0,0,0,0
agentsight,e58fce112c6e,complete,codex:rollout-2026-06-04T14-14-28-019e947c-cf1f-7c80-8c0d-4cb00fb86461:101,codex:rollout-2026-06-04T14-14-28-019e947c-cf1f-7c80-8c0d-4cb00fb86461:102,13821,13822,1,0,1,0,0,0,0,0
agentsight,e58fce112c6e,complete,codex:rollout-2026-06-04T14-14-28-019e947c-cf1f-7c80-8c0d-4cb00fb86461:102,codex:rollout-2026-06-04T14-14-28-019e947c-cf1f-7c80-8c0d-4cb00fb86461:103,13822,13823,1,0,1,0,0,0,0,0
agentsight,e58fce112c6e,complete,codex:rollout-2026-06-04T14-14-28-019e947c-cf1f-7c80-8c0d-4cb00fb86461:103,codex:rollout-2026-06-04T13-50-45-019e9467-1ae0-7511-b8f1-1cc8570c039c:327,13823,13841,18,154858,1,0,0,0,0,0
agentsight,e58fce112c6e,complete,codex:rollout-2026-06-04T13-50-45-019e9467-1ae0-7511-b8f1-1cc8570c039c:327,codex:rollout-2026-06-04T13-50-45-019e9467-1ae0-7511-b8f1-1cc8570c039c:328,13841,13842,1,1,1,0,0,0,0,0
agentsight,e58fce112c6e,complete,codex:rollout-2026-06-04T13-50-45-019e9467-1ae0-7511-b8f1-1cc8570c039c:328,codex:rollout-2026-06-04T13-50-45-019e9467-1ae0-7511-b8f1-1cc8570c039c:329,13842,13843,1,0,1,0,0,0,0,0
agentsight,e58fce112c6e,complete,codex:rollout-2026-06-04T13-50-45-019e9467-1ae0-7511-b8f1-1cc8570c039c:329,codex:rollout-2026-06-04T13-50-45-019e9467-1ae0-7511-b8f1-1cc8570c039c:330,13843,13844,1,10154,1,0,0,0,0,0
agentsight,e58fce112c6e,complete,codex:rollout-2026-06-04T13-50-45-019e9467-1ae0-7511-b8f1-1cc8570c039c:330,codex:rollout-2026-06-04T13-50-45-019e9467-1ae0-7511-b8f1-1cc8570c039c:331,13844,13845,1,3,1,0,0,0,0,0
agentsight,e58fce112c6e,complete,codex:rollout-2026-06-04T13-50-45-019e9467-1ae0-7511-b8f1-1cc8570c039c:331,codex:rollout-2026-06-04T13-50-45-019e9467-1ae0-7511-b8f1-1cc8570c039c:332,13845,13846,1,0,1,0,0,0,0,0
agentsight,e58fce112c6e,complete,codex:rollout-2026-06-04T13-50-45-019e9467-1ae0-7511-b8f1-1cc8570c039c:332,codex:rollout-2026-06-04T14-14-28-019e947c-cf1f-7c80-8c0d-4cb00fb86461:111,13846,13861,15,46927,2,0,0,0,0,0
agentsight,e58fce112c6e,complete,codex:rollout-2026-06-04T14-14-28-019e947c-cf1f-7c80-8c0d-4cb00fb86461:111,codex:rollout-2026-06-04T14-14-28-019e947c-cf1f-7c80-8c0d-4cb00fb86461:112,13861,13862,1,0,1,0,0,0,0,0
agentsight,e58fce112c6e,complete,codex:rollout-2026-06-04T14-14-28-019e947c-cf1f-7c80-8c0d-4cb00fb86461:112,codex:rollout-2026-06-04T14-14-28-019e947c-cf1f-7c80-8c0d-4cb00fb86461:113,13862,13863,1,0,1,0,0,0,0,0
agentsight,e58fce112c6e,complete,codex:rollout-2026-06-04T14-14-28-019e947c-cf1f-7c80-8c0d-4cb00fb86461:113,codex:rollout-2026-06-04T14-14-28-019e947c-cf1f-7c80-8c0d-4cb00fb86461:114,13863,13864,1,0,1,0,0,0,0,0
agentsight,e58fce112c6e,complete,codex:rollout-2026-06-04T14-14-28-019e947c-cf1f-7c80-8c0d-4cb00fb86461:114,claude:20f60818-1348-4e39-853d-2e6899dca7d0:223,13864,13871,7,2096072,2,0,0,0,0,0
agentsight,e58fce112c6e,complete,claude:20f60818-1348-4e39-853d-2e6899dca7d0:223,claude:20f60818-1348-4e39-853d-2e6899dca7d0:224,13871,13872,1,5467,1,0,0,0,0,0
agentsight,e58fce112c6e,complete,claude:20f60818-1348-4e39-853d-2e6899dca7d0:224,codex:rollout-2026-06-04T13-50-45-019e9467-1ae0-7511-b8f1-1cc8570c039c:367,13872,13960,88,2235359,3,0,0,0,0,0
agentsight,e58fce112c6e,complete,codex:rollout-2026-06-04T13-50-45-019e9467-1ae0-7511-b8f1-1cc8570c039c:367,codex:rollout-2026-06-04T13-50-45-019e9467-1ae0-7511-b8f1-1cc8570c039c:371,13960,13964,4,26031,1,0,0,0,0,0
agentsight,e58fce112c6e,complete,codex:rollout-2026-06-04T13-50-45-019e9467-1ae0-7511-b8f1-1cc8570c039c:371,codex:rollout-2026-06-04T13-50-45-019e9467-1ae0-7511-b8f1-1cc8570c039c:372,13964,13965,1,1,1,0,0,0,0,0
agentsight,e58fce112c6e,complete,codex:rollout-2026-06-04T13-50-45-019e9467-1ae0-7511-b8f1-1cc8570c039c:372,codex:rollout-2026-06-04T13-50-45-019e9467-1ae0-7511-b8f1-1cc8570c039c:373,13965,13966,1,0,1,0,0,0,0,0
agentsight,e58fce112c6e,complete,codex:rollout-2026-06-04T13-50-45-019e9467-1ae0-7511-b8f1-1cc8570c039c:373,codex:rollout-2026-06-04T13-50-45-019e9467-1ae0-7511-b8f1-1cc8570c039c:377,13966,13970,4,49231,1,0,0,0,0,0
agentsight,e58fce112c6e,complete,codex:rollout-2026-06-04T13-50-45-019e9467-1ae0-7511-b8f1-1cc8570c039c:377,codex:rollout-2026-06-04T13-50-45-019e9467-1ae0-7511-b8f1-1cc8570c039c:378,13970,13971,1,2,1,0,0,0,0,0
agentsight,e58fce112c6e,complete,codex:rollout-2026-06-04T13-50-45-019e9467-1ae0-7511-b8f1-1cc8570c039c:378,codex:rollout-2026-06-04T13-50-45-019e9467-1ae0-7511-b8f1-1cc8570c039c:379,13971,13972,1,0,1,0,0,0,0,0
agentsight,e58fce112c6e,complete,codex:rollout-2026-06-04T13-50-45-019e9467-1ae0-7511-b8f1-1cc8570c039c:379,codex:rollout-2026-06-04T13-50-45-019e9467-1ae0-7511-b8f1-1cc8570c039c:380,13972,13973,1,5,1,0,0,0,0,0
agentsight,e58fce112c6e,complete,codex:rollout-2026-06-04T13-50-45-019e9467-1ae0-7511-b8f1-1cc8570c039c:380,codex:rollout-2026-06-04T14-14-28-019e947c-cf1f-7c80-8c0d-4cb00fb86461:127,13973,14029,56,81296,4,0,0,0,0,0
agentsight,e58fce112c6e,complete,codex:rollout-2026-06-04T14-14-28-019e947c-cf1f-7c80-8c0d-4cb00fb86461:127,codex:rollout-2026-06-04T13-50-45-019e9467-1ae0-7511-b8f1-1cc8570c039c:414,14029,14178,149,284470,6,0,0,3,0,0
agentsight,e58fce112c6e,complete,codex:rollout-2026-06-04T13-50-45-019e9467-1ae0-7511-b8f1-1cc8570c039c:414,codex:rollout-2026-06-04T13-50-45-019e9467-1ae0-7511-b8f1-1cc8570c039c:416,14178,14183,5,11378,2,0,0,0,0,0
agentsight,e58fce112c6e,complete,codex:rollout-2026-06-04T13-50-45-019e9467-1ae0-7511-b8f1-1cc8570c039c:416,codex:rollout-2026-06-04T13-50-45-019e9467-1ae0-7511-b8f1-1cc8570c039c:417,14183,14184,1,0,1,0,0,0,0,0
agentsight,e58fce112c6e,complete,codex:rollout-2026-06-04T13-50-45-019e9467-1ae0-7511-b8f1-1cc8570c039c:417,codex:rollout-2026-06-04T13-50-45-019e9467-1ae0-7511-b8f1-1cc8570c039c:418,14184,14185,1,0,1,0,0,0,0,0
agentsight,e58fce112c6e,complete,codex:rollout-2026-06-04T13-50-45-019e9467-1ae0-7511-b8f1-1cc8570c039c:418,codex:rollout-2026-06-04T13-50-45-019e9467-1ae0-7511-b8f1-1cc8570c039c:419,14185,14186,1,8437,1,0,0,0,0,0
agentsight,e58fce112c6e,complete,codex:rollout-2026-06-04T13-50-45-019e9467-1ae0-7511-b8f1-1cc8570c039c:419,codex:rollout-2026-06-04T13-50-45-019e9467-1ae0-7511-b8f1-1cc8570c039c:468,14186,14237,51,375897,2,0,0,2,0,0
agentsight,e58fce112c6e,complete,codex:rollout-2026-06-04T13-50-45-019e9467-1ae0-7511-b8f1-1cc8570c039c:468,codex:rollout-2026-06-04T13-50-45-019e9467-1ae0-7511-b8f1-1cc8570c039c:473,14237,14242,5,19368,1,0,0,2,0,0
agentsight,e58fce112c6e,complete,codex:rollout-2026-06-04T13-50-45-019e9467-1ae0-7511-b8f1-1cc8570c039c:473,codex:rollout-2026-06-04T13-50-45-019e9467-1ae0-7511-b8f1-1cc8570c039c:474,14242,14243,1,19,1,0,0,0,0,0
agentsight,e58fce112c6e,complete,codex:rollout-2026-06-04T13-50-45-019e9467-1ae0-7511-b8f1-1cc8570c039c:474,codex:rollout-2026-06-04T13-50-45-019e9467-1ae0-7511-b8f1-1cc8570c039c:475,14243,14244,1,29,1,0,0,0,0,0
agentsight,e58fce112c6e,complete,codex:rollout-2026-06-04T13-50-45-019e9467-1ae0-7511-b8f1-1cc8570c039c:475,codex:rollout-2026-06-04T13-50-45-019e9467-1ae0-7511-b8f1-1cc8570c039c:476,14244,14245,1,11092,1,0,0,0,0,0
agentsight,e58fce112c6e,complete,codex:rollout-2026-06-04T13-50-45-019e9467-1ae0-7511-b8f1-1cc8570c039c:476,codex:rollout-2026-06-04T13-50-45-019e9467-1ae0-7511-b8f1-1cc8570c039c:489,14245,14258,13,41754,1,0,0,0,0,0
agentsight,e58fce112c6e,complete,codex:rollout-2026-06-04T13-50-45-019e9467-1ae0-7511-b8f1-1cc8570c039c:489,codex:rollout-2026-06-04T13-50-45-019e9467-1ae0-7511-b8f1-1cc8570c039c:491,14258,14260,2,22977,1,0,0,0,0,0
agentsight,e58fce112c6e,complete,codex:rollout-2026-06-04T13-50-45-019e9467-1ae0-7511-b8f1-1cc8570c039c:491,codex:rollout-2026-06-04T13-50-45-019e9467-1ae0-7511-b8f1-1cc8570c039c:498,14260,14292,32,57488,3,0,0,0,0,0
agentsight,e58fce112c6e,complete,codex:rollout-2026-06-04T13-50-45-019e9467-1ae0-7511-b8f1-1cc8570c039c:498,claude:5fe659c0-2292-4289-a994-f430779708b6:27,14292,14345,53,91306,3,7,6,1,0,0
agentsight,e58fce112c6e,complete,claude:5fe659c0-2292-4289-a994-f430779708b6:27,codex:rollout-2026-06-04T13-50-45-019e9467-1ae0-7511-b8f1-1cc8570c039c:531,14345,14372,27,270313,1,0,0,0,0,0
agentsight,e58fce112c6e,complete,codex:rollout-2026-06-04T13-50-45-019e9467-1ae0-7511-b8f1-1cc8570c039c:531,codex:rollout-2026-06-04T13-50-45-019e9467-1ae0-7511-b8f1-1cc8570c039c:532,14372,14373,1,0,1,0,0,0,0,0
agentsight,e58fce112c6e,complete,codex:rollout-2026-06-04T13-50-45-019e9467-1ae0-7511-b8f1-1cc8570c039c:532,codex:rollout-2026-06-04T13-50-45-019e9467-1ae0-7511-b8f1-1cc8570c039c:533,14373,14374,1,8,1,0,0,0,0,0
agentsight,e58fce112c6e,complete,codex:rollout-2026-06-04T13-50-45-019e9467-1ae0-7511-b8f1-1cc8570c039c:533,codex:rollout-2026-06-04T13-50-45-019e9467-1ae0-7511-b8f1-1cc8570c039c:538,14374,14379,5,55770,1,0,0,0,0,0
agentsight,e58fce112c6e,complete,codex:rollout-2026-06-04T13-50-45-019e9467-1ae0-7511-b8f1-1cc8570c039c:538,codex:rollout-2026-06-04T13-50-45-019e9467-1ae0-7511-b8f1-1cc8570c039c:539,14379,14380,1,10,1,0,0,0,0,0
agentsight,e58fce112c6e,complete,codex:rollout-2026-06-04T13-50-45-019e9467-1ae0-7511-b8f1-1cc8570c039c:539,codex:rollout-2026-06-04T13-50-45-019e9467-1ae0-7511-b8f1-1cc8570c039c:540,14380,14381,1,17,1,0,0,0,0,0
agentsight,e58fce112c6e,complete,codex:rollout-2026-06-04T13-50-45-019e9467-1ae0-7511-b8f1-1cc8570c039c:540,codex:rollout-2026-06-04T13-50-45-019e9467-1ae0-7511-b8f1-1cc8570c039c:541,14381,14382,1,18655,1,0,0,0,0,0
agentsight,e58fce112c6e,complete,codex:rollout-2026-06-04T13-50-45-019e9467-1ae0-7511-b8f1-1cc8570c039c:541,codex:rollout-2026-06-04T13-50-45-019e9467-1ae0-7511-b8f1-1cc8570c039c:563,14382,14404,22,103020,1,0,0,0,0,0
agentsight,e58fce112c6e,complete,codex:rollout-2026-06-04T13-50-45-019e9467-1ae0-7511-b8f1-1cc8570c039c:563,codex:rollout-2026-06-04T13-50-45-019e9467-1ae0-7511-b8f1-1cc8570c039c:578,14404,14514,110,228402,5,0,0,1,0,0
agentsight,e58fce112c6e,complete,codex:rollout-2026-06-04T13-50-45-019e9467-1ae0-7511-b8f1-1cc8570c039c:578,codex:rollout-2026-06-04T13-50-45-019e9467-1ae0-7511-b8f1-1cc8570c039c:579,14514,14515,1,10,1,0,0,0,0,0
agentsight,e58fce112c6e,complete,codex:rollout-2026-06-04T13-50-45-019e9467-1ae0-7511-b8f1-1cc8570c039c:579,codex:rollout-2026-06-04T13-50-45-019e9467-1ae0-7511-b8f1-1cc8570c039c:591,14515,14553,38,49225,3,0,0,1,0,0
agentsight,e58fce112c6e,complete,codex:rollout-2026-06-04T13-50-45-019e9467-1ae0-7511-b8f1-1cc8570c039c:591,codex:rollout-2026-06-04T13-50-45-019e9467-1ae0-7511-b8f1-1cc8570c039c:598,14553,14568,15,42623,3,0,0,1,0,0
agentsight,e58fce112c6e,complete,codex:rollout-2026-06-04T13-50-45-019e9467-1ae0-7511-b8f1-1cc8570c039c:598,codex:rollout-2026-06-04T13-50-45-019e9467-1ae0-7511-b8f1-1cc8570c039c:629,14568,14599,31,474999,1,0,0,0,0,0
agentsight,e58fce112c6e,complete,codex:rollout-2026-06-04T13-50-45-019e9467-1ae0-7511-b8f1-1cc8570c039c:629,codex:rollout-2026-06-04T13-50-45-019e9467-1ae0-7511-b8f1-1cc8570c039c:645,14599,14646,47,93830,3,0,0,0,0,0
agentsight,e58fce112c6e,complete,codex:rollout-2026-06-04T13-50-45-019e9467-1ae0-7511-b8f1-1cc8570c039c:645,codex:rollout-2026-06-04T13-50-45-019e9467-1ae0-7511-b8f1-1cc8570c039c:647,14646,14654,8,8796,2,0,0,0,0,0
agentsight,e58fce112c6e,complete,codex:rollout-2026-06-04T13-50-45-019e9467-1ae0-7511-b8f1-1cc8570c039c:647,codex:rollout-2026-06-04T13-50-45-019e9467-1ae0-7511-b8f1-1cc8570c039c:665,14654,14716,62,152908,4,0,0,0,0,0
agentsight,e58fce112c6e,complete,codex:rollout-2026-06-04T13-50-45-019e9467-1ae0-7511-b8f1-1cc8570c039c:665,codex:rollout-2026-06-04T13-50-45-019e9467-1ae0-7511-b8f1-1cc8570c039c:666,14716,14717,1,0,1,0,0,0,0,0
agentsight,e58fce112c6e,complete,codex:rollout-2026-06-04T13-50-45-019e9467-1ae0-7511-b8f1-1cc8570c039c:666,claude:agent-ade89e4312f42596b:4,14717,14755,38,99792,4,0,0,0,0,0
agentsight,e58fce112c6e,complete,claude:agent-ade89e4312f42596b:4,codex:rollout-2026-06-04T13-50-45-019e9467-1ae0-7511-b8f1-1cc8570c039c:725,14755,14858,103,422953,3,0,0,0,0,0
agentsight,e58fce112c6e,complete,codex:rollout-2026-06-04T13-50-45-019e9467-1ae0-7511-b8f1-1cc8570c039c:725,codex:rollout-2026-06-04T13-50-45-019e9467-1ae0-7511-b8f1-1cc8570c039c:726,14858,14859,1,4779,1,0,0,0,0,0
agentsight,e58fce112c6e,complete,codex:rollout-2026-06-04T13-50-45-019e9467-1ae0-7511-b8f1-1cc8570c039c:726,codex:rollout-2026-06-04T14-14-28-019e947c-cf1f-7c80-8c0d-4cb00fb86461:151,14859,14884,25,61842,2,0,0,0,0,0
agentsight,e58fce112c6e,complete,codex:rollout-2026-06-04T14-14-28-019e947c-cf1f-7c80-8c0d-4cb00fb86461:151,codex:rollout-2026-06-04T13-50-45-019e9467-1ae0-7511-b8f1-1cc8570c039c:742,14884,14894,10,121275,2,0,0,0,0,0
agentsight,e58fce112c6e,complete,codex:rollout-2026-06-04T13-50-45-019e9467-1ae0-7511-b8f1-1cc8570c039c:742,codex:rollout-2026-06-04T13-50-45-019e9467-1ae0-7511-b8f1-1cc8570c039c:743,14894,14895,1,3766,1,0,0,0,0,0
agentsight,e58fce112c6e,complete,codex:rollout-2026-06-04T13-50-45-019e9467-1ae0-7511-b8f1-1cc8570c039c:743,claude:27edce40-cb64-4bb7-b352-e45966d4de5c:43,14895,14941,46,918585,2,5,3,0,0,0
agentsight,e58fce112c6e,complete,claude:27edce40-cb64-4bb7-b352-e45966d4de5c:43,claude:27edce40-cb64-4bb7-b352-e45966d4de5c:44,14941,14942,1,3680,1,0,0,0,0,0
agentsight,e58fce112c6e,complete,claude:27edce40-cb64-4bb7-b352-e45966d4de5c:44,claude:27edce40-cb64-4bb7-b352-e45966d4de5c:49,14942,14947,5,65449,1,1,1,0,0,0
agentsight,e58fce112c6e,complete,claude:27edce40-cb64-4bb7-b352-e45966d4de5c:49,claude:27edce40-cb64-4bb7-b352-e45966d4de5c:52,14947,14950,3,8247,1,2,1,0,0,0
agentsight,e58fce112c6e,complete,claude:27edce40-cb64-4bb7-b352-e45966d4de5c:52,claude:27edce40-cb64-4bb7-b352-e45966d4de5c:54,14950,14952,2,12149,1,0,0,0,0,0
agentsight,e58fce112c6e,complete,claude:27edce40-cb64-4bb7-b352-e45966d4de5c:54,claude:047ce1aa-9d25-4596-9aaa-f3562206109b:31,14952,15174,222,1227076,7,17,5,0,0,0
agentsight,e58fce112c6e,complete,claude:047ce1aa-9d25-4596-9aaa-f3562206109b:31,claude:047ce1aa-9d25-4596-9aaa-f3562206109b:45,15174,15199,25,145662,2,5,1,0,0,0
agentsight,e58fce112c6e,complete,claude:047ce1aa-9d25-4596-9aaa-f3562206109b:45,claude:047ce1aa-9d25-4596-9aaa-f3562206109b:52,15199,15206,7,52691,1,1,1,0,0,0
agentsight,e58fce112c6e,complete,claude:047ce1aa-9d25-4596-9aaa-f3562206109b:52,claude:047ce1aa-9d25-4596-9aaa-f3562206109b:53,15206,15207,1,9763,1,0,0,0,0,0
agentsight,e58fce112c6e,complete,claude:047ce1aa-9d25-4596-9aaa-f3562206109b:53,claude:047ce1aa-9d25-4596-9aaa-f3562206109b:60,15207,15214,7,78493,1,0,0,0,0,0
agentsight,e58fce112c6e,complete,claude:047ce1aa-9d25-4596-9aaa-f3562206109b:60,claude:047ce1aa-9d25-4596-9aaa-f3562206109b:113,15214,15341,127,928305,2,10,2,0,0,0
agentsight,e58fce112c6e,complete,claude:047ce1aa-9d25-4596-9aaa-f3562206109b:113,claude:047ce1aa-9d25-4596-9aaa-f3562206109b:114,15341,15346,5,10780,2,0,0,0,0,0
agentsight,e58fce112c6e,complete,claude:047ce1aa-9d25-4596-9aaa-f3562206109b:114,codex:rollout-2026-06-04T17-43-54-019e953c-903e-71e1-b7d2-1ca9b4f952f0:83,15346,15364,18,40139,2,0,0,0,0,0
agentsight,e58fce112c6e,complete,codex:rollout-2026-06-04T17-43-54-019e953c-903e-71e1-b7d2-1ca9b4f952f0:83,codex:rollout-2026-06-04T17-43-54-019e953c-903e-71e1-b7d2-1ca9b4f952f0:97,15364,15387,23,52448,2,0,0,0,0,0
agentsight,e58fce112c6e,complete,codex:rollout-2026-06-04T17-43-54-019e953c-903e-71e1-b7d2-1ca9b4f952f0:97,claude:047ce1aa-9d25-4596-9aaa-f3562206109b:163,15387,15416,29,151970,2,5,3,0,0,0
agentsight,e58fce112c6e,complete,claude:047ce1aa-9d25-4596-9aaa-f3562206109b:163,claude:047ce1aa-9d25-4596-9aaa-f3562206109b:164,15416,15417,1,6700,1,0,0,0,0,0
agentsight,e58fce112c6e,complete,claude:047ce1aa-9d25-4596-9aaa-f3562206109b:164,claude:047ce1aa-9d25-4596-9aaa-f3562206109b:165,15417,15418,1,7078,1,0,0,0,0,0
agentsight,e58fce112c6e,complete,claude:047ce1aa-9d25-4596-9aaa-f3562206109b:165,claude:047ce1aa-9d25-4596-9aaa-f3562206109b:166,15418,15419,1,7264,1,0,0,0,0,0
agentsight,e58fce112c6e,complete,claude:047ce1aa-9d25-4596-9aaa-f3562206109b:166,claude:047ce1aa-9d25-4596-9aaa-f3562206109b:167,15419,15420,1,7326,1,0,0,0,0,0
agentsight,e58fce112c6e,complete,claude:047ce1aa-9d25-4596-9aaa-f3562206109b:167,claude:047ce1aa-9d25-4596-9aaa-f3562206109b:173,15420,15426,6,34214,1,2,2,0,0,0
agentsight,e58fce112c6e,complete,claude:047ce1aa-9d25-4596-9aaa-f3562206109b:173,claude:047ce1aa-9d25-4596-9aaa-f3562206109b:174,15426,15427,1,6010,1,0,0,0,0,0
agentsight,e58fce112c6e,complete,claude:047ce1aa-9d25-4596-9aaa-f3562206109b:174,claude:047ce1aa-9d25-4596-9aaa-f3562206109b:175,15427,15428,1,6745,1,0,0,0,0,0
agentsight,e58fce112c6e,complete,claude:047ce1aa-9d25-4596-9aaa-f3562206109b:175,claude:047ce1aa-9d25-4596-9aaa-f3562206109b:178,15428,15431,3,14476,1,1,1,0,0,0
agentsight,e58fce112c6e,complete,claude:047ce1aa-9d25-4596-9aaa-f3562206109b:178,claude:047ce1aa-9d25-4596-9aaa-f3562206109b:179,15431,15432,1,7800,1,0,0,0,0,0
agentsight,e58fce112c6e,complete,claude:047ce1aa-9d25-4596-9aaa-f3562206109b:179,claude:047ce1aa-9d25-4596-9aaa-f3562206109b:403,15432,15772,340,5858081,5,17,13,0,0,0
agentsight,e58fce112c6e,complete,claude:047ce1aa-9d25-4596-9aaa-f3562206109b:403,codex:rollout-2026-06-04T17-43-54-019e953c-903e-71e1-b7d2-1ca9b4f952f0:131,15772,16002,230,3735360,2,9,5,0,0,0
agentsight,e58fce112c6e,complete,codex:rollout-2026-06-04T17-43-54-019e953c-903e-71e1-b7d2-1ca9b4f952f0:131,codex:rollout-2026-06-04T17-43-54-019e953c-903e-71e1-b7d2-1ca9b4f952f0:156,16002,16043,41,168218,2,0,0,2,0,0
agentsight,e58fce112c6e,complete,codex:rollout-2026-06-04T17-43-54-019e953c-903e-71e1-b7d2-1ca9b4f952f0:156,codex:rollout-2026-06-04T17-43-54-019e953c-903e-71e1-b7d2-1ca9b4f952f0:157,16043,16044,1,10017,1,0,0,0,0,0
agentsight,e58fce112c6e,complete,codex:rollout-2026-06-04T17-43-54-019e953c-903e-71e1-b7d2-1ca9b4f952f0:157,codex:rollout-2026-06-04T17-43-54-019e953c-903e-71e1-b7d2-1ca9b4f952f0:159,16044,16046,2,6773,1,0,0,0,0,0
agentsight,e58fce112c6e,complete,codex:rollout-2026-06-04T17-43-54-019e953c-903e-71e1-b7d2-1ca9b4f952f0:159,claude:047ce1aa-9d25-4596-9aaa-f3562206109b:629,16046,16083,37,107447,2,0,0,0,0,0
agentsight,e58fce112c6e,complete,claude:047ce1aa-9d25-4596-9aaa-f3562206109b:629,codex:rollout-2026-06-04T17-43-54-019e953c-903e-71e1-b7d2-1ca9b4f952f0:191,16083,16104,21,58890,2,0,0,0,0,0
agentsight,e58fce112c6e,complete,codex:rollout-2026-06-04T17-43-54-019e953c-903e-71e1-b7d2-1ca9b4f952f0:191,codex:rollout-2026-06-04T17-43-54-019e953c-903e-71e1-b7d2-1ca9b4f952f0:192,16104,16105,1,1,1,0,0,0,0,0
agentsight,e58fce112c6e,complete,codex:rollout-2026-06-04T17-43-54-019e953c-903e-71e1-b7d2-1ca9b4f952f0:192,codex:rollout-2026-06-04T17-43-54-019e953c-903e-71e1-b7d2-1ca9b4f952f0:216,16105,16151,46,88431,2,0,0,0,0,0
agentsight,e58fce112c6e,complete,codex:rollout-2026-06-04T17-43-54-019e953c-903e-71e1-b7d2-1ca9b4f952f0:216,codex:rollout-2026-06-04T17-43-54-019e953c-903e-71e1-b7d2-1ca9b4f952f0:217,16151,16152,1,0,1,0,0,0,0,0
agentsight,e58fce112c6e,complete,codex:rollout-2026-06-04T17-43-54-019e953c-903e-71e1-b7d2-1ca9b4f952f0:217,codex:rollout-2026-06-04T17-43-54-019e953c-903e-71e1-b7d2-1ca9b4f952f0:218,16152,16156,4,7827,2,0,0,0,0,0
agentsight,e58fce112c6e,complete,codex:rollout-2026-06-04T17-43-54-019e953c-903e-71e1-b7d2-1ca9b4f952f0:218,codex:rollout-2026-06-04T17-43-54-019e953c-903e-71e1-b7d2-1ca9b4f952f0:249,16156,16350,194,1156176,2,1,1,1,0,0
agentsight,e58fce112c6e,complete,codex:rollout-2026-06-04T17-43-54-019e953c-903e-71e1-b7d2-1ca9b4f952f0:249,codex:rollout-2026-06-04T17-43-54-019e953c-903e-71e1-b7d2-1ca9b4f952f0:255,16350,16356,6,30171,1,0,0,0,0,0
agentsight,e58fce112c6e,complete,codex:rollout-2026-06-04T17-43-54-019e953c-903e-71e1-b7d2-1ca9b4f952f0:255,codex:rollout-2026-06-04T17-43-54-019e953c-903e-71e1-b7d2-1ca9b4f952f0:256,16356,16357,1,9196,1,0,0,0,0,0
agentsight,e58fce112c6e,complete,codex:rollout-2026-06-04T17-43-54-019e953c-903e-71e1-b7d2-1ca9b4f952f0:256,codex:rollout-2026-06-04T17-43-54-019e953c-903e-71e1-b7d2-1ca9b4f952f0:257,16357,16358,1,0,1,0,0,0,0,0
agentsight,e58fce112c6e,complete,codex:rollout-2026-06-04T17-43-54-019e953c-903e-71e1-b7d2-1ca9b4f952f0:257,codex:rollout-2026-06-04T17-43-54-019e953c-903e-71e1-b7d2-1ca9b4f952f0:282,16358,16394,36,532911,2,0,0,0,0,0
agentsight,e58fce112c6e,complete,codex:rollout-2026-06-04T17-43-54-019e953c-903e-71e1-b7d2-1ca9b4f952f0:282,codex:rollout-2026-06-04T17-43-54-019e953c-903e-71e1-b7d2-1ca9b4f952f0:283,16394,16395,1,0,1,0,0,0,0,0
agentsight,e58fce112c6e,complete,codex:rollout-2026-06-04T17-43-54-019e953c-903e-71e1-b7d2-1ca9b4f952f0:283,codex:rollout-2026-06-04T17-43-54-019e953c-903e-71e1-b7d2-1ca9b4f952f0:284,16395,16398,3,11531,2,0,0,0,0,0
agentsight,e58fce112c6e,complete,codex:rollout-2026-06-04T17-43-54-019e953c-903e-71e1-b7d2-1ca9b4f952f0:284,claude:047ce1aa-9d25-4596-9aaa-f3562206109b:857,16398,16414,16,96923,2,1,1,0,0,0
agentsight,e58fce112c6e,complete,claude:047ce1aa-9d25-4596-9aaa-f3562206109b:857,claude:047ce1aa-9d25-4596-9aaa-f3562206109b:948,16414,16513,99,3455154,2,5,5,0,0,0
agentsight,e58fce112c6e,complete,claude:047ce1aa-9d25-4596-9aaa-f3562206109b:948,codex:rollout-2026-06-08T21-27-31-019eaaa2-bac4-7502-a803-46f93a3de4f9:32,16513,16645,132,342885331,3,6,6,0,0,0
agentsight,e58fce112c6e,complete,codex:rollout-2026-06-08T21-27-31-019eaaa2-bac4-7502-a803-46f93a3de4f9:32,codex:rollout-2026-06-08T21-27-31-019eaaa2-bac4-7502-a803-46f93a3de4f9:34,16645,16647,2,17333,1,0,0,0,0,0
agentsight,e58fce112c6e,complete,codex:rollout-2026-06-08T21-27-31-019eaaa2-bac4-7502-a803-46f93a3de4f9:34,codex:rollout-2026-06-08T21-27-31-019eaaa2-bac4-7502-a803-46f93a3de4f9:96,16647,16711,64,420693,3,0,0,0,0,0
agentsight,e58fce112c6e,complete,codex:rollout-2026-06-08T21-27-31-019eaaa2-bac4-7502-a803-46f93a3de4f9:96,codex:rollout-2026-06-08T21-27-31-019eaaa2-bac4-7502-a803-46f93a3de4f9:97,16711,16712,1,59,1,0,0,0,0,0
agentsight,e58fce112c6e,complete,codex:rollout-2026-06-08T21-27-31-019eaaa2-bac4-7502-a803-46f93a3de4f9:97,codex:rollout-2026-06-08T21-27-31-019eaaa2-bac4-7502-a803-46f93a3de4f9:100,16712,16715,3,22596,1,0,0,0,0,0
agentsight,e58fce112c6e,complete,codex:rollout-2026-06-08T21-27-31-019eaaa2-bac4-7502-a803-46f93a3de4f9:100,codex:rollout-2026-06-08T21-27-31-019eaaa2-bac4-7502-a803-46f93a3de4f9:114,16715,16729,14,99265,1,0,0,0,0,0
agentsight,e58fce112c6e,complete,codex:rollout-2026-06-08T21-27-31-019eaaa2-bac4-7502-a803-46f93a3de4f9:114,codex:rollout-2026-06-08T21-27-31-019eaaa2-bac4-7502-a803-46f93a3de4f9:121,16729,16736,7,47773,1,0,0,0,0,0
agentsight,e58fce112c6e,complete,codex:rollout-2026-06-08T21-27-31-019eaaa2-bac4-7502-a803-46f93a3de4f9:121,codex:rollout-2026-06-08T21-27-31-019eaaa2-bac4-7502-a803-46f93a3de4f9:122,16736,16737,1,81,1,0,0,0,0,0
agentsight,e58fce112c6e,complete,codex:rollout-2026-06-08T21-27-31-019eaaa2-bac4-7502-a803-46f93a3de4f9:122,codex:rollout-2026-06-08T21-27-31-019eaaa2-bac4-7502-a803-46f93a3de4f9:198,16737,16813,76,878319,1,0,0,1,0,0
agentsight,e58fce112c6e,complete,codex:rollout-2026-06-08T21-27-31-019eaaa2-bac4-7502-a803-46f93a3de4f9:198,codex:rollout-2026-06-08T21-27-31-019eaaa2-bac4-7502-a803-46f93a3de4f9:199,16813,16814,1,7679,1,0,0,0,0,0
agentsight,e58fce112c6e,complete,codex:rollout-2026-06-08T21-27-31-019eaaa2-bac4-7502-a803-46f93a3de4f9:199,codex:rollout-2026-06-08T21-27-31-019eaaa2-bac4-7502-a803-46f93a3de4f9:205,16814,16820,6,63676,1,0,0,0,0,0
agentsight,e58fce112c6e,complete,codex:rollout-2026-06-08T21-27-31-019eaaa2-bac4-7502-a803-46f93a3de4f9:205,codex:rollout-2026-06-08T21-27-31-019eaaa2-bac4-7502-a803-46f93a3de4f9:206,16820,16821,1,117,1,0,0,0,0,0
agentsight,e58fce112c6e,complete,codex:rollout-2026-06-08T21-27-31-019eaaa2-bac4-7502-a803-46f93a3de4f9:206,codex:rollout-2026-06-08T21-27-31-019eaaa2-bac4-7502-a803-46f93a3de4f9:211,16821,16826,5,44030,1,0,0,0,0,0
agentsight,e58fce112c6e,complete,codex:rollout-2026-06-08T21-27-31-019eaaa2-bac4-7502-a803-46f93a3de4f9:211,codex:rollout-2026-06-08T21-27-31-019eaaa2-bac4-7502-a803-46f93a3de4f9:212,16826,16827,1,137,1,0,0,0,0,0
agentsight,e58fce112c6e,complete,codex:rollout-2026-06-08T21-27-31-019eaaa2-bac4-7502-a803-46f93a3de4f9:212,codex:rollout-2026-06-08T21-27-31-019eaaa2-bac4-7502-a803-46f93a3de4f9:217,16827,16832,5,45094,1,0,0,0,0,0
agentsight,e58fce112c6e,complete,codex:rollout-2026-06-08T21-27-31-019eaaa2-bac4-7502-a803-46f93a3de4f9:217,codex:rollout-2026-06-08T21-27-31-019eaaa2-bac4-7502-a803-46f93a3de4f9:265,16832,16880,48,382922,1,0,0,0,0,0
agentsight,e58fce112c6e,complete,codex:rollout-2026-06-08T21-27-31-019eaaa2-bac4-7502-a803-46f93a3de4f9:265,codex:rollout-2026-06-08T21-27-31-019eaaa2-bac4-7502-a803-46f93a3de4f9:295,16880,16911,31,270564,2,0,0,0,1,0
agentsight,e58fce112c6e,complete,codex:rollout-2026-06-08T21-27-31-019eaaa2-bac4-7502-a803-46f93a3de4f9:295,codex:rollout-2026-06-08T21-27-31-019eaaa2-bac4-7502-a803-46f93a3de4f9:296,16911,16912,1,21,1,0,0,0,0,0
agentsight,e58fce112c6e,complete,codex:rollout-2026-06-08T21-27-31-019eaaa2-bac4-7502-a803-46f93a3de4f9:296,codex:rollout-2026-06-08T21-27-31-019eaaa2-bac4-7502-a803-46f93a3de4f9:298,16912,16914,2,71290,1,0,0,0,0,0
agentsight,e58fce112c6e,complete,codex:rollout-2026-06-08T21-27-31-019eaaa2-bac4-7502-a803-46f93a3de4f9:298,codex:rollout-2026-06-08T21-27-31-019eaaa2-bac4-7502-a803-46f93a3de4f9:299,16914,16915,1,0,1,0,0,0,0,0
agentsight,e58fce112c6e,complete,codex:rollout-2026-06-08T21-27-31-019eaaa2-bac4-7502-a803-46f93a3de4f9:299,codex:rollout-2026-06-08T21-27-31-019eaaa2-bac4-7502-a803-46f93a3de4f9:300,16915,16916,1,27,1,0,0,0,0,0
agentsight,e58fce112c6e,complete,codex:rollout-2026-06-08T21-27-31-019eaaa2-bac4-7502-a803-46f93a3de4f9:300,codex:rollout-2026-06-08T21-27-31-019eaaa2-bac4-7502-a803-46f93a3de4f9:302,16916,16918,2,27845,1,0,0,0,0,0
agentsight,e58fce112c6e,complete,codex:rollout-2026-06-08T21-27-31-019eaaa2-bac4-7502-a803-46f93a3de4f9:302,codex:rollout-2026-06-08T21-27-31-019eaaa2-bac4-7502-a803-46f93a3de4f9:314,16918,16930,12,84429,1,0,0,0,0,0
agentsight,e58fce112c6e,complete,codex:rollout-2026-06-08T21-27-31-019eaaa2-bac4-7502-a803-46f93a3de4f9:314,codex:rollout-2026-06-08T21-27-31-019eaaa2-bac4-7502-a803-46f93a3de4f9:315,16930,16931,1,32,1,0,0,0,0,0
agentsight,e58fce112c6e,complete,codex:rollout-2026-06-08T21-27-31-019eaaa2-bac4-7502-a803-46f93a3de4f9:315,codex:rollout-2026-06-08T21-27-31-019eaaa2-bac4-7502-a803-46f93a3de4f9:316,16931,16932,1,14294,1,0,0,0,0,0
agentsight,e58fce112c6e,complete,codex:rollout-2026-06-08T21-27-31-019eaaa2-bac4-7502-a803-46f93a3de4f9:316,codex:rollout-2026-06-08T21-27-31-019eaaa2-bac4-7502-a803-46f93a3de4f9:340,16932,16956,24,107419,1,0,0,0,0,0
agentsight,e58fce112c6e,complete,codex:rollout-2026-06-08T21-27-31-019eaaa2-bac4-7502-a803-46f93a3de4f9:340,codex:rollout-2026-06-08T21-27-31-019eaaa2-bac4-7502-a803-46f93a3de4f9:341,16956,16957,1,19698,1,0,0,0,0,0
agentsight,e58fce112c6e,complete,codex:rollout-2026-06-08T21-27-31-019eaaa2-bac4-7502-a803-46f93a3de4f9:341,codex:rollout-2026-06-08T23-51-19-019eab26-60ac-78e0-9862-6274ae5e39bd:89,16957,17164,207,15883528,4,0,0,0,1,0
agentsight,e58fce112c6e,complete,codex:rollout-2026-06-08T23-51-19-019eab26-60ac-78e0-9862-6274ae5e39bd:89,codex:rollout-2026-06-08T23-51-19-019eab26-60ac-78e0-9862-6274ae5e39bd:97,17164,17183,19,61664,2,0,0,0,0,0
agentsight,e58fce112c6e,complete,codex:rollout-2026-06-08T23-51-19-019eab26-60ac-78e0-9862-6274ae5e39bd:97,codex:rollout-2026-06-08T23-51-19-019eab26-60ac-78e0-9862-6274ae5e39bd:108,17183,17204,21,44471,2,0,0,0,0,0
agentsight,e58fce112c6e,complete,codex:rollout-2026-06-08T23-51-19-019eab26-60ac-78e0-9862-6274ae5e39bd:108,codex:rollout-2026-06-09T02-33-07-019eabba-827c-7cf0-b3bc-38965c553d04:90,17204,17212,8,16616,2,0,0,0,0,0
agentsight,e58fce112c6e,complete,codex:rollout-2026-06-09T02-33-07-019eabba-827c-7cf0-b3bc-38965c553d04:90,codex:rollout-2026-06-08T23-51-19-019eab26-60ac-78e0-9862-6274ae5e39bd:126,17212,17231,19,163424,2,0,0,0,0,0
agentsight,e58fce112c6e,complete,codex:rollout-2026-06-08T23-51-19-019eab26-60ac-78e0-9862-6274ae5e39bd:126,codex:rollout-2026-06-08T23-51-19-019eab26-60ac-78e0-9862-6274ae5e39bd:168,17231,17273,42,335386,1,0,0,0,1,0
agentsight,e58fce112c6e,complete,codex:rollout-2026-06-08T23-51-19-019eab26-60ac-78e0-9862-6274ae5e39bd:168,codex:rollout-2026-06-08T23-51-19-019eab26-60ac-78e0-9862-6274ae5e39bd:172,17273,17277,4,17915,1,0,0,0,0,0
agentsight,e58fce112c6e,complete,codex:rollout-2026-06-08T23-51-19-019eab26-60ac-78e0-9862-6274ae5e39bd:172,codex:rollout-2026-06-08T23-51-19-019eab26-60ac-78e0-9862-6274ae5e39bd:190,17277,17295,18,144404,1,0,0,0,0,0
agentsight,e58fce112c6e,complete,codex:rollout-2026-06-08T23-51-19-019eab26-60ac-78e0-9862-6274ae5e39bd:190,codex:rollout-2026-06-08T23-51-19-019eab26-60ac-78e0-9862-6274ae5e39bd:251,17295,17356,61,849059,1,0,0,0,0,0
agentsight,e58fce112c6e,complete,codex:rollout-2026-06-08T23-51-19-019eab26-60ac-78e0-9862-6274ae5e39bd:251,codex:rollout-2026-06-08T23-51-19-019eab26-60ac-78e0-9862-6274ae5e39bd:310,17356,17415,59,339333,1,0,0,0,0,0
agentsight,e58fce112c6e,complete,codex:rollout-2026-06-08T23-51-19-019eab26-60ac-78e0-9862-6274ae5e39bd:310,codex:rollout-2026-06-08T23-51-19-019eab26-60ac-78e0-9862-6274ae5e39bd:366,17415,17471,56,425511,1,0,0,0,0,0
agentsight,e58fce112c6e,complete,codex:rollout-2026-06-08T23-51-19-019eab26-60ac-78e0-9862-6274ae5e39bd:366,codex:rollout-2026-06-08T23-51-19-019eab26-60ac-78e0-9862-6274ae5e39bd:429,17471,17543,72,39077890,2,0,0,2,0,0
agentsight,e58fce112c6e,complete,codex:rollout-2026-06-08T23-51-19-019eab26-60ac-78e0-9862-6274ae5e39bd:429,codex:rollout-2026-06-08T23-51-19-019eab26-60ac-78e0-9862-6274ae5e39bd:432,17543,17546,3,319700,1,0,0,0,0,0
agentsight,e58fce112c6e,complete,codex:rollout-2026-06-08T23-51-19-019eab26-60ac-78e0-9862-6274ae5e39bd:432,codex:rollout-2026-06-08T21-27-31-019eaaa2-bac4-7502-a803-46f93a3de4f9:400,17546,17570,24,26110740,3,0,0,0,0,0
agentsight,e58fce112c6e,complete,codex:rollout-2026-06-08T21-27-31-019eaaa2-bac4-7502-a803-46f93a3de4f9:400,codex:rollout-2026-06-08T21-27-31-019eaaa2-bac4-7502-a803-46f93a3de4f9:421,17570,17591,21,108755,1,0,0,0,0,0
agentsight,e58fce112c6e,complete,codex:rollout-2026-06-08T21-27-31-019eaaa2-bac4-7502-a803-46f93a3de4f9:421,codex:rollout-2026-06-08T21-27-31-019eaaa2-bac4-7502-a803-46f93a3de4f9:444,17591,17614,23,154625,1,0,0,0,0,0
agentsight,e58fce112c6e,complete,codex:rollout-2026-06-08T21-27-31-019eaaa2-bac4-7502-a803-46f93a3de4f9:444,codex:rollout-2026-06-08T21-27-31-019eaaa2-bac4-7502-a803-46f93a3de4f9:464,17614,17634,20,773818,1,0,0,0,0,0
agentsight,e58fce112c6e,complete,codex:rollout-2026-06-08T21-27-31-019eaaa2-bac4-7502-a803-46f93a3de4f9:464,codex:rollout-2026-06-08T21-27-31-019eaaa2-bac4-7502-a803-46f93a3de4f9:465,17634,17635,1,10946,1,0,0,0,0,0
agentsight,e58fce112c6e,complete,codex:rollout-2026-06-08T21-27-31-019eaaa2-bac4-7502-a803-46f93a3de4f9:465,codex:rollout-2026-06-08T21-27-31-019eaaa2-bac4-7502-a803-46f93a3de4f9:498,17635,17670,35,1192192,3,0,0,0,0,0
agentsight,e58fce112c6e,complete,codex:rollout-2026-06-08T21-27-31-019eaaa2-bac4-7502-a803-46f93a3de4f9:498,codex:rollout-2026-06-08T21-27-31-019eaaa2-bac4-7502-a803-46f93a3de4f9:499,17670,17671,1,8661,1,0,0,0,0,0
agentsight,e58fce112c6e,complete,codex:rollout-2026-06-08T21-27-31-019eaaa2-bac4-7502-a803-46f93a3de4f9:499,codex:rollout-2026-06-08T21-27-31-019eaaa2-bac4-7502-a803-46f93a3de4f9:519,17671,17692,21,307565,2,0,0,0,0,0
agentsight,e58fce112c6e,complete,codex:rollout-2026-06-08T21-27-31-019eaaa2-bac4-7502-a803-46f93a3de4f9:519,codex:rollout-2026-06-08T21-27-31-019eaaa2-bac4-7502-a803-46f93a3de4f9:524,17692,17697,5,30067,1,0,0,1,0,0
agentsight,e58fce112c6e,complete,codex:rollout-2026-06-08T21-27-31-019eaaa2-bac4-7502-a803-46f93a3de4f9:524,codex:rollout-2026-06-08T21-27-31-019eaaa2-bac4-7502-a803-46f93a3de4f9:525,17697,17698,1,0,1,0,0,0,0,0
agentsight,e58fce112c6e,complete,codex:rollout-2026-06-08T21-27-31-019eaaa2-bac4-7502-a803-46f93a3de4f9:525,codex:rollout-2026-06-08T21-27-31-019eaaa2-bac4-7502-a803-46f93a3de4f9:526,17698,17699,1,40,1,0,0,0,0,0
agentsight,e58fce112c6e,complete,codex:rollout-2026-06-08T21-27-31-019eaaa2-bac4-7502-a803-46f93a3de4f9:526,codex:rollout-2026-06-08T21-27-31-019eaaa2-bac4-7502-a803-46f93a3de4f9:531,17699,17704,5,23982,1,0,0,1,0,0
agentsight,e58fce112c6e,complete,codex:rollout-2026-06-08T21-27-31-019eaaa2-bac4-7502-a803-46f93a3de4f9:531,codex:rollout-2026-06-08T21-27-31-019eaaa2-bac4-7502-a803-46f93a3de4f9:532,17704,17705,1,7170,1,0,0,0,0,0
agentsight,e58fce112c6e,complete,codex:rollout-2026-06-08T21-27-31-019eaaa2-bac4-7502-a803-46f93a3de4f9:532,codex:rollout-2026-06-08T21-27-31-019eaaa2-bac4-7502-a803-46f93a3de4f9:550,17705,17723,18,297640,1,0,0,0,0,0
agentsight,e58fce112c6e,complete,codex:rollout-2026-06-08T21-27-31-019eaaa2-bac4-7502-a803-46f93a3de4f9:550,codex:rollout-2026-06-08T21-27-31-019eaaa2-bac4-7502-a803-46f93a3de4f9:552,17723,17725,2,8728,1,0,0,0,0,0
agentsight,e58fce112c6e,complete,codex:rollout-2026-06-08T21-27-31-019eaaa2-bac4-7502-a803-46f93a3de4f9:552,codex:rollout-2026-06-08T21-27-31-019eaaa2-bac4-7502-a803-46f93a3de4f9:553,17725,17726,1,17739,1,0,0,0,0,0
agentsight,e58fce112c6e,complete,codex:rollout-2026-06-08T21-27-31-019eaaa2-bac4-7502-a803-46f93a3de4f9:553,codex:rollout-2026-06-08T21-27-31-019eaaa2-bac4-7502-a803-46f93a3de4f9:567,17726,17740,14,372852,1,0,0,0,0,0
agentsight,e58fce112c6e,complete,codex:rollout-2026-06-08T21-27-31-019eaaa2-bac4-7502-a803-46f93a3de4f9:567,codex:rollout-2026-06-08T21-27-31-019eaaa2-bac4-7502-a803-46f93a3de4f9:568,17740,17741,1,75,1,0,0,0,0,0
agentsight,e58fce112c6e,complete,codex:rollout-2026-06-08T21-27-31-019eaaa2-bac4-7502-a803-46f93a3de4f9:568,codex:rollout-2026-06-08T21-27-31-019eaaa2-bac4-7502-a803-46f93a3de4f9:569,17741,17742,1,14945,1,0,0,0,0,0
agentsight,e58fce112c6e,complete,codex:rollout-2026-06-08T21-27-31-019eaaa2-bac4-7502-a803-46f93a3de4f9:569,codex:rollout-2026-06-08T21-27-31-019eaaa2-bac4-7502-a803-46f93a3de4f9:600,17742,17773,31,375656,1,0,0,0,0,0
agentsight,e58fce112c6e,complete,codex:rollout-2026-06-08T21-27-31-019eaaa2-bac4-7502-a803-46f93a3de4f9:600,codex:rollout-2026-06-08T21-27-31-019eaaa2-bac4-7502-a803-46f93a3de4f9:616,17773,17789,16,293920,1,0,0,0,0,0
agentsight,e58fce112c6e,complete,codex:rollout-2026-06-08T21-27-31-019eaaa2-bac4-7502-a803-46f93a3de4f9:616,codex:rollout-2026-06-08T21-27-31-019eaaa2-bac4-7502-a803-46f93a3de4f9:644,17789,17817,28,3296295,1,0,0,0,0,0
agentsight,e58fce112c6e,complete,codex:rollout-2026-06-08T21-27-31-019eaaa2-bac4-7502-a803-46f93a3de4f9:644,codex:rollout-2026-06-08T21-27-31-019eaaa2-bac4-7502-a803-46f93a3de4f9:645,17817,17818,1,73,1,0,0,0,0,0
agentsight,e58fce112c6e,complete,codex:rollout-2026-06-08T21-27-31-019eaaa2-bac4-7502-a803-46f93a3de4f9:645,codex:rollout-2026-06-08T21-27-31-019eaaa2-bac4-7502-a803-46f93a3de4f9:707,17818,17880,62,631652,1,0,0,0,0,0
agentsight,e58fce112c6e,complete,codex:rollout-2026-06-08T21-27-31-019eaaa2-bac4-7502-a803-46f93a3de4f9:707,codex:rollout-2026-06-08T21-27-31-019eaaa2-bac4-7502-a803-46f93a3de4f9:727,17880,17900,20,90418,1,0,0,0,0,0
agentsight,e58fce112c6e,complete,codex:rollout-2026-06-08T21-27-31-019eaaa2-bac4-7502-a803-46f93a3de4f9:727,codex:rollout-2026-06-08T21-27-31-019eaaa2-bac4-7502-a803-46f93a3de4f9:728,17900,17901,1,33,1,0,0,0,0,0
agentsight,e58fce112c6e,complete,codex:rollout-2026-06-08T21-27-31-019eaaa2-bac4-7502-a803-46f93a3de4f9:728,codex:rollout-2026-06-08T21-27-31-019eaaa2-bac4-7502-a803-46f93a3de4f9:792,17901,17965,64,531591,1,0,0,1,0,0
agentsight,e58fce112c6e,complete,codex:rollout-2026-06-08T21-27-31-019eaaa2-bac4-7502-a803-46f93a3de4f9:792,codex:rollout-2026-06-08T21-27-31-019eaaa2-bac4-7502-a803-46f93a3de4f9:793,17965,17966,1,2104,1,0,0,0,0,0
agentsight,e58fce112c6e,complete,codex:rollout-2026-06-08T21-27-31-019eaaa2-bac4-7502-a803-46f93a3de4f9:793,codex:rollout-2026-06-08T21-27-31-019eaaa2-bac4-7502-a803-46f93a3de4f9:798,17966,17971,5,20200,1,0,0,0,0,0
agentsight,e58fce112c6e,complete,codex:rollout-2026-06-08T21-27-31-019eaaa2-bac4-7502-a803-46f93a3de4f9:798,codex:rollout-2026-06-08T21-27-31-019eaaa2-bac4-7502-a803-46f93a3de4f9:808,17971,17981,10,48729,1,0,0,0,0,0
agentsight,e58fce112c6e,complete,codex:rollout-2026-06-08T21-27-31-019eaaa2-bac4-7502-a803-46f93a3de4f9:808,codex:rollout-2026-06-08T21-27-31-019eaaa2-bac4-7502-a803-46f93a3de4f9:886,17981,18059,78,844900,1,0,0,0,0,0
agentsight,e58fce112c6e,complete,codex:rollout-2026-06-08T21-27-31-019eaaa2-bac4-7502-a803-46f93a3de4f9:886,codex:rollout-2026-06-08T21-27-31-019eaaa2-bac4-7502-a803-46f93a3de4f9:887,18059,18060,1,181,1,0,0,0,0,0
agentsight,e58fce112c6e,complete,codex:rollout-2026-06-08T21-27-31-019eaaa2-bac4-7502-a803-46f93a3de4f9:887,codex:rollout-2026-06-08T21-27-31-019eaaa2-bac4-7502-a803-46f93a3de4f9:888,18060,18061,1,12688,1,0,0,0,0,0
agentsight,e58fce112c6e,complete,codex:rollout-2026-06-08T21-27-31-019eaaa2-bac4-7502-a803-46f93a3de4f9:888,codex:rollout-2026-06-08T21-27-31-019eaaa2-bac4-7502-a803-46f93a3de4f9:960,18061,18133,72,724533,1,0,0,0,0,0
agentsight,e58fce112c6e,complete,codex:rollout-2026-06-08T21-27-31-019eaaa2-bac4-7502-a803-46f93a3de4f9:960,codex:rollout-2026-06-08T21-27-31-019eaaa2-bac4-7502-a803-46f93a3de4f9:961,18133,18134,1,106,1,0,0,0,0,0
agentsight,e58fce112c6e,complete,codex:rollout-2026-06-08T21-27-31-019eaaa2-bac4-7502-a803-46f93a3de4f9:961,codex:rollout-2026-06-08T21-27-31-019eaaa2-bac4-7502-a803-46f93a3de4f9:962,18134,18135,1,17841,1,0,0,0,0,0
agentsight,e58fce112c6e,complete,codex:rollout-2026-06-08T21-27-31-019eaaa2-bac4-7502-a803-46f93a3de4f9:962,claude:aa27b1bd-8e29-4074-a1a7-7b7d4b444620:13,18135,18317,182,7425927,5,1,1,0,0,0
agentsight,e58fce112c6e,complete,claude:aa27b1bd-8e29-4074-a1a7-7b7d4b444620:13,claude:aa27b1bd-8e29-4074-a1a7-7b7d4b444620:53,18317,18357,40,294750,1,15,5,0,0,0
agentsight,e58fce112c6e,complete,claude:aa27b1bd-8e29-4074-a1a7-7b7d4b444620:53,claude:aa27b1bd-8e29-4074-a1a7-7b7d4b444620:54,18357,18358,1,21732,1,0,0,0,0,0
agentsight,e58fce112c6e,complete,claude:aa27b1bd-8e29-4074-a1a7-7b7d4b444620:54,claude:aa27b1bd-8e29-4074-a1a7-7b7d4b444620:85,18358,18389,31,658961,1,15,14,0,0,0
agentsight,e58fce112c6e,complete,claude:aa27b1bd-8e29-4074-a1a7-7b7d4b444620:85,claude:aa27b1bd-8e29-4074-a1a7-7b7d4b444620:86,18389,18390,1,8920,1,0,0,0,0,0
agentsight,e58fce112c6e,complete,claude:aa27b1bd-8e29-4074-a1a7-7b7d4b444620:86,claude:aa27b1bd-8e29-4074-a1a7-7b7d4b444620:91,18390,18395,5,31589,1,4,2,0,0,0
agentsight,e58fce112c6e,complete,claude:aa27b1bd-8e29-4074-a1a7-7b7d4b444620:91,claude:aa27b1bd-8e29-4074-a1a7-7b7d4b444620:94,18395,18398,3,19964,1,2,1,0,0,0
agentsight,e58fce112c6e,complete,claude:aa27b1bd-8e29-4074-a1a7-7b7d4b444620:94,claude:aa27b1bd-8e29-4074-a1a7-7b7d4b444620:95,18398,18399,1,11661,1,0,0,0,0,0
agentsight,e58fce112c6e,complete,claude:aa27b1bd-8e29-4074-a1a7-7b7d4b444620:95,claude:aa27b1bd-8e29-4074-a1a7-7b7d4b444620:97,18399,18401,2,11477,1,1,1,0,0,0
agentsight,e58fce112c6e,complete,claude:aa27b1bd-8e29-4074-a1a7-7b7d4b444620:97,claude:aa27b1bd-8e29-4074-a1a7-7b7d4b444620:109,18401,18413,12,178209,1,3,3,0,0,0
agentsight,e58fce112c6e,complete,claude:aa27b1bd-8e29-4074-a1a7-7b7d4b444620:109,claude:aa27b1bd-8e29-4074-a1a7-7b7d4b444620:136,18413,18440,27,273377,1,16,14,0,0,0
agentsight,e58fce112c6e,complete,claude:aa27b1bd-8e29-4074-a1a7-7b7d4b444620:136,claude:aa27b1bd-8e29-4074-a1a7-7b7d4b444620:146,18440,18450,10,180416,1,5,5,0,0,0
agentsight,e58fce112c6e,complete,claude:aa27b1bd-8e29-4074-a1a7-7b7d4b444620:146,claude:aa27b1bd-8e29-4074-a1a7-7b7d4b444620:157,18450,18461,11,110319,1,2,2,0,0,0
agentsight,e58fce112c6e,complete,claude:aa27b1bd-8e29-4074-a1a7-7b7d4b444620:157,claude:aa27b1bd-8e29-4074-a1a7-7b7d4b444620:191,18461,18495,34,27734607,1,9,5,0,0,0
agentsight,e58fce112c6e,complete,claude:aa27b1bd-8e29-4074-a1a7-7b7d4b444620:191,claude:aa27b1bd-8e29-4074-a1a7-7b7d4b444620:209,18495,18553,58,322503,2,37,11,0,0,0
agentsight,e58fce112c6e,complete,claude:aa27b1bd-8e29-4074-a1a7-7b7d4b444620:209,claude:aa27b1bd-8e29-4074-a1a7-7b7d4b444620:211,18553,18557,4,21565,2,1,1,0,0,0
agentsight,e58fce112c6e,complete,claude:aa27b1bd-8e29-4074-a1a7-7b7d4b444620:211,claude:agent-ace9bc5ddff54921e:42,18557,18558,1,4962,1,0,0,0,0,0
agentsight,e58fce112c6e,complete,claude:agent-ace9bc5ddff54921e:42,claude:agent-ace9bc5ddff54921e:43,18558,18560,2,9022,2,0,0,0,0,0
agentsight,e58fce112c6e,complete,claude:agent-ace9bc5ddff54921e:43,claude:aa27b1bd-8e29-4074-a1a7-7b7d4b444620:216,18560,18568,8,62187,2,10,9,0,0,0
agentsight,e58fce112c6e,complete,claude:aa27b1bd-8e29-4074-a1a7-7b7d4b444620:216,claude:agent-ace9bc5ddff54921e:50,18568,18571,3,8387,1,2,1,0,0,0
agentsight,e58fce112c6e,complete,claude:agent-ace9bc5ddff54921e:50,claude:agent-ace9bc5ddff54921e:51,18571,18572,1,8291,1,0,0,0,0,0
agentsight,e58fce112c6e,complete,claude:agent-ace9bc5ddff54921e:51,claude:agent-ace9bc5ddff54921e:52,18572,18574,2,7595,2,0,0,0,0,0
agentsight,e58fce112c6e,complete,claude:agent-ace9bc5ddff54921e:52,claude:agent-ace9bc5ddff54921e:53,18574,18576,2,6722,2,0,0,0,0,0
agentsight,e58fce112c6e,complete,claude:agent-ace9bc5ddff54921e:53,claude:aa27b1bd-8e29-4074-a1a7-7b7d4b444620:224,18576,18583,7,152573,2,1,1,0,0,0
agentsight,e58fce112c6e,complete,claude:aa27b1bd-8e29-4074-a1a7-7b7d4b444620:224,claude:agent-a69172bdbd6399d7b:45,18583,18634,51,784234,2,26,5,0,0,0
agentsight,e58fce112c6e,complete,claude:agent-a69172bdbd6399d7b:45,claude:agent-a69172bdbd6399d7b:46,18634,18635,1,7343,1,0,0,0,0,0
agentsight,e58fce112c6e,complete,claude:agent-a69172bdbd6399d7b:46,claude:agent-a69172bdbd6399d7b:47,18635,18636,1,5980,1,0,0,0,0,0
agentsight,e58fce112c6e,complete,claude:agent-a69172bdbd6399d7b:47,claude:agent-a69172bdbd6399d7b:76,18636,18665,29,184177,1,7,6,0,0,0
agentsight,e58fce112c6e,complete,claude:agent-a69172bdbd6399d7b:76,claude:agent-a69172bdbd6399d7b:79,18665,18668,3,18372,1,0,0,0,0,0
agentsight,e58fce112c6e,complete,claude:agent-a69172bdbd6399d7b:79,claude:agent-a69172bdbd6399d7b:86,18668,18675,7,58706,1,3,2,0,0,0
agentsight,e58fce112c6e,complete,claude:agent-a69172bdbd6399d7b:86,claude:agent-a69172bdbd6399d7b:87,18675,18676,1,5225,1,0,0,0,0,0
agentsight,e58fce112c6e,complete,claude:agent-a69172bdbd6399d7b:87,claude:agent-a69172bdbd6399d7b:92,18676,18681,5,35014,1,1,1,0,0,0
agentsight,e58fce112c6e,complete,claude:agent-a69172bdbd6399d7b:92,claude:aa27b1bd-8e29-4074-a1a7-7b7d4b444620:230,18681,18683,2,42441,2,0,0,0,0,0
agentsight,e58fce112c6e,complete,claude:aa27b1bd-8e29-4074-a1a7-7b7d4b444620:230,codex:rollout-2026-06-12T22-20-31-019ebf6c-ae8e-78c1-a49e-9e005f5abecd:19,18683,18719,36,213444305,2,2,1,0,0,0
agentsight,e58fce112c6e,complete,codex:rollout-2026-06-12T22-20-31-019ebf6c-ae8e-78c1-a49e-9e005f5abecd:19,codex:rollout-2026-06-12T22-20-31-019ebf6c-ae8e-78c1-a49e-9e005f5abecd:20,18719,18720,1,30,1,0,0,0,0,0
agentsight,e58fce112c6e,complete,codex:rollout-2026-06-12T22-20-31-019ebf6c-ae8e-78c1-a49e-9e005f5abecd:20,codex:rollout-2026-06-12T22-20-31-019ebf6c-ae8e-78c1-a49e-9e005f5abecd:120,18720,18820,100,2150501,1,2,2,0,0,0
agentsight,e58fce112c6e,complete,codex:rollout-2026-06-12T22-20-31-019ebf6c-ae8e-78c1-a49e-9e005f5abecd:120,codex:rollout-2026-06-12T22-20-31-019ebf6c-ae8e-78c1-a49e-9e005f5abecd:121,18820,18821,1,0,1,0,0,0,0,0
agentsight,e58fce112c6e,complete,codex:rollout-2026-06-12T22-20-31-019ebf6c-ae8e-78c1-a49e-9e005f5abecd:121,codex:rollout-2026-06-12T22-20-31-019ebf6c-ae8e-78c1-a49e-9e005f5abecd:210,18821,18910,89,2266373,1,2,2,0,0,0
agentsight,e58fce112c6e,complete,codex:rollout-2026-06-12T22-20-31-019ebf6c-ae8e-78c1-a49e-9e005f5abecd:210,codex:rollout-2026-06-12T22-20-31-019ebf6c-ae8e-78c1-a49e-9e005f5abecd:211,18910,18911,1,26,1,0,0,0,0,0
agentsight,e58fce112c6e,complete,codex:rollout-2026-06-12T22-20-31-019ebf6c-ae8e-78c1-a49e-9e005f5abecd:211,codex:rollout-2026-06-12T22-20-31-019ebf6c-ae8e-78c1-a49e-9e005f5abecd:270,18911,18970,59,1654313,1,0,0,0,0,0
agentsight,e58fce112c6e,complete,codex:rollout-2026-06-12T22-20-31-019ebf6c-ae8e-78c1-a49e-9e005f5abecd:270,codex:rollout-2026-06-12T22-20-31-019ebf6c-ae8e-78c1-a49e-9e005f5abecd:276,18970,18976,6,46842,1,0,0,0,0,0
agentsight,e58fce112c6e,complete,codex:rollout-2026-06-12T22-20-31-019ebf6c-ae8e-78c1-a49e-9e005f5abecd:276,codex:rollout-2026-06-12T22-20-31-019ebf6c-ae8e-78c1-a49e-9e005f5abecd:283,18976,18983,7,37941,1,0,0,0,0,0
agentsight,e58fce112c6e,complete,codex:rollout-2026-06-12T22-20-31-019ebf6c-ae8e-78c1-a49e-9e005f5abecd:283,codex:rollout-2026-06-12T22-20-31-019ebf6c-ae8e-78c1-a49e-9e005f5abecd:287,18983,18987,4,24773,1,0,0,0,0,0
agentsight,e58fce112c6e,complete,codex:rollout-2026-06-12T22-20-31-019ebf6c-ae8e-78c1-a49e-9e005f5abecd:287,codex:rollout-2026-06-12T22-20-31-019ebf6c-ae8e-78c1-a49e-9e005f5abecd:292,18987,18992,5,22787,1,0,0,0,0,0
agentsight,e58fce112c6e,complete,codex:rollout-2026-06-12T22-20-31-019ebf6c-ae8e-78c1-a49e-9e005f5abecd:292,codex:rollout-2026-06-12T22-20-31-019ebf6c-ae8e-78c1-a49e-9e005f5abecd:295,18992,18995,3,7957,1,0,0,0,0,0
agentsight,e58fce112c6e,complete,codex:rollout-2026-06-12T22-20-31-019ebf6c-ae8e-78c1-a49e-9e005f5abecd:295,codex:rollout-2026-06-12T22-20-31-019ebf6c-ae8e-78c1-a49e-9e005f5abecd:303,18995,19003,8,21496,1,0,0,0,0,0
agentsight,e58fce112c6e,complete,codex:rollout-2026-06-12T22-20-31-019ebf6c-ae8e-78c1-a49e-9e005f5abecd:303,codex:rollout-2026-06-12T22-20-31-019ebf6c-ae8e-78c1-a49e-9e005f5abecd:335,19003,19035,32,229416,1,0,0,1,0,0
agentsight,e58fce112c6e,complete,codex:rollout-2026-06-12T22-20-31-019ebf6c-ae8e-78c1-a49e-9e005f5abecd:335,codex:rollout-2026-06-12T22-20-31-019ebf6c-ae8e-78c1-a49e-9e005f5abecd:336,19035,19036,1,0,1,0,0,0,0,0
agentsight,e58fce112c6e,complete,codex:rollout-2026-06-12T22-20-31-019ebf6c-ae8e-78c1-a49e-9e005f5abecd:336,codex:rollout-2026-06-12T22-20-31-019ebf6c-ae8e-78c1-a49e-9e005f5abecd:337,19036,19037,1,33,1,0,0,0,0,0
agentsight,e58fce112c6e,complete,codex:rollout-2026-06-12T22-20-31-019ebf6c-ae8e-78c1-a49e-9e005f5abecd:337,codex:rollout-2026-06-12T22-20-31-019ebf6c-ae8e-78c1-a49e-9e005f5abecd:347,19037,19047,10,143936,1,0,0,1,0,0
agentsight,e58fce112c6e,complete,codex:rollout-2026-06-12T22-20-31-019ebf6c-ae8e-78c1-a49e-9e005f5abecd:347,codex:rollout-2026-06-12T22-20-31-019ebf6c-ae8e-78c1-a49e-9e005f5abecd:353,19047,19053,6,23999,1,0,0,3,0,0
agentsight,e58fce112c6e,complete,codex:rollout-2026-06-12T22-20-31-019ebf6c-ae8e-78c1-a49e-9e005f5abecd:353,codex:rollout-2026-06-12T22-20-31-019ebf6c-ae8e-78c1-a49e-9e005f5abecd:354,19053,19054,1,138,1,0,0,0,0,0
agentsight,e58fce112c6e,complete,codex:rollout-2026-06-12T22-20-31-019ebf6c-ae8e-78c1-a49e-9e005f5abecd:354,codex:rollout-2026-06-12T22-20-31-019ebf6c-ae8e-78c1-a49e-9e005f5abecd:357,19054,19057,3,19166,1,0,0,0,0,0
agentsight,e58fce112c6e,complete,codex:rollout-2026-06-12T22-20-31-019ebf6c-ae8e-78c1-a49e-9e005f5abecd:357,codex:rollout-2026-06-12T22-20-31-019ebf6c-ae8e-78c1-a49e-9e005f5abecd:358,19057,19058,1,71,1,0,0,0,0,0
agentsight,e58fce112c6e,complete,codex:rollout-2026-06-12T22-20-31-019ebf6c-ae8e-78c1-a49e-9e005f5abecd:358,codex:rollout-2026-06-12T22-20-31-019ebf6c-ae8e-78c1-a49e-9e005f5abecd:376,19058,19076,18,203491,1,0,0,2,0,0
agentsight,e58fce112c6e,complete,codex:rollout-2026-06-12T22-20-31-019ebf6c-ae8e-78c1-a49e-9e005f5abecd:376,codex:rollout-2026-06-12T22-20-31-019ebf6c-ae8e-78c1-a49e-9e005f5abecd:380,19076,19080,4,27554,1,0,0,0,0,0
agentsight,e58fce112c6e,complete,codex:rollout-2026-06-12T22-20-31-019ebf6c-ae8e-78c1-a49e-9e005f5abecd:380,codex:rollout-2026-06-12T22-20-31-019ebf6c-ae8e-78c1-a49e-9e005f5abecd:381,19080,19081,1,38,1,0,0,0,0,0
agentsight,e58fce112c6e,complete,codex:rollout-2026-06-12T22-20-31-019ebf6c-ae8e-78c1-a49e-9e005f5abecd:381,codex:rollout-2026-06-12T22-20-31-019ebf6c-ae8e-78c1-a49e-9e005f5abecd:495,19081,19195,114,766787,1,2,2,0,0,0
agentsight,e58fce112c6e,complete,codex:rollout-2026-06-12T22-20-31-019ebf6c-ae8e-78c1-a49e-9e005f5abecd:495,codex:rollout-2026-06-12T22-20-31-019ebf6c-ae8e-78c1-a49e-9e005f5abecd:497,19195,19197,2,9403,1,0,0,1,0,0
agentsight,e58fce112c6e,complete,codex:rollout-2026-06-12T22-20-31-019ebf6c-ae8e-78c1-a49e-9e005f5abecd:497,codex:rollout-2026-06-12T22-20-31-019ebf6c-ae8e-78c1-a49e-9e005f5abecd:498,19197,19198,1,76,1,0,0,0,0,0
agentsight,e58fce112c6e,complete,codex:rollout-2026-06-12T22-20-31-019ebf6c-ae8e-78c1-a49e-9e005f5abecd:498,codex:rollout-2026-06-12T22-20-31-019ebf6c-ae8e-78c1-a49e-9e005f5abecd:505,19198,19205,7,88918,1,0,0,0,0,0
agentsight,e58fce112c6e,complete,codex:rollout-2026-06-12T22-20-31-019ebf6c-ae8e-78c1-a49e-9e005f5abecd:505,codex:rollout-2026-06-12T22-20-31-019ebf6c-ae8e-78c1-a49e-9e005f5abecd:539,19205,19239,34,160716,1,0,0,1,0,0
agentsight,e58fce112c6e,complete,codex:rollout-2026-06-12T22-20-31-019ebf6c-ae8e-78c1-a49e-9e005f5abecd:539,codex:rollout-2026-06-12T22-20-31-019ebf6c-ae8e-78c1-a49e-9e005f5abecd:551,19239,19251,12,116547,1,0,0,0,0,0
agentsight,e58fce112c6e,complete,codex:rollout-2026-06-12T22-20-31-019ebf6c-ae8e-78c1-a49e-9e005f5abecd:551,codex:rollout-2026-06-12T22-20-31-019ebf6c-ae8e-78c1-a49e-9e005f5abecd:552,19251,19252,1,4367,1,0,0,0,0,0
agentsight,e58fce112c6e,complete,codex:rollout-2026-06-12T22-20-31-019ebf6c-ae8e-78c1-a49e-9e005f5abecd:552,codex:rollout-2026-06-12T22-20-31-019ebf6c-ae8e-78c1-a49e-9e005f5abecd:561,19252,19261,9,72753,1,0,0,0,0,0
agentsight,e58fce112c6e,complete,codex:rollout-2026-06-12T22-20-31-019ebf6c-ae8e-78c1-a49e-9e005f5abecd:561,codex:rollout-2026-06-12T22-20-31-019ebf6c-ae8e-78c1-a49e-9e005f5abecd:562,19261,19262,1,3882,1,0,0,0,0,0
agentsight,e58fce112c6e,complete,codex:rollout-2026-06-12T22-20-31-019ebf6c-ae8e-78c1-a49e-9e005f5abecd:562,codex:rollout-2026-06-12T22-20-31-019ebf6c-ae8e-78c1-a49e-9e005f5abecd:641,19262,19341,79,6479790,1,2,2,0,0,0
agentsight,e58fce112c6e,complete,codex:rollout-2026-06-12T22-20-31-019ebf6c-ae8e-78c1-a49e-9e005f5abecd:641,codex:rollout-2026-06-13T11-32-28-019ec241-bb77-7583-b955-6f15e37aa351:73,19341,19490,149,33184602,3,1,1,1,0,0
agentsight,e58fce112c6e,complete,codex:rollout-2026-06-13T11-32-28-019ec241-bb77-7583-b955-6f15e37aa351:73,codex:rollout-2026-06-13T11-32-28-019ec241-bb77-7583-b955-6f15e37aa351:79,19490,19496,6,27051,1,0,0,0,0,0
agentsight,e58fce112c6e,complete,codex:rollout-2026-06-13T11-32-28-019ec241-bb77-7583-b955-6f15e37aa351:79,codex:rollout-2026-06-13T11-32-28-019ec241-bb77-7583-b955-6f15e37aa351:80,19496,19497,1,11428,1,0,0,0,0,0
agentsight,e58fce112c6e,complete,codex:rollout-2026-06-13T11-32-28-019ec241-bb77-7583-b955-6f15e37aa351:80,codex:rollout-2026-06-13T11-32-28-019ec241-bb77-7583-b955-6f15e37aa351:102,19497,19519,22,112534,1,0,0,0,0,0
agentsight,e58fce112c6e,complete,codex:rollout-2026-06-13T11-32-28-019ec241-bb77-7583-b955-6f15e37aa351:102,codex:rollout-2026-06-13T11-32-28-019ec241-bb77-7583-b955-6f15e37aa351:103,19519,19520,1,10054,1,0,0,0,0,0
agentsight,e58fce112c6e,complete,codex:rollout-2026-06-13T11-32-28-019ec241-bb77-7583-b955-6f15e37aa351:103,codex:rollout-2026-06-13T11-24-41-019ec23a-9d01-7981-aaa4-1be1af89ba69:1165,19520,20949,1429,54771870,11,16,16,0,0,0
agentsight,e58fce112c6e,complete,codex:rollout-2026-06-13T11-24-41-019ec23a-9d01-7981-aaa4-1be1af89ba69:1165,codex:rollout-2026-06-13T11-24-41-019ec23a-9d01-7981-aaa4-1be1af89ba69:1201,20949,20985,36,413087,1,0,0,0,0,0
agentsight,e58fce112c6e,complete,codex:rollout-2026-06-13T11-24-41-019ec23a-9d01-7981-aaa4-1be1af89ba69:1201,codex:rollout-2026-06-13T11-24-41-019ec23a-9d01-7981-aaa4-1be1af89ba69:1287,20985,21071,86,482552,1,1,1,0,0,0
agentsight,e58fce112c6e,complete,codex:rollout-2026-06-13T11-24-41-019ec23a-9d01-7981-aaa4-1be1af89ba69:1287,codex:rollout-2026-06-13T11-24-41-019ec23a-9d01-7981-aaa4-1be1af89ba69:1405,21071,21189,118,31060181,1,0,0,1,0,0
agentsight,e58fce112c6e,complete,codex:rollout-2026-06-13T11-24-41-019ec23a-9d01-7981-aaa4-1be1af89ba69:1405,codex:rollout-2026-06-13T11-24-41-019ec23a-9d01-7981-aaa4-1be1af89ba69:1413,21189,21197,8,28205,1,0,0,0,0,0
agentsight,e58fce112c6e,complete,codex:rollout-2026-06-13T11-24-41-019ec23a-9d01-7981-aaa4-1be1af89ba69:1413,codex:rollout-2026-06-13T11-24-41-019ec23a-9d01-7981-aaa4-1be1af89ba69:1439,21197,21223,26,143550,1,0,0,0,0,0
agentsight,e58fce112c6e,complete,codex:rollout-2026-06-13T11-24-41-019ec23a-9d01-7981-aaa4-1be1af89ba69:1439,codex:rollout-2026-06-13T11-24-41-019ec23a-9d01-7981-aaa4-1be1af89ba69:1456,21223,21240,17,127501,1,0,0,2,0,0
agentsight,e58fce112c6e,complete,codex:rollout-2026-06-13T11-24-41-019ec23a-9d01-7981-aaa4-1be1af89ba69:1456,codex:rollout-2026-06-13T11-24-41-019ec23a-9d01-7981-aaa4-1be1af89ba69:1459,21240,21243,3,9509,1,0,0,0,0,0
agentsight,e58fce112c6e,complete,codex:rollout-2026-06-13T11-24-41-019ec23a-9d01-7981-aaa4-1be1af89ba69:1459,codex:rollout-2026-06-13T11-24-41-019ec23a-9d01-7981-aaa4-1be1af89ba69:1476,21243,21260,17,97247,1,0,0,0,0,0
agentsight,e58fce112c6e,complete,codex:rollout-2026-06-13T11-24-41-019ec23a-9d01-7981-aaa4-1be1af89ba69:1476,codex:rollout-2026-06-13T11-24-41-019ec23a-9d01-7981-aaa4-1be1af89ba69:1478,21260,21262,2,8595,1,0,0,0,0,0
agentsight,e58fce112c6e,complete,codex:rollout-2026-06-13T11-24-41-019ec23a-9d01-7981-aaa4-1be1af89ba69:1478,codex:rollout-2026-06-13T11-24-41-019ec23a-9d01-7981-aaa4-1be1af89ba69:1483,21262,21267,5,52581,1,0,0,0,0,0
agentsight,e58fce112c6e,complete,codex:rollout-2026-06-13T11-24-41-019ec23a-9d01-7981-aaa4-1be1af89ba69:1483,codex:rollout-2026-06-13T11-24-41-019ec23a-9d01-7981-aaa4-1be1af89ba69:1485,21267,21269,2,11770,1,0,0,0,0,0
agentsight,e58fce112c6e,complete,codex:rollout-2026-06-13T11-24-41-019ec23a-9d01-7981-aaa4-1be1af89ba69:1485,codex:rollout-2026-06-13T11-24-41-019ec23a-9d01-7981-aaa4-1be1af89ba69:1505,21269,21289,20,121661,1,0,0,1,0,0
agentsight,e58fce112c6e,complete,codex:rollout-2026-06-13T11-24-41-019ec23a-9d01-7981-aaa4-1be1af89ba69:1505,codex:rollout-2026-06-13T11-24-41-019ec23a-9d01-7981-aaa4-1be1af89ba69:1527,21289,21311,22,136607,1,0,0,0,0,0
agentsight,e58fce112c6e,complete,codex:rollout-2026-06-13T11-24-41-019ec23a-9d01-7981-aaa4-1be1af89ba69:1527,codex:rollout-2026-06-13T11-24-41-019ec23a-9d01-7981-aaa4-1be1af89ba69:1529,21311,21313,2,10020,1,0,0,0,0,0
agentsight,e58fce112c6e,complete,codex:rollout-2026-06-13T11-24-41-019ec23a-9d01-7981-aaa4-1be1af89ba69:1529,codex:rollout-2026-06-13T11-24-41-019ec23a-9d01-7981-aaa4-1be1af89ba69:1531,21313,21315,2,25152,1,0,0,0,0,0
agentsight,e58fce112c6e,complete,codex:rollout-2026-06-13T11-24-41-019ec23a-9d01-7981-aaa4-1be1af89ba69:1531,codex:rollout-2026-06-13T11-24-41-019ec23a-9d01-7981-aaa4-1be1af89ba69:1533,21315,21317,2,7089,1,0,0,0,0,0
agentsight,e58fce112c6e,complete,codex:rollout-2026-06-13T11-24-41-019ec23a-9d01-7981-aaa4-1be1af89ba69:1533,codex:rollout-2026-06-13T11-24-41-019ec23a-9d01-7981-aaa4-1be1af89ba69:1535,21317,21319,2,21235,1,0,0,0,0,0
agentsight,e58fce112c6e,complete,codex:rollout-2026-06-13T11-24-41-019ec23a-9d01-7981-aaa4-1be1af89ba69:1535,codex:rollout-2026-06-13T11-24-41-019ec23a-9d01-7981-aaa4-1be1af89ba69:1553,21319,21337,18,106073,1,0,0,1,0,0
agentsight,e58fce112c6e,complete,codex:rollout-2026-06-13T11-24-41-019ec23a-9d01-7981-aaa4-1be1af89ba69:1553,codex:rollout-2026-06-13T11-24-41-019ec23a-9d01-7981-aaa4-1be1af89ba69:1554,21337,21338,1,40,1,0,0,0,0,0
agentsight,e58fce112c6e,complete,codex:rollout-2026-06-13T11-24-41-019ec23a-9d01-7981-aaa4-1be1af89ba69:1554,codex:rollout-2026-06-13T11-24-41-019ec23a-9d01-7981-aaa4-1be1af89ba69:1572,21338,21356,18,103077,1,0,0,1,0,0
agentsight,e58fce112c6e,complete,codex:rollout-2026-06-13T11-24-41-019ec23a-9d01-7981-aaa4-1be1af89ba69:1572,codex:rollout-2026-06-13T11-24-41-019ec23a-9d01-7981-aaa4-1be1af89ba69:1629,21356,21413,57,6341613,1,0,0,0,0,0
agentsight,e58fce112c6e,complete,codex:rollout-2026-06-13T11-24-41-019ec23a-9d01-7981-aaa4-1be1af89ba69:1629,codex:rollout-2026-06-13T11-24-41-019ec23a-9d01-7981-aaa4-1be1af89ba69:1661,21413,21445,32,160848,1,0,0,0,0,0
agentsight,e58fce112c6e,complete,codex:rollout-2026-06-13T11-24-41-019ec23a-9d01-7981-aaa4-1be1af89ba69:1661,codex:rollout-2026-06-13T11-24-41-019ec23a-9d01-7981-aaa4-1be1af89ba69:1766,21445,21582,137,1450282,2,1,1,0,0,0
agentsight,e58fce112c6e,complete,codex:rollout-2026-06-13T11-24-41-019ec23a-9d01-7981-aaa4-1be1af89ba69:1766,codex:rollout-2026-06-13T11-24-41-019ec23a-9d01-7981-aaa4-1be1af89ba69:1812,21582,21628,46,267793,1,1,1,0,0,0
agentsight,e58fce112c6e,complete,codex:rollout-2026-06-13T11-24-41-019ec23a-9d01-7981-aaa4-1be1af89ba69:1812,codex:rollout-2026-06-13T11-24-41-019ec23a-9d01-7981-aaa4-1be1af89ba69:1940,21628,21756,128,873904,1,1,1,0,0,0
agentsight,e58fce112c6e,complete,codex:rollout-2026-06-13T11-24-41-019ec23a-9d01-7981-aaa4-1be1af89ba69:1940,codex:rollout-2026-06-13T11-24-41-019ec23a-9d01-7981-aaa4-1be1af89ba69:2002,21756,21857,101,629483,2,0,0,0,0,0
agentsight,e58fce112c6e,complete,codex:rollout-2026-06-13T11-24-41-019ec23a-9d01-7981-aaa4-1be1af89ba69:2002,codex:rollout-2026-06-13T11-24-41-019ec23a-9d01-7981-aaa4-1be1af89ba69:2044,21857,21924,67,324051,2,0,0,0,0,0
agentsight,e58fce112c6e,complete,codex:rollout-2026-06-13T11-24-41-019ec23a-9d01-7981-aaa4-1be1af89ba69:2044,codex:rollout-2026-06-13T11-24-41-019ec23a-9d01-7981-aaa4-1be1af89ba69:2112,21924,21992,68,782726,1,0,0,0,0,0
agentsight,e58fce112c6e,complete,codex:rollout-2026-06-13T11-24-41-019ec23a-9d01-7981-aaa4-1be1af89ba69:2112,codex:rollout-2026-06-13T11-24-41-019ec23a-9d01-7981-aaa4-1be1af89ba69:2113,21992,21993,1,9,1,0,0,0,0,0
agentsight,e58fce112c6e,complete,codex:rollout-2026-06-13T11-24-41-019ec23a-9d01-7981-aaa4-1be1af89ba69:2113,codex:rollout-2026-06-13T11-24-41-019ec23a-9d01-7981-aaa4-1be1af89ba69:2174,21993,22054,61,8389125,1,0,0,1,0,0
agentsight,e58fce112c6e,complete,codex:rollout-2026-06-13T11-24-41-019ec23a-9d01-7981-aaa4-1be1af89ba69:2174,codex:rollout-2026-06-13T11-24-41-019ec23a-9d01-7981-aaa4-1be1af89ba69:2176,22054,22056,2,27515,1,0,0,0,0,0
agentsight,e58fce112c6e,complete,codex:rollout-2026-06-13T11-24-41-019ec23a-9d01-7981-aaa4-1be1af89ba69:2176,codex:rollout-2026-06-13T11-24-41-019ec23a-9d01-7981-aaa4-1be1af89ba69:2181,22056,22061,5,50466,1,0,0,0,0,0
agentsight,e58fce112c6e,complete,codex:rollout-2026-06-13T11-24-41-019ec23a-9d01-7981-aaa4-1be1af89ba69:2181,codex:rollout-2026-06-13T11-24-41-019ec23a-9d01-7981-aaa4-1be1af89ba69:2229,22061,22109,48,634924,1,0,0,0,0,0
agentsight,e58fce112c6e,complete,codex:rollout-2026-06-13T11-24-41-019ec23a-9d01-7981-aaa4-1be1af89ba69:2229,codex:rollout-2026-06-13T11-24-41-019ec23a-9d01-7981-aaa4-1be1af89ba69:2230,22109,22110,1,25,1,0,0,0,0,0
agentsight,e58fce112c6e,complete,codex:rollout-2026-06-13T11-24-41-019ec23a-9d01-7981-aaa4-1be1af89ba69:2230,codex:rollout-2026-06-13T11-24-41-019ec23a-9d01-7981-aaa4-1be1af89ba69:2289,22110,22228,118,696041,2,0,0,0,0,0
agentsight,e58fce112c6e,complete,codex:rollout-2026-06-13T11-24-41-019ec23a-9d01-7981-aaa4-1be1af89ba69:2289,codex:rollout-2026-06-13T11-24-41-019ec23a-9d01-7981-aaa4-1be1af89ba69:2319,22228,22258,30,280360,1,0,0,0,0,0
agentsight,e58fce112c6e,complete,codex:rollout-2026-06-13T11-24-41-019ec23a-9d01-7981-aaa4-1be1af89ba69:2319,codex:rollout-2026-06-13T11-24-41-019ec23a-9d01-7981-aaa4-1be1af89ba69:2350,22258,22289,31,358441,1,0,0,0,0,0
agentsight,e58fce112c6e,complete,codex:rollout-2026-06-13T11-24-41-019ec23a-9d01-7981-aaa4-1be1af89ba69:2350,codex:rollout-2026-06-13T11-24-41-019ec23a-9d01-7981-aaa4-1be1af89ba69:2351,22289,22290,1,0,1,0,0,0,0,0
agentsight,e58fce112c6e,complete,codex:rollout-2026-06-13T11-24-41-019ec23a-9d01-7981-aaa4-1be1af89ba69:2351,codex:rollout-2026-06-13T11-24-41-019ec23a-9d01-7981-aaa4-1be1af89ba69:2437,22290,22382,92,871095,6,1,1,0,0,0
agentsight,e58fce112c6e,complete,codex:rollout-2026-06-13T11-24-41-019ec23a-9d01-7981-aaa4-1be1af89ba69:2437,codex:rollout-2026-06-13T11-24-41-019ec23a-9d01-7981-aaa4-1be1af89ba69:2499,22382,22524,142,557958,8,1,1,0,0,0
agentsight,e58fce112c6e,complete,codex:rollout-2026-06-13T11-24-41-019ec23a-9d01-7981-aaa4-1be1af89ba69:2499,codex:rollout-2026-06-13T11-24-41-019ec23a-9d01-7981-aaa4-1be1af89ba69:2502,22524,22527,3,9753,1,0,0,1,0,0
agentsight,e58fce112c6e,complete,codex:rollout-2026-06-13T11-24-41-019ec23a-9d01-7981-aaa4-1be1af89ba69:2502,codex:rollout-2026-06-13T11-24-41-019ec23a-9d01-7981-aaa4-1be1af89ba69:2506,22527,22531,4,60017,1,0,0,0,1,0
agentsight,e58fce112c6e,complete,codex:rollout-2026-06-13T11-24-41-019ec23a-9d01-7981-aaa4-1be1af89ba69:2506,codex:rollout-2026-06-13T11-24-41-019ec23a-9d01-7981-aaa4-1be1af89ba69:2584,22531,22620,89,789720,11,0,0,0,0,0
agentsight,e58fce112c6e,complete,codex:rollout-2026-06-13T11-24-41-019ec23a-9d01-7981-aaa4-1be1af89ba69:2584,codex:rollout-2026-06-13T11-24-41-019ec23a-9d01-7981-aaa4-1be1af89ba69:2595,22620,22631,11,48981,1,0,0,1,0,0
agentsight,e58fce112c6e,complete,codex:rollout-2026-06-13T11-24-41-019ec23a-9d01-7981-aaa4-1be1af89ba69:2595,codex:rollout-2026-06-13T11-24-41-019ec23a-9d01-7981-aaa4-1be1af89ba69:2596,22631,22632,1,71,1,0,0,0,0,0
agentsight,e58fce112c6e,complete,codex:rollout-2026-06-13T11-24-41-019ec23a-9d01-7981-aaa4-1be1af89ba69:2596,codex:rollout-2026-06-13T11-24-41-019ec23a-9d01-7981-aaa4-1be1af89ba69:2605,22632,22641,9,51990,1,1,1,0,0,0
agentsight,e58fce112c6e,complete,codex:rollout-2026-06-13T11-24-41-019ec23a-9d01-7981-aaa4-1be1af89ba69:2605,codex:rollout-2026-06-13T11-24-41-019ec23a-9d01-7981-aaa4-1be1af89ba69:2619,22641,22655,14,263522,1,0,0,0,0,0
agentsight,e58fce112c6e,complete,codex:rollout-2026-06-13T11-24-41-019ec23a-9d01-7981-aaa4-1be1af89ba69:2619,codex:rollout-2026-06-13T11-24-41-019ec23a-9d01-7981-aaa4-1be1af89ba69:2647,22655,22683,28,266172,1,0,0,1,0,0
agentsight,e58fce112c6e,complete,codex:rollout-2026-06-13T11-24-41-019ec23a-9d01-7981-aaa4-1be1af89ba69:2647,codex:rollout-2026-06-13T11-24-41-019ec23a-9d01-7981-aaa4-1be1af89ba69:2648,22683,22684,1,1,1,0,0,0,0,0
agentsight,e58fce112c6e,complete,codex:rollout-2026-06-13T11-24-41-019ec23a-9d01-7981-aaa4-1be1af89ba69:2648,codex:rollout-2026-06-13T11-24-41-019ec23a-9d01-7981-aaa4-1be1af89ba69:2651,22684,22687,3,34078,1,0,0,0,0,0
agentsight,e58fce112c6e,complete,codex:rollout-2026-06-13T11-24-41-019ec23a-9d01-7981-aaa4-1be1af89ba69:2651,codex:rollout-2026-06-13T11-24-41-019ec23a-9d01-7981-aaa4-1be1af89ba69:2677,22687,22718,31,347725,6,0,0,0,0,0
agentsight,e58fce112c6e,complete,codex:rollout-2026-06-13T11-24-41-019ec23a-9d01-7981-aaa4-1be1af89ba69:2677,codex:rollout-2026-06-13T11-24-41-019ec23a-9d01-7981-aaa4-1be1af89ba69:2680,22718,22721,3,13940,1,0,0,0,0,0
agentsight,e58fce112c6e,complete,codex:rollout-2026-06-13T11-24-41-019ec23a-9d01-7981-aaa4-1be1af89ba69:2680,codex:rollout-2026-06-13T11-24-41-019ec23a-9d01-7981-aaa4-1be1af89ba69:2747,22721,22788,67,511421,1,1,1,0,0,0
agentsight,e58fce112c6e,complete,codex:rollout-2026-06-13T11-24-41-019ec23a-9d01-7981-aaa4-1be1af89ba69:2747,codex:rollout-2026-06-13T11-24-41-019ec23a-9d01-7981-aaa4-1be1af89ba69:2857,22788,22900,112,1215715,3,0,0,1,0,0
agentsight,e58fce112c6e,complete,codex:rollout-2026-06-13T11-24-41-019ec23a-9d01-7981-aaa4-1be1af89ba69:2857,codex:rollout-2026-06-13T11-24-41-019ec23a-9d01-7981-aaa4-1be1af89ba69:2859,22900,22902,2,18427,1,0,0,0,0,0
agentsight,e58fce112c6e,complete,codex:rollout-2026-06-13T11-24-41-019ec23a-9d01-7981-aaa4-1be1af89ba69:2859,codex:rollout-2026-06-13T11-24-41-019ec23a-9d01-7981-aaa4-1be1af89ba69:2866,22902,22910,8,56229,2,0,0,0,0,0
agentsight,e58fce112c6e,complete,codex:rollout-2026-06-13T11-24-41-019ec23a-9d01-7981-aaa4-1be1af89ba69:2866,codex:rollout-2026-06-13T11-24-41-019ec23a-9d01-7981-aaa4-1be1af89ba69:2901,22910,22946,36,352778,2,0,0,0,0,0
agentsight,e58fce112c6e,complete,codex:rollout-2026-06-13T11-24-41-019ec23a-9d01-7981-aaa4-1be1af89ba69:2901,codex:rollout-2026-06-13T11-24-41-019ec23a-9d01-7981-aaa4-1be1af89ba69:2931,22946,22977,31,209625,2,0,0,0,1,0
agentsight,e58fce112c6e,complete,codex:rollout-2026-06-13T11-24-41-019ec23a-9d01-7981-aaa4-1be1af89ba69:2931,codex:rollout-2026-06-13T11-24-41-019ec23a-9d01-7981-aaa4-1be1af89ba69:3044,22977,23118,141,1389620,25,0,0,1,0,0
agentsight,e58fce112c6e,complete,codex:rollout-2026-06-13T11-24-41-019ec23a-9d01-7981-aaa4-1be1af89ba69:3044,codex:rollout-2026-06-13T11-24-41-019ec23a-9d01-7981-aaa4-1be1af89ba69:3144,23118,23299,181,1889558,44,0,0,1,0,0
agentsight,e58fce112c6e,complete,codex:rollout-2026-06-13T11-24-41-019ec23a-9d01-7981-aaa4-1be1af89ba69:3144,codex:rollout-2026-06-13T11-24-41-019ec23a-9d01-7981-aaa4-1be1af89ba69:3205,23299,23372,73,477646,2,0,0,2,0,0
agentsight,e58fce112c6e,complete,codex:rollout-2026-06-13T11-24-41-019ec23a-9d01-7981-aaa4-1be1af89ba69:3205,codex:rollout-2026-06-13T11-24-41-019ec23a-9d01-7981-aaa4-1be1af89ba69:3206,23372,23373,1,33,1,0,0,0,0,0
agentsight,e58fce112c6e,complete,codex:rollout-2026-06-13T11-24-41-019ec23a-9d01-7981-aaa4-1be1af89ba69:3206,codex:rollout-2026-06-13T11-24-41-019ec23a-9d01-7981-aaa4-1be1af89ba69:3211,23373,23378,5,17709,1,0,0,0,0,0
agentsight,e58fce112c6e,complete,codex:rollout-2026-06-13T11-24-41-019ec23a-9d01-7981-aaa4-1be1af89ba69:3211,codex:rollout-2026-06-13T11-24-41-019ec23a-9d01-7981-aaa4-1be1af89ba69:3241,23378,23408,30,256314,1,0,0,0,0,0
agentsight,e58fce112c6e,complete,codex:rollout-2026-06-13T11-24-41-019ec23a-9d01-7981-aaa4-1be1af89ba69:3241,codex:rollout-2026-06-13T11-24-41-019ec23a-9d01-7981-aaa4-1be1af89ba69:3242,23408,23409,1,2,1,0,0,0,0,0
agentsight,e58fce112c6e,complete,codex:rollout-2026-06-13T11-24-41-019ec23a-9d01-7981-aaa4-1be1af89ba69:3242,codex:rollout-2026-06-13T11-24-41-019ec23a-9d01-7981-aaa4-1be1af89ba69:3252,23409,23431,22,61042,2,0,0,0,0,0
agentsight,e58fce112c6e,complete,codex:rollout-2026-06-13T11-24-41-019ec23a-9d01-7981-aaa4-1be1af89ba69:3252,codex:rollout-2026-06-13T11-24-41-019ec23a-9d01-7981-aaa4-1be1af89ba69:3253,23431,23432,1,48,1,0,0,0,0,0
agentsight,e58fce112c6e,complete,codex:rollout-2026-06-13T11-24-41-019ec23a-9d01-7981-aaa4-1be1af89ba69:3253,codex:rollout-2026-06-13T11-24-41-019ec23a-9d01-7981-aaa4-1be1af89ba69:3254,23432,23433,1,5718,1,0,0,0,0,0
agentsight,e58fce112c6e,complete,codex:rollout-2026-06-13T11-24-41-019ec23a-9d01-7981-aaa4-1be1af89ba69:3254,codex:rollout-2026-06-13T11-24-41-019ec23a-9d01-7981-aaa4-1be1af89ba69:3269,23433,23455,22,139511,2,0,0,0,0,0
agentsight,e58fce112c6e,complete,codex:rollout-2026-06-13T11-24-41-019ec23a-9d01-7981-aaa4-1be1af89ba69:3269,codex:rollout-2026-06-13T11-24-41-019ec23a-9d01-7981-aaa4-1be1af89ba69:3270,23455,23456,1,0,1,0,0,0,0,0
agentsight,e58fce112c6e,complete,codex:rollout-2026-06-13T11-24-41-019ec23a-9d01-7981-aaa4-1be1af89ba69:3270,codex:rollout-2026-06-13T11-24-41-019ec23a-9d01-7981-aaa4-1be1af89ba69:3272,23456,23458,2,6337,1,0,0,0,0,0
agentsight,e58fce112c6e,complete,codex:rollout-2026-06-13T11-24-41-019ec23a-9d01-7981-aaa4-1be1af89ba69:3272,codex:rollout-2026-06-13T11-24-41-019ec23a-9d01-7981-aaa4-1be1af89ba69:3278,23458,23464,6,59609,1,0,0,0,0,0
agentsight,e58fce112c6e,complete,codex:rollout-2026-06-13T11-24-41-019ec23a-9d01-7981-aaa4-1be1af89ba69:3278,codex:rollout-2026-06-13T11-24-41-019ec23a-9d01-7981-aaa4-1be1af89ba69:3308,23464,23494,30,148054,1,0,0,1,0,0
agentsight,e58fce112c6e,complete,codex:rollout-2026-06-13T11-24-41-019ec23a-9d01-7981-aaa4-1be1af89ba69:3308,codex:rollout-2026-06-13T11-24-41-019ec23a-9d01-7981-aaa4-1be1af89ba69:3309,23494,23495,1,4944,1,0,0,0,0,0
agentsight,e58fce112c6e,complete,codex:rollout-2026-06-13T11-24-41-019ec23a-9d01-7981-aaa4-1be1af89ba69:3309,codex:rollout-2026-06-13T11-24-41-019ec23a-9d01-7981-aaa4-1be1af89ba69:3320,23495,23506,11,152911,1,0,0,0,0,0
agentsight,e58fce112c6e,complete,codex:rollout-2026-06-13T11-24-41-019ec23a-9d01-7981-aaa4-1be1af89ba69:3320,codex:rollout-2026-06-13T11-24-41-019ec23a-9d01-7981-aaa4-1be1af89ba69:3346,23506,23532,26,1116925,1,0,0,0,0,0
agentsight,e58fce112c6e,complete,codex:rollout-2026-06-13T11-24-41-019ec23a-9d01-7981-aaa4-1be1af89ba69:3346,codex:rollout-2026-06-13T11-24-41-019ec23a-9d01-7981-aaa4-1be1af89ba69:3353,23532,23539,7,54641,1,0,0,0,0,0
agentsight,e58fce112c6e,complete,codex:rollout-2026-06-13T11-24-41-019ec23a-9d01-7981-aaa4-1be1af89ba69:3353,codex:rollout-2026-06-13T11-24-41-019ec23a-9d01-7981-aaa4-1be1af89ba69:3355,23539,23541,2,8667,1,0,0,0,0,0
agentsight,e58fce112c6e,complete,codex:rollout-2026-06-13T11-24-41-019ec23a-9d01-7981-aaa4-1be1af89ba69:3355,codex:rollout-2026-06-13T11-24-41-019ec23a-9d01-7981-aaa4-1be1af89ba69:3370,23541,23556,15,176852,1,0,0,0,0,0
agentsight,e58fce112c6e,complete,codex:rollout-2026-06-13T11-24-41-019ec23a-9d01-7981-aaa4-1be1af89ba69:3370,codex:rollout-2026-06-13T11-24-41-019ec23a-9d01-7981-aaa4-1be1af89ba69:3381,23556,23567,11,4841040,1,0,0,0,0,0
agentsight,e58fce112c6e,complete,codex:rollout-2026-06-13T11-24-41-019ec23a-9d01-7981-aaa4-1be1af89ba69:3381,codex:rollout-2026-06-13T11-24-41-019ec23a-9d01-7981-aaa4-1be1af89ba69:3400,23567,23642,75,382275,2,0,0,0,0,0
agentsight,e58fce112c6e,complete,codex:rollout-2026-06-13T11-24-41-019ec23a-9d01-7981-aaa4-1be1af89ba69:3400,codex:rollout-2026-06-13T11-24-41-019ec23a-9d01-7981-aaa4-1be1af89ba69:3403,23642,23645,3,272259,1,0,0,0,0,0
agentsight,e58fce112c6e,complete,codex:rollout-2026-06-13T11-24-41-019ec23a-9d01-7981-aaa4-1be1af89ba69:3403,codex:rollout-2026-06-13T11-24-41-019ec23a-9d01-7981-aaa4-1be1af89ba69:3412,23645,23654,9,134134,1,0,0,0,0,0
agentsight,e58fce112c6e,complete,codex:rollout-2026-06-13T11-24-41-019ec23a-9d01-7981-aaa4-1be1af89ba69:3412,codex:rollout-2026-06-13T11-24-41-019ec23a-9d01-7981-aaa4-1be1af89ba69:3932,23654,24424,770,5851305,6,2,2,0,0,0
agentsight,e58fce112c6e,complete,codex:rollout-2026-06-13T11-24-41-019ec23a-9d01-7981-aaa4-1be1af89ba69:3932,codex:rollout-2026-06-13T11-24-41-019ec23a-9d01-7981-aaa4-1be1af89ba69:3943,24424,24435,11,390656,1,0,0,0,0,0
agentsight,e58fce112c6e,complete,codex:rollout-2026-06-13T11-24-41-019ec23a-9d01-7981-aaa4-1be1af89ba69:3943,codex:rollout-2026-06-13T11-24-41-019ec23a-9d01-7981-aaa4-1be1af89ba69:5117,24435,25879,1444,13098543,8,9,9,0,1,0
agentsight,e58fce112c6e,complete,codex:rollout-2026-06-13T11-24-41-019ec23a-9d01-7981-aaa4-1be1af89ba69:5117,codex:rollout-2026-06-13T11-24-41-019ec23a-9d01-7981-aaa4-1be1af89ba69:5119,25879,25881,2,6599,1,0,0,0,0,0
agentsight,e58fce112c6e,complete,codex:rollout-2026-06-13T11-24-41-019ec23a-9d01-7981-aaa4-1be1af89ba69:5119,codex:rollout-2026-06-13T11-24-41-019ec23a-9d01-7981-aaa4-1be1af89ba69:5180,25881,25942,61,566930,1,0,0,0,0,0
agentsight,e58fce112c6e,complete,codex:rollout-2026-06-13T11-24-41-019ec23a-9d01-7981-aaa4-1be1af89ba69:5180,codex:rollout-2026-06-13T11-24-41-019ec23a-9d01-7981-aaa4-1be1af89ba69:7802,25942,29293,3351,63259129,20,20,20,2,0,0
agentsight,e58fce112c6e,complete,codex:rollout-2026-06-13T11-24-41-019ec23a-9d01-7981-aaa4-1be1af89ba69:7802,codex:rollout-2026-06-13T11-24-41-019ec23a-9d01-7981-aaa4-1be1af89ba69:7839,29293,29372,79,423904,2,0,0,0,0,0
agentsight,e58fce112c6e,complete,codex:rollout-2026-06-13T11-24-41-019ec23a-9d01-7981-aaa4-1be1af89ba69:7839,codex:rollout-2026-06-13T11-24-41-019ec23a-9d01-7981-aaa4-1be1af89ba69:7952,29372,29485,113,1387053,1,0,0,0,0,0
agentsight,e58fce112c6e,complete,codex:rollout-2026-06-13T11-24-41-019ec23a-9d01-7981-aaa4-1be1af89ba69:7952,codex:rollout-2026-06-13T11-24-41-019ec23a-9d01-7981-aaa4-1be1af89ba69:8098,29485,29666,181,1946407,2,0,0,0,0,0
agentsight,e58fce112c6e,complete,codex:rollout-2026-06-13T11-24-41-019ec23a-9d01-7981-aaa4-1be1af89ba69:8098,codex:rollout-2026-06-13T11-24-41-019ec23a-9d01-7981-aaa4-1be1af89ba69:8352,29666,30085,419,3529616,4,0,0,1,0,0
agentsight,e58fce112c6e,complete,codex:rollout-2026-06-13T11-24-41-019ec23a-9d01-7981-aaa4-1be1af89ba69:8352,codex:rollout-2026-06-13T11-24-41-019ec23a-9d01-7981-aaa4-1be1af89ba69:8733,30085,30488,403,59010054,2,12,10,0,0,0
agentsight,e58fce112c6e,complete,codex:rollout-2026-06-13T11-24-41-019ec23a-9d01-7981-aaa4-1be1af89ba69:8733,codex:rollout-2026-06-13T11-24-41-019ec23a-9d01-7981-aaa4-1be1af89ba69:8852,30488,30607,119,6512014,1,1,1,0,0,0
agentsight,e58fce112c6e,complete,codex:rollout-2026-06-13T11-24-41-019ec23a-9d01-7981-aaa4-1be1af89ba69:8852,codex:rollout-2026-06-13T11-24-41-019ec23a-9d01-7981-aaa4-1be1af89ba69:8856,30607,30611,4,67662,1,0,0,0,0,0
agentsight,e58fce112c6e,complete,codex:rollout-2026-06-13T11-24-41-019ec23a-9d01-7981-aaa4-1be1af89ba69:8856,codex:rollout-2026-06-13T11-24-41-019ec23a-9d01-7981-aaa4-1be1af89ba69:8862,30611,30617,6,60974,1,0,0,0,0,0
agentsight,e58fce112c6e,complete,codex:rollout-2026-06-13T11-24-41-019ec23a-9d01-7981-aaa4-1be1af89ba69:8862,codex:rollout-2026-06-13T11-24-41-019ec23a-9d01-7981-aaa4-1be1af89ba69:8865,30617,30620,3,51621,1,0,0,0,0,0
agentsight,e58fce112c6e,complete,codex:rollout-2026-06-13T11-24-41-019ec23a-9d01-7981-aaa4-1be1af89ba69:8865,codex:rollout-2026-06-13T11-24-41-019ec23a-9d01-7981-aaa4-1be1af89ba69:8867,30620,30622,2,29907,1,0,0,0,0,0
agentsight,e58fce112c6e,complete,codex:rollout-2026-06-13T11-24-41-019ec23a-9d01-7981-aaa4-1be1af89ba69:8867,codex:rollout-2026-06-13T11-24-41-019ec23a-9d01-7981-aaa4-1be1af89ba69:8887,30622,30642,20,74719,1,0,0,0,0,0
agentsight,e58fce112c6e,complete,codex:rollout-2026-06-13T11-24-41-019ec23a-9d01-7981-aaa4-1be1af89ba69:8887,codex:rollout-2026-06-13T11-24-41-019ec23a-9d01-7981-aaa4-1be1af89ba69:8894,30642,30649,7,49832,1,0,0,0,0,0
agentsight,e58fce112c6e,complete,codex:rollout-2026-06-13T11-24-41-019ec23a-9d01-7981-aaa4-1be1af89ba69:8894,codex:rollout-2026-06-13T11-24-41-019ec23a-9d01-7981-aaa4-1be1af89ba69:8973,30649,30747,98,5356253,2,0,0,1,0,0
agentsight,e58fce112c6e,complete,codex:rollout-2026-06-13T11-24-41-019ec23a-9d01-7981-aaa4-1be1af89ba69:8973,codex:rollout-2026-06-13T11-24-41-019ec23a-9d01-7981-aaa4-1be1af89ba69:8976,30747,30750,3,23113,1,0,0,0,0,0
agentsight,e58fce112c6e,complete,codex:rollout-2026-06-13T11-24-41-019ec23a-9d01-7981-aaa4-1be1af89ba69:8976,codex:rollout-2026-06-13T11-24-41-019ec23a-9d01-7981-aaa4-1be1af89ba69:8978,30750,30752,2,13511,1,0,0,0,0,0
agentsight,e58fce112c6e,complete,codex:rollout-2026-06-13T11-24-41-019ec23a-9d01-7981-aaa4-1be1af89ba69:8978,codex:rollout-2026-06-13T11-24-41-019ec23a-9d01-7981-aaa4-1be1af89ba69:8996,30752,30777,25,268879,2,0,0,1,0,0
agentsight,e58fce112c6e,complete,codex:rollout-2026-06-13T11-24-41-019ec23a-9d01-7981-aaa4-1be1af89ba69:8996,codex:rollout-2026-06-13T11-24-41-019ec23a-9d01-7981-aaa4-1be1af89ba69:8999,30777,30780,3,28016,1,0,0,0,0,0
agentsight,e58fce112c6e,complete,codex:rollout-2026-06-13T11-24-41-019ec23a-9d01-7981-aaa4-1be1af89ba69:8999,codex:rollout-2026-06-13T11-24-41-019ec23a-9d01-7981-aaa4-1be1af89ba69:9001,30780,30782,2,7818,1,0,0,0,0,0
agentsight,e58fce112c6e,complete,codex:rollout-2026-06-13T11-24-41-019ec23a-9d01-7981-aaa4-1be1af89ba69:9001,claude:47ce5d28-1fec-4f49-a25a-9b48e6adb869:6,30782,30793,11,65008,2,0,0,0,0,0
agentsight,e58fce112c6e,complete,claude:47ce5d28-1fec-4f49-a25a-9b48e6adb869:6,codex:rollout-2026-06-13T11-24-41-019ec23a-9d01-7981-aaa4-1be1af89ba69:9068,30793,30859,66,101278882,2,0,0,1,0,0
agentsight,e58fce112c6e,complete,codex:rollout-2026-06-13T11-24-41-019ec23a-9d01-7981-aaa4-1be1af89ba69:9068,codex:rollout-2026-06-13T11-24-41-019ec23a-9d01-7981-aaa4-1be1af89ba69:9081,30859,30872,13,89281,1,0,0,1,0,0
agentsight,e58fce112c6e,complete,codex:rollout-2026-06-13T11-24-41-019ec23a-9d01-7981-aaa4-1be1af89ba69:9081,codex:rollout-2026-06-13T11-24-41-019ec23a-9d01-7981-aaa4-1be1af89ba69:9097,30872,30888,16,1183495,1,0,0,0,0,0
agentsight,e58fce112c6e,complete,codex:rollout-2026-06-13T11-24-41-019ec23a-9d01-7981-aaa4-1be1af89ba69:9097,codex:rollout-2026-06-13T11-24-41-019ec23a-9d01-7981-aaa4-1be1af89ba69:9386,30888,31271,383,45021915,4,7,7,0,0,0
agentsight,e58fce112c6e,complete,codex:rollout-2026-06-13T11-24-41-019ec23a-9d01-7981-aaa4-1be1af89ba69:9386,codex:rollout-2026-06-13T11-24-41-019ec23a-9d01-7981-aaa4-1be1af89ba69:9440,31271,31325,54,578924,1,0,0,0,0,0
agentsight,e58fce112c6e,complete,codex:rollout-2026-06-13T11-24-41-019ec23a-9d01-7981-aaa4-1be1af89ba69:9440,codex:rollout-2026-06-13T11-24-41-019ec23a-9d01-7981-aaa4-1be1af89ba69:9476,31325,31400,75,547798,2,1,1,0,0,0
agentsight,e58fce112c6e,complete,codex:rollout-2026-06-13T11-24-41-019ec23a-9d01-7981-aaa4-1be1af89ba69:9476,codex:rollout-2026-06-13T11-24-41-019ec23a-9d01-7981-aaa4-1be1af89ba69:9575,31400,31499,99,509747,1,1,1,0,0,0
agentsight,e58fce112c6e,complete,codex:rollout-2026-06-13T11-24-41-019ec23a-9d01-7981-aaa4-1be1af89ba69:9575,codex:rollout-2026-06-13T11-24-41-019ec23a-9d01-7981-aaa4-1be1af89ba69:9581,31499,31505,6,44169,1,0,0,1,0,0
agentsight,e58fce112c6e,complete,codex:rollout-2026-06-13T11-24-41-019ec23a-9d01-7981-aaa4-1be1af89ba69:9581,codex:rollout-2026-06-13T11-24-41-019ec23a-9d01-7981-aaa4-1be1af89ba69:9584,31505,31508,3,43314,1,0,0,0,0,0
agentsight,e58fce112c6e,complete,codex:rollout-2026-06-13T11-24-41-019ec23a-9d01-7981-aaa4-1be1af89ba69:9584,codex:rollout-2026-06-13T11-24-41-019ec23a-9d01-7981-aaa4-1be1af89ba69:9585,31508,31509,1,95,1,0,0,0,0,0
agentsight,e58fce112c6e,complete,codex:rollout-2026-06-13T11-24-41-019ec23a-9d01-7981-aaa4-1be1af89ba69:9585,codex:rollout-2026-06-13T11-24-41-019ec23a-9d01-7981-aaa4-1be1af89ba69:9596,31509,31520,11,152585,1,0,0,1,0,0
agentsight,e58fce112c6e,complete,codex:rollout-2026-06-13T11-24-41-019ec23a-9d01-7981-aaa4-1be1af89ba69:9596,codex:rollout-2026-06-13T11-24-41-019ec23a-9d01-7981-aaa4-1be1af89ba69:9597,31520,31521,1,7344,1,0,0,0,0,0
agentsight,e58fce112c6e,complete,codex:rollout-2026-06-13T11-24-41-019ec23a-9d01-7981-aaa4-1be1af89ba69:9597,codex:rollout-2026-06-13T11-24-41-019ec23a-9d01-7981-aaa4-1be1af89ba69:9598,31521,31522,1,30,1,0,0,0,0,0
agentsight,e58fce112c6e,complete,codex:rollout-2026-06-13T11-24-41-019ec23a-9d01-7981-aaa4-1be1af89ba69:9598,codex:rollout-2026-06-13T11-24-41-019ec23a-9d01-7981-aaa4-1be1af89ba69:9635,31522,31562,40,550422,3,0,0,1,0,0
agentsight,e58fce112c6e,complete,codex:rollout-2026-06-13T11-24-41-019ec23a-9d01-7981-aaa4-1be1af89ba69:9635,codex:rollout-2026-06-13T11-24-41-019ec23a-9d01-7981-aaa4-1be1af89ba69:9637,31562,31564,2,7712,1,0,0,0,0,0
agentsight,e58fce112c6e,complete,codex:rollout-2026-06-13T11-24-41-019ec23a-9d01-7981-aaa4-1be1af89ba69:9637,codex:rollout-2026-06-13T11-24-41-019ec23a-9d01-7981-aaa4-1be1af89ba69:9659,31564,31588,24,264856,3,0,0,1,0,0
agentsight,e58fce112c6e,complete,codex:rollout-2026-06-13T11-24-41-019ec23a-9d01-7981-aaa4-1be1af89ba69:9659,codex:rollout-2026-06-13T11-24-41-019ec23a-9d01-7981-aaa4-1be1af89ba69:9661,31588,31590,2,7050,1,0,0,0,0,0
agentsight,e58fce112c6e,complete,codex:rollout-2026-06-13T11-24-41-019ec23a-9d01-7981-aaa4-1be1af89ba69:9661,codex:rollout-2026-06-13T11-24-41-019ec23a-9d01-7981-aaa4-1be1af89ba69:9662,31590,31591,1,19,1,0,0,0,0,0
agentsight,e58fce112c6e,complete,codex:rollout-2026-06-13T11-24-41-019ec23a-9d01-7981-aaa4-1be1af89ba69:9662,codex:rollout-2026-06-13T11-24-41-019ec23a-9d01-7981-aaa4-1be1af89ba69:9663,31591,31592,1,79,1,0,0,0,0,0
agentsight,e58fce112c6e,complete,codex:rollout-2026-06-13T11-24-41-019ec23a-9d01-7981-aaa4-1be1af89ba69:9663,codex:rollout-2026-06-13T11-24-41-019ec23a-9d01-7981-aaa4-1be1af89ba69:9673,31592,31602,10,52183,1,1,1,0,0,0
agentsight,e58fce112c6e,complete,codex:rollout-2026-06-13T11-24-41-019ec23a-9d01-7981-aaa4-1be1af89ba69:9673,codex:rollout-2026-06-13T11-24-41-019ec23a-9d01-7981-aaa4-1be1af89ba69:9758,31602,31729,127,821443,2,4,4,0,0,0
agentsight,e58fce112c6e,complete,codex:rollout-2026-06-13T11-24-41-019ec23a-9d01-7981-aaa4-1be1af89ba69:9758,codex:rollout-2026-06-13T11-24-41-019ec23a-9d01-7981-aaa4-1be1af89ba69:9766,31729,31740,11,78990,3,0,0,1,0,0
agentsight,e58fce112c6e,complete,codex:rollout-2026-06-13T11-24-41-019ec23a-9d01-7981-aaa4-1be1af89ba69:9766,codex:rollout-2026-06-13T11-24-41-019ec23a-9d01-7981-aaa4-1be1af89ba69:9767,31740,31741,1,0,1,0,0,0,0,0
agentsight,e58fce112c6e,complete,codex:rollout-2026-06-13T11-24-41-019ec23a-9d01-7981-aaa4-1be1af89ba69:9767,codex:rollout-2026-06-13T11-24-41-019ec23a-9d01-7981-aaa4-1be1af89ba69:9778,31741,31752,11,43733,1,1,1,0,0,0
agentsight,e58fce112c6e,complete,codex:rollout-2026-06-13T11-24-41-019ec23a-9d01-7981-aaa4-1be1af89ba69:9778,codex:rollout-2026-06-13T11-24-41-019ec23a-9d01-7981-aaa4-1be1af89ba69:10278,31752,32410,658,5057063,6,18,18,0,0,0
agentsight,e58fce112c6e,complete,codex:rollout-2026-06-13T11-24-41-019ec23a-9d01-7981-aaa4-1be1af89ba69:10278,codex:rollout-2026-06-13T11-24-41-019ec23a-9d01-7981-aaa4-1be1af89ba69:10304,32410,32436,26,357684,1,0,0,0,0,0
agentsight,e58fce112c6e,complete,codex:rollout-2026-06-13T11-24-41-019ec23a-9d01-7981-aaa4-1be1af89ba69:10304,codex:rollout-2026-06-13T11-24-41-019ec23a-9d01-7981-aaa4-1be1af89ba69:10353,32436,32524,88,539580,2,4,4,0,0,0
agentsight,e58fce112c6e,complete,codex:rollout-2026-06-13T11-24-41-019ec23a-9d01-7981-aaa4-1be1af89ba69:10353,codex:rollout-2026-06-13T11-24-41-019ec23a-9d01-7981-aaa4-1be1af89ba69:11038,32524,33310,786,28768367,4,26,26,0,0,0
agentsight,e58fce112c6e,complete,codex:rollout-2026-06-13T11-24-41-019ec23a-9d01-7981-aaa4-1be1af89ba69:11038,codex:rollout-2026-06-13T11-24-41-019ec23a-9d01-7981-aaa4-1be1af89ba69:11101,33310,33373,63,728229,1,4,4,0,0,0
agentsight,e58fce112c6e,complete,codex:rollout-2026-06-13T11-24-41-019ec23a-9d01-7981-aaa4-1be1af89ba69:11101,codex:rollout-2026-06-13T11-24-41-019ec23a-9d01-7981-aaa4-1be1af89ba69:11125,33373,33397,24,192179,1,1,1,2,0,0
agentsight,e58fce112c6e,complete,codex:rollout-2026-06-13T11-24-41-019ec23a-9d01-7981-aaa4-1be1af89ba69:11125,codex:rollout-2026-06-13T11-24-41-019ec23a-9d01-7981-aaa4-1be1af89ba69:11155,33397,33427,30,339211,1,0,0,3,0,0
agentsight,e58fce112c6e,complete,codex:rollout-2026-06-13T11-24-41-019ec23a-9d01-7981-aaa4-1be1af89ba69:11155,codex:rollout-2026-06-13T11-24-41-019ec23a-9d01-7981-aaa4-1be1af89ba69:11167,33427,33439,12,180215,1,0,0,1,0,0
agentsight,e58fce112c6e,complete,codex:rollout-2026-06-13T11-24-41-019ec23a-9d01-7981-aaa4-1be1af89ba69:11167,codex:rollout-2026-06-13T11-24-41-019ec23a-9d01-7981-aaa4-1be1af89ba69:11183,33439,33455,16,214597,1,0,0,0,0,0
agentsight,e58fce112c6e,complete,codex:rollout-2026-06-13T11-24-41-019ec23a-9d01-7981-aaa4-1be1af89ba69:11183,codex:rollout-2026-06-13T11-24-41-019ec23a-9d01-7981-aaa4-1be1af89ba69:11310,33455,33582,127,1421750,1,0,0,0,0,0
agentsight,e58fce112c6e,complete,codex:rollout-2026-06-13T11-24-41-019ec23a-9d01-7981-aaa4-1be1af89ba69:11310,codex:rollout-2026-06-13T11-24-41-019ec23a-9d01-7981-aaa4-1be1af89ba69:11317,33582,33589,7,67182,1,0,0,0,0,0
agentsight,e58fce112c6e,complete,codex:rollout-2026-06-13T11-24-41-019ec23a-9d01-7981-aaa4-1be1af89ba69:11317,codex:rollout-2026-06-13T11-24-41-019ec23a-9d01-7981-aaa4-1be1af89ba69:11334,33589,33647,58,121765,3,1,1,0,0,0
agentsight,e58fce112c6e,complete,codex:rollout-2026-06-13T11-24-41-019ec23a-9d01-7981-aaa4-1be1af89ba69:11334,codex:rollout-2026-06-13T11-24-41-019ec23a-9d01-7981-aaa4-1be1af89ba69:11408,33647,33772,125,1026925,3,1,1,0,0,0
agentsight,e58fce112c6e,complete,codex:rollout-2026-06-13T11-24-41-019ec23a-9d01-7981-aaa4-1be1af89ba69:11408,codex:rollout-2026-06-13T11-24-41-019ec23a-9d01-7981-aaa4-1be1af89ba69:11465,33772,33829,57,342110,1,0,0,0,0,0
agentsight,e58fce112c6e,complete,codex:rollout-2026-06-13T11-24-41-019ec23a-9d01-7981-aaa4-1be1af89ba69:11465,codex:rollout-2026-06-13T11-24-41-019ec23a-9d01-7981-aaa4-1be1af89ba69:11474,33829,33838,9,89217,1,0,0,1,0,0
agentsight,e58fce112c6e,complete,codex:rollout-2026-06-13T11-24-41-019ec23a-9d01-7981-aaa4-1be1af89ba69:11474,codex:rollout-2026-06-13T11-24-41-019ec23a-9d01-7981-aaa4-1be1af89ba69:11511,33838,33875,37,568799,1,0,0,0,0,0
agentsight,e58fce112c6e,complete,codex:rollout-2026-06-13T11-24-41-019ec23a-9d01-7981-aaa4-1be1af89ba69:11511,codex:rollout-2026-06-13T11-24-41-019ec23a-9d01-7981-aaa4-1be1af89ba69:11512,33875,33876,1,34,1,0,0,0,0,0
agentsight,e58fce112c6e,complete,codex:rollout-2026-06-13T11-24-41-019ec23a-9d01-7981-aaa4-1be1af89ba69:11512,codex:rollout-2026-06-13T11-24-41-019ec23a-9d01-7981-aaa4-1be1af89ba69:11580,33876,33995,119,767688,2,2,2,1,0,0
agentsight,e58fce112c6e,complete,codex:rollout-2026-06-13T11-24-41-019ec23a-9d01-7981-aaa4-1be1af89ba69:11580,codex:rollout-2026-06-13T11-24-41-019ec23a-9d01-7981-aaa4-1be1af89ba69:11581,33995,33996,1,50,1,0,0,0,0,0
agentsight,e58fce112c6e,complete,codex:rollout-2026-06-13T11-24-41-019ec23a-9d01-7981-aaa4-1be1af89ba69:11581,codex:rollout-2026-06-13T11-24-41-019ec23a-9d01-7981-aaa4-1be1af89ba69:11589,33996,34004,8,129063,1,0,0,0,0,0
agentsight,e58fce112c6e,complete,codex:rollout-2026-06-13T11-24-41-019ec23a-9d01-7981-aaa4-1be1af89ba69:11589,codex:rollout-2026-06-13T11-24-41-019ec23a-9d01-7981-aaa4-1be1af89ba69:12299,34004,34836,832,5945680,4,8,8,0,1,0
agentsight,e58fce112c6e,complete,codex:rollout-2026-06-13T11-24-41-019ec23a-9d01-7981-aaa4-1be1af89ba69:12299,codex:rollout-2026-06-13T11-24-41-019ec23a-9d01-7981-aaa4-1be1af89ba69:13001,34836,35807,971,45152337,8,13,13,0,0,0
agentsight,e58fce112c6e,complete,codex:rollout-2026-06-13T11-24-41-019ec23a-9d01-7981-aaa4-1be1af89ba69:13001,codex:rollout-2026-06-13T11-24-41-019ec23a-9d01-7981-aaa4-1be1af89ba69:13118,35807,35989,182,1053354,3,3,3,0,0,0
agentsight,e58fce112c6e,complete,codex:rollout-2026-06-13T11-24-41-019ec23a-9d01-7981-aaa4-1be1af89ba69:13118,codex:rollout-2026-06-13T11-24-41-019ec23a-9d01-7981-aaa4-1be1af89ba69:13179,35989,36133,144,535385,3,1,1,0,0,0
agentsight,e58fce112c6e,complete,codex:rollout-2026-06-13T11-24-41-019ec23a-9d01-7981-aaa4-1be1af89ba69:13179,codex:rollout-2026-06-13T11-24-41-019ec23a-9d01-7981-aaa4-1be1af89ba69:13297,36133,36251,118,881859,1,1,1,0,0,0
agentsight,e58fce112c6e,complete,codex:rollout-2026-06-13T11-24-41-019ec23a-9d01-7981-aaa4-1be1af89ba69:13297,codex:rollout-2026-06-13T11-24-41-019ec23a-9d01-7981-aaa4-1be1af89ba69:13414,36251,36433,182,1128242,3,1,1,0,0,0
agentsight,e58fce112c6e,complete,codex:rollout-2026-06-13T11-24-41-019ec23a-9d01-7981-aaa4-1be1af89ba69:13414,codex:rollout-2026-06-13T11-24-41-019ec23a-9d01-7981-aaa4-1be1af89ba69:13523,36433,36590,157,895566,3,1,1,0,0,0
agentsight,e58fce112c6e,complete,codex:rollout-2026-06-13T11-24-41-019ec23a-9d01-7981-aaa4-1be1af89ba69:13523,codex:rollout-2026-06-13T11-24-41-019ec23a-9d01-7981-aaa4-1be1af89ba69:15430,36590,39517,2927,262481429,35,61,37,0,0,0
agentsight,e58fce112c6e,complete,codex:rollout-2026-06-13T11-24-41-019ec23a-9d01-7981-aaa4-1be1af89ba69:15430,codex:rollout-2026-06-13T11-24-41-019ec23a-9d01-7981-aaa4-1be1af89ba69:15432,39517,39519,2,23338,1,0,0,1,0,0
agentsight,e58fce112c6e,complete,codex:rollout-2026-06-13T11-24-41-019ec23a-9d01-7981-aaa4-1be1af89ba69:15432,codex:rollout-2026-06-13T11-24-41-019ec23a-9d01-7981-aaa4-1be1af89ba69:15436,39519,39523,4,46302,1,0,0,0,0,0
agentsight,e58fce112c6e,complete,codex:rollout-2026-06-13T11-24-41-019ec23a-9d01-7981-aaa4-1be1af89ba69:15436,codex:rollout-2026-06-13T11-24-41-019ec23a-9d01-7981-aaa4-1be1af89ba69:15437,39523,39524,1,71,1,0,0,0,0,0
agentsight,e58fce112c6e,complete,codex:rollout-2026-06-13T11-24-41-019ec23a-9d01-7981-aaa4-1be1af89ba69:15437,codex:rollout-2026-06-13T11-24-41-019ec23a-9d01-7981-aaa4-1be1af89ba69:15446,39524,39533,9,64435,1,0,0,0,0,0
agentsight,e58fce112c6e,complete,codex:rollout-2026-06-13T11-24-41-019ec23a-9d01-7981-aaa4-1be1af89ba69:15446,codex:rollout-2026-06-13T11-24-41-019ec23a-9d01-7981-aaa4-1be1af89ba69:15447,39533,39534,1,0,1,0,0,0,0,0
agentsight,e58fce112c6e,complete,codex:rollout-2026-06-13T11-24-41-019ec23a-9d01-7981-aaa4-1be1af89ba69:15447,claude:9383a21f-9120-41bb-890e-37cca947bd2d:13,39534,39557,23,93837,2,0,0,0,0,0
agentsight,e58fce112c6e,complete,claude:9383a21f-9120-41bb-890e-37cca947bd2d:13,codex:rollout-2026-06-13T11-24-41-019ec23a-9d01-7981-aaa4-1be1af89ba69:15462,39557,39563,6,90370,1,0,0,0,0,0
agentsight,e58fce112c6e,complete,codex:rollout-2026-06-13T11-24-41-019ec23a-9d01-7981-aaa4-1be1af89ba69:15462,codex:rollout-2026-06-13T11-24-41-019ec23a-9d01-7981-aaa4-1be1af89ba69:15463,39563,39564,1,138,1,0,0,0,0,0
agentsight,e58fce112c6e,complete,codex:rollout-2026-06-13T11-24-41-019ec23a-9d01-7981-aaa4-1be1af89ba69:15463,codex:rollout-2026-06-13T11-24-41-019ec23a-9d01-7981-aaa4-1be1af89ba69:15483,39564,39584,20,301950,1,0,0,0,0,0
agentsight,e58fce112c6e,complete,codex:rollout-2026-06-13T11-24-41-019ec23a-9d01-7981-aaa4-1be1af89ba69:15483,codex:rollout-2026-06-13T11-24-41-019ec23a-9d01-7981-aaa4-1be1af89ba69:15484,39584,39585,1,31,1,0,0,0,0,0
agentsight,e58fce112c6e,complete,codex:rollout-2026-06-13T11-24-41-019ec23a-9d01-7981-aaa4-1be1af89ba69:15484,codex:rollout-2026-06-13T11-24-41-019ec23a-9d01-7981-aaa4-1be1af89ba69:15487,39585,39588,3,35280,1,0,0,0,0,0
agentsight,e58fce112c6e,complete,codex:rollout-2026-06-13T11-24-41-019ec23a-9d01-7981-aaa4-1be1af89ba69:15487,codex:rollout-2026-06-13T11-24-41-019ec23a-9d01-7981-aaa4-1be1af89ba69:15488,39588,39589,1,70,1,0,0,0,0,0
agentsight,e58fce112c6e,complete,codex:rollout-2026-06-13T11-24-41-019ec23a-9d01-7981-aaa4-1be1af89ba69:15488,codex:rollout-2026-06-13T11-24-41-019ec23a-9d01-7981-aaa4-1be1af89ba69:15493,39589,39594,5,32800,1,0,0,0,0,0
agentsight,e58fce112c6e,complete,codex:rollout-2026-06-13T11-24-41-019ec23a-9d01-7981-aaa4-1be1af89ba69:15493,codex:rollout-2026-06-13T11-24-41-019ec23a-9d01-7981-aaa4-1be1af89ba69:15494,39594,39595,1,25,1,0,0,0,0,0
agentsight,e58fce112c6e,complete,codex:rollout-2026-06-13T11-24-41-019ec23a-9d01-7981-aaa4-1be1af89ba69:15494,codex:rollout-2026-06-13T11-24-41-019ec23a-9d01-7981-aaa4-1be1af89ba69:15497,39595,39598,3,26027,1,0,0,0,0,0
agentsight,e58fce112c6e,complete,codex:rollout-2026-06-13T11-24-41-019ec23a-9d01-7981-aaa4-1be1af89ba69:15497,codex:rollout-2026-06-13T11-24-41-019ec23a-9d01-7981-aaa4-1be1af89ba69:15498,39598,39599,1,0,1,0,0,0,0,0
agentsight,e58fce112c6e,complete,codex:rollout-2026-06-13T11-24-41-019ec23a-9d01-7981-aaa4-1be1af89ba69:15498,claude:ababd09e-d105-45ee-8703-9809546be0f9:8,39599,39617,18,80003,2,0,0,0,0,0
agentsight,e58fce112c6e,complete,claude:ababd09e-d105-45ee-8703-9809546be0f9:8,claude:ababd09e-d105-45ee-8703-9809546be0f9:9,39617,39618,1,2438,1,0,0,0,0,0
agentsight,e58fce112c6e,complete,claude:ababd09e-d105-45ee-8703-9809546be0f9:9,codex:rollout-2026-06-13T11-24-41-019ec23a-9d01-7981-aaa4-1be1af89ba69:15555,39618,39668,50,5940094,2,0,0,0,0,0
agentsight,e58fce112c6e,complete,codex:rollout-2026-06-13T11-24-41-019ec23a-9d01-7981-aaa4-1be1af89ba69:15555,codex:rollout-2026-06-13T11-24-41-019ec23a-9d01-7981-aaa4-1be1af89ba69:15583,39668,39686,18,343628,1,0,0,0,0,0
agentsight,e58fce112c6e,complete,codex:rollout-2026-06-13T11-24-41-019ec23a-9d01-7981-aaa4-1be1af89ba69:15583,codex:rollout-2026-06-13T11-24-41-019ec23a-9d01-7981-aaa4-1be1af89ba69:15584,39686,39687,1,157,1,0,0,0,0,0
agentsight,e58fce112c6e,complete,codex:rollout-2026-06-13T11-24-41-019ec23a-9d01-7981-aaa4-1be1af89ba69:15584,codex:rollout-2026-06-13T11-24-41-019ec23a-9d01-7981-aaa4-1be1af89ba69:15655,39687,39766,79,961917,3,0,0,1,0,0
agentsight,e58fce112c6e,complete,codex:rollout-2026-06-13T11-24-41-019ec23a-9d01-7981-aaa4-1be1af89ba69:15655,codex:rollout-2026-06-13T11-24-41-019ec23a-9d01-7981-aaa4-1be1af89ba69:15656,39766,39767,1,1,1,0,0,0,0,0
agentsight,e58fce112c6e,complete,codex:rollout-2026-06-13T11-24-41-019ec23a-9d01-7981-aaa4-1be1af89ba69:15656,claude:3ffba9ca-527e-480f-b87b-40e7f1f858cf:47,39767,39901,134,3765391,5,14,8,1,0,0
agentsight,e58fce112c6e,complete,claude:3ffba9ca-527e-480f-b87b-40e7f1f858cf:47,claude:3ffba9ca-527e-480f-b87b-40e7f1f858cf:99,39901,40015,114,506160,4,7,3,0,0,0
agentsight,e58fce112c6e,complete,claude:3ffba9ca-527e-480f-b87b-40e7f1f858cf:99,claude:3ffba9ca-527e-480f-b87b-40e7f1f858cf:129,40015,40045,30,930704,1,11,3,0,0,0
agentsight,e58fce112c6e,complete,claude:3ffba9ca-527e-480f-b87b-40e7f1f858cf:129,claude:3ffba9ca-527e-480f-b87b-40e7f1f858cf:153,40045,40069,24,151789,1,10,2,0,0,0
agentsight,e58fce112c6e,complete,claude:3ffba9ca-527e-480f-b87b-40e7f1f858cf:153,claude:3ffba9ca-527e-480f-b87b-40e7f1f858cf:161,40069,40077,8,59282,1,1,1,0,0,0
agentsight,e58fce112c6e,complete,claude:3ffba9ca-527e-480f-b87b-40e7f1f858cf:161,claude:3ffba9ca-527e-480f-b87b-40e7f1f858cf:165,40077,40081,4,43466,1,2,1,0,0,0
agentsight,e58fce112c6e,complete,claude:3ffba9ca-527e-480f-b87b-40e7f1f858cf:165,claude:3ffba9ca-527e-480f-b87b-40e7f1f858cf:178,40081,40094,13,734229,1,2,1,0,0,0
agentsight,e58fce112c6e,complete,claude:3ffba9ca-527e-480f-b87b-40e7f1f858cf:178,claude:3ffba9ca-527e-480f-b87b-40e7f1f858cf:197,40094,40113,19,574185,1,3,1,0,0,0
agentsight,e58fce112c6e,complete,claude:3ffba9ca-527e-480f-b87b-40e7f1f858cf:197,claude:3ffba9ca-527e-480f-b87b-40e7f1f858cf:226,40113,40142,29,340984,1,0,0,0,0,0
agentsight,e58fce112c6e,complete,claude:3ffba9ca-527e-480f-b87b-40e7f1f858cf:226,claude:3ffba9ca-527e-480f-b87b-40e7f1f858cf:277,40142,40275,133,10505486,3,10,2,0,0,0
agentsight,e58fce112c6e,complete,claude:3ffba9ca-527e-480f-b87b-40e7f1f858cf:277,claude:3ffba9ca-527e-480f-b87b-40e7f1f858cf:316,40275,40338,63,340833,2,11,9,0,0,0
agentsight,e58fce112c6e,complete,claude:3ffba9ca-527e-480f-b87b-40e7f1f858cf:316,claude:3ffba9ca-527e-480f-b87b-40e7f1f858cf:327,40338,40349,11,58154,1,3,1,0,0,0
agentsight,e58fce112c6e,complete,claude:3ffba9ca-527e-480f-b87b-40e7f1f858cf:327,codex:rollout-2026-06-22T20-55-55-019ef29e-d220-77f0-9504-811ae05e9d4d:44,40349,40355,6,44023,2,0,0,0,0,0
agentsight,e58fce112c6e,complete,codex:rollout-2026-06-22T20-55-55-019ef29e-d220-77f0-9504-811ae05e9d4d:44,claude:3ffba9ca-527e-480f-b87b-40e7f1f858cf:332,40355,40358,3,15811,1,1,1,0,0,0
agentsight,e58fce112c6e,complete,claude:3ffba9ca-527e-480f-b87b-40e7f1f858cf:332,codex:rollout-2026-06-22T20-55-55-019ef29e-d220-77f0-9504-811ae05e9d4d:48,40358,40364,6,31178,2,1,1,1,0,0
agentsight,e58fce112c6e,complete,codex:rollout-2026-06-22T20-55-55-019ef29e-d220-77f0-9504-811ae05e9d4d:48,codex:rollout-2026-06-22T20-55-55-019ef29e-d220-77f0-9504-811ae05e9d4d:50,40364,40368,4,21503,2,1,1,0,0,0
agentsight,e58fce112c6e,complete,codex:rollout-2026-06-22T20-55-55-019ef29e-d220-77f0-9504-811ae05e9d4d:50,codex:rollout-2026-06-22T20-55-55-019ef29e-d220-77f0-9504-811ae05e9d4d:59,40368,40384,16,45969,2,3,1,0,0,0
agentsight,e58fce112c6e,complete,codex:rollout-2026-06-22T20-55-55-019ef29e-d220-77f0-9504-811ae05e9d4d:59,claude:3ffba9ca-527e-480f-b87b-40e7f1f858cf:354,40384,40401,17,61490,2,4,2,0,0,0
agentsight,e58fce112c6e,complete,claude:3ffba9ca-527e-480f-b87b-40e7f1f858cf:354,claude:3ffba9ca-527e-480f-b87b-40e7f1f858cf:355,40401,40405,4,4422,2,0,0,0,0,0
agentsight,e58fce112c6e,complete,claude:3ffba9ca-527e-480f-b87b-40e7f1f858cf:355,codex:rollout-2026-06-22T20-55-55-019ef29e-d220-77f0-9504-811ae05e9d4d:86,40405,40430,25,310789,2,4,4,0,0,0
agentsight,e58fce112c6e,complete,codex:rollout-2026-06-22T20-55-55-019ef29e-d220-77f0-9504-811ae05e9d4d:86,claude:3ffba9ca-527e-480f-b87b-40e7f1f858cf:413,40430,40484,54,531399,2,10,3,0,0,0
agentsight,e58fce112c6e,complete,claude:3ffba9ca-527e-480f-b87b-40e7f1f858cf:413,codex:rollout-2026-06-22T20-55-55-019ef29e-d220-77f0-9504-811ae05e9d4d:94,40484,40496,12,84479,2,3,3,0,0,0
agentsight,e58fce112c6e,complete,codex:rollout-2026-06-22T20-55-55-019ef29e-d220-77f0-9504-811ae05e9d4d:94,claude:3ffba9ca-527e-480f-b87b-40e7f1f858cf:437,40496,40515,19,178975,2,4,1,0,0,0
agentsight,e58fce112c6e,complete,claude:3ffba9ca-527e-480f-b87b-40e7f1f858cf:437,claude:3ffba9ca-527e-480f-b87b-40e7f1f858cf:438,40515,40516,1,3933,1,0,0,0,0,0
agentsight,e58fce112c6e,complete,claude:3ffba9ca-527e-480f-b87b-40e7f1f858cf:438,claude:3ffba9ca-527e-480f-b87b-40e7f1f858cf:451,40516,40529,13,87969,1,3,1,0,0,0
agentsight,e58fce112c6e,complete,claude:3ffba9ca-527e-480f-b87b-40e7f1f858cf:451,codex:rollout-2026-06-22T20-55-55-019ef29e-d220-77f0-9504-811ae05e9d4d:102,40529,40548,19,107039,2,0,0,0,0,0
agentsight,e58fce112c6e,complete,codex:rollout-2026-06-22T20-55-55-019ef29e-d220-77f0-9504-811ae05e9d4d:102,claude:3ffba9ca-527e-480f-b87b-40e7f1f858cf:467,40548,40553,5,20085,2,0,0,0,0,0
agentsight,e58fce112c6e,complete,claude:3ffba9ca-527e-480f-b87b-40e7f1f858cf:467,claude:3ffba9ca-527e-480f-b87b-40e7f1f858cf:484,40553,40573,20,83720,2,0,0,0,0,0
agentsight,e58fce112c6e,complete,claude:3ffba9ca-527e-480f-b87b-40e7f1f858cf:484,claude:3ffba9ca-527e-480f-b87b-40e7f1f858cf:485,40573,40574,1,2517,1,0,0,0,0,0
agentsight,e58fce112c6e,complete,claude:3ffba9ca-527e-480f-b87b-40e7f1f858cf:485,claude:3ffba9ca-527e-480f-b87b-40e7f1f858cf:503,40574,40592,18,106174,1,0,0,0,0,0
agentsight,e58fce112c6e,complete,claude:3ffba9ca-527e-480f-b87b-40e7f1f858cf:503,claude:3ffba9ca-527e-480f-b87b-40e7f1f858cf:518,40592,40615,23,124436,2,4,2,0,0,0
agentsight,e58fce112c6e,complete,claude:3ffba9ca-527e-480f-b87b-40e7f1f858cf:518,claude:3ffba9ca-527e-480f-b87b-40e7f1f858cf:519,40615,40616,1,3049,1,0,0,0,0,0
agentsight,e58fce112c6e,complete,claude:3ffba9ca-527e-480f-b87b-40e7f1f858cf:519,claude:3ffba9ca-527e-480f-b87b-40e7f1f858cf:520,40616,40617,1,2849,1,0,0,0,0,0
agentsight,e58fce112c6e,complete,claude:3ffba9ca-527e-480f-b87b-40e7f1f858cf:520,claude:3ffba9ca-527e-480f-b87b-40e7f1f858cf:521,40617,40618,1,3049,1,0,0,0,0,0
agentsight,e58fce112c6e,complete,claude:3ffba9ca-527e-480f-b87b-40e7f1f858cf:521,claude:3ffba9ca-527e-480f-b87b-40e7f1f858cf:526,40618,40623,5,16355,1,1,1,0,0,0
agentsight,e58fce112c6e,complete,claude:3ffba9ca-527e-480f-b87b-40e7f1f858cf:526,claude:3ffba9ca-527e-480f-b87b-40e7f1f858cf:538,40623,40642,19,128744,2,4,2,0,0,0
agentsight,e58fce112c6e,complete,claude:3ffba9ca-527e-480f-b87b-40e7f1f858cf:538,claude:3ffba9ca-527e-480f-b87b-40e7f1f858cf:542,40642,40654,12,73502,2,2,1,0,0,0
agentsight,e58fce112c6e,complete,claude:3ffba9ca-527e-480f-b87b-40e7f1f858cf:542,codex:rollout-2026-06-22T20-55-55-019ef29e-d220-77f0-9504-811ae05e9d4d:167,40654,40655,1,2315,1,0,0,0,0,0
agentsight,e58fce112c6e,complete,codex:rollout-2026-06-22T20-55-55-019ef29e-d220-77f0-9504-811ae05e9d4d:167,claude:3ffba9ca-527e-480f-b87b-40e7f1f858cf:543,40655,40656,1,2951,1,0,0,0,0,0
agentsight,e58fce112c6e,complete,claude:3ffba9ca-527e-480f-b87b-40e7f1f858cf:543,claude:3ffba9ca-527e-480f-b87b-40e7f1f858cf:566,40656,40701,45,45329466,2,5,3,0,0,0
agentsight,e58fce112c6e,complete,claude:3ffba9ca-527e-480f-b87b-40e7f1f858cf:566,claude:3ffba9ca-527e-480f-b87b-40e7f1f858cf:567,40701,40702,1,3151,1,0,0,0,0,0
agentsight,e58fce112c6e,complete,claude:3ffba9ca-527e-480f-b87b-40e7f1f858cf:567,claude:3ffba9ca-527e-480f-b87b-40e7f1f858cf:574,40702,40709,7,23801,1,2,1,0,0,0
agentsight,e58fce112c6e,complete,claude:3ffba9ca-527e-480f-b87b-40e7f1f858cf:574,claude:3ffba9ca-527e-480f-b87b-40e7f1f858cf:575,40709,40710,1,3667,1,0,0,0,0,0
agentsight,e58fce112c6e,complete,claude:3ffba9ca-527e-480f-b87b-40e7f1f858cf:575,claude:3ffba9ca-527e-480f-b87b-40e7f1f858cf:577,40710,40712,2,9384,1,1,1,0,0,0
agentsight,e58fce112c6e,complete,claude:3ffba9ca-527e-480f-b87b-40e7f1f858cf:577,claude:3ffba9ca-527e-480f-b87b-40e7f1f858cf:579,40712,40714,2,10746,1,1,1,0,0,0
agentsight,e58fce112c6e,complete,claude:3ffba9ca-527e-480f-b87b-40e7f1f858cf:579,claude:3ffba9ca-527e-480f-b87b-40e7f1f858cf:581,40714,40716,2,8079,1,0,0,0,0,0
agentsight,e58fce112c6e,complete,claude:3ffba9ca-527e-480f-b87b-40e7f1f858cf:581,claude:3ffba9ca-527e-480f-b87b-40e7f1f858cf:582,40716,40717,1,5000,1,0,0,0,0,0
agentsight,e58fce112c6e,complete,claude:3ffba9ca-527e-480f-b87b-40e7f1f858cf:582,codex:rollout-2026-06-23T14-01-42-019ef649-f693-71b1-94d1-8e9dfafda53e:24,40717,40742,25,324475,1,0,0,0,0,0
agentsight,e58fce112c6e,complete,codex:rollout-2026-06-23T14-01-42-019ef649-f693-71b1-94d1-8e9dfafda53e:24,codex:rollout-2026-06-23T14-01-42-019ef649-f693-71b1-94d1-8e9dfafda53e:52,40742,40770,28,411891,1,0,0,0,1,0
agentsight,e58fce112c6e,complete,codex:rollout-2026-06-23T14-01-42-019ef649-f693-71b1-94d1-8e9dfafda53e:52,codex:rollout-2026-06-23T14-01-42-019ef649-f693-71b1-94d1-8e9dfafda53e:78,40770,40796,26,182218,1,0,0,0,4,0
agentsight,e58fce112c6e,complete,codex:rollout-2026-06-23T14-01-42-019ef649-f693-71b1-94d1-8e9dfafda53e:78,codex:rollout-2026-06-23T14-01-42-019ef649-f693-71b1-94d1-8e9dfafda53e:79,40796,40797,1,0,1,0,0,0,0,0
agentsight,e58fce112c6e,complete,codex:rollout-2026-06-23T14-01-42-019ef649-f693-71b1-94d1-8e9dfafda53e:79,codex:rollout-2026-06-23T14-01-42-019ef649-f693-71b1-94d1-8e9dfafda53e:82,40797,40800,3,43431,1,0,0,0,0,0
agentsight,e58fce112c6e,complete,codex:rollout-2026-06-23T14-01-42-019ef649-f693-71b1-94d1-8e9dfafda53e:82,codex:rollout-2026-06-23T14-01-42-019ef649-f693-71b1-94d1-8e9dfafda53e:87,40800,40805,5,22369,1,0,0,0,0,0
agentsight,e58fce112c6e,complete,codex:rollout-2026-06-23T14-01-42-019ef649-f693-71b1-94d1-8e9dfafda53e:87,codex:rollout-2026-06-23T14-01-42-019ef649-f693-71b1-94d1-8e9dfafda53e:88,40805,40806,1,1,1,0,0,0,0,0
agentsight,e58fce112c6e,complete,codex:rollout-2026-06-23T14-01-42-019ef649-f693-71b1-94d1-8e9dfafda53e:88,codex:rollout-2026-06-23T14-01-42-019ef649-f693-71b1-94d1-8e9dfafda53e:89,40806,40807,1,4,1,0,0,0,0,0
agentsight,e58fce112c6e,complete,codex:rollout-2026-06-23T14-01-42-019ef649-f693-71b1-94d1-8e9dfafda53e:89,codex:rollout-2026-06-23T14-01-42-019ef649-f693-71b1-94d1-8e9dfafda53e:101,40807,40819,12,107997,1,0,0,0,0,0
agentsight,e58fce112c6e,complete,codex:rollout-2026-06-23T14-01-42-019ef649-f693-71b1-94d1-8e9dfafda53e:101,codex:rollout-2026-06-23T14-01-42-019ef649-f693-71b1-94d1-8e9dfafda53e:108,40819,40826,7,54761,1,0,0,0,0,0
agentsight,e58fce112c6e,complete,codex:rollout-2026-06-23T14-01-42-019ef649-f693-71b1-94d1-8e9dfafda53e:108,codex:rollout-2026-06-23T14-01-42-019ef649-f693-71b1-94d1-8e9dfafda53e:122,40826,40840,14,72021,1,0,0,0,2,0
agentsight,e58fce112c6e,complete,codex:rollout-2026-06-23T14-01-42-019ef649-f693-71b1-94d1-8e9dfafda53e:122,codex:rollout-2026-06-23T14-01-42-019ef649-f693-71b1-94d1-8e9dfafda53e:123,40840,40841,1,0,1,0,0,0,0,0
agentsight,e58fce112c6e,complete,codex:rollout-2026-06-23T14-01-42-019ef649-f693-71b1-94d1-8e9dfafda53e:123,codex:rollout-2026-06-23T14-01-42-019ef649-f693-71b1-94d1-8e9dfafda53e:128,40841,40846,5,31429,1,0,0,0,0,0
agentsight,e58fce112c6e,complete,codex:rollout-2026-06-23T14-01-42-019ef649-f693-71b1-94d1-8e9dfafda53e:128,codex:rollout-2026-06-23T14-01-42-019ef649-f693-71b1-94d1-8e9dfafda53e:145,40846,40865,19,78104,2,0,0,0,0,0
agentsight,e58fce112c6e,complete,codex:rollout-2026-06-23T14-01-42-019ef649-f693-71b1-94d1-8e9dfafda53e:145,codex:rollout-2026-06-23T14-01-42-019ef649-f693-71b1-94d1-8e9dfafda53e:152,40865,40874,9,41886,2,0,0,0,0,0
agentsight,e58fce112c6e,complete,codex:rollout-2026-06-23T14-01-42-019ef649-f693-71b1-94d1-8e9dfafda53e:152,codex:rollout-2026-06-23T14-01-42-019ef649-f693-71b1-94d1-8e9dfafda53e:156,40874,40878,4,10153,1,0,0,0,0,0
agentsight,e58fce112c6e,complete,codex:rollout-2026-06-23T14-01-42-019ef649-f693-71b1-94d1-8e9dfafda53e:156,codex:rollout-2026-06-23T14-01-42-019ef649-f693-71b1-94d1-8e9dfafda53e:188,40878,40912,34,289751,2,0,0,0,2,0
agentsight,e58fce112c6e,complete,codex:rollout-2026-06-23T14-01-42-019ef649-f693-71b1-94d1-8e9dfafda53e:188,claude:3ffba9ca-527e-480f-b87b-40e7f1f858cf:583,40912,41028,116,2431826,3,0,0,0,0,0
agentsight,e58fce112c6e,complete,claude:3ffba9ca-527e-480f-b87b-40e7f1f858cf:583,claude:3ffba9ca-527e-480f-b87b-40e7f1f858cf:585,41028,41030,2,7327,1,0,0,0,0,0
agentsight,e58fce112c6e,complete,claude:3ffba9ca-527e-480f-b87b-40e7f1f858cf:585,codex:rollout-2026-06-23T14-01-42-019ef649-f693-71b1-94d1-8e9dfafda53e:371,41030,41073,43,369375,3,1,1,0,0,0
agentsight,e58fce112c6e,complete,codex:rollout-2026-06-23T14-01-42-019ef649-f693-71b1-94d1-8e9dfafda53e:371,codex:rollout-2026-06-23T14-01-42-019ef649-f693-71b1-94d1-8e9dfafda53e:372,41073,41074,1,0,1,0,0,0,0,0
agentsight,e58fce112c6e,complete,codex:rollout-2026-06-23T14-01-42-019ef649-f693-71b1-94d1-8e9dfafda53e:372,codex:rollout-2026-06-23T14-01-42-019ef649-f693-71b1-94d1-8e9dfafda53e:373,41074,41075,1,51,1,0,0,0,0,0
agentsight,e58fce112c6e,complete,codex:rollout-2026-06-23T14-01-42-019ef649-f693-71b1-94d1-8e9dfafda53e:373,claude:3ffba9ca-527e-480f-b87b-40e7f1f858cf:633,41075,41188,113,9316525,3,1,1,0,0,0
agentsight,e58fce112c6e,complete,claude:3ffba9ca-527e-480f-b87b-40e7f1f858cf:633,claude:3ffba9ca-527e-480f-b87b-40e7f1f858cf:634,41188,41189,1,5694,1,0,0,0,0,0
agentsight,e58fce112c6e,complete,claude:3ffba9ca-527e-480f-b87b-40e7f1f858cf:634,claude:3ffba9ca-527e-480f-b87b-40e7f1f858cf:650,41189,41205,16,295922,1,5,3,0,0,0
agentsight,e58fce112c6e,complete,claude:3ffba9ca-527e-480f-b87b-40e7f1f858cf:650,claude:3ffba9ca-527e-480f-b87b-40e7f1f858cf:651,41205,41206,1,6662,1,0,0,0,0,0
agentsight,e58fce112c6e,complete,claude:3ffba9ca-527e-480f-b87b-40e7f1f858cf:651,claude:3ffba9ca-527e-480f-b87b-40e7f1f858cf:676,41206,41231,25,1017402,1,6,5,0,0,0
agentsight,e58fce112c6e,complete,claude:3ffba9ca-527e-480f-b87b-40e7f1f858cf:676,claude:3ffba9ca-527e-480f-b87b-40e7f1f858cf:725,41231,41280,49,7409642,1,13,6,0,0,0
agentsight,e58fce112c6e,complete,claude:3ffba9ca-527e-480f-b87b-40e7f1f858cf:725,claude:3ffba9ca-527e-480f-b87b-40e7f1f858cf:727,41280,41282,2,126888,1,0,0,0,0,0
agentsight,e58fce112c6e,complete,claude:3ffba9ca-527e-480f-b87b-40e7f1f858cf:727,claude:3ffba9ca-527e-480f-b87b-40e7f1f858cf:728,41282,41283,1,124075,1,0,0,0,0,0
agentsight,e58fce112c6e,complete,claude:3ffba9ca-527e-480f-b87b-40e7f1f858cf:728,claude:3ffba9ca-527e-480f-b87b-40e7f1f858cf:742,41283,41320,37,854844,2,6,3,0,0,0
agentsight,e58fce112c6e,complete,claude:3ffba9ca-527e-480f-b87b-40e7f1f858cf:742,claude:3ffba9ca-527e-480f-b87b-40e7f1f858cf:763,41320,41341,21,1101936,1,7,3,0,0,0
agentsight,e58fce112c6e,complete,claude:3ffba9ca-527e-480f-b87b-40e7f1f858cf:763,claude:3ffba9ca-527e-480f-b87b-40e7f1f858cf:808,41341,41386,45,1979196,1,14,6,0,0,0
agentsight,e58fce112c6e,complete,claude:3ffba9ca-527e-480f-b87b-40e7f1f858cf:808,claude:3ffba9ca-527e-480f-b87b-40e7f1f858cf:809,41386,41387,1,8768,1,0,0,0,0,0
agentsight,e58fce112c6e,complete,claude:3ffba9ca-527e-480f-b87b-40e7f1f858cf:809,claude:3ffba9ca-527e-480f-b87b-40e7f1f858cf:812,41387,41390,3,9072,1,2,1,0,0,0
agentsight,e58fce112c6e,complete,claude:3ffba9ca-527e-480f-b87b-40e7f1f858cf:812,claude:3ffba9ca-527e-480f-b87b-40e7f1f858cf:813,41390,41391,1,2463,1,0,0,0,0,0
agentsight,e58fce112c6e,complete,claude:3ffba9ca-527e-480f-b87b-40e7f1f858cf:813,claude:3ffba9ca-527e-480f-b87b-40e7f1f858cf:815,41391,41393,2,5840,1,1,1,0,0,0
agentsight,e58fce112c6e,complete,claude:3ffba9ca-527e-480f-b87b-40e7f1f858cf:815,claude:3ffba9ca-527e-480f-b87b-40e7f1f858cf:816,41393,41394,1,2720,1,0,0,0,0,0
agentsight,e58fce112c6e,complete,claude:3ffba9ca-527e-480f-b87b-40e7f1f858cf:816,claude:3ffba9ca-527e-480f-b87b-40e7f1f858cf:820,41394,41398,4,15643,1,1,1,1,0,0
agentsight,e58fce112c6e,complete,claude:3ffba9ca-527e-480f-b87b-40e7f1f858cf:820,claude:3ffba9ca-527e-480f-b87b-40e7f1f858cf:842,41398,41420,22,347671,1,7,4,0,0,0
agentsight,e58fce112c6e,complete,claude:3ffba9ca-527e-480f-b87b-40e7f1f858cf:842,claude:3ffba9ca-527e-480f-b87b-40e7f1f858cf:849,41420,41427,7,145076,1,1,1,0,0,0
agentsight,e58fce112c6e,complete,claude:3ffba9ca-527e-480f-b87b-40e7f1f858cf:849,claude:3ffba9ca-527e-480f-b87b-40e7f1f858cf:858,41427,41437,10,227470,2,2,2,0,0,0
agentsight,e58fce112c6e,complete,claude:3ffba9ca-527e-480f-b87b-40e7f1f858cf:858,claude:3ffba9ca-527e-480f-b87b-40e7f1f858cf:1075,41437,41655,218,4250029,2,95,6,0,0,0
agentsight,e58fce112c6e,complete,claude:3ffba9ca-527e-480f-b87b-40e7f1f858cf:1075,claude:3ffba9ca-527e-480f-b87b-40e7f1f858cf:1079,41655,41659,4,92324,1,0,0,0,0,0
agentsight,e58fce112c6e,complete,claude:3ffba9ca-527e-480f-b87b-40e7f1f858cf:1079,claude:3ffba9ca-527e-480f-b87b-40e7f1f858cf:1109,41659,41689,30,796889,1,5,3,0,0,0
agentsight,e58fce112c6e,complete,claude:3ffba9ca-527e-480f-b87b-40e7f1f858cf:1109,claude:3ffba9ca-527e-480f-b87b-40e7f1f858cf:1121,41689,41701,12,286811,1,2,2,0,0,0
agentsight,e58fce112c6e,complete,claude:3ffba9ca-527e-480f-b87b-40e7f1f858cf:1121,claude:3ffba9ca-527e-480f-b87b-40e7f1f858cf:1127,41701,41707,6,268086,1,0,0,0,0,0
agentsight,e58fce112c6e,complete,claude:3ffba9ca-527e-480f-b87b-40e7f1f858cf:1127,claude:3ffba9ca-527e-480f-b87b-40e7f1f858cf:1138,41707,41718,11,303137,1,1,1,0,0,0
agentsight,e58fce112c6e,complete,claude:3ffba9ca-527e-480f-b87b-40e7f1f858cf:1138,claude:3ffba9ca-527e-480f-b87b-40e7f1f858cf:1157,41718,41737,19,801638,1,4,2,0,0,0
agentsight,e58fce112c6e,complete,claude:3ffba9ca-527e-480f-b87b-40e7f1f858cf:1157,claude:3ffba9ca-527e-480f-b87b-40e7f1f858cf:1168,41737,41748,11,190751,1,3,3,0,0,0
agentsight,e58fce112c6e,complete,claude:3ffba9ca-527e-480f-b87b-40e7f1f858cf:1168,codex:rollout-2026-06-23T23-53-29-019ef867-bf97-7d13-a1d3-9a59c8383a3b:13,41748,41799,51,1285590,2,11,3,0,0,0
agentsight,e58fce112c6e,complete,codex:rollout-2026-06-23T23-53-29-019ef867-bf97-7d13-a1d3-9a59c8383a3b:13,codex:rollout-2026-06-23T23-53-29-019ef867-bf97-7d13-a1d3-9a59c8383a3b:17,41799,41803,4,14568,1,0,0,0,0,0
agentsight,e58fce112c6e,complete,codex:rollout-2026-06-23T23-53-29-019ef867-bf97-7d13-a1d3-9a59c8383a3b:17,codex:rollout-2026-06-23T23-53-29-019ef867-bf97-7d13-a1d3-9a59c8383a3b:18,41803,41804,1,0,1,0,0,0,0,0
agentsight,e58fce112c6e,complete,codex:rollout-2026-06-23T23-53-29-019ef867-bf97-7d13-a1d3-9a59c8383a3b:18,claude:3ffba9ca-527e-480f-b87b-40e7f1f858cf:1216,41804,41881,77,1402941,2,0,0,0,0,0
agentsight,e58fce112c6e,complete,claude:3ffba9ca-527e-480f-b87b-40e7f1f858cf:1216,codex:rollout-2026-06-29T14-36-33-019f1550-03d9-7603-ae66-f8ce6b3e4c4c:73,41881,42075,194,515245013,6,5,4,1,0,0
agentsight,e58fce112c6e,complete,codex:rollout-2026-06-29T14-36-33-019f1550-03d9-7603-ae66-f8ce6b3e4c4c:73,codex:rollout-2026-06-29T14-36-33-019f1550-03d9-7603-ae66-f8ce6b3e4c4c:81,42075,42083,8,84549,1,0,0,0,0,0
agentsight,e58fce112c6e,complete,codex:rollout-2026-06-29T14-36-33-019f1550-03d9-7603-ae66-f8ce6b3e4c4c:81,codex:rollout-2026-06-29T14-36-33-019f1550-03d9-7603-ae66-f8ce6b3e4c4c:94,42083,42096,13,128028,1,0,0,0,0,0
agentsight,e58fce112c6e,complete,codex:rollout-2026-06-29T14-36-33-019f1550-03d9-7603-ae66-f8ce6b3e4c4c:94,codex:rollout-2026-06-29T14-36-33-019f1550-03d9-7603-ae66-f8ce6b3e4c4c:102,42096,42104,8,72998,1,0,0,0,0,0
agentsight,e58fce112c6e,complete,codex:rollout-2026-06-29T14-36-33-019f1550-03d9-7603-ae66-f8ce6b3e4c4c:102,codex:rollout-2026-06-29T14-36-33-019f1550-03d9-7603-ae66-f8ce6b3e4c4c:108,42104,42110,6,59940,1,0,0,0,0,0
agentsight,e58fce112c6e,complete,codex:rollout-2026-06-29T14-36-33-019f1550-03d9-7603-ae66-f8ce6b3e4c4c:108,codex:rollout-2026-06-29T14-36-33-019f1550-03d9-7603-ae66-f8ce6b3e4c4c:113,42110,42115,5,34168,1,0,0,0,0,0
agentsight,e58fce112c6e,complete,codex:rollout-2026-06-29T14-36-33-019f1550-03d9-7603-ae66-f8ce6b3e4c4c:113,codex:rollout-2026-06-29T14-36-33-019f1550-03d9-7603-ae66-f8ce6b3e4c4c:134,42115,42136,21,188725,1,0,0,0,0,0
agentsight,e58fce112c6e,complete,codex:rollout-2026-06-29T14-36-33-019f1550-03d9-7603-ae66-f8ce6b3e4c4c:134,codex:rollout-2026-06-29T14-36-33-019f1550-03d9-7603-ae66-f8ce6b3e4c4c:183,42136,42185,49,422516,1,0,0,0,0,0
agentsight,e58fce112c6e,complete,codex:rollout-2026-06-29T14-36-33-019f1550-03d9-7603-ae66-f8ce6b3e4c4c:183,codex:rollout-2026-06-29T14-36-33-019f1550-03d9-7603-ae66-f8ce6b3e4c4c:184,42185,42186,1,4695,1,0,0,0,0,0
agentsight,e58fce112c6e,complete,codex:rollout-2026-06-29T14-36-33-019f1550-03d9-7603-ae66-f8ce6b3e4c4c:184,codex:rollout-2026-07-01T15-56-18-019f1fe5-beea-7420-b561-57d9913eb5e3:27,42186,42344,158,145092988,3,0,0,1,0,0
agentsight,e58fce112c6e,complete,codex:rollout-2026-07-01T15-56-18-019f1fe5-beea-7420-b561-57d9913eb5e3:27,codex:rollout-2026-07-01T15-56-18-019f1fe5-beea-7420-b561-57d9913eb5e3:59,42344,42376,32,211691,1,0,0,0,0,0
agentsight,e58fce112c6e,complete,codex:rollout-2026-07-01T15-56-18-019f1fe5-beea-7420-b561-57d9913eb5e3:59,codex:rollout-2026-07-01T15-56-18-019f1fe5-beea-7420-b561-57d9913eb5e3:62,42376,42379,3,14511,1,0,0,0,0,0
agentsight,e58fce112c6e,complete,codex:rollout-2026-07-01T15-56-18-019f1fe5-beea-7420-b561-57d9913eb5e3:62,codex:rollout-2026-07-01T15-56-18-019f1fe5-beea-7420-b561-57d9913eb5e3:75,42379,42392,13,62368,1,0,0,0,0,0
agentsight,e58fce112c6e,complete,codex:rollout-2026-07-01T15-56-18-019f1fe5-beea-7420-b561-57d9913eb5e3:75,codex:rollout-2026-07-01T15-56-18-019f1fe5-beea-7420-b561-57d9913eb5e3:77,42392,42394,2,7016,1,0,0,0,0,0
agentsight,e58fce112c6e,complete,codex:rollout-2026-07-01T15-56-18-019f1fe5-beea-7420-b561-57d9913eb5e3:77,codex:rollout-2026-07-01T15-56-18-019f1fe5-beea-7420-b561-57d9913eb5e3:101,42394,42418,24,21759260,1,0,0,0,0,0
agentsight,e58fce112c6e,complete,codex:rollout-2026-07-01T15-56-18-019f1fe5-beea-7420-b561-57d9913eb5e3:101,codex:rollout-2026-07-01T15-56-18-019f1fe5-beea-7420-b561-57d9913eb5e3:176,42418,42493,75,11252432,1,0,0,0,0,0
agentsight,e58fce112c6e,complete,codex:rollout-2026-07-01T15-56-18-019f1fe5-beea-7420-b561-57d9913eb5e3:176,codex:rollout-2026-07-01T15-56-18-019f1fe5-beea-7420-b561-57d9913eb5e3:181,42493,42498,5,14409,1,0,0,0,0,0
agentsight,e58fce112c6e,complete,codex:rollout-2026-07-01T15-56-18-019f1fe5-beea-7420-b561-57d9913eb5e3:181,codex:rollout-2026-07-02T20-00-48-019f25eb-f3cb-7472-837a-f9c24394ea02:26,42498,42593,95,67995268,5,0,0,0,0,0
agentsight,e58fce112c6e,complete,codex:rollout-2026-07-02T20-00-48-019f25eb-f3cb-7472-837a-f9c24394ea02:26,codex:rollout-2026-07-02T20-00-48-019f25eb-f3cb-7472-837a-f9c24394ea02:27,42593,42594,1,10697,1,0,0,0,0,0
agentsight,e58fce112c6e,complete,codex:rollout-2026-07-02T20-00-48-019f25eb-f3cb-7472-837a-f9c24394ea02:27,codex:rollout-2026-07-02T20-00-48-019f25eb-f3cb-7472-837a-f9c24394ea02:34,42594,42601,7,406947,1,0,0,0,0,0
agentsight,e58fce112c6e,complete,codex:rollout-2026-07-02T20-00-48-019f25eb-f3cb-7472-837a-f9c24394ea02:34,codex:rollout-2026-07-02T20-00-48-019f25eb-f3cb-7472-837a-f9c24394ea02:35,42601,42602,1,26,1,0,0,0,0,0
agentsight,e58fce112c6e,complete,codex:rollout-2026-07-02T20-00-48-019f25eb-f3cb-7472-837a-f9c24394ea02:35,codex:rollout-2026-07-06T19-39-25-019f3a71-d0e3-7ee0-a25d-76a4aa3367c8:67,42602,42761,159,344099655,4,41,4,0,0,0
agentsight,e58fce112c6e,complete,codex:rollout-2026-07-06T19-39-25-019f3a71-d0e3-7ee0-a25d-76a4aa3367c8:67,codex:rollout-2026-07-06T19-39-25-019f3a71-d0e3-7ee0-a25d-76a4aa3367c8:77,42761,42771,10,79455,1,0,0,0,0,0
agentsight,e58fce112c6e,complete,codex:rollout-2026-07-06T19-39-25-019f3a71-d0e3-7ee0-a25d-76a4aa3367c8:77,codex:rollout-2026-07-06T19-39-25-019f3a71-d0e3-7ee0-a25d-76a4aa3367c8:143,42771,42885,114,849455,2,1,1,1,0,0
agentsight,e58fce112c6e,complete,codex:rollout-2026-07-06T19-39-25-019f3a71-d0e3-7ee0-a25d-76a4aa3367c8:143,codex:rollout-2026-07-06T19-39-25-019f3a71-d0e3-7ee0-a25d-76a4aa3367c8:168,42885,42910,25,114265,1,8,8,0,0,0
agentsight,e58fce112c6e,complete,codex:rollout-2026-07-06T19-39-25-019f3a71-d0e3-7ee0-a25d-76a4aa3367c8:168,codex:rollout-2026-07-06T19-39-25-019f3a71-d0e3-7ee0-a25d-76a4aa3367c8:169,42910,42911,1,0,1,0,0,0,0,0
agentsight,e58fce112c6e,complete,codex:rollout-2026-07-06T19-39-25-019f3a71-d0e3-7ee0-a25d-76a4aa3367c8:169,codex:rollout-2026-07-06T19-39-25-019f3a71-d0e3-7ee0-a25d-76a4aa3367c8:185,42911,42927,16,73372,1,3,3,1,0,0
agentsight,e58fce112c6e,complete,codex:rollout-2026-07-06T19-39-25-019f3a71-d0e3-7ee0-a25d-76a4aa3367c8:185,codex:rollout-2026-07-06T19-39-25-019f3a71-d0e3-7ee0-a25d-76a4aa3367c8:188,42927,42930,3,7717,1,0,0,0,0,0
agentsight,e58fce112c6e,complete,codex:rollout-2026-07-06T19-39-25-019f3a71-d0e3-7ee0-a25d-76a4aa3367c8:188,codex:rollout-2026-07-06T19-39-25-019f3a71-d0e3-7ee0-a25d-76a4aa3367c8:189,42930,42931,1,27,1,0,0,0,0,0
agentsight,e58fce112c6e,complete,codex:rollout-2026-07-06T19-39-25-019f3a71-d0e3-7ee0-a25d-76a4aa3367c8:189,codex:rollout-2026-07-06T19-39-25-019f3a71-d0e3-7ee0-a25d-76a4aa3367c8:220,42931,42985,54,377344,2,1,1,0,0,0
agentsight,e58fce112c6e,complete,codex:rollout-2026-07-06T19-39-25-019f3a71-d0e3-7ee0-a25d-76a4aa3367c8:220,codex:rollout-2026-07-06T19-39-25-019f3a71-d0e3-7ee0-a25d-76a4aa3367c8:223,42985,42988,3,7864,1,0,0,0,0,0
agentsight,e58fce112c6e,complete,codex:rollout-2026-07-06T19-39-25-019f3a71-d0e3-7ee0-a25d-76a4aa3367c8:223,codex:rollout-2026-07-06T19-39-25-019f3a71-d0e3-7ee0-a25d-76a4aa3367c8:224,42988,42989,1,0,1,0,0,0,0,0
agentsight,e58fce112c6e,complete,codex:rollout-2026-07-06T19-39-25-019f3a71-d0e3-7ee0-a25d-76a4aa3367c8:224,codex:rollout-2026-07-06T19-39-25-019f3a71-d0e3-7ee0-a25d-76a4aa3367c8:226,42989,42991,2,25201,1,0,0,0,0,0
agentsight,e58fce112c6e,complete,codex:rollout-2026-07-06T19-39-25-019f3a71-d0e3-7ee0-a25d-76a4aa3367c8:226,codex:rollout-2026-07-09T19-10-24-019f49ca-54e7-7a91-82e7-a52b53cfd456:25,42991,43048,57,255397949,3,4,4,0,0,0
agentsight,e58fce112c6e,complete,codex:rollout-2026-07-09T19-10-24-019f49ca-54e7-7a91-82e7-a52b53cfd456:25,codex:rollout-2026-07-09T19-10-24-019f49ca-54e7-7a91-82e7-a52b53cfd456:47,43048,43119,71,99198974,2,0,0,1,0,0
agentsight,e58fce112c6e,complete,codex:rollout-2026-07-09T19-10-24-019f49ca-54e7-7a91-82e7-a52b53cfd456:47,codex:rollout-2026-07-09T19-10-24-019f49ca-54e7-7a91-82e7-a52b53cfd456:93,43119,43245,126,1485885,3,0,0,1,1,0
agentsight,e58fce112c6e,complete,codex:rollout-2026-07-09T19-10-24-019f49ca-54e7-7a91-82e7-a52b53cfd456:93,codex:rollout-2026-07-09T19-10-24-019f49ca-54e7-7a91-82e7-a52b53cfd456:95,43245,43247,2,21953,1,0,0,0,0,0
agentsight,e58fce112c6e,complete,codex:rollout-2026-07-09T19-10-24-019f49ca-54e7-7a91-82e7-a52b53cfd456:95,codex:rollout-2026-07-09T19-10-24-019f49ca-54e7-7a91-82e7-a52b53cfd456:101,43247,43254,7,31840,2,0,0,1,0,0
agentsight,e58fce112c6e,complete,codex:rollout-2026-07-09T19-10-24-019f49ca-54e7-7a91-82e7-a52b53cfd456:101,codex:rollout-2026-07-09T19-10-24-019f49ca-54e7-7a91-82e7-a52b53cfd456:102,43254,43255,1,55,1,0,0,0,0,0
agentsight,e58fce112c6e,complete,codex:rollout-2026-07-09T19-10-24-019f49ca-54e7-7a91-82e7-a52b53cfd456:102,codex:rollout-2026-07-09T19-10-24-019f49ca-54e7-7a91-82e7-a52b53cfd456:109,43255,43263,8,55244,2,0,0,0,0,0
agentsight,e58fce112c6e,complete,codex:rollout-2026-07-09T19-10-24-019f49ca-54e7-7a91-82e7-a52b53cfd456:109,codex:rollout-2026-07-09T19-10-24-019f49ca-54e7-7a91-82e7-a52b53cfd456:420,43263,43644,381,5182090,4,0,0,1,1,0
agentsight,e58fce112c6e,complete,codex:rollout-2026-07-09T19-10-24-019f49ca-54e7-7a91-82e7-a52b53cfd456:420,codex:rollout-2026-07-09T19-10-24-019f49ca-54e7-7a91-82e7-a52b53cfd456:421,43644,43645,1,77,1,0,0,0,0,0
agentsight,e58fce112c6e,complete,codex:rollout-2026-07-09T19-10-24-019f49ca-54e7-7a91-82e7-a52b53cfd456:421,codex:rollout-2026-07-09T19-10-24-019f49ca-54e7-7a91-82e7-a52b53cfd456:521,43645,43747,102,539774,2,0,0,1,0,0
agentsight,e58fce112c6e,complete,codex:rollout-2026-07-09T19-10-24-019f49ca-54e7-7a91-82e7-a52b53cfd456:521,codex:rollout-2026-07-09T19-10-24-019f49ca-54e7-7a91-82e7-a52b53cfd456:522,43747,43748,1,0,1,0,0,0,0,0
agentsight,e58fce112c6e,complete,codex:rollout-2026-07-09T19-10-24-019f49ca-54e7-7a91-82e7-a52b53cfd456:522,codex:rollout-2026-07-09T19-10-24-019f49ca-54e7-7a91-82e7-a52b53cfd456:523,43748,43749,1,1,1,0,0,0,0,0
agentsight,e58fce112c6e,complete,codex:rollout-2026-07-09T19-10-24-019f49ca-54e7-7a91-82e7-a52b53cfd456:523,codex:rollout-2026-07-09T19-10-24-019f49ca-54e7-7a91-82e7-a52b53cfd456:524,43749,43750,1,40,1,0,0,0,0,0
agentsight,e58fce112c6e,complete,codex:rollout-2026-07-09T19-10-24-019f49ca-54e7-7a91-82e7-a52b53cfd456:524,codex:rollout-2026-07-09T19-10-24-019f49ca-54e7-7a91-82e7-a52b53cfd456:528,43750,43754,4,23773,1,0,0,0,0,0
agentsight,e58fce112c6e,complete,codex:rollout-2026-07-09T19-10-24-019f49ca-54e7-7a91-82e7-a52b53cfd456:528,codex:rollout-2026-07-09T19-10-24-019f49ca-54e7-7a91-82e7-a52b53cfd456:529,43754,43755,1,104,1,0,0,0,0,0
agentsight,e58fce112c6e,complete,codex:rollout-2026-07-09T19-10-24-019f49ca-54e7-7a91-82e7-a52b53cfd456:529,codex:rollout-2026-07-09T19-10-24-019f49ca-54e7-7a91-82e7-a52b53cfd456:540,43755,43766,11,84641,1,0,0,1,0,0
agentsight,e58fce112c6e,complete,codex:rollout-2026-07-09T19-10-24-019f49ca-54e7-7a91-82e7-a52b53cfd456:540,codex:rollout-2026-07-09T19-10-24-019f49ca-54e7-7a91-82e7-a52b53cfd456:541,43766,43767,1,123,1,0,0,0,0,0
agentsight,e58fce112c6e,complete,codex:rollout-2026-07-09T19-10-24-019f49ca-54e7-7a91-82e7-a52b53cfd456:541,codex:rollout-2026-07-09T19-10-24-019f49ca-54e7-7a91-82e7-a52b53cfd456:542,43767,43768,1,7022,1,0,0,0,0,0
agentsight,e58fce112c6e,complete,codex:rollout-2026-07-09T19-10-24-019f49ca-54e7-7a91-82e7-a52b53cfd456:542,codex:rollout-2026-07-09T19-10-24-019f49ca-54e7-7a91-82e7-a52b53cfd456:545,43768,43771,3,15467,1,0,0,0,0,0
agentsight,e58fce112c6e,complete,codex:rollout-2026-07-09T19-10-24-019f49ca-54e7-7a91-82e7-a52b53cfd456:545,codex:rollout-2026-07-09T19-10-24-019f49ca-54e7-7a91-82e7-a52b53cfd456:549,43771,43775,4,17984,1,0,0,0,0,0
agentsight,e58fce112c6e,complete,codex:rollout-2026-07-09T19-10-24-019f49ca-54e7-7a91-82e7-a52b53cfd456:549,codex:rollout-2026-07-09T19-10-24-019f49ca-54e7-7a91-82e7-a52b53cfd456:588,43775,43814,39,334529,1,0,0,1,0,0
agentsight,e58fce112c6e,complete,codex:rollout-2026-07-09T19-10-24-019f49ca-54e7-7a91-82e7-a52b53cfd456:588,codex:rollout-2026-07-09T19-10-24-019f49ca-54e7-7a91-82e7-a52b53cfd456:589,43814,43815,1,9957,1,0,0,0,0,0
agentsight,e58fce112c6e,complete,codex:rollout-2026-07-09T19-10-24-019f49ca-54e7-7a91-82e7-a52b53cfd456:589,codex:rollout-2026-07-09T19-10-24-019f49ca-54e7-7a91-82e7-a52b53cfd456:590,43815,43816,1,0,1,0,0,0,0,0
agentsight,e58fce112c6e,complete,codex:rollout-2026-07-09T19-10-24-019f49ca-54e7-7a91-82e7-a52b53cfd456:590,codex:rollout-2026-07-09T19-10-24-019f49ca-54e7-7a91-82e7-a52b53cfd456:591,43816,43817,1,0,1,0,0,0,0,0
agentsight,e58fce112c6e,complete,codex:rollout-2026-07-09T19-10-24-019f49ca-54e7-7a91-82e7-a52b53cfd456:591,codex:rollout-2026-07-09T19-10-24-019f49ca-54e7-7a91-82e7-a52b53cfd456:592,43817,43818,1,12,1,0,0,0,0,0
agentsight,e58fce112c6e,complete,codex:rollout-2026-07-09T19-10-24-019f49ca-54e7-7a91-82e7-a52b53cfd456:592,codex:rollout-2026-07-09T19-10-24-019f49ca-54e7-7a91-82e7-a52b53cfd456:593,43818,43819,1,7214,1,0,0,0,0,0
agentsight,e58fce112c6e,complete,codex:rollout-2026-07-09T19-10-24-019f49ca-54e7-7a91-82e7-a52b53cfd456:593,codex:rollout-2026-07-09T19-10-24-019f49ca-54e7-7a91-82e7-a52b53cfd456:600,43819,43826,7,79970,1,0,0,0,0,0
agentsight,e58fce112c6e,complete,codex:rollout-2026-07-09T19-10-24-019f49ca-54e7-7a91-82e7-a52b53cfd456:600,codex:rollout-2026-07-09T19-10-24-019f49ca-54e7-7a91-82e7-a52b53cfd456:601,43826,43827,1,40,1,0,0,0,0,0
agentsight,e58fce112c6e,complete,codex:rollout-2026-07-09T19-10-24-019f49ca-54e7-7a91-82e7-a52b53cfd456:601,codex:rollout-2026-07-09T19-10-24-019f49ca-54e7-7a91-82e7-a52b53cfd456:602,43827,43828,1,23653,1,0,0,0,0,0
agentsight,e58fce112c6e,complete,codex:rollout-2026-07-09T19-10-24-019f49ca-54e7-7a91-82e7-a52b53cfd456:602,codex:rollout-2026-07-09T19-10-24-019f49ca-54e7-7a91-82e7-a52b53cfd456:603,43828,43829,1,35,1,0,0,0,0,0
agentsight,e58fce112c6e,complete,codex:rollout-2026-07-09T19-10-24-019f49ca-54e7-7a91-82e7-a52b53cfd456:603,codex:rollout-2026-07-09T19-10-24-019f49ca-54e7-7a91-82e7-a52b53cfd456:620,43829,43846,17,84893,1,6,6,0,0,0
agentsight,e58fce112c6e,complete,codex:rollout-2026-07-09T19-10-24-019f49ca-54e7-7a91-82e7-a52b53cfd456:620,codex:rollout-2026-07-09T19-10-24-019f49ca-54e7-7a91-82e7-a52b53cfd456:621,43846,43847,1,74,1,0,0,0,0,0
agentsight,e58fce112c6e,complete,codex:rollout-2026-07-09T19-10-24-019f49ca-54e7-7a91-82e7-a52b53cfd456:621,claude:1710a8cb-f4c7-4e28-b8ba-680f541d3410:28,43847,43956,109,625844,3,0,0,0,0,0
agentsight,e58fce112c6e,complete,claude:1710a8cb-f4c7-4e28-b8ba-680f541d3410:28,claude:1710a8cb-f4c7-4e28-b8ba-680f541d3410:30,43956,43958,2,1308,1,0,0,0,0,0
agentsight,e58fce112c6e,complete,claude:1710a8cb-f4c7-4e28-b8ba-680f541d3410:30,claude:1710a8cb-f4c7-4e28-b8ba-680f541d3410:33,43958,43963,5,9322,2,0,0,0,0,0
agentsight,e58fce112c6e,complete,claude:1710a8cb-f4c7-4e28-b8ba-680f541d3410:33,codex:rollout-2026-07-09T19-10-24-019f49ca-54e7-7a91-82e7-a52b53cfd456:684,43963,43989,26,302752,2,0,0,0,0,0
agentsight,e58fce112c6e,complete,codex:rollout-2026-07-09T19-10-24-019f49ca-54e7-7a91-82e7-a52b53cfd456:684,codex:rollout-2026-07-09T19-10-24-019f49ca-54e7-7a91-82e7-a52b53cfd456:686,43989,43991,2,43,1,0,0,1,0,0
agentsight,e58fce112c6e,complete,codex:rollout-2026-07-09T19-10-24-019f49ca-54e7-7a91-82e7-a52b53cfd456:686,codex:rollout-2026-07-09T19-10-24-019f49ca-54e7-7a91-82e7-a52b53cfd456:689,43991,43994,3,16560,1,0,0,1,0,0
agentsight,e58fce112c6e,complete,codex:rollout-2026-07-09T19-10-24-019f49ca-54e7-7a91-82e7-a52b53cfd456:689,codex:rollout-2026-07-09T19-10-24-019f49ca-54e7-7a91-82e7-a52b53cfd456:690,43994,43995,1,7144,1,0,0,0,0,0
agentsight,e58fce112c6e,complete,codex:rollout-2026-07-09T19-10-24-019f49ca-54e7-7a91-82e7-a52b53cfd456:690,codex:rollout-2026-07-09T19-10-24-019f49ca-54e7-7a91-82e7-a52b53cfd456:699,43995,44004,9,113087,1,0,0,0,0,0
agentsight,e58fce112c6e,complete,codex:rollout-2026-07-09T19-10-24-019f49ca-54e7-7a91-82e7-a52b53cfd456:699,codex:rollout-2026-07-09T19-10-24-019f49ca-54e7-7a91-82e7-a52b53cfd456:700,44004,44005,1,40,1,0,0,0,0,0
agentsight,e58fce112c6e,complete,codex:rollout-2026-07-09T19-10-24-019f49ca-54e7-7a91-82e7-a52b53cfd456:700,codex:rollout-2026-07-09T19-10-24-019f49ca-54e7-7a91-82e7-a52b53cfd456:821,44005,44218,213,3333379,5,5,5,0,0,0
agentsight,e58fce112c6e,complete,codex:rollout-2026-07-09T19-10-24-019f49ca-54e7-7a91-82e7-a52b53cfd456:821,codex:rollout-2026-07-09T19-10-24-019f49ca-54e7-7a91-82e7-a52b53cfd456:822,44218,44219,1,14919,1,0,0,0,0,0
agentsight,e58fce112c6e,complete,codex:rollout-2026-07-09T19-10-24-019f49ca-54e7-7a91-82e7-a52b53cfd456:822,codex:rollout-2026-07-09T19-10-24-019f49ca-54e7-7a91-82e7-a52b53cfd456:823,44219,44220,1,1,1,0,0,0,0,0
agentsight,e58fce112c6e,complete,codex:rollout-2026-07-09T19-10-24-019f49ca-54e7-7a91-82e7-a52b53cfd456:823,codex:rollout-2026-07-09T19-10-24-019f49ca-54e7-7a91-82e7-a52b53cfd456:824,44220,44221,1,16,1,0,0,0,0,0
agentsight,e58fce112c6e,complete,codex:rollout-2026-07-09T19-10-24-019f49ca-54e7-7a91-82e7-a52b53cfd456:824,codex:rollout-2026-07-09T19-10-24-019f49ca-54e7-7a91-82e7-a52b53cfd456:826,44221,44224,3,25722,2,0,0,0,0,0
agentsight,e58fce112c6e,complete,codex:rollout-2026-07-09T19-10-24-019f49ca-54e7-7a91-82e7-a52b53cfd456:826,codex:rollout-2026-07-09T19-10-24-019f49ca-54e7-7a91-82e7-a52b53cfd456:827,44224,44225,1,1,1,0,0,0,0,0
agentsight,e58fce112c6e,complete,codex:rollout-2026-07-09T19-10-24-019f49ca-54e7-7a91-82e7-a52b53cfd456:827,codex:rollout-2026-07-09T19-10-24-019f49ca-54e7-7a91-82e7-a52b53cfd456:837,44225,44238,13,72847,2,0,0,0,0,0
agentsight,e58fce112c6e,complete,codex:rollout-2026-07-09T19-10-24-019f49ca-54e7-7a91-82e7-a52b53cfd456:837,codex:rollout-2026-07-09T19-10-24-019f49ca-54e7-7a91-82e7-a52b53cfd456:838,44238,44239,1,77,1,0,0,0,0,0
agentsight,e58fce112c6e,complete,codex:rollout-2026-07-09T19-10-24-019f49ca-54e7-7a91-82e7-a52b53cfd456:838,codex:rollout-2026-07-09T19-10-24-019f49ca-54e7-7a91-82e7-a52b53cfd456:853,44239,44254,15,112600,1,0,0,0,0,0
agentsight,e58fce112c6e,complete,codex:rollout-2026-07-09T19-10-24-019f49ca-54e7-7a91-82e7-a52b53cfd456:853,codex:rollout-2026-07-09T19-10-24-019f49ca-54e7-7a91-82e7-a52b53cfd456:854,44254,44255,1,45,1,0,0,0,0,0
agentsight,e58fce112c6e,complete,codex:rollout-2026-07-09T19-10-24-019f49ca-54e7-7a91-82e7-a52b53cfd456:854,codex:rollout-2026-07-11T02-18-31-019f5078-a433-7b50-b55e-a94d5a6fe24f:12,44255,44297,42,162876,4,0,0,0,1,0
agentsight,e58fce112c6e,complete,codex:rollout-2026-07-11T02-18-31-019f5078-a433-7b50-b55e-a94d5a6fe24f:12,claude:7e76a9a5-d951-4b65-80ec-fb3b8c23c2dd:37,44297,44355,58,258492,3,0,0,1,0,0
agentsight,e58fce112c6e,complete,claude:7e76a9a5-d951-4b65-80ec-fb3b8c23c2dd:37,codex:rollout-2026-07-09T19-10-24-019f49ca-54e7-7a91-82e7-a52b53cfd456:888,44355,44588,233,40863847,7,0,0,0,0,0
agentsight,e58fce112c6e,complete,codex:rollout-2026-07-09T19-10-24-019f49ca-54e7-7a91-82e7-a52b53cfd456:888,codex:rollout-2026-07-09T19-10-24-019f49ca-54e7-7a91-82e7-a52b53cfd456:889,44588,44589,1,4,1,0,0,0,0,0
agentsight,e58fce112c6e,complete,codex:rollout-2026-07-09T19-10-24-019f49ca-54e7-7a91-82e7-a52b53cfd456:889,codex:rollout-2026-07-09T19-10-24-019f49ca-54e7-7a91-82e7-a52b53cfd456:890,44589,44590,1,61,1,0,0,0,0,0
agentsight,e58fce112c6e,complete,codex:rollout-2026-07-09T19-10-24-019f49ca-54e7-7a91-82e7-a52b53cfd456:890,codex:rollout-2026-07-09T19-10-24-019f49ca-54e7-7a91-82e7-a52b53cfd456:891,44590,44591,1,9339,1,0,0,0,0,0
agentsight,e58fce112c6e,complete,codex:rollout-2026-07-09T19-10-24-019f49ca-54e7-7a91-82e7-a52b53cfd456:891,codex:rollout-2026-07-09T19-10-24-019f49ca-54e7-7a91-82e7-a52b53cfd456:892,44591,44592,1,0,1,0,0,0,0,0
agentsight,e58fce112c6e,complete,codex:rollout-2026-07-09T19-10-24-019f49ca-54e7-7a91-82e7-a52b53cfd456:892,codex:rollout-2026-07-09T19-10-24-019f49ca-54e7-7a91-82e7-a52b53cfd456:909,44592,44637,45,204240,4,0,0,0,0,0
agentsight,e58fce112c6e,complete,codex:rollout-2026-07-09T19-10-24-019f49ca-54e7-7a91-82e7-a52b53cfd456:909,codex:rollout-2026-07-09T19-10-24-019f49ca-54e7-7a91-82e7-a52b53cfd456:910,44637,44638,1,49,1,0,0,0,0,0
agentsight,e58fce112c6e,complete,codex:rollout-2026-07-09T19-10-24-019f49ca-54e7-7a91-82e7-a52b53cfd456:910,codex:rollout-2026-07-11T13-49-56-019f52f1-a63c-7743-aaf7-e256a4088ced:23,44638,44692,54,136727,6,0,0,1,0,0
agentsight,e58fce112c6e,complete,codex:rollout-2026-07-11T13-49-56-019f52f1-a63c-7743-aaf7-e256a4088ced:23,codex:rollout-2026-07-11T13-49-56-019f52f1-a63c-7743-aaf7-e256a4088ced:24,44692,44693,1,27,1,0,0,0,0,0
agentsight,e58fce112c6e,complete,codex:rollout-2026-07-11T13-49-56-019f52f1-a63c-7743-aaf7-e256a4088ced:24,codex:rollout-2026-07-09T19-10-24-019f49ca-54e7-7a91-82e7-a52b53cfd456:996,44693,44794,101,705858,3,0,0,1,0,0
agentsight,e58fce112c6e,complete,codex:rollout-2026-07-09T19-10-24-019f49ca-54e7-7a91-82e7-a52b53cfd456:996,codex:rollout-2026-07-09T19-10-24-019f49ca-54e7-7a91-82e7-a52b53cfd456:1001,44794,44799,5,42121,1,0,0,0,0,0
agentsight,e58fce112c6e,complete,codex:rollout-2026-07-09T19-10-24-019f49ca-54e7-7a91-82e7-a52b53cfd456:1001,codex:rollout-2026-07-09T19-10-24-019f49ca-54e7-7a91-82e7-a52b53cfd456:1005,44799,44803,4,46788,1,0,0,0,0,0
agentsight,e58fce112c6e,complete,codex:rollout-2026-07-09T19-10-24-019f49ca-54e7-7a91-82e7-a52b53cfd456:1005,codex:rollout-2026-07-09T19-10-24-019f49ca-54e7-7a91-82e7-a52b53cfd456:1018,44803,44816,13,73992,1,0,0,1,0,0
agentsight,e58fce112c6e,complete,codex:rollout-2026-07-09T19-10-24-019f49ca-54e7-7a91-82e7-a52b53cfd456:1018,codex:rollout-2026-07-09T19-10-24-019f49ca-54e7-7a91-82e7-a52b53cfd456:1019,44816,44817,1,8547,1,0,0,0,0,0
agentsight,e58fce112c6e,complete,codex:rollout-2026-07-09T19-10-24-019f49ca-54e7-7a91-82e7-a52b53cfd456:1019,codex:rollout-2026-07-09T19-10-24-019f49ca-54e7-7a91-82e7-a52b53cfd456:1020,44817,44818,1,35,1,0,0,0,0,0
agentsight,e58fce112c6e,complete,codex:rollout-2026-07-09T19-10-24-019f49ca-54e7-7a91-82e7-a52b53cfd456:1020,codex:rollout-2026-07-11T14-07-35-019f5301-d00f-7482-b9ab-8c64d138cd4f:36,44818,44894,76,233987,3,0,0,0,0,0
agentsight,e58fce112c6e,complete,codex:rollout-2026-07-11T14-07-35-019f5301-d00f-7482-b9ab-8c64d138cd4f:36,codex:rollout-2026-07-11T14-07-35-019f5301-d00f-7482-b9ab-8c64d138cd4f:37,44894,44895,1,35,1,0,0,0,0,0
agentsight,e58fce112c6e,complete,codex:rollout-2026-07-11T14-07-35-019f5301-d00f-7482-b9ab-8c64d138cd4f:37,codex:rollout-2026-07-11T14-07-35-019f5301-d00f-7482-b9ab-8c64d138cd4f:39,44895,44899,4,21020,2,0,0,0,0,0
agentsight,e58fce112c6e,complete,codex:rollout-2026-07-11T14-07-35-019f5301-d00f-7482-b9ab-8c64d138cd4f:39,claude:ee444148-3edb-4ddb-b2b2-10d871ae2a97:15,44899,44901,2,17909,2,0,0,0,0,0
agentsight,e58fce112c6e,complete,claude:ee444148-3edb-4ddb-b2b2-10d871ae2a97:15,claude:ee444148-3edb-4ddb-b2b2-10d871ae2a97:16,44901,44905,4,9028,2,0,0,0,0,0
agentsight,e58fce112c6e,complete,claude:ee444148-3edb-4ddb-b2b2-10d871ae2a97:16,codex:rollout-2026-07-09T19-10-24-019f49ca-54e7-7a91-82e7-a52b53cfd456:1056,44905,44915,10,144072,1,0,0,0,0,0
agentsight,e58fce112c6e,complete,codex:rollout-2026-07-09T19-10-24-019f49ca-54e7-7a91-82e7-a52b53cfd456:1056,codex:rollout-2026-07-09T19-10-24-019f49ca-54e7-7a91-82e7-a52b53cfd456:1057,44915,44916,1,551,1,0,0,0,0,0
agentsight,e58fce112c6e,complete,codex:rollout-2026-07-09T19-10-24-019f49ca-54e7-7a91-82e7-a52b53cfd456:1057,codex:rollout-2026-07-09T19-10-24-019f49ca-54e7-7a91-82e7-a52b53cfd456:1066,44916,44925,9,39223,1,0,0,0,0,0
agentsight,e58fce112c6e,complete,codex:rollout-2026-07-09T19-10-24-019f49ca-54e7-7a91-82e7-a52b53cfd456:1066,claude:7162b9fe-95ed-4827-a29d-4a2ff6229e07:18,44925,45000,75,212699,3,0,0,0,0,0
agentsight,e58fce112c6e,complete,claude:7162b9fe-95ed-4827-a29d-4a2ff6229e07:18,codex:rollout-2026-07-11T14-13-47-019f5307-7b17-7f02-a3e4-bae0f02a9657:47,45000,45001,1,591,1,0,0,0,0,0
agentsight,e58fce112c6e,complete,codex:rollout-2026-07-11T14-13-47-019f5307-7b17-7f02-a3e4-bae0f02a9657:47,codex:rollout-2026-07-11T14-13-47-019f5307-7b17-7f02-a3e4-bae0f02a9657:48,45001,45004,3,4244,2,0,0,0,0,0
agentsight,e58fce112c6e,complete,codex:rollout-2026-07-11T14-13-47-019f5307-7b17-7f02-a3e4-bae0f02a9657:48,claude:7162b9fe-95ed-4827-a29d-4a2ff6229e07:20,45004,45006,2,20935,1,0,0,0,0,0
agentsight,e58fce112c6e,complete,claude:7162b9fe-95ed-4827-a29d-4a2ff6229e07:20,codex:rollout-2026-07-09T19-10-24-019f49ca-54e7-7a91-82e7-a52b53cfd456:1096,45006,45032,26,168670,2,0,0,0,0,0
agentsight,e58fce112c6e,complete,codex:rollout-2026-07-09T19-10-24-019f49ca-54e7-7a91-82e7-a52b53cfd456:1096,codex:rollout-2026-07-09T19-10-24-019f49ca-54e7-7a91-82e7-a52b53cfd456:1097,45032,45033,1,0,1,0,0,0,0,0
agentsight,e58fce112c6e,complete,codex:rollout-2026-07-09T19-10-24-019f49ca-54e7-7a91-82e7-a52b53cfd456:1097,codex:rollout-2026-07-09T19-10-24-019f49ca-54e7-7a91-82e7-a52b53cfd456:1098,45033,45034,1,43,1,0,0,0,0,0
agentsight,e58fce112c6e,complete,codex:rollout-2026-07-09T19-10-24-019f49ca-54e7-7a91-82e7-a52b53cfd456:1098,codex:rollout-2026-07-09T19-10-24-019f49ca-54e7-7a91-82e7-a52b53cfd456:1099,45034,45035,1,8016,1,0,0,0,0,0
agentsight,e58fce112c6e,complete,codex:rollout-2026-07-09T19-10-24-019f49ca-54e7-7a91-82e7-a52b53cfd456:1099,codex:rollout-2026-07-09T19-10-24-019f49ca-54e7-7a91-82e7-a52b53cfd456:1104,45035,45040,5,39352,1,0,0,2,0,0
agentsight,e58fce112c6e,complete,codex:rollout-2026-07-09T19-10-24-019f49ca-54e7-7a91-82e7-a52b53cfd456:1104,codex:rollout-2026-07-11T14-22-08-019f530f-20da-7a11-83f6-ba7e799e2ac3:19,45040,45081,41,136241,2,1,1,1,0,0
agentsight,e58fce112c6e,complete,codex:rollout-2026-07-11T14-22-08-019f530f-20da-7a11-83f6-ba7e799e2ac3:19,codex:rollout-2026-07-11T14-22-08-019f530f-20da-7a11-83f6-ba7e799e2ac3:20,45081,45083,2,3472,2,0,0,0,0,0
agentsight,e58fce112c6e,complete,codex:rollout-2026-07-11T14-22-08-019f530f-20da-7a11-83f6-ba7e799e2ac3:20,codex:rollout-2026-07-09T19-10-24-019f49ca-54e7-7a91-82e7-a52b53cfd456:1129,45083,45089,6,15062,2,0,0,0,0,0
agentsight,e58fce112c6e,complete,codex:rollout-2026-07-09T19-10-24-019f49ca-54e7-7a91-82e7-a52b53cfd456:1129,codex:rollout-2026-07-11T14-22-08-019f530f-20da-7a11-83f6-ba7e799e2ac3:29,45089,45095,6,14034,1,0,0,1,0,0
agentsight,e58fce112c6e,complete,codex:rollout-2026-07-11T14-22-08-019f530f-20da-7a11-83f6-ba7e799e2ac3:29,codex:rollout-2026-07-11T14-22-08-019f530f-20da-7a11-83f6-ba7e799e2ac3:30,45095,45096,1,0,1,0,0,0,0,0
agentsight,e58fce112c6e,complete,codex:rollout-2026-07-11T14-22-08-019f530f-20da-7a11-83f6-ba7e799e2ac3:30,codex:rollout-2026-07-11T14-22-08-019f530f-20da-7a11-83f6-ba7e799e2ac3:31,45096,45097,1,43,1,0,0,0,0,0
agentsight,e58fce112c6e,complete,codex:rollout-2026-07-11T14-22-08-019f530f-20da-7a11-83f6-ba7e799e2ac3:31,codex:rollout-2026-07-09T19-10-24-019f49ca-54e7-7a91-82e7-a52b53cfd456:1130,45097,45098,1,2428,1,0,0,0,0,0
agentsight,e58fce112c6e,complete,codex:rollout-2026-07-09T19-10-24-019f49ca-54e7-7a91-82e7-a52b53cfd456:1130,codex:rollout-2026-07-11T14-22-08-019f530f-20da-7a11-83f6-ba7e799e2ac3:32,45098,45100,2,1779,2,0,0,0,0,0
agentsight,e58fce112c6e,complete,codex:rollout-2026-07-11T14-22-08-019f530f-20da-7a11-83f6-ba7e799e2ac3:32,codex:rollout-2026-07-11T14-24-19-019f5311-2354-7ed1-bd96-c840405dab66:24,45100,45144,44,109673,4,0,0,0,0,0
agentsight,e58fce112c6e,complete,codex:rollout-2026-07-11T14-24-19-019f5311-2354-7ed1-bd96-c840405dab66:24,codex:rollout-2026-07-11T14-24-19-019f5311-2354-7ed1-bd96-c840405dab66:25,45144,45145,1,6,1,0,0,0,0,0
agentsight,e58fce112c6e,complete,codex:rollout-2026-07-11T14-24-19-019f5311-2354-7ed1-bd96-c840405dab66:25,codex:rollout-2026-07-11T14-24-19-019f5311-2354-7ed1-bd96-c840405dab66:26,45145,45146,1,22,1,0,0,0,0,0
agentsight,e58fce112c6e,complete,codex:rollout-2026-07-11T14-24-19-019f5311-2354-7ed1-bd96-c840405dab66:26,codex:rollout-2026-07-11T14-24-19-019f5311-2354-7ed1-bd96-c840405dab66:27,45146,45147,1,11,1,0,0,0,0,0
agentsight,e58fce112c6e,complete,codex:rollout-2026-07-11T14-24-19-019f5311-2354-7ed1-bd96-c840405dab66:27,codex:rollout-2026-07-11T14-24-19-019f5311-2354-7ed1-bd96-c840405dab66:35,45147,45164,17,49632,3,0,0,0,0,0
agentsight,e58fce112c6e,complete,codex:rollout-2026-07-11T14-24-19-019f5311-2354-7ed1-bd96-c840405dab66:35,codex:rollout-2026-07-09T19-10-24-019f49ca-54e7-7a91-82e7-a52b53cfd456:1182,45164,45227,63,545931,3,1,1,0,0,0
agentsight,e58fce112c6e,complete,codex:rollout-2026-07-09T19-10-24-019f49ca-54e7-7a91-82e7-a52b53cfd456:1182,codex:rollout-2026-07-11T14-41-50-019f5321-29ab-7f02-94cc-2de16aee2c1b:5,45227,45331,104,400478,4,0,0,2,2,0
agentsight,e58fce112c6e,complete,codex:rollout-2026-07-11T14-41-50-019f5321-29ab-7f02-94cc-2de16aee2c1b:5,codex:rollout-2026-07-09T19-10-24-019f49ca-54e7-7a91-82e7-a52b53cfd456:1382,45331,47254,1923,45192472,41,0,0,1,0,0
agentsight,e58fce112c6e,complete,codex:rollout-2026-07-09T19-10-24-019f49ca-54e7-7a91-82e7-a52b53cfd456:1382,codex:rollout-2026-07-09T19-10-24-019f49ca-54e7-7a91-82e7-a52b53cfd456:1388,47254,47260,6,37315,1,0,0,0,0,0
agentsight,e58fce112c6e,complete,codex:rollout-2026-07-09T19-10-24-019f49ca-54e7-7a91-82e7-a52b53cfd456:1388,codex:rollout-2026-07-09T19-10-24-019f49ca-54e7-7a91-82e7-a52b53cfd456:1389,47260,47261,1,14042,1,0,0,0,0,0
agentsight,e58fce112c6e,complete,codex:rollout-2026-07-09T19-10-24-019f49ca-54e7-7a91-82e7-a52b53cfd456:1389,codex:rollout-2026-07-09T19-10-24-019f49ca-54e7-7a91-82e7-a52b53cfd456:1391,47261,47266,5,23891,2,0,0,0,0,0
agentsight,e58fce112c6e,complete,codex:rollout-2026-07-09T19-10-24-019f49ca-54e7-7a91-82e7-a52b53cfd456:1391,codex:rollout-2026-07-09T19-10-24-019f49ca-54e7-7a91-82e7-a52b53cfd456:1392,47266,47267,1,49,1,0,0,0,0,0
agentsight,e58fce112c6e,complete,codex:rollout-2026-07-09T19-10-24-019f49ca-54e7-7a91-82e7-a52b53cfd456:1392,codex:rollout-2026-07-09T19-10-24-019f49ca-54e7-7a91-82e7-a52b53cfd456:1490,47267,47387,120,676410,3,0,0,2,0,0
agentsight,e58fce112c6e,complete,codex:rollout-2026-07-09T19-10-24-019f49ca-54e7-7a91-82e7-a52b53cfd456:1490,codex:rollout-2026-07-09T19-10-24-019f49ca-54e7-7a91-82e7-a52b53cfd456:1491,47387,47388,1,1,1,0,0,0,0,0
agentsight,e58fce112c6e,complete,codex:rollout-2026-07-09T19-10-24-019f49ca-54e7-7a91-82e7-a52b53cfd456:1491,codex:rollout-2026-07-09T19-10-24-019f49ca-54e7-7a91-82e7-a52b53cfd456:1492,47388,47389,1,0,1,0,0,0,0,0
agentsight,e58fce112c6e,complete,codex:rollout-2026-07-09T19-10-24-019f49ca-54e7-7a91-82e7-a52b53cfd456:1492,codex:rollout-2026-07-09T19-10-24-019f49ca-54e7-7a91-82e7-a52b53cfd456:1497,47389,47394,5,61235,1,0,0,0,0,0
agentsight,e58fce112c6e,complete,codex:rollout-2026-07-09T19-10-24-019f49ca-54e7-7a91-82e7-a52b53cfd456:1497,codex:rollout-2026-07-09T19-10-24-019f49ca-54e7-7a91-82e7-a52b53cfd456:1500,47394,47397,3,7904,1,0,0,0,0,0
agentsight,e58fce112c6e,complete,codex:rollout-2026-07-09T19-10-24-019f49ca-54e7-7a91-82e7-a52b53cfd456:1500,codex:rollout-2026-07-12T03-30-09-019f55e0-9685-7820-93e0-13b2a9c4e347:46,47397,47487,90,204435,4,0,0,1,0,0
agentsight,e58fce112c6e,complete,codex:rollout-2026-07-12T03-30-09-019f55e0-9685-7820-93e0-13b2a9c4e347:46,codex:rollout-2026-07-12T03-30-09-019f55e0-9685-7820-93e0-13b2a9c4e347:47,47487,47489,2,10602,2,0,0,0,0,0
agentsight,e58fce112c6e,complete,codex:rollout-2026-07-12T03-30-09-019f55e0-9685-7820-93e0-13b2a9c4e347:47,codex:rollout-2026-07-12T03-30-09-019f55e0-9685-7820-93e0-13b2a9c4e347:48,47489,47490,1,6366,1,0,0,0,0,0
agentsight,e58fce112c6e,complete,codex:rollout-2026-07-12T03-30-09-019f55e0-9685-7820-93e0-13b2a9c4e347:48,codex:rollout-2026-07-12T03-30-09-019f55e0-9685-7820-93e0-13b2a9c4e347:49,47490,47491,1,2474,1,0,0,0,0,0
agentsight,e58fce112c6e,complete,codex:rollout-2026-07-12T03-30-09-019f55e0-9685-7820-93e0-13b2a9c4e347:49,codex:rollout-2026-07-09T19-10-24-019f49ca-54e7-7a91-82e7-a52b53cfd456:1526,47491,47511,20,53506,4,0,0,0,0,0
agentsight,e58fce112c6e,complete,codex:rollout-2026-07-09T19-10-24-019f49ca-54e7-7a91-82e7-a52b53cfd456:1526,codex:rollout-2026-07-09T19-10-24-019f49ca-54e7-7a91-82e7-a52b53cfd456:1528,47511,47513,2,0,1,0,0,1,0,0
agentsight,e58fce112c6e,complete,codex:rollout-2026-07-09T19-10-24-019f49ca-54e7-7a91-82e7-a52b53cfd456:1528,codex:rollout-2026-07-09T19-10-24-019f49ca-54e7-7a91-82e7-a52b53cfd456:1531,47513,47522,9,19502,4,0,0,1,0,0
agentsight,e58fce112c6e,complete,codex:rollout-2026-07-09T19-10-24-019f49ca-54e7-7a91-82e7-a52b53cfd456:1531,codex:rollout-2026-07-09T19-10-24-019f49ca-54e7-7a91-82e7-a52b53cfd456:1532,47522,47523,1,1,1,0,0,0,0,0
agentsight,e58fce112c6e,complete,codex:rollout-2026-07-09T19-10-24-019f49ca-54e7-7a91-82e7-a52b53cfd456:1532,codex:rollout-2026-07-09T19-10-24-019f49ca-54e7-7a91-82e7-a52b53cfd456:1533,47523,47524,1,1,1,0,0,0,0,0
agentsight,e58fce112c6e,complete,codex:rollout-2026-07-09T19-10-24-019f49ca-54e7-7a91-82e7-a52b53cfd456:1533,codex:rollout-2026-07-09T19-10-24-019f49ca-54e7-7a91-82e7-a52b53cfd456:1534,47524,47525,1,52,1,0,0,0,0,0
agentsight,e58fce112c6e,complete,codex:rollout-2026-07-09T19-10-24-019f49ca-54e7-7a91-82e7-a52b53cfd456:1534,codex:rollout-2026-07-09T19-10-24-019f49ca-54e7-7a91-82e7-a52b53cfd456:1535,47525,47533,8,11795,3,0,0,0,0,0
agentsight,e58fce112c6e,complete,codex:rollout-2026-07-09T19-10-24-019f49ca-54e7-7a91-82e7-a52b53cfd456:1535,codex:rollout-2026-07-09T19-10-24-019f49ca-54e7-7a91-82e7-a52b53cfd456:1548,47533,47562,29,86787,4,0,0,0,0,0
agentsight,e58fce112c6e,complete,codex:rollout-2026-07-09T19-10-24-019f49ca-54e7-7a91-82e7-a52b53cfd456:1548,codex:rollout-2026-07-09T19-10-24-019f49ca-54e7-7a91-82e7-a52b53cfd456:1549,47562,47563,1,0,1,0,0,0,0,0
agentsight,e58fce112c6e,complete,codex:rollout-2026-07-09T19-10-24-019f49ca-54e7-7a91-82e7-a52b53cfd456:1549,codex:rollout-2026-07-12T03-41-25-019f55ea-e440-72f0-9990-73c08728c380:39,47563,47730,167,539994,12,0,0,1,0,0
agentsight,e58fce112c6e,complete,codex:rollout-2026-07-12T03-41-25-019f55ea-e440-72f0-9990-73c08728c380:39,codex:rollout-2026-07-12T03-41-25-019f55ea-e440-72f0-9990-73c08728c380:40,47730,47732,2,4357,2,0,0,0,0,0
agentsight,e58fce112c6e,complete,codex:rollout-2026-07-12T03-41-25-019f55ea-e440-72f0-9990-73c08728c380:40,codex:rollout-2026-07-12T03-41-25-019f55ea-e440-72f0-9990-73c08728c380:41,47732,47733,1,7534,1,0,0,0,0,0
agentsight,e58fce112c6e,complete,codex:rollout-2026-07-12T03-41-25-019f55ea-e440-72f0-9990-73c08728c380:41,codex:rollout-2026-07-12T03-41-25-019f55ea-e440-72f0-9990-73c08728c380:42,47733,47735,2,3393,2,0,0,0,0,0
agentsight,e58fce112c6e,complete,codex:rollout-2026-07-12T03-41-25-019f55ea-e440-72f0-9990-73c08728c380:42,codex:rollout-2026-07-09T19-10-24-019f49ca-54e7-7a91-82e7-a52b53cfd456:1672,47735,53518,5783,167254307,90,0,0,4,0,0
agentsight,e58fce112c6e,complete,codex:rollout-2026-07-09T19-10-24-019f49ca-54e7-7a91-82e7-a52b53cfd456:1672,codex:rollout-2026-07-09T19-10-24-019f49ca-54e7-7a91-82e7-a52b53cfd456:1673,53518,53519,1,13640,1,0,0,0,0,0
agentsight,e58fce112c6e,complete,codex:rollout-2026-07-09T19-10-24-019f49ca-54e7-7a91-82e7-a52b53cfd456:1673,codex:rollout-2026-07-09T19-10-24-019f49ca-54e7-7a91-82e7-a52b53cfd456:1691,53519,53540,21,111192,2,0,0,0,0,0
agentsight,e58fce112c6e,complete,codex:rollout-2026-07-09T19-10-24-019f49ca-54e7-7a91-82e7-a52b53cfd456:1691,codex:rollout-2026-07-09T19-10-24-019f49ca-54e7-7a91-82e7-a52b53cfd456:1692,53540,53541,1,21544,1,0,0,0,0,0
agentsight,e58fce112c6e,complete,codex:rollout-2026-07-09T19-10-24-019f49ca-54e7-7a91-82e7-a52b53cfd456:1692,codex:rollout-2026-07-09T19-10-24-019f49ca-54e7-7a91-82e7-a52b53cfd456:1693,53541,53542,1,34,1,0,0,0,0,0
agentsight,e58fce112c6e,complete,codex:rollout-2026-07-09T19-10-24-019f49ca-54e7-7a91-82e7-a52b53cfd456:1693,codex:rollout-2026-07-09T19-10-24-019f49ca-54e7-7a91-82e7-a52b53cfd456:1817,53542,53701,159,1125816,3,12,12,0,0,0
agentsight,e58fce112c6e,complete,codex:rollout-2026-07-09T19-10-24-019f49ca-54e7-7a91-82e7-a52b53cfd456:1817,codex:rollout-2026-07-09T19-10-24-019f49ca-54e7-7a91-82e7-a52b53cfd456:1818,53701,53702,1,1,1,0,0,0,0,0
agentsight,e58fce112c6e,complete,codex:rollout-2026-07-09T19-10-24-019f49ca-54e7-7a91-82e7-a52b53cfd456:1818,codex:rollout-2026-07-09T19-10-24-019f49ca-54e7-7a91-82e7-a52b53cfd456:1819,53702,53703,1,0,1,0,0,0,0,0
agentsight,e58fce112c6e,complete,codex:rollout-2026-07-09T19-10-24-019f49ca-54e7-7a91-82e7-a52b53cfd456:1819,codex:rollout-2026-07-09T19-10-24-019f49ca-54e7-7a91-82e7-a52b53cfd456:1820,53703,53704,1,100,1,0,0,0,0,0
agentsight,e58fce112c6e,complete,codex:rollout-2026-07-09T19-10-24-019f49ca-54e7-7a91-82e7-a52b53cfd456:1820,codex:rollout-2026-07-14T02-36-42-019f5ffc-5f3e-70d0-8173-71de7f95c967:19,53704,53772,68,258006,4,1,1,0,0,0
agentsight,e58fce112c6e,complete,codex:rollout-2026-07-14T02-36-42-019f5ffc-5f3e-70d0-8173-71de7f95c967:19,claude:a3aa5bd5-effc-4f66-b606-e0270b90e6c0:9,53772,53791,19,89553,3,1,1,0,0,0
agentsight,e58fce112c6e,complete,claude:a3aa5bd5-effc-4f66-b606-e0270b90e6c0:9,claude:a3aa5bd5-effc-4f66-b606-e0270b90e6c0:10,53791,53793,2,4773,2,0,0,0,0,0
agentsight,e58fce112c6e,complete,claude:a3aa5bd5-effc-4f66-b606-e0270b90e6c0:10,codex:rollout-2026-07-09T19-10-24-019f49ca-54e7-7a91-82e7-a52b53cfd456:1869,53793,53814,21,141290,3,0,0,0,0,0
agentsight,e58fce112c6e,complete,codex:rollout-2026-07-09T19-10-24-019f49ca-54e7-7a91-82e7-a52b53cfd456:1869,codex:rollout-2026-07-09T19-10-24-019f49ca-54e7-7a91-82e7-a52b53cfd456:1870,53814,53815,1,10071,1,0,0,0,0,0
agentsight,e58fce112c6e,complete,codex:rollout-2026-07-09T19-10-24-019f49ca-54e7-7a91-82e7-a52b53cfd456:1870,codex:rollout-2026-07-09T19-10-24-019f49ca-54e7-7a91-82e7-a52b53cfd456:1874,53815,53820,5,20036,2,0,0,1,0,0
agentsight,e58fce112c6e,complete,codex:rollout-2026-07-09T19-10-24-019f49ca-54e7-7a91-82e7-a52b53cfd456:1874,codex:rollout-2026-07-09T19-10-24-019f49ca-54e7-7a91-82e7-a52b53cfd456:1875,53820,53821,1,0,1,0,0,0,0,0
agentsight,e58fce112c6e,complete,codex:rollout-2026-07-09T19-10-24-019f49ca-54e7-7a91-82e7-a52b53cfd456:1875,codex:rollout-2026-07-09T19-10-24-019f49ca-54e7-7a91-82e7-a52b53cfd456:1892,53821,53862,41,147218,4,0,0,0,0,0
agentsight,e58fce112c6e,complete,codex:rollout-2026-07-09T19-10-24-019f49ca-54e7-7a91-82e7-a52b53cfd456:1892,codex:rollout-2026-07-09T19-10-24-019f49ca-54e7-7a91-82e7-a52b53cfd456:1893,53862,53863,1,0,1,0,0,0,0,0
agentsight,e58fce112c6e,complete,codex:rollout-2026-07-09T19-10-24-019f49ca-54e7-7a91-82e7-a52b53cfd456:1893,codex:rollout-2026-07-14T02-46-27-019f6005-4a22-7b21-b798-5b5ba2c0771f:22,53863,53909,46,144414,4,1,1,2,0,0
agentsight,e58fce112c6e,complete,codex:rollout-2026-07-14T02-46-27-019f6005-4a22-7b21-b798-5b5ba2c0771f:22,codex:rollout-2026-07-14T02-46-27-019f6005-4a22-7b21-b798-5b5ba2c0771f:24,53909,53911,2,109,1,0,0,0,0,0
agentsight,e58fce112c6e,complete,codex:rollout-2026-07-14T02-46-27-019f6005-4a22-7b21-b798-5b5ba2c0771f:24,codex:rollout-2026-07-14T02-46-27-019f6005-4a22-7b21-b798-5b5ba2c0771f:33,53911,53923,12,30398,2,0,0,1,0,0
agentsight,e58fce112c6e,complete,codex:rollout-2026-07-14T02-46-27-019f6005-4a22-7b21-b798-5b5ba2c0771f:33,claude:cbe54e68-3d59-4fd7-9a62-f7e8ebe4ad5a:16,53923,53954,31,174776,3,1,1,0,0,0
agentsight,e58fce112c6e,complete,claude:cbe54e68-3d59-4fd7-9a62-f7e8ebe4ad5a:16,claude:615e32e4-02c6-4d9c-841c-ae169881f7a9:6,53954,53965,11,114126,3,0,0,0,0,0
agentsight,e58fce112c6e,complete,claude:615e32e4-02c6-4d9c-841c-ae169881f7a9:6,claude:615e32e4-02c6-4d9c-841c-ae169881f7a9:8,53965,53967,2,11530,1,0,0,0,0,0
agentsight,e58fce112c6e,complete,claude:615e32e4-02c6-4d9c-841c-ae169881f7a9:8,claude:11c48fa5-8c6d-413a-96a8-e0d0f390fa22:15,53967,53997,30,281122,3,0,0,0,0,0
agentsight,e58fce112c6e,complete,claude:11c48fa5-8c6d-413a-96a8-e0d0f390fa22:15,codex:rollout-2026-07-09T19-10-24-019f49ca-54e7-7a91-82e7-a52b53cfd456:1968,53997,54109,112,1643038,5,1,1,0,0,0
agentsight,e58fce112c6e,complete,codex:rollout-2026-07-09T19-10-24-019f49ca-54e7-7a91-82e7-a52b53cfd456:1968,codex:rollout-2026-07-09T19-10-24-019f49ca-54e7-7a91-82e7-a52b53cfd456:1969,54109,54110,1,1,1,0,0,0,0,0
agentsight,e58fce112c6e,complete,codex:rollout-2026-07-09T19-10-24-019f49ca-54e7-7a91-82e7-a52b53cfd456:1969,codex:rollout-2026-07-09T19-10-24-019f49ca-54e7-7a91-82e7-a52b53cfd456:1971,54110,54113,3,29302,2,0,0,0,0,0
agentsight,e58fce112c6e,complete,codex:rollout-2026-07-09T19-10-24-019f49ca-54e7-7a91-82e7-a52b53cfd456:1971,codex:rollout-2026-07-09T19-10-24-019f49ca-54e7-7a91-82e7-a52b53cfd456:1972,54113,54114,1,0,1,0,0,0,0,0
agentsight,e58fce112c6e,complete,codex:rollout-2026-07-09T19-10-24-019f49ca-54e7-7a91-82e7-a52b53cfd456:1972,codex:rollout-2026-07-09T19-10-24-019f49ca-54e7-7a91-82e7-a52b53cfd456:2029,54114,54209,95,631987,5,0,0,1,0,0
agentsight,e58fce112c6e,complete,codex:rollout-2026-07-09T19-10-24-019f49ca-54e7-7a91-82e7-a52b53cfd456:2029,codex:rollout-2026-07-09T19-10-24-019f49ca-54e7-7a91-82e7-a52b53cfd456:2030,54209,54210,1,389,1,0,0,0,0,0
agentsight,e58fce112c6e,complete,codex:rollout-2026-07-09T19-10-24-019f49ca-54e7-7a91-82e7-a52b53cfd456:2030,codex:rollout-2026-07-09T19-10-24-019f49ca-54e7-7a91-82e7-a52b53cfd456:2031,54210,54212,2,9832,2,0,0,0,0,0
agentsight,e58fce112c6e,complete,codex:rollout-2026-07-09T19-10-24-019f49ca-54e7-7a91-82e7-a52b53cfd456:2031,codex:rollout-2026-07-09T19-10-24-019f49ca-54e7-7a91-82e7-a52b53cfd456:2037,54212,54218,6,78176,1,0,0,1,0,0
agentsight,e58fce112c6e,complete,codex:rollout-2026-07-09T19-10-24-019f49ca-54e7-7a91-82e7-a52b53cfd456:2037,codex:rollout-2026-07-09T19-10-24-019f49ca-54e7-7a91-82e7-a52b53cfd456:2038,54218,54219,1,484,1,0,0,0,0,0
agentsight,e58fce112c6e,complete,codex:rollout-2026-07-09T19-10-24-019f49ca-54e7-7a91-82e7-a52b53cfd456:2038,codex:rollout-2026-07-09T19-10-24-019f49ca-54e7-7a91-82e7-a52b53cfd456:2039,54219,54220,1,10817,1,0,0,0,0,0
agentsight,e58fce112c6e,complete,codex:rollout-2026-07-09T19-10-24-019f49ca-54e7-7a91-82e7-a52b53cfd456:2039,codex:rollout-2026-07-09T19-10-24-019f49ca-54e7-7a91-82e7-a52b53cfd456:2041,54220,54224,4,62178,2,0,0,0,0,0
agentsight,e58fce112c6e,complete,codex:rollout-2026-07-09T19-10-24-019f49ca-54e7-7a91-82e7-a52b53cfd456:2041,codex:rollout-2026-07-09T19-10-24-019f49ca-54e7-7a91-82e7-a52b53cfd456:2048,54224,54237,13,138021,2,0,0,1,1,0
agentsight,e58fce112c6e,complete,codex:rollout-2026-07-09T19-10-24-019f49ca-54e7-7a91-82e7-a52b53cfd456:2048,codex:rollout-2026-07-09T19-10-24-019f49ca-54e7-7a91-82e7-a52b53cfd456:2056,54237,54250,13,92879,3,0,0,0,1,0
agentsight,e58fce112c6e,complete,codex:rollout-2026-07-09T19-10-24-019f49ca-54e7-7a91-82e7-a52b53cfd456:2056,codex:rollout-2026-07-09T19-10-24-019f49ca-54e7-7a91-82e7-a52b53cfd456:2067,54250,54267,17,196455,2,0,0,0,2,0
agentsight,e58fce112c6e,complete,codex:rollout-2026-07-09T19-10-24-019f49ca-54e7-7a91-82e7-a52b53cfd456:2067,codex:rollout-2026-07-09T19-10-24-019f49ca-54e7-7a91-82e7-a52b53cfd456:2068,54267,54268,1,6,1,0,0,0,0,0
agentsight,e58fce112c6e,complete,codex:rollout-2026-07-09T19-10-24-019f49ca-54e7-7a91-82e7-a52b53cfd456:2068,codex:rollout-2026-07-09T19-10-24-019f49ca-54e7-7a91-82e7-a52b53cfd456:2074,54268,54278,10,84819,2,0,0,0,0,0
agentsight,e58fce112c6e,complete,codex:rollout-2026-07-09T19-10-24-019f49ca-54e7-7a91-82e7-a52b53cfd456:2074,codex:rollout-2026-07-09T19-10-24-019f49ca-54e7-7a91-82e7-a52b53cfd456:2075,54278,54279,1,503,1,0,0,0,0,0
agentsight,e58fce112c6e,complete,codex:rollout-2026-07-09T19-10-24-019f49ca-54e7-7a91-82e7-a52b53cfd456:2075,codex:rollout-2026-07-09T19-10-24-019f49ca-54e7-7a91-82e7-a52b53cfd456:2084,54279,54293,14,159585,2,0,0,0,0,0
agentsight,e58fce112c6e,complete,codex:rollout-2026-07-09T19-10-24-019f49ca-54e7-7a91-82e7-a52b53cfd456:2084,codex:rollout-2026-07-09T19-10-24-019f49ca-54e7-7a91-82e7-a52b53cfd456:2085,54293,54294,1,26,1,0,0,0,0,0
agentsight,e58fce112c6e,complete,codex:rollout-2026-07-09T19-10-24-019f49ca-54e7-7a91-82e7-a52b53cfd456:2085,codex:rollout-2026-07-09T19-10-24-019f49ca-54e7-7a91-82e7-a52b53cfd456:2110,54294,54346,52,303177,4,7,7,0,0,0
agentsight,e58fce112c6e,complete,codex:rollout-2026-07-09T19-10-24-019f49ca-54e7-7a91-82e7-a52b53cfd456:2110,codex:rollout-2026-07-09T19-10-24-019f49ca-54e7-7a91-82e7-a52b53cfd456:2111,54346,54347,1,0,1,0,0,0,0,0
agentsight,e58fce112c6e,complete,codex:rollout-2026-07-09T19-10-24-019f49ca-54e7-7a91-82e7-a52b53cfd456:2111,codex:rollout-2026-07-09T19-10-24-019f49ca-54e7-7a91-82e7-a52b53cfd456:2124,54347,54370,23,170193,3,0,0,1,0,0
agentsight,e58fce112c6e,complete,codex:rollout-2026-07-09T19-10-24-019f49ca-54e7-7a91-82e7-a52b53cfd456:2124,codex:rollout-2026-07-09T19-10-24-019f49ca-54e7-7a91-82e7-a52b53cfd456:2130,54370,54377,7,29075,2,0,0,0,0,0
agentsight,e58fce112c6e,complete,codex:rollout-2026-07-09T19-10-24-019f49ca-54e7-7a91-82e7-a52b53cfd456:2130,codex:rollout-2026-07-09T19-10-24-019f49ca-54e7-7a91-82e7-a52b53cfd456:2136,54377,54385,8,48989,2,0,0,0,0,0
agentsight,e58fce112c6e,complete,codex:rollout-2026-07-09T19-10-24-019f49ca-54e7-7a91-82e7-a52b53cfd456:2136,codex:rollout-2026-07-09T19-10-24-019f49ca-54e7-7a91-82e7-a52b53cfd456:2138,54385,54387,2,5606,1,0,0,0,0,0
agentsight,e58fce112c6e,complete,codex:rollout-2026-07-09T19-10-24-019f49ca-54e7-7a91-82e7-a52b53cfd456:2138,codex:rollout-2026-07-09T19-10-24-019f49ca-54e7-7a91-82e7-a52b53cfd456:2139,54387,54388,1,12527,1,0,0,0,0,0
agentsight,e58fce112c6e,complete,codex:rollout-2026-07-09T19-10-24-019f49ca-54e7-7a91-82e7-a52b53cfd456:2139,codex:rollout-2026-07-09T19-10-24-019f49ca-54e7-7a91-82e7-a52b53cfd456:2155,54388,54414,26,160524,2,0,0,0,0,0
agentsight,e58fce112c6e,complete,codex:rollout-2026-07-09T19-10-24-019f49ca-54e7-7a91-82e7-a52b53cfd456:2155,codex:rollout-2026-07-09T19-10-24-019f49ca-54e7-7a91-82e7-a52b53cfd456:2156,54414,54415,1,11067,1,0,0,0,0,0
agentsight,e58fce112c6e,complete,codex:rollout-2026-07-09T19-10-24-019f49ca-54e7-7a91-82e7-a52b53cfd456:2156,codex:rollout-2026-07-09T19-10-24-019f49ca-54e7-7a91-82e7-a52b53cfd456:2158,54415,54418,3,13320,2,0,0,0,0,0
agentsight,e58fce112c6e,complete,codex:rollout-2026-07-09T19-10-24-019f49ca-54e7-7a91-82e7-a52b53cfd456:2158,codex:rollout-2026-07-09T19-10-24-019f49ca-54e7-7a91-82e7-a52b53cfd456:2209,54418,54554,136,466030,6,0,0,3,0,0
agentsight,e58fce112c6e,complete,codex:rollout-2026-07-09T19-10-24-019f49ca-54e7-7a91-82e7-a52b53cfd456:2209,codex:rollout-2026-07-09T19-10-24-019f49ca-54e7-7a91-82e7-a52b53cfd456:2210,54554,54555,1,6710,1,0,0,0,0,0
agentsight,e58fce112c6e,complete,codex:rollout-2026-07-09T19-10-24-019f49ca-54e7-7a91-82e7-a52b53cfd456:2210,codex:rollout-2026-07-09T19-10-24-019f49ca-54e7-7a91-82e7-a52b53cfd456:2212,54555,54557,2,16472,1,0,0,0,0,0
agentsight,e58fce112c6e,complete,codex:rollout-2026-07-09T19-10-24-019f49ca-54e7-7a91-82e7-a52b53cfd456:2212,codex:rollout-2026-07-14T04-12-00-019f6053-9fc3-78c3-a526-1c4e7998fe48:17,54557,54594,37,145943,4,0,0,1,0,0
agentsight,e58fce112c6e,complete,codex:rollout-2026-07-14T04-12-00-019f6053-9fc3-78c3-a526-1c4e7998fe48:17,codex:rollout-2026-07-14T04-12-00-019f6053-9fc3-78c3-a526-1c4e7998fe48:18,54594,54595,1,47,1,0,0,0,0,0
agentsight,e58fce112c6e,complete,codex:rollout-2026-07-14T04-12-00-019f6053-9fc3-78c3-a526-1c4e7998fe48:18,codex:rollout-2026-07-09T19-10-24-019f49ca-54e7-7a91-82e7-a52b53cfd456:2228,54595,54599,4,11851,1,0,0,0,0,0
agentsight,e58fce112c6e,complete,codex:rollout-2026-07-09T19-10-24-019f49ca-54e7-7a91-82e7-a52b53cfd456:2228,codex:rollout-2026-07-09T19-10-24-019f49ca-54e7-7a91-82e7-a52b53cfd456:2229,54599,54600,1,7869,1,0,0,0,0,0
agentsight,e58fce112c6e,complete,codex:rollout-2026-07-09T19-10-24-019f49ca-54e7-7a91-82e7-a52b53cfd456:2229,codex:rollout-2026-07-09T19-10-24-019f49ca-54e7-7a91-82e7-a52b53cfd456:2272,54600,54664,64,610114,2,0,0,2,1,0
agentsight,e58fce112c6e,complete,codex:rollout-2026-07-09T19-10-24-019f49ca-54e7-7a91-82e7-a52b53cfd456:2272,codex:rollout-2026-07-09T19-10-24-019f49ca-54e7-7a91-82e7-a52b53cfd456:2280,54664,54677,13,123879,2,0,0,0,0,0
agentsight,e58fce112c6e,complete,codex:rollout-2026-07-09T19-10-24-019f49ca-54e7-7a91-82e7-a52b53cfd456:2280,codex:rollout-2026-07-09T19-10-24-019f49ca-54e7-7a91-82e7-a52b53cfd456:2282,54677,54680,3,14774,2,0,0,0,0,0
agentsight,e58fce112c6e,complete,codex:rollout-2026-07-09T19-10-24-019f49ca-54e7-7a91-82e7-a52b53cfd456:2282,codex:rollout-2026-07-09T19-10-24-019f49ca-54e7-7a91-82e7-a52b53cfd456:2349,54680,55878,1198,36611220,40,0,0,0,0,0
agentsight,e58fce112c6e,complete,codex:rollout-2026-07-09T19-10-24-019f49ca-54e7-7a91-82e7-a52b53cfd456:2349,codex:rollout-2026-07-09T19-10-24-019f49ca-54e7-7a91-82e7-a52b53cfd456:2352,55878,55881,3,40199,1,0,0,0,0,0
agentsight,e58fce112c6e,complete,codex:rollout-2026-07-09T19-10-24-019f49ca-54e7-7a91-82e7-a52b53cfd456:2352,codex:rollout-2026-07-09T19-10-24-019f49ca-54e7-7a91-82e7-a52b53cfd456:2353,55881,55882,1,7721,1,0,0,0,0,0
agentsight,e58fce112c6e,complete,codex:rollout-2026-07-09T19-10-24-019f49ca-54e7-7a91-82e7-a52b53cfd456:2353,codex:rollout-2026-07-14T14-37-43-019f6290-7a5c-7bc3-96b4-753478e9996b:14,55882,55915,33,124670,4,0,0,2,0,0
agentsight,e58fce112c6e,complete,codex:rollout-2026-07-14T14-37-43-019f6290-7a5c-7bc3-96b4-753478e9996b:14,codex:rollout-2026-07-14T14-37-43-019f6290-7a5c-7bc3-96b4-753478e9996b:15,55915,55916,1,0,1,0,0,0,0,0
agentsight,e58fce112c6e,complete,codex:rollout-2026-07-14T14-37-43-019f6290-7a5c-7bc3-96b4-753478e9996b:15,codex:rollout-2026-07-09T19-10-24-019f49ca-54e7-7a91-82e7-a52b53cfd456:2379,55916,55949,33,143953,4,0,0,0,0,0
agentsight,e58fce112c6e,complete,codex:rollout-2026-07-09T19-10-24-019f49ca-54e7-7a91-82e7-a52b53cfd456:2379,claude:07e432df-c4bc-4ae4-8579-16eca6aa89d7:19,55949,56062,113,724991,5,0,0,0,0,0
agentsight,e58fce112c6e,complete,claude:07e432df-c4bc-4ae4-8579-16eca6aa89d7:19,codex:rollout-2026-07-09T19-10-24-019f49ca-54e7-7a91-82e7-a52b53cfd456:2454,56062,56550,488,33060703,18,0,0,1,0,0
agentsight,e58fce112c6e,complete,codex:rollout-2026-07-09T19-10-24-019f49ca-54e7-7a91-82e7-a52b53cfd456:2454,claude:378f36e6-13b0-454a-9063-6615280ff0a1:26,56550,56650,100,388708,5,0,0,0,0,0
agentsight,e58fce112c6e,complete,claude:378f36e6-13b0-454a-9063-6615280ff0a1:26,claude:378f36e6-13b0-454a-9063-6615280ff0a1:27,56650,56651,1,5688,1,0,0,0,0,0
agentsight,e58fce112c6e,complete,claude:378f36e6-13b0-454a-9063-6615280ff0a1:27,codex:rollout-2026-07-09T19-10-24-019f49ca-54e7-7a91-82e7-a52b53cfd456:2493,56651,56672,21,154133,2,0,0,0,0,0
agentsight,e58fce112c6e,complete,codex:rollout-2026-07-09T19-10-24-019f49ca-54e7-7a91-82e7-a52b53cfd456:2493,codex:rollout-2026-07-09T19-10-24-019f49ca-54e7-7a91-82e7-a52b53cfd456:2574,56672,56766,94,531582,3,0,0,2,0,0
agentsight,e58fce112c6e,complete,codex:rollout-2026-07-09T19-10-24-019f49ca-54e7-7a91-82e7-a52b53cfd456:2574,codex:rollout-2026-07-09T19-10-24-019f49ca-54e7-7a91-82e7-a52b53cfd456:2575,56766,56767,1,199,1,0,0,0,0,0
agentsight,e58fce112c6e,complete,codex:rollout-2026-07-09T19-10-24-019f49ca-54e7-7a91-82e7-a52b53cfd456:2575,codex:rollout-2026-07-09T19-10-24-019f49ca-54e7-7a91-82e7-a52b53cfd456:2578,56767,56770,3,17907,1,0,0,0,0,0
agentsight,e58fce112c6e,complete,codex:rollout-2026-07-09T19-10-24-019f49ca-54e7-7a91-82e7-a52b53cfd456:2578,codex:rollout-2026-07-09T19-10-24-019f49ca-54e7-7a91-82e7-a52b53cfd456:2580,56770,56772,2,13310,1,0,0,0,0,0
agentsight,e58fce112c6e,complete,codex:rollout-2026-07-09T19-10-24-019f49ca-54e7-7a91-82e7-a52b53cfd456:2580,codex:rollout-2026-07-09T19-10-24-019f49ca-54e7-7a91-82e7-a52b53cfd456:2584,56772,56776,4,11302,1,0,0,0,0,0
agentsight,e58fce112c6e,complete,codex:rollout-2026-07-09T19-10-24-019f49ca-54e7-7a91-82e7-a52b53cfd456:2584,codex:rollout-2026-07-09T19-10-24-019f49ca-54e7-7a91-82e7-a52b53cfd456:2585,56776,56777,1,19593,1,0,0,0,0,0
agentsight,e58fce112c6e,complete,codex:rollout-2026-07-09T19-10-24-019f49ca-54e7-7a91-82e7-a52b53cfd456:2585,codex:rollout-2026-07-15T00-25-44-019f64aa-d288-7322-a1a4-c44e8fc4eac1:26,56777,56832,55,202899,4,0,0,3,0,0
agentsight,e58fce112c6e,complete,codex:rollout-2026-07-15T00-25-44-019f64aa-d288-7322-a1a4-c44e8fc4eac1:26,codex:rollout-2026-07-15T00-25-44-019f64aa-d288-7322-a1a4-c44e8fc4eac1:27,56832,56833,1,12,1,0,0,0,0,0
agentsight,e58fce112c6e,complete,codex:rollout-2026-07-15T00-25-44-019f64aa-d288-7322-a1a4-c44e8fc4eac1:27,codex:rollout-2026-07-15T00-25-44-019f64aa-d288-7322-a1a4-c44e8fc4eac1:28,56833,56834,1,30,1,0,0,0,0,0
agentsight,e58fce112c6e,complete,codex:rollout-2026-07-15T00-25-44-019f64aa-d288-7322-a1a4-c44e8fc4eac1:28,codex:rollout-2026-07-15T00-25-44-019f64aa-d288-7322-a1a4-c44e8fc4eac1:29,56834,56836,2,5891,2,0,0,0,0,0
agentsight,e58fce112c6e,complete,codex:rollout-2026-07-15T00-25-44-019f64aa-d288-7322-a1a4-c44e8fc4eac1:29,codex:rollout-2026-07-15T00-25-44-019f64aa-d288-7322-a1a4-c44e8fc4eac1:30,56836,56837,1,2,1,0,0,0,0,0
agentsight,e58fce112c6e,complete,codex:rollout-2026-07-15T00-25-44-019f64aa-d288-7322-a1a4-c44e8fc4eac1:30,codex:rollout-2026-07-15T00-25-44-019f64aa-d288-7322-a1a4-c44e8fc4eac1:32,56837,56839,2,5494,1,0,0,0,0,0
agentsight,e58fce112c6e,complete,codex:rollout-2026-07-15T00-25-44-019f64aa-d288-7322-a1a4-c44e8fc4eac1:32,codex:rollout-2026-07-09T19-10-24-019f49ca-54e7-7a91-82e7-a52b53cfd456:2619,56839,56901,62,230037,6,0,0,0,0,0
agentsight,e58fce112c6e,complete,codex:rollout-2026-07-09T19-10-24-019f49ca-54e7-7a91-82e7-a52b53cfd456:2619,codex:rollout-2026-07-09T19-10-24-019f49ca-54e7-7a91-82e7-a52b53cfd456:2620,56901,56902,1,78,1,0,0,0,0,0
agentsight,e58fce112c6e,complete,codex:rollout-2026-07-09T19-10-24-019f49ca-54e7-7a91-82e7-a52b53cfd456:2620,codex:rollout-2026-07-09T19-10-24-019f49ca-54e7-7a91-82e7-a52b53cfd456:2625,56902,56909,7,39096,3,0,0,0,0,0
agentsight,e58fce112c6e,complete,codex:rollout-2026-07-09T19-10-24-019f49ca-54e7-7a91-82e7-a52b53cfd456:2625,codex:rollout-2026-07-09T19-10-24-019f49ca-54e7-7a91-82e7-a52b53cfd456:2626,56909,56910,1,48,1,0,0,0,0,0
agentsight,e58fce112c6e,complete,codex:rollout-2026-07-09T19-10-24-019f49ca-54e7-7a91-82e7-a52b53cfd456:2626,codex:rollout-2026-07-15T00-32-43-019f64b1-36a8-78f0-b0f0-ca53016a888e:30,56910,56960,50,155159,5,0,0,0,0,0
agentsight,e58fce112c6e,complete,codex:rollout-2026-07-15T00-32-43-019f64b1-36a8-78f0-b0f0-ca53016a888e:30,codex:rollout-2026-07-15T00-32-43-019f64b1-36a8-78f0-b0f0-ca53016a888e:31,56960,56961,1,0,1,0,0,0,0,0
agentsight,e58fce112c6e,complete,codex:rollout-2026-07-15T00-32-43-019f64b1-36a8-78f0-b0f0-ca53016a888e:31,codex:rollout-2026-07-15T00-32-43-019f64b1-36a8-78f0-b0f0-ca53016a888e:32,56961,56962,1,30,1,0,0,0,0,0
agentsight,e58fce112c6e,complete,codex:rollout-2026-07-15T00-32-43-019f64b1-36a8-78f0-b0f0-ca53016a888e:32,codex:rollout-2026-07-15T00-32-43-019f64b1-36a8-78f0-b0f0-ca53016a888e:38,56962,56968,6,20830,1,0,0,0,0,0
agentsight,e58fce112c6e,complete,codex:rollout-2026-07-15T00-32-43-019f64b1-36a8-78f0-b0f0-ca53016a888e:38,codex:rollout-2026-07-15T00-32-43-019f64b1-36a8-78f0-b0f0-ca53016a888e:40,56968,56970,2,8060,1,0,0,1,0,0
agentsight,e58fce112c6e,complete,codex:rollout-2026-07-15T00-32-43-019f64b1-36a8-78f0-b0f0-ca53016a888e:40,codex:rollout-2026-07-15T00-32-43-019f64b1-36a8-78f0-b0f0-ca53016a888e:41,56970,56971,1,15,1,0,0,0,0,0
agentsight,e58fce112c6e,complete,codex:rollout-2026-07-15T00-32-43-019f64b1-36a8-78f0-b0f0-ca53016a888e:41,codex:rollout-2026-07-15T00-32-43-019f64b1-36a8-78f0-b0f0-ca53016a888e:42,56971,56972,1,0,1,0,0,0,0,0
agentsight,e58fce112c6e,complete,codex:rollout-2026-07-15T00-32-43-019f64b1-36a8-78f0-b0f0-ca53016a888e:42,codex:rollout-2026-07-09T19-10-24-019f49ca-54e7-7a91-82e7-a52b53cfd456:2672,56972,57035,63,422880,5,0,0,0,0,0
agentsight,e58fce112c6e,complete,codex:rollout-2026-07-09T19-10-24-019f49ca-54e7-7a91-82e7-a52b53cfd456:2672,codex:rollout-2026-07-09T19-10-24-019f49ca-54e7-7a91-82e7-a52b53cfd456:2673,57035,57036,1,0,1,0,0,0,0,0
agentsight,e58fce112c6e,complete,codex:rollout-2026-07-09T19-10-24-019f49ca-54e7-7a91-82e7-a52b53cfd456:2673,codex:rollout-2026-07-09T19-10-24-019f49ca-54e7-7a91-82e7-a52b53cfd456:2674,57036,57037,1,63,1,0,0,0,0,0
agentsight,e58fce112c6e,complete,codex:rollout-2026-07-09T19-10-24-019f49ca-54e7-7a91-82e7-a52b53cfd456:2674,codex:rollout-2026-07-09T19-10-24-019f49ca-54e7-7a91-82e7-a52b53cfd456:2675,57037,57039,2,16888,2,0,0,0,0,0
agentsight,e58fce112c6e,complete,codex:rollout-2026-07-09T19-10-24-019f49ca-54e7-7a91-82e7-a52b53cfd456:2675,codex:rollout-2026-07-15T00-43-51-019f64bb-6848-7063-8dc2-902d90d52f20:23,57039,57085,46,171520,4,0,0,0,0,0
agentsight,e58fce112c6e,complete,codex:rollout-2026-07-15T00-43-51-019f64bb-6848-7063-8dc2-902d90d52f20:23,codex:rollout-2026-07-15T00-43-51-019f64bb-6848-7063-8dc2-902d90d52f20:24,57085,57086,1,5,1,0,0,0,0,0
agentsight,e58fce112c6e,complete,codex:rollout-2026-07-15T00-43-51-019f64bb-6848-7063-8dc2-902d90d52f20:24,codex:rollout-2026-07-15T00-43-51-019f64bb-6848-7063-8dc2-902d90d52f20:25,57086,57087,1,48,1,0,0,0,0,0
agentsight,e58fce112c6e,complete,codex:rollout-2026-07-15T00-43-51-019f64bb-6848-7063-8dc2-902d90d52f20:25,codex:rollout-2026-07-09T19-10-24-019f49ca-54e7-7a91-82e7-a52b53cfd456:2691,57087,57102,15,71810,4,0,0,0,0,0
agentsight,e58fce112c6e,complete,codex:rollout-2026-07-09T19-10-24-019f49ca-54e7-7a91-82e7-a52b53cfd456:2691,claude:9904e362-1f91-4170-8bf4-ea0e83fd7949:11,57102,57108,6,15480,2,0,0,0,0,0
agentsight,e58fce112c6e,complete,claude:9904e362-1f91-4170-8bf4-ea0e83fd7949:11,claude:9904e362-1f91-4170-8bf4-ea0e83fd7949:12,57108,57109,1,6048,1,0,0,0,0,0
agentsight,e58fce112c6e,complete,claude:9904e362-1f91-4170-8bf4-ea0e83fd7949:12,claude:9904e362-1f91-4170-8bf4-ea0e83fd7949:13,57109,57111,2,26189,2,0,0,0,0,0
agentsight,e58fce112c6e,complete,claude:9904e362-1f91-4170-8bf4-ea0e83fd7949:13,codex:rollout-2026-07-09T19-10-24-019f49ca-54e7-7a91-82e7-a52b53cfd456:2698,57111,57117,6,33582,2,0,0,0,0,0
agentsight,e58fce112c6e,complete,codex:rollout-2026-07-09T19-10-24-019f49ca-54e7-7a91-82e7-a52b53cfd456:2698,codex:rollout-2026-07-15T00-48-02-019f64bf-3c07-7f23-99ea-e2a219a56ee3:9,57117,57138,21,81182,4,0,0,0,0,0
agentsight,e58fce112c6e,complete,codex:rollout-2026-07-15T00-48-02-019f64bf-3c07-7f23-99ea-e2a219a56ee3:9,codex:rollout-2026-07-09T19-10-24-019f49ca-54e7-7a91-82e7-a52b53cfd456:2760,57138,57220,82,528128,3,0,0,2,0,0
agentsight,e58fce112c6e,complete,codex:rollout-2026-07-09T19-10-24-019f49ca-54e7-7a91-82e7-a52b53cfd456:2760,codex:rollout-2026-07-09T19-10-24-019f49ca-54e7-7a91-82e7-a52b53cfd456:2761,57220,57221,1,0,1,0,0,0,0,0
agentsight,e58fce112c6e,complete,codex:rollout-2026-07-09T19-10-24-019f49ca-54e7-7a91-82e7-a52b53cfd456:2761,codex:rollout-2026-07-09T19-10-24-019f49ca-54e7-7a91-82e7-a52b53cfd456:2762,57221,57222,1,1,1,0,0,0,0,0
agentsight,e58fce112c6e,complete,codex:rollout-2026-07-09T19-10-24-019f49ca-54e7-7a91-82e7-a52b53cfd456:2762,codex:rollout-2026-07-09T19-10-24-019f49ca-54e7-7a91-82e7-a52b53cfd456:2763,57222,57223,1,35,1,0,0,0,0,0
agentsight,e58fce112c6e,complete,codex:rollout-2026-07-09T19-10-24-019f49ca-54e7-7a91-82e7-a52b53cfd456:2763,codex:rollout-2026-07-09T19-10-24-019f49ca-54e7-7a91-82e7-a52b53cfd456:2775,57223,57238,15,63615,2,0,0,0,0,0
agentsight,e58fce112c6e,complete,codex:rollout-2026-07-09T19-10-24-019f49ca-54e7-7a91-82e7-a52b53cfd456:2775,codex:rollout-2026-07-09T19-10-24-019f49ca-54e7-7a91-82e7-a52b53cfd456:2788,57238,57255,17,114110,2,0,0,2,0,0
agentsight,e58fce112c6e,complete,codex:rollout-2026-07-09T19-10-24-019f49ca-54e7-7a91-82e7-a52b53cfd456:2788,codex:rollout-2026-07-09T19-10-24-019f49ca-54e7-7a91-82e7-a52b53cfd456:2789,57255,57256,1,0,1,0,0,0,0,0
agentsight,e58fce112c6e,complete,codex:rollout-2026-07-09T19-10-24-019f49ca-54e7-7a91-82e7-a52b53cfd456:2789,codex:rollout-2026-07-09T19-10-24-019f49ca-54e7-7a91-82e7-a52b53cfd456:2793,57256,57261,5,22675,2,0,0,0,0,0
agentsight,e58fce112c6e,complete,codex:rollout-2026-07-09T19-10-24-019f49ca-54e7-7a91-82e7-a52b53cfd456:2793,codex:rollout-2026-07-15T01-01-59-019f64cc-0323-7512-8494-30dd92d6553c:14,57261,57308,47,121908,4,0,0,0,0,0
agentsight,e58fce112c6e,complete,codex:rollout-2026-07-15T01-01-59-019f64cc-0323-7512-8494-30dd92d6553c:14,codex:rollout-2026-07-15T01-01-59-019f64cc-0323-7512-8494-30dd92d6553c:15,57308,57309,1,2,1,0,0,0,0,0
agentsight,e58fce112c6e,complete,codex:rollout-2026-07-15T01-01-59-019f64cc-0323-7512-8494-30dd92d6553c:15,codex:rollout-2026-07-09T19-10-24-019f49ca-54e7-7a91-82e7-a52b53cfd456:2824,57309,57322,13,26854,3,0,0,0,0,0
agentsight,e58fce112c6e,complete,codex:rollout-2026-07-09T19-10-24-019f49ca-54e7-7a91-82e7-a52b53cfd456:2824,codex:rollout-2026-07-09T19-10-24-019f49ca-54e7-7a91-82e7-a52b53cfd456:2835,57322,57335,13,42489,2,0,0,0,0,0
agentsight,e58fce112c6e,complete,codex:rollout-2026-07-09T19-10-24-019f49ca-54e7-7a91-82e7-a52b53cfd456:2835,codex:rollout-2026-07-09T19-10-24-019f49ca-54e7-7a91-82e7-a52b53cfd456:2836,57335,57336,1,0,1,0,0,0,0,0
agentsight,e58fce112c6e,complete,codex:rollout-2026-07-09T19-10-24-019f49ca-54e7-7a91-82e7-a52b53cfd456:2836,codex:rollout-2026-07-15T01-01-59-019f64cc-0323-7512-8494-30dd92d6553c:28,57336,57362,26,55262,3,0,0,0,0,0
agentsight,e58fce112c6e,complete,codex:rollout-2026-07-15T01-01-59-019f64cc-0323-7512-8494-30dd92d6553c:28,codex:rollout-2026-07-15T01-01-59-019f64cc-0323-7512-8494-30dd92d6553c:29,57362,57363,1,3,1,0,0,0,0,0
agentsight,e58fce112c6e,complete,codex:rollout-2026-07-15T01-01-59-019f64cc-0323-7512-8494-30dd92d6553c:29,claude:16e1e6d7-5369-4a5f-b83a-34f0cf1c11b2:18,57363,57366,3,3754,2,0,0,0,0,0
agentsight,e58fce112c6e,complete,claude:16e1e6d7-5369-4a5f-b83a-34f0cf1c11b2:18,codex:rollout-2026-07-09T19-10-24-019f49ca-54e7-7a91-82e7-a52b53cfd456:2866,57366,57397,31,183371,3,2,2,0,0,0
agentsight,e58fce112c6e,complete,codex:rollout-2026-07-09T19-10-24-019f49ca-54e7-7a91-82e7-a52b53cfd456:2866,codex:rollout-2026-07-09T19-10-24-019f49ca-54e7-7a91-82e7-a52b53cfd456:2885,57397,57469,72,240922,5,0,0,0,0,0
agentsight,e58fce112c6e,complete,codex:rollout-2026-07-09T19-10-24-019f49ca-54e7-7a91-82e7-a52b53cfd456:2885,codex:rollout-2026-07-09T19-10-24-019f49ca-54e7-7a91-82e7-a52b53cfd456:2889,57469,57476,7,10718,2,0,0,1,0,0
agentsight,e58fce112c6e,complete,codex:rollout-2026-07-09T19-10-24-019f49ca-54e7-7a91-82e7-a52b53cfd456:2889,codex:rollout-2026-07-09T19-10-24-019f49ca-54e7-7a91-82e7-a52b53cfd456:2893,57476,57482,6,6944,2,0,0,0,0,0
agentsight,e58fce112c6e,complete,codex:rollout-2026-07-09T19-10-24-019f49ca-54e7-7a91-82e7-a52b53cfd456:2893,codex:rollout-2026-07-15T01-01-59-019f64cc-0323-7512-8494-30dd92d6553c:58,57482,57500,18,46677,5,0,0,0,0,0
agentsight,e58fce112c6e,complete,codex:rollout-2026-07-15T01-01-59-019f64cc-0323-7512-8494-30dd92d6553c:58,codex:rollout-2026-07-15T01-01-59-019f64cc-0323-7512-8494-30dd92d6553c:59,57500,57501,1,0,1,0,0,0,0,0
agentsight,e58fce112c6e,complete,codex:rollout-2026-07-15T01-01-59-019f64cc-0323-7512-8494-30dd92d6553c:59,claude:163580a6-3ea4-4286-b63b-56f10b055491:16,57501,57523,22,100489,5,0,0,0,0,0
agentsight,e58fce112c6e,complete,claude:163580a6-3ea4-4286-b63b-56f10b055491:16,claude:163580a6-3ea4-4286-b63b-56f10b055491:17,57523,57524,1,8973,1,0,0,0,0,0
agentsight,e58fce112c6e,complete,claude:163580a6-3ea4-4286-b63b-56f10b055491:17,claude:163580a6-3ea4-4286-b63b-56f10b055491:18,57524,57525,1,6207,1,0,0,0,0,0
agentsight,e58fce112c6e,complete,claude:163580a6-3ea4-4286-b63b-56f10b055491:18,claude:1323a56d-510e-4e16-9df3-fcaf2b66d1d7:20,57525,57572,47,1311674,6,0,0,0,0,0
agentsight,e58fce112c6e,complete,claude:1323a56d-510e-4e16-9df3-fcaf2b66d1d7:20,claude:1323a56d-510e-4e16-9df3-fcaf2b66d1d7:24,57572,57578,6,21900,2,0,0,0,0,0
agentsight,e58fce112c6e,complete,claude:1323a56d-510e-4e16-9df3-fcaf2b66d1d7:24,codex:rollout-2026-07-09T19-10-24-019f49ca-54e7-7a91-82e7-a52b53cfd456:2952,57578,57634,56,291008,3,0,0,3,0,0
agentsight,e58fce112c6e,complete,codex:rollout-2026-07-09T19-10-24-019f49ca-54e7-7a91-82e7-a52b53cfd456:2952,codex:rollout-2026-07-09T19-10-24-019f49ca-54e7-7a91-82e7-a52b53cfd456:2953,57634,57635,1,40,1,0,0,0,0,0
agentsight,e58fce112c6e,complete,codex:rollout-2026-07-09T19-10-24-019f49ca-54e7-7a91-82e7-a52b53cfd456:2953,codex:rollout-2026-07-09T19-10-24-019f49ca-54e7-7a91-82e7-a52b53cfd456:2962,57635,57649,14,81352,4,0,0,1,0,0
agentsight,e58fce112c6e,complete,codex:rollout-2026-07-09T19-10-24-019f49ca-54e7-7a91-82e7-a52b53cfd456:2962,codex:rollout-2026-07-09T19-10-24-019f49ca-54e7-7a91-82e7-a52b53cfd456:2963,57649,57650,1,0,1,0,0,0,0,0
agentsight,e58fce112c6e,complete,codex:rollout-2026-07-09T19-10-24-019f49ca-54e7-7a91-82e7-a52b53cfd456:2963,codex:rollout-2026-07-09T19-10-24-019f49ca-54e7-7a91-82e7-a52b53cfd456:2968,57650,57664,14,26301,6,0,0,0,0,0
agentsight,e58fce112c6e,complete,codex:rollout-2026-07-09T19-10-24-019f49ca-54e7-7a91-82e7-a52b53cfd456:2968,codex:rollout-2026-07-09T19-10-24-019f49ca-54e7-7a91-82e7-a52b53cfd456:2969,57664,57665,1,5,1,0,0,0,0,0
agentsight,e58fce112c6e,complete,codex:rollout-2026-07-09T19-10-24-019f49ca-54e7-7a91-82e7-a52b53cfd456:2969,codex:rollout-2026-07-09T19-10-24-019f49ca-54e7-7a91-82e7-a52b53cfd456:2973,57665,57680,15,16587,7,0,0,0,0,0
agentsight,e58fce112c6e,complete,codex:rollout-2026-07-09T19-10-24-019f49ca-54e7-7a91-82e7-a52b53cfd456:2973,codex:rollout-2026-07-09T19-10-24-019f49ca-54e7-7a91-82e7-a52b53cfd456:2976,57680,57718,38,25925,10,0,0,0,0,0
agentsight,e58fce112c6e,complete,codex:rollout-2026-07-09T19-10-24-019f49ca-54e7-7a91-82e7-a52b53cfd456:2976,codex:rollout-2026-07-09T19-10-24-019f49ca-54e7-7a91-82e7-a52b53cfd456:2977,57718,57719,1,23,1,0,0,0,0,0
agentsight,e58fce112c6e,complete,codex:rollout-2026-07-09T19-10-24-019f49ca-54e7-7a91-82e7-a52b53cfd456:2977,codex:rollout-2026-07-09T19-10-24-019f49ca-54e7-7a91-82e7-a52b53cfd456:2979,57719,57736,17,12344,7,0,0,0,0,0
agentsight,e58fce112c6e,complete,codex:rollout-2026-07-09T19-10-24-019f49ca-54e7-7a91-82e7-a52b53cfd456:2979,codex:rollout-2026-07-15T01-45-44-019f64f4-0fc8-7092-b6bc-3fa1242ce75e:28,57736,57928,192,144795,20,0,0,1,0,0
agentsight,e58fce112c6e,complete,codex:rollout-2026-07-15T01-45-44-019f64f4-0fc8-7092-b6bc-3fa1242ce75e:28,codex:rollout-2026-07-15T01-45-44-019f64f4-0fc8-7092-b6bc-3fa1242ce75e:29,57928,57929,1,9320,1,0,0,0,0,0
agentsight,e58fce112c6e,complete,codex:rollout-2026-07-15T01-45-44-019f64f4-0fc8-7092-b6bc-3fa1242ce75e:29,codex:rollout-2026-07-09T19-10-24-019f49ca-54e7-7a91-82e7-a52b53cfd456:3020,57929,57986,57,319325,5,2,2,0,0,0
agentsight,e58fce112c6e,complete,codex:rollout-2026-07-09T19-10-24-019f49ca-54e7-7a91-82e7-a52b53cfd456:3020,codex:rollout-2026-07-09T19-10-24-019f49ca-54e7-7a91-82e7-a52b53cfd456:3022,57986,57988,2,10288,1,0,0,0,0,0
agentsight,e58fce112c6e,complete,codex:rollout-2026-07-09T19-10-24-019f49ca-54e7-7a91-82e7-a52b53cfd456:3022,codex:rollout-2026-07-09T19-10-24-019f49ca-54e7-7a91-82e7-a52b53cfd456:3024,57988,57991,3,15331,2,0,0,0,0,0
agentsight,e58fce112c6e,complete,codex:rollout-2026-07-09T19-10-24-019f49ca-54e7-7a91-82e7-a52b53cfd456:3024,codex:rollout-2026-07-09T19-10-24-019f49ca-54e7-7a91-82e7-a52b53cfd456:3039,57991,58013,22,61914,3,0,0,0,0,0
agentsight,e58fce112c6e,complete,codex:rollout-2026-07-09T19-10-24-019f49ca-54e7-7a91-82e7-a52b53cfd456:3039,codex:rollout-2026-07-09T19-10-24-019f49ca-54e7-7a91-82e7-a52b53cfd456:3040,58013,58014,1,1,1,0,0,0,0,0
agentsight,e58fce112c6e,complete,codex:rollout-2026-07-09T19-10-24-019f49ca-54e7-7a91-82e7-a52b53cfd456:3040,codex:rollout-2026-07-09T19-10-24-019f49ca-54e7-7a91-82e7-a52b53cfd456:3043,58014,58019,5,12039,3,0,0,0,0,0
agentsight,e58fce112c6e,complete,codex:rollout-2026-07-09T19-10-24-019f49ca-54e7-7a91-82e7-a52b53cfd456:3043,codex:rollout-2026-07-15T02-04-59-019f6505-b217-73a1-9ddb-0e472b35e87b:13,58019,58214,195,690689,9,1,1,1,0,0
agentsight,e58fce112c6e,complete,codex:rollout-2026-07-15T02-04-59-019f6505-b217-73a1-9ddb-0e472b35e87b:13,codex:rollout-2026-07-15T02-04-59-019f6505-b217-73a1-9ddb-0e472b35e87b:14,58214,58215,1,0,1,0,0,0,0,0
agentsight,e58fce112c6e,complete,codex:rollout-2026-07-15T02-04-59-019f6505-b217-73a1-9ddb-0e472b35e87b:14,codex:rollout-2026-07-15T02-04-59-019f6505-b217-73a1-9ddb-0e472b35e87b:17,58215,58218,3,5400,1,0,0,0,0,0
agentsight,e58fce112c6e,complete,codex:rollout-2026-07-15T02-04-59-019f6505-b217-73a1-9ddb-0e472b35e87b:17,codex:rollout-2026-07-09T19-10-24-019f49ca-54e7-7a91-82e7-a52b53cfd456:3217,58218,58671,453,6688561,22,0,0,2,0,0
agentsight,e58fce112c6e,complete,codex:rollout-2026-07-09T19-10-24-019f49ca-54e7-7a91-82e7-a52b53cfd456:3217,codex:rollout-2026-07-09T19-10-24-019f49ca-54e7-7a91-82e7-a52b53cfd456:3224,58671,58680,9,59678,3,0,0,0,0,0
agentsight,e58fce112c6e,complete,codex:rollout-2026-07-09T19-10-24-019f49ca-54e7-7a91-82e7-a52b53cfd456:3224,codex:rollout-2026-07-09T19-10-24-019f49ca-54e7-7a91-82e7-a52b53cfd456:3235,58680,58694,14,72137,2,0,0,1,0,0
agentsight,e58fce112c6e,complete,codex:rollout-2026-07-09T19-10-24-019f49ca-54e7-7a91-82e7-a52b53cfd456:3235,codex:rollout-2026-07-09T19-10-24-019f49ca-54e7-7a91-82e7-a52b53cfd456:3236,58694,58695,1,0,1,0,0,0,0,0
agentsight,e58fce112c6e,complete,codex:rollout-2026-07-09T19-10-24-019f49ca-54e7-7a91-82e7-a52b53cfd456:3236,codex:rollout-2026-07-15T04-00-59-019f656f-e20e-7d22-aa3d-dd9c22873074:20,58695,58743,48,124107,5,0,0,0,0,0
agentsight,e58fce112c6e,complete,codex:rollout-2026-07-15T04-00-59-019f656f-e20e-7d22-aa3d-dd9c22873074:20,codex:rollout-2026-07-15T04-00-59-019f656f-e20e-7d22-aa3d-dd9c22873074:26,58743,58749,6,13091,1,0,0,2,0,0
agentsight,e58fce112c6e,complete,codex:rollout-2026-07-15T04-00-59-019f656f-e20e-7d22-aa3d-dd9c22873074:26,codex:rollout-2026-07-15T04-00-59-019f656f-e20e-7d22-aa3d-dd9c22873074:27,58749,58750,1,24,1,0,0,0,0,0
agentsight,e58fce112c6e,complete,codex:rollout-2026-07-15T04-00-59-019f656f-e20e-7d22-aa3d-dd9c22873074:27,codex:rollout-2026-07-15T04-00-59-019f656f-e20e-7d22-aa3d-dd9c22873074:28,58750,58751,1,27,1,0,0,0,0,0
agentsight,e58fce112c6e,complete,codex:rollout-2026-07-15T04-00-59-019f656f-e20e-7d22-aa3d-dd9c22873074:28,codex:rollout-2026-07-15T04-00-59-019f656f-e20e-7d22-aa3d-dd9c22873074:30,58751,58754,3,15495,2,0,0,0,0,0
agentsight,e58fce112c6e,complete,codex:rollout-2026-07-15T04-00-59-019f656f-e20e-7d22-aa3d-dd9c22873074:30,codex:rollout-2026-07-15T04-00-59-019f656f-e20e-7d22-aa3d-dd9c22873074:31,58754,58755,1,1,1,0,0,0,0,0
agentsight,e58fce112c6e,complete,codex:rollout-2026-07-15T04-00-59-019f656f-e20e-7d22-aa3d-dd9c22873074:31,codex:rollout-2026-07-15T04-00-59-019f656f-e20e-7d22-aa3d-dd9c22873074:32,58755,58758,3,6453,3,0,0,0,0,0
agentsight,e58fce112c6e,complete,codex:rollout-2026-07-15T04-00-59-019f656f-e20e-7d22-aa3d-dd9c22873074:32,claude:8dd8ee29-df71-4b85-a0b7-5e1b86d4bbcd:10,58758,58768,10,64394,3,0,0,0,0,0
agentsight,e58fce112c6e,complete,claude:8dd8ee29-df71-4b85-a0b7-5e1b86d4bbcd:10,codex:rollout-2026-07-15T04-15-48-019f657d-756c-77e2-b1c1-8dfabaa8325e:38,58768,58963,195,848782,7,0,0,6,0,0
agentsight,e58fce112c6e,complete,codex:rollout-2026-07-15T04-15-48-019f657d-756c-77e2-b1c1-8dfabaa8325e:38,codex:rollout-2026-07-15T04-15-48-019f657d-756c-77e2-b1c1-8dfabaa8325e:39,58963,58964,1,1,1,0,0,0,0,0
agentsight,e58fce112c6e,complete,codex:rollout-2026-07-15T04-15-48-019f657d-756c-77e2-b1c1-8dfabaa8325e:39,codex:rollout-2026-07-15T04-15-48-019f657d-756c-77e2-b1c1-8dfabaa8325e:40,58964,58965,1,49,1,0,0,0,0,0
agentsight,e58fce112c6e,complete,codex:rollout-2026-07-15T04-15-48-019f657d-756c-77e2-b1c1-8dfabaa8325e:40,claude:94c52fd5-5a57-4584-bf83-a78b4d22068f:15,58965,58991,26,97749,4,0,0,0,0,0
agentsight,e58fce112c6e,complete,claude:94c52fd5-5a57-4584-bf83-a78b4d22068f:15,claude:94c52fd5-5a57-4584-bf83-a78b4d22068f:16,58991,58992,1,4923,1,0,0,0,0,0
agentsight,e58fce112c6e,complete,claude:94c52fd5-5a57-4584-bf83-a78b4d22068f:16,claude:deadb9dc-0247-4eb1-a26e-dcf1d5b19f04:10,58992,59062,70,265286,6,0,0,0,0,0
agentsight,e58fce112c6e,complete,claude:deadb9dc-0247-4eb1-a26e-dcf1d5b19f04:10,claude:deadb9dc-0247-4eb1-a26e-dcf1d5b19f04:13,59062,59066,4,17447,2,0,0,0,0,0
agentsight,e58fce112c6e,complete,claude:deadb9dc-0247-4eb1-a26e-dcf1d5b19f04:13,codex:rollout-2026-07-15T04-15-48-019f657d-756c-77e2-b1c1-8dfabaa8325e:74,59066,59144,78,272540,6,0,0,0,0,0
agentsight,e58fce112c6e,complete,codex:rollout-2026-07-15T04-15-48-019f657d-756c-77e2-b1c1-8dfabaa8325e:74,codex:rollout-2026-07-15T04-15-48-019f657d-756c-77e2-b1c1-8dfabaa8325e:75,59144,59145,1,24,1,0,0,0,0,0
agentsight,e58fce112c6e,complete,codex:rollout-2026-07-15T04-15-48-019f657d-756c-77e2-b1c1-8dfabaa8325e:75,codex:rollout-2026-07-15T04-15-48-019f657d-756c-77e2-b1c1-8dfabaa8325e:76,59145,59146,1,2,1,0,0,0,0,0
agentsight,e58fce112c6e,complete,codex:rollout-2026-07-15T04-15-48-019f657d-756c-77e2-b1c1-8dfabaa8325e:76,claude:cc380ed1-7def-420b-957a-c8d36a2ea865:19,59146,59179,33,148309,5,0,0,0,0,0
agentsight,e58fce112c6e,complete,claude:cc380ed1-7def-420b-957a-c8d36a2ea865:19,claude:cc380ed1-7def-420b-957a-c8d36a2ea865:21,59179,59181,2,7862,1,0,0,0,0,0
agentsight,e58fce112c6e,complete,claude:cc380ed1-7def-420b-957a-c8d36a2ea865:21,claude:d38b4cbd-c273-4461-8cc8-dd848d07a0db:23,59181,59253,72,300968,6,1,1,0,0,0
agentsight,e58fce112c6e,complete,claude:d38b4cbd-c273-4461-8cc8-dd848d07a0db:23,claude:d38b4cbd-c273-4461-8cc8-dd848d07a0db:25,59253,59255,2,9595,1,0,0,0,0,0
agentsight,e58fce112c6e,complete,claude:d38b4cbd-c273-4461-8cc8-dd848d07a0db:25,codex:rollout-2026-07-15T04-15-48-019f657d-756c-77e2-b1c1-8dfabaa8325e:100,59255,59297,42,243537,6,0,0,0,0,0
agentsight,e58fce112c6e,complete,codex:rollout-2026-07-15T04-15-48-019f657d-756c-77e2-b1c1-8dfabaa8325e:100,codex:rollout-2026-07-15T04-15-48-019f657d-756c-77e2-b1c1-8dfabaa8325e:98,59297,59298,1,0,1,0,0,0,0,0
agentsight,e58fce112c6e,complete,codex:rollout-2026-07-15T04-15-48-019f657d-756c-77e2-b1c1-8dfabaa8325e:98,codex:rollout-2026-07-15T04-15-48-019f657d-756c-77e2-b1c1-8dfabaa8325e:99,59298,59299,1,0,1,0,0,0,0,0
agentsight,e58fce112c6e,complete,codex:rollout-2026-07-15T04-15-48-019f657d-756c-77e2-b1c1-8dfabaa8325e:99,claude:8cd015b8-f383-4912-9244-bd2abb108091:14,59299,59331,32,115752,5,0,0,0,0,0
agentsight,e58fce112c6e,complete,claude:8cd015b8-f383-4912-9244-bd2abb108091:14,codex:rollout-2026-07-09T19-10-24-019f49ca-54e7-7a91-82e7-a52b53cfd456:3522,59331,59432,101,551936,5,0,0,0,0,0
agentsight,e58fce112c6e,complete,codex:rollout-2026-07-09T19-10-24-019f49ca-54e7-7a91-82e7-a52b53cfd456:3522,codex:rollout-2026-07-09T19-10-24-019f49ca-54e7-7a91-82e7-a52b53cfd456:3542,59432,59456,24,118711,2,0,0,0,0,0
agentsight,e58fce112c6e,complete,codex:rollout-2026-07-09T19-10-24-019f49ca-54e7-7a91-82e7-a52b53cfd456:3542,codex:rollout-2026-07-09T19-10-24-019f49ca-54e7-7a91-82e7-a52b53cfd456:3543,59456,59457,1,1,1,0,0,0,0,0
agentsight,e58fce112c6e,complete,codex:rollout-2026-07-09T19-10-24-019f49ca-54e7-7a91-82e7-a52b53cfd456:3543,codex:rollout-2026-07-09T19-10-24-019f49ca-54e7-7a91-82e7-a52b53cfd456:3544,59457,59458,1,64,1,0,0,0,0,0
agentsight,e58fce112c6e,complete,codex:rollout-2026-07-09T19-10-24-019f49ca-54e7-7a91-82e7-a52b53cfd456:3544,codex:rollout-2026-07-09T19-10-24-019f49ca-54e7-7a91-82e7-a52b53cfd456:3545,59458,59459,1,12175,1,0,0,0,0,0
agentsight,e58fce112c6e,complete,codex:rollout-2026-07-09T19-10-24-019f49ca-54e7-7a91-82e7-a52b53cfd456:3545,codex:rollout-2026-07-09T19-10-24-019f49ca-54e7-7a91-82e7-a52b53cfd456:3555,59459,59470,11,29329,2,0,0,0,0,0
agentsight,e58fce112c6e,complete,codex:rollout-2026-07-09T19-10-24-019f49ca-54e7-7a91-82e7-a52b53cfd456:3555,codex:rollout-2026-07-09T19-10-24-019f49ca-54e7-7a91-82e7-a52b53cfd456:3556,59470,59471,1,1,1,0,0,0,0,0
agentsight,e58fce112c6e,complete,codex:rollout-2026-07-09T19-10-24-019f49ca-54e7-7a91-82e7-a52b53cfd456:3556,codex:rollout-2026-07-15T04-55-02-019f65a1-610f-7251-bd5e-ea8c3b91bfcd:18,59471,59514,43,110835,4,0,0,0,0,0
agentsight,e58fce112c6e,complete,codex:rollout-2026-07-15T04-55-02-019f65a1-610f-7251-bd5e-ea8c3b91bfcd:18,codex:rollout-2026-07-15T04-55-02-019f65a1-610f-7251-bd5e-ea8c3b91bfcd:19,59514,59515,1,24,1,0,0,0,0,0
agentsight,e58fce112c6e,complete,codex:rollout-2026-07-15T04-55-02-019f65a1-610f-7251-bd5e-ea8c3b91bfcd:19,codex:rollout-2026-07-15T04-55-02-019f65a1-610f-7251-bd5e-ea8c3b91bfcd:22,59515,59520,5,9687,2,0,0,0,0,0
agentsight,e58fce112c6e,complete,codex:rollout-2026-07-15T04-55-02-019f65a1-610f-7251-bd5e-ea8c3b91bfcd:22,claude:137cb0e6-113b-48ff-a38b-1c9458d064d8:11,59520,59544,24,27256,6,0,0,0,0,0
agentsight,e58fce112c6e,complete,claude:137cb0e6-113b-48ff-a38b-1c9458d064d8:11,claude:137cb0e6-113b-48ff-a38b-1c9458d064d8:12,59544,59545,1,4935,1,0,0,0,0,0
agentsight,e58fce112c6e,complete,claude:137cb0e6-113b-48ff-a38b-1c9458d064d8:12,codex:rollout-2026-07-09T19-10-24-019f49ca-54e7-7a91-82e7-a52b53cfd456:3827,59545,60137,592,2448210,18,0,0,4,0,0
agentsight,e58fce112c6e,complete,codex:rollout-2026-07-09T19-10-24-019f49ca-54e7-7a91-82e7-a52b53cfd456:3827,codex:rollout-2026-07-09T19-10-24-019f49ca-54e7-7a91-82e7-a52b53cfd456:3828,60137,60138,1,0,1,0,0,0,0,0
agentsight,e58fce112c6e,complete,codex:rollout-2026-07-09T19-10-24-019f49ca-54e7-7a91-82e7-a52b53cfd456:3828,codex:rollout-2026-07-09T19-10-24-019f49ca-54e7-7a91-82e7-a52b53cfd456:3829,60138,60139,1,0,1,0,0,0,0,0
agentsight,e58fce112c6e,complete,codex:rollout-2026-07-09T19-10-24-019f49ca-54e7-7a91-82e7-a52b53cfd456:3829,codex:rollout-2026-07-09T19-10-24-019f49ca-54e7-7a91-82e7-a52b53cfd456:3833,60139,60144,5,14421,2,0,0,0,0,0
agentsight,e58fce112c6e,complete,codex:rollout-2026-07-09T19-10-24-019f49ca-54e7-7a91-82e7-a52b53cfd456:3833,codex:rollout-2026-07-09T19-10-24-019f49ca-54e7-7a91-82e7-a52b53cfd456:3834,60144,60146,2,9534,2,0,0,0,0,0
agentsight,e58fce112c6e,complete,codex:rollout-2026-07-09T19-10-24-019f49ca-54e7-7a91-82e7-a52b53cfd456:3834,codex:rollout-2026-07-09T19-10-24-019f49ca-54e7-7a91-82e7-a52b53cfd456:3837,60146,60150,4,9598,2,0,0,1,0,0
agentsight,e58fce112c6e,complete,codex:rollout-2026-07-09T19-10-24-019f49ca-54e7-7a91-82e7-a52b53cfd456:3837,codex:rollout-2026-07-15T05-39-52-019f65ca-6b38-7481-9566-52b3af88d691:18,60150,60190,40,154347,3,0,0,1,0,0
agentsight,e58fce112c6e,complete,codex:rollout-2026-07-15T05-39-52-019f65ca-6b38-7481-9566-52b3af88d691:18,codex:rollout-2026-07-15T05-39-52-019f65ca-6b38-7481-9566-52b3af88d691:19,60190,60191,1,6000,1,0,0,0,0,0
agentsight,e58fce112c6e,complete,codex:rollout-2026-07-15T05-39-52-019f65ca-6b38-7481-9566-52b3af88d691:19,codex:rollout-2026-07-09T19-10-24-019f49ca-54e7-7a91-82e7-a52b53cfd456:3864,60191,60219,28,124026,4,0,0,0,0,0
agentsight,e58fce112c6e,complete,codex:rollout-2026-07-09T19-10-24-019f49ca-54e7-7a91-82e7-a52b53cfd456:3864,claude:f79857ab-a5ac-4d20-9b16-72aefb7b4188:10,60219,60223,4,25575,2,0,0,0,0,0
agentsight,e58fce112c6e,complete,claude:f79857ab-a5ac-4d20-9b16-72aefb7b4188:10,claude:f79857ab-a5ac-4d20-9b16-72aefb7b4188:11,60223,60227,4,4788,2,0,0,0,0,0
agentsight,e58fce112c6e,complete,claude:f79857ab-a5ac-4d20-9b16-72aefb7b4188:11,claude:f79857ab-a5ac-4d20-9b16-72aefb7b4188:12,60227,60228,1,5306,1,0,0,0,0,0
agentsight,e58fce112c6e,complete,claude:f79857ab-a5ac-4d20-9b16-72aefb7b4188:12,claude:f79857ab-a5ac-4d20-9b16-72aefb7b4188:13,60228,60229,1,6624,1,0,0,0,0,0
agentsight,e58fce112c6e,complete,claude:f79857ab-a5ac-4d20-9b16-72aefb7b4188:13,codex:rollout-2026-07-15T05-46-42-019f65d0-aece-7412-b922-f14b389a6981:31,60229,60327,98,282694,4,0,0,0,0,0
agentsight,e58fce112c6e,complete,codex:rollout-2026-07-15T05-46-42-019f65d0-aece-7412-b922-f14b389a6981:31,codex:rollout-2026-07-15T05-46-42-019f65d0-aece-7412-b922-f14b389a6981:32,60327,60328,1,0,1,0,0,0,0,0
agentsight,e58fce112c6e,complete,codex:rollout-2026-07-15T05-46-42-019f65d0-aece-7412-b922-f14b389a6981:32,codex:rollout-2026-07-15T05-46-42-019f65d0-aece-7412-b922-f14b389a6981:34,60328,60331,3,4403,2,0,0,0,0,0
agentsight,e58fce112c6e,complete,codex:rollout-2026-07-15T05-46-42-019f65d0-aece-7412-b922-f14b389a6981:34,codex:rollout-2026-07-15T05-56-24-019f65d9-8e97-7bf2-8948-e70cd36c1d9b:27,60331,60457,126,558090,4,0,0,0,0,0
agentsight,e58fce112c6e,complete,codex:rollout-2026-07-15T05-56-24-019f65d9-8e97-7bf2-8948-e70cd36c1d9b:27,codex:rollout-2026-07-15T06-05-00-019f65e1-6cf8-7bd2-b68e-15726df73509:20,60457,60581,124,511940,6,0,0,1,0,0
agentsight,e58fce112c6e,complete,codex:rollout-2026-07-15T06-05-00-019f65e1-6cf8-7bd2-b68e-15726df73509:20,codex:rollout-2026-07-15T06-05-00-019f65e1-6cf8-7bd2-b68e-15726df73509:21,60581,60582,1,28,1,0,0,0,0,0
agentsight,e58fce112c6e,complete,codex:rollout-2026-07-15T06-05-00-019f65e1-6cf8-7bd2-b68e-15726df73509:21,claude:ff880132-6d77-4b15-9e4c-abc592c05d1b:15,60582,61393,811,35014312,26,0,0,0,0,0
agentsight,e58fce112c6e,complete,claude:ff880132-6d77-4b15-9e4c-abc592c05d1b:15,codex:rollout-2026-07-09T19-10-24-019f49ca-54e7-7a91-82e7-a52b53cfd456:4183,61393,61419,26,158164,4,0,0,1,0,0
agentsight,e58fce112c6e,complete,codex:rollout-2026-07-09T19-10-24-019f49ca-54e7-7a91-82e7-a52b53cfd456:4183,codex:rollout-2026-07-09T19-10-24-019f49ca-54e7-7a91-82e7-a52b53cfd456:4208,61419,61497,78,274978,5,0,0,0,0,0
agentsight,e58fce112c6e,complete,codex:rollout-2026-07-09T19-10-24-019f49ca-54e7-7a91-82e7-a52b53cfd456:4208,codex:rollout-2026-07-15T15-57-34-019f67ff-ef60-72e1-b93a-3455d80ee962:15,61497,61532,35,82376,4,0,0,0,0,0
agentsight,e58fce112c6e,complete,codex:rollout-2026-07-15T15-57-34-019f67ff-ef60-72e1-b93a-3455d80ee962:15,codex:rollout-2026-07-15T16-00-50-019f6802-ee9a-76f2-ae92-cb014beb1e58:15,61532,61590,58,206373,7,0,0,0,0,0
agentsight,e58fce112c6e,complete,codex:rollout-2026-07-15T16-00-50-019f6802-ee9a-76f2-ae92-cb014beb1e58:15,codex:rollout-2026-07-09T19-10-24-019f49ca-54e7-7a91-82e7-a52b53cfd456:4376,61590,61778,188,4964563,9,0,0,1,1,0
agentsight,e58fce112c6e,complete,codex:rollout-2026-07-09T19-10-24-019f49ca-54e7-7a91-82e7-a52b53cfd456:4376,codex:rollout-2026-07-09T19-10-24-019f49ca-54e7-7a91-82e7-a52b53cfd456:4399,61778,61808,30,111821,2,0,0,1,1,0
agentsight,e58fce112c6e,complete,codex:rollout-2026-07-09T19-10-24-019f49ca-54e7-7a91-82e7-a52b53cfd456:4399,codex:rollout-2026-07-09T19-10-24-019f49ca-54e7-7a91-82e7-a52b53cfd456:4400,61808,61809,1,25,1,0,0,0,0,0
agentsight,e58fce112c6e,complete,codex:rollout-2026-07-09T19-10-24-019f49ca-54e7-7a91-82e7-a52b53cfd456:4400,codex:rollout-2026-07-09T19-10-24-019f49ca-54e7-7a91-82e7-a52b53cfd456:4418,61809,61833,24,158466,3,0,0,0,0,0
agentsight,e58fce112c6e,complete,codex:rollout-2026-07-09T19-10-24-019f49ca-54e7-7a91-82e7-a52b53cfd456:4418,codex:rollout-2026-07-09T19-10-24-019f49ca-54e7-7a91-82e7-a52b53cfd456:4420,61833,61835,2,5028,1,0,0,1,0,0
agentsight,e58fce112c6e,complete,codex:rollout-2026-07-09T19-10-24-019f49ca-54e7-7a91-82e7-a52b53cfd456:4420,codex:rollout-2026-07-09T19-10-24-019f49ca-54e7-7a91-82e7-a52b53cfd456:4423,61835,61840,5,21495,3,0,0,0,0,0
agentsight,e58fce112c6e,complete,codex:rollout-2026-07-09T19-10-24-019f49ca-54e7-7a91-82e7-a52b53cfd456:4423,codex:rollout-2026-07-09T19-10-24-019f49ca-54e7-7a91-82e7-a52b53cfd456:4424,61840,61841,1,1,1,0,0,0,0,0
agentsight,e58fce112c6e,complete,codex:rollout-2026-07-09T19-10-24-019f49ca-54e7-7a91-82e7-a52b53cfd456:4424,codex:rollout-2026-07-09T19-10-24-019f49ca-54e7-7a91-82e7-a52b53cfd456:4426,61841,61843,2,8786,1,0,0,0,0,0
agentsight,e58fce112c6e,complete,codex:rollout-2026-07-09T19-10-24-019f49ca-54e7-7a91-82e7-a52b53cfd456:4426,codex:rollout-2026-07-15T17-30-51-019f6855-5a1a-72e1-abd0-04ea38be8f8a:22,61843,61905,62,145460,5,2,2,1,0,0
agentsight,e58fce112c6e,complete,codex:rollout-2026-07-15T17-30-51-019f6855-5a1a-72e1-abd0-04ea38be8f8a:22,claude:49a92eaa-ffe6-4986-954d-561d9d1014e4:13,61905,61919,14,56339,3,0,0,0,0,0
agentsight,e58fce112c6e,complete,claude:49a92eaa-ffe6-4986-954d-561d9d1014e4:13,claude:49a92eaa-ffe6-4986-954d-561d9d1014e4:14,61919,61920,1,8955,1,0,0,0,0,0
agentsight,e58fce112c6e,complete,claude:49a92eaa-ffe6-4986-954d-561d9d1014e4:14,claude:49a92eaa-ffe6-4986-954d-561d9d1014e4:16,61920,61926,6,41759,3,0,0,0,0,0
agentsight,e58fce112c6e,complete,claude:49a92eaa-ffe6-4986-954d-561d9d1014e4:16,codex:rollout-2026-07-09T19-10-24-019f49ca-54e7-7a91-82e7-a52b53cfd456:4523,61926,62071,145,905643,6,0,0,0,0,0
agentsight,e58fce112c6e,complete,codex:rollout-2026-07-09T19-10-24-019f49ca-54e7-7a91-82e7-a52b53cfd456:4523,codex:rollout-2026-07-09T19-10-24-019f49ca-54e7-7a91-82e7-a52b53cfd456:4527,62071,62076,5,19225,2,0,0,1,0,0
agentsight,e58fce112c6e,complete,codex:rollout-2026-07-09T19-10-24-019f49ca-54e7-7a91-82e7-a52b53cfd456:4527,codex:rollout-2026-07-09T19-10-24-019f49ca-54e7-7a91-82e7-a52b53cfd456:4528,62076,62077,1,0,1,0,0,0,0,0
agentsight,e58fce112c6e,complete,codex:rollout-2026-07-09T19-10-24-019f49ca-54e7-7a91-82e7-a52b53cfd456:4528,codex:rollout-2026-07-09T19-10-24-019f49ca-54e7-7a91-82e7-a52b53cfd456:4555,62077,62216,139,976152,7,6,3,0,0,0
agentsight,e58fce112c6e,complete,codex:rollout-2026-07-09T19-10-24-019f49ca-54e7-7a91-82e7-a52b53cfd456:4555,codex:rollout-2026-07-09T19-10-24-019f49ca-54e7-7a91-82e7-a52b53cfd456:4556,62216,62217,1,0,1,0,0,0,0,0
agentsight,e58fce112c6e,complete,codex:rollout-2026-07-09T19-10-24-019f49ca-54e7-7a91-82e7-a52b53cfd456:4556,codex:rollout-2026-07-09T19-10-24-019f49ca-54e7-7a91-82e7-a52b53cfd456:4559,62217,62222,5,30303,2,0,0,0,0,0
agentsight,e58fce112c6e,complete,codex:rollout-2026-07-09T19-10-24-019f49ca-54e7-7a91-82e7-a52b53cfd456:4559,codex:rollout-2026-07-09T19-10-24-019f49ca-54e7-7a91-82e7-a52b53cfd456:4560,62222,62223,1,1,1,0,0,0,0,0
agentsight,e58fce112c6e,complete,codex:rollout-2026-07-09T19-10-24-019f49ca-54e7-7a91-82e7-a52b53cfd456:4560,codex:rollout-2026-07-15T18-07-52-019f6877-3e00-7583-bbe5-feff77467c25:19,62223,62272,49,172548,4,0,0,0,0,0
agentsight,e58fce112c6e,complete,codex:rollout-2026-07-15T18-07-52-019f6877-3e00-7583-bbe5-feff77467c25:19,claude:b4476db9-df8e-420c-b488-30cf0a4bf4b4:16,62272,62289,17,62229,4,0,0,0,0,0
agentsight,e58fce112c6e,complete,claude:b4476db9-df8e-420c-b488-30cf0a4bf4b4:16,claude:b4476db9-df8e-420c-b488-30cf0a4bf4b4:18,62289,62291,2,10078,1,0,0,0,0,0
agentsight,e58fce112c6e,complete,claude:b4476db9-df8e-420c-b488-30cf0a4bf4b4:18,codex:rollout-2026-07-09T19-10-24-019f49ca-54e7-7a91-82e7-a52b53cfd456:4583,62291,62301,10,54283,4,0,0,0,0,0
agentsight,e58fce112c6e,complete,codex:rollout-2026-07-09T19-10-24-019f49ca-54e7-7a91-82e7-a52b53cfd456:4583,codex:rollout-2026-07-09T19-10-24-019f49ca-54e7-7a91-82e7-a52b53cfd456:4586,62301,62304,3,8597,1,0,0,1,0,0
agentsight,e58fce112c6e,complete,codex:rollout-2026-07-09T19-10-24-019f49ca-54e7-7a91-82e7-a52b53cfd456:4586,codex:rollout-2026-07-09T19-10-24-019f49ca-54e7-7a91-82e7-a52b53cfd456:4595,62304,62316,12,42978,4,0,0,0,0,0
agentsight,e58fce112c6e,complete,codex:rollout-2026-07-09T19-10-24-019f49ca-54e7-7a91-82e7-a52b53cfd456:4595,codex:rollout-2026-07-09T19-10-24-019f49ca-54e7-7a91-82e7-a52b53cfd456:4603,62316,62325,9,26722,2,0,0,0,0,0
agentsight,e58fce112c6e,complete,codex:rollout-2026-07-09T19-10-24-019f49ca-54e7-7a91-82e7-a52b53cfd456:4603,codex:rollout-2026-07-09T19-10-24-019f49ca-54e7-7a91-82e7-a52b53cfd456:4619,62325,62385,60,158235,4,0,0,0,0,0
agentsight,e58fce112c6e,complete,codex:rollout-2026-07-09T19-10-24-019f49ca-54e7-7a91-82e7-a52b53cfd456:4619,codex:rollout-2026-07-09T19-10-24-019f49ca-54e7-7a91-82e7-a52b53cfd456:4703,62385,62565,180,8110235,5,5,5,1,0,0
agentsight,e58fce112c6e,complete,codex:rollout-2026-07-09T19-10-24-019f49ca-54e7-7a91-82e7-a52b53cfd456:4703,codex:rollout-2026-07-09T19-10-24-019f49ca-54e7-7a91-82e7-a52b53cfd456:4704,62565,62566,1,4,1,0,0,0,0,0
agentsight,e58fce112c6e,complete,codex:rollout-2026-07-09T19-10-24-019f49ca-54e7-7a91-82e7-a52b53cfd456:4704,codex:rollout-2026-07-09T19-10-24-019f49ca-54e7-7a91-82e7-a52b53cfd456:4718,62566,62588,22,176933,2,0,0,0,0,0
agentsight,e58fce112c6e,complete,codex:rollout-2026-07-09T19-10-24-019f49ca-54e7-7a91-82e7-a52b53cfd456:4718,codex:rollout-2026-07-09T19-10-24-019f49ca-54e7-7a91-82e7-a52b53cfd456:4752,62588,62656,68,657529,3,0,0,1,0,0
agentsight,e58fce112c6e,complete,codex:rollout-2026-07-09T19-10-24-019f49ca-54e7-7a91-82e7-a52b53cfd456:4752,codex:rollout-2026-07-09T19-10-24-019f49ca-54e7-7a91-82e7-a52b53cfd456:4753,62656,62657,1,15,1,0,0,0,0,0
agentsight,e58fce112c6e,complete,codex:rollout-2026-07-09T19-10-24-019f49ca-54e7-7a91-82e7-a52b53cfd456:4753,codex:rollout-2026-07-09T19-10-24-019f49ca-54e7-7a91-82e7-a52b53cfd456:4754,62657,62659,2,9877,2,0,0,0,0,0
agentsight,e58fce112c6e,complete,codex:rollout-2026-07-09T19-10-24-019f49ca-54e7-7a91-82e7-a52b53cfd456:4754,codex:rollout-2026-07-09T19-10-24-019f49ca-54e7-7a91-82e7-a52b53cfd456:4755,62659,62660,1,12253,1,0,0,0,0,0
agentsight,e58fce112c6e,complete,codex:rollout-2026-07-09T19-10-24-019f49ca-54e7-7a91-82e7-a52b53cfd456:4755,codex:rollout-2026-07-09T19-10-24-019f49ca-54e7-7a91-82e7-a52b53cfd456:4769,62660,62677,17,75749,2,0,0,0,0,0
agentsight,e58fce112c6e,complete,codex:rollout-2026-07-09T19-10-24-019f49ca-54e7-7a91-82e7-a52b53cfd456:4769,codex:rollout-2026-07-09T19-10-24-019f49ca-54e7-7a91-82e7-a52b53cfd456:4770,62677,62678,1,0,1,0,0,0,0,0
agentsight,e58fce112c6e,complete,codex:rollout-2026-07-09T19-10-24-019f49ca-54e7-7a91-82e7-a52b53cfd456:4770,codex:rollout-2026-07-09T19-10-24-019f49ca-54e7-7a91-82e7-a52b53cfd456:4807,62678,62742,64,337595,3,0,0,2,0,0
agentsight,e58fce112c6e,complete,codex:rollout-2026-07-09T19-10-24-019f49ca-54e7-7a91-82e7-a52b53cfd456:4807,codex:rollout-2026-07-09T19-10-24-019f49ca-54e7-7a91-82e7-a52b53cfd456:4808,62742,62743,1,43,1,0,0,0,0,0
agentsight,e58fce112c6e,complete,codex:rollout-2026-07-09T19-10-24-019f49ca-54e7-7a91-82e7-a52b53cfd456:4808,codex:rollout-2026-07-09T19-10-24-019f49ca-54e7-7a91-82e7-a52b53cfd456:4811,62743,62747,4,26375,2,0,0,0,0,0
agentsight,e58fce112c6e,complete,codex:rollout-2026-07-09T19-10-24-019f49ca-54e7-7a91-82e7-a52b53cfd456:4811,codex:rollout-2026-07-09T19-10-24-019f49ca-54e7-7a91-82e7-a52b53cfd456:4812,62747,62748,1,1,1,0,0,0,0,0
agentsight,e58fce112c6e,complete,codex:rollout-2026-07-09T19-10-24-019f49ca-54e7-7a91-82e7-a52b53cfd456:4812,codex:rollout-2026-07-09T19-10-24-019f49ca-54e7-7a91-82e7-a52b53cfd456:4813,62748,62749,1,0,1,0,0,0,0,0
agentsight,e58fce112c6e,complete,codex:rollout-2026-07-09T19-10-24-019f49ca-54e7-7a91-82e7-a52b53cfd456:4813,codex:rollout-2026-07-09T19-10-24-019f49ca-54e7-7a91-82e7-a52b53cfd456:4814,62749,62750,1,24,1,0,0,0,0,0
agentsight,e58fce112c6e,complete,codex:rollout-2026-07-09T19-10-24-019f49ca-54e7-7a91-82e7-a52b53cfd456:4814,codex:rollout-2026-07-09T19-10-24-019f49ca-54e7-7a91-82e7-a52b53cfd456:4853,62750,62848,98,871611,5,8,7,0,0,0
agentsight,e58fce112c6e,complete,codex:rollout-2026-07-09T19-10-24-019f49ca-54e7-7a91-82e7-a52b53cfd456:4853,codex:rollout-2026-07-09T19-10-24-019f49ca-54e7-7a91-82e7-a52b53cfd456:4879,62848,62912,64,442611,4,19,16,0,0,0
agentsight,e58fce112c6e,complete,codex:rollout-2026-07-09T19-10-24-019f49ca-54e7-7a91-82e7-a52b53cfd456:4879,codex:rollout-2026-07-09T19-10-24-019f49ca-54e7-7a91-82e7-a52b53cfd456:4880,62912,62913,1,9932,1,0,0,0,0,0
agentsight,e58fce112c6e,complete,codex:rollout-2026-07-09T19-10-24-019f49ca-54e7-7a91-82e7-a52b53cfd456:4880,codex:rollout-2026-07-09T19-10-24-019f49ca-54e7-7a91-82e7-a52b53cfd456:4886,62913,62923,10,60553,3,3,2,0,0,0
agentsight,e58fce112c6e,complete,codex:rollout-2026-07-09T19-10-24-019f49ca-54e7-7a91-82e7-a52b53cfd456:4886,codex:rollout-2026-07-09T19-10-24-019f49ca-54e7-7a91-82e7-a52b53cfd456:4901,62923,62950,27,157113,3,0,0,0,0,0
agentsight,e58fce112c6e,complete,codex:rollout-2026-07-09T19-10-24-019f49ca-54e7-7a91-82e7-a52b53cfd456:4901,codex:rollout-2026-07-09T19-10-24-019f49ca-54e7-7a91-82e7-a52b53cfd456:4903,62950,62954,4,18501,2,0,0,0,0,0
agentsight,e58fce112c6e,complete,codex:rollout-2026-07-09T19-10-24-019f49ca-54e7-7a91-82e7-a52b53cfd456:4903,codex:rollout-2026-07-09T19-10-24-019f49ca-54e7-7a91-82e7-a52b53cfd456:4940,62954,63019,65,664771,3,5,4,0,0,0
agentsight,e58fce112c6e,complete,codex:rollout-2026-07-09T19-10-24-019f49ca-54e7-7a91-82e7-a52b53cfd456:4940,codex:rollout-2026-07-09T19-10-24-019f49ca-54e7-7a91-82e7-a52b53cfd456:4968,63019,63062,43,406721,2,1,1,0,0,0
agentsight,e58fce112c6e,complete,codex:rollout-2026-07-09T19-10-24-019f49ca-54e7-7a91-82e7-a52b53cfd456:4968,codex:rollout-2026-07-09T19-10-24-019f49ca-54e7-7a91-82e7-a52b53cfd456:5010,63062,63129,67,842877,3,13,12,0,0,0
agentsight,e58fce112c6e,complete,codex:rollout-2026-07-09T19-10-24-019f49ca-54e7-7a91-82e7-a52b53cfd456:5010,codex:rollout-2026-07-09T19-10-24-019f49ca-54e7-7a91-82e7-a52b53cfd456:5013,63129,63132,3,28045,1,1,1,0,0,0
agentsight,e58fce112c6e,complete,codex:rollout-2026-07-09T19-10-24-019f49ca-54e7-7a91-82e7-a52b53cfd456:5013,codex:rollout-2026-07-09T19-10-24-019f49ca-54e7-7a91-82e7-a52b53cfd456:5029,63132,63153,21,138751,2,0,0,0,0,0
agentsight,e58fce112c6e,complete,codex:rollout-2026-07-09T19-10-24-019f49ca-54e7-7a91-82e7-a52b53cfd456:5029,codex:rollout-2026-07-09T19-10-24-019f49ca-54e7-7a91-82e7-a52b53cfd456:5031,63153,63156,3,10763,2,0,0,0,0,0
agentsight,e58fce112c6e,complete,codex:rollout-2026-07-09T19-10-24-019f49ca-54e7-7a91-82e7-a52b53cfd456:5031,codex:rollout-2026-07-09T19-10-24-019f49ca-54e7-7a91-82e7-a52b53cfd456:5035,63156,63161,5,30361,2,0,0,0,0,0
agentsight,e58fce112c6e,complete,codex:rollout-2026-07-09T19-10-24-019f49ca-54e7-7a91-82e7-a52b53cfd456:5035,codex:rollout-2026-07-09T19-10-24-019f49ca-54e7-7a91-82e7-a52b53cfd456:5106,63161,63262,101,747953,2,2,2,0,0,0
agentsight,e58fce112c6e,complete,codex:rollout-2026-07-09T19-10-24-019f49ca-54e7-7a91-82e7-a52b53cfd456:5106,codex:rollout-2026-07-09T19-10-24-019f49ca-54e7-7a91-82e7-a52b53cfd456:5188,63262,63717,455,10057174,8,5,3,0,0,0
agentsight,e58fce112c6e,complete,codex:rollout-2026-07-09T19-10-24-019f49ca-54e7-7a91-82e7-a52b53cfd456:5188,claude:a9906f2b-46b9-4e08-84a2-999ea800a4bf:41,63717,63848,131,623479,4,7,5,0,0,0
agentsight,e58fce112c6e,complete,claude:a9906f2b-46b9-4e08-84a2-999ea800a4bf:41,claude:a9906f2b-46b9-4e08-84a2-999ea800a4bf:43,63848,63852,4,14620,3,0,0,0,0,0
agentsight,e58fce112c6e,complete,claude:a9906f2b-46b9-4e08-84a2-999ea800a4bf:43,codex:rollout-2026-07-09T19-10-24-019f49ca-54e7-7a91-82e7-a52b53cfd456:5239,63852,63882,30,125806,4,0,0,0,0,0
agentsight,e58fce112c6e,complete,codex:rollout-2026-07-09T19-10-24-019f49ca-54e7-7a91-82e7-a52b53cfd456:5239,codex:rollout-2026-07-16T00-56-10-019f69ed-0d47-7192-88af-d6fa97b422a5:32,63882,63888,6,15240,3,0,0,0,0,0
agentsight,e58fce112c6e,complete,codex:rollout-2026-07-16T00-56-10-019f69ed-0d47-7192-88af-d6fa97b422a5:32,claude:a9906f2b-46b9-4e08-84a2-999ea800a4bf:60,63888,63900,12,91616,3,0,0,0,0,0
agentsight,e58fce112c6e,complete,claude:a9906f2b-46b9-4e08-84a2-999ea800a4bf:60,codex:rollout-2026-07-09T19-10-24-019f49ca-54e7-7a91-82e7-a52b53cfd456:5257,63900,63930,30,278670,4,4,4,0,0,0
agentsight,e58fce112c6e,complete,codex:rollout-2026-07-09T19-10-24-019f49ca-54e7-7a91-82e7-a52b53cfd456:5257,codex:rollout-2026-07-09T19-10-24-019f49ca-54e7-7a91-82e7-a52b53cfd456:5258,63930,63931,1,14214,1,0,0,0,0,0
agentsight,e58fce112c6e,complete,codex:rollout-2026-07-09T19-10-24-019f49ca-54e7-7a91-82e7-a52b53cfd456:5258,codex:rollout-2026-07-09T19-10-24-019f49ca-54e7-7a91-82e7-a52b53cfd456:5265,63931,63941,10,94214,2,1,1,0,0,0
agentsight,e58fce112c6e,complete,codex:rollout-2026-07-09T19-10-24-019f49ca-54e7-7a91-82e7-a52b53cfd456:5265,codex:rollout-2026-07-09T19-10-24-019f49ca-54e7-7a91-82e7-a52b53cfd456:5273,63941,63950,9,56799,2,1,1,0,0,0
agentsight,e58fce112c6e,complete,codex:rollout-2026-07-09T19-10-24-019f49ca-54e7-7a91-82e7-a52b53cfd456:5273,codex:rollout-2026-07-16T01-17-45-019f6a00-cfe0-7aa3-8f22-00267ad4f171:23,63950,64034,84,420187,4,3,3,0,0,0
agentsight,e58fce112c6e,complete,codex:rollout-2026-07-16T01-17-45-019f6a00-cfe0-7aa3-8f22-00267ad4f171:23,claude:8816b1ba-1844-4fab-8e16-b3a2de276423:27,64034,64059,25,72163,4,1,1,0,0,0
agentsight,e58fce112c6e,complete,claude:8816b1ba-1844-4fab-8e16-b3a2de276423:27,claude:8816b1ba-1844-4fab-8e16-b3a2de276423:31,64059,64064,5,8667,2,0,0,0,0,0
agentsight,e58fce112c6e,complete,claude:8816b1ba-1844-4fab-8e16-b3a2de276423:31,claude:8816b1ba-1844-4fab-8e16-b3a2de276423:32,64064,64065,1,4375,1,0,0,0,0,0
agentsight,e58fce112c6e,complete,claude:8816b1ba-1844-4fab-8e16-b3a2de276423:32,claude:8816b1ba-1844-4fab-8e16-b3a2de276423:33,64065,64067,2,2722,2,0,0,0,0,0
agentsight,e58fce112c6e,complete,claude:8816b1ba-1844-4fab-8e16-b3a2de276423:33,claude:8816b1ba-1844-4fab-8e16-b3a2de276423:34,64067,64069,2,4035,2,0,0,0,0,0
agentsight,e58fce112c6e,complete,claude:8816b1ba-1844-4fab-8e16-b3a2de276423:34,codex:rollout-2026-07-09T19-10-24-019f49ca-54e7-7a91-82e7-a52b53cfd456:5336,64069,64171,102,737026,4,4,4,0,0,0
agentsight,e58fce112c6e,complete,codex:rollout-2026-07-09T19-10-24-019f49ca-54e7-7a91-82e7-a52b53cfd456:5336,codex:rollout-2026-07-09T19-10-24-019f49ca-54e7-7a91-82e7-a52b53cfd456:5353,64171,64189,18,208260,2,3,1,0,0,0
agentsight,e58fce112c6e,complete,codex:rollout-2026-07-09T19-10-24-019f49ca-54e7-7a91-82e7-a52b53cfd456:5353,codex:rollout-2026-07-16T01-17-45-019f6a00-cfe0-7aa3-8f22-00267ad4f171:52,64189,64243,54,310597,4,0,0,0,0,0
agentsight,e58fce112c6e,complete,codex:rollout-2026-07-16T01-17-45-019f6a00-cfe0-7aa3-8f22-00267ad4f171:52,claude:e81ca8b2-96b9-436e-a594-33065a7c619e:32,64243,64259,16,79551,3,0,0,0,0,0
agentsight,e58fce112c6e,complete,claude:e81ca8b2-96b9-436e-a594-33065a7c619e:32,codex:rollout-2026-07-09T19-10-24-019f49ca-54e7-7a91-82e7-a52b53cfd456:5832,64259,65217,958,60899036,13,25,14,0,2,0
agentsight,e58fce112c6e,complete,codex:rollout-2026-07-09T19-10-24-019f49ca-54e7-7a91-82e7-a52b53cfd456:5832,codex:rollout-2026-07-09T19-10-24-019f49ca-54e7-7a91-82e7-a52b53cfd456:5848,65217,65248,31,404875,3,3,2,0,1,0
agentsight,e58fce112c6e,complete,codex:rollout-2026-07-09T19-10-24-019f49ca-54e7-7a91-82e7-a52b53cfd456:5848,codex:rollout-2026-07-09T19-10-24-019f49ca-54e7-7a91-82e7-a52b53cfd456:5867,65248,65279,31,450064,3,6,4,0,2,0
agentsight,e58fce112c6e,complete,codex:rollout-2026-07-09T19-10-24-019f49ca-54e7-7a91-82e7-a52b53cfd456:5867,codex:rollout-2026-07-09T19-10-24-019f49ca-54e7-7a91-82e7-a52b53cfd456:5868,65279,65280,1,21093,1,0,0,0,0,0
agentsight,e58fce112c6e,complete,codex:rollout-2026-07-09T19-10-24-019f49ca-54e7-7a91-82e7-a52b53cfd456:5868,codex:rollout-2026-07-09T19-10-24-019f49ca-54e7-7a91-82e7-a52b53cfd456:5877,65280,65297,17,196475,3,0,0,0,0,0
agentsight,e58fce112c6e,right_censored,codex:rollout-2026-07-09T19-10-24-019f49ca-54e7-7a91-82e7-a52b53cfd456:5877,codex:rollout-2026-07-10T14-58-45-019f4e0a-4dcc-74f1-8660-ffcb102ce0a2:25485,65297,73009,7712,455044588,108,9,7,0,1,0
agentsight,b5bc34dabe6a,left_censored,codex:rollout-2026-06-13T11-24-41-019ec23a-9d01-7981-aaa4-1be1af89ba69:14718,codex:rollout-2026-06-13T11-24-41-019ec23a-9d01-7981-aaa4-1be1af89ba69:14747,1,26,26,436417,1,0,0,0,0,0
agentsight,b5bc34dabe6a,complete,codex:rollout-2026-06-13T11-24-41-019ec23a-9d01-7981-aaa4-1be1af89ba69:14747,codex:rollout-2026-06-13T11-24-41-019ec23a-9d01-7981-aaa4-1be1af89ba69:14759,26,38,12,868377,1,0,0,0,0,0
agentsight,b5bc34dabe6a,complete,codex:rollout-2026-06-13T11-24-41-019ec23a-9d01-7981-aaa4-1be1af89ba69:14759,codex:rollout-2026-06-13T11-24-41-019ec23a-9d01-7981-aaa4-1be1af89ba69:14773,38,50,12,78065,1,0,0,0,0,0
agentsight,b5bc34dabe6a,complete,codex:rollout-2026-06-13T11-24-41-019ec23a-9d01-7981-aaa4-1be1af89ba69:14773,codex:rollout-2026-06-13T11-24-41-019ec23a-9d01-7981-aaa4-1be1af89ba69:14784,50,61,11,3833275,1,0,0,0,0,0
agentsight,b5bc34dabe6a,complete,codex:rollout-2026-06-13T11-24-41-019ec23a-9d01-7981-aaa4-1be1af89ba69:14784,codex:rollout-2026-06-13T11-24-41-019ec23a-9d01-7981-aaa4-1be1af89ba69:14836,61,107,46,83673528,1,0,0,0,0,0
agentsight,b5bc34dabe6a,complete,codex:rollout-2026-06-13T11-24-41-019ec23a-9d01-7981-aaa4-1be1af89ba69:14836,codex:rollout-2026-06-13T11-24-41-019ec23a-9d01-7981-aaa4-1be1af89ba69:14857,107,128,21,113585,1,0,0,3,0,0
agentsight,b5bc34dabe6a,complete,codex:rollout-2026-06-13T11-24-41-019ec23a-9d01-7981-aaa4-1be1af89ba69:14857,codex:rollout-2026-06-13T11-24-41-019ec23a-9d01-7981-aaa4-1be1af89ba69:14891,128,162,34,695825,1,0,0,0,0,0
agentsight,b5bc34dabe6a,complete,codex:rollout-2026-06-13T11-24-41-019ec23a-9d01-7981-aaa4-1be1af89ba69:14891,codex:rollout-2026-07-02T23-29-23-019f26aa-ebda-79d2-9c6d-04400b1ccb66:17127,162,495,333,1280242650,8,0,0,1,0,0
agentsight,b5bc34dabe6a,complete,codex:rollout-2026-07-02T23-29-23-019f26aa-ebda-79d2-9c6d-04400b1ccb66:17127,codex:rollout-2026-07-06T17-49-41-019f3a0d-5ae4-7160-b670-7088215db12d:11,495,534,39,186346,3,0,0,0,0,0
agentsight,b5bc34dabe6a,complete,codex:rollout-2026-07-06T17-49-41-019f3a0d-5ae4-7160-b670-7088215db12d:11,codex:rollout-2026-07-06T17-49-41-019f3a0d-5ae4-7160-b670-7088215db12d:14,534,542,8,19554,2,0,0,0,0,0
agentsight,b5bc34dabe6a,complete,codex:rollout-2026-07-06T17-49-41-019f3a0d-5ae4-7160-b670-7088215db12d:14,codex:rollout-2026-07-02T23-29-23-019f26aa-ebda-79d2-9c6d-04400b1ccb66:17146,542,565,23,108516,3,2,2,0,0,0
agentsight,b5bc34dabe6a,complete,codex:rollout-2026-07-02T23-29-23-019f26aa-ebda-79d2-9c6d-04400b1ccb66:17146,codex:rollout-2026-07-06T17-49-41-019f3a0d-5ae4-7160-b670-7088215db12d:31,565,567,2,14023,1,0,0,0,0,0
agentsight,b5bc34dabe6a,complete,codex:rollout-2026-07-06T17-49-41-019f3a0d-5ae4-7160-b670-7088215db12d:31,codex:rollout-2026-07-02T23-29-23-019f26aa-ebda-79d2-9c6d-04400b1ccb66:17154,567,573,6,31620,2,0,0,0,0,0
agentsight,b5bc34dabe6a,complete,codex:rollout-2026-07-02T23-29-23-019f26aa-ebda-79d2-9c6d-04400b1ccb66:17154,codex:rollout-2026-07-02T23-29-23-019f26aa-ebda-79d2-9c6d-04400b1ccb66:17219,573,635,62,473039,1,0,0,2,0,0
agentsight,b5bc34dabe6a,complete,codex:rollout-2026-07-02T23-29-23-019f26aa-ebda-79d2-9c6d-04400b1ccb66:17219,codex:rollout-2026-07-02T23-29-23-019f26aa-ebda-79d2-9c6d-04400b1ccb66:17224,635,640,5,75071,1,0,0,0,0,0
agentsight,b5bc34dabe6a,complete,codex:rollout-2026-07-02T23-29-23-019f26aa-ebda-79d2-9c6d-04400b1ccb66:17224,codex:rollout-2026-07-02T23-29-23-019f26aa-ebda-79d2-9c6d-04400b1ccb66:17244,640,660,20,313393,1,0,0,0,0,0
agentsight,b5bc34dabe6a,complete,codex:rollout-2026-07-02T23-29-23-019f26aa-ebda-79d2-9c6d-04400b1ccb66:17244,codex:rollout-2026-07-02T23-29-23-019f26aa-ebda-79d2-9c6d-04400b1ccb66:17367,660,795,135,6264494,2,2,1,0,0,0
agentsight,b5bc34dabe6a,complete,codex:rollout-2026-07-02T23-29-23-019f26aa-ebda-79d2-9c6d-04400b1ccb66:17367,codex:rollout-2026-07-02T23-29-23-019f26aa-ebda-79d2-9c6d-04400b1ccb66:17379,795,827,32,130182,3,0,0,0,0,0
agentsight,b5bc34dabe6a,complete,codex:rollout-2026-07-02T23-29-23-019f26aa-ebda-79d2-9c6d-04400b1ccb66:17379,codex:rollout-2026-07-02T23-29-23-019f26aa-ebda-79d2-9c6d-04400b1ccb66:17420,827,905,78,395171,3,1,1,0,0,0
agentsight,b5bc34dabe6a,complete,codex:rollout-2026-07-02T23-29-23-019f26aa-ebda-79d2-9c6d-04400b1ccb66:17420,codex:rollout-2026-07-02T23-29-23-019f26aa-ebda-79d2-9c6d-04400b1ccb66:17501,905,989,84,1229279,2,0,0,0,0,0
agentsight,b5bc34dabe6a,complete,codex:rollout-2026-07-02T23-29-23-019f26aa-ebda-79d2-9c6d-04400b1ccb66:17501,codex:rollout-2026-07-02T23-29-23-019f26aa-ebda-79d2-9c6d-04400b1ccb66:17568,989,1050,61,659976,1,0,0,0,0,0
agentsight,b5bc34dabe6a,complete,codex:rollout-2026-07-02T23-29-23-019f26aa-ebda-79d2-9c6d-04400b1ccb66:17568,codex:rollout-2026-07-02T23-29-23-019f26aa-ebda-79d2-9c6d-04400b1ccb66:17622,1050,1134,84,626444,2,0,0,1,0,0
agentsight,b5bc34dabe6a,complete,codex:rollout-2026-07-02T23-29-23-019f26aa-ebda-79d2-9c6d-04400b1ccb66:17622,codex:rollout-2026-07-02T23-29-23-019f26aa-ebda-79d2-9c6d-04400b1ccb66:17623,1134,1135,1,74,1,0,0,0,0,0
agentsight,b5bc34dabe6a,complete,codex:rollout-2026-07-02T23-29-23-019f26aa-ebda-79d2-9c6d-04400b1ccb66:17623,codex:rollout-2026-07-02T23-29-23-019f26aa-ebda-79d2-9c6d-04400b1ccb66:17626,1135,1138,3,16879,1,0,0,0,0,0
agentsight,b5bc34dabe6a,complete,codex:rollout-2026-07-02T23-29-23-019f26aa-ebda-79d2-9c6d-04400b1ccb66:17626,codex:rollout-2026-07-02T23-29-23-019f26aa-ebda-79d2-9c6d-04400b1ccb66:17627,1138,1139,1,231,1,0,0,0,0,0
agentsight,b5bc34dabe6a,complete,codex:rollout-2026-07-02T23-29-23-019f26aa-ebda-79d2-9c6d-04400b1ccb66:17627,codex:rollout-2026-07-02T23-29-23-019f26aa-ebda-79d2-9c6d-04400b1ccb66:17662,1139,1172,33,302619,1,0,0,0,0,0
agentsight,b5bc34dabe6a,complete,codex:rollout-2026-07-02T23-29-23-019f26aa-ebda-79d2-9c6d-04400b1ccb66:17662,codex:rollout-2026-07-02T23-29-23-019f26aa-ebda-79d2-9c6d-04400b1ccb66:17799,1172,1345,173,1460161,2,0,0,0,0,0
agentsight,b5bc34dabe6a,complete,codex:rollout-2026-07-02T23-29-23-019f26aa-ebda-79d2-9c6d-04400b1ccb66:17799,codex:rollout-2026-07-02T23-29-23-019f26aa-ebda-79d2-9c6d-04400b1ccb66:17885,1345,1466,121,869945,2,0,0,0,0,0
agentsight,b5bc34dabe6a,complete,codex:rollout-2026-07-02T23-29-23-019f26aa-ebda-79d2-9c6d-04400b1ccb66:17885,codex:rollout-2026-07-02T23-29-23-019f26aa-ebda-79d2-9c6d-04400b1ccb66:17889,1466,1470,4,39066,1,0,0,1,0,0
agentsight,b5bc34dabe6a,complete,codex:rollout-2026-07-02T23-29-23-019f26aa-ebda-79d2-9c6d-04400b1ccb66:17889,codex:rollout-2026-07-02T23-29-23-019f26aa-ebda-79d2-9c6d-04400b1ccb66:17891,1470,1472,2,12422,1,0,0,0,0,0
agentsight,b5bc34dabe6a,complete,codex:rollout-2026-07-02T23-29-23-019f26aa-ebda-79d2-9c6d-04400b1ccb66:17891,codex:rollout-2026-07-02T23-29-23-019f26aa-ebda-79d2-9c6d-04400b1ccb66:17898,1472,1479,7,52309,1,0,0,0,0,0
agentsight,b5bc34dabe6a,complete,codex:rollout-2026-07-02T23-29-23-019f26aa-ebda-79d2-9c6d-04400b1ccb66:17898,codex:rollout-2026-07-02T23-29-23-019f26aa-ebda-79d2-9c6d-04400b1ccb66:17932,1479,1512,33,239733,1,0,0,0,0,0
agentsight,b5bc34dabe6a,complete,codex:rollout-2026-07-02T23-29-23-019f26aa-ebda-79d2-9c6d-04400b1ccb66:17932,codex:rollout-2026-07-02T23-29-23-019f26aa-ebda-79d2-9c6d-04400b1ccb66:18108,1512,2248,736,58192165,22,176,3,0,0,0
agentsight,b5bc34dabe6a,complete,codex:rollout-2026-07-02T23-29-23-019f26aa-ebda-79d2-9c6d-04400b1ccb66:18108,codex:rollout-2026-07-02T23-29-23-019f26aa-ebda-79d2-9c6d-04400b1ccb66:18130,2248,2268,20,194016,1,0,0,0,0,0
agentsight,b5bc34dabe6a,complete,codex:rollout-2026-07-02T23-29-23-019f26aa-ebda-79d2-9c6d-04400b1ccb66:18130,codex:rollout-2026-07-02T23-29-23-019f26aa-ebda-79d2-9c6d-04400b1ccb66:18160,2268,2291,23,358258,1,0,0,0,0,0
agentsight,b5bc34dabe6a,complete,codex:rollout-2026-07-02T23-29-23-019f26aa-ebda-79d2-9c6d-04400b1ccb66:18160,codex:rollout-2026-07-10T14-58-45-019f4e0a-4dcc-74f1-8660-ffcb102ce0a2:25,2291,7096,4805,263442836,52,800,40,0,0,0
agentsight,b5bc34dabe6a,complete,codex:rollout-2026-07-10T14-58-45-019f4e0a-4dcc-74f1-8660-ffcb102ce0a2:25,codex:rollout-2026-07-10T14-58-45-019f4e0a-4dcc-74f1-8660-ffcb102ce0a2:862,7096,7285,189,92783224,4,21,2,0,0,0
agentsight,b5bc34dabe6a,complete,codex:rollout-2026-07-10T14-58-45-019f4e0a-4dcc-74f1-8660-ffcb102ce0a2:862,codex:rollout-2026-07-10T14-58-45-019f4e0a-4dcc-74f1-8660-ffcb102ce0a2:1671,7285,7993,708,13998648,21,111,19,0,1,0
agentsight,b5bc34dabe6a,complete,codex:rollout-2026-07-10T14-58-45-019f4e0a-4dcc-74f1-8660-ffcb102ce0a2:1671,codex:rollout-2026-07-10T14-58-45-019f4e0a-4dcc-74f1-8660-ffcb102ce0a2:1699,7993,8017,24,556517,2,10,5,0,0,0
agentsight,b5bc34dabe6a,complete,codex:rollout-2026-07-10T14-58-45-019f4e0a-4dcc-74f1-8660-ffcb102ce0a2:1699,codex:rollout-2026-07-10T14-58-45-019f4e0a-4dcc-74f1-8660-ffcb102ce0a2:1719,8017,8038,21,443084,2,7,1,0,0,0
agentsight,b5bc34dabe6a,complete,codex:rollout-2026-07-10T14-58-45-019f4e0a-4dcc-74f1-8660-ffcb102ce0a2:1719,codex:rollout-2026-07-10T14-58-45-019f4e0a-4dcc-74f1-8660-ffcb102ce0a2:1734,8038,8053,15,405311,2,8,5,0,0,0
agentsight,b5bc34dabe6a,complete,codex:rollout-2026-07-10T14-58-45-019f4e0a-4dcc-74f1-8660-ffcb102ce0a2:1734,codex:rollout-2026-07-10T14-58-45-019f4e0a-4dcc-74f1-8660-ffcb102ce0a2:1767,8053,8080,27,698390,3,6,3,0,0,0
agentsight,b5bc34dabe6a,complete,codex:rollout-2026-07-10T14-58-45-019f4e0a-4dcc-74f1-8660-ffcb102ce0a2:1767,codex:rollout-2026-07-10T14-58-45-019f4e0a-4dcc-74f1-8660-ffcb102ce0a2:1794,8080,8100,20,490369,3,8,2,0,0,0
agentsight,b5bc34dabe6a,complete,codex:rollout-2026-07-10T14-58-45-019f4e0a-4dcc-74f1-8660-ffcb102ce0a2:1794,codex:rollout-2026-07-10T14-58-45-019f4e0a-4dcc-74f1-8660-ffcb102ce0a2:1813,8100,8120,20,420489,3,3,2,0,0,0
agentsight,b5bc34dabe6a,complete,codex:rollout-2026-07-10T14-58-45-019f4e0a-4dcc-74f1-8660-ffcb102ce0a2:1813,codex:rollout-2026-07-10T14-58-45-019f4e0a-4dcc-74f1-8660-ffcb102ce0a2:1848,8120,8155,35,783240,4,12,2,0,0,0
agentsight,b5bc34dabe6a,complete,codex:rollout-2026-07-10T14-58-45-019f4e0a-4dcc-74f1-8660-ffcb102ce0a2:1848,codex:rollout-2026-07-10T14-58-45-019f4e0a-4dcc-74f1-8660-ffcb102ce0a2:1862,8155,8171,16,395416,2,6,1,0,0,0
agentsight,b5bc34dabe6a,complete,codex:rollout-2026-07-10T14-58-45-019f4e0a-4dcc-74f1-8660-ffcb102ce0a2:1862,codex:rollout-2026-07-10T14-58-45-019f4e0a-4dcc-74f1-8660-ffcb102ce0a2:1880,8171,8189,18,404321,2,9,1,0,0,0
agentsight,b5bc34dabe6a,complete,codex:rollout-2026-07-10T14-58-45-019f4e0a-4dcc-74f1-8660-ffcb102ce0a2:1880,codex:rollout-2026-07-10T14-58-45-019f4e0a-4dcc-74f1-8660-ffcb102ce0a2:1892,8189,8202,13,212540,2,4,1,0,0,0
agentsight,b5bc34dabe6a,complete,codex:rollout-2026-07-10T14-58-45-019f4e0a-4dcc-74f1-8660-ffcb102ce0a2:1892,codex:rollout-2026-07-10T14-58-45-019f4e0a-4dcc-74f1-8660-ffcb102ce0a2:1898,8202,8210,8,124579,2,1,1,0,0,0
agentsight,b5bc34dabe6a,complete,codex:rollout-2026-07-10T14-58-45-019f4e0a-4dcc-74f1-8660-ffcb102ce0a2:1898,codex:rollout-2026-07-10T14-58-45-019f4e0a-4dcc-74f1-8660-ffcb102ce0a2:1979,8210,8312,102,1965110,3,7,4,0,0,0
agentsight,b5bc34dabe6a,complete,codex:rollout-2026-07-10T14-58-45-019f4e0a-4dcc-74f1-8660-ffcb102ce0a2:1979,codex:rollout-2026-07-10T14-58-45-019f4e0a-4dcc-74f1-8660-ffcb102ce0a2:2222,8312,8558,246,3890161,5,101,14,0,0,0
agentsight,b5bc34dabe6a,complete,codex:rollout-2026-07-10T14-58-45-019f4e0a-4dcc-74f1-8660-ffcb102ce0a2:2222,codex:rollout-2026-07-10T14-58-45-019f4e0a-4dcc-74f1-8660-ffcb102ce0a2:2445,8558,8765,207,3915068,6,84,7,0,0,0
agentsight,b5bc34dabe6a,complete,codex:rollout-2026-07-10T14-58-45-019f4e0a-4dcc-74f1-8660-ffcb102ce0a2:2445,codex:rollout-2026-07-10T14-58-45-019f4e0a-4dcc-74f1-8660-ffcb102ce0a2:2627,8765,8944,179,2519814,3,91,3,0,0,0
agentsight,b5bc34dabe6a,complete,codex:rollout-2026-07-10T14-58-45-019f4e0a-4dcc-74f1-8660-ffcb102ce0a2:2627,codex:rollout-2026-07-10T14-58-45-019f4e0a-4dcc-74f1-8660-ffcb102ce0a2:2630,8944,8947,3,35734,1,1,1,0,0,0
agentsight,b5bc34dabe6a,complete,codex:rollout-2026-07-10T14-58-45-019f4e0a-4dcc-74f1-8660-ffcb102ce0a2:2630,codex:rollout-2026-07-10T14-58-45-019f4e0a-4dcc-74f1-8660-ffcb102ce0a2:2634,8947,8951,4,35470,1,1,1,0,0,0
agentsight,b5bc34dabe6a,complete,codex:rollout-2026-07-10T14-58-45-019f4e0a-4dcc-74f1-8660-ffcb102ce0a2:2634,codex:rollout-2026-07-10T14-58-45-019f4e0a-4dcc-74f1-8660-ffcb102ce0a2:2638,8951,8954,3,47986,1,1,1,0,0,0
agentsight,b5bc34dabe6a,complete,codex:rollout-2026-07-10T14-58-45-019f4e0a-4dcc-74f1-8660-ffcb102ce0a2:2638,codex:rollout-2026-07-10T14-58-45-019f4e0a-4dcc-74f1-8660-ffcb102ce0a2:2640,8954,8956,2,19897,1,1,1,0,0,0
agentsight,b5bc34dabe6a,complete,codex:rollout-2026-07-10T14-58-45-019f4e0a-4dcc-74f1-8660-ffcb102ce0a2:2640,codex:rollout-2026-07-10T14-58-45-019f4e0a-4dcc-74f1-8660-ffcb102ce0a2:2642,8956,8958,2,18524,1,1,1,0,0,0
agentsight,b5bc34dabe6a,complete,codex:rollout-2026-07-10T14-58-45-019f4e0a-4dcc-74f1-8660-ffcb102ce0a2:2642,codex:rollout-2026-07-10T14-58-45-019f4e0a-4dcc-74f1-8660-ffcb102ce0a2:2644,8958,8960,2,16378,1,1,1,0,0,0
agentsight,b5bc34dabe6a,complete,codex:rollout-2026-07-10T14-58-45-019f4e0a-4dcc-74f1-8660-ffcb102ce0a2:2644,codex:rollout-2026-07-10T14-58-45-019f4e0a-4dcc-74f1-8660-ffcb102ce0a2:2647,8960,8963,3,36518,1,1,1,0,0,0
agentsight,b5bc34dabe6a,complete,codex:rollout-2026-07-10T14-58-45-019f4e0a-4dcc-74f1-8660-ffcb102ce0a2:2647,codex:rollout-2026-07-10T14-58-45-019f4e0a-4dcc-74f1-8660-ffcb102ce0a2:2651,8963,8967,4,47065,1,1,1,0,0,0
agentsight,b5bc34dabe6a,complete,codex:rollout-2026-07-10T14-58-45-019f4e0a-4dcc-74f1-8660-ffcb102ce0a2:2651,codex:rollout-2026-07-10T14-58-45-019f4e0a-4dcc-74f1-8660-ffcb102ce0a2:2665,8967,8982,15,208894,2,3,1,0,0,0
agentsight,b5bc34dabe6a,complete,codex:rollout-2026-07-10T14-58-45-019f4e0a-4dcc-74f1-8660-ffcb102ce0a2:2665,codex:rollout-2026-07-10T14-58-45-019f4e0a-4dcc-74f1-8660-ffcb102ce0a2:2667,8982,8984,2,49332,1,1,1,0,0,0
agentsight,b5bc34dabe6a,complete,codex:rollout-2026-07-10T14-58-45-019f4e0a-4dcc-74f1-8660-ffcb102ce0a2:2667,codex:rollout-2026-07-10T14-58-45-019f4e0a-4dcc-74f1-8660-ffcb102ce0a2:3315,8984,9321,337,13898555,15,93,31,0,0,0
agentsight,b5bc34dabe6a,complete,codex:rollout-2026-07-10T14-58-45-019f4e0a-4dcc-74f1-8660-ffcb102ce0a2:3315,codex:rollout-2026-07-10T14-58-45-019f4e0a-4dcc-74f1-8660-ffcb102ce0a2:3327,9321,9335,14,201304,2,2,2,0,0,0
agentsight,b5bc34dabe6a,complete,codex:rollout-2026-07-10T14-58-45-019f4e0a-4dcc-74f1-8660-ffcb102ce0a2:3327,codex:rollout-2026-07-10T14-58-45-019f4e0a-4dcc-74f1-8660-ffcb102ce0a2:3331,9335,9339,4,25720,1,1,1,0,0,0
agentsight,b5bc34dabe6a,complete,codex:rollout-2026-07-10T14-58-45-019f4e0a-4dcc-74f1-8660-ffcb102ce0a2:3331,codex:rollout-2026-07-10T14-58-45-019f4e0a-4dcc-74f1-8660-ffcb102ce0a2:3359,9339,9360,21,632535,2,4,4,0,0,0
agentsight,b5bc34dabe6a,complete,codex:rollout-2026-07-10T14-58-45-019f4e0a-4dcc-74f1-8660-ffcb102ce0a2:3359,codex:rollout-2026-07-10T14-58-45-019f4e0a-4dcc-74f1-8660-ffcb102ce0a2:3399,9360,9396,36,699536,2,9,6,0,0,0
agentsight,b5bc34dabe6a,complete,codex:rollout-2026-07-10T14-58-45-019f4e0a-4dcc-74f1-8660-ffcb102ce0a2:3399,codex:rollout-2026-07-10T14-58-45-019f4e0a-4dcc-74f1-8660-ffcb102ce0a2:3620,9396,9611,215,30796328,9,41,17,0,0,0
agentsight,b5bc34dabe6a,complete,codex:rollout-2026-07-10T14-58-45-019f4e0a-4dcc-74f1-8660-ffcb102ce0a2:3620,codex:rollout-2026-07-10T14-58-45-019f4e0a-4dcc-74f1-8660-ffcb102ce0a2:3649,9611,9652,41,617446,2,14,2,0,0,0
agentsight,b5bc34dabe6a,complete,codex:rollout-2026-07-10T14-58-45-019f4e0a-4dcc-74f1-8660-ffcb102ce0a2:3649,codex:rollout-2026-07-10T14-58-45-019f4e0a-4dcc-74f1-8660-ffcb102ce0a2:3660,9652,9674,22,418513,2,6,2,0,0,0
agentsight,b5bc34dabe6a,complete,codex:rollout-2026-07-10T14-58-45-019f4e0a-4dcc-74f1-8660-ffcb102ce0a2:3660,codex:rollout-2026-07-10T14-58-45-019f4e0a-4dcc-74f1-8660-ffcb102ce0a2:3686,9674,9700,26,493293,2,12,3,0,0,0
agentsight,b5bc34dabe6a,complete,codex:rollout-2026-07-10T14-58-45-019f4e0a-4dcc-74f1-8660-ffcb102ce0a2:3686,codex:rollout-2026-07-10T14-58-45-019f4e0a-4dcc-74f1-8660-ffcb102ce0a2:3711,9700,9752,52,684991,2,16,5,0,0,0
agentsight,b5bc34dabe6a,complete,codex:rollout-2026-07-10T14-58-45-019f4e0a-4dcc-74f1-8660-ffcb102ce0a2:3711,codex:rollout-2026-07-10T14-58-45-019f4e0a-4dcc-74f1-8660-ffcb102ce0a2:3762,9752,9794,42,862626,2,16,5,0,0,0
agentsight,b5bc34dabe6a,complete,codex:rollout-2026-07-10T14-58-45-019f4e0a-4dcc-74f1-8660-ffcb102ce0a2:3762,codex:rollout-2026-07-10T14-58-45-019f4e0a-4dcc-74f1-8660-ffcb102ce0a2:3788,9794,9821,27,399955,2,10,2,0,0,0
agentsight,b5bc34dabe6a,complete,codex:rollout-2026-07-10T14-58-45-019f4e0a-4dcc-74f1-8660-ffcb102ce0a2:3788,codex:rollout-2026-07-10T14-58-45-019f4e0a-4dcc-74f1-8660-ffcb102ce0a2:3836,9821,9869,48,727035,2,18,2,0,0,0
agentsight,b5bc34dabe6a,complete,codex:rollout-2026-07-10T14-58-45-019f4e0a-4dcc-74f1-8660-ffcb102ce0a2:3836,codex:rollout-2026-07-10T14-58-45-019f4e0a-4dcc-74f1-8660-ffcb102ce0a2:3841,9869,9874,5,62890,1,2,1,0,0,0
agentsight,b5bc34dabe6a,complete,codex:rollout-2026-07-10T14-58-45-019f4e0a-4dcc-74f1-8660-ffcb102ce0a2:3841,codex:rollout-2026-07-10T14-58-45-019f4e0a-4dcc-74f1-8660-ffcb102ce0a2:3846,9874,9879,5,49802,1,2,1,0,0,0
agentsight,b5bc34dabe6a,complete,codex:rollout-2026-07-10T14-58-45-019f4e0a-4dcc-74f1-8660-ffcb102ce0a2:3846,codex:rollout-2026-07-10T14-58-45-019f4e0a-4dcc-74f1-8660-ffcb102ce0a2:3850,9879,9883,4,35672,1,1,1,0,0,0
agentsight,b5bc34dabe6a,complete,codex:rollout-2026-07-10T14-58-45-019f4e0a-4dcc-74f1-8660-ffcb102ce0a2:3850,codex:rollout-2026-07-10T14-58-45-019f4e0a-4dcc-74f1-8660-ffcb102ce0a2:3853,9883,9886,3,28730,1,1,1,0,0,0
agentsight,b5bc34dabe6a,complete,codex:rollout-2026-07-10T14-58-45-019f4e0a-4dcc-74f1-8660-ffcb102ce0a2:3853,codex:rollout-2026-07-10T14-58-45-019f4e0a-4dcc-74f1-8660-ffcb102ce0a2:3856,9886,9889,3,22764,1,1,1,0,0,0
agentsight,b5bc34dabe6a,complete,codex:rollout-2026-07-10T14-58-45-019f4e0a-4dcc-74f1-8660-ffcb102ce0a2:3856,codex:rollout-2026-07-10T14-58-45-019f4e0a-4dcc-74f1-8660-ffcb102ce0a2:3859,9889,9892,3,24263,1,1,1,0,0,0
agentsight,b5bc34dabe6a,complete,codex:rollout-2026-07-10T14-58-45-019f4e0a-4dcc-74f1-8660-ffcb102ce0a2:3859,codex:rollout-2026-07-10T14-58-45-019f4e0a-4dcc-74f1-8660-ffcb102ce0a2:3862,9892,9895,3,23799,1,1,1,0,0,0
agentsight,b5bc34dabe6a,complete,codex:rollout-2026-07-10T14-58-45-019f4e0a-4dcc-74f1-8660-ffcb102ce0a2:3862,codex:rollout-2026-07-10T14-58-45-019f4e0a-4dcc-74f1-8660-ffcb102ce0a2:3888,9895,9913,18,376029,1,11,2,0,0,0
agentsight,b5bc34dabe6a,complete,codex:rollout-2026-07-10T14-58-45-019f4e0a-4dcc-74f1-8660-ffcb102ce0a2:3888,codex:rollout-2026-07-10T14-58-45-019f4e0a-4dcc-74f1-8660-ffcb102ce0a2:3974,9913,9981,68,1893421,2,22,5,0,0,0
agentsight,b5bc34dabe6a,complete,codex:rollout-2026-07-10T14-58-45-019f4e0a-4dcc-74f1-8660-ffcb102ce0a2:3974,codex:rollout-2026-07-10T14-58-45-019f4e0a-4dcc-74f1-8660-ffcb102ce0a2:3977,9981,9984,3,66895,1,2,1,0,0,0
agentsight,b5bc34dabe6a,complete,codex:rollout-2026-07-10T14-58-45-019f4e0a-4dcc-74f1-8660-ffcb102ce0a2:3977,codex:rollout-2026-07-10T14-58-45-019f4e0a-4dcc-74f1-8660-ffcb102ce0a2:3980,9984,9987,3,46398,1,1,1,0,0,0
agentsight,b5bc34dabe6a,complete,codex:rollout-2026-07-10T14-58-45-019f4e0a-4dcc-74f1-8660-ffcb102ce0a2:3980,codex:rollout-2026-07-10T14-58-45-019f4e0a-4dcc-74f1-8660-ffcb102ce0a2:3982,9987,9989,2,32208,1,1,1,0,0,0
agentsight,b5bc34dabe6a,complete,codex:rollout-2026-07-10T14-58-45-019f4e0a-4dcc-74f1-8660-ffcb102ce0a2:3982,codex:rollout-2026-07-10T14-58-45-019f4e0a-4dcc-74f1-8660-ffcb102ce0a2:4039,9989,10082,93,1079939,2,11,4,0,0,0
agentsight,b5bc34dabe6a,complete,codex:rollout-2026-07-10T14-58-45-019f4e0a-4dcc-74f1-8660-ffcb102ce0a2:4039,codex:rollout-2026-07-10T14-58-45-019f4e0a-4dcc-74f1-8660-ffcb102ce0a2:4080,10082,10139,57,625130,3,11,10,0,0,0
agentsight,b5bc34dabe6a,complete,codex:rollout-2026-07-10T14-58-45-019f4e0a-4dcc-74f1-8660-ffcb102ce0a2:4080,codex:rollout-2026-07-10T14-58-45-019f4e0a-4dcc-74f1-8660-ffcb102ce0a2:4278,10139,10267,128,3965262,4,43,27,0,0,0
agentsight,b5bc34dabe6a,complete,codex:rollout-2026-07-10T14-58-45-019f4e0a-4dcc-74f1-8660-ffcb102ce0a2:4278,codex:rollout-2026-07-10T14-58-45-019f4e0a-4dcc-74f1-8660-ffcb102ce0a2:4296,10267,10280,13,361679,2,5,2,0,0,0
agentsight,b5bc34dabe6a,complete,codex:rollout-2026-07-10T14-58-45-019f4e0a-4dcc-74f1-8660-ffcb102ce0a2:4296,codex:rollout-2026-07-10T14-58-45-019f4e0a-4dcc-74f1-8660-ffcb102ce0a2:4314,10280,10296,16,319866,2,4,2,0,0,0
agentsight,b5bc34dabe6a,complete,codex:rollout-2026-07-10T14-58-45-019f4e0a-4dcc-74f1-8660-ffcb102ce0a2:4314,codex:rollout-2026-07-10T14-58-45-019f4e0a-4dcc-74f1-8660-ffcb102ce0a2:4330,10296,10310,14,308099,2,7,2,0,0,0
agentsight,b5bc34dabe6a,complete,codex:rollout-2026-07-10T14-58-45-019f4e0a-4dcc-74f1-8660-ffcb102ce0a2:4330,codex:rollout-2026-07-10T14-58-45-019f4e0a-4dcc-74f1-8660-ffcb102ce0a2:4338,10310,10317,7,113504,1,4,2,0,0,0
agentsight,b5bc34dabe6a,complete,codex:rollout-2026-07-10T14-58-45-019f4e0a-4dcc-74f1-8660-ffcb102ce0a2:4338,codex:rollout-2026-07-10T14-58-45-019f4e0a-4dcc-74f1-8660-ffcb102ce0a2:4361,10317,10345,28,384937,2,8,2,0,0,0
agentsight,b5bc34dabe6a,complete,codex:rollout-2026-07-10T14-58-45-019f4e0a-4dcc-74f1-8660-ffcb102ce0a2:4361,codex:rollout-2026-07-10T14-58-45-019f4e0a-4dcc-74f1-8660-ffcb102ce0a2:4382,10345,10363,18,426606,2,8,2,0,0,0
agentsight,b5bc34dabe6a,complete,codex:rollout-2026-07-10T14-58-45-019f4e0a-4dcc-74f1-8660-ffcb102ce0a2:4382,codex:rollout-2026-07-10T14-58-45-019f4e0a-4dcc-74f1-8660-ffcb102ce0a2:4408,10363,10384,21,433526,2,12,2,0,0,0
agentsight,b5bc34dabe6a,complete,codex:rollout-2026-07-10T14-58-45-019f4e0a-4dcc-74f1-8660-ffcb102ce0a2:4408,codex:rollout-2026-07-10T14-58-45-019f4e0a-4dcc-74f1-8660-ffcb102ce0a2:4445,10384,10415,31,703258,2,12,2,0,0,0
agentsight,b5bc34dabe6a,complete,codex:rollout-2026-07-10T14-58-45-019f4e0a-4dcc-74f1-8660-ffcb102ce0a2:4445,codex:rollout-2026-07-10T14-58-45-019f4e0a-4dcc-74f1-8660-ffcb102ce0a2:4449,10415,10419,4,50845,1,2,1,0,0,0
agentsight,b5bc34dabe6a,complete,codex:rollout-2026-07-10T14-58-45-019f4e0a-4dcc-74f1-8660-ffcb102ce0a2:4449,codex:rollout-2026-07-10T14-58-45-019f4e0a-4dcc-74f1-8660-ffcb102ce0a2:4470,10419,10439,20,373420,2,9,2,0,0,0
agentsight,b5bc34dabe6a,complete,codex:rollout-2026-07-10T14-58-45-019f4e0a-4dcc-74f1-8660-ffcb102ce0a2:4470,codex:rollout-2026-07-10T14-58-45-019f4e0a-4dcc-74f1-8660-ffcb102ce0a2:4475,10439,10443,4,43367,1,2,1,0,0,0
agentsight,b5bc34dabe6a,complete,codex:rollout-2026-07-10T14-58-45-019f4e0a-4dcc-74f1-8660-ffcb102ce0a2:4475,codex:rollout-2026-07-10T14-58-45-019f4e0a-4dcc-74f1-8660-ffcb102ce0a2:6864,10443,12315,1872,49070504,33,390,117,0,0,0
agentsight,b5bc34dabe6a,complete,codex:rollout-2026-07-10T14-58-45-019f4e0a-4dcc-74f1-8660-ffcb102ce0a2:6864,codex:rollout-2026-07-10T14-58-45-019f4e0a-4dcc-74f1-8660-ffcb102ce0a2:6911,12315,12346,31,1243816,3,8,2,0,0,0
agentsight,b5bc34dabe6a,complete,codex:rollout-2026-07-10T14-58-45-019f4e0a-4dcc-74f1-8660-ffcb102ce0a2:6911,codex:rollout-2026-07-10T14-58-45-019f4e0a-4dcc-74f1-8660-ffcb102ce0a2:7014,12346,12440,94,2098720,5,24,5,0,0,0
agentsight,b5bc34dabe6a,complete,codex:rollout-2026-07-10T14-58-45-019f4e0a-4dcc-74f1-8660-ffcb102ce0a2:7014,codex:rollout-2026-07-10T14-58-45-019f4e0a-4dcc-74f1-8660-ffcb102ce0a2:7016,12440,12442,2,33941,1,1,1,0,0,0
agentsight,b5bc34dabe6a,complete,codex:rollout-2026-07-10T14-58-45-019f4e0a-4dcc-74f1-8660-ffcb102ce0a2:7016,codex:rollout-2026-07-10T14-58-45-019f4e0a-4dcc-74f1-8660-ffcb102ce0a2:7046,12442,12467,25,586858,2,4,2,0,0,0
agentsight,b5bc34dabe6a,complete,codex:rollout-2026-07-10T14-58-45-019f4e0a-4dcc-74f1-8660-ffcb102ce0a2:7046,codex:rollout-2026-07-10T14-58-45-019f4e0a-4dcc-74f1-8660-ffcb102ce0a2:8761,12467,14151,1684,33095990,37,189,72,0,1,0
agentsight,b5bc34dabe6a,complete,codex:rollout-2026-07-10T14-58-45-019f4e0a-4dcc-74f1-8660-ffcb102ce0a2:8761,codex:rollout-2026-07-10T14-58-45-019f4e0a-4dcc-74f1-8660-ffcb102ce0a2:10784,14151,15355,1204,35419024,35,176,84,0,0,0
agentsight,b5bc34dabe6a,complete,codex:rollout-2026-07-10T14-58-45-019f4e0a-4dcc-74f1-8660-ffcb102ce0a2:10784,codex:rollout-2026-07-10T14-58-45-019f4e0a-4dcc-74f1-8660-ffcb102ce0a2:10791,15355,15362,7,103899,1,4,1,0,0,0
agentsight,b5bc34dabe6a,complete,codex:rollout-2026-07-10T14-58-45-019f4e0a-4dcc-74f1-8660-ffcb102ce0a2:10791,codex:rollout-2026-07-10T14-58-45-019f4e0a-4dcc-74f1-8660-ffcb102ce0a2:10795,15362,15366,4,30178,1,1,1,0,0,0
agentsight,b5bc34dabe6a,complete,codex:rollout-2026-07-10T14-58-45-019f4e0a-4dcc-74f1-8660-ffcb102ce0a2:10795,codex:rollout-2026-07-10T14-58-45-019f4e0a-4dcc-74f1-8660-ffcb102ce0a2:10798,15366,15369,3,18633,1,1,1,0,0,0
agentsight,b5bc34dabe6a,complete,codex:rollout-2026-07-10T14-58-45-019f4e0a-4dcc-74f1-8660-ffcb102ce0a2:10798,codex:rollout-2026-07-10T14-58-45-019f4e0a-4dcc-74f1-8660-ffcb102ce0a2:10802,15369,15373,4,41397,1,1,1,0,0,0
agentsight,b5bc34dabe6a,complete,codex:rollout-2026-07-10T14-58-45-019f4e0a-4dcc-74f1-8660-ffcb102ce0a2:10802,codex:rollout-2026-07-10T14-58-45-019f4e0a-4dcc-74f1-8660-ffcb102ce0a2:10819,15373,15389,16,361145,2,5,2,0,0,0
agentsight,b5bc34dabe6a,complete,codex:rollout-2026-07-10T14-58-45-019f4e0a-4dcc-74f1-8660-ffcb102ce0a2:10819,codex:rollout-2026-07-10T14-58-45-019f4e0a-4dcc-74f1-8660-ffcb102ce0a2:10840,15389,15417,28,312918,2,2,2,0,0,0
agentsight,b5bc34dabe6a,complete,codex:rollout-2026-07-10T14-58-45-019f4e0a-4dcc-74f1-8660-ffcb102ce0a2:10840,codex:rollout-2026-07-10T14-58-45-019f4e0a-4dcc-74f1-8660-ffcb102ce0a2:10856,15417,15433,16,313852,2,4,2,0,0,0
agentsight,b5bc34dabe6a,complete,codex:rollout-2026-07-10T14-58-45-019f4e0a-4dcc-74f1-8660-ffcb102ce0a2:10856,codex:rollout-2026-07-10T14-58-45-019f4e0a-4dcc-74f1-8660-ffcb102ce0a2:10963,15433,15533,100,1654539,2,24,3,0,0,0
agentsight,b5bc34dabe6a,complete,codex:rollout-2026-07-10T14-58-45-019f4e0a-4dcc-74f1-8660-ffcb102ce0a2:10963,codex:rollout-2026-07-10T14-58-45-019f4e0a-4dcc-74f1-8660-ffcb102ce0a2:11244,15533,15866,333,5007202,26,58,36,0,1,0
agentsight,b5bc34dabe6a,complete,codex:rollout-2026-07-10T14-58-45-019f4e0a-4dcc-74f1-8660-ffcb102ce0a2:11244,codex:rollout-2026-07-10T14-58-45-019f4e0a-4dcc-74f1-8660-ffcb102ce0a2:11253,15866,15886,20,334014,2,2,2,0,0,0
agentsight,b5bc34dabe6a,complete,codex:rollout-2026-07-10T14-58-45-019f4e0a-4dcc-74f1-8660-ffcb102ce0a2:11253,codex:rollout-2026-07-10T14-58-45-019f4e0a-4dcc-74f1-8660-ffcb102ce0a2:11262,15886,15895,9,192764,1,3,3,0,0,0
agentsight,b5bc34dabe6a,complete,codex:rollout-2026-07-10T14-58-45-019f4e0a-4dcc-74f1-8660-ffcb102ce0a2:11262,codex:rollout-2026-07-10T14-58-45-019f4e0a-4dcc-74f1-8660-ffcb102ce0a2:11275,15895,15920,25,438667,2,4,3,0,0,0
agentsight,b5bc34dabe6a,complete,codex:rollout-2026-07-10T14-58-45-019f4e0a-4dcc-74f1-8660-ffcb102ce0a2:11275,codex:rollout-2026-07-10T14-58-45-019f4e0a-4dcc-74f1-8660-ffcb102ce0a2:11289,15920,15935,15,400365,2,2,2,0,0,0
agentsight,b5bc34dabe6a,complete,codex:rollout-2026-07-10T14-58-45-019f4e0a-4dcc-74f1-8660-ffcb102ce0a2:11289,codex:rollout-2026-07-10T14-58-45-019f4e0a-4dcc-74f1-8660-ffcb102ce0a2:11307,15935,15952,17,427844,2,7,2,0,0,0
agentsight,b5bc34dabe6a,complete,codex:rollout-2026-07-10T14-58-45-019f4e0a-4dcc-74f1-8660-ffcb102ce0a2:11307,codex:rollout-2026-07-10T14-58-45-019f4e0a-4dcc-74f1-8660-ffcb102ce0a2:11640,15952,16367,415,5891508,9,76,24,0,0,0
agentsight,b5bc34dabe6a,complete,codex:rollout-2026-07-10T14-58-45-019f4e0a-4dcc-74f1-8660-ffcb102ce0a2:11640,codex:rollout-2026-07-10T14-58-45-019f4e0a-4dcc-74f1-8660-ffcb102ce0a2:11642,16367,16369,2,11280,1,0,0,0,0,0
agentsight,b5bc34dabe6a,complete,codex:rollout-2026-07-10T14-58-45-019f4e0a-4dcc-74f1-8660-ffcb102ce0a2:11642,codex:rollout-2026-07-10T14-58-45-019f4e0a-4dcc-74f1-8660-ffcb102ce0a2:11737,16369,16472,103,1998563,6,18,16,0,0,0
agentsight,b5bc34dabe6a,complete,codex:rollout-2026-07-10T14-58-45-019f4e0a-4dcc-74f1-8660-ffcb102ce0a2:11737,codex:rollout-2026-07-10T14-58-45-019f4e0a-4dcc-74f1-8660-ffcb102ce0a2:11923,16472,16648,176,2978262,8,36,24,0,0,0
agentsight,b5bc34dabe6a,complete,codex:rollout-2026-07-10T14-58-45-019f4e0a-4dcc-74f1-8660-ffcb102ce0a2:11923,codex:rollout-2026-07-10T14-58-45-019f4e0a-4dcc-74f1-8660-ffcb102ce0a2:11926,16648,16651,3,34437,1,1,1,0,0,0
agentsight,b5bc34dabe6a,complete,codex:rollout-2026-07-10T14-58-45-019f4e0a-4dcc-74f1-8660-ffcb102ce0a2:11926,codex:rollout-2026-07-10T14-58-45-019f4e0a-4dcc-74f1-8660-ffcb102ce0a2:11928,16651,16653,2,22836,1,1,1,0,0,0
agentsight,b5bc34dabe6a,complete,codex:rollout-2026-07-10T14-58-45-019f4e0a-4dcc-74f1-8660-ffcb102ce0a2:11928,codex:rollout-2026-07-10T14-58-45-019f4e0a-4dcc-74f1-8660-ffcb102ce0a2:11930,16653,16655,2,27847,1,1,1,0,0,0
agentsight,b5bc34dabe6a,complete,codex:rollout-2026-07-10T14-58-45-019f4e0a-4dcc-74f1-8660-ffcb102ce0a2:11930,codex:rollout-2026-07-10T14-58-45-019f4e0a-4dcc-74f1-8660-ffcb102ce0a2:11934,16655,16659,4,37921,1,2,2,0,0,0
agentsight,b5bc34dabe6a,complete,codex:rollout-2026-07-10T14-58-45-019f4e0a-4dcc-74f1-8660-ffcb102ce0a2:11934,codex:rollout-2026-07-10T14-58-45-019f4e0a-4dcc-74f1-8660-ffcb102ce0a2:11946,16659,16671,12,218808,2,3,3,0,0,0
agentsight,b5bc34dabe6a,complete,codex:rollout-2026-07-10T14-58-45-019f4e0a-4dcc-74f1-8660-ffcb102ce0a2:11946,codex:rollout-2026-07-10T14-58-45-019f4e0a-4dcc-74f1-8660-ffcb102ce0a2:12110,16671,16908,237,3318612,11,32,29,0,0,0
agentsight,b5bc34dabe6a,complete,codex:rollout-2026-07-10T14-58-45-019f4e0a-4dcc-74f1-8660-ffcb102ce0a2:12110,codex:rollout-2026-07-10T14-58-45-019f4e0a-4dcc-74f1-8660-ffcb102ce0a2:12491,16908,17238,330,13360832,13,49,26,0,0,0
agentsight,b5bc34dabe6a,complete,codex:rollout-2026-07-10T14-58-45-019f4e0a-4dcc-74f1-8660-ffcb102ce0a2:12491,codex:rollout-2026-07-10T14-58-45-019f4e0a-4dcc-74f1-8660-ffcb102ce0a2:12496,17238,17243,5,54272,1,4,3,0,0,0
agentsight,b5bc34dabe6a,complete,codex:rollout-2026-07-10T14-58-45-019f4e0a-4dcc-74f1-8660-ffcb102ce0a2:12496,codex:rollout-2026-07-10T14-58-45-019f4e0a-4dcc-74f1-8660-ffcb102ce0a2:12497,17243,17244,1,4383,1,0,0,0,0,0
agentsight,b5bc34dabe6a,complete,codex:rollout-2026-07-10T14-58-45-019f4e0a-4dcc-74f1-8660-ffcb102ce0a2:12497,codex:rollout-2026-07-10T14-58-45-019f4e0a-4dcc-74f1-8660-ffcb102ce0a2:12498,17244,17245,1,7670,1,0,0,0,0,0
agentsight,b5bc34dabe6a,complete,codex:rollout-2026-07-10T14-58-45-019f4e0a-4dcc-74f1-8660-ffcb102ce0a2:12498,codex:rollout-2026-07-10T14-58-45-019f4e0a-4dcc-74f1-8660-ffcb102ce0a2:12502,17245,17249,4,149952,1,2,2,0,0,0
agentsight,b5bc34dabe6a,complete,codex:rollout-2026-07-10T14-58-45-019f4e0a-4dcc-74f1-8660-ffcb102ce0a2:12502,codex:rollout-2026-07-10T14-58-45-019f4e0a-4dcc-74f1-8660-ffcb102ce0a2:12517,17249,17278,29,219190,3,7,4,0,0,0
agentsight,b5bc34dabe6a,complete,codex:rollout-2026-07-10T14-58-45-019f4e0a-4dcc-74f1-8660-ffcb102ce0a2:12517,codex:rollout-2026-07-14T15-13-00-019f62b0-c7df-78d3-a82c-28946ccf0ef7:10,17278,17281,3,12330,2,0,0,0,0,0
agentsight,b5bc34dabe6a,complete,codex:rollout-2026-07-14T15-13-00-019f62b0-c7df-78d3-a82c-28946ccf0ef7:10,codex:rollout-2026-07-14T15-13-00-019f62b0-c7df-78d3-a82c-28946ccf0ef7:11,17281,17283,2,5212,2,0,0,0,0,0
agentsight,b5bc34dabe6a,complete,codex:rollout-2026-07-14T15-13-00-019f62b0-c7df-78d3-a82c-28946ccf0ef7:11,codex:rollout-2026-07-14T15-13-00-019f62b0-c7df-78d3-a82c-28946ccf0ef7:24,17283,17306,23,125509,3,2,2,0,0,0
agentsight,b5bc34dabe6a,complete,codex:rollout-2026-07-14T15-13-00-019f62b0-c7df-78d3-a82c-28946ccf0ef7:24,codex:rollout-2026-07-14T15-13-00-019f62b0-c7df-78d3-a82c-28946ccf0ef7:32,17306,17320,14,123901,3,4,4,0,0,0
agentsight,b5bc34dabe6a,complete,codex:rollout-2026-07-14T15-13-00-019f62b0-c7df-78d3-a82c-28946ccf0ef7:32,codex:rollout-2026-07-10T14-58-45-019f4e0a-4dcc-74f1-8660-ffcb102ce0a2:12535,17320,17331,11,84732,2,5,4,0,0,0
agentsight,b5bc34dabe6a,complete,codex:rollout-2026-07-10T14-58-45-019f4e0a-4dcc-74f1-8660-ffcb102ce0a2:12535,codex:rollout-2026-07-14T15-13-00-019f62b0-c7df-78d3-a82c-28946ccf0ef7:44,17331,17334,3,13988,2,0,0,0,0,0
agentsight,b5bc34dabe6a,complete,codex:rollout-2026-07-14T15-13-00-019f62b0-c7df-78d3-a82c-28946ccf0ef7:44,codex:rollout-2026-07-10T14-58-45-019f4e0a-4dcc-74f1-8660-ffcb102ce0a2:12542,17334,17341,7,170192,2,3,3,0,0,0
agentsight,b5bc34dabe6a,complete,codex:rollout-2026-07-10T14-58-45-019f4e0a-4dcc-74f1-8660-ffcb102ce0a2:12542,codex:rollout-2026-07-10T14-58-45-019f4e0a-4dcc-74f1-8660-ffcb102ce0a2:12634,17341,17415,74,1064194,1,12,9,0,0,0
agentsight,b5bc34dabe6a,complete,codex:rollout-2026-07-10T14-58-45-019f4e0a-4dcc-74f1-8660-ffcb102ce0a2:12634,codex:rollout-2026-07-10T14-58-45-019f4e0a-4dcc-74f1-8660-ffcb102ce0a2:12637,17415,17418,3,34756,1,1,1,0,0,0
agentsight,b5bc34dabe6a,complete,codex:rollout-2026-07-10T14-58-45-019f4e0a-4dcc-74f1-8660-ffcb102ce0a2:12637,codex:rollout-2026-07-10T14-58-45-019f4e0a-4dcc-74f1-8660-ffcb102ce0a2:12639,17418,17420,2,17944,1,1,1,0,0,0
agentsight,b5bc34dabe6a,complete,codex:rollout-2026-07-10T14-58-45-019f4e0a-4dcc-74f1-8660-ffcb102ce0a2:12639,codex:rollout-2026-07-10T14-58-45-019f4e0a-4dcc-74f1-8660-ffcb102ce0a2:12641,17420,17422,2,20897,1,1,1,0,0,0
agentsight,b5bc34dabe6a,complete,codex:rollout-2026-07-10T14-58-45-019f4e0a-4dcc-74f1-8660-ffcb102ce0a2:12641,codex:rollout-2026-07-10T14-58-45-019f4e0a-4dcc-74f1-8660-ffcb102ce0a2:12642,17422,17423,1,7825,1,0,0,0,0,0
agentsight,b5bc34dabe6a,complete,codex:rollout-2026-07-10T14-58-45-019f4e0a-4dcc-74f1-8660-ffcb102ce0a2:12642,codex:rollout-2026-07-10T14-58-45-019f4e0a-4dcc-74f1-8660-ffcb102ce0a2:12733,17423,17541,118,1757494,5,14,7,0,0,0
agentsight,b5bc34dabe6a,complete,codex:rollout-2026-07-10T14-58-45-019f4e0a-4dcc-74f1-8660-ffcb102ce0a2:12733,codex:rollout-2026-07-10T14-58-45-019f4e0a-4dcc-74f1-8660-ffcb102ce0a2:12745,17541,17552,11,136150,1,3,3,0,0,0
agentsight,b5bc34dabe6a,complete,codex:rollout-2026-07-10T14-58-45-019f4e0a-4dcc-74f1-8660-ffcb102ce0a2:12745,codex:rollout-2026-07-10T14-58-45-019f4e0a-4dcc-74f1-8660-ffcb102ce0a2:12746,17552,17554,2,3400,2,0,0,0,0,0
agentsight,b5bc34dabe6a,complete,codex:rollout-2026-07-10T14-58-45-019f4e0a-4dcc-74f1-8660-ffcb102ce0a2:12746,codex:rollout-2026-07-10T14-58-45-019f4e0a-4dcc-74f1-8660-ffcb102ce0a2:12998,17554,17793,239,4948033,8,36,21,0,0,0
agentsight,b5bc34dabe6a,complete,codex:rollout-2026-07-10T14-58-45-019f4e0a-4dcc-74f1-8660-ffcb102ce0a2:12998,codex:rollout-2026-07-10T14-58-45-019f4e0a-4dcc-74f1-8660-ffcb102ce0a2:13012,17793,17805,12,137324,1,7,5,0,0,0
agentsight,b5bc34dabe6a,complete,codex:rollout-2026-07-10T14-58-45-019f4e0a-4dcc-74f1-8660-ffcb102ce0a2:13012,codex:rollout-2026-07-10T14-58-45-019f4e0a-4dcc-74f1-8660-ffcb102ce0a2:13017,17805,17810,5,121982,1,3,1,0,0,0
agentsight,b5bc34dabe6a,complete,codex:rollout-2026-07-10T14-58-45-019f4e0a-4dcc-74f1-8660-ffcb102ce0a2:13017,codex:rollout-2026-07-10T14-58-45-019f4e0a-4dcc-74f1-8660-ffcb102ce0a2:13021,17810,17814,4,82024,1,2,1,0,0,0
agentsight,b5bc34dabe6a,complete,codex:rollout-2026-07-10T14-58-45-019f4e0a-4dcc-74f1-8660-ffcb102ce0a2:13021,codex:rollout-2026-07-10T14-58-45-019f4e0a-4dcc-74f1-8660-ffcb102ce0a2:13023,17814,17816,2,16935,1,1,1,0,0,0
agentsight,b5bc34dabe6a,complete,codex:rollout-2026-07-10T14-58-45-019f4e0a-4dcc-74f1-8660-ffcb102ce0a2:13023,codex:rollout-2026-07-10T14-58-45-019f4e0a-4dcc-74f1-8660-ffcb102ce0a2:13025,17816,17818,2,20113,1,1,1,0,0,0
agentsight,b5bc34dabe6a,complete,codex:rollout-2026-07-10T14-58-45-019f4e0a-4dcc-74f1-8660-ffcb102ce0a2:13025,codex:rollout-2026-07-10T14-58-45-019f4e0a-4dcc-74f1-8660-ffcb102ce0a2:13030,17818,17822,4,53022,1,1,1,0,0,0
agentsight,b5bc34dabe6a,complete,codex:rollout-2026-07-10T14-58-45-019f4e0a-4dcc-74f1-8660-ffcb102ce0a2:13030,codex:rollout-2026-07-10T14-58-45-019f4e0a-4dcc-74f1-8660-ffcb102ce0a2:13305,17822,18142,320,28307643,9,41,24,0,0,0
agentsight,b5bc34dabe6a,complete,codex:rollout-2026-07-10T14-58-45-019f4e0a-4dcc-74f1-8660-ffcb102ce0a2:13305,codex:rollout-2026-07-10T14-58-45-019f4e0a-4dcc-74f1-8660-ffcb102ce0a2:13307,18142,18144,2,17442,1,1,1,0,0,0
agentsight,b5bc34dabe6a,complete,codex:rollout-2026-07-10T14-58-45-019f4e0a-4dcc-74f1-8660-ffcb102ce0a2:13307,codex:rollout-2026-07-10T14-58-45-019f4e0a-4dcc-74f1-8660-ffcb102ce0a2:13309,18144,18146,2,13387,1,1,1,0,0,0
agentsight,b5bc34dabe6a,complete,codex:rollout-2026-07-10T14-58-45-019f4e0a-4dcc-74f1-8660-ffcb102ce0a2:13309,codex:rollout-2026-07-10T14-58-45-019f4e0a-4dcc-74f1-8660-ffcb102ce0a2:13315,18146,18152,6,113420,1,5,2,0,0,0
agentsight,b5bc34dabe6a,complete,codex:rollout-2026-07-10T14-58-45-019f4e0a-4dcc-74f1-8660-ffcb102ce0a2:13315,codex:rollout-2026-07-10T14-58-45-019f4e0a-4dcc-74f1-8660-ffcb102ce0a2:13316,18152,18153,1,5176,1,0,0,0,0,0
agentsight,b5bc34dabe6a,complete,codex:rollout-2026-07-10T14-58-45-019f4e0a-4dcc-74f1-8660-ffcb102ce0a2:13316,codex:rollout-2026-07-10T14-58-45-019f4e0a-4dcc-74f1-8660-ffcb102ce0a2:13319,18153,18156,3,54022,1,2,2,0,0,0
agentsight,b5bc34dabe6a,complete,codex:rollout-2026-07-10T14-58-45-019f4e0a-4dcc-74f1-8660-ffcb102ce0a2:13319,codex:rollout-2026-07-10T14-58-45-019f4e0a-4dcc-74f1-8660-ffcb102ce0a2:13321,18156,18158,2,14472,1,1,1,0,0,0
agentsight,b5bc34dabe6a,complete,codex:rollout-2026-07-10T14-58-45-019f4e0a-4dcc-74f1-8660-ffcb102ce0a2:13321,codex:rollout-2026-07-10T14-58-45-019f4e0a-4dcc-74f1-8660-ffcb102ce0a2:13322,18158,18159,1,18084,1,0,0,0,0,0
agentsight,b5bc34dabe6a,complete,codex:rollout-2026-07-10T14-58-45-019f4e0a-4dcc-74f1-8660-ffcb102ce0a2:13322,codex:rollout-2026-07-10T14-58-45-019f4e0a-4dcc-74f1-8660-ffcb102ce0a2:13326,18159,18163,4,38447,1,1,1,0,0,0
agentsight,b5bc34dabe6a,complete,codex:rollout-2026-07-10T14-58-45-019f4e0a-4dcc-74f1-8660-ffcb102ce0a2:13326,codex:rollout-2026-07-10T14-58-45-019f4e0a-4dcc-74f1-8660-ffcb102ce0a2:13328,18163,18165,2,35529,1,2,2,0,0,0
agentsight,b5bc34dabe6a,complete,codex:rollout-2026-07-10T14-58-45-019f4e0a-4dcc-74f1-8660-ffcb102ce0a2:13328,codex:rollout-2026-07-10T14-58-45-019f4e0a-4dcc-74f1-8660-ffcb102ce0a2:13345,18165,18187,22,338771,2,4,3,0,0,0
agentsight,b5bc34dabe6a,complete,codex:rollout-2026-07-10T14-58-45-019f4e0a-4dcc-74f1-8660-ffcb102ce0a2:13345,codex:rollout-2026-07-10T14-58-45-019f4e0a-4dcc-74f1-8660-ffcb102ce0a2:13349,18187,18191,4,38638,2,1,1,0,0,0
agentsight,b5bc34dabe6a,complete,codex:rollout-2026-07-10T14-58-45-019f4e0a-4dcc-74f1-8660-ffcb102ce0a2:13349,codex:rollout-2026-07-10T14-58-45-019f4e0a-4dcc-74f1-8660-ffcb102ce0a2:13403,18191,18255,64,1034555,5,12,8,0,0,0
agentsight,b5bc34dabe6a,complete,codex:rollout-2026-07-10T14-58-45-019f4e0a-4dcc-74f1-8660-ffcb102ce0a2:13403,codex:rollout-2026-07-15T02-04-12-019f6504-f809-7382-8fc1-4b078c439d1f:11,18255,18289,34,158488,3,5,3,0,0,0
agentsight,b5bc34dabe6a,complete,codex:rollout-2026-07-15T02-04-12-019f6504-f809-7382-8fc1-4b078c439d1f:11,codex:rollout-2026-07-10T14-58-45-019f4e0a-4dcc-74f1-8660-ffcb102ce0a2:13432,18289,18314,25,237436,3,1,1,0,0,0
agentsight,b5bc34dabe6a,complete,codex:rollout-2026-07-10T14-58-45-019f4e0a-4dcc-74f1-8660-ffcb102ce0a2:13432,codex:rollout-2026-07-10T14-58-45-019f4e0a-4dcc-74f1-8660-ffcb102ce0a2:13455,18314,18329,15,359048,2,6,3,0,0,0
agentsight,b5bc34dabe6a,complete,codex:rollout-2026-07-10T14-58-45-019f4e0a-4dcc-74f1-8660-ffcb102ce0a2:13455,codex:rollout-2026-07-10T14-58-45-019f4e0a-4dcc-74f1-8660-ffcb102ce0a2:13457,18329,18331,2,17656,1,1,1,0,0,0
agentsight,b5bc34dabe6a,complete,codex:rollout-2026-07-10T14-58-45-019f4e0a-4dcc-74f1-8660-ffcb102ce0a2:13457,codex:rollout-2026-07-10T14-58-45-019f4e0a-4dcc-74f1-8660-ffcb102ce0a2:13471,18331,18348,17,223183,3,1,1,0,0,0
agentsight,b5bc34dabe6a,complete,codex:rollout-2026-07-10T14-58-45-019f4e0a-4dcc-74f1-8660-ffcb102ce0a2:13471,codex:rollout-2026-07-10T14-58-45-019f4e0a-4dcc-74f1-8660-ffcb102ce0a2:13476,18348,18352,4,89121,2,3,3,0,0,0
agentsight,b5bc34dabe6a,complete,codex:rollout-2026-07-10T14-58-45-019f4e0a-4dcc-74f1-8660-ffcb102ce0a2:13476,codex:rollout-2026-07-10T14-58-45-019f4e0a-4dcc-74f1-8660-ffcb102ce0a2:13668,18352,18536,184,3671696,5,36,15,0,0,0
agentsight,b5bc34dabe6a,complete,codex:rollout-2026-07-10T14-58-45-019f4e0a-4dcc-74f1-8660-ffcb102ce0a2:13668,codex:rollout-2026-07-10T14-58-45-019f4e0a-4dcc-74f1-8660-ffcb102ce0a2:13677,18536,18545,9,91887,1,3,2,0,0,0
agentsight,b5bc34dabe6a,complete,codex:rollout-2026-07-10T14-58-45-019f4e0a-4dcc-74f1-8660-ffcb102ce0a2:13677,codex:rollout-2026-07-10T14-58-45-019f4e0a-4dcc-74f1-8660-ffcb102ce0a2:13680,18545,18548,3,18350,1,1,1,0,0,0
agentsight,b5bc34dabe6a,complete,codex:rollout-2026-07-10T14-58-45-019f4e0a-4dcc-74f1-8660-ffcb102ce0a2:13680,codex:rollout-2026-07-10T14-58-45-019f4e0a-4dcc-74f1-8660-ffcb102ce0a2:13683,18548,18551,3,22901,1,1,1,0,0,0
agentsight,b5bc34dabe6a,complete,codex:rollout-2026-07-10T14-58-45-019f4e0a-4dcc-74f1-8660-ffcb102ce0a2:13683,codex:rollout-2026-07-10T14-58-45-019f4e0a-4dcc-74f1-8660-ffcb102ce0a2:13690,18551,18561,10,86199,2,2,2,0,0,0
agentsight,b5bc34dabe6a,complete,codex:rollout-2026-07-10T14-58-45-019f4e0a-4dcc-74f1-8660-ffcb102ce0a2:13690,codex:rollout-2026-07-10T14-58-45-019f4e0a-4dcc-74f1-8660-ffcb102ce0a2:13763,18561,18645,84,1514814,4,18,11,0,0,0
agentsight,b5bc34dabe6a,complete,codex:rollout-2026-07-10T14-58-45-019f4e0a-4dcc-74f1-8660-ffcb102ce0a2:13763,codex:rollout-2026-07-10T14-58-45-019f4e0a-4dcc-74f1-8660-ffcb102ce0a2:13803,18645,18682,37,753250,2,14,9,0,0,0
agentsight,b5bc34dabe6a,complete,codex:rollout-2026-07-10T14-58-45-019f4e0a-4dcc-74f1-8660-ffcb102ce0a2:13803,codex:rollout-2026-07-10T14-58-45-019f4e0a-4dcc-74f1-8660-ffcb102ce0a2:13815,18682,18694,12,159239,1,3,2,0,0,0
agentsight,b5bc34dabe6a,complete,codex:rollout-2026-07-10T14-58-45-019f4e0a-4dcc-74f1-8660-ffcb102ce0a2:13815,codex:rollout-2026-07-15T02-04-12-019f6504-f809-7382-8fc1-4b078c439d1f:79,18694,18709,15,136914,2,1,1,0,0,0
agentsight,b5bc34dabe6a,complete,codex:rollout-2026-07-15T02-04-12-019f6504-f809-7382-8fc1-4b078c439d1f:79,codex:rollout-2026-07-10T14-58-45-019f4e0a-4dcc-74f1-8660-ffcb102ce0a2:13863,18709,18741,32,659583,3,15,10,0,0,0
agentsight,b5bc34dabe6a,complete,codex:rollout-2026-07-10T14-58-45-019f4e0a-4dcc-74f1-8660-ffcb102ce0a2:13863,codex:rollout-2026-07-15T03-48-28-019f6564-6cd5-7613-8169-3fe15ec4dd4e:26,18741,18748,7,116399,2,2,1,0,0,0
agentsight,b5bc34dabe6a,complete,codex:rollout-2026-07-15T03-48-28-019f6564-6cd5-7613-8169-3fe15ec4dd4e:26,codex:rollout-2026-07-10T14-58-45-019f4e0a-4dcc-74f1-8660-ffcb102ce0a2:13900,18748,18773,25,657743,3,15,14,0,0,0
agentsight,b5bc34dabe6a,complete,codex:rollout-2026-07-10T14-58-45-019f4e0a-4dcc-74f1-8660-ffcb102ce0a2:13900,codex:rollout-2026-07-10T14-58-45-019f4e0a-4dcc-74f1-8660-ffcb102ce0a2:13921,18773,18789,16,385516,2,4,4,0,0,0
agentsight,b5bc34dabe6a,complete,codex:rollout-2026-07-10T14-58-45-019f4e0a-4dcc-74f1-8660-ffcb102ce0a2:13921,codex:rollout-2026-07-15T02-04-12-019f6504-f809-7382-8fc1-4b078c439d1f:97,18789,18793,4,74046,1,0,0,0,0,0
agentsight,b5bc34dabe6a,complete,codex:rollout-2026-07-15T02-04-12-019f6504-f809-7382-8fc1-4b078c439d1f:97,codex:rollout-2026-07-15T02-04-12-019f6504-f809-7382-8fc1-4b078c439d1f:98,18793,18794,1,5257,1,0,0,0,0,0
agentsight,b5bc34dabe6a,complete,codex:rollout-2026-07-15T02-04-12-019f6504-f809-7382-8fc1-4b078c439d1f:98,codex:rollout-2026-07-10T14-58-45-019f4e0a-4dcc-74f1-8660-ffcb102ce0a2:14031,18794,18939,145,2014679,4,23,11,0,0,0
agentsight,b5bc34dabe6a,complete,codex:rollout-2026-07-10T14-58-45-019f4e0a-4dcc-74f1-8660-ffcb102ce0a2:14031,codex:rollout-2026-07-10T14-58-45-019f4e0a-4dcc-74f1-8660-ffcb102ce0a2:14035,18939,18943,4,69662,1,1,1,0,0,0
agentsight,b5bc34dabe6a,complete,codex:rollout-2026-07-10T14-58-45-019f4e0a-4dcc-74f1-8660-ffcb102ce0a2:14035,codex:rollout-2026-07-10T14-58-45-019f4e0a-4dcc-74f1-8660-ffcb102ce0a2:14040,18943,18947,4,83707,1,1,1,0,0,0
agentsight,b5bc34dabe6a,complete,codex:rollout-2026-07-10T14-58-45-019f4e0a-4dcc-74f1-8660-ffcb102ce0a2:14040,codex:rollout-2026-07-10T14-58-45-019f4e0a-4dcc-74f1-8660-ffcb102ce0a2:14045,18947,18955,8,67763,3,0,0,0,0,0
agentsight,b5bc34dabe6a,complete,codex:rollout-2026-07-10T14-58-45-019f4e0a-4dcc-74f1-8660-ffcb102ce0a2:14045,codex:rollout-2026-07-10T14-58-45-019f4e0a-4dcc-74f1-8660-ffcb102ce0a2:14097,18955,19014,59,856705,4,14,7,0,0,0
agentsight,b5bc34dabe6a,complete,codex:rollout-2026-07-10T14-58-45-019f4e0a-4dcc-74f1-8660-ffcb102ce0a2:14097,codex:rollout-2026-07-10T14-58-45-019f4e0a-4dcc-74f1-8660-ffcb102ce0a2:14190,19014,19087,73,1652000,2,14,9,0,0,0
agentsight,b5bc34dabe6a,complete,codex:rollout-2026-07-10T14-58-45-019f4e0a-4dcc-74f1-8660-ffcb102ce0a2:14190,codex:rollout-2026-07-10T14-58-45-019f4e0a-4dcc-74f1-8660-ffcb102ce0a2:14191,19087,19088,1,6138,1,0,0,0,0,0
agentsight,b5bc34dabe6a,complete,codex:rollout-2026-07-10T14-58-45-019f4e0a-4dcc-74f1-8660-ffcb102ce0a2:14191,codex:rollout-2026-07-10T14-58-45-019f4e0a-4dcc-74f1-8660-ffcb102ce0a2:14192,19088,19089,1,6261,1,0,0,0,0,0
agentsight,b5bc34dabe6a,complete,codex:rollout-2026-07-10T14-58-45-019f4e0a-4dcc-74f1-8660-ffcb102ce0a2:14192,codex:rollout-2026-07-10T14-58-45-019f4e0a-4dcc-74f1-8660-ffcb102ce0a2:14199,19089,19095,6,142872,1,3,2,0,0,0
agentsight,b5bc34dabe6a,complete,codex:rollout-2026-07-10T14-58-45-019f4e0a-4dcc-74f1-8660-ffcb102ce0a2:14199,codex:rollout-2026-07-10T14-58-45-019f4e0a-4dcc-74f1-8660-ffcb102ce0a2:14201,19095,19096,1,12887,1,0,0,0,0,0
agentsight,b5bc34dabe6a,complete,codex:rollout-2026-07-10T14-58-45-019f4e0a-4dcc-74f1-8660-ffcb102ce0a2:14201,codex:rollout-2026-07-10T14-58-45-019f4e0a-4dcc-74f1-8660-ffcb102ce0a2:14207,19096,19101,5,70468,1,2,2,0,0,0
agentsight,b5bc34dabe6a,complete,codex:rollout-2026-07-10T14-58-45-019f4e0a-4dcc-74f1-8660-ffcb102ce0a2:14207,codex:rollout-2026-07-15T06-05-09-019f65e1-90a0-7200-8f9b-0626b3e432a1:12,19101,19115,14,138885,2,0,0,0,0,0
agentsight,b5bc34dabe6a,complete,codex:rollout-2026-07-15T06-05-09-019f65e1-90a0-7200-8f9b-0626b3e432a1:12,codex:rollout-2026-07-15T06-05-09-019f65e1-90a0-7200-8f9b-0626b3e432a1:14,19115,19117,2,8449,1,0,0,0,0,0
agentsight,b5bc34dabe6a,complete,codex:rollout-2026-07-15T06-05-09-019f65e1-90a0-7200-8f9b-0626b3e432a1:14,codex:rollout-2026-07-15T06-05-09-019f65e1-90a0-7200-8f9b-0626b3e432a1:15,19117,19118,1,4830,1,0,0,0,0,0
agentsight,b5bc34dabe6a,complete,codex:rollout-2026-07-15T06-05-09-019f65e1-90a0-7200-8f9b-0626b3e432a1:15,codex:rollout-2026-07-15T06-05-09-019f65e1-90a0-7200-8f9b-0626b3e432a1:16,19118,19119,1,4660,1,0,0,0,0,0
agentsight,b5bc34dabe6a,complete,codex:rollout-2026-07-15T06-05-09-019f65e1-90a0-7200-8f9b-0626b3e432a1:16,codex:rollout-2026-07-15T06-05-09-019f65e1-90a0-7200-8f9b-0626b3e432a1:19,19119,19122,3,42071,1,0,0,0,0,0
agentsight,b5bc34dabe6a,complete,codex:rollout-2026-07-15T06-05-09-019f65e1-90a0-7200-8f9b-0626b3e432a1:19,codex:rollout-2026-07-10T14-58-45-019f4e0a-4dcc-74f1-8660-ffcb102ce0a2:14248,19122,19162,40,972498,2,12,10,0,0,0
agentsight,b5bc34dabe6a,complete,codex:rollout-2026-07-10T14-58-45-019f4e0a-4dcc-74f1-8660-ffcb102ce0a2:14248,codex:rollout-2026-07-10T14-58-45-019f4e0a-4dcc-74f1-8660-ffcb102ce0a2:14472,19162,19349,187,4314996,6,50,18,0,0,0
agentsight,b5bc34dabe6a,complete,codex:rollout-2026-07-10T14-58-45-019f4e0a-4dcc-74f1-8660-ffcb102ce0a2:14472,codex:rollout-2026-07-10T14-58-45-019f4e0a-4dcc-74f1-8660-ffcb102ce0a2:14473,19349,19350,1,9092,1,0,0,0,0,0
agentsight,b5bc34dabe6a,complete,codex:rollout-2026-07-10T14-58-45-019f4e0a-4dcc-74f1-8660-ffcb102ce0a2:14473,codex:rollout-2026-07-10T14-58-45-019f4e0a-4dcc-74f1-8660-ffcb102ce0a2:14482,19350,19359,9,185682,1,2,2,0,0,0
agentsight,b5bc34dabe6a,complete,codex:rollout-2026-07-10T14-58-45-019f4e0a-4dcc-74f1-8660-ffcb102ce0a2:14482,codex:rollout-2026-07-10T14-58-45-019f4e0a-4dcc-74f1-8660-ffcb102ce0a2:14504,19359,19383,24,524659,2,7,4,0,0,0
agentsight,b5bc34dabe6a,complete,codex:rollout-2026-07-10T14-58-45-019f4e0a-4dcc-74f1-8660-ffcb102ce0a2:14504,codex:rollout-2026-07-15T07-47-08-019f663e-ef76-73c1-9e42-5c79615e05d6:10,19383,19389,6,51046,2,0,0,0,0,0
agentsight,b5bc34dabe6a,complete,codex:rollout-2026-07-15T07-47-08-019f663e-ef76-73c1-9e42-5c79615e05d6:10,codex:rollout-2026-07-15T07-47-08-019f663e-ef76-73c1-9e42-5c79615e05d6:11,19389,19390,1,4346,1,0,0,0,0,0
agentsight,b5bc34dabe6a,complete,codex:rollout-2026-07-15T07-47-08-019f663e-ef76-73c1-9e42-5c79615e05d6:11,codex:rollout-2026-07-10T14-58-45-019f4e0a-4dcc-74f1-8660-ffcb102ce0a2:14511,19390,19392,2,9444,2,0,0,0,0,0
agentsight,b5bc34dabe6a,complete,codex:rollout-2026-07-10T14-58-45-019f4e0a-4dcc-74f1-8660-ffcb102ce0a2:14511,codex:rollout-2026-07-15T07-47-08-019f663e-ef76-73c1-9e42-5c79615e05d6:15,19392,19395,3,105954,1,0,0,0,0,0
agentsight,b5bc34dabe6a,complete,codex:rollout-2026-07-15T07-47-08-019f663e-ef76-73c1-9e42-5c79615e05d6:15,codex:rollout-2026-07-15T07-47-08-019f663e-ef76-73c1-9e42-5c79615e05d6:18,19395,19398,3,70364,2,0,0,0,0,0
agentsight,b5bc34dabe6a,complete,codex:rollout-2026-07-15T07-47-08-019f663e-ef76-73c1-9e42-5c79615e05d6:18,codex:rollout-2026-07-15T07-47-08-019f663e-ef76-73c1-9e42-5c79615e05d6:19,19398,19399,1,9600,1,0,0,0,0,0
agentsight,b5bc34dabe6a,complete,codex:rollout-2026-07-15T07-47-08-019f663e-ef76-73c1-9e42-5c79615e05d6:19,codex:rollout-2026-07-10T14-58-45-019f4e0a-4dcc-74f1-8660-ffcb102ce0a2:14552,19399,19432,33,603791,3,15,11,0,0,0
agentsight,b5bc34dabe6a,complete,codex:rollout-2026-07-10T14-58-45-019f4e0a-4dcc-74f1-8660-ffcb102ce0a2:14552,codex:rollout-2026-07-10T14-58-45-019f4e0a-4dcc-74f1-8660-ffcb102ce0a2:14703,19432,19548,116,2889882,3,26,9,0,0,0
agentsight,b5bc34dabe6a,complete,codex:rollout-2026-07-10T14-58-45-019f4e0a-4dcc-74f1-8660-ffcb102ce0a2:14703,codex:rollout-2026-07-10T14-58-45-019f4e0a-4dcc-74f1-8660-ffcb102ce0a2:14718,19548,19563,15,339679,1,4,3,0,0,0
agentsight,b5bc34dabe6a,complete,codex:rollout-2026-07-10T14-58-45-019f4e0a-4dcc-74f1-8660-ffcb102ce0a2:14718,codex:rollout-2026-07-10T14-58-45-019f4e0a-4dcc-74f1-8660-ffcb102ce0a2:14720,19563,19565,2,44356,1,1,1,0,0,0
agentsight,b5bc34dabe6a,complete,codex:rollout-2026-07-10T14-58-45-019f4e0a-4dcc-74f1-8660-ffcb102ce0a2:14720,codex:rollout-2026-07-15T07-47-08-019f663e-ef76-73c1-9e42-5c79615e05d6:50,19565,19601,36,780795,2,4,4,0,0,0
agentsight,b5bc34dabe6a,complete,codex:rollout-2026-07-15T07-47-08-019f663e-ef76-73c1-9e42-5c79615e05d6:50,codex:rollout-2026-07-15T14-21-20-019f67a7-d60f-7973-b2b3-1fb2c7df060e:17,19601,19618,17,18817009,3,0,0,0,0,0
agentsight,b5bc34dabe6a,complete,codex:rollout-2026-07-15T14-21-20-019f67a7-d60f-7973-b2b3-1fb2c7df060e:17,codex:rollout-2026-07-15T14-21-20-019f67a7-d60f-7973-b2b3-1fb2c7df060e:36,19618,19662,44,946040,2,14,4,0,0,0
agentsight,b5bc34dabe6a,complete,codex:rollout-2026-07-15T14-21-20-019f67a7-d60f-7973-b2b3-1fb2c7df060e:36,codex:rollout-2026-07-10T14-58-45-019f4e0a-4dcc-74f1-8660-ffcb102ce0a2:14811,19662,19667,5,108360,2,1,1,0,0,0
agentsight,b5bc34dabe6a,complete,codex:rollout-2026-07-10T14-58-45-019f4e0a-4dcc-74f1-8660-ffcb102ce0a2:14811,codex:rollout-2026-07-10T14-58-45-019f4e0a-4dcc-74f1-8660-ffcb102ce0a2:14883,19667,19725,58,4222217,3,7,7,0,0,0
agentsight,b5bc34dabe6a,complete,codex:rollout-2026-07-10T14-58-45-019f4e0a-4dcc-74f1-8660-ffcb102ce0a2:14883,codex:rollout-2026-07-15T15-53-19-019f67fc-0e9b-7eb1-a111-238eef6d4962:22,19725,19752,27,257306,2,2,2,0,0,0
agentsight,b5bc34dabe6a,complete,codex:rollout-2026-07-15T15-53-19-019f67fc-0e9b-7eb1-a111-238eef6d4962:22,codex:rollout-2026-07-10T14-58-45-019f4e0a-4dcc-74f1-8660-ffcb102ce0a2:15059,19752,19932,180,4505342,5,24,12,0,0,0
agentsight,b5bc34dabe6a,complete,codex:rollout-2026-07-10T14-58-45-019f4e0a-4dcc-74f1-8660-ffcb102ce0a2:15059,codex:rollout-2026-07-10T14-58-45-019f4e0a-4dcc-74f1-8660-ffcb102ce0a2:15060,19932,19933,1,4492,1,0,0,0,0,0
agentsight,b5bc34dabe6a,complete,codex:rollout-2026-07-10T14-58-45-019f4e0a-4dcc-74f1-8660-ffcb102ce0a2:15060,codex:rollout-2026-07-10T14-58-45-019f4e0a-4dcc-74f1-8660-ffcb102ce0a2:15065,19933,19938,5,83894,1,2,2,0,0,0
agentsight,b5bc34dabe6a,complete,codex:rollout-2026-07-10T14-58-45-019f4e0a-4dcc-74f1-8660-ffcb102ce0a2:15065,codex:rollout-2026-07-10T14-58-45-019f4e0a-4dcc-74f1-8660-ffcb102ce0a2:15068,19938,19941,3,20964,1,1,1,0,0,0
agentsight,b5bc34dabe6a,complete,codex:rollout-2026-07-10T14-58-45-019f4e0a-4dcc-74f1-8660-ffcb102ce0a2:15068,codex:rollout-2026-07-10T14-58-45-019f4e0a-4dcc-74f1-8660-ffcb102ce0a2:15069,19941,19942,1,22102,1,0,0,0,0,0
agentsight,b5bc34dabe6a,complete,codex:rollout-2026-07-10T14-58-45-019f4e0a-4dcc-74f1-8660-ffcb102ce0a2:15069,codex:rollout-2026-07-10T14-58-45-019f4e0a-4dcc-74f1-8660-ffcb102ce0a2:15091,19942,19953,11,497460,1,5,4,0,0,0
agentsight,b5bc34dabe6a,complete,codex:rollout-2026-07-10T14-58-45-019f4e0a-4dcc-74f1-8660-ffcb102ce0a2:15091,codex:rollout-2026-07-10T14-58-45-019f4e0a-4dcc-74f1-8660-ffcb102ce0a2:15092,19953,19954,1,3819,1,0,0,0,0,0
agentsight,b5bc34dabe6a,complete,codex:rollout-2026-07-10T14-58-45-019f4e0a-4dcc-74f1-8660-ffcb102ce0a2:15092,codex:rollout-2026-07-15T17-22-00-019f684d-3f48-7ac0-9dc1-54b5e8641bb6:21,19954,19990,36,432336,3,5,3,0,0,0
agentsight,b5bc34dabe6a,complete,codex:rollout-2026-07-15T17-22-00-019f684d-3f48-7ac0-9dc1-54b5e8641bb6:21,codex:rollout-2026-07-10T14-58-45-019f4e0a-4dcc-74f1-8660-ffcb102ce0a2:15141,19990,20011,21,286219,2,13,7,0,0,0
agentsight,b5bc34dabe6a,complete,codex:rollout-2026-07-10T14-58-45-019f4e0a-4dcc-74f1-8660-ffcb102ce0a2:15141,codex:rollout-2026-07-10T14-58-45-019f4e0a-4dcc-74f1-8660-ffcb102ce0a2:15147,20011,20014,3,36443,1,0,0,0,0,0
agentsight,b5bc34dabe6a,complete,codex:rollout-2026-07-10T14-58-45-019f4e0a-4dcc-74f1-8660-ffcb102ce0a2:15147,codex:rollout-2026-07-10T14-58-45-019f4e0a-4dcc-74f1-8660-ffcb102ce0a2:15413,20014,20268,254,4357436,4,36,17,0,0,0
agentsight,b5bc34dabe6a,complete,codex:rollout-2026-07-10T14-58-45-019f4e0a-4dcc-74f1-8660-ffcb102ce0a2:15413,codex:rollout-2026-07-10T14-58-45-019f4e0a-4dcc-74f1-8660-ffcb102ce0a2:15414,20268,20269,1,6420,1,0,0,0,0,0
agentsight,b5bc34dabe6a,complete,codex:rollout-2026-07-10T14-58-45-019f4e0a-4dcc-74f1-8660-ffcb102ce0a2:15414,codex:rollout-2026-07-10T14-58-45-019f4e0a-4dcc-74f1-8660-ffcb102ce0a2:15418,20269,20272,3,44706,1,3,3,0,0,0
agentsight,b5bc34dabe6a,complete,codex:rollout-2026-07-10T14-58-45-019f4e0a-4dcc-74f1-8660-ffcb102ce0a2:15418,codex:rollout-2026-07-10T14-58-45-019f4e0a-4dcc-74f1-8660-ffcb102ce0a2:15424,20272,20277,5,136434,1,2,2,0,0,0
agentsight,b5bc34dabe6a,complete,codex:rollout-2026-07-10T14-58-45-019f4e0a-4dcc-74f1-8660-ffcb102ce0a2:15424,codex:rollout-2026-07-10T14-58-45-019f4e0a-4dcc-74f1-8660-ffcb102ce0a2:15425,20277,20278,1,7965,1,0,0,0,0,0
agentsight,b5bc34dabe6a,complete,codex:rollout-2026-07-10T14-58-45-019f4e0a-4dcc-74f1-8660-ffcb102ce0a2:15425,codex:rollout-2026-07-10T14-58-45-019f4e0a-4dcc-74f1-8660-ffcb102ce0a2:15654,20278,20415,137,10850678,5,20,12,0,0,0
agentsight,b5bc34dabe6a,complete,codex:rollout-2026-07-10T14-58-45-019f4e0a-4dcc-74f1-8660-ffcb102ce0a2:15654,codex:rollout-2026-07-10T14-58-45-019f4e0a-4dcc-74f1-8660-ffcb102ce0a2:15655,20415,20416,1,4811,1,0,0,0,0,0
agentsight,b5bc34dabe6a,complete,codex:rollout-2026-07-10T14-58-45-019f4e0a-4dcc-74f1-8660-ffcb102ce0a2:15655,codex:rollout-2026-07-10T14-58-45-019f4e0a-4dcc-74f1-8660-ffcb102ce0a2:15660,20416,20419,3,66557,1,0,0,0,0,0
agentsight,b5bc34dabe6a,complete,codex:rollout-2026-07-10T14-58-45-019f4e0a-4dcc-74f1-8660-ffcb102ce0a2:15660,codex:rollout-2026-07-10T14-58-45-019f4e0a-4dcc-74f1-8660-ffcb102ce0a2:15931,20419,20524,105,7743109,2,21,20,0,0,0
agentsight,b5bc34dabe6a,complete,codex:rollout-2026-07-10T14-58-45-019f4e0a-4dcc-74f1-8660-ffcb102ce0a2:15931,codex:rollout-2026-07-10T14-58-45-019f4e0a-4dcc-74f1-8660-ffcb102ce0a2:15972,20524,20558,34,827545,2,5,4,0,0,0
agentsight,b5bc34dabe6a,complete,codex:rollout-2026-07-10T14-58-45-019f4e0a-4dcc-74f1-8660-ffcb102ce0a2:15972,codex:rollout-2026-07-10T14-58-45-019f4e0a-4dcc-74f1-8660-ffcb102ce0a2:15974,20558,20560,2,31205,1,1,1,0,0,0
agentsight,b5bc34dabe6a,complete,codex:rollout-2026-07-10T14-58-45-019f4e0a-4dcc-74f1-8660-ffcb102ce0a2:15974,codex:rollout-2026-07-10T14-58-45-019f4e0a-4dcc-74f1-8660-ffcb102ce0a2:15992,20560,20578,18,300299,1,2,2,0,0,0
agentsight,b5bc34dabe6a,complete,codex:rollout-2026-07-10T14-58-45-019f4e0a-4dcc-74f1-8660-ffcb102ce0a2:15992,codex:rollout-2026-07-16T00-34-15-019f69d8-faf9-7540-952e-60aa304349d7:33,20578,20655,77,1081711,3,7,7,0,0,0
agentsight,b5bc34dabe6a,complete,codex:rollout-2026-07-16T00-34-15-019f69d8-faf9-7540-952e-60aa304349d7:33,codex:rollout-2026-07-16T00-34-15-019f69d8-faf9-7540-952e-60aa304349d7:46,20655,20670,15,185868,2,0,0,0,0,0
agentsight,b5bc34dabe6a,complete,codex:rollout-2026-07-16T00-34-15-019f69d8-faf9-7540-952e-60aa304349d7:46,codex:rollout-2026-07-10T14-58-45-019f4e0a-4dcc-74f1-8660-ffcb102ce0a2:16091,20670,20690,20,746120,3,3,3,0,0,0
agentsight,b5bc34dabe6a,complete,codex:rollout-2026-07-10T14-58-45-019f4e0a-4dcc-74f1-8660-ffcb102ce0a2:16091,codex:rollout-2026-07-10T14-58-45-019f4e0a-4dcc-74f1-8660-ffcb102ce0a2:16703,20690,21195,505,60180687,7,78,34,0,0,0
agentsight,b5bc34dabe6a,complete,codex:rollout-2026-07-10T14-58-45-019f4e0a-4dcc-74f1-8660-ffcb102ce0a2:16703,codex:rollout-2026-07-10T14-58-45-019f4e0a-4dcc-74f1-8660-ffcb102ce0a2:16709,21195,21201,6,133100,1,2,1,0,0,0
agentsight,b5bc34dabe6a,complete,codex:rollout-2026-07-10T14-58-45-019f4e0a-4dcc-74f1-8660-ffcb102ce0a2:16709,codex:rollout-2026-07-10T14-58-45-019f4e0a-4dcc-74f1-8660-ffcb102ce0a2:16711,21201,21203,2,20256,1,1,1,0,0,0
agentsight,b5bc34dabe6a,complete,codex:rollout-2026-07-10T14-58-45-019f4e0a-4dcc-74f1-8660-ffcb102ce0a2:16711,codex:rollout-2026-07-10T14-58-45-019f4e0a-4dcc-74f1-8660-ffcb102ce0a2:16713,21203,21205,2,36037,1,1,1,0,0,0
agentsight,b5bc34dabe6a,complete,codex:rollout-2026-07-10T14-58-45-019f4e0a-4dcc-74f1-8660-ffcb102ce0a2:16713,codex:rollout-2026-07-10T14-58-45-019f4e0a-4dcc-74f1-8660-ffcb102ce0a2:16715,21205,21207,2,32255,1,1,1,0,0,0
agentsight,b5bc34dabe6a,complete,codex:rollout-2026-07-10T14-58-45-019f4e0a-4dcc-74f1-8660-ffcb102ce0a2:16715,codex:rollout-2026-07-10T14-58-45-019f4e0a-4dcc-74f1-8660-ffcb102ce0a2:17381,21207,21837,630,13226724,12,92,32,0,0,0
agentsight,b5bc34dabe6a,complete,codex:rollout-2026-07-10T14-58-45-019f4e0a-4dcc-74f1-8660-ffcb102ce0a2:17381,codex:rollout-2026-07-10T14-58-45-019f4e0a-4dcc-74f1-8660-ffcb102ce0a2:17385,21837,21841,4,44218,1,1,1,0,0,0
agentsight,b5bc34dabe6a,complete,codex:rollout-2026-07-10T14-58-45-019f4e0a-4dcc-74f1-8660-ffcb102ce0a2:17385,codex:rollout-2026-07-10T14-58-45-019f4e0a-4dcc-74f1-8660-ffcb102ce0a2:17414,21841,21856,15,618288,1,8,3,0,0,0
agentsight,b5bc34dabe6a,complete,codex:rollout-2026-07-10T14-58-45-019f4e0a-4dcc-74f1-8660-ffcb102ce0a2:17414,codex:rollout-2026-07-10T14-58-45-019f4e0a-4dcc-74f1-8660-ffcb102ce0a2:17418,21856,21860,4,58753,1,1,1,0,0,0
agentsight,b5bc34dabe6a,complete,codex:rollout-2026-07-10T14-58-45-019f4e0a-4dcc-74f1-8660-ffcb102ce0a2:17418,codex:rollout-2026-07-10T14-58-45-019f4e0a-4dcc-74f1-8660-ffcb102ce0a2:17511,21860,21934,74,1548131,1,27,4,0,0,0
agentsight,b5bc34dabe6a,complete,codex:rollout-2026-07-10T14-58-45-019f4e0a-4dcc-74f1-8660-ffcb102ce0a2:17511,codex:rollout-2026-07-10T14-58-45-019f4e0a-4dcc-74f1-8660-ffcb102ce0a2:17616,21934,22029,95,1674878,2,32,4,0,0,0
agentsight,b5bc34dabe6a,complete,codex:rollout-2026-07-10T14-58-45-019f4e0a-4dcc-74f1-8660-ffcb102ce0a2:17616,codex:rollout-2026-07-10T14-58-45-019f4e0a-4dcc-74f1-8660-ffcb102ce0a2:17710,22029,22102,73,13888428,3,28,4,0,0,0
agentsight,b5bc34dabe6a,complete,codex:rollout-2026-07-10T14-58-45-019f4e0a-4dcc-74f1-8660-ffcb102ce0a2:17710,codex:rollout-2026-07-10T14-58-45-019f4e0a-4dcc-74f1-8660-ffcb102ce0a2:18425,22102,22912,810,16532555,14,105,27,0,0,0
agentsight,b5bc34dabe6a,complete,codex:rollout-2026-07-10T14-58-45-019f4e0a-4dcc-74f1-8660-ffcb102ce0a2:18425,codex:rollout-2026-07-10T14-58-45-019f4e0a-4dcc-74f1-8660-ffcb102ce0a2:18530,22912,23021,109,2025833,2,14,8,0,0,0
agentsight,b5bc34dabe6a,complete,codex:rollout-2026-07-10T14-58-45-019f4e0a-4dcc-74f1-8660-ffcb102ce0a2:18530,codex:rollout-2026-07-10T14-58-45-019f4e0a-4dcc-74f1-8660-ffcb102ce0a2:18533,23021,23026,5,32255,2,1,1,0,0,0
agentsight,b5bc34dabe6a,complete,codex:rollout-2026-07-10T14-58-45-019f4e0a-4dcc-74f1-8660-ffcb102ce0a2:18533,codex:rollout-2026-07-10T14-58-45-019f4e0a-4dcc-74f1-8660-ffcb102ce0a2:18535,23026,23029,3,14941,2,1,1,0,0,0
agentsight,b5bc34dabe6a,complete,codex:rollout-2026-07-10T14-58-45-019f4e0a-4dcc-74f1-8660-ffcb102ce0a2:18535,codex:rollout-2026-07-10T14-58-45-019f4e0a-4dcc-74f1-8660-ffcb102ce0a2:18537,23029,23032,3,26735,2,1,1,0,0,0
agentsight,b5bc34dabe6a,complete,codex:rollout-2026-07-10T14-58-45-019f4e0a-4dcc-74f1-8660-ffcb102ce0a2:18537,codex:rollout-2026-07-10T14-58-45-019f4e0a-4dcc-74f1-8660-ffcb102ce0a2:19379,23032,23890,858,216353769,20,135,46,0,0,0
agentsight,b5bc34dabe6a,complete,codex:rollout-2026-07-10T14-58-45-019f4e0a-4dcc-74f1-8660-ffcb102ce0a2:19379,codex:rollout-2026-07-10T14-58-45-019f4e0a-4dcc-74f1-8660-ffcb102ce0a2:19384,23890,23895,5,57323,1,1,1,0,0,0
agentsight,b5bc34dabe6a,complete,codex:rollout-2026-07-10T14-58-45-019f4e0a-4dcc-74f1-8660-ffcb102ce0a2:19384,codex:rollout-2026-07-10T14-58-45-019f4e0a-4dcc-74f1-8660-ffcb102ce0a2:19391,23895,23902,7,74156,1,1,1,0,0,0
agentsight,b5bc34dabe6a,complete,codex:rollout-2026-07-10T14-58-45-019f4e0a-4dcc-74f1-8660-ffcb102ce0a2:19391,codex:rollout-2026-07-10T14-58-45-019f4e0a-4dcc-74f1-8660-ffcb102ce0a2:19489,23902,23954,52,1892628,1,9,4,0,0,0
agentsight,b5bc34dabe6a,complete,codex:rollout-2026-07-10T14-58-45-019f4e0a-4dcc-74f1-8660-ffcb102ce0a2:19489,codex:rollout-2026-07-10T14-58-45-019f4e0a-4dcc-74f1-8660-ffcb102ce0a2:19491,23954,23956,2,41430,1,0,0,0,0,0
agentsight,b5bc34dabe6a,complete,codex:rollout-2026-07-10T14-58-45-019f4e0a-4dcc-74f1-8660-ffcb102ce0a2:19491,codex:rollout-2026-07-10T14-58-45-019f4e0a-4dcc-74f1-8660-ffcb102ce0a2:19492,23956,23957,1,14054,1,0,0,0,0,0
agentsight,b5bc34dabe6a,complete,codex:rollout-2026-07-10T14-58-45-019f4e0a-4dcc-74f1-8660-ffcb102ce0a2:19492,codex:rollout-2026-07-10T14-58-45-019f4e0a-4dcc-74f1-8660-ffcb102ce0a2:19494,23957,23959,2,19284,1,1,1,0,0,0
agentsight,b5bc34dabe6a,complete,codex:rollout-2026-07-10T14-58-45-019f4e0a-4dcc-74f1-8660-ffcb102ce0a2:19494,codex:rollout-2026-07-10T14-58-45-019f4e0a-4dcc-74f1-8660-ffcb102ce0a2:19500,23959,23964,5,153820,1,3,1,0,0,0
agentsight,b5bc34dabe6a,complete,codex:rollout-2026-07-10T14-58-45-019f4e0a-4dcc-74f1-8660-ffcb102ce0a2:19500,codex:rollout-2026-07-10T14-58-45-019f4e0a-4dcc-74f1-8660-ffcb102ce0a2:19501,23964,23965,1,4126,1,0,0,0,0,0
agentsight,b5bc34dabe6a,complete,codex:rollout-2026-07-10T14-58-45-019f4e0a-4dcc-74f1-8660-ffcb102ce0a2:19501,claude:82d18bea-3ce9-4343-9736-10dbfe61b603:39,23965,24005,40,246968,1,0,0,1,0,0
agentsight,b5bc34dabe6a,complete,claude:82d18bea-3ce9-4343-9736-10dbfe61b603:39,claude:82d18bea-3ce9-4343-9736-10dbfe61b603:40,24005,24006,1,4448,1,0,0,0,0,0
agentsight,b5bc34dabe6a,complete,claude:82d18bea-3ce9-4343-9736-10dbfe61b603:40,codex:rollout-2026-07-19T23-12-59-019f7e28-02f3-71c1-9e12-a0d798f5bdcb:8,24006,24331,325,10681660,5,78,45,0,2,0
agentsight,b5bc34dabe6a,complete,codex:rollout-2026-07-19T23-12-59-019f7e28-02f3-71c1-9e12-a0d798f5bdcb:8,codex:rollout-2026-07-19T23-12-59-019f7e28-02f3-71c1-9e12-a0d798f5bdcb:22,24331,24360,29,598116,3,14,11,0,0,0
agentsight,b5bc34dabe6a,complete,codex:rollout-2026-07-19T23-12-59-019f7e28-02f3-71c1-9e12-a0d798f5bdcb:22,codex:rollout-2026-07-19T23-12-59-019f7e28-02f3-71c1-9e12-a0d798f5bdcb:24,24360,24362,2,34960,1,0,0,0,0,0
agentsight,b5bc34dabe6a,complete,codex:rollout-2026-07-19T23-12-59-019f7e28-02f3-71c1-9e12-a0d798f5bdcb:24,codex:rollout-2026-07-19T23-12-59-019f7e28-02f3-71c1-9e12-a0d798f5bdcb:33,24362,24378,16,185105,3,5,5,0,0,0
agentsight,b5bc34dabe6a,complete,codex:rollout-2026-07-19T23-12-59-019f7e28-02f3-71c1-9e12-a0d798f5bdcb:33,codex:rollout-2026-07-10T14-58-45-019f4e0a-4dcc-74f1-8660-ffcb102ce0a2:20201,24378,24394,16,449799,3,2,2,0,0,0
agentsight,b5bc34dabe6a,complete,codex:rollout-2026-07-10T14-58-45-019f4e0a-4dcc-74f1-8660-ffcb102ce0a2:20201,codex:rollout-2026-07-10T14-58-45-019f4e0a-4dcc-74f1-8660-ffcb102ce0a2:20246,24394,24441,47,834826,2,10,5,0,0,0
agentsight,b5bc34dabe6a,complete,codex:rollout-2026-07-10T14-58-45-019f4e0a-4dcc-74f1-8660-ffcb102ce0a2:20246,codex:rollout-2026-07-10T14-58-45-019f4e0a-4dcc-74f1-8660-ffcb102ce0a2:20249,24441,24444,3,60131,2,0,0,0,0,0
agentsight,b5bc34dabe6a,complete,codex:rollout-2026-07-10T14-58-45-019f4e0a-4dcc-74f1-8660-ffcb102ce0a2:20249,codex:rollout-2026-07-10T14-58-45-019f4e0a-4dcc-74f1-8660-ffcb102ce0a2:20270,24444,24477,33,383541,3,5,5,0,0,0
agentsight,b5bc34dabe6a,complete,codex:rollout-2026-07-10T14-58-45-019f4e0a-4dcc-74f1-8660-ffcb102ce0a2:20270,codex:rollout-2026-07-10T14-58-45-019f4e0a-4dcc-74f1-8660-ffcb102ce0a2:20282,24477,24499,22,272781,3,3,2,0,0,0
agentsight,b5bc34dabe6a,complete,codex:rollout-2026-07-10T14-58-45-019f4e0a-4dcc-74f1-8660-ffcb102ce0a2:20282,codex:rollout-2026-07-10T14-58-45-019f4e0a-4dcc-74f1-8660-ffcb102ce0a2:20285,24499,24503,4,34018,2,2,2,0,0,0
agentsight,b5bc34dabe6a,complete,codex:rollout-2026-07-10T14-58-45-019f4e0a-4dcc-74f1-8660-ffcb102ce0a2:20285,codex:rollout-2026-07-10T14-58-45-019f4e0a-4dcc-74f1-8660-ffcb102ce0a2:20299,24503,24519,16,276645,3,2,2,0,0,0
agentsight,b5bc34dabe6a,complete,codex:rollout-2026-07-10T14-58-45-019f4e0a-4dcc-74f1-8660-ffcb102ce0a2:20299,codex:rollout-2026-07-10T14-58-45-019f4e0a-4dcc-74f1-8660-ffcb102ce0a2:20302,24519,24522,3,30116,1,1,1,0,0,0
agentsight,b5bc34dabe6a,complete,codex:rollout-2026-07-10T14-58-45-019f4e0a-4dcc-74f1-8660-ffcb102ce0a2:20302,codex:rollout-2026-07-10T14-58-45-019f4e0a-4dcc-74f1-8660-ffcb102ce0a2:20314,24522,24535,13,280484,2,1,1,0,0,0
agentsight,b5bc34dabe6a,complete,codex:rollout-2026-07-10T14-58-45-019f4e0a-4dcc-74f1-8660-ffcb102ce0a2:20314,codex:rollout-2026-07-10T14-58-45-019f4e0a-4dcc-74f1-8660-ffcb102ce0a2:20350,24535,24588,53,721752,2,7,4,0,0,0
agentsight,b5bc34dabe6a,complete,codex:rollout-2026-07-10T14-58-45-019f4e0a-4dcc-74f1-8660-ffcb102ce0a2:20350,codex:rollout-2026-07-10T14-58-45-019f4e0a-4dcc-74f1-8660-ffcb102ce0a2:20353,24588,24591,3,23830,1,1,1,0,0,0
agentsight,b5bc34dabe6a,complete,codex:rollout-2026-07-10T14-58-45-019f4e0a-4dcc-74f1-8660-ffcb102ce0a2:20353,codex:rollout-2026-07-10T14-58-45-019f4e0a-4dcc-74f1-8660-ffcb102ce0a2:20355,24591,24593,2,28784,1,1,1,0,0,0
agentsight,b5bc34dabe6a,complete,codex:rollout-2026-07-10T14-58-45-019f4e0a-4dcc-74f1-8660-ffcb102ce0a2:20355,codex:rollout-2026-07-10T14-58-45-019f4e0a-4dcc-74f1-8660-ffcb102ce0a2:20397,24593,24626,33,887576,3,4,3,0,0,0
agentsight,b5bc34dabe6a,complete,codex:rollout-2026-07-10T14-58-45-019f4e0a-4dcc-74f1-8660-ffcb102ce0a2:20397,codex:rollout-2026-07-10T14-58-45-019f4e0a-4dcc-74f1-8660-ffcb102ce0a2:20415,24626,24640,14,368617,2,3,3,0,0,0
agentsight,b5bc34dabe6a,complete,codex:rollout-2026-07-10T14-58-45-019f4e0a-4dcc-74f1-8660-ffcb102ce0a2:20415,codex:rollout-2026-07-10T14-58-45-019f4e0a-4dcc-74f1-8660-ffcb102ce0a2:20426,24640,24652,12,242776,2,3,3,0,0,0
agentsight,b5bc34dabe6a,complete,codex:rollout-2026-07-10T14-58-45-019f4e0a-4dcc-74f1-8660-ffcb102ce0a2:20426,codex:rollout-2026-07-10T14-58-45-019f4e0a-4dcc-74f1-8660-ffcb102ce0a2:24741,24652,27279,2627,137646512,44,553,184,0,0,0
agentsight,b5bc34dabe6a,complete,codex:rollout-2026-07-10T14-58-45-019f4e0a-4dcc-74f1-8660-ffcb102ce0a2:24741,codex:rollout-2026-07-10T14-58-45-019f4e0a-4dcc-74f1-8660-ffcb102ce0a2:24742,27279,27280,1,15921,1,0,0,0,0,0
agentsight,b5bc34dabe6a,complete,codex:rollout-2026-07-10T14-58-45-019f4e0a-4dcc-74f1-8660-ffcb102ce0a2:24742,codex:rollout-2026-07-10T14-58-45-019f4e0a-4dcc-74f1-8660-ffcb102ce0a2:24743,27280,27281,1,16153,1,0,0,0,0,0
agentsight,b5bc34dabe6a,complete,codex:rollout-2026-07-10T14-58-45-019f4e0a-4dcc-74f1-8660-ffcb102ce0a2:24743,codex:rollout-2026-07-10T14-58-45-019f4e0a-4dcc-74f1-8660-ffcb102ce0a2:24781,27281,27315,34,1162605,1,14,6,0,0,0
agentsight,b5bc34dabe6a,complete,codex:rollout-2026-07-10T14-58-45-019f4e0a-4dcc-74f1-8660-ffcb102ce0a2:24781,codex:rollout-2026-07-10T14-58-45-019f4e0a-4dcc-74f1-8660-ffcb102ce0a2:24783,27315,27317,2,25361,1,1,1,0,0,0
agentsight,b5bc34dabe6a,complete,codex:rollout-2026-07-10T14-58-45-019f4e0a-4dcc-74f1-8660-ffcb102ce0a2:24783,codex:rollout-2026-07-10T14-58-45-019f4e0a-4dcc-74f1-8660-ffcb102ce0a2:24784,27317,27318,1,4450,1,0,0,0,0,0
agentsight,b5bc34dabe6a,complete,codex:rollout-2026-07-10T14-58-45-019f4e0a-4dcc-74f1-8660-ffcb102ce0a2:24784,codex:rollout-2026-07-10T14-58-45-019f4e0a-4dcc-74f1-8660-ffcb102ce0a2:24787,27318,27321,3,24519,1,3,3,0,0,0
agentsight,b5bc34dabe6a,complete,codex:rollout-2026-07-10T14-58-45-019f4e0a-4dcc-74f1-8660-ffcb102ce0a2:24787,codex:rollout-2026-07-10T14-58-45-019f4e0a-4dcc-74f1-8660-ffcb102ce0a2:24820,27321,27349,28,375748,1,10,3,0,0,0
agentsight,b5bc34dabe6a,right_censored,codex:rollout-2026-07-10T14-58-45-019f4e0a-4dcc-74f1-8660-ffcb102ce0a2:24820,codex:rollout-2026-07-10T14-58-45-019f4e0a-4dcc-74f1-8660-ffcb102ce0a2:25483,27349,27482,133,35471550,1,190,53,0,0,0
agentsight,f2407a7d66d5,no_success_observed,codex:rollout-2026-07-19T18-34-01-019f7d28-9e15-7b32-a4fb-041046b42aa0:0,codex:rollout-2026-07-22T00-22-25-019f88b4-4e38-7362-906d-9cf7781f38af:20,1,256,256,193943011,13,5,4,0,0,0
ActPlane,3dae89cd06ae,left_censored,codex:rollout-2026-05-22T21-55-55-019e5330-9be0-7382-a97a-4c877af56b82:0,codex:rollout-2026-05-22T22-57-00-019e5368-8831-7241-a4e7-0bd2214170fe:103,1,118,118,5552366,2,0,0,0,1,0
ActPlane,3dae89cd06ae,complete,codex:rollout-2026-05-22T22-57-00-019e5368-8831-7241-a4e7-0bd2214170fe:103,codex:rollout-2026-05-22T22-57-00-019e5368-8831-7241-a4e7-0bd2214170fe:104,118,119,1,4210,1,0,0,0,0,0
ActPlane,3dae89cd06ae,complete,codex:rollout-2026-05-22T22-57-00-019e5368-8831-7241-a4e7-0bd2214170fe:104,codex:rollout-2026-05-22T22-57-00-019e5368-8831-7241-a4e7-0bd2214170fe:108,119,123,4,17720,1,0,0,0,0,0
ActPlane,3dae89cd06ae,complete,codex:rollout-2026-05-22T22-57-00-019e5368-8831-7241-a4e7-0bd2214170fe:108,codex:rollout-2026-05-22T22-57-00-019e5368-8831-7241-a4e7-0bd2214170fe:109,123,124,1,2972,1,0,0,0,0,0
ActPlane,3dae89cd06ae,complete,codex:rollout-2026-05-22T22-57-00-019e5368-8831-7241-a4e7-0bd2214170fe:109,codex:rollout-2026-05-22T22-57-00-019e5368-8831-7241-a4e7-0bd2214170fe:120,124,135,11,41786,1,0,0,0,0,0
ActPlane,3dae89cd06ae,complete,codex:rollout-2026-05-22T22-57-00-019e5368-8831-7241-a4e7-0bd2214170fe:120,codex:rollout-2026-05-22T22-57-00-019e5368-8831-7241-a4e7-0bd2214170fe:161,135,176,41,5375489,1,0,0,0,0,0
ActPlane,3dae89cd06ae,complete,codex:rollout-2026-05-22T22-57-00-019e5368-8831-7241-a4e7-0bd2214170fe:161,codex:rollout-2026-05-22T22-57-00-019e5368-8831-7241-a4e7-0bd2214170fe:164,176,179,3,20500,1,0,0,0,0,0
ActPlane,3dae89cd06ae,complete,codex:rollout-2026-05-22T22-57-00-019e5368-8831-7241-a4e7-0bd2214170fe:164,codex:rollout-2026-05-22T22-57-00-019e5368-8831-7241-a4e7-0bd2214170fe:176,179,191,12,52510,1,0,0,0,0,0
ActPlane,3dae89cd06ae,complete,codex:rollout-2026-05-22T22-57-00-019e5368-8831-7241-a4e7-0bd2214170fe:176,codex:rollout-2026-05-22T22-57-00-019e5368-8831-7241-a4e7-0bd2214170fe:193,191,208,17,634251,1,0,0,0,0,0
ActPlane,3dae89cd06ae,complete,codex:rollout-2026-05-22T22-57-00-019e5368-8831-7241-a4e7-0bd2214170fe:193,codex:rollout-2026-05-22T22-57-00-019e5368-8831-7241-a4e7-0bd2214170fe:383,208,398,190,45179650,1,31,31,0,1,0
ActPlane,3dae89cd06ae,complete,codex:rollout-2026-05-22T22-57-00-019e5368-8831-7241-a4e7-0bd2214170fe:383,codex:rollout-2026-05-22T22-57-00-019e5368-8831-7241-a4e7-0bd2214170fe:392,398,407,9,28226,1,0,0,0,0,0
ActPlane,3dae89cd06ae,complete,codex:rollout-2026-05-22T22-57-00-019e5368-8831-7241-a4e7-0bd2214170fe:392,codex:rollout-2026-05-22T22-57-00-019e5368-8831-7241-a4e7-0bd2214170fe:443,407,458,51,2774315,1,6,6,0,0,0
ActPlane,3dae89cd06ae,complete,codex:rollout-2026-05-22T22-57-00-019e5368-8831-7241-a4e7-0bd2214170fe:443,codex:rollout-2026-05-22T22-57-00-019e5368-8831-7241-a4e7-0bd2214170fe:633,458,655,197,4115410,8,3,3,0,3,0
ActPlane,3dae89cd06ae,complete,codex:rollout-2026-05-22T22-57-00-019e5368-8831-7241-a4e7-0bd2214170fe:633,codex:rollout-2026-05-22T22-57-00-019e5368-8831-7241-a4e7-0bd2214170fe:634,655,656,1,0,1,0,0,0,0,0
ActPlane,3dae89cd06ae,complete,codex:rollout-2026-05-22T22-57-00-019e5368-8831-7241-a4e7-0bd2214170fe:634,codex:rollout-2026-05-22T22-57-00-019e5368-8831-7241-a4e7-0bd2214170fe:678,656,700,44,300465,1,0,0,0,3,0
ActPlane,3dae89cd06ae,complete,codex:rollout-2026-05-22T22-57-00-019e5368-8831-7241-a4e7-0bd2214170fe:678,codex:rollout-2026-05-22T22-57-00-019e5368-8831-7241-a4e7-0bd2214170fe:685,700,707,7,42474,1,0,0,0,1,0
ActPlane,3dae89cd06ae,complete,codex:rollout-2026-05-22T22-57-00-019e5368-8831-7241-a4e7-0bd2214170fe:685,codex:rollout-2026-05-22T22-57-00-019e5368-8831-7241-a4e7-0bd2214170fe:748,707,770,63,663595,1,2,2,0,0,0
ActPlane,3dae89cd06ae,complete,codex:rollout-2026-05-22T22-57-00-019e5368-8831-7241-a4e7-0bd2214170fe:748,codex:rollout-2026-05-22T22-57-00-019e5368-8831-7241-a4e7-0bd2214170fe:751,770,773,3,8102,1,0,0,0,1,0
ActPlane,3dae89cd06ae,complete,codex:rollout-2026-05-22T22-57-00-019e5368-8831-7241-a4e7-0bd2214170fe:751,codex:rollout-2026-05-22T22-57-00-019e5368-8831-7241-a4e7-0bd2214170fe:766,773,788,15,93793,1,0,0,0,0,0
ActPlane,3dae89cd06ae,complete,codex:rollout-2026-05-22T22-57-00-019e5368-8831-7241-a4e7-0bd2214170fe:766,codex:rollout-2026-05-22T22-57-00-019e5368-8831-7241-a4e7-0bd2214170fe:767,788,789,1,2693,1,0,0,0,0,0
ActPlane,3dae89cd06ae,complete,codex:rollout-2026-05-22T22-57-00-019e5368-8831-7241-a4e7-0bd2214170fe:767,codex:rollout-2026-05-22T22-57-00-019e5368-8831-7241-a4e7-0bd2214170fe:768,789,790,1,5675,1,0,0,0,0,0
ActPlane,3dae89cd06ae,complete,codex:rollout-2026-05-22T22-57-00-019e5368-8831-7241-a4e7-0bd2214170fe:768,codex:rollout-2026-05-22T22-57-00-019e5368-8831-7241-a4e7-0bd2214170fe:781,790,803,13,55961,1,0,0,0,0,0
ActPlane,3dae89cd06ae,complete,codex:rollout-2026-05-22T22-57-00-019e5368-8831-7241-a4e7-0bd2214170fe:781,codex:rollout-2026-05-22T22-57-00-019e5368-8831-7241-a4e7-0bd2214170fe:784,803,806,3,10479,1,0,0,0,1,0
ActPlane,3dae89cd06ae,complete,codex:rollout-2026-05-22T22-57-00-019e5368-8831-7241-a4e7-0bd2214170fe:784,codex:rollout-2026-05-22T22-57-00-019e5368-8831-7241-a4e7-0bd2214170fe:825,806,847,41,2636661,1,0,0,0,0,0
ActPlane,3dae89cd06ae,complete,codex:rollout-2026-05-22T22-57-00-019e5368-8831-7241-a4e7-0bd2214170fe:825,codex:rollout-2026-05-22T22-57-00-019e5368-8831-7241-a4e7-0bd2214170fe:826,847,848,1,3,1,0,0,0,0,0
ActPlane,3dae89cd06ae,complete,codex:rollout-2026-05-22T22-57-00-019e5368-8831-7241-a4e7-0bd2214170fe:826,codex:rollout-2026-05-22T22-57-00-019e5368-8831-7241-a4e7-0bd2214170fe:827,848,849,1,6408,1,0,0,0,0,0
ActPlane,3dae89cd06ae,complete,codex:rollout-2026-05-22T22-57-00-019e5368-8831-7241-a4e7-0bd2214170fe:827,codex:rollout-2026-05-27T21-13-35-019e6cc9-a740-7983-b0b2-a7e9bdebd47c:60,849,1361,512,362363960,12,10,4,0,0,0
ActPlane,3dae89cd06ae,complete,codex:rollout-2026-05-27T21-13-35-019e6cc9-a740-7983-b0b2-a7e9bdebd47c:60,codex:rollout-2026-05-27T21-13-35-019e6cc9-a740-7983-b0b2-a7e9bdebd47c:61,1361,1362,1,25,1,0,0,0,0,0
ActPlane,3dae89cd06ae,complete,codex:rollout-2026-05-27T21-13-35-019e6cc9-a740-7983-b0b2-a7e9bdebd47c:61,codex:rollout-2026-05-27T21-13-35-019e6cc9-a740-7983-b0b2-a7e9bdebd47c:71,1362,1372,10,49078,1,1,1,0,0,0
ActPlane,3dae89cd06ae,complete,codex:rollout-2026-05-27T21-13-35-019e6cc9-a740-7983-b0b2-a7e9bdebd47c:71,codex:rollout-2026-05-27T21-13-35-019e6cc9-a740-7983-b0b2-a7e9bdebd47c:72,1372,1373,1,0,1,0,0,0,0,0
ActPlane,3dae89cd06ae,complete,codex:rollout-2026-05-27T21-13-35-019e6cc9-a740-7983-b0b2-a7e9bdebd47c:72,codex:rollout-2026-05-27T21-13-35-019e6cc9-a740-7983-b0b2-a7e9bdebd47c:73,1373,1374,1,3293,1,0,0,0,0,0
ActPlane,3dae89cd06ae,complete,codex:rollout-2026-05-27T21-13-35-019e6cc9-a740-7983-b0b2-a7e9bdebd47c:73,codex:rollout-2026-05-27T21-13-35-019e6cc9-a740-7983-b0b2-a7e9bdebd47c:74,1374,1375,1,6493,1,0,0,0,0,0
ActPlane,3dae89cd06ae,complete,codex:rollout-2026-05-27T21-13-35-019e6cc9-a740-7983-b0b2-a7e9bdebd47c:74,claude:a98c7ab6-816c-4e9a-ae37-4244d2c27893:1008,1375,3499,2124,63965162,67,453,106,0,0,0
ActPlane,3dae89cd06ae,complete,claude:a98c7ab6-816c-4e9a-ae37-4244d2c27893:1008,claude:a98c7ab6-816c-4e9a-ae37-4244d2c27893:1009,3499,3500,1,3728502,1,0,0,0,0,0
ActPlane,3dae89cd06ae,complete,claude:a98c7ab6-816c-4e9a-ae37-4244d2c27893:1009,claude:a98c7ab6-816c-4e9a-ae37-4244d2c27893:1014,3500,3505,5,76742,1,0,0,0,0,0
ActPlane,3dae89cd06ae,complete,claude:a98c7ab6-816c-4e9a-ae37-4244d2c27893:1014,codex:rollout-2026-05-28T16-14-55-019e70de-92fe-7e01-92e6-7424f0a2ea69:33,3505,3544,39,221437,2,1,1,3,1,0
ActPlane,3dae89cd06ae,complete,codex:rollout-2026-05-28T16-14-55-019e70de-92fe-7e01-92e6-7424f0a2ea69:33,codex:rollout-2026-05-28T16-14-55-019e70de-92fe-7e01-92e6-7424f0a2ea69:54,3544,3565,21,159300,1,0,0,0,0,0
ActPlane,3dae89cd06ae,complete,codex:rollout-2026-05-28T16-14-55-019e70de-92fe-7e01-92e6-7424f0a2ea69:54,codex:rollout-2026-05-28T16-14-55-019e70de-92fe-7e01-92e6-7424f0a2ea69:61,3565,3572,7,24462,1,0,0,0,0,0
ActPlane,3dae89cd06ae,complete,codex:rollout-2026-05-28T16-14-55-019e70de-92fe-7e01-92e6-7424f0a2ea69:61,codex:rollout-2026-05-28T16-14-55-019e70de-92fe-7e01-92e6-7424f0a2ea69:76,3572,3614,42,188531,4,0,0,0,0,0
ActPlane,3dae89cd06ae,complete,codex:rollout-2026-05-28T16-14-55-019e70de-92fe-7e01-92e6-7424f0a2ea69:76,codex:rollout-2026-05-28T16-14-55-019e70de-92fe-7e01-92e6-7424f0a2ea69:78,3614,3616,2,47,1,0,0,0,0,0
ActPlane,3dae89cd06ae,complete,codex:rollout-2026-05-28T16-14-55-019e70de-92fe-7e01-92e6-7424f0a2ea69:78,claude:agent-aae236a47c6e232d5:100,3616,5068,1452,106580622,22,547,46,0,0,0
ActPlane,3dae89cd06ae,complete,claude:agent-aae236a47c6e232d5:100,claude:agent-aae236a47c6e232d5:126,5068,5095,27,122055,2,14,11,0,0,0
ActPlane,3dae89cd06ae,complete,claude:agent-aae236a47c6e232d5:126,claude:agent-aae236a47c6e232d5:131,5095,5101,6,26733,2,3,3,0,0,0
ActPlane,3dae89cd06ae,complete,claude:agent-aae236a47c6e232d5:131,claude:agent-aae236a47c6e232d5:138,5101,5109,8,43066,2,3,2,0,0,0
ActPlane,3dae89cd06ae,complete,claude:agent-aae236a47c6e232d5:138,claude:agent-aae236a47c6e232d5:139,5109,5110,1,5231,1,0,0,0,0,0
ActPlane,3dae89cd06ae,complete,claude:agent-aae236a47c6e232d5:139,claude:565172de-c87a-47fb-95e4-6f2b994e2ee3:276,5110,5111,1,46020,1,0,0,0,0,0
ActPlane,3dae89cd06ae,complete,claude:565172de-c87a-47fb-95e4-6f2b994e2ee3:276,claude:agent-a7cac67b8131cb83d:29,5111,5195,84,1037525,4,19,8,0,0,0
ActPlane,3dae89cd06ae,complete,claude:agent-a7cac67b8131cb83d:29,claude:565172de-c87a-47fb-95e4-6f2b994e2ee3:317,5195,5197,2,27044,2,0,0,0,0,0
ActPlane,3dae89cd06ae,complete,claude:565172de-c87a-47fb-95e4-6f2b994e2ee3:317,claude:04ca59d2-9389-4832-9d65-692027b16da3:185,5197,5844,647,70841208,11,132,41,0,0,0
ActPlane,3dae89cd06ae,complete,claude:04ca59d2-9389-4832-9d65-692027b16da3:185,claude:04ca59d2-9389-4832-9d65-692027b16da3:187,5844,5846,2,34590,1,1,1,0,0,0
ActPlane,3dae89cd06ae,complete,claude:04ca59d2-9389-4832-9d65-692027b16da3:187,claude:04ca59d2-9389-4832-9d65-692027b16da3:199,5846,5858,12,105724,1,1,1,0,0,0
ActPlane,3dae89cd06ae,complete,claude:04ca59d2-9389-4832-9d65-692027b16da3:199,claude:04ca59d2-9389-4832-9d65-692027b16da3:200,5858,5859,1,6175,1,0,0,0,0,0
ActPlane,3dae89cd06ae,complete,claude:04ca59d2-9389-4832-9d65-692027b16da3:200,claude:04ca59d2-9389-4832-9d65-692027b16da3:210,5859,5869,10,55599,1,3,1,0,0,0
ActPlane,3dae89cd06ae,complete,claude:04ca59d2-9389-4832-9d65-692027b16da3:210,claude:04ca59d2-9389-4832-9d65-692027b16da3:213,5869,5872,3,14160,1,1,1,0,0,0
ActPlane,3dae89cd06ae,complete,claude:04ca59d2-9389-4832-9d65-692027b16da3:213,claude:04ca59d2-9389-4832-9d65-692027b16da3:214,5872,5873,1,16079,1,0,0,0,0,0
ActPlane,3dae89cd06ae,complete,claude:04ca59d2-9389-4832-9d65-692027b16da3:214,claude:04ca59d2-9389-4832-9d65-692027b16da3:251,5873,5910,37,4144212,1,4,1,0,0,0
ActPlane,3dae89cd06ae,complete,claude:04ca59d2-9389-4832-9d65-692027b16da3:251,claude:04ca59d2-9389-4832-9d65-692027b16da3:252,5910,5911,1,4069,1,0,0,0,0,0
ActPlane,3dae89cd06ae,complete,claude:04ca59d2-9389-4832-9d65-692027b16da3:252,claude:04ca59d2-9389-4832-9d65-692027b16da3:253,5911,5912,1,3644,1,0,0,0,0,0
ActPlane,3dae89cd06ae,complete,claude:04ca59d2-9389-4832-9d65-692027b16da3:253,claude:04ca59d2-9389-4832-9d65-692027b16da3:260,5912,5919,7,27700,1,4,1,0,0,0
ActPlane,3dae89cd06ae,complete,claude:04ca59d2-9389-4832-9d65-692027b16da3:260,claude:04ca59d2-9389-4832-9d65-692027b16da3:264,5919,5923,4,17477,1,2,1,0,0,0
ActPlane,3dae89cd06ae,complete,claude:04ca59d2-9389-4832-9d65-692027b16da3:264,claude:04ca59d2-9389-4832-9d65-692027b16da3:277,5923,5936,13,37617,1,2,2,0,0,0
ActPlane,3dae89cd06ae,complete,claude:04ca59d2-9389-4832-9d65-692027b16da3:277,claude:04ca59d2-9389-4832-9d65-692027b16da3:278,5936,5937,1,3812,1,0,0,0,0,0
ActPlane,3dae89cd06ae,complete,claude:04ca59d2-9389-4832-9d65-692027b16da3:278,claude:04ca59d2-9389-4832-9d65-692027b16da3:290,5937,5949,12,1873513,1,1,1,0,0,0
ActPlane,3dae89cd06ae,complete,claude:04ca59d2-9389-4832-9d65-692027b16da3:290,claude:04ca59d2-9389-4832-9d65-692027b16da3:412,5949,6071,122,4996944,1,60,12,0,0,0
ActPlane,3dae89cd06ae,complete,claude:04ca59d2-9389-4832-9d65-692027b16da3:412,claude:04ca59d2-9389-4832-9d65-692027b16da3:417,6071,6076,5,103955,1,3,1,0,0,0
ActPlane,3dae89cd06ae,complete,claude:04ca59d2-9389-4832-9d65-692027b16da3:417,codex:rollout-2026-05-31T19-07-15-019e80ef-6c47-7023-9a42-dc9dc4db3a04:20,6076,8528,2452,81916745,34,1144,78,0,1,0
ActPlane,3dae89cd06ae,complete,codex:rollout-2026-05-31T19-07-15-019e80ef-6c47-7023-9a42-dc9dc4db3a04:20,codex:rollout-2026-05-31T19-07-15-019e80ef-6c47-7023-9a42-dc9dc4db3a04:39,8528,8574,46,885418,2,0,0,0,0,0
ActPlane,3dae89cd06ae,complete,codex:rollout-2026-05-31T19-07-15-019e80ef-6c47-7023-9a42-dc9dc4db3a04:39,codex:rollout-2026-05-31T19-07-15-019e80ef-6c47-7023-9a42-dc9dc4db3a04:40,8574,8575,1,0,1,0,0,0,0,0
ActPlane,3dae89cd06ae,complete,codex:rollout-2026-05-31T19-07-15-019e80ef-6c47-7023-9a42-dc9dc4db3a04:40,codex:rollout-2026-05-31T19-07-15-019e80ef-6c47-7023-9a42-dc9dc4db3a04:114,8575,8694,119,615188,2,0,0,0,0,0
ActPlane,3dae89cd06ae,complete,codex:rollout-2026-05-31T19-07-15-019e80ef-6c47-7023-9a42-dc9dc4db3a04:114,codex:rollout-2026-05-31T19-07-15-019e80ef-6c47-7023-9a42-dc9dc4db3a04:159,8694,8774,80,323976,2,2,2,0,1,0
ActPlane,3dae89cd06ae,complete,codex:rollout-2026-05-31T19-07-15-019e80ef-6c47-7023-9a42-dc9dc4db3a04:159,codex:rollout-2026-05-31T19-07-15-019e80ef-6c47-7023-9a42-dc9dc4db3a04:230,8774,9226,452,6628131,9,63,5,0,1,0
ActPlane,3dae89cd06ae,complete,codex:rollout-2026-05-31T19-07-15-019e80ef-6c47-7023-9a42-dc9dc4db3a04:230,codex:rollout-2026-05-31T19-07-15-019e80ef-6c47-7023-9a42-dc9dc4db3a04:257,9226,9344,118,164973,11,6,4,0,1,0
ActPlane,3dae89cd06ae,complete,codex:rollout-2026-05-31T19-07-15-019e80ef-6c47-7023-9a42-dc9dc4db3a04:257,codex:rollout-2026-05-31T19-07-15-019e80ef-6c47-7023-9a42-dc9dc4db3a04:320,9344,9570,226,3163948,12,4,3,1,1,0
ActPlane,3dae89cd06ae,complete,codex:rollout-2026-05-31T19-07-15-019e80ef-6c47-7023-9a42-dc9dc4db3a04:320,codex:rollout-2026-05-31T19-07-15-019e80ef-6c47-7023-9a42-dc9dc4db3a04:321,9570,9571,1,0,1,0,0,0,0,0
ActPlane,3dae89cd06ae,complete,codex:rollout-2026-05-31T19-07-15-019e80ef-6c47-7023-9a42-dc9dc4db3a04:321,codex:rollout-2026-05-31T19-07-15-019e80ef-6c47-7023-9a42-dc9dc4db3a04:336,9571,9586,15,93822,1,0,0,2,1,0
ActPlane,3dae89cd06ae,complete,codex:rollout-2026-05-31T19-07-15-019e80ef-6c47-7023-9a42-dc9dc4db3a04:336,codex:rollout-2026-05-31T19-07-15-019e80ef-6c47-7023-9a42-dc9dc4db3a04:338,9586,9588,2,0,1,0,0,1,0,0
ActPlane,3dae89cd06ae,complete,codex:rollout-2026-05-31T19-07-15-019e80ef-6c47-7023-9a42-dc9dc4db3a04:338,codex:rollout-2026-05-31T19-07-15-019e80ef-6c47-7023-9a42-dc9dc4db3a04:341,9588,9591,3,15005,1,0,0,0,0,0
ActPlane,3dae89cd06ae,complete,codex:rollout-2026-05-31T19-07-15-019e80ef-6c47-7023-9a42-dc9dc4db3a04:341,codex:rollout-2026-05-31T19-07-15-019e80ef-6c47-7023-9a42-dc9dc4db3a04:342,9591,9592,1,1,1,0,0,0,0,0
ActPlane,3dae89cd06ae,complete,codex:rollout-2026-05-31T19-07-15-019e80ef-6c47-7023-9a42-dc9dc4db3a04:342,codex:rollout-2026-05-31T19-07-15-019e80ef-6c47-7023-9a42-dc9dc4db3a04:343,9592,9593,1,9,1,0,0,0,0,0
ActPlane,3dae89cd06ae,complete,codex:rollout-2026-05-31T19-07-15-019e80ef-6c47-7023-9a42-dc9dc4db3a04:343,codex:rollout-2026-05-31T19-07-15-019e80ef-6c47-7023-9a42-dc9dc4db3a04:362,9593,9612,19,68259,1,0,0,0,1,0
ActPlane,3dae89cd06ae,complete,codex:rollout-2026-05-31T19-07-15-019e80ef-6c47-7023-9a42-dc9dc4db3a04:362,codex:rollout-2026-05-31T19-07-15-019e80ef-6c47-7023-9a42-dc9dc4db3a04:365,9612,9615,3,23320,1,0,0,0,0,0
ActPlane,3dae89cd06ae,complete,codex:rollout-2026-05-31T19-07-15-019e80ef-6c47-7023-9a42-dc9dc4db3a04:365,codex:rollout-2026-05-31T19-07-15-019e80ef-6c47-7023-9a42-dc9dc4db3a04:366,9615,9616,1,8,1,0,0,0,0,0
ActPlane,3dae89cd06ae,complete,codex:rollout-2026-05-31T19-07-15-019e80ef-6c47-7023-9a42-dc9dc4db3a04:366,codex:rollout-2026-05-31T19-07-15-019e80ef-6c47-7023-9a42-dc9dc4db3a04:367,9616,9617,1,0,1,0,0,0,0,0
ActPlane,3dae89cd06ae,complete,codex:rollout-2026-05-31T19-07-15-019e80ef-6c47-7023-9a42-dc9dc4db3a04:367,codex:rollout-2026-05-31T19-07-15-019e80ef-6c47-7023-9a42-dc9dc4db3a04:393,9617,9643,26,1198177,1,0,0,1,1,0
ActPlane,3dae89cd06ae,complete,codex:rollout-2026-05-31T19-07-15-019e80ef-6c47-7023-9a42-dc9dc4db3a04:393,codex:rollout-2026-05-31T19-07-15-019e80ef-6c47-7023-9a42-dc9dc4db3a04:398,9643,9648,5,22202,1,0,0,0,0,0
ActPlane,3dae89cd06ae,complete,codex:rollout-2026-05-31T19-07-15-019e80ef-6c47-7023-9a42-dc9dc4db3a04:398,codex:rollout-2026-05-31T19-07-15-019e80ef-6c47-7023-9a42-dc9dc4db3a04:516,9648,9905,257,8780646,5,41,33,1,2,0
ActPlane,3dae89cd06ae,complete,codex:rollout-2026-05-31T19-07-15-019e80ef-6c47-7023-9a42-dc9dc4db3a04:516,codex:rollout-2026-05-31T19-07-15-019e80ef-6c47-7023-9a42-dc9dc4db3a04:517,9905,9907,2,4883,2,0,0,0,0,0
ActPlane,3dae89cd06ae,complete,codex:rollout-2026-05-31T19-07-15-019e80ef-6c47-7023-9a42-dc9dc4db3a04:517,codex:rollout-2026-05-31T19-07-15-019e80ef-6c47-7023-9a42-dc9dc4db3a04:524,9907,9918,11,41954,2,0,0,0,0,0
ActPlane,3dae89cd06ae,complete,codex:rollout-2026-05-31T19-07-15-019e80ef-6c47-7023-9a42-dc9dc4db3a04:524,codex:rollout-2026-05-31T19-07-15-019e80ef-6c47-7023-9a42-dc9dc4db3a04:572,9918,10046,128,346945,4,40,30,0,1,0
ActPlane,3dae89cd06ae,complete,codex:rollout-2026-05-31T19-07-15-019e80ef-6c47-7023-9a42-dc9dc4db3a04:572,codex:rollout-2026-05-31T19-07-15-019e80ef-6c47-7023-9a42-dc9dc4db3a04:573,10046,10048,2,4984,2,0,0,0,0,0
ActPlane,3dae89cd06ae,complete,codex:rollout-2026-05-31T19-07-15-019e80ef-6c47-7023-9a42-dc9dc4db3a04:573,claude:04ca59d2-9389-4832-9d65-692027b16da3:1208,10048,10093,45,155758,2,5,3,0,0,0
ActPlane,3dae89cd06ae,complete,claude:04ca59d2-9389-4832-9d65-692027b16da3:1208,codex:rollout-2026-05-31T19-07-15-019e80ef-6c47-7023-9a42-dc9dc4db3a04:627,10093,10151,58,833347,2,1,1,0,0,0
ActPlane,3dae89cd06ae,complete,codex:rollout-2026-05-31T19-07-15-019e80ef-6c47-7023-9a42-dc9dc4db3a04:627,codex:rollout-2026-05-31T19-07-15-019e80ef-6c47-7023-9a42-dc9dc4db3a04:628,10151,10152,1,0,1,0,0,0,0,0
ActPlane,3dae89cd06ae,complete,codex:rollout-2026-05-31T19-07-15-019e80ef-6c47-7023-9a42-dc9dc4db3a04:628,codex:rollout-2026-05-31T19-07-15-019e80ef-6c47-7023-9a42-dc9dc4db3a04:641,10152,10165,13,79716,1,0,0,0,0,0
ActPlane,3dae89cd06ae,complete,codex:rollout-2026-05-31T19-07-15-019e80ef-6c47-7023-9a42-dc9dc4db3a04:641,codex:rollout-2026-05-31T19-07-15-019e80ef-6c47-7023-9a42-dc9dc4db3a04:642,10165,10166,1,8500,1,0,0,0,0,0
ActPlane,3dae89cd06ae,complete,codex:rollout-2026-05-31T19-07-15-019e80ef-6c47-7023-9a42-dc9dc4db3a04:642,codex:rollout-2026-05-31T19-07-15-019e80ef-6c47-7023-9a42-dc9dc4db3a04:689,10166,10214,48,268576,2,3,3,4,0,0
ActPlane,3dae89cd06ae,complete,codex:rollout-2026-05-31T19-07-15-019e80ef-6c47-7023-9a42-dc9dc4db3a04:689,codex:rollout-2026-05-31T19-07-15-019e80ef-6c47-7023-9a42-dc9dc4db3a04:691,10214,10216,2,15400,1,0,0,0,0,0
ActPlane,3dae89cd06ae,complete,codex:rollout-2026-05-31T19-07-15-019e80ef-6c47-7023-9a42-dc9dc4db3a04:691,codex:rollout-2026-05-31T19-07-15-019e80ef-6c47-7023-9a42-dc9dc4db3a04:694,10216,10219,3,18075,1,0,0,0,0,0
ActPlane,3dae89cd06ae,complete,codex:rollout-2026-05-31T19-07-15-019e80ef-6c47-7023-9a42-dc9dc4db3a04:694,codex:rollout-2026-05-31T19-07-15-019e80ef-6c47-7023-9a42-dc9dc4db3a04:697,10219,10222,3,10725,1,0,0,0,0,0
ActPlane,3dae89cd06ae,complete,codex:rollout-2026-05-31T19-07-15-019e80ef-6c47-7023-9a42-dc9dc4db3a04:697,codex:rollout-2026-05-31T19-07-15-019e80ef-6c47-7023-9a42-dc9dc4db3a04:750,10222,10380,158,2121291,3,20,2,0,1,0
ActPlane,3dae89cd06ae,complete,codex:rollout-2026-05-31T19-07-15-019e80ef-6c47-7023-9a42-dc9dc4db3a04:750,codex:rollout-2026-05-31T19-07-15-019e80ef-6c47-7023-9a42-dc9dc4db3a04:758,10380,10390,10,80012,2,0,0,0,2,0
ActPlane,3dae89cd06ae,complete,codex:rollout-2026-05-31T19-07-15-019e80ef-6c47-7023-9a42-dc9dc4db3a04:758,codex:rollout-2026-05-31T19-07-15-019e80ef-6c47-7023-9a42-dc9dc4db3a04:762,10390,10394,4,25238,1,0,0,0,0,0
ActPlane,3dae89cd06ae,complete,codex:rollout-2026-05-31T19-07-15-019e80ef-6c47-7023-9a42-dc9dc4db3a04:762,codex:rollout-2026-05-31T19-07-15-019e80ef-6c47-7023-9a42-dc9dc4db3a04:763,10394,10395,1,5699,1,0,0,0,0,0
ActPlane,3dae89cd06ae,complete,codex:rollout-2026-05-31T19-07-15-019e80ef-6c47-7023-9a42-dc9dc4db3a04:763,codex:rollout-2026-05-31T19-07-15-019e80ef-6c47-7023-9a42-dc9dc4db3a04:779,10395,10412,17,77316,2,0,0,0,0,0
ActPlane,3dae89cd06ae,complete,codex:rollout-2026-05-31T19-07-15-019e80ef-6c47-7023-9a42-dc9dc4db3a04:779,codex:rollout-2026-05-31T19-07-15-019e80ef-6c47-7023-9a42-dc9dc4db3a04:783,10412,10417,5,9315,2,0,0,0,1,0
ActPlane,3dae89cd06ae,complete,codex:rollout-2026-05-31T19-07-15-019e80ef-6c47-7023-9a42-dc9dc4db3a04:783,codex:rollout-2026-05-31T19-07-15-019e80ef-6c47-7023-9a42-dc9dc4db3a04:792,10417,10428,11,44450,2,0,0,0,0,0
ActPlane,3dae89cd06ae,complete,codex:rollout-2026-05-31T19-07-15-019e80ef-6c47-7023-9a42-dc9dc4db3a04:792,codex:rollout-2026-05-31T19-07-15-019e80ef-6c47-7023-9a42-dc9dc4db3a04:803,10428,10439,11,42680,1,0,0,1,1,0
ActPlane,3dae89cd06ae,complete,codex:rollout-2026-05-31T19-07-15-019e80ef-6c47-7023-9a42-dc9dc4db3a04:803,codex:rollout-2026-05-31T19-07-15-019e80ef-6c47-7023-9a42-dc9dc4db3a04:808,10439,10444,5,24716,1,0,0,0,1,0
ActPlane,3dae89cd06ae,complete,codex:rollout-2026-05-31T19-07-15-019e80ef-6c47-7023-9a42-dc9dc4db3a04:808,codex:rollout-2026-05-31T19-07-15-019e80ef-6c47-7023-9a42-dc9dc4db3a04:873,10444,10534,90,1559082,2,1,1,0,0,0
ActPlane,3dae89cd06ae,complete,codex:rollout-2026-05-31T19-07-15-019e80ef-6c47-7023-9a42-dc9dc4db3a04:873,codex:rollout-2026-05-31T19-07-15-019e80ef-6c47-7023-9a42-dc9dc4db3a04:875,10534,10536,2,10700,1,0,0,0,0,0
ActPlane,3dae89cd06ae,complete,codex:rollout-2026-05-31T19-07-15-019e80ef-6c47-7023-9a42-dc9dc4db3a04:875,codex:rollout-2026-05-31T19-07-15-019e80ef-6c47-7023-9a42-dc9dc4db3a04:882,10536,10543,7,32809,1,0,0,0,1,0
ActPlane,3dae89cd06ae,complete,codex:rollout-2026-05-31T19-07-15-019e80ef-6c47-7023-9a42-dc9dc4db3a04:882,codex:rollout-2026-05-31T19-07-15-019e80ef-6c47-7023-9a42-dc9dc4db3a04:895,10543,10564,21,83701,2,1,1,0,1,0
ActPlane,3dae89cd06ae,complete,codex:rollout-2026-05-31T19-07-15-019e80ef-6c47-7023-9a42-dc9dc4db3a04:895,claude:04ca59d2-9389-4832-9d65-692027b16da3:1304,10564,10582,18,79899,2,4,2,0,1,0
ActPlane,3dae89cd06ae,complete,claude:04ca59d2-9389-4832-9d65-692027b16da3:1304,codex:rollout-2026-05-31T19-07-15-019e80ef-6c47-7023-9a42-dc9dc4db3a04:943,10582,10652,70,29083359,2,10,2,0,1,0
ActPlane,3dae89cd06ae,complete,codex:rollout-2026-05-31T19-07-15-019e80ef-6c47-7023-9a42-dc9dc4db3a04:943,codex:rollout-2026-05-31T19-07-15-019e80ef-6c47-7023-9a42-dc9dc4db3a04:944,10652,10655,3,3024,2,0,0,0,0,0
ActPlane,3dae89cd06ae,complete,codex:rollout-2026-05-31T19-07-15-019e80ef-6c47-7023-9a42-dc9dc4db3a04:944,codex:rollout-2026-05-31T19-07-15-019e80ef-6c47-7023-9a42-dc9dc4db3a04:947,10655,10660,5,14331,2,0,0,0,1,0
ActPlane,3dae89cd06ae,complete,codex:rollout-2026-05-31T19-07-15-019e80ef-6c47-7023-9a42-dc9dc4db3a04:947,codex:rollout-2026-05-31T19-07-15-019e80ef-6c47-7023-9a42-dc9dc4db3a04:957,10660,10686,26,75378,2,0,0,0,1,0
ActPlane,3dae89cd06ae,complete,codex:rollout-2026-05-31T19-07-15-019e80ef-6c47-7023-9a42-dc9dc4db3a04:957,codex:rollout-2026-05-31T19-07-15-019e80ef-6c47-7023-9a42-dc9dc4db3a04:965,10686,10699,13,37599,2,0,0,0,1,0
ActPlane,3dae89cd06ae,complete,codex:rollout-2026-05-31T19-07-15-019e80ef-6c47-7023-9a42-dc9dc4db3a04:965,claude:04ca59d2-9389-4832-9d65-692027b16da3:1384,10699,10748,49,324762,2,3,2,0,0,0
ActPlane,3dae89cd06ae,complete,claude:04ca59d2-9389-4832-9d65-692027b16da3:1384,claude:04ca59d2-9389-4832-9d65-692027b16da3:1385,10748,10749,1,4159,1,0,0,0,0,0
ActPlane,3dae89cd06ae,complete,claude:04ca59d2-9389-4832-9d65-692027b16da3:1385,claude:04ca59d2-9389-4832-9d65-692027b16da3:1391,10749,10757,8,27933,2,1,1,0,0,0
ActPlane,3dae89cd06ae,complete,claude:04ca59d2-9389-4832-9d65-692027b16da3:1391,codex:rollout-2026-05-31T19-07-15-019e80ef-6c47-7023-9a42-dc9dc4db3a04:1002,10757,10771,14,163771,2,0,0,0,1,0
ActPlane,3dae89cd06ae,complete,codex:rollout-2026-05-31T19-07-15-019e80ef-6c47-7023-9a42-dc9dc4db3a04:1002,codex:rollout-2026-05-31T19-07-15-019e80ef-6c47-7023-9a42-dc9dc4db3a04:1005,10771,10774,3,15190,1,0,0,0,0,0
ActPlane,3dae89cd06ae,complete,codex:rollout-2026-05-31T19-07-15-019e80ef-6c47-7023-9a42-dc9dc4db3a04:1005,codex:rollout-2026-05-31T19-07-15-019e80ef-6c47-7023-9a42-dc9dc4db3a04:1006,10774,10775,1,3019,1,0,0,0,0,0
ActPlane,3dae89cd06ae,complete,codex:rollout-2026-05-31T19-07-15-019e80ef-6c47-7023-9a42-dc9dc4db3a04:1006,claude:5e275eed-7938-4534-ad1a-bd4539296ff4:110,10775,10920,145,31738282,3,31,12,0,0,0
ActPlane,3dae89cd06ae,complete,claude:5e275eed-7938-4534-ad1a-bd4539296ff4:110,claude:5e275eed-7938-4534-ad1a-bd4539296ff4:114,10920,10924,4,21813,1,1,1,0,0,0
ActPlane,3dae89cd06ae,complete,claude:5e275eed-7938-4534-ad1a-bd4539296ff4:114,claude:5e275eed-7938-4534-ad1a-bd4539296ff4:115,10924,10925,1,8193,1,0,0,0,0,0
ActPlane,3dae89cd06ae,complete,claude:5e275eed-7938-4534-ad1a-bd4539296ff4:115,claude:5e275eed-7938-4534-ad1a-bd4539296ff4:117,10925,10927,2,13622,1,0,0,0,0,0
ActPlane,3dae89cd06ae,complete,claude:5e275eed-7938-4534-ad1a-bd4539296ff4:117,claude:5e275eed-7938-4534-ad1a-bd4539296ff4:121,10927,10931,4,21707,1,1,1,0,0,0
ActPlane,3dae89cd06ae,complete,claude:5e275eed-7938-4534-ad1a-bd4539296ff4:121,claude:5e275eed-7938-4534-ad1a-bd4539296ff4:122,10931,10932,1,5001,1,0,0,0,0,0
ActPlane,3dae89cd06ae,complete,claude:5e275eed-7938-4534-ad1a-bd4539296ff4:122,codex:rollout-2026-06-01T23-59-28-019e8721-5088-7cf1-8da4-eecc378eebdc:432,10932,12406,1474,74041394,96,43,20,0,0,0
ActPlane,3dae89cd06ae,complete,codex:rollout-2026-06-01T23-59-28-019e8721-5088-7cf1-8da4-eecc378eebdc:432,codex:rollout-2026-06-01T23-59-28-019e8721-5088-7cf1-8da4-eecc378eebdc:450,12406,12424,18,246153,1,0,0,1,0,0
ActPlane,3dae89cd06ae,complete,codex:rollout-2026-06-01T23-59-28-019e8721-5088-7cf1-8da4-eecc378eebdc:450,codex:rollout-2026-06-01T23-59-28-019e8721-5088-7cf1-8da4-eecc378eebdc:460,12424,12434,10,75109,1,0,0,0,0,0
ActPlane,3dae89cd06ae,complete,codex:rollout-2026-06-01T23-59-28-019e8721-5088-7cf1-8da4-eecc378eebdc:460,codex:rollout-2026-06-01T23-59-28-019e8721-5088-7cf1-8da4-eecc378eebdc:474,12434,12448,14,53385,1,0,0,0,0,0
ActPlane,3dae89cd06ae,complete,codex:rollout-2026-06-01T23-59-28-019e8721-5088-7cf1-8da4-eecc378eebdc:474,codex:rollout-2026-06-02T18-09-19-019e8b07-1a61-7c42-a077-2d39424e6f63:2489,12448,15687,3239,88968381,7,70,51,0,0,0
ActPlane,3dae89cd06ae,complete,codex:rollout-2026-06-02T18-09-19-019e8b07-1a61-7c42-a077-2d39424e6f63:2489,codex:rollout-2026-06-02T18-09-19-019e8b07-1a61-7c42-a077-2d39424e6f63:2509,15687,15707,20,130429,1,0,0,0,0,0
ActPlane,3dae89cd06ae,complete,codex:rollout-2026-06-02T18-09-19-019e8b07-1a61-7c42-a077-2d39424e6f63:2509,codex:rollout-2026-06-02T18-09-19-019e8b07-1a61-7c42-a077-2d39424e6f63:2548,15707,15746,39,271042,1,0,0,0,0,0
ActPlane,3dae89cd06ae,complete,codex:rollout-2026-06-02T18-09-19-019e8b07-1a61-7c42-a077-2d39424e6f63:2548,codex:rollout-2026-06-02T18-09-19-019e8b07-1a61-7c42-a077-2d39424e6f63:2556,15746,15754,8,81443,1,0,0,0,0,0
ActPlane,3dae89cd06ae,complete,codex:rollout-2026-06-02T18-09-19-019e8b07-1a61-7c42-a077-2d39424e6f63:2556,codex:rollout-2026-06-02T18-09-19-019e8b07-1a61-7c42-a077-2d39424e6f63:2560,15754,15758,4,39925,1,0,0,0,0,0
ActPlane,3dae89cd06ae,complete,codex:rollout-2026-06-02T18-09-19-019e8b07-1a61-7c42-a077-2d39424e6f63:2560,codex:rollout-2026-06-02T18-09-19-019e8b07-1a61-7c42-a077-2d39424e6f63:2564,15758,15762,4,38234,1,0,0,0,0,0
ActPlane,3dae89cd06ae,complete,codex:rollout-2026-06-02T18-09-19-019e8b07-1a61-7c42-a077-2d39424e6f63:2564,codex:rollout-2026-06-03T14-01-31-019e8f4a-9939-71a2-881d-010c7a8e2c1d:546,15762,15853,91,1084003,2,0,0,0,0,0
ActPlane,3dae89cd06ae,complete,codex:rollout-2026-06-03T14-01-31-019e8f4a-9939-71a2-881d-010c7a8e2c1d:546,codex:rollout-2026-06-03T14-01-31-019e8f4a-9939-71a2-881d-010c7a8e2c1d:556,15853,15868,15,94257,2,1,1,0,0,0
ActPlane,3dae89cd06ae,complete,codex:rollout-2026-06-03T14-01-31-019e8f4a-9939-71a2-881d-010c7a8e2c1d:556,codex:rollout-2026-06-03T14-01-31-019e8f4a-9939-71a2-881d-010c7a8e2c1d:557,15868,15869,1,24,1,0,0,0,0,0
ActPlane,3dae89cd06ae,complete,codex:rollout-2026-06-03T14-01-31-019e8f4a-9939-71a2-881d-010c7a8e2c1d:557,codex:rollout-2026-06-02T18-09-19-019e8b07-1a61-7c42-a077-2d39424e6f63:2630,15869,15884,15,94722,2,0,0,0,0,0
ActPlane,3dae89cd06ae,complete,codex:rollout-2026-06-02T18-09-19-019e8b07-1a61-7c42-a077-2d39424e6f63:2630,codex:rollout-2026-06-03T14-01-31-019e8f4a-9939-71a2-881d-010c7a8e2c1d:993,15884,16783,899,15278033,2,0,0,1,0,0
ActPlane,3dae89cd06ae,complete,codex:rollout-2026-06-03T14-01-31-019e8f4a-9939-71a2-881d-010c7a8e2c1d:993,codex:rollout-2026-06-03T14-01-31-019e8f4a-9939-71a2-881d-010c7a8e2c1d:994,16783,16784,1,8733,1,0,0,0,0,0
ActPlane,3dae89cd06ae,complete,codex:rollout-2026-06-03T14-01-31-019e8f4a-9939-71a2-881d-010c7a8e2c1d:994,codex:rollout-2026-06-03T14-01-31-019e8f4a-9939-71a2-881d-010c7a8e2c1d:8283,16784,31168,14384,262047971,43,164,22,0,0,0
ActPlane,3dae89cd06ae,complete,codex:rollout-2026-06-03T14-01-31-019e8f4a-9939-71a2-881d-010c7a8e2c1d:8283,codex:rollout-2026-06-03T14-01-31-019e8f4a-9939-71a2-881d-010c7a8e2c1d:8284,31168,31169,1,168,1,0,0,0,0,0
ActPlane,3dae89cd06ae,complete,codex:rollout-2026-06-03T14-01-31-019e8f4a-9939-71a2-881d-010c7a8e2c1d:8284,codex:rollout-2026-06-03T14-01-31-019e8f4a-9939-71a2-881d-010c7a8e2c1d:8297,31169,31179,10,174873,1,0,0,1,0,0
ActPlane,3dae89cd06ae,complete,codex:rollout-2026-06-03T14-01-31-019e8f4a-9939-71a2-881d-010c7a8e2c1d:8297,codex:rollout-2026-06-03T14-01-31-019e8f4a-9939-71a2-881d-010c7a8e2c1d:8300,31179,31182,3,24171,1,0,0,1,0,0
ActPlane,3dae89cd06ae,complete,codex:rollout-2026-06-03T14-01-31-019e8f4a-9939-71a2-881d-010c7a8e2c1d:8300,codex:rollout-2026-06-03T14-01-31-019e8f4a-9939-71a2-881d-010c7a8e2c1d:8303,31182,31185,3,17104,1,0,0,1,0,0
ActPlane,3dae89cd06ae,complete,codex:rollout-2026-06-03T14-01-31-019e8f4a-9939-71a2-881d-010c7a8e2c1d:8303,codex:rollout-2026-06-03T14-01-31-019e8f4a-9939-71a2-881d-010c7a8e2c1d:8304,31185,31186,1,10938,1,0,0,0,0,0
ActPlane,3dae89cd06ae,complete,codex:rollout-2026-06-03T14-01-31-019e8f4a-9939-71a2-881d-010c7a8e2c1d:8304,codex:rollout-2026-06-03T14-01-31-019e8f4a-9939-71a2-881d-010c7a8e2c1d:8321,31186,31194,8,218641,1,0,0,0,0,0
ActPlane,3dae89cd06ae,complete,codex:rollout-2026-06-03T14-01-31-019e8f4a-9939-71a2-881d-010c7a8e2c1d:8321,codex:rollout-2026-06-03T14-01-31-019e8f4a-9939-71a2-881d-010c7a8e2c1d:8322,31194,31195,1,26,1,0,0,0,0,0
ActPlane,3dae89cd06ae,complete,codex:rollout-2026-06-03T14-01-31-019e8f4a-9939-71a2-881d-010c7a8e2c1d:8322,codex:rollout-2026-06-03T14-01-31-019e8f4a-9939-71a2-881d-010c7a8e2c1d:8328,31195,31200,5,61383,1,0,0,1,0,0
ActPlane,3dae89cd06ae,complete,codex:rollout-2026-06-03T14-01-31-019e8f4a-9939-71a2-881d-010c7a8e2c1d:8328,codex:rollout-2026-06-03T14-01-31-019e8f4a-9939-71a2-881d-010c7a8e2c1d:8330,31200,31202,2,14960,1,0,0,0,0,0
ActPlane,3dae89cd06ae,complete,codex:rollout-2026-06-03T14-01-31-019e8f4a-9939-71a2-881d-010c7a8e2c1d:8330,codex:rollout-2026-06-03T14-01-31-019e8f4a-9939-71a2-881d-010c7a8e2c1d:8331,31202,31203,1,44,1,0,0,0,0,0
ActPlane,3dae89cd06ae,complete,codex:rollout-2026-06-03T14-01-31-019e8f4a-9939-71a2-881d-010c7a8e2c1d:8331,codex:rollout-2026-06-03T14-01-31-019e8f4a-9939-71a2-881d-010c7a8e2c1d:8359,31203,31230,27,634530,1,0,0,0,0,0
ActPlane,3dae89cd06ae,complete,codex:rollout-2026-06-03T14-01-31-019e8f4a-9939-71a2-881d-010c7a8e2c1d:8359,codex:rollout-2026-06-03T14-01-31-019e8f4a-9939-71a2-881d-010c7a8e2c1d:8430,31230,31301,71,1290933,1,0,0,0,0,0
ActPlane,3dae89cd06ae,complete,codex:rollout-2026-06-03T14-01-31-019e8f4a-9939-71a2-881d-010c7a8e2c1d:8430,claude:1206cca6-d292-4d81-b609-57ee8382c2c0:481,31301,40206,8905,255372889,69,726,50,0,0,0
ActPlane,3dae89cd06ae,complete,claude:1206cca6-d292-4d81-b609-57ee8382c2c0:481,claude:1206cca6-d292-4d81-b609-57ee8382c2c0:482,40206,40207,1,13711,1,0,0,0,0,0
ActPlane,3dae89cd06ae,complete,claude:1206cca6-d292-4d81-b609-57ee8382c2c0:482,claude:1206cca6-d292-4d81-b609-57ee8382c2c0:484,40207,40209,2,10467,1,0,0,0,0,0
ActPlane,3dae89cd06ae,complete,claude:1206cca6-d292-4d81-b609-57ee8382c2c0:484,claude:1206cca6-d292-4d81-b609-57ee8382c2c0:493,40209,40227,18,179057,2,2,2,0,0,0
ActPlane,3dae89cd06ae,complete,claude:1206cca6-d292-4d81-b609-57ee8382c2c0:493,codex:rollout-2026-06-09T14-27-44-019eae48-c1ce-7661-98d6-c36ecdf8a52c:76,40227,40300,73,684235,3,7,5,0,0,0
ActPlane,3dae89cd06ae,complete,codex:rollout-2026-06-09T14-27-44-019eae48-c1ce-7661-98d6-c36ecdf8a52c:76,codex:rollout-2026-06-09T14-27-44-019eae48-c1ce-7661-98d6-c36ecdf8a52c:77,40300,40301,1,4983,1,0,0,0,0,0
ActPlane,3dae89cd06ae,complete,codex:rollout-2026-06-09T14-27-44-019eae48-c1ce-7661-98d6-c36ecdf8a52c:77,codex:rollout-2026-06-09T14-27-44-019eae48-c1ce-7661-98d6-c36ecdf8a52c:90,40301,40314,13,107146,1,0,0,0,0,0
ActPlane,3dae89cd06ae,complete,codex:rollout-2026-06-09T14-27-44-019eae48-c1ce-7661-98d6-c36ecdf8a52c:90,codex:rollout-2026-06-09T14-27-44-019eae48-c1ce-7661-98d6-c36ecdf8a52c:144,40314,40377,63,495804,2,5,1,0,0,0
ActPlane,3dae89cd06ae,complete,codex:rollout-2026-06-09T14-27-44-019eae48-c1ce-7661-98d6-c36ecdf8a52c:144,codex:rollout-2026-06-09T14-27-44-019eae48-c1ce-7661-98d6-c36ecdf8a52c:154,40377,40387,10,75122,1,0,0,0,0,0
ActPlane,3dae89cd06ae,complete,codex:rollout-2026-06-09T14-27-44-019eae48-c1ce-7661-98d6-c36ecdf8a52c:154,codex:rollout-2026-06-09T14-27-44-019eae48-c1ce-7661-98d6-c36ecdf8a52c:193,40387,40430,43,388134,2,0,0,0,0,0
ActPlane,3dae89cd06ae,complete,codex:rollout-2026-06-09T14-27-44-019eae48-c1ce-7661-98d6-c36ecdf8a52c:193,codex:rollout-2026-06-10T10-20-05-019eb28c-6490-79f1-9b5a-d58a1ff224c4:92,40430,41026,596,38148152,12,25,6,0,0,0
ActPlane,3dae89cd06ae,complete,codex:rollout-2026-06-10T10-20-05-019eb28c-6490-79f1-9b5a-d58a1ff224c4:92,codex:rollout-2026-06-10T10-20-05-019eb28c-6490-79f1-9b5a-d58a1ff224c4:94,41026,41028,2,12771,1,0,0,0,0,0
ActPlane,3dae89cd06ae,complete,codex:rollout-2026-06-10T10-20-05-019eb28c-6490-79f1-9b5a-d58a1ff224c4:94,codex:rollout-2026-06-10T17-40-52-019eb41f-ee4e-7712-a2ee-0b25efda4a38:136,41028,42819,1791,40570659,7,188,10,1,0,0
ActPlane,3dae89cd06ae,complete,codex:rollout-2026-06-10T17-40-52-019eb41f-ee4e-7712-a2ee-0b25efda4a38:136,codex:rollout-2026-06-10T17-40-52-019eb41f-ee4e-7712-a2ee-0b25efda4a38:137,42819,42820,1,6953,1,0,0,0,0,0
ActPlane,3dae89cd06ae,complete,codex:rollout-2026-06-10T17-40-52-019eb41f-ee4e-7712-a2ee-0b25efda4a38:137,codex:rollout-2026-06-10T17-40-52-019eb41f-ee4e-7712-a2ee-0b25efda4a38:141,42820,42824,4,11196,1,0,0,0,0,0
ActPlane,3dae89cd06ae,complete,codex:rollout-2026-06-10T17-40-52-019eb41f-ee4e-7712-a2ee-0b25efda4a38:141,codex:rollout-2026-06-10T17-40-52-019eb41f-ee4e-7712-a2ee-0b25efda4a38:148,42824,42831,7,561067,1,0,0,0,0,0
ActPlane,3dae89cd06ae,complete,codex:rollout-2026-06-10T17-40-52-019eb41f-ee4e-7712-a2ee-0b25efda4a38:148,codex:rollout-2026-06-12T23-22-34-019ebfa5-7d5b-76a2-94b7-fb066ce0b27a:75,42831,44623,1792,178374161,28,393,15,1,0,0
ActPlane,3dae89cd06ae,complete,codex:rollout-2026-06-12T23-22-34-019ebfa5-7d5b-76a2-94b7-fb066ce0b27a:75,codex:rollout-2026-06-12T23-22-34-019ebfa5-7d5b-76a2-94b7-fb066ce0b27a:76,44623,44624,1,8166,1,0,0,0,0,0
ActPlane,3dae89cd06ae,complete,codex:rollout-2026-06-12T23-22-34-019ebfa5-7d5b-76a2-94b7-fb066ce0b27a:76,codex:rollout-2026-06-12T23-22-34-019ebfa5-7d5b-76a2-94b7-fb066ce0b27a:91,44624,44639,15,129073,1,0,0,0,0,0
ActPlane,3dae89cd06ae,complete,codex:rollout-2026-06-12T23-22-34-019ebfa5-7d5b-76a2-94b7-fb066ce0b27a:91,codex:rollout-2026-06-12T23-22-34-019ebfa5-7d5b-76a2-94b7-fb066ce0b27a:144,44639,44692,53,1803887,1,0,0,1,0,0
ActPlane,3dae89cd06ae,complete,codex:rollout-2026-06-12T23-22-34-019ebfa5-7d5b-76a2-94b7-fb066ce0b27a:144,codex:rollout-2026-06-12T23-22-34-019ebfa5-7d5b-76a2-94b7-fb066ce0b27a:148,44692,44696,4,18688,1,0,0,0,0,0
ActPlane,3dae89cd06ae,complete,codex:rollout-2026-06-12T23-22-34-019ebfa5-7d5b-76a2-94b7-fb066ce0b27a:148,codex:rollout-2026-06-12T23-22-34-019ebfa5-7d5b-76a2-94b7-fb066ce0b27a:149,44696,44697,1,22,1,0,0,0,0,0
ActPlane,3dae89cd06ae,complete,codex:rollout-2026-06-12T23-22-34-019ebfa5-7d5b-76a2-94b7-fb066ce0b27a:149,codex:rollout-2026-06-12T23-22-34-019ebfa5-7d5b-76a2-94b7-fb066ce0b27a:175,44697,44723,26,253543,1,0,0,0,0,0
ActPlane,3dae89cd06ae,complete,codex:rollout-2026-06-12T23-22-34-019ebfa5-7d5b-76a2-94b7-fb066ce0b27a:175,codex:rollout-2026-06-12T23-22-34-019ebfa5-7d5b-76a2-94b7-fb066ce0b27a:176,44723,44724,1,0,1,0,0,0,0,0
ActPlane,3dae89cd06ae,complete,codex:rollout-2026-06-12T23-22-34-019ebfa5-7d5b-76a2-94b7-fb066ce0b27a:176,codex:rollout-2026-06-12T23-22-34-019ebfa5-7d5b-76a2-94b7-fb066ce0b27a:177,44724,44725,1,45,1,0,0,0,0,0
ActPlane,3dae89cd06ae,complete,codex:rollout-2026-06-12T23-22-34-019ebfa5-7d5b-76a2-94b7-fb066ce0b27a:177,codex:rollout-2026-06-12T23-22-34-019ebfa5-7d5b-76a2-94b7-fb066ce0b27a:192,44725,44740,15,107333,1,0,0,0,0,0
ActPlane,3dae89cd06ae,complete,codex:rollout-2026-06-12T23-22-34-019ebfa5-7d5b-76a2-94b7-fb066ce0b27a:192,codex:rollout-2026-06-12T23-22-34-019ebfa5-7d5b-76a2-94b7-fb066ce0b27a:193,44740,44741,1,26,1,0,0,0,0,0
ActPlane,3dae89cd06ae,complete,codex:rollout-2026-06-12T23-22-34-019ebfa5-7d5b-76a2-94b7-fb066ce0b27a:193,codex:rollout-2026-06-12T23-22-34-019ebfa5-7d5b-76a2-94b7-fb066ce0b27a:198,44741,44746,5,34230,1,0,0,0,0,0
ActPlane,3dae89cd06ae,complete,codex:rollout-2026-06-12T23-22-34-019ebfa5-7d5b-76a2-94b7-fb066ce0b27a:198,codex:rollout-2026-06-12T23-22-34-019ebfa5-7d5b-76a2-94b7-fb066ce0b27a:236,44746,44784,38,380124,1,0,0,0,0,0
ActPlane,3dae89cd06ae,complete,codex:rollout-2026-06-12T23-22-34-019ebfa5-7d5b-76a2-94b7-fb066ce0b27a:236,codex:rollout-2026-06-12T23-22-34-019ebfa5-7d5b-76a2-94b7-fb066ce0b27a:237,44784,44785,1,47,1,0,0,0,0,0
ActPlane,3dae89cd06ae,complete,codex:rollout-2026-06-12T23-22-34-019ebfa5-7d5b-76a2-94b7-fb066ce0b27a:237,codex:rollout-2026-06-12T23-22-34-019ebfa5-7d5b-76a2-94b7-fb066ce0b27a:242,44785,44790,5,48709,1,0,0,0,0,0
ActPlane,3dae89cd06ae,complete,codex:rollout-2026-06-12T23-22-34-019ebfa5-7d5b-76a2-94b7-fb066ce0b27a:242,codex:rollout-2026-06-12T23-22-34-019ebfa5-7d5b-76a2-94b7-fb066ce0b27a:252,44790,44800,10,80804,1,0,0,0,0,0
ActPlane,3dae89cd06ae,complete,codex:rollout-2026-06-12T23-22-34-019ebfa5-7d5b-76a2-94b7-fb066ce0b27a:252,codex:rollout-2026-06-12T23-22-34-019ebfa5-7d5b-76a2-94b7-fb066ce0b27a:253,44800,44801,1,0,1,0,0,0,0,0
ActPlane,3dae89cd06ae,complete,codex:rollout-2026-06-12T23-22-34-019ebfa5-7d5b-76a2-94b7-fb066ce0b27a:253,codex:rollout-2026-06-12T23-22-34-019ebfa5-7d5b-76a2-94b7-fb066ce0b27a:254,44801,44802,1,40,1,0,0,0,0,0
ActPlane,3dae89cd06ae,complete,codex:rollout-2026-06-12T23-22-34-019ebfa5-7d5b-76a2-94b7-fb066ce0b27a:254,codex:rollout-2026-06-12T23-22-34-019ebfa5-7d5b-76a2-94b7-fb066ce0b27a:291,44802,44839,37,477005,1,0,0,0,0,0
ActPlane,3dae89cd06ae,complete,codex:rollout-2026-06-12T23-22-34-019ebfa5-7d5b-76a2-94b7-fb066ce0b27a:291,codex:rollout-2026-06-12T23-22-34-019ebfa5-7d5b-76a2-94b7-fb066ce0b27a:296,44839,44844,5,59355,1,0,0,0,0,0
ActPlane,3dae89cd06ae,complete,codex:rollout-2026-06-12T23-22-34-019ebfa5-7d5b-76a2-94b7-fb066ce0b27a:296,codex:rollout-2026-06-12T23-22-34-019ebfa5-7d5b-76a2-94b7-fb066ce0b27a:304,44844,44852,8,45442,1,0,0,0,0,0
ActPlane,3dae89cd06ae,complete,codex:rollout-2026-06-12T23-22-34-019ebfa5-7d5b-76a2-94b7-fb066ce0b27a:304,codex:rollout-2026-06-12T23-22-34-019ebfa5-7d5b-76a2-94b7-fb066ce0b27a:305,44852,44853,1,0,1,0,0,0,0,0
ActPlane,3dae89cd06ae,complete,codex:rollout-2026-06-12T23-22-34-019ebfa5-7d5b-76a2-94b7-fb066ce0b27a:305,codex:rollout-2026-06-12T23-22-34-019ebfa5-7d5b-76a2-94b7-fb066ce0b27a:306,44853,44854,1,33,1,0,0,0,0,0
ActPlane,3dae89cd06ae,complete,codex:rollout-2026-06-12T23-22-34-019ebfa5-7d5b-76a2-94b7-fb066ce0b27a:306,codex:rollout-2026-06-12T23-22-34-019ebfa5-7d5b-76a2-94b7-fb066ce0b27a:311,44854,44859,5,50506,1,0,0,0,0,0
ActPlane,3dae89cd06ae,complete,codex:rollout-2026-06-12T23-22-34-019ebfa5-7d5b-76a2-94b7-fb066ce0b27a:311,codex:rollout-2026-06-12T23-22-34-019ebfa5-7d5b-76a2-94b7-fb066ce0b27a:312,44859,44860,1,0,1,0,0,0,0,0
ActPlane,3dae89cd06ae,complete,codex:rollout-2026-06-12T23-22-34-019ebfa5-7d5b-76a2-94b7-fb066ce0b27a:312,codex:rollout-2026-06-12T23-22-34-019ebfa5-7d5b-76a2-94b7-fb066ce0b27a:313,44860,44861,1,41,1,0,0,0,0,0
ActPlane,3dae89cd06ae,complete,codex:rollout-2026-06-12T23-22-34-019ebfa5-7d5b-76a2-94b7-fb066ce0b27a:313,codex:rollout-2026-06-12T23-22-34-019ebfa5-7d5b-76a2-94b7-fb066ce0b27a:332,44861,44880,19,170574,1,0,0,0,0,0
ActPlane,3dae89cd06ae,complete,codex:rollout-2026-06-12T23-22-34-019ebfa5-7d5b-76a2-94b7-fb066ce0b27a:332,codex:rollout-2026-06-12T23-22-34-019ebfa5-7d5b-76a2-94b7-fb066ce0b27a:336,44880,44884,4,49531,1,0,0,0,0,0
ActPlane,3dae89cd06ae,complete,codex:rollout-2026-06-12T23-22-34-019ebfa5-7d5b-76a2-94b7-fb066ce0b27a:336,codex:rollout-2026-06-12T23-22-34-019ebfa5-7d5b-76a2-94b7-fb066ce0b27a:343,44884,44891,7,32271,1,0,0,0,0,0
ActPlane,3dae89cd06ae,complete,codex:rollout-2026-06-12T23-22-34-019ebfa5-7d5b-76a2-94b7-fb066ce0b27a:343,codex:rollout-2026-06-12T23-22-34-019ebfa5-7d5b-76a2-94b7-fb066ce0b27a:344,44891,44892,1,42,1,0,0,0,0,0
ActPlane,3dae89cd06ae,complete,codex:rollout-2026-06-12T23-22-34-019ebfa5-7d5b-76a2-94b7-fb066ce0b27a:344,codex:rollout-2026-06-12T23-22-34-019ebfa5-7d5b-76a2-94b7-fb066ce0b27a:345,44892,44893,1,1,1,0,0,0,0,0
ActPlane,3dae89cd06ae,complete,codex:rollout-2026-06-12T23-22-34-019ebfa5-7d5b-76a2-94b7-fb066ce0b27a:345,codex:rollout-2026-06-12T23-22-34-019ebfa5-7d5b-76a2-94b7-fb066ce0b27a:425,44893,44973,80,946974,1,0,0,1,0,0
ActPlane,3dae89cd06ae,complete,codex:rollout-2026-06-12T23-22-34-019ebfa5-7d5b-76a2-94b7-fb066ce0b27a:425,codex:rollout-2026-06-12T23-22-34-019ebfa5-7d5b-76a2-94b7-fb066ce0b27a:430,44973,44978,5,38636,1,0,0,0,0,0
ActPlane,3dae89cd06ae,complete,codex:rollout-2026-06-12T23-22-34-019ebfa5-7d5b-76a2-94b7-fb066ce0b27a:430,codex:rollout-2026-06-12T23-22-34-019ebfa5-7d5b-76a2-94b7-fb066ce0b27a:435,44978,44983,5,33821,1,0,0,0,0,0
ActPlane,3dae89cd06ae,complete,codex:rollout-2026-06-12T23-22-34-019ebfa5-7d5b-76a2-94b7-fb066ce0b27a:435,codex:rollout-2026-06-12T23-22-34-019ebfa5-7d5b-76a2-94b7-fb066ce0b27a:439,44983,44987,4,45425,1,0,0,0,0,0
ActPlane,3dae89cd06ae,complete,codex:rollout-2026-06-12T23-22-34-019ebfa5-7d5b-76a2-94b7-fb066ce0b27a:439,codex:rollout-2026-06-12T23-22-34-019ebfa5-7d5b-76a2-94b7-fb066ce0b27a:444,44987,44992,5,53062,1,0,0,0,0,0
ActPlane,3dae89cd06ae,complete,codex:rollout-2026-06-12T23-22-34-019ebfa5-7d5b-76a2-94b7-fb066ce0b27a:444,codex:rollout-2026-06-12T23-22-34-019ebfa5-7d5b-76a2-94b7-fb066ce0b27a:449,44992,44997,5,46187,1,0,0,0,0,0
ActPlane,3dae89cd06ae,complete,codex:rollout-2026-06-12T23-22-34-019ebfa5-7d5b-76a2-94b7-fb066ce0b27a:449,codex:rollout-2026-06-12T23-22-34-019ebfa5-7d5b-76a2-94b7-fb066ce0b27a:453,44997,45001,4,41163,1,0,0,0,0,0
ActPlane,3dae89cd06ae,complete,codex:rollout-2026-06-12T23-22-34-019ebfa5-7d5b-76a2-94b7-fb066ce0b27a:453,codex:rollout-2026-06-12T23-22-34-019ebfa5-7d5b-76a2-94b7-fb066ce0b27a:467,45001,45015,14,117491,1,0,0,0,0,0
ActPlane,3dae89cd06ae,complete,codex:rollout-2026-06-12T23-22-34-019ebfa5-7d5b-76a2-94b7-fb066ce0b27a:467,codex:rollout-2026-06-12T23-22-34-019ebfa5-7d5b-76a2-94b7-fb066ce0b27a:522,45015,45070,55,5470021,1,0,0,1,0,0
ActPlane,3dae89cd06ae,complete,codex:rollout-2026-06-12T23-22-34-019ebfa5-7d5b-76a2-94b7-fb066ce0b27a:522,codex:rollout-2026-06-12T23-22-34-019ebfa5-7d5b-76a2-94b7-fb066ce0b27a:529,45070,45077,7,38537,1,0,0,0,0,0
ActPlane,3dae89cd06ae,complete,codex:rollout-2026-06-12T23-22-34-019ebfa5-7d5b-76a2-94b7-fb066ce0b27a:529,codex:rollout-2026-06-12T23-22-34-019ebfa5-7d5b-76a2-94b7-fb066ce0b27a:547,45077,45095,18,22504890,1,0,0,0,0,0
ActPlane,3dae89cd06ae,complete,codex:rollout-2026-06-12T23-22-34-019ebfa5-7d5b-76a2-94b7-fb066ce0b27a:547,codex:rollout-2026-06-12T23-22-34-019ebfa5-7d5b-76a2-94b7-fb066ce0b27a:548,45095,45096,1,6925,1,0,0,0,0,0
ActPlane,3dae89cd06ae,complete,codex:rollout-2026-06-12T23-22-34-019ebfa5-7d5b-76a2-94b7-fb066ce0b27a:548,codex:rollout-2026-06-12T23-22-34-019ebfa5-7d5b-76a2-94b7-fb066ce0b27a:550,45096,45098,2,11171,1,0,0,1,0,0
ActPlane,3dae89cd06ae,complete,codex:rollout-2026-06-12T23-22-34-019ebfa5-7d5b-76a2-94b7-fb066ce0b27a:550,codex:rollout-2026-06-12T23-22-34-019ebfa5-7d5b-76a2-94b7-fb066ce0b27a:575,45098,45123,25,182976,1,0,0,0,0,0
ActPlane,3dae89cd06ae,complete,codex:rollout-2026-06-12T23-22-34-019ebfa5-7d5b-76a2-94b7-fb066ce0b27a:575,codex:rollout-2026-06-12T23-22-34-019ebfa5-7d5b-76a2-94b7-fb066ce0b27a:581,45123,45129,6,61188,1,0,0,0,0,0
ActPlane,3dae89cd06ae,complete,codex:rollout-2026-06-12T23-22-34-019ebfa5-7d5b-76a2-94b7-fb066ce0b27a:581,codex:rollout-2026-06-12T23-22-34-019ebfa5-7d5b-76a2-94b7-fb066ce0b27a:588,45129,45136,7,50231,1,0,0,0,0,0
ActPlane,3dae89cd06ae,complete,codex:rollout-2026-06-12T23-22-34-019ebfa5-7d5b-76a2-94b7-fb066ce0b27a:588,codex:rollout-2026-06-12T23-22-34-019ebfa5-7d5b-76a2-94b7-fb066ce0b27a:593,45136,45141,5,22794,1,0,0,0,0,0
ActPlane,3dae89cd06ae,complete,codex:rollout-2026-06-12T23-22-34-019ebfa5-7d5b-76a2-94b7-fb066ce0b27a:593,codex:rollout-2026-06-12T23-22-34-019ebfa5-7d5b-76a2-94b7-fb066ce0b27a:633,45141,45181,40,418192,1,0,0,0,0,0
ActPlane,3dae89cd06ae,complete,codex:rollout-2026-06-12T23-22-34-019ebfa5-7d5b-76a2-94b7-fb066ce0b27a:633,codex:rollout-2026-06-12T23-22-34-019ebfa5-7d5b-76a2-94b7-fb066ce0b27a:660,45181,45208,27,204593,1,0,0,0,0,0
ActPlane,3dae89cd06ae,complete,codex:rollout-2026-06-12T23-22-34-019ebfa5-7d5b-76a2-94b7-fb066ce0b27a:660,codex:rollout-2026-06-12T23-22-34-019ebfa5-7d5b-76a2-94b7-fb066ce0b27a:661,45208,45209,1,15237,1,0,0,0,0,0
ActPlane,3dae89cd06ae,complete,codex:rollout-2026-06-12T23-22-34-019ebfa5-7d5b-76a2-94b7-fb066ce0b27a:661,codex:rollout-2026-06-12T23-22-34-019ebfa5-7d5b-76a2-94b7-fb066ce0b27a:662,45209,45210,1,5,1,0,0,0,0,0
ActPlane,3dae89cd06ae,complete,codex:rollout-2026-06-12T23-22-34-019ebfa5-7d5b-76a2-94b7-fb066ce0b27a:662,codex:rollout-2026-06-12T23-22-34-019ebfa5-7d5b-76a2-94b7-fb066ce0b27a:710,45210,45258,48,431124,1,0,0,0,0,0
ActPlane,3dae89cd06ae,complete,codex:rollout-2026-06-12T23-22-34-019ebfa5-7d5b-76a2-94b7-fb066ce0b27a:710,codex:rollout-2026-06-12T23-22-34-019ebfa5-7d5b-76a2-94b7-fb066ce0b27a:716,45258,45264,6,34320,1,0,0,0,0,0
ActPlane,3dae89cd06ae,complete,codex:rollout-2026-06-12T23-22-34-019ebfa5-7d5b-76a2-94b7-fb066ce0b27a:716,codex:rollout-2026-06-12T23-22-34-019ebfa5-7d5b-76a2-94b7-fb066ce0b27a:721,45264,45269,5,35726,1,0,0,0,0,0
ActPlane,3dae89cd06ae,complete,codex:rollout-2026-06-12T23-22-34-019ebfa5-7d5b-76a2-94b7-fb066ce0b27a:721,codex:rollout-2026-06-12T23-22-34-019ebfa5-7d5b-76a2-94b7-fb066ce0b27a:722,45269,45270,1,71,1,0,0,0,0,0
ActPlane,3dae89cd06ae,complete,codex:rollout-2026-06-12T23-22-34-019ebfa5-7d5b-76a2-94b7-fb066ce0b27a:722,codex:rollout-2026-06-12T23-22-34-019ebfa5-7d5b-76a2-94b7-fb066ce0b27a:733,45270,45281,11,73124,1,0,0,0,0,0
ActPlane,3dae89cd06ae,complete,codex:rollout-2026-06-12T23-22-34-019ebfa5-7d5b-76a2-94b7-fb066ce0b27a:733,codex:rollout-2026-06-12T23-22-34-019ebfa5-7d5b-76a2-94b7-fb066ce0b27a:734,45281,45282,1,0,1,0,0,0,0,0
ActPlane,3dae89cd06ae,complete,codex:rollout-2026-06-12T23-22-34-019ebfa5-7d5b-76a2-94b7-fb066ce0b27a:734,codex:rollout-2026-06-12T23-22-34-019ebfa5-7d5b-76a2-94b7-fb066ce0b27a:736,45282,45284,2,43,1,0,0,0,0,0
ActPlane,3dae89cd06ae,complete,codex:rollout-2026-06-12T23-22-34-019ebfa5-7d5b-76a2-94b7-fb066ce0b27a:736,codex:rollout-2026-06-12T23-22-34-019ebfa5-7d5b-76a2-94b7-fb066ce0b27a:764,45284,45312,28,206681,1,0,0,1,0,0
ActPlane,3dae89cd06ae,complete,codex:rollout-2026-06-12T23-22-34-019ebfa5-7d5b-76a2-94b7-fb066ce0b27a:764,codex:rollout-2026-06-12T23-22-34-019ebfa5-7d5b-76a2-94b7-fb066ce0b27a:765,45312,45313,1,38,1,0,0,0,0,0
ActPlane,3dae89cd06ae,complete,codex:rollout-2026-06-12T23-22-34-019ebfa5-7d5b-76a2-94b7-fb066ce0b27a:765,codex:rollout-2026-06-12T23-22-34-019ebfa5-7d5b-76a2-94b7-fb066ce0b27a:769,45313,45317,4,36875,1,0,0,0,0,0
ActPlane,3dae89cd06ae,complete,codex:rollout-2026-06-12T23-22-34-019ebfa5-7d5b-76a2-94b7-fb066ce0b27a:769,codex:rollout-2026-06-12T23-22-34-019ebfa5-7d5b-76a2-94b7-fb066ce0b27a:770,45317,45318,1,77,1,0,0,0,0,0
ActPlane,3dae89cd06ae,complete,codex:rollout-2026-06-12T23-22-34-019ebfa5-7d5b-76a2-94b7-fb066ce0b27a:770,codex:rollout-2026-06-12T23-22-34-019ebfa5-7d5b-76a2-94b7-fb066ce0b27a:777,45318,45325,7,97953,1,0,0,0,0,0
ActPlane,3dae89cd06ae,complete,codex:rollout-2026-06-12T23-22-34-019ebfa5-7d5b-76a2-94b7-fb066ce0b27a:777,codex:rollout-2026-06-12T23-22-34-019ebfa5-7d5b-76a2-94b7-fb066ce0b27a:778,45325,45326,1,0,1,0,0,0,0,0
ActPlane,3dae89cd06ae,complete,codex:rollout-2026-06-12T23-22-34-019ebfa5-7d5b-76a2-94b7-fb066ce0b27a:778,codex:rollout-2026-06-12T23-22-34-019ebfa5-7d5b-76a2-94b7-fb066ce0b27a:780,45326,45328,2,50,1,0,0,0,0,0
ActPlane,3dae89cd06ae,complete,codex:rollout-2026-06-12T23-22-34-019ebfa5-7d5b-76a2-94b7-fb066ce0b27a:780,codex:rollout-2026-06-12T23-22-34-019ebfa5-7d5b-76a2-94b7-fb066ce0b27a:808,45328,45356,28,200345,1,0,0,0,0,0
ActPlane,3dae89cd06ae,complete,codex:rollout-2026-06-12T23-22-34-019ebfa5-7d5b-76a2-94b7-fb066ce0b27a:808,codex:rollout-2026-06-12T23-22-34-019ebfa5-7d5b-76a2-94b7-fb066ce0b27a:814,45356,45362,6,40702,1,0,0,0,0,0
ActPlane,3dae89cd06ae,complete,codex:rollout-2026-06-12T23-22-34-019ebfa5-7d5b-76a2-94b7-fb066ce0b27a:814,codex:rollout-2026-06-12T23-22-34-019ebfa5-7d5b-76a2-94b7-fb066ce0b27a:815,45362,45363,1,0,1,0,0,0,0,0
ActPlane,3dae89cd06ae,complete,codex:rollout-2026-06-12T23-22-34-019ebfa5-7d5b-76a2-94b7-fb066ce0b27a:815,codex:rollout-2026-06-12T23-22-34-019ebfa5-7d5b-76a2-94b7-fb066ce0b27a:817,45363,45365,2,37,1,0,0,0,0,0
ActPlane,3dae89cd06ae,complete,codex:rollout-2026-06-12T23-22-34-019ebfa5-7d5b-76a2-94b7-fb066ce0b27a:817,codex:rollout-2026-06-12T23-22-34-019ebfa5-7d5b-76a2-94b7-fb066ce0b27a:835,45365,45383,18,163657,1,0,0,0,0,0
ActPlane,3dae89cd06ae,complete,codex:rollout-2026-06-12T23-22-34-019ebfa5-7d5b-76a2-94b7-fb066ce0b27a:835,codex:rollout-2026-06-12T23-22-34-019ebfa5-7d5b-76a2-94b7-fb066ce0b27a:837,45383,45385,2,24270,1,0,0,0,0,0
ActPlane,3dae89cd06ae,complete,codex:rollout-2026-06-12T23-22-34-019ebfa5-7d5b-76a2-94b7-fb066ce0b27a:837,codex:rollout-2026-06-12T23-22-34-019ebfa5-7d5b-76a2-94b7-fb066ce0b27a:838,45385,45386,1,29,1,0,0,0,0,0
ActPlane,3dae89cd06ae,complete,codex:rollout-2026-06-12T23-22-34-019ebfa5-7d5b-76a2-94b7-fb066ce0b27a:838,codex:rollout-2026-06-12T23-22-34-019ebfa5-7d5b-76a2-94b7-fb066ce0b27a:846,45386,45394,8,74631,1,0,0,0,0,0
ActPlane,3dae89cd06ae,complete,codex:rollout-2026-06-12T23-22-34-019ebfa5-7d5b-76a2-94b7-fb066ce0b27a:846,codex:rollout-2026-06-12T23-22-34-019ebfa5-7d5b-76a2-94b7-fb066ce0b27a:847,45394,45395,1,0,1,0,0,0,0,0
ActPlane,3dae89cd06ae,complete,codex:rollout-2026-06-12T23-22-34-019ebfa5-7d5b-76a2-94b7-fb066ce0b27a:847,codex:rollout-2026-06-12T23-22-34-019ebfa5-7d5b-76a2-94b7-fb066ce0b27a:849,45395,45397,2,112,1,0,0,0,0,0
ActPlane,3dae89cd06ae,complete,codex:rollout-2026-06-12T23-22-34-019ebfa5-7d5b-76a2-94b7-fb066ce0b27a:849,codex:rollout-2026-06-12T23-22-34-019ebfa5-7d5b-76a2-94b7-fb066ce0b27a:897,45397,45445,48,6126945,1,0,0,2,0,0
ActPlane,3dae89cd06ae,complete,codex:rollout-2026-06-12T23-22-34-019ebfa5-7d5b-76a2-94b7-fb066ce0b27a:897,codex:rollout-2026-06-12T23-22-34-019ebfa5-7d5b-76a2-94b7-fb066ce0b27a:914,45445,45462,17,73789,1,0,0,0,0,0
ActPlane,3dae89cd06ae,complete,codex:rollout-2026-06-12T23-22-34-019ebfa5-7d5b-76a2-94b7-fb066ce0b27a:914,codex:rollout-2026-06-12T23-22-34-019ebfa5-7d5b-76a2-94b7-fb066ce0b27a:915,45462,45463,1,8,1,0,0,0,0,0
ActPlane,3dae89cd06ae,complete,codex:rollout-2026-06-12T23-22-34-019ebfa5-7d5b-76a2-94b7-fb066ce0b27a:915,codex:rollout-2026-06-12T23-22-34-019ebfa5-7d5b-76a2-94b7-fb066ce0b27a:917,45463,45465,2,43,1,0,0,0,0,0
ActPlane,3dae89cd06ae,complete,codex:rollout-2026-06-12T23-22-34-019ebfa5-7d5b-76a2-94b7-fb066ce0b27a:917,codex:rollout-2026-06-12T23-22-34-019ebfa5-7d5b-76a2-94b7-fb066ce0b27a:937,45465,45485,20,188020,1,0,0,1,0,0
ActPlane,3dae89cd06ae,complete,codex:rollout-2026-06-12T23-22-34-019ebfa5-7d5b-76a2-94b7-fb066ce0b27a:937,codex:rollout-2026-06-12T23-22-34-019ebfa5-7d5b-76a2-94b7-fb066ce0b27a:941,45485,45489,4,46183,1,0,0,0,0,0
ActPlane,3dae89cd06ae,complete,codex:rollout-2026-06-12T23-22-34-019ebfa5-7d5b-76a2-94b7-fb066ce0b27a:941,codex:rollout-2026-06-12T23-22-34-019ebfa5-7d5b-76a2-94b7-fb066ce0b27a:942,45489,45490,1,15,1,0,0,0,0,0
ActPlane,3dae89cd06ae,complete,codex:rollout-2026-06-12T23-22-34-019ebfa5-7d5b-76a2-94b7-fb066ce0b27a:942,codex:rollout-2026-06-12T23-22-34-019ebfa5-7d5b-76a2-94b7-fb066ce0b27a:944,45490,45492,2,47,1,0,0,0,0,0
ActPlane,3dae89cd06ae,complete,codex:rollout-2026-06-12T23-22-34-019ebfa5-7d5b-76a2-94b7-fb066ce0b27a:944,codex:rollout-2026-06-12T23-22-34-019ebfa5-7d5b-76a2-94b7-fb066ce0b27a:953,45492,45501,9,61439,1,0,0,0,0,0
ActPlane,3dae89cd06ae,complete,codex:rollout-2026-06-12T23-22-34-019ebfa5-7d5b-76a2-94b7-fb066ce0b27a:953,codex:rollout-2026-06-12T23-22-34-019ebfa5-7d5b-76a2-94b7-fb066ce0b27a:954,45501,45502,1,0,1,0,0,0,0,0
ActPlane,3dae89cd06ae,complete,codex:rollout-2026-06-12T23-22-34-019ebfa5-7d5b-76a2-94b7-fb066ce0b27a:954,codex:rollout-2026-06-12T23-22-34-019ebfa5-7d5b-76a2-94b7-fb066ce0b27a:980,45502,45528,26,266984,1,0,0,0,0,0
ActPlane,3dae89cd06ae,complete,codex:rollout-2026-06-12T23-22-34-019ebfa5-7d5b-76a2-94b7-fb066ce0b27a:980,codex:rollout-2026-06-12T23-22-34-019ebfa5-7d5b-76a2-94b7-fb066ce0b27a:983,45528,45531,3,51,1,0,0,0,0,0
ActPlane,3dae89cd06ae,complete,codex:rollout-2026-06-12T23-22-34-019ebfa5-7d5b-76a2-94b7-fb066ce0b27a:983,codex:rollout-2026-06-12T23-22-34-019ebfa5-7d5b-76a2-94b7-fb066ce0b27a:990,45531,45538,7,107915,1,0,0,0,0,0
ActPlane,3dae89cd06ae,complete,codex:rollout-2026-06-12T23-22-34-019ebfa5-7d5b-76a2-94b7-fb066ce0b27a:990,codex:rollout-2026-06-12T23-22-34-019ebfa5-7d5b-76a2-94b7-fb066ce0b27a:992,45538,45540,2,59,1,0,0,0,0,0
ActPlane,3dae89cd06ae,complete,codex:rollout-2026-06-12T23-22-34-019ebfa5-7d5b-76a2-94b7-fb066ce0b27a:992,codex:rollout-2026-06-12T23-22-34-019ebfa5-7d5b-76a2-94b7-fb066ce0b27a:1032,45540,45580,40,197353,1,0,0,0,0,0
ActPlane,3dae89cd06ae,complete,codex:rollout-2026-06-12T23-22-34-019ebfa5-7d5b-76a2-94b7-fb066ce0b27a:1032,codex:rollout-2026-06-12T23-22-34-019ebfa5-7d5b-76a2-94b7-fb066ce0b27a:1033,45580,45581,1,35,1,0,0,0,0,0
ActPlane,3dae89cd06ae,complete,codex:rollout-2026-06-12T23-22-34-019ebfa5-7d5b-76a2-94b7-fb066ce0b27a:1033,codex:rollout-2026-06-12T23-22-34-019ebfa5-7d5b-76a2-94b7-fb066ce0b27a:1035,45581,45583,2,63,1,0,0,0,0,0
ActPlane,3dae89cd06ae,complete,codex:rollout-2026-06-12T23-22-34-019ebfa5-7d5b-76a2-94b7-fb066ce0b27a:1035,codex:rollout-2026-06-12T23-22-34-019ebfa5-7d5b-76a2-94b7-fb066ce0b27a:1069,45583,45617,34,286115,1,0,0,1,0,0
ActPlane,3dae89cd06ae,complete,codex:rollout-2026-06-12T23-22-34-019ebfa5-7d5b-76a2-94b7-fb066ce0b27a:1069,codex:rollout-2026-06-12T23-22-34-019ebfa5-7d5b-76a2-94b7-fb066ce0b27a:1072,45617,45620,3,20042,1,0,0,0,0,0
ActPlane,3dae89cd06ae,complete,codex:rollout-2026-06-12T23-22-34-019ebfa5-7d5b-76a2-94b7-fb066ce0b27a:1072,codex:rollout-2026-06-12T23-22-34-019ebfa5-7d5b-76a2-94b7-fb066ce0b27a:1092,45620,45640,20,141993,1,0,0,0,0,0
ActPlane,3dae89cd06ae,complete,codex:rollout-2026-06-12T23-22-34-019ebfa5-7d5b-76a2-94b7-fb066ce0b27a:1092,codex:rollout-2026-06-12T23-22-34-019ebfa5-7d5b-76a2-94b7-fb066ce0b27a:1093,45640,45641,1,3,1,0,0,0,0,0
ActPlane,3dae89cd06ae,complete,codex:rollout-2026-06-12T23-22-34-019ebfa5-7d5b-76a2-94b7-fb066ce0b27a:1093,codex:rollout-2026-06-12T23-22-34-019ebfa5-7d5b-76a2-94b7-fb066ce0b27a:1095,45641,45643,2,38,1,0,0,0,0,0
ActPlane,3dae89cd06ae,complete,codex:rollout-2026-06-12T23-22-34-019ebfa5-7d5b-76a2-94b7-fb066ce0b27a:1095,codex:rollout-2026-06-12T23-22-34-019ebfa5-7d5b-76a2-94b7-fb066ce0b27a:1097,45643,45645,2,23941,1,0,0,0,0,0
ActPlane,3dae89cd06ae,complete,codex:rollout-2026-06-12T23-22-34-019ebfa5-7d5b-76a2-94b7-fb066ce0b27a:1097,codex:rollout-2026-06-12T23-22-34-019ebfa5-7d5b-76a2-94b7-fb066ce0b27a:1136,45645,45684,39,341838,1,0,0,1,1,0
ActPlane,3dae89cd06ae,complete,codex:rollout-2026-06-12T23-22-34-019ebfa5-7d5b-76a2-94b7-fb066ce0b27a:1136,codex:rollout-2026-06-12T23-22-34-019ebfa5-7d5b-76a2-94b7-fb066ce0b27a:1141,45684,45689,5,75181,1,0,0,0,0,0
ActPlane,3dae89cd06ae,complete,codex:rollout-2026-06-12T23-22-34-019ebfa5-7d5b-76a2-94b7-fb066ce0b27a:1141,codex:rollout-2026-06-12T23-22-34-019ebfa5-7d5b-76a2-94b7-fb066ce0b27a:1142,45689,45690,1,31,1,0,0,0,0,0
ActPlane,3dae89cd06ae,complete,codex:rollout-2026-06-12T23-22-34-019ebfa5-7d5b-76a2-94b7-fb066ce0b27a:1142,codex:rollout-2026-06-12T23-22-34-019ebfa5-7d5b-76a2-94b7-fb066ce0b27a:1145,45690,45693,3,43369,1,0,0,0,0,0
ActPlane,3dae89cd06ae,complete,codex:rollout-2026-06-12T23-22-34-019ebfa5-7d5b-76a2-94b7-fb066ce0b27a:1145,codex:rollout-2026-06-12T23-22-34-019ebfa5-7d5b-76a2-94b7-fb066ce0b27a:1171,45693,45719,26,243805,1,0,0,2,1,0
ActPlane,3dae89cd06ae,complete,codex:rollout-2026-06-12T23-22-34-019ebfa5-7d5b-76a2-94b7-fb066ce0b27a:1171,codex:rollout-2026-06-12T23-22-34-019ebfa5-7d5b-76a2-94b7-fb066ce0b27a:1192,45719,45740,21,165948,1,3,3,0,1,0
ActPlane,3dae89cd06ae,complete,codex:rollout-2026-06-12T23-22-34-019ebfa5-7d5b-76a2-94b7-fb066ce0b27a:1192,codex:rollout-2026-06-12T23-22-34-019ebfa5-7d5b-76a2-94b7-fb066ce0b27a:1200,45740,45748,8,119402,1,0,0,0,0,0
ActPlane,3dae89cd06ae,complete,codex:rollout-2026-06-12T23-22-34-019ebfa5-7d5b-76a2-94b7-fb066ce0b27a:1200,codex:rollout-2026-06-12T23-22-34-019ebfa5-7d5b-76a2-94b7-fb066ce0b27a:1205,45748,45753,5,18325,1,0,0,1,0,0
ActPlane,3dae89cd06ae,complete,codex:rollout-2026-06-12T23-22-34-019ebfa5-7d5b-76a2-94b7-fb066ce0b27a:1205,codex:rollout-2026-06-12T23-22-34-019ebfa5-7d5b-76a2-94b7-fb066ce0b27a:1213,45753,45761,8,40957,1,0,0,1,0,0
ActPlane,3dae89cd06ae,complete,codex:rollout-2026-06-12T23-22-34-019ebfa5-7d5b-76a2-94b7-fb066ce0b27a:1213,codex:rollout-2026-06-12T23-22-34-019ebfa5-7d5b-76a2-94b7-fb066ce0b27a:1239,45761,45787,26,282773,1,0,0,2,0,0
ActPlane,3dae89cd06ae,complete,codex:rollout-2026-06-12T23-22-34-019ebfa5-7d5b-76a2-94b7-fb066ce0b27a:1239,codex:rollout-2026-06-12T23-22-34-019ebfa5-7d5b-76a2-94b7-fb066ce0b27a:1255,45787,45803,16,214298,1,0,0,0,1,0
ActPlane,3dae89cd06ae,complete,codex:rollout-2026-06-12T23-22-34-019ebfa5-7d5b-76a2-94b7-fb066ce0b27a:1255,codex:rollout-2026-06-12T23-22-34-019ebfa5-7d5b-76a2-94b7-fb066ce0b27a:1256,45803,45804,1,31,1,0,0,0,0,0
ActPlane,3dae89cd06ae,complete,codex:rollout-2026-06-12T23-22-34-019ebfa5-7d5b-76a2-94b7-fb066ce0b27a:1256,codex:rollout-2026-06-12T23-22-34-019ebfa5-7d5b-76a2-94b7-fb066ce0b27a:1257,45804,45805,1,62,1,0,0,0,0,0
ActPlane,3dae89cd06ae,complete,codex:rollout-2026-06-12T23-22-34-019ebfa5-7d5b-76a2-94b7-fb066ce0b27a:1257,codex:rollout-2026-06-12T23-22-34-019ebfa5-7d5b-76a2-94b7-fb066ce0b27a:1274,45805,45822,17,177183,1,0,0,0,0,0
ActPlane,3dae89cd06ae,complete,codex:rollout-2026-06-12T23-22-34-019ebfa5-7d5b-76a2-94b7-fb066ce0b27a:1274,codex:rollout-2026-06-12T23-22-34-019ebfa5-7d5b-76a2-94b7-fb066ce0b27a:1278,45822,45826,4,87503,1,0,0,0,0,0
ActPlane,3dae89cd06ae,complete,codex:rollout-2026-06-12T23-22-34-019ebfa5-7d5b-76a2-94b7-fb066ce0b27a:1278,codex:rollout-2026-06-12T23-22-34-019ebfa5-7d5b-76a2-94b7-fb066ce0b27a:1285,45826,45833,7,75910,1,0,0,2,0,0
ActPlane,3dae89cd06ae,complete,codex:rollout-2026-06-12T23-22-34-019ebfa5-7d5b-76a2-94b7-fb066ce0b27a:1285,codex:rollout-2026-06-12T23-22-34-019ebfa5-7d5b-76a2-94b7-fb066ce0b27a:1286,45833,45834,1,175,1,0,0,0,0,0
ActPlane,3dae89cd06ae,complete,codex:rollout-2026-06-12T23-22-34-019ebfa5-7d5b-76a2-94b7-fb066ce0b27a:1286,codex:rollout-2026-06-12T23-22-34-019ebfa5-7d5b-76a2-94b7-fb066ce0b27a:1289,45834,45837,3,58192,1,0,0,1,0,0
ActPlane,3dae89cd06ae,complete,codex:rollout-2026-06-12T23-22-34-019ebfa5-7d5b-76a2-94b7-fb066ce0b27a:1289,codex:rollout-2026-06-12T23-22-34-019ebfa5-7d5b-76a2-94b7-fb066ce0b27a:1296,45837,45844,7,58087,1,0,0,0,0,0
ActPlane,3dae89cd06ae,complete,codex:rollout-2026-06-12T23-22-34-019ebfa5-7d5b-76a2-94b7-fb066ce0b27a:1296,codex:rollout-2026-06-12T23-22-34-019ebfa5-7d5b-76a2-94b7-fb066ce0b27a:1298,45844,45846,2,69,1,0,0,1,0,0
ActPlane,3dae89cd06ae,complete,codex:rollout-2026-06-12T23-22-34-019ebfa5-7d5b-76a2-94b7-fb066ce0b27a:1298,codex:rollout-2026-06-12T23-22-34-019ebfa5-7d5b-76a2-94b7-fb066ce0b27a:1300,45846,45848,2,27695,1,0,0,0,0,0
ActPlane,3dae89cd06ae,complete,codex:rollout-2026-06-12T23-22-34-019ebfa5-7d5b-76a2-94b7-fb066ce0b27a:1300,codex:rollout-2026-06-12T23-22-34-019ebfa5-7d5b-76a2-94b7-fb066ce0b27a:1302,45848,45850,2,20759,1,0,0,0,0,0
ActPlane,3dae89cd06ae,complete,codex:rollout-2026-06-12T23-22-34-019ebfa5-7d5b-76a2-94b7-fb066ce0b27a:1302,codex:rollout-2026-06-12T23-22-34-019ebfa5-7d5b-76a2-94b7-fb066ce0b27a:1303,45850,45851,1,4217,1,0,0,0,0,0
ActPlane,3dae89cd06ae,complete,codex:rollout-2026-06-12T23-22-34-019ebfa5-7d5b-76a2-94b7-fb066ce0b27a:1303,codex:rollout-2026-06-12T23-22-34-019ebfa5-7d5b-76a2-94b7-fb066ce0b27a:1304,45851,45852,1,11650,1,0,0,0,0,0
ActPlane,3dae89cd06ae,complete,codex:rollout-2026-06-12T23-22-34-019ebfa5-7d5b-76a2-94b7-fb066ce0b27a:1304,codex:rollout-2026-06-12T23-22-34-019ebfa5-7d5b-76a2-94b7-fb066ce0b27a:1332,45852,45880,28,210020,1,0,0,1,0,0
ActPlane,3dae89cd06ae,complete,codex:rollout-2026-06-12T23-22-34-019ebfa5-7d5b-76a2-94b7-fb066ce0b27a:1332,codex:rollout-2026-06-12T23-22-34-019ebfa5-7d5b-76a2-94b7-fb066ce0b27a:1352,45880,45900,20,139408,1,0,0,1,0,0
ActPlane,3dae89cd06ae,complete,codex:rollout-2026-06-12T23-22-34-019ebfa5-7d5b-76a2-94b7-fb066ce0b27a:1352,codex:rollout-2026-06-12T23-22-34-019ebfa5-7d5b-76a2-94b7-fb066ce0b27a:1353,45900,45901,1,186,1,0,0,0,0,0
ActPlane,3dae89cd06ae,complete,codex:rollout-2026-06-12T23-22-34-019ebfa5-7d5b-76a2-94b7-fb066ce0b27a:1353,codex:rollout-2026-06-12T23-22-34-019ebfa5-7d5b-76a2-94b7-fb066ce0b27a:1354,45901,45902,1,6545,1,0,0,0,0,0
ActPlane,3dae89cd06ae,complete,codex:rollout-2026-06-12T23-22-34-019ebfa5-7d5b-76a2-94b7-fb066ce0b27a:1354,codex:rollout-2026-06-12T23-22-34-019ebfa5-7d5b-76a2-94b7-fb066ce0b27a:1361,45902,45909,7,41102,1,0,0,0,0,0
ActPlane,3dae89cd06ae,complete,codex:rollout-2026-06-12T23-22-34-019ebfa5-7d5b-76a2-94b7-fb066ce0b27a:1361,codex:rollout-2026-06-12T23-22-34-019ebfa5-7d5b-76a2-94b7-fb066ce0b27a:1362,45909,45910,1,1,1,0,0,0,0,0
ActPlane,3dae89cd06ae,complete,codex:rollout-2026-06-12T23-22-34-019ebfa5-7d5b-76a2-94b7-fb066ce0b27a:1362,codex:rollout-2026-06-12T23-22-34-019ebfa5-7d5b-76a2-94b7-fb066ce0b27a:1363,45910,45911,1,26,1,0,0,0,0,0
ActPlane,3dae89cd06ae,complete,codex:rollout-2026-06-12T23-22-34-019ebfa5-7d5b-76a2-94b7-fb066ce0b27a:1363,codex:rollout-2026-06-12T23-22-34-019ebfa5-7d5b-76a2-94b7-fb066ce0b27a:1365,45911,45913,2,11330,1,0,0,0,0,0
ActPlane,3dae89cd06ae,complete,codex:rollout-2026-06-12T23-22-34-019ebfa5-7d5b-76a2-94b7-fb066ce0b27a:1365,codex:rollout-2026-06-12T23-22-34-019ebfa5-7d5b-76a2-94b7-fb066ce0b27a:1376,45913,45924,11,45095,1,0,0,0,0,0
ActPlane,3dae89cd06ae,complete,codex:rollout-2026-06-12T23-22-34-019ebfa5-7d5b-76a2-94b7-fb066ce0b27a:1376,codex:rollout-2026-06-12T23-22-34-019ebfa5-7d5b-76a2-94b7-fb066ce0b27a:1377,45924,45925,1,0,1,0,0,0,0,0
ActPlane,3dae89cd06ae,complete,codex:rollout-2026-06-12T23-22-34-019ebfa5-7d5b-76a2-94b7-fb066ce0b27a:1377,codex:rollout-2026-06-12T23-22-34-019ebfa5-7d5b-76a2-94b7-fb066ce0b27a:1378,45925,45926,1,136,1,0,0,0,0,0
ActPlane,3dae89cd06ae,complete,codex:rollout-2026-06-12T23-22-34-019ebfa5-7d5b-76a2-94b7-fb066ce0b27a:1378,codex:rollout-2026-06-12T23-22-34-019ebfa5-7d5b-76a2-94b7-fb066ce0b27a:1379,45926,45927,1,7901,1,0,0,0,0,0
ActPlane,3dae89cd06ae,complete,codex:rollout-2026-06-12T23-22-34-019ebfa5-7d5b-76a2-94b7-fb066ce0b27a:1379,codex:rollout-2026-06-12T23-22-34-019ebfa5-7d5b-76a2-94b7-fb066ce0b27a:1380,45927,45928,1,98,1,0,0,0,0,0
ActPlane,3dae89cd06ae,complete,codex:rollout-2026-06-12T23-22-34-019ebfa5-7d5b-76a2-94b7-fb066ce0b27a:1380,codex:rollout-2026-06-12T23-22-34-019ebfa5-7d5b-76a2-94b7-fb066ce0b27a:1407,45928,45955,27,227350,1,0,0,0,0,0
ActPlane,3dae89cd06ae,complete,codex:rollout-2026-06-12T23-22-34-019ebfa5-7d5b-76a2-94b7-fb066ce0b27a:1407,codex:rollout-2026-06-12T23-22-34-019ebfa5-7d5b-76a2-94b7-fb066ce0b27a:1409,45955,45957,2,5716,1,0,0,1,0,0
ActPlane,3dae89cd06ae,complete,codex:rollout-2026-06-12T23-22-34-019ebfa5-7d5b-76a2-94b7-fb066ce0b27a:1409,codex:rollout-2026-06-12T23-22-34-019ebfa5-7d5b-76a2-94b7-fb066ce0b27a:1410,45957,45958,1,35,1,0,0,0,0,0
ActPlane,3dae89cd06ae,complete,codex:rollout-2026-06-12T23-22-34-019ebfa5-7d5b-76a2-94b7-fb066ce0b27a:1410,codex:rollout-2026-06-12T23-22-34-019ebfa5-7d5b-76a2-94b7-fb066ce0b27a:1412,45958,45960,2,12723,1,0,0,0,0,0
ActPlane,3dae89cd06ae,complete,codex:rollout-2026-06-12T23-22-34-019ebfa5-7d5b-76a2-94b7-fb066ce0b27a:1412,codex:rollout-2026-06-12T23-22-34-019ebfa5-7d5b-76a2-94b7-fb066ce0b27a:1413,45960,45961,1,0,1,0,0,0,0,0
ActPlane,3dae89cd06ae,complete,codex:rollout-2026-06-12T23-22-34-019ebfa5-7d5b-76a2-94b7-fb066ce0b27a:1413,codex:rollout-2026-06-12T23-22-34-019ebfa5-7d5b-76a2-94b7-fb066ce0b27a:1414,45961,45962,1,40,1,0,0,0,0,0
ActPlane,3dae89cd06ae,complete,codex:rollout-2026-06-12T23-22-34-019ebfa5-7d5b-76a2-94b7-fb066ce0b27a:1414,codex:rollout-2026-06-12T23-22-34-019ebfa5-7d5b-76a2-94b7-fb066ce0b27a:1420,45962,45968,6,84523,1,0,0,0,0,0
ActPlane,3dae89cd06ae,complete,codex:rollout-2026-06-12T23-22-34-019ebfa5-7d5b-76a2-94b7-fb066ce0b27a:1420,codex:rollout-2026-06-12T23-22-34-019ebfa5-7d5b-76a2-94b7-fb066ce0b27a:1421,45968,45969,1,57,1,0,0,0,0,0
ActPlane,3dae89cd06ae,complete,codex:rollout-2026-06-12T23-22-34-019ebfa5-7d5b-76a2-94b7-fb066ce0b27a:1421,codex:rollout-2026-06-12T23-22-34-019ebfa5-7d5b-76a2-94b7-fb066ce0b27a:1428,45969,45976,7,58968,1,0,0,0,0,0
ActPlane,3dae89cd06ae,complete,codex:rollout-2026-06-12T23-22-34-019ebfa5-7d5b-76a2-94b7-fb066ce0b27a:1428,codex:rollout-2026-06-12T23-22-34-019ebfa5-7d5b-76a2-94b7-fb066ce0b27a:1429,45976,45977,1,1,1,0,0,0,0,0
ActPlane,3dae89cd06ae,complete,codex:rollout-2026-06-12T23-22-34-019ebfa5-7d5b-76a2-94b7-fb066ce0b27a:1429,codex:rollout-2026-06-12T23-22-34-019ebfa5-7d5b-76a2-94b7-fb066ce0b27a:1430,45977,45978,1,33,1,0,0,0,0,0
ActPlane,3dae89cd06ae,complete,codex:rollout-2026-06-12T23-22-34-019ebfa5-7d5b-76a2-94b7-fb066ce0b27a:1430,codex:rollout-2026-06-12T23-22-34-019ebfa5-7d5b-76a2-94b7-fb066ce0b27a:1442,45978,45990,12,89864,1,0,0,0,0,0
ActPlane,3dae89cd06ae,complete,codex:rollout-2026-06-12T23-22-34-019ebfa5-7d5b-76a2-94b7-fb066ce0b27a:1442,codex:rollout-2026-06-12T23-22-34-019ebfa5-7d5b-76a2-94b7-fb066ce0b27a:1443,45990,45991,1,7,1,0,0,0,0,0
ActPlane,3dae89cd06ae,complete,codex:rollout-2026-06-12T23-22-34-019ebfa5-7d5b-76a2-94b7-fb066ce0b27a:1443,codex:rollout-2026-06-12T23-22-34-019ebfa5-7d5b-76a2-94b7-fb066ce0b27a:1444,45991,45992,1,0,1,0,0,0,0,0
ActPlane,3dae89cd06ae,complete,codex:rollout-2026-06-12T23-22-34-019ebfa5-7d5b-76a2-94b7-fb066ce0b27a:1444,codex:rollout-2026-06-12T23-22-34-019ebfa5-7d5b-76a2-94b7-fb066ce0b27a:1445,45992,45993,1,49,1,0,0,0,0,0
ActPlane,3dae89cd06ae,complete,codex:rollout-2026-06-12T23-22-34-019ebfa5-7d5b-76a2-94b7-fb066ce0b27a:1445,codex:rollout-2026-06-12T23-22-34-019ebfa5-7d5b-76a2-94b7-fb066ce0b27a:1448,45993,45996,3,66984,1,0,0,1,0,0
ActPlane,3dae89cd06ae,complete,codex:rollout-2026-06-12T23-22-34-019ebfa5-7d5b-76a2-94b7-fb066ce0b27a:1448,codex:rollout-2026-06-12T23-22-34-019ebfa5-7d5b-76a2-94b7-fb066ce0b27a:1449,45996,45997,1,47,1,0,0,0,0,0
ActPlane,3dae89cd06ae,complete,codex:rollout-2026-06-12T23-22-34-019ebfa5-7d5b-76a2-94b7-fb066ce0b27a:1449,codex:rollout-2026-06-12T23-22-34-019ebfa5-7d5b-76a2-94b7-fb066ce0b27a:1451,45997,45999,2,15749,1,0,0,0,0,0
ActPlane,3dae89cd06ae,complete,codex:rollout-2026-06-12T23-22-34-019ebfa5-7d5b-76a2-94b7-fb066ce0b27a:1451,codex:rollout-2026-06-12T23-22-34-019ebfa5-7d5b-76a2-94b7-fb066ce0b27a:1452,45999,46000,1,18,1,0,0,0,0,0
ActPlane,3dae89cd06ae,complete,codex:rollout-2026-06-12T23-22-34-019ebfa5-7d5b-76a2-94b7-fb066ce0b27a:1452,codex:rollout-2026-06-12T23-22-34-019ebfa5-7d5b-76a2-94b7-fb066ce0b27a:1453,46000,46001,1,0,1,0,0,0,0,0
ActPlane,3dae89cd06ae,complete,codex:rollout-2026-06-12T23-22-34-019ebfa5-7d5b-76a2-94b7-fb066ce0b27a:1453,codex:rollout-2026-06-12T23-22-34-019ebfa5-7d5b-76a2-94b7-fb066ce0b27a:1454,46001,46002,1,43,1,0,0,0,0,0
ActPlane,3dae89cd06ae,complete,codex:rollout-2026-06-12T23-22-34-019ebfa5-7d5b-76a2-94b7-fb066ce0b27a:1454,codex:rollout-2026-06-12T23-22-34-019ebfa5-7d5b-76a2-94b7-fb066ce0b27a:1455,46002,46003,1,6075,1,0,0,0,0,0
ActPlane,3dae89cd06ae,complete,codex:rollout-2026-06-12T23-22-34-019ebfa5-7d5b-76a2-94b7-fb066ce0b27a:1455,codex:rollout-2026-06-12T23-22-34-019ebfa5-7d5b-76a2-94b7-fb066ce0b27a:1466,46003,46014,11,47314,1,0,0,0,0,0
ActPlane,3dae89cd06ae,complete,codex:rollout-2026-06-12T23-22-34-019ebfa5-7d5b-76a2-94b7-fb066ce0b27a:1466,codex:rollout-2026-06-12T23-22-34-019ebfa5-7d5b-76a2-94b7-fb066ce0b27a:1490,46014,46038,24,163507,1,0,0,1,0,0
ActPlane,3dae89cd06ae,complete,codex:rollout-2026-06-12T23-22-34-019ebfa5-7d5b-76a2-94b7-fb066ce0b27a:1490,codex:rollout-2026-06-12T23-22-34-019ebfa5-7d5b-76a2-94b7-fb066ce0b27a:1508,46038,46056,18,122766,1,0,0,1,0,0
ActPlane,3dae89cd06ae,complete,codex:rollout-2026-06-12T23-22-34-019ebfa5-7d5b-76a2-94b7-fb066ce0b27a:1508,codex:rollout-2026-06-12T23-22-34-019ebfa5-7d5b-76a2-94b7-fb066ce0b27a:1517,46056,46065,9,82111,1,0,0,0,0,0
ActPlane,3dae89cd06ae,complete,codex:rollout-2026-06-12T23-22-34-019ebfa5-7d5b-76a2-94b7-fb066ce0b27a:1517,codex:rollout-2026-06-12T23-22-34-019ebfa5-7d5b-76a2-94b7-fb066ce0b27a:1518,46065,46066,1,0,1,0,0,0,0,0
ActPlane,3dae89cd06ae,complete,codex:rollout-2026-06-12T23-22-34-019ebfa5-7d5b-76a2-94b7-fb066ce0b27a:1518,codex:rollout-2026-06-12T23-22-34-019ebfa5-7d5b-76a2-94b7-fb066ce0b27a:1519,46066,46067,1,0,1,0,0,0,0,0
ActPlane,3dae89cd06ae,complete,codex:rollout-2026-06-12T23-22-34-019ebfa5-7d5b-76a2-94b7-fb066ce0b27a:1519,codex:rollout-2026-06-12T23-22-34-019ebfa5-7d5b-76a2-94b7-fb066ce0b27a:1520,46067,46068,1,33,1,0,0,0,0,0
ActPlane,3dae89cd06ae,complete,codex:rollout-2026-06-12T23-22-34-019ebfa5-7d5b-76a2-94b7-fb066ce0b27a:1520,codex:rollout-2026-06-12T23-22-34-019ebfa5-7d5b-76a2-94b7-fb066ce0b27a:1521,46068,46069,1,10782,1,0,0,0,0,0
ActPlane,3dae89cd06ae,complete,codex:rollout-2026-06-12T23-22-34-019ebfa5-7d5b-76a2-94b7-fb066ce0b27a:1521,codex:rollout-2026-06-12T23-22-34-019ebfa5-7d5b-76a2-94b7-fb066ce0b27a:1522,46069,46070,1,27,1,0,0,0,0,0
ActPlane,3dae89cd06ae,complete,codex:rollout-2026-06-12T23-22-34-019ebfa5-7d5b-76a2-94b7-fb066ce0b27a:1522,codex:rollout-2026-06-12T23-22-34-019ebfa5-7d5b-76a2-94b7-fb066ce0b27a:1548,46070,46096,26,225594,1,0,0,2,0,0
ActPlane,3dae89cd06ae,complete,codex:rollout-2026-06-12T23-22-34-019ebfa5-7d5b-76a2-94b7-fb066ce0b27a:1548,codex:rollout-2026-06-12T23-22-34-019ebfa5-7d5b-76a2-94b7-fb066ce0b27a:1549,46096,46097,1,86,1,0,0,0,0,0
ActPlane,3dae89cd06ae,complete,codex:rollout-2026-06-12T23-22-34-019ebfa5-7d5b-76a2-94b7-fb066ce0b27a:1549,codex:rollout-2026-06-12T23-22-34-019ebfa5-7d5b-76a2-94b7-fb066ce0b27a:1555,46097,46103,6,52731,1,0,0,0,0,0
ActPlane,3dae89cd06ae,complete,codex:rollout-2026-06-12T23-22-34-019ebfa5-7d5b-76a2-94b7-fb066ce0b27a:1555,codex:rollout-2026-06-12T23-22-34-019ebfa5-7d5b-76a2-94b7-fb066ce0b27a:1556,46103,46104,1,3,1,0,0,0,0,0
ActPlane,3dae89cd06ae,complete,codex:rollout-2026-06-12T23-22-34-019ebfa5-7d5b-76a2-94b7-fb066ce0b27a:1556,codex:rollout-2026-06-12T23-22-34-019ebfa5-7d5b-76a2-94b7-fb066ce0b27a:1557,46104,46105,1,19,1,0,0,0,0,0
ActPlane,3dae89cd06ae,complete,codex:rollout-2026-06-12T23-22-34-019ebfa5-7d5b-76a2-94b7-fb066ce0b27a:1557,codex:rollout-2026-06-12T23-22-34-019ebfa5-7d5b-76a2-94b7-fb066ce0b27a:1558,46105,46106,1,25,1,0,0,0,0,0
ActPlane,3dae89cd06ae,complete,codex:rollout-2026-06-12T23-22-34-019ebfa5-7d5b-76a2-94b7-fb066ce0b27a:1558,codex:rollout-2026-06-12T23-22-34-019ebfa5-7d5b-76a2-94b7-fb066ce0b27a:1561,46106,46109,3,70262,1,0,0,0,0,0
ActPlane,3dae89cd06ae,complete,codex:rollout-2026-06-12T23-22-34-019ebfa5-7d5b-76a2-94b7-fb066ce0b27a:1561,codex:rollout-2026-06-12T23-22-34-019ebfa5-7d5b-76a2-94b7-fb066ce0b27a:1562,46109,46110,1,18,1,0,0,0,0,0
ActPlane,3dae89cd06ae,complete,codex:rollout-2026-06-12T23-22-34-019ebfa5-7d5b-76a2-94b7-fb066ce0b27a:1562,codex:rollout-2026-06-12T23-22-34-019ebfa5-7d5b-76a2-94b7-fb066ce0b27a:1563,46110,46111,1,4351,1,0,0,0,0,0
ActPlane,3dae89cd06ae,complete,codex:rollout-2026-06-12T23-22-34-019ebfa5-7d5b-76a2-94b7-fb066ce0b27a:1563,codex:rollout-2026-06-12T23-22-34-019ebfa5-7d5b-76a2-94b7-fb066ce0b27a:1564,46111,46112,1,21,1,0,0,0,0,0
ActPlane,3dae89cd06ae,complete,codex:rollout-2026-06-12T23-22-34-019ebfa5-7d5b-76a2-94b7-fb066ce0b27a:1564,codex:rollout-2026-06-12T23-22-34-019ebfa5-7d5b-76a2-94b7-fb066ce0b27a:1568,46112,46116,4,28568,1,0,0,0,0,0
ActPlane,3dae89cd06ae,complete,codex:rollout-2026-06-12T23-22-34-019ebfa5-7d5b-76a2-94b7-fb066ce0b27a:1568,codex:rollout-2026-06-12T23-22-34-019ebfa5-7d5b-76a2-94b7-fb066ce0b27a:1569,46116,46117,1,3748,1,0,0,0,0,0
ActPlane,3dae89cd06ae,complete,codex:rollout-2026-06-12T23-22-34-019ebfa5-7d5b-76a2-94b7-fb066ce0b27a:1569,codex:rollout-2026-06-12T23-22-34-019ebfa5-7d5b-76a2-94b7-fb066ce0b27a:1671,46117,46219,102,711593,1,0,0,1,0,0
ActPlane,3dae89cd06ae,complete,codex:rollout-2026-06-12T23-22-34-019ebfa5-7d5b-76a2-94b7-fb066ce0b27a:1671,codex:rollout-2026-06-12T23-22-34-019ebfa5-7d5b-76a2-94b7-fb066ce0b27a:1672,46219,46220,1,39,1,0,0,0,0,0
ActPlane,3dae89cd06ae,complete,codex:rollout-2026-06-12T23-22-34-019ebfa5-7d5b-76a2-94b7-fb066ce0b27a:1672,codex:rollout-2026-06-12T23-22-34-019ebfa5-7d5b-76a2-94b7-fb066ce0b27a:1673,46220,46221,1,6,1,0,0,0,0,0
ActPlane,3dae89cd06ae,complete,codex:rollout-2026-06-12T23-22-34-019ebfa5-7d5b-76a2-94b7-fb066ce0b27a:1673,codex:rollout-2026-06-12T23-22-34-019ebfa5-7d5b-76a2-94b7-fb066ce0b27a:1674,46221,46222,1,50,1,0,0,0,0,0
ActPlane,3dae89cd06ae,complete,codex:rollout-2026-06-12T23-22-34-019ebfa5-7d5b-76a2-94b7-fb066ce0b27a:1674,codex:rollout-2026-06-12T23-22-34-019ebfa5-7d5b-76a2-94b7-fb066ce0b27a:1677,46222,46225,3,28927,1,0,0,0,0,0
ActPlane,3dae89cd06ae,complete,codex:rollout-2026-06-12T23-22-34-019ebfa5-7d5b-76a2-94b7-fb066ce0b27a:1677,codex:rollout-2026-06-12T23-22-34-019ebfa5-7d5b-76a2-94b7-fb066ce0b27a:1678,46225,46226,1,59,1,0,0,0,0,0
ActPlane,3dae89cd06ae,complete,codex:rollout-2026-06-12T23-22-34-019ebfa5-7d5b-76a2-94b7-fb066ce0b27a:1678,codex:rollout-2026-06-12T23-22-34-019ebfa5-7d5b-76a2-94b7-fb066ce0b27a:1694,46226,46242,16,142162,1,0,0,0,0,0
ActPlane,3dae89cd06ae,complete,codex:rollout-2026-06-12T23-22-34-019ebfa5-7d5b-76a2-94b7-fb066ce0b27a:1694,codex:rollout-2026-06-12T23-22-34-019ebfa5-7d5b-76a2-94b7-fb066ce0b27a:1698,46242,46246,4,31976,1,0,0,0,0,0
ActPlane,3dae89cd06ae,complete,codex:rollout-2026-06-12T23-22-34-019ebfa5-7d5b-76a2-94b7-fb066ce0b27a:1698,codex:rollout-2026-06-12T23-22-34-019ebfa5-7d5b-76a2-94b7-fb066ce0b27a:1699,46246,46247,1,99,1,0,0,0,0,0
ActPlane,3dae89cd06ae,complete,codex:rollout-2026-06-12T23-22-34-019ebfa5-7d5b-76a2-94b7-fb066ce0b27a:1699,codex:rollout-2026-06-12T23-22-34-019ebfa5-7d5b-76a2-94b7-fb066ce0b27a:1701,46247,46249,2,14610,1,0,0,0,0,0
ActPlane,3dae89cd06ae,complete,codex:rollout-2026-06-12T23-22-34-019ebfa5-7d5b-76a2-94b7-fb066ce0b27a:1701,codex:rollout-2026-06-12T23-22-34-019ebfa5-7d5b-76a2-94b7-fb066ce0b27a:1702,46249,46250,1,8,1,0,0,0,0,0
ActPlane,3dae89cd06ae,complete,codex:rollout-2026-06-12T23-22-34-019ebfa5-7d5b-76a2-94b7-fb066ce0b27a:1702,codex:rollout-2026-06-12T23-22-34-019ebfa5-7d5b-76a2-94b7-fb066ce0b27a:1703,46250,46251,1,1,1,0,0,0,0,0
ActPlane,3dae89cd06ae,complete,codex:rollout-2026-06-12T23-22-34-019ebfa5-7d5b-76a2-94b7-fb066ce0b27a:1703,codex:rollout-2026-06-12T23-22-34-019ebfa5-7d5b-76a2-94b7-fb066ce0b27a:1704,46251,46252,1,51,1,0,0,0,0,0
ActPlane,3dae89cd06ae,complete,codex:rollout-2026-06-12T23-22-34-019ebfa5-7d5b-76a2-94b7-fb066ce0b27a:1704,codex:rollout-2026-06-12T23-22-34-019ebfa5-7d5b-76a2-94b7-fb066ce0b27a:1747,46252,46295,43,375800,1,0,0,1,0,0
ActPlane,3dae89cd06ae,complete,codex:rollout-2026-06-12T23-22-34-019ebfa5-7d5b-76a2-94b7-fb066ce0b27a:1747,codex:rollout-2026-06-12T23-22-34-019ebfa5-7d5b-76a2-94b7-fb066ce0b27a:1748,46295,46296,1,37,1,0,0,0,0,0
ActPlane,3dae89cd06ae,complete,codex:rollout-2026-06-12T23-22-34-019ebfa5-7d5b-76a2-94b7-fb066ce0b27a:1748,codex:rollout-2026-06-12T23-22-34-019ebfa5-7d5b-76a2-94b7-fb066ce0b27a:1749,46296,46297,1,26,1,0,0,0,0,0
ActPlane,3dae89cd06ae,complete,codex:rollout-2026-06-12T23-22-34-019ebfa5-7d5b-76a2-94b7-fb066ce0b27a:1749,codex:rollout-2026-06-12T23-22-34-019ebfa5-7d5b-76a2-94b7-fb066ce0b27a:1750,46297,46298,1,55,1,0,0,0,0,0
ActPlane,3dae89cd06ae,complete,codex:rollout-2026-06-12T23-22-34-019ebfa5-7d5b-76a2-94b7-fb066ce0b27a:1750,codex:rollout-2026-06-12T23-22-34-019ebfa5-7d5b-76a2-94b7-fb066ce0b27a:1754,46298,46302,4,39747,1,0,0,0,0,0
ActPlane,3dae89cd06ae,complete,codex:rollout-2026-06-12T23-22-34-019ebfa5-7d5b-76a2-94b7-fb066ce0b27a:1754,codex:rollout-2026-06-12T23-22-34-019ebfa5-7d5b-76a2-94b7-fb066ce0b27a:1758,46302,46306,4,67950,1,0,0,0,0,0
ActPlane,3dae89cd06ae,complete,codex:rollout-2026-06-12T23-22-34-019ebfa5-7d5b-76a2-94b7-fb066ce0b27a:1758,codex:rollout-2026-06-12T23-22-34-019ebfa5-7d5b-76a2-94b7-fb066ce0b27a:1761,46306,46309,3,22377,1,0,0,0,0,0
ActPlane,3dae89cd06ae,complete,codex:rollout-2026-06-12T23-22-34-019ebfa5-7d5b-76a2-94b7-fb066ce0b27a:1761,codex:rollout-2026-06-12T23-22-34-019ebfa5-7d5b-76a2-94b7-fb066ce0b27a:1762,46309,46310,1,1,1,0,0,0,0,0
ActPlane,3dae89cd06ae,complete,codex:rollout-2026-06-12T23-22-34-019ebfa5-7d5b-76a2-94b7-fb066ce0b27a:1762,codex:rollout-2026-06-12T23-22-34-019ebfa5-7d5b-76a2-94b7-fb066ce0b27a:1763,46310,46311,1,0,1,0,0,0,0,0
ActPlane,3dae89cd06ae,complete,codex:rollout-2026-06-12T23-22-34-019ebfa5-7d5b-76a2-94b7-fb066ce0b27a:1763,codex:rollout-2026-06-12T23-22-34-019ebfa5-7d5b-76a2-94b7-fb066ce0b27a:1764,46311,46312,1,28,1,0,0,0,0,0
ActPlane,3dae89cd06ae,complete,codex:rollout-2026-06-12T23-22-34-019ebfa5-7d5b-76a2-94b7-fb066ce0b27a:1764,codex:rollout-2026-06-12T23-22-34-019ebfa5-7d5b-76a2-94b7-fb066ce0b27a:1765,46312,46313,1,6524,1,0,0,0,0,0
ActPlane,3dae89cd06ae,complete,codex:rollout-2026-06-12T23-22-34-019ebfa5-7d5b-76a2-94b7-fb066ce0b27a:1765,codex:rollout-2026-06-12T23-22-34-019ebfa5-7d5b-76a2-94b7-fb066ce0b27a:1766,46313,46314,1,50,1,0,0,0,0,0
ActPlane,3dae89cd06ae,complete,codex:rollout-2026-06-12T23-22-34-019ebfa5-7d5b-76a2-94b7-fb066ce0b27a:1766,codex:rollout-2026-06-12T23-22-34-019ebfa5-7d5b-76a2-94b7-fb066ce0b27a:1785,46314,46333,19,157366,1,0,0,0,0,0
ActPlane,3dae89cd06ae,complete,codex:rollout-2026-06-12T23-22-34-019ebfa5-7d5b-76a2-94b7-fb066ce0b27a:1785,codex:rollout-2026-06-12T23-22-34-019ebfa5-7d5b-76a2-94b7-fb066ce0b27a:1791,46333,46339,6,87397,1,0,0,0,0,0
ActPlane,3dae89cd06ae,complete,codex:rollout-2026-06-12T23-22-34-019ebfa5-7d5b-76a2-94b7-fb066ce0b27a:1791,codex:rollout-2026-06-12T23-22-34-019ebfa5-7d5b-76a2-94b7-fb066ce0b27a:1792,46339,46340,1,3072,1,0,0,0,0,0
ActPlane,3dae89cd06ae,complete,codex:rollout-2026-06-12T23-22-34-019ebfa5-7d5b-76a2-94b7-fb066ce0b27a:1792,codex:rollout-2026-06-12T23-22-34-019ebfa5-7d5b-76a2-94b7-fb066ce0b27a:1793,46340,46341,1,3115,1,0,0,0,0,0
ActPlane,3dae89cd06ae,complete,codex:rollout-2026-06-12T23-22-34-019ebfa5-7d5b-76a2-94b7-fb066ce0b27a:1793,codex:rollout-2026-06-12T23-22-34-019ebfa5-7d5b-76a2-94b7-fb066ce0b27a:1794,46341,46342,1,3901,1,0,0,0,0,0
ActPlane,3dae89cd06ae,complete,codex:rollout-2026-06-12T23-22-34-019ebfa5-7d5b-76a2-94b7-fb066ce0b27a:1794,codex:rollout-2026-06-12T23-22-34-019ebfa5-7d5b-76a2-94b7-fb066ce0b27a:1796,46342,46344,2,9271,1,0,0,0,0,0
ActPlane,3dae89cd06ae,complete,codex:rollout-2026-06-12T23-22-34-019ebfa5-7d5b-76a2-94b7-fb066ce0b27a:1796,codex:rollout-2026-06-12T23-22-34-019ebfa5-7d5b-76a2-94b7-fb066ce0b27a:1797,46344,46345,1,6064,1,0,0,0,0,0
ActPlane,3dae89cd06ae,complete,codex:rollout-2026-06-12T23-22-34-019ebfa5-7d5b-76a2-94b7-fb066ce0b27a:1797,codex:rollout-2026-06-12T23-22-34-019ebfa5-7d5b-76a2-94b7-fb066ce0b27a:1844,46345,46392,47,303663,1,0,0,0,0,0
ActPlane,3dae89cd06ae,complete,codex:rollout-2026-06-12T23-22-34-019ebfa5-7d5b-76a2-94b7-fb066ce0b27a:1844,codex:rollout-2026-06-12T23-22-34-019ebfa5-7d5b-76a2-94b7-fb066ce0b27a:1845,46392,46393,1,2654,1,0,0,0,0,0
ActPlane,3dae89cd06ae,complete,codex:rollout-2026-06-12T23-22-34-019ebfa5-7d5b-76a2-94b7-fb066ce0b27a:1845,codex:rollout-2026-06-12T23-22-34-019ebfa5-7d5b-76a2-94b7-fb066ce0b27a:1846,46393,46394,1,7469,1,0,0,0,0,0
ActPlane,3dae89cd06ae,complete,codex:rollout-2026-06-12T23-22-34-019ebfa5-7d5b-76a2-94b7-fb066ce0b27a:1846,codex:rollout-2026-06-12T23-22-34-019ebfa5-7d5b-76a2-94b7-fb066ce0b27a:1847,46394,46395,1,3966,1,0,0,0,0,0
ActPlane,3dae89cd06ae,complete,codex:rollout-2026-06-12T23-22-34-019ebfa5-7d5b-76a2-94b7-fb066ce0b27a:1847,codex:rollout-2026-06-12T23-22-34-019ebfa5-7d5b-76a2-94b7-fb066ce0b27a:1848,46395,46396,1,3691,1,0,0,0,0,0
ActPlane,3dae89cd06ae,complete,codex:rollout-2026-06-12T23-22-34-019ebfa5-7d5b-76a2-94b7-fb066ce0b27a:1848,codex:rollout-2026-06-12T23-22-34-019ebfa5-7d5b-76a2-94b7-fb066ce0b27a:1849,46396,46397,1,4803,1,0,0,0,0,0
ActPlane,3dae89cd06ae,complete,codex:rollout-2026-06-12T23-22-34-019ebfa5-7d5b-76a2-94b7-fb066ce0b27a:1849,codex:rollout-2026-06-12T23-22-34-019ebfa5-7d5b-76a2-94b7-fb066ce0b27a:1909,46397,46457,60,632934,1,0,0,0,0,0
ActPlane,3dae89cd06ae,complete,codex:rollout-2026-06-12T23-22-34-019ebfa5-7d5b-76a2-94b7-fb066ce0b27a:1909,codex:rollout-2026-06-12T23-22-34-019ebfa5-7d5b-76a2-94b7-fb066ce0b27a:1910,46457,46458,1,3521,1,0,0,0,0,0
ActPlane,3dae89cd06ae,complete,codex:rollout-2026-06-12T23-22-34-019ebfa5-7d5b-76a2-94b7-fb066ce0b27a:1910,codex:rollout-2026-06-12T23-22-34-019ebfa5-7d5b-76a2-94b7-fb066ce0b27a:1911,46458,46459,1,6543,1,0,0,0,0,0
ActPlane,3dae89cd06ae,complete,codex:rollout-2026-06-12T23-22-34-019ebfa5-7d5b-76a2-94b7-fb066ce0b27a:1911,codex:rollout-2026-06-12T23-22-34-019ebfa5-7d5b-76a2-94b7-fb066ce0b27a:1912,46459,46460,1,4067,1,0,0,0,0,0
ActPlane,3dae89cd06ae,complete,codex:rollout-2026-06-12T23-22-34-019ebfa5-7d5b-76a2-94b7-fb066ce0b27a:1912,codex:rollout-2026-06-12T23-22-34-019ebfa5-7d5b-76a2-94b7-fb066ce0b27a:1933,46460,46481,21,252318,1,0,0,0,3,0
ActPlane,3dae89cd06ae,complete,codex:rollout-2026-06-12T23-22-34-019ebfa5-7d5b-76a2-94b7-fb066ce0b27a:1933,codex:rollout-2026-06-12T23-22-34-019ebfa5-7d5b-76a2-94b7-fb066ce0b27a:1935,46481,46483,2,20668,1,0,0,0,0,0
ActPlane,3dae89cd06ae,complete,codex:rollout-2026-06-12T23-22-34-019ebfa5-7d5b-76a2-94b7-fb066ce0b27a:1935,codex:rollout-2026-06-12T23-22-34-019ebfa5-7d5b-76a2-94b7-fb066ce0b27a:1936,46483,46484,1,6938,1,0,0,0,0,0
ActPlane,3dae89cd06ae,complete,codex:rollout-2026-06-12T23-22-34-019ebfa5-7d5b-76a2-94b7-fb066ce0b27a:1936,codex:rollout-2026-06-12T23-22-34-019ebfa5-7d5b-76a2-94b7-fb066ce0b27a:1942,46484,46490,6,63951,1,0,0,0,0,0
ActPlane,3dae89cd06ae,complete,codex:rollout-2026-06-12T23-22-34-019ebfa5-7d5b-76a2-94b7-fb066ce0b27a:1942,codex:rollout-2026-06-12T23-22-34-019ebfa5-7d5b-76a2-94b7-fb066ce0b27a:1979,46490,46527,37,368706,1,0,0,0,0,0
ActPlane,3dae89cd06ae,complete,codex:rollout-2026-06-12T23-22-34-019ebfa5-7d5b-76a2-94b7-fb066ce0b27a:1979,codex:rollout-2026-06-12T23-22-34-019ebfa5-7d5b-76a2-94b7-fb066ce0b27a:1980,46527,46528,1,3509,1,0,0,0,0,0
ActPlane,3dae89cd06ae,complete,codex:rollout-2026-06-12T23-22-34-019ebfa5-7d5b-76a2-94b7-fb066ce0b27a:1980,codex:rollout-2026-06-12T23-22-34-019ebfa5-7d5b-76a2-94b7-fb066ce0b27a:1981,46528,46529,1,4243,1,0,0,0,0,0
ActPlane,3dae89cd06ae,complete,codex:rollout-2026-06-12T23-22-34-019ebfa5-7d5b-76a2-94b7-fb066ce0b27a:1981,codex:rollout-2026-06-12T23-22-34-019ebfa5-7d5b-76a2-94b7-fb066ce0b27a:1982,46529,46530,1,4283,1,0,0,0,0,0
ActPlane,3dae89cd06ae,complete,codex:rollout-2026-06-12T23-22-34-019ebfa5-7d5b-76a2-94b7-fb066ce0b27a:1982,codex:rollout-2026-06-12T23-22-34-019ebfa5-7d5b-76a2-94b7-fb066ce0b27a:1983,46530,46531,1,4400,1,0,0,0,0,0
ActPlane,3dae89cd06ae,complete,codex:rollout-2026-06-12T23-22-34-019ebfa5-7d5b-76a2-94b7-fb066ce0b27a:1983,codex:rollout-2026-06-12T23-22-34-019ebfa5-7d5b-76a2-94b7-fb066ce0b27a:1984,46531,46532,1,5667,1,0,0,0,0,0
ActPlane,3dae89cd06ae,complete,codex:rollout-2026-06-12T23-22-34-019ebfa5-7d5b-76a2-94b7-fb066ce0b27a:1984,codex:rollout-2026-06-12T23-22-34-019ebfa5-7d5b-76a2-94b7-fb066ce0b27a:1994,46532,46542,10,83118,1,0,0,0,0,0
ActPlane,3dae89cd06ae,complete,codex:rollout-2026-06-12T23-22-34-019ebfa5-7d5b-76a2-94b7-fb066ce0b27a:1994,codex:rollout-2026-06-12T23-22-34-019ebfa5-7d5b-76a2-94b7-fb066ce0b27a:2019,46542,46567,25,223357,1,0,0,0,0,0
ActPlane,3dae89cd06ae,complete,codex:rollout-2026-06-12T23-22-34-019ebfa5-7d5b-76a2-94b7-fb066ce0b27a:2019,codex:rollout-2026-06-12T23-22-34-019ebfa5-7d5b-76a2-94b7-fb066ce0b27a:2020,46567,46568,1,3721,1,0,0,0,0,0
ActPlane,3dae89cd06ae,complete,codex:rollout-2026-06-12T23-22-34-019ebfa5-7d5b-76a2-94b7-fb066ce0b27a:2020,codex:rollout-2026-06-12T23-22-34-019ebfa5-7d5b-76a2-94b7-fb066ce0b27a:2021,46568,46569,1,4156,1,0,0,0,0,0
ActPlane,3dae89cd06ae,complete,codex:rollout-2026-06-12T23-22-34-019ebfa5-7d5b-76a2-94b7-fb066ce0b27a:2021,codex:rollout-2026-06-12T23-22-34-019ebfa5-7d5b-76a2-94b7-fb066ce0b27a:2022,46569,46570,1,4615,1,0,0,0,0,0
ActPlane,3dae89cd06ae,complete,codex:rollout-2026-06-12T23-22-34-019ebfa5-7d5b-76a2-94b7-fb066ce0b27a:2022,codex:rollout-2026-06-12T23-22-34-019ebfa5-7d5b-76a2-94b7-fb066ce0b27a:2023,46570,46571,1,7550,1,0,0,0,0,0
ActPlane,3dae89cd06ae,complete,codex:rollout-2026-06-12T23-22-34-019ebfa5-7d5b-76a2-94b7-fb066ce0b27a:2023,codex:rollout-2026-06-12T23-22-34-019ebfa5-7d5b-76a2-94b7-fb066ce0b27a:2024,46571,46572,1,6460,1,0,0,0,0,0
ActPlane,3dae89cd06ae,complete,codex:rollout-2026-06-12T23-22-34-019ebfa5-7d5b-76a2-94b7-fb066ce0b27a:2024,codex:rollout-2026-06-12T23-22-34-019ebfa5-7d5b-76a2-94b7-fb066ce0b27a:2035,46572,46583,11,85883,1,0,0,0,0,0
ActPlane,3dae89cd06ae,complete,codex:rollout-2026-06-12T23-22-34-019ebfa5-7d5b-76a2-94b7-fb066ce0b27a:2035,codex:rollout-2026-06-12T23-22-34-019ebfa5-7d5b-76a2-94b7-fb066ce0b27a:2080,46583,46628,45,498491,1,0,0,0,0,0
ActPlane,3dae89cd06ae,complete,codex:rollout-2026-06-12T23-22-34-019ebfa5-7d5b-76a2-94b7-fb066ce0b27a:2080,codex:rollout-2026-06-12T23-22-34-019ebfa5-7d5b-76a2-94b7-fb066ce0b27a:2081,46628,46629,1,6771,1,0,0,0,0,0
ActPlane,3dae89cd06ae,complete,codex:rollout-2026-06-12T23-22-34-019ebfa5-7d5b-76a2-94b7-fb066ce0b27a:2081,codex:rollout-2026-06-12T23-22-34-019ebfa5-7d5b-76a2-94b7-fb066ce0b27a:2082,46629,46630,1,4330,1,0,0,0,0,0
ActPlane,3dae89cd06ae,complete,codex:rollout-2026-06-12T23-22-34-019ebfa5-7d5b-76a2-94b7-fb066ce0b27a:2082,codex:rollout-2026-06-12T23-22-34-019ebfa5-7d5b-76a2-94b7-fb066ce0b27a:2083,46630,46631,1,4488,1,0,0,0,0,0
ActPlane,3dae89cd06ae,complete,codex:rollout-2026-06-12T23-22-34-019ebfa5-7d5b-76a2-94b7-fb066ce0b27a:2083,codex:rollout-2026-06-12T23-22-34-019ebfa5-7d5b-76a2-94b7-fb066ce0b27a:2086,46631,46634,3,53707,1,0,0,0,1,0
ActPlane,3dae89cd06ae,complete,codex:rollout-2026-06-12T23-22-34-019ebfa5-7d5b-76a2-94b7-fb066ce0b27a:2086,codex:rollout-2026-06-12T23-22-34-019ebfa5-7d5b-76a2-94b7-fb066ce0b27a:2087,46634,46635,1,5962,1,0,0,0,0,0
ActPlane,3dae89cd06ae,complete,codex:rollout-2026-06-12T23-22-34-019ebfa5-7d5b-76a2-94b7-fb066ce0b27a:2087,codex:rollout-2026-06-12T23-22-34-019ebfa5-7d5b-76a2-94b7-fb066ce0b27a:2105,46635,46653,18,145160,1,0,0,0,0,0
ActPlane,3dae89cd06ae,complete,codex:rollout-2026-06-12T23-22-34-019ebfa5-7d5b-76a2-94b7-fb066ce0b27a:2105,codex:rollout-2026-06-12T23-22-34-019ebfa5-7d5b-76a2-94b7-fb066ce0b27a:2154,46653,46702,49,454247,1,0,0,0,0,0
ActPlane,3dae89cd06ae,complete,codex:rollout-2026-06-12T23-22-34-019ebfa5-7d5b-76a2-94b7-fb066ce0b27a:2154,codex:rollout-2026-06-12T23-22-34-019ebfa5-7d5b-76a2-94b7-fb066ce0b27a:2155,46702,46703,1,22,1,0,0,0,0,0
ActPlane,3dae89cd06ae,complete,codex:rollout-2026-06-12T23-22-34-019ebfa5-7d5b-76a2-94b7-fb066ce0b27a:2155,codex:rollout-2026-06-12T23-22-34-019ebfa5-7d5b-76a2-94b7-fb066ce0b27a:2156,46703,46704,1,3774,1,0,0,0,0,0
ActPlane,3dae89cd06ae,complete,codex:rollout-2026-06-12T23-22-34-019ebfa5-7d5b-76a2-94b7-fb066ce0b27a:2156,codex:rollout-2026-06-12T23-22-34-019ebfa5-7d5b-76a2-94b7-fb066ce0b27a:2157,46704,46705,1,3443,1,0,0,0,0,0
ActPlane,3dae89cd06ae,complete,codex:rollout-2026-06-12T23-22-34-019ebfa5-7d5b-76a2-94b7-fb066ce0b27a:2157,codex:rollout-2026-06-12T23-22-34-019ebfa5-7d5b-76a2-94b7-fb066ce0b27a:2158,46705,46706,1,5457,1,0,0,0,0,0
ActPlane,3dae89cd06ae,complete,codex:rollout-2026-06-12T23-22-34-019ebfa5-7d5b-76a2-94b7-fb066ce0b27a:2158,codex:rollout-2026-06-12T23-22-34-019ebfa5-7d5b-76a2-94b7-fb066ce0b27a:2159,46706,46707,1,4802,1,0,0,0,0,0
ActPlane,3dae89cd06ae,complete,codex:rollout-2026-06-12T23-22-34-019ebfa5-7d5b-76a2-94b7-fb066ce0b27a:2159,codex:rollout-2026-06-12T23-22-34-019ebfa5-7d5b-76a2-94b7-fb066ce0b27a:2208,46707,46756,49,1026918,1,0,0,0,0,0
ActPlane,3dae89cd06ae,complete,codex:rollout-2026-06-12T23-22-34-019ebfa5-7d5b-76a2-94b7-fb066ce0b27a:2208,codex:rollout-2026-06-12T23-22-34-019ebfa5-7d5b-76a2-94b7-fb066ce0b27a:2209,46756,46757,1,22,1,0,0,0,0,0
ActPlane,3dae89cd06ae,complete,codex:rollout-2026-06-12T23-22-34-019ebfa5-7d5b-76a2-94b7-fb066ce0b27a:2209,codex:rollout-2026-06-12T23-22-34-019ebfa5-7d5b-76a2-94b7-fb066ce0b27a:2210,46757,46758,1,3271,1,0,0,0,0,0
ActPlane,3dae89cd06ae,complete,codex:rollout-2026-06-12T23-22-34-019ebfa5-7d5b-76a2-94b7-fb066ce0b27a:2210,codex:rollout-2026-06-12T23-22-34-019ebfa5-7d5b-76a2-94b7-fb066ce0b27a:2211,46758,46759,1,3324,1,0,0,0,0,0
ActPlane,3dae89cd06ae,complete,codex:rollout-2026-06-12T23-22-34-019ebfa5-7d5b-76a2-94b7-fb066ce0b27a:2211,codex:rollout-2026-06-12T23-22-34-019ebfa5-7d5b-76a2-94b7-fb066ce0b27a:2212,46759,46760,1,6755,1,0,0,0,0,0
ActPlane,3dae89cd06ae,complete,codex:rollout-2026-06-12T23-22-34-019ebfa5-7d5b-76a2-94b7-fb066ce0b27a:2212,codex:rollout-2026-06-12T23-22-34-019ebfa5-7d5b-76a2-94b7-fb066ce0b27a:2213,46760,46761,1,4919,1,0,0,0,0,0
ActPlane,3dae89cd06ae,complete,codex:rollout-2026-06-12T23-22-34-019ebfa5-7d5b-76a2-94b7-fb066ce0b27a:2213,codex:rollout-2026-06-12T23-22-34-019ebfa5-7d5b-76a2-94b7-fb066ce0b27a:2255,46761,46803,42,437584,1,0,0,0,0,0
ActPlane,3dae89cd06ae,complete,codex:rollout-2026-06-12T23-22-34-019ebfa5-7d5b-76a2-94b7-fb066ce0b27a:2255,codex:rollout-2026-06-12T23-22-34-019ebfa5-7d5b-76a2-94b7-fb066ce0b27a:2256,46803,46804,1,62,1,0,0,0,0,0
ActPlane,3dae89cd06ae,complete,codex:rollout-2026-06-12T23-22-34-019ebfa5-7d5b-76a2-94b7-fb066ce0b27a:2256,codex:rollout-2026-06-12T23-22-34-019ebfa5-7d5b-76a2-94b7-fb066ce0b27a:2257,46804,46805,1,3374,1,0,0,0,0,0
ActPlane,3dae89cd06ae,complete,codex:rollout-2026-06-12T23-22-34-019ebfa5-7d5b-76a2-94b7-fb066ce0b27a:2257,codex:rollout-2026-06-12T23-22-34-019ebfa5-7d5b-76a2-94b7-fb066ce0b27a:2258,46805,46806,1,6497,1,0,0,0,0,0
ActPlane,3dae89cd06ae,complete,codex:rollout-2026-06-12T23-22-34-019ebfa5-7d5b-76a2-94b7-fb066ce0b27a:2258,codex:rollout-2026-06-12T23-22-34-019ebfa5-7d5b-76a2-94b7-fb066ce0b27a:2259,46806,46807,1,4599,1,0,0,0,0,0
ActPlane,3dae89cd06ae,complete,codex:rollout-2026-06-12T23-22-34-019ebfa5-7d5b-76a2-94b7-fb066ce0b27a:2259,codex:rollout-2026-06-12T23-22-34-019ebfa5-7d5b-76a2-94b7-fb066ce0b27a:2260,46807,46808,1,5474,1,0,0,0,0,0
ActPlane,3dae89cd06ae,complete,codex:rollout-2026-06-12T23-22-34-019ebfa5-7d5b-76a2-94b7-fb066ce0b27a:2260,codex:rollout-2026-06-12T23-22-34-019ebfa5-7d5b-76a2-94b7-fb066ce0b27a:2297,46808,46845,37,379514,1,0,0,0,0,0
ActPlane,3dae89cd06ae,complete,codex:rollout-2026-06-12T23-22-34-019ebfa5-7d5b-76a2-94b7-fb066ce0b27a:2297,codex:rollout-2026-06-12T23-22-34-019ebfa5-7d5b-76a2-94b7-fb066ce0b27a:2309,46845,46857,12,191576,1,0,0,0,0,0
ActPlane,3dae89cd06ae,complete,codex:rollout-2026-06-12T23-22-34-019ebfa5-7d5b-76a2-94b7-fb066ce0b27a:2309,codex:rollout-2026-06-12T23-22-34-019ebfa5-7d5b-76a2-94b7-fb066ce0b27a:2310,46857,46858,1,117,1,0,0,0,0,0
ActPlane,3dae89cd06ae,complete,codex:rollout-2026-06-12T23-22-34-019ebfa5-7d5b-76a2-94b7-fb066ce0b27a:2310,codex:rollout-2026-06-12T23-22-34-019ebfa5-7d5b-76a2-94b7-fb066ce0b27a:2311,46858,46859,1,3651,1,0,0,0,0,0
ActPlane,3dae89cd06ae,complete,codex:rollout-2026-06-12T23-22-34-019ebfa5-7d5b-76a2-94b7-fb066ce0b27a:2311,codex:rollout-2026-06-12T23-22-34-019ebfa5-7d5b-76a2-94b7-fb066ce0b27a:2312,46859,46860,1,3814,1,0,0,0,0,0
ActPlane,3dae89cd06ae,complete,codex:rollout-2026-06-12T23-22-34-019ebfa5-7d5b-76a2-94b7-fb066ce0b27a:2312,codex:rollout-2026-06-12T23-22-34-019ebfa5-7d5b-76a2-94b7-fb066ce0b27a:2313,46860,46861,1,4252,1,0,0,0,0,0
ActPlane,3dae89cd06ae,complete,codex:rollout-2026-06-12T23-22-34-019ebfa5-7d5b-76a2-94b7-fb066ce0b27a:2313,codex:rollout-2026-06-12T23-22-34-019ebfa5-7d5b-76a2-94b7-fb066ce0b27a:2314,46861,46862,1,5010,1,0,0,0,0,0
ActPlane,3dae89cd06ae,complete,codex:rollout-2026-06-12T23-22-34-019ebfa5-7d5b-76a2-94b7-fb066ce0b27a:2314,codex:rollout-2026-06-12T23-22-34-019ebfa5-7d5b-76a2-94b7-fb066ce0b27a:2347,46862,46895,33,6331242,1,0,0,0,0,0
ActPlane,3dae89cd06ae,complete,codex:rollout-2026-06-12T23-22-34-019ebfa5-7d5b-76a2-94b7-fb066ce0b27a:2347,codex:rollout-2026-06-12T23-22-34-019ebfa5-7d5b-76a2-94b7-fb066ce0b27a:2348,46895,46896,1,40,1,0,0,0,0,0
ActPlane,3dae89cd06ae,complete,codex:rollout-2026-06-12T23-22-34-019ebfa5-7d5b-76a2-94b7-fb066ce0b27a:2348,codex:rollout-2026-06-12T23-22-34-019ebfa5-7d5b-76a2-94b7-fb066ce0b27a:2349,46896,46897,1,4508,1,0,0,0,0,0
ActPlane,3dae89cd06ae,complete,codex:rollout-2026-06-12T23-22-34-019ebfa5-7d5b-76a2-94b7-fb066ce0b27a:2349,codex:rollout-2026-06-12T23-22-34-019ebfa5-7d5b-76a2-94b7-fb066ce0b27a:2350,46897,46898,1,4267,1,0,0,0,0,0
ActPlane,3dae89cd06ae,complete,codex:rollout-2026-06-12T23-22-34-019ebfa5-7d5b-76a2-94b7-fb066ce0b27a:2350,codex:rollout-2026-06-12T23-22-34-019ebfa5-7d5b-76a2-94b7-fb066ce0b27a:2351,46898,46899,1,6870,1,0,0,0,0,0
ActPlane,3dae89cd06ae,complete,codex:rollout-2026-06-12T23-22-34-019ebfa5-7d5b-76a2-94b7-fb066ce0b27a:2351,codex:rollout-2026-06-12T23-22-34-019ebfa5-7d5b-76a2-94b7-fb066ce0b27a:2352,46899,46900,1,5216,1,0,0,0,0,0
ActPlane,3dae89cd06ae,complete,codex:rollout-2026-06-12T23-22-34-019ebfa5-7d5b-76a2-94b7-fb066ce0b27a:2352,codex:rollout-2026-06-12T23-22-34-019ebfa5-7d5b-76a2-94b7-fb066ce0b27a:2382,46900,46930,30,409229,1,0,0,0,0,0
ActPlane,3dae89cd06ae,complete,codex:rollout-2026-06-12T23-22-34-019ebfa5-7d5b-76a2-94b7-fb066ce0b27a:2382,codex:rollout-2026-06-12T23-22-34-019ebfa5-7d5b-76a2-94b7-fb066ce0b27a:2383,46930,46931,1,225,1,0,0,0,0,0
ActPlane,3dae89cd06ae,complete,codex:rollout-2026-06-12T23-22-34-019ebfa5-7d5b-76a2-94b7-fb066ce0b27a:2383,codex:rollout-2026-06-12T23-22-34-019ebfa5-7d5b-76a2-94b7-fb066ce0b27a:2384,46931,46932,1,5833,1,0,0,0,0,0
ActPlane,3dae89cd06ae,complete,codex:rollout-2026-06-12T23-22-34-019ebfa5-7d5b-76a2-94b7-fb066ce0b27a:2384,codex:rollout-2026-06-12T23-22-34-019ebfa5-7d5b-76a2-94b7-fb066ce0b27a:2385,46932,46933,1,3951,1,0,0,0,0,0
ActPlane,3dae89cd06ae,complete,codex:rollout-2026-06-12T23-22-34-019ebfa5-7d5b-76a2-94b7-fb066ce0b27a:2385,codex:rollout-2026-06-12T23-22-34-019ebfa5-7d5b-76a2-94b7-fb066ce0b27a:2386,46933,46934,1,4670,1,0,0,0,0,0
ActPlane,3dae89cd06ae,complete,codex:rollout-2026-06-12T23-22-34-019ebfa5-7d5b-76a2-94b7-fb066ce0b27a:2386,codex:rollout-2026-06-12T23-22-34-019ebfa5-7d5b-76a2-94b7-fb066ce0b27a:2387,46934,46935,1,6923,1,0,0,0,0,0
ActPlane,3dae89cd06ae,complete,codex:rollout-2026-06-12T23-22-34-019ebfa5-7d5b-76a2-94b7-fb066ce0b27a:2387,codex:rollout-2026-06-12T23-22-34-019ebfa5-7d5b-76a2-94b7-fb066ce0b27a:2466,46935,47014,79,747655,1,0,0,1,0,0
ActPlane,3dae89cd06ae,complete,codex:rollout-2026-06-12T23-22-34-019ebfa5-7d5b-76a2-94b7-fb066ce0b27a:2466,codex:rollout-2026-06-12T23-22-34-019ebfa5-7d5b-76a2-94b7-fb066ce0b27a:2483,47014,47031,17,4135958,1,0,0,0,0,0
ActPlane,3dae89cd06ae,complete,codex:rollout-2026-06-12T23-22-34-019ebfa5-7d5b-76a2-94b7-fb066ce0b27a:2483,codex:rollout-2026-06-12T23-22-34-019ebfa5-7d5b-76a2-94b7-fb066ce0b27a:2491,47031,47039,8,188205,1,0,0,0,0,0
ActPlane,3dae89cd06ae,complete,codex:rollout-2026-06-12T23-22-34-019ebfa5-7d5b-76a2-94b7-fb066ce0b27a:2491,codex:rollout-2026-06-12T23-22-34-019ebfa5-7d5b-76a2-94b7-fb066ce0b27a:2492,47039,47040,1,36,1,0,0,0,0,0
ActPlane,3dae89cd06ae,complete,codex:rollout-2026-06-12T23-22-34-019ebfa5-7d5b-76a2-94b7-fb066ce0b27a:2492,codex:rollout-2026-06-12T23-22-34-019ebfa5-7d5b-76a2-94b7-fb066ce0b27a:2493,47040,47041,1,4683,1,0,0,0,0,0
ActPlane,3dae89cd06ae,complete,codex:rollout-2026-06-12T23-22-34-019ebfa5-7d5b-76a2-94b7-fb066ce0b27a:2493,codex:rollout-2026-06-12T23-22-34-019ebfa5-7d5b-76a2-94b7-fb066ce0b27a:2494,47041,47042,1,4456,1,0,0,0,0,0
ActPlane,3dae89cd06ae,complete,codex:rollout-2026-06-12T23-22-34-019ebfa5-7d5b-76a2-94b7-fb066ce0b27a:2494,codex:rollout-2026-06-12T23-22-34-019ebfa5-7d5b-76a2-94b7-fb066ce0b27a:2495,47042,47043,1,6089,1,0,0,0,0,0
ActPlane,3dae89cd06ae,complete,codex:rollout-2026-06-12T23-22-34-019ebfa5-7d5b-76a2-94b7-fb066ce0b27a:2495,codex:rollout-2026-06-12T23-22-34-019ebfa5-7d5b-76a2-94b7-fb066ce0b27a:2496,47043,47044,1,5211,1,0,0,0,0,0
ActPlane,3dae89cd06ae,complete,codex:rollout-2026-06-12T23-22-34-019ebfa5-7d5b-76a2-94b7-fb066ce0b27a:2496,codex:rollout-2026-06-12T23-22-34-019ebfa5-7d5b-76a2-94b7-fb066ce0b27a:2548,47044,47096,52,584395,1,0,0,0,0,0
ActPlane,3dae89cd06ae,complete,codex:rollout-2026-06-12T23-22-34-019ebfa5-7d5b-76a2-94b7-fb066ce0b27a:2548,codex:rollout-2026-06-12T23-22-34-019ebfa5-7d5b-76a2-94b7-fb066ce0b27a:2593,47096,47141,45,446465,1,0,0,0,0,0
ActPlane,3dae89cd06ae,complete,codex:rollout-2026-06-12T23-22-34-019ebfa5-7d5b-76a2-94b7-fb066ce0b27a:2593,codex:rollout-2026-06-12T23-22-34-019ebfa5-7d5b-76a2-94b7-fb066ce0b27a:2594,47141,47142,1,0,1,0,0,0,0,0
ActPlane,3dae89cd06ae,complete,codex:rollout-2026-06-12T23-22-34-019ebfa5-7d5b-76a2-94b7-fb066ce0b27a:2594,codex:rollout-2026-06-12T23-22-34-019ebfa5-7d5b-76a2-94b7-fb066ce0b27a:2595,47142,47143,1,34,1,0,0,0,0,0
ActPlane,3dae89cd06ae,complete,codex:rollout-2026-06-12T23-22-34-019ebfa5-7d5b-76a2-94b7-fb066ce0b27a:2595,codex:rollout-2026-06-12T23-22-34-019ebfa5-7d5b-76a2-94b7-fb066ce0b27a:2597,47143,47145,2,18890,1,0,0,0,0,0
ActPlane,3dae89cd06ae,complete,codex:rollout-2026-06-12T23-22-34-019ebfa5-7d5b-76a2-94b7-fb066ce0b27a:2597,codex:rollout-2026-06-12T23-22-34-019ebfa5-7d5b-76a2-94b7-fb066ce0b27a:2602,47145,47150,5,1099511,1,0,0,0,0,0
ActPlane,3dae89cd06ae,complete,codex:rollout-2026-06-12T23-22-34-019ebfa5-7d5b-76a2-94b7-fb066ce0b27a:2602,codex:rollout-2026-06-12T23-22-34-019ebfa5-7d5b-76a2-94b7-fb066ce0b27a:2626,47150,47174,24,938101,1,0,0,2,0,0
ActPlane,3dae89cd06ae,complete,codex:rollout-2026-06-12T23-22-34-019ebfa5-7d5b-76a2-94b7-fb066ce0b27a:2626,codex:rollout-2026-06-12T23-22-34-019ebfa5-7d5b-76a2-94b7-fb066ce0b27a:2642,47174,47190,16,80625,1,0,0,2,0,0
ActPlane,3dae89cd06ae,complete,codex:rollout-2026-06-12T23-22-34-019ebfa5-7d5b-76a2-94b7-fb066ce0b27a:2642,codex:rollout-2026-06-12T23-22-34-019ebfa5-7d5b-76a2-94b7-fb066ce0b27a:2643,47190,47191,1,2690,1,0,0,0,0,0
ActPlane,3dae89cd06ae,complete,codex:rollout-2026-06-12T23-22-34-019ebfa5-7d5b-76a2-94b7-fb066ce0b27a:2643,codex:rollout-2026-06-12T23-22-34-019ebfa5-7d5b-76a2-94b7-fb066ce0b27a:2644,47191,47192,1,3127,1,0,0,0,0,0
ActPlane,3dae89cd06ae,complete,codex:rollout-2026-06-12T23-22-34-019ebfa5-7d5b-76a2-94b7-fb066ce0b27a:2644,codex:rollout-2026-06-12T23-22-34-019ebfa5-7d5b-76a2-94b7-fb066ce0b27a:2645,47192,47193,1,3268,1,0,0,0,0,0
ActPlane,3dae89cd06ae,complete,codex:rollout-2026-06-12T23-22-34-019ebfa5-7d5b-76a2-94b7-fb066ce0b27a:2645,codex:rollout-2026-06-12T23-22-34-019ebfa5-7d5b-76a2-94b7-fb066ce0b27a:2647,47193,47195,2,8527,1,0,0,0,0,0
ActPlane,3dae89cd06ae,complete,codex:rollout-2026-06-12T23-22-34-019ebfa5-7d5b-76a2-94b7-fb066ce0b27a:2647,codex:rollout-2026-06-12T23-22-34-019ebfa5-7d5b-76a2-94b7-fb066ce0b27a:2648,47195,47196,1,7339,1,0,0,0,0,0
ActPlane,3dae89cd06ae,complete,codex:rollout-2026-06-12T23-22-34-019ebfa5-7d5b-76a2-94b7-fb066ce0b27a:2648,codex:rollout-2026-06-12T23-22-34-019ebfa5-7d5b-76a2-94b7-fb066ce0b27a:2694,47196,47242,46,676351,1,0,0,1,0,0
ActPlane,3dae89cd06ae,complete,codex:rollout-2026-06-12T23-22-34-019ebfa5-7d5b-76a2-94b7-fb066ce0b27a:2694,codex:rollout-2026-06-12T23-22-34-019ebfa5-7d5b-76a2-94b7-fb066ce0b27a:2704,47242,47252,10,115021,1,0,0,0,0,0
ActPlane,3dae89cd06ae,complete,codex:rollout-2026-06-12T23-22-34-019ebfa5-7d5b-76a2-94b7-fb066ce0b27a:2704,codex:rollout-2026-06-12T23-22-34-019ebfa5-7d5b-76a2-94b7-fb066ce0b27a:2712,47252,47260,8,335504,1,0,0,0,0,0
ActPlane,3dae89cd06ae,complete,codex:rollout-2026-06-12T23-22-34-019ebfa5-7d5b-76a2-94b7-fb066ce0b27a:2712,codex:rollout-2026-06-12T23-22-34-019ebfa5-7d5b-76a2-94b7-fb066ce0b27a:2713,47260,47261,1,5146,1,0,0,0,0,0
ActPlane,3dae89cd06ae,complete,codex:rollout-2026-06-12T23-22-34-019ebfa5-7d5b-76a2-94b7-fb066ce0b27a:2713,codex:rollout-2026-06-12T23-22-34-019ebfa5-7d5b-76a2-94b7-fb066ce0b27a:2714,47261,47262,1,5973,1,0,0,0,0,0
ActPlane,3dae89cd06ae,complete,codex:rollout-2026-06-12T23-22-34-019ebfa5-7d5b-76a2-94b7-fb066ce0b27a:2714,codex:rollout-2026-06-12T23-22-34-019ebfa5-7d5b-76a2-94b7-fb066ce0b27a:2739,47262,47287,25,171748,1,0,0,0,0,0
ActPlane,3dae89cd06ae,complete,codex:rollout-2026-06-12T23-22-34-019ebfa5-7d5b-76a2-94b7-fb066ce0b27a:2739,codex:rollout-2026-06-12T23-22-34-019ebfa5-7d5b-76a2-94b7-fb066ce0b27a:2751,47287,47299,12,162767,1,0,0,0,0,0
ActPlane,3dae89cd06ae,complete,codex:rollout-2026-06-12T23-22-34-019ebfa5-7d5b-76a2-94b7-fb066ce0b27a:2751,codex:rollout-2026-06-12T23-22-34-019ebfa5-7d5b-76a2-94b7-fb066ce0b27a:2759,47299,47307,8,355813,1,0,0,0,0,0
ActPlane,3dae89cd06ae,complete,codex:rollout-2026-06-12T23-22-34-019ebfa5-7d5b-76a2-94b7-fb066ce0b27a:2759,codex:rollout-2026-06-12T23-22-34-019ebfa5-7d5b-76a2-94b7-fb066ce0b27a:2760,47307,47308,1,4624,1,0,0,0,0,0
ActPlane,3dae89cd06ae,complete,codex:rollout-2026-06-12T23-22-34-019ebfa5-7d5b-76a2-94b7-fb066ce0b27a:2760,codex:rollout-2026-06-12T23-22-34-019ebfa5-7d5b-76a2-94b7-fb066ce0b27a:2761,47308,47309,1,6083,1,0,0,0,0,0
ActPlane,3dae89cd06ae,complete,codex:rollout-2026-06-12T23-22-34-019ebfa5-7d5b-76a2-94b7-fb066ce0b27a:2761,codex:rollout-2026-06-12T23-22-34-019ebfa5-7d5b-76a2-94b7-fb066ce0b27a:2792,47309,47340,31,368855,1,0,0,1,0,0
ActPlane,3dae89cd06ae,complete,codex:rollout-2026-06-12T23-22-34-019ebfa5-7d5b-76a2-94b7-fb066ce0b27a:2792,codex:rollout-2026-06-12T23-22-34-019ebfa5-7d5b-76a2-94b7-fb066ce0b27a:2865,47340,47413,73,1249172,1,0,0,1,0,0
ActPlane,3dae89cd06ae,complete,codex:rollout-2026-06-12T23-22-34-019ebfa5-7d5b-76a2-94b7-fb066ce0b27a:2865,codex:rollout-2026-06-12T23-22-34-019ebfa5-7d5b-76a2-94b7-fb066ce0b27a:2867,47413,47415,2,12028,1,0,0,0,0,0
ActPlane,3dae89cd06ae,complete,codex:rollout-2026-06-12T23-22-34-019ebfa5-7d5b-76a2-94b7-fb066ce0b27a:2867,codex:rollout-2026-06-12T23-22-34-019ebfa5-7d5b-76a2-94b7-fb066ce0b27a:2868,47415,47416,1,0,1,0,0,0,0,0
ActPlane,3dae89cd06ae,complete,codex:rollout-2026-06-12T23-22-34-019ebfa5-7d5b-76a2-94b7-fb066ce0b27a:2868,codex:rollout-2026-06-12T23-22-34-019ebfa5-7d5b-76a2-94b7-fb066ce0b27a:2869,47416,47417,1,17,1,0,0,0,0,0
ActPlane,3dae89cd06ae,complete,codex:rollout-2026-06-12T23-22-34-019ebfa5-7d5b-76a2-94b7-fb066ce0b27a:2869,codex:rollout-2026-06-12T23-22-34-019ebfa5-7d5b-76a2-94b7-fb066ce0b27a:2895,47417,47443,26,265066,1,0,0,0,0,0
ActPlane,3dae89cd06ae,complete,codex:rollout-2026-06-12T23-22-34-019ebfa5-7d5b-76a2-94b7-fb066ce0b27a:2895,codex:rollout-2026-06-12T23-22-34-019ebfa5-7d5b-76a2-94b7-fb066ce0b27a:2904,47443,47452,9,30746,1,0,0,0,1,0
ActPlane,3dae89cd06ae,complete,codex:rollout-2026-06-12T23-22-34-019ebfa5-7d5b-76a2-94b7-fb066ce0b27a:2904,codex:rollout-2026-06-12T23-22-34-019ebfa5-7d5b-76a2-94b7-fb066ce0b27a:2933,47452,47481,29,177253,1,0,0,0,1,0
ActPlane,3dae89cd06ae,complete,codex:rollout-2026-06-12T23-22-34-019ebfa5-7d5b-76a2-94b7-fb066ce0b27a:2933,codex:rollout-2026-06-12T23-22-34-019ebfa5-7d5b-76a2-94b7-fb066ce0b27a:2934,47481,47482,1,58,1,0,0,0,0,0
ActPlane,3dae89cd06ae,complete,codex:rollout-2026-06-12T23-22-34-019ebfa5-7d5b-76a2-94b7-fb066ce0b27a:2934,codex:rollout-2026-06-12T23-22-34-019ebfa5-7d5b-76a2-94b7-fb066ce0b27a:2941,47482,47489,7,67876,1,0,0,0,0,0
ActPlane,3dae89cd06ae,complete,codex:rollout-2026-06-12T23-22-34-019ebfa5-7d5b-76a2-94b7-fb066ce0b27a:2941,codex:rollout-2026-06-12T23-22-34-019ebfa5-7d5b-76a2-94b7-fb066ce0b27a:2942,47489,47490,1,1,1,0,0,0,0,0
ActPlane,3dae89cd06ae,complete,codex:rollout-2026-06-12T23-22-34-019ebfa5-7d5b-76a2-94b7-fb066ce0b27a:2942,codex:rollout-2026-06-12T23-22-34-019ebfa5-7d5b-76a2-94b7-fb066ce0b27a:2950,47490,47498,8,90838,1,0,0,0,0,0
ActPlane,3dae89cd06ae,complete,codex:rollout-2026-06-12T23-22-34-019ebfa5-7d5b-76a2-94b7-fb066ce0b27a:2950,codex:rollout-2026-06-12T23-22-34-019ebfa5-7d5b-76a2-94b7-fb066ce0b27a:2951,47498,47499,1,33,1,0,0,0,0,0
ActPlane,3dae89cd06ae,complete,codex:rollout-2026-06-12T23-22-34-019ebfa5-7d5b-76a2-94b7-fb066ce0b27a:2951,codex:rollout-2026-06-12T23-22-34-019ebfa5-7d5b-76a2-94b7-fb066ce0b27a:2992,47499,47540,41,319279,1,0,0,1,1,0
ActPlane,3dae89cd06ae,complete,codex:rollout-2026-06-12T23-22-34-019ebfa5-7d5b-76a2-94b7-fb066ce0b27a:2992,codex:rollout-2026-06-12T23-22-34-019ebfa5-7d5b-76a2-94b7-fb066ce0b27a:2993,47540,47541,1,121,1,0,0,0,0,0
ActPlane,3dae89cd06ae,complete,codex:rollout-2026-06-12T23-22-34-019ebfa5-7d5b-76a2-94b7-fb066ce0b27a:2993,codex:rollout-2026-06-12T23-22-34-019ebfa5-7d5b-76a2-94b7-fb066ce0b27a:2995,47541,47543,2,12626,1,0,0,0,0,0
ActPlane,3dae89cd06ae,complete,codex:rollout-2026-06-12T23-22-34-019ebfa5-7d5b-76a2-94b7-fb066ce0b27a:2995,codex:rollout-2026-06-12T23-22-34-019ebfa5-7d5b-76a2-94b7-fb066ce0b27a:3023,47543,47571,28,250526,1,0,0,0,3,0
ActPlane,3dae89cd06ae,complete,codex:rollout-2026-06-12T23-22-34-019ebfa5-7d5b-76a2-94b7-fb066ce0b27a:3023,codex:rollout-2026-06-12T23-22-34-019ebfa5-7d5b-76a2-94b7-fb066ce0b27a:3024,47571,47572,1,63,1,0,0,0,0,0
ActPlane,3dae89cd06ae,complete,codex:rollout-2026-06-12T23-22-34-019ebfa5-7d5b-76a2-94b7-fb066ce0b27a:3024,codex:rollout-2026-06-12T23-22-34-019ebfa5-7d5b-76a2-94b7-fb066ce0b27a:3029,47572,47577,5,44776,1,0,0,0,2,0
ActPlane,3dae89cd06ae,complete,codex:rollout-2026-06-12T23-22-34-019ebfa5-7d5b-76a2-94b7-fb066ce0b27a:3029,codex:rollout-2026-06-12T23-22-34-019ebfa5-7d5b-76a2-94b7-fb066ce0b27a:3040,47577,47588,11,97095,1,0,0,0,0,0
ActPlane,3dae89cd06ae,complete,codex:rollout-2026-06-12T23-22-34-019ebfa5-7d5b-76a2-94b7-fb066ce0b27a:3040,codex:rollout-2026-06-12T23-22-34-019ebfa5-7d5b-76a2-94b7-fb066ce0b27a:3041,47588,47589,1,6259,1,0,0,0,0,0
ActPlane,3dae89cd06ae,complete,codex:rollout-2026-06-12T23-22-34-019ebfa5-7d5b-76a2-94b7-fb066ce0b27a:3041,codex:rollout-2026-06-12T23-22-34-019ebfa5-7d5b-76a2-94b7-fb066ce0b27a:3042,47589,47590,1,4448,1,0,0,0,0,0
ActPlane,3dae89cd06ae,complete,codex:rollout-2026-06-12T23-22-34-019ebfa5-7d5b-76a2-94b7-fb066ce0b27a:3042,codex:rollout-2026-06-12T23-22-34-019ebfa5-7d5b-76a2-94b7-fb066ce0b27a:3072,47590,47620,30,267093,1,0,0,1,0,0
ActPlane,3dae89cd06ae,complete,codex:rollout-2026-06-12T23-22-34-019ebfa5-7d5b-76a2-94b7-fb066ce0b27a:3072,codex:rollout-2026-06-12T23-22-34-019ebfa5-7d5b-76a2-94b7-fb066ce0b27a:3074,47620,47622,2,7388,1,0,0,0,0,0
ActPlane,3dae89cd06ae,complete,codex:rollout-2026-06-12T23-22-34-019ebfa5-7d5b-76a2-94b7-fb066ce0b27a:3074,codex:rollout-2026-06-12T23-22-34-019ebfa5-7d5b-76a2-94b7-fb066ce0b27a:3075,47622,47623,1,6122,1,0,0,0,0,0
ActPlane,3dae89cd06ae,complete,codex:rollout-2026-06-12T23-22-34-019ebfa5-7d5b-76a2-94b7-fb066ce0b27a:3075,codex:rollout-2026-06-12T23-22-34-019ebfa5-7d5b-76a2-94b7-fb066ce0b27a:3082,47623,47630,7,38332,1,0,0,0,0,0
ActPlane,3dae89cd06ae,complete,codex:rollout-2026-06-12T23-22-34-019ebfa5-7d5b-76a2-94b7-fb066ce0b27a:3082,codex:rollout-2026-06-12T23-22-34-019ebfa5-7d5b-76a2-94b7-fb066ce0b27a:3083,47630,47631,1,11,1,0,0,0,0,0
ActPlane,3dae89cd06ae,complete,codex:rollout-2026-06-12T23-22-34-019ebfa5-7d5b-76a2-94b7-fb066ce0b27a:3083,codex:rollout-2026-06-12T23-22-34-019ebfa5-7d5b-76a2-94b7-fb066ce0b27a:3141,47631,47689,58,359061,1,0,0,0,0,0
ActPlane,3dae89cd06ae,complete,codex:rollout-2026-06-12T23-22-34-019ebfa5-7d5b-76a2-94b7-fb066ce0b27a:3141,codex:rollout-2026-06-12T23-22-34-019ebfa5-7d5b-76a2-94b7-fb066ce0b27a:3142,47689,47690,1,0,1,0,0,0,0,0
ActPlane,3dae89cd06ae,complete,codex:rollout-2026-06-12T23-22-34-019ebfa5-7d5b-76a2-94b7-fb066ce0b27a:3142,codex:rollout-2026-06-12T23-22-34-019ebfa5-7d5b-76a2-94b7-fb066ce0b27a:3143,47690,47691,1,1,1,0,0,0,0,0
ActPlane,3dae89cd06ae,complete,codex:rollout-2026-06-12T23-22-34-019ebfa5-7d5b-76a2-94b7-fb066ce0b27a:3143,codex:rollout-2026-06-12T23-22-34-019ebfa5-7d5b-76a2-94b7-fb066ce0b27a:3196,47691,47744,53,350164,1,0,0,1,0,0
ActPlane,3dae89cd06ae,complete,codex:rollout-2026-06-12T23-22-34-019ebfa5-7d5b-76a2-94b7-fb066ce0b27a:3196,codex:rollout-2026-06-12T23-22-34-019ebfa5-7d5b-76a2-94b7-fb066ce0b27a:3197,47744,47745,1,12,1,0,0,0,0,0
ActPlane,3dae89cd06ae,complete,codex:rollout-2026-06-12T23-22-34-019ebfa5-7d5b-76a2-94b7-fb066ce0b27a:3197,codex:rollout-2026-06-12T23-22-34-019ebfa5-7d5b-76a2-94b7-fb066ce0b27a:3198,47745,47746,1,40,1,0,0,0,0,0
ActPlane,3dae89cd06ae,complete,codex:rollout-2026-06-12T23-22-34-019ebfa5-7d5b-76a2-94b7-fb066ce0b27a:3198,codex:rollout-2026-06-12T23-22-34-019ebfa5-7d5b-76a2-94b7-fb066ce0b27a:3200,47746,47748,2,10282,1,0,0,0,0,0
ActPlane,3dae89cd06ae,complete,codex:rollout-2026-06-12T23-22-34-019ebfa5-7d5b-76a2-94b7-fb066ce0b27a:3200,codex:rollout-2026-06-12T23-22-34-019ebfa5-7d5b-76a2-94b7-fb066ce0b27a:3201,47748,47749,1,5942,1,0,0,0,0,0
ActPlane,3dae89cd06ae,complete,codex:rollout-2026-06-12T23-22-34-019ebfa5-7d5b-76a2-94b7-fb066ce0b27a:3201,codex:rollout-2026-06-12T23-22-34-019ebfa5-7d5b-76a2-94b7-fb066ce0b27a:3202,47749,47750,1,10205,1,0,0,0,0,0
ActPlane,3dae89cd06ae,complete,codex:rollout-2026-06-12T23-22-34-019ebfa5-7d5b-76a2-94b7-fb066ce0b27a:3202,codex:rollout-2026-06-12T23-22-34-019ebfa5-7d5b-76a2-94b7-fb066ce0b27a:3203,47750,47751,1,65,1,0,0,0,0,0
ActPlane,3dae89cd06ae,complete,codex:rollout-2026-06-12T23-22-34-019ebfa5-7d5b-76a2-94b7-fb066ce0b27a:3203,codex:rollout-2026-06-12T23-22-34-019ebfa5-7d5b-76a2-94b7-fb066ce0b27a:3213,47751,47761,10,58020,1,0,0,0,0,0
ActPlane,3dae89cd06ae,complete,codex:rollout-2026-06-12T23-22-34-019ebfa5-7d5b-76a2-94b7-fb066ce0b27a:3213,codex:rollout-2026-06-12T23-22-34-019ebfa5-7d5b-76a2-94b7-fb066ce0b27a:3214,47761,47762,1,14958,1,0,0,0,0,0
ActPlane,3dae89cd06ae,complete,codex:rollout-2026-06-12T23-22-34-019ebfa5-7d5b-76a2-94b7-fb066ce0b27a:3214,codex:rollout-2026-06-12T23-22-34-019ebfa5-7d5b-76a2-94b7-fb066ce0b27a:3228,47762,47776,14,133119,1,0,0,1,0,0
ActPlane,3dae89cd06ae,complete,codex:rollout-2026-06-12T23-22-34-019ebfa5-7d5b-76a2-94b7-fb066ce0b27a:3228,codex:rollout-2026-06-12T23-22-34-019ebfa5-7d5b-76a2-94b7-fb066ce0b27a:3229,47776,47777,1,32,1,0,0,0,0,0
ActPlane,3dae89cd06ae,complete,codex:rollout-2026-06-12T23-22-34-019ebfa5-7d5b-76a2-94b7-fb066ce0b27a:3229,codex:rollout-2026-06-12T23-22-34-019ebfa5-7d5b-76a2-94b7-fb066ce0b27a:3238,47777,47786,9,101707,1,0,0,0,1,0
ActPlane,3dae89cd06ae,complete,codex:rollout-2026-06-12T23-22-34-019ebfa5-7d5b-76a2-94b7-fb066ce0b27a:3238,codex:rollout-2026-06-12T23-22-34-019ebfa5-7d5b-76a2-94b7-fb066ce0b27a:3239,47786,47787,1,13551,1,0,0,0,0,0
ActPlane,3dae89cd06ae,complete,codex:rollout-2026-06-12T23-22-34-019ebfa5-7d5b-76a2-94b7-fb066ce0b27a:3239,codex:rollout-2026-06-12T23-22-34-019ebfa5-7d5b-76a2-94b7-fb066ce0b27a:3246,47787,47794,7,161599,1,0,0,0,2,0
ActPlane,3dae89cd06ae,complete,codex:rollout-2026-06-12T23-22-34-019ebfa5-7d5b-76a2-94b7-fb066ce0b27a:3246,codex:rollout-2026-06-12T23-22-34-019ebfa5-7d5b-76a2-94b7-fb066ce0b27a:3247,47794,47795,1,12964,1,0,0,0,0,0
ActPlane,3dae89cd06ae,complete,codex:rollout-2026-06-12T23-22-34-019ebfa5-7d5b-76a2-94b7-fb066ce0b27a:3247,codex:rollout-2026-06-12T23-22-34-019ebfa5-7d5b-76a2-94b7-fb066ce0b27a:3248,47795,47796,1,1,1,0,0,0,0,0
ActPlane,3dae89cd06ae,complete,codex:rollout-2026-06-12T23-22-34-019ebfa5-7d5b-76a2-94b7-fb066ce0b27a:3248,codex:rollout-2026-06-12T23-22-34-019ebfa5-7d5b-76a2-94b7-fb066ce0b27a:3249,47796,47797,1,237,1,0,0,0,0,0
ActPlane,3dae89cd06ae,complete,codex:rollout-2026-06-12T23-22-34-019ebfa5-7d5b-76a2-94b7-fb066ce0b27a:3249,codex:rollout-2026-06-12T23-22-34-019ebfa5-7d5b-76a2-94b7-fb066ce0b27a:3278,47797,47826,29,254410,1,0,0,1,0,0
ActPlane,3dae89cd06ae,complete,codex:rollout-2026-06-12T23-22-34-019ebfa5-7d5b-76a2-94b7-fb066ce0b27a:3278,codex:rollout-2026-06-12T23-22-34-019ebfa5-7d5b-76a2-94b7-fb066ce0b27a:3279,47826,47827,1,1,1,0,0,0,0,0
ActPlane,3dae89cd06ae,complete,codex:rollout-2026-06-12T23-22-34-019ebfa5-7d5b-76a2-94b7-fb066ce0b27a:3279,codex:rollout-2026-06-12T23-22-34-019ebfa5-7d5b-76a2-94b7-fb066ce0b27a:3280,47827,47828,1,43,1,0,0,0,0,0
ActPlane,3dae89cd06ae,complete,codex:rollout-2026-06-12T23-22-34-019ebfa5-7d5b-76a2-94b7-fb066ce0b27a:3280,codex:rollout-2026-06-12T23-22-34-019ebfa5-7d5b-76a2-94b7-fb066ce0b27a:3282,47828,47830,2,10004,1,0,0,0,0,0
ActPlane,3dae89cd06ae,complete,codex:rollout-2026-06-12T23-22-34-019ebfa5-7d5b-76a2-94b7-fb066ce0b27a:3282,codex:rollout-2026-06-12T23-22-34-019ebfa5-7d5b-76a2-94b7-fb066ce0b27a:3283,47830,47831,1,8873,1,0,0,0,0,0
ActPlane,3dae89cd06ae,complete,codex:rollout-2026-06-12T23-22-34-019ebfa5-7d5b-76a2-94b7-fb066ce0b27a:3283,codex:rollout-2026-06-12T23-22-34-019ebfa5-7d5b-76a2-94b7-fb066ce0b27a:3284,47831,47832,1,11394,1,0,0,0,0,0
ActPlane,3dae89cd06ae,complete,codex:rollout-2026-06-12T23-22-34-019ebfa5-7d5b-76a2-94b7-fb066ce0b27a:3284,codex:rollout-2026-06-12T23-22-34-019ebfa5-7d5b-76a2-94b7-fb066ce0b27a:3285,47832,47833,1,1,1,0,0,0,0,0
ActPlane,3dae89cd06ae,complete,codex:rollout-2026-06-12T23-22-34-019ebfa5-7d5b-76a2-94b7-fb066ce0b27a:3285,codex:rollout-2026-06-12T23-22-34-019ebfa5-7d5b-76a2-94b7-fb066ce0b27a:3286,47833,47834,1,147,1,0,0,0,0,0
ActPlane,3dae89cd06ae,complete,codex:rollout-2026-06-12T23-22-34-019ebfa5-7d5b-76a2-94b7-fb066ce0b27a:3286,codex:rollout-2026-06-12T23-22-34-019ebfa5-7d5b-76a2-94b7-fb066ce0b27a:3325,47834,47873,39,301735,1,0,0,0,0,0
ActPlane,3dae89cd06ae,complete,codex:rollout-2026-06-12T23-22-34-019ebfa5-7d5b-76a2-94b7-fb066ce0b27a:3325,codex:rollout-2026-06-12T23-22-34-019ebfa5-7d5b-76a2-94b7-fb066ce0b27a:3326,47873,47874,1,7442,1,0,0,0,0,0
ActPlane,3dae89cd06ae,complete,codex:rollout-2026-06-12T23-22-34-019ebfa5-7d5b-76a2-94b7-fb066ce0b27a:3326,codex:rollout-2026-06-12T23-22-34-019ebfa5-7d5b-76a2-94b7-fb066ce0b27a:3341,47874,47889,15,74427,1,0,0,1,0,0
ActPlane,3dae89cd06ae,complete,codex:rollout-2026-06-12T23-22-34-019ebfa5-7d5b-76a2-94b7-fb066ce0b27a:3341,codex:rollout-2026-06-12T23-22-34-019ebfa5-7d5b-76a2-94b7-fb066ce0b27a:3349,47889,47897,8,40645,1,0,0,0,0,0
ActPlane,3dae89cd06ae,complete,codex:rollout-2026-06-12T23-22-34-019ebfa5-7d5b-76a2-94b7-fb066ce0b27a:3349,codex:rollout-2026-06-12T23-22-34-019ebfa5-7d5b-76a2-94b7-fb066ce0b27a:3350,47897,47898,1,0,1,0,0,0,0,0
ActPlane,3dae89cd06ae,complete,codex:rollout-2026-06-12T23-22-34-019ebfa5-7d5b-76a2-94b7-fb066ce0b27a:3350,codex:rollout-2026-06-12T23-22-34-019ebfa5-7d5b-76a2-94b7-fb066ce0b27a:3351,47898,47899,1,1,1,0,0,0,0,0
ActPlane,3dae89cd06ae,complete,codex:rollout-2026-06-12T23-22-34-019ebfa5-7d5b-76a2-94b7-fb066ce0b27a:3351,codex:rollout-2026-06-12T23-22-34-019ebfa5-7d5b-76a2-94b7-fb066ce0b27a:3391,47899,47939,40,314151,1,0,0,0,0,0
ActPlane,3dae89cd06ae,complete,codex:rollout-2026-06-12T23-22-34-019ebfa5-7d5b-76a2-94b7-fb066ce0b27a:3391,codex:rollout-2026-06-12T23-22-34-019ebfa5-7d5b-76a2-94b7-fb066ce0b27a:3395,47939,47943,4,49346,1,0,0,0,0,0
ActPlane,3dae89cd06ae,complete,codex:rollout-2026-06-12T23-22-34-019ebfa5-7d5b-76a2-94b7-fb066ce0b27a:3395,codex:rollout-2026-06-12T23-22-34-019ebfa5-7d5b-76a2-94b7-fb066ce0b27a:3404,47943,47952,9,52335,1,0,0,0,0,0
ActPlane,3dae89cd06ae,complete,codex:rollout-2026-06-12T23-22-34-019ebfa5-7d5b-76a2-94b7-fb066ce0b27a:3404,codex:rollout-2026-06-12T23-22-34-019ebfa5-7d5b-76a2-94b7-fb066ce0b27a:3405,47952,47953,1,1,1,0,0,0,0,0
ActPlane,3dae89cd06ae,complete,codex:rollout-2026-06-12T23-22-34-019ebfa5-7d5b-76a2-94b7-fb066ce0b27a:3405,codex:rollout-2026-06-12T23-22-34-019ebfa5-7d5b-76a2-94b7-fb066ce0b27a:3406,47953,47954,1,0,1,0,0,0,0,0
ActPlane,3dae89cd06ae,complete,codex:rollout-2026-06-12T23-22-34-019ebfa5-7d5b-76a2-94b7-fb066ce0b27a:3406,codex:rollout-2026-06-12T23-22-34-019ebfa5-7d5b-76a2-94b7-fb066ce0b27a:3429,47954,47977,23,143308,1,0,0,0,0,0
ActPlane,3dae89cd06ae,complete,codex:rollout-2026-06-12T23-22-34-019ebfa5-7d5b-76a2-94b7-fb066ce0b27a:3429,codex:rollout-2026-06-12T23-22-34-019ebfa5-7d5b-76a2-94b7-fb066ce0b27a:3430,47977,47978,1,0,1,0,0,0,0,0
ActPlane,3dae89cd06ae,complete,codex:rollout-2026-06-12T23-22-34-019ebfa5-7d5b-76a2-94b7-fb066ce0b27a:3430,codex:rollout-2026-06-12T23-22-34-019ebfa5-7d5b-76a2-94b7-fb066ce0b27a:3431,47978,47979,1,276,1,0,0,0,0,0
ActPlane,3dae89cd06ae,complete,codex:rollout-2026-06-12T23-22-34-019ebfa5-7d5b-76a2-94b7-fb066ce0b27a:3431,codex:rollout-2026-06-12T23-22-34-019ebfa5-7d5b-76a2-94b7-fb066ce0b27a:3432,47979,47980,1,10937,1,0,0,0,0,0
ActPlane,3dae89cd06ae,complete,codex:rollout-2026-06-12T23-22-34-019ebfa5-7d5b-76a2-94b7-fb066ce0b27a:3432,codex:rollout-2026-06-12T23-22-34-019ebfa5-7d5b-76a2-94b7-fb066ce0b27a:3433,47980,47981,1,38,1,0,0,0,0,0
ActPlane,3dae89cd06ae,complete,codex:rollout-2026-06-12T23-22-34-019ebfa5-7d5b-76a2-94b7-fb066ce0b27a:3433,codex:rollout-2026-06-12T23-22-34-019ebfa5-7d5b-76a2-94b7-fb066ce0b27a:3434,47981,47982,1,2,1,0,0,0,0,0
ActPlane,3dae89cd06ae,complete,codex:rollout-2026-06-12T23-22-34-019ebfa5-7d5b-76a2-94b7-fb066ce0b27a:3434,codex:rollout-2026-06-12T23-22-34-019ebfa5-7d5b-76a2-94b7-fb066ce0b27a:3478,47982,48026,44,307409,1,0,0,1,0,0
ActPlane,3dae89cd06ae,complete,codex:rollout-2026-06-12T23-22-34-019ebfa5-7d5b-76a2-94b7-fb066ce0b27a:3478,codex:rollout-2026-06-12T23-22-34-019ebfa5-7d5b-76a2-94b7-fb066ce0b27a:3479,48026,48027,1,10272,1,0,0,0,0,0
ActPlane,3dae89cd06ae,complete,codex:rollout-2026-06-12T23-22-34-019ebfa5-7d5b-76a2-94b7-fb066ce0b27a:3479,codex:rollout-2026-06-12T23-22-34-019ebfa5-7d5b-76a2-94b7-fb066ce0b27a:3480,48027,48028,1,63,1,0,0,0,0,0
ActPlane,3dae89cd06ae,complete,codex:rollout-2026-06-12T23-22-34-019ebfa5-7d5b-76a2-94b7-fb066ce0b27a:3480,codex:rollout-2026-06-12T23-22-34-019ebfa5-7d5b-76a2-94b7-fb066ce0b27a:3489,48028,48037,9,54848,1,0,0,0,0,0
ActPlane,3dae89cd06ae,complete,codex:rollout-2026-06-12T23-22-34-019ebfa5-7d5b-76a2-94b7-fb066ce0b27a:3489,codex:rollout-2026-06-12T23-22-34-019ebfa5-7d5b-76a2-94b7-fb066ce0b27a:3515,48037,48063,26,470417,1,0,0,3,0,0
ActPlane,3dae89cd06ae,complete,codex:rollout-2026-06-12T23-22-34-019ebfa5-7d5b-76a2-94b7-fb066ce0b27a:3515,codex:rollout-2026-06-12T23-22-34-019ebfa5-7d5b-76a2-94b7-fb066ce0b27a:3516,48063,48064,1,63,1,0,0,0,0,0
ActPlane,3dae89cd06ae,complete,codex:rollout-2026-06-12T23-22-34-019ebfa5-7d5b-76a2-94b7-fb066ce0b27a:3516,codex:rollout-2026-06-12T23-22-34-019ebfa5-7d5b-76a2-94b7-fb066ce0b27a:3520,48064,48068,4,23533,1,0,0,0,0,0
ActPlane,3dae89cd06ae,complete,codex:rollout-2026-06-12T23-22-34-019ebfa5-7d5b-76a2-94b7-fb066ce0b27a:3520,codex:rollout-2026-06-12T23-22-34-019ebfa5-7d5b-76a2-94b7-fb066ce0b27a:3521,48068,48069,1,1,1,0,0,0,0,0
ActPlane,3dae89cd06ae,complete,codex:rollout-2026-06-12T23-22-34-019ebfa5-7d5b-76a2-94b7-fb066ce0b27a:3521,codex:rollout-2026-06-12T23-22-34-019ebfa5-7d5b-76a2-94b7-fb066ce0b27a:3544,48069,48092,23,160966,1,0,0,0,0,0
ActPlane,3dae89cd06ae,complete,codex:rollout-2026-06-12T23-22-34-019ebfa5-7d5b-76a2-94b7-fb066ce0b27a:3544,codex:rollout-2026-06-12T23-22-34-019ebfa5-7d5b-76a2-94b7-fb066ce0b27a:3545,48092,48093,1,41,1,0,0,0,0,0
ActPlane,3dae89cd06ae,complete,codex:rollout-2026-06-12T23-22-34-019ebfa5-7d5b-76a2-94b7-fb066ce0b27a:3545,codex:rollout-2026-06-12T23-22-34-019ebfa5-7d5b-76a2-94b7-fb066ce0b27a:3547,48093,48095,2,26912,1,0,0,0,0,0
ActPlane,3dae89cd06ae,complete,codex:rollout-2026-06-12T23-22-34-019ebfa5-7d5b-76a2-94b7-fb066ce0b27a:3547,codex:rollout-2026-06-12T23-22-34-019ebfa5-7d5b-76a2-94b7-fb066ce0b27a:3548,48095,48096,1,0,1,0,0,0,0,0
ActPlane,3dae89cd06ae,complete,codex:rollout-2026-06-12T23-22-34-019ebfa5-7d5b-76a2-94b7-fb066ce0b27a:3548,codex:rollout-2026-06-12T23-22-34-019ebfa5-7d5b-76a2-94b7-fb066ce0b27a:3563,48096,48111,15,72688,1,0,0,1,0,0
ActPlane,3dae89cd06ae,complete,codex:rollout-2026-06-12T23-22-34-019ebfa5-7d5b-76a2-94b7-fb066ce0b27a:3563,codex:rollout-2026-06-12T23-22-34-019ebfa5-7d5b-76a2-94b7-fb066ce0b27a:3564,48111,48112,1,15,1,0,0,0,0,0
ActPlane,3dae89cd06ae,complete,codex:rollout-2026-06-12T23-22-34-019ebfa5-7d5b-76a2-94b7-fb066ce0b27a:3564,codex:rollout-2026-06-12T23-22-34-019ebfa5-7d5b-76a2-94b7-fb066ce0b27a:3565,48112,48113,1,26,1,0,0,0,0,0
ActPlane,3dae89cd06ae,complete,codex:rollout-2026-06-12T23-22-34-019ebfa5-7d5b-76a2-94b7-fb066ce0b27a:3565,codex:rollout-2026-06-12T23-22-34-019ebfa5-7d5b-76a2-94b7-fb066ce0b27a:3574,48113,48122,9,64373,1,0,0,0,0,0
ActPlane,3dae89cd06ae,complete,codex:rollout-2026-06-12T23-22-34-019ebfa5-7d5b-76a2-94b7-fb066ce0b27a:3574,codex:rollout-2026-06-12T23-22-34-019ebfa5-7d5b-76a2-94b7-fb066ce0b27a:3575,48122,48123,1,0,1,0,0,0,0,0
ActPlane,3dae89cd06ae,complete,codex:rollout-2026-06-12T23-22-34-019ebfa5-7d5b-76a2-94b7-fb066ce0b27a:3575,codex:rollout-2026-06-12T23-22-34-019ebfa5-7d5b-76a2-94b7-fb066ce0b27a:3576,48123,48124,1,1,1,0,0,0,0,0
ActPlane,3dae89cd06ae,complete,codex:rollout-2026-06-12T23-22-34-019ebfa5-7d5b-76a2-94b7-fb066ce0b27a:3576,codex:rollout-2026-06-12T23-22-34-019ebfa5-7d5b-76a2-94b7-fb066ce0b27a:3583,48124,48131,7,49603,1,0,0,0,0,0
ActPlane,3dae89cd06ae,complete,codex:rollout-2026-06-12T23-22-34-019ebfa5-7d5b-76a2-94b7-fb066ce0b27a:3583,codex:rollout-2026-06-12T23-22-34-019ebfa5-7d5b-76a2-94b7-fb066ce0b27a:3584,48131,48132,1,0,1,0,0,0,0,0
ActPlane,3dae89cd06ae,complete,codex:rollout-2026-06-12T23-22-34-019ebfa5-7d5b-76a2-94b7-fb066ce0b27a:3584,codex:rollout-2026-06-12T23-22-34-019ebfa5-7d5b-76a2-94b7-fb066ce0b27a:3594,48132,48142,10,69249,1,0,0,0,0,0
ActPlane,3dae89cd06ae,complete,codex:rollout-2026-06-12T23-22-34-019ebfa5-7d5b-76a2-94b7-fb066ce0b27a:3594,codex:rollout-2026-06-12T23-22-34-019ebfa5-7d5b-76a2-94b7-fb066ce0b27a:3611,48142,48159,17,129873,1,0,0,0,0,0
ActPlane,3dae89cd06ae,complete,codex:rollout-2026-06-12T23-22-34-019ebfa5-7d5b-76a2-94b7-fb066ce0b27a:3611,codex:rollout-2026-06-12T23-22-34-019ebfa5-7d5b-76a2-94b7-fb066ce0b27a:3612,48159,48160,1,37,1,0,0,0,0,0
ActPlane,3dae89cd06ae,complete,codex:rollout-2026-06-12T23-22-34-019ebfa5-7d5b-76a2-94b7-fb066ce0b27a:3612,codex:rollout-2026-06-12T23-22-34-019ebfa5-7d5b-76a2-94b7-fb066ce0b27a:3613,48160,48161,1,14640,1,0,0,0,0,0
ActPlane,3dae89cd06ae,complete,codex:rollout-2026-06-12T23-22-34-019ebfa5-7d5b-76a2-94b7-fb066ce0b27a:3613,codex:rollout-2026-06-12T23-22-34-019ebfa5-7d5b-76a2-94b7-fb066ce0b27a:3619,48161,48167,6,40873,1,0,0,0,0,0
ActPlane,3dae89cd06ae,complete,codex:rollout-2026-06-12T23-22-34-019ebfa5-7d5b-76a2-94b7-fb066ce0b27a:3619,codex:rollout-2026-06-12T23-22-34-019ebfa5-7d5b-76a2-94b7-fb066ce0b27a:3670,48167,48218,51,376496,1,0,0,0,0,0
ActPlane,3dae89cd06ae,complete,codex:rollout-2026-06-12T23-22-34-019ebfa5-7d5b-76a2-94b7-fb066ce0b27a:3670,codex:rollout-2026-06-12T23-22-34-019ebfa5-7d5b-76a2-94b7-fb066ce0b27a:3673,48218,48221,3,29838,1,0,0,1,0,0
ActPlane,3dae89cd06ae,complete,codex:rollout-2026-06-12T23-22-34-019ebfa5-7d5b-76a2-94b7-fb066ce0b27a:3673,codex:rollout-2026-06-12T23-22-34-019ebfa5-7d5b-76a2-94b7-fb066ce0b27a:3674,48221,48222,1,6347,1,0,0,0,0,0
ActPlane,3dae89cd06ae,complete,codex:rollout-2026-06-12T23-22-34-019ebfa5-7d5b-76a2-94b7-fb066ce0b27a:3674,codex:rollout-2026-06-12T23-22-34-019ebfa5-7d5b-76a2-94b7-fb066ce0b27a:3675,48222,48223,1,6168,1,0,0,0,0,0
ActPlane,3dae89cd06ae,complete,codex:rollout-2026-06-12T23-22-34-019ebfa5-7d5b-76a2-94b7-fb066ce0b27a:3675,codex:rollout-2026-06-12T23-22-34-019ebfa5-7d5b-76a2-94b7-fb066ce0b27a:3676,48223,48224,1,12,1,0,0,0,0,0
ActPlane,3dae89cd06ae,complete,codex:rollout-2026-06-12T23-22-34-019ebfa5-7d5b-76a2-94b7-fb066ce0b27a:3676,codex:rollout-2026-06-12T23-22-34-019ebfa5-7d5b-76a2-94b7-fb066ce0b27a:3683,48224,48231,7,53368,1,0,0,0,0,0
ActPlane,3dae89cd06ae,complete,codex:rollout-2026-06-12T23-22-34-019ebfa5-7d5b-76a2-94b7-fb066ce0b27a:3683,codex:rollout-2026-06-12T23-22-34-019ebfa5-7d5b-76a2-94b7-fb066ce0b27a:3684,48231,48232,1,43,1,0,0,0,0,0
ActPlane,3dae89cd06ae,complete,codex:rollout-2026-06-12T23-22-34-019ebfa5-7d5b-76a2-94b7-fb066ce0b27a:3684,codex:rollout-2026-06-12T23-22-34-019ebfa5-7d5b-76a2-94b7-fb066ce0b27a:3686,48232,48234,2,16779,1,0,0,0,0,0
ActPlane,3dae89cd06ae,complete,codex:rollout-2026-06-12T23-22-34-019ebfa5-7d5b-76a2-94b7-fb066ce0b27a:3686,codex:rollout-2026-06-12T23-22-34-019ebfa5-7d5b-76a2-94b7-fb066ce0b27a:3687,48234,48235,1,1,1,0,0,0,0,0
ActPlane,3dae89cd06ae,complete,codex:rollout-2026-06-12T23-22-34-019ebfa5-7d5b-76a2-94b7-fb066ce0b27a:3687,codex:rollout-2026-06-12T23-22-34-019ebfa5-7d5b-76a2-94b7-fb066ce0b27a:3688,48235,48236,1,17,1,0,0,0,0,0
ActPlane,3dae89cd06ae,complete,codex:rollout-2026-06-12T23-22-34-019ebfa5-7d5b-76a2-94b7-fb066ce0b27a:3688,codex:rollout-2026-06-12T23-22-34-019ebfa5-7d5b-76a2-94b7-fb066ce0b27a:3689,48236,48237,1,6819,1,0,0,0,0,0
ActPlane,3dae89cd06ae,complete,codex:rollout-2026-06-12T23-22-34-019ebfa5-7d5b-76a2-94b7-fb066ce0b27a:3689,codex:rollout-2026-06-12T23-22-34-019ebfa5-7d5b-76a2-94b7-fb066ce0b27a:3697,48237,48245,8,44425,1,0,0,0,0,0
ActPlane,3dae89cd06ae,complete,codex:rollout-2026-06-12T23-22-34-019ebfa5-7d5b-76a2-94b7-fb066ce0b27a:3697,codex:rollout-2026-06-12T23-22-34-019ebfa5-7d5b-76a2-94b7-fb066ce0b27a:3698,48245,48246,1,16,1,0,0,0,0,0
ActPlane,3dae89cd06ae,complete,codex:rollout-2026-06-12T23-22-34-019ebfa5-7d5b-76a2-94b7-fb066ce0b27a:3698,codex:rollout-2026-06-12T23-22-34-019ebfa5-7d5b-76a2-94b7-fb066ce0b27a:3732,48246,48280,34,390140,1,0,0,1,1,0
ActPlane,3dae89cd06ae,complete,codex:rollout-2026-06-12T23-22-34-019ebfa5-7d5b-76a2-94b7-fb066ce0b27a:3732,codex:rollout-2026-06-12T23-22-34-019ebfa5-7d5b-76a2-94b7-fb066ce0b27a:3734,48280,48282,2,8522,1,0,0,0,0,0
ActPlane,3dae89cd06ae,complete,codex:rollout-2026-06-12T23-22-34-019ebfa5-7d5b-76a2-94b7-fb066ce0b27a:3734,codex:rollout-2026-06-12T23-22-34-019ebfa5-7d5b-76a2-94b7-fb066ce0b27a:3735,48282,48283,1,0,1,0,0,0,0,0
ActPlane,3dae89cd06ae,complete,codex:rollout-2026-06-12T23-22-34-019ebfa5-7d5b-76a2-94b7-fb066ce0b27a:3735,codex:rollout-2026-06-12T23-22-34-019ebfa5-7d5b-76a2-94b7-fb066ce0b27a:3736,48283,48284,1,4,1,0,0,0,0,0
ActPlane,3dae89cd06ae,complete,codex:rollout-2026-06-12T23-22-34-019ebfa5-7d5b-76a2-94b7-fb066ce0b27a:3736,codex:rollout-2026-06-12T23-22-34-019ebfa5-7d5b-76a2-94b7-fb066ce0b27a:3737,48284,48285,1,37,1,0,0,0,0,0
ActPlane,3dae89cd06ae,complete,codex:rollout-2026-06-12T23-22-34-019ebfa5-7d5b-76a2-94b7-fb066ce0b27a:3737,codex:rollout-2026-06-12T23-22-34-019ebfa5-7d5b-76a2-94b7-fb066ce0b27a:3751,48285,48299,14,308925,1,0,0,0,1,0
ActPlane,3dae89cd06ae,complete,codex:rollout-2026-06-12T23-22-34-019ebfa5-7d5b-76a2-94b7-fb066ce0b27a:3751,codex:rollout-2026-06-12T23-22-34-019ebfa5-7d5b-76a2-94b7-fb066ce0b27a:3770,48299,48318,19,175646,1,0,0,0,0,0
ActPlane,3dae89cd06ae,complete,codex:rollout-2026-06-12T23-22-34-019ebfa5-7d5b-76a2-94b7-fb066ce0b27a:3770,codex:rollout-2026-06-12T23-22-34-019ebfa5-7d5b-76a2-94b7-fb066ce0b27a:3771,48318,48319,1,195,1,0,0,0,0,0
ActPlane,3dae89cd06ae,complete,codex:rollout-2026-06-12T23-22-34-019ebfa5-7d5b-76a2-94b7-fb066ce0b27a:3771,codex:rollout-2026-06-12T23-22-34-019ebfa5-7d5b-76a2-94b7-fb066ce0b27a:3783,48319,48331,12,114256,1,0,0,0,0,0
ActPlane,3dae89cd06ae,complete,codex:rollout-2026-06-12T23-22-34-019ebfa5-7d5b-76a2-94b7-fb066ce0b27a:3783,codex:rollout-2026-06-12T23-22-34-019ebfa5-7d5b-76a2-94b7-fb066ce0b27a:3784,48331,48332,1,27,1,0,0,0,0,0
ActPlane,3dae89cd06ae,complete,codex:rollout-2026-06-12T23-22-34-019ebfa5-7d5b-76a2-94b7-fb066ce0b27a:3784,codex:rollout-2026-06-12T23-22-34-019ebfa5-7d5b-76a2-94b7-fb066ce0b27a:3798,48332,48346,14,64162,1,0,0,0,0,0
ActPlane,3dae89cd06ae,complete,codex:rollout-2026-06-12T23-22-34-019ebfa5-7d5b-76a2-94b7-fb066ce0b27a:3798,codex:rollout-2026-06-12T23-22-34-019ebfa5-7d5b-76a2-94b7-fb066ce0b27a:3801,48346,48349,3,17,1,0,0,1,0,0
ActPlane,3dae89cd06ae,complete,codex:rollout-2026-06-12T23-22-34-019ebfa5-7d5b-76a2-94b7-fb066ce0b27a:3801,codex:rollout-2026-06-12T23-22-34-019ebfa5-7d5b-76a2-94b7-fb066ce0b27a:3802,48349,48350,1,9156,1,0,0,0,0,0
ActPlane,3dae89cd06ae,complete,codex:rollout-2026-06-12T23-22-34-019ebfa5-7d5b-76a2-94b7-fb066ce0b27a:3802,codex:rollout-2026-06-12T23-22-34-019ebfa5-7d5b-76a2-94b7-fb066ce0b27a:3803,48350,48351,1,0,1,0,0,0,0,0
ActPlane,3dae89cd06ae,complete,codex:rollout-2026-06-12T23-22-34-019ebfa5-7d5b-76a2-94b7-fb066ce0b27a:3803,codex:rollout-2026-06-12T23-22-34-019ebfa5-7d5b-76a2-94b7-fb066ce0b27a:3804,48351,48352,1,0,1,0,0,0,0,0
ActPlane,3dae89cd06ae,complete,codex:rollout-2026-06-12T23-22-34-019ebfa5-7d5b-76a2-94b7-fb066ce0b27a:3804,codex:rollout-2026-06-12T23-22-34-019ebfa5-7d5b-76a2-94b7-fb066ce0b27a:3854,48352,48402,50,671612,1,0,0,0,0,0
ActPlane,3dae89cd06ae,complete,codex:rollout-2026-06-12T23-22-34-019ebfa5-7d5b-76a2-94b7-fb066ce0b27a:3854,codex:rollout-2026-06-12T23-22-34-019ebfa5-7d5b-76a2-94b7-fb066ce0b27a:3866,48402,48414,12,91917,1,0,0,0,0,0
ActPlane,3dae89cd06ae,complete,codex:rollout-2026-06-12T23-22-34-019ebfa5-7d5b-76a2-94b7-fb066ce0b27a:3866,codex:rollout-2026-06-12T23-22-34-019ebfa5-7d5b-76a2-94b7-fb066ce0b27a:3870,48414,48418,4,14239,1,0,0,1,0,0
ActPlane,3dae89cd06ae,complete,codex:rollout-2026-06-12T23-22-34-019ebfa5-7d5b-76a2-94b7-fb066ce0b27a:3870,codex:rollout-2026-06-12T23-22-34-019ebfa5-7d5b-76a2-94b7-fb066ce0b27a:3871,48418,48419,1,1,1,0,0,0,0,0
ActPlane,3dae89cd06ae,complete,codex:rollout-2026-06-12T23-22-34-019ebfa5-7d5b-76a2-94b7-fb066ce0b27a:3871,codex:rollout-2026-06-12T23-22-34-019ebfa5-7d5b-76a2-94b7-fb066ce0b27a:3876,48419,48424,5,84743,1,0,0,0,0,0
ActPlane,3dae89cd06ae,complete,codex:rollout-2026-06-12T23-22-34-019ebfa5-7d5b-76a2-94b7-fb066ce0b27a:3876,codex:rollout-2026-06-12T23-22-34-019ebfa5-7d5b-76a2-94b7-fb066ce0b27a:3877,48424,48425,1,10,1,0,0,0,0,0
ActPlane,3dae89cd06ae,complete,codex:rollout-2026-06-12T23-22-34-019ebfa5-7d5b-76a2-94b7-fb066ce0b27a:3877,codex:rollout-2026-06-12T23-22-34-019ebfa5-7d5b-76a2-94b7-fb066ce0b27a:3878,48425,48426,1,1,1,0,0,0,0,0
ActPlane,3dae89cd06ae,complete,codex:rollout-2026-06-12T23-22-34-019ebfa5-7d5b-76a2-94b7-fb066ce0b27a:3878,codex:rollout-2026-06-12T23-22-34-019ebfa5-7d5b-76a2-94b7-fb066ce0b27a:3879,48426,48427,1,28,1,0,0,0,0,0
ActPlane,3dae89cd06ae,complete,codex:rollout-2026-06-12T23-22-34-019ebfa5-7d5b-76a2-94b7-fb066ce0b27a:3879,codex:rollout-2026-06-12T23-22-34-019ebfa5-7d5b-76a2-94b7-fb066ce0b27a:3892,48427,48440,13,298167,1,0,0,0,1,0
ActPlane,3dae89cd06ae,complete,codex:rollout-2026-06-12T23-22-34-019ebfa5-7d5b-76a2-94b7-fb066ce0b27a:3892,codex:rollout-2026-06-12T23-22-34-019ebfa5-7d5b-76a2-94b7-fb066ce0b27a:3893,48440,48441,1,189,1,0,0,0,0,0
ActPlane,3dae89cd06ae,complete,codex:rollout-2026-06-12T23-22-34-019ebfa5-7d5b-76a2-94b7-fb066ce0b27a:3893,codex:rollout-2026-06-12T23-22-34-019ebfa5-7d5b-76a2-94b7-fb066ce0b27a:3911,48441,48459,18,359664,1,0,0,0,1,0
ActPlane,3dae89cd06ae,complete,codex:rollout-2026-06-12T23-22-34-019ebfa5-7d5b-76a2-94b7-fb066ce0b27a:3911,codex:rollout-2026-06-12T23-22-34-019ebfa5-7d5b-76a2-94b7-fb066ce0b27a:3923,48459,48471,12,75318,1,0,0,0,0,0
ActPlane,3dae89cd06ae,complete,codex:rollout-2026-06-12T23-22-34-019ebfa5-7d5b-76a2-94b7-fb066ce0b27a:3923,codex:rollout-2026-06-12T23-22-34-019ebfa5-7d5b-76a2-94b7-fb066ce0b27a:3930,48471,48478,7,149624,1,0,0,0,1,0
ActPlane,3dae89cd06ae,complete,codex:rollout-2026-06-12T23-22-34-019ebfa5-7d5b-76a2-94b7-fb066ce0b27a:3930,codex:rollout-2026-06-12T23-22-34-019ebfa5-7d5b-76a2-94b7-fb066ce0b27a:3935,48478,48483,5,60516,1,0,0,0,1,0
ActPlane,3dae89cd06ae,complete,codex:rollout-2026-06-12T23-22-34-019ebfa5-7d5b-76a2-94b7-fb066ce0b27a:3935,codex:rollout-2026-06-12T23-22-34-019ebfa5-7d5b-76a2-94b7-fb066ce0b27a:3945,48483,48493,10,153623,1,0,0,0,1,0
ActPlane,3dae89cd06ae,complete,codex:rollout-2026-06-12T23-22-34-019ebfa5-7d5b-76a2-94b7-fb066ce0b27a:3945,codex:rollout-2026-06-12T23-22-34-019ebfa5-7d5b-76a2-94b7-fb066ce0b27a:3947,48493,48495,2,14775,1,0,0,0,0,0
ActPlane,3dae89cd06ae,complete,codex:rollout-2026-06-12T23-22-34-019ebfa5-7d5b-76a2-94b7-fb066ce0b27a:3947,codex:rollout-2026-06-12T23-22-34-019ebfa5-7d5b-76a2-94b7-fb066ce0b27a:3953,48495,48501,6,30385,1,0,0,1,0,0
ActPlane,3dae89cd06ae,complete,codex:rollout-2026-06-12T23-22-34-019ebfa5-7d5b-76a2-94b7-fb066ce0b27a:3953,codex:rollout-2026-06-12T23-22-34-019ebfa5-7d5b-76a2-94b7-fb066ce0b27a:3955,48501,48503,2,4557,1,0,0,0,0,0
ActPlane,3dae89cd06ae,complete,codex:rollout-2026-06-12T23-22-34-019ebfa5-7d5b-76a2-94b7-fb066ce0b27a:3955,codex:rollout-2026-06-12T23-22-34-019ebfa5-7d5b-76a2-94b7-fb066ce0b27a:3980,48503,48528,25,6021541,1,0,0,0,0,0
ActPlane,3dae89cd06ae,complete,codex:rollout-2026-06-12T23-22-34-019ebfa5-7d5b-76a2-94b7-fb066ce0b27a:3980,codex:rollout-2026-06-12T23-22-34-019ebfa5-7d5b-76a2-94b7-fb066ce0b27a:3987,48528,48535,7,45888,1,0,0,0,0,0
ActPlane,3dae89cd06ae,complete,codex:rollout-2026-06-12T23-22-34-019ebfa5-7d5b-76a2-94b7-fb066ce0b27a:3987,codex:rollout-2026-06-12T23-22-34-019ebfa5-7d5b-76a2-94b7-fb066ce0b27a:3988,48535,48536,1,0,1,0,0,0,0,0
ActPlane,3dae89cd06ae,complete,codex:rollout-2026-06-12T23-22-34-019ebfa5-7d5b-76a2-94b7-fb066ce0b27a:3988,codex:rollout-2026-06-12T23-22-34-019ebfa5-7d5b-76a2-94b7-fb066ce0b27a:3990,48536,48538,2,5013,1,0,0,0,0,0
ActPlane,3dae89cd06ae,complete,codex:rollout-2026-06-12T23-22-34-019ebfa5-7d5b-76a2-94b7-fb066ce0b27a:3990,codex:rollout-2026-06-12T23-22-34-019ebfa5-7d5b-76a2-94b7-fb066ce0b27a:4055,48538,48603,65,7138801,1,0,0,0,0,0
ActPlane,3dae89cd06ae,complete,codex:rollout-2026-06-12T23-22-34-019ebfa5-7d5b-76a2-94b7-fb066ce0b27a:4055,codex:rollout-2026-06-12T23-22-34-019ebfa5-7d5b-76a2-94b7-fb066ce0b27a:4061,48603,48609,6,50742,1,0,0,1,0,0
ActPlane,3dae89cd06ae,complete,codex:rollout-2026-06-12T23-22-34-019ebfa5-7d5b-76a2-94b7-fb066ce0b27a:4061,codex:rollout-2026-06-12T23-22-34-019ebfa5-7d5b-76a2-94b7-fb066ce0b27a:4062,48609,48610,1,31,1,0,0,0,0,0
ActPlane,3dae89cd06ae,complete,codex:rollout-2026-06-12T23-22-34-019ebfa5-7d5b-76a2-94b7-fb066ce0b27a:4062,codex:rollout-2026-06-12T23-22-34-019ebfa5-7d5b-76a2-94b7-fb066ce0b27a:4063,48610,48611,1,7304,1,0,0,0,0,0
ActPlane,3dae89cd06ae,complete,codex:rollout-2026-06-12T23-22-34-019ebfa5-7d5b-76a2-94b7-fb066ce0b27a:4063,codex:rollout-2026-06-12T23-22-34-019ebfa5-7d5b-76a2-94b7-fb066ce0b27a:4114,48611,48662,51,358131,1,0,0,1,0,0
ActPlane,3dae89cd06ae,complete,codex:rollout-2026-06-12T23-22-34-019ebfa5-7d5b-76a2-94b7-fb066ce0b27a:4114,codex:rollout-2026-06-12T23-22-34-019ebfa5-7d5b-76a2-94b7-fb066ce0b27a:4115,48662,48663,1,20,1,0,0,0,0,0
ActPlane,3dae89cd06ae,complete,codex:rollout-2026-06-12T23-22-34-019ebfa5-7d5b-76a2-94b7-fb066ce0b27a:4115,codex:rollout-2026-06-12T23-22-34-019ebfa5-7d5b-76a2-94b7-fb066ce0b27a:4119,48663,48667,4,20354,1,0,0,0,0,0
ActPlane,3dae89cd06ae,complete,codex:rollout-2026-06-12T23-22-34-019ebfa5-7d5b-76a2-94b7-fb066ce0b27a:4119,codex:rollout-2026-06-12T23-22-34-019ebfa5-7d5b-76a2-94b7-fb066ce0b27a:4124,48667,48672,5,49870,1,0,0,0,0,0
ActPlane,3dae89cd06ae,complete,codex:rollout-2026-06-12T23-22-34-019ebfa5-7d5b-76a2-94b7-fb066ce0b27a:4124,codex:rollout-2026-06-12T23-22-34-019ebfa5-7d5b-76a2-94b7-fb066ce0b27a:4125,48672,48673,1,6,1,0,0,0,0,0
ActPlane,3dae89cd06ae,complete,codex:rollout-2026-06-12T23-22-34-019ebfa5-7d5b-76a2-94b7-fb066ce0b27a:4125,codex:rollout-2026-06-12T23-22-34-019ebfa5-7d5b-76a2-94b7-fb066ce0b27a:4129,48673,48677,4,33354,1,0,0,0,0,0
ActPlane,3dae89cd06ae,complete,codex:rollout-2026-06-12T23-22-34-019ebfa5-7d5b-76a2-94b7-fb066ce0b27a:4129,codex:rollout-2026-06-12T23-22-34-019ebfa5-7d5b-76a2-94b7-fb066ce0b27a:4130,48677,48678,1,0,1,0,0,0,0,0
ActPlane,3dae89cd06ae,complete,codex:rollout-2026-06-12T23-22-34-019ebfa5-7d5b-76a2-94b7-fb066ce0b27a:4130,codex:rollout-2026-06-12T23-22-34-019ebfa5-7d5b-76a2-94b7-fb066ce0b27a:4144,48678,48717,39,90372,2,0,0,0,0,0
ActPlane,3dae89cd06ae,complete,codex:rollout-2026-06-12T23-22-34-019ebfa5-7d5b-76a2-94b7-fb066ce0b27a:4144,codex:rollout-2026-06-12T23-22-34-019ebfa5-7d5b-76a2-94b7-fb066ce0b27a:4145,48717,48718,1,37,1,0,0,0,0,0
ActPlane,3dae89cd06ae,complete,codex:rollout-2026-06-12T23-22-34-019ebfa5-7d5b-76a2-94b7-fb066ce0b27a:4145,codex:rollout-2026-06-14T02-05-01-019ec560-9502-76f3-a3e3-2330edcd7654:63,48718,48759,41,162616,2,0,0,0,0,0
ActPlane,3dae89cd06ae,complete,codex:rollout-2026-06-14T02-05-01-019ec560-9502-76f3-a3e3-2330edcd7654:63,codex:rollout-2026-06-14T02-05-01-019ec560-9502-76f3-a3e3-2330edcd7654:64,48759,48760,1,42,1,0,0,0,0,0
ActPlane,3dae89cd06ae,complete,codex:rollout-2026-06-14T02-05-01-019ec560-9502-76f3-a3e3-2330edcd7654:64,codex:rollout-2026-06-12T23-22-34-019ebfa5-7d5b-76a2-94b7-fb066ce0b27a:4202,48760,48832,72,516997,2,0,0,1,0,0
ActPlane,3dae89cd06ae,complete,codex:rollout-2026-06-12T23-22-34-019ebfa5-7d5b-76a2-94b7-fb066ce0b27a:4202,codex:rollout-2026-06-12T23-22-34-019ebfa5-7d5b-76a2-94b7-fb066ce0b27a:4203,48832,48833,1,38,1,0,0,0,0,0
ActPlane,3dae89cd06ae,complete,codex:rollout-2026-06-12T23-22-34-019ebfa5-7d5b-76a2-94b7-fb066ce0b27a:4203,codex:rollout-2026-06-12T23-22-34-019ebfa5-7d5b-76a2-94b7-fb066ce0b27a:4223,48833,48853,20,166047,1,0,0,0,0,0
ActPlane,3dae89cd06ae,complete,codex:rollout-2026-06-12T23-22-34-019ebfa5-7d5b-76a2-94b7-fb066ce0b27a:4223,codex:rollout-2026-06-12T23-22-34-019ebfa5-7d5b-76a2-94b7-fb066ce0b27a:4224,48853,48854,1,55,1,0,0,0,0,0
ActPlane,3dae89cd06ae,complete,codex:rollout-2026-06-12T23-22-34-019ebfa5-7d5b-76a2-94b7-fb066ce0b27a:4224,codex:rollout-2026-06-12T23-22-34-019ebfa5-7d5b-76a2-94b7-fb066ce0b27a:4225,48854,48855,1,42,1,0,0,0,0,0
ActPlane,3dae89cd06ae,complete,codex:rollout-2026-06-12T23-22-34-019ebfa5-7d5b-76a2-94b7-fb066ce0b27a:4225,codex:rollout-2026-06-12T23-22-34-019ebfa5-7d5b-76a2-94b7-fb066ce0b27a:4228,48855,48858,3,10272,1,0,0,0,0,0
ActPlane,3dae89cd06ae,complete,codex:rollout-2026-06-12T23-22-34-019ebfa5-7d5b-76a2-94b7-fb066ce0b27a:4228,codex:rollout-2026-06-12T23-22-34-019ebfa5-7d5b-76a2-94b7-fb066ce0b27a:4231,48858,48861,3,60768,1,0,0,1,0,0
ActPlane,3dae89cd06ae,complete,codex:rollout-2026-06-12T23-22-34-019ebfa5-7d5b-76a2-94b7-fb066ce0b27a:4231,codex:rollout-2026-06-12T23-22-34-019ebfa5-7d5b-76a2-94b7-fb066ce0b27a:4232,48861,48862,1,31,1,0,0,0,0,0
ActPlane,3dae89cd06ae,complete,codex:rollout-2026-06-12T23-22-34-019ebfa5-7d5b-76a2-94b7-fb066ce0b27a:4232,codex:rollout-2026-06-12T23-22-34-019ebfa5-7d5b-76a2-94b7-fb066ce0b27a:4237,48862,48867,5,44335,1,0,0,0,0,0
ActPlane,3dae89cd06ae,complete,codex:rollout-2026-06-12T23-22-34-019ebfa5-7d5b-76a2-94b7-fb066ce0b27a:4237,codex:rollout-2026-06-12T23-22-34-019ebfa5-7d5b-76a2-94b7-fb066ce0b27a:4239,48867,48869,2,19,1,0,0,0,0,0
ActPlane,3dae89cd06ae,complete,codex:rollout-2026-06-12T23-22-34-019ebfa5-7d5b-76a2-94b7-fb066ce0b27a:4239,codex:rollout-2026-06-12T23-22-34-019ebfa5-7d5b-76a2-94b7-fb066ce0b27a:4273,48869,48953,84,545526,2,0,0,1,0,0
ActPlane,3dae89cd06ae,complete,codex:rollout-2026-06-12T23-22-34-019ebfa5-7d5b-76a2-94b7-fb066ce0b27a:4273,codex:rollout-2026-06-12T23-22-34-019ebfa5-7d5b-76a2-94b7-fb066ce0b27a:4274,48953,48954,1,58,1,0,0,0,0,0
ActPlane,3dae89cd06ae,complete,codex:rollout-2026-06-12T23-22-34-019ebfa5-7d5b-76a2-94b7-fb066ce0b27a:4274,codex:rollout-2026-06-12T23-22-34-019ebfa5-7d5b-76a2-94b7-fb066ce0b27a:4280,48954,48960,6,36295,1,0,0,1,0,0
ActPlane,3dae89cd06ae,complete,codex:rollout-2026-06-12T23-22-34-019ebfa5-7d5b-76a2-94b7-fb066ce0b27a:4280,codex:rollout-2026-06-12T23-22-34-019ebfa5-7d5b-76a2-94b7-fb066ce0b27a:4281,48960,48961,1,1,1,0,0,0,0,0
ActPlane,3dae89cd06ae,complete,codex:rollout-2026-06-12T23-22-34-019ebfa5-7d5b-76a2-94b7-fb066ce0b27a:4281,codex:rollout-2026-06-12T23-22-34-019ebfa5-7d5b-76a2-94b7-fb066ce0b27a:4284,48961,48964,3,26253,1,0,0,1,0,0
ActPlane,3dae89cd06ae,complete,codex:rollout-2026-06-12T23-22-34-019ebfa5-7d5b-76a2-94b7-fb066ce0b27a:4284,codex:rollout-2026-06-12T23-22-34-019ebfa5-7d5b-76a2-94b7-fb066ce0b27a:4286,48964,48966,2,162,1,0,0,0,0,0
ActPlane,3dae89cd06ae,complete,codex:rollout-2026-06-12T23-22-34-019ebfa5-7d5b-76a2-94b7-fb066ce0b27a:4286,codex:rollout-2026-06-12T23-22-34-019ebfa5-7d5b-76a2-94b7-fb066ce0b27a:4287,48966,48967,1,8882,1,0,0,0,0,0
ActPlane,3dae89cd06ae,complete,codex:rollout-2026-06-12T23-22-34-019ebfa5-7d5b-76a2-94b7-fb066ce0b27a:4287,codex:rollout-2026-06-12T23-22-34-019ebfa5-7d5b-76a2-94b7-fb066ce0b27a:4290,48967,48970,3,17603,1,0,0,0,0,0
ActPlane,3dae89cd06ae,complete,codex:rollout-2026-06-12T23-22-34-019ebfa5-7d5b-76a2-94b7-fb066ce0b27a:4290,codex:rollout-2026-06-12T23-22-34-019ebfa5-7d5b-76a2-94b7-fb066ce0b27a:4299,48970,48979,9,775570,1,0,0,0,0,0
ActPlane,3dae89cd06ae,complete,codex:rollout-2026-06-12T23-22-34-019ebfa5-7d5b-76a2-94b7-fb066ce0b27a:4299,codex:rollout-2026-06-12T23-22-34-019ebfa5-7d5b-76a2-94b7-fb066ce0b27a:4301,48979,48981,2,25183,1,0,0,0,0,0
ActPlane,3dae89cd06ae,complete,codex:rollout-2026-06-12T23-22-34-019ebfa5-7d5b-76a2-94b7-fb066ce0b27a:4301,codex:rollout-2026-06-12T23-22-34-019ebfa5-7d5b-76a2-94b7-fb066ce0b27a:4338,48981,49018,37,231213,1,0,0,0,0,0
ActPlane,3dae89cd06ae,complete,codex:rollout-2026-06-12T23-22-34-019ebfa5-7d5b-76a2-94b7-fb066ce0b27a:4338,codex:rollout-2026-06-12T23-22-34-019ebfa5-7d5b-76a2-94b7-fb066ce0b27a:4342,49018,49022,4,20812,1,0,0,1,0,0
ActPlane,3dae89cd06ae,complete,codex:rollout-2026-06-12T23-22-34-019ebfa5-7d5b-76a2-94b7-fb066ce0b27a:4342,codex:rollout-2026-06-12T23-22-34-019ebfa5-7d5b-76a2-94b7-fb066ce0b27a:4343,49022,49023,1,0,1,0,0,0,0,0
ActPlane,3dae89cd06ae,complete,codex:rollout-2026-06-12T23-22-34-019ebfa5-7d5b-76a2-94b7-fb066ce0b27a:4343,codex:rollout-2026-06-12T23-22-34-019ebfa5-7d5b-76a2-94b7-fb066ce0b27a:4344,49023,49024,1,98,1,0,0,0,0,0
ActPlane,3dae89cd06ae,complete,codex:rollout-2026-06-12T23-22-34-019ebfa5-7d5b-76a2-94b7-fb066ce0b27a:4344,codex:rollout-2026-06-12T23-22-34-019ebfa5-7d5b-76a2-94b7-fb066ce0b27a:4366,49024,49046,22,125845,1,0,0,0,0,0
ActPlane,3dae89cd06ae,complete,codex:rollout-2026-06-12T23-22-34-019ebfa5-7d5b-76a2-94b7-fb066ce0b27a:4366,codex:rollout-2026-06-12T23-22-34-019ebfa5-7d5b-76a2-94b7-fb066ce0b27a:4381,49046,49061,15,94728,1,0,0,1,0,0
ActPlane,3dae89cd06ae,complete,codex:rollout-2026-06-12T23-22-34-019ebfa5-7d5b-76a2-94b7-fb066ce0b27a:4381,codex:rollout-2026-06-12T23-22-34-019ebfa5-7d5b-76a2-94b7-fb066ce0b27a:4382,49061,49062,1,35,1,0,0,0,0,0
ActPlane,3dae89cd06ae,complete,codex:rollout-2026-06-12T23-22-34-019ebfa5-7d5b-76a2-94b7-fb066ce0b27a:4382,codex:rollout-2026-06-12T23-22-34-019ebfa5-7d5b-76a2-94b7-fb066ce0b27a:4384,49062,49064,2,6533,1,0,0,0,0,0
ActPlane,3dae89cd06ae,complete,codex:rollout-2026-06-12T23-22-34-019ebfa5-7d5b-76a2-94b7-fb066ce0b27a:4384,codex:rollout-2026-06-12T23-22-34-019ebfa5-7d5b-76a2-94b7-fb066ce0b27a:4385,49064,49065,1,10758,1,0,0,0,0,0
ActPlane,3dae89cd06ae,complete,codex:rollout-2026-06-12T23-22-34-019ebfa5-7d5b-76a2-94b7-fb066ce0b27a:4385,codex:rollout-2026-06-12T23-22-34-019ebfa5-7d5b-76a2-94b7-fb066ce0b27a:4386,49065,49066,1,1,1,0,0,0,0,0
ActPlane,3dae89cd06ae,complete,codex:rollout-2026-06-12T23-22-34-019ebfa5-7d5b-76a2-94b7-fb066ce0b27a:4386,codex:rollout-2026-06-12T23-22-34-019ebfa5-7d5b-76a2-94b7-fb066ce0b27a:4387,49066,49067,1,0,1,0,0,0,0,0
ActPlane,3dae89cd06ae,complete,codex:rollout-2026-06-12T23-22-34-019ebfa5-7d5b-76a2-94b7-fb066ce0b27a:4387,codex:rollout-2026-06-12T23-22-34-019ebfa5-7d5b-76a2-94b7-fb066ce0b27a:4393,49067,49073,6,28449,1,0,0,1,0,0
ActPlane,3dae89cd06ae,complete,codex:rollout-2026-06-12T23-22-34-019ebfa5-7d5b-76a2-94b7-fb066ce0b27a:4393,codex:rollout-2026-06-12T23-22-34-019ebfa5-7d5b-76a2-94b7-fb066ce0b27a:4394,49073,49074,1,27,1,0,0,0,0,0
ActPlane,3dae89cd06ae,complete,codex:rollout-2026-06-12T23-22-34-019ebfa5-7d5b-76a2-94b7-fb066ce0b27a:4394,codex:rollout-2026-06-12T23-22-34-019ebfa5-7d5b-76a2-94b7-fb066ce0b27a:4405,49074,49085,11,91673,1,0,0,0,0,0
ActPlane,3dae89cd06ae,complete,codex:rollout-2026-06-12T23-22-34-019ebfa5-7d5b-76a2-94b7-fb066ce0b27a:4405,codex:rollout-2026-06-12T23-22-34-019ebfa5-7d5b-76a2-94b7-fb066ce0b27a:4408,49085,49088,3,4,1,0,0,0,0,0
ActPlane,3dae89cd06ae,complete,codex:rollout-2026-06-12T23-22-34-019ebfa5-7d5b-76a2-94b7-fb066ce0b27a:4408,codex:rollout-2026-06-12T23-22-34-019ebfa5-7d5b-76a2-94b7-fb066ce0b27a:4409,49088,49089,1,22218,1,0,0,0,0,0
ActPlane,3dae89cd06ae,complete,codex:rollout-2026-06-12T23-22-34-019ebfa5-7d5b-76a2-94b7-fb066ce0b27a:4409,codex:rollout-2026-06-12T23-22-34-019ebfa5-7d5b-76a2-94b7-fb066ce0b27a:4410,49089,49090,1,0,1,0,0,0,0,0
ActPlane,3dae89cd06ae,complete,codex:rollout-2026-06-12T23-22-34-019ebfa5-7d5b-76a2-94b7-fb066ce0b27a:4410,codex:rollout-2026-06-12T23-22-34-019ebfa5-7d5b-76a2-94b7-fb066ce0b27a:4411,49090,49091,1,30,1,0,0,0,0,0
ActPlane,3dae89cd06ae,complete,codex:rollout-2026-06-12T23-22-34-019ebfa5-7d5b-76a2-94b7-fb066ce0b27a:4411,codex:rollout-2026-06-14T02-56-58-019ec590-2267-7a12-ad41-68bd59af4c59:36,49091,49133,42,126516,2,0,0,0,0,0
ActPlane,3dae89cd06ae,complete,codex:rollout-2026-06-14T02-56-58-019ec590-2267-7a12-ad41-68bd59af4c59:36,codex:rollout-2026-06-14T02-56-58-019ec590-2267-7a12-ad41-68bd59af4c59:37,49133,49134,1,1,1,0,0,0,0,0
ActPlane,3dae89cd06ae,complete,codex:rollout-2026-06-14T02-56-58-019ec590-2267-7a12-ad41-68bd59af4c59:37,codex:rollout-2026-06-14T02-56-58-019ec590-2267-7a12-ad41-68bd59af4c59:38,49134,49135,1,25,1,0,0,0,0,0
ActPlane,3dae89cd06ae,complete,codex:rollout-2026-06-14T02-56-58-019ec590-2267-7a12-ad41-68bd59af4c59:38,codex:rollout-2026-06-14T02-56-58-019ec590-2267-7a12-ad41-68bd59af4c59:39,49135,49136,1,13753,1,0,0,0,0,0
ActPlane,3dae89cd06ae,complete,codex:rollout-2026-06-14T02-56-58-019ec590-2267-7a12-ad41-68bd59af4c59:39,codex:rollout-2026-06-14T02-56-58-019ec590-2267-7a12-ad41-68bd59af4c59:40,49136,49137,1,8,1,0,0,0,0,0
ActPlane,3dae89cd06ae,complete,codex:rollout-2026-06-14T02-56-58-019ec590-2267-7a12-ad41-68bd59af4c59:40,codex:rollout-2026-06-12T23-22-34-019ebfa5-7d5b-76a2-94b7-fb066ce0b27a:4441,49137,49219,82,476727,2,0,0,0,0,0
ActPlane,3dae89cd06ae,complete,codex:rollout-2026-06-12T23-22-34-019ebfa5-7d5b-76a2-94b7-fb066ce0b27a:4441,codex:rollout-2026-06-12T23-22-34-019ebfa5-7d5b-76a2-94b7-fb066ce0b27a:4442,49219,49220,1,0,1,0,0,0,0,0
ActPlane,3dae89cd06ae,complete,codex:rollout-2026-06-12T23-22-34-019ebfa5-7d5b-76a2-94b7-fb066ce0b27a:4442,codex:rollout-2026-06-12T23-22-34-019ebfa5-7d5b-76a2-94b7-fb066ce0b27a:4443,49220,49221,1,24,1,0,0,0,0,0
ActPlane,3dae89cd06ae,complete,codex:rollout-2026-06-12T23-22-34-019ebfa5-7d5b-76a2-94b7-fb066ce0b27a:4443,codex:rollout-2026-06-12T23-22-34-019ebfa5-7d5b-76a2-94b7-fb066ce0b27a:4444,49221,49222,1,12265,1,0,0,0,0,0
ActPlane,3dae89cd06ae,complete,codex:rollout-2026-06-12T23-22-34-019ebfa5-7d5b-76a2-94b7-fb066ce0b27a:4444,codex:rollout-2026-06-12T23-22-34-019ebfa5-7d5b-76a2-94b7-fb066ce0b27a:4445,49222,49223,1,0,1,0,0,0,0,0
ActPlane,3dae89cd06ae,complete,codex:rollout-2026-06-12T23-22-34-019ebfa5-7d5b-76a2-94b7-fb066ce0b27a:4445,codex:rollout-2026-06-12T23-22-34-019ebfa5-7d5b-76a2-94b7-fb066ce0b27a:4446,49223,49224,1,1,1,0,0,0,0,0
ActPlane,3dae89cd06ae,complete,codex:rollout-2026-06-12T23-22-34-019ebfa5-7d5b-76a2-94b7-fb066ce0b27a:4446,codex:rollout-2026-06-12T23-22-34-019ebfa5-7d5b-76a2-94b7-fb066ce0b27a:4447,49224,49225,1,23918,1,0,0,0,0,0
ActPlane,3dae89cd06ae,complete,codex:rollout-2026-06-12T23-22-34-019ebfa5-7d5b-76a2-94b7-fb066ce0b27a:4447,codex:rollout-2026-06-12T23-22-34-019ebfa5-7d5b-76a2-94b7-fb066ce0b27a:4448,49225,49226,1,3,1,0,0,0,0,0
ActPlane,3dae89cd06ae,complete,codex:rollout-2026-06-12T23-22-34-019ebfa5-7d5b-76a2-94b7-fb066ce0b27a:4448,codex:rollout-2026-06-12T23-22-34-019ebfa5-7d5b-76a2-94b7-fb066ce0b27a:4449,49226,49227,1,162,1,0,0,0,0,0
ActPlane,3dae89cd06ae,complete,codex:rollout-2026-06-12T23-22-34-019ebfa5-7d5b-76a2-94b7-fb066ce0b27a:4449,codex:rollout-2026-06-12T23-22-34-019ebfa5-7d5b-76a2-94b7-fb066ce0b27a:4451,49227,49229,2,33278,1,0,0,0,0,0
ActPlane,3dae89cd06ae,complete,codex:rollout-2026-06-12T23-22-34-019ebfa5-7d5b-76a2-94b7-fb066ce0b27a:4451,codex:rollout-2026-06-12T23-22-34-019ebfa5-7d5b-76a2-94b7-fb066ce0b27a:4453,49229,49231,2,68,1,0,0,0,0,0
ActPlane,3dae89cd06ae,complete,codex:rollout-2026-06-12T23-22-34-019ebfa5-7d5b-76a2-94b7-fb066ce0b27a:4453,codex:rollout-2026-06-12T23-22-34-019ebfa5-7d5b-76a2-94b7-fb066ce0b27a:4454,49231,49232,1,46,1,0,0,0,0,0
ActPlane,3dae89cd06ae,complete,codex:rollout-2026-06-12T23-22-34-019ebfa5-7d5b-76a2-94b7-fb066ce0b27a:4454,codex:rollout-2026-06-12T23-22-34-019ebfa5-7d5b-76a2-94b7-fb066ce0b27a:4459,49232,49254,22,120762,2,0,0,0,0,0
ActPlane,3dae89cd06ae,complete,codex:rollout-2026-06-12T23-22-34-019ebfa5-7d5b-76a2-94b7-fb066ce0b27a:4459,codex:rollout-2026-06-12T23-22-34-019ebfa5-7d5b-76a2-94b7-fb066ce0b27a:4474,49254,49269,15,120243,1,0,0,0,0,0
ActPlane,3dae89cd06ae,complete,codex:rollout-2026-06-12T23-22-34-019ebfa5-7d5b-76a2-94b7-fb066ce0b27a:4474,codex:rollout-2026-06-12T23-22-34-019ebfa5-7d5b-76a2-94b7-fb066ce0b27a:4479,49269,49274,5,34697,1,0,0,1,0,0
ActPlane,3dae89cd06ae,complete,codex:rollout-2026-06-12T23-22-34-019ebfa5-7d5b-76a2-94b7-fb066ce0b27a:4479,codex:rollout-2026-06-12T23-22-34-019ebfa5-7d5b-76a2-94b7-fb066ce0b27a:4483,49274,49278,4,29524256,1,0,0,1,0,0
ActPlane,3dae89cd06ae,complete,codex:rollout-2026-06-12T23-22-34-019ebfa5-7d5b-76a2-94b7-fb066ce0b27a:4483,codex:rollout-2026-06-12T23-22-34-019ebfa5-7d5b-76a2-94b7-fb066ce0b27a:4487,49278,49282,4,25053,1,0,0,1,0,0
ActPlane,3dae89cd06ae,complete,codex:rollout-2026-06-12T23-22-34-019ebfa5-7d5b-76a2-94b7-fb066ce0b27a:4487,codex:rollout-2026-06-12T23-22-34-019ebfa5-7d5b-76a2-94b7-fb066ce0b27a:4488,49282,49283,1,34,1,0,0,0,0,0
ActPlane,3dae89cd06ae,complete,codex:rollout-2026-06-12T23-22-34-019ebfa5-7d5b-76a2-94b7-fb066ce0b27a:4488,codex:rollout-2026-06-12T23-22-34-019ebfa5-7d5b-76a2-94b7-fb066ce0b27a:4489,49283,49284,1,9394,1,0,0,0,0,0
ActPlane,3dae89cd06ae,complete,codex:rollout-2026-06-12T23-22-34-019ebfa5-7d5b-76a2-94b7-fb066ce0b27a:4489,codex:rollout-2026-06-12T23-22-34-019ebfa5-7d5b-76a2-94b7-fb066ce0b27a:4490,49284,49285,1,191,1,0,0,0,0,0
ActPlane,3dae89cd06ae,complete,codex:rollout-2026-06-12T23-22-34-019ebfa5-7d5b-76a2-94b7-fb066ce0b27a:4490,codex:rollout-2026-06-12T23-22-34-019ebfa5-7d5b-76a2-94b7-fb066ce0b27a:4493,49285,49288,3,28610,1,0,0,0,0,0
ActPlane,3dae89cd06ae,complete,codex:rollout-2026-06-12T23-22-34-019ebfa5-7d5b-76a2-94b7-fb066ce0b27a:4493,codex:rollout-2026-06-12T23-22-34-019ebfa5-7d5b-76a2-94b7-fb066ce0b27a:4535,49288,49330,42,248463,1,0,0,0,0,0
ActPlane,3dae89cd06ae,complete,codex:rollout-2026-06-12T23-22-34-019ebfa5-7d5b-76a2-94b7-fb066ce0b27a:4535,codex:rollout-2026-06-12T23-22-34-019ebfa5-7d5b-76a2-94b7-fb066ce0b27a:4537,49330,49332,2,24424,1,0,0,0,0,0
ActPlane,3dae89cd06ae,complete,codex:rollout-2026-06-12T23-22-34-019ebfa5-7d5b-76a2-94b7-fb066ce0b27a:4537,codex:rollout-2026-06-12T23-22-34-019ebfa5-7d5b-76a2-94b7-fb066ce0b27a:4538,49332,49333,1,3006,1,0,0,0,0,0
ActPlane,3dae89cd06ae,complete,codex:rollout-2026-06-12T23-22-34-019ebfa5-7d5b-76a2-94b7-fb066ce0b27a:4538,codex:rollout-2026-06-12T23-22-34-019ebfa5-7d5b-76a2-94b7-fb066ce0b27a:4539,49333,49334,1,5285,1,0,0,0,0,0
ActPlane,3dae89cd06ae,complete,codex:rollout-2026-06-12T23-22-34-019ebfa5-7d5b-76a2-94b7-fb066ce0b27a:4539,codex:rollout-2026-06-12T23-22-34-019ebfa5-7d5b-76a2-94b7-fb066ce0b27a:4540,49334,49335,1,12583,1,0,0,0,0,0
ActPlane,3dae89cd06ae,complete,codex:rollout-2026-06-12T23-22-34-019ebfa5-7d5b-76a2-94b7-fb066ce0b27a:4540,codex:rollout-2026-06-12T23-22-34-019ebfa5-7d5b-76a2-94b7-fb066ce0b27a:4544,49335,49339,4,11795,1,0,0,0,0,0
ActPlane,3dae89cd06ae,complete,codex:rollout-2026-06-12T23-22-34-019ebfa5-7d5b-76a2-94b7-fb066ce0b27a:4544,codex:rollout-2026-06-12T23-22-34-019ebfa5-7d5b-76a2-94b7-fb066ce0b27a:4545,49339,49340,1,12081,1,0,0,0,0,0
ActPlane,3dae89cd06ae,complete,codex:rollout-2026-06-12T23-22-34-019ebfa5-7d5b-76a2-94b7-fb066ce0b27a:4545,codex:rollout-2026-06-12T23-22-34-019ebfa5-7d5b-76a2-94b7-fb066ce0b27a:4585,49340,49380,40,322610,1,0,0,2,0,0
ActPlane,3dae89cd06ae,complete,codex:rollout-2026-06-12T23-22-34-019ebfa5-7d5b-76a2-94b7-fb066ce0b27a:4585,codex:rollout-2026-06-12T23-22-34-019ebfa5-7d5b-76a2-94b7-fb066ce0b27a:4595,49380,49390,10,90716,1,0,0,0,0,0
ActPlane,3dae89cd06ae,complete,codex:rollout-2026-06-12T23-22-34-019ebfa5-7d5b-76a2-94b7-fb066ce0b27a:4595,codex:rollout-2026-06-12T23-22-34-019ebfa5-7d5b-76a2-94b7-fb066ce0b27a:4597,49390,49392,2,4969,1,0,0,1,0,0
ActPlane,3dae89cd06ae,complete,codex:rollout-2026-06-12T23-22-34-019ebfa5-7d5b-76a2-94b7-fb066ce0b27a:4597,codex:rollout-2026-06-12T23-22-34-019ebfa5-7d5b-76a2-94b7-fb066ce0b27a:4615,49392,49410,18,149187,1,0,0,0,0,0
ActPlane,3dae89cd06ae,complete,codex:rollout-2026-06-12T23-22-34-019ebfa5-7d5b-76a2-94b7-fb066ce0b27a:4615,codex:rollout-2026-06-12T23-22-34-019ebfa5-7d5b-76a2-94b7-fb066ce0b27a:4623,49410,49418,8,49740,1,0,0,3,0,0
ActPlane,3dae89cd06ae,complete,codex:rollout-2026-06-12T23-22-34-019ebfa5-7d5b-76a2-94b7-fb066ce0b27a:4623,codex:rollout-2026-06-12T23-22-34-019ebfa5-7d5b-76a2-94b7-fb066ce0b27a:4625,49418,49420,2,9085,1,0,0,1,0,0
ActPlane,3dae89cd06ae,complete,codex:rollout-2026-06-12T23-22-34-019ebfa5-7d5b-76a2-94b7-fb066ce0b27a:4625,codex:rollout-2026-06-12T23-22-34-019ebfa5-7d5b-76a2-94b7-fb066ce0b27a:4648,49420,49443,23,155523,1,0,0,0,0,0
ActPlane,3dae89cd06ae,complete,codex:rollout-2026-06-12T23-22-34-019ebfa5-7d5b-76a2-94b7-fb066ce0b27a:4648,codex:rollout-2026-06-12T23-22-34-019ebfa5-7d5b-76a2-94b7-fb066ce0b27a:4650,49443,49445,2,10142,1,0,0,0,0,0
ActPlane,3dae89cd06ae,complete,codex:rollout-2026-06-12T23-22-34-019ebfa5-7d5b-76a2-94b7-fb066ce0b27a:4650,codex:rollout-2026-06-12T23-22-34-019ebfa5-7d5b-76a2-94b7-fb066ce0b27a:4651,49445,49446,1,6826,1,0,0,0,0,0
ActPlane,3dae89cd06ae,complete,codex:rollout-2026-06-12T23-22-34-019ebfa5-7d5b-76a2-94b7-fb066ce0b27a:4651,codex:rollout-2026-06-12T23-22-34-019ebfa5-7d5b-76a2-94b7-fb066ce0b27a:4652,49446,49447,1,1,1,0,0,0,0,0
ActPlane,3dae89cd06ae,complete,codex:rollout-2026-06-12T23-22-34-019ebfa5-7d5b-76a2-94b7-fb066ce0b27a:4652,codex:rollout-2026-06-12T23-22-34-019ebfa5-7d5b-76a2-94b7-fb066ce0b27a:4653,49447,49448,1,31,1,0,0,0,0,0
ActPlane,3dae89cd06ae,complete,codex:rollout-2026-06-12T23-22-34-019ebfa5-7d5b-76a2-94b7-fb066ce0b27a:4653,codex:rollout-2026-06-12T23-22-34-019ebfa5-7d5b-76a2-94b7-fb066ce0b27a:4654,49448,49449,1,5841,1,0,0,0,0,0
ActPlane,3dae89cd06ae,complete,codex:rollout-2026-06-12T23-22-34-019ebfa5-7d5b-76a2-94b7-fb066ce0b27a:4654,codex:rollout-2026-06-12T23-22-34-019ebfa5-7d5b-76a2-94b7-fb066ce0b27a:4655,49449,49450,1,23187,1,0,0,0,0,0
ActPlane,3dae89cd06ae,complete,codex:rollout-2026-06-12T23-22-34-019ebfa5-7d5b-76a2-94b7-fb066ce0b27a:4655,codex:rollout-2026-06-12T23-22-34-019ebfa5-7d5b-76a2-94b7-fb066ce0b27a:4713,49450,49568,118,688205,2,0,0,1,0,0
ActPlane,3dae89cd06ae,complete,codex:rollout-2026-06-12T23-22-34-019ebfa5-7d5b-76a2-94b7-fb066ce0b27a:4713,codex:rollout-2026-06-12T23-22-34-019ebfa5-7d5b-76a2-94b7-fb066ce0b27a:4714,49568,49569,1,32,1,0,0,0,0,0
ActPlane,3dae89cd06ae,complete,codex:rollout-2026-06-12T23-22-34-019ebfa5-7d5b-76a2-94b7-fb066ce0b27a:4714,codex:rollout-2026-06-12T23-22-34-019ebfa5-7d5b-76a2-94b7-fb066ce0b27a:4716,49569,49571,2,14534,1,0,0,0,0,0
ActPlane,3dae89cd06ae,complete,codex:rollout-2026-06-12T23-22-34-019ebfa5-7d5b-76a2-94b7-fb066ce0b27a:4716,codex:rollout-2026-06-12T23-22-34-019ebfa5-7d5b-76a2-94b7-fb066ce0b27a:4717,49571,49572,1,37,1,0,0,0,0,0
ActPlane,3dae89cd06ae,complete,codex:rollout-2026-06-12T23-22-34-019ebfa5-7d5b-76a2-94b7-fb066ce0b27a:4717,codex:rollout-2026-06-12T23-22-34-019ebfa5-7d5b-76a2-94b7-fb066ce0b27a:4718,49572,49573,1,152,1,0,0,0,0,0
ActPlane,3dae89cd06ae,complete,codex:rollout-2026-06-12T23-22-34-019ebfa5-7d5b-76a2-94b7-fb066ce0b27a:4718,codex:rollout-2026-06-12T23-22-34-019ebfa5-7d5b-76a2-94b7-fb066ce0b27a:4724,49573,49579,6,53152,1,0,0,0,0,0
ActPlane,3dae89cd06ae,complete,codex:rollout-2026-06-12T23-22-34-019ebfa5-7d5b-76a2-94b7-fb066ce0b27a:4724,codex:rollout-2026-06-12T23-22-34-019ebfa5-7d5b-76a2-94b7-fb066ce0b27a:4726,49579,49581,2,155,1,0,0,0,0,0
ActPlane,3dae89cd06ae,complete,codex:rollout-2026-06-12T23-22-34-019ebfa5-7d5b-76a2-94b7-fb066ce0b27a:4726,codex:rollout-2026-06-12T23-22-34-019ebfa5-7d5b-76a2-94b7-fb066ce0b27a:4727,49581,49582,1,8268,1,0,0,0,0,0
ActPlane,3dae89cd06ae,complete,codex:rollout-2026-06-12T23-22-34-019ebfa5-7d5b-76a2-94b7-fb066ce0b27a:4727,codex:rollout-2026-06-12T23-22-34-019ebfa5-7d5b-76a2-94b7-fb066ce0b27a:4728,49582,49583,1,89,1,0,0,0,0,0
ActPlane,3dae89cd06ae,complete,codex:rollout-2026-06-12T23-22-34-019ebfa5-7d5b-76a2-94b7-fb066ce0b27a:4728,codex:rollout-2026-06-12T23-22-34-019ebfa5-7d5b-76a2-94b7-fb066ce0b27a:4743,49583,49631,48,300433,2,0,0,0,0,0
ActPlane,3dae89cd06ae,complete,codex:rollout-2026-06-12T23-22-34-019ebfa5-7d5b-76a2-94b7-fb066ce0b27a:4743,codex:rollout-2026-06-12T23-22-34-019ebfa5-7d5b-76a2-94b7-fb066ce0b27a:4749,49631,49637,6,19505,1,0,0,1,0,0
ActPlane,3dae89cd06ae,complete,codex:rollout-2026-06-12T23-22-34-019ebfa5-7d5b-76a2-94b7-fb066ce0b27a:4749,codex:rollout-2026-06-12T23-22-34-019ebfa5-7d5b-76a2-94b7-fb066ce0b27a:4750,49637,49638,1,21,1,0,0,0,0,0
ActPlane,3dae89cd06ae,complete,codex:rollout-2026-06-12T23-22-34-019ebfa5-7d5b-76a2-94b7-fb066ce0b27a:4750,codex:rollout-2026-06-12T23-22-34-019ebfa5-7d5b-76a2-94b7-fb066ce0b27a:4751,49638,49639,1,3984,1,0,0,0,0,0
ActPlane,3dae89cd06ae,complete,codex:rollout-2026-06-12T23-22-34-019ebfa5-7d5b-76a2-94b7-fb066ce0b27a:4751,codex:rollout-2026-06-12T23-22-34-019ebfa5-7d5b-76a2-94b7-fb066ce0b27a:4843,49639,49731,92,554395,1,0,0,2,0,0
ActPlane,3dae89cd06ae,complete,codex:rollout-2026-06-12T23-22-34-019ebfa5-7d5b-76a2-94b7-fb066ce0b27a:4843,codex:rollout-2026-06-12T23-22-34-019ebfa5-7d5b-76a2-94b7-fb066ce0b27a:4844,49731,49732,1,1,1,0,0,0,0,0
ActPlane,3dae89cd06ae,complete,codex:rollout-2026-06-12T23-22-34-019ebfa5-7d5b-76a2-94b7-fb066ce0b27a:4844,codex:rollout-2026-06-12T23-22-34-019ebfa5-7d5b-76a2-94b7-fb066ce0b27a:4845,49732,49733,1,21,1,0,0,0,0,0
ActPlane,3dae89cd06ae,complete,codex:rollout-2026-06-12T23-22-34-019ebfa5-7d5b-76a2-94b7-fb066ce0b27a:4845,codex:rollout-2026-06-12T23-22-34-019ebfa5-7d5b-76a2-94b7-fb066ce0b27a:4852,49733,49740,7,26976,1,0,0,0,0,0
ActPlane,3dae89cd06ae,complete,codex:rollout-2026-06-12T23-22-34-019ebfa5-7d5b-76a2-94b7-fb066ce0b27a:4852,codex:rollout-2026-06-12T23-22-34-019ebfa5-7d5b-76a2-94b7-fb066ce0b27a:4868,49740,49756,16,148320,1,0,0,0,0,0
ActPlane,3dae89cd06ae,complete,codex:rollout-2026-06-12T23-22-34-019ebfa5-7d5b-76a2-94b7-fb066ce0b27a:4868,codex:rollout-2026-06-12T23-22-34-019ebfa5-7d5b-76a2-94b7-fb066ce0b27a:4870,49756,49758,2,51,1,0,0,0,0,0
ActPlane,3dae89cd06ae,complete,codex:rollout-2026-06-12T23-22-34-019ebfa5-7d5b-76a2-94b7-fb066ce0b27a:4870,codex:rollout-2026-06-12T23-22-34-019ebfa5-7d5b-76a2-94b7-fb066ce0b27a:4877,49758,49774,16,52847,2,0,0,0,0,0
ActPlane,3dae89cd06ae,complete,codex:rollout-2026-06-12T23-22-34-019ebfa5-7d5b-76a2-94b7-fb066ce0b27a:4877,codex:rollout-2026-06-12T23-22-34-019ebfa5-7d5b-76a2-94b7-fb066ce0b27a:4879,49774,49776,2,162,1,0,0,1,0,0
ActPlane,3dae89cd06ae,complete,codex:rollout-2026-06-12T23-22-34-019ebfa5-7d5b-76a2-94b7-fb066ce0b27a:4879,codex:rollout-2026-06-12T23-22-34-019ebfa5-7d5b-76a2-94b7-fb066ce0b27a:4880,49776,49780,4,4688,2,0,0,0,0,0
ActPlane,3dae89cd06ae,complete,codex:rollout-2026-06-12T23-22-34-019ebfa5-7d5b-76a2-94b7-fb066ce0b27a:4880,codex:rollout-2026-06-12T23-22-34-019ebfa5-7d5b-76a2-94b7-fb066ce0b27a:4924,49780,49879,99,670427,2,0,0,5,0,0
ActPlane,3dae89cd06ae,complete,codex:rollout-2026-06-12T23-22-34-019ebfa5-7d5b-76a2-94b7-fb066ce0b27a:4924,codex:rollout-2026-06-12T23-22-34-019ebfa5-7d5b-76a2-94b7-fb066ce0b27a:4925,49879,49880,1,1,1,0,0,0,0,0
ActPlane,3dae89cd06ae,complete,codex:rollout-2026-06-12T23-22-34-019ebfa5-7d5b-76a2-94b7-fb066ce0b27a:4925,codex:rollout-2026-06-12T23-22-34-019ebfa5-7d5b-76a2-94b7-fb066ce0b27a:4926,49880,49881,1,70,1,0,0,0,0,0
ActPlane,3dae89cd06ae,complete,codex:rollout-2026-06-12T23-22-34-019ebfa5-7d5b-76a2-94b7-fb066ce0b27a:4926,codex:rollout-2026-06-12T23-22-34-019ebfa5-7d5b-76a2-94b7-fb066ce0b27a:4927,49881,49882,1,10007,1,0,0,0,0,0
ActPlane,3dae89cd06ae,complete,codex:rollout-2026-06-12T23-22-34-019ebfa5-7d5b-76a2-94b7-fb066ce0b27a:4927,codex:rollout-2026-06-12T23-22-34-019ebfa5-7d5b-76a2-94b7-fb066ce0b27a:4929,49882,49884,2,119,1,0,0,0,0,0
ActPlane,3dae89cd06ae,complete,codex:rollout-2026-06-12T23-22-34-019ebfa5-7d5b-76a2-94b7-fb066ce0b27a:4929,codex:rollout-2026-06-12T23-22-34-019ebfa5-7d5b-76a2-94b7-fb066ce0b27a:4930,49884,49885,1,4697,1,0,0,0,0,0
ActPlane,3dae89cd06ae,complete,codex:rollout-2026-06-12T23-22-34-019ebfa5-7d5b-76a2-94b7-fb066ce0b27a:4930,codex:rollout-2026-06-12T23-22-34-019ebfa5-7d5b-76a2-94b7-fb066ce0b27a:4931,49885,49886,1,8292,1,0,0,0,0,0
ActPlane,3dae89cd06ae,complete,codex:rollout-2026-06-12T23-22-34-019ebfa5-7d5b-76a2-94b7-fb066ce0b27a:4931,codex:rollout-2026-06-12T23-22-34-019ebfa5-7d5b-76a2-94b7-fb066ce0b27a:4948,49886,49903,17,128587,1,0,0,0,1,0
ActPlane,3dae89cd06ae,complete,codex:rollout-2026-06-12T23-22-34-019ebfa5-7d5b-76a2-94b7-fb066ce0b27a:4948,codex:rollout-2026-06-12T23-22-34-019ebfa5-7d5b-76a2-94b7-fb066ce0b27a:4950,49903,49905,2,31534,1,0,0,0,0,0
ActPlane,3dae89cd06ae,complete,codex:rollout-2026-06-12T23-22-34-019ebfa5-7d5b-76a2-94b7-fb066ce0b27a:4950,codex:rollout-2026-06-12T23-22-34-019ebfa5-7d5b-76a2-94b7-fb066ce0b27a:4952,49905,49907,2,286,1,0,0,0,0,0
ActPlane,3dae89cd06ae,complete,codex:rollout-2026-06-12T23-22-34-019ebfa5-7d5b-76a2-94b7-fb066ce0b27a:4952,codex:rollout-2026-06-12T23-22-34-019ebfa5-7d5b-76a2-94b7-fb066ce0b27a:4965,49907,49951,44,238860,2,0,0,1,0,0
ActPlane,3dae89cd06ae,complete,codex:rollout-2026-06-12T23-22-34-019ebfa5-7d5b-76a2-94b7-fb066ce0b27a:4965,codex:rollout-2026-06-12T23-22-34-019ebfa5-7d5b-76a2-94b7-fb066ce0b27a:4966,49951,49952,1,41,1,0,0,0,0,0
ActPlane,3dae89cd06ae,complete,codex:rollout-2026-06-12T23-22-34-019ebfa5-7d5b-76a2-94b7-fb066ce0b27a:4966,codex:rollout-2026-06-12T23-22-34-019ebfa5-7d5b-76a2-94b7-fb066ce0b27a:4968,49952,49954,2,11854,1,0,0,0,0,0
ActPlane,3dae89cd06ae,complete,codex:rollout-2026-06-12T23-22-34-019ebfa5-7d5b-76a2-94b7-fb066ce0b27a:4968,codex:rollout-2026-06-12T23-22-34-019ebfa5-7d5b-76a2-94b7-fb066ce0b27a:4970,49954,49956,2,2933,1,0,0,0,0,0
ActPlane,3dae89cd06ae,complete,codex:rollout-2026-06-12T23-22-34-019ebfa5-7d5b-76a2-94b7-fb066ce0b27a:4970,codex:rollout-2026-06-12T23-22-34-019ebfa5-7d5b-76a2-94b7-fb066ce0b27a:4971,49956,49957,1,4694,1,0,0,0,0,0
ActPlane,3dae89cd06ae,complete,codex:rollout-2026-06-12T23-22-34-019ebfa5-7d5b-76a2-94b7-fb066ce0b27a:4971,codex:rollout-2026-06-12T23-22-34-019ebfa5-7d5b-76a2-94b7-fb066ce0b27a:4972,49957,49958,1,28610,1,0,0,0,0,0
ActPlane,3dae89cd06ae,complete,codex:rollout-2026-06-12T23-22-34-019ebfa5-7d5b-76a2-94b7-fb066ce0b27a:4972,codex:rollout-2026-06-12T23-22-34-019ebfa5-7d5b-76a2-94b7-fb066ce0b27a:4999,49958,49996,38,261669,2,0,0,2,0,0
ActPlane,3dae89cd06ae,complete,codex:rollout-2026-06-12T23-22-34-019ebfa5-7d5b-76a2-94b7-fb066ce0b27a:4999,codex:rollout-2026-06-12T23-22-34-019ebfa5-7d5b-76a2-94b7-fb066ce0b27a:5007,49996,50004,8,57503,1,0,0,0,0,0
ActPlane,3dae89cd06ae,complete,codex:rollout-2026-06-12T23-22-34-019ebfa5-7d5b-76a2-94b7-fb066ce0b27a:5007,codex:rollout-2026-06-12T23-22-34-019ebfa5-7d5b-76a2-94b7-fb066ce0b27a:5009,50004,50006,2,131,1,0,0,0,0,0
ActPlane,3dae89cd06ae,complete,codex:rollout-2026-06-12T23-22-34-019ebfa5-7d5b-76a2-94b7-fb066ce0b27a:5009,codex:rollout-2026-06-12T23-22-34-019ebfa5-7d5b-76a2-94b7-fb066ce0b27a:5018,50006,50038,32,175800,2,0,0,0,0,0
ActPlane,3dae89cd06ae,complete,codex:rollout-2026-06-12T23-22-34-019ebfa5-7d5b-76a2-94b7-fb066ce0b27a:5018,codex:rollout-2026-06-12T23-22-34-019ebfa5-7d5b-76a2-94b7-fb066ce0b27a:5019,50038,50039,1,193,1,0,0,0,0,0
ActPlane,3dae89cd06ae,complete,codex:rollout-2026-06-12T23-22-34-019ebfa5-7d5b-76a2-94b7-fb066ce0b27a:5019,codex:rollout-2026-06-12T23-22-34-019ebfa5-7d5b-76a2-94b7-fb066ce0b27a:5020,50039,50040,1,9045,1,0,0,0,0,0
ActPlane,3dae89cd06ae,complete,codex:rollout-2026-06-12T23-22-34-019ebfa5-7d5b-76a2-94b7-fb066ce0b27a:5020,codex:rollout-2026-06-12T23-22-34-019ebfa5-7d5b-76a2-94b7-fb066ce0b27a:5022,50040,50042,2,1,1,0,0,0,0,0
ActPlane,3dae89cd06ae,complete,codex:rollout-2026-06-12T23-22-34-019ebfa5-7d5b-76a2-94b7-fb066ce0b27a:5022,codex:rollout-2026-06-12T23-22-34-019ebfa5-7d5b-76a2-94b7-fb066ce0b27a:5070,50042,50090,48,346819,1,0,0,1,0,0
ActPlane,3dae89cd06ae,complete,codex:rollout-2026-06-12T23-22-34-019ebfa5-7d5b-76a2-94b7-fb066ce0b27a:5070,codex:rollout-2026-06-12T23-22-34-019ebfa5-7d5b-76a2-94b7-fb066ce0b27a:5080,50090,50100,10,88956,1,0,0,0,0,0
ActPlane,3dae89cd06ae,complete,codex:rollout-2026-06-12T23-22-34-019ebfa5-7d5b-76a2-94b7-fb066ce0b27a:5080,codex:rollout-2026-06-12T23-22-34-019ebfa5-7d5b-76a2-94b7-fb066ce0b27a:5083,50100,50103,3,42,1,0,0,1,0,0
ActPlane,3dae89cd06ae,complete,codex:rollout-2026-06-12T23-22-34-019ebfa5-7d5b-76a2-94b7-fb066ce0b27a:5083,codex:rollout-2026-06-12T23-22-34-019ebfa5-7d5b-76a2-94b7-fb066ce0b27a:5087,50103,50107,4,28658,1,0,0,0,0,0
ActPlane,3dae89cd06ae,complete,codex:rollout-2026-06-12T23-22-34-019ebfa5-7d5b-76a2-94b7-fb066ce0b27a:5087,codex:rollout-2026-06-12T23-22-34-019ebfa5-7d5b-76a2-94b7-fb066ce0b27a:5088,50107,50108,1,0,1,0,0,0,0,0
ActPlane,3dae89cd06ae,complete,codex:rollout-2026-06-12T23-22-34-019ebfa5-7d5b-76a2-94b7-fb066ce0b27a:5088,codex:rollout-2026-06-12T23-22-34-019ebfa5-7d5b-76a2-94b7-fb066ce0b27a:5089,50108,50109,1,0,1,0,0,0,0,0
ActPlane,3dae89cd06ae,complete,codex:rollout-2026-06-12T23-22-34-019ebfa5-7d5b-76a2-94b7-fb066ce0b27a:5089,codex:rollout-2026-06-12T23-22-34-019ebfa5-7d5b-76a2-94b7-fb066ce0b27a:5090,50109,50110,1,26,1,0,0,0,0,0
ActPlane,3dae89cd06ae,complete,codex:rollout-2026-06-12T23-22-34-019ebfa5-7d5b-76a2-94b7-fb066ce0b27a:5090,codex:rollout-2026-06-12T23-22-34-019ebfa5-7d5b-76a2-94b7-fb066ce0b27a:5091,50110,50111,1,5385,1,0,0,0,0,0
ActPlane,3dae89cd06ae,complete,codex:rollout-2026-06-12T23-22-34-019ebfa5-7d5b-76a2-94b7-fb066ce0b27a:5091,codex:rollout-2026-06-14T12-51-48-019ec7b0-bb7c-7671-b0c3-9b64645e9b47:21,50111,50140,29,79787,2,0,0,0,0,0
ActPlane,3dae89cd06ae,complete,codex:rollout-2026-06-14T12-51-48-019ec7b0-bb7c-7671-b0c3-9b64645e9b47:21,codex:rollout-2026-06-14T12-51-48-019ec7b0-bb7c-7671-b0c3-9b64645e9b47:22,50140,50141,1,1,1,0,0,0,0,0
ActPlane,3dae89cd06ae,complete,codex:rollout-2026-06-14T12-51-48-019ec7b0-bb7c-7671-b0c3-9b64645e9b47:22,codex:rollout-2026-06-14T12-51-48-019ec7b0-bb7c-7671-b0c3-9b64645e9b47:23,50141,50142,1,50,1,0,0,0,0,0
ActPlane,3dae89cd06ae,complete,codex:rollout-2026-06-14T12-51-48-019ec7b0-bb7c-7671-b0c3-9b64645e9b47:23,codex:rollout-2026-06-14T12-51-48-019ec7b0-bb7c-7671-b0c3-9b64645e9b47:37,50142,50156,14,70520,1,0,0,0,0,0
ActPlane,3dae89cd06ae,complete,codex:rollout-2026-06-14T12-51-48-019ec7b0-bb7c-7671-b0c3-9b64645e9b47:37,codex:rollout-2026-06-12T23-22-34-019ebfa5-7d5b-76a2-94b7-fb066ce0b27a:5099,50156,50161,5,81185,2,0,0,0,0,0
ActPlane,3dae89cd06ae,complete,codex:rollout-2026-06-12T23-22-34-019ebfa5-7d5b-76a2-94b7-fb066ce0b27a:5099,codex:rollout-2026-06-12T23-22-34-019ebfa5-7d5b-76a2-94b7-fb066ce0b27a:5117,50161,50179,18,102613,1,0,0,0,0,0
ActPlane,3dae89cd06ae,complete,codex:rollout-2026-06-12T23-22-34-019ebfa5-7d5b-76a2-94b7-fb066ce0b27a:5117,codex:rollout-2026-06-12T23-22-34-019ebfa5-7d5b-76a2-94b7-fb066ce0b27a:5118,50179,50180,1,0,1,0,0,0,0,0
ActPlane,3dae89cd06ae,complete,codex:rollout-2026-06-12T23-22-34-019ebfa5-7d5b-76a2-94b7-fb066ce0b27a:5118,codex:rollout-2026-06-12T23-22-34-019ebfa5-7d5b-76a2-94b7-fb066ce0b27a:5119,50180,50181,1,0,1,0,0,0,0,0
ActPlane,3dae89cd06ae,complete,codex:rollout-2026-06-12T23-22-34-019ebfa5-7d5b-76a2-94b7-fb066ce0b27a:5119,codex:rollout-2026-06-12T23-22-34-019ebfa5-7d5b-76a2-94b7-fb066ce0b27a:5120,50181,50182,1,709,1,0,0,0,0,0
ActPlane,3dae89cd06ae,complete,codex:rollout-2026-06-12T23-22-34-019ebfa5-7d5b-76a2-94b7-fb066ce0b27a:5120,codex:rollout-2026-06-12T23-22-34-019ebfa5-7d5b-76a2-94b7-fb066ce0b27a:5122,50182,50184,2,15988,1,0,0,0,0,0
ActPlane,3dae89cd06ae,complete,codex:rollout-2026-06-12T23-22-34-019ebfa5-7d5b-76a2-94b7-fb066ce0b27a:5122,codex:rollout-2026-06-12T23-22-34-019ebfa5-7d5b-76a2-94b7-fb066ce0b27a:5124,50184,50186,2,65,1,0,0,0,0,0
ActPlane,3dae89cd06ae,complete,codex:rollout-2026-06-12T23-22-34-019ebfa5-7d5b-76a2-94b7-fb066ce0b27a:5124,codex:rollout-2026-06-14T12-51-48-019ec7b0-bb7c-7671-b0c3-9b64645e9b47:49,50186,50196,10,58078,2,0,0,0,0,0
ActPlane,3dae89cd06ae,complete,codex:rollout-2026-06-14T12-51-48-019ec7b0-bb7c-7671-b0c3-9b64645e9b47:49,codex:rollout-2026-06-14T12-51-48-019ec7b0-bb7c-7671-b0c3-9b64645e9b47:50,50196,50197,1,3,1,0,0,0,0,0
ActPlane,3dae89cd06ae,complete,codex:rollout-2026-06-14T12-51-48-019ec7b0-bb7c-7671-b0c3-9b64645e9b47:50,codex:rollout-2026-06-14T12-51-48-019ec7b0-bb7c-7671-b0c3-9b64645e9b47:51,50197,50198,1,72,1,0,0,0,0,0
ActPlane,3dae89cd06ae,complete,codex:rollout-2026-06-14T12-51-48-019ec7b0-bb7c-7671-b0c3-9b64645e9b47:51,codex:rollout-2026-06-12T23-22-34-019ebfa5-7d5b-76a2-94b7-fb066ce0b27a:5144,50198,50216,18,185150,1,0,0,0,0,0
ActPlane,3dae89cd06ae,complete,codex:rollout-2026-06-12T23-22-34-019ebfa5-7d5b-76a2-94b7-fb066ce0b27a:5144,codex:rollout-2026-06-12T23-22-34-019ebfa5-7d5b-76a2-94b7-fb066ce0b27a:5147,50216,50219,3,8357,1,0,0,1,0,0
ActPlane,3dae89cd06ae,complete,codex:rollout-2026-06-12T23-22-34-019ebfa5-7d5b-76a2-94b7-fb066ce0b27a:5147,codex:rollout-2026-06-12T23-22-34-019ebfa5-7d5b-76a2-94b7-fb066ce0b27a:5159,50219,50231,12,62001,1,0,0,4,0,0
ActPlane,3dae89cd06ae,complete,codex:rollout-2026-06-12T23-22-34-019ebfa5-7d5b-76a2-94b7-fb066ce0b27a:5159,codex:rollout-2026-06-12T23-22-34-019ebfa5-7d5b-76a2-94b7-fb066ce0b27a:5160,50231,50232,1,18,1,0,0,0,0,0
ActPlane,3dae89cd06ae,complete,codex:rollout-2026-06-12T23-22-34-019ebfa5-7d5b-76a2-94b7-fb066ce0b27a:5160,codex:rollout-2026-06-12T23-22-34-019ebfa5-7d5b-76a2-94b7-fb066ce0b27a:5161,50232,50233,1,19,1,0,0,0,0,0
ActPlane,3dae89cd06ae,complete,codex:rollout-2026-06-12T23-22-34-019ebfa5-7d5b-76a2-94b7-fb066ce0b27a:5161,codex:rollout-2026-06-12T23-22-34-019ebfa5-7d5b-76a2-94b7-fb066ce0b27a:5162,50233,50234,1,53,1,0,0,0,0,0
ActPlane,3dae89cd06ae,complete,codex:rollout-2026-06-12T23-22-34-019ebfa5-7d5b-76a2-94b7-fb066ce0b27a:5162,codex:rollout-2026-06-12T23-22-34-019ebfa5-7d5b-76a2-94b7-fb066ce0b27a:5172,50234,50244,10,53932,1,0,0,0,0,0
ActPlane,3dae89cd06ae,complete,codex:rollout-2026-06-12T23-22-34-019ebfa5-7d5b-76a2-94b7-fb066ce0b27a:5172,codex:rollout-2026-06-12T23-22-34-019ebfa5-7d5b-76a2-94b7-fb066ce0b27a:5174,50244,50246,2,45,1,0,0,0,0,0
ActPlane,3dae89cd06ae,complete,codex:rollout-2026-06-12T23-22-34-019ebfa5-7d5b-76a2-94b7-fb066ce0b27a:5174,codex:rollout-2026-06-14T13-03-49-019ec7bb-b962-7343-874a-5c0c3973e088:30,50246,50288,42,154559,2,0,0,0,0,0
ActPlane,3dae89cd06ae,complete,codex:rollout-2026-06-14T13-03-49-019ec7bb-b962-7343-874a-5c0c3973e088:30,codex:rollout-2026-06-14T13-03-49-019ec7bb-b962-7343-874a-5c0c3973e088:33,50288,50291,3,41,1,0,0,0,0,0
ActPlane,3dae89cd06ae,complete,codex:rollout-2026-06-14T13-03-49-019ec7bb-b962-7343-874a-5c0c3973e088:33,codex:rollout-2026-06-14T13-03-49-019ec7bb-b962-7343-874a-5c0c3973e088:40,50291,50298,7,34978,1,0,0,0,0,0
ActPlane,3dae89cd06ae,complete,codex:rollout-2026-06-14T13-03-49-019ec7bb-b962-7343-874a-5c0c3973e088:40,codex:rollout-2026-06-14T13-03-49-019ec7bb-b962-7343-874a-5c0c3973e088:42,50298,50300,2,33,1,0,0,1,0,0
ActPlane,3dae89cd06ae,complete,codex:rollout-2026-06-14T13-03-49-019ec7bb-b962-7343-874a-5c0c3973e088:42,codex:rollout-2026-06-14T13-03-49-019ec7bb-b962-7343-874a-5c0c3973e088:43,50300,50301,1,7677,1,0,0,0,0,0
ActPlane,3dae89cd06ae,complete,codex:rollout-2026-06-14T13-03-49-019ec7bb-b962-7343-874a-5c0c3973e088:43,codex:rollout-2026-06-14T13-03-49-019ec7bb-b962-7343-874a-5c0c3973e088:44,50301,50302,1,0,1,0,0,0,0,0
ActPlane,3dae89cd06ae,complete,codex:rollout-2026-06-14T13-03-49-019ec7bb-b962-7343-874a-5c0c3973e088:44,codex:rollout-2026-06-14T13-03-49-019ec7bb-b962-7343-874a-5c0c3973e088:45,50302,50303,1,0,1,0,0,0,0,0
ActPlane,3dae89cd06ae,complete,codex:rollout-2026-06-14T13-03-49-019ec7bb-b962-7343-874a-5c0c3973e088:45,codex:rollout-2026-06-12T23-22-34-019ebfa5-7d5b-76a2-94b7-fb066ce0b27a:5188,50303,50311,8,52047,2,0,0,0,0,0
ActPlane,3dae89cd06ae,complete,codex:rollout-2026-06-12T23-22-34-019ebfa5-7d5b-76a2-94b7-fb066ce0b27a:5188,codex:rollout-2026-06-14T13-03-49-019ec7bb-b962-7343-874a-5c0c3973e088:58,50311,50323,12,39880,2,0,0,0,0,0
ActPlane,3dae89cd06ae,complete,codex:rollout-2026-06-14T13-03-49-019ec7bb-b962-7343-874a-5c0c3973e088:58,codex:rollout-2026-06-14T13-03-49-019ec7bb-b962-7343-874a-5c0c3973e088:59,50323,50324,1,7,1,0,0,0,0,0
ActPlane,3dae89cd06ae,complete,codex:rollout-2026-06-14T13-03-49-019ec7bb-b962-7343-874a-5c0c3973e088:59,codex:rollout-2026-06-14T13-03-49-019ec7bb-b962-7343-874a-5c0c3973e088:60,50324,50325,1,0,1,0,0,0,0,0
ActPlane,3dae89cd06ae,complete,codex:rollout-2026-06-14T13-03-49-019ec7bb-b962-7343-874a-5c0c3973e088:60,codex:rollout-2026-06-14T13-03-49-019ec7bb-b962-7343-874a-5c0c3973e088:62,50325,50327,2,7317,1,0,0,0,0,0
ActPlane,3dae89cd06ae,complete,codex:rollout-2026-06-14T13-03-49-019ec7bb-b962-7343-874a-5c0c3973e088:62,codex:rollout-2026-06-12T23-22-34-019ebfa5-7d5b-76a2-94b7-fb066ce0b27a:5206,50327,50346,19,171938,2,0,0,1,0,0
ActPlane,3dae89cd06ae,complete,codex:rollout-2026-06-12T23-22-34-019ebfa5-7d5b-76a2-94b7-fb066ce0b27a:5206,codex:rollout-2026-06-12T23-22-34-019ebfa5-7d5b-76a2-94b7-fb066ce0b27a:5207,50346,50347,1,14,1,0,0,0,0,0
ActPlane,3dae89cd06ae,complete,codex:rollout-2026-06-12T23-22-34-019ebfa5-7d5b-76a2-94b7-fb066ce0b27a:5207,codex:rollout-2026-06-12T23-22-34-019ebfa5-7d5b-76a2-94b7-fb066ce0b27a:5208,50347,50348,1,14,1,0,0,0,0,0
ActPlane,3dae89cd06ae,complete,codex:rollout-2026-06-12T23-22-34-019ebfa5-7d5b-76a2-94b7-fb066ce0b27a:5208,codex:rollout-2026-06-12T23-22-34-019ebfa5-7d5b-76a2-94b7-fb066ce0b27a:5210,50348,50350,2,10937,1,0,0,0,0,0
ActPlane,3dae89cd06ae,complete,codex:rollout-2026-06-12T23-22-34-019ebfa5-7d5b-76a2-94b7-fb066ce0b27a:5210,codex:rollout-2026-06-12T23-22-34-019ebfa5-7d5b-76a2-94b7-fb066ce0b27a:5212,50350,50352,2,24,1,0,0,0,0,0
ActPlane,3dae89cd06ae,complete,codex:rollout-2026-06-12T23-22-34-019ebfa5-7d5b-76a2-94b7-fb066ce0b27a:5212,codex:rollout-2026-06-12T23-22-34-019ebfa5-7d5b-76a2-94b7-fb066ce0b27a:5215,50352,50356,4,19372,2,0,0,0,0,0
ActPlane,3dae89cd06ae,complete,codex:rollout-2026-06-12T23-22-34-019ebfa5-7d5b-76a2-94b7-fb066ce0b27a:5215,codex:rollout-2026-06-12T23-22-34-019ebfa5-7d5b-76a2-94b7-fb066ce0b27a:5221,50356,50370,14,17820,2,0,0,0,0,0
ActPlane,3dae89cd06ae,complete,codex:rollout-2026-06-12T23-22-34-019ebfa5-7d5b-76a2-94b7-fb066ce0b27a:5221,codex:rollout-2026-06-12T23-22-34-019ebfa5-7d5b-76a2-94b7-fb066ce0b27a:5222,50370,50371,1,206,1,0,0,0,0,0
ActPlane,3dae89cd06ae,complete,codex:rollout-2026-06-12T23-22-34-019ebfa5-7d5b-76a2-94b7-fb066ce0b27a:5222,codex:rollout-2026-06-14T13-03-49-019ec7bb-b962-7343-874a-5c0c3973e088:83,50371,50379,8,24810,2,0,0,0,0,0
ActPlane,3dae89cd06ae,complete,codex:rollout-2026-06-14T13-03-49-019ec7bb-b962-7343-874a-5c0c3973e088:83,codex:rollout-2026-06-14T13-03-49-019ec7bb-b962-7343-874a-5c0c3973e088:84,50379,50380,1,69,1,0,0,0,0,0
ActPlane,3dae89cd06ae,complete,codex:rollout-2026-06-14T13-03-49-019ec7bb-b962-7343-874a-5c0c3973e088:84,codex:rollout-2026-06-14T13-03-49-019ec7bb-b962-7343-874a-5c0c3973e088:86,50380,50382,2,9390,1,0,0,0,0,0
ActPlane,3dae89cd06ae,complete,codex:rollout-2026-06-14T13-03-49-019ec7bb-b962-7343-874a-5c0c3973e088:86,codex:rollout-2026-06-14T13-03-49-019ec7bb-b962-7343-874a-5c0c3973e088:87,50382,50383,1,0,1,0,0,0,0,0
ActPlane,3dae89cd06ae,complete,codex:rollout-2026-06-14T13-03-49-019ec7bb-b962-7343-874a-5c0c3973e088:87,codex:rollout-2026-06-14T13-03-49-019ec7bb-b962-7343-874a-5c0c3973e088:88,50383,50384,1,64,1,0,0,0,0,0
ActPlane,3dae89cd06ae,complete,codex:rollout-2026-06-14T13-03-49-019ec7bb-b962-7343-874a-5c0c3973e088:88,codex:rollout-2026-06-14T13-03-49-019ec7bb-b962-7343-874a-5c0c3973e088:89,50384,50385,1,6940,1,0,0,0,0,0
ActPlane,3dae89cd06ae,complete,codex:rollout-2026-06-14T13-03-49-019ec7bb-b962-7343-874a-5c0c3973e088:89,codex:rollout-2026-06-14T13-03-49-019ec7bb-b962-7343-874a-5c0c3973e088:90,50385,50386,1,0,1,0,0,0,0,0
ActPlane,3dae89cd06ae,complete,codex:rollout-2026-06-14T13-03-49-019ec7bb-b962-7343-874a-5c0c3973e088:90,codex:rollout-2026-06-12T23-22-34-019ebfa5-7d5b-76a2-94b7-fb066ce0b27a:5225,50386,50391,5,35667,2,0,0,0,0,0
ActPlane,3dae89cd06ae,complete,codex:rollout-2026-06-12T23-22-34-019ebfa5-7d5b-76a2-94b7-fb066ce0b27a:5225,codex:rollout-2026-06-12T23-22-34-019ebfa5-7d5b-76a2-94b7-fb066ce0b27a:5229,50391,50395,4,40245,1,0,0,1,0,0
ActPlane,3dae89cd06ae,complete,codex:rollout-2026-06-12T23-22-34-019ebfa5-7d5b-76a2-94b7-fb066ce0b27a:5229,codex:rollout-2026-06-12T23-22-34-019ebfa5-7d5b-76a2-94b7-fb066ce0b27a:5230,50395,50396,1,7771,1,0,0,0,0,0
ActPlane,3dae89cd06ae,complete,codex:rollout-2026-06-12T23-22-34-019ebfa5-7d5b-76a2-94b7-fb066ce0b27a:5230,codex:rollout-2026-06-12T23-22-34-019ebfa5-7d5b-76a2-94b7-fb066ce0b27a:5247,50396,50413,17,164806,1,0,0,1,0,0
ActPlane,3dae89cd06ae,complete,codex:rollout-2026-06-12T23-22-34-019ebfa5-7d5b-76a2-94b7-fb066ce0b27a:5247,codex:rollout-2026-06-12T23-22-34-019ebfa5-7d5b-76a2-94b7-fb066ce0b27a:5248,50413,50414,1,1,1,0,0,0,0,0
ActPlane,3dae89cd06ae,complete,codex:rollout-2026-06-12T23-22-34-019ebfa5-7d5b-76a2-94b7-fb066ce0b27a:5248,codex:rollout-2026-06-12T23-22-34-019ebfa5-7d5b-76a2-94b7-fb066ce0b27a:5249,50414,50415,1,49,1,0,0,0,0,0
ActPlane,3dae89cd06ae,complete,codex:rollout-2026-06-12T23-22-34-019ebfa5-7d5b-76a2-94b7-fb066ce0b27a:5249,codex:rollout-2026-06-12T23-22-34-019ebfa5-7d5b-76a2-94b7-fb066ce0b27a:5257,50415,50423,8,67048,1,0,0,0,0,0
ActPlane,3dae89cd06ae,complete,codex:rollout-2026-06-12T23-22-34-019ebfa5-7d5b-76a2-94b7-fb066ce0b27a:5257,codex:rollout-2026-06-12T23-22-34-019ebfa5-7d5b-76a2-94b7-fb066ce0b27a:5260,50423,50426,3,5492,1,0,0,1,0,0
ActPlane,3dae89cd06ae,complete,codex:rollout-2026-06-12T23-22-34-019ebfa5-7d5b-76a2-94b7-fb066ce0b27a:5260,codex:rollout-2026-06-12T23-22-34-019ebfa5-7d5b-76a2-94b7-fb066ce0b27a:5261,50426,50427,1,27,1,0,0,0,0,0
ActPlane,3dae89cd06ae,complete,codex:rollout-2026-06-12T23-22-34-019ebfa5-7d5b-76a2-94b7-fb066ce0b27a:5261,codex:rollout-2026-06-12T23-22-34-019ebfa5-7d5b-76a2-94b7-fb066ce0b27a:5264,50427,50431,4,24652,2,0,0,0,0,0
ActPlane,3dae89cd06ae,complete,codex:rollout-2026-06-12T23-22-34-019ebfa5-7d5b-76a2-94b7-fb066ce0b27a:5264,codex:rollout-2026-06-12T23-22-34-019ebfa5-7d5b-76a2-94b7-fb066ce0b27a:5288,50431,50494,63,313408,2,0,0,1,0,0
ActPlane,3dae89cd06ae,complete,codex:rollout-2026-06-12T23-22-34-019ebfa5-7d5b-76a2-94b7-fb066ce0b27a:5288,codex:rollout-2026-06-12T23-22-34-019ebfa5-7d5b-76a2-94b7-fb066ce0b27a:5289,50494,50495,1,0,1,0,0,0,0,0
ActPlane,3dae89cd06ae,complete,codex:rollout-2026-06-12T23-22-34-019ebfa5-7d5b-76a2-94b7-fb066ce0b27a:5289,codex:rollout-2026-06-12T23-22-34-019ebfa5-7d5b-76a2-94b7-fb066ce0b27a:5290,50495,50496,1,41,1,0,0,0,0,0
ActPlane,3dae89cd06ae,complete,codex:rollout-2026-06-12T23-22-34-019ebfa5-7d5b-76a2-94b7-fb066ce0b27a:5290,codex:rollout-2026-06-12T23-22-34-019ebfa5-7d5b-76a2-94b7-fb066ce0b27a:5292,50496,50498,2,13894,1,0,0,0,0,0
ActPlane,3dae89cd06ae,complete,codex:rollout-2026-06-12T23-22-34-019ebfa5-7d5b-76a2-94b7-fb066ce0b27a:5292,codex:rollout-2026-06-12T23-22-34-019ebfa5-7d5b-76a2-94b7-fb066ce0b27a:5294,50498,50500,2,1,1,0,0,0,0,0
ActPlane,3dae89cd06ae,complete,codex:rollout-2026-06-12T23-22-34-019ebfa5-7d5b-76a2-94b7-fb066ce0b27a:5294,codex:rollout-2026-06-14T13-18-20-019ec7c9-0612-7af2-8c1e-27b7b2c48308:48,50500,50516,16,67699,2,0,0,0,0,0
ActPlane,3dae89cd06ae,complete,codex:rollout-2026-06-14T13-18-20-019ec7c9-0612-7af2-8c1e-27b7b2c48308:48,codex:rollout-2026-06-14T13-18-20-019ec7c9-0612-7af2-8c1e-27b7b2c48308:49,50516,50517,1,3,1,0,0,0,0,0
ActPlane,3dae89cd06ae,complete,codex:rollout-2026-06-14T13-18-20-019ec7c9-0612-7af2-8c1e-27b7b2c48308:49,codex:rollout-2026-06-12T23-22-34-019ebfa5-7d5b-76a2-94b7-fb066ce0b27a:5303,50517,50526,9,52997,2,0,0,0,0,0
ActPlane,3dae89cd06ae,complete,codex:rollout-2026-06-12T23-22-34-019ebfa5-7d5b-76a2-94b7-fb066ce0b27a:5303,codex:rollout-2026-06-12T23-22-34-019ebfa5-7d5b-76a2-94b7-fb066ce0b27a:5319,50526,50542,16,152211,1,0,0,0,0,0
ActPlane,3dae89cd06ae,complete,codex:rollout-2026-06-12T23-22-34-019ebfa5-7d5b-76a2-94b7-fb066ce0b27a:5319,codex:rollout-2026-06-12T23-22-34-019ebfa5-7d5b-76a2-94b7-fb066ce0b27a:5322,50542,50545,3,3404,1,0,0,0,0,0
ActPlane,3dae89cd06ae,complete,codex:rollout-2026-06-12T23-22-34-019ebfa5-7d5b-76a2-94b7-fb066ce0b27a:5322,codex:rollout-2026-06-12T23-22-34-019ebfa5-7d5b-76a2-94b7-fb066ce0b27a:5358,50545,50581,36,203415,1,0,0,1,0,0
ActPlane,3dae89cd06ae,complete,codex:rollout-2026-06-12T23-22-34-019ebfa5-7d5b-76a2-94b7-fb066ce0b27a:5358,codex:rollout-2026-06-12T23-22-34-019ebfa5-7d5b-76a2-94b7-fb066ce0b27a:5360,50581,50583,2,9934,1,0,0,0,0,0
ActPlane,3dae89cd06ae,complete,codex:rollout-2026-06-12T23-22-34-019ebfa5-7d5b-76a2-94b7-fb066ce0b27a:5360,codex:rollout-2026-06-12T23-22-34-019ebfa5-7d5b-76a2-94b7-fb066ce0b27a:5362,50583,50585,2,29,1,0,0,0,0,0
ActPlane,3dae89cd06ae,complete,codex:rollout-2026-06-12T23-22-34-019ebfa5-7d5b-76a2-94b7-fb066ce0b27a:5362,codex:rollout-2026-06-12T23-22-34-019ebfa5-7d5b-76a2-94b7-fb066ce0b27a:5373,50585,50611,26,69222,2,0,0,1,0,0
ActPlane,3dae89cd06ae,complete,codex:rollout-2026-06-12T23-22-34-019ebfa5-7d5b-76a2-94b7-fb066ce0b27a:5373,codex:rollout-2026-06-12T23-22-34-019ebfa5-7d5b-76a2-94b7-fb066ce0b27a:5376,50611,50616,5,16066,2,0,0,0,0,0
ActPlane,3dae89cd06ae,complete,codex:rollout-2026-06-12T23-22-34-019ebfa5-7d5b-76a2-94b7-fb066ce0b27a:5376,codex:rollout-2026-06-12T23-22-34-019ebfa5-7d5b-76a2-94b7-fb066ce0b27a:5378,50616,50618,2,27,1,0,0,0,0,0
ActPlane,3dae89cd06ae,complete,codex:rollout-2026-06-12T23-22-34-019ebfa5-7d5b-76a2-94b7-fb066ce0b27a:5378,codex:rollout-2026-06-14T13-32-25-019ec7d5-e7e0-7e83-86d5-d9a6aa0dc261:29,50618,50632,14,84331,2,0,0,0,0,0
ActPlane,3dae89cd06ae,complete,codex:rollout-2026-06-14T13-32-25-019ec7d5-e7e0-7e83-86d5-d9a6aa0dc261:29,codex:rollout-2026-06-12T23-22-34-019ebfa5-7d5b-76a2-94b7-fb066ce0b27a:5385,50632,50638,6,115898,1,0,0,1,0,0
ActPlane,3dae89cd06ae,complete,codex:rollout-2026-06-12T23-22-34-019ebfa5-7d5b-76a2-94b7-fb066ce0b27a:5385,codex:rollout-2026-06-12T23-22-34-019ebfa5-7d5b-76a2-94b7-fb066ce0b27a:5387,50638,50640,2,10541,1,0,0,0,0,0
ActPlane,3dae89cd06ae,complete,codex:rollout-2026-06-12T23-22-34-019ebfa5-7d5b-76a2-94b7-fb066ce0b27a:5387,codex:rollout-2026-06-12T23-22-34-019ebfa5-7d5b-76a2-94b7-fb066ce0b27a:5389,50640,50642,2,50,1,0,0,0,0,0
ActPlane,3dae89cd06ae,complete,codex:rollout-2026-06-12T23-22-34-019ebfa5-7d5b-76a2-94b7-fb066ce0b27a:5389,codex:rollout-2026-06-14T13-32-25-019ec7d5-e7e0-7e83-86d5-d9a6aa0dc261:40,50642,50655,13,61401,2,0,0,0,0,0
ActPlane,3dae89cd06ae,complete,codex:rollout-2026-06-14T13-32-25-019ec7d5-e7e0-7e83-86d5-d9a6aa0dc261:40,codex:rollout-2026-06-12T23-22-34-019ebfa5-7d5b-76a2-94b7-fb066ce0b27a:5397,50655,50662,7,92816,2,0,0,1,0,0
ActPlane,3dae89cd06ae,complete,codex:rollout-2026-06-12T23-22-34-019ebfa5-7d5b-76a2-94b7-fb066ce0b27a:5397,codex:rollout-2026-06-12T23-22-34-019ebfa5-7d5b-76a2-94b7-fb066ce0b27a:5399,50662,50664,2,9399,1,0,0,0,0,0
ActPlane,3dae89cd06ae,complete,codex:rollout-2026-06-12T23-22-34-019ebfa5-7d5b-76a2-94b7-fb066ce0b27a:5399,codex:rollout-2026-06-12T23-22-34-019ebfa5-7d5b-76a2-94b7-fb066ce0b27a:5401,50664,50666,2,60,1,0,0,0,0,0
ActPlane,3dae89cd06ae,complete,codex:rollout-2026-06-12T23-22-34-019ebfa5-7d5b-76a2-94b7-fb066ce0b27a:5401,codex:rollout-2026-06-14T13-32-25-019ec7d5-e7e0-7e83-86d5-d9a6aa0dc261:48,50666,50675,9,60750,2,0,0,0,0,0
ActPlane,3dae89cd06ae,complete,codex:rollout-2026-06-14T13-32-25-019ec7d5-e7e0-7e83-86d5-d9a6aa0dc261:48,codex:rollout-2026-06-12T23-22-34-019ebfa5-7d5b-76a2-94b7-fb066ce0b27a:5421,50675,50697,22,249339,2,0,0,1,0,0
ActPlane,3dae89cd06ae,complete,codex:rollout-2026-06-12T23-22-34-019ebfa5-7d5b-76a2-94b7-fb066ce0b27a:5421,codex:rollout-2026-06-12T23-22-34-019ebfa5-7d5b-76a2-94b7-fb066ce0b27a:5422,50697,50698,1,27,1,0,0,0,0,0
ActPlane,3dae89cd06ae,complete,codex:rollout-2026-06-12T23-22-34-019ebfa5-7d5b-76a2-94b7-fb066ce0b27a:5422,codex:rollout-2026-06-12T23-22-34-019ebfa5-7d5b-76a2-94b7-fb066ce0b27a:5433,50698,50709,11,62831,1,0,0,0,0,0
ActPlane,3dae89cd06ae,complete,codex:rollout-2026-06-12T23-22-34-019ebfa5-7d5b-76a2-94b7-fb066ce0b27a:5433,codex:rollout-2026-06-12T23-22-34-019ebfa5-7d5b-76a2-94b7-fb066ce0b27a:5435,50709,50711,2,36,1,0,0,0,0,0
ActPlane,3dae89cd06ae,complete,codex:rollout-2026-06-12T23-22-34-019ebfa5-7d5b-76a2-94b7-fb066ce0b27a:5435,codex:rollout-2026-06-12T23-22-34-019ebfa5-7d5b-76a2-94b7-fb066ce0b27a:5448,50711,50724,13,63733,1,0,0,0,0,0
ActPlane,3dae89cd06ae,complete,codex:rollout-2026-06-12T23-22-34-019ebfa5-7d5b-76a2-94b7-fb066ce0b27a:5448,codex:rollout-2026-06-12T23-22-34-019ebfa5-7d5b-76a2-94b7-fb066ce0b27a:5450,50724,50726,2,256,1,0,0,0,0,0
ActPlane,3dae89cd06ae,complete,codex:rollout-2026-06-12T23-22-34-019ebfa5-7d5b-76a2-94b7-fb066ce0b27a:5450,codex:rollout-2026-06-12T23-22-34-019ebfa5-7d5b-76a2-94b7-fb066ce0b27a:5454,50726,50730,4,15305,1,0,0,0,0,0
ActPlane,3dae89cd06ae,complete,codex:rollout-2026-06-12T23-22-34-019ebfa5-7d5b-76a2-94b7-fb066ce0b27a:5454,codex:rollout-2026-06-14T13-47-11-019ec7e3-6d07-7f72-9c0c-2e834cf3efb6:16,50730,50749,19,73928,2,0,0,0,0,0
ActPlane,3dae89cd06ae,complete,codex:rollout-2026-06-14T13-47-11-019ec7e3-6d07-7f72-9c0c-2e834cf3efb6:16,codex:rollout-2026-06-14T13-47-11-019ec7e3-6d07-7f72-9c0c-2e834cf3efb6:17,50749,50750,1,8764,1,0,0,0,0,0
ActPlane,3dae89cd06ae,complete,codex:rollout-2026-06-14T13-47-11-019ec7e3-6d07-7f72-9c0c-2e834cf3efb6:17,codex:rollout-2026-06-14T13-47-11-019ec7e3-6d07-7f72-9c0c-2e834cf3efb6:28,50750,50761,11,76695,1,0,0,0,0,0
ActPlane,3dae89cd06ae,complete,codex:rollout-2026-06-14T13-47-11-019ec7e3-6d07-7f72-9c0c-2e834cf3efb6:28,codex:rollout-2026-06-14T13-47-11-019ec7e3-6d07-7f72-9c0c-2e834cf3efb6:30,50761,50763,2,6191,1,0,0,0,0,0
ActPlane,3dae89cd06ae,complete,codex:rollout-2026-06-14T13-47-11-019ec7e3-6d07-7f72-9c0c-2e834cf3efb6:30,codex:rollout-2026-06-12T23-22-34-019ebfa5-7d5b-76a2-94b7-fb066ce0b27a:5468,50763,50778,15,177992,2,0,0,1,0,0
ActPlane,3dae89cd06ae,complete,codex:rollout-2026-06-12T23-22-34-019ebfa5-7d5b-76a2-94b7-fb066ce0b27a:5468,codex:rollout-2026-06-12T23-22-34-019ebfa5-7d5b-76a2-94b7-fb066ce0b27a:5470,50778,50780,2,15057,1,0,0,0,0,0
ActPlane,3dae89cd06ae,complete,codex:rollout-2026-06-12T23-22-34-019ebfa5-7d5b-76a2-94b7-fb066ce0b27a:5470,codex:rollout-2026-06-12T23-22-34-019ebfa5-7d5b-76a2-94b7-fb066ce0b27a:5472,50780,50782,2,52,1,0,0,0,0,0
ActPlane,3dae89cd06ae,complete,codex:rollout-2026-06-12T23-22-34-019ebfa5-7d5b-76a2-94b7-fb066ce0b27a:5472,codex:rollout-2026-06-14T13-47-11-019ec7e3-6d07-7f72-9c0c-2e834cf3efb6:41,50782,50792,10,74536,2,0,0,0,0,0
ActPlane,3dae89cd06ae,complete,codex:rollout-2026-06-14T13-47-11-019ec7e3-6d07-7f72-9c0c-2e834cf3efb6:41,codex:rollout-2026-06-14T13-47-11-019ec7e3-6d07-7f72-9c0c-2e834cf3efb6:45,50792,50796,4,39489,1,0,0,0,0,0
ActPlane,3dae89cd06ae,complete,codex:rollout-2026-06-14T13-47-11-019ec7e3-6d07-7f72-9c0c-2e834cf3efb6:45,codex:rollout-2026-06-12T23-22-34-019ebfa5-7d5b-76a2-94b7-fb066ce0b27a:5488,50796,50811,15,92660,2,0,0,0,0,0
ActPlane,3dae89cd06ae,complete,codex:rollout-2026-06-12T23-22-34-019ebfa5-7d5b-76a2-94b7-fb066ce0b27a:5488,codex:rollout-2026-06-12T23-22-34-019ebfa5-7d5b-76a2-94b7-fb066ce0b27a:5489,50811,50812,1,90,1,0,0,0,0,0
ActPlane,3dae89cd06ae,complete,codex:rollout-2026-06-12T23-22-34-019ebfa5-7d5b-76a2-94b7-fb066ce0b27a:5489,codex:rollout-2026-06-12T23-22-34-019ebfa5-7d5b-76a2-94b7-fb066ce0b27a:5500,50812,50823,11,188704,1,0,0,1,0,0
ActPlane,3dae89cd06ae,complete,codex:rollout-2026-06-12T23-22-34-019ebfa5-7d5b-76a2-94b7-fb066ce0b27a:5500,codex:rollout-2026-06-12T23-22-34-019ebfa5-7d5b-76a2-94b7-fb066ce0b27a:5501,50823,50824,1,27,1,0,0,0,0,0
ActPlane,3dae89cd06ae,complete,codex:rollout-2026-06-12T23-22-34-019ebfa5-7d5b-76a2-94b7-fb066ce0b27a:5501,codex:rollout-2026-06-12T23-22-34-019ebfa5-7d5b-76a2-94b7-fb066ce0b27a:5508,50824,50831,7,57555,1,0,0,0,0,0
ActPlane,3dae89cd06ae,complete,codex:rollout-2026-06-12T23-22-34-019ebfa5-7d5b-76a2-94b7-fb066ce0b27a:5508,codex:rollout-2026-06-12T23-22-34-019ebfa5-7d5b-76a2-94b7-fb066ce0b27a:5512,50831,50835,4,46027,1,0,0,0,0,0
ActPlane,3dae89cd06ae,complete,codex:rollout-2026-06-12T23-22-34-019ebfa5-7d5b-76a2-94b7-fb066ce0b27a:5512,codex:rollout-2026-06-12T23-22-34-019ebfa5-7d5b-76a2-94b7-fb066ce0b27a:5513,50835,50836,1,0,1,0,0,0,0,0
ActPlane,3dae89cd06ae,complete,codex:rollout-2026-06-12T23-22-34-019ebfa5-7d5b-76a2-94b7-fb066ce0b27a:5513,codex:rollout-2026-06-12T23-22-34-019ebfa5-7d5b-76a2-94b7-fb066ce0b27a:5515,50836,50838,2,14689,1,0,0,0,0,0
ActPlane,3dae89cd06ae,complete,codex:rollout-2026-06-12T23-22-34-019ebfa5-7d5b-76a2-94b7-fb066ce0b27a:5515,codex:rollout-2026-06-12T23-22-34-019ebfa5-7d5b-76a2-94b7-fb066ce0b27a:5517,50838,50840,2,62,1,0,0,0,0,0
ActPlane,3dae89cd06ae,complete,codex:rollout-2026-06-12T23-22-34-019ebfa5-7d5b-76a2-94b7-fb066ce0b27a:5517,codex:rollout-2026-06-12T23-22-34-019ebfa5-7d5b-76a2-94b7-fb066ce0b27a:5526,50840,50882,42,315299,2,0,0,1,0,0
ActPlane,3dae89cd06ae,complete,codex:rollout-2026-06-12T23-22-34-019ebfa5-7d5b-76a2-94b7-fb066ce0b27a:5526,codex:rollout-2026-06-12T23-22-34-019ebfa5-7d5b-76a2-94b7-fb066ce0b27a:5527,50882,50883,1,30,1,0,0,0,0,0
ActPlane,3dae89cd06ae,complete,codex:rollout-2026-06-12T23-22-34-019ebfa5-7d5b-76a2-94b7-fb066ce0b27a:5527,codex:rollout-2026-06-12T23-22-34-019ebfa5-7d5b-76a2-94b7-fb066ce0b27a:5529,50883,50885,2,10104,1,0,0,0,0,0
ActPlane,3dae89cd06ae,complete,codex:rollout-2026-06-12T23-22-34-019ebfa5-7d5b-76a2-94b7-fb066ce0b27a:5529,codex:rollout-2026-06-12T23-22-34-019ebfa5-7d5b-76a2-94b7-fb066ce0b27a:5531,50885,50887,2,328,1,0,0,0,0,0
ActPlane,3dae89cd06ae,complete,codex:rollout-2026-06-12T23-22-34-019ebfa5-7d5b-76a2-94b7-fb066ce0b27a:5531,codex:rollout-2026-06-12T23-22-34-019ebfa5-7d5b-76a2-94b7-fb066ce0b27a:5559,50887,50929,42,358441,2,0,0,1,0,0
ActPlane,3dae89cd06ae,complete,codex:rollout-2026-06-12T23-22-34-019ebfa5-7d5b-76a2-94b7-fb066ce0b27a:5559,codex:rollout-2026-06-12T23-22-34-019ebfa5-7d5b-76a2-94b7-fb066ce0b27a:5566,50929,50936,7,55425,1,0,0,0,0,0
ActPlane,3dae89cd06ae,complete,codex:rollout-2026-06-12T23-22-34-019ebfa5-7d5b-76a2-94b7-fb066ce0b27a:5566,codex:rollout-2026-06-12T23-22-34-019ebfa5-7d5b-76a2-94b7-fb066ce0b27a:5567,50936,50937,1,11274,1,0,0,0,0,0
ActPlane,3dae89cd06ae,complete,codex:rollout-2026-06-12T23-22-34-019ebfa5-7d5b-76a2-94b7-fb066ce0b27a:5567,codex:rollout-2026-06-12T23-22-34-019ebfa5-7d5b-76a2-94b7-fb066ce0b27a:5569,50937,50939,2,169,1,0,0,0,0,0
ActPlane,3dae89cd06ae,complete,codex:rollout-2026-06-12T23-22-34-019ebfa5-7d5b-76a2-94b7-fb066ce0b27a:5569,codex:rollout-2026-06-12T23-22-34-019ebfa5-7d5b-76a2-94b7-fb066ce0b27a:5573,50939,50943,4,78840,1,0,0,0,0,0
ActPlane,3dae89cd06ae,complete,codex:rollout-2026-06-12T23-22-34-019ebfa5-7d5b-76a2-94b7-fb066ce0b27a:5573,codex:rollout-2026-06-12T23-22-34-019ebfa5-7d5b-76a2-94b7-fb066ce0b27a:5575,50943,50945,2,22,1,0,0,0,0,0
ActPlane,3dae89cd06ae,complete,codex:rollout-2026-06-12T23-22-34-019ebfa5-7d5b-76a2-94b7-fb066ce0b27a:5575,codex:rollout-2026-06-14T14-16-06-019ec7fd-e787-7e42-ad2c-48150cbf112b:34,50945,50988,43,200809,2,0,0,2,0,0
ActPlane,3dae89cd06ae,complete,codex:rollout-2026-06-14T14-16-06-019ec7fd-e787-7e42-ad2c-48150cbf112b:34,codex:rollout-2026-06-14T14-16-06-019ec7fd-e787-7e42-ad2c-48150cbf112b:35,50988,50989,1,1,1,0,0,0,0,0
ActPlane,3dae89cd06ae,complete,codex:rollout-2026-06-14T14-16-06-019ec7fd-e787-7e42-ad2c-48150cbf112b:35,codex:rollout-2026-06-14T14-16-06-019ec7fd-e787-7e42-ad2c-48150cbf112b:36,50989,50990,1,39,1,0,0,0,0,0
ActPlane,3dae89cd06ae,complete,codex:rollout-2026-06-14T14-16-06-019ec7fd-e787-7e42-ad2c-48150cbf112b:36,codex:rollout-2026-06-12T23-22-34-019ebfa5-7d5b-76a2-94b7-fb066ce0b27a:5595,50990,51011,21,290581,2,0,0,1,0,0
ActPlane,3dae89cd06ae,complete,codex:rollout-2026-06-12T23-22-34-019ebfa5-7d5b-76a2-94b7-fb066ce0b27a:5595,codex:rollout-2026-06-12T23-22-34-019ebfa5-7d5b-76a2-94b7-fb066ce0b27a:5598,51011,51014,3,11922,1,0,0,0,0,0
ActPlane,3dae89cd06ae,complete,codex:rollout-2026-06-12T23-22-34-019ebfa5-7d5b-76a2-94b7-fb066ce0b27a:5598,codex:rollout-2026-06-12T23-22-34-019ebfa5-7d5b-76a2-94b7-fb066ce0b27a:5600,51014,51016,2,69,1,0,0,0,0,0
ActPlane,3dae89cd06ae,complete,codex:rollout-2026-06-12T23-22-34-019ebfa5-7d5b-76a2-94b7-fb066ce0b27a:5600,codex:rollout-2026-06-12T23-22-34-019ebfa5-7d5b-76a2-94b7-fb066ce0b27a:5634,51016,51050,34,180806,1,0,0,2,0,0
ActPlane,3dae89cd06ae,complete,codex:rollout-2026-06-12T23-22-34-019ebfa5-7d5b-76a2-94b7-fb066ce0b27a:5634,codex:rollout-2026-06-12T23-22-34-019ebfa5-7d5b-76a2-94b7-fb066ce0b27a:5635,51050,51051,1,0,1,0,0,0,0,0
ActPlane,3dae89cd06ae,complete,codex:rollout-2026-06-12T23-22-34-019ebfa5-7d5b-76a2-94b7-fb066ce0b27a:5635,codex:rollout-2026-06-12T23-22-34-019ebfa5-7d5b-76a2-94b7-fb066ce0b27a:5636,51051,51052,1,40,1,0,0,0,0,0
ActPlane,3dae89cd06ae,complete,codex:rollout-2026-06-12T23-22-34-019ebfa5-7d5b-76a2-94b7-fb066ce0b27a:5636,codex:rollout-2026-06-12T23-22-34-019ebfa5-7d5b-76a2-94b7-fb066ce0b27a:5640,51052,51056,4,29320,1,0,0,0,0,0
ActPlane,3dae89cd06ae,complete,codex:rollout-2026-06-12T23-22-34-019ebfa5-7d5b-76a2-94b7-fb066ce0b27a:5640,codex:rollout-2026-06-12T23-22-34-019ebfa5-7d5b-76a2-94b7-fb066ce0b27a:5642,51056,51058,2,11,1,0,0,0,0,0
ActPlane,3dae89cd06ae,complete,codex:rollout-2026-06-12T23-22-34-019ebfa5-7d5b-76a2-94b7-fb066ce0b27a:5642,codex:rollout-2026-06-12T23-22-34-019ebfa5-7d5b-76a2-94b7-fb066ce0b27a:5643,51058,51059,1,41,1,0,0,0,0,0
ActPlane,3dae89cd06ae,complete,codex:rollout-2026-06-12T23-22-34-019ebfa5-7d5b-76a2-94b7-fb066ce0b27a:5643,codex:rollout-2026-06-14T14-27-48-019ec808-9c81-75b1-99e4-711b97c7866b:27,51059,51092,33,113513,2,0,0,0,0,0
ActPlane,3dae89cd06ae,complete,codex:rollout-2026-06-14T14-27-48-019ec808-9c81-75b1-99e4-711b97c7866b:27,codex:rollout-2026-06-14T14-27-48-019ec808-9c81-75b1-99e4-711b97c7866b:29,51092,51094,2,7742,1,0,0,0,0,0
ActPlane,3dae89cd06ae,complete,codex:rollout-2026-06-14T14-27-48-019ec808-9c81-75b1-99e4-711b97c7866b:29,codex:rollout-2026-06-12T23-22-34-019ebfa5-7d5b-76a2-94b7-fb066ce0b27a:5653,51094,51103,9,90772,2,0,0,0,0,0
ActPlane,3dae89cd06ae,complete,codex:rollout-2026-06-12T23-22-34-019ebfa5-7d5b-76a2-94b7-fb066ce0b27a:5653,codex:rollout-2026-06-12T23-22-34-019ebfa5-7d5b-76a2-94b7-fb066ce0b27a:5655,51103,51105,2,110,1,0,0,0,0,0
ActPlane,3dae89cd06ae,complete,codex:rollout-2026-06-12T23-22-34-019ebfa5-7d5b-76a2-94b7-fb066ce0b27a:5655,codex:rollout-2026-06-12T23-22-34-019ebfa5-7d5b-76a2-94b7-fb066ce0b27a:5677,51105,51127,22,167027,1,0,0,0,0,0
ActPlane,3dae89cd06ae,complete,codex:rollout-2026-06-12T23-22-34-019ebfa5-7d5b-76a2-94b7-fb066ce0b27a:5677,codex:rollout-2026-06-12T23-22-34-019ebfa5-7d5b-76a2-94b7-fb066ce0b27a:5684,51127,51134,7,38173,1,0,0,2,0,0
ActPlane,3dae89cd06ae,complete,codex:rollout-2026-06-12T23-22-34-019ebfa5-7d5b-76a2-94b7-fb066ce0b27a:5684,codex:rollout-2026-06-12T23-22-34-019ebfa5-7d5b-76a2-94b7-fb066ce0b27a:5685,51134,51135,1,76,1,0,0,0,0,0
ActPlane,3dae89cd06ae,complete,codex:rollout-2026-06-12T23-22-34-019ebfa5-7d5b-76a2-94b7-fb066ce0b27a:5685,codex:rollout-2026-06-12T23-22-34-019ebfa5-7d5b-76a2-94b7-fb066ce0b27a:5695,51135,51145,10,73781,1,0,0,0,0,0
ActPlane,3dae89cd06ae,complete,codex:rollout-2026-06-12T23-22-34-019ebfa5-7d5b-76a2-94b7-fb066ce0b27a:5695,codex:rollout-2026-06-12T23-22-34-019ebfa5-7d5b-76a2-94b7-fb066ce0b27a:5697,51145,51147,2,0,1,0,0,0,0,0
ActPlane,3dae89cd06ae,complete,codex:rollout-2026-06-12T23-22-34-019ebfa5-7d5b-76a2-94b7-fb066ce0b27a:5697,codex:rollout-2026-06-12T23-22-34-019ebfa5-7d5b-76a2-94b7-fb066ce0b27a:5698,51147,51148,1,289,1,0,0,0,0,0
ActPlane,3dae89cd06ae,complete,codex:rollout-2026-06-12T23-22-34-019ebfa5-7d5b-76a2-94b7-fb066ce0b27a:5698,codex:rollout-2026-06-12T23-22-34-019ebfa5-7d5b-76a2-94b7-fb066ce0b27a:5705,51148,51167,19,47044,2,0,0,0,0,0
ActPlane,3dae89cd06ae,complete,codex:rollout-2026-06-12T23-22-34-019ebfa5-7d5b-76a2-94b7-fb066ce0b27a:5705,codex:rollout-2026-06-12T23-22-34-019ebfa5-7d5b-76a2-94b7-fb066ce0b27a:5707,51167,51169,2,49,1,0,0,0,0,0
ActPlane,3dae89cd06ae,complete,codex:rollout-2026-06-12T23-22-34-019ebfa5-7d5b-76a2-94b7-fb066ce0b27a:5707,codex:rollout-2026-06-14T14-35-58-019ec810-19fd-7691-9d78-1e3579f922e4:33,51169,51192,23,61761,2,0,0,0,0,0
ActPlane,3dae89cd06ae,complete,codex:rollout-2026-06-14T14-35-58-019ec810-19fd-7691-9d78-1e3579f922e4:33,codex:rollout-2026-06-14T14-35-58-019ec810-19fd-7691-9d78-1e3579f922e4:34,51192,51193,1,24,1,0,0,0,0,0
ActPlane,3dae89cd06ae,complete,codex:rollout-2026-06-14T14-35-58-019ec810-19fd-7691-9d78-1e3579f922e4:34,codex:rollout-2026-06-14T14-35-58-019ec810-19fd-7691-9d78-1e3579f922e4:35,51193,51194,1,5178,1,0,0,0,0,0
ActPlane,3dae89cd06ae,complete,codex:rollout-2026-06-14T14-35-58-019ec810-19fd-7691-9d78-1e3579f922e4:35,codex:rollout-2026-06-14T14-35-58-019ec810-19fd-7691-9d78-1e3579f922e4:37,51194,51196,2,6853,1,0,0,1,0,0
ActPlane,3dae89cd06ae,complete,codex:rollout-2026-06-14T14-35-58-019ec810-19fd-7691-9d78-1e3579f922e4:37,codex:rollout-2026-06-12T23-22-34-019ebfa5-7d5b-76a2-94b7-fb066ce0b27a:5729,51196,51233,37,318676,2,0,0,3,0,0
ActPlane,3dae89cd06ae,complete,codex:rollout-2026-06-12T23-22-34-019ebfa5-7d5b-76a2-94b7-fb066ce0b27a:5729,codex:rollout-2026-06-12T23-22-34-019ebfa5-7d5b-76a2-94b7-fb066ce0b27a:5733,51233,51237,4,19401,1,0,0,0,0,0
ActPlane,3dae89cd06ae,complete,codex:rollout-2026-06-12T23-22-34-019ebfa5-7d5b-76a2-94b7-fb066ce0b27a:5733,codex:rollout-2026-06-12T23-22-34-019ebfa5-7d5b-76a2-94b7-fb066ce0b27a:5735,51237,51239,2,20,1,0,0,0,0,0
ActPlane,3dae89cd06ae,complete,codex:rollout-2026-06-12T23-22-34-019ebfa5-7d5b-76a2-94b7-fb066ce0b27a:5735,codex:rollout-2026-06-12T23-22-34-019ebfa5-7d5b-76a2-94b7-fb066ce0b27a:5736,51239,51240,1,79,1,0,0,0,0,0
ActPlane,3dae89cd06ae,complete,codex:rollout-2026-06-12T23-22-34-019ebfa5-7d5b-76a2-94b7-fb066ce0b27a:5736,codex:rollout-2026-06-14T14-43-33-019ec817-098f-7492-8734-c1fc470fd368:34,51240,51277,37,105819,2,0,0,3,0,0
ActPlane,3dae89cd06ae,complete,codex:rollout-2026-06-14T14-43-33-019ec817-098f-7492-8734-c1fc470fd368:34,codex:rollout-2026-06-14T14-43-33-019ec817-098f-7492-8734-c1fc470fd368:35,51277,51278,1,31,1,0,0,0,0,0
ActPlane,3dae89cd06ae,complete,codex:rollout-2026-06-14T14-43-33-019ec817-098f-7492-8734-c1fc470fd368:35,codex:rollout-2026-06-14T14-43-33-019ec817-098f-7492-8734-c1fc470fd368:37,51278,51280,2,4873,1,0,0,0,0,0
ActPlane,3dae89cd06ae,complete,codex:rollout-2026-06-14T14-43-33-019ec817-098f-7492-8734-c1fc470fd368:37,codex:rollout-2026-06-14T14-43-33-019ec817-098f-7492-8734-c1fc470fd368:44,51280,51287,7,19737,1,0,0,0,0,0
ActPlane,3dae89cd06ae,complete,codex:rollout-2026-06-14T14-43-33-019ec817-098f-7492-8734-c1fc470fd368:44,codex:rollout-2026-06-12T23-22-34-019ebfa5-7d5b-76a2-94b7-fb066ce0b27a:5744,51287,51302,15,184023,2,0,0,1,0,0
ActPlane,3dae89cd06ae,complete,codex:rollout-2026-06-12T23-22-34-019ebfa5-7d5b-76a2-94b7-fb066ce0b27a:5744,codex:rollout-2026-06-12T23-22-34-019ebfa5-7d5b-76a2-94b7-fb066ce0b27a:5747,51302,51305,3,12213,1,0,0,0,0,0
ActPlane,3dae89cd06ae,complete,codex:rollout-2026-06-12T23-22-34-019ebfa5-7d5b-76a2-94b7-fb066ce0b27a:5747,codex:rollout-2026-06-12T23-22-34-019ebfa5-7d5b-76a2-94b7-fb066ce0b27a:5749,51305,51307,2,0,1,0,0,0,0,0
ActPlane,3dae89cd06ae,complete,codex:rollout-2026-06-12T23-22-34-019ebfa5-7d5b-76a2-94b7-fb066ce0b27a:5749,codex:rollout-2026-06-12T23-22-34-019ebfa5-7d5b-76a2-94b7-fb066ce0b27a:5750,51307,51308,1,40,1,0,0,0,0,0
ActPlane,3dae89cd06ae,complete,codex:rollout-2026-06-12T23-22-34-019ebfa5-7d5b-76a2-94b7-fb066ce0b27a:5750,codex:rollout-2026-06-12T23-22-34-019ebfa5-7d5b-76a2-94b7-fb066ce0b27a:5798,51308,51356,48,332808,1,0,0,0,0,0
ActPlane,3dae89cd06ae,complete,codex:rollout-2026-06-12T23-22-34-019ebfa5-7d5b-76a2-94b7-fb066ce0b27a:5798,codex:rollout-2026-06-12T23-22-34-019ebfa5-7d5b-76a2-94b7-fb066ce0b27a:5804,51356,51362,6,57517,1,0,0,1,0,0
ActPlane,3dae89cd06ae,complete,codex:rollout-2026-06-12T23-22-34-019ebfa5-7d5b-76a2-94b7-fb066ce0b27a:5804,codex:rollout-2026-06-12T23-22-34-019ebfa5-7d5b-76a2-94b7-fb066ce0b27a:5805,51362,51363,1,6258,1,0,0,0,0,0
ActPlane,3dae89cd06ae,complete,codex:rollout-2026-06-12T23-22-34-019ebfa5-7d5b-76a2-94b7-fb066ce0b27a:5805,codex:rollout-2026-06-12T23-22-34-019ebfa5-7d5b-76a2-94b7-fb066ce0b27a:5806,51363,51364,1,41,1,0,0,0,0,0
ActPlane,3dae89cd06ae,complete,codex:rollout-2026-06-12T23-22-34-019ebfa5-7d5b-76a2-94b7-fb066ce0b27a:5806,codex:rollout-2026-06-12T23-22-34-019ebfa5-7d5b-76a2-94b7-fb066ce0b27a:5811,51364,51369,5,43002,1,0,0,0,0,0
ActPlane,3dae89cd06ae,complete,codex:rollout-2026-06-12T23-22-34-019ebfa5-7d5b-76a2-94b7-fb066ce0b27a:5811,codex:rollout-2026-06-12T23-22-34-019ebfa5-7d5b-76a2-94b7-fb066ce0b27a:5824,51369,51382,13,100392,1,0,0,0,0,0
ActPlane,3dae89cd06ae,complete,codex:rollout-2026-06-12T23-22-34-019ebfa5-7d5b-76a2-94b7-fb066ce0b27a:5824,codex:rollout-2026-06-12T23-22-34-019ebfa5-7d5b-76a2-94b7-fb066ce0b27a:5826,51382,51384,2,39,1,0,0,0,0,0
ActPlane,3dae89cd06ae,complete,codex:rollout-2026-06-12T23-22-34-019ebfa5-7d5b-76a2-94b7-fb066ce0b27a:5826,codex:rollout-2026-06-12T23-22-34-019ebfa5-7d5b-76a2-94b7-fb066ce0b27a:5829,51384,51388,4,28559,2,0,0,0,0,0
ActPlane,3dae89cd06ae,complete,codex:rollout-2026-06-12T23-22-34-019ebfa5-7d5b-76a2-94b7-fb066ce0b27a:5829,codex:rollout-2026-06-12T23-22-34-019ebfa5-7d5b-76a2-94b7-fb066ce0b27a:5853,51388,51440,52,387739,2,0,0,3,0,0
ActPlane,3dae89cd06ae,complete,codex:rollout-2026-06-12T23-22-34-019ebfa5-7d5b-76a2-94b7-fb066ce0b27a:5853,codex:rollout-2026-06-12T23-22-34-019ebfa5-7d5b-76a2-94b7-fb066ce0b27a:5854,51440,51441,1,0,1,0,0,0,0,0
ActPlane,3dae89cd06ae,complete,codex:rollout-2026-06-12T23-22-34-019ebfa5-7d5b-76a2-94b7-fb066ce0b27a:5854,codex:rollout-2026-06-12T23-22-34-019ebfa5-7d5b-76a2-94b7-fb066ce0b27a:5855,51441,51442,1,56,1,0,0,0,0,0
ActPlane,3dae89cd06ae,complete,codex:rollout-2026-06-12T23-22-34-019ebfa5-7d5b-76a2-94b7-fb066ce0b27a:5855,codex:rollout-2026-06-12T23-22-34-019ebfa5-7d5b-76a2-94b7-fb066ce0b27a:5859,51442,51446,4,19945,1,0,0,0,0,0
ActPlane,3dae89cd06ae,complete,codex:rollout-2026-06-12T23-22-34-019ebfa5-7d5b-76a2-94b7-fb066ce0b27a:5859,codex:rollout-2026-06-12T23-22-34-019ebfa5-7d5b-76a2-94b7-fb066ce0b27a:5861,51446,51448,2,0,1,0,0,0,0,0
ActPlane,3dae89cd06ae,complete,codex:rollout-2026-06-12T23-22-34-019ebfa5-7d5b-76a2-94b7-fb066ce0b27a:5861,codex:rollout-2026-06-12T23-22-34-019ebfa5-7d5b-76a2-94b7-fb066ce0b27a:5862,51448,51449,1,52,1,0,0,0,0,0
ActPlane,3dae89cd06ae,complete,codex:rollout-2026-06-12T23-22-34-019ebfa5-7d5b-76a2-94b7-fb066ce0b27a:5862,codex:rollout-2026-06-12T23-22-34-019ebfa5-7d5b-76a2-94b7-fb066ce0b27a:5871,51449,51466,17,150754,2,0,0,1,0,0
ActPlane,3dae89cd06ae,complete,codex:rollout-2026-06-12T23-22-34-019ebfa5-7d5b-76a2-94b7-fb066ce0b27a:5871,codex:rollout-2026-06-12T23-22-34-019ebfa5-7d5b-76a2-94b7-fb066ce0b27a:5872,51466,51467,1,63,1,0,0,0,0,0
ActPlane,3dae89cd06ae,complete,codex:rollout-2026-06-12T23-22-34-019ebfa5-7d5b-76a2-94b7-fb066ce0b27a:5872,codex:rollout-2026-06-12T23-22-34-019ebfa5-7d5b-76a2-94b7-fb066ce0b27a:5874,51467,51469,2,15057,1,0,0,0,0,0
ActPlane,3dae89cd06ae,complete,codex:rollout-2026-06-12T23-22-34-019ebfa5-7d5b-76a2-94b7-fb066ce0b27a:5874,codex:rollout-2026-06-12T23-22-34-019ebfa5-7d5b-76a2-94b7-fb066ce0b27a:5876,51469,51471,2,1,1,0,0,0,0,0
ActPlane,3dae89cd06ae,complete,codex:rollout-2026-06-12T23-22-34-019ebfa5-7d5b-76a2-94b7-fb066ce0b27a:5876,codex:rollout-2026-06-12T23-22-34-019ebfa5-7d5b-76a2-94b7-fb066ce0b27a:5877,51471,51472,1,47,1,0,0,0,0,0
ActPlane,3dae89cd06ae,complete,codex:rollout-2026-06-12T23-22-34-019ebfa5-7d5b-76a2-94b7-fb066ce0b27a:5877,codex:rollout-2026-06-12T23-22-34-019ebfa5-7d5b-76a2-94b7-fb066ce0b27a:5919,51472,51514,42,8233947,1,0,0,1,0,0
ActPlane,3dae89cd06ae,complete,codex:rollout-2026-06-12T23-22-34-019ebfa5-7d5b-76a2-94b7-fb066ce0b27a:5919,codex:rollout-2026-06-12T23-22-34-019ebfa5-7d5b-76a2-94b7-fb066ce0b27a:6046,51514,51641,127,2644855,1,0,0,0,0,0
ActPlane,3dae89cd06ae,complete,codex:rollout-2026-06-12T23-22-34-019ebfa5-7d5b-76a2-94b7-fb066ce0b27a:6046,codex:rollout-2026-06-12T23-22-34-019ebfa5-7d5b-76a2-94b7-fb066ce0b27a:6058,51641,51653,12,128305,1,0,0,0,0,0
ActPlane,3dae89cd06ae,complete,codex:rollout-2026-06-12T23-22-34-019ebfa5-7d5b-76a2-94b7-fb066ce0b27a:6058,codex:rollout-2026-06-12T23-22-34-019ebfa5-7d5b-76a2-94b7-fb066ce0b27a:6079,51653,51674,21,207440,1,0,0,2,0,0
ActPlane,3dae89cd06ae,complete,codex:rollout-2026-06-12T23-22-34-019ebfa5-7d5b-76a2-94b7-fb066ce0b27a:6079,codex:rollout-2026-06-12T23-22-34-019ebfa5-7d5b-76a2-94b7-fb066ce0b27a:6088,51674,51683,9,61746,1,0,0,0,0,0
ActPlane,3dae89cd06ae,complete,codex:rollout-2026-06-12T23-22-34-019ebfa5-7d5b-76a2-94b7-fb066ce0b27a:6088,codex:rollout-2026-06-12T23-22-34-019ebfa5-7d5b-76a2-94b7-fb066ce0b27a:6091,51683,51686,3,55709,1,0,0,0,0,0
ActPlane,3dae89cd06ae,complete,codex:rollout-2026-06-12T23-22-34-019ebfa5-7d5b-76a2-94b7-fb066ce0b27a:6091,codex:rollout-2026-06-12T23-22-34-019ebfa5-7d5b-76a2-94b7-fb066ce0b27a:6094,51686,51689,3,15310,1,0,0,0,0,0
ActPlane,3dae89cd06ae,complete,codex:rollout-2026-06-12T23-22-34-019ebfa5-7d5b-76a2-94b7-fb066ce0b27a:6094,codex:rollout-2026-06-12T23-22-34-019ebfa5-7d5b-76a2-94b7-fb066ce0b27a:6103,51689,51698,9,37000,1,0,0,0,0,0
ActPlane,3dae89cd06ae,complete,codex:rollout-2026-06-12T23-22-34-019ebfa5-7d5b-76a2-94b7-fb066ce0b27a:6103,codex:rollout-2026-06-12T23-22-34-019ebfa5-7d5b-76a2-94b7-fb066ce0b27a:6104,51698,51699,1,7094,1,0,0,0,0,0
ActPlane,3dae89cd06ae,complete,codex:rollout-2026-06-12T23-22-34-019ebfa5-7d5b-76a2-94b7-fb066ce0b27a:6104,codex:rollout-2026-06-12T23-22-34-019ebfa5-7d5b-76a2-94b7-fb066ce0b27a:6114,51699,51709,10,60697,1,0,0,0,0,0
ActPlane,3dae89cd06ae,complete,codex:rollout-2026-06-12T23-22-34-019ebfa5-7d5b-76a2-94b7-fb066ce0b27a:6114,codex:rollout-2026-06-12T23-22-34-019ebfa5-7d5b-76a2-94b7-fb066ce0b27a:6116,51709,51711,2,6687,1,0,0,0,0,0
ActPlane,3dae89cd06ae,complete,codex:rollout-2026-06-12T23-22-34-019ebfa5-7d5b-76a2-94b7-fb066ce0b27a:6116,codex:rollout-2026-06-12T23-22-34-019ebfa5-7d5b-76a2-94b7-fb066ce0b27a:6170,51711,51765,54,340531,1,0,0,0,0,0
ActPlane,3dae89cd06ae,complete,codex:rollout-2026-06-12T23-22-34-019ebfa5-7d5b-76a2-94b7-fb066ce0b27a:6170,codex:rollout-2026-06-12T23-22-34-019ebfa5-7d5b-76a2-94b7-fb066ce0b27a:6171,51765,51766,1,4917,1,0,0,0,0,0
ActPlane,3dae89cd06ae,complete,codex:rollout-2026-06-12T23-22-34-019ebfa5-7d5b-76a2-94b7-fb066ce0b27a:6171,codex:rollout-2026-06-12T23-22-34-019ebfa5-7d5b-76a2-94b7-fb066ce0b27a:6172,51766,51767,1,5797,1,0,0,0,0,0
ActPlane,3dae89cd06ae,complete,codex:rollout-2026-06-12T23-22-34-019ebfa5-7d5b-76a2-94b7-fb066ce0b27a:6172,codex:rollout-2026-06-12T23-22-34-019ebfa5-7d5b-76a2-94b7-fb066ce0b27a:6191,51767,51828,61,391304,2,0,0,0,0,0
ActPlane,3dae89cd06ae,complete,codex:rollout-2026-06-12T23-22-34-019ebfa5-7d5b-76a2-94b7-fb066ce0b27a:6191,codex:rollout-2026-06-12T23-22-34-019ebfa5-7d5b-76a2-94b7-fb066ce0b27a:6208,51828,51859,31,180086,2,0,0,0,0,0
ActPlane,3dae89cd06ae,complete,codex:rollout-2026-06-12T23-22-34-019ebfa5-7d5b-76a2-94b7-fb066ce0b27a:6208,codex:rollout-2026-06-12T23-22-34-019ebfa5-7d5b-76a2-94b7-fb066ce0b27a:6209,51859,51860,1,5350,1,0,0,0,0,0
ActPlane,3dae89cd06ae,complete,codex:rollout-2026-06-12T23-22-34-019ebfa5-7d5b-76a2-94b7-fb066ce0b27a:6209,codex:rollout-2026-06-12T23-22-34-019ebfa5-7d5b-76a2-94b7-fb066ce0b27a:6210,51860,51861,1,5423,1,0,0,0,0,0
ActPlane,3dae89cd06ae,complete,codex:rollout-2026-06-12T23-22-34-019ebfa5-7d5b-76a2-94b7-fb066ce0b27a:6210,codex:rollout-2026-06-12T23-22-34-019ebfa5-7d5b-76a2-94b7-fb066ce0b27a:6221,51861,51872,11,42179,1,0,0,0,0,0
ActPlane,3dae89cd06ae,complete,codex:rollout-2026-06-12T23-22-34-019ebfa5-7d5b-76a2-94b7-fb066ce0b27a:6221,codex:rollout-2026-06-12T23-22-34-019ebfa5-7d5b-76a2-94b7-fb066ce0b27a:6222,51872,51873,1,5388,1,0,0,0,0,0
ActPlane,3dae89cd06ae,complete,codex:rollout-2026-06-12T23-22-34-019ebfa5-7d5b-76a2-94b7-fb066ce0b27a:6222,codex:rollout-2026-06-12T23-22-34-019ebfa5-7d5b-76a2-94b7-fb066ce0b27a:6318,51873,51969,96,14215621,1,0,0,1,0,0
ActPlane,3dae89cd06ae,complete,codex:rollout-2026-06-12T23-22-34-019ebfa5-7d5b-76a2-94b7-fb066ce0b27a:6318,codex:rollout-2026-06-12T23-22-34-019ebfa5-7d5b-76a2-94b7-fb066ce0b27a:6381,51969,52032,63,520372,1,3,3,0,0,0
ActPlane,3dae89cd06ae,complete,codex:rollout-2026-06-12T23-22-34-019ebfa5-7d5b-76a2-94b7-fb066ce0b27a:6381,codex:rollout-2026-06-12T23-22-34-019ebfa5-7d5b-76a2-94b7-fb066ce0b27a:6413,52032,52064,32,271815,1,0,0,0,0,0
ActPlane,3dae89cd06ae,complete,codex:rollout-2026-06-12T23-22-34-019ebfa5-7d5b-76a2-94b7-fb066ce0b27a:6413,codex:rollout-2026-06-12T23-22-34-019ebfa5-7d5b-76a2-94b7-fb066ce0b27a:6459,52064,52110,46,299019,1,0,0,0,0,0
ActPlane,3dae89cd06ae,complete,codex:rollout-2026-06-12T23-22-34-019ebfa5-7d5b-76a2-94b7-fb066ce0b27a:6459,codex:rollout-2026-06-12T23-22-34-019ebfa5-7d5b-76a2-94b7-fb066ce0b27a:6523,52110,52174,64,6275669,1,0,0,0,0,0
ActPlane,3dae89cd06ae,complete,codex:rollout-2026-06-12T23-22-34-019ebfa5-7d5b-76a2-94b7-fb066ce0b27a:6523,codex:rollout-2026-06-12T23-22-34-019ebfa5-7d5b-76a2-94b7-fb066ce0b27a:6560,52174,52211,37,278036,1,4,4,0,0,0
ActPlane,3dae89cd06ae,complete,codex:rollout-2026-06-12T23-22-34-019ebfa5-7d5b-76a2-94b7-fb066ce0b27a:6560,codex:rollout-2026-06-12T23-22-34-019ebfa5-7d5b-76a2-94b7-fb066ce0b27a:6636,52211,52287,76,567535,1,1,1,1,0,0
ActPlane,3dae89cd06ae,complete,codex:rollout-2026-06-12T23-22-34-019ebfa5-7d5b-76a2-94b7-fb066ce0b27a:6636,codex:rollout-2026-06-12T23-22-34-019ebfa5-7d5b-76a2-94b7-fb066ce0b27a:6645,52287,52296,9,62040,1,1,1,0,0,0
ActPlane,3dae89cd06ae,complete,codex:rollout-2026-06-12T23-22-34-019ebfa5-7d5b-76a2-94b7-fb066ce0b27a:6645,codex:rollout-2026-06-12T23-22-34-019ebfa5-7d5b-76a2-94b7-fb066ce0b27a:6653,52296,52304,8,21937,1,0,0,0,0,0
ActPlane,3dae89cd06ae,complete,codex:rollout-2026-06-12T23-22-34-019ebfa5-7d5b-76a2-94b7-fb066ce0b27a:6653,codex:rollout-2026-06-12T23-22-34-019ebfa5-7d5b-76a2-94b7-fb066ce0b27a:6744,52304,52409,105,4582060,2,0,0,0,0,0
ActPlane,3dae89cd06ae,complete,codex:rollout-2026-06-12T23-22-34-019ebfa5-7d5b-76a2-94b7-fb066ce0b27a:6744,codex:rollout-2026-06-12T23-22-34-019ebfa5-7d5b-76a2-94b7-fb066ce0b27a:6753,52409,52420,11,55870,2,0,0,0,0,0
ActPlane,3dae89cd06ae,complete,codex:rollout-2026-06-12T23-22-34-019ebfa5-7d5b-76a2-94b7-fb066ce0b27a:6753,codex:rollout-2026-06-12T23-22-34-019ebfa5-7d5b-76a2-94b7-fb066ce0b27a:6818,52420,52485,65,451910,1,0,0,0,0,0
ActPlane,3dae89cd06ae,complete,codex:rollout-2026-06-12T23-22-34-019ebfa5-7d5b-76a2-94b7-fb066ce0b27a:6818,codex:rollout-2026-06-12T23-22-34-019ebfa5-7d5b-76a2-94b7-fb066ce0b27a:6829,52485,52496,11,41805,1,0,0,0,0,0
ActPlane,3dae89cd06ae,complete,codex:rollout-2026-06-12T23-22-34-019ebfa5-7d5b-76a2-94b7-fb066ce0b27a:6829,codex:rollout-2026-06-15T01-59-10-019eca81-93e1-76a0-8855-50cf760f740e:121,52496,52512,16,61667,2,0,0,0,0,0
ActPlane,3dae89cd06ae,complete,codex:rollout-2026-06-15T01-59-10-019eca81-93e1-76a0-8855-50cf760f740e:121,codex:rollout-2026-06-15T01-59-10-019eca81-93e1-76a0-8855-50cf760f740e:170,52512,52588,76,250055,2,0,0,0,0,0
ActPlane,3dae89cd06ae,complete,codex:rollout-2026-06-15T01-59-10-019eca81-93e1-76a0-8855-50cf760f740e:170,codex:rollout-2026-06-12T23-22-34-019ebfa5-7d5b-76a2-94b7-fb066ce0b27a:6867,52588,52598,10,18937,2,0,0,0,0,0
ActPlane,3dae89cd06ae,complete,codex:rollout-2026-06-12T23-22-34-019ebfa5-7d5b-76a2-94b7-fb066ce0b27a:6867,codex:rollout-2026-06-12T23-22-34-019ebfa5-7d5b-76a2-94b7-fb066ce0b27a:6884,52598,52627,29,175108,2,0,0,0,0,0
ActPlane,3dae89cd06ae,complete,codex:rollout-2026-06-12T23-22-34-019ebfa5-7d5b-76a2-94b7-fb066ce0b27a:6884,codex:rollout-2026-06-12T23-22-34-019ebfa5-7d5b-76a2-94b7-fb066ce0b27a:6908,52627,52671,44,203276,2,0,0,0,0,0
ActPlane,3dae89cd06ae,complete,codex:rollout-2026-06-12T23-22-34-019ebfa5-7d5b-76a2-94b7-fb066ce0b27a:6908,codex:rollout-2026-06-12T23-22-34-019ebfa5-7d5b-76a2-94b7-fb066ce0b27a:6923,52671,52686,15,72191,1,0,0,0,0,0
ActPlane,3dae89cd06ae,complete,codex:rollout-2026-06-12T23-22-34-019ebfa5-7d5b-76a2-94b7-fb066ce0b27a:6923,codex:rollout-2026-06-12T23-22-34-019ebfa5-7d5b-76a2-94b7-fb066ce0b27a:6981,52686,52744,58,56782700,1,15,15,1,0,0
ActPlane,3dae89cd06ae,complete,codex:rollout-2026-06-12T23-22-34-019ebfa5-7d5b-76a2-94b7-fb066ce0b27a:6981,codex:rollout-2026-06-12T23-22-34-019ebfa5-7d5b-76a2-94b7-fb066ce0b27a:7001,52744,52764,20,128916,1,0,0,2,0,0
ActPlane,3dae89cd06ae,complete,codex:rollout-2026-06-12T23-22-34-019ebfa5-7d5b-76a2-94b7-fb066ce0b27a:7001,codex:rollout-2026-06-12T23-22-34-019ebfa5-7d5b-76a2-94b7-fb066ce0b27a:7033,52764,52796,32,210866,1,0,0,1,0,0
ActPlane,3dae89cd06ae,complete,codex:rollout-2026-06-12T23-22-34-019ebfa5-7d5b-76a2-94b7-fb066ce0b27a:7033,codex:rollout-2026-06-12T23-22-34-019ebfa5-7d5b-76a2-94b7-fb066ce0b27a:7034,52796,52797,1,6457,1,0,0,0,0,0
ActPlane,3dae89cd06ae,complete,codex:rollout-2026-06-12T23-22-34-019ebfa5-7d5b-76a2-94b7-fb066ce0b27a:7034,codex:rollout-2026-06-12T23-22-34-019ebfa5-7d5b-76a2-94b7-fb066ce0b27a:7046,52797,52809,12,34443,1,0,0,0,0,0
ActPlane,3dae89cd06ae,complete,codex:rollout-2026-06-12T23-22-34-019ebfa5-7d5b-76a2-94b7-fb066ce0b27a:7046,codex:rollout-2026-06-12T23-22-34-019ebfa5-7d5b-76a2-94b7-fb066ce0b27a:7058,52809,52821,12,11659682,1,0,0,0,0,0
ActPlane,3dae89cd06ae,complete,codex:rollout-2026-06-12T23-22-34-019ebfa5-7d5b-76a2-94b7-fb066ce0b27a:7058,codex:rollout-2026-06-12T23-22-34-019ebfa5-7d5b-76a2-94b7-fb066ce0b27a:7059,52821,52822,1,47,1,0,0,0,0,0
ActPlane,3dae89cd06ae,complete,codex:rollout-2026-06-12T23-22-34-019ebfa5-7d5b-76a2-94b7-fb066ce0b27a:7059,codex:rollout-2026-06-12T23-22-34-019ebfa5-7d5b-76a2-94b7-fb066ce0b27a:7060,52822,52823,1,5218,1,0,0,0,0,0
ActPlane,3dae89cd06ae,complete,codex:rollout-2026-06-12T23-22-34-019ebfa5-7d5b-76a2-94b7-fb066ce0b27a:7060,codex:rollout-2026-06-12T23-22-34-019ebfa5-7d5b-76a2-94b7-fb066ce0b27a:7082,52823,52845,22,532311,1,0,0,0,0,0
ActPlane,3dae89cd06ae,complete,codex:rollout-2026-06-12T23-22-34-019ebfa5-7d5b-76a2-94b7-fb066ce0b27a:7082,codex:rollout-2026-06-12T23-22-34-019ebfa5-7d5b-76a2-94b7-fb066ce0b27a:7083,52845,52846,1,0,1,0,0,0,0,0
ActPlane,3dae89cd06ae,complete,codex:rollout-2026-06-12T23-22-34-019ebfa5-7d5b-76a2-94b7-fb066ce0b27a:7083,codex:rollout-2026-06-12T23-22-34-019ebfa5-7d5b-76a2-94b7-fb066ce0b27a:7085,52846,52848,2,7596,1,0,0,0,0,0
ActPlane,3dae89cd06ae,complete,codex:rollout-2026-06-12T23-22-34-019ebfa5-7d5b-76a2-94b7-fb066ce0b27a:7085,codex:rollout-2026-06-12T23-22-34-019ebfa5-7d5b-76a2-94b7-fb066ce0b27a:7142,52848,52905,57,2170251,1,0,0,0,0,0
ActPlane,3dae89cd06ae,complete,codex:rollout-2026-06-12T23-22-34-019ebfa5-7d5b-76a2-94b7-fb066ce0b27a:7142,codex:rollout-2026-06-12T23-22-34-019ebfa5-7d5b-76a2-94b7-fb066ce0b27a:7143,52905,52906,1,0,1,0,0,0,0,0
ActPlane,3dae89cd06ae,complete,codex:rollout-2026-06-12T23-22-34-019ebfa5-7d5b-76a2-94b7-fb066ce0b27a:7143,codex:rollout-2026-06-12T23-22-34-019ebfa5-7d5b-76a2-94b7-fb066ce0b27a:7164,52906,52927,21,1296878,1,0,0,0,0,0
ActPlane,3dae89cd06ae,complete,codex:rollout-2026-06-12T23-22-34-019ebfa5-7d5b-76a2-94b7-fb066ce0b27a:7164,codex:rollout-2026-06-12T23-22-34-019ebfa5-7d5b-76a2-94b7-fb066ce0b27a:7165,52927,52928,1,0,1,0,0,0,0,0
ActPlane,3dae89cd06ae,complete,codex:rollout-2026-06-12T23-22-34-019ebfa5-7d5b-76a2-94b7-fb066ce0b27a:7165,codex:rollout-2026-06-12T23-22-34-019ebfa5-7d5b-76a2-94b7-fb066ce0b27a:7166,52928,52929,1,39,1,0,0,0,0,0
ActPlane,3dae89cd06ae,complete,codex:rollout-2026-06-12T23-22-34-019ebfa5-7d5b-76a2-94b7-fb066ce0b27a:7166,codex:rollout-2026-06-12T23-22-34-019ebfa5-7d5b-76a2-94b7-fb066ce0b27a:7229,52929,52992,63,1002259,1,0,0,0,0,0
ActPlane,3dae89cd06ae,complete,codex:rollout-2026-06-12T23-22-34-019ebfa5-7d5b-76a2-94b7-fb066ce0b27a:7229,codex:rollout-2026-06-12T23-22-34-019ebfa5-7d5b-76a2-94b7-fb066ce0b27a:7230,52992,52993,1,0,1,0,0,0,0,0
ActPlane,3dae89cd06ae,complete,codex:rollout-2026-06-12T23-22-34-019ebfa5-7d5b-76a2-94b7-fb066ce0b27a:7230,codex:rollout-2026-06-12T23-22-34-019ebfa5-7d5b-76a2-94b7-fb066ce0b27a:7231,52993,52994,1,0,1,0,0,0,0,0
ActPlane,3dae89cd06ae,complete,codex:rollout-2026-06-12T23-22-34-019ebfa5-7d5b-76a2-94b7-fb066ce0b27a:7231,codex:rollout-2026-06-12T23-22-34-019ebfa5-7d5b-76a2-94b7-fb066ce0b27a:7238,52994,53001,7,105445,1,0,0,0,0,0
ActPlane,3dae89cd06ae,complete,codex:rollout-2026-06-12T23-22-34-019ebfa5-7d5b-76a2-94b7-fb066ce0b27a:7238,codex:rollout-2026-06-12T23-22-34-019ebfa5-7d5b-76a2-94b7-fb066ce0b27a:7243,53001,53006,5,16904,1,0,0,1,0,0
ActPlane,3dae89cd06ae,complete,codex:rollout-2026-06-12T23-22-34-019ebfa5-7d5b-76a2-94b7-fb066ce0b27a:7243,codex:rollout-2026-06-12T23-22-34-019ebfa5-7d5b-76a2-94b7-fb066ce0b27a:7245,53006,53008,2,1,1,0,0,1,0,0
ActPlane,3dae89cd06ae,complete,codex:rollout-2026-06-12T23-22-34-019ebfa5-7d5b-76a2-94b7-fb066ce0b27a:7245,codex:rollout-2026-06-12T23-22-34-019ebfa5-7d5b-76a2-94b7-fb066ce0b27a:7248,53008,53011,3,10638,1,0,0,0,0,0
ActPlane,3dae89cd06ae,complete,codex:rollout-2026-06-12T23-22-34-019ebfa5-7d5b-76a2-94b7-fb066ce0b27a:7248,codex:rollout-2026-06-12T23-22-34-019ebfa5-7d5b-76a2-94b7-fb066ce0b27a:7252,53011,53015,4,9263,1,0,0,1,0,0
ActPlane,3dae89cd06ae,complete,codex:rollout-2026-06-12T23-22-34-019ebfa5-7d5b-76a2-94b7-fb066ce0b27a:7252,codex:rollout-2026-06-12T23-22-34-019ebfa5-7d5b-76a2-94b7-fb066ce0b27a:7254,53015,53017,2,34,1,0,0,1,0,0
ActPlane,3dae89cd06ae,complete,codex:rollout-2026-06-12T23-22-34-019ebfa5-7d5b-76a2-94b7-fb066ce0b27a:7254,codex:rollout-2026-06-12T23-22-34-019ebfa5-7d5b-76a2-94b7-fb066ce0b27a:7256,53017,53019,2,13512,1,0,0,0,0,0
ActPlane,3dae89cd06ae,complete,codex:rollout-2026-06-12T23-22-34-019ebfa5-7d5b-76a2-94b7-fb066ce0b27a:7256,codex:rollout-2026-06-12T23-22-34-019ebfa5-7d5b-76a2-94b7-fb066ce0b27a:7257,53019,53020,1,25,1,0,0,0,0,0
ActPlane,3dae89cd06ae,complete,codex:rollout-2026-06-12T23-22-34-019ebfa5-7d5b-76a2-94b7-fb066ce0b27a:7257,codex:rollout-2026-06-12T23-22-34-019ebfa5-7d5b-76a2-94b7-fb066ce0b27a:7258,53020,53021,1,26,1,0,0,0,0,0
ActPlane,3dae89cd06ae,complete,codex:rollout-2026-06-12T23-22-34-019ebfa5-7d5b-76a2-94b7-fb066ce0b27a:7258,codex:rollout-2026-06-12T23-22-34-019ebfa5-7d5b-76a2-94b7-fb066ce0b27a:7278,53021,53041,20,149597,1,0,0,0,0,0
ActPlane,3dae89cd06ae,complete,codex:rollout-2026-06-12T23-22-34-019ebfa5-7d5b-76a2-94b7-fb066ce0b27a:7278,codex:rollout-2026-06-12T23-22-34-019ebfa5-7d5b-76a2-94b7-fb066ce0b27a:7279,53041,53042,1,0,1,0,0,0,0,0
ActPlane,3dae89cd06ae,complete,codex:rollout-2026-06-12T23-22-34-019ebfa5-7d5b-76a2-94b7-fb066ce0b27a:7279,codex:rollout-2026-06-12T23-22-34-019ebfa5-7d5b-76a2-94b7-fb066ce0b27a:7280,53042,53043,1,5,1,0,0,0,0,0
ActPlane,3dae89cd06ae,complete,codex:rollout-2026-06-12T23-22-34-019ebfa5-7d5b-76a2-94b7-fb066ce0b27a:7280,codex:rollout-2026-06-12T23-22-34-019ebfa5-7d5b-76a2-94b7-fb066ce0b27a:7281,53043,53044,1,46,1,0,0,0,0,0
ActPlane,3dae89cd06ae,complete,codex:rollout-2026-06-12T23-22-34-019ebfa5-7d5b-76a2-94b7-fb066ce0b27a:7281,codex:rollout-2026-06-12T23-22-34-019ebfa5-7d5b-76a2-94b7-fb066ce0b27a:7284,53044,53047,3,58978,1,0,0,0,0,0
ActPlane,3dae89cd06ae,complete,codex:rollout-2026-06-12T23-22-34-019ebfa5-7d5b-76a2-94b7-fb066ce0b27a:7284,codex:rollout-2026-06-12T23-22-34-019ebfa5-7d5b-76a2-94b7-fb066ce0b27a:7315,53047,53078,31,667328,1,0,0,0,0,0
ActPlane,3dae89cd06ae,complete,codex:rollout-2026-06-12T23-22-34-019ebfa5-7d5b-76a2-94b7-fb066ce0b27a:7315,codex:rollout-2026-06-12T23-22-34-019ebfa5-7d5b-76a2-94b7-fb066ce0b27a:7361,53078,53124,46,2325664,1,0,0,0,0,0
ActPlane,3dae89cd06ae,complete,codex:rollout-2026-06-12T23-22-34-019ebfa5-7d5b-76a2-94b7-fb066ce0b27a:7361,codex:rollout-2026-06-12T23-22-34-019ebfa5-7d5b-76a2-94b7-fb066ce0b27a:7364,53124,53127,3,42109,1,0,0,0,0,0
ActPlane,3dae89cd06ae,complete,codex:rollout-2026-06-12T23-22-34-019ebfa5-7d5b-76a2-94b7-fb066ce0b27a:7364,codex:rollout-2026-06-12T23-22-34-019ebfa5-7d5b-76a2-94b7-fb066ce0b27a:7417,53127,53175,48,1571315,1,0,0,0,0,0
ActPlane,3dae89cd06ae,complete,codex:rollout-2026-06-12T23-22-34-019ebfa5-7d5b-76a2-94b7-fb066ce0b27a:7417,codex:rollout-2026-06-12T23-22-34-019ebfa5-7d5b-76a2-94b7-fb066ce0b27a:7418,53175,53176,1,7538,1,0,0,0,0,0
ActPlane,3dae89cd06ae,complete,codex:rollout-2026-06-12T23-22-34-019ebfa5-7d5b-76a2-94b7-fb066ce0b27a:7418,codex:rollout-2026-06-12T23-22-34-019ebfa5-7d5b-76a2-94b7-fb066ce0b27a:7421,53176,53179,3,10370,1,0,0,0,0,0
ActPlane,3dae89cd06ae,complete,codex:rollout-2026-06-12T23-22-34-019ebfa5-7d5b-76a2-94b7-fb066ce0b27a:7421,codex:rollout-2026-06-12T23-22-34-019ebfa5-7d5b-76a2-94b7-fb066ce0b27a:7426,53179,53182,3,49896,1,0,0,0,0,0
ActPlane,3dae89cd06ae,complete,codex:rollout-2026-06-12T23-22-34-019ebfa5-7d5b-76a2-94b7-fb066ce0b27a:7426,codex:rollout-2026-06-12T23-22-34-019ebfa5-7d5b-76a2-94b7-fb066ce0b27a:7470,53182,53226,44,1719940,1,0,0,0,0,0
ActPlane,3dae89cd06ae,complete,codex:rollout-2026-06-12T23-22-34-019ebfa5-7d5b-76a2-94b7-fb066ce0b27a:7470,codex:rollout-2026-06-12T23-22-34-019ebfa5-7d5b-76a2-94b7-fb066ce0b27a:7471,53226,53227,1,5714,1,0,0,0,0,0
ActPlane,3dae89cd06ae,complete,codex:rollout-2026-06-12T23-22-34-019ebfa5-7d5b-76a2-94b7-fb066ce0b27a:7471,codex:rollout-2026-06-12T23-22-34-019ebfa5-7d5b-76a2-94b7-fb066ce0b27a:7472,53227,53228,1,0,1,0,0,0,0,0
ActPlane,3dae89cd06ae,complete,codex:rollout-2026-06-12T23-22-34-019ebfa5-7d5b-76a2-94b7-fb066ce0b27a:7472,codex:rollout-2026-06-12T23-22-34-019ebfa5-7d5b-76a2-94b7-fb066ce0b27a:7527,53228,53283,55,36805215,1,0,0,1,0,0
ActPlane,3dae89cd06ae,complete,codex:rollout-2026-06-12T23-22-34-019ebfa5-7d5b-76a2-94b7-fb066ce0b27a:7527,codex:rollout-2026-06-12T23-22-34-019ebfa5-7d5b-76a2-94b7-fb066ce0b27a:7530,53283,53286,3,14267,1,0,0,0,0,0
ActPlane,3dae89cd06ae,complete,codex:rollout-2026-06-12T23-22-34-019ebfa5-7d5b-76a2-94b7-fb066ce0b27a:7530,codex:rollout-2026-06-12T23-22-34-019ebfa5-7d5b-76a2-94b7-fb066ce0b27a:7531,53286,53287,1,1,1,0,0,0,0,0
ActPlane,3dae89cd06ae,complete,codex:rollout-2026-06-12T23-22-34-019ebfa5-7d5b-76a2-94b7-fb066ce0b27a:7531,codex:rollout-2026-06-12T23-22-34-019ebfa5-7d5b-76a2-94b7-fb066ce0b27a:7532,53287,53288,1,204,1,0,0,0,0,0
ActPlane,3dae89cd06ae,complete,codex:rollout-2026-06-12T23-22-34-019ebfa5-7d5b-76a2-94b7-fb066ce0b27a:7532,codex:rollout-2026-06-12T23-22-34-019ebfa5-7d5b-76a2-94b7-fb066ce0b27a:7533,53288,53289,1,8772,1,0,0,0,0,0
ActPlane,3dae89cd06ae,complete,codex:rollout-2026-06-12T23-22-34-019ebfa5-7d5b-76a2-94b7-fb066ce0b27a:7533,codex:rollout-2026-06-12T23-22-34-019ebfa5-7d5b-76a2-94b7-fb066ce0b27a:7537,53289,53293,4,29897,1,0,0,0,0,0
ActPlane,3dae89cd06ae,complete,codex:rollout-2026-06-12T23-22-34-019ebfa5-7d5b-76a2-94b7-fb066ce0b27a:7537,codex:rollout-2026-06-12T23-22-34-019ebfa5-7d5b-76a2-94b7-fb066ce0b27a:7544,53293,53300,7,29620,1,0,0,1,0,0
ActPlane,3dae89cd06ae,complete,codex:rollout-2026-06-12T23-22-34-019ebfa5-7d5b-76a2-94b7-fb066ce0b27a:7544,codex:rollout-2026-06-12T23-22-34-019ebfa5-7d5b-76a2-94b7-fb066ce0b27a:7546,53300,53302,2,5141,1,0,0,0,0,0
ActPlane,3dae89cd06ae,complete,codex:rollout-2026-06-12T23-22-34-019ebfa5-7d5b-76a2-94b7-fb066ce0b27a:7546,codex:rollout-2026-06-12T23-22-34-019ebfa5-7d5b-76a2-94b7-fb066ce0b27a:7547,53302,53303,1,4546,1,0,0,0,0,0
ActPlane,3dae89cd06ae,complete,codex:rollout-2026-06-12T23-22-34-019ebfa5-7d5b-76a2-94b7-fb066ce0b27a:7547,codex:rollout-2026-06-12T23-22-34-019ebfa5-7d5b-76a2-94b7-fb066ce0b27a:7548,53303,53304,1,43,1,0,0,0,0,0
ActPlane,3dae89cd06ae,complete,codex:rollout-2026-06-12T23-22-34-019ebfa5-7d5b-76a2-94b7-fb066ce0b27a:7548,codex:rollout-2026-06-12T23-22-34-019ebfa5-7d5b-76a2-94b7-fb066ce0b27a:7563,53304,53319,15,143384,1,0,0,0,0,0
ActPlane,3dae89cd06ae,complete,codex:rollout-2026-06-12T23-22-34-019ebfa5-7d5b-76a2-94b7-fb066ce0b27a:7563,codex:rollout-2026-06-12T23-22-34-019ebfa5-7d5b-76a2-94b7-fb066ce0b27a:7567,53319,53323,4,10789,1,0,0,1,0,0
ActPlane,3dae89cd06ae,complete,codex:rollout-2026-06-12T23-22-34-019ebfa5-7d5b-76a2-94b7-fb066ce0b27a:7567,codex:rollout-2026-06-12T23-22-34-019ebfa5-7d5b-76a2-94b7-fb066ce0b27a:7568,53323,53324,1,1,1,0,0,0,0,0
ActPlane,3dae89cd06ae,complete,codex:rollout-2026-06-12T23-22-34-019ebfa5-7d5b-76a2-94b7-fb066ce0b27a:7568,codex:rollout-2026-06-12T23-22-34-019ebfa5-7d5b-76a2-94b7-fb066ce0b27a:7569,53324,53325,1,45,1,0,0,0,0,0
ActPlane,3dae89cd06ae,complete,codex:rollout-2026-06-12T23-22-34-019ebfa5-7d5b-76a2-94b7-fb066ce0b27a:7569,codex:rollout-2026-06-12T23-22-34-019ebfa5-7d5b-76a2-94b7-fb066ce0b27a:7570,53325,53326,1,6307,1,0,0,0,0,0
ActPlane,3dae89cd06ae,complete,codex:rollout-2026-06-12T23-22-34-019ebfa5-7d5b-76a2-94b7-fb066ce0b27a:7570,codex:rollout-2026-06-22T13-23-39-019ef100-c3dd-7b72-a922-001a7b0a570f:38,53326,55282,1956,526718219,14,828,24,0,0,0
ActPlane,3dae89cd06ae,complete,codex:rollout-2026-06-22T13-23-39-019ef100-c3dd-7b72-a922-001a7b0a570f:38,codex:rollout-2026-06-22T13-23-39-019ef100-c3dd-7b72-a922-001a7b0a570f:39,55282,55283,1,1,1,0,0,0,0,0
ActPlane,3dae89cd06ae,complete,codex:rollout-2026-06-22T13-23-39-019ef100-c3dd-7b72-a922-001a7b0a570f:39,codex:rollout-2026-06-22T13-23-39-019ef100-c3dd-7b72-a922-001a7b0a570f:52,55283,55296,13,35283,1,0,0,1,4,0
ActPlane,3dae89cd06ae,complete,codex:rollout-2026-06-22T13-23-39-019ef100-c3dd-7b72-a922-001a7b0a570f:52,codex:rollout-2026-06-22T13-23-39-019ef100-c3dd-7b72-a922-001a7b0a570f:53,55296,55297,1,6438,1,0,0,0,0,0
ActPlane,3dae89cd06ae,complete,codex:rollout-2026-06-22T13-23-39-019ef100-c3dd-7b72-a922-001a7b0a570f:53,codex:rollout-2026-06-22T13-23-39-019ef100-c3dd-7b72-a922-001a7b0a570f:55,55297,55299,2,47,1,0,0,0,0,0
ActPlane,3dae89cd06ae,complete,codex:rollout-2026-06-22T13-23-39-019ef100-c3dd-7b72-a922-001a7b0a570f:55,codex:rollout-2026-06-22T13-23-39-019ef100-c3dd-7b72-a922-001a7b0a570f:119,55299,55363,64,379200,1,0,0,0,1,0
ActPlane,3dae89cd06ae,complete,codex:rollout-2026-06-22T13-23-39-019ef100-c3dd-7b72-a922-001a7b0a570f:119,codex:rollout-2026-06-22T13-23-39-019ef100-c3dd-7b72-a922-001a7b0a570f:120,55363,55364,1,26,1,0,0,0,0,0
ActPlane,3dae89cd06ae,complete,codex:rollout-2026-06-22T13-23-39-019ef100-c3dd-7b72-a922-001a7b0a570f:120,codex:rollout-2026-06-22T13-23-39-019ef100-c3dd-7b72-a922-001a7b0a570f:121,55364,55365,1,0,1,0,0,0,0,0
ActPlane,3dae89cd06ae,complete,codex:rollout-2026-06-22T13-23-39-019ef100-c3dd-7b72-a922-001a7b0a570f:121,codex:rollout-2026-06-22T13-23-39-019ef100-c3dd-7b72-a922-001a7b0a570f:124,55365,55368,3,9351,1,0,0,0,0,0
ActPlane,3dae89cd06ae,complete,codex:rollout-2026-06-22T13-23-39-019ef100-c3dd-7b72-a922-001a7b0a570f:124,codex:rollout-2026-06-22T13-23-39-019ef100-c3dd-7b72-a922-001a7b0a570f:194,55368,55438,70,1807475,1,0,0,0,2,0
ActPlane,3dae89cd06ae,complete,codex:rollout-2026-06-22T13-23-39-019ef100-c3dd-7b72-a922-001a7b0a570f:194,codex:rollout-2026-06-22T13-23-39-019ef100-c3dd-7b72-a922-001a7b0a570f:195,55438,55439,1,4,1,0,0,0,0,0
ActPlane,3dae89cd06ae,complete,codex:rollout-2026-06-22T13-23-39-019ef100-c3dd-7b72-a922-001a7b0a570f:195,codex:rollout-2026-06-22T13-23-39-019ef100-c3dd-7b72-a922-001a7b0a570f:196,55439,55440,1,0,1,0,0,0,0,0
ActPlane,3dae89cd06ae,complete,codex:rollout-2026-06-22T13-23-39-019ef100-c3dd-7b72-a922-001a7b0a570f:196,codex:rollout-2026-06-22T13-23-39-019ef100-c3dd-7b72-a922-001a7b0a570f:244,55440,55488,48,673470,1,0,0,0,0,0
ActPlane,3dae89cd06ae,complete,codex:rollout-2026-06-22T13-23-39-019ef100-c3dd-7b72-a922-001a7b0a570f:244,codex:rollout-2026-06-22T13-23-39-019ef100-c3dd-7b72-a922-001a7b0a570f:251,55488,55495,7,18636,1,0,0,1,0,0
ActPlane,3dae89cd06ae,complete,codex:rollout-2026-06-22T13-23-39-019ef100-c3dd-7b72-a922-001a7b0a570f:251,codex:rollout-2026-06-22T13-23-39-019ef100-c3dd-7b72-a922-001a7b0a570f:252,55495,55496,1,1,1,0,0,0,0,0
ActPlane,3dae89cd06ae,complete,codex:rollout-2026-06-22T13-23-39-019ef100-c3dd-7b72-a922-001a7b0a570f:252,codex:rollout-2026-06-22T14-20-32-019ef134-d5c8-7923-9748-7f6a3d74812b:7,55496,55532,36,219907,2,0,0,0,0,0
ActPlane,3dae89cd06ae,complete,codex:rollout-2026-06-22T14-20-32-019ef134-d5c8-7923-9748-7f6a3d74812b:7,codex:rollout-2026-06-22T14-20-32-019ef134-d5c8-7923-9748-7f6a3d74812b:8,55532,55533,1,11892,1,0,0,0,0,0
ActPlane,3dae89cd06ae,complete,codex:rollout-2026-06-22T14-20-32-019ef134-d5c8-7923-9748-7f6a3d74812b:8,codex:rollout-2026-06-22T13-23-39-019ef100-c3dd-7b72-a922-001a7b0a570f:283,55533,55559,26,66653,2,0,0,0,0,0
ActPlane,3dae89cd06ae,complete,codex:rollout-2026-06-22T13-23-39-019ef100-c3dd-7b72-a922-001a7b0a570f:283,codex:rollout-2026-06-22T13-23-39-019ef100-c3dd-7b72-a922-001a7b0a570f:284,55559,55560,1,27,1,0,0,0,0,0
ActPlane,3dae89cd06ae,complete,codex:rollout-2026-06-22T13-23-39-019ef100-c3dd-7b72-a922-001a7b0a570f:284,codex:rollout-2026-06-22T13-23-39-019ef100-c3dd-7b72-a922-001a7b0a570f:298,55560,55584,24,123034,2,0,0,2,0,0
ActPlane,3dae89cd06ae,complete,codex:rollout-2026-06-22T13-23-39-019ef100-c3dd-7b72-a922-001a7b0a570f:298,codex:rollout-2026-06-22T13-23-39-019ef100-c3dd-7b72-a922-001a7b0a570f:299,55584,55585,1,2,1,0,0,0,0,0
ActPlane,3dae89cd06ae,complete,codex:rollout-2026-06-22T13-23-39-019ef100-c3dd-7b72-a922-001a7b0a570f:299,codex:rollout-2026-06-22T13-23-39-019ef100-c3dd-7b72-a922-001a7b0a570f:338,55585,55624,39,266718,1,0,0,0,0,0
ActPlane,3dae89cd06ae,complete,codex:rollout-2026-06-22T13-23-39-019ef100-c3dd-7b72-a922-001a7b0a570f:338,codex:rollout-2026-06-22T13-23-39-019ef100-c3dd-7b72-a922-001a7b0a570f:339,55624,55625,1,0,1,0,0,0,0,0
ActPlane,3dae89cd06ae,complete,codex:rollout-2026-06-22T13-23-39-019ef100-c3dd-7b72-a922-001a7b0a570f:339,codex:rollout-2026-06-22T13-23-39-019ef100-c3dd-7b72-a922-001a7b0a570f:342,55625,55628,3,9447,1,0,0,0,0,0
ActPlane,3dae89cd06ae,complete,codex:rollout-2026-06-22T13-23-39-019ef100-c3dd-7b72-a922-001a7b0a570f:342,codex:rollout-2026-06-22T13-23-39-019ef100-c3dd-7b72-a922-001a7b0a570f:390,55628,55710,82,390843,2,0,0,0,0,0
ActPlane,3dae89cd06ae,complete,codex:rollout-2026-06-22T13-23-39-019ef100-c3dd-7b72-a922-001a7b0a570f:390,codex:rollout-2026-06-22T13-23-39-019ef100-c3dd-7b72-a922-001a7b0a570f:392,55710,55712,2,10715,1,0,0,0,0,0
ActPlane,3dae89cd06ae,complete,codex:rollout-2026-06-22T13-23-39-019ef100-c3dd-7b72-a922-001a7b0a570f:392,codex:rollout-2026-06-22T13-23-39-019ef100-c3dd-7b72-a922-001a7b0a570f:393,55712,55713,1,0,1,0,0,0,0,0
ActPlane,3dae89cd06ae,complete,codex:rollout-2026-06-22T13-23-39-019ef100-c3dd-7b72-a922-001a7b0a570f:393,codex:rollout-2026-06-22T13-23-39-019ef100-c3dd-7b72-a922-001a7b0a570f:477,55713,55797,84,2319399,1,0,0,0,0,0
ActPlane,3dae89cd06ae,complete,codex:rollout-2026-06-22T13-23-39-019ef100-c3dd-7b72-a922-001a7b0a570f:477,codex:rollout-2026-06-22T13-23-39-019ef100-c3dd-7b72-a922-001a7b0a570f:703,55797,56023,226,3726212,1,3,3,0,0,0
ActPlane,3dae89cd06ae,complete,codex:rollout-2026-06-22T13-23-39-019ef100-c3dd-7b72-a922-001a7b0a570f:703,codex:rollout-2026-06-22T13-23-39-019ef100-c3dd-7b72-a922-001a7b0a570f:705,56023,56025,2,13889,1,0,0,0,0,0
ActPlane,3dae89cd06ae,complete,codex:rollout-2026-06-22T13-23-39-019ef100-c3dd-7b72-a922-001a7b0a570f:705,codex:rollout-2026-06-22T13-23-39-019ef100-c3dd-7b72-a922-001a7b0a570f:711,56025,56031,6,22714,1,0,0,0,0,0
ActPlane,3dae89cd06ae,complete,codex:rollout-2026-06-22T13-23-39-019ef100-c3dd-7b72-a922-001a7b0a570f:711,codex:rollout-2026-06-22T13-23-39-019ef100-c3dd-7b72-a922-001a7b0a570f:714,56031,56034,3,14045,1,0,0,0,0,0
ActPlane,3dae89cd06ae,complete,codex:rollout-2026-06-22T13-23-39-019ef100-c3dd-7b72-a922-001a7b0a570f:714,codex:rollout-2026-06-22T13-23-39-019ef100-c3dd-7b72-a922-001a7b0a570f:715,56034,56035,1,6862,1,0,0,0,0,0
ActPlane,3dae89cd06ae,complete,codex:rollout-2026-06-22T13-23-39-019ef100-c3dd-7b72-a922-001a7b0a570f:715,codex:rollout-2026-06-22T13-23-39-019ef100-c3dd-7b72-a922-001a7b0a570f:734,56035,56054,19,198141,1,0,0,0,0,0
ActPlane,3dae89cd06ae,complete,codex:rollout-2026-06-22T13-23-39-019ef100-c3dd-7b72-a922-001a7b0a570f:734,codex:rollout-2026-06-22T13-23-39-019ef100-c3dd-7b72-a922-001a7b0a570f:736,56054,56056,2,12952,1,0,0,0,0,0
ActPlane,3dae89cd06ae,complete,codex:rollout-2026-06-22T13-23-39-019ef100-c3dd-7b72-a922-001a7b0a570f:736,codex:rollout-2026-06-22T13-23-39-019ef100-c3dd-7b72-a922-001a7b0a570f:739,56056,56059,3,14408,1,0,0,0,0,0
ActPlane,3dae89cd06ae,complete,codex:rollout-2026-06-22T13-23-39-019ef100-c3dd-7b72-a922-001a7b0a570f:739,codex:rollout-2026-06-22T13-23-39-019ef100-c3dd-7b72-a922-001a7b0a570f:741,56059,56061,2,25045,1,0,0,0,0,0
ActPlane,3dae89cd06ae,complete,codex:rollout-2026-06-22T13-23-39-019ef100-c3dd-7b72-a922-001a7b0a570f:741,codex:rollout-2026-06-22T13-23-39-019ef100-c3dd-7b72-a922-001a7b0a570f:746,56061,56066,5,41703,1,0,0,0,0,0
ActPlane,3dae89cd06ae,complete,codex:rollout-2026-06-22T13-23-39-019ef100-c3dd-7b72-a922-001a7b0a570f:746,codex:rollout-2026-06-22T13-23-39-019ef100-c3dd-7b72-a922-001a7b0a570f:747,56066,56067,1,11431,1,0,0,0,0,0
ActPlane,3dae89cd06ae,complete,codex:rollout-2026-06-22T13-23-39-019ef100-c3dd-7b72-a922-001a7b0a570f:747,codex:rollout-2026-06-22T13-23-39-019ef100-c3dd-7b72-a922-001a7b0a570f:748,56067,56068,1,11029,1,0,0,0,0,0
ActPlane,3dae89cd06ae,complete,codex:rollout-2026-06-22T13-23-39-019ef100-c3dd-7b72-a922-001a7b0a570f:748,codex:rollout-2026-06-22T13-23-39-019ef100-c3dd-7b72-a922-001a7b0a570f:752,56068,56072,4,651116,1,0,0,0,0,0
ActPlane,3dae89cd06ae,complete,codex:rollout-2026-06-22T13-23-39-019ef100-c3dd-7b72-a922-001a7b0a570f:752,codex:rollout-2026-06-22T13-23-39-019ef100-c3dd-7b72-a922-001a7b0a570f:798,56072,56118,46,2840882,1,0,0,1,0,0
ActPlane,3dae89cd06ae,complete,codex:rollout-2026-06-22T13-23-39-019ef100-c3dd-7b72-a922-001a7b0a570f:798,codex:rollout-2026-06-22T13-23-39-019ef100-c3dd-7b72-a922-001a7b0a570f:801,56118,56121,3,29586,1,0,0,0,0,0
ActPlane,3dae89cd06ae,complete,codex:rollout-2026-06-22T13-23-39-019ef100-c3dd-7b72-a922-001a7b0a570f:801,codex:rollout-2026-06-22T13-23-39-019ef100-c3dd-7b72-a922-001a7b0a570f:834,56121,56154,33,224297,1,0,0,0,0,0
ActPlane,3dae89cd06ae,complete,codex:rollout-2026-06-22T13-23-39-019ef100-c3dd-7b72-a922-001a7b0a570f:834,codex:rollout-2026-06-22T13-23-39-019ef100-c3dd-7b72-a922-001a7b0a570f:836,56154,56156,2,6796,1,0,0,0,0,0
ActPlane,3dae89cd06ae,complete,codex:rollout-2026-06-22T13-23-39-019ef100-c3dd-7b72-a922-001a7b0a570f:836,codex:rollout-2026-06-22T13-23-39-019ef100-c3dd-7b72-a922-001a7b0a570f:837,56156,56157,1,5552,1,0,0,0,0,0
ActPlane,3dae89cd06ae,complete,codex:rollout-2026-06-22T13-23-39-019ef100-c3dd-7b72-a922-001a7b0a570f:837,codex:rollout-2026-06-22T13-23-39-019ef100-c3dd-7b72-a922-001a7b0a570f:838,56157,56158,1,36,1,0,0,0,0,0
ActPlane,3dae89cd06ae,complete,codex:rollout-2026-06-22T13-23-39-019ef100-c3dd-7b72-a922-001a7b0a570f:838,codex:rollout-2026-06-22T13-23-39-019ef100-c3dd-7b72-a922-001a7b0a570f:859,56158,56232,74,358342,2,0,0,0,0,0
ActPlane,3dae89cd06ae,complete,codex:rollout-2026-06-22T13-23-39-019ef100-c3dd-7b72-a922-001a7b0a570f:859,codex:rollout-2026-06-22T13-23-39-019ef100-c3dd-7b72-a922-001a7b0a570f:861,56232,56234,2,5802,1,0,0,0,0,0
ActPlane,3dae89cd06ae,complete,codex:rollout-2026-06-22T13-23-39-019ef100-c3dd-7b72-a922-001a7b0a570f:861,codex:rollout-2026-06-22T13-23-39-019ef100-c3dd-7b72-a922-001a7b0a570f:862,56234,56235,1,4803,1,0,0,0,0,0
ActPlane,3dae89cd06ae,complete,codex:rollout-2026-06-22T13-23-39-019ef100-c3dd-7b72-a922-001a7b0a570f:862,codex:rollout-2026-06-22T13-23-39-019ef100-c3dd-7b72-a922-001a7b0a570f:863,56235,56236,1,48,1,0,0,0,0,0
ActPlane,3dae89cd06ae,complete,codex:rollout-2026-06-22T13-23-39-019ef100-c3dd-7b72-a922-001a7b0a570f:863,codex:rollout-2026-06-22T13-23-39-019ef100-c3dd-7b72-a922-001a7b0a570f:949,56236,56322,86,935424,1,0,0,2,0,0
ActPlane,3dae89cd06ae,complete,codex:rollout-2026-06-22T13-23-39-019ef100-c3dd-7b72-a922-001a7b0a570f:949,codex:rollout-2026-06-22T13-23-39-019ef100-c3dd-7b72-a922-001a7b0a570f:976,56322,56349,27,194219,1,0,0,0,0,0
ActPlane,3dae89cd06ae,complete,codex:rollout-2026-06-22T13-23-39-019ef100-c3dd-7b72-a922-001a7b0a570f:976,codex:rollout-2026-06-22T13-23-39-019ef100-c3dd-7b72-a922-001a7b0a570f:1031,56349,56404,55,613427,1,0,0,0,0,0
ActPlane,3dae89cd06ae,complete,codex:rollout-2026-06-22T13-23-39-019ef100-c3dd-7b72-a922-001a7b0a570f:1031,codex:rollout-2026-06-22T13-23-39-019ef100-c3dd-7b72-a922-001a7b0a570f:1032,56404,56405,1,5081,1,0,0,0,0,0
ActPlane,3dae89cd06ae,complete,codex:rollout-2026-06-22T13-23-39-019ef100-c3dd-7b72-a922-001a7b0a570f:1032,codex:rollout-2026-06-22T13-23-39-019ef100-c3dd-7b72-a922-001a7b0a570f:1033,56405,56406,1,4789,1,0,0,0,0,0
ActPlane,3dae89cd06ae,complete,codex:rollout-2026-06-22T13-23-39-019ef100-c3dd-7b72-a922-001a7b0a570f:1033,codex:rollout-2026-06-22T13-23-39-019ef100-c3dd-7b72-a922-001a7b0a570f:1034,56406,56407,1,14465,1,0,0,0,0,0
ActPlane,3dae89cd06ae,complete,codex:rollout-2026-06-22T13-23-39-019ef100-c3dd-7b72-a922-001a7b0a570f:1034,codex:rollout-2026-06-22T13-23-39-019ef100-c3dd-7b72-a922-001a7b0a570f:1056,56407,56466,59,368641,2,0,0,1,0,0
ActPlane,3dae89cd06ae,complete,codex:rollout-2026-06-22T13-23-39-019ef100-c3dd-7b72-a922-001a7b0a570f:1056,codex:rollout-2026-06-22T13-23-39-019ef100-c3dd-7b72-a922-001a7b0a570f:1072,56466,56482,16,382871,1,0,0,0,0,0
ActPlane,3dae89cd06ae,complete,codex:rollout-2026-06-22T13-23-39-019ef100-c3dd-7b72-a922-001a7b0a570f:1072,codex:rollout-2026-06-22T13-23-39-019ef100-c3dd-7b72-a922-001a7b0a570f:1079,56482,56489,7,86988,1,0,0,0,0,0
ActPlane,3dae89cd06ae,complete,codex:rollout-2026-06-22T13-23-39-019ef100-c3dd-7b72-a922-001a7b0a570f:1079,codex:rollout-2026-06-22T13-23-39-019ef100-c3dd-7b72-a922-001a7b0a570f:1080,56489,56490,1,10993,1,0,0,0,0,0
ActPlane,3dae89cd06ae,complete,codex:rollout-2026-06-22T13-23-39-019ef100-c3dd-7b72-a922-001a7b0a570f:1080,codex:rollout-2026-06-22T13-23-39-019ef100-c3dd-7b72-a922-001a7b0a570f:1095,56490,56539,49,294787,2,1,1,0,0,0
ActPlane,3dae89cd06ae,complete,codex:rollout-2026-06-22T13-23-39-019ef100-c3dd-7b72-a922-001a7b0a570f:1095,codex:rollout-2026-06-22T13-23-39-019ef100-c3dd-7b72-a922-001a7b0a570f:1098,56539,56542,3,25221,1,0,0,0,0,0
ActPlane,3dae89cd06ae,complete,codex:rollout-2026-06-22T13-23-39-019ef100-c3dd-7b72-a922-001a7b0a570f:1098,codex:rollout-2026-06-22T13-23-39-019ef100-c3dd-7b72-a922-001a7b0a570f:1099,56542,56543,1,11016,1,0,0,0,0,0
ActPlane,3dae89cd06ae,complete,codex:rollout-2026-06-22T13-23-39-019ef100-c3dd-7b72-a922-001a7b0a570f:1099,codex:rollout-2026-06-22T13-23-39-019ef100-c3dd-7b72-a922-001a7b0a570f:1128,56543,56621,78,645301,2,0,0,0,0,0
ActPlane,3dae89cd06ae,complete,codex:rollout-2026-06-22T13-23-39-019ef100-c3dd-7b72-a922-001a7b0a570f:1128,codex:rollout-2026-06-22T13-23-39-019ef100-c3dd-7b72-a922-001a7b0a570f:1181,56621,56674,53,838473,1,0,0,0,0,0
ActPlane,3dae89cd06ae,complete,codex:rollout-2026-06-22T13-23-39-019ef100-c3dd-7b72-a922-001a7b0a570f:1181,codex:rollout-2026-06-22T13-23-39-019ef100-c3dd-7b72-a922-001a7b0a570f:1184,56674,56677,3,3849,1,0,0,0,0,0
ActPlane,3dae89cd06ae,complete,codex:rollout-2026-06-22T13-23-39-019ef100-c3dd-7b72-a922-001a7b0a570f:1184,codex:rollout-2026-06-22T13-23-39-019ef100-c3dd-7b72-a922-001a7b0a570f:1185,56677,56678,1,6322,1,0,0,0,0,0
ActPlane,3dae89cd06ae,complete,codex:rollout-2026-06-22T13-23-39-019ef100-c3dd-7b72-a922-001a7b0a570f:1185,codex:rollout-2026-06-22T13-23-39-019ef100-c3dd-7b72-a922-001a7b0a570f:1189,56678,56682,4,81847,1,0,0,0,0,0
ActPlane,3dae89cd06ae,complete,codex:rollout-2026-06-22T13-23-39-019ef100-c3dd-7b72-a922-001a7b0a570f:1189,codex:rollout-2026-06-22T13-23-39-019ef100-c3dd-7b72-a922-001a7b0a570f:1198,56682,56691,9,82969,1,0,0,0,0,0
ActPlane,3dae89cd06ae,complete,codex:rollout-2026-06-22T13-23-39-019ef100-c3dd-7b72-a922-001a7b0a570f:1198,codex:rollout-2026-06-22T13-23-39-019ef100-c3dd-7b72-a922-001a7b0a570f:1229,56691,56777,86,426517,2,0,0,1,0,0
ActPlane,3dae89cd06ae,complete,codex:rollout-2026-06-22T13-23-39-019ef100-c3dd-7b72-a922-001a7b0a570f:1229,codex:rollout-2026-06-22T13-23-39-019ef100-c3dd-7b72-a922-001a7b0a570f:1235,56777,56783,6,76559,1,1,1,1,0,0
ActPlane,3dae89cd06ae,complete,codex:rollout-2026-06-22T13-23-39-019ef100-c3dd-7b72-a922-001a7b0a570f:1235,codex:rollout-2026-06-22T13-23-39-019ef100-c3dd-7b72-a922-001a7b0a570f:1240,56783,56788,5,41771,1,0,0,0,0,0
ActPlane,3dae89cd06ae,complete,codex:rollout-2026-06-22T13-23-39-019ef100-c3dd-7b72-a922-001a7b0a570f:1240,codex:rollout-2026-06-22T13-23-39-019ef100-c3dd-7b72-a922-001a7b0a570f:1241,56788,56789,1,0,1,0,0,0,0,0
ActPlane,3dae89cd06ae,complete,codex:rollout-2026-06-22T13-23-39-019ef100-c3dd-7b72-a922-001a7b0a570f:1241,codex:rollout-2026-06-22T13-23-39-019ef100-c3dd-7b72-a922-001a7b0a570f:1242,56789,56790,1,0,1,0,0,0,0,0
ActPlane,3dae89cd06ae,complete,codex:rollout-2026-06-22T13-23-39-019ef100-c3dd-7b72-a922-001a7b0a570f:1242,codex:rollout-2026-06-22T13-23-39-019ef100-c3dd-7b72-a922-001a7b0a570f:1245,56790,56793,3,9065,1,0,0,0,0,0
ActPlane,3dae89cd06ae,complete,codex:rollout-2026-06-22T13-23-39-019ef100-c3dd-7b72-a922-001a7b0a570f:1245,codex:rollout-2026-06-22T13-23-39-019ef100-c3dd-7b72-a922-001a7b0a570f:1301,56793,56849,56,1988630,1,0,0,0,0,0
ActPlane,3dae89cd06ae,complete,codex:rollout-2026-06-22T13-23-39-019ef100-c3dd-7b72-a922-001a7b0a570f:1301,codex:rollout-2026-06-22T13-23-39-019ef100-c3dd-7b72-a922-001a7b0a570f:1302,56849,56850,1,31,1,0,0,0,0,0
ActPlane,3dae89cd06ae,complete,codex:rollout-2026-06-22T13-23-39-019ef100-c3dd-7b72-a922-001a7b0a570f:1302,codex:rollout-2026-06-22T13-23-39-019ef100-c3dd-7b72-a922-001a7b0a570f:1304,56850,56852,2,27168,1,1,1,0,0,0
ActPlane,3dae89cd06ae,complete,codex:rollout-2026-06-22T13-23-39-019ef100-c3dd-7b72-a922-001a7b0a570f:1304,codex:rollout-2026-06-22T13-23-39-019ef100-c3dd-7b72-a922-001a7b0a570f:1310,56852,56858,6,58979,1,0,0,0,0,0
ActPlane,3dae89cd06ae,complete,codex:rollout-2026-06-22T13-23-39-019ef100-c3dd-7b72-a922-001a7b0a570f:1310,codex:rollout-2026-06-25T20-15-04-019f01ec-7f4a-7102-8213-eda750228933:83,56858,57171,313,263497028,6,34,6,0,0,0
ActPlane,3dae89cd06ae,complete,codex:rollout-2026-06-25T20-15-04-019f01ec-7f4a-7102-8213-eda750228933:83,codex:rollout-2026-06-25T20-15-04-019f01ec-7f4a-7102-8213-eda750228933:84,57171,57172,1,0,1,0,0,0,0,0
ActPlane,3dae89cd06ae,complete,codex:rollout-2026-06-25T20-15-04-019f01ec-7f4a-7102-8213-eda750228933:84,codex:rollout-2026-06-25T20-15-04-019f01ec-7f4a-7102-8213-eda750228933:86,57172,57174,2,11217,1,0,0,0,0,0
ActPlane,3dae89cd06ae,complete,codex:rollout-2026-06-25T20-15-04-019f01ec-7f4a-7102-8213-eda750228933:86,codex:rollout-2026-06-25T20-15-04-019f01ec-7f4a-7102-8213-eda750228933:87,57174,57175,1,56,1,0,0,0,0,0
ActPlane,3dae89cd06ae,complete,codex:rollout-2026-06-25T20-15-04-019f01ec-7f4a-7102-8213-eda750228933:87,codex:rollout-2026-06-25T20-15-04-019f01ec-7f4a-7102-8213-eda750228933:101,57175,57197,22,92227,2,0,0,0,0,0
ActPlane,3dae89cd06ae,complete,codex:rollout-2026-06-25T20-15-04-019f01ec-7f4a-7102-8213-eda750228933:101,codex:rollout-2026-06-25T20-15-04-019f01ec-7f4a-7102-8213-eda750228933:103,57197,57199,2,36348,1,0,0,0,0,0
ActPlane,3dae89cd06ae,complete,codex:rollout-2026-06-25T20-15-04-019f01ec-7f4a-7102-8213-eda750228933:103,codex:rollout-2026-06-25T20-15-04-019f01ec-7f4a-7102-8213-eda750228933:104,57199,57200,1,44,1,0,0,0,0,0
ActPlane,3dae89cd06ae,complete,codex:rollout-2026-06-25T20-15-04-019f01ec-7f4a-7102-8213-eda750228933:104,codex:rollout-2026-06-25T20-41-02-019f0204-46ee-7313-848a-7d6a483ccce8:53,57200,57221,21,142768,2,0,0,0,0,0
ActPlane,3dae89cd06ae,complete,codex:rollout-2026-06-25T20-41-02-019f0204-46ee-7313-848a-7d6a483ccce8:53,codex:rollout-2026-06-25T20-41-02-019f0204-46ee-7313-848a-7d6a483ccce8:55,57221,57223,2,11509,1,0,0,0,0,0
ActPlane,3dae89cd06ae,complete,codex:rollout-2026-06-25T20-41-02-019f0204-46ee-7313-848a-7d6a483ccce8:55,codex:rollout-2026-06-25T20-41-02-019f0204-46ee-7313-848a-7d6a483ccce8:64,57223,57242,19,67242,2,0,0,0,0,0
ActPlane,3dae89cd06ae,complete,codex:rollout-2026-06-25T20-41-02-019f0204-46ee-7313-848a-7d6a483ccce8:64,codex:rollout-2026-06-25T20-41-02-019f0204-46ee-7313-848a-7d6a483ccce8:65,57242,57243,1,0,1,0,0,0,0,0
ActPlane,3dae89cd06ae,complete,codex:rollout-2026-06-25T20-41-02-019f0204-46ee-7313-848a-7d6a483ccce8:65,codex:rollout-2026-06-25T20-41-02-019f0204-46ee-7313-848a-7d6a483ccce8:66,57243,57244,1,134,1,0,0,0,0,0
ActPlane,3dae89cd06ae,complete,codex:rollout-2026-06-25T20-41-02-019f0204-46ee-7313-848a-7d6a483ccce8:66,codex:rollout-2026-06-25T20-41-02-019f0204-46ee-7313-848a-7d6a483ccce8:67,57244,57245,1,9111,1,0,0,0,0,0
ActPlane,3dae89cd06ae,complete,codex:rollout-2026-06-25T20-41-02-019f0204-46ee-7313-848a-7d6a483ccce8:67,codex:rollout-2026-06-25T20-41-02-019f0204-46ee-7313-848a-7d6a483ccce8:68,57245,57246,1,5213,1,0,0,0,0,0
ActPlane,3dae89cd06ae,complete,codex:rollout-2026-06-25T20-41-02-019f0204-46ee-7313-848a-7d6a483ccce8:68,codex:rollout-2026-06-25T20-41-02-019f0204-46ee-7313-848a-7d6a483ccce8:70,57246,57252,6,28570,2,0,0,0,0,0
ActPlane,3dae89cd06ae,complete,codex:rollout-2026-06-25T20-41-02-019f0204-46ee-7313-848a-7d6a483ccce8:70,codex:rollout-2026-06-25T20-41-02-019f0204-46ee-7313-848a-7d6a483ccce8:71,57252,57253,1,6441,1,0,0,0,0,0
ActPlane,3dae89cd06ae,complete,codex:rollout-2026-06-25T20-41-02-019f0204-46ee-7313-848a-7d6a483ccce8:71,codex:rollout-2026-06-25T20-41-02-019f0204-46ee-7313-848a-7d6a483ccce8:74,57253,57263,10,15469,2,0,0,0,0,0
ActPlane,3dae89cd06ae,complete,codex:rollout-2026-06-25T20-41-02-019f0204-46ee-7313-848a-7d6a483ccce8:74,codex:rollout-2026-06-25T20-15-04-019f01ec-7f4a-7102-8213-eda750228933:162,57263,57305,42,317897,2,0,0,0,0,0
ActPlane,3dae89cd06ae,complete,codex:rollout-2026-06-25T20-15-04-019f01ec-7f4a-7102-8213-eda750228933:162,codex:rollout-2026-06-25T20-15-04-019f01ec-7f4a-7102-8213-eda750228933:164,57305,57307,2,16826,1,0,0,0,0,0
ActPlane,3dae89cd06ae,complete,codex:rollout-2026-06-25T20-15-04-019f01ec-7f4a-7102-8213-eda750228933:164,codex:rollout-2026-06-25T20-15-04-019f01ec-7f4a-7102-8213-eda750228933:165,57307,57308,1,4590,1,0,0,0,0,0
ActPlane,3dae89cd06ae,complete,codex:rollout-2026-06-25T20-15-04-019f01ec-7f4a-7102-8213-eda750228933:165,codex:rollout-2026-06-25T20-15-04-019f01ec-7f4a-7102-8213-eda750228933:166,57308,57309,1,12099,1,0,0,0,0,0
ActPlane,3dae89cd06ae,complete,codex:rollout-2026-06-25T20-15-04-019f01ec-7f4a-7102-8213-eda750228933:166,codex:rollout-2026-06-25T20-15-04-019f01ec-7f4a-7102-8213-eda750228933:194,57309,57428,119,549085,3,0,0,0,0,0
ActPlane,3dae89cd06ae,complete,codex:rollout-2026-06-25T20-15-04-019f01ec-7f4a-7102-8213-eda750228933:194,codex:rollout-2026-06-25T20-15-04-019f01ec-7f4a-7102-8213-eda750228933:199,57428,57433,5,94395,1,0,0,0,0,0
ActPlane,3dae89cd06ae,complete,codex:rollout-2026-06-25T20-15-04-019f01ec-7f4a-7102-8213-eda750228933:199,codex:rollout-2026-06-25T20-15-04-019f01ec-7f4a-7102-8213-eda750228933:200,57433,57434,1,4058,1,0,0,0,0,0
ActPlane,3dae89cd06ae,complete,codex:rollout-2026-06-25T20-15-04-019f01ec-7f4a-7102-8213-eda750228933:200,codex:rollout-2026-06-25T20-15-04-019f01ec-7f4a-7102-8213-eda750228933:201,57434,57435,1,5841,1,0,0,0,0,0
ActPlane,3dae89cd06ae,complete,codex:rollout-2026-06-25T20-15-04-019f01ec-7f4a-7102-8213-eda750228933:201,codex:rollout-2026-06-25T20-15-04-019f01ec-7f4a-7102-8213-eda750228933:243,57435,57490,55,2094099,2,0,0,0,0,0
ActPlane,3dae89cd06ae,complete,codex:rollout-2026-06-25T20-15-04-019f01ec-7f4a-7102-8213-eda750228933:243,codex:rollout-2026-06-25T20-15-04-019f01ec-7f4a-7102-8213-eda750228933:248,57490,57496,6,81620,2,0,0,0,0,0
ActPlane,3dae89cd06ae,complete,codex:rollout-2026-06-25T20-15-04-019f01ec-7f4a-7102-8213-eda750228933:248,codex:rollout-2026-06-25T20-15-04-019f01ec-7f4a-7102-8213-eda750228933:256,57496,57504,8,91106,1,0,0,0,0,0
ActPlane,3dae89cd06ae,complete,codex:rollout-2026-06-25T20-15-04-019f01ec-7f4a-7102-8213-eda750228933:256,codex:rollout-2026-06-25T20-15-04-019f01ec-7f4a-7102-8213-eda750228933:257,57504,57505,1,4536,1,0,0,0,0,0
ActPlane,3dae89cd06ae,complete,codex:rollout-2026-06-25T20-15-04-019f01ec-7f4a-7102-8213-eda750228933:257,codex:rollout-2026-06-25T20-15-04-019f01ec-7f4a-7102-8213-eda750228933:314,57505,57566,61,365112,2,0,0,0,0,0
ActPlane,3dae89cd06ae,complete,codex:rollout-2026-06-25T20-15-04-019f01ec-7f4a-7102-8213-eda750228933:314,codex:rollout-2026-06-25T20-15-04-019f01ec-7f4a-7102-8213-eda750228933:319,57566,57571,5,40863,1,0,0,0,0,0
ActPlane,3dae89cd06ae,complete,codex:rollout-2026-06-25T20-15-04-019f01ec-7f4a-7102-8213-eda750228933:319,codex:rollout-2026-06-25T20-15-04-019f01ec-7f4a-7102-8213-eda750228933:358,57571,57617,46,536535,2,0,0,0,0,0
ActPlane,3dae89cd06ae,complete,codex:rollout-2026-06-25T20-15-04-019f01ec-7f4a-7102-8213-eda750228933:358,codex:rollout-2026-06-25T20-15-04-019f01ec-7f4a-7102-8213-eda750228933:359,57617,57618,1,11084,1,0,0,0,0,0
ActPlane,3dae89cd06ae,complete,codex:rollout-2026-06-25T20-15-04-019f01ec-7f4a-7102-8213-eda750228933:359,codex:rollout-2026-06-25T22-18-09-019f025d-2f40-71f0-9451-3db8a39948ad:50,57618,57737,119,1194551,3,0,0,0,0,0
ActPlane,3dae89cd06ae,complete,codex:rollout-2026-06-25T22-18-09-019f025d-2f40-71f0-9451-3db8a39948ad:50,claude:6adfbde0-886f-47e3-8f11-f784ecc812e1:5,57737,57776,39,271480,4,0,0,0,0,0
ActPlane,3dae89cd06ae,complete,claude:6adfbde0-886f-47e3-8f11-f784ecc812e1:5,claude:6adfbde0-886f-47e3-8f11-f784ecc812e1:16,57776,57796,20,38189,3,0,0,0,0,0
ActPlane,3dae89cd06ae,complete,claude:6adfbde0-886f-47e3-8f11-f784ecc812e1:16,claude:6adfbde0-886f-47e3-8f11-f784ecc812e1:17,57796,57801,5,2602,2,0,0,0,0,0
ActPlane,3dae89cd06ae,complete,claude:6adfbde0-886f-47e3-8f11-f784ecc812e1:17,codex:rollout-2026-06-25T20-41-02-019f0204-46ee-7313-848a-7d6a483ccce8:189,57801,57830,29,99120,3,0,0,0,0,0
ActPlane,3dae89cd06ae,complete,codex:rollout-2026-06-25T20-41-02-019f0204-46ee-7313-848a-7d6a483ccce8:189,codex:rollout-2026-06-25T20-15-04-019f01ec-7f4a-7102-8213-eda750228933:452,57830,57868,38,179707,2,0,0,0,0,0
ActPlane,3dae89cd06ae,complete,codex:rollout-2026-06-25T20-15-04-019f01ec-7f4a-7102-8213-eda750228933:452,codex:rollout-2026-06-25T20-15-04-019f01ec-7f4a-7102-8213-eda750228933:455,57868,57875,7,59177,2,0,0,0,0,0
ActPlane,3dae89cd06ae,complete,codex:rollout-2026-06-25T20-15-04-019f01ec-7f4a-7102-8213-eda750228933:455,codex:rollout-2026-06-25T20-15-04-019f01ec-7f4a-7102-8213-eda750228933:456,57875,57876,1,4,1,0,0,0,0,0
ActPlane,3dae89cd06ae,complete,codex:rollout-2026-06-25T20-15-04-019f01ec-7f4a-7102-8213-eda750228933:456,codex:rollout-2026-06-25T20-15-04-019f01ec-7f4a-7102-8213-eda750228933:457,57876,57877,1,39,1,0,0,0,0,0
ActPlane,3dae89cd06ae,complete,codex:rollout-2026-06-25T20-15-04-019f01ec-7f4a-7102-8213-eda750228933:457,codex:rollout-2026-06-25T20-15-04-019f01ec-7f4a-7102-8213-eda750228933:495,57877,57973,96,857724,3,0,0,0,0,0
ActPlane,3dae89cd06ae,complete,codex:rollout-2026-06-25T20-15-04-019f01ec-7f4a-7102-8213-eda750228933:495,codex:rollout-2026-06-25T20-15-04-019f01ec-7f4a-7102-8213-eda750228933:496,57973,57974,1,0,1,0,0,0,0,0
ActPlane,3dae89cd06ae,complete,codex:rollout-2026-06-25T20-15-04-019f01ec-7f4a-7102-8213-eda750228933:496,codex:rollout-2026-06-25T20-15-04-019f01ec-7f4a-7102-8213-eda750228933:497,57974,57975,1,43,1,0,0,0,0,0
ActPlane,3dae89cd06ae,complete,codex:rollout-2026-06-25T20-15-04-019f01ec-7f4a-7102-8213-eda750228933:497,codex:rollout-2026-06-29T14-22-54-019f1543-8728-7c90-9ca6-8848356a9199:225,57975,58261,286,320224272,2,0,0,0,0,0
ActPlane,3dae89cd06ae,complete,codex:rollout-2026-06-29T14-22-54-019f1543-8728-7c90-9ca6-8848356a9199:225,codex:rollout-2026-06-29T14-22-54-019f1543-8728-7c90-9ca6-8848356a9199:226,58261,58262,1,8966,1,0,0,0,0,0
ActPlane,3dae89cd06ae,complete,codex:rollout-2026-06-29T14-22-54-019f1543-8728-7c90-9ca6-8848356a9199:226,codex:rollout-2026-06-29T14-22-54-019f1543-8728-7c90-9ca6-8848356a9199:231,58262,58267,5,16636,1,0,0,0,0,0
ActPlane,3dae89cd06ae,complete,codex:rollout-2026-06-29T14-22-54-019f1543-8728-7c90-9ca6-8848356a9199:231,codex:rollout-2026-06-29T14-22-54-019f1543-8728-7c90-9ca6-8848356a9199:239,58267,58275,8,63445,1,0,0,0,0,0
ActPlane,3dae89cd06ae,complete,codex:rollout-2026-06-29T14-22-54-019f1543-8728-7c90-9ca6-8848356a9199:239,codex:rollout-2026-06-29T14-22-54-019f1543-8728-7c90-9ca6-8848356a9199:240,58275,58276,1,5904,1,0,0,0,0,0
ActPlane,3dae89cd06ae,complete,codex:rollout-2026-06-29T14-22-54-019f1543-8728-7c90-9ca6-8848356a9199:240,codex:rollout-2026-06-29T14-22-54-019f1543-8728-7c90-9ca6-8848356a9199:241,58276,58277,1,45,1,0,0,0,0,0
ActPlane,3dae89cd06ae,complete,codex:rollout-2026-06-29T14-22-54-019f1543-8728-7c90-9ca6-8848356a9199:241,codex:rollout-2026-06-29T14-22-54-019f1543-8728-7c90-9ca6-8848356a9199:290,58277,58326,49,291423,1,0,0,0,0,0
ActPlane,3dae89cd06ae,complete,codex:rollout-2026-06-29T14-22-54-019f1543-8728-7c90-9ca6-8848356a9199:290,codex:rollout-2026-06-29T14-22-54-019f1543-8728-7c90-9ca6-8848356a9199:313,58326,58349,23,191703,1,0,0,0,0,0
ActPlane,3dae89cd06ae,complete,codex:rollout-2026-06-29T14-22-54-019f1543-8728-7c90-9ca6-8848356a9199:313,codex:rollout-2026-06-29T14-22-54-019f1543-8728-7c90-9ca6-8848356a9199:314,58349,58350,1,8506,1,0,0,0,0,0
ActPlane,3dae89cd06ae,complete,codex:rollout-2026-06-29T14-22-54-019f1543-8728-7c90-9ca6-8848356a9199:314,codex:rollout-2026-06-29T14-22-54-019f1543-8728-7c90-9ca6-8848356a9199:315,58350,58351,1,37,1,0,0,0,0,0
ActPlane,3dae89cd06ae,complete,codex:rollout-2026-06-29T14-22-54-019f1543-8728-7c90-9ca6-8848356a9199:315,codex:rollout-2026-06-29T14-22-54-019f1543-8728-7c90-9ca6-8848356a9199:324,58351,58360,9,111103,1,0,0,0,0,0
ActPlane,3dae89cd06ae,complete,codex:rollout-2026-06-29T14-22-54-019f1543-8728-7c90-9ca6-8848356a9199:324,codex:rollout-2026-06-29T14-22-54-019f1543-8728-7c90-9ca6-8848356a9199:325,58360,58361,1,27,1,0,0,0,0,0
ActPlane,3dae89cd06ae,complete,codex:rollout-2026-06-29T14-22-54-019f1543-8728-7c90-9ca6-8848356a9199:325,codex:rollout-2026-06-29T14-22-54-019f1543-8728-7c90-9ca6-8848356a9199:330,58361,58366,5,18164,1,0,0,0,0,0
ActPlane,3dae89cd06ae,complete,codex:rollout-2026-06-29T14-22-54-019f1543-8728-7c90-9ca6-8848356a9199:330,codex:rollout-2026-06-29T14-22-54-019f1543-8728-7c90-9ca6-8848356a9199:331,58366,58367,1,29,1,0,0,0,0,0
ActPlane,3dae89cd06ae,complete,codex:rollout-2026-06-29T14-22-54-019f1543-8728-7c90-9ca6-8848356a9199:331,codex:rollout-2026-06-29T14-22-54-019f1543-8728-7c90-9ca6-8848356a9199:332,58367,58368,1,5716,1,0,0,0,0,0
ActPlane,3dae89cd06ae,complete,codex:rollout-2026-06-29T14-22-54-019f1543-8728-7c90-9ca6-8848356a9199:332,codex:rollout-2026-06-29T14-22-54-019f1543-8728-7c90-9ca6-8848356a9199:353,58368,58389,21,224559,1,0,0,0,0,0
ActPlane,3dae89cd06ae,complete,codex:rollout-2026-06-29T14-22-54-019f1543-8728-7c90-9ca6-8848356a9199:353,codex:rollout-2026-06-29T14-22-54-019f1543-8728-7c90-9ca6-8848356a9199:378,58389,58414,25,281260,1,0,0,0,0,0
ActPlane,3dae89cd06ae,complete,codex:rollout-2026-06-29T14-22-54-019f1543-8728-7c90-9ca6-8848356a9199:378,codex:rollout-2026-06-29T14-22-54-019f1543-8728-7c90-9ca6-8848356a9199:379,58414,58415,1,51,1,0,0,0,0,0
ActPlane,3dae89cd06ae,complete,codex:rollout-2026-06-29T14-22-54-019f1543-8728-7c90-9ca6-8848356a9199:379,codex:rollout-2026-06-29T14-22-54-019f1543-8728-7c90-9ca6-8848356a9199:380,58415,58416,1,15238,1,0,0,0,0,0
ActPlane,3dae89cd06ae,complete,codex:rollout-2026-06-29T14-22-54-019f1543-8728-7c90-9ca6-8848356a9199:380,codex:rollout-2026-06-29T14-22-54-019f1543-8728-7c90-9ca6-8848356a9199:386,58416,58422,6,25549,1,0,0,0,0,0
ActPlane,3dae89cd06ae,complete,codex:rollout-2026-06-29T14-22-54-019f1543-8728-7c90-9ca6-8848356a9199:386,codex:rollout-2026-06-29T14-22-54-019f1543-8728-7c90-9ca6-8848356a9199:480,58422,58516,94,681684,1,0,0,0,0,0
ActPlane,3dae89cd06ae,complete,codex:rollout-2026-06-29T14-22-54-019f1543-8728-7c90-9ca6-8848356a9199:480,codex:rollout-2026-06-29T14-22-54-019f1543-8728-7c90-9ca6-8848356a9199:484,58516,58520,4,19381,1,0,0,0,0,0
ActPlane,3dae89cd06ae,complete,codex:rollout-2026-06-29T14-22-54-019f1543-8728-7c90-9ca6-8848356a9199:484,codex:rollout-2026-06-29T14-22-54-019f1543-8728-7c90-9ca6-8848356a9199:486,58520,58522,2,11867,1,0,0,0,0,0
ActPlane,3dae89cd06ae,complete,codex:rollout-2026-06-29T14-22-54-019f1543-8728-7c90-9ca6-8848356a9199:486,codex:rollout-2026-06-29T14-22-54-019f1543-8728-7c90-9ca6-8848356a9199:489,58522,58525,3,6697,1,0,0,0,0,0
ActPlane,3dae89cd06ae,complete,codex:rollout-2026-06-29T14-22-54-019f1543-8728-7c90-9ca6-8848356a9199:489,codex:rollout-2026-06-29T14-22-54-019f1543-8728-7c90-9ca6-8848356a9199:506,58525,58542,17,173429,1,0,0,0,0,0
ActPlane,3dae89cd06ae,complete,codex:rollout-2026-06-29T14-22-54-019f1543-8728-7c90-9ca6-8848356a9199:506,codex:rollout-2026-06-29T14-22-54-019f1543-8728-7c90-9ca6-8848356a9199:507,58542,58543,1,6186,1,0,0,0,0,0
ActPlane,3dae89cd06ae,complete,codex:rollout-2026-06-29T14-22-54-019f1543-8728-7c90-9ca6-8848356a9199:507,codex:rollout-2026-06-29T14-22-54-019f1543-8728-7c90-9ca6-8848356a9199:511,58543,58547,4,17431,1,0,0,0,0,0
ActPlane,3dae89cd06ae,complete,codex:rollout-2026-06-29T14-22-54-019f1543-8728-7c90-9ca6-8848356a9199:511,codex:rollout-2026-06-29T14-22-54-019f1543-8728-7c90-9ca6-8848356a9199:514,58547,58550,3,4780,1,0,0,0,0,0
ActPlane,3dae89cd06ae,complete,codex:rollout-2026-06-29T14-22-54-019f1543-8728-7c90-9ca6-8848356a9199:514,codex:rollout-2026-06-29T14-22-54-019f1543-8728-7c90-9ca6-8848356a9199:531,58550,58567,17,157814,1,0,0,0,0,0
ActPlane,3dae89cd06ae,complete,codex:rollout-2026-06-29T14-22-54-019f1543-8728-7c90-9ca6-8848356a9199:531,codex:rollout-2026-06-29T14-22-54-019f1543-8728-7c90-9ca6-8848356a9199:532,58567,58568,1,4720,1,0,0,0,0,0
ActPlane,3dae89cd06ae,complete,codex:rollout-2026-06-29T14-22-54-019f1543-8728-7c90-9ca6-8848356a9199:532,codex:rollout-2026-06-29T14-22-54-019f1543-8728-7c90-9ca6-8848356a9199:533,58568,58569,1,8847,1,0,0,0,0,0
ActPlane,3dae89cd06ae,complete,codex:rollout-2026-06-29T14-22-54-019f1543-8728-7c90-9ca6-8848356a9199:533,codex:rollout-2026-06-29T14-22-54-019f1543-8728-7c90-9ca6-8848356a9199:537,58569,58573,4,4587,1,0,0,0,0,0
ActPlane,3dae89cd06ae,complete,codex:rollout-2026-06-29T14-22-54-019f1543-8728-7c90-9ca6-8848356a9199:537,codex:rollout-2026-06-29T14-22-54-019f1543-8728-7c90-9ca6-8848356a9199:560,58573,58596,23,190882,1,0,0,0,0,0
ActPlane,3dae89cd06ae,complete,codex:rollout-2026-06-29T14-22-54-019f1543-8728-7c90-9ca6-8848356a9199:560,codex:rollout-2026-06-29T14-22-54-019f1543-8728-7c90-9ca6-8848356a9199:561,58596,58597,1,5281,1,0,0,0,0,0
ActPlane,3dae89cd06ae,complete,codex:rollout-2026-06-29T14-22-54-019f1543-8728-7c90-9ca6-8848356a9199:561,codex:rollout-2026-06-29T14-22-54-019f1543-8728-7c90-9ca6-8848356a9199:562,58597,58598,1,13501,1,0,0,0,0,0
ActPlane,3dae89cd06ae,complete,codex:rollout-2026-06-29T14-22-54-019f1543-8728-7c90-9ca6-8848356a9199:562,codex:rollout-2026-06-29T14-22-54-019f1543-8728-7c90-9ca6-8848356a9199:566,58598,58602,4,5273,1,0,0,0,0,0
ActPlane,3dae89cd06ae,complete,codex:rollout-2026-06-29T14-22-54-019f1543-8728-7c90-9ca6-8848356a9199:566,codex:rollout-2026-06-29T14-22-54-019f1543-8728-7c90-9ca6-8848356a9199:713,58602,58764,162,1219149,2,0,0,0,0,0
ActPlane,3dae89cd06ae,complete,codex:rollout-2026-06-29T14-22-54-019f1543-8728-7c90-9ca6-8848356a9199:713,codex:rollout-2026-06-29T14-22-54-019f1543-8728-7c90-9ca6-8848356a9199:714,58764,58765,1,102,1,0,0,0,0,0
ActPlane,3dae89cd06ae,complete,codex:rollout-2026-06-29T14-22-54-019f1543-8728-7c90-9ca6-8848356a9199:714,codex:rollout-2026-06-29T14-22-54-019f1543-8728-7c90-9ca6-8848356a9199:721,58765,58772,7,56022,1,0,0,0,0,0
ActPlane,3dae89cd06ae,complete,codex:rollout-2026-06-29T14-22-54-019f1543-8728-7c90-9ca6-8848356a9199:721,codex:rollout-2026-06-29T14-22-54-019f1543-8728-7c90-9ca6-8848356a9199:727,58772,58778,6,29068,1,0,0,0,0,0
ActPlane,3dae89cd06ae,complete,codex:rollout-2026-06-29T14-22-54-019f1543-8728-7c90-9ca6-8848356a9199:727,codex:rollout-2026-06-29T14-22-54-019f1543-8728-7c90-9ca6-8848356a9199:729,58778,58780,2,8377,1,0,0,0,0,0
ActPlane,3dae89cd06ae,complete,codex:rollout-2026-06-29T14-22-54-019f1543-8728-7c90-9ca6-8848356a9199:729,codex:rollout-2026-06-29T14-22-54-019f1543-8728-7c90-9ca6-8848356a9199:748,58780,58799,19,138855,1,0,0,0,0,0
ActPlane,3dae89cd06ae,complete,codex:rollout-2026-06-29T14-22-54-019f1543-8728-7c90-9ca6-8848356a9199:748,codex:rollout-2026-06-29T14-22-54-019f1543-8728-7c90-9ca6-8848356a9199:780,58799,58831,32,16917151,1,0,0,0,0,0
ActPlane,3dae89cd06ae,complete,codex:rollout-2026-06-29T14-22-54-019f1543-8728-7c90-9ca6-8848356a9199:780,codex:rollout-2026-06-29T14-22-54-019f1543-8728-7c90-9ca6-8848356a9199:781,58831,58832,1,4850,1,0,0,0,0,0
ActPlane,3dae89cd06ae,complete,codex:rollout-2026-06-29T14-22-54-019f1543-8728-7c90-9ca6-8848356a9199:781,codex:rollout-2026-06-29T14-22-54-019f1543-8728-7c90-9ca6-8848356a9199:792,58832,58843,11,176984,1,0,0,0,0,0
ActPlane,3dae89cd06ae,complete,codex:rollout-2026-06-29T14-22-54-019f1543-8728-7c90-9ca6-8848356a9199:792,codex:rollout-2026-06-29T14-22-54-019f1543-8728-7c90-9ca6-8848356a9199:793,58843,58844,1,1,1,0,0,0,0,0
ActPlane,3dae89cd06ae,complete,codex:rollout-2026-06-29T14-22-54-019f1543-8728-7c90-9ca6-8848356a9199:793,codex:rollout-2026-06-29T14-22-54-019f1543-8728-7c90-9ca6-8848356a9199:796,58844,58847,3,46699,1,0,0,0,0,0
ActPlane,3dae89cd06ae,complete,codex:rollout-2026-06-29T14-22-54-019f1543-8728-7c90-9ca6-8848356a9199:796,codex:rollout-2026-06-29T14-22-54-019f1543-8728-7c90-9ca6-8848356a9199:883,58847,58934,87,1473036,1,0,0,0,0,0
ActPlane,3dae89cd06ae,complete,codex:rollout-2026-06-29T14-22-54-019f1543-8728-7c90-9ca6-8848356a9199:883,codex:rollout-2026-06-29T14-22-54-019f1543-8728-7c90-9ca6-8848356a9199:884,58934,58935,1,0,1,0,0,0,0,0
ActPlane,3dae89cd06ae,complete,codex:rollout-2026-06-29T14-22-54-019f1543-8728-7c90-9ca6-8848356a9199:884,codex:rollout-2026-06-29T14-22-54-019f1543-8728-7c90-9ca6-8848356a9199:886,58935,58937,2,12004,1,0,0,1,0,0
ActPlane,3dae89cd06ae,complete,codex:rollout-2026-06-29T14-22-54-019f1543-8728-7c90-9ca6-8848356a9199:886,codex:rollout-2026-06-29T14-22-54-019f1543-8728-7c90-9ca6-8848356a9199:887,58937,58938,1,7,1,0,0,0,0,0
ActPlane,3dae89cd06ae,complete,codex:rollout-2026-06-29T14-22-54-019f1543-8728-7c90-9ca6-8848356a9199:887,codex:rollout-2026-06-29T14-22-54-019f1543-8728-7c90-9ca6-8848356a9199:888,58938,58939,1,126,1,0,0,0,0,0
ActPlane,3dae89cd06ae,complete,codex:rollout-2026-06-29T14-22-54-019f1543-8728-7c90-9ca6-8848356a9199:888,codex:rollout-2026-06-29T14-22-54-019f1543-8728-7c90-9ca6-8848356a9199:892,58939,58943,4,39083,1,0,0,0,0,0
ActPlane,3dae89cd06ae,complete,codex:rollout-2026-06-29T14-22-54-019f1543-8728-7c90-9ca6-8848356a9199:892,codex:rollout-2026-06-29T14-22-54-019f1543-8728-7c90-9ca6-8848356a9199:894,58943,58945,2,71,1,0,0,0,0,0
ActPlane,3dae89cd06ae,complete,codex:rollout-2026-06-29T14-22-54-019f1543-8728-7c90-9ca6-8848356a9199:894,codex:rollout-2026-06-29T14-22-54-019f1543-8728-7c90-9ca6-8848356a9199:905,58945,58956,11,49533,1,0,0,0,0,0
ActPlane,3dae89cd06ae,complete,codex:rollout-2026-06-29T14-22-54-019f1543-8728-7c90-9ca6-8848356a9199:905,codex:rollout-2026-06-29T14-22-54-019f1543-8728-7c90-9ca6-8848356a9199:965,58956,59016,60,782998,1,0,0,1,0,0
ActPlane,3dae89cd06ae,complete,codex:rollout-2026-06-29T14-22-54-019f1543-8728-7c90-9ca6-8848356a9199:965,codex:rollout-2026-06-29T14-22-54-019f1543-8728-7c90-9ca6-8848356a9199:966,59016,59017,1,1,1,0,0,0,0,0
ActPlane,3dae89cd06ae,complete,codex:rollout-2026-06-29T14-22-54-019f1543-8728-7c90-9ca6-8848356a9199:966,codex:rollout-2026-06-29T14-22-54-019f1543-8728-7c90-9ca6-8848356a9199:1021,59017,59072,55,765372,1,0,0,0,0,0
ActPlane,3dae89cd06ae,complete,codex:rollout-2026-06-29T14-22-54-019f1543-8728-7c90-9ca6-8848356a9199:1021,codex:rollout-2026-06-29T14-22-54-019f1543-8728-7c90-9ca6-8848356a9199:1022,59072,59073,1,20,1,0,0,0,0,0
ActPlane,3dae89cd06ae,complete,codex:rollout-2026-06-29T14-22-54-019f1543-8728-7c90-9ca6-8848356a9199:1022,codex:rollout-2026-06-29T14-22-54-019f1543-8728-7c90-9ca6-8848356a9199:1085,59073,59136,63,708637,1,0,0,1,0,0
ActPlane,3dae89cd06ae,complete,codex:rollout-2026-06-29T14-22-54-019f1543-8728-7c90-9ca6-8848356a9199:1085,codex:rollout-2026-06-29T14-22-54-019f1543-8728-7c90-9ca6-8848356a9199:1109,59136,59160,24,326819,1,0,0,0,0,0
ActPlane,3dae89cd06ae,complete,codex:rollout-2026-06-29T14-22-54-019f1543-8728-7c90-9ca6-8848356a9199:1109,codex:rollout-2026-06-29T14-22-54-019f1543-8728-7c90-9ca6-8848356a9199:1112,59160,59163,3,28939,1,0,0,0,0,0
ActPlane,3dae89cd06ae,complete,codex:rollout-2026-06-29T14-22-54-019f1543-8728-7c90-9ca6-8848356a9199:1112,codex:rollout-2026-06-29T14-22-54-019f1543-8728-7c90-9ca6-8848356a9199:1131,59163,59182,19,426260,1,0,0,0,0,0
ActPlane,3dae89cd06ae,complete,codex:rollout-2026-06-29T14-22-54-019f1543-8728-7c90-9ca6-8848356a9199:1131,codex:rollout-2026-06-29T14-22-54-019f1543-8728-7c90-9ca6-8848356a9199:1133,59182,59184,2,135,1,0,0,0,0,0
ActPlane,3dae89cd06ae,complete,codex:rollout-2026-06-29T14-22-54-019f1543-8728-7c90-9ca6-8848356a9199:1133,codex:rollout-2026-06-29T14-22-54-019f1543-8728-7c90-9ca6-8848356a9199:1163,59184,59214,30,344713,1,0,0,0,0,0
ActPlane,3dae89cd06ae,complete,codex:rollout-2026-06-29T14-22-54-019f1543-8728-7c90-9ca6-8848356a9199:1163,codex:rollout-2026-06-29T14-22-54-019f1543-8728-7c90-9ca6-8848356a9199:1171,59214,59222,8,61383,1,0,0,0,0,0
ActPlane,3dae89cd06ae,complete,codex:rollout-2026-06-29T14-22-54-019f1543-8728-7c90-9ca6-8848356a9199:1171,codex:rollout-2026-06-29T14-22-54-019f1543-8728-7c90-9ca6-8848356a9199:1181,59222,59232,10,90512,1,0,0,0,0,0
ActPlane,3dae89cd06ae,complete,codex:rollout-2026-06-29T14-22-54-019f1543-8728-7c90-9ca6-8848356a9199:1181,codex:rollout-2026-06-29T14-22-54-019f1543-8728-7c90-9ca6-8848356a9199:1193,59232,59244,12,146369,1,0,0,0,0,0
ActPlane,3dae89cd06ae,complete,codex:rollout-2026-06-29T14-22-54-019f1543-8728-7c90-9ca6-8848356a9199:1193,codex:rollout-2026-06-29T14-22-54-019f1543-8728-7c90-9ca6-8848356a9199:1202,59244,59253,9,334802,1,0,0,0,0,0
ActPlane,3dae89cd06ae,complete,codex:rollout-2026-06-29T14-22-54-019f1543-8728-7c90-9ca6-8848356a9199:1202,codex:rollout-2026-06-29T14-22-54-019f1543-8728-7c90-9ca6-8848356a9199:1203,59253,59254,1,0,1,0,0,0,0,0
ActPlane,3dae89cd06ae,complete,codex:rollout-2026-06-29T14-22-54-019f1543-8728-7c90-9ca6-8848356a9199:1203,codex:rollout-2026-06-29T14-22-54-019f1543-8728-7c90-9ca6-8848356a9199:1227,59254,59279,25,255306,2,0,0,0,0,0
ActPlane,3dae89cd06ae,complete,codex:rollout-2026-06-29T14-22-54-019f1543-8728-7c90-9ca6-8848356a9199:1227,codex:rollout-2026-06-29T14-22-54-019f1543-8728-7c90-9ca6-8848356a9199:1232,59279,59284,5,23029,1,0,0,1,0,0
ActPlane,3dae89cd06ae,complete,codex:rollout-2026-06-29T14-22-54-019f1543-8728-7c90-9ca6-8848356a9199:1232,codex:rollout-2026-06-29T14-22-54-019f1543-8728-7c90-9ca6-8848356a9199:1233,59284,59285,1,28,1,0,0,0,0,0
ActPlane,3dae89cd06ae,complete,codex:rollout-2026-06-29T14-22-54-019f1543-8728-7c90-9ca6-8848356a9199:1233,codex:rollout-2026-06-29T14-22-54-019f1543-8728-7c90-9ca6-8848356a9199:1237,59285,59289,4,26959,1,0,0,0,0,0
ActPlane,3dae89cd06ae,complete,codex:rollout-2026-06-29T14-22-54-019f1543-8728-7c90-9ca6-8848356a9199:1237,codex:rollout-2026-06-29T14-22-54-019f1543-8728-7c90-9ca6-8848356a9199:1238,59289,59290,1,76,1,0,0,0,0,0
ActPlane,3dae89cd06ae,complete,codex:rollout-2026-06-29T14-22-54-019f1543-8728-7c90-9ca6-8848356a9199:1238,codex:rollout-2026-06-29T14-22-54-019f1543-8728-7c90-9ca6-8848356a9199:1253,59290,59325,35,332460,2,0,0,0,0,0
ActPlane,3dae89cd06ae,complete,codex:rollout-2026-06-29T14-22-54-019f1543-8728-7c90-9ca6-8848356a9199:1253,codex:rollout-2026-06-29T14-22-54-019f1543-8728-7c90-9ca6-8848356a9199:1254,59325,59326,1,0,1,0,0,0,0,0
ActPlane,3dae89cd06ae,complete,codex:rollout-2026-06-29T14-22-54-019f1543-8728-7c90-9ca6-8848356a9199:1254,codex:rollout-2026-06-29T14-22-54-019f1543-8728-7c90-9ca6-8848356a9199:1255,59326,59327,1,38,1,0,0,0,0,0
ActPlane,3dae89cd06ae,complete,codex:rollout-2026-06-29T14-22-54-019f1543-8728-7c90-9ca6-8848356a9199:1255,codex:rollout-2026-06-29T14-22-54-019f1543-8728-7c90-9ca6-8848356a9199:1267,59327,59339,12,91779,1,0,0,0,0,0
ActPlane,3dae89cd06ae,complete,codex:rollout-2026-06-29T14-22-54-019f1543-8728-7c90-9ca6-8848356a9199:1267,codex:rollout-2026-06-29T14-22-54-019f1543-8728-7c90-9ca6-8848356a9199:1270,59339,59342,3,53,1,0,0,0,0,0
ActPlane,3dae89cd06ae,complete,codex:rollout-2026-06-29T14-22-54-019f1543-8728-7c90-9ca6-8848356a9199:1270,codex:rollout-2026-06-29T14-22-54-019f1543-8728-7c90-9ca6-8848356a9199:1320,59342,59407,65,926839,2,0,0,0,0,0
ActPlane,3dae89cd06ae,complete,codex:rollout-2026-06-29T14-22-54-019f1543-8728-7c90-9ca6-8848356a9199:1320,codex:rollout-2026-06-29T14-22-54-019f1543-8728-7c90-9ca6-8848356a9199:1321,59407,59408,1,55,1,0,0,0,0,0
ActPlane,3dae89cd06ae,complete,codex:rollout-2026-06-29T14-22-54-019f1543-8728-7c90-9ca6-8848356a9199:1321,codex:rollout-2026-06-29T14-22-54-019f1543-8728-7c90-9ca6-8848356a9199:1322,59408,59409,1,151,1,0,0,0,0,0
ActPlane,3dae89cd06ae,complete,codex:rollout-2026-06-29T14-22-54-019f1543-8728-7c90-9ca6-8848356a9199:1322,codex:rollout-2026-07-02T19-01-54-019f25b6-06a7-75f1-9f96-6dc755de3a20:101,59409,59562,153,245907308,3,0,0,1,0,0
ActPlane,3dae89cd06ae,complete,codex:rollout-2026-07-02T19-01-54-019f25b6-06a7-75f1-9f96-6dc755de3a20:101,codex:rollout-2026-07-02T19-01-54-019f25b6-06a7-75f1-9f96-6dc755de3a20:107,59562,59568,6,15872,1,0,0,0,0,0
ActPlane,3dae89cd06ae,complete,codex:rollout-2026-07-02T19-01-54-019f25b6-06a7-75f1-9f96-6dc755de3a20:107,codex:rollout-2026-07-02T19-01-54-019f25b6-06a7-75f1-9f96-6dc755de3a20:112,59568,59573,5,37619,1,0,0,0,0,0
ActPlane,3dae89cd06ae,complete,codex:rollout-2026-07-02T19-01-54-019f25b6-06a7-75f1-9f96-6dc755de3a20:112,codex:rollout-2026-07-02T19-01-54-019f25b6-06a7-75f1-9f96-6dc755de3a20:113,59573,59574,1,0,1,0,0,0,0,0
ActPlane,3dae89cd06ae,complete,codex:rollout-2026-07-02T19-01-54-019f25b6-06a7-75f1-9f96-6dc755de3a20:113,claude:e3a49a06-17b8-406d-8f7d-d16392bacaad:4,59574,59585,11,93327,2,0,0,0,0,0
ActPlane,3dae89cd06ae,complete,claude:e3a49a06-17b8-406d-8f7d-d16392bacaad:4,codex:rollout-2026-07-02T19-01-54-019f25b6-06a7-75f1-9f96-6dc755de3a20:147,59585,59613,28,928031,1,0,0,0,0,0
ActPlane,3dae89cd06ae,complete,codex:rollout-2026-07-02T19-01-54-019f25b6-06a7-75f1-9f96-6dc755de3a20:147,codex:rollout-2026-07-02T19-01-54-019f25b6-06a7-75f1-9f96-6dc755de3a20:165,59613,59631,18,77852,1,0,0,1,0,0
ActPlane,3dae89cd06ae,complete,codex:rollout-2026-07-02T19-01-54-019f25b6-06a7-75f1-9f96-6dc755de3a20:165,codex:rollout-2026-07-02T19-01-54-019f25b6-06a7-75f1-9f96-6dc755de3a20:166,59631,59632,1,0,1,0,0,0,0,0
ActPlane,3dae89cd06ae,complete,codex:rollout-2026-07-02T19-01-54-019f25b6-06a7-75f1-9f96-6dc755de3a20:166,codex:rollout-2026-07-02T19-01-54-019f25b6-06a7-75f1-9f96-6dc755de3a20:167,59632,59633,1,1,1,0,0,0,0,0
ActPlane,3dae89cd06ae,complete,codex:rollout-2026-07-02T19-01-54-019f25b6-06a7-75f1-9f96-6dc755de3a20:167,codex:rollout-2026-07-02T19-01-54-019f25b6-06a7-75f1-9f96-6dc755de3a20:168,59633,59634,1,105,1,0,0,0,0,0
ActPlane,3dae89cd06ae,complete,codex:rollout-2026-07-02T19-01-54-019f25b6-06a7-75f1-9f96-6dc755de3a20:168,codex:rollout-2026-07-02T19-01-54-019f25b6-06a7-75f1-9f96-6dc755de3a20:174,59634,59640,6,29581,1,0,0,0,0,0
ActPlane,3dae89cd06ae,complete,codex:rollout-2026-07-02T19-01-54-019f25b6-06a7-75f1-9f96-6dc755de3a20:174,codex:rollout-2026-07-02T19-01-54-019f25b6-06a7-75f1-9f96-6dc755de3a20:175,59640,59641,1,39,1,0,0,0,0,0
ActPlane,3dae89cd06ae,complete,codex:rollout-2026-07-02T19-01-54-019f25b6-06a7-75f1-9f96-6dc755de3a20:175,codex:rollout-2026-07-02T19-01-54-019f25b6-06a7-75f1-9f96-6dc755de3a20:176,59641,59642,1,13,1,0,0,0,0,0
ActPlane,3dae89cd06ae,complete,codex:rollout-2026-07-02T19-01-54-019f25b6-06a7-75f1-9f96-6dc755de3a20:176,codex:rollout-2026-07-02T19-01-54-019f25b6-06a7-75f1-9f96-6dc755de3a20:178,59642,59644,2,5048,1,0,0,0,0,0
ActPlane,3dae89cd06ae,complete,codex:rollout-2026-07-02T19-01-54-019f25b6-06a7-75f1-9f96-6dc755de3a20:178,claude:d4a7e600-ed86-490f-84e8-ff75abd40b58:3,59644,59649,5,39883,2,0,0,0,0,0
ActPlane,3dae89cd06ae,complete,claude:d4a7e600-ed86-490f-84e8-ff75abd40b58:3,claude:d4a7e600-ed86-490f-84e8-ff75abd40b58:5,59649,59652,3,14726,2,0,0,0,0,0
ActPlane,3dae89cd06ae,complete,claude:d4a7e600-ed86-490f-84e8-ff75abd40b58:5,codex:rollout-2026-07-02T19-01-54-019f25b6-06a7-75f1-9f96-6dc755de3a20:259,59652,59731,79,344575649,1,0,0,1,0,0
ActPlane,3dae89cd06ae,complete,codex:rollout-2026-07-02T19-01-54-019f25b6-06a7-75f1-9f96-6dc755de3a20:259,codex:rollout-2026-07-02T19-01-54-019f25b6-06a7-75f1-9f96-6dc755de3a20:281,59731,59753,22,188295,1,0,0,4,0,0
ActPlane,3dae89cd06ae,complete,codex:rollout-2026-07-02T19-01-54-019f25b6-06a7-75f1-9f96-6dc755de3a20:281,codex:rollout-2026-07-02T19-01-54-019f25b6-06a7-75f1-9f96-6dc755de3a20:283,59753,59755,2,4266,1,0,0,0,0,0
ActPlane,3dae89cd06ae,complete,codex:rollout-2026-07-02T19-01-54-019f25b6-06a7-75f1-9f96-6dc755de3a20:283,codex:rollout-2026-07-02T19-01-54-019f25b6-06a7-75f1-9f96-6dc755de3a20:284,59755,59756,1,22,1,0,0,0,0,0
ActPlane,3dae89cd06ae,complete,codex:rollout-2026-07-02T19-01-54-019f25b6-06a7-75f1-9f96-6dc755de3a20:284,codex:rollout-2026-07-02T19-01-54-019f25b6-06a7-75f1-9f96-6dc755de3a20:285,59756,59757,1,5526,1,0,0,0,0,0
ActPlane,3dae89cd06ae,complete,codex:rollout-2026-07-02T19-01-54-019f25b6-06a7-75f1-9f96-6dc755de3a20:285,codex:rollout-2026-07-02T19-01-54-019f25b6-06a7-75f1-9f96-6dc755de3a20:286,59757,59758,1,23,1,0,0,0,0,0
ActPlane,3dae89cd06ae,complete,codex:rollout-2026-07-02T19-01-54-019f25b6-06a7-75f1-9f96-6dc755de3a20:286,codex:rollout-2026-07-02T19-01-54-019f25b6-06a7-75f1-9f96-6dc755de3a20:301,59758,59773,15,133664,1,0,0,1,0,0
ActPlane,3dae89cd06ae,complete,codex:rollout-2026-07-02T19-01-54-019f25b6-06a7-75f1-9f96-6dc755de3a20:301,codex:rollout-2026-07-02T19-01-54-019f25b6-06a7-75f1-9f96-6dc755de3a20:396,59773,59868,95,1195124,1,0,0,2,0,0
ActPlane,3dae89cd06ae,complete,codex:rollout-2026-07-02T19-01-54-019f25b6-06a7-75f1-9f96-6dc755de3a20:396,codex:rollout-2026-07-02T19-01-54-019f25b6-06a7-75f1-9f96-6dc755de3a20:397,59868,59869,1,86,1,0,0,0,0,0
ActPlane,3dae89cd06ae,complete,codex:rollout-2026-07-02T19-01-54-019f25b6-06a7-75f1-9f96-6dc755de3a20:397,codex:rollout-2026-07-02T19-01-54-019f25b6-06a7-75f1-9f96-6dc755de3a20:398,59869,59870,1,7167,1,0,0,0,0,0
ActPlane,3dae89cd06ae,complete,codex:rollout-2026-07-02T19-01-54-019f25b6-06a7-75f1-9f96-6dc755de3a20:398,codex:rollout-2026-07-02T19-01-54-019f25b6-06a7-75f1-9f96-6dc755de3a20:399,59870,59871,1,1,1,0,0,0,0,0
ActPlane,3dae89cd06ae,complete,codex:rollout-2026-07-02T19-01-54-019f25b6-06a7-75f1-9f96-6dc755de3a20:399,codex:rollout-2026-07-02T19-01-54-019f25b6-06a7-75f1-9f96-6dc755de3a20:400,59871,59872,1,29,1,0,0,0,0,0
ActPlane,3dae89cd06ae,complete,codex:rollout-2026-07-02T19-01-54-019f25b6-06a7-75f1-9f96-6dc755de3a20:400,codex:rollout-2026-07-02T19-01-54-019f25b6-06a7-75f1-9f96-6dc755de3a20:401,59872,59873,1,13317,1,0,0,0,0,0
ActPlane,3dae89cd06ae,complete,codex:rollout-2026-07-02T19-01-54-019f25b6-06a7-75f1-9f96-6dc755de3a20:401,codex:rollout-2026-07-02T19-01-54-019f25b6-06a7-75f1-9f96-6dc755de3a20:597,59873,60069,196,64578741,1,0,0,0,0,0
ActPlane,3dae89cd06ae,complete,codex:rollout-2026-07-02T19-01-54-019f25b6-06a7-75f1-9f96-6dc755de3a20:597,codex:rollout-2026-07-02T19-01-54-019f25b6-06a7-75f1-9f96-6dc755de3a20:600,60069,60072,3,25555,1,0,0,0,0,0
ActPlane,3dae89cd06ae,complete,codex:rollout-2026-07-02T19-01-54-019f25b6-06a7-75f1-9f96-6dc755de3a20:600,codex:rollout-2026-07-02T19-01-54-019f25b6-06a7-75f1-9f96-6dc755de3a20:614,60072,60086,14,59547,1,0,0,0,0,0
ActPlane,3dae89cd06ae,complete,codex:rollout-2026-07-02T19-01-54-019f25b6-06a7-75f1-9f96-6dc755de3a20:614,codex:rollout-2026-07-02T19-01-54-019f25b6-06a7-75f1-9f96-6dc755de3a20:615,60086,60087,1,9667,1,0,0,0,0,0
ActPlane,3dae89cd06ae,complete,codex:rollout-2026-07-02T19-01-54-019f25b6-06a7-75f1-9f96-6dc755de3a20:615,codex:rollout-2026-07-02T19-01-54-019f25b6-06a7-75f1-9f96-6dc755de3a20:616,60087,60088,1,17535,1,0,0,0,0,0
ActPlane,3dae89cd06ae,complete,codex:rollout-2026-07-02T19-01-54-019f25b6-06a7-75f1-9f96-6dc755de3a20:616,codex:rollout-2026-07-02T19-01-54-019f25b6-06a7-75f1-9f96-6dc755de3a20:636,60088,60147,59,245238,2,0,0,0,0,0
ActPlane,3dae89cd06ae,complete,codex:rollout-2026-07-02T19-01-54-019f25b6-06a7-75f1-9f96-6dc755de3a20:636,codex:rollout-2026-07-07T14-23-28-019f3e76-e873-76d1-88d8-753343fa4648:40,60147,60150,3,30138,2,0,0,1,0,0
ActPlane,3dae89cd06ae,complete,codex:rollout-2026-07-07T14-23-28-019f3e76-e873-76d1-88d8-753343fa4648:40,codex:rollout-2026-07-02T19-01-54-019f25b6-06a7-75f1-9f96-6dc755de3a20:640,60150,60155,5,39038,2,0,0,0,0,0
ActPlane,3dae89cd06ae,complete,codex:rollout-2026-07-02T19-01-54-019f25b6-06a7-75f1-9f96-6dc755de3a20:640,codex:rollout-2026-07-02T19-01-54-019f25b6-06a7-75f1-9f96-6dc755de3a20:641,60155,60156,1,0,1,0,0,0,0,0
ActPlane,3dae89cd06ae,complete,codex:rollout-2026-07-02T19-01-54-019f25b6-06a7-75f1-9f96-6dc755de3a20:641,codex:rollout-2026-07-02T19-01-54-019f25b6-06a7-75f1-9f96-6dc755de3a20:642,60156,60157,1,6422,1,0,0,0,0,0
ActPlane,3dae89cd06ae,complete,codex:rollout-2026-07-02T19-01-54-019f25b6-06a7-75f1-9f96-6dc755de3a20:642,codex:rollout-2026-07-02T19-01-54-019f25b6-06a7-75f1-9f96-6dc755de3a20:651,60157,60171,14,214536,2,0,0,0,0,0
ActPlane,3dae89cd06ae,complete,codex:rollout-2026-07-02T19-01-54-019f25b6-06a7-75f1-9f96-6dc755de3a20:651,codex:rollout-2026-07-02T19-01-54-019f25b6-06a7-75f1-9f96-6dc755de3a20:652,60171,60172,1,130,1,0,0,0,0,0
ActPlane,3dae89cd06ae,complete,codex:rollout-2026-07-02T19-01-54-019f25b6-06a7-75f1-9f96-6dc755de3a20:652,codex:rollout-2026-07-02T19-01-54-019f25b6-06a7-75f1-9f96-6dc755de3a20:653,60172,60173,1,9838,1,0,0,0,0,0
ActPlane,3dae89cd06ae,complete,codex:rollout-2026-07-02T19-01-54-019f25b6-06a7-75f1-9f96-6dc755de3a20:653,codex:rollout-2026-07-02T19-01-54-019f25b6-06a7-75f1-9f96-6dc755de3a20:710,60173,60230,57,493819,1,0,0,0,0,0
ActPlane,3dae89cd06ae,complete,codex:rollout-2026-07-02T19-01-54-019f25b6-06a7-75f1-9f96-6dc755de3a20:710,codex:rollout-2026-07-02T19-01-54-019f25b6-06a7-75f1-9f96-6dc755de3a20:731,60230,60251,21,99694,1,0,0,0,0,0
ActPlane,3dae89cd06ae,complete,codex:rollout-2026-07-02T19-01-54-019f25b6-06a7-75f1-9f96-6dc755de3a20:731,codex:rollout-2026-07-02T19-01-54-019f25b6-06a7-75f1-9f96-6dc755de3a20:732,60251,60252,1,35862,1,0,0,0,0,0
ActPlane,3dae89cd06ae,complete,codex:rollout-2026-07-02T19-01-54-019f25b6-06a7-75f1-9f96-6dc755de3a20:732,codex:rollout-2026-07-02T19-01-54-019f25b6-06a7-75f1-9f96-6dc755de3a20:733,60252,60253,1,2,1,0,0,0,0,0
ActPlane,3dae89cd06ae,complete,codex:rollout-2026-07-02T19-01-54-019f25b6-06a7-75f1-9f96-6dc755de3a20:733,codex:rollout-2026-07-02T19-01-54-019f25b6-06a7-75f1-9f96-6dc755de3a20:734,60253,60254,1,2,1,0,0,0,0,0
ActPlane,3dae89cd06ae,complete,codex:rollout-2026-07-02T19-01-54-019f25b6-06a7-75f1-9f96-6dc755de3a20:734,codex:rollout-2026-07-02T19-01-54-019f25b6-06a7-75f1-9f96-6dc755de3a20:761,60254,60281,27,655096,1,0,0,1,0,0
ActPlane,3dae89cd06ae,complete,codex:rollout-2026-07-02T19-01-54-019f25b6-06a7-75f1-9f96-6dc755de3a20:761,codex:rollout-2026-07-02T19-01-54-019f25b6-06a7-75f1-9f96-6dc755de3a20:762,60281,60282,1,23558,1,0,0,0,0,0
ActPlane,3dae89cd06ae,complete,codex:rollout-2026-07-02T19-01-54-019f25b6-06a7-75f1-9f96-6dc755de3a20:762,codex:rollout-2026-07-02T19-01-54-019f25b6-06a7-75f1-9f96-6dc755de3a20:763,60282,60283,1,16,1,0,0,0,0,0
ActPlane,3dae89cd06ae,complete,codex:rollout-2026-07-02T19-01-54-019f25b6-06a7-75f1-9f96-6dc755de3a20:763,codex:rollout-2026-07-02T19-01-54-019f25b6-06a7-75f1-9f96-6dc755de3a20:764,60283,60284,1,0,1,0,0,0,0,0
ActPlane,3dae89cd06ae,complete,codex:rollout-2026-07-02T19-01-54-019f25b6-06a7-75f1-9f96-6dc755de3a20:764,codex:rollout-2026-07-07T15-00-58-019f3e99-3e27-7230-b3cd-a41ad3f141ab:44,60284,60353,69,598582,2,0,0,1,0,0
ActPlane,3dae89cd06ae,complete,codex:rollout-2026-07-07T15-00-58-019f3e99-3e27-7230-b3cd-a41ad3f141ab:44,codex:rollout-2026-07-02T19-01-54-019f25b6-06a7-75f1-9f96-6dc755de3a20:814,60353,60400,47,329851,2,0,0,1,0,0
ActPlane,3dae89cd06ae,complete,codex:rollout-2026-07-02T19-01-54-019f25b6-06a7-75f1-9f96-6dc755de3a20:814,codex:rollout-2026-07-02T19-01-54-019f25b6-06a7-75f1-9f96-6dc755de3a20:815,60400,60401,1,13750,1,0,0,0,0,0
ActPlane,3dae89cd06ae,complete,codex:rollout-2026-07-02T19-01-54-019f25b6-06a7-75f1-9f96-6dc755de3a20:815,codex:rollout-2026-07-02T19-01-54-019f25b6-06a7-75f1-9f96-6dc755de3a20:816,60401,60402,1,0,1,0,0,0,0,0
ActPlane,3dae89cd06ae,complete,codex:rollout-2026-07-02T19-01-54-019f25b6-06a7-75f1-9f96-6dc755de3a20:816,codex:rollout-2026-07-02T19-01-54-019f25b6-06a7-75f1-9f96-6dc755de3a20:831,60402,60417,15,268622,1,0,0,0,0,0
ActPlane,3dae89cd06ae,complete,codex:rollout-2026-07-02T19-01-54-019f25b6-06a7-75f1-9f96-6dc755de3a20:831,codex:rollout-2026-07-02T19-01-54-019f25b6-06a7-75f1-9f96-6dc755de3a20:892,60417,60478,61,486726,1,0,0,0,0,0
ActPlane,3dae89cd06ae,complete,codex:rollout-2026-07-02T19-01-54-019f25b6-06a7-75f1-9f96-6dc755de3a20:892,codex:rollout-2026-07-02T19-01-54-019f25b6-06a7-75f1-9f96-6dc755de3a20:895,60478,60481,3,30385,1,0,0,0,0,0
ActPlane,3dae89cd06ae,complete,codex:rollout-2026-07-02T19-01-54-019f25b6-06a7-75f1-9f96-6dc755de3a20:895,codex:rollout-2026-07-02T19-01-54-019f25b6-06a7-75f1-9f96-6dc755de3a20:896,60481,60482,1,50,1,0,0,0,0,0
ActPlane,3dae89cd06ae,complete,codex:rollout-2026-07-02T19-01-54-019f25b6-06a7-75f1-9f96-6dc755de3a20:896,codex:rollout-2026-07-02T19-01-54-019f25b6-06a7-75f1-9f96-6dc755de3a20:936,60482,60522,40,477610,1,0,0,0,0,0
ActPlane,3dae89cd06ae,complete,codex:rollout-2026-07-02T19-01-54-019f25b6-06a7-75f1-9f96-6dc755de3a20:936,codex:rollout-2026-07-02T19-01-54-019f25b6-06a7-75f1-9f96-6dc755de3a20:962,60522,60548,26,217954,1,0,0,0,0,0
ActPlane,3dae89cd06ae,complete,codex:rollout-2026-07-02T19-01-54-019f25b6-06a7-75f1-9f96-6dc755de3a20:962,codex:rollout-2026-07-02T19-01-54-019f25b6-06a7-75f1-9f96-6dc755de3a20:975,60548,60595,47,297284,2,0,0,0,0,0
ActPlane,3dae89cd06ae,complete,codex:rollout-2026-07-02T19-01-54-019f25b6-06a7-75f1-9f96-6dc755de3a20:975,codex:rollout-2026-07-02T19-01-54-019f25b6-06a7-75f1-9f96-6dc755de3a20:976,60595,60596,1,4616,1,0,0,0,0,0
ActPlane,3dae89cd06ae,complete,codex:rollout-2026-07-02T19-01-54-019f25b6-06a7-75f1-9f96-6dc755de3a20:976,codex:rollout-2026-07-02T19-01-54-019f25b6-06a7-75f1-9f96-6dc755de3a20:984,60596,60604,8,206628,1,0,0,0,0,0
ActPlane,3dae89cd06ae,complete,codex:rollout-2026-07-02T19-01-54-019f25b6-06a7-75f1-9f96-6dc755de3a20:984,codex:rollout-2026-07-02T19-01-54-019f25b6-06a7-75f1-9f96-6dc755de3a20:1042,60604,60662,58,1065713,1,0,0,0,0,0
ActPlane,3dae89cd06ae,complete,codex:rollout-2026-07-02T19-01-54-019f25b6-06a7-75f1-9f96-6dc755de3a20:1042,codex:rollout-2026-07-02T19-01-54-019f25b6-06a7-75f1-9f96-6dc755de3a20:1064,60662,60684,22,174086,1,0,0,1,0,0
ActPlane,3dae89cd06ae,complete,codex:rollout-2026-07-02T19-01-54-019f25b6-06a7-75f1-9f96-6dc755de3a20:1064,codex:rollout-2026-07-02T19-01-54-019f25b6-06a7-75f1-9f96-6dc755de3a20:1105,60684,60725,41,247646,1,0,0,0,0,0
ActPlane,3dae89cd06ae,complete,codex:rollout-2026-07-02T19-01-54-019f25b6-06a7-75f1-9f96-6dc755de3a20:1105,codex:rollout-2026-07-02T19-01-54-019f25b6-06a7-75f1-9f96-6dc755de3a20:1110,60725,60730,5,20668,1,0,0,0,0,0
ActPlane,3dae89cd06ae,complete,codex:rollout-2026-07-02T19-01-54-019f25b6-06a7-75f1-9f96-6dc755de3a20:1110,codex:rollout-2026-07-02T19-01-54-019f25b6-06a7-75f1-9f96-6dc755de3a20:1111,60730,60731,1,51,1,0,0,0,0,0
ActPlane,3dae89cd06ae,complete,codex:rollout-2026-07-02T19-01-54-019f25b6-06a7-75f1-9f96-6dc755de3a20:1111,codex:rollout-2026-07-02T19-01-54-019f25b6-06a7-75f1-9f96-6dc755de3a20:1134,60731,60754,23,295203,1,0,0,0,0,0
ActPlane,3dae89cd06ae,complete,codex:rollout-2026-07-02T19-01-54-019f25b6-06a7-75f1-9f96-6dc755de3a20:1134,codex:rollout-2026-07-02T19-01-54-019f25b6-06a7-75f1-9f96-6dc755de3a20:1186,60754,60806,52,607596,1,0,0,0,0,0
ActPlane,3dae89cd06ae,complete,codex:rollout-2026-07-02T19-01-54-019f25b6-06a7-75f1-9f96-6dc755de3a20:1186,codex:rollout-2026-07-02T19-01-54-019f25b6-06a7-75f1-9f96-6dc755de3a20:1201,60806,60821,15,107152,1,0,0,0,0,0
ActPlane,3dae89cd06ae,complete,codex:rollout-2026-07-02T19-01-54-019f25b6-06a7-75f1-9f96-6dc755de3a20:1201,codex:rollout-2026-07-02T19-01-54-019f25b6-06a7-75f1-9f96-6dc755de3a20:1203,60821,60823,2,11588,1,0,0,0,0,0
ActPlane,3dae89cd06ae,complete,codex:rollout-2026-07-02T19-01-54-019f25b6-06a7-75f1-9f96-6dc755de3a20:1203,codex:rollout-2026-07-02T19-01-54-019f25b6-06a7-75f1-9f96-6dc755de3a20:1222,60823,60842,19,132214,1,0,0,0,0,0
ActPlane,3dae89cd06ae,complete,codex:rollout-2026-07-02T19-01-54-019f25b6-06a7-75f1-9f96-6dc755de3a20:1222,codex:rollout-2026-07-02T19-01-54-019f25b6-06a7-75f1-9f96-6dc755de3a20:1288,60842,60908,66,1815401,1,0,0,0,0,0
ActPlane,3dae89cd06ae,complete,codex:rollout-2026-07-02T19-01-54-019f25b6-06a7-75f1-9f96-6dc755de3a20:1288,codex:rollout-2026-07-02T19-01-54-019f25b6-06a7-75f1-9f96-6dc755de3a20:1412,60908,61077,169,2357207,2,0,0,1,0,0
ActPlane,3dae89cd06ae,complete,codex:rollout-2026-07-02T19-01-54-019f25b6-06a7-75f1-9f96-6dc755de3a20:1412,codex:rollout-2026-07-02T19-01-54-019f25b6-06a7-75f1-9f96-6dc755de3a20:1417,61077,61082,5,67218,1,0,0,0,0,0
ActPlane,3dae89cd06ae,complete,codex:rollout-2026-07-02T19-01-54-019f25b6-06a7-75f1-9f96-6dc755de3a20:1417,codex:rollout-2026-07-02T19-01-54-019f25b6-06a7-75f1-9f96-6dc755de3a20:1423,61082,61088,6,58040,1,0,0,0,0,0
ActPlane,3dae89cd06ae,complete,codex:rollout-2026-07-02T19-01-54-019f25b6-06a7-75f1-9f96-6dc755de3a20:1423,codex:rollout-2026-07-02T19-01-54-019f25b6-06a7-75f1-9f96-6dc755de3a20:1430,61088,61095,7,74823,1,0,0,0,0,0
ActPlane,3dae89cd06ae,complete,codex:rollout-2026-07-02T19-01-54-019f25b6-06a7-75f1-9f96-6dc755de3a20:1430,codex:rollout-2026-07-02T19-01-54-019f25b6-06a7-75f1-9f96-6dc755de3a20:1514,61095,61179,84,625400,1,0,0,4,0,0
ActPlane,3dae89cd06ae,complete,codex:rollout-2026-07-02T19-01-54-019f25b6-06a7-75f1-9f96-6dc755de3a20:1514,codex:rollout-2026-07-02T19-01-54-019f25b6-06a7-75f1-9f96-6dc755de3a20:1516,61179,61181,2,36771,1,0,0,0,0,0
ActPlane,3dae89cd06ae,complete,codex:rollout-2026-07-02T19-01-54-019f25b6-06a7-75f1-9f96-6dc755de3a20:1516,codex:rollout-2026-07-16T18-41-23-019f6dbc-45bd-72c1-9f1e-852ffdb48503:112,61181,61376,195,782711548,3,19,7,0,0,0
ActPlane,3dae89cd06ae,complete,codex:rollout-2026-07-16T18-41-23-019f6dbc-45bd-72c1-9f1e-852ffdb48503:112,codex:rollout-2026-07-16T18-41-23-019f6dbc-45bd-72c1-9f1e-852ffdb48503:144,61376,61408,32,480190,1,13,7,0,0,0
ActPlane,3dae89cd06ae,complete,codex:rollout-2026-07-16T18-41-23-019f6dbc-45bd-72c1-9f1e-852ffdb48503:144,codex:rollout-2026-07-16T18-41-23-019f6dbc-45bd-72c1-9f1e-852ffdb48503:150,61408,61414,6,78334,1,0,0,0,0,0
ActPlane,3dae89cd06ae,complete,codex:rollout-2026-07-16T18-41-23-019f6dbc-45bd-72c1-9f1e-852ffdb48503:150,codex:rollout-2026-07-16T18-41-23-019f6dbc-45bd-72c1-9f1e-852ffdb48503:155,61414,61419,5,66063,1,0,0,0,0,0
ActPlane,3dae89cd06ae,complete,codex:rollout-2026-07-16T18-41-23-019f6dbc-45bd-72c1-9f1e-852ffdb48503:155,codex:rollout-2026-07-16T18-41-23-019f6dbc-45bd-72c1-9f1e-852ffdb48503:158,61419,61422,3,45505,1,0,0,0,0,0
ActPlane,3dae89cd06ae,complete,codex:rollout-2026-07-16T18-41-23-019f6dbc-45bd-72c1-9f1e-852ffdb48503:158,codex:rollout-2026-07-16T18-41-23-019f6dbc-45bd-72c1-9f1e-852ffdb48503:160,61422,61424,2,11336,1,0,0,0,0,0
ActPlane,3dae89cd06ae,complete,codex:rollout-2026-07-16T18-41-23-019f6dbc-45bd-72c1-9f1e-852ffdb48503:160,codex:rollout-2026-07-16T19-30-34-019f6de9-4ecf-7722-8fb7-680230839988:15,61424,61476,52,347850,3,0,0,0,0,0
ActPlane,3dae89cd06ae,complete,codex:rollout-2026-07-16T19-30-34-019f6de9-4ecf-7722-8fb7-680230839988:15,codex:rollout-2026-07-16T19-30-34-019f6de9-4ecf-7722-8fb7-680230839988:27,61476,61511,35,164128,3,0,0,0,0,0
ActPlane,3dae89cd06ae,complete,codex:rollout-2026-07-16T19-30-34-019f6de9-4ecf-7722-8fb7-680230839988:27,codex:rollout-2026-07-16T18-41-23-019f6dbc-45bd-72c1-9f1e-852ffdb48503:214,61511,61537,26,146353,3,7,7,0,0,0
ActPlane,3dae89cd06ae,complete,codex:rollout-2026-07-16T18-41-23-019f6dbc-45bd-72c1-9f1e-852ffdb48503:214,codex:rollout-2026-07-16T18-41-23-019f6dbc-45bd-72c1-9f1e-852ffdb48503:239,61537,61573,36,290282,3,8,6,0,0,0
ActPlane,3dae89cd06ae,complete,codex:rollout-2026-07-16T18-41-23-019f6dbc-45bd-72c1-9f1e-852ffdb48503:239,codex:rollout-2026-07-16T18-41-23-019f6dbc-45bd-72c1-9f1e-852ffdb48503:252,61573,61586,13,168304,1,5,5,0,0,0
ActPlane,3dae89cd06ae,complete,codex:rollout-2026-07-16T18-41-23-019f6dbc-45bd-72c1-9f1e-852ffdb48503:252,codex:rollout-2026-07-16T19-30-34-019f6de9-4ecf-7722-8fb7-680230839988:48,61586,61615,29,170443,3,0,0,0,0,0
ActPlane,3dae89cd06ae,complete,codex:rollout-2026-07-16T19-30-34-019f6de9-4ecf-7722-8fb7-680230839988:48,codex:rollout-2026-07-16T18-41-23-019f6dbc-45bd-72c1-9f1e-852ffdb48503:318,61615,61705,90,640972,3,4,4,0,0,0
ActPlane,3dae89cd06ae,complete,codex:rollout-2026-07-16T18-41-23-019f6dbc-45bd-72c1-9f1e-852ffdb48503:318,claude:d1bf41f8-e19c-43b9-afc0-050336bc9342:17,61705,61761,56,235749,3,1,1,0,0,0
ActPlane,3dae89cd06ae,complete,claude:d1bf41f8-e19c-43b9-afc0-050336bc9342:17,codex:rollout-2026-07-16T18-41-23-019f6dbc-45bd-72c1-9f1e-852ffdb48503:429,61761,61870,109,23154497,4,9,4,0,0,0
ActPlane,3dae89cd06ae,complete,codex:rollout-2026-07-16T18-41-23-019f6dbc-45bd-72c1-9f1e-852ffdb48503:429,codex:rollout-2026-07-16T18-41-23-019f6dbc-45bd-72c1-9f1e-852ffdb48503:433,61870,61874,4,69698,1,1,1,0,0,0
ActPlane,3dae89cd06ae,complete,codex:rollout-2026-07-16T18-41-23-019f6dbc-45bd-72c1-9f1e-852ffdb48503:433,codex:rollout-2026-07-16T18-41-23-019f6dbc-45bd-72c1-9f1e-852ffdb48503:449,61874,61890,16,424174,1,5,3,0,0,0
ActPlane,3dae89cd06ae,complete,codex:rollout-2026-07-16T18-41-23-019f6dbc-45bd-72c1-9f1e-852ffdb48503:449,codex:rollout-2026-07-16T18-41-23-019f6dbc-45bd-72c1-9f1e-852ffdb48503:488,61890,61929,39,934617,1,8,4,0,0,0
ActPlane,3dae89cd06ae,complete,codex:rollout-2026-07-16T18-41-23-019f6dbc-45bd-72c1-9f1e-852ffdb48503:488,codex:rollout-2026-07-16T18-41-23-019f6dbc-45bd-72c1-9f1e-852ffdb48503:493,61929,61934,5,126812,1,3,2,0,0,0
ActPlane,3dae89cd06ae,complete,codex:rollout-2026-07-16T18-41-23-019f6dbc-45bd-72c1-9f1e-852ffdb48503:493,codex:rollout-2026-07-16T18-41-23-019f6dbc-45bd-72c1-9f1e-852ffdb48503:502,61934,61943,9,249855,1,2,2,0,0,1
ActPlane,3dae89cd06ae,complete,codex:rollout-2026-07-16T18-41-23-019f6dbc-45bd-72c1-9f1e-852ffdb48503:502,codex:rollout-2026-07-16T18-41-23-019f6dbc-45bd-72c1-9f1e-852ffdb48503:511,61943,61952,9,166885,1,1,1,0,0,1
ActPlane,3dae89cd06ae,complete,codex:rollout-2026-07-16T18-41-23-019f6dbc-45bd-72c1-9f1e-852ffdb48503:511,codex:rollout-2026-07-16T18-41-23-019f6dbc-45bd-72c1-9f1e-852ffdb48503:526,61952,61967,15,339385,1,3,3,0,0,1
ActPlane,3dae89cd06ae,complete,codex:rollout-2026-07-16T18-41-23-019f6dbc-45bd-72c1-9f1e-852ffdb48503:526,codex:rollout-2026-07-16T18-41-23-019f6dbc-45bd-72c1-9f1e-852ffdb48503:529,61967,61970,3,60690,1,2,2,0,0,1
ActPlane,3dae89cd06ae,complete,codex:rollout-2026-07-16T18-41-23-019f6dbc-45bd-72c1-9f1e-852ffdb48503:529,codex:rollout-2026-07-16T18-41-23-019f6dbc-45bd-72c1-9f1e-852ffdb48503:536,61970,61977,7,179649,1,3,2,0,0,1
ActPlane,3dae89cd06ae,complete,codex:rollout-2026-07-16T18-41-23-019f6dbc-45bd-72c1-9f1e-852ffdb48503:536,codex:rollout-2026-07-16T18-41-23-019f6dbc-45bd-72c1-9f1e-852ffdb48503:543,61977,61984,7,139820,1,2,2,0,0,1
ActPlane,3dae89cd06ae,complete,codex:rollout-2026-07-16T18-41-23-019f6dbc-45bd-72c1-9f1e-852ffdb48503:543,codex:rollout-2026-07-16T18-41-23-019f6dbc-45bd-72c1-9f1e-852ffdb48503:547,61984,61988,4,86356,1,2,2,0,0,1
ActPlane,3dae89cd06ae,complete,codex:rollout-2026-07-16T18-41-23-019f6dbc-45bd-72c1-9f1e-852ffdb48503:547,codex:rollout-2026-07-16T18-41-23-019f6dbc-45bd-72c1-9f1e-852ffdb48503:563,61988,62004,16,340518,1,3,3,0,0,1
ActPlane,3dae89cd06ae,complete,codex:rollout-2026-07-16T18-41-23-019f6dbc-45bd-72c1-9f1e-852ffdb48503:563,codex:rollout-2026-07-16T18-41-23-019f6dbc-45bd-72c1-9f1e-852ffdb48503:566,62004,62007,3,76339,1,1,1,0,0,0
ActPlane,3dae89cd06ae,complete,codex:rollout-2026-07-16T18-41-23-019f6dbc-45bd-72c1-9f1e-852ffdb48503:566,codex:rollout-2026-07-16T18-41-23-019f6dbc-45bd-72c1-9f1e-852ffdb48503:579,62007,62020,13,297860,1,5,3,0,0,1
ActPlane,3dae89cd06ae,complete,codex:rollout-2026-07-16T18-41-23-019f6dbc-45bd-72c1-9f1e-852ffdb48503:579,codex:rollout-2026-07-16T18-41-23-019f6dbc-45bd-72c1-9f1e-852ffdb48503:591,62020,62032,12,236160,1,3,2,0,0,1
ActPlane,3dae89cd06ae,complete,codex:rollout-2026-07-16T18-41-23-019f6dbc-45bd-72c1-9f1e-852ffdb48503:591,codex:rollout-2026-07-16T18-41-23-019f6dbc-45bd-72c1-9f1e-852ffdb48503:592,62032,62033,1,16909,1,0,0,0,0,0
ActPlane,3dae89cd06ae,complete,codex:rollout-2026-07-16T18-41-23-019f6dbc-45bd-72c1-9f1e-852ffdb48503:592,codex:rollout-2026-07-16T18-41-23-019f6dbc-45bd-72c1-9f1e-852ffdb48503:600,62033,62041,8,257156,1,3,3,0,0,1
ActPlane,3dae89cd06ae,complete,codex:rollout-2026-07-16T18-41-23-019f6dbc-45bd-72c1-9f1e-852ffdb48503:600,codex:rollout-2026-07-16T18-41-23-019f6dbc-45bd-72c1-9f1e-852ffdb48503:615,62041,62056,15,403759,1,4,3,0,0,1
ActPlane,3dae89cd06ae,complete,codex:rollout-2026-07-16T18-41-23-019f6dbc-45bd-72c1-9f1e-852ffdb48503:615,codex:rollout-2026-07-16T18-41-23-019f6dbc-45bd-72c1-9f1e-852ffdb48503:616,62056,62057,1,20792,1,0,0,0,0,0
ActPlane,3dae89cd06ae,complete,codex:rollout-2026-07-16T18-41-23-019f6dbc-45bd-72c1-9f1e-852ffdb48503:616,codex:rollout-2026-07-16T18-41-23-019f6dbc-45bd-72c1-9f1e-852ffdb48503:619,62057,62060,3,39972,1,1,1,0,0,0
ActPlane,3dae89cd06ae,complete,codex:rollout-2026-07-16T18-41-23-019f6dbc-45bd-72c1-9f1e-852ffdb48503:619,codex:rollout-2026-07-16T18-41-23-019f6dbc-45bd-72c1-9f1e-852ffdb48503:630,62060,62071,11,229936,1,3,2,0,0,1
ActPlane,3dae89cd06ae,complete,codex:rollout-2026-07-16T18-41-23-019f6dbc-45bd-72c1-9f1e-852ffdb48503:630,codex:rollout-2026-07-16T18-41-23-019f6dbc-45bd-72c1-9f1e-852ffdb48503:641,62071,62082,11,228920,1,6,3,0,0,1
ActPlane,3dae89cd06ae,complete,codex:rollout-2026-07-16T18-41-23-019f6dbc-45bd-72c1-9f1e-852ffdb48503:641,codex:rollout-2026-07-16T18-41-23-019f6dbc-45bd-72c1-9f1e-852ffdb48503:654,62082,62095,13,288455,1,5,1,0,0,1
ActPlane,3dae89cd06ae,complete,codex:rollout-2026-07-16T18-41-23-019f6dbc-45bd-72c1-9f1e-852ffdb48503:654,codex:rollout-2026-07-16T18-41-23-019f6dbc-45bd-72c1-9f1e-852ffdb48503:691,62095,62132,37,839792,1,6,3,0,0,1
ActPlane,3dae89cd06ae,complete,codex:rollout-2026-07-16T18-41-23-019f6dbc-45bd-72c1-9f1e-852ffdb48503:691,codex:rollout-2026-07-16T18-41-23-019f6dbc-45bd-72c1-9f1e-852ffdb48503:705,62132,62146,14,242951,1,5,2,0,0,1
ActPlane,3dae89cd06ae,complete,codex:rollout-2026-07-16T18-41-23-019f6dbc-45bd-72c1-9f1e-852ffdb48503:705,codex:rollout-2026-07-16T18-41-23-019f6dbc-45bd-72c1-9f1e-852ffdb48503:736,62146,62177,31,647351,1,9,4,0,0,1
ActPlane,3dae89cd06ae,complete,codex:rollout-2026-07-16T18-41-23-019f6dbc-45bd-72c1-9f1e-852ffdb48503:736,codex:rollout-2026-07-16T18-41-23-019f6dbc-45bd-72c1-9f1e-852ffdb48503:742,62177,62183,6,163268,1,2,2,0,0,0
ActPlane,3dae89cd06ae,complete,codex:rollout-2026-07-16T18-41-23-019f6dbc-45bd-72c1-9f1e-852ffdb48503:742,codex:rollout-2026-07-16T18-41-23-019f6dbc-45bd-72c1-9f1e-852ffdb48503:752,62183,62193,10,219509,1,7,7,0,0,0
ActPlane,3dae89cd06ae,complete,codex:rollout-2026-07-16T18-41-23-019f6dbc-45bd-72c1-9f1e-852ffdb48503:752,codex:rollout-2026-07-16T18-41-23-019f6dbc-45bd-72c1-9f1e-852ffdb48503:755,62193,62196,3,40114,1,1,1,0,0,0
ActPlane,3dae89cd06ae,complete,codex:rollout-2026-07-16T18-41-23-019f6dbc-45bd-72c1-9f1e-852ffdb48503:755,codex:rollout-2026-07-16T18-41-23-019f6dbc-45bd-72c1-9f1e-852ffdb48503:757,62196,62198,2,26161,1,1,1,0,0,0
ActPlane,3dae89cd06ae,complete,codex:rollout-2026-07-16T18-41-23-019f6dbc-45bd-72c1-9f1e-852ffdb48503:757,codex:rollout-2026-07-16T18-41-23-019f6dbc-45bd-72c1-9f1e-852ffdb48503:759,62198,62200,2,62042,1,1,1,0,0,1
ActPlane,3dae89cd06ae,complete,codex:rollout-2026-07-16T18-41-23-019f6dbc-45bd-72c1-9f1e-852ffdb48503:759,codex:rollout-2026-07-16T18-41-23-019f6dbc-45bd-72c1-9f1e-852ffdb48503:774,62200,62215,15,251116,1,3,3,0,0,0
ActPlane,3dae89cd06ae,complete,codex:rollout-2026-07-16T18-41-23-019f6dbc-45bd-72c1-9f1e-852ffdb48503:774,codex:rollout-2026-07-16T18-41-23-019f6dbc-45bd-72c1-9f1e-852ffdb48503:784,62215,62225,10,247742,1,2,2,0,0,1
ActPlane,3dae89cd06ae,complete,codex:rollout-2026-07-16T18-41-23-019f6dbc-45bd-72c1-9f1e-852ffdb48503:784,codex:rollout-2026-07-16T18-41-23-019f6dbc-45bd-72c1-9f1e-852ffdb48503:791,62225,62232,7,150482,1,1,1,0,0,1
ActPlane,3dae89cd06ae,complete,codex:rollout-2026-07-16T18-41-23-019f6dbc-45bd-72c1-9f1e-852ffdb48503:791,codex:rollout-2026-07-16T18-41-23-019f6dbc-45bd-72c1-9f1e-852ffdb48503:815,62232,62256,24,480504,1,1,1,0,0,1
ActPlane,3dae89cd06ae,complete,codex:rollout-2026-07-16T18-41-23-019f6dbc-45bd-72c1-9f1e-852ffdb48503:815,codex:rollout-2026-07-16T18-41-23-019f6dbc-45bd-72c1-9f1e-852ffdb48503:821,62256,62262,6,122115,1,1,1,0,0,1
ActPlane,3dae89cd06ae,complete,codex:rollout-2026-07-16T18-41-23-019f6dbc-45bd-72c1-9f1e-852ffdb48503:821,codex:rollout-2026-07-16T18-41-23-019f6dbc-45bd-72c1-9f1e-852ffdb48503:835,62262,62276,14,341944,1,7,2,0,0,1
ActPlane,3dae89cd06ae,complete,codex:rollout-2026-07-16T18-41-23-019f6dbc-45bd-72c1-9f1e-852ffdb48503:835,codex:rollout-2026-07-16T18-41-23-019f6dbc-45bd-72c1-9f1e-852ffdb48503:845,62276,62286,10,150822,1,1,1,0,0,1
ActPlane,3dae89cd06ae,complete,codex:rollout-2026-07-16T18-41-23-019f6dbc-45bd-72c1-9f1e-852ffdb48503:845,codex:rollout-2026-07-16T18-41-23-019f6dbc-45bd-72c1-9f1e-852ffdb48503:856,62286,62297,11,246598,1,1,1,0,0,1
ActPlane,3dae89cd06ae,complete,codex:rollout-2026-07-16T18-41-23-019f6dbc-45bd-72c1-9f1e-852ffdb48503:856,codex:rollout-2026-07-16T18-41-23-019f6dbc-45bd-72c1-9f1e-852ffdb48503:862,62297,62303,6,160824,1,2,1,0,0,1
ActPlane,3dae89cd06ae,complete,codex:rollout-2026-07-16T18-41-23-019f6dbc-45bd-72c1-9f1e-852ffdb48503:862,codex:rollout-2026-07-16T18-41-23-019f6dbc-45bd-72c1-9f1e-852ffdb48503:867,62303,62308,5,90244,1,2,1,0,0,1
ActPlane,3dae89cd06ae,complete,codex:rollout-2026-07-16T18-41-23-019f6dbc-45bd-72c1-9f1e-852ffdb48503:867,codex:rollout-2026-07-16T18-41-23-019f6dbc-45bd-72c1-9f1e-852ffdb48503:877,62308,62318,10,210104,1,3,2,0,0,1
ActPlane,3dae89cd06ae,complete,codex:rollout-2026-07-16T18-41-23-019f6dbc-45bd-72c1-9f1e-852ffdb48503:877,codex:rollout-2026-07-16T18-41-23-019f6dbc-45bd-72c1-9f1e-852ffdb48503:900,62318,62341,23,451407,1,2,1,0,0,2
ActPlane,3dae89cd06ae,complete,codex:rollout-2026-07-16T18-41-23-019f6dbc-45bd-72c1-9f1e-852ffdb48503:900,codex:rollout-2026-07-16T18-41-23-019f6dbc-45bd-72c1-9f1e-852ffdb48503:908,62341,62349,8,111022,1,0,0,0,0,0
ActPlane,3dae89cd06ae,complete,codex:rollout-2026-07-16T18-41-23-019f6dbc-45bd-72c1-9f1e-852ffdb48503:908,codex:rollout-2026-07-16T18-41-23-019f6dbc-45bd-72c1-9f1e-852ffdb48503:932,62349,62373,24,368260,1,2,1,0,0,0
ActPlane,3dae89cd06ae,complete,codex:rollout-2026-07-16T18-41-23-019f6dbc-45bd-72c1-9f1e-852ffdb48503:932,codex:rollout-2026-07-16T18-41-23-019f6dbc-45bd-72c1-9f1e-852ffdb48503:933,62373,62374,1,15587,1,0,0,0,0,0
ActPlane,3dae89cd06ae,complete,codex:rollout-2026-07-16T18-41-23-019f6dbc-45bd-72c1-9f1e-852ffdb48503:933,codex:rollout-2026-07-16T18-41-23-019f6dbc-45bd-72c1-9f1e-852ffdb48503:1033,62374,62523,149,2083807,2,11,7,0,0,0
ActPlane,3dae89cd06ae,complete,codex:rollout-2026-07-16T18-41-23-019f6dbc-45bd-72c1-9f1e-852ffdb48503:1033,codex:rollout-2026-07-16T18-41-23-019f6dbc-45bd-72c1-9f1e-852ffdb48503:1162,62523,62671,148,2800769,2,14,4,0,0,0
ActPlane,3dae89cd06ae,complete,codex:rollout-2026-07-16T18-41-23-019f6dbc-45bd-72c1-9f1e-852ffdb48503:1162,codex:rollout-2026-07-16T18-41-23-019f6dbc-45bd-72c1-9f1e-852ffdb48503:1164,62671,62673,2,43161,1,0,0,0,0,0
ActPlane,3dae89cd06ae,complete,codex:rollout-2026-07-16T18-41-23-019f6dbc-45bd-72c1-9f1e-852ffdb48503:1164,codex:rollout-2026-07-17T05-35-30-019f7013-25c7-7b51-a501-c66e85ba3a5d:97,62673,62816,143,2326808,2,6,4,0,0,0
ActPlane,3dae89cd06ae,complete,codex:rollout-2026-07-17T05-35-30-019f7013-25c7-7b51-a501-c66e85ba3a5d:97,codex:rollout-2026-07-16T18-41-23-019f6dbc-45bd-72c1-9f1e-852ffdb48503:1360,62816,62940,124,2037825,2,29,10,0,0,0
ActPlane,3dae89cd06ae,complete,codex:rollout-2026-07-16T18-41-23-019f6dbc-45bd-72c1-9f1e-852ffdb48503:1360,codex:rollout-2026-07-16T18-41-23-019f6dbc-45bd-72c1-9f1e-852ffdb48503:1386,62940,62966,26,425662,1,5,4,0,0,0
ActPlane,3dae89cd06ae,complete,codex:rollout-2026-07-16T18-41-23-019f6dbc-45bd-72c1-9f1e-852ffdb48503:1386,codex:rollout-2026-07-16T18-41-23-019f6dbc-45bd-72c1-9f1e-852ffdb48503:1392,62966,62972,6,160296,1,2,2,0,0,0
ActPlane,3dae89cd06ae,complete,codex:rollout-2026-07-16T18-41-23-019f6dbc-45bd-72c1-9f1e-852ffdb48503:1392,codex:rollout-2026-07-17T05-35-30-019f7013-25c7-7b51-a501-c66e85ba3a5d:167,62972,63032,60,460951,2,0,0,0,0,0
ActPlane,3dae89cd06ae,complete,codex:rollout-2026-07-17T05-35-30-019f7013-25c7-7b51-a501-c66e85ba3a5d:167,codex:rollout-2026-07-17T05-35-30-019f7013-25c7-7b51-a501-c66e85ba3a5d:169,63032,63037,5,41600,2,0,0,0,0,0
ActPlane,3dae89cd06ae,complete,codex:rollout-2026-07-17T05-35-30-019f7013-25c7-7b51-a501-c66e85ba3a5d:169,codex:rollout-2026-07-16T18-41-23-019f6dbc-45bd-72c1-9f1e-852ffdb48503:1470,63037,63091,54,823108,2,5,5,0,0,0
ActPlane,3dae89cd06ae,complete,codex:rollout-2026-07-16T18-41-23-019f6dbc-45bd-72c1-9f1e-852ffdb48503:1470,codex:rollout-2026-07-16T18-41-23-019f6dbc-45bd-72c1-9f1e-852ffdb48503:1475,63091,63096,5,58393,1,0,0,0,0,0
ActPlane,3dae89cd06ae,complete,codex:rollout-2026-07-16T18-41-23-019f6dbc-45bd-72c1-9f1e-852ffdb48503:1475,codex:rollout-2026-07-17T05-35-30-019f7013-25c7-7b51-a501-c66e85ba3a5d:185,63096,63123,27,163334,4,0,0,0,0,0
ActPlane,3dae89cd06ae,complete,codex:rollout-2026-07-17T05-35-30-019f7013-25c7-7b51-a501-c66e85ba3a5d:185,codex:rollout-2026-07-16T18-41-23-019f6dbc-45bd-72c1-9f1e-852ffdb48503:1509,63123,63204,81,381556,11,5,5,0,0,0
ActPlane,3dae89cd06ae,complete,codex:rollout-2026-07-16T18-41-23-019f6dbc-45bd-72c1-9f1e-852ffdb48503:1509,codex:rollout-2026-07-16T18-41-23-019f6dbc-45bd-72c1-9f1e-852ffdb48503:1531,63204,63226,22,419020,1,3,3,0,0,0
ActPlane,3dae89cd06ae,complete,codex:rollout-2026-07-16T18-41-23-019f6dbc-45bd-72c1-9f1e-852ffdb48503:1531,codex:rollout-2026-07-16T18-41-23-019f6dbc-45bd-72c1-9f1e-852ffdb48503:1535,63226,63230,4,64812,1,0,0,0,0,0
ActPlane,3dae89cd06ae,complete,codex:rollout-2026-07-16T18-41-23-019f6dbc-45bd-72c1-9f1e-852ffdb48503:1535,codex:rollout-2026-07-17T05-35-30-019f7013-25c7-7b51-a501-c66e85ba3a5d:192,63230,63254,24,154588,3,0,0,0,0,0
ActPlane,3dae89cd06ae,complete,codex:rollout-2026-07-17T05-35-30-019f7013-25c7-7b51-a501-c66e85ba3a5d:192,codex:rollout-2026-07-16T18-41-23-019f6dbc-45bd-72c1-9f1e-852ffdb48503:1613,63254,63347,93,1418651,3,11,8,0,0,0
ActPlane,3dae89cd06ae,complete,codex:rollout-2026-07-16T18-41-23-019f6dbc-45bd-72c1-9f1e-852ffdb48503:1613,codex:rollout-2026-07-16T18-41-23-019f6dbc-45bd-72c1-9f1e-852ffdb48503:1691,63347,63425,78,1639620,1,2,2,0,0,0
ActPlane,3dae89cd06ae,complete,codex:rollout-2026-07-16T18-41-23-019f6dbc-45bd-72c1-9f1e-852ffdb48503:1691,codex:rollout-2026-07-17T09-51-53-019f70fd-dfcd-7b72-b270-1b062846d002:24,63425,63489,64,643769,3,0,0,0,0,0
ActPlane,3dae89cd06ae,complete,codex:rollout-2026-07-17T09-51-53-019f70fd-dfcd-7b72-b270-1b062846d002:24,codex:rollout-2026-07-17T09-51-53-019f70fd-dfcd-7b72-b270-1b062846d002:33,63489,63520,31,209536,3,0,0,0,0,0
ActPlane,3dae89cd06ae,complete,codex:rollout-2026-07-17T09-51-53-019f70fd-dfcd-7b72-b270-1b062846d002:33,codex:rollout-2026-07-17T09-57-36-019f7103-182c-70d1-a57c-fddeba2da3c3:19,63520,63528,8,110363,2,0,0,0,0,0
ActPlane,3dae89cd06ae,complete,codex:rollout-2026-07-17T09-57-36-019f7103-182c-70d1-a57c-fddeba2da3c3:19,claude:f4e6e281-70a4-4a5a-a14f-80268e7b889d:17,63528,63619,91,8415617,3,0,0,0,0,0
ActPlane,3dae89cd06ae,complete,claude:f4e6e281-70a4-4a5a-a14f-80268e7b889d:17,claude:f4e6e281-70a4-4a5a-a14f-80268e7b889d:19,63619,63621,2,8502,1,0,0,0,0,0
ActPlane,3dae89cd06ae,complete,claude:f4e6e281-70a4-4a5a-a14f-80268e7b889d:19,claude:f4e6e281-70a4-4a5a-a14f-80268e7b889d:20,63621,63622,1,4405,1,0,0,0,0,0
ActPlane,3dae89cd06ae,complete,claude:f4e6e281-70a4-4a5a-a14f-80268e7b889d:20,codex:rollout-2026-07-16T18-41-23-019f6dbc-45bd-72c1-9f1e-852ffdb48503:1843,63622,63671,49,6184139,2,2,2,0,0,0
ActPlane,3dae89cd06ae,complete,codex:rollout-2026-07-16T18-41-23-019f6dbc-45bd-72c1-9f1e-852ffdb48503:1843,codex:rollout-2026-07-16T18-41-23-019f6dbc-45bd-72c1-9f1e-852ffdb48503:2097,63671,63967,296,5658729,3,26,12,0,2,0
ActPlane,3dae89cd06ae,complete,codex:rollout-2026-07-16T18-41-23-019f6dbc-45bd-72c1-9f1e-852ffdb48503:2097,codex:rollout-2026-07-16T18-41-23-019f6dbc-45bd-72c1-9f1e-852ffdb48503:2100,63967,63970,3,53393,1,1,1,0,0,0
ActPlane,3dae89cd06ae,complete,codex:rollout-2026-07-16T18-41-23-019f6dbc-45bd-72c1-9f1e-852ffdb48503:2100,codex:rollout-2026-07-16T18-41-23-019f6dbc-45bd-72c1-9f1e-852ffdb48503:2118,63970,63988,18,295890,1,8,5,0,0,0
ActPlane,3dae89cd06ae,complete,codex:rollout-2026-07-16T18-41-23-019f6dbc-45bd-72c1-9f1e-852ffdb48503:2118,codex:rollout-2026-07-17T15-57-23-019f724c-7cfe-7230-af2f-c439baea1321:22,63988,64058,70,803286,2,0,0,0,1,0
ActPlane,3dae89cd06ae,complete,codex:rollout-2026-07-17T15-57-23-019f724c-7cfe-7230-af2f-c439baea1321:22,codex:rollout-2026-07-16T18-41-23-019f6dbc-45bd-72c1-9f1e-852ffdb48503:2239,64058,64136,78,6424413,2,1,1,0,0,0
ActPlane,3dae89cd06ae,complete,codex:rollout-2026-07-16T18-41-23-019f6dbc-45bd-72c1-9f1e-852ffdb48503:2239,codex:rollout-2026-07-16T18-41-23-019f6dbc-45bd-72c1-9f1e-852ffdb48503:2241,64136,64138,2,17861,1,0,0,0,0,0
ActPlane,3dae89cd06ae,complete,codex:rollout-2026-07-16T18-41-23-019f6dbc-45bd-72c1-9f1e-852ffdb48503:2241,codex:rollout-2026-07-16T18-41-23-019f6dbc-45bd-72c1-9f1e-852ffdb48503:2245,64138,64142,4,101261,1,0,0,0,0,0
ActPlane,3dae89cd06ae,complete,codex:rollout-2026-07-16T18-41-23-019f6dbc-45bd-72c1-9f1e-852ffdb48503:2245,codex:rollout-2026-07-16T18-41-23-019f6dbc-45bd-72c1-9f1e-852ffdb48503:2246,64142,64143,1,12439,1,0,0,0,0,0
ActPlane,3dae89cd06ae,complete,codex:rollout-2026-07-16T18-41-23-019f6dbc-45bd-72c1-9f1e-852ffdb48503:2246,codex:rollout-2026-07-16T18-41-23-019f6dbc-45bd-72c1-9f1e-852ffdb48503:2248,64143,64145,2,15506,1,0,0,0,0,0
ActPlane,3dae89cd06ae,complete,codex:rollout-2026-07-16T18-41-23-019f6dbc-45bd-72c1-9f1e-852ffdb48503:2248,codex:rollout-2026-07-16T18-41-23-019f6dbc-45bd-72c1-9f1e-852ffdb48503:2250,64145,64147,2,13479,1,0,0,0,0,0
ActPlane,3dae89cd06ae,complete,codex:rollout-2026-07-16T18-41-23-019f6dbc-45bd-72c1-9f1e-852ffdb48503:2250,codex:rollout-2026-07-16T18-41-23-019f6dbc-45bd-72c1-9f1e-852ffdb48503:2270,64147,64167,20,360362,1,0,0,0,0,0
ActPlane,3dae89cd06ae,complete,codex:rollout-2026-07-16T18-41-23-019f6dbc-45bd-72c1-9f1e-852ffdb48503:2270,codex:rollout-2026-07-17T18-06-52-019f72c3-0b53-7870-97a7-75c536d8f7f6:5,64167,64217,50,682552,2,0,0,0,0,0
ActPlane,3dae89cd06ae,complete,codex:rollout-2026-07-17T18-06-52-019f72c3-0b53-7870-97a7-75c536d8f7f6:5,codex:rollout-2026-07-17T18-06-52-019f72c3-0b53-7870-97a7-75c536d8f7f6:6,64217,64219,2,9968,2,0,0,0,0,0
ActPlane,3dae89cd06ae,complete,codex:rollout-2026-07-17T18-06-52-019f72c3-0b53-7870-97a7-75c536d8f7f6:6,codex:rollout-2026-07-17T18-06-52-019f72c3-0b53-7870-97a7-75c536d8f7f6:9,64219,64225,6,51544,2,0,0,0,0,0
ActPlane,3dae89cd06ae,complete,codex:rollout-2026-07-17T18-06-52-019f72c3-0b53-7870-97a7-75c536d8f7f6:9,codex:rollout-2026-07-16T18-41-23-019f6dbc-45bd-72c1-9f1e-852ffdb48503:2323,64225,64231,6,175680,2,0,0,0,0,0
ActPlane,3dae89cd06ae,complete,codex:rollout-2026-07-16T18-41-23-019f6dbc-45bd-72c1-9f1e-852ffdb48503:2323,codex:rollout-2026-07-16T18-41-23-019f6dbc-45bd-72c1-9f1e-852ffdb48503:2324,64231,64232,1,13027,1,0,0,0,0,0
ActPlane,3dae89cd06ae,complete,codex:rollout-2026-07-16T18-41-23-019f6dbc-45bd-72c1-9f1e-852ffdb48503:2324,codex:rollout-2026-07-16T18-41-23-019f6dbc-45bd-72c1-9f1e-852ffdb48503:2329,64232,64237,5,50315,1,0,0,0,0,0
ActPlane,3dae89cd06ae,complete,codex:rollout-2026-07-16T18-41-23-019f6dbc-45bd-72c1-9f1e-852ffdb48503:2329,codex:rollout-2026-07-16T18-41-23-019f6dbc-45bd-72c1-9f1e-852ffdb48503:2405,64237,64313,76,2396542,1,2,1,0,0,0
ActPlane,3dae89cd06ae,complete,codex:rollout-2026-07-16T18-41-23-019f6dbc-45bd-72c1-9f1e-852ffdb48503:2405,codex:rollout-2026-07-16T18-41-23-019f6dbc-45bd-72c1-9f1e-852ffdb48503:2407,64313,64315,2,25470,1,0,0,0,0,0
ActPlane,3dae89cd06ae,complete,codex:rollout-2026-07-16T18-41-23-019f6dbc-45bd-72c1-9f1e-852ffdb48503:2407,codex:rollout-2026-07-16T18-41-23-019f6dbc-45bd-72c1-9f1e-852ffdb48503:2414,64315,64322,7,206357,1,2,2,0,0,0
ActPlane,3dae89cd06ae,complete,codex:rollout-2026-07-16T18-41-23-019f6dbc-45bd-72c1-9f1e-852ffdb48503:2414,codex:rollout-2026-07-17T19-02-36-019f72f6-1007-70f3-a035-bcb669e4bba5:23,64322,64414,92,701248,3,2,2,0,0,0
ActPlane,3dae89cd06ae,complete,codex:rollout-2026-07-17T19-02-36-019f72f6-1007-70f3-a035-bcb669e4bba5:23,codex:rollout-2026-07-16T18-41-23-019f6dbc-45bd-72c1-9f1e-852ffdb48503:2466,64414,64417,3,32818,2,0,0,0,0,0
ActPlane,3dae89cd06ae,complete,codex:rollout-2026-07-16T18-41-23-019f6dbc-45bd-72c1-9f1e-852ffdb48503:2466,codex:rollout-2026-07-16T18-41-23-019f6dbc-45bd-72c1-9f1e-852ffdb48503:2477,64417,64443,26,289968,2,4,3,0,0,0
ActPlane,3dae89cd06ae,complete,codex:rollout-2026-07-16T18-41-23-019f6dbc-45bd-72c1-9f1e-852ffdb48503:2477,codex:rollout-2026-07-16T18-41-23-019f6dbc-45bd-72c1-9f1e-852ffdb48503:2478,64443,64444,1,13970,1,0,0,0,0,0
ActPlane,3dae89cd06ae,complete,codex:rollout-2026-07-16T18-41-23-019f6dbc-45bd-72c1-9f1e-852ffdb48503:2478,codex:rollout-2026-07-16T18-41-23-019f6dbc-45bd-72c1-9f1e-852ffdb48503:2490,64444,64463,19,196253,2,4,4,0,0,0
ActPlane,3dae89cd06ae,complete,codex:rollout-2026-07-16T18-41-23-019f6dbc-45bd-72c1-9f1e-852ffdb48503:2490,codex:rollout-2026-07-16T18-41-23-019f6dbc-45bd-72c1-9f1e-852ffdb48503:2674,64463,64668,205,8818120,3,19,6,0,0,0
ActPlane,3dae89cd06ae,complete,codex:rollout-2026-07-16T18-41-23-019f6dbc-45bd-72c1-9f1e-852ffdb48503:2674,codex:rollout-2026-07-16T18-41-23-019f6dbc-45bd-72c1-9f1e-852ffdb48503:2696,64668,64690,22,401895,1,11,5,0,0,0
ActPlane,3dae89cd06ae,complete,codex:rollout-2026-07-16T18-41-23-019f6dbc-45bd-72c1-9f1e-852ffdb48503:2696,codex:rollout-2026-07-16T18-41-23-019f6dbc-45bd-72c1-9f1e-852ffdb48503:2721,64690,64715,25,621806,1,8,5,0,0,0
ActPlane,3dae89cd06ae,complete,codex:rollout-2026-07-16T18-41-23-019f6dbc-45bd-72c1-9f1e-852ffdb48503:2721,codex:rollout-2026-07-16T18-41-23-019f6dbc-45bd-72c1-9f1e-852ffdb48503:2730,64715,64724,9,188636,1,1,1,0,0,0
ActPlane,3dae89cd06ae,complete,codex:rollout-2026-07-16T18-41-23-019f6dbc-45bd-72c1-9f1e-852ffdb48503:2730,codex:rollout-2026-07-16T18-41-23-019f6dbc-45bd-72c1-9f1e-852ffdb48503:2739,64724,64733,9,159492,1,3,3,0,1,0
ActPlane,3dae89cd06ae,complete,codex:rollout-2026-07-16T18-41-23-019f6dbc-45bd-72c1-9f1e-852ffdb48503:2739,codex:rollout-2026-07-16T18-41-23-019f6dbc-45bd-72c1-9f1e-852ffdb48503:2745,64733,64739,6,143741,1,1,1,0,0,1
ActPlane,3dae89cd06ae,complete,codex:rollout-2026-07-16T18-41-23-019f6dbc-45bd-72c1-9f1e-852ffdb48503:2745,codex:rollout-2026-07-16T18-41-23-019f6dbc-45bd-72c1-9f1e-852ffdb48503:2780,64739,64774,35,783523,1,6,2,0,2,0
ActPlane,3dae89cd06ae,complete,codex:rollout-2026-07-16T18-41-23-019f6dbc-45bd-72c1-9f1e-852ffdb48503:2780,codex:rollout-2026-07-16T18-41-23-019f6dbc-45bd-72c1-9f1e-852ffdb48503:2789,64774,64783,9,272897,1,1,1,0,0,1
ActPlane,3dae89cd06ae,complete,codex:rollout-2026-07-16T18-41-23-019f6dbc-45bd-72c1-9f1e-852ffdb48503:2789,codex:rollout-2026-07-16T18-41-23-019f6dbc-45bd-72c1-9f1e-852ffdb48503:2795,64783,64789,6,99669,1,0,0,0,0,0
ActPlane,3dae89cd06ae,complete,codex:rollout-2026-07-16T18-41-23-019f6dbc-45bd-72c1-9f1e-852ffdb48503:2795,codex:rollout-2026-07-16T18-41-23-019f6dbc-45bd-72c1-9f1e-852ffdb48503:2810,64789,64804,15,291758,1,1,1,0,0,1
ActPlane,3dae89cd06ae,complete,codex:rollout-2026-07-16T18-41-23-019f6dbc-45bd-72c1-9f1e-852ffdb48503:2810,codex:rollout-2026-07-16T18-41-23-019f6dbc-45bd-72c1-9f1e-852ffdb48503:2812,64804,64806,2,45598,1,1,1,0,0,1
ActPlane,3dae89cd06ae,complete,codex:rollout-2026-07-16T18-41-23-019f6dbc-45bd-72c1-9f1e-852ffdb48503:2812,codex:rollout-2026-07-16T18-41-23-019f6dbc-45bd-72c1-9f1e-852ffdb48503:2816,64806,64810,4,99033,1,1,1,0,0,1
ActPlane,3dae89cd06ae,complete,codex:rollout-2026-07-16T18-41-23-019f6dbc-45bd-72c1-9f1e-852ffdb48503:2816,codex:rollout-2026-07-16T18-41-23-019f6dbc-45bd-72c1-9f1e-852ffdb48503:2823,64810,64817,7,153466,1,1,1,0,0,0
ActPlane,3dae89cd06ae,complete,codex:rollout-2026-07-16T18-41-23-019f6dbc-45bd-72c1-9f1e-852ffdb48503:2823,codex:rollout-2026-07-16T18-41-23-019f6dbc-45bd-72c1-9f1e-852ffdb48503:2827,64817,64821,4,98962,1,2,2,0,0,1
ActPlane,3dae89cd06ae,complete,codex:rollout-2026-07-16T18-41-23-019f6dbc-45bd-72c1-9f1e-852ffdb48503:2827,codex:rollout-2026-07-16T18-41-23-019f6dbc-45bd-72c1-9f1e-852ffdb48503:2856,64821,64850,29,803953,1,7,3,0,0,1
ActPlane,3dae89cd06ae,complete,codex:rollout-2026-07-16T18-41-23-019f6dbc-45bd-72c1-9f1e-852ffdb48503:2856,codex:rollout-2026-07-16T18-41-23-019f6dbc-45bd-72c1-9f1e-852ffdb48503:2871,64850,64865,15,381552,1,2,2,0,0,1
ActPlane,3dae89cd06ae,complete,codex:rollout-2026-07-16T18-41-23-019f6dbc-45bd-72c1-9f1e-852ffdb48503:2871,codex:rollout-2026-07-16T18-41-23-019f6dbc-45bd-72c1-9f1e-852ffdb48503:2902,64865,64896,31,851503,1,15,6,0,0,0
ActPlane,3dae89cd06ae,complete,codex:rollout-2026-07-16T18-41-23-019f6dbc-45bd-72c1-9f1e-852ffdb48503:2902,codex:rollout-2026-07-16T18-41-23-019f6dbc-45bd-72c1-9f1e-852ffdb48503:2903,64896,64897,1,15657,1,0,0,0,0,1
ActPlane,3dae89cd06ae,complete,codex:rollout-2026-07-16T18-41-23-019f6dbc-45bd-72c1-9f1e-852ffdb48503:2903,codex:rollout-2026-07-16T18-41-23-019f6dbc-45bd-72c1-9f1e-852ffdb48503:2927,64897,64921,24,783821,1,16,7,0,0,1
ActPlane,3dae89cd06ae,complete,codex:rollout-2026-07-16T18-41-23-019f6dbc-45bd-72c1-9f1e-852ffdb48503:2927,codex:rollout-2026-07-16T18-41-23-019f6dbc-45bd-72c1-9f1e-852ffdb48503:2938,64921,64932,11,346304,1,2,2,0,0,0
ActPlane,3dae89cd06ae,complete,codex:rollout-2026-07-16T18-41-23-019f6dbc-45bd-72c1-9f1e-852ffdb48503:2938,codex:rollout-2026-07-16T18-41-23-019f6dbc-45bd-72c1-9f1e-852ffdb48503:3001,64932,65046,114,1367331,3,8,5,0,0,1
ActPlane,3dae89cd06ae,complete,codex:rollout-2026-07-16T18-41-23-019f6dbc-45bd-72c1-9f1e-852ffdb48503:3001,codex:rollout-2026-07-16T18-41-23-019f6dbc-45bd-72c1-9f1e-852ffdb48503:3003,65046,65048,2,42415,1,0,0,0,0,0
ActPlane,3dae89cd06ae,complete,codex:rollout-2026-07-16T18-41-23-019f6dbc-45bd-72c1-9f1e-852ffdb48503:3003,codex:rollout-2026-07-16T18-41-23-019f6dbc-45bd-72c1-9f1e-852ffdb48503:3023,65048,65068,20,391244,1,1,1,0,0,0
ActPlane,3dae89cd06ae,complete,codex:rollout-2026-07-16T18-41-23-019f6dbc-45bd-72c1-9f1e-852ffdb48503:3023,codex:rollout-2026-07-17T23-40-41-019f73f4-a73d-7de1-bdc0-d1ed91786cfc:42,65068,65136,68,593588,3,0,0,0,0,0
ActPlane,3dae89cd06ae,complete,codex:rollout-2026-07-17T23-40-41-019f73f4-a73d-7de1-bdc0-d1ed91786cfc:42,codex:rollout-2026-07-16T18-41-23-019f6dbc-45bd-72c1-9f1e-852ffdb48503:3091,65136,65184,48,591587,2,4,4,0,0,1
ActPlane,3dae89cd06ae,complete,codex:rollout-2026-07-16T18-41-23-019f6dbc-45bd-72c1-9f1e-852ffdb48503:3091,claude:94fdeb3f-d613-483e-9757-3e800a471e06:22,65184,65248,64,496942,3,4,4,0,0,0
ActPlane,3dae89cd06ae,complete,claude:94fdeb3f-d613-483e-9757-3e800a471e06:22,claude:94fdeb3f-d613-483e-9757-3e800a471e06:23,65248,65249,1,631,1,0,0,0,0,0
ActPlane,3dae89cd06ae,complete,claude:94fdeb3f-d613-483e-9757-3e800a471e06:23,claude:94fdeb3f-d613-483e-9757-3e800a471e06:28,65249,65254,5,75068,1,2,2,0,0,0
ActPlane,3dae89cd06ae,complete,claude:94fdeb3f-d613-483e-9757-3e800a471e06:28,codex:rollout-2026-07-16T18-41-23-019f6dbc-45bd-72c1-9f1e-852ffdb48503:3126,65254,65261,7,138097,2,2,2,0,0,1
ActPlane,3dae89cd06ae,right_censored,codex:rollout-2026-07-16T18-41-23-019f6dbc-45bd-72c1-9f1e-852ffdb48503:3126,codex:rollout-2026-07-16T18-41-23-019f6dbc-45bd-72c1-9f1e-852ffdb48503:3207,65261,65371,110,3945300,4,2,2,0,0,0
ActPlane,8cdcec3acc9e,left_censored,claude:agent-a32ae6d0a8dbd25db:0,claude:agent-a32ae6d0a8dbd25db:91,1,92,92,421110,1,58,20,0,0,0
ActPlane,8cdcec3acc9e,right_censored,claude:agent-a32ae6d0a8dbd25db:91,claude:agent-a32ae6d0a8dbd25db:101,92,102,10,43422,1,2,2,0,0,0
bpf-developer-tutorial,a192f642f3ee,no_success_observed,gemini:session-2026-01-11T09-49-bc17b2e8:0,claude:26798317-6524-4c1d-8166-50769e99111f:117,1,1664,1664,16570476564,48,283,32,0,0,0
bpf-developer-tutorial,b447bbe99f61,no_success_observed,claude:1afff652-6c39-4e18-8d53-d9ac2bb0e43b:0,gemini:session-2026-07-22T07-30-8ab61dde:31,1,179,179,11261138,9,0,0,0,0,0
bpf-developer-tutorial,d325e701d7b6,no_success_observed,gemini:session-2026-07-22T07-49-b819aa25:0,gemini:session-2026-07-22T07-49-b819aa25:21,1,22,22,122200,1,0,0,0,0,0
eunomia.dev,30e8a01e495d,left_censored,codex:rollout-2026-03-06T12-22-44-019cc4d1-1c15-7d02-a62e-59cfa6322817:0,codex:rollout-2026-05-21T16-32-28-019e4ce2-21f8-7ab0-8014-6b315b025aa7:1333,1,1728,1728,6657240552,9,7,6,0,10,0
eunomia.dev,30e8a01e495d,complete,codex:rollout-2026-05-21T16-32-28-019e4ce2-21f8-7ab0-8014-6b315b025aa7:1333,codex:rollout-2026-05-21T16-32-28-019e4ce2-21f8-7ab0-8014-6b315b025aa7:1551,1728,1946,218,3904482,1,0,0,0,4,0
eunomia.dev,30e8a01e495d,complete,codex:rollout-2026-05-21T16-32-28-019e4ce2-21f8-7ab0-8014-6b315b025aa7:1551,codex:rollout-2026-05-22T19-21-23-019e52a3-21e1-74c0-9590-09ede0928551:656,1946,3572,1626,23823096,2,0,0,0,33,0
eunomia.dev,30e8a01e495d,complete,codex:rollout-2026-05-22T19-21-23-019e52a3-21e1-74c0-9590-09ede0928551:656,codex:rollout-2026-05-23T17-26-15-019e5760-16ea-74e1-a263-2fad0f3e9385:831,3572,4887,1315,86592816,3,0,0,0,27,0
eunomia.dev,30e8a01e495d,complete,codex:rollout-2026-05-23T17-26-15-019e5760-16ea-74e1-a263-2fad0f3e9385:831,codex:rollout-2026-07-10T23-18-14-019f4fd3-9535-7c11-9773-2e3b79e57a83:64,4887,6117,1230,4152399119,10,27,19,0,9,0
eunomia.dev,30e8a01e495d,complete,codex:rollout-2026-07-10T23-18-14-019f4fd3-9535-7c11-9773-2e3b79e57a83:64,codex:rollout-2026-07-12T02-38-15-019f55b1-10c2-7121-9230-8f85688b09cf:10,6117,6435,318,96810542,3,32,17,0,3,0
eunomia.dev,30e8a01e495d,right_censored,codex:rollout-2026-07-12T02-38-15-019f55b1-10c2-7121-9230-8f85688b09cf:10,codex:rollout-2026-07-18T21-49-07-019f78b4-e182-7af3-990d-919173e3fe24:1381,6435,10193,3758,859158408,27,103,17,0,1,0
eunomia.dev,da5c4a85644b,no_success_observed,codex:rollout-2026-07-18T21-49-07-019f78b4-e182-7af3-990d-919173e3fe24:645,codex:rollout-2026-07-18T21-49-07-019f78b4-e182-7af3-990d-919173e3fe24:645,1,1,1,0,1,1,1,0,0,0
agentskill-observability-paper,4cfc7c676cf9,no_success_observed,claude:c1b3765c-1398-44ff-8649-bf1f9784e38b:0,claude:c28a3fba-233a-45d9-9a21-1fce0ebc8cc4:10,1,991,991,12316767,36,196,21,0,0,0
academic-writing-skills,4725c74bf420,no_success_observed,claude:0dc25b6c-b2a5-43fe-bd7c-21d9372355bd:0,claude:84ce8ab7-c3d6-4d6d-9e0e-52cfb62c97b1:15,1,658,658,2803630081,20,251,22,0,0,0
