project,worktree_id,previous_component,next_component,event_id,event_index,prefix_class
agentsight,e58fce112c6e,4,5,codex:rollout-2026-06-02T11-20-36-019e8990-ece7-70d0-b469-b8d10527ef86:0,3151,no_resolved_path
agentsight,e58fce112c6e,4,5,codex:rollout-2026-06-02T11-20-36-019e8990-ece7-70d0-b469-b8d10527ef86:1,3152,no_resolved_path
agentsight,e58fce112c6e,4,5,codex:rollout-2026-06-02T11-20-36-019e8990-ece7-70d0-b469-b8d10527ef86:2,3153,no_resolved_path
agentsight,e58fce112c6e,4,5,codex:rollout-2026-06-02T11-20-36-019e8990-ece7-70d0-b469-b8d10527ef86:3,3154,predecessor_artifact
agentsight,e58fce112c6e,4,5,codex:rollout-2026-06-02T11-20-36-019e8990-ece7-70d0-b469-b8d10527ef86:4,3155,predecessor_artifact
agentsight,e58fce112c6e,4,5,codex:rollout-2026-06-02T11-20-36-019e8990-ece7-70d0-b469-b8d10527ef86:5,3156,predecessor_artifact
agentsight,e58fce112c6e,4,5,codex:rollout-2026-06-02T11-20-36-019e8990-ece7-70d0-b469-b8d10527ef86:6,3157,predecessor_module
agentsight,e58fce112c6e,4,5,codex:rollout-2026-06-02T11-20-36-019e8990-ece7-70d0-b469-b8d10527ef86:7,3158,predecessor_artifact
agentsight,e58fce112c6e,4,5,codex:rollout-2026-06-02T11-20-36-019e8990-ece7-70d0-b469-b8d10527ef86:8,3159,predecessor_module
agentsight,e58fce112c6e,4,5,codex:rollout-2026-06-02T11-20-36-019e8990-ece7-70d0-b469-b8d10527ef86:10,3160,predecessor_module
agentsight,e58fce112c6e,4,5,codex:rollout-2026-06-02T11-20-36-019e8990-ece7-70d0-b469-b8d10527ef86:9,3161,predecessor_module
agentsight,e58fce112c6e,4,5,codex:rollout-2026-06-02T11-20-36-019e8990-ece7-70d0-b469-b8d10527ef86:11,3162,predecessor_artifact
agentsight,e58fce112c6e,4,5,codex:rollout-2026-06-02T11-20-36-019e8990-ece7-70d0-b469-b8d10527ef86:12,3163,predecessor_artifact
agentsight,e58fce112c6e,4,5,codex:rollout-2026-06-02T11-20-36-019e8990-ece7-70d0-b469-b8d10527ef86:13,3164,predecessor_module
agentsight,e58fce112c6e,4,5,codex:rollout-2026-06-02T11-20-36-019e8990-ece7-70d0-b469-b8d10527ef86:14,3165,predecessor_module
agentsight,e58fce112c6e,4,5,codex:rollout-2026-06-02T11-20-36-019e8990-ece7-70d0-b469-b8d10527ef86:15,3166,predecessor_artifact
agentsight,e58fce112c6e,4,5,codex:rollout-2026-06-02T11-20-36-019e8990-ece7-70d0-b469-b8d10527ef86:16,3167,predecessor_module
agentsight,e58fce112c6e,4,5,codex:rollout-2026-06-02T11-20-36-019e8990-ece7-70d0-b469-b8d10527ef86:17,3168,predecessor_module
agentsight,e58fce112c6e,4,5,codex:rollout-2026-06-02T11-20-36-019e8990-ece7-70d0-b469-b8d10527ef86:18,3169,predecessor_artifact
agentsight,e58fce112c6e,4,5,codex:rollout-2026-06-02T11-20-36-019e8990-ece7-70d0-b469-b8d10527ef86:19,3170,predecessor_module
agentsight,e58fce112c6e,4,5,codex:rollout-2026-06-02T11-20-36-019e8990-ece7-70d0-b469-b8d10527ef86:20,3171,predecessor_module
agentsight,e58fce112c6e,4,5,codex:rollout-2026-06-02T11-20-36-019e8990-ece7-70d0-b469-b8d10527ef86:21,3172,predecessor_module
agentsight,e58fce112c6e,4,5,codex:rollout-2026-06-02T11-20-36-019e8990-ece7-70d0-b469-b8d10527ef86:22,3173,predecessor_module
agentsight,e58fce112c6e,4,5,codex:rollout-2026-06-02T11-20-36-019e8990-ece7-70d0-b469-b8d10527ef86:23,3174,predecessor_module
agentsight,e58fce112c6e,4,5,codex:rollout-2026-06-02T11-20-36-019e8990-ece7-70d0-b469-b8d10527ef86:24,3175,predecessor_module
agentsight,e58fce112c6e,4,5,codex:rollout-2026-06-02T11-20-36-019e8990-ece7-70d0-b469-b8d10527ef86:25,3176,predecessor_module
agentsight,e58fce112c6e,4,5,codex:rollout-2026-06-02T11-20-36-019e8990-ece7-70d0-b469-b8d10527ef86:26,3177,no_resolved_path
agentsight,e58fce112c6e,4,5,codex:rollout-2026-06-02T11-20-36-019e8990-ece7-70d0-b469-b8d10527ef86:27,3178,predecessor_artifact
agentsight,e58fce112c6e,4,5,codex:rollout-2026-06-02T11-20-36-019e8990-ece7-70d0-b469-b8d10527ef86:28,3179,predecessor_artifact
agentsight,e58fce112c6e,4,5,codex:rollout-2026-06-02T11-20-36-019e8990-ece7-70d0-b469-b8d10527ef86:29,3180,predecessor_module
agentsight,e58fce112c6e,4,5,codex:rollout-2026-06-02T11-20-36-019e8990-ece7-70d0-b469-b8d10527ef86:30,3181,predecessor_artifact
agentsight,e58fce112c6e,4,5,codex:rollout-2026-06-02T11-20-36-019e8990-ece7-70d0-b469-b8d10527ef86:31,3182,predecessor_artifact
agentsight,e58fce112c6e,4,5,codex:rollout-2026-06-02T11-20-36-019e8990-ece7-70d0-b469-b8d10527ef86:32,3183,predecessor_module
agentsight,e58fce112c6e,4,5,codex:rollout-2026-06-02T11-20-36-019e8990-ece7-70d0-b469-b8d10527ef86:33,3184,predecessor_artifact
agentsight,e58fce112c6e,4,5,codex:rollout-2026-06-02T11-20-36-019e8990-ece7-70d0-b469-b8d10527ef86:34,3185,predecessor_module
agentsight,e58fce112c6e,4,5,codex:rollout-2026-06-02T11-20-36-019e8990-ece7-70d0-b469-b8d10527ef86:35,3186,predecessor_module
agentsight,e58fce112c6e,4,5,codex:rollout-2026-06-02T11-20-36-019e8990-ece7-70d0-b469-b8d10527ef86:36,3187,predecessor_module
agentsight,e58fce112c6e,4,5,codex:rollout-2026-06-02T11-20-36-019e8990-ece7-70d0-b469-b8d10527ef86:37,3188,predecessor_module
agentsight,e58fce112c6e,4,5,codex:rollout-2026-06-02T11-20-36-019e8990-ece7-70d0-b469-b8d10527ef86:38,3189,predecessor_module
agentsight,e58fce112c6e,4,5,codex:rollout-2026-06-02T11-20-36-019e8990-ece7-70d0-b469-b8d10527ef86:39,3190,predecessor_module
agentsight,e58fce112c6e,4,5,codex:rollout-2026-06-02T11-20-36-019e8990-ece7-70d0-b469-b8d10527ef86:40,3191,predecessor_module
agentsight,e58fce112c6e,4,5,codex:rollout-2026-06-02T11-20-36-019e8990-ece7-70d0-b469-b8d10527ef86:41,3192,predecessor_module
agentsight,e58fce112c6e,4,5,codex:rollout-2026-06-02T11-20-36-019e8990-ece7-70d0-b469-b8d10527ef86:42,3193,predecessor_module
agentsight,e58fce112c6e,4,5,codex:rollout-2026-06-02T11-20-36-019e8990-ece7-70d0-b469-b8d10527ef86:43,3194,predecessor_artifact
agentsight,e58fce112c6e,4,5,codex:rollout-2026-06-02T11-20-36-019e8990-ece7-70d0-b469-b8d10527ef86:44,3195,predecessor_artifact
agentsight,e58fce112c6e,4,5,codex:rollout-2026-06-02T11-20-36-019e8990-ece7-70d0-b469-b8d10527ef86:45,3196,predecessor_artifact
agentsight,e58fce112c6e,4,5,codex:rollout-2026-06-02T11-20-36-019e8990-ece7-70d0-b469-b8d10527ef86:46,3197,predecessor_artifact
agentsight,e58fce112c6e,4,5,codex:rollout-2026-06-02T11-20-36-019e8990-ece7-70d0-b469-b8d10527ef86:47,3198,predecessor_artifact
agentsight,e58fce112c6e,4,5,codex:rollout-2026-06-02T11-20-36-019e8990-ece7-70d0-b469-b8d10527ef86:48,3199,predecessor_artifact
agentsight,e58fce112c6e,4,5,codex:rollout-2026-06-02T11-20-36-019e8990-ece7-70d0-b469-b8d10527ef86:49,3200,no_resolved_path
agentsight,e58fce112c6e,4,5,codex:rollout-2026-06-02T11-20-36-019e8990-ece7-70d0-b469-b8d10527ef86:50,3201,no_resolved_path
agentsight,e58fce112c6e,4,5,codex:rollout-2026-06-02T11-20-36-019e8990-ece7-70d0-b469-b8d10527ef86:51,3202,predecessor_module
agentsight,e58fce112c6e,4,5,codex:rollout-2026-06-02T11-20-36-019e8990-ece7-70d0-b469-b8d10527ef86:52,3203,predecessor_module
agentsight,e58fce112c6e,4,5,codex:rollout-2026-06-02T11-20-36-019e8990-ece7-70d0-b469-b8d10527ef86:53,3204,predecessor_artifact
agentsight,e58fce112c6e,4,5,codex:rollout-2026-06-02T11-20-36-019e8990-ece7-70d0-b469-b8d10527ef86:54,3205,no_resolved_path
agentsight,e58fce112c6e,4,5,codex:rollout-2026-06-02T11-20-36-019e8990-ece7-70d0-b469-b8d10527ef86:55,3206,no_resolved_path
agentsight,e58fce112c6e,4,5,codex:rollout-2026-06-02T11-20-36-019e8990-ece7-70d0-b469-b8d10527ef86:56,3207,no_resolved_path
agentsight,e58fce112c6e,4,5,codex:rollout-2026-06-02T11-20-36-019e8990-ece7-70d0-b469-b8d10527ef86:57,3208,predecessor_artifact
agentsight,e58fce112c6e,4,5,codex:rollout-2026-06-02T11-20-36-019e8990-ece7-70d0-b469-b8d10527ef86:58,3209,predecessor_artifact
agentsight,e58fce112c6e,4,5,codex:rollout-2026-06-02T11-20-36-019e8990-ece7-70d0-b469-b8d10527ef86:59,3210,predecessor_artifact
agentsight,e58fce112c6e,4,5,codex:rollout-2026-06-02T11-20-36-019e8990-ece7-70d0-b469-b8d10527ef86:60,3211,predecessor_module
agentsight,e58fce112c6e,4,5,codex:rollout-2026-06-02T11-20-36-019e8990-ece7-70d0-b469-b8d10527ef86:61,3212,predecessor_module
agentsight,e58fce112c6e,4,5,codex:rollout-2026-06-02T11-20-36-019e8990-ece7-70d0-b469-b8d10527ef86:62,3213,predecessor_artifact
agentsight,e58fce112c6e,4,5,codex:rollout-2026-06-02T11-20-36-019e8990-ece7-70d0-b469-b8d10527ef86:63,3214,predecessor_artifact
agentsight,e58fce112c6e,4,5,codex:rollout-2026-06-02T11-20-36-019e8990-ece7-70d0-b469-b8d10527ef86:64,3215,predecessor_module
agentsight,e58fce112c6e,4,5,codex:rollout-2026-06-02T11-20-36-019e8990-ece7-70d0-b469-b8d10527ef86:65,3216,predecessor_module
agentsight,e58fce112c6e,4,5,codex:rollout-2026-06-02T11-20-36-019e8990-ece7-70d0-b469-b8d10527ef86:66,3217,predecessor_module
agentsight,e58fce112c6e,4,5,codex:rollout-2026-06-02T11-20-36-019e8990-ece7-70d0-b469-b8d10527ef86:67,3218,no_resolved_path
agentsight,e58fce112c6e,4,5,codex:rollout-2026-06-02T11-20-36-019e8990-ece7-70d0-b469-b8d10527ef86:68,3219,no_resolved_path
agentsight,e58fce112c6e,4,5,codex:rollout-2026-06-02T11-20-36-019e8990-ece7-70d0-b469-b8d10527ef86:69,3220,no_resolved_path
agentsight,e58fce112c6e,4,5,codex:rollout-2026-06-02T11-20-36-019e8990-ece7-70d0-b469-b8d10527ef86:70,3221,no_resolved_path
agentsight,e58fce112c6e,4,5,codex:rollout-2026-06-02T11-20-36-019e8990-ece7-70d0-b469-b8d10527ef86:71,3222,predecessor_artifact
agentsight,e58fce112c6e,4,5,codex:rollout-2026-06-02T11-20-36-019e8990-ece7-70d0-b469-b8d10527ef86:72,3223,predecessor_artifact
agentsight,e58fce112c6e,4,5,codex:rollout-2026-06-02T11-20-36-019e8990-ece7-70d0-b469-b8d10527ef86:73,3224,predecessor_artifact
agentsight,e58fce112c6e,4,5,codex:rollout-2026-06-02T11-20-36-019e8990-ece7-70d0-b469-b8d10527ef86:74,3225,predecessor_artifact
agentsight,e58fce112c6e,4,5,codex:rollout-2026-06-02T11-20-36-019e8990-ece7-70d0-b469-b8d10527ef86:75,3226,predecessor_artifact
agentsight,e58fce112c6e,4,5,codex:rollout-2026-06-02T11-20-36-019e8990-ece7-70d0-b469-b8d10527ef86:76,3227,predecessor_artifact
agentsight,e58fce112c6e,4,5,codex:rollout-2026-06-02T11-20-36-019e8990-ece7-70d0-b469-b8d10527ef86:77,3228,no_resolved_path
agentsight,e58fce112c6e,4,5,codex:rollout-2026-06-02T11-20-36-019e8990-ece7-70d0-b469-b8d10527ef86:78,3229,predecessor_artifact
agentsight,e58fce112c6e,4,5,codex:rollout-2026-06-02T11-20-36-019e8990-ece7-70d0-b469-b8d10527ef86:79,3230,no_resolved_path
agentsight,e58fce112c6e,4,5,codex:rollout-2026-06-02T11-20-36-019e8990-ece7-70d0-b469-b8d10527ef86:80,3231,predecessor_artifact
agentsight,e58fce112c6e,4,5,codex:rollout-2026-06-02T11-20-36-019e8990-ece7-70d0-b469-b8d10527ef86:81,3232,predecessor_artifact
agentsight,e58fce112c6e,4,5,codex:rollout-2026-06-02T11-20-36-019e8990-ece7-70d0-b469-b8d10527ef86:82,3233,predecessor_artifact
agentsight,e58fce112c6e,4,5,codex:rollout-2026-06-02T11-20-36-019e8990-ece7-70d0-b469-b8d10527ef86:83,3234,predecessor_artifact
agentsight,e58fce112c6e,4,5,codex:rollout-2026-06-02T11-20-36-019e8990-ece7-70d0-b469-b8d10527ef86:84,3235,predecessor_artifact
agentsight,e58fce112c6e,4,5,codex:rollout-2026-06-02T11-20-36-019e8990-ece7-70d0-b469-b8d10527ef86:85,3236,predecessor_artifact
agentsight,e58fce112c6e,4,5,codex:rollout-2026-06-02T11-20-36-019e8990-ece7-70d0-b469-b8d10527ef86:86,3237,no_resolved_path
agentsight,e58fce112c6e,4,5,codex:rollout-2026-06-02T11-20-36-019e8990-ece7-70d0-b469-b8d10527ef86:87,3238,no_resolved_path
agentsight,e58fce112c6e,4,5,codex:rollout-2026-06-02T11-33-47-019e899c-fc11-7d20-bc8d-8706747e90ab:0,3239,predecessor_module
agentsight,e58fce112c6e,4,5,codex:rollout-2026-06-02T11-33-47-019e899c-fc11-7d20-bc8d-8706747e90ab:1,3240,predecessor_module
agentsight,e58fce112c6e,4,5,codex:rollout-2026-06-02T11-33-47-019e899c-fc11-7d20-bc8d-8706747e90ab:2,3241,predecessor_module
agentsight,e58fce112c6e,4,5,codex:rollout-2026-06-02T11-33-47-019e899c-fc11-7d20-bc8d-8706747e90ab:3,3242,predecessor_module
agentsight,e58fce112c6e,4,5,codex:rollout-2026-06-02T11-20-36-019e8990-ece7-70d0-b469-b8d10527ef86:88,3243,predecessor_artifact
agentsight,e58fce112c6e,4,5,codex:rollout-2026-06-02T11-20-36-019e8990-ece7-70d0-b469-b8d10527ef86:89,3244,predecessor_module
agentsight,e58fce112c6e,4,5,codex:rollout-2026-06-02T11-20-36-019e8990-ece7-70d0-b469-b8d10527ef86:90,3245,no_resolved_path
agentsight,e58fce112c6e,4,5,codex:rollout-2026-06-02T11-20-36-019e8990-ece7-70d0-b469-b8d10527ef86:91,3246,no_resolved_path
agentsight,e58fce112c6e,4,5,codex:rollout-2026-06-02T11-20-36-019e8990-ece7-70d0-b469-b8d10527ef86:92,3247,no_resolved_path
agentsight,e58fce112c6e,4,5,codex:rollout-2026-06-02T11-33-47-019e899c-fc11-7d20-bc8d-8706747e90ab:4,3248,no_resolved_path
agentsight,e58fce112c6e,4,5,codex:rollout-2026-06-02T11-33-47-019e899c-fc11-7d20-bc8d-8706747e90ab:5,3249,predecessor_module
agentsight,e58fce112c6e,4,5,codex:rollout-2026-06-02T11-33-47-019e899c-fc11-7d20-bc8d-8706747e90ab:6,3250,predecessor_module
agentsight,e58fce112c6e,4,5,codex:rollout-2026-06-02T11-33-47-019e899c-fc11-7d20-bc8d-8706747e90ab:7,3251,predecessor_module
agentsight,e58fce112c6e,5,6,codex:rollout-2026-06-03T17-42-04-019e9014-8640-79d3-a482-8cf585a5c3db:0,9564,no_resolved_path
agentsight,e58fce112c6e,5,6,codex:rollout-2026-06-03T17-42-04-019e9014-8640-79d3-a482-8cf585a5c3db:1,9565,no_resolved_path
agentsight,e58fce112c6e,5,6,codex:rollout-2026-06-03T17-42-04-019e9014-8640-79d3-a482-8cf585a5c3db:2,9566,no_resolved_path
agentsight,e58fce112c6e,5,6,codex:rollout-2026-06-03T17-42-04-019e9014-8640-79d3-a482-8cf585a5c3db:3,9567,predecessor_artifact
agentsight,e58fce112c6e,5,6,codex:rollout-2026-06-03T17-42-04-019e9014-8640-79d3-a482-8cf585a5c3db:4,9568,predecessor_artifact
agentsight,e58fce112c6e,5,6,codex:rollout-2026-06-03T17-42-04-019e9014-8640-79d3-a482-8cf585a5c3db:5,9569,no_resolved_path
agentsight,e58fce112c6e,5,6,codex:rollout-2026-06-03T17-42-04-019e9014-8640-79d3-a482-8cf585a5c3db:6,9570,no_resolved_path
agentsight,e58fce112c6e,5,6,codex:rollout-2026-06-03T17-42-04-019e9014-8640-79d3-a482-8cf585a5c3db:7,9571,no_resolved_path
agentsight,e58fce112c6e,5,6,codex:rollout-2026-06-03T17-42-04-019e9014-8640-79d3-a482-8cf585a5c3db:8,9572,no_resolved_path
agentsight,e58fce112c6e,5,6,codex:rollout-2026-06-03T17-42-04-019e9014-8640-79d3-a482-8cf585a5c3db:9,9573,no_resolved_path
agentsight,e58fce112c6e,5,6,codex:rollout-2026-06-03T17-42-04-019e9014-8640-79d3-a482-8cf585a5c3db:10,9574,predecessor_artifact
agentsight,e58fce112c6e,5,6,codex:rollout-2026-06-03T17-42-04-019e9014-8640-79d3-a482-8cf585a5c3db:11,9575,predecessor_artifact
agentsight,e58fce112c6e,5,6,codex:rollout-2026-06-03T17-42-04-019e9014-8640-79d3-a482-8cf585a5c3db:12,9576,predecessor_artifact
agentsight,e58fce112c6e,5,6,codex:rollout-2026-06-03T17-42-04-019e9014-8640-79d3-a482-8cf585a5c3db:13,9577,predecessor_artifact
agentsight,e58fce112c6e,5,6,codex:rollout-2026-06-03T17-42-04-019e9014-8640-79d3-a482-8cf585a5c3db:14,9578,predecessor_artifact
agentsight,e58fce112c6e,5,6,codex:rollout-2026-06-03T17-42-04-019e9014-8640-79d3-a482-8cf585a5c3db:15,9579,predecessor_artifact
agentsight,e58fce112c6e,5,6,codex:rollout-2026-06-03T17-42-04-019e9014-8640-79d3-a482-8cf585a5c3db:16,9580,predecessor_artifact
agentsight,e58fce112c6e,5,6,codex:rollout-2026-06-03T17-42-04-019e9014-8640-79d3-a482-8cf585a5c3db:17,9581,predecessor_artifact
agentsight,e58fce112c6e,5,6,codex:rollout-2026-06-03T17-42-04-019e9014-8640-79d3-a482-8cf585a5c3db:18,9582,predecessor_artifact
agentsight,e58fce112c6e,5,6,codex:rollout-2026-06-03T17-42-04-019e9014-8640-79d3-a482-8cf585a5c3db:19,9583,predecessor_artifact
agentsight,e58fce112c6e,5,6,codex:rollout-2026-06-03T17-42-04-019e9014-8640-79d3-a482-8cf585a5c3db:20,9584,predecessor_artifact
agentsight,e58fce112c6e,5,6,codex:rollout-2026-06-03T17-42-04-019e9014-8640-79d3-a482-8cf585a5c3db:21,9585,predecessor_artifact
agentsight,e58fce112c6e,5,6,codex:rollout-2026-06-03T17-42-04-019e9014-8640-79d3-a482-8cf585a5c3db:22,9586,predecessor_artifact
agentsight,e58fce112c6e,5,6,codex:rollout-2026-06-03T17-42-04-019e9014-8640-79d3-a482-8cf585a5c3db:23,9587,predecessor_artifact
agentsight,e58fce112c6e,5,6,codex:rollout-2026-06-03T17-42-04-019e9014-8640-79d3-a482-8cf585a5c3db:24,9588,predecessor_artifact
agentsight,e58fce112c6e,5,6,codex:rollout-2026-06-03T17-42-04-019e9014-8640-79d3-a482-8cf585a5c3db:25,9589,predecessor_artifact
agentsight,e58fce112c6e,5,6,codex:rollout-2026-06-03T17-42-04-019e9014-8640-79d3-a482-8cf585a5c3db:26,9590,predecessor_artifact
agentsight,e58fce112c6e,5,6,codex:rollout-2026-06-03T17-42-04-019e9014-8640-79d3-a482-8cf585a5c3db:27,9591,predecessor_artifact
agentsight,e58fce112c6e,5,6,codex:rollout-2026-06-03T17-42-04-019e9014-8640-79d3-a482-8cf585a5c3db:28,9592,predecessor_artifact
agentsight,e58fce112c6e,5,6,codex:rollout-2026-06-03T17-42-04-019e9014-8640-79d3-a482-8cf585a5c3db:29,9593,predecessor_artifact
agentsight,e58fce112c6e,5,6,codex:rollout-2026-06-03T17-42-04-019e9014-8640-79d3-a482-8cf585a5c3db:30,9594,predecessor_artifact
agentsight,e58fce112c6e,5,6,codex:rollout-2026-06-03T17-42-04-019e9014-8640-79d3-a482-8cf585a5c3db:31,9595,predecessor_artifact
agentsight,e58fce112c6e,5,6,codex:rollout-2026-06-03T17-42-04-019e9014-8640-79d3-a482-8cf585a5c3db:32,9596,predecessor_artifact
agentsight,e58fce112c6e,5,6,codex:rollout-2026-06-03T17-42-04-019e9014-8640-79d3-a482-8cf585a5c3db:33,9597,predecessor_artifact
agentsight,e58fce112c6e,5,6,codex:rollout-2026-06-03T17-42-04-019e9014-8640-79d3-a482-8cf585a5c3db:34,9598,predecessor_artifact
agentsight,e58fce112c6e,5,6,codex:rollout-2026-06-03T17-42-04-019e9014-8640-79d3-a482-8cf585a5c3db:35,9599,no_resolved_path
agentsight,e58fce112c6e,5,6,codex:rollout-2026-06-03T17-42-04-019e9014-8640-79d3-a482-8cf585a5c3db:36,9600,predecessor_module
agentsight,e58fce112c6e,5,6,codex:rollout-2026-06-03T17-42-04-019e9014-8640-79d3-a482-8cf585a5c3db:37,9601,predecessor_artifact
agentsight,e58fce112c6e,5,6,codex:rollout-2026-06-03T17-42-04-019e9014-8640-79d3-a482-8cf585a5c3db:38,9602,predecessor_artifact
agentsight,e58fce112c6e,5,6,codex:rollout-2026-06-03T17-42-04-019e9014-8640-79d3-a482-8cf585a5c3db:39,9603,no_resolved_path
agentsight,e58fce112c6e,5,6,codex:rollout-2026-06-03T17-42-04-019e9014-8640-79d3-a482-8cf585a5c3db:40,9604,predecessor_artifact
agentsight,e58fce112c6e,5,6,codex:rollout-2026-06-03T17-42-04-019e9014-8640-79d3-a482-8cf585a5c3db:41,9605,predecessor_artifact
agentsight,e58fce112c6e,5,6,codex:rollout-2026-06-03T17-42-04-019e9014-8640-79d3-a482-8cf585a5c3db:42,9606,predecessor_artifact
agentsight,e58fce112c6e,5,6,codex:rollout-2026-06-03T17-42-04-019e9014-8640-79d3-a482-8cf585a5c3db:43,9607,predecessor_artifact
agentsight,e58fce112c6e,5,6,codex:rollout-2026-06-03T17-42-04-019e9014-8640-79d3-a482-8cf585a5c3db:44,9608,predecessor_artifact
agentsight,e58fce112c6e,5,6,codex:rollout-2026-06-03T17-42-04-019e9014-8640-79d3-a482-8cf585a5c3db:45,9609,predecessor_artifact
agentsight,e58fce112c6e,5,6,codex:rollout-2026-06-03T17-42-04-019e9014-8640-79d3-a482-8cf585a5c3db:46,9610,predecessor_artifact
agentsight,e58fce112c6e,5,6,codex:rollout-2026-06-03T17-42-04-019e9014-8640-79d3-a482-8cf585a5c3db:47,9611,predecessor_artifact
agentsight,e58fce112c6e,5,6,codex:rollout-2026-06-03T17-42-04-019e9014-8640-79d3-a482-8cf585a5c3db:48,9612,predecessor_artifact
agentsight,e58fce112c6e,5,6,codex:rollout-2026-06-03T17-42-04-019e9014-8640-79d3-a482-8cf585a5c3db:49,9613,predecessor_artifact
agentsight,e58fce112c6e,5,6,codex:rollout-2026-06-03T17-42-04-019e9014-8640-79d3-a482-8cf585a5c3db:50,9614,predecessor_artifact
agentsight,e58fce112c6e,5,6,codex:rollout-2026-06-03T17-42-04-019e9014-8640-79d3-a482-8cf585a5c3db:51,9615,predecessor_artifact
agentsight,e58fce112c6e,5,6,codex:rollout-2026-06-03T17-42-04-019e9014-8640-79d3-a482-8cf585a5c3db:52,9616,predecessor_module
agentsight,e58fce112c6e,5,6,codex:rollout-2026-06-03T17-42-04-019e9014-8640-79d3-a482-8cf585a5c3db:53,9617,predecessor_artifact
agentsight,e58fce112c6e,5,6,codex:rollout-2026-06-03T17-42-04-019e9014-8640-79d3-a482-8cf585a5c3db:54,9618,predecessor_artifact
agentsight,e58fce112c6e,5,6,codex:rollout-2026-06-03T17-42-04-019e9014-8640-79d3-a482-8cf585a5c3db:55,9619,predecessor_artifact
agentsight,e58fce112c6e,5,6,codex:rollout-2026-06-03T17-42-04-019e9014-8640-79d3-a482-8cf585a5c3db:56,9620,no_resolved_path
agentsight,e58fce112c6e,5,6,codex:rollout-2026-06-03T17-42-04-019e9014-8640-79d3-a482-8cf585a5c3db:57,9621,no_resolved_path
agentsight,e58fce112c6e,5,6,codex:rollout-2026-06-03T17-42-04-019e9014-8640-79d3-a482-8cf585a5c3db:58,9622,predecessor_artifact
agentsight,e58fce112c6e,5,6,codex:rollout-2026-06-03T17-42-04-019e9014-8640-79d3-a482-8cf585a5c3db:59,9623,predecessor_artifact
agentsight,e58fce112c6e,5,6,codex:rollout-2026-06-03T17-42-04-019e9014-8640-79d3-a482-8cf585a5c3db:60,9624,no_resolved_path
agentsight,e58fce112c6e,5,6,codex:rollout-2026-06-03T17-42-04-019e9014-8640-79d3-a482-8cf585a5c3db:61,9625,predecessor_artifact
agentsight,e58fce112c6e,5,6,codex:rollout-2026-06-03T17-42-04-019e9014-8640-79d3-a482-8cf585a5c3db:62,9626,predecessor_artifact
agentsight,e58fce112c6e,5,6,codex:rollout-2026-06-03T17-42-04-019e9014-8640-79d3-a482-8cf585a5c3db:63,9627,predecessor_artifact
agentsight,e58fce112c6e,5,6,codex:rollout-2026-06-03T17-42-04-019e9014-8640-79d3-a482-8cf585a5c3db:64,9628,predecessor_artifact
agentsight,e58fce112c6e,5,6,codex:rollout-2026-06-03T17-42-04-019e9014-8640-79d3-a482-8cf585a5c3db:65,9629,predecessor_artifact
agentsight,e58fce112c6e,5,6,codex:rollout-2026-06-03T17-42-04-019e9014-8640-79d3-a482-8cf585a5c3db:66,9630,predecessor_artifact
agentsight,e58fce112c6e,5,6,codex:rollout-2026-06-03T17-42-04-019e9014-8640-79d3-a482-8cf585a5c3db:67,9631,predecessor_artifact
agentsight,e58fce112c6e,5,6,codex:rollout-2026-06-03T17-42-04-019e9014-8640-79d3-a482-8cf585a5c3db:68,9632,predecessor_artifact
agentsight,e58fce112c6e,5,6,codex:rollout-2026-06-03T17-42-04-019e9014-8640-79d3-a482-8cf585a5c3db:69,9633,predecessor_artifact
agentsight,e58fce112c6e,5,6,codex:rollout-2026-06-03T17-42-04-019e9014-8640-79d3-a482-8cf585a5c3db:70,9634,predecessor_artifact
agentsight,e58fce112c6e,5,6,codex:rollout-2026-06-03T17-42-04-019e9014-8640-79d3-a482-8cf585a5c3db:71,9635,predecessor_artifact
agentsight,e58fce112c6e,5,6,codex:rollout-2026-06-03T17-42-04-019e9014-8640-79d3-a482-8cf585a5c3db:72,9636,predecessor_artifact
agentsight,e58fce112c6e,5,6,codex:rollout-2026-06-03T17-42-04-019e9014-8640-79d3-a482-8cf585a5c3db:73,9637,predecessor_artifact
agentsight,e58fce112c6e,5,6,codex:rollout-2026-06-03T17-42-04-019e9014-8640-79d3-a482-8cf585a5c3db:74,9638,no_resolved_path
agentsight,e58fce112c6e,5,6,codex:rollout-2026-06-03T17-42-04-019e9014-8640-79d3-a482-8cf585a5c3db:75,9639,no_resolved_path
agentsight,e58fce112c6e,5,6,codex:rollout-2026-06-03T17-42-04-019e9014-8640-79d3-a482-8cf585a5c3db:76,9640,no_resolved_path
agentsight,e58fce112c6e,5,6,codex:rollout-2026-06-03T17-42-04-019e9014-8640-79d3-a482-8cf585a5c3db:77,9641,no_resolved_path
agentsight,e58fce112c6e,5,6,codex:rollout-2026-06-03T17-42-04-019e9014-8640-79d3-a482-8cf585a5c3db:78,9642,predecessor_artifact
agentsight,e58fce112c6e,5,6,codex:rollout-2026-06-03T17-42-04-019e9014-8640-79d3-a482-8cf585a5c3db:79,9643,predecessor_artifact
agentsight,e58fce112c6e,5,6,codex:rollout-2026-06-03T17-42-04-019e9014-8640-79d3-a482-8cf585a5c3db:80,9644,predecessor_artifact
agentsight,e58fce112c6e,5,6,codex:rollout-2026-06-03T17-42-04-019e9014-8640-79d3-a482-8cf585a5c3db:81,9645,no_resolved_path
agentsight,e58fce112c6e,5,6,codex:rollout-2026-06-03T17-42-04-019e9014-8640-79d3-a482-8cf585a5c3db:82,9646,predecessor_artifact
agentsight,e58fce112c6e,5,6,codex:rollout-2026-06-03T17-42-04-019e9014-8640-79d3-a482-8cf585a5c3db:83,9647,no_resolved_path
agentsight,e58fce112c6e,5,6,codex:rollout-2026-06-03T17-42-04-019e9014-8640-79d3-a482-8cf585a5c3db:84,9648,predecessor_artifact
agentsight,e58fce112c6e,5,6,codex:rollout-2026-06-03T17-42-04-019e9014-8640-79d3-a482-8cf585a5c3db:85,9649,no_resolved_path
agentsight,e58fce112c6e,5,6,codex:rollout-2026-06-03T17-42-04-019e9014-8640-79d3-a482-8cf585a5c3db:86,9650,predecessor_module
agentsight,e58fce112c6e,5,6,codex:rollout-2026-06-03T17-42-04-019e9014-8640-79d3-a482-8cf585a5c3db:87,9651,no_resolved_path
agentsight,e58fce112c6e,5,6,codex:rollout-2026-06-03T17-42-04-019e9014-8640-79d3-a482-8cf585a5c3db:88,9652,no_resolved_path
agentsight,e58fce112c6e,5,6,codex:rollout-2026-06-03T17-42-04-019e9014-8640-79d3-a482-8cf585a5c3db:89,9653,no_resolved_path
agentsight,e58fce112c6e,5,6,codex:rollout-2026-06-03T17-42-04-019e9014-8640-79d3-a482-8cf585a5c3db:90,9654,no_resolved_path
agentsight,e58fce112c6e,5,6,codex:rollout-2026-06-03T17-42-04-019e9014-8640-79d3-a482-8cf585a5c3db:91,9655,no_resolved_path
agentsight,e58fce112c6e,5,6,codex:rollout-2026-06-03T17-42-04-019e9014-8640-79d3-a482-8cf585a5c3db:92,9656,predecessor_artifact
agentsight,e58fce112c6e,5,6,codex:rollout-2026-06-03T17-42-04-019e9014-8640-79d3-a482-8cf585a5c3db:93,9657,predecessor_artifact
agentsight,e58fce112c6e,5,6,codex:rollout-2026-06-03T17-42-04-019e9014-8640-79d3-a482-8cf585a5c3db:94,9658,no_resolved_path
agentsight,e58fce112c6e,5,6,codex:rollout-2026-06-03T17-42-04-019e9014-8640-79d3-a482-8cf585a5c3db:95,9659,no_resolved_path
agentsight,e58fce112c6e,5,6,codex:rollout-2026-06-03T17-42-04-019e9014-8640-79d3-a482-8cf585a5c3db:96,9660,predecessor_artifact
agentsight,e58fce112c6e,5,6,codex:rollout-2026-06-03T17-42-04-019e9014-8640-79d3-a482-8cf585a5c3db:97,9661,no_resolved_path
agentsight,e58fce112c6e,5,6,codex:rollout-2026-06-03T17-42-04-019e9014-8640-79d3-a482-8cf585a5c3db:98,9662,no_resolved_path
agentsight,e58fce112c6e,5,6,codex:rollout-2026-06-03T17-42-04-019e9014-8640-79d3-a482-8cf585a5c3db:100,9663,no_resolved_path
agentsight,e58fce112c6e,5,6,codex:rollout-2026-06-03T17-42-04-019e9014-8640-79d3-a482-8cf585a5c3db:99,9664,no_resolved_path
agentsight,e58fce112c6e,5,6,codex:rollout-2026-06-03T17-42-04-019e9014-8640-79d3-a482-8cf585a5c3db:101,9665,predecessor_artifact
agentsight,e58fce112c6e,5,6,codex:rollout-2026-06-03T17-42-04-019e9014-8640-79d3-a482-8cf585a5c3db:102,9666,no_resolved_path
agentsight,e58fce112c6e,5,6,codex:rollout-2026-06-03T17-42-04-019e9014-8640-79d3-a482-8cf585a5c3db:103,9667,no_resolved_path
agentsight,e58fce112c6e,5,6,codex:rollout-2026-06-03T17-42-04-019e9014-8640-79d3-a482-8cf585a5c3db:104,9668,no_resolved_path
agentsight,e58fce112c6e,5,6,codex:rollout-2026-06-03T17-42-04-019e9014-8640-79d3-a482-8cf585a5c3db:105,9669,predecessor_module
agentsight,e58fce112c6e,5,6,codex:rollout-2026-06-03T17-42-04-019e9014-8640-79d3-a482-8cf585a5c3db:106,9670,predecessor_module
agentsight,e58fce112c6e,5,6,codex:rollout-2026-06-03T17-42-04-019e9014-8640-79d3-a482-8cf585a5c3db:107,9671,predecessor_artifact
agentsight,e58fce112c6e,5,6,codex:rollout-2026-06-03T17-42-04-019e9014-8640-79d3-a482-8cf585a5c3db:108,9672,predecessor_module
agentsight,e58fce112c6e,5,6,codex:rollout-2026-06-03T17-42-04-019e9014-8640-79d3-a482-8cf585a5c3db:109,9673,predecessor_artifact
agentsight,e58fce112c6e,5,6,codex:rollout-2026-06-03T17-42-04-019e9014-8640-79d3-a482-8cf585a5c3db:110,9674,predecessor_module
agentsight,e58fce112c6e,5,6,codex:rollout-2026-06-03T17-42-04-019e9014-8640-79d3-a482-8cf585a5c3db:111,9675,predecessor_artifact
agentsight,e58fce112c6e,5,6,codex:rollout-2026-06-03T17-42-04-019e9014-8640-79d3-a482-8cf585a5c3db:112,9676,predecessor_artifact
agentsight,e58fce112c6e,5,6,codex:rollout-2026-06-03T17-42-04-019e9014-8640-79d3-a482-8cf585a5c3db:113,9677,no_resolved_path
agentsight,e58fce112c6e,5,6,codex:rollout-2026-06-03T17-42-04-019e9014-8640-79d3-a482-8cf585a5c3db:114,9678,no_resolved_path
agentsight,e58fce112c6e,5,6,codex:rollout-2026-06-03T17-42-04-019e9014-8640-79d3-a482-8cf585a5c3db:115,9679,no_resolved_path
agentsight,e58fce112c6e,5,6,codex:rollout-2026-06-03T17-42-04-019e9014-8640-79d3-a482-8cf585a5c3db:116,9680,predecessor_artifact
agentsight,e58fce112c6e,5,6,codex:rollout-2026-06-03T17-42-04-019e9014-8640-79d3-a482-8cf585a5c3db:117,9681,no_resolved_path
agentsight,e58fce112c6e,5,6,codex:rollout-2026-06-03T17-42-04-019e9014-8640-79d3-a482-8cf585a5c3db:118,9682,no_resolved_path
agentsight,e58fce112c6e,5,6,codex:rollout-2026-06-03T17-42-04-019e9014-8640-79d3-a482-8cf585a5c3db:119,9683,no_resolved_path
agentsight,e58fce112c6e,5,6,codex:rollout-2026-06-03T17-42-04-019e9014-8640-79d3-a482-8cf585a5c3db:120,9684,no_resolved_path
agentsight,e58fce112c6e,5,6,codex:rollout-2026-06-03T17-42-04-019e9014-8640-79d3-a482-8cf585a5c3db:121,9685,predecessor_artifact
agentsight,e58fce112c6e,5,6,codex:rollout-2026-06-03T17-42-04-019e9014-8640-79d3-a482-8cf585a5c3db:122,9686,no_resolved_path
agentsight,e58fce112c6e,5,6,codex:rollout-2026-06-03T17-42-04-019e9014-8640-79d3-a482-8cf585a5c3db:123,9687,no_resolved_path
agentsight,e58fce112c6e,5,6,codex:rollout-2026-06-03T17-42-04-019e9014-8640-79d3-a482-8cf585a5c3db:124,9688,predecessor_artifact
agentsight,e58fce112c6e,5,6,codex:rollout-2026-06-03T17-42-04-019e9014-8640-79d3-a482-8cf585a5c3db:125,9689,no_resolved_path
agentsight,e58fce112c6e,5,6,codex:rollout-2026-06-03T17-42-04-019e9014-8640-79d3-a482-8cf585a5c3db:126,9690,no_resolved_path
agentsight,e58fce112c6e,5,6,codex:rollout-2026-06-03T17-42-04-019e9014-8640-79d3-a482-8cf585a5c3db:127,9691,no_resolved_path
agentsight,e58fce112c6e,5,6,codex:rollout-2026-06-03T17-42-04-019e9014-8640-79d3-a482-8cf585a5c3db:128,9692,no_resolved_path
agentsight,e58fce112c6e,5,6,codex:rollout-2026-06-03T17-42-04-019e9014-8640-79d3-a482-8cf585a5c3db:129,9693,predecessor_artifact
agentsight,e58fce112c6e,5,6,codex:rollout-2026-06-03T17-42-04-019e9014-8640-79d3-a482-8cf585a5c3db:130,9694,predecessor_artifact
agentsight,e58fce112c6e,5,6,codex:rollout-2026-06-03T17-42-04-019e9014-8640-79d3-a482-8cf585a5c3db:131,9695,predecessor_artifact
agentsight,e58fce112c6e,5,6,codex:rollout-2026-06-03T17-42-04-019e9014-8640-79d3-a482-8cf585a5c3db:132,9696,predecessor_artifact
agentsight,e58fce112c6e,5,6,codex:rollout-2026-06-03T17-42-04-019e9014-8640-79d3-a482-8cf585a5c3db:133,9697,no_resolved_path
agentsight,e58fce112c6e,5,6,codex:rollout-2026-06-03T17-42-04-019e9014-8640-79d3-a482-8cf585a5c3db:134,9698,predecessor_artifact
agentsight,e58fce112c6e,5,6,codex:rollout-2026-06-03T17-42-04-019e9014-8640-79d3-a482-8cf585a5c3db:135,9699,no_resolved_path
agentsight,e58fce112c6e,5,6,codex:rollout-2026-06-03T17-42-04-019e9014-8640-79d3-a482-8cf585a5c3db:136,9700,predecessor_artifact
agentsight,e58fce112c6e,5,6,codex:rollout-2026-06-03T17-42-04-019e9014-8640-79d3-a482-8cf585a5c3db:137,9701,predecessor_artifact
agentsight,e58fce112c6e,5,6,codex:rollout-2026-06-03T17-42-04-019e9014-8640-79d3-a482-8cf585a5c3db:138,9702,no_resolved_path
agentsight,e58fce112c6e,5,6,codex:rollout-2026-06-03T17-42-04-019e9014-8640-79d3-a482-8cf585a5c3db:139,9703,no_resolved_path
agentsight,e58fce112c6e,5,6,codex:rollout-2026-06-03T17-42-04-019e9014-8640-79d3-a482-8cf585a5c3db:140,9704,predecessor_artifact
agentsight,e58fce112c6e,5,6,codex:rollout-2026-06-03T17-42-04-019e9014-8640-79d3-a482-8cf585a5c3db:141,9705,predecessor_artifact
agentsight,e58fce112c6e,5,6,codex:rollout-2026-06-03T17-42-04-019e9014-8640-79d3-a482-8cf585a5c3db:142,9706,predecessor_artifact
agentsight,e58fce112c6e,5,6,codex:rollout-2026-06-03T17-42-04-019e9014-8640-79d3-a482-8cf585a5c3db:143,9707,predecessor_artifact
agentsight,e58fce112c6e,5,6,codex:rollout-2026-06-03T17-42-04-019e9014-8640-79d3-a482-8cf585a5c3db:144,9708,predecessor_artifact
agentsight,e58fce112c6e,5,6,codex:rollout-2026-06-03T17-42-04-019e9014-8640-79d3-a482-8cf585a5c3db:145,9709,predecessor_artifact
agentsight,e58fce112c6e,5,6,codex:rollout-2026-06-03T17-42-04-019e9014-8640-79d3-a482-8cf585a5c3db:146,9710,predecessor_artifact
agentsight,e58fce112c6e,5,6,codex:rollout-2026-06-03T17-42-04-019e9014-8640-79d3-a482-8cf585a5c3db:147,9711,predecessor_artifact
agentsight,e58fce112c6e,5,6,codex:rollout-2026-06-03T17-42-04-019e9014-8640-79d3-a482-8cf585a5c3db:148,9712,predecessor_artifact
agentsight,e58fce112c6e,5,6,codex:rollout-2026-06-03T17-42-04-019e9014-8640-79d3-a482-8cf585a5c3db:149,9713,predecessor_artifact
agentsight,e58fce112c6e,5,6,codex:rollout-2026-06-03T17-42-04-019e9014-8640-79d3-a482-8cf585a5c3db:150,9714,no_resolved_path
agentsight,e58fce112c6e,5,6,codex:rollout-2026-06-03T17-42-04-019e9014-8640-79d3-a482-8cf585a5c3db:151,9715,predecessor_artifact
agentsight,e58fce112c6e,5,6,codex:rollout-2026-06-03T17-42-04-019e9014-8640-79d3-a482-8cf585a5c3db:152,9716,no_resolved_path
agentsight,e58fce112c6e,5,6,codex:rollout-2026-06-03T17-42-04-019e9014-8640-79d3-a482-8cf585a5c3db:153,9717,no_resolved_path
agentsight,e58fce112c6e,5,6,codex:rollout-2026-06-03T17-42-04-019e9014-8640-79d3-a482-8cf585a5c3db:154,9718,no_resolved_path
agentsight,e58fce112c6e,5,6,codex:rollout-2026-06-03T17-42-04-019e9014-8640-79d3-a482-8cf585a5c3db:155,9719,no_resolved_path
agentsight,e58fce112c6e,5,6,codex:rollout-2026-06-03T17-42-04-019e9014-8640-79d3-a482-8cf585a5c3db:156,9720,no_resolved_path
agentsight,e58fce112c6e,5,6,codex:rollout-2026-06-03T17-42-04-019e9014-8640-79d3-a482-8cf585a5c3db:157,9721,no_resolved_path
agentsight,e58fce112c6e,5,6,codex:rollout-2026-06-03T17-42-04-019e9014-8640-79d3-a482-8cf585a5c3db:158,9722,no_resolved_path
agentsight,e58fce112c6e,5,6,codex:rollout-2026-06-03T17-42-04-019e9014-8640-79d3-a482-8cf585a5c3db:159,9723,no_resolved_path
agentsight,e58fce112c6e,5,6,codex:rollout-2026-06-03T17-42-04-019e9014-8640-79d3-a482-8cf585a5c3db:160,9724,predecessor_artifact
agentsight,e58fce112c6e,5,6,codex:rollout-2026-06-03T17-42-04-019e9014-8640-79d3-a482-8cf585a5c3db:161,9725,no_resolved_path
agentsight,e58fce112c6e,5,6,codex:rollout-2026-06-03T17-42-04-019e9014-8640-79d3-a482-8cf585a5c3db:162,9726,predecessor_artifact
agentsight,e58fce112c6e,5,6,codex:rollout-2026-06-03T17-42-04-019e9014-8640-79d3-a482-8cf585a5c3db:163,9727,predecessor_artifact
agentsight,e58fce112c6e,5,6,codex:rollout-2026-06-03T17-42-04-019e9014-8640-79d3-a482-8cf585a5c3db:164,9728,predecessor_artifact
agentsight,e58fce112c6e,5,6,codex:rollout-2026-06-03T17-42-04-019e9014-8640-79d3-a482-8cf585a5c3db:165,9729,predecessor_artifact
agentsight,e58fce112c6e,5,6,codex:rollout-2026-06-03T17-42-04-019e9014-8640-79d3-a482-8cf585a5c3db:166,9730,predecessor_artifact
agentsight,e58fce112c6e,5,6,codex:rollout-2026-06-03T17-42-04-019e9014-8640-79d3-a482-8cf585a5c3db:167,9731,predecessor_artifact
agentsight,e58fce112c6e,5,6,codex:rollout-2026-06-03T17-42-04-019e9014-8640-79d3-a482-8cf585a5c3db:168,9732,predecessor_artifact
agentsight,e58fce112c6e,5,6,codex:rollout-2026-06-03T17-42-04-019e9014-8640-79d3-a482-8cf585a5c3db:169,9733,predecessor_artifact
agentsight,e58fce112c6e,5,6,codex:rollout-2026-06-03T17-42-04-019e9014-8640-79d3-a482-8cf585a5c3db:170,9734,predecessor_artifact
agentsight,e58fce112c6e,5,6,codex:rollout-2026-06-03T17-42-04-019e9014-8640-79d3-a482-8cf585a5c3db:171,9735,predecessor_artifact
agentsight,e58fce112c6e,5,6,codex:rollout-2026-06-03T17-42-04-019e9014-8640-79d3-a482-8cf585a5c3db:172,9736,predecessor_artifact
agentsight,e58fce112c6e,5,6,codex:rollout-2026-06-03T17-42-04-019e9014-8640-79d3-a482-8cf585a5c3db:173,9737,predecessor_artifact
agentsight,e58fce112c6e,5,6,codex:rollout-2026-06-03T17-42-04-019e9014-8640-79d3-a482-8cf585a5c3db:174,9738,predecessor_artifact
agentsight,e58fce112c6e,5,6,codex:rollout-2026-06-03T17-42-04-019e9014-8640-79d3-a482-8cf585a5c3db:175,9739,predecessor_module
agentsight,e58fce112c6e,5,6,codex:rollout-2026-06-03T17-42-04-019e9014-8640-79d3-a482-8cf585a5c3db:176,9740,predecessor_artifact
agentsight,e58fce112c6e,5,6,codex:rollout-2026-06-03T17-42-04-019e9014-8640-79d3-a482-8cf585a5c3db:177,9741,predecessor_artifact
agentsight,e58fce112c6e,5,6,codex:rollout-2026-06-03T17-42-04-019e9014-8640-79d3-a482-8cf585a5c3db:178,9742,predecessor_artifact
agentsight,e58fce112c6e,5,6,codex:rollout-2026-06-03T17-42-04-019e9014-8640-79d3-a482-8cf585a5c3db:179,9743,predecessor_artifact
agentsight,e58fce112c6e,5,6,codex:rollout-2026-06-03T17-42-04-019e9014-8640-79d3-a482-8cf585a5c3db:180,9744,predecessor_artifact
agentsight,e58fce112c6e,5,6,codex:rollout-2026-06-03T17-42-04-019e9014-8640-79d3-a482-8cf585a5c3db:181,9745,predecessor_artifact
agentsight,e58fce112c6e,5,6,codex:rollout-2026-06-03T17-42-04-019e9014-8640-79d3-a482-8cf585a5c3db:182,9746,predecessor_artifact
agentsight,e58fce112c6e,5,6,codex:rollout-2026-06-03T17-42-04-019e9014-8640-79d3-a482-8cf585a5c3db:183,9747,predecessor_artifact
agentsight,e58fce112c6e,5,6,codex:rollout-2026-06-03T17-42-04-019e9014-8640-79d3-a482-8cf585a5c3db:184,9748,predecessor_artifact
agentsight,e58fce112c6e,5,6,codex:rollout-2026-06-03T17-42-04-019e9014-8640-79d3-a482-8cf585a5c3db:185,9749,predecessor_artifact
agentsight,e58fce112c6e,5,6,codex:rollout-2026-06-03T17-42-04-019e9014-8640-79d3-a482-8cf585a5c3db:186,9750,predecessor_module
agentsight,e58fce112c6e,5,6,codex:rollout-2026-06-03T17-42-04-019e9014-8640-79d3-a482-8cf585a5c3db:187,9751,predecessor_module
agentsight,e58fce112c6e,5,6,codex:rollout-2026-06-03T17-42-04-019e9014-8640-79d3-a482-8cf585a5c3db:188,9752,predecessor_module
agentsight,e58fce112c6e,5,6,codex:rollout-2026-06-03T17-42-04-019e9014-8640-79d3-a482-8cf585a5c3db:189,9753,predecessor_artifact
agentsight,e58fce112c6e,5,6,codex:rollout-2026-06-03T17-42-04-019e9014-8640-79d3-a482-8cf585a5c3db:190,9754,predecessor_artifact
agentsight,e58fce112c6e,5,6,codex:rollout-2026-06-03T17-42-04-019e9014-8640-79d3-a482-8cf585a5c3db:191,9755,predecessor_module
agentsight,e58fce112c6e,5,6,codex:rollout-2026-06-03T17-42-04-019e9014-8640-79d3-a482-8cf585a5c3db:192,9756,no_resolved_path
agentsight,e58fce112c6e,5,6,codex:rollout-2026-06-03T17-42-04-019e9014-8640-79d3-a482-8cf585a5c3db:193,9757,predecessor_artifact
agentsight,e58fce112c6e,5,6,codex:rollout-2026-06-03T17-42-04-019e9014-8640-79d3-a482-8cf585a5c3db:194,9758,predecessor_artifact
agentsight,e58fce112c6e,5,6,codex:rollout-2026-06-03T17-42-04-019e9014-8640-79d3-a482-8cf585a5c3db:195,9759,predecessor_artifact
agentsight,e58fce112c6e,5,6,codex:rollout-2026-06-03T17-42-04-019e9014-8640-79d3-a482-8cf585a5c3db:196,9760,predecessor_artifact
agentsight,e58fce112c6e,5,6,codex:rollout-2026-06-03T17-42-04-019e9014-8640-79d3-a482-8cf585a5c3db:197,9761,no_resolved_path
agentsight,e58fce112c6e,5,6,codex:rollout-2026-06-03T17-42-04-019e9014-8640-79d3-a482-8cf585a5c3db:198,9762,no_resolved_path
agentsight,e58fce112c6e,5,6,codex:rollout-2026-06-03T17-42-04-019e9014-8640-79d3-a482-8cf585a5c3db:199,9763,no_resolved_path
agentsight,e58fce112c6e,5,6,codex:rollout-2026-06-03T17-42-04-019e9014-8640-79d3-a482-8cf585a5c3db:200,9764,predecessor_artifact
agentsight,e58fce112c6e,5,6,codex:rollout-2026-06-03T17-42-04-019e9014-8640-79d3-a482-8cf585a5c3db:201,9765,predecessor_module
agentsight,e58fce112c6e,5,6,codex:rollout-2026-06-03T17-42-04-019e9014-8640-79d3-a482-8cf585a5c3db:202,9766,predecessor_module
agentsight,e58fce112c6e,5,6,codex:rollout-2026-06-03T17-42-04-019e9014-8640-79d3-a482-8cf585a5c3db:203,9767,no_resolved_path
agentsight,e58fce112c6e,5,6,codex:rollout-2026-06-03T17-42-04-019e9014-8640-79d3-a482-8cf585a5c3db:204,9768,predecessor_module
agentsight,e58fce112c6e,5,6,codex:rollout-2026-06-03T17-42-04-019e9014-8640-79d3-a482-8cf585a5c3db:205,9769,no_resolved_path
agentsight,e58fce112c6e,5,6,codex:rollout-2026-06-03T17-42-04-019e9014-8640-79d3-a482-8cf585a5c3db:206,9770,no_resolved_path
agentsight,e58fce112c6e,5,6,codex:rollout-2026-06-03T17-42-04-019e9014-8640-79d3-a482-8cf585a5c3db:207,9771,predecessor_module
agentsight,e58fce112c6e,5,6,codex:rollout-2026-06-03T17-42-04-019e9014-8640-79d3-a482-8cf585a5c3db:208,9772,predecessor_module
agentsight,e58fce112c6e,5,6,codex:rollout-2026-06-03T17-42-04-019e9014-8640-79d3-a482-8cf585a5c3db:209,9773,no_resolved_path
agentsight,e58fce112c6e,5,6,codex:rollout-2026-06-03T17-42-04-019e9014-8640-79d3-a482-8cf585a5c3db:210,9774,predecessor_module
agentsight,e58fce112c6e,5,6,codex:rollout-2026-06-03T17-42-04-019e9014-8640-79d3-a482-8cf585a5c3db:211,9775,no_resolved_path
agentsight,e58fce112c6e,5,6,codex:rollout-2026-06-03T17-42-04-019e9014-8640-79d3-a482-8cf585a5c3db:212,9776,no_resolved_path
agentsight,e58fce112c6e,5,6,codex:rollout-2026-06-03T17-42-04-019e9014-8640-79d3-a482-8cf585a5c3db:213,9777,predecessor_module
agentsight,e58fce112c6e,5,6,codex:rollout-2026-06-03T17-42-04-019e9014-8640-79d3-a482-8cf585a5c3db:214,9778,predecessor_artifact
agentsight,e58fce112c6e,5,6,codex:rollout-2026-06-03T17-42-04-019e9014-8640-79d3-a482-8cf585a5c3db:215,9779,predecessor_artifact
agentsight,e58fce112c6e,5,6,codex:rollout-2026-06-03T17-42-04-019e9014-8640-79d3-a482-8cf585a5c3db:216,9780,no_resolved_path
agentsight,e58fce112c6e,5,6,codex:rollout-2026-06-03T17-42-04-019e9014-8640-79d3-a482-8cf585a5c3db:217,9781,predecessor_artifact
agentsight,e58fce112c6e,5,6,codex:rollout-2026-06-03T17-42-04-019e9014-8640-79d3-a482-8cf585a5c3db:218,9782,predecessor_artifact
agentsight,e58fce112c6e,5,6,codex:rollout-2026-06-03T17-42-04-019e9014-8640-79d3-a482-8cf585a5c3db:219,9783,predecessor_artifact
agentsight,e58fce112c6e,5,6,codex:rollout-2026-06-03T17-42-04-019e9014-8640-79d3-a482-8cf585a5c3db:220,9784,predecessor_artifact
agentsight,e58fce112c6e,5,6,codex:rollout-2026-06-03T17-42-04-019e9014-8640-79d3-a482-8cf585a5c3db:221,9785,predecessor_artifact
agentsight,e58fce112c6e,5,6,codex:rollout-2026-06-03T17-42-04-019e9014-8640-79d3-a482-8cf585a5c3db:222,9786,predecessor_artifact
agentsight,e58fce112c6e,5,6,codex:rollout-2026-06-03T17-42-04-019e9014-8640-79d3-a482-8cf585a5c3db:223,9787,predecessor_artifact
agentsight,e58fce112c6e,5,6,codex:rollout-2026-06-03T17-42-04-019e9014-8640-79d3-a482-8cf585a5c3db:224,9788,predecessor_artifact
agentsight,e58fce112c6e,5,6,codex:rollout-2026-06-03T17-42-04-019e9014-8640-79d3-a482-8cf585a5c3db:225,9789,predecessor_artifact
agentsight,e58fce112c6e,5,6,codex:rollout-2026-06-03T17-42-04-019e9014-8640-79d3-a482-8cf585a5c3db:226,9790,predecessor_artifact
agentsight,e58fce112c6e,5,6,codex:rollout-2026-06-03T17-42-04-019e9014-8640-79d3-a482-8cf585a5c3db:227,9791,predecessor_artifact
agentsight,e58fce112c6e,5,6,codex:rollout-2026-06-03T17-42-04-019e9014-8640-79d3-a482-8cf585a5c3db:228,9792,predecessor_artifact
agentsight,e58fce112c6e,5,6,codex:rollout-2026-06-03T17-42-04-019e9014-8640-79d3-a482-8cf585a5c3db:229,9793,predecessor_artifact
agentsight,e58fce112c6e,5,6,codex:rollout-2026-06-03T17-42-04-019e9014-8640-79d3-a482-8cf585a5c3db:230,9794,predecessor_module
agentsight,e58fce112c6e,5,6,codex:rollout-2026-06-03T17-42-04-019e9014-8640-79d3-a482-8cf585a5c3db:231,9795,predecessor_module
agentsight,e58fce112c6e,5,6,codex:rollout-2026-06-03T17-42-04-019e9014-8640-79d3-a482-8cf585a5c3db:232,9796,predecessor_module
agentsight,e58fce112c6e,5,6,codex:rollout-2026-06-03T17-42-04-019e9014-8640-79d3-a482-8cf585a5c3db:233,9797,predecessor_artifact
agentsight,e58fce112c6e,5,6,codex:rollout-2026-06-03T17-42-04-019e9014-8640-79d3-a482-8cf585a5c3db:234,9798,predecessor_artifact
agentsight,e58fce112c6e,5,6,codex:rollout-2026-06-03T17-42-04-019e9014-8640-79d3-a482-8cf585a5c3db:235,9799,predecessor_artifact
agentsight,e58fce112c6e,5,6,codex:rollout-2026-06-03T17-42-04-019e9014-8640-79d3-a482-8cf585a5c3db:236,9800,predecessor_module
agentsight,e58fce112c6e,5,6,codex:rollout-2026-06-03T17-42-04-019e9014-8640-79d3-a482-8cf585a5c3db:237,9801,no_resolved_path
agentsight,e58fce112c6e,5,6,codex:rollout-2026-06-03T17-42-04-019e9014-8640-79d3-a482-8cf585a5c3db:238,9802,predecessor_module
agentsight,e58fce112c6e,5,6,codex:rollout-2026-06-03T17-42-04-019e9014-8640-79d3-a482-8cf585a5c3db:239,9803,predecessor_artifact
agentsight,e58fce112c6e,5,6,codex:rollout-2026-06-03T17-42-04-019e9014-8640-79d3-a482-8cf585a5c3db:240,9804,predecessor_module
agentsight,e58fce112c6e,5,6,codex:rollout-2026-06-03T17-42-04-019e9014-8640-79d3-a482-8cf585a5c3db:241,9805,predecessor_artifact
agentsight,e58fce112c6e,5,6,codex:rollout-2026-06-03T17-42-04-019e9014-8640-79d3-a482-8cf585a5c3db:242,9806,predecessor_artifact
agentsight,e58fce112c6e,5,6,codex:rollout-2026-06-03T17-42-04-019e9014-8640-79d3-a482-8cf585a5c3db:243,9807,predecessor_artifact
agentsight,e58fce112c6e,5,6,codex:rollout-2026-06-03T17-42-04-019e9014-8640-79d3-a482-8cf585a5c3db:244,9808,predecessor_artifact
agentsight,e58fce112c6e,5,6,codex:rollout-2026-06-03T17-42-04-019e9014-8640-79d3-a482-8cf585a5c3db:245,9809,predecessor_artifact
agentsight,e58fce112c6e,5,6,codex:rollout-2026-06-03T17-42-04-019e9014-8640-79d3-a482-8cf585a5c3db:246,9810,predecessor_artifact
agentsight,e58fce112c6e,5,6,codex:rollout-2026-06-03T17-42-04-019e9014-8640-79d3-a482-8cf585a5c3db:247,9811,no_resolved_path
agentsight,e58fce112c6e,5,6,codex:rollout-2026-06-03T17-42-04-019e9014-8640-79d3-a482-8cf585a5c3db:248,9812,no_resolved_path
agentsight,e58fce112c6e,5,6,codex:rollout-2026-06-03T17-42-04-019e9014-8640-79d3-a482-8cf585a5c3db:249,9813,predecessor_module
agentsight,e58fce112c6e,5,6,codex:rollout-2026-06-03T17-42-04-019e9014-8640-79d3-a482-8cf585a5c3db:250,9814,predecessor_module
agentsight,e58fce112c6e,5,6,codex:rollout-2026-06-03T17-42-04-019e9014-8640-79d3-a482-8cf585a5c3db:251,9815,predecessor_module
agentsight,e58fce112c6e,5,6,codex:rollout-2026-06-03T17-42-04-019e9014-8640-79d3-a482-8cf585a5c3db:252,9816,no_resolved_path
agentsight,e58fce112c6e,5,6,codex:rollout-2026-06-03T17-42-04-019e9014-8640-79d3-a482-8cf585a5c3db:253,9817,predecessor_artifact
agentsight,e58fce112c6e,5,6,codex:rollout-2026-06-03T17-42-04-019e9014-8640-79d3-a482-8cf585a5c3db:254,9818,predecessor_artifact
agentsight,e58fce112c6e,5,6,codex:rollout-2026-06-03T17-42-04-019e9014-8640-79d3-a482-8cf585a5c3db:255,9819,predecessor_module
agentsight,e58fce112c6e,5,6,codex:rollout-2026-06-03T17-42-04-019e9014-8640-79d3-a482-8cf585a5c3db:256,9820,no_resolved_path
agentsight,e58fce112c6e,5,6,codex:rollout-2026-06-03T17-42-04-019e9014-8640-79d3-a482-8cf585a5c3db:257,9821,no_resolved_path
agentsight,e58fce112c6e,5,6,codex:rollout-2026-06-03T17-42-04-019e9014-8640-79d3-a482-8cf585a5c3db:258,9822,no_resolved_path
agentsight,e58fce112c6e,5,6,codex:rollout-2026-06-03T17-42-04-019e9014-8640-79d3-a482-8cf585a5c3db:259,9823,no_resolved_path
agentsight,e58fce112c6e,5,6,codex:rollout-2026-06-03T17-42-04-019e9014-8640-79d3-a482-8cf585a5c3db:260,9824,predecessor_artifact
agentsight,e58fce112c6e,5,6,codex:rollout-2026-06-03T17-42-04-019e9014-8640-79d3-a482-8cf585a5c3db:261,9825,no_resolved_path
agentsight,e58fce112c6e,5,6,codex:rollout-2026-06-03T17-42-04-019e9014-8640-79d3-a482-8cf585a5c3db:262,9826,predecessor_artifact
agentsight,e58fce112c6e,5,6,codex:rollout-2026-06-03T17-42-04-019e9014-8640-79d3-a482-8cf585a5c3db:263,9827,predecessor_artifact
agentsight,e58fce112c6e,5,6,codex:rollout-2026-06-03T17-42-04-019e9014-8640-79d3-a482-8cf585a5c3db:264,9828,predecessor_artifact
agentsight,e58fce112c6e,5,6,codex:rollout-2026-06-03T17-42-04-019e9014-8640-79d3-a482-8cf585a5c3db:265,9829,predecessor_artifact
agentsight,e58fce112c6e,5,6,codex:rollout-2026-06-03T17-42-04-019e9014-8640-79d3-a482-8cf585a5c3db:266,9830,predecessor_artifact
agentsight,e58fce112c6e,5,6,codex:rollout-2026-06-03T17-42-04-019e9014-8640-79d3-a482-8cf585a5c3db:267,9831,predecessor_artifact
agentsight,e58fce112c6e,5,6,codex:rollout-2026-06-03T17-42-04-019e9014-8640-79d3-a482-8cf585a5c3db:268,9832,predecessor_artifact
agentsight,e58fce112c6e,5,6,codex:rollout-2026-06-03T17-42-04-019e9014-8640-79d3-a482-8cf585a5c3db:269,9833,predecessor_artifact
agentsight,e58fce112c6e,5,6,codex:rollout-2026-06-03T17-42-04-019e9014-8640-79d3-a482-8cf585a5c3db:270,9834,predecessor_artifact
agentsight,e58fce112c6e,5,6,codex:rollout-2026-06-03T17-42-04-019e9014-8640-79d3-a482-8cf585a5c3db:271,9835,predecessor_artifact
agentsight,e58fce112c6e,5,6,codex:rollout-2026-06-03T17-42-04-019e9014-8640-79d3-a482-8cf585a5c3db:272,9836,predecessor_artifact
agentsight,e58fce112c6e,5,6,codex:rollout-2026-06-03T17-42-04-019e9014-8640-79d3-a482-8cf585a5c3db:273,9837,predecessor_artifact
agentsight,e58fce112c6e,5,6,codex:rollout-2026-06-03T17-42-04-019e9014-8640-79d3-a482-8cf585a5c3db:274,9838,no_resolved_path
agentsight,e58fce112c6e,5,6,codex:rollout-2026-06-03T17-42-04-019e9014-8640-79d3-a482-8cf585a5c3db:275,9839,predecessor_artifact
agentsight,e58fce112c6e,5,6,codex:rollout-2026-06-03T17-42-04-019e9014-8640-79d3-a482-8cf585a5c3db:276,9840,predecessor_artifact
agentsight,e58fce112c6e,5,6,codex:rollout-2026-06-03T17-42-04-019e9014-8640-79d3-a482-8cf585a5c3db:277,9841,predecessor_artifact
agentsight,e58fce112c6e,5,6,codex:rollout-2026-06-03T17-42-04-019e9014-8640-79d3-a482-8cf585a5c3db:278,9842,predecessor_artifact
agentsight,e58fce112c6e,5,6,codex:rollout-2026-06-03T17-42-04-019e9014-8640-79d3-a482-8cf585a5c3db:279,9843,predecessor_artifact
agentsight,e58fce112c6e,5,6,codex:rollout-2026-06-03T17-42-04-019e9014-8640-79d3-a482-8cf585a5c3db:280,9844,predecessor_artifact
agentsight,e58fce112c6e,5,6,codex:rollout-2026-06-03T17-42-04-019e9014-8640-79d3-a482-8cf585a5c3db:281,9845,predecessor_artifact
agentsight,e58fce112c6e,5,6,codex:rollout-2026-06-03T17-42-04-019e9014-8640-79d3-a482-8cf585a5c3db:282,9846,predecessor_artifact
agentsight,e58fce112c6e,5,6,codex:rollout-2026-06-03T17-42-04-019e9014-8640-79d3-a482-8cf585a5c3db:283,9847,no_resolved_path
agentsight,e58fce112c6e,5,6,codex:rollout-2026-06-03T17-42-04-019e9014-8640-79d3-a482-8cf585a5c3db:284,9848,predecessor_artifact
agentsight,e58fce112c6e,5,6,codex:rollout-2026-06-03T17-42-04-019e9014-8640-79d3-a482-8cf585a5c3db:285,9849,predecessor_artifact
agentsight,e58fce112c6e,5,6,codex:rollout-2026-06-03T17-42-04-019e9014-8640-79d3-a482-8cf585a5c3db:286,9850,predecessor_artifact
agentsight,e58fce112c6e,5,6,codex:rollout-2026-06-03T17-42-04-019e9014-8640-79d3-a482-8cf585a5c3db:287,9851,predecessor_artifact
agentsight,e58fce112c6e,5,6,codex:rollout-2026-06-03T17-42-04-019e9014-8640-79d3-a482-8cf585a5c3db:288,9852,predecessor_module
agentsight,e58fce112c6e,5,6,codex:rollout-2026-06-03T17-42-04-019e9014-8640-79d3-a482-8cf585a5c3db:289,9853,predecessor_module
agentsight,e58fce112c6e,5,6,codex:rollout-2026-06-03T17-42-04-019e9014-8640-79d3-a482-8cf585a5c3db:290,9854,predecessor_artifact
agentsight,e58fce112c6e,5,6,codex:rollout-2026-06-03T17-42-04-019e9014-8640-79d3-a482-8cf585a5c3db:291,9855,predecessor_artifact
agentsight,e58fce112c6e,5,6,codex:rollout-2026-06-03T17-42-04-019e9014-8640-79d3-a482-8cf585a5c3db:292,9856,predecessor_artifact
agentsight,e58fce112c6e,5,6,codex:rollout-2026-06-03T17-42-04-019e9014-8640-79d3-a482-8cf585a5c3db:293,9857,predecessor_module
agentsight,e58fce112c6e,5,6,codex:rollout-2026-06-03T17-42-04-019e9014-8640-79d3-a482-8cf585a5c3db:294,9858,no_resolved_path
agentsight,e58fce112c6e,5,6,codex:rollout-2026-06-03T17-42-04-019e9014-8640-79d3-a482-8cf585a5c3db:295,9859,no_resolved_path
agentsight,e58fce112c6e,5,6,codex:rollout-2026-06-03T17-42-04-019e9014-8640-79d3-a482-8cf585a5c3db:296,9860,predecessor_module
agentsight,e58fce112c6e,5,6,codex:rollout-2026-06-03T17-42-04-019e9014-8640-79d3-a482-8cf585a5c3db:297,9861,predecessor_module
agentsight,e58fce112c6e,5,6,codex:rollout-2026-06-03T17-42-04-019e9014-8640-79d3-a482-8cf585a5c3db:298,9862,predecessor_module
agentsight,e58fce112c6e,5,6,codex:rollout-2026-06-03T17-42-04-019e9014-8640-79d3-a482-8cf585a5c3db:299,9863,predecessor_module
agentsight,e58fce112c6e,5,6,codex:rollout-2026-06-03T17-42-04-019e9014-8640-79d3-a482-8cf585a5c3db:300,9864,no_resolved_path
agentsight,e58fce112c6e,5,6,codex:rollout-2026-06-03T17-42-04-019e9014-8640-79d3-a482-8cf585a5c3db:301,9865,predecessor_artifact
agentsight,e58fce112c6e,5,6,codex:rollout-2026-06-03T17-42-04-019e9014-8640-79d3-a482-8cf585a5c3db:302,9866,no_resolved_path
agentsight,e58fce112c6e,5,6,codex:rollout-2026-06-03T17-42-04-019e9014-8640-79d3-a482-8cf585a5c3db:303,9867,predecessor_artifact
agentsight,e58fce112c6e,5,6,codex:rollout-2026-06-03T17-42-04-019e9014-8640-79d3-a482-8cf585a5c3db:304,9868,predecessor_artifact
agentsight,e58fce112c6e,5,6,codex:rollout-2026-06-03T17-42-04-019e9014-8640-79d3-a482-8cf585a5c3db:305,9869,predecessor_artifact
agentsight,e58fce112c6e,5,6,codex:rollout-2026-06-03T17-42-04-019e9014-8640-79d3-a482-8cf585a5c3db:306,9870,no_resolved_path
agentsight,e58fce112c6e,5,6,codex:rollout-2026-06-03T17-42-04-019e9014-8640-79d3-a482-8cf585a5c3db:307,9871,predecessor_artifact
agentsight,e58fce112c6e,5,6,codex:rollout-2026-06-03T17-42-04-019e9014-8640-79d3-a482-8cf585a5c3db:308,9872,predecessor_artifact
agentsight,e58fce112c6e,5,6,codex:rollout-2026-06-03T17-42-04-019e9014-8640-79d3-a482-8cf585a5c3db:309,9873,predecessor_artifact
agentsight,e58fce112c6e,5,6,codex:rollout-2026-06-03T17-42-04-019e9014-8640-79d3-a482-8cf585a5c3db:310,9874,predecessor_artifact
agentsight,e58fce112c6e,5,6,codex:rollout-2026-06-03T17-42-04-019e9014-8640-79d3-a482-8cf585a5c3db:311,9875,predecessor_module
agentsight,e58fce112c6e,5,6,codex:rollout-2026-06-03T17-42-04-019e9014-8640-79d3-a482-8cf585a5c3db:312,9876,predecessor_artifact
agentsight,e58fce112c6e,5,6,codex:rollout-2026-06-03T17-42-04-019e9014-8640-79d3-a482-8cf585a5c3db:313,9877,no_resolved_path
agentsight,e58fce112c6e,5,6,codex:rollout-2026-06-03T17-42-04-019e9014-8640-79d3-a482-8cf585a5c3db:314,9878,no_resolved_path
agentsight,e58fce112c6e,5,6,codex:rollout-2026-06-03T17-42-04-019e9014-8640-79d3-a482-8cf585a5c3db:315,9879,no_resolved_path
agentsight,e58fce112c6e,5,6,codex:rollout-2026-06-03T17-42-04-019e9014-8640-79d3-a482-8cf585a5c3db:316,9880,no_resolved_path
agentsight,e58fce112c6e,5,6,codex:rollout-2026-06-03T17-42-04-019e9014-8640-79d3-a482-8cf585a5c3db:317,9881,no_resolved_path
agentsight,e58fce112c6e,5,6,codex:rollout-2026-06-03T17-42-04-019e9014-8640-79d3-a482-8cf585a5c3db:318,9882,no_resolved_path
agentsight,e58fce112c6e,5,6,codex:rollout-2026-06-03T17-42-04-019e9014-8640-79d3-a482-8cf585a5c3db:319,9883,no_resolved_path
agentsight,e58fce112c6e,5,6,codex:rollout-2026-06-03T17-42-04-019e9014-8640-79d3-a482-8cf585a5c3db:320,9884,predecessor_artifact
agentsight,e58fce112c6e,5,6,codex:rollout-2026-06-03T17-42-04-019e9014-8640-79d3-a482-8cf585a5c3db:321,9885,predecessor_artifact
agentsight,e58fce112c6e,5,6,codex:rollout-2026-06-03T17-42-04-019e9014-8640-79d3-a482-8cf585a5c3db:322,9886,predecessor_artifact
agentsight,e58fce112c6e,5,6,codex:rollout-2026-06-03T17-42-04-019e9014-8640-79d3-a482-8cf585a5c3db:323,9887,no_resolved_path
agentsight,e58fce112c6e,5,6,codex:rollout-2026-06-03T17-42-04-019e9014-8640-79d3-a482-8cf585a5c3db:324,9888,no_resolved_path
agentsight,e58fce112c6e,5,6,codex:rollout-2026-06-03T17-42-04-019e9014-8640-79d3-a482-8cf585a5c3db:325,9889,no_resolved_path
agentsight,e58fce112c6e,5,6,codex:rollout-2026-06-03T17-42-04-019e9014-8640-79d3-a482-8cf585a5c3db:326,9890,no_resolved_path
agentsight,e58fce112c6e,5,6,codex:rollout-2026-06-03T17-42-04-019e9014-8640-79d3-a482-8cf585a5c3db:327,9891,predecessor_module
agentsight,e58fce112c6e,5,6,codex:rollout-2026-06-03T17-42-04-019e9014-8640-79d3-a482-8cf585a5c3db:328,9892,predecessor_artifact
agentsight,e58fce112c6e,5,6,codex:rollout-2026-06-03T17-42-04-019e9014-8640-79d3-a482-8cf585a5c3db:329,9893,predecessor_artifact
agentsight,e58fce112c6e,5,6,codex:rollout-2026-06-03T17-42-04-019e9014-8640-79d3-a482-8cf585a5c3db:330,9894,predecessor_artifact
agentsight,e58fce112c6e,5,6,codex:rollout-2026-06-03T17-42-04-019e9014-8640-79d3-a482-8cf585a5c3db:331,9895,predecessor_module
agentsight,e58fce112c6e,5,6,codex:rollout-2026-06-03T17-42-04-019e9014-8640-79d3-a482-8cf585a5c3db:332,9896,predecessor_module
agentsight,e58fce112c6e,5,6,codex:rollout-2026-06-03T17-42-04-019e9014-8640-79d3-a482-8cf585a5c3db:333,9897,predecessor_artifact
agentsight,e58fce112c6e,5,6,codex:rollout-2026-06-03T17-42-04-019e9014-8640-79d3-a482-8cf585a5c3db:334,9898,predecessor_artifact
agentsight,e58fce112c6e,5,6,codex:rollout-2026-06-03T17-42-04-019e9014-8640-79d3-a482-8cf585a5c3db:335,9899,no_resolved_path
agentsight,e58fce112c6e,5,6,codex:rollout-2026-06-03T17-42-04-019e9014-8640-79d3-a482-8cf585a5c3db:336,9900,no_resolved_path
agentsight,e58fce112c6e,5,6,codex:rollout-2026-06-03T17-42-04-019e9014-8640-79d3-a482-8cf585a5c3db:337,9901,no_resolved_path
agentsight,e58fce112c6e,5,6,codex:rollout-2026-06-03T17-42-04-019e9014-8640-79d3-a482-8cf585a5c3db:338,9902,no_resolved_path
agentsight,e58fce112c6e,5,6,codex:rollout-2026-06-03T17-42-04-019e9014-8640-79d3-a482-8cf585a5c3db:339,9903,predecessor_module
agentsight,e58fce112c6e,5,6,codex:rollout-2026-06-03T17-42-04-019e9014-8640-79d3-a482-8cf585a5c3db:340,9904,no_resolved_path
agentsight,e58fce112c6e,5,6,codex:rollout-2026-06-03T17-42-04-019e9014-8640-79d3-a482-8cf585a5c3db:341,9905,predecessor_artifact
agentsight,e58fce112c6e,5,6,codex:rollout-2026-06-03T17-42-04-019e9014-8640-79d3-a482-8cf585a5c3db:342,9906,no_resolved_path
agentsight,e58fce112c6e,5,6,codex:rollout-2026-06-03T17-42-04-019e9014-8640-79d3-a482-8cf585a5c3db:343,9907,predecessor_artifact
agentsight,e58fce112c6e,5,6,codex:rollout-2026-06-03T17-42-04-019e9014-8640-79d3-a482-8cf585a5c3db:344,9908,no_resolved_path
agentsight,e58fce112c6e,5,6,codex:rollout-2026-06-03T17-42-04-019e9014-8640-79d3-a482-8cf585a5c3db:345,9909,no_resolved_path
agentsight,e58fce112c6e,5,6,codex:rollout-2026-06-03T17-42-04-019e9014-8640-79d3-a482-8cf585a5c3db:346,9910,predecessor_module
agentsight,e58fce112c6e,5,6,codex:rollout-2026-06-03T17-42-04-019e9014-8640-79d3-a482-8cf585a5c3db:347,9911,predecessor_artifact
agentsight,e58fce112c6e,5,6,codex:rollout-2026-06-03T17-42-04-019e9014-8640-79d3-a482-8cf585a5c3db:348,9912,predecessor_artifact
agentsight,e58fce112c6e,5,6,codex:rollout-2026-06-03T17-42-04-019e9014-8640-79d3-a482-8cf585a5c3db:349,9913,predecessor_module
agentsight,e58fce112c6e,5,6,codex:rollout-2026-06-03T17-42-04-019e9014-8640-79d3-a482-8cf585a5c3db:350,9914,predecessor_module
agentsight,e58fce112c6e,5,6,codex:rollout-2026-06-03T17-42-04-019e9014-8640-79d3-a482-8cf585a5c3db:351,9915,no_resolved_path
agentsight,e58fce112c6e,5,6,codex:rollout-2026-06-03T17-42-04-019e9014-8640-79d3-a482-8cf585a5c3db:352,9916,no_resolved_path
agentsight,e58fce112c6e,5,6,codex:rollout-2026-06-03T17-42-04-019e9014-8640-79d3-a482-8cf585a5c3db:353,9917,no_resolved_path
agentsight,e58fce112c6e,5,6,codex:rollout-2026-06-03T17-42-04-019e9014-8640-79d3-a482-8cf585a5c3db:354,9918,no_resolved_path
agentsight,e58fce112c6e,5,6,codex:rollout-2026-06-03T17-42-04-019e9014-8640-79d3-a482-8cf585a5c3db:355,9919,no_resolved_path
agentsight,e58fce112c6e,5,6,codex:rollout-2026-06-03T17-42-04-019e9014-8640-79d3-a482-8cf585a5c3db:356,9920,predecessor_module
agentsight,e58fce112c6e,5,6,codex:rollout-2026-06-03T17-42-04-019e9014-8640-79d3-a482-8cf585a5c3db:357,9921,predecessor_module
agentsight,e58fce112c6e,5,6,codex:rollout-2026-06-03T17-42-04-019e9014-8640-79d3-a482-8cf585a5c3db:358,9922,no_resolved_path
agentsight,e58fce112c6e,5,6,codex:rollout-2026-06-03T17-42-04-019e9014-8640-79d3-a482-8cf585a5c3db:359,9923,no_resolved_path
agentsight,e58fce112c6e,5,6,codex:rollout-2026-06-03T17-42-04-019e9014-8640-79d3-a482-8cf585a5c3db:360,9924,no_resolved_path
agentsight,e58fce112c6e,5,6,codex:rollout-2026-06-03T17-42-04-019e9014-8640-79d3-a482-8cf585a5c3db:361,9925,predecessor_module
agentsight,e58fce112c6e,5,6,claude:34934785-8ee2-4f9c-be78-794bce7e1361:0,9926,predecessor_artifact
agentsight,e58fce112c6e,5,6,claude:34934785-8ee2-4f9c-be78-794bce7e1361:1,9927,predecessor_artifact
agentsight,e58fce112c6e,5,6,claude:34934785-8ee2-4f9c-be78-794bce7e1361:2,9928,predecessor_module
agentsight,e58fce112c6e,5,6,claude:34934785-8ee2-4f9c-be78-794bce7e1361:3,9929,predecessor_artifact
agentsight,e58fce112c6e,5,6,claude:34934785-8ee2-4f9c-be78-794bce7e1361:4,9930,predecessor_artifact
agentsight,e58fce112c6e,5,6,claude:34934785-8ee2-4f9c-be78-794bce7e1361:5,9931,predecessor_artifact
agentsight,e58fce112c6e,5,6,claude:34934785-8ee2-4f9c-be78-794bce7e1361:6,9932,predecessor_artifact
agentsight,e58fce112c6e,5,6,claude:34934785-8ee2-4f9c-be78-794bce7e1361:7,9933,predecessor_artifact
agentsight,e58fce112c6e,5,6,claude:34934785-8ee2-4f9c-be78-794bce7e1361:8,9934,predecessor_module
agentsight,e58fce112c6e,5,6,claude:34934785-8ee2-4f9c-be78-794bce7e1361:9,9935,predecessor_artifact
agentsight,e58fce112c6e,5,6,claude:34934785-8ee2-4f9c-be78-794bce7e1361:10,9936,predecessor_artifact
agentsight,e58fce112c6e,5,6,claude:34934785-8ee2-4f9c-be78-794bce7e1361:11,9937,predecessor_artifact
agentsight,e58fce112c6e,5,6,claude:34934785-8ee2-4f9c-be78-794bce7e1361:12,9938,predecessor_artifact
agentsight,e58fce112c6e,5,6,claude:34934785-8ee2-4f9c-be78-794bce7e1361:13,9939,predecessor_artifact
agentsight,e58fce112c6e,5,6,claude:34934785-8ee2-4f9c-be78-794bce7e1361:14,9940,predecessor_artifact
agentsight,e58fce112c6e,5,6,claude:34934785-8ee2-4f9c-be78-794bce7e1361:15,9941,predecessor_artifact
agentsight,e58fce112c6e,5,6,claude:34934785-8ee2-4f9c-be78-794bce7e1361:16,9942,predecessor_artifact
agentsight,e58fce112c6e,5,6,claude:34934785-8ee2-4f9c-be78-794bce7e1361:17,9943,predecessor_artifact
agentsight,e58fce112c6e,5,6,codex:rollout-2026-06-03T17-42-04-019e9014-8640-79d3-a482-8cf585a5c3db:362,9944,predecessor_module
agentsight,e58fce112c6e,5,6,codex:rollout-2026-06-03T17-42-04-019e9014-8640-79d3-a482-8cf585a5c3db:363,9945,predecessor_artifact
agentsight,e58fce112c6e,5,6,codex:rollout-2026-06-03T17-42-04-019e9014-8640-79d3-a482-8cf585a5c3db:364,9946,predecessor_artifact
agentsight,e58fce112c6e,5,6,codex:rollout-2026-06-03T17-42-04-019e9014-8640-79d3-a482-8cf585a5c3db:365,9947,predecessor_artifact
agentsight,e58fce112c6e,5,6,codex:rollout-2026-06-03T17-42-04-019e9014-8640-79d3-a482-8cf585a5c3db:366,9948,predecessor_artifact
agentsight,e58fce112c6e,5,6,codex:rollout-2026-06-03T17-42-04-019e9014-8640-79d3-a482-8cf585a5c3db:367,9949,predecessor_artifact
agentsight,e58fce112c6e,5,6,codex:rollout-2026-06-03T17-42-04-019e9014-8640-79d3-a482-8cf585a5c3db:368,9950,predecessor_artifact
agentsight,e58fce112c6e,5,6,codex:rollout-2026-06-03T17-42-04-019e9014-8640-79d3-a482-8cf585a5c3db:369,9951,no_resolved_path
agentsight,e58fce112c6e,5,6,codex:rollout-2026-06-03T17-42-04-019e9014-8640-79d3-a482-8cf585a5c3db:370,9952,no_resolved_path
agentsight,e58fce112c6e,5,6,codex:rollout-2026-06-03T17-42-04-019e9014-8640-79d3-a482-8cf585a5c3db:371,9953,no_resolved_path
agentsight,e58fce112c6e,5,6,codex:rollout-2026-06-03T17-42-04-019e9014-8640-79d3-a482-8cf585a5c3db:372,9954,no_resolved_path
agentsight,e58fce112c6e,5,6,codex:rollout-2026-06-03T17-42-04-019e9014-8640-79d3-a482-8cf585a5c3db:373,9955,no_resolved_path
agentsight,e58fce112c6e,5,6,codex:rollout-2026-06-03T17-42-04-019e9014-8640-79d3-a482-8cf585a5c3db:374,9956,no_resolved_path
agentsight,e58fce112c6e,5,6,codex:rollout-2026-06-03T17-42-04-019e9014-8640-79d3-a482-8cf585a5c3db:375,9957,predecessor_artifact
agentsight,e58fce112c6e,5,6,codex:rollout-2026-06-03T17-42-04-019e9014-8640-79d3-a482-8cf585a5c3db:376,9958,predecessor_module
agentsight,e58fce112c6e,5,6,codex:rollout-2026-06-03T17-42-04-019e9014-8640-79d3-a482-8cf585a5c3db:377,9959,predecessor_module
agentsight,e58fce112c6e,5,6,codex:rollout-2026-06-03T17-42-04-019e9014-8640-79d3-a482-8cf585a5c3db:378,9960,predecessor_module
agentsight,e58fce112c6e,5,6,codex:rollout-2026-06-03T17-42-04-019e9014-8640-79d3-a482-8cf585a5c3db:379,9961,predecessor_module
agentsight,e58fce112c6e,5,6,codex:rollout-2026-06-03T17-42-04-019e9014-8640-79d3-a482-8cf585a5c3db:380,9962,predecessor_module
agentsight,e58fce112c6e,5,6,codex:rollout-2026-06-03T17-42-04-019e9014-8640-79d3-a482-8cf585a5c3db:381,9963,predecessor_module
agentsight,e58fce112c6e,5,6,codex:rollout-2026-06-03T17-42-04-019e9014-8640-79d3-a482-8cf585a5c3db:382,9964,predecessor_module
agentsight,e58fce112c6e,5,6,codex:rollout-2026-06-03T17-42-04-019e9014-8640-79d3-a482-8cf585a5c3db:383,9965,predecessor_artifact
agentsight,e58fce112c6e,5,6,codex:rollout-2026-06-03T17-42-04-019e9014-8640-79d3-a482-8cf585a5c3db:384,9966,predecessor_artifact
agentsight,e58fce112c6e,5,6,codex:rollout-2026-06-03T17-42-04-019e9014-8640-79d3-a482-8cf585a5c3db:385,9967,predecessor_artifact
agentsight,e58fce112c6e,5,6,codex:rollout-2026-06-03T17-42-04-019e9014-8640-79d3-a482-8cf585a5c3db:386,9968,predecessor_artifact
agentsight,e58fce112c6e,5,6,codex:rollout-2026-06-03T17-42-04-019e9014-8640-79d3-a482-8cf585a5c3db:387,9969,no_resolved_path
agentsight,e58fce112c6e,5,6,codex:rollout-2026-06-03T17-42-04-019e9014-8640-79d3-a482-8cf585a5c3db:388,9970,predecessor_artifact
agentsight,e58fce112c6e,5,6,codex:rollout-2026-06-03T17-42-04-019e9014-8640-79d3-a482-8cf585a5c3db:389,9971,predecessor_artifact
agentsight,e58fce112c6e,5,6,codex:rollout-2026-06-03T17-42-04-019e9014-8640-79d3-a482-8cf585a5c3db:390,9972,predecessor_artifact
agentsight,e58fce112c6e,5,6,codex:rollout-2026-06-03T17-42-04-019e9014-8640-79d3-a482-8cf585a5c3db:391,9973,predecessor_artifact
agentsight,e58fce112c6e,5,6,codex:rollout-2026-06-03T17-42-04-019e9014-8640-79d3-a482-8cf585a5c3db:392,9974,predecessor_artifact
agentsight,e58fce112c6e,5,6,codex:rollout-2026-06-03T17-42-04-019e9014-8640-79d3-a482-8cf585a5c3db:393,9975,predecessor_artifact
agentsight,e58fce112c6e,5,6,codex:rollout-2026-06-03T17-42-04-019e9014-8640-79d3-a482-8cf585a5c3db:394,9976,predecessor_artifact
agentsight,e58fce112c6e,5,6,codex:rollout-2026-06-03T17-42-04-019e9014-8640-79d3-a482-8cf585a5c3db:395,9977,predecessor_artifact
agentsight,e58fce112c6e,5,6,codex:rollout-2026-06-03T17-42-04-019e9014-8640-79d3-a482-8cf585a5c3db:396,9978,predecessor_artifact
agentsight,e58fce112c6e,5,6,codex:rollout-2026-06-03T17-42-04-019e9014-8640-79d3-a482-8cf585a5c3db:397,9979,predecessor_artifact
agentsight,e58fce112c6e,5,6,codex:rollout-2026-06-03T17-42-04-019e9014-8640-79d3-a482-8cf585a5c3db:398,9980,predecessor_artifact
agentsight,e58fce112c6e,5,6,codex:rollout-2026-06-03T17-42-04-019e9014-8640-79d3-a482-8cf585a5c3db:399,9981,predecessor_artifact
agentsight,e58fce112c6e,5,6,codex:rollout-2026-06-03T17-42-04-019e9014-8640-79d3-a482-8cf585a5c3db:400,9982,predecessor_artifact
agentsight,e58fce112c6e,5,6,codex:rollout-2026-06-03T17-42-04-019e9014-8640-79d3-a482-8cf585a5c3db:401,9983,no_resolved_path
agentsight,e58fce112c6e,5,6,codex:rollout-2026-06-03T17-42-04-019e9014-8640-79d3-a482-8cf585a5c3db:402,9984,no_resolved_path
agentsight,e58fce112c6e,5,6,codex:rollout-2026-06-03T17-42-04-019e9014-8640-79d3-a482-8cf585a5c3db:403,9985,predecessor_artifact
agentsight,e58fce112c6e,5,6,codex:rollout-2026-06-03T17-42-04-019e9014-8640-79d3-a482-8cf585a5c3db:404,9986,predecessor_artifact
agentsight,e58fce112c6e,5,6,codex:rollout-2026-06-03T17-42-04-019e9014-8640-79d3-a482-8cf585a5c3db:405,9987,predecessor_artifact
agentsight,e58fce112c6e,5,6,codex:rollout-2026-06-03T17-42-04-019e9014-8640-79d3-a482-8cf585a5c3db:406,9988,predecessor_artifact
agentsight,e58fce112c6e,5,6,codex:rollout-2026-06-03T17-42-04-019e9014-8640-79d3-a482-8cf585a5c3db:407,9989,no_resolved_path
agentsight,e58fce112c6e,5,6,codex:rollout-2026-06-03T17-42-04-019e9014-8640-79d3-a482-8cf585a5c3db:408,9990,predecessor_artifact
agentsight,e58fce112c6e,5,6,codex:rollout-2026-06-03T17-42-04-019e9014-8640-79d3-a482-8cf585a5c3db:409,9991,predecessor_artifact
agentsight,e58fce112c6e,5,6,codex:rollout-2026-06-03T17-42-04-019e9014-8640-79d3-a482-8cf585a5c3db:410,9992,predecessor_artifact
agentsight,e58fce112c6e,5,6,codex:rollout-2026-06-03T17-42-04-019e9014-8640-79d3-a482-8cf585a5c3db:411,9993,predecessor_artifact
agentsight,e58fce112c6e,5,6,codex:rollout-2026-06-03T17-42-04-019e9014-8640-79d3-a482-8cf585a5c3db:412,9994,predecessor_artifact
agentsight,e58fce112c6e,5,6,codex:rollout-2026-06-03T17-42-04-019e9014-8640-79d3-a482-8cf585a5c3db:413,9995,predecessor_artifact
agentsight,e58fce112c6e,5,6,codex:rollout-2026-06-03T17-42-04-019e9014-8640-79d3-a482-8cf585a5c3db:414,9996,predecessor_artifact
agentsight,e58fce112c6e,5,6,codex:rollout-2026-06-03T17-42-04-019e9014-8640-79d3-a482-8cf585a5c3db:415,9997,no_resolved_path
agentsight,e58fce112c6e,5,6,codex:rollout-2026-06-03T17-42-04-019e9014-8640-79d3-a482-8cf585a5c3db:416,9998,predecessor_artifact
agentsight,e58fce112c6e,5,6,codex:rollout-2026-06-03T17-42-04-019e9014-8640-79d3-a482-8cf585a5c3db:417,9999,predecessor_artifact
agentsight,e58fce112c6e,5,6,codex:rollout-2026-06-03T17-42-04-019e9014-8640-79d3-a482-8cf585a5c3db:418,10000,predecessor_artifact
agentsight,e58fce112c6e,5,6,codex:rollout-2026-06-03T17-42-04-019e9014-8640-79d3-a482-8cf585a5c3db:419,10001,predecessor_artifact
agentsight,e58fce112c6e,5,6,codex:rollout-2026-06-03T17-42-04-019e9014-8640-79d3-a482-8cf585a5c3db:420,10002,predecessor_artifact
agentsight,e58fce112c6e,5,6,codex:rollout-2026-06-03T17-42-04-019e9014-8640-79d3-a482-8cf585a5c3db:421,10003,predecessor_artifact
agentsight,e58fce112c6e,5,6,codex:rollout-2026-06-03T17-42-04-019e9014-8640-79d3-a482-8cf585a5c3db:422,10004,predecessor_artifact
agentsight,e58fce112c6e,5,6,codex:rollout-2026-06-03T17-42-04-019e9014-8640-79d3-a482-8cf585a5c3db:423,10005,predecessor_artifact
agentsight,e58fce112c6e,5,6,codex:rollout-2026-06-03T17-42-04-019e9014-8640-79d3-a482-8cf585a5c3db:424,10006,no_resolved_path
agentsight,e58fce112c6e,5,6,codex:rollout-2026-06-03T17-42-04-019e9014-8640-79d3-a482-8cf585a5c3db:425,10007,predecessor_artifact
agentsight,e58fce112c6e,5,6,codex:rollout-2026-06-03T17-42-04-019e9014-8640-79d3-a482-8cf585a5c3db:426,10008,predecessor_artifact
agentsight,e58fce112c6e,5,6,codex:rollout-2026-06-03T17-42-04-019e9014-8640-79d3-a482-8cf585a5c3db:427,10009,predecessor_artifact
agentsight,e58fce112c6e,5,6,codex:rollout-2026-06-03T17-42-04-019e9014-8640-79d3-a482-8cf585a5c3db:428,10010,predecessor_artifact
agentsight,e58fce112c6e,5,6,codex:rollout-2026-06-03T17-42-04-019e9014-8640-79d3-a482-8cf585a5c3db:429,10011,predecessor_artifact
agentsight,e58fce112c6e,5,6,codex:rollout-2026-06-03T17-42-04-019e9014-8640-79d3-a482-8cf585a5c3db:430,10012,predecessor_artifact
agentsight,e58fce112c6e,5,6,codex:rollout-2026-06-03T17-42-04-019e9014-8640-79d3-a482-8cf585a5c3db:431,10013,predecessor_artifact
agentsight,e58fce112c6e,5,6,codex:rollout-2026-06-03T17-42-04-019e9014-8640-79d3-a482-8cf585a5c3db:432,10014,predecessor_artifact
agentsight,e58fce112c6e,5,6,codex:rollout-2026-06-03T17-42-04-019e9014-8640-79d3-a482-8cf585a5c3db:433,10015,predecessor_artifact
agentsight,e58fce112c6e,5,6,codex:rollout-2026-06-03T17-42-04-019e9014-8640-79d3-a482-8cf585a5c3db:434,10016,no_resolved_path
agentsight,e58fce112c6e,5,6,codex:rollout-2026-06-03T17-42-04-019e9014-8640-79d3-a482-8cf585a5c3db:435,10017,no_resolved_path
agentsight,e58fce112c6e,5,6,codex:rollout-2026-06-03T17-42-04-019e9014-8640-79d3-a482-8cf585a5c3db:436,10018,predecessor_artifact
agentsight,e58fce112c6e,5,6,codex:rollout-2026-06-03T17-42-04-019e9014-8640-79d3-a482-8cf585a5c3db:437,10019,predecessor_artifact
agentsight,e58fce112c6e,5,6,codex:rollout-2026-06-03T17-42-04-019e9014-8640-79d3-a482-8cf585a5c3db:438,10020,predecessor_module
agentsight,e58fce112c6e,5,6,codex:rollout-2026-06-03T17-42-04-019e9014-8640-79d3-a482-8cf585a5c3db:439,10021,predecessor_artifact
agentsight,e58fce112c6e,5,6,codex:rollout-2026-06-03T17-42-04-019e9014-8640-79d3-a482-8cf585a5c3db:440,10022,predecessor_module
agentsight,e58fce112c6e,5,6,codex:rollout-2026-06-03T17-42-04-019e9014-8640-79d3-a482-8cf585a5c3db:441,10023,predecessor_artifact
agentsight,e58fce112c6e,5,6,codex:rollout-2026-06-03T17-42-04-019e9014-8640-79d3-a482-8cf585a5c3db:442,10024,predecessor_artifact
agentsight,e58fce112c6e,5,6,codex:rollout-2026-06-03T17-42-04-019e9014-8640-79d3-a482-8cf585a5c3db:443,10025,predecessor_artifact
agentsight,e58fce112c6e,5,6,codex:rollout-2026-06-03T17-42-04-019e9014-8640-79d3-a482-8cf585a5c3db:444,10026,no_resolved_path
agentsight,e58fce112c6e,5,6,codex:rollout-2026-06-03T17-42-04-019e9014-8640-79d3-a482-8cf585a5c3db:445,10027,no_resolved_path
agentsight,e58fce112c6e,5,6,codex:rollout-2026-06-03T17-42-04-019e9014-8640-79d3-a482-8cf585a5c3db:446,10028,no_resolved_path
agentsight,e58fce112c6e,5,6,codex:rollout-2026-06-03T17-42-04-019e9014-8640-79d3-a482-8cf585a5c3db:447,10029,no_resolved_path
agentsight,e58fce112c6e,5,6,codex:rollout-2026-06-03T17-42-04-019e9014-8640-79d3-a482-8cf585a5c3db:448,10030,no_resolved_path
agentsight,e58fce112c6e,5,6,codex:rollout-2026-06-03T17-42-04-019e9014-8640-79d3-a482-8cf585a5c3db:449,10031,no_resolved_path
agentsight,e58fce112c6e,5,6,codex:rollout-2026-06-03T17-42-04-019e9014-8640-79d3-a482-8cf585a5c3db:450,10032,predecessor_artifact
agentsight,e58fce112c6e,5,6,codex:rollout-2026-06-03T17-42-04-019e9014-8640-79d3-a482-8cf585a5c3db:451,10033,predecessor_module
agentsight,e58fce112c6e,5,6,codex:rollout-2026-06-03T17-42-04-019e9014-8640-79d3-a482-8cf585a5c3db:452,10034,no_resolved_path
agentsight,e58fce112c6e,5,6,codex:rollout-2026-06-03T17-42-04-019e9014-8640-79d3-a482-8cf585a5c3db:453,10035,no_resolved_path
agentsight,e58fce112c6e,5,6,codex:rollout-2026-06-03T17-42-04-019e9014-8640-79d3-a482-8cf585a5c3db:454,10036,no_resolved_path
agentsight,e58fce112c6e,5,6,codex:rollout-2026-06-03T17-42-04-019e9014-8640-79d3-a482-8cf585a5c3db:455,10037,predecessor_artifact
agentsight,e58fce112c6e,5,6,codex:rollout-2026-06-03T17-42-04-019e9014-8640-79d3-a482-8cf585a5c3db:456,10038,predecessor_module
agentsight,e58fce112c6e,5,6,codex:rollout-2026-06-03T17-42-04-019e9014-8640-79d3-a482-8cf585a5c3db:457,10039,no_resolved_path
agentsight,e58fce112c6e,5,6,claude:34934785-8ee2-4f9c-be78-794bce7e1361:18,10040,no_resolved_path
agentsight,e58fce112c6e,5,6,claude:34934785-8ee2-4f9c-be78-794bce7e1361:19,10041,no_resolved_path
agentsight,e58fce112c6e,5,6,claude:34934785-8ee2-4f9c-be78-794bce7e1361:20,10042,no_resolved_path
agentsight,e58fce112c6e,5,6,claude:34934785-8ee2-4f9c-be78-794bce7e1361:21,10043,no_resolved_path
agentsight,e58fce112c6e,5,6,claude:34934785-8ee2-4f9c-be78-794bce7e1361:22,10044,no_resolved_path
agentsight,e58fce112c6e,5,6,claude:34934785-8ee2-4f9c-be78-794bce7e1361:23,10045,no_resolved_path
agentsight,e58fce112c6e,5,6,claude:34934785-8ee2-4f9c-be78-794bce7e1361:24,10046,no_resolved_path
agentsight,e58fce112c6e,5,6,claude:34934785-8ee2-4f9c-be78-794bce7e1361:25,10047,no_resolved_path
agentsight,e58fce112c6e,5,6,codex:rollout-2026-06-03T17-42-04-019e9014-8640-79d3-a482-8cf585a5c3db:458,10048,predecessor_module
agentsight,e58fce112c6e,5,6,codex:rollout-2026-06-03T17-42-04-019e9014-8640-79d3-a482-8cf585a5c3db:459,10049,predecessor_artifact
agentsight,e58fce112c6e,5,6,codex:rollout-2026-06-03T17-42-04-019e9014-8640-79d3-a482-8cf585a5c3db:460,10050,predecessor_artifact
agentsight,e58fce112c6e,5,6,codex:rollout-2026-06-03T17-42-04-019e9014-8640-79d3-a482-8cf585a5c3db:461,10051,predecessor_artifact
agentsight,e58fce112c6e,5,6,codex:rollout-2026-06-03T17-42-04-019e9014-8640-79d3-a482-8cf585a5c3db:462,10052,predecessor_module
agentsight,e58fce112c6e,5,6,codex:rollout-2026-06-03T17-42-04-019e9014-8640-79d3-a482-8cf585a5c3db:463,10053,predecessor_artifact
agentsight,e58fce112c6e,5,6,codex:rollout-2026-06-03T17-42-04-019e9014-8640-79d3-a482-8cf585a5c3db:464,10054,predecessor_artifact
agentsight,e58fce112c6e,5,6,codex:rollout-2026-06-03T17-42-04-019e9014-8640-79d3-a482-8cf585a5c3db:465,10055,predecessor_module
agentsight,e58fce112c6e,5,6,claude:34934785-8ee2-4f9c-be78-794bce7e1361:26,10056,predecessor_artifact
agentsight,e58fce112c6e,5,6,claude:34934785-8ee2-4f9c-be78-794bce7e1361:27,10057,predecessor_artifact
agentsight,e58fce112c6e,5,6,claude:34934785-8ee2-4f9c-be78-794bce7e1361:28,10058,predecessor_artifact
agentsight,e58fce112c6e,5,6,claude:34934785-8ee2-4f9c-be78-794bce7e1361:29,10059,predecessor_artifact
agentsight,e58fce112c6e,5,6,claude:34934785-8ee2-4f9c-be78-794bce7e1361:30,10060,predecessor_artifact
agentsight,e58fce112c6e,5,6,claude:34934785-8ee2-4f9c-be78-794bce7e1361:31,10061,predecessor_artifact
agentsight,e58fce112c6e,5,6,claude:34934785-8ee2-4f9c-be78-794bce7e1361:32,10062,no_resolved_path
agentsight,e58fce112c6e,5,6,codex:rollout-2026-06-03T17-42-04-019e9014-8640-79d3-a482-8cf585a5c3db:466,10063,predecessor_artifact
agentsight,e58fce112c6e,5,6,claude:34934785-8ee2-4f9c-be78-794bce7e1361:33,10064,no_resolved_path
agentsight,e58fce112c6e,5,6,claude:34934785-8ee2-4f9c-be78-794bce7e1361:34,10065,predecessor_module
agentsight,e58fce112c6e,5,6,claude:34934785-8ee2-4f9c-be78-794bce7e1361:35,10066,predecessor_module
agentsight,e58fce112c6e,5,6,claude:34934785-8ee2-4f9c-be78-794bce7e1361:36,10067,predecessor_artifact
agentsight,e58fce112c6e,5,6,codex:rollout-2026-06-03T17-42-04-019e9014-8640-79d3-a482-8cf585a5c3db:467,10068,predecessor_artifact
agentsight,e58fce112c6e,5,6,claude:34934785-8ee2-4f9c-be78-794bce7e1361:37,10069,predecessor_artifact
agentsight,e58fce112c6e,5,6,claude:34934785-8ee2-4f9c-be78-794bce7e1361:38,10070,predecessor_artifact
agentsight,e58fce112c6e,5,6,claude:34934785-8ee2-4f9c-be78-794bce7e1361:39,10071,predecessor_module
agentsight,e58fce112c6e,5,6,codex:rollout-2026-06-03T17-42-04-019e9014-8640-79d3-a482-8cf585a5c3db:468,10072,no_resolved_path
agentsight,e58fce112c6e,5,6,codex:rollout-2026-06-03T17-42-04-019e9014-8640-79d3-a482-8cf585a5c3db:469,10073,no_resolved_path
agentsight,e58fce112c6e,5,6,codex:rollout-2026-06-03T17-42-04-019e9014-8640-79d3-a482-8cf585a5c3db:470,10074,predecessor_artifact
agentsight,e58fce112c6e,5,6,codex:rollout-2026-06-03T17-42-04-019e9014-8640-79d3-a482-8cf585a5c3db:471,10075,predecessor_module
agentsight,e58fce112c6e,5,6,codex:rollout-2026-06-03T17-42-04-019e9014-8640-79d3-a482-8cf585a5c3db:472,10076,predecessor_module
agentsight,e58fce112c6e,5,6,codex:rollout-2026-06-03T17-42-04-019e9014-8640-79d3-a482-8cf585a5c3db:473,10077,no_resolved_path
agentsight,e58fce112c6e,5,6,codex:rollout-2026-06-03T17-42-04-019e9014-8640-79d3-a482-8cf585a5c3db:474,10078,predecessor_artifact
agentsight,e58fce112c6e,5,6,codex:rollout-2026-06-03T17-42-04-019e9014-8640-79d3-a482-8cf585a5c3db:475,10079,predecessor_module
agentsight,e58fce112c6e,5,6,codex:rollout-2026-06-03T17-42-04-019e9014-8640-79d3-a482-8cf585a5c3db:476,10080,predecessor_module
agentsight,e58fce112c6e,5,6,codex:rollout-2026-06-03T17-42-04-019e9014-8640-79d3-a482-8cf585a5c3db:477,10081,predecessor_artifact
agentsight,e58fce112c6e,5,6,codex:rollout-2026-06-03T17-42-04-019e9014-8640-79d3-a482-8cf585a5c3db:478,10082,predecessor_module
agentsight,e58fce112c6e,5,6,codex:rollout-2026-06-03T17-42-04-019e9014-8640-79d3-a482-8cf585a5c3db:479,10083,predecessor_module
agentsight,e58fce112c6e,5,6,codex:rollout-2026-06-03T17-42-04-019e9014-8640-79d3-a482-8cf585a5c3db:480,10084,no_resolved_path
agentsight,e58fce112c6e,5,6,codex:rollout-2026-06-03T17-42-04-019e9014-8640-79d3-a482-8cf585a5c3db:481,10085,predecessor_artifact
agentsight,e58fce112c6e,5,6,codex:rollout-2026-06-03T17-42-04-019e9014-8640-79d3-a482-8cf585a5c3db:482,10086,predecessor_artifact
agentsight,e58fce112c6e,5,6,codex:rollout-2026-06-03T17-42-04-019e9014-8640-79d3-a482-8cf585a5c3db:483,10087,predecessor_module
agentsight,e58fce112c6e,5,6,codex:rollout-2026-06-03T17-42-04-019e9014-8640-79d3-a482-8cf585a5c3db:484,10088,no_resolved_path
agentsight,e58fce112c6e,5,6,codex:rollout-2026-06-03T17-42-04-019e9014-8640-79d3-a482-8cf585a5c3db:485,10089,no_resolved_path
agentsight,e58fce112c6e,5,6,codex:rollout-2026-06-03T17-42-04-019e9014-8640-79d3-a482-8cf585a5c3db:486,10090,predecessor_artifact
agentsight,e58fce112c6e,5,6,codex:rollout-2026-06-03T17-42-04-019e9014-8640-79d3-a482-8cf585a5c3db:487,10091,predecessor_artifact
agentsight,e58fce112c6e,5,6,codex:rollout-2026-06-03T17-42-04-019e9014-8640-79d3-a482-8cf585a5c3db:488,10092,no_resolved_path
agentsight,e58fce112c6e,5,6,codex:rollout-2026-06-03T17-42-04-019e9014-8640-79d3-a482-8cf585a5c3db:489,10093,no_resolved_path
agentsight,e58fce112c6e,5,6,codex:rollout-2026-06-03T17-42-04-019e9014-8640-79d3-a482-8cf585a5c3db:490,10094,predecessor_artifact
agentsight,e58fce112c6e,5,6,codex:rollout-2026-06-03T17-42-04-019e9014-8640-79d3-a482-8cf585a5c3db:491,10095,predecessor_module
agentsight,e58fce112c6e,5,6,codex:rollout-2026-06-03T17-42-04-019e9014-8640-79d3-a482-8cf585a5c3db:492,10096,predecessor_artifact
agentsight,e58fce112c6e,5,6,codex:rollout-2026-06-03T17-42-04-019e9014-8640-79d3-a482-8cf585a5c3db:493,10097,predecessor_artifact
agentsight,e58fce112c6e,5,6,codex:rollout-2026-06-03T17-42-04-019e9014-8640-79d3-a482-8cf585a5c3db:494,10098,predecessor_artifact
agentsight,e58fce112c6e,5,6,codex:rollout-2026-06-03T17-42-04-019e9014-8640-79d3-a482-8cf585a5c3db:495,10099,predecessor_artifact
agentsight,e58fce112c6e,5,6,codex:rollout-2026-06-03T17-42-04-019e9014-8640-79d3-a482-8cf585a5c3db:496,10100,predecessor_artifact
agentsight,e58fce112c6e,5,6,codex:rollout-2026-06-03T17-42-04-019e9014-8640-79d3-a482-8cf585a5c3db:497,10101,predecessor_artifact
agentsight,e58fce112c6e,5,6,codex:rollout-2026-06-03T17-42-04-019e9014-8640-79d3-a482-8cf585a5c3db:498,10102,predecessor_artifact
agentsight,e58fce112c6e,5,6,codex:rollout-2026-06-03T17-42-04-019e9014-8640-79d3-a482-8cf585a5c3db:499,10103,predecessor_artifact
agentsight,e58fce112c6e,5,6,codex:rollout-2026-06-03T17-42-04-019e9014-8640-79d3-a482-8cf585a5c3db:500,10104,predecessor_artifact
agentsight,e58fce112c6e,5,6,codex:rollout-2026-06-03T17-42-04-019e9014-8640-79d3-a482-8cf585a5c3db:501,10105,predecessor_artifact
agentsight,e58fce112c6e,5,6,codex:rollout-2026-06-03T17-42-04-019e9014-8640-79d3-a482-8cf585a5c3db:502,10106,predecessor_artifact
agentsight,e58fce112c6e,5,6,codex:rollout-2026-06-03T17-42-04-019e9014-8640-79d3-a482-8cf585a5c3db:503,10107,predecessor_module
agentsight,e58fce112c6e,5,6,codex:rollout-2026-06-03T17-42-04-019e9014-8640-79d3-a482-8cf585a5c3db:504,10108,predecessor_artifact
agentsight,e58fce112c6e,5,6,codex:rollout-2026-06-03T17-42-04-019e9014-8640-79d3-a482-8cf585a5c3db:505,10109,predecessor_artifact
agentsight,e58fce112c6e,5,6,codex:rollout-2026-06-03T17-42-04-019e9014-8640-79d3-a482-8cf585a5c3db:506,10110,predecessor_artifact
agentsight,e58fce112c6e,5,6,codex:rollout-2026-06-03T17-42-04-019e9014-8640-79d3-a482-8cf585a5c3db:507,10111,predecessor_artifact
agentsight,e58fce112c6e,5,6,codex:rollout-2026-06-03T17-42-04-019e9014-8640-79d3-a482-8cf585a5c3db:508,10112,predecessor_artifact
agentsight,e58fce112c6e,5,6,codex:rollout-2026-06-03T17-42-04-019e9014-8640-79d3-a482-8cf585a5c3db:509,10113,predecessor_artifact
agentsight,e58fce112c6e,5,6,codex:rollout-2026-06-03T17-42-04-019e9014-8640-79d3-a482-8cf585a5c3db:510,10114,predecessor_artifact
agentsight,e58fce112c6e,5,6,codex:rollout-2026-06-03T17-42-04-019e9014-8640-79d3-a482-8cf585a5c3db:511,10115,predecessor_artifact
agentsight,e58fce112c6e,5,6,codex:rollout-2026-06-03T17-42-04-019e9014-8640-79d3-a482-8cf585a5c3db:512,10116,predecessor_artifact
agentsight,e58fce112c6e,5,6,codex:rollout-2026-06-03T17-42-04-019e9014-8640-79d3-a482-8cf585a5c3db:513,10117,predecessor_artifact
agentsight,e58fce112c6e,5,6,codex:rollout-2026-06-03T17-42-04-019e9014-8640-79d3-a482-8cf585a5c3db:514,10118,predecessor_artifact
agentsight,e58fce112c6e,5,6,codex:rollout-2026-06-03T17-42-04-019e9014-8640-79d3-a482-8cf585a5c3db:515,10119,predecessor_artifact
agentsight,e58fce112c6e,5,6,codex:rollout-2026-06-03T17-42-04-019e9014-8640-79d3-a482-8cf585a5c3db:516,10120,predecessor_artifact
agentsight,e58fce112c6e,5,6,codex:rollout-2026-06-03T17-42-04-019e9014-8640-79d3-a482-8cf585a5c3db:517,10121,predecessor_artifact
agentsight,e58fce112c6e,5,6,codex:rollout-2026-06-03T17-42-04-019e9014-8640-79d3-a482-8cf585a5c3db:518,10122,predecessor_artifact
agentsight,e58fce112c6e,5,6,codex:rollout-2026-06-03T17-42-04-019e9014-8640-79d3-a482-8cf585a5c3db:519,10123,predecessor_module
agentsight,e58fce112c6e,5,6,codex:rollout-2026-06-03T17-42-04-019e9014-8640-79d3-a482-8cf585a5c3db:520,10124,predecessor_artifact
agentsight,e58fce112c6e,5,6,codex:rollout-2026-06-03T17-42-04-019e9014-8640-79d3-a482-8cf585a5c3db:521,10125,predecessor_artifact
agentsight,e58fce112c6e,5,6,codex:rollout-2026-06-03T17-42-04-019e9014-8640-79d3-a482-8cf585a5c3db:522,10126,predecessor_artifact
agentsight,e58fce112c6e,5,6,codex:rollout-2026-06-03T17-42-04-019e9014-8640-79d3-a482-8cf585a5c3db:523,10127,predecessor_artifact
agentsight,e58fce112c6e,5,6,codex:rollout-2026-06-03T17-42-04-019e9014-8640-79d3-a482-8cf585a5c3db:524,10128,predecessor_artifact
agentsight,e58fce112c6e,5,6,codex:rollout-2026-06-03T17-42-04-019e9014-8640-79d3-a482-8cf585a5c3db:525,10129,predecessor_artifact
agentsight,e58fce112c6e,5,6,codex:rollout-2026-06-03T17-42-04-019e9014-8640-79d3-a482-8cf585a5c3db:526,10130,predecessor_module
agentsight,e58fce112c6e,5,6,codex:rollout-2026-06-03T17-42-04-019e9014-8640-79d3-a482-8cf585a5c3db:527,10131,predecessor_module
agentsight,e58fce112c6e,5,6,codex:rollout-2026-06-03T17-42-04-019e9014-8640-79d3-a482-8cf585a5c3db:528,10132,predecessor_module
agentsight,e58fce112c6e,5,6,codex:rollout-2026-06-03T17-42-04-019e9014-8640-79d3-a482-8cf585a5c3db:529,10133,predecessor_artifact
agentsight,e58fce112c6e,5,6,codex:rollout-2026-06-03T17-42-04-019e9014-8640-79d3-a482-8cf585a5c3db:530,10134,predecessor_module
agentsight,e58fce112c6e,5,6,codex:rollout-2026-06-03T17-42-04-019e9014-8640-79d3-a482-8cf585a5c3db:531,10135,predecessor_artifact
agentsight,e58fce112c6e,5,6,codex:rollout-2026-06-03T17-42-04-019e9014-8640-79d3-a482-8cf585a5c3db:532,10136,predecessor_module
agentsight,e58fce112c6e,5,6,codex:rollout-2026-06-03T17-42-04-019e9014-8640-79d3-a482-8cf585a5c3db:533,10137,predecessor_artifact
agentsight,e58fce112c6e,5,6,codex:rollout-2026-06-03T17-42-04-019e9014-8640-79d3-a482-8cf585a5c3db:534,10138,predecessor_module
agentsight,e58fce112c6e,5,6,codex:rollout-2026-06-03T17-42-04-019e9014-8640-79d3-a482-8cf585a5c3db:535,10139,predecessor_artifact
agentsight,e58fce112c6e,5,6,codex:rollout-2026-06-03T17-42-04-019e9014-8640-79d3-a482-8cf585a5c3db:536,10140,no_resolved_path
agentsight,e58fce112c6e,5,6,codex:rollout-2026-06-03T17-42-04-019e9014-8640-79d3-a482-8cf585a5c3db:537,10141,no_resolved_path
agentsight,e58fce112c6e,5,6,codex:rollout-2026-06-03T17-42-04-019e9014-8640-79d3-a482-8cf585a5c3db:538,10142,no_resolved_path
agentsight,e58fce112c6e,5,6,codex:rollout-2026-06-03T17-42-04-019e9014-8640-79d3-a482-8cf585a5c3db:539,10143,no_resolved_path
agentsight,e58fce112c6e,5,6,codex:rollout-2026-06-03T17-42-04-019e9014-8640-79d3-a482-8cf585a5c3db:540,10144,predecessor_artifact
agentsight,e58fce112c6e,5,6,codex:rollout-2026-06-03T17-42-04-019e9014-8640-79d3-a482-8cf585a5c3db:541,10145,no_resolved_path
agentsight,e58fce112c6e,5,6,codex:rollout-2026-06-03T17-42-04-019e9014-8640-79d3-a482-8cf585a5c3db:542,10146,no_resolved_path
agentsight,e58fce112c6e,5,6,codex:rollout-2026-06-03T17-42-04-019e9014-8640-79d3-a482-8cf585a5c3db:543,10147,no_resolved_path
agentsight,e58fce112c6e,5,6,codex:rollout-2026-06-03T17-42-04-019e9014-8640-79d3-a482-8cf585a5c3db:544,10148,predecessor_artifact
agentsight,e58fce112c6e,5,6,codex:rollout-2026-06-03T17-42-04-019e9014-8640-79d3-a482-8cf585a5c3db:545,10149,predecessor_artifact
agentsight,e58fce112c6e,5,6,codex:rollout-2026-06-03T17-42-04-019e9014-8640-79d3-a482-8cf585a5c3db:546,10150,predecessor_artifact
agentsight,e58fce112c6e,5,6,codex:rollout-2026-06-03T17-42-04-019e9014-8640-79d3-a482-8cf585a5c3db:547,10151,predecessor_artifact
agentsight,e58fce112c6e,5,6,codex:rollout-2026-06-03T17-42-04-019e9014-8640-79d3-a482-8cf585a5c3db:548,10152,predecessor_artifact
agentsight,e58fce112c6e,5,6,codex:rollout-2026-06-03T17-42-04-019e9014-8640-79d3-a482-8cf585a5c3db:549,10153,predecessor_artifact
agentsight,e58fce112c6e,5,6,codex:rollout-2026-06-03T17-42-04-019e9014-8640-79d3-a482-8cf585a5c3db:550,10154,predecessor_module
agentsight,e58fce112c6e,5,6,codex:rollout-2026-06-03T17-42-04-019e9014-8640-79d3-a482-8cf585a5c3db:551,10155,predecessor_artifact
agentsight,e58fce112c6e,5,6,codex:rollout-2026-06-03T17-42-04-019e9014-8640-79d3-a482-8cf585a5c3db:552,10156,predecessor_artifact
agentsight,e58fce112c6e,5,6,codex:rollout-2026-06-03T17-42-04-019e9014-8640-79d3-a482-8cf585a5c3db:553,10157,predecessor_artifact
agentsight,e58fce112c6e,5,6,codex:rollout-2026-06-03T17-42-04-019e9014-8640-79d3-a482-8cf585a5c3db:554,10158,predecessor_artifact
agentsight,e58fce112c6e,5,6,codex:rollout-2026-06-03T17-42-04-019e9014-8640-79d3-a482-8cf585a5c3db:555,10159,predecessor_artifact
agentsight,e58fce112c6e,5,6,codex:rollout-2026-06-03T17-42-04-019e9014-8640-79d3-a482-8cf585a5c3db:556,10160,predecessor_artifact
agentsight,e58fce112c6e,5,6,codex:rollout-2026-06-03T17-42-04-019e9014-8640-79d3-a482-8cf585a5c3db:557,10161,predecessor_artifact
agentsight,e58fce112c6e,5,6,codex:rollout-2026-06-03T17-42-04-019e9014-8640-79d3-a482-8cf585a5c3db:558,10162,predecessor_artifact
agentsight,e58fce112c6e,5,6,codex:rollout-2026-06-03T17-42-04-019e9014-8640-79d3-a482-8cf585a5c3db:559,10163,predecessor_artifact
agentsight,e58fce112c6e,5,6,codex:rollout-2026-06-03T17-42-04-019e9014-8640-79d3-a482-8cf585a5c3db:560,10164,predecessor_artifact
agentsight,e58fce112c6e,5,6,codex:rollout-2026-06-03T17-42-04-019e9014-8640-79d3-a482-8cf585a5c3db:561,10165,no_resolved_path
agentsight,e58fce112c6e,5,6,codex:rollout-2026-06-03T17-42-04-019e9014-8640-79d3-a482-8cf585a5c3db:562,10166,predecessor_artifact
agentsight,e58fce112c6e,5,6,codex:rollout-2026-06-03T17-42-04-019e9014-8640-79d3-a482-8cf585a5c3db:563,10167,predecessor_artifact
agentsight,e58fce112c6e,5,6,codex:rollout-2026-06-03T17-42-04-019e9014-8640-79d3-a482-8cf585a5c3db:564,10168,predecessor_artifact
agentsight,e58fce112c6e,5,6,codex:rollout-2026-06-03T17-42-04-019e9014-8640-79d3-a482-8cf585a5c3db:565,10169,predecessor_artifact
agentsight,e58fce112c6e,5,6,codex:rollout-2026-06-03T17-42-04-019e9014-8640-79d3-a482-8cf585a5c3db:566,10170,predecessor_module
agentsight,e58fce112c6e,5,6,codex:rollout-2026-06-03T17-42-04-019e9014-8640-79d3-a482-8cf585a5c3db:567,10171,predecessor_module
agentsight,e58fce112c6e,5,6,codex:rollout-2026-06-03T17-42-04-019e9014-8640-79d3-a482-8cf585a5c3db:568,10172,no_resolved_path
agentsight,e58fce112c6e,5,6,codex:rollout-2026-06-03T17-42-04-019e9014-8640-79d3-a482-8cf585a5c3db:569,10173,predecessor_artifact
agentsight,e58fce112c6e,5,6,codex:rollout-2026-06-03T17-42-04-019e9014-8640-79d3-a482-8cf585a5c3db:570,10174,predecessor_module
agentsight,e58fce112c6e,5,6,codex:rollout-2026-06-03T17-42-04-019e9014-8640-79d3-a482-8cf585a5c3db:571,10175,no_resolved_path
agentsight,e58fce112c6e,5,6,codex:rollout-2026-06-03T17-42-04-019e9014-8640-79d3-a482-8cf585a5c3db:572,10176,predecessor_module
agentsight,e58fce112c6e,5,6,codex:rollout-2026-06-03T17-42-04-019e9014-8640-79d3-a482-8cf585a5c3db:573,10177,predecessor_module
agentsight,e58fce112c6e,5,6,codex:rollout-2026-06-03T17-42-04-019e9014-8640-79d3-a482-8cf585a5c3db:574,10178,predecessor_module
agentsight,e58fce112c6e,5,6,codex:rollout-2026-06-03T17-42-04-019e9014-8640-79d3-a482-8cf585a5c3db:575,10179,predecessor_module
agentsight,e58fce112c6e,5,6,codex:rollout-2026-06-03T17-42-04-019e9014-8640-79d3-a482-8cf585a5c3db:576,10180,predecessor_module
agentsight,e58fce112c6e,5,6,codex:rollout-2026-06-03T17-42-04-019e9014-8640-79d3-a482-8cf585a5c3db:577,10181,predecessor_artifact
agentsight,e58fce112c6e,5,6,codex:rollout-2026-06-03T17-42-04-019e9014-8640-79d3-a482-8cf585a5c3db:578,10182,predecessor_module
agentsight,e58fce112c6e,5,6,codex:rollout-2026-06-03T17-42-04-019e9014-8640-79d3-a482-8cf585a5c3db:579,10183,predecessor_module
agentsight,e58fce112c6e,5,6,codex:rollout-2026-06-03T17-42-04-019e9014-8640-79d3-a482-8cf585a5c3db:580,10184,predecessor_module
agentsight,e58fce112c6e,5,6,codex:rollout-2026-06-03T17-42-04-019e9014-8640-79d3-a482-8cf585a5c3db:581,10185,predecessor_module
agentsight,e58fce112c6e,5,6,codex:rollout-2026-06-03T17-42-04-019e9014-8640-79d3-a482-8cf585a5c3db:582,10186,predecessor_module
agentsight,e58fce112c6e,5,6,codex:rollout-2026-06-03T17-42-04-019e9014-8640-79d3-a482-8cf585a5c3db:583,10187,predecessor_module
agentsight,e58fce112c6e,5,6,codex:rollout-2026-06-03T17-42-04-019e9014-8640-79d3-a482-8cf585a5c3db:584,10188,predecessor_module
agentsight,e58fce112c6e,5,6,codex:rollout-2026-06-03T17-42-04-019e9014-8640-79d3-a482-8cf585a5c3db:585,10189,predecessor_module
agentsight,e58fce112c6e,5,6,codex:rollout-2026-06-03T17-42-04-019e9014-8640-79d3-a482-8cf585a5c3db:586,10190,predecessor_module
agentsight,e58fce112c6e,5,6,codex:rollout-2026-06-03T17-42-04-019e9014-8640-79d3-a482-8cf585a5c3db:587,10191,predecessor_module
agentsight,e58fce112c6e,5,6,codex:rollout-2026-06-03T17-42-04-019e9014-8640-79d3-a482-8cf585a5c3db:588,10192,predecessor_module
agentsight,e58fce112c6e,5,6,codex:rollout-2026-06-03T17-42-04-019e9014-8640-79d3-a482-8cf585a5c3db:589,10193,predecessor_module
agentsight,e58fce112c6e,5,6,codex:rollout-2026-06-03T17-42-04-019e9014-8640-79d3-a482-8cf585a5c3db:590,10194,predecessor_module
agentsight,e58fce112c6e,5,6,codex:rollout-2026-06-03T17-42-04-019e9014-8640-79d3-a482-8cf585a5c3db:591,10195,predecessor_module
agentsight,e58fce112c6e,5,6,codex:rollout-2026-06-03T17-42-04-019e9014-8640-79d3-a482-8cf585a5c3db:592,10196,predecessor_module
agentsight,e58fce112c6e,5,6,codex:rollout-2026-06-03T17-42-04-019e9014-8640-79d3-a482-8cf585a5c3db:593,10197,predecessor_artifact
agentsight,e58fce112c6e,5,6,codex:rollout-2026-06-03T17-42-04-019e9014-8640-79d3-a482-8cf585a5c3db:594,10198,predecessor_artifact
agentsight,e58fce112c6e,5,6,codex:rollout-2026-06-03T17-42-04-019e9014-8640-79d3-a482-8cf585a5c3db:595,10199,predecessor_artifact
agentsight,e58fce112c6e,5,6,codex:rollout-2026-06-03T17-42-04-019e9014-8640-79d3-a482-8cf585a5c3db:596,10200,predecessor_artifact
agentsight,e58fce112c6e,5,6,codex:rollout-2026-06-03T17-42-04-019e9014-8640-79d3-a482-8cf585a5c3db:597,10201,predecessor_artifact
agentsight,e58fce112c6e,5,6,codex:rollout-2026-06-03T17-42-04-019e9014-8640-79d3-a482-8cf585a5c3db:598,10202,predecessor_artifact
agentsight,e58fce112c6e,5,6,codex:rollout-2026-06-03T17-42-04-019e9014-8640-79d3-a482-8cf585a5c3db:599,10203,no_resolved_path
agentsight,e58fce112c6e,5,6,codex:rollout-2026-06-03T17-42-04-019e9014-8640-79d3-a482-8cf585a5c3db:600,10204,predecessor_module
agentsight,e58fce112c6e,5,6,codex:rollout-2026-06-03T17-42-04-019e9014-8640-79d3-a482-8cf585a5c3db:601,10205,predecessor_module
agentsight,e58fce112c6e,5,6,codex:rollout-2026-06-03T17-42-04-019e9014-8640-79d3-a482-8cf585a5c3db:602,10206,predecessor_artifact
agentsight,e58fce112c6e,5,6,codex:rollout-2026-06-03T17-42-04-019e9014-8640-79d3-a482-8cf585a5c3db:603,10207,no_resolved_path
agentsight,e58fce112c6e,5,6,codex:rollout-2026-06-03T17-42-04-019e9014-8640-79d3-a482-8cf585a5c3db:604,10208,no_resolved_path
agentsight,e58fce112c6e,5,6,codex:rollout-2026-06-03T17-42-04-019e9014-8640-79d3-a482-8cf585a5c3db:605,10209,no_resolved_path
agentsight,e58fce112c6e,5,6,codex:rollout-2026-06-03T17-42-04-019e9014-8640-79d3-a482-8cf585a5c3db:606,10210,predecessor_artifact
agentsight,e58fce112c6e,5,6,codex:rollout-2026-06-03T17-42-04-019e9014-8640-79d3-a482-8cf585a5c3db:607,10211,predecessor_module
agentsight,e58fce112c6e,5,6,codex:rollout-2026-06-03T17-42-04-019e9014-8640-79d3-a482-8cf585a5c3db:608,10212,no_resolved_path
agentsight,e58fce112c6e,5,6,codex:rollout-2026-06-03T17-42-04-019e9014-8640-79d3-a482-8cf585a5c3db:609,10213,predecessor_artifact
agentsight,e58fce112c6e,5,6,codex:rollout-2026-06-03T17-42-04-019e9014-8640-79d3-a482-8cf585a5c3db:610,10214,predecessor_artifact
agentsight,e58fce112c6e,5,6,codex:rollout-2026-06-03T17-42-04-019e9014-8640-79d3-a482-8cf585a5c3db:611,10215,predecessor_artifact
agentsight,e58fce112c6e,5,6,codex:rollout-2026-06-03T17-42-04-019e9014-8640-79d3-a482-8cf585a5c3db:612,10216,predecessor_artifact
agentsight,e58fce112c6e,5,6,codex:rollout-2026-06-03T17-42-04-019e9014-8640-79d3-a482-8cf585a5c3db:613,10217,predecessor_artifact
agentsight,e58fce112c6e,5,6,codex:rollout-2026-06-03T17-42-04-019e9014-8640-79d3-a482-8cf585a5c3db:614,10218,no_resolved_path
agentsight,e58fce112c6e,5,6,codex:rollout-2026-06-03T17-42-04-019e9014-8640-79d3-a482-8cf585a5c3db:615,10219,predecessor_artifact
agentsight,e58fce112c6e,5,6,codex:rollout-2026-06-03T17-42-04-019e9014-8640-79d3-a482-8cf585a5c3db:616,10220,predecessor_module
agentsight,e58fce112c6e,5,6,codex:rollout-2026-06-03T17-42-04-019e9014-8640-79d3-a482-8cf585a5c3db:617,10221,predecessor_module
agentsight,e58fce112c6e,5,6,codex:rollout-2026-06-03T17-42-04-019e9014-8640-79d3-a482-8cf585a5c3db:618,10222,no_resolved_path
agentsight,e58fce112c6e,5,6,codex:rollout-2026-06-03T17-42-04-019e9014-8640-79d3-a482-8cf585a5c3db:619,10223,no_resolved_path
agentsight,e58fce112c6e,5,6,codex:rollout-2026-06-03T17-42-04-019e9014-8640-79d3-a482-8cf585a5c3db:620,10224,no_resolved_path
agentsight,e58fce112c6e,5,6,codex:rollout-2026-06-03T17-42-04-019e9014-8640-79d3-a482-8cf585a5c3db:621,10225,no_resolved_path
agentsight,e58fce112c6e,5,6,codex:rollout-2026-06-03T17-42-04-019e9014-8640-79d3-a482-8cf585a5c3db:622,10226,no_resolved_path
agentsight,e58fce112c6e,5,6,codex:rollout-2026-06-03T17-42-04-019e9014-8640-79d3-a482-8cf585a5c3db:623,10227,no_resolved_path
agentsight,e58fce112c6e,5,6,codex:rollout-2026-06-03T17-42-04-019e9014-8640-79d3-a482-8cf585a5c3db:624,10228,predecessor_module
agentsight,e58fce112c6e,5,6,codex:rollout-2026-06-03T17-42-04-019e9014-8640-79d3-a482-8cf585a5c3db:625,10229,no_resolved_path
agentsight,e58fce112c6e,5,6,codex:rollout-2026-06-03T17-42-04-019e9014-8640-79d3-a482-8cf585a5c3db:626,10230,no_resolved_path
agentsight,e58fce112c6e,5,6,codex:rollout-2026-06-03T17-42-04-019e9014-8640-79d3-a482-8cf585a5c3db:627,10231,no_resolved_path
agentsight,e58fce112c6e,5,6,codex:rollout-2026-06-03T17-42-04-019e9014-8640-79d3-a482-8cf585a5c3db:628,10232,no_resolved_path
agentsight,e58fce112c6e,5,6,codex:rollout-2026-06-03T17-42-04-019e9014-8640-79d3-a482-8cf585a5c3db:629,10233,no_resolved_path
agentsight,e58fce112c6e,5,6,codex:rollout-2026-06-03T17-42-04-019e9014-8640-79d3-a482-8cf585a5c3db:630,10234,no_resolved_path
agentsight,e58fce112c6e,5,6,codex:rollout-2026-06-03T17-42-04-019e9014-8640-79d3-a482-8cf585a5c3db:631,10235,predecessor_module
agentsight,e58fce112c6e,5,6,codex:rollout-2026-06-03T17-42-04-019e9014-8640-79d3-a482-8cf585a5c3db:632,10236,no_resolved_path
agentsight,e58fce112c6e,5,6,codex:rollout-2026-06-03T17-42-04-019e9014-8640-79d3-a482-8cf585a5c3db:633,10237,no_resolved_path
agentsight,e58fce112c6e,5,6,codex:rollout-2026-06-03T17-42-04-019e9014-8640-79d3-a482-8cf585a5c3db:634,10238,predecessor_module
agentsight,e58fce112c6e,5,6,claude:34934785-8ee2-4f9c-be78-794bce7e1361:40,10239,predecessor_artifact
agentsight,e58fce112c6e,5,6,claude:34934785-8ee2-4f9c-be78-794bce7e1361:41,10240,predecessor_artifact
agentsight,e58fce112c6e,5,6,claude:34934785-8ee2-4f9c-be78-794bce7e1361:42,10241,predecessor_artifact
agentsight,e58fce112c6e,5,6,claude:34934785-8ee2-4f9c-be78-794bce7e1361:43,10242,predecessor_artifact
agentsight,e58fce112c6e,5,6,claude:34934785-8ee2-4f9c-be78-794bce7e1361:44,10243,predecessor_artifact
agentsight,e58fce112c6e,5,6,claude:34934785-8ee2-4f9c-be78-794bce7e1361:45,10244,predecessor_artifact
agentsight,e58fce112c6e,5,6,claude:34934785-8ee2-4f9c-be78-794bce7e1361:46,10245,predecessor_artifact
agentsight,e58fce112c6e,5,6,claude:34934785-8ee2-4f9c-be78-794bce7e1361:47,10246,predecessor_artifact
agentsight,e58fce112c6e,5,6,claude:34934785-8ee2-4f9c-be78-794bce7e1361:48,10247,predecessor_artifact
agentsight,e58fce112c6e,5,6,claude:34934785-8ee2-4f9c-be78-794bce7e1361:49,10248,predecessor_artifact
agentsight,e58fce112c6e,5,6,claude:34934785-8ee2-4f9c-be78-794bce7e1361:50,10249,predecessor_artifact
agentsight,e58fce112c6e,5,6,claude:34934785-8ee2-4f9c-be78-794bce7e1361:51,10250,predecessor_artifact
agentsight,e58fce112c6e,5,6,codex:rollout-2026-06-03T17-42-04-019e9014-8640-79d3-a482-8cf585a5c3db:635,10251,no_resolved_path
agentsight,e58fce112c6e,5,6,codex:rollout-2026-06-03T17-42-04-019e9014-8640-79d3-a482-8cf585a5c3db:636,10252,predecessor_artifact
agentsight,e58fce112c6e,5,6,codex:rollout-2026-06-03T17-42-04-019e9014-8640-79d3-a482-8cf585a5c3db:637,10253,predecessor_artifact
agentsight,e58fce112c6e,5,6,codex:rollout-2026-06-03T17-42-04-019e9014-8640-79d3-a482-8cf585a5c3db:638,10254,predecessor_artifact
agentsight,e58fce112c6e,5,6,codex:rollout-2026-06-03T17-42-04-019e9014-8640-79d3-a482-8cf585a5c3db:639,10255,predecessor_artifact
agentsight,e58fce112c6e,5,6,codex:rollout-2026-06-03T17-42-04-019e9014-8640-79d3-a482-8cf585a5c3db:640,10256,predecessor_module
agentsight,e58fce112c6e,5,6,codex:rollout-2026-06-03T17-42-04-019e9014-8640-79d3-a482-8cf585a5c3db:641,10257,predecessor_artifact
agentsight,e58fce112c6e,5,6,codex:rollout-2026-06-03T17-42-04-019e9014-8640-79d3-a482-8cf585a5c3db:642,10258,predecessor_artifact
agentsight,e58fce112c6e,5,6,codex:rollout-2026-06-03T17-42-04-019e9014-8640-79d3-a482-8cf585a5c3db:643,10259,predecessor_artifact
agentsight,e58fce112c6e,5,6,codex:rollout-2026-06-03T17-42-04-019e9014-8640-79d3-a482-8cf585a5c3db:644,10260,no_resolved_path
agentsight,e58fce112c6e,5,6,codex:rollout-2026-06-03T17-42-04-019e9014-8640-79d3-a482-8cf585a5c3db:645,10261,predecessor_artifact
agentsight,e58fce112c6e,5,6,codex:rollout-2026-06-03T17-42-04-019e9014-8640-79d3-a482-8cf585a5c3db:646,10262,predecessor_artifact
agentsight,e58fce112c6e,5,6,codex:rollout-2026-06-03T17-42-04-019e9014-8640-79d3-a482-8cf585a5c3db:647,10263,predecessor_artifact
agentsight,e58fce112c6e,5,6,codex:rollout-2026-06-03T17-42-04-019e9014-8640-79d3-a482-8cf585a5c3db:648,10264,predecessor_artifact
agentsight,e58fce112c6e,5,6,codex:rollout-2026-06-03T17-42-04-019e9014-8640-79d3-a482-8cf585a5c3db:649,10265,predecessor_module
agentsight,e58fce112c6e,5,6,codex:rollout-2026-06-03T17-42-04-019e9014-8640-79d3-a482-8cf585a5c3db:650,10266,predecessor_module
agentsight,e58fce112c6e,5,6,codex:rollout-2026-06-03T17-42-04-019e9014-8640-79d3-a482-8cf585a5c3db:651,10267,predecessor_module
agentsight,e58fce112c6e,5,6,codex:rollout-2026-06-03T17-42-04-019e9014-8640-79d3-a482-8cf585a5c3db:652,10268,predecessor_module
agentsight,e58fce112c6e,5,6,codex:rollout-2026-06-03T17-42-04-019e9014-8640-79d3-a482-8cf585a5c3db:653,10269,predecessor_module
agentsight,e58fce112c6e,5,6,codex:rollout-2026-06-03T17-42-04-019e9014-8640-79d3-a482-8cf585a5c3db:654,10270,predecessor_artifact
agentsight,e58fce112c6e,5,6,codex:rollout-2026-06-03T17-42-04-019e9014-8640-79d3-a482-8cf585a5c3db:655,10271,predecessor_artifact
agentsight,e58fce112c6e,5,6,codex:rollout-2026-06-03T17-42-04-019e9014-8640-79d3-a482-8cf585a5c3db:656,10272,predecessor_artifact
agentsight,e58fce112c6e,5,6,codex:rollout-2026-06-03T17-42-04-019e9014-8640-79d3-a482-8cf585a5c3db:657,10273,predecessor_module
agentsight,e58fce112c6e,5,6,codex:rollout-2026-06-03T17-42-04-019e9014-8640-79d3-a482-8cf585a5c3db:658,10274,predecessor_module
agentsight,e58fce112c6e,5,6,codex:rollout-2026-06-03T17-42-04-019e9014-8640-79d3-a482-8cf585a5c3db:659,10275,predecessor_module
agentsight,e58fce112c6e,5,6,codex:rollout-2026-06-03T17-42-04-019e9014-8640-79d3-a482-8cf585a5c3db:660,10276,predecessor_module
agentsight,e58fce112c6e,5,6,codex:rollout-2026-06-03T17-42-04-019e9014-8640-79d3-a482-8cf585a5c3db:661,10277,predecessor_artifact
agentsight,e58fce112c6e,5,6,codex:rollout-2026-06-03T17-42-04-019e9014-8640-79d3-a482-8cf585a5c3db:662,10278,predecessor_artifact
agentsight,e58fce112c6e,5,6,codex:rollout-2026-06-03T17-42-04-019e9014-8640-79d3-a482-8cf585a5c3db:663,10279,predecessor_artifact
agentsight,e58fce112c6e,5,6,codex:rollout-2026-06-03T17-42-04-019e9014-8640-79d3-a482-8cf585a5c3db:664,10280,predecessor_artifact
agentsight,e58fce112c6e,5,6,codex:rollout-2026-06-03T17-42-04-019e9014-8640-79d3-a482-8cf585a5c3db:665,10281,no_resolved_path
agentsight,e58fce112c6e,5,6,codex:rollout-2026-06-03T17-42-04-019e9014-8640-79d3-a482-8cf585a5c3db:666,10282,no_resolved_path
agentsight,e58fce112c6e,5,6,codex:rollout-2026-06-03T17-42-04-019e9014-8640-79d3-a482-8cf585a5c3db:667,10283,no_resolved_path
agentsight,e58fce112c6e,5,6,codex:rollout-2026-06-03T17-42-04-019e9014-8640-79d3-a482-8cf585a5c3db:668,10284,predecessor_artifact
agentsight,e58fce112c6e,5,6,codex:rollout-2026-06-03T17-42-04-019e9014-8640-79d3-a482-8cf585a5c3db:669,10285,predecessor_artifact
agentsight,e58fce112c6e,5,6,codex:rollout-2026-06-03T17-42-04-019e9014-8640-79d3-a482-8cf585a5c3db:670,10286,no_resolved_path
agentsight,e58fce112c6e,5,6,codex:rollout-2026-06-03T17-42-04-019e9014-8640-79d3-a482-8cf585a5c3db:671,10287,no_resolved_path
agentsight,e58fce112c6e,5,6,codex:rollout-2026-06-03T17-42-04-019e9014-8640-79d3-a482-8cf585a5c3db:672,10288,predecessor_artifact
agentsight,e58fce112c6e,5,6,codex:rollout-2026-06-03T17-42-04-019e9014-8640-79d3-a482-8cf585a5c3db:673,10289,no_resolved_path
agentsight,e58fce112c6e,5,6,codex:rollout-2026-06-03T17-42-04-019e9014-8640-79d3-a482-8cf585a5c3db:674,10290,predecessor_module
agentsight,e58fce112c6e,5,6,codex:rollout-2026-06-03T17-42-04-019e9014-8640-79d3-a482-8cf585a5c3db:675,10291,predecessor_artifact
agentsight,e58fce112c6e,5,6,codex:rollout-2026-06-03T17-42-04-019e9014-8640-79d3-a482-8cf585a5c3db:676,10292,predecessor_module
agentsight,e58fce112c6e,5,6,codex:rollout-2026-06-03T17-42-04-019e9014-8640-79d3-a482-8cf585a5c3db:677,10293,predecessor_module
agentsight,e58fce112c6e,5,6,codex:rollout-2026-06-03T17-42-04-019e9014-8640-79d3-a482-8cf585a5c3db:678,10294,predecessor_module
agentsight,e58fce112c6e,5,6,codex:rollout-2026-06-03T17-42-04-019e9014-8640-79d3-a482-8cf585a5c3db:679,10295,predecessor_module
agentsight,e58fce112c6e,5,6,codex:rollout-2026-06-03T17-42-04-019e9014-8640-79d3-a482-8cf585a5c3db:680,10296,predecessor_module
agentsight,e58fce112c6e,5,6,codex:rollout-2026-06-03T17-42-04-019e9014-8640-79d3-a482-8cf585a5c3db:681,10297,no_resolved_path
agentsight,e58fce112c6e,5,6,codex:rollout-2026-06-03T17-42-04-019e9014-8640-79d3-a482-8cf585a5c3db:682,10298,no_resolved_path
agentsight,e58fce112c6e,5,6,codex:rollout-2026-06-03T17-42-04-019e9014-8640-79d3-a482-8cf585a5c3db:683,10299,no_resolved_path
agentsight,e58fce112c6e,5,6,codex:rollout-2026-06-03T17-42-04-019e9014-8640-79d3-a482-8cf585a5c3db:684,10300,no_resolved_path
agentsight,e58fce112c6e,5,6,codex:rollout-2026-06-03T17-42-04-019e9014-8640-79d3-a482-8cf585a5c3db:685,10301,no_resolved_path
agentsight,e58fce112c6e,5,6,codex:rollout-2026-06-03T17-42-04-019e9014-8640-79d3-a482-8cf585a5c3db:686,10302,no_resolved_path
agentsight,e58fce112c6e,5,6,codex:rollout-2026-06-03T17-42-04-019e9014-8640-79d3-a482-8cf585a5c3db:687,10303,predecessor_artifact
agentsight,e58fce112c6e,5,6,codex:rollout-2026-06-03T17-42-04-019e9014-8640-79d3-a482-8cf585a5c3db:688,10304,predecessor_module
agentsight,e58fce112c6e,5,6,codex:rollout-2026-06-03T17-42-04-019e9014-8640-79d3-a482-8cf585a5c3db:689,10305,predecessor_artifact
agentsight,e58fce112c6e,5,6,codex:rollout-2026-06-03T17-42-04-019e9014-8640-79d3-a482-8cf585a5c3db:690,10306,predecessor_artifact
agentsight,e58fce112c6e,5,6,codex:rollout-2026-06-03T17-42-04-019e9014-8640-79d3-a482-8cf585a5c3db:691,10307,predecessor_artifact
agentsight,e58fce112c6e,5,6,codex:rollout-2026-06-03T17-42-04-019e9014-8640-79d3-a482-8cf585a5c3db:692,10308,predecessor_artifact
agentsight,e58fce112c6e,5,6,codex:rollout-2026-06-03T17-42-04-019e9014-8640-79d3-a482-8cf585a5c3db:693,10309,predecessor_artifact
agentsight,e58fce112c6e,5,6,codex:rollout-2026-06-03T17-42-04-019e9014-8640-79d3-a482-8cf585a5c3db:694,10310,predecessor_artifact
agentsight,e58fce112c6e,5,6,codex:rollout-2026-06-03T17-42-04-019e9014-8640-79d3-a482-8cf585a5c3db:695,10311,predecessor_artifact
agentsight,e58fce112c6e,5,6,codex:rollout-2026-06-03T17-42-04-019e9014-8640-79d3-a482-8cf585a5c3db:696,10312,predecessor_module
agentsight,e58fce112c6e,5,6,codex:rollout-2026-06-03T17-42-04-019e9014-8640-79d3-a482-8cf585a5c3db:697,10313,predecessor_module
agentsight,e58fce112c6e,5,6,codex:rollout-2026-06-03T17-42-04-019e9014-8640-79d3-a482-8cf585a5c3db:698,10314,predecessor_module
agentsight,e58fce112c6e,5,6,codex:rollout-2026-06-03T17-42-04-019e9014-8640-79d3-a482-8cf585a5c3db:699,10315,no_resolved_path
agentsight,e58fce112c6e,5,6,codex:rollout-2026-06-03T17-42-04-019e9014-8640-79d3-a482-8cf585a5c3db:700,10316,no_resolved_path
agentsight,e58fce112c6e,5,6,codex:rollout-2026-06-03T17-42-04-019e9014-8640-79d3-a482-8cf585a5c3db:701,10317,no_resolved_path
agentsight,e58fce112c6e,5,6,codex:rollout-2026-06-03T17-42-04-019e9014-8640-79d3-a482-8cf585a5c3db:702,10318,no_resolved_path
agentsight,e58fce112c6e,5,6,codex:rollout-2026-06-03T17-42-04-019e9014-8640-79d3-a482-8cf585a5c3db:703,10319,no_resolved_path
agentsight,e58fce112c6e,5,6,codex:rollout-2026-06-03T17-42-04-019e9014-8640-79d3-a482-8cf585a5c3db:704,10320,no_resolved_path
agentsight,e58fce112c6e,5,6,codex:rollout-2026-06-03T17-42-04-019e9014-8640-79d3-a482-8cf585a5c3db:705,10321,predecessor_artifact
agentsight,e58fce112c6e,5,6,codex:rollout-2026-06-03T17-42-04-019e9014-8640-79d3-a482-8cf585a5c3db:706,10322,predecessor_module
agentsight,e58fce112c6e,5,6,codex:rollout-2026-06-03T17-42-04-019e9014-8640-79d3-a482-8cf585a5c3db:707,10323,predecessor_module
agentsight,e58fce112c6e,5,6,codex:rollout-2026-06-03T17-42-04-019e9014-8640-79d3-a482-8cf585a5c3db:708,10324,no_resolved_path
agentsight,e58fce112c6e,5,6,codex:rollout-2026-06-03T17-42-04-019e9014-8640-79d3-a482-8cf585a5c3db:709,10325,no_resolved_path
agentsight,e58fce112c6e,5,6,codex:rollout-2026-06-03T17-42-04-019e9014-8640-79d3-a482-8cf585a5c3db:710,10326,predecessor_artifact
agentsight,e58fce112c6e,5,6,codex:rollout-2026-06-03T17-42-04-019e9014-8640-79d3-a482-8cf585a5c3db:711,10327,predecessor_module
agentsight,e58fce112c6e,5,6,codex:rollout-2026-06-03T17-42-04-019e9014-8640-79d3-a482-8cf585a5c3db:712,10328,no_resolved_path
agentsight,e58fce112c6e,5,6,codex:rollout-2026-06-03T17-42-04-019e9014-8640-79d3-a482-8cf585a5c3db:713,10329,no_resolved_path
agentsight,e58fce112c6e,5,6,codex:rollout-2026-06-03T17-42-04-019e9014-8640-79d3-a482-8cf585a5c3db:714,10330,no_resolved_path
agentsight,e58fce112c6e,5,6,codex:rollout-2026-06-03T17-42-04-019e9014-8640-79d3-a482-8cf585a5c3db:715,10331,no_resolved_path
agentsight,e58fce112c6e,5,6,codex:rollout-2026-06-03T17-42-04-019e9014-8640-79d3-a482-8cf585a5c3db:716,10332,no_resolved_path
agentsight,e58fce112c6e,5,6,codex:rollout-2026-06-03T17-42-04-019e9014-8640-79d3-a482-8cf585a5c3db:717,10333,no_resolved_path
agentsight,e58fce112c6e,5,6,codex:rollout-2026-06-03T17-42-04-019e9014-8640-79d3-a482-8cf585a5c3db:718,10334,no_resolved_path
agentsight,e58fce112c6e,5,6,codex:rollout-2026-06-03T17-42-04-019e9014-8640-79d3-a482-8cf585a5c3db:719,10335,no_resolved_path
agentsight,e58fce112c6e,5,6,codex:rollout-2026-06-03T17-42-04-019e9014-8640-79d3-a482-8cf585a5c3db:720,10336,no_resolved_path
agentsight,e58fce112c6e,5,6,codex:rollout-2026-06-03T20-41-37-019e90b8-e67a-7dd0-abd3-36234483a7a8:0,10337,no_resolved_path
agentsight,e58fce112c6e,5,6,codex:rollout-2026-06-03T20-41-37-019e90b8-e67a-7dd0-abd3-36234483a7a8:1,10338,no_resolved_path
agentsight,e58fce112c6e,5,6,codex:rollout-2026-06-03T20-41-37-019e90b8-e67a-7dd0-abd3-36234483a7a8:2,10339,no_resolved_path
agentsight,e58fce112c6e,5,6,codex:rollout-2026-06-03T20-41-37-019e90b8-e67a-7dd0-abd3-36234483a7a8:3,10340,predecessor_module
agentsight,e58fce112c6e,5,6,codex:rollout-2026-06-03T17-42-04-019e9014-8640-79d3-a482-8cf585a5c3db:721,10341,no_resolved_path
agentsight,e58fce112c6e,5,6,codex:rollout-2026-06-03T20-41-37-019e90b8-e67a-7dd0-abd3-36234483a7a8:4,10342,predecessor_artifact
agentsight,e58fce112c6e,5,6,codex:rollout-2026-06-03T20-41-37-019e90b8-e67a-7dd0-abd3-36234483a7a8:5,10343,predecessor_artifact
agentsight,e58fce112c6e,5,6,codex:rollout-2026-06-03T20-41-37-019e90b8-e67a-7dd0-abd3-36234483a7a8:6,10344,predecessor_module
agentsight,e58fce112c6e,5,6,codex:rollout-2026-06-03T20-41-37-019e90b8-e67a-7dd0-abd3-36234483a7a8:7,10345,predecessor_artifact
agentsight,e58fce112c6e,5,6,codex:rollout-2026-06-03T20-41-37-019e90b8-e67a-7dd0-abd3-36234483a7a8:10,10346,predecessor_artifact
agentsight,e58fce112c6e,5,6,codex:rollout-2026-06-03T20-41-37-019e90b8-e67a-7dd0-abd3-36234483a7a8:8,10347,predecessor_artifact
agentsight,e58fce112c6e,5,6,codex:rollout-2026-06-03T20-41-37-019e90b8-e67a-7dd0-abd3-36234483a7a8:9,10348,predecessor_module
agentsight,e58fce112c6e,5,6,codex:rollout-2026-06-03T20-41-37-019e90b8-e67a-7dd0-abd3-36234483a7a8:11,10349,predecessor_artifact
agentsight,e58fce112c6e,5,6,codex:rollout-2026-06-03T20-41-37-019e90b8-e67a-7dd0-abd3-36234483a7a8:12,10350,predecessor_artifact
agentsight,e58fce112c6e,5,6,codex:rollout-2026-06-03T20-41-37-019e90b8-e67a-7dd0-abd3-36234483a7a8:13,10351,no_resolved_path
agentsight,e58fce112c6e,5,6,codex:rollout-2026-06-03T20-41-37-019e90b8-e67a-7dd0-abd3-36234483a7a8:14,10352,predecessor_module
agentsight,e58fce112c6e,5,6,codex:rollout-2026-06-03T20-41-37-019e90b8-e67a-7dd0-abd3-36234483a7a8:15,10353,predecessor_artifact
agentsight,e58fce112c6e,5,6,codex:rollout-2026-06-03T20-41-37-019e90b8-e67a-7dd0-abd3-36234483a7a8:16,10354,predecessor_module
agentsight,e58fce112c6e,5,6,codex:rollout-2026-06-03T20-41-37-019e90b8-e67a-7dd0-abd3-36234483a7a8:17,10355,predecessor_module
agentsight,e58fce112c6e,5,6,codex:rollout-2026-06-03T20-41-37-019e90b8-e67a-7dd0-abd3-36234483a7a8:18,10356,predecessor_module
agentsight,e58fce112c6e,5,6,codex:rollout-2026-06-03T20-41-37-019e90b8-e67a-7dd0-abd3-36234483a7a8:19,10357,predecessor_artifact
agentsight,e58fce112c6e,5,6,codex:rollout-2026-06-03T20-41-37-019e90b8-e67a-7dd0-abd3-36234483a7a8:20,10358,predecessor_artifact
agentsight,e58fce112c6e,5,6,codex:rollout-2026-06-03T20-41-37-019e90b8-e67a-7dd0-abd3-36234483a7a8:21,10359,predecessor_artifact
agentsight,e58fce112c6e,5,6,codex:rollout-2026-06-03T20-41-37-019e90b8-e67a-7dd0-abd3-36234483a7a8:22,10360,predecessor_artifact
agentsight,e58fce112c6e,5,6,codex:rollout-2026-06-03T20-41-37-019e90b8-e67a-7dd0-abd3-36234483a7a8:23,10361,predecessor_module
agentsight,e58fce112c6e,5,6,codex:rollout-2026-06-03T20-41-37-019e90b8-e67a-7dd0-abd3-36234483a7a8:24,10362,predecessor_artifact
agentsight,e58fce112c6e,5,6,codex:rollout-2026-06-03T20-41-37-019e90b8-e67a-7dd0-abd3-36234483a7a8:25,10363,predecessor_module
agentsight,e58fce112c6e,5,6,codex:rollout-2026-06-03T20-41-37-019e90b8-e67a-7dd0-abd3-36234483a7a8:26,10364,predecessor_module
agentsight,e58fce112c6e,5,6,codex:rollout-2026-06-03T20-41-37-019e90b8-e67a-7dd0-abd3-36234483a7a8:27,10365,predecessor_artifact
agentsight,e58fce112c6e,5,6,codex:rollout-2026-06-03T20-41-37-019e90b8-e67a-7dd0-abd3-36234483a7a8:28,10366,predecessor_artifact
agentsight,e58fce112c6e,5,6,codex:rollout-2026-06-03T20-41-37-019e90b8-e67a-7dd0-abd3-36234483a7a8:29,10367,predecessor_artifact
agentsight,e58fce112c6e,5,6,codex:rollout-2026-06-03T20-41-37-019e90b8-e67a-7dd0-abd3-36234483a7a8:30,10368,predecessor_artifact
agentsight,e58fce112c6e,5,6,codex:rollout-2026-06-03T17-42-04-019e9014-8640-79d3-a482-8cf585a5c3db:722,10369,no_resolved_path
agentsight,e58fce112c6e,5,6,codex:rollout-2026-06-03T20-41-37-019e90b8-e67a-7dd0-abd3-36234483a7a8:31,10370,predecessor_module
agentsight,e58fce112c6e,5,6,codex:rollout-2026-06-03T20-41-37-019e90b8-e67a-7dd0-abd3-36234483a7a8:32,10371,predecessor_artifact
agentsight,e58fce112c6e,5,6,codex:rollout-2026-06-03T20-41-37-019e90b8-e67a-7dd0-abd3-36234483a7a8:33,10372,predecessor_artifact
agentsight,e58fce112c6e,5,6,codex:rollout-2026-06-03T20-41-37-019e90b8-e67a-7dd0-abd3-36234483a7a8:34,10373,predecessor_artifact
agentsight,e58fce112c6e,5,6,codex:rollout-2026-06-03T20-41-37-019e90b8-e67a-7dd0-abd3-36234483a7a8:35,10374,predecessor_artifact
agentsight,e58fce112c6e,5,6,codex:rollout-2026-06-03T20-41-37-019e90b8-e67a-7dd0-abd3-36234483a7a8:36,10375,predecessor_artifact
agentsight,e58fce112c6e,5,6,codex:rollout-2026-06-03T20-41-37-019e90b8-e67a-7dd0-abd3-36234483a7a8:37,10376,predecessor_artifact
agentsight,e58fce112c6e,5,6,codex:rollout-2026-06-03T20-41-37-019e90b8-e67a-7dd0-abd3-36234483a7a8:38,10377,predecessor_module
agentsight,e58fce112c6e,5,6,codex:rollout-2026-06-03T20-41-37-019e90b8-e67a-7dd0-abd3-36234483a7a8:39,10378,predecessor_artifact
agentsight,e58fce112c6e,5,6,codex:rollout-2026-06-03T20-41-37-019e90b8-e67a-7dd0-abd3-36234483a7a8:40,10379,predecessor_artifact
agentsight,e58fce112c6e,5,6,codex:rollout-2026-06-03T20-41-37-019e90b8-e67a-7dd0-abd3-36234483a7a8:41,10380,predecessor_artifact
agentsight,e58fce112c6e,5,6,codex:rollout-2026-06-03T20-41-37-019e90b8-e67a-7dd0-abd3-36234483a7a8:42,10381,predecessor_module
agentsight,e58fce112c6e,5,6,codex:rollout-2026-06-03T20-41-37-019e90b8-e67a-7dd0-abd3-36234483a7a8:43,10382,no_resolved_path
agentsight,e58fce112c6e,5,6,codex:rollout-2026-06-03T20-41-37-019e90b8-e67a-7dd0-abd3-36234483a7a8:44,10383,no_resolved_path
agentsight,e58fce112c6e,5,6,codex:rollout-2026-06-03T17-42-04-019e9014-8640-79d3-a482-8cf585a5c3db:723,10384,no_resolved_path
agentsight,e58fce112c6e,5,6,codex:rollout-2026-06-03T17-42-04-019e9014-8640-79d3-a482-8cf585a5c3db:724,10385,predecessor_artifact
agentsight,e58fce112c6e,5,6,codex:rollout-2026-06-03T17-42-04-019e9014-8640-79d3-a482-8cf585a5c3db:725,10386,predecessor_artifact
agentsight,e58fce112c6e,5,6,codex:rollout-2026-06-03T17-42-04-019e9014-8640-79d3-a482-8cf585a5c3db:726,10387,predecessor_module
agentsight,e58fce112c6e,5,6,codex:rollout-2026-06-03T17-42-04-019e9014-8640-79d3-a482-8cf585a5c3db:727,10388,predecessor_module
agentsight,e58fce112c6e,5,6,codex:rollout-2026-06-03T17-42-04-019e9014-8640-79d3-a482-8cf585a5c3db:728,10389,predecessor_module
agentsight,e58fce112c6e,5,6,codex:rollout-2026-06-03T17-42-04-019e9014-8640-79d3-a482-8cf585a5c3db:729,10390,predecessor_module
agentsight,e58fce112c6e,5,6,codex:rollout-2026-06-03T17-42-04-019e9014-8640-79d3-a482-8cf585a5c3db:730,10391,predecessor_module
agentsight,e58fce112c6e,5,6,codex:rollout-2026-06-03T17-42-04-019e9014-8640-79d3-a482-8cf585a5c3db:731,10392,predecessor_module
agentsight,e58fce112c6e,5,6,codex:rollout-2026-06-03T17-42-04-019e9014-8640-79d3-a482-8cf585a5c3db:732,10393,predecessor_module
agentsight,e58fce112c6e,5,6,codex:rollout-2026-06-03T17-42-04-019e9014-8640-79d3-a482-8cf585a5c3db:733,10394,predecessor_module
agentsight,e58fce112c6e,5,6,codex:rollout-2026-06-03T17-42-04-019e9014-8640-79d3-a482-8cf585a5c3db:734,10395,predecessor_module
agentsight,e58fce112c6e,5,6,codex:rollout-2026-06-03T17-42-04-019e9014-8640-79d3-a482-8cf585a5c3db:735,10396,predecessor_artifact
agentsight,e58fce112c6e,5,6,codex:rollout-2026-06-03T17-42-04-019e9014-8640-79d3-a482-8cf585a5c3db:736,10397,predecessor_module
agentsight,e58fce112c6e,5,6,codex:rollout-2026-06-03T17-42-04-019e9014-8640-79d3-a482-8cf585a5c3db:737,10398,no_resolved_path
agentsight,e58fce112c6e,5,6,codex:rollout-2026-06-03T17-42-04-019e9014-8640-79d3-a482-8cf585a5c3db:738,10399,no_resolved_path
agentsight,e58fce112c6e,5,6,codex:rollout-2026-06-03T17-42-04-019e9014-8640-79d3-a482-8cf585a5c3db:739,10400,no_resolved_path
agentsight,e58fce112c6e,5,6,codex:rollout-2026-06-03T17-42-04-019e9014-8640-79d3-a482-8cf585a5c3db:740,10401,no_resolved_path
agentsight,e58fce112c6e,5,6,codex:rollout-2026-06-03T17-42-04-019e9014-8640-79d3-a482-8cf585a5c3db:741,10402,no_resolved_path
agentsight,e58fce112c6e,5,6,codex:rollout-2026-06-03T17-42-04-019e9014-8640-79d3-a482-8cf585a5c3db:742,10403,no_resolved_path
agentsight,e58fce112c6e,5,6,codex:rollout-2026-06-03T17-42-04-019e9014-8640-79d3-a482-8cf585a5c3db:743,10404,predecessor_artifact
agentsight,e58fce112c6e,5,6,codex:rollout-2026-06-03T17-42-04-019e9014-8640-79d3-a482-8cf585a5c3db:744,10405,no_resolved_path
agentsight,e58fce112c6e,5,6,codex:rollout-2026-06-03T17-42-04-019e9014-8640-79d3-a482-8cf585a5c3db:745,10406,no_resolved_path
agentsight,e58fce112c6e,5,6,codex:rollout-2026-06-03T17-42-04-019e9014-8640-79d3-a482-8cf585a5c3db:746,10407,no_resolved_path
agentsight,e58fce112c6e,5,6,codex:rollout-2026-06-03T17-42-04-019e9014-8640-79d3-a482-8cf585a5c3db:747,10408,no_resolved_path
agentsight,e58fce112c6e,5,6,codex:rollout-2026-06-03T17-42-04-019e9014-8640-79d3-a482-8cf585a5c3db:748,10409,no_resolved_path
agentsight,e58fce112c6e,5,6,codex:rollout-2026-06-03T17-42-04-019e9014-8640-79d3-a482-8cf585a5c3db:749,10410,no_resolved_path
agentsight,e58fce112c6e,5,6,codex:rollout-2026-06-03T17-42-04-019e9014-8640-79d3-a482-8cf585a5c3db:750,10411,no_resolved_path
agentsight,e58fce112c6e,5,6,codex:rollout-2026-06-03T17-42-04-019e9014-8640-79d3-a482-8cf585a5c3db:751,10412,no_resolved_path
agentsight,e58fce112c6e,5,6,codex:rollout-2026-06-03T17-42-04-019e9014-8640-79d3-a482-8cf585a5c3db:752,10413,no_resolved_path
agentsight,e58fce112c6e,5,6,codex:rollout-2026-06-03T17-42-04-019e9014-8640-79d3-a482-8cf585a5c3db:753,10414,no_resolved_path
agentsight,e58fce112c6e,5,6,codex:rollout-2026-06-03T17-42-04-019e9014-8640-79d3-a482-8cf585a5c3db:754,10415,no_resolved_path
agentsight,e58fce112c6e,5,6,codex:rollout-2026-06-03T17-42-04-019e9014-8640-79d3-a482-8cf585a5c3db:755,10416,no_resolved_path
agentsight,e58fce112c6e,5,6,codex:rollout-2026-06-03T17-42-04-019e9014-8640-79d3-a482-8cf585a5c3db:756,10417,predecessor_artifact
agentsight,e58fce112c6e,5,6,claude:7ad7c67d-e6e3-4e64-afa1-4327e4497858:0,10418,predecessor_artifact
agentsight,e58fce112c6e,5,6,claude:7ad7c67d-e6e3-4e64-afa1-4327e4497858:1,10419,predecessor_artifact
agentsight,e58fce112c6e,5,6,claude:7ad7c67d-e6e3-4e64-afa1-4327e4497858:2,10420,predecessor_artifact
agentsight,e58fce112c6e,5,6,claude:7ad7c67d-e6e3-4e64-afa1-4327e4497858:3,10421,predecessor_module
agentsight,e58fce112c6e,5,6,claude:7ad7c67d-e6e3-4e64-afa1-4327e4497858:4,10422,predecessor_module
agentsight,e58fce112c6e,5,6,claude:7ad7c67d-e6e3-4e64-afa1-4327e4497858:5,10423,predecessor_module
agentsight,e58fce112c6e,5,6,claude:7ad7c67d-e6e3-4e64-afa1-4327e4497858:6,10424,predecessor_module
agentsight,e58fce112c6e,5,6,claude:7ad7c67d-e6e3-4e64-afa1-4327e4497858:7,10425,no_resolved_path
agentsight,e58fce112c6e,5,6,claude:agent-a56d22833f50fa21f:0,10426,predecessor_artifact
agentsight,e58fce112c6e,5,6,claude:agent-a56d22833f50fa21f:1,10427,predecessor_artifact
agentsight,e58fce112c6e,5,6,claude:agent-a56d22833f50fa21f:2,10428,predecessor_artifact
agentsight,e58fce112c6e,5,6,claude:agent-a56d22833f50fa21f:3,10429,predecessor_module
agentsight,e58fce112c6e,5,6,claude:agent-a56d22833f50fa21f:4,10430,predecessor_module
agentsight,e58fce112c6e,5,6,claude:agent-a56d22833f50fa21f:5,10431,predecessor_module
agentsight,e58fce112c6e,5,6,claude:agent-a56d22833f50fa21f:6,10432,predecessor_module
agentsight,e58fce112c6e,5,6,claude:agent-a56d22833f50fa21f:7,10433,predecessor_artifact
agentsight,e58fce112c6e,5,6,claude:agent-a56d22833f50fa21f:8,10434,predecessor_artifact
agentsight,e58fce112c6e,5,6,claude:agent-a56d22833f50fa21f:9,10435,predecessor_artifact
agentsight,e58fce112c6e,5,6,claude:agent-a56d22833f50fa21f:10,10436,predecessor_module
agentsight,e58fce112c6e,5,6,claude:agent-a56d22833f50fa21f:11,10437,predecessor_artifact
agentsight,e58fce112c6e,5,6,claude:agent-a56d22833f50fa21f:12,10438,predecessor_artifact
agentsight,e58fce112c6e,5,6,claude:agent-a56d22833f50fa21f:13,10439,predecessor_artifact
agentsight,e58fce112c6e,5,6,claude:agent-a56d22833f50fa21f:14,10440,predecessor_artifact
agentsight,e58fce112c6e,5,6,claude:agent-a56d22833f50fa21f:15,10441,predecessor_module
agentsight,e58fce112c6e,5,6,claude:agent-a56d22833f50fa21f:16,10442,predecessor_artifact
agentsight,e58fce112c6e,5,6,claude:agent-a56d22833f50fa21f:17,10443,predecessor_module
agentsight,e58fce112c6e,5,6,claude:agent-a56d22833f50fa21f:18,10444,predecessor_artifact
agentsight,e58fce112c6e,5,6,claude:agent-a56d22833f50fa21f:19,10445,predecessor_artifact
agentsight,e58fce112c6e,5,6,claude:agent-a56d22833f50fa21f:20,10446,predecessor_module
agentsight,e58fce112c6e,5,6,claude:agent-a56d22833f50fa21f:21,10447,predecessor_artifact
agentsight,e58fce112c6e,5,6,claude:agent-a56d22833f50fa21f:22,10448,predecessor_artifact
agentsight,e58fce112c6e,5,6,claude:agent-a56d22833f50fa21f:23,10449,predecessor_artifact
agentsight,e58fce112c6e,5,6,codex:rollout-2026-06-03T17-42-04-019e9014-8640-79d3-a482-8cf585a5c3db:757,10450,predecessor_artifact
agentsight,e58fce112c6e,5,6,codex:rollout-2026-06-03T17-42-04-019e9014-8640-79d3-a482-8cf585a5c3db:758,10451,predecessor_artifact
agentsight,e58fce112c6e,5,6,codex:rollout-2026-06-03T17-42-04-019e9014-8640-79d3-a482-8cf585a5c3db:759,10452,predecessor_module
agentsight,e58fce112c6e,5,6,codex:rollout-2026-06-03T17-42-04-019e9014-8640-79d3-a482-8cf585a5c3db:760,10453,predecessor_artifact
agentsight,e58fce112c6e,5,6,codex:rollout-2026-06-03T17-42-04-019e9014-8640-79d3-a482-8cf585a5c3db:761,10454,no_resolved_path
agentsight,e58fce112c6e,5,6,codex:rollout-2026-06-03T17-42-04-019e9014-8640-79d3-a482-8cf585a5c3db:762,10455,predecessor_artifact
agentsight,e58fce112c6e,5,6,codex:rollout-2026-06-03T17-42-04-019e9014-8640-79d3-a482-8cf585a5c3db:763,10456,predecessor_module
agentsight,e58fce112c6e,5,6,codex:rollout-2026-06-03T17-42-04-019e9014-8640-79d3-a482-8cf585a5c3db:764,10457,predecessor_artifact
agentsight,e58fce112c6e,5,6,codex:rollout-2026-06-03T17-42-04-019e9014-8640-79d3-a482-8cf585a5c3db:765,10458,predecessor_artifact
agentsight,e58fce112c6e,5,6,claude:7ad7c67d-e6e3-4e64-afa1-4327e4497858:8,10459,predecessor_module
agentsight,e58fce112c6e,5,6,claude:7ad7c67d-e6e3-4e64-afa1-4327e4497858:9,10460,predecessor_module
agentsight,e58fce112c6e,5,6,claude:7ad7c67d-e6e3-4e64-afa1-4327e4497858:10,10461,predecessor_module
agentsight,e58fce112c6e,5,6,claude:7ad7c67d-e6e3-4e64-afa1-4327e4497858:11,10462,predecessor_artifact
agentsight,e58fce112c6e,5,6,claude:7ad7c67d-e6e3-4e64-afa1-4327e4497858:12,10463,predecessor_artifact
agentsight,e58fce112c6e,5,6,claude:7ad7c67d-e6e3-4e64-afa1-4327e4497858:13,10464,predecessor_artifact
agentsight,e58fce112c6e,5,6,claude:7ad7c67d-e6e3-4e64-afa1-4327e4497858:14,10465,predecessor_artifact
agentsight,e58fce112c6e,5,6,codex:rollout-2026-06-03T17-42-04-019e9014-8640-79d3-a482-8cf585a5c3db:766,10466,predecessor_artifact
agentsight,e58fce112c6e,5,6,codex:rollout-2026-06-03T17-42-04-019e9014-8640-79d3-a482-8cf585a5c3db:767,10467,no_resolved_path
agentsight,e58fce112c6e,5,6,claude:7ad7c67d-e6e3-4e64-afa1-4327e4497858:15,10468,predecessor_module
agentsight,e58fce112c6e,5,6,claude:7ad7c67d-e6e3-4e64-afa1-4327e4497858:16,10469,predecessor_module
agentsight,e58fce112c6e,5,6,claude:7ad7c67d-e6e3-4e64-afa1-4327e4497858:17,10470,predecessor_artifact
agentsight,e58fce112c6e,5,6,codex:rollout-2026-06-03T17-42-04-019e9014-8640-79d3-a482-8cf585a5c3db:768,10471,predecessor_artifact
agentsight,e58fce112c6e,5,6,codex:rollout-2026-06-03T17-42-04-019e9014-8640-79d3-a482-8cf585a5c3db:769,10472,predecessor_module
agentsight,e58fce112c6e,5,6,codex:rollout-2026-06-03T17-42-04-019e9014-8640-79d3-a482-8cf585a5c3db:770,10473,predecessor_module
agentsight,e58fce112c6e,5,6,codex:rollout-2026-06-03T17-42-04-019e9014-8640-79d3-a482-8cf585a5c3db:771,10474,predecessor_artifact
agentsight,e58fce112c6e,5,6,codex:rollout-2026-06-03T17-42-04-019e9014-8640-79d3-a482-8cf585a5c3db:772,10475,predecessor_artifact
agentsight,e58fce112c6e,5,6,codex:rollout-2026-06-03T17-42-04-019e9014-8640-79d3-a482-8cf585a5c3db:773,10476,predecessor_artifact
agentsight,e58fce112c6e,5,6,codex:rollout-2026-06-03T17-42-04-019e9014-8640-79d3-a482-8cf585a5c3db:774,10477,predecessor_artifact
agentsight,e58fce112c6e,5,6,codex:rollout-2026-06-03T17-42-04-019e9014-8640-79d3-a482-8cf585a5c3db:775,10478,predecessor_artifact
agentsight,e58fce112c6e,5,6,codex:rollout-2026-06-03T17-42-04-019e9014-8640-79d3-a482-8cf585a5c3db:776,10479,predecessor_artifact
agentsight,e58fce112c6e,5,6,codex:rollout-2026-06-03T17-42-04-019e9014-8640-79d3-a482-8cf585a5c3db:777,10480,predecessor_artifact
agentsight,e58fce112c6e,5,6,codex:rollout-2026-06-03T17-42-04-019e9014-8640-79d3-a482-8cf585a5c3db:778,10481,predecessor_artifact
agentsight,e58fce112c6e,5,6,codex:rollout-2026-06-03T17-42-04-019e9014-8640-79d3-a482-8cf585a5c3db:779,10482,predecessor_artifact
agentsight,e58fce112c6e,5,6,codex:rollout-2026-06-03T17-42-04-019e9014-8640-79d3-a482-8cf585a5c3db:780,10483,predecessor_artifact
agentsight,e58fce112c6e,5,6,codex:rollout-2026-06-03T17-42-04-019e9014-8640-79d3-a482-8cf585a5c3db:781,10484,no_resolved_path
agentsight,e58fce112c6e,5,6,codex:rollout-2026-06-03T17-42-04-019e9014-8640-79d3-a482-8cf585a5c3db:782,10485,predecessor_module
agentsight,e58fce112c6e,5,6,codex:rollout-2026-06-03T17-42-04-019e9014-8640-79d3-a482-8cf585a5c3db:783,10486,predecessor_artifact
agentsight,e58fce112c6e,5,6,codex:rollout-2026-06-03T17-42-04-019e9014-8640-79d3-a482-8cf585a5c3db:784,10487,predecessor_module
agentsight,e58fce112c6e,5,6,claude:7ad7c67d-e6e3-4e64-afa1-4327e4497858:18,10488,predecessor_module
agentsight,e58fce112c6e,5,6,codex:rollout-2026-06-03T17-42-04-019e9014-8640-79d3-a482-8cf585a5c3db:785,10489,predecessor_artifact
agentsight,e58fce112c6e,5,6,codex:rollout-2026-06-03T17-42-04-019e9014-8640-79d3-a482-8cf585a5c3db:786,10490,predecessor_artifact
agentsight,e58fce112c6e,5,6,codex:rollout-2026-06-03T17-42-04-019e9014-8640-79d3-a482-8cf585a5c3db:787,10491,predecessor_artifact
agentsight,e58fce112c6e,5,6,codex:rollout-2026-06-03T17-42-04-019e9014-8640-79d3-a482-8cf585a5c3db:788,10492,predecessor_artifact
agentsight,e58fce112c6e,5,6,codex:rollout-2026-06-03T17-42-04-019e9014-8640-79d3-a482-8cf585a5c3db:789,10493,predecessor_artifact
agentsight,e58fce112c6e,5,6,codex:rollout-2026-06-03T17-42-04-019e9014-8640-79d3-a482-8cf585a5c3db:790,10494,predecessor_artifact
agentsight,e58fce112c6e,5,6,codex:rollout-2026-06-03T17-42-04-019e9014-8640-79d3-a482-8cf585a5c3db:791,10495,predecessor_artifact
agentsight,e58fce112c6e,5,6,codex:rollout-2026-06-03T17-42-04-019e9014-8640-79d3-a482-8cf585a5c3db:792,10496,predecessor_artifact
agentsight,e58fce112c6e,5,6,codex:rollout-2026-06-03T17-42-04-019e9014-8640-79d3-a482-8cf585a5c3db:793,10497,predecessor_artifact
agentsight,e58fce112c6e,5,6,codex:rollout-2026-06-03T17-42-04-019e9014-8640-79d3-a482-8cf585a5c3db:794,10498,predecessor_artifact
agentsight,e58fce112c6e,5,6,codex:rollout-2026-06-03T17-42-04-019e9014-8640-79d3-a482-8cf585a5c3db:795,10499,predecessor_artifact
agentsight,e58fce112c6e,5,6,codex:rollout-2026-06-03T17-42-04-019e9014-8640-79d3-a482-8cf585a5c3db:796,10500,predecessor_artifact
agentsight,e58fce112c6e,5,6,codex:rollout-2026-06-03T17-42-04-019e9014-8640-79d3-a482-8cf585a5c3db:797,10501,predecessor_artifact
agentsight,e58fce112c6e,5,6,codex:rollout-2026-06-03T17-42-04-019e9014-8640-79d3-a482-8cf585a5c3db:798,10502,predecessor_artifact
agentsight,e58fce112c6e,5,6,codex:rollout-2026-06-03T17-42-04-019e9014-8640-79d3-a482-8cf585a5c3db:799,10503,predecessor_artifact
agentsight,e58fce112c6e,5,6,codex:rollout-2026-06-03T17-42-04-019e9014-8640-79d3-a482-8cf585a5c3db:800,10504,predecessor_artifact
agentsight,e58fce112c6e,5,6,codex:rollout-2026-06-03T17-42-04-019e9014-8640-79d3-a482-8cf585a5c3db:801,10505,predecessor_artifact
agentsight,e58fce112c6e,5,6,codex:rollout-2026-06-03T17-42-04-019e9014-8640-79d3-a482-8cf585a5c3db:802,10506,predecessor_module
agentsight,e58fce112c6e,5,6,codex:rollout-2026-06-03T17-42-04-019e9014-8640-79d3-a482-8cf585a5c3db:803,10507,predecessor_artifact
agentsight,e58fce112c6e,5,6,codex:rollout-2026-06-03T17-42-04-019e9014-8640-79d3-a482-8cf585a5c3db:804,10508,predecessor_artifact
agentsight,e58fce112c6e,5,6,codex:rollout-2026-06-03T17-42-04-019e9014-8640-79d3-a482-8cf585a5c3db:805,10509,predecessor_artifact
agentsight,e58fce112c6e,5,6,codex:rollout-2026-06-03T17-42-04-019e9014-8640-79d3-a482-8cf585a5c3db:806,10510,predecessor_artifact
agentsight,e58fce112c6e,5,6,codex:rollout-2026-06-03T17-42-04-019e9014-8640-79d3-a482-8cf585a5c3db:807,10511,predecessor_artifact
agentsight,e58fce112c6e,5,6,codex:rollout-2026-06-03T17-42-04-019e9014-8640-79d3-a482-8cf585a5c3db:808,10512,predecessor_artifact
agentsight,e58fce112c6e,5,6,codex:rollout-2026-06-03T17-42-04-019e9014-8640-79d3-a482-8cf585a5c3db:809,10513,predecessor_artifact
agentsight,e58fce112c6e,5,6,codex:rollout-2026-06-03T17-42-04-019e9014-8640-79d3-a482-8cf585a5c3db:810,10514,predecessor_artifact
agentsight,e58fce112c6e,5,6,codex:rollout-2026-06-03T17-42-04-019e9014-8640-79d3-a482-8cf585a5c3db:811,10515,no_resolved_path
agentsight,e58fce112c6e,5,6,codex:rollout-2026-06-03T17-42-04-019e9014-8640-79d3-a482-8cf585a5c3db:812,10516,predecessor_module
agentsight,e58fce112c6e,5,6,codex:rollout-2026-06-03T17-42-04-019e9014-8640-79d3-a482-8cf585a5c3db:813,10517,no_resolved_path
agentsight,e58fce112c6e,5,6,codex:rollout-2026-06-03T17-42-04-019e9014-8640-79d3-a482-8cf585a5c3db:814,10518,no_resolved_path
agentsight,e58fce112c6e,5,6,codex:rollout-2026-06-03T17-42-04-019e9014-8640-79d3-a482-8cf585a5c3db:815,10519,predecessor_module
agentsight,e58fce112c6e,5,6,codex:rollout-2026-06-03T17-42-04-019e9014-8640-79d3-a482-8cf585a5c3db:816,10520,predecessor_artifact
agentsight,e58fce112c6e,5,6,codex:rollout-2026-06-03T17-42-04-019e9014-8640-79d3-a482-8cf585a5c3db:817,10521,predecessor_artifact
agentsight,e58fce112c6e,5,6,codex:rollout-2026-06-03T17-42-04-019e9014-8640-79d3-a482-8cf585a5c3db:818,10522,predecessor_artifact
agentsight,e58fce112c6e,5,6,codex:rollout-2026-06-03T17-42-04-019e9014-8640-79d3-a482-8cf585a5c3db:819,10523,predecessor_artifact
agentsight,e58fce112c6e,5,6,codex:rollout-2026-06-03T17-42-04-019e9014-8640-79d3-a482-8cf585a5c3db:820,10524,predecessor_artifact
agentsight,e58fce112c6e,5,6,codex:rollout-2026-06-03T17-42-04-019e9014-8640-79d3-a482-8cf585a5c3db:821,10525,predecessor_artifact
agentsight,e58fce112c6e,5,6,codex:rollout-2026-06-03T17-42-04-019e9014-8640-79d3-a482-8cf585a5c3db:822,10526,predecessor_artifact
agentsight,e58fce112c6e,5,6,codex:rollout-2026-06-03T17-42-04-019e9014-8640-79d3-a482-8cf585a5c3db:823,10527,predecessor_artifact
agentsight,e58fce112c6e,5,6,codex:rollout-2026-06-03T17-42-04-019e9014-8640-79d3-a482-8cf585a5c3db:824,10528,predecessor_artifact
agentsight,e58fce112c6e,5,6,codex:rollout-2026-06-03T17-42-04-019e9014-8640-79d3-a482-8cf585a5c3db:825,10529,predecessor_artifact
agentsight,e58fce112c6e,5,6,codex:rollout-2026-06-03T17-42-04-019e9014-8640-79d3-a482-8cf585a5c3db:826,10530,predecessor_module
agentsight,e58fce112c6e,5,6,codex:rollout-2026-06-03T17-42-04-019e9014-8640-79d3-a482-8cf585a5c3db:827,10531,no_resolved_path
agentsight,e58fce112c6e,5,6,codex:rollout-2026-06-03T17-42-04-019e9014-8640-79d3-a482-8cf585a5c3db:828,10532,no_resolved_path
agentsight,e58fce112c6e,5,6,codex:rollout-2026-06-03T17-42-04-019e9014-8640-79d3-a482-8cf585a5c3db:829,10533,no_resolved_path
agentsight,e58fce112c6e,5,6,codex:rollout-2026-06-03T17-42-04-019e9014-8640-79d3-a482-8cf585a5c3db:830,10534,no_resolved_path
agentsight,e58fce112c6e,5,6,codex:rollout-2026-06-03T17-42-04-019e9014-8640-79d3-a482-8cf585a5c3db:831,10535,no_resolved_path
agentsight,e58fce112c6e,5,6,codex:rollout-2026-06-03T17-42-04-019e9014-8640-79d3-a482-8cf585a5c3db:832,10536,no_resolved_path
agentsight,e58fce112c6e,5,6,codex:rollout-2026-06-03T17-42-04-019e9014-8640-79d3-a482-8cf585a5c3db:833,10537,no_resolved_path
agentsight,e58fce112c6e,5,6,codex:rollout-2026-06-03T17-42-04-019e9014-8640-79d3-a482-8cf585a5c3db:834,10538,no_resolved_path
agentsight,e58fce112c6e,5,6,codex:rollout-2026-06-03T17-42-04-019e9014-8640-79d3-a482-8cf585a5c3db:835,10539,no_resolved_path
agentsight,e58fce112c6e,5,6,codex:rollout-2026-06-03T17-42-04-019e9014-8640-79d3-a482-8cf585a5c3db:836,10540,no_resolved_path
agentsight,e58fce112c6e,5,6,codex:rollout-2026-06-03T17-42-04-019e9014-8640-79d3-a482-8cf585a5c3db:837,10541,no_resolved_path
agentsight,e58fce112c6e,5,6,codex:rollout-2026-06-03T17-42-04-019e9014-8640-79d3-a482-8cf585a5c3db:838,10542,no_resolved_path
agentsight,e58fce112c6e,5,6,codex:rollout-2026-06-03T17-42-04-019e9014-8640-79d3-a482-8cf585a5c3db:839,10543,no_resolved_path
agentsight,e58fce112c6e,5,6,codex:rollout-2026-06-03T17-42-04-019e9014-8640-79d3-a482-8cf585a5c3db:840,10544,no_resolved_path
agentsight,e58fce112c6e,5,6,codex:rollout-2026-06-03T17-42-04-019e9014-8640-79d3-a482-8cf585a5c3db:841,10545,no_resolved_path
agentsight,e58fce112c6e,5,6,codex:rollout-2026-06-03T17-42-04-019e9014-8640-79d3-a482-8cf585a5c3db:842,10546,predecessor_artifact
agentsight,e58fce112c6e,5,6,codex:rollout-2026-06-03T17-42-04-019e9014-8640-79d3-a482-8cf585a5c3db:843,10547,predecessor_module
agentsight,e58fce112c6e,5,6,codex:rollout-2026-06-03T17-42-04-019e9014-8640-79d3-a482-8cf585a5c3db:844,10548,no_resolved_path
agentsight,e58fce112c6e,5,6,codex:rollout-2026-06-03T17-42-04-019e9014-8640-79d3-a482-8cf585a5c3db:845,10549,predecessor_artifact
agentsight,e58fce112c6e,5,6,codex:rollout-2026-06-03T17-42-04-019e9014-8640-79d3-a482-8cf585a5c3db:846,10550,predecessor_artifact
agentsight,e58fce112c6e,5,6,codex:rollout-2026-06-03T17-42-04-019e9014-8640-79d3-a482-8cf585a5c3db:847,10551,predecessor_artifact
agentsight,e58fce112c6e,5,6,codex:rollout-2026-06-03T17-42-04-019e9014-8640-79d3-a482-8cf585a5c3db:848,10552,predecessor_artifact
agentsight,e58fce112c6e,5,6,codex:rollout-2026-06-03T17-42-04-019e9014-8640-79d3-a482-8cf585a5c3db:849,10553,predecessor_artifact
agentsight,e58fce112c6e,5,6,codex:rollout-2026-06-03T17-42-04-019e9014-8640-79d3-a482-8cf585a5c3db:850,10554,predecessor_module
agentsight,e58fce112c6e,5,6,codex:rollout-2026-06-03T17-42-04-019e9014-8640-79d3-a482-8cf585a5c3db:851,10555,predecessor_artifact
agentsight,e58fce112c6e,5,6,codex:rollout-2026-06-03T17-42-04-019e9014-8640-79d3-a482-8cf585a5c3db:852,10556,predecessor_artifact
agentsight,e58fce112c6e,5,6,codex:rollout-2026-06-03T17-42-04-019e9014-8640-79d3-a482-8cf585a5c3db:853,10557,predecessor_artifact
agentsight,e58fce112c6e,5,6,codex:rollout-2026-06-03T17-42-04-019e9014-8640-79d3-a482-8cf585a5c3db:854,10558,predecessor_artifact
agentsight,e58fce112c6e,5,6,codex:rollout-2026-06-03T17-42-04-019e9014-8640-79d3-a482-8cf585a5c3db:855,10559,predecessor_artifact
agentsight,e58fce112c6e,5,6,codex:rollout-2026-06-03T17-42-04-019e9014-8640-79d3-a482-8cf585a5c3db:856,10560,predecessor_artifact
agentsight,e58fce112c6e,5,6,codex:rollout-2026-06-03T17-42-04-019e9014-8640-79d3-a482-8cf585a5c3db:857,10561,predecessor_artifact
agentsight,e58fce112c6e,5,6,codex:rollout-2026-06-03T17-42-04-019e9014-8640-79d3-a482-8cf585a5c3db:858,10562,predecessor_artifact
agentsight,e58fce112c6e,5,6,codex:rollout-2026-06-03T17-42-04-019e9014-8640-79d3-a482-8cf585a5c3db:859,10563,predecessor_artifact
agentsight,e58fce112c6e,5,6,codex:rollout-2026-06-03T17-42-04-019e9014-8640-79d3-a482-8cf585a5c3db:860,10564,no_resolved_path
agentsight,e58fce112c6e,5,6,codex:rollout-2026-06-03T17-42-04-019e9014-8640-79d3-a482-8cf585a5c3db:861,10565,predecessor_artifact
agentsight,e58fce112c6e,5,6,codex:rollout-2026-06-03T17-42-04-019e9014-8640-79d3-a482-8cf585a5c3db:862,10566,no_resolved_path
agentsight,e58fce112c6e,5,6,codex:rollout-2026-06-03T17-42-04-019e9014-8640-79d3-a482-8cf585a5c3db:863,10567,predecessor_artifact
agentsight,e58fce112c6e,5,6,codex:rollout-2026-06-03T17-42-04-019e9014-8640-79d3-a482-8cf585a5c3db:864,10568,predecessor_artifact
agentsight,e58fce112c6e,5,6,codex:rollout-2026-06-03T17-42-04-019e9014-8640-79d3-a482-8cf585a5c3db:865,10569,predecessor_artifact
agentsight,e58fce112c6e,5,6,codex:rollout-2026-06-03T17-42-04-019e9014-8640-79d3-a482-8cf585a5c3db:866,10570,predecessor_artifact
agentsight,e58fce112c6e,5,6,codex:rollout-2026-06-03T17-42-04-019e9014-8640-79d3-a482-8cf585a5c3db:867,10571,predecessor_artifact
agentsight,e58fce112c6e,5,6,codex:rollout-2026-06-03T17-42-04-019e9014-8640-79d3-a482-8cf585a5c3db:868,10572,no_resolved_path
agentsight,e58fce112c6e,5,6,codex:rollout-2026-06-03T17-42-04-019e9014-8640-79d3-a482-8cf585a5c3db:869,10573,no_resolved_path
agentsight,e58fce112c6e,5,6,codex:rollout-2026-06-03T17-42-04-019e9014-8640-79d3-a482-8cf585a5c3db:870,10574,predecessor_artifact
agentsight,e58fce112c6e,5,6,codex:rollout-2026-06-03T17-42-04-019e9014-8640-79d3-a482-8cf585a5c3db:871,10575,predecessor_artifact
agentsight,e58fce112c6e,5,6,codex:rollout-2026-06-03T17-42-04-019e9014-8640-79d3-a482-8cf585a5c3db:872,10576,predecessor_artifact
agentsight,e58fce112c6e,5,6,codex:rollout-2026-06-03T17-42-04-019e9014-8640-79d3-a482-8cf585a5c3db:873,10577,predecessor_artifact
agentsight,e58fce112c6e,5,6,codex:rollout-2026-06-03T17-42-04-019e9014-8640-79d3-a482-8cf585a5c3db:874,10578,predecessor_artifact
agentsight,e58fce112c6e,5,6,codex:rollout-2026-06-03T17-42-04-019e9014-8640-79d3-a482-8cf585a5c3db:875,10579,predecessor_artifact
agentsight,e58fce112c6e,5,6,codex:rollout-2026-06-03T17-42-04-019e9014-8640-79d3-a482-8cf585a5c3db:876,10580,predecessor_artifact
agentsight,e58fce112c6e,5,6,codex:rollout-2026-06-03T17-42-04-019e9014-8640-79d3-a482-8cf585a5c3db:877,10581,predecessor_module
agentsight,e58fce112c6e,5,6,codex:rollout-2026-06-03T17-42-04-019e9014-8640-79d3-a482-8cf585a5c3db:878,10582,predecessor_artifact
agentsight,e58fce112c6e,5,6,codex:rollout-2026-06-03T17-42-04-019e9014-8640-79d3-a482-8cf585a5c3db:879,10583,predecessor_artifact
agentsight,e58fce112c6e,5,6,codex:rollout-2026-06-03T17-42-04-019e9014-8640-79d3-a482-8cf585a5c3db:880,10584,predecessor_module
agentsight,e58fce112c6e,5,6,codex:rollout-2026-06-03T17-42-04-019e9014-8640-79d3-a482-8cf585a5c3db:881,10585,predecessor_artifact
agentsight,e58fce112c6e,5,6,codex:rollout-2026-06-03T17-42-04-019e9014-8640-79d3-a482-8cf585a5c3db:882,10586,predecessor_artifact
agentsight,e58fce112c6e,5,6,codex:rollout-2026-06-03T17-42-04-019e9014-8640-79d3-a482-8cf585a5c3db:883,10587,predecessor_module
agentsight,e58fce112c6e,5,6,codex:rollout-2026-06-03T17-42-04-019e9014-8640-79d3-a482-8cf585a5c3db:884,10588,no_resolved_path
agentsight,e58fce112c6e,5,6,codex:rollout-2026-06-03T17-42-04-019e9014-8640-79d3-a482-8cf585a5c3db:885,10589,no_resolved_path
agentsight,e58fce112c6e,5,6,codex:rollout-2026-06-03T17-42-04-019e9014-8640-79d3-a482-8cf585a5c3db:886,10590,no_resolved_path
agentsight,e58fce112c6e,5,6,codex:rollout-2026-06-03T17-42-04-019e9014-8640-79d3-a482-8cf585a5c3db:887,10591,no_resolved_path
agentsight,e58fce112c6e,5,6,codex:rollout-2026-06-03T17-42-04-019e9014-8640-79d3-a482-8cf585a5c3db:888,10592,no_resolved_path
agentsight,e58fce112c6e,5,6,codex:rollout-2026-06-03T17-42-04-019e9014-8640-79d3-a482-8cf585a5c3db:889,10593,predecessor_artifact
agentsight,e58fce112c6e,5,6,codex:rollout-2026-06-03T17-42-04-019e9014-8640-79d3-a482-8cf585a5c3db:890,10594,predecessor_artifact
agentsight,e58fce112c6e,5,6,codex:rollout-2026-06-03T17-42-04-019e9014-8640-79d3-a482-8cf585a5c3db:891,10595,predecessor_artifact
agentsight,e58fce112c6e,5,6,codex:rollout-2026-06-03T17-42-04-019e9014-8640-79d3-a482-8cf585a5c3db:892,10596,predecessor_artifact
agentsight,e58fce112c6e,5,6,codex:rollout-2026-06-03T17-42-04-019e9014-8640-79d3-a482-8cf585a5c3db:893,10597,predecessor_artifact
agentsight,e58fce112c6e,5,6,codex:rollout-2026-06-03T17-42-04-019e9014-8640-79d3-a482-8cf585a5c3db:894,10598,predecessor_artifact
agentsight,e58fce112c6e,5,6,codex:rollout-2026-06-03T17-42-04-019e9014-8640-79d3-a482-8cf585a5c3db:895,10599,predecessor_artifact
agentsight,e58fce112c6e,5,6,codex:rollout-2026-06-03T17-42-04-019e9014-8640-79d3-a482-8cf585a5c3db:896,10600,predecessor_artifact
agentsight,e58fce112c6e,5,6,codex:rollout-2026-06-03T17-42-04-019e9014-8640-79d3-a482-8cf585a5c3db:897,10601,predecessor_artifact
agentsight,e58fce112c6e,5,6,codex:rollout-2026-06-03T17-42-04-019e9014-8640-79d3-a482-8cf585a5c3db:898,10602,predecessor_artifact
agentsight,e58fce112c6e,5,6,codex:rollout-2026-06-03T17-42-04-019e9014-8640-79d3-a482-8cf585a5c3db:899,10603,predecessor_artifact
agentsight,e58fce112c6e,5,6,codex:rollout-2026-06-03T17-42-04-019e9014-8640-79d3-a482-8cf585a5c3db:900,10604,predecessor_artifact
agentsight,e58fce112c6e,5,6,codex:rollout-2026-06-03T17-42-04-019e9014-8640-79d3-a482-8cf585a5c3db:901,10605,no_resolved_path
agentsight,e58fce112c6e,5,6,codex:rollout-2026-06-03T17-42-04-019e9014-8640-79d3-a482-8cf585a5c3db:902,10606,predecessor_artifact
agentsight,e58fce112c6e,5,6,codex:rollout-2026-06-03T17-42-04-019e9014-8640-79d3-a482-8cf585a5c3db:903,10607,predecessor_artifact
agentsight,e58fce112c6e,5,6,codex:rollout-2026-06-03T17-42-04-019e9014-8640-79d3-a482-8cf585a5c3db:904,10608,predecessor_artifact
agentsight,e58fce112c6e,5,6,codex:rollout-2026-06-03T17-42-04-019e9014-8640-79d3-a482-8cf585a5c3db:905,10609,predecessor_artifact
agentsight,e58fce112c6e,5,6,codex:rollout-2026-06-03T17-42-04-019e9014-8640-79d3-a482-8cf585a5c3db:906,10610,predecessor_artifact
agentsight,e58fce112c6e,5,6,codex:rollout-2026-06-03T17-42-04-019e9014-8640-79d3-a482-8cf585a5c3db:907,10611,predecessor_artifact
agentsight,e58fce112c6e,5,6,codex:rollout-2026-06-03T17-42-04-019e9014-8640-79d3-a482-8cf585a5c3db:908,10612,predecessor_artifact
agentsight,e58fce112c6e,5,6,codex:rollout-2026-06-03T17-42-04-019e9014-8640-79d3-a482-8cf585a5c3db:909,10613,predecessor_artifact
agentsight,e58fce112c6e,5,6,codex:rollout-2026-06-03T17-42-04-019e9014-8640-79d3-a482-8cf585a5c3db:910,10614,predecessor_artifact
agentsight,e58fce112c6e,5,6,codex:rollout-2026-06-03T17-42-04-019e9014-8640-79d3-a482-8cf585a5c3db:911,10615,predecessor_artifact
agentsight,e58fce112c6e,5,6,codex:rollout-2026-06-03T17-42-04-019e9014-8640-79d3-a482-8cf585a5c3db:912,10616,predecessor_artifact
agentsight,e58fce112c6e,5,6,codex:rollout-2026-06-03T17-42-04-019e9014-8640-79d3-a482-8cf585a5c3db:913,10617,predecessor_artifact
agentsight,e58fce112c6e,5,6,codex:rollout-2026-06-03T17-42-04-019e9014-8640-79d3-a482-8cf585a5c3db:914,10618,predecessor_artifact
agentsight,e58fce112c6e,5,6,codex:rollout-2026-06-03T17-42-04-019e9014-8640-79d3-a482-8cf585a5c3db:915,10619,predecessor_artifact
agentsight,e58fce112c6e,5,6,codex:rollout-2026-06-03T17-42-04-019e9014-8640-79d3-a482-8cf585a5c3db:916,10620,predecessor_artifact
agentsight,e58fce112c6e,5,6,codex:rollout-2026-06-03T17-42-04-019e9014-8640-79d3-a482-8cf585a5c3db:917,10621,predecessor_artifact
agentsight,e58fce112c6e,5,6,codex:rollout-2026-06-03T17-42-04-019e9014-8640-79d3-a482-8cf585a5c3db:918,10622,predecessor_artifact
agentsight,e58fce112c6e,5,6,codex:rollout-2026-06-03T17-42-04-019e9014-8640-79d3-a482-8cf585a5c3db:919,10623,predecessor_artifact
agentsight,e58fce112c6e,5,6,codex:rollout-2026-06-03T17-42-04-019e9014-8640-79d3-a482-8cf585a5c3db:920,10624,predecessor_artifact
agentsight,e58fce112c6e,5,6,codex:rollout-2026-06-03T17-42-04-019e9014-8640-79d3-a482-8cf585a5c3db:921,10625,predecessor_artifact
agentsight,e58fce112c6e,5,6,codex:rollout-2026-06-03T17-42-04-019e9014-8640-79d3-a482-8cf585a5c3db:922,10626,predecessor_artifact
agentsight,e58fce112c6e,5,6,codex:rollout-2026-06-03T17-42-04-019e9014-8640-79d3-a482-8cf585a5c3db:923,10627,predecessor_artifact
agentsight,e58fce112c6e,5,6,codex:rollout-2026-06-03T17-42-04-019e9014-8640-79d3-a482-8cf585a5c3db:924,10628,predecessor_artifact
agentsight,e58fce112c6e,5,6,codex:rollout-2026-06-03T17-42-04-019e9014-8640-79d3-a482-8cf585a5c3db:925,10629,predecessor_artifact
agentsight,e58fce112c6e,5,6,codex:rollout-2026-06-03T17-42-04-019e9014-8640-79d3-a482-8cf585a5c3db:926,10630,predecessor_artifact
agentsight,e58fce112c6e,5,6,codex:rollout-2026-06-03T17-42-04-019e9014-8640-79d3-a482-8cf585a5c3db:927,10631,predecessor_artifact
agentsight,e58fce112c6e,5,6,codex:rollout-2026-06-03T17-42-04-019e9014-8640-79d3-a482-8cf585a5c3db:928,10632,predecessor_artifact
agentsight,e58fce112c6e,5,6,codex:rollout-2026-06-03T17-42-04-019e9014-8640-79d3-a482-8cf585a5c3db:929,10633,predecessor_artifact
agentsight,e58fce112c6e,5,6,codex:rollout-2026-06-03T17-42-04-019e9014-8640-79d3-a482-8cf585a5c3db:930,10634,predecessor_artifact
agentsight,e58fce112c6e,5,6,codex:rollout-2026-06-03T17-42-04-019e9014-8640-79d3-a482-8cf585a5c3db:931,10635,predecessor_artifact
agentsight,e58fce112c6e,5,6,codex:rollout-2026-06-03T17-42-04-019e9014-8640-79d3-a482-8cf585a5c3db:932,10636,predecessor_artifact
agentsight,e58fce112c6e,5,6,codex:rollout-2026-06-03T17-42-04-019e9014-8640-79d3-a482-8cf585a5c3db:933,10637,predecessor_artifact
agentsight,e58fce112c6e,5,6,codex:rollout-2026-06-03T17-42-04-019e9014-8640-79d3-a482-8cf585a5c3db:934,10638,predecessor_artifact
agentsight,e58fce112c6e,5,6,codex:rollout-2026-06-03T17-42-04-019e9014-8640-79d3-a482-8cf585a5c3db:935,10639,predecessor_artifact
agentsight,e58fce112c6e,5,6,codex:rollout-2026-06-03T17-42-04-019e9014-8640-79d3-a482-8cf585a5c3db:936,10640,predecessor_artifact
agentsight,e58fce112c6e,5,6,codex:rollout-2026-06-03T17-42-04-019e9014-8640-79d3-a482-8cf585a5c3db:937,10641,predecessor_artifact
agentsight,e58fce112c6e,5,6,codex:rollout-2026-06-03T17-42-04-019e9014-8640-79d3-a482-8cf585a5c3db:938,10642,predecessor_artifact
agentsight,e58fce112c6e,5,6,codex:rollout-2026-06-03T17-42-04-019e9014-8640-79d3-a482-8cf585a5c3db:939,10643,predecessor_artifact
agentsight,e58fce112c6e,5,6,codex:rollout-2026-06-03T17-42-04-019e9014-8640-79d3-a482-8cf585a5c3db:940,10644,predecessor_artifact
agentsight,e58fce112c6e,5,6,codex:rollout-2026-06-03T17-42-04-019e9014-8640-79d3-a482-8cf585a5c3db:941,10645,predecessor_artifact
agentsight,e58fce112c6e,5,6,codex:rollout-2026-06-03T17-42-04-019e9014-8640-79d3-a482-8cf585a5c3db:942,10646,predecessor_module
agentsight,e58fce112c6e,5,6,codex:rollout-2026-06-03T17-42-04-019e9014-8640-79d3-a482-8cf585a5c3db:943,10647,predecessor_artifact
agentsight,e58fce112c6e,5,6,codex:rollout-2026-06-03T17-42-04-019e9014-8640-79d3-a482-8cf585a5c3db:944,10648,predecessor_artifact
agentsight,e58fce112c6e,5,6,codex:rollout-2026-06-03T17-42-04-019e9014-8640-79d3-a482-8cf585a5c3db:945,10649,predecessor_artifact
agentsight,e58fce112c6e,5,6,codex:rollout-2026-06-03T17-42-04-019e9014-8640-79d3-a482-8cf585a5c3db:946,10650,predecessor_artifact
agentsight,e58fce112c6e,5,6,codex:rollout-2026-06-03T17-42-04-019e9014-8640-79d3-a482-8cf585a5c3db:947,10651,predecessor_artifact
agentsight,e58fce112c6e,5,6,codex:rollout-2026-06-03T17-42-04-019e9014-8640-79d3-a482-8cf585a5c3db:948,10652,predecessor_artifact
agentsight,e58fce112c6e,5,6,codex:rollout-2026-06-03T17-42-04-019e9014-8640-79d3-a482-8cf585a5c3db:949,10653,predecessor_module
agentsight,e58fce112c6e,5,6,codex:rollout-2026-06-03T17-42-04-019e9014-8640-79d3-a482-8cf585a5c3db:950,10654,predecessor_artifact
agentsight,e58fce112c6e,5,6,codex:rollout-2026-06-03T17-42-04-019e9014-8640-79d3-a482-8cf585a5c3db:951,10655,predecessor_artifact
agentsight,e58fce112c6e,5,6,codex:rollout-2026-06-03T17-42-04-019e9014-8640-79d3-a482-8cf585a5c3db:952,10656,predecessor_artifact
agentsight,e58fce112c6e,5,6,codex:rollout-2026-06-03T17-42-04-019e9014-8640-79d3-a482-8cf585a5c3db:953,10657,predecessor_artifact
agentsight,e58fce112c6e,5,6,codex:rollout-2026-06-03T17-42-04-019e9014-8640-79d3-a482-8cf585a5c3db:954,10658,predecessor_artifact
agentsight,e58fce112c6e,5,6,claude:7ad7c67d-e6e3-4e64-afa1-4327e4497858:19,10659,predecessor_artifact
agentsight,e58fce112c6e,5,6,codex:rollout-2026-06-03T17-42-04-019e9014-8640-79d3-a482-8cf585a5c3db:955,10660,predecessor_artifact
agentsight,e58fce112c6e,5,6,claude:7ad7c67d-e6e3-4e64-afa1-4327e4497858:20,10661,predecessor_artifact
agentsight,e58fce112c6e,5,6,claude:7ad7c67d-e6e3-4e64-afa1-4327e4497858:21,10662,predecessor_module
agentsight,e58fce112c6e,5,6,claude:7ad7c67d-e6e3-4e64-afa1-4327e4497858:22,10663,predecessor_artifact
agentsight,e58fce112c6e,5,6,claude:7ad7c67d-e6e3-4e64-afa1-4327e4497858:23,10664,predecessor_artifact
agentsight,e58fce112c6e,5,6,claude:7ad7c67d-e6e3-4e64-afa1-4327e4497858:24,10665,predecessor_artifact
agentsight,e58fce112c6e,5,6,codex:rollout-2026-06-03T17-42-04-019e9014-8640-79d3-a482-8cf585a5c3db:956,10666,predecessor_artifact
agentsight,e58fce112c6e,5,6,codex:rollout-2026-06-03T17-42-04-019e9014-8640-79d3-a482-8cf585a5c3db:957,10667,predecessor_artifact
agentsight,e58fce112c6e,5,6,codex:rollout-2026-06-03T17-42-04-019e9014-8640-79d3-a482-8cf585a5c3db:958,10668,predecessor_artifact
agentsight,e58fce112c6e,5,6,codex:rollout-2026-06-03T17-42-04-019e9014-8640-79d3-a482-8cf585a5c3db:959,10669,predecessor_artifact
agentsight,e58fce112c6e,5,6,codex:rollout-2026-06-03T17-42-04-019e9014-8640-79d3-a482-8cf585a5c3db:960,10670,predecessor_artifact
agentsight,e58fce112c6e,5,6,codex:rollout-2026-06-03T17-42-04-019e9014-8640-79d3-a482-8cf585a5c3db:961,10671,predecessor_artifact
agentsight,e58fce112c6e,5,6,codex:rollout-2026-06-03T17-42-04-019e9014-8640-79d3-a482-8cf585a5c3db:962,10672,predecessor_artifact
agentsight,e58fce112c6e,5,6,codex:rollout-2026-06-03T17-42-04-019e9014-8640-79d3-a482-8cf585a5c3db:963,10673,predecessor_artifact
agentsight,e58fce112c6e,5,6,codex:rollout-2026-06-03T17-42-04-019e9014-8640-79d3-a482-8cf585a5c3db:964,10674,predecessor_artifact
agentsight,e58fce112c6e,5,6,codex:rollout-2026-06-03T17-42-04-019e9014-8640-79d3-a482-8cf585a5c3db:965,10675,predecessor_artifact
agentsight,e58fce112c6e,5,6,codex:rollout-2026-06-03T17-42-04-019e9014-8640-79d3-a482-8cf585a5c3db:966,10676,predecessor_artifact
agentsight,e58fce112c6e,5,6,codex:rollout-2026-06-03T17-42-04-019e9014-8640-79d3-a482-8cf585a5c3db:967,10677,predecessor_artifact
agentsight,e58fce112c6e,5,6,codex:rollout-2026-06-03T17-42-04-019e9014-8640-79d3-a482-8cf585a5c3db:968,10678,predecessor_artifact
agentsight,e58fce112c6e,5,6,codex:rollout-2026-06-03T17-42-04-019e9014-8640-79d3-a482-8cf585a5c3db:969,10679,predecessor_artifact
agentsight,e58fce112c6e,5,6,codex:rollout-2026-06-03T17-42-04-019e9014-8640-79d3-a482-8cf585a5c3db:970,10680,predecessor_artifact
agentsight,e58fce112c6e,5,6,codex:rollout-2026-06-03T17-42-04-019e9014-8640-79d3-a482-8cf585a5c3db:971,10681,predecessor_artifact
agentsight,e58fce112c6e,5,6,codex:rollout-2026-06-03T17-42-04-019e9014-8640-79d3-a482-8cf585a5c3db:972,10682,predecessor_artifact
agentsight,e58fce112c6e,5,6,codex:rollout-2026-06-03T17-42-04-019e9014-8640-79d3-a482-8cf585a5c3db:973,10683,predecessor_artifact
agentsight,e58fce112c6e,5,6,codex:rollout-2026-06-03T17-42-04-019e9014-8640-79d3-a482-8cf585a5c3db:974,10684,predecessor_artifact
agentsight,e58fce112c6e,5,6,codex:rollout-2026-06-03T17-42-04-019e9014-8640-79d3-a482-8cf585a5c3db:975,10685,predecessor_artifact
agentsight,e58fce112c6e,5,6,codex:rollout-2026-06-03T17-42-04-019e9014-8640-79d3-a482-8cf585a5c3db:976,10686,no_resolved_path
agentsight,e58fce112c6e,5,6,codex:rollout-2026-06-03T17-42-04-019e9014-8640-79d3-a482-8cf585a5c3db:977,10687,predecessor_artifact
agentsight,e58fce112c6e,5,6,codex:rollout-2026-06-03T17-42-04-019e9014-8640-79d3-a482-8cf585a5c3db:978,10688,no_resolved_path
agentsight,e58fce112c6e,5,6,codex:rollout-2026-06-03T17-42-04-019e9014-8640-79d3-a482-8cf585a5c3db:979,10689,no_resolved_path
agentsight,e58fce112c6e,5,6,codex:rollout-2026-06-03T17-42-04-019e9014-8640-79d3-a482-8cf585a5c3db:980,10690,no_resolved_path
agentsight,e58fce112c6e,5,6,codex:rollout-2026-06-03T17-42-04-019e9014-8640-79d3-a482-8cf585a5c3db:981,10691,predecessor_module
agentsight,e58fce112c6e,5,6,codex:rollout-2026-06-03T17-42-04-019e9014-8640-79d3-a482-8cf585a5c3db:982,10692,no_resolved_path
agentsight,e58fce112c6e,5,6,codex:rollout-2026-06-03T17-42-04-019e9014-8640-79d3-a482-8cf585a5c3db:983,10693,predecessor_artifact
agentsight,e58fce112c6e,5,6,codex:rollout-2026-06-03T17-42-04-019e9014-8640-79d3-a482-8cf585a5c3db:984,10694,predecessor_artifact
agentsight,e58fce112c6e,5,6,codex:rollout-2026-06-03T17-42-04-019e9014-8640-79d3-a482-8cf585a5c3db:985,10695,predecessor_artifact
agentsight,e58fce112c6e,5,6,codex:rollout-2026-06-03T17-42-04-019e9014-8640-79d3-a482-8cf585a5c3db:986,10696,predecessor_artifact
agentsight,e58fce112c6e,5,6,codex:rollout-2026-06-03T17-42-04-019e9014-8640-79d3-a482-8cf585a5c3db:987,10697,predecessor_artifact
agentsight,e58fce112c6e,5,6,codex:rollout-2026-06-03T17-42-04-019e9014-8640-79d3-a482-8cf585a5c3db:988,10698,predecessor_artifact
agentsight,e58fce112c6e,5,6,codex:rollout-2026-06-03T17-42-04-019e9014-8640-79d3-a482-8cf585a5c3db:989,10699,predecessor_artifact
agentsight,e58fce112c6e,5,6,codex:rollout-2026-06-03T17-42-04-019e9014-8640-79d3-a482-8cf585a5c3db:990,10700,no_resolved_path
agentsight,e58fce112c6e,5,6,codex:rollout-2026-06-03T17-42-04-019e9014-8640-79d3-a482-8cf585a5c3db:991,10701,no_resolved_path
agentsight,e58fce112c6e,5,6,codex:rollout-2026-06-03T17-42-04-019e9014-8640-79d3-a482-8cf585a5c3db:992,10702,no_resolved_path
agentsight,e58fce112c6e,5,6,codex:rollout-2026-06-03T17-42-04-019e9014-8640-79d3-a482-8cf585a5c3db:993,10703,predecessor_artifact
agentsight,e58fce112c6e,5,6,codex:rollout-2026-06-03T17-42-04-019e9014-8640-79d3-a482-8cf585a5c3db:994,10704,predecessor_artifact
agentsight,e58fce112c6e,5,6,codex:rollout-2026-06-03T17-42-04-019e9014-8640-79d3-a482-8cf585a5c3db:995,10705,predecessor_module
agentsight,e58fce112c6e,5,6,codex:rollout-2026-06-03T17-42-04-019e9014-8640-79d3-a482-8cf585a5c3db:996,10706,predecessor_artifact
agentsight,e58fce112c6e,5,6,codex:rollout-2026-06-03T17-42-04-019e9014-8640-79d3-a482-8cf585a5c3db:997,10707,no_resolved_path
agentsight,e58fce112c6e,5,6,codex:rollout-2026-06-03T17-42-04-019e9014-8640-79d3-a482-8cf585a5c3db:998,10708,predecessor_module
agentsight,e58fce112c6e,5,6,codex:rollout-2026-06-03T17-42-04-019e9014-8640-79d3-a482-8cf585a5c3db:999,10709,predecessor_artifact
agentsight,e58fce112c6e,5,6,codex:rollout-2026-06-03T17-42-04-019e9014-8640-79d3-a482-8cf585a5c3db:1000,10710,predecessor_artifact
agentsight,e58fce112c6e,5,6,codex:rollout-2026-06-03T17-42-04-019e9014-8640-79d3-a482-8cf585a5c3db:1001,10711,predecessor_artifact
agentsight,e58fce112c6e,5,6,codex:rollout-2026-06-03T17-42-04-019e9014-8640-79d3-a482-8cf585a5c3db:1002,10712,predecessor_artifact
agentsight,e58fce112c6e,5,6,codex:rollout-2026-06-03T17-42-04-019e9014-8640-79d3-a482-8cf585a5c3db:1003,10713,predecessor_artifact
agentsight,e58fce112c6e,5,6,codex:rollout-2026-06-03T17-42-04-019e9014-8640-79d3-a482-8cf585a5c3db:1004,10714,predecessor_artifact
agentsight,e58fce112c6e,5,6,codex:rollout-2026-06-03T17-42-04-019e9014-8640-79d3-a482-8cf585a5c3db:1005,10715,predecessor_artifact
agentsight,e58fce112c6e,5,6,codex:rollout-2026-06-03T17-42-04-019e9014-8640-79d3-a482-8cf585a5c3db:1006,10716,predecessor_artifact
agentsight,e58fce112c6e,5,6,codex:rollout-2026-06-03T17-42-04-019e9014-8640-79d3-a482-8cf585a5c3db:1007,10717,no_resolved_path
agentsight,e58fce112c6e,5,6,codex:rollout-2026-06-03T17-42-04-019e9014-8640-79d3-a482-8cf585a5c3db:1008,10718,no_resolved_path
agentsight,e58fce112c6e,5,6,codex:rollout-2026-06-03T17-42-04-019e9014-8640-79d3-a482-8cf585a5c3db:1009,10719,predecessor_artifact
agentsight,e58fce112c6e,5,6,codex:rollout-2026-06-03T17-42-04-019e9014-8640-79d3-a482-8cf585a5c3db:1010,10720,predecessor_artifact
agentsight,e58fce112c6e,5,6,codex:rollout-2026-06-03T17-42-04-019e9014-8640-79d3-a482-8cf585a5c3db:1011,10721,predecessor_artifact
agentsight,e58fce112c6e,5,6,codex:rollout-2026-06-03T17-42-04-019e9014-8640-79d3-a482-8cf585a5c3db:1012,10722,predecessor_artifact
agentsight,e58fce112c6e,5,6,codex:rollout-2026-06-03T17-42-04-019e9014-8640-79d3-a482-8cf585a5c3db:1013,10723,predecessor_module
agentsight,e58fce112c6e,5,6,codex:rollout-2026-06-03T17-42-04-019e9014-8640-79d3-a482-8cf585a5c3db:1014,10724,predecessor_module
agentsight,e58fce112c6e,5,6,codex:rollout-2026-06-03T17-42-04-019e9014-8640-79d3-a482-8cf585a5c3db:1015,10725,predecessor_artifact
agentsight,e58fce112c6e,5,6,codex:rollout-2026-06-03T17-42-04-019e9014-8640-79d3-a482-8cf585a5c3db:1016,10726,predecessor_module
agentsight,e58fce112c6e,5,6,codex:rollout-2026-06-03T17-42-04-019e9014-8640-79d3-a482-8cf585a5c3db:1017,10727,predecessor_module
agentsight,e58fce112c6e,5,6,codex:rollout-2026-06-03T17-42-04-019e9014-8640-79d3-a482-8cf585a5c3db:1018,10728,predecessor_artifact
agentsight,e58fce112c6e,5,6,codex:rollout-2026-06-03T17-42-04-019e9014-8640-79d3-a482-8cf585a5c3db:1019,10729,predecessor_artifact
agentsight,e58fce112c6e,5,6,codex:rollout-2026-06-03T17-42-04-019e9014-8640-79d3-a482-8cf585a5c3db:1020,10730,predecessor_module
agentsight,e58fce112c6e,5,6,codex:rollout-2026-06-03T17-42-04-019e9014-8640-79d3-a482-8cf585a5c3db:1021,10731,predecessor_artifact
agentsight,e58fce112c6e,5,6,codex:rollout-2026-06-03T17-42-04-019e9014-8640-79d3-a482-8cf585a5c3db:1022,10732,predecessor_artifact
agentsight,e58fce112c6e,5,6,codex:rollout-2026-06-03T17-42-04-019e9014-8640-79d3-a482-8cf585a5c3db:1023,10733,predecessor_module
agentsight,e58fce112c6e,5,6,codex:rollout-2026-06-03T17-42-04-019e9014-8640-79d3-a482-8cf585a5c3db:1024,10734,predecessor_module
agentsight,e58fce112c6e,5,6,codex:rollout-2026-06-03T17-42-04-019e9014-8640-79d3-a482-8cf585a5c3db:1025,10735,predecessor_module
agentsight,e58fce112c6e,5,6,codex:rollout-2026-06-03T17-42-04-019e9014-8640-79d3-a482-8cf585a5c3db:1026,10736,predecessor_artifact
agentsight,e58fce112c6e,5,6,codex:rollout-2026-06-03T17-42-04-019e9014-8640-79d3-a482-8cf585a5c3db:1027,10737,predecessor_artifact
agentsight,e58fce112c6e,5,6,codex:rollout-2026-06-03T17-42-04-019e9014-8640-79d3-a482-8cf585a5c3db:1028,10738,predecessor_module
agentsight,e58fce112c6e,5,6,codex:rollout-2026-06-03T17-42-04-019e9014-8640-79d3-a482-8cf585a5c3db:1029,10739,predecessor_artifact
agentsight,e58fce112c6e,5,6,codex:rollout-2026-06-03T17-42-04-019e9014-8640-79d3-a482-8cf585a5c3db:1030,10740,predecessor_module
agentsight,e58fce112c6e,5,6,codex:rollout-2026-06-03T17-42-04-019e9014-8640-79d3-a482-8cf585a5c3db:1031,10741,predecessor_artifact
agentsight,e58fce112c6e,5,6,codex:rollout-2026-06-03T17-42-04-019e9014-8640-79d3-a482-8cf585a5c3db:1032,10742,predecessor_artifact
agentsight,e58fce112c6e,5,6,codex:rollout-2026-06-03T17-42-04-019e9014-8640-79d3-a482-8cf585a5c3db:1033,10743,predecessor_module
agentsight,e58fce112c6e,5,6,codex:rollout-2026-06-03T17-42-04-019e9014-8640-79d3-a482-8cf585a5c3db:1034,10744,predecessor_module
agentsight,e58fce112c6e,5,6,codex:rollout-2026-06-03T17-42-04-019e9014-8640-79d3-a482-8cf585a5c3db:1035,10745,predecessor_artifact
agentsight,e58fce112c6e,5,6,codex:rollout-2026-06-03T17-42-04-019e9014-8640-79d3-a482-8cf585a5c3db:1036,10746,predecessor_artifact
agentsight,e58fce112c6e,5,6,codex:rollout-2026-06-03T17-42-04-019e9014-8640-79d3-a482-8cf585a5c3db:1037,10747,predecessor_artifact
agentsight,e58fce112c6e,5,6,codex:rollout-2026-06-03T17-42-04-019e9014-8640-79d3-a482-8cf585a5c3db:1038,10748,predecessor_module
agentsight,e58fce112c6e,5,6,codex:rollout-2026-06-03T17-42-04-019e9014-8640-79d3-a482-8cf585a5c3db:1039,10749,predecessor_artifact
agentsight,e58fce112c6e,5,6,codex:rollout-2026-06-03T17-42-04-019e9014-8640-79d3-a482-8cf585a5c3db:1040,10750,predecessor_artifact
agentsight,e58fce112c6e,5,6,codex:rollout-2026-06-03T17-42-04-019e9014-8640-79d3-a482-8cf585a5c3db:1041,10751,predecessor_artifact
agentsight,e58fce112c6e,5,6,codex:rollout-2026-06-03T17-42-04-019e9014-8640-79d3-a482-8cf585a5c3db:1042,10752,predecessor_module
agentsight,e58fce112c6e,5,6,codex:rollout-2026-06-03T17-42-04-019e9014-8640-79d3-a482-8cf585a5c3db:1043,10753,predecessor_artifact
agentsight,e58fce112c6e,5,6,codex:rollout-2026-06-03T17-42-04-019e9014-8640-79d3-a482-8cf585a5c3db:1044,10754,predecessor_module
agentsight,e58fce112c6e,5,6,codex:rollout-2026-06-03T17-42-04-019e9014-8640-79d3-a482-8cf585a5c3db:1045,10755,predecessor_module
agentsight,e58fce112c6e,5,6,codex:rollout-2026-06-03T17-42-04-019e9014-8640-79d3-a482-8cf585a5c3db:1046,10756,predecessor_module
agentsight,e58fce112c6e,6,7,codex:rollout-2026-06-05T16-52-13-019e9a33-98ff-7dc1-99e7-46f58bdc0542:0,16810,no_resolved_path
agentsight,e58fce112c6e,6,7,codex:rollout-2026-06-05T16-52-13-019e9a33-98ff-7dc1-99e7-46f58bdc0542:1,16811,no_resolved_path
agentsight,e58fce112c6e,6,7,codex:rollout-2026-06-05T16-52-13-019e9a33-98ff-7dc1-99e7-46f58bdc0542:2,16812,no_resolved_path
agentsight,e58fce112c6e,6,7,codex:rollout-2026-06-05T16-52-13-019e9a33-98ff-7dc1-99e7-46f58bdc0542:3,16813,predecessor_artifact
agentsight,e58fce112c6e,6,7,codex:rollout-2026-06-05T16-52-13-019e9a33-98ff-7dc1-99e7-46f58bdc0542:4,16814,predecessor_module
agentsight,e58fce112c6e,6,7,codex:rollout-2026-06-05T16-52-13-019e9a33-98ff-7dc1-99e7-46f58bdc0542:5,16815,predecessor_artifact
agentsight,e58fce112c6e,6,7,codex:rollout-2026-06-05T16-52-13-019e9a33-98ff-7dc1-99e7-46f58bdc0542:6,16816,predecessor_module
agentsight,e58fce112c6e,6,7,codex:rollout-2026-06-05T16-52-13-019e9a33-98ff-7dc1-99e7-46f58bdc0542:7,16817,predecessor_artifact
agentsight,e58fce112c6e,6,7,codex:rollout-2026-06-05T16-52-13-019e9a33-98ff-7dc1-99e7-46f58bdc0542:8,16818,predecessor_artifact
agentsight,e58fce112c6e,6,7,codex:rollout-2026-06-05T16-52-13-019e9a33-98ff-7dc1-99e7-46f58bdc0542:9,16819,predecessor_artifact
agentsight,e58fce112c6e,6,7,codex:rollout-2026-06-05T16-52-13-019e9a33-98ff-7dc1-99e7-46f58bdc0542:10,16820,predecessor_artifact
agentsight,e58fce112c6e,6,7,codex:rollout-2026-06-05T16-52-13-019e9a33-98ff-7dc1-99e7-46f58bdc0542:11,16821,predecessor_artifact
agentsight,e58fce112c6e,6,7,codex:rollout-2026-06-05T16-52-13-019e9a33-98ff-7dc1-99e7-46f58bdc0542:12,16822,predecessor_artifact
agentsight,e58fce112c6e,6,7,codex:rollout-2026-06-05T16-52-13-019e9a33-98ff-7dc1-99e7-46f58bdc0542:13,16823,predecessor_artifact
agentsight,e58fce112c6e,6,7,codex:rollout-2026-06-05T16-52-13-019e9a33-98ff-7dc1-99e7-46f58bdc0542:14,16824,predecessor_module
agentsight,e58fce112c6e,6,7,codex:rollout-2026-06-05T16-52-13-019e9a33-98ff-7dc1-99e7-46f58bdc0542:15,16825,predecessor_artifact
agentsight,e58fce112c6e,6,7,codex:rollout-2026-06-05T16-52-13-019e9a33-98ff-7dc1-99e7-46f58bdc0542:16,16826,predecessor_artifact
agentsight,e58fce112c6e,6,7,codex:rollout-2026-06-05T16-52-13-019e9a33-98ff-7dc1-99e7-46f58bdc0542:17,16827,predecessor_artifact
agentsight,e58fce112c6e,6,7,codex:rollout-2026-06-05T16-52-13-019e9a33-98ff-7dc1-99e7-46f58bdc0542:18,16828,predecessor_module
agentsight,e58fce112c6e,6,7,codex:rollout-2026-06-05T16-52-13-019e9a33-98ff-7dc1-99e7-46f58bdc0542:19,16829,predecessor_artifact
agentsight,e58fce112c6e,6,7,codex:rollout-2026-06-05T16-52-13-019e9a33-98ff-7dc1-99e7-46f58bdc0542:20,16830,predecessor_artifact
agentsight,e58fce112c6e,6,7,codex:rollout-2026-06-05T16-52-13-019e9a33-98ff-7dc1-99e7-46f58bdc0542:21,16831,predecessor_module
agentsight,e58fce112c6e,6,7,codex:rollout-2026-06-05T16-52-13-019e9a33-98ff-7dc1-99e7-46f58bdc0542:22,16832,predecessor_module
agentsight,e58fce112c6e,6,7,codex:rollout-2026-06-05T16-52-13-019e9a33-98ff-7dc1-99e7-46f58bdc0542:23,16833,predecessor_module
agentsight,e58fce112c6e,6,7,codex:rollout-2026-06-05T16-52-13-019e9a33-98ff-7dc1-99e7-46f58bdc0542:24,16834,predecessor_artifact
agentsight,e58fce112c6e,6,7,codex:rollout-2026-06-05T16-52-13-019e9a33-98ff-7dc1-99e7-46f58bdc0542:25,16835,predecessor_artifact
agentsight,e58fce112c6e,6,7,codex:rollout-2026-06-05T16-52-13-019e9a33-98ff-7dc1-99e7-46f58bdc0542:26,16836,predecessor_artifact
agentsight,e58fce112c6e,6,7,codex:rollout-2026-06-05T16-52-13-019e9a33-98ff-7dc1-99e7-46f58bdc0542:27,16837,no_resolved_path
agentsight,e58fce112c6e,6,7,codex:rollout-2026-06-05T16-52-13-019e9a33-98ff-7dc1-99e7-46f58bdc0542:28,16838,no_resolved_path
agentsight,e58fce112c6e,6,7,codex:rollout-2026-06-05T16-52-13-019e9a33-98ff-7dc1-99e7-46f58bdc0542:29,16839,predecessor_artifact
agentsight,e58fce112c6e,6,7,codex:rollout-2026-06-05T16-52-13-019e9a33-98ff-7dc1-99e7-46f58bdc0542:30,16840,no_resolved_path
agentsight,e58fce112c6e,6,7,codex:rollout-2026-06-05T16-52-13-019e9a33-98ff-7dc1-99e7-46f58bdc0542:31,16841,no_resolved_path
agentsight,e58fce112c6e,6,7,codex:rollout-2026-06-05T16-52-13-019e9a33-98ff-7dc1-99e7-46f58bdc0542:32,16842,no_resolved_path
agentsight,e58fce112c6e,6,7,codex:rollout-2026-06-05T16-52-13-019e9a33-98ff-7dc1-99e7-46f58bdc0542:33,16843,predecessor_artifact
agentsight,e58fce112c6e,6,7,codex:rollout-2026-06-05T16-52-13-019e9a33-98ff-7dc1-99e7-46f58bdc0542:34,16844,no_resolved_path
agentsight,e58fce112c6e,6,7,codex:rollout-2026-06-05T16-52-13-019e9a33-98ff-7dc1-99e7-46f58bdc0542:35,16845,no_resolved_path
agentsight,e58fce112c6e,6,7,codex:rollout-2026-06-05T16-52-13-019e9a33-98ff-7dc1-99e7-46f58bdc0542:36,16846,no_resolved_path
agentsight,e58fce112c6e,6,7,codex:rollout-2026-06-05T16-52-13-019e9a33-98ff-7dc1-99e7-46f58bdc0542:37,16847,no_resolved_path
agentsight,e58fce112c6e,6,7,codex:rollout-2026-06-05T16-52-13-019e9a33-98ff-7dc1-99e7-46f58bdc0542:38,16848,no_resolved_path
agentsight,e58fce112c6e,6,7,codex:rollout-2026-06-05T16-52-13-019e9a33-98ff-7dc1-99e7-46f58bdc0542:39,16849,no_resolved_path
agentsight,e58fce112c6e,6,7,codex:rollout-2026-06-05T16-52-13-019e9a33-98ff-7dc1-99e7-46f58bdc0542:40,16850,no_resolved_path
agentsight,e58fce112c6e,6,7,codex:rollout-2026-06-05T16-52-13-019e9a33-98ff-7dc1-99e7-46f58bdc0542:41,16851,no_resolved_path
agentsight,e58fce112c6e,6,7,codex:rollout-2026-06-05T16-52-13-019e9a33-98ff-7dc1-99e7-46f58bdc0542:42,16852,no_resolved_path
agentsight,e58fce112c6e,6,7,codex:rollout-2026-06-05T16-52-13-019e9a33-98ff-7dc1-99e7-46f58bdc0542:43,16853,predecessor_module
agentsight,e58fce112c6e,6,7,codex:rollout-2026-06-05T16-52-13-019e9a33-98ff-7dc1-99e7-46f58bdc0542:44,16854,predecessor_module
agentsight,e58fce112c6e,6,7,codex:rollout-2026-06-05T16-52-13-019e9a33-98ff-7dc1-99e7-46f58bdc0542:45,16855,predecessor_module
agentsight,e58fce112c6e,6,7,codex:rollout-2026-06-05T16-52-13-019e9a33-98ff-7dc1-99e7-46f58bdc0542:46,16856,predecessor_module
agentsight,e58fce112c6e,6,7,codex:rollout-2026-06-05T16-52-13-019e9a33-98ff-7dc1-99e7-46f58bdc0542:47,16857,predecessor_module
agentsight,e58fce112c6e,6,7,codex:rollout-2026-06-05T16-52-13-019e9a33-98ff-7dc1-99e7-46f58bdc0542:48,16858,no_resolved_path
agentsight,e58fce112c6e,6,7,codex:rollout-2026-06-05T16-52-13-019e9a33-98ff-7dc1-99e7-46f58bdc0542:49,16859,no_resolved_path
agentsight,e58fce112c6e,6,7,codex:rollout-2026-06-05T16-52-13-019e9a33-98ff-7dc1-99e7-46f58bdc0542:50,16860,predecessor_module
agentsight,e58fce112c6e,6,7,codex:rollout-2026-06-05T16-52-13-019e9a33-98ff-7dc1-99e7-46f58bdc0542:51,16861,predecessor_module
agentsight,e58fce112c6e,6,7,codex:rollout-2026-06-05T16-52-13-019e9a33-98ff-7dc1-99e7-46f58bdc0542:52,16862,predecessor_module
agentsight,e58fce112c6e,6,7,codex:rollout-2026-06-05T16-52-13-019e9a33-98ff-7dc1-99e7-46f58bdc0542:53,16863,no_resolved_path
agentsight,e58fce112c6e,6,7,codex:rollout-2026-06-05T16-52-13-019e9a33-98ff-7dc1-99e7-46f58bdc0542:54,16864,no_resolved_path
agentsight,e58fce112c6e,6,7,codex:rollout-2026-06-05T16-52-13-019e9a33-98ff-7dc1-99e7-46f58bdc0542:55,16865,predecessor_module
agentsight,e58fce112c6e,6,7,codex:rollout-2026-06-05T16-52-13-019e9a33-98ff-7dc1-99e7-46f58bdc0542:56,16866,predecessor_module
agentsight,e58fce112c6e,6,7,codex:rollout-2026-06-05T16-52-13-019e9a33-98ff-7dc1-99e7-46f58bdc0542:57,16867,no_resolved_path
agentsight,e58fce112c6e,6,7,codex:rollout-2026-06-05T16-52-13-019e9a33-98ff-7dc1-99e7-46f58bdc0542:58,16868,predecessor_module
agentsight,e58fce112c6e,6,7,codex:rollout-2026-06-05T16-52-13-019e9a33-98ff-7dc1-99e7-46f58bdc0542:59,16869,no_resolved_path
agentsight,e58fce112c6e,6,7,codex:rollout-2026-06-05T16-52-13-019e9a33-98ff-7dc1-99e7-46f58bdc0542:60,16870,no_resolved_path
agentsight,e58fce112c6e,6,7,codex:rollout-2026-06-05T16-52-13-019e9a33-98ff-7dc1-99e7-46f58bdc0542:61,16871,predecessor_module
agentsight,e58fce112c6e,6,7,codex:rollout-2026-06-05T16-52-13-019e9a33-98ff-7dc1-99e7-46f58bdc0542:62,16872,no_resolved_path
agentsight,e58fce112c6e,6,7,codex:rollout-2026-06-05T16-52-13-019e9a33-98ff-7dc1-99e7-46f58bdc0542:63,16873,no_resolved_path
agentsight,e58fce112c6e,6,7,codex:rollout-2026-06-05T16-52-13-019e9a33-98ff-7dc1-99e7-46f58bdc0542:64,16874,no_resolved_path
agentsight,e58fce112c6e,6,7,codex:rollout-2026-06-05T16-52-13-019e9a33-98ff-7dc1-99e7-46f58bdc0542:65,16875,predecessor_module
agentsight,e58fce112c6e,6,7,codex:rollout-2026-06-05T16-52-13-019e9a33-98ff-7dc1-99e7-46f58bdc0542:66,16876,no_resolved_path
agentsight,e58fce112c6e,8,9,claude:aa27b1bd-8e29-4074-a1a7-7b7d4b444620:0,18452,predecessor_module
agentsight,e58fce112c6e,8,9,claude:aa27b1bd-8e29-4074-a1a7-7b7d4b444620:1,18453,no_resolved_path
agentsight,e58fce112c6e,8,9,claude:aa27b1bd-8e29-4074-a1a7-7b7d4b444620:2,18454,no_resolved_path
agentsight,e58fce112c6e,8,9,claude:agent-a2a427bbeea643ec4:0,18455,predecessor_module
agentsight,e58fce112c6e,8,9,claude:agent-a2a427bbeea643ec4:1,18456,predecessor_module
agentsight,e58fce112c6e,8,9,claude:agent-a2a427bbeea643ec4:2,18457,no_resolved_path
agentsight,e58fce112c6e,8,9,claude:aa27b1bd-8e29-4074-a1a7-7b7d4b444620:3,18458,no_resolved_path
agentsight,e58fce112c6e,8,9,claude:agent-a2a427bbeea643ec4:3,18459,predecessor_module
agentsight,e58fce112c6e,8,9,claude:agent-a2a427bbeea643ec4:4,18460,predecessor_artifact
agentsight,e58fce112c6e,8,9,claude:agent-a2a427bbeea643ec4:5,18461,predecessor_module
agentsight,e58fce112c6e,8,9,claude:agent-a2a427bbeea643ec4:6,18462,predecessor_module
agentsight,e58fce112c6e,8,9,claude:agent-a2a427bbeea643ec4:7,18463,predecessor_artifact
agentsight,e58fce112c6e,8,9,claude:agent-a399cc79a6659db15:0,18464,predecessor_module
agentsight,e58fce112c6e,8,9,claude:agent-a2a427bbeea643ec4:8,18465,predecessor_artifact
agentsight,e58fce112c6e,8,9,claude:agent-a399cc79a6659db15:1,18466,predecessor_module
agentsight,e58fce112c6e,8,9,claude:agent-a2a427bbeea643ec4:9,18467,predecessor_module
agentsight,e58fce112c6e,8,9,claude:agent-a2a427bbeea643ec4:10,18468,predecessor_module
agentsight,e58fce112c6e,8,9,claude:agent-a2a427bbeea643ec4:11,18469,predecessor_module
agentsight,e58fce112c6e,8,9,claude:agent-a2a427bbeea643ec4:12,18470,predecessor_module
agentsight,e58fce112c6e,8,9,claude:agent-a399cc79a6659db15:2,18471,predecessor_artifact
agentsight,e58fce112c6e,8,9,claude:agent-a2a427bbeea643ec4:13,18472,no_resolved_path
agentsight,e58fce112c6e,8,9,claude:agent-a399cc79a6659db15:3,18473,predecessor_artifact
agentsight,e58fce112c6e,8,9,claude:aa27b1bd-8e29-4074-a1a7-7b7d4b444620:4,18474,no_resolved_path
agentsight,e58fce112c6e,8,9,claude:agent-a2a427bbeea643ec4:14,18475,predecessor_artifact
agentsight,e58fce112c6e,8,9,claude:agent-a2a427bbeea643ec4:15,18476,predecessor_artifact
agentsight,e58fce112c6e,8,9,claude:agent-a399cc79a6659db15:4,18477,predecessor_artifact
agentsight,e58fce112c6e,8,9,claude:agent-a2a427bbeea643ec4:16,18478,predecessor_module
agentsight,e58fce112c6e,8,9,claude:agent-a2a427bbeea643ec4:17,18479,predecessor_artifact
agentsight,e58fce112c6e,8,9,claude:aa27b1bd-8e29-4074-a1a7-7b7d4b444620:5,18480,predecessor_module
agentsight,e58fce112c6e,8,9,claude:agent-a3f84db1861048124:0,18481,predecessor_module
agentsight,e58fce112c6e,8,9,claude:agent-a399cc79a6659db15:5,18482,predecessor_artifact
agentsight,e58fce112c6e,8,9,claude:agent-a3f84db1861048124:1,18483,predecessor_module
agentsight,e58fce112c6e,8,9,claude:agent-a2a427bbeea643ec4:18,18484,predecessor_module
agentsight,e58fce112c6e,8,9,claude:agent-a2a427bbeea643ec4:19,18485,predecessor_artifact
agentsight,e58fce112c6e,8,9,claude:agent-a2a427bbeea643ec4:20,18486,predecessor_artifact
agentsight,e58fce112c6e,8,9,claude:agent-a2a427bbeea643ec4:21,18487,predecessor_module
agentsight,e58fce112c6e,8,9,claude:agent-a3f84db1861048124:2,18488,other_resolved_artifact
agentsight,e58fce112c6e,8,9,claude:agent-a399cc79a6659db15:6,18489,predecessor_artifact
agentsight,e58fce112c6e,8,9,claude:agent-a3f84db1861048124:3,18490,predecessor_module
agentsight,e58fce112c6e,8,9,claude:agent-a399cc79a6659db15:7,18491,predecessor_artifact
agentsight,e58fce112c6e,8,9,claude:agent-a2a427bbeea643ec4:22,18492,predecessor_artifact
agentsight,e58fce112c6e,8,9,claude:agent-a2a427bbeea643ec4:23,18493,predecessor_artifact
agentsight,e58fce112c6e,8,9,claude:agent-a2a427bbeea643ec4:24,18494,predecessor_artifact
agentsight,e58fce112c6e,8,9,claude:agent-a3f84db1861048124:4,18495,predecessor_artifact
agentsight,e58fce112c6e,8,9,claude:agent-a399cc79a6659db15:8,18496,predecessor_artifact
agentsight,e58fce112c6e,8,9,claude:agent-a2a427bbeea643ec4:25,18497,predecessor_artifact
agentsight,e58fce112c6e,8,9,claude:agent-a2a427bbeea643ec4:26,18498,predecessor_module
agentsight,e58fce112c6e,8,9,claude:agent-a2a427bbeea643ec4:27,18499,predecessor_artifact
agentsight,e58fce112c6e,8,9,claude:agent-a2a427bbeea643ec4:28,18500,predecessor_artifact
agentsight,e58fce112c6e,8,9,claude:agent-a399cc79a6659db15:9,18501,predecessor_module
agentsight,e58fce112c6e,8,9,claude:agent-a3f84db1861048124:5,18502,predecessor_module
agentsight,e58fce112c6e,8,9,claude:agent-a399cc79a6659db15:10,18503,predecessor_module
agentsight,e58fce112c6e,8,9,claude:agent-a3f84db1861048124:6,18504,other_resolved_artifact
agentsight,e58fce112c6e,8,9,claude:agent-a2a427bbeea643ec4:29,18505,predecessor_artifact
agentsight,e58fce112c6e,8,9,claude:agent-a2a427bbeea643ec4:30,18506,predecessor_artifact
agentsight,e58fce112c6e,8,9,claude:agent-a2a427bbeea643ec4:31,18507,predecessor_artifact
agentsight,e58fce112c6e,8,9,claude:agent-a3f84db1861048124:7,18508,other_resolved_artifact
agentsight,e58fce112c6e,8,9,claude:agent-a3f84db1861048124:8,18509,other_resolved_artifact
agentsight,e58fce112c6e,8,9,claude:agent-a2a427bbeea643ec4:32,18510,predecessor_module
agentsight,e58fce112c6e,8,9,claude:agent-a2a427bbeea643ec4:33,18511,no_resolved_path
agentsight,e58fce112c6e,8,9,claude:agent-a2a427bbeea643ec4:34,18512,predecessor_module
agentsight,e58fce112c6e,8,9,claude:agent-a3f84db1861048124:9,18513,other_resolved_artifact
agentsight,e58fce112c6e,8,9,claude:agent-a399cc79a6659db15:11,18514,predecessor_artifact
agentsight,e58fce112c6e,8,9,claude:agent-a3f84db1861048124:10,18515,other_resolved_artifact
agentsight,e58fce112c6e,8,9,claude:agent-a2a427bbeea643ec4:35,18516,predecessor_module
agentsight,e58fce112c6e,8,9,claude:agent-a399cc79a6659db15:12,18517,predecessor_module
agentsight,e58fce112c6e,8,9,claude:agent-a2a427bbeea643ec4:36,18518,predecessor_module
agentsight,e58fce112c6e,8,9,claude:agent-a2a427bbeea643ec4:37,18519,predecessor_module
agentsight,e58fce112c6e,8,9,claude:agent-a3f84db1861048124:11,18520,other_resolved_artifact
agentsight,e58fce112c6e,8,9,claude:agent-a399cc79a6659db15:13,18521,predecessor_module
agentsight,e58fce112c6e,8,9,claude:agent-a2a427bbeea643ec4:38,18522,predecessor_module
agentsight,e58fce112c6e,8,9,claude:agent-a2a427bbeea643ec4:39,18523,predecessor_artifact
agentsight,e58fce112c6e,8,9,claude:agent-a2a427bbeea643ec4:40,18524,predecessor_artifact
agentsight,e58fce112c6e,8,9,claude:agent-a3f84db1861048124:12,18525,predecessor_module
agentsight,e58fce112c6e,8,9,claude:agent-a399cc79a6659db15:14,18526,predecessor_artifact
agentsight,e58fce112c6e,8,9,claude:agent-a3f84db1861048124:13,18527,other_resolved_artifact
agentsight,e58fce112c6e,8,9,claude:agent-a3f84db1861048124:14,18528,other_resolved_artifact
agentsight,e58fce112c6e,8,9,claude:agent-a399cc79a6659db15:15,18529,predecessor_module
agentsight,e58fce112c6e,8,9,claude:agent-a3f84db1861048124:15,18530,other_resolved_artifact
agentsight,e58fce112c6e,8,9,claude:agent-a399cc79a6659db15:16,18531,predecessor_artifact
agentsight,e58fce112c6e,8,9,claude:agent-a3f84db1861048124:16,18532,other_resolved_artifact
agentsight,e58fce112c6e,8,9,claude:agent-a399cc79a6659db15:17,18533,predecessor_module
agentsight,e58fce112c6e,8,9,claude:agent-a2a427bbeea643ec4:41,18534,predecessor_artifact
agentsight,e58fce112c6e,8,9,claude:agent-a2a427bbeea643ec4:42,18535,predecessor_artifact
agentsight,e58fce112c6e,8,9,claude:agent-a3f84db1861048124:17,18536,no_resolved_path
agentsight,e58fce112c6e,8,9,claude:agent-a2a427bbeea643ec4:43,18537,predecessor_artifact
agentsight,e58fce112c6e,8,9,claude:agent-a399cc79a6659db15:18,18538,predecessor_artifact
agentsight,e58fce112c6e,8,9,claude:agent-a3f84db1861048124:18,18539,no_resolved_path
agentsight,e58fce112c6e,8,9,claude:agent-a399cc79a6659db15:19,18540,no_resolved_path
agentsight,e58fce112c6e,8,9,claude:agent-a2a427bbeea643ec4:44,18541,predecessor_module
agentsight,e58fce112c6e,8,9,claude:agent-a2a427bbeea643ec4:45,18542,predecessor_module
agentsight,e58fce112c6e,8,9,claude:agent-a3f84db1861048124:19,18543,no_resolved_path
agentsight,e58fce112c6e,8,9,claude:agent-a399cc79a6659db15:20,18544,predecessor_artifact
agentsight,e58fce112c6e,8,9,claude:agent-a399cc79a6659db15:21,18545,predecessor_module
agentsight,e58fce112c6e,8,9,claude:agent-a3f84db1861048124:20,18546,other_resolved_artifact
agentsight,e58fce112c6e,8,9,claude:agent-a399cc79a6659db15:22,18547,predecessor_artifact
agentsight,e58fce112c6e,8,9,claude:agent-a3f84db1861048124:21,18548,other_resolved_artifact
agentsight,e58fce112c6e,8,9,claude:agent-a399cc79a6659db15:23,18549,predecessor_artifact
agentsight,e58fce112c6e,8,9,claude:agent-a3f84db1861048124:22,18550,other_resolved_artifact
agentsight,e58fce112c6e,8,9,claude:agent-a3f84db1861048124:23,18551,predecessor_module
agentsight,e58fce112c6e,8,9,claude:agent-a399cc79a6659db15:24,18552,predecessor_artifact
agentsight,e58fce112c6e,8,9,claude:agent-a3f84db1861048124:24,18553,other_resolved_artifact
agentsight,e58fce112c6e,8,9,claude:agent-a399cc79a6659db15:25,18554,predecessor_module
agentsight,e58fce112c6e,8,9,claude:agent-a399cc79a6659db15:26,18555,no_resolved_path
agentsight,e58fce112c6e,8,9,claude:agent-a3f84db1861048124:25,18556,no_resolved_path
agentsight,e58fce112c6e,8,9,claude:agent-a3f84db1861048124:26,18557,predecessor_module
agentsight,e58fce112c6e,8,9,claude:agent-a399cc79a6659db15:27,18558,no_resolved_path
agentsight,e58fce112c6e,8,9,claude:agent-a3f84db1861048124:27,18559,predecessor_module
agentsight,e58fce112c6e,8,9,claude:agent-a3f84db1861048124:28,18560,predecessor_artifact
agentsight,e58fce112c6e,8,9,claude:agent-a399cc79a6659db15:28,18561,predecessor_artifact
agentsight,e58fce112c6e,8,9,claude:agent-a399cc79a6659db15:29,18562,no_resolved_path
agentsight,e58fce112c6e,8,9,claude:agent-a3f84db1861048124:29,18563,predecessor_artifact
agentsight,e58fce112c6e,8,9,claude:agent-a3f84db1861048124:30,18564,predecessor_module
agentsight,e58fce112c6e,8,9,claude:agent-a399cc79a6659db15:30,18565,predecessor_artifact
agentsight,e58fce112c6e,8,9,claude:agent-a399cc79a6659db15:31,18566,predecessor_module
agentsight,e58fce112c6e,8,9,claude:agent-a3f84db1861048124:31,18567,predecessor_artifact
agentsight,e58fce112c6e,8,9,claude:agent-a3f84db1861048124:32,18568,predecessor_module
agentsight,e58fce112c6e,8,9,claude:agent-a3f84db1861048124:33,18569,predecessor_artifact
agentsight,e58fce112c6e,8,9,claude:agent-a3f84db1861048124:34,18570,predecessor_module
agentsight,e58fce112c6e,8,9,claude:agent-a3f84db1861048124:35,18571,predecessor_artifact
agentsight,e58fce112c6e,8,9,claude:agent-a3f84db1861048124:36,18572,predecessor_artifact
agentsight,e58fce112c6e,8,9,claude:agent-a3f84db1861048124:37,18573,predecessor_module
agentsight,e58fce112c6e,8,9,claude:agent-a3f84db1861048124:38,18574,predecessor_module
agentsight,e58fce112c6e,8,9,claude:agent-a3f84db1861048124:39,18575,predecessor_artifact
agentsight,e58fce112c6e,8,9,claude:agent-a3f84db1861048124:40,18576,predecessor_module
agentsight,e58fce112c6e,8,9,claude:agent-a3f84db1861048124:41,18577,predecessor_module
agentsight,e58fce112c6e,8,9,claude:agent-a3f84db1861048124:42,18578,predecessor_module
agentsight,e58fce112c6e,8,9,claude:agent-a3f84db1861048124:43,18579,predecessor_artifact
agentsight,e58fce112c6e,8,9,claude:agent-a3f84db1861048124:44,18580,predecessor_artifact
agentsight,e58fce112c6e,8,9,claude:agent-a3f84db1861048124:45,18581,predecessor_artifact
agentsight,e58fce112c6e,8,9,claude:agent-a3f84db1861048124:46,18582,predecessor_artifact
agentsight,e58fce112c6e,8,9,claude:aa27b1bd-8e29-4074-a1a7-7b7d4b444620:6,18583,predecessor_module
agentsight,e58fce112c6e,8,9,claude:aa27b1bd-8e29-4074-a1a7-7b7d4b444620:7,18584,predecessor_module
agentsight,e58fce112c6e,8,9,claude:aa27b1bd-8e29-4074-a1a7-7b7d4b444620:8,18585,predecessor_artifact
agentsight,e58fce112c6e,8,9,claude:aa27b1bd-8e29-4074-a1a7-7b7d4b444620:9,18586,predecessor_artifact
agentsight,e58fce112c6e,9,10,codex:rollout-2026-06-12T22-20-31-019ebf6c-ae8e-78c1-a49e-9e005f5abecd:0,18973,no_resolved_path
agentsight,e58fce112c6e,9,10,codex:rollout-2026-06-12T22-20-31-019ebf6c-ae8e-78c1-a49e-9e005f5abecd:1,18974,no_resolved_path
agentsight,e58fce112c6e,9,10,codex:rollout-2026-06-12T22-20-31-019ebf6c-ae8e-78c1-a49e-9e005f5abecd:2,18975,no_resolved_path
agentsight,e58fce112c6e,9,10,codex:rollout-2026-06-12T22-20-31-019ebf6c-ae8e-78c1-a49e-9e005f5abecd:3,18976,no_resolved_path
agentsight,e58fce112c6e,9,10,codex:rollout-2026-06-12T22-20-31-019ebf6c-ae8e-78c1-a49e-9e005f5abecd:4,18977,no_resolved_path
agentsight,e58fce112c6e,9,10,codex:rollout-2026-06-12T22-20-31-019ebf6c-ae8e-78c1-a49e-9e005f5abecd:5,18978,no_resolved_path
agentsight,e58fce112c6e,9,10,codex:rollout-2026-06-12T22-20-31-019ebf6c-ae8e-78c1-a49e-9e005f5abecd:6,18979,no_resolved_path
agentsight,e58fce112c6e,9,10,codex:rollout-2026-06-12T22-20-31-019ebf6c-ae8e-78c1-a49e-9e005f5abecd:7,18980,no_resolved_path
agentsight,e58fce112c6e,9,10,codex:rollout-2026-06-12T22-20-31-019ebf6c-ae8e-78c1-a49e-9e005f5abecd:8,18981,no_resolved_path
agentsight,e58fce112c6e,9,10,codex:rollout-2026-06-12T22-20-31-019ebf6c-ae8e-78c1-a49e-9e005f5abecd:9,18982,predecessor_artifact
agentsight,e58fce112c6e,9,10,codex:rollout-2026-06-12T22-20-31-019ebf6c-ae8e-78c1-a49e-9e005f5abecd:10,18983,predecessor_artifact
agentsight,e58fce112c6e,9,10,codex:rollout-2026-06-12T22-20-31-019ebf6c-ae8e-78c1-a49e-9e005f5abecd:11,18984,predecessor_artifact
agentsight,e58fce112c6e,9,10,codex:rollout-2026-06-12T22-20-31-019ebf6c-ae8e-78c1-a49e-9e005f5abecd:12,18985,predecessor_artifact
agentsight,e58fce112c6e,9,10,codex:rollout-2026-06-12T22-20-31-019ebf6c-ae8e-78c1-a49e-9e005f5abecd:13,18986,predecessor_artifact
agentsight,e58fce112c6e,9,10,codex:rollout-2026-06-12T22-20-31-019ebf6c-ae8e-78c1-a49e-9e005f5abecd:14,18987,predecessor_module
agentsight,e58fce112c6e,9,10,codex:rollout-2026-06-12T22-20-31-019ebf6c-ae8e-78c1-a49e-9e005f5abecd:15,18988,predecessor_artifact
agentsight,e58fce112c6e,9,10,codex:rollout-2026-06-12T22-20-31-019ebf6c-ae8e-78c1-a49e-9e005f5abecd:16,18989,predecessor_artifact
agentsight,e58fce112c6e,9,10,codex:rollout-2026-06-12T22-20-31-019ebf6c-ae8e-78c1-a49e-9e005f5abecd:17,18990,no_resolved_path
agentsight,e58fce112c6e,9,10,codex:rollout-2026-06-12T22-20-31-019ebf6c-ae8e-78c1-a49e-9e005f5abecd:18,18991,no_resolved_path
agentsight,e58fce112c6e,9,10,codex:rollout-2026-06-12T22-20-31-019ebf6c-ae8e-78c1-a49e-9e005f5abecd:19,18992,no_resolved_path
agentsight,e58fce112c6e,9,10,codex:rollout-2026-06-12T22-20-31-019ebf6c-ae8e-78c1-a49e-9e005f5abecd:20,18993,no_resolved_path
agentsight,e58fce112c6e,9,10,codex:rollout-2026-06-12T22-20-31-019ebf6c-ae8e-78c1-a49e-9e005f5abecd:21,18994,no_resolved_path
agentsight,e58fce112c6e,9,10,codex:rollout-2026-06-12T22-20-31-019ebf6c-ae8e-78c1-a49e-9e005f5abecd:22,18995,no_resolved_path
agentsight,e58fce112c6e,9,10,codex:rollout-2026-06-12T22-20-31-019ebf6c-ae8e-78c1-a49e-9e005f5abecd:23,18996,predecessor_artifact
agentsight,e58fce112c6e,9,10,codex:rollout-2026-06-12T22-20-31-019ebf6c-ae8e-78c1-a49e-9e005f5abecd:24,18997,predecessor_artifact
agentsight,e58fce112c6e,9,10,codex:rollout-2026-06-12T22-20-31-019ebf6c-ae8e-78c1-a49e-9e005f5abecd:25,18998,predecessor_artifact
agentsight,e58fce112c6e,9,10,codex:rollout-2026-06-12T22-20-31-019ebf6c-ae8e-78c1-a49e-9e005f5abecd:26,18999,no_resolved_path
agentsight,e58fce112c6e,9,10,codex:rollout-2026-06-12T22-20-31-019ebf6c-ae8e-78c1-a49e-9e005f5abecd:27,19000,no_resolved_path
agentsight,e58fce112c6e,9,10,codex:rollout-2026-06-12T22-20-31-019ebf6c-ae8e-78c1-a49e-9e005f5abecd:28,19001,no_resolved_path
agentsight,e58fce112c6e,9,10,codex:rollout-2026-06-12T22-20-31-019ebf6c-ae8e-78c1-a49e-9e005f5abecd:29,19002,no_resolved_path
agentsight,e58fce112c6e,9,10,codex:rollout-2026-06-12T22-20-31-019ebf6c-ae8e-78c1-a49e-9e005f5abecd:30,19003,no_resolved_path
agentsight,e58fce112c6e,9,10,codex:rollout-2026-06-12T22-20-31-019ebf6c-ae8e-78c1-a49e-9e005f5abecd:31,19004,no_resolved_path
agentsight,e58fce112c6e,9,10,codex:rollout-2026-06-12T22-20-31-019ebf6c-ae8e-78c1-a49e-9e005f5abecd:32,19005,no_resolved_path
agentsight,e58fce112c6e,9,10,codex:rollout-2026-06-12T22-20-31-019ebf6c-ae8e-78c1-a49e-9e005f5abecd:33,19006,predecessor_artifact
agentsight,e58fce112c6e,9,10,codex:rollout-2026-06-12T22-20-31-019ebf6c-ae8e-78c1-a49e-9e005f5abecd:34,19007,predecessor_artifact
agentsight,e58fce112c6e,9,10,codex:rollout-2026-06-12T22-20-31-019ebf6c-ae8e-78c1-a49e-9e005f5abecd:35,19008,no_resolved_path
agentsight,e58fce112c6e,9,10,codex:rollout-2026-06-12T22-20-31-019ebf6c-ae8e-78c1-a49e-9e005f5abecd:36,19009,no_resolved_path
agentsight,e58fce112c6e,9,10,codex:rollout-2026-06-12T22-20-31-019ebf6c-ae8e-78c1-a49e-9e005f5abecd:37,19010,no_resolved_path
agentsight,e58fce112c6e,9,10,codex:rollout-2026-06-12T22-20-31-019ebf6c-ae8e-78c1-a49e-9e005f5abecd:38,19011,no_resolved_path
agentsight,e58fce112c6e,9,10,codex:rollout-2026-06-12T22-20-31-019ebf6c-ae8e-78c1-a49e-9e005f5abecd:39,19012,no_resolved_path
agentsight,e58fce112c6e,9,10,codex:rollout-2026-06-12T22-20-31-019ebf6c-ae8e-78c1-a49e-9e005f5abecd:40,19013,no_resolved_path
agentsight,e58fce112c6e,9,10,codex:rollout-2026-06-12T22-20-31-019ebf6c-ae8e-78c1-a49e-9e005f5abecd:41,19014,no_resolved_path
agentsight,e58fce112c6e,9,10,codex:rollout-2026-06-12T22-20-31-019ebf6c-ae8e-78c1-a49e-9e005f5abecd:42,19015,no_resolved_path
agentsight,e58fce112c6e,9,10,codex:rollout-2026-06-12T22-20-31-019ebf6c-ae8e-78c1-a49e-9e005f5abecd:43,19016,no_resolved_path
agentsight,e58fce112c6e,9,10,codex:rollout-2026-06-12T22-20-31-019ebf6c-ae8e-78c1-a49e-9e005f5abecd:44,19017,no_resolved_path
agentsight,e58fce112c6e,9,10,codex:rollout-2026-06-12T22-20-31-019ebf6c-ae8e-78c1-a49e-9e005f5abecd:45,19018,no_resolved_path
agentsight,e58fce112c6e,9,10,codex:rollout-2026-06-12T22-20-31-019ebf6c-ae8e-78c1-a49e-9e005f5abecd:46,19019,predecessor_module
agentsight,e58fce112c6e,9,10,codex:rollout-2026-06-12T22-20-31-019ebf6c-ae8e-78c1-a49e-9e005f5abecd:47,19020,predecessor_artifact
agentsight,e58fce112c6e,9,10,codex:rollout-2026-06-12T22-20-31-019ebf6c-ae8e-78c1-a49e-9e005f5abecd:48,19021,predecessor_artifact
agentsight,e58fce112c6e,9,10,codex:rollout-2026-06-12T22-20-31-019ebf6c-ae8e-78c1-a49e-9e005f5abecd:49,19022,predecessor_artifact
agentsight,e58fce112c6e,9,10,codex:rollout-2026-06-12T22-20-31-019ebf6c-ae8e-78c1-a49e-9e005f5abecd:50,19023,no_resolved_path
agentsight,e58fce112c6e,9,10,codex:rollout-2026-06-12T22-20-31-019ebf6c-ae8e-78c1-a49e-9e005f5abecd:51,19024,predecessor_artifact
agentsight,e58fce112c6e,9,10,codex:rollout-2026-06-12T22-20-31-019ebf6c-ae8e-78c1-a49e-9e005f5abecd:52,19025,predecessor_artifact
agentsight,e58fce112c6e,9,10,codex:rollout-2026-06-12T22-20-31-019ebf6c-ae8e-78c1-a49e-9e005f5abecd:53,19026,predecessor_artifact
agentsight,e58fce112c6e,9,10,codex:rollout-2026-06-12T22-20-31-019ebf6c-ae8e-78c1-a49e-9e005f5abecd:54,19027,predecessor_artifact
agentsight,e58fce112c6e,9,10,codex:rollout-2026-06-12T22-20-31-019ebf6c-ae8e-78c1-a49e-9e005f5abecd:55,19028,predecessor_artifact
agentsight,e58fce112c6e,9,10,codex:rollout-2026-06-12T22-20-31-019ebf6c-ae8e-78c1-a49e-9e005f5abecd:56,19029,no_resolved_path
agentsight,e58fce112c6e,9,10,codex:rollout-2026-06-12T22-20-31-019ebf6c-ae8e-78c1-a49e-9e005f5abecd:57,19030,predecessor_module
agentsight,e58fce112c6e,9,10,codex:rollout-2026-06-12T22-20-31-019ebf6c-ae8e-78c1-a49e-9e005f5abecd:58,19031,no_resolved_path
agentsight,e58fce112c6e,9,10,codex:rollout-2026-06-12T22-20-31-019ebf6c-ae8e-78c1-a49e-9e005f5abecd:59,19032,no_resolved_path
agentsight,e58fce112c6e,9,10,codex:rollout-2026-06-12T22-20-31-019ebf6c-ae8e-78c1-a49e-9e005f5abecd:60,19033,predecessor_artifact
agentsight,e58fce112c6e,9,10,codex:rollout-2026-06-12T22-20-31-019ebf6c-ae8e-78c1-a49e-9e005f5abecd:61,19034,predecessor_artifact
agentsight,e58fce112c6e,9,10,codex:rollout-2026-06-12T22-20-31-019ebf6c-ae8e-78c1-a49e-9e005f5abecd:62,19035,predecessor_artifact
agentsight,e58fce112c6e,9,10,codex:rollout-2026-06-12T22-20-31-019ebf6c-ae8e-78c1-a49e-9e005f5abecd:63,19036,predecessor_artifact
agentsight,e58fce112c6e,9,10,codex:rollout-2026-06-12T22-20-31-019ebf6c-ae8e-78c1-a49e-9e005f5abecd:64,19037,no_resolved_path
agentsight,e58fce112c6e,9,10,codex:rollout-2026-06-12T22-20-31-019ebf6c-ae8e-78c1-a49e-9e005f5abecd:65,19038,no_resolved_path
agentsight,e58fce112c6e,9,10,codex:rollout-2026-06-12T22-20-31-019ebf6c-ae8e-78c1-a49e-9e005f5abecd:66,19039,predecessor_artifact
agentsight,e58fce112c6e,9,10,codex:rollout-2026-06-12T22-20-31-019ebf6c-ae8e-78c1-a49e-9e005f5abecd:67,19040,predecessor_artifact
agentsight,e58fce112c6e,9,10,codex:rollout-2026-06-12T22-20-31-019ebf6c-ae8e-78c1-a49e-9e005f5abecd:68,19041,predecessor_artifact
agentsight,e58fce112c6e,9,10,codex:rollout-2026-06-12T22-20-31-019ebf6c-ae8e-78c1-a49e-9e005f5abecd:69,19042,predecessor_module
agentsight,e58fce112c6e,9,10,codex:rollout-2026-06-12T22-20-31-019ebf6c-ae8e-78c1-a49e-9e005f5abecd:70,19043,predecessor_artifact
agentsight,e58fce112c6e,9,10,codex:rollout-2026-06-12T22-20-31-019ebf6c-ae8e-78c1-a49e-9e005f5abecd:71,19044,no_resolved_path
agentsight,e58fce112c6e,9,10,codex:rollout-2026-06-12T22-20-31-019ebf6c-ae8e-78c1-a49e-9e005f5abecd:72,19045,no_resolved_path
agentsight,e58fce112c6e,9,10,codex:rollout-2026-06-12T22-20-31-019ebf6c-ae8e-78c1-a49e-9e005f5abecd:73,19046,no_resolved_path
agentsight,e58fce112c6e,9,10,codex:rollout-2026-06-12T22-20-31-019ebf6c-ae8e-78c1-a49e-9e005f5abecd:74,19047,no_resolved_path
agentsight,e58fce112c6e,9,10,codex:rollout-2026-06-12T22-20-31-019ebf6c-ae8e-78c1-a49e-9e005f5abecd:75,19048,no_resolved_path
agentsight,e58fce112c6e,9,10,codex:rollout-2026-06-12T22-20-31-019ebf6c-ae8e-78c1-a49e-9e005f5abecd:76,19049,predecessor_artifact
agentsight,e58fce112c6e,9,10,codex:rollout-2026-06-12T22-20-31-019ebf6c-ae8e-78c1-a49e-9e005f5abecd:77,19050,predecessor_artifact
agentsight,e58fce112c6e,9,10,codex:rollout-2026-06-12T22-20-31-019ebf6c-ae8e-78c1-a49e-9e005f5abecd:78,19051,predecessor_artifact
agentsight,e58fce112c6e,9,10,codex:rollout-2026-06-12T22-20-31-019ebf6c-ae8e-78c1-a49e-9e005f5abecd:79,19052,predecessor_artifact
agentsight,e58fce112c6e,9,10,codex:rollout-2026-06-12T22-20-31-019ebf6c-ae8e-78c1-a49e-9e005f5abecd:80,19053,predecessor_artifact
agentsight,e58fce112c6e,9,10,codex:rollout-2026-06-12T22-20-31-019ebf6c-ae8e-78c1-a49e-9e005f5abecd:81,19054,predecessor_artifact
agentsight,e58fce112c6e,9,10,codex:rollout-2026-06-12T22-20-31-019ebf6c-ae8e-78c1-a49e-9e005f5abecd:82,19055,predecessor_artifact
agentsight,e58fce112c6e,9,10,codex:rollout-2026-06-12T22-20-31-019ebf6c-ae8e-78c1-a49e-9e005f5abecd:83,19056,predecessor_artifact
agentsight,e58fce112c6e,9,10,codex:rollout-2026-06-12T22-20-31-019ebf6c-ae8e-78c1-a49e-9e005f5abecd:84,19057,no_resolved_path
agentsight,e58fce112c6e,9,10,codex:rollout-2026-06-12T22-20-31-019ebf6c-ae8e-78c1-a49e-9e005f5abecd:85,19058,no_resolved_path
agentsight,e58fce112c6e,9,10,codex:rollout-2026-06-12T22-20-31-019ebf6c-ae8e-78c1-a49e-9e005f5abecd:86,19059,no_resolved_path
agentsight,e58fce112c6e,9,10,codex:rollout-2026-06-12T22-20-31-019ebf6c-ae8e-78c1-a49e-9e005f5abecd:87,19060,no_resolved_path
agentsight,e58fce112c6e,9,10,codex:rollout-2026-06-12T22-20-31-019ebf6c-ae8e-78c1-a49e-9e005f5abecd:88,19061,no_resolved_path
agentsight,e58fce112c6e,9,10,codex:rollout-2026-06-12T22-20-31-019ebf6c-ae8e-78c1-a49e-9e005f5abecd:89,19062,no_resolved_path
agentsight,e58fce112c6e,9,10,codex:rollout-2026-06-12T22-20-31-019ebf6c-ae8e-78c1-a49e-9e005f5abecd:90,19063,no_resolved_path
agentsight,e58fce112c6e,9,10,codex:rollout-2026-06-12T22-20-31-019ebf6c-ae8e-78c1-a49e-9e005f5abecd:91,19064,predecessor_artifact
agentsight,e58fce112c6e,9,10,codex:rollout-2026-06-12T22-20-31-019ebf6c-ae8e-78c1-a49e-9e005f5abecd:92,19065,predecessor_artifact
agentsight,e58fce112c6e,9,10,codex:rollout-2026-06-12T22-20-31-019ebf6c-ae8e-78c1-a49e-9e005f5abecd:93,19066,no_resolved_path
agentsight,e58fce112c6e,9,10,codex:rollout-2026-06-12T22-20-31-019ebf6c-ae8e-78c1-a49e-9e005f5abecd:94,19067,predecessor_artifact
agentsight,e58fce112c6e,9,10,codex:rollout-2026-06-12T22-20-31-019ebf6c-ae8e-78c1-a49e-9e005f5abecd:95,19068,predecessor_artifact
agentsight,e58fce112c6e,9,10,codex:rollout-2026-06-12T22-20-31-019ebf6c-ae8e-78c1-a49e-9e005f5abecd:96,19069,no_resolved_path
agentsight,e58fce112c6e,9,10,codex:rollout-2026-06-12T22-20-31-019ebf6c-ae8e-78c1-a49e-9e005f5abecd:97,19070,no_resolved_path
agentsight,e58fce112c6e,9,10,codex:rollout-2026-06-12T22-20-31-019ebf6c-ae8e-78c1-a49e-9e005f5abecd:98,19071,no_resolved_path
agentsight,e58fce112c6e,9,10,codex:rollout-2026-06-12T22-20-31-019ebf6c-ae8e-78c1-a49e-9e005f5abecd:99,19072,no_resolved_path
agentsight,e58fce112c6e,9,10,codex:rollout-2026-06-12T22-20-31-019ebf6c-ae8e-78c1-a49e-9e005f5abecd:100,19073,no_resolved_path
agentsight,e58fce112c6e,9,10,codex:rollout-2026-06-12T22-20-31-019ebf6c-ae8e-78c1-a49e-9e005f5abecd:101,19074,no_resolved_path
agentsight,e58fce112c6e,9,10,codex:rollout-2026-06-12T22-20-31-019ebf6c-ae8e-78c1-a49e-9e005f5abecd:102,19075,no_resolved_path
agentsight,e58fce112c6e,9,10,codex:rollout-2026-06-12T22-20-31-019ebf6c-ae8e-78c1-a49e-9e005f5abecd:103,19076,no_resolved_path
agentsight,e58fce112c6e,9,10,codex:rollout-2026-06-12T22-20-31-019ebf6c-ae8e-78c1-a49e-9e005f5abecd:104,19077,no_resolved_path
agentsight,e58fce112c6e,9,10,codex:rollout-2026-06-12T22-20-31-019ebf6c-ae8e-78c1-a49e-9e005f5abecd:105,19078,no_resolved_path
agentsight,e58fce112c6e,9,10,codex:rollout-2026-06-12T22-20-31-019ebf6c-ae8e-78c1-a49e-9e005f5abecd:106,19079,no_resolved_path
agentsight,e58fce112c6e,9,10,codex:rollout-2026-06-12T22-20-31-019ebf6c-ae8e-78c1-a49e-9e005f5abecd:107,19080,no_resolved_path
agentsight,e58fce112c6e,9,10,codex:rollout-2026-06-12T22-20-31-019ebf6c-ae8e-78c1-a49e-9e005f5abecd:108,19081,no_resolved_path
agentsight,e58fce112c6e,9,10,codex:rollout-2026-06-12T22-20-31-019ebf6c-ae8e-78c1-a49e-9e005f5abecd:109,19082,no_resolved_path
agentsight,e58fce112c6e,9,10,codex:rollout-2026-06-12T22-20-31-019ebf6c-ae8e-78c1-a49e-9e005f5abecd:110,19083,no_resolved_path
agentsight,e58fce112c6e,9,10,codex:rollout-2026-06-12T22-20-31-019ebf6c-ae8e-78c1-a49e-9e005f5abecd:111,19084,no_resolved_path
agentsight,e58fce112c6e,10,11,codex:rollout-2026-06-13T11-24-41-019ec23a-9d01-7981-aaa4-1be1af89ba69:0,19683,no_resolved_path
agentsight,e58fce112c6e,10,11,codex:rollout-2026-06-13T11-24-41-019ec23a-9d01-7981-aaa4-1be1af89ba69:1,19684,no_resolved_path
agentsight,e58fce112c6e,10,11,codex:rollout-2026-06-13T11-24-41-019ec23a-9d01-7981-aaa4-1be1af89ba69:2,19685,other_resolved_artifact
agentsight,e58fce112c6e,10,11,codex:rollout-2026-06-13T11-24-41-019ec23a-9d01-7981-aaa4-1be1af89ba69:3,19686,other_resolved_artifact
agentsight,e58fce112c6e,10,11,codex:rollout-2026-06-13T11-24-41-019ec23a-9d01-7981-aaa4-1be1af89ba69:4,19687,other_resolved_artifact
agentsight,e58fce112c6e,10,11,codex:rollout-2026-06-13T11-24-41-019ec23a-9d01-7981-aaa4-1be1af89ba69:5,19688,other_resolved_artifact
agentsight,e58fce112c6e,10,11,codex:rollout-2026-06-13T11-24-41-019ec23a-9d01-7981-aaa4-1be1af89ba69:6,19689,other_resolved_artifact
agentsight,e58fce112c6e,10,11,codex:rollout-2026-06-13T11-32-28-019ec241-bb77-7583-b955-6f15e37aa351:0,19690,no_resolved_path
agentsight,e58fce112c6e,10,11,codex:rollout-2026-06-13T11-32-28-019ec241-bb77-7583-b955-6f15e37aa351:1,19691,no_resolved_path
agentsight,e58fce112c6e,10,11,codex:rollout-2026-06-13T11-32-28-019ec241-bb77-7583-b955-6f15e37aa351:2,19692,no_resolved_path
agentsight,e58fce112c6e,10,11,codex:rollout-2026-06-13T11-32-28-019ec241-bb77-7583-b955-6f15e37aa351:3,19693,no_resolved_path
agentsight,e58fce112c6e,10,11,codex:rollout-2026-06-13T11-32-28-019ec241-bb77-7583-b955-6f15e37aa351:4,19694,no_resolved_path
agentsight,e58fce112c6e,10,11,codex:rollout-2026-06-13T11-32-28-019ec241-bb77-7583-b955-6f15e37aa351:5,19695,no_resolved_path
agentsight,e58fce112c6e,10,11,codex:rollout-2026-06-13T11-32-28-019ec241-bb77-7583-b955-6f15e37aa351:6,19696,predecessor_artifact
agentsight,e58fce112c6e,10,11,codex:rollout-2026-06-13T11-32-28-019ec241-bb77-7583-b955-6f15e37aa351:7,19697,no_resolved_path
agentsight,e58fce112c6e,10,11,codex:rollout-2026-06-13T11-32-28-019ec241-bb77-7583-b955-6f15e37aa351:8,19698,no_resolved_path
agentsight,e58fce112c6e,10,11,codex:rollout-2026-06-13T11-32-28-019ec241-bb77-7583-b955-6f15e37aa351:9,19699,other_resolved_scope
agentsight,e58fce112c6e,10,11,codex:rollout-2026-06-13T11-32-28-019ec241-bb77-7583-b955-6f15e37aa351:10,19700,no_resolved_path
agentsight,e58fce112c6e,10,11,codex:rollout-2026-06-13T11-32-28-019ec241-bb77-7583-b955-6f15e37aa351:11,19701,predecessor_artifact
agentsight,e58fce112c6e,10,11,codex:rollout-2026-06-13T11-32-28-019ec241-bb77-7583-b955-6f15e37aa351:12,19702,no_resolved_path
agentsight,e58fce112c6e,10,11,codex:rollout-2026-06-13T11-32-28-019ec241-bb77-7583-b955-6f15e37aa351:13,19703,no_resolved_path
agentsight,e58fce112c6e,10,11,codex:rollout-2026-06-13T11-32-28-019ec241-bb77-7583-b955-6f15e37aa351:14,19704,no_resolved_path
agentsight,e58fce112c6e,10,11,codex:rollout-2026-06-13T11-32-28-019ec241-bb77-7583-b955-6f15e37aa351:15,19705,no_resolved_path
agentsight,e58fce112c6e,10,11,codex:rollout-2026-06-13T11-32-28-019ec241-bb77-7583-b955-6f15e37aa351:16,19706,no_resolved_path
agentsight,e58fce112c6e,10,11,codex:rollout-2026-06-13T11-32-28-019ec241-bb77-7583-b955-6f15e37aa351:17,19707,no_resolved_path
agentsight,e58fce112c6e,10,11,codex:rollout-2026-06-13T11-32-28-019ec241-bb77-7583-b955-6f15e37aa351:18,19708,predecessor_module
agentsight,e58fce112c6e,10,11,codex:rollout-2026-06-13T11-32-28-019ec241-bb77-7583-b955-6f15e37aa351:19,19709,no_resolved_path
agentsight,e58fce112c6e,10,11,codex:rollout-2026-06-13T11-32-28-019ec241-bb77-7583-b955-6f15e37aa351:20,19710,predecessor_artifact
agentsight,e58fce112c6e,10,11,codex:rollout-2026-06-13T11-32-28-019ec241-bb77-7583-b955-6f15e37aa351:21,19711,predecessor_module
agentsight,e58fce112c6e,10,11,codex:rollout-2026-06-13T11-32-28-019ec241-bb77-7583-b955-6f15e37aa351:22,19712,predecessor_artifact
agentsight,e58fce112c6e,10,11,codex:rollout-2026-06-13T11-32-28-019ec241-bb77-7583-b955-6f15e37aa351:23,19713,predecessor_artifact
agentsight,e58fce112c6e,10,11,codex:rollout-2026-06-13T11-32-28-019ec241-bb77-7583-b955-6f15e37aa351:24,19714,predecessor_artifact
agentsight,e58fce112c6e,10,11,codex:rollout-2026-06-13T11-32-28-019ec241-bb77-7583-b955-6f15e37aa351:25,19715,predecessor_artifact
agentsight,e58fce112c6e,10,11,codex:rollout-2026-06-13T11-32-28-019ec241-bb77-7583-b955-6f15e37aa351:26,19716,predecessor_artifact
agentsight,e58fce112c6e,10,11,codex:rollout-2026-06-13T11-32-28-019ec241-bb77-7583-b955-6f15e37aa351:27,19717,predecessor_module
agentsight,e58fce112c6e,10,11,codex:rollout-2026-06-13T11-32-28-019ec241-bb77-7583-b955-6f15e37aa351:28,19718,no_resolved_path
agentsight,e58fce112c6e,10,11,codex:rollout-2026-06-13T11-32-28-019ec241-bb77-7583-b955-6f15e37aa351:29,19719,no_resolved_path
agentsight,e58fce112c6e,10,11,codex:rollout-2026-06-13T11-32-28-019ec241-bb77-7583-b955-6f15e37aa351:30,19720,predecessor_artifact
agentsight,e58fce112c6e,10,11,codex:rollout-2026-06-13T11-32-28-019ec241-bb77-7583-b955-6f15e37aa351:31,19721,no_resolved_path
agentsight,e58fce112c6e,10,11,codex:rollout-2026-06-13T11-32-28-019ec241-bb77-7583-b955-6f15e37aa351:32,19722,no_resolved_path
agentsight,e58fce112c6e,10,11,codex:rollout-2026-06-13T11-32-28-019ec241-bb77-7583-b955-6f15e37aa351:33,19723,no_resolved_path
agentsight,e58fce112c6e,10,11,codex:rollout-2026-06-13T11-32-28-019ec241-bb77-7583-b955-6f15e37aa351:34,19724,predecessor_artifact
agentsight,e58fce112c6e,10,11,codex:rollout-2026-06-13T11-32-28-019ec241-bb77-7583-b955-6f15e37aa351:35,19725,no_resolved_path
agentsight,e58fce112c6e,10,11,codex:rollout-2026-06-13T11-32-28-019ec241-bb77-7583-b955-6f15e37aa351:36,19726,no_resolved_path
agentsight,e58fce112c6e,10,11,codex:rollout-2026-06-13T11-32-28-019ec241-bb77-7583-b955-6f15e37aa351:37,19727,predecessor_artifact
agentsight,e58fce112c6e,10,11,codex:rollout-2026-06-13T11-32-28-019ec241-bb77-7583-b955-6f15e37aa351:38,19728,predecessor_artifact
agentsight,e58fce112c6e,10,11,codex:rollout-2026-06-13T11-32-28-019ec241-bb77-7583-b955-6f15e37aa351:39,19729,no_resolved_path
agentsight,e58fce112c6e,10,11,codex:rollout-2026-06-13T11-32-28-019ec241-bb77-7583-b955-6f15e37aa351:40,19730,no_resolved_path
agentsight,e58fce112c6e,10,11,codex:rollout-2026-06-13T11-32-28-019ec241-bb77-7583-b955-6f15e37aa351:41,19731,no_resolved_path
agentsight,e58fce112c6e,10,11,codex:rollout-2026-06-13T11-32-28-019ec241-bb77-7583-b955-6f15e37aa351:42,19732,predecessor_artifact
agentsight,e58fce112c6e,10,11,codex:rollout-2026-06-13T11-32-28-019ec241-bb77-7583-b955-6f15e37aa351:43,19733,predecessor_module
agentsight,e58fce112c6e,10,11,codex:rollout-2026-06-13T11-32-28-019ec241-bb77-7583-b955-6f15e37aa351:44,19734,predecessor_artifact
agentsight,e58fce112c6e,10,11,codex:rollout-2026-06-13T11-32-28-019ec241-bb77-7583-b955-6f15e37aa351:45,19735,predecessor_module
agentsight,e58fce112c6e,10,11,codex:rollout-2026-06-13T11-32-28-019ec241-bb77-7583-b955-6f15e37aa351:46,19736,predecessor_artifact
agentsight,e58fce112c6e,10,11,codex:rollout-2026-06-13T11-32-28-019ec241-bb77-7583-b955-6f15e37aa351:47,19737,predecessor_artifact
agentsight,e58fce112c6e,10,11,codex:rollout-2026-06-13T11-32-28-019ec241-bb77-7583-b955-6f15e37aa351:48,19738,predecessor_artifact
agentsight,e58fce112c6e,10,11,codex:rollout-2026-06-13T11-32-28-019ec241-bb77-7583-b955-6f15e37aa351:49,19739,predecessor_artifact
agentsight,e58fce112c6e,10,11,codex:rollout-2026-06-13T11-32-28-019ec241-bb77-7583-b955-6f15e37aa351:50,19740,predecessor_artifact
agentsight,e58fce112c6e,10,11,codex:rollout-2026-06-13T11-32-28-019ec241-bb77-7583-b955-6f15e37aa351:51,19741,no_resolved_path
agentsight,e58fce112c6e,10,11,codex:rollout-2026-06-13T11-32-28-019ec241-bb77-7583-b955-6f15e37aa351:52,19742,predecessor_artifact
agentsight,e58fce112c6e,10,11,codex:rollout-2026-06-13T11-32-28-019ec241-bb77-7583-b955-6f15e37aa351:53,19743,predecessor_module
agentsight,e58fce112c6e,10,11,codex:rollout-2026-06-13T11-32-28-019ec241-bb77-7583-b955-6f15e37aa351:54,19744,predecessor_module
agentsight,e58fce112c6e,10,11,codex:rollout-2026-06-13T11-32-28-019ec241-bb77-7583-b955-6f15e37aa351:55,19745,predecessor_artifact
agentsight,e58fce112c6e,10,11,codex:rollout-2026-06-13T11-32-28-019ec241-bb77-7583-b955-6f15e37aa351:56,19746,predecessor_module
agentsight,e58fce112c6e,10,11,codex:rollout-2026-06-13T11-32-28-019ec241-bb77-7583-b955-6f15e37aa351:57,19747,predecessor_module
agentsight,e58fce112c6e,10,11,codex:rollout-2026-06-13T11-32-28-019ec241-bb77-7583-b955-6f15e37aa351:58,19748,predecessor_module
agentsight,e58fce112c6e,10,11,codex:rollout-2026-06-13T11-32-28-019ec241-bb77-7583-b955-6f15e37aa351:59,19749,predecessor_artifact
agentsight,e58fce112c6e,10,11,codex:rollout-2026-06-13T11-32-28-019ec241-bb77-7583-b955-6f15e37aa351:60,19750,predecessor_artifact
agentsight,e58fce112c6e,10,11,codex:rollout-2026-06-13T11-32-28-019ec241-bb77-7583-b955-6f15e37aa351:61,19751,predecessor_artifact
agentsight,e58fce112c6e,10,11,codex:rollout-2026-06-13T11-32-28-019ec241-bb77-7583-b955-6f15e37aa351:62,19752,predecessor_artifact
agentsight,e58fce112c6e,10,11,codex:rollout-2026-06-13T11-32-28-019ec241-bb77-7583-b955-6f15e37aa351:63,19753,predecessor_artifact
agentsight,e58fce112c6e,10,11,codex:rollout-2026-06-13T11-32-28-019ec241-bb77-7583-b955-6f15e37aa351:64,19754,predecessor_module
agentsight,e58fce112c6e,10,11,codex:rollout-2026-06-13T11-32-28-019ec241-bb77-7583-b955-6f15e37aa351:65,19755,predecessor_artifact
agentsight,e58fce112c6e,10,11,codex:rollout-2026-06-13T11-32-28-019ec241-bb77-7583-b955-6f15e37aa351:66,19756,predecessor_artifact
agentsight,e58fce112c6e,10,11,codex:rollout-2026-06-13T11-32-28-019ec241-bb77-7583-b955-6f15e37aa351:67,19757,predecessor_artifact
agentsight,e58fce112c6e,10,11,codex:rollout-2026-06-13T11-32-28-019ec241-bb77-7583-b955-6f15e37aa351:68,19758,predecessor_artifact
agentsight,e58fce112c6e,10,11,codex:rollout-2026-06-13T11-32-28-019ec241-bb77-7583-b955-6f15e37aa351:69,19759,predecessor_artifact
agentsight,e58fce112c6e,10,11,codex:rollout-2026-06-13T11-32-28-019ec241-bb77-7583-b955-6f15e37aa351:70,19760,predecessor_artifact
agentsight,e58fce112c6e,10,11,codex:rollout-2026-06-13T11-32-28-019ec241-bb77-7583-b955-6f15e37aa351:71,19761,no_resolved_path
agentsight,e58fce112c6e,10,11,codex:rollout-2026-06-13T11-32-28-019ec241-bb77-7583-b955-6f15e37aa351:72,19762,no_resolved_path
agentsight,e58fce112c6e,10,11,codex:rollout-2026-06-13T11-32-28-019ec241-bb77-7583-b955-6f15e37aa351:73,19763,no_resolved_path
agentsight,e58fce112c6e,10,11,codex:rollout-2026-06-13T11-32-28-019ec241-bb77-7583-b955-6f15e37aa351:74,19764,predecessor_module
agentsight,e58fce112c6e,10,11,codex:rollout-2026-06-13T11-32-28-019ec241-bb77-7583-b955-6f15e37aa351:75,19765,predecessor_module
agentsight,e58fce112c6e,10,11,codex:rollout-2026-06-13T11-32-28-019ec241-bb77-7583-b955-6f15e37aa351:76,19766,predecessor_module
agentsight,e58fce112c6e,10,11,codex:rollout-2026-06-13T11-32-28-019ec241-bb77-7583-b955-6f15e37aa351:77,19767,predecessor_module
agentsight,e58fce112c6e,10,11,codex:rollout-2026-06-13T11-32-28-019ec241-bb77-7583-b955-6f15e37aa351:78,19768,no_resolved_path
agentsight,e58fce112c6e,10,11,codex:rollout-2026-06-13T11-32-28-019ec241-bb77-7583-b955-6f15e37aa351:79,19769,no_resolved_path
agentsight,e58fce112c6e,10,11,codex:rollout-2026-06-13T11-32-28-019ec241-bb77-7583-b955-6f15e37aa351:80,19770,no_resolved_path
agentsight,e58fce112c6e,10,11,codex:rollout-2026-06-13T11-32-28-019ec241-bb77-7583-b955-6f15e37aa351:81,19771,no_resolved_path
agentsight,e58fce112c6e,10,11,codex:rollout-2026-06-13T11-32-28-019ec241-bb77-7583-b955-6f15e37aa351:82,19772,no_resolved_path
agentsight,e58fce112c6e,10,11,codex:rollout-2026-06-13T11-32-28-019ec241-bb77-7583-b955-6f15e37aa351:83,19773,no_resolved_path
agentsight,e58fce112c6e,10,11,codex:rollout-2026-06-13T11-32-28-019ec241-bb77-7583-b955-6f15e37aa351:84,19774,no_resolved_path
agentsight,e58fce112c6e,10,11,codex:rollout-2026-06-13T11-32-28-019ec241-bb77-7583-b955-6f15e37aa351:85,19775,no_resolved_path
agentsight,e58fce112c6e,10,11,codex:rollout-2026-06-13T11-32-28-019ec241-bb77-7583-b955-6f15e37aa351:86,19776,no_resolved_path
agentsight,e58fce112c6e,10,11,codex:rollout-2026-06-13T11-32-28-019ec241-bb77-7583-b955-6f15e37aa351:87,19777,no_resolved_path
agentsight,e58fce112c6e,10,11,codex:rollout-2026-06-13T11-32-28-019ec241-bb77-7583-b955-6f15e37aa351:88,19778,no_resolved_path
agentsight,e58fce112c6e,10,11,codex:rollout-2026-06-13T11-32-28-019ec241-bb77-7583-b955-6f15e37aa351:89,19779,no_resolved_path
agentsight,e58fce112c6e,10,11,codex:rollout-2026-06-13T11-32-28-019ec241-bb77-7583-b955-6f15e37aa351:90,19780,no_resolved_path
agentsight,e58fce112c6e,10,11,codex:rollout-2026-06-13T11-32-28-019ec241-bb77-7583-b955-6f15e37aa351:91,19781,no_resolved_path
agentsight,e58fce112c6e,10,11,codex:rollout-2026-06-13T11-32-28-019ec241-bb77-7583-b955-6f15e37aa351:92,19782,no_resolved_path
agentsight,e58fce112c6e,10,11,codex:rollout-2026-06-13T11-32-28-019ec241-bb77-7583-b955-6f15e37aa351:93,19783,no_resolved_path
agentsight,e58fce112c6e,10,11,codex:rollout-2026-06-13T11-32-28-019ec241-bb77-7583-b955-6f15e37aa351:94,19784,no_resolved_path
agentsight,e58fce112c6e,10,11,codex:rollout-2026-06-13T11-32-28-019ec241-bb77-7583-b955-6f15e37aa351:95,19785,no_resolved_path
agentsight,e58fce112c6e,10,11,codex:rollout-2026-06-13T11-32-28-019ec241-bb77-7583-b955-6f15e37aa351:96,19786,no_resolved_path
agentsight,e58fce112c6e,10,11,codex:rollout-2026-06-13T11-32-28-019ec241-bb77-7583-b955-6f15e37aa351:97,19787,predecessor_artifact
agentsight,e58fce112c6e,10,11,codex:rollout-2026-06-13T11-32-28-019ec241-bb77-7583-b955-6f15e37aa351:98,19788,predecessor_artifact
agentsight,e58fce112c6e,10,11,codex:rollout-2026-06-13T11-32-28-019ec241-bb77-7583-b955-6f15e37aa351:100,19789,no_resolved_path
agentsight,e58fce112c6e,10,11,codex:rollout-2026-06-13T11-32-28-019ec241-bb77-7583-b955-6f15e37aa351:99,19790,no_resolved_path
agentsight,e58fce112c6e,10,11,codex:rollout-2026-06-13T11-32-28-019ec241-bb77-7583-b955-6f15e37aa351:101,19791,no_resolved_path
agentsight,e58fce112c6e,10,11,codex:rollout-2026-06-13T11-32-28-019ec241-bb77-7583-b955-6f15e37aa351:102,19792,no_resolved_path
agentsight,e58fce112c6e,10,11,codex:rollout-2026-06-13T11-32-28-019ec241-bb77-7583-b955-6f15e37aa351:103,19793,no_resolved_path
agentsight,e58fce112c6e,10,11,codex:rollout-2026-06-13T11-32-28-019ec241-bb77-7583-b955-6f15e37aa351:104,19794,no_resolved_path
agentsight,e58fce112c6e,10,11,codex:rollout-2026-06-13T11-32-28-019ec241-bb77-7583-b955-6f15e37aa351:105,19795,no_resolved_path
agentsight,e58fce112c6e,10,11,codex:rollout-2026-06-13T11-32-28-019ec241-bb77-7583-b955-6f15e37aa351:106,19796,no_resolved_path
agentsight,e58fce112c6e,10,11,codex:rollout-2026-06-13T11-32-28-019ec241-bb77-7583-b955-6f15e37aa351:107,19797,no_resolved_path
agentsight,e58fce112c6e,10,11,codex:rollout-2026-06-13T11-32-28-019ec241-bb77-7583-b955-6f15e37aa351:108,19798,no_resolved_path
agentsight,e58fce112c6e,10,11,codex:rollout-2026-06-13T11-32-28-019ec241-bb77-7583-b955-6f15e37aa351:109,19799,no_resolved_path
agentsight,e58fce112c6e,10,11,codex:rollout-2026-06-13T11-32-28-019ec241-bb77-7583-b955-6f15e37aa351:110,19800,no_resolved_path
agentsight,e58fce112c6e,10,11,codex:rollout-2026-06-13T11-32-28-019ec241-bb77-7583-b955-6f15e37aa351:111,19801,no_resolved_path
agentsight,e58fce112c6e,10,11,codex:rollout-2026-06-13T11-32-28-019ec241-bb77-7583-b955-6f15e37aa351:112,19802,no_resolved_path
agentsight,e58fce112c6e,10,11,codex:rollout-2026-06-13T11-32-28-019ec241-bb77-7583-b955-6f15e37aa351:113,19803,no_resolved_path
agentsight,e58fce112c6e,10,11,codex:rollout-2026-06-13T11-32-28-019ec241-bb77-7583-b955-6f15e37aa351:114,19804,no_resolved_path
agentsight,e58fce112c6e,10,11,codex:rollout-2026-06-13T11-32-28-019ec241-bb77-7583-b955-6f15e37aa351:115,19805,predecessor_artifact
agentsight,e58fce112c6e,10,11,codex:rollout-2026-06-13T11-32-28-019ec241-bb77-7583-b955-6f15e37aa351:116,19806,predecessor_artifact
agentsight,e58fce112c6e,10,11,codex:rollout-2026-06-13T11-32-28-019ec241-bb77-7583-b955-6f15e37aa351:117,19807,predecessor_module
agentsight,e58fce112c6e,10,11,codex:rollout-2026-06-13T11-32-28-019ec241-bb77-7583-b955-6f15e37aa351:118,19808,predecessor_artifact
agentsight,e58fce112c6e,10,11,codex:rollout-2026-06-13T11-32-28-019ec241-bb77-7583-b955-6f15e37aa351:119,19809,predecessor_artifact
agentsight,e58fce112c6e,10,11,codex:rollout-2026-06-13T11-24-41-019ec23a-9d01-7981-aaa4-1be1af89ba69:7,19810,no_resolved_path
agentsight,e58fce112c6e,10,11,codex:rollout-2026-06-13T11-24-41-019ec23a-9d01-7981-aaa4-1be1af89ba69:8,19811,other_resolved_artifact
agentsight,e58fce112c6e,10,11,codex:rollout-2026-06-13T11-24-41-019ec23a-9d01-7981-aaa4-1be1af89ba69:9,19812,other_resolved_artifact
agentsight,e58fce112c6e,10,11,codex:rollout-2026-06-13T11-24-41-019ec23a-9d01-7981-aaa4-1be1af89ba69:10,19813,other_resolved_artifact
agentsight,e58fce112c6e,10,11,codex:rollout-2026-06-13T11-24-41-019ec23a-9d01-7981-aaa4-1be1af89ba69:11,19814,other_resolved_artifact
agentsight,e58fce112c6e,10,11,codex:rollout-2026-06-13T11-24-41-019ec23a-9d01-7981-aaa4-1be1af89ba69:12,19815,no_resolved_path
agentsight,e58fce112c6e,10,11,codex:rollout-2026-06-13T11-24-41-019ec23a-9d01-7981-aaa4-1be1af89ba69:13,19816,other_resolved_artifact
agentsight,e58fce112c6e,10,11,codex:rollout-2026-06-13T11-24-41-019ec23a-9d01-7981-aaa4-1be1af89ba69:14,19817,other_resolved_artifact
agentsight,e58fce112c6e,10,11,codex:rollout-2026-06-13T11-24-41-019ec23a-9d01-7981-aaa4-1be1af89ba69:15,19818,no_resolved_path
agentsight,e58fce112c6e,10,11,codex:rollout-2026-06-13T11-24-41-019ec23a-9d01-7981-aaa4-1be1af89ba69:16,19819,other_resolved_artifact
agentsight,e58fce112c6e,10,11,codex:rollout-2026-06-13T11-24-41-019ec23a-9d01-7981-aaa4-1be1af89ba69:17,19820,other_resolved_artifact
agentsight,e58fce112c6e,10,11,codex:rollout-2026-06-13T11-24-41-019ec23a-9d01-7981-aaa4-1be1af89ba69:18,19821,other_resolved_artifact
agentsight,e58fce112c6e,10,11,codex:rollout-2026-06-13T11-24-41-019ec23a-9d01-7981-aaa4-1be1af89ba69:19,19822,other_resolved_artifact
agentsight,e58fce112c6e,10,11,codex:rollout-2026-06-13T11-24-41-019ec23a-9d01-7981-aaa4-1be1af89ba69:20,19823,other_resolved_artifact
agentsight,e58fce112c6e,10,11,codex:rollout-2026-06-13T11-24-41-019ec23a-9d01-7981-aaa4-1be1af89ba69:21,19824,other_resolved_artifact
agentsight,e58fce112c6e,10,11,codex:rollout-2026-06-13T11-24-41-019ec23a-9d01-7981-aaa4-1be1af89ba69:22,19825,other_resolved_artifact
agentsight,e58fce112c6e,10,11,codex:rollout-2026-06-13T11-24-41-019ec23a-9d01-7981-aaa4-1be1af89ba69:23,19826,other_resolved_artifact
agentsight,e58fce112c6e,10,11,codex:rollout-2026-06-13T11-24-41-019ec23a-9d01-7981-aaa4-1be1af89ba69:24,19827,other_resolved_artifact
agentsight,e58fce112c6e,10,11,codex:rollout-2026-06-13T11-24-41-019ec23a-9d01-7981-aaa4-1be1af89ba69:25,19828,other_resolved_artifact
agentsight,e58fce112c6e,10,11,codex:rollout-2026-06-13T11-24-41-019ec23a-9d01-7981-aaa4-1be1af89ba69:26,19829,other_resolved_artifact
agentsight,e58fce112c6e,10,11,codex:rollout-2026-06-13T11-24-41-019ec23a-9d01-7981-aaa4-1be1af89ba69:27,19830,other_resolved_artifact
agentsight,e58fce112c6e,10,11,codex:rollout-2026-06-13T11-24-41-019ec23a-9d01-7981-aaa4-1be1af89ba69:28,19831,other_resolved_artifact
agentsight,e58fce112c6e,10,11,codex:rollout-2026-06-13T11-24-41-019ec23a-9d01-7981-aaa4-1be1af89ba69:29,19832,other_resolved_artifact
agentsight,e58fce112c6e,10,11,codex:rollout-2026-06-13T11-24-41-019ec23a-9d01-7981-aaa4-1be1af89ba69:30,19833,other_resolved_artifact
agentsight,e58fce112c6e,10,11,codex:rollout-2026-06-13T11-24-41-019ec23a-9d01-7981-aaa4-1be1af89ba69:31,19834,other_resolved_artifact
agentsight,e58fce112c6e,10,11,codex:rollout-2026-06-13T11-24-41-019ec23a-9d01-7981-aaa4-1be1af89ba69:32,19835,other_resolved_artifact
agentsight,e58fce112c6e,10,11,codex:rollout-2026-06-13T11-24-41-019ec23a-9d01-7981-aaa4-1be1af89ba69:33,19836,no_resolved_path
agentsight,e58fce112c6e,10,11,codex:rollout-2026-06-13T11-24-41-019ec23a-9d01-7981-aaa4-1be1af89ba69:34,19837,no_resolved_path
agentsight,e58fce112c6e,10,11,codex:rollout-2026-06-13T11-24-41-019ec23a-9d01-7981-aaa4-1be1af89ba69:35,19838,no_resolved_path
agentsight,e58fce112c6e,10,11,codex:rollout-2026-06-13T11-24-41-019ec23a-9d01-7981-aaa4-1be1af89ba69:36,19839,predecessor_module
agentsight,e58fce112c6e,10,11,codex:rollout-2026-06-13T11-24-41-019ec23a-9d01-7981-aaa4-1be1af89ba69:37,19840,no_resolved_path
agentsight,e58fce112c6e,10,11,codex:rollout-2026-06-13T11-24-41-019ec23a-9d01-7981-aaa4-1be1af89ba69:38,19841,no_resolved_path
agentsight,e58fce112c6e,10,11,codex:rollout-2026-06-13T11-24-41-019ec23a-9d01-7981-aaa4-1be1af89ba69:39,19842,predecessor_artifact
agentsight,e58fce112c6e,10,11,codex:rollout-2026-06-13T11-24-41-019ec23a-9d01-7981-aaa4-1be1af89ba69:40,19843,predecessor_module
agentsight,e58fce112c6e,10,11,codex:rollout-2026-06-13T11-24-41-019ec23a-9d01-7981-aaa4-1be1af89ba69:41,19844,no_resolved_path
agentsight,e58fce112c6e,10,11,codex:rollout-2026-06-13T11-24-41-019ec23a-9d01-7981-aaa4-1be1af89ba69:42,19845,no_resolved_path
agentsight,e58fce112c6e,10,11,codex:rollout-2026-06-13T11-24-41-019ec23a-9d01-7981-aaa4-1be1af89ba69:43,19846,no_resolved_path
agentsight,e58fce112c6e,10,11,codex:rollout-2026-06-13T11-24-41-019ec23a-9d01-7981-aaa4-1be1af89ba69:44,19847,no_resolved_path
agentsight,e58fce112c6e,10,11,codex:rollout-2026-06-13T11-24-41-019ec23a-9d01-7981-aaa4-1be1af89ba69:45,19848,no_resolved_path
agentsight,e58fce112c6e,10,11,codex:rollout-2026-06-13T11-24-41-019ec23a-9d01-7981-aaa4-1be1af89ba69:46,19849,predecessor_artifact
agentsight,e58fce112c6e,10,11,codex:rollout-2026-06-13T11-24-41-019ec23a-9d01-7981-aaa4-1be1af89ba69:47,19850,predecessor_artifact
agentsight,e58fce112c6e,10,11,codex:rollout-2026-06-13T11-24-41-019ec23a-9d01-7981-aaa4-1be1af89ba69:48,19851,predecessor_artifact
agentsight,e58fce112c6e,10,11,codex:rollout-2026-06-13T11-24-41-019ec23a-9d01-7981-aaa4-1be1af89ba69:49,19852,predecessor_artifact
agentsight,e58fce112c6e,10,11,codex:rollout-2026-06-13T11-24-41-019ec23a-9d01-7981-aaa4-1be1af89ba69:50,19853,predecessor_artifact
agentsight,e58fce112c6e,10,11,codex:rollout-2026-06-13T11-24-41-019ec23a-9d01-7981-aaa4-1be1af89ba69:51,19854,other_resolved_artifact
agentsight,e58fce112c6e,10,11,codex:rollout-2026-06-13T11-24-41-019ec23a-9d01-7981-aaa4-1be1af89ba69:52,19855,no_resolved_path
agentsight,e58fce112c6e,10,11,codex:rollout-2026-06-13T11-24-41-019ec23a-9d01-7981-aaa4-1be1af89ba69:53,19856,other_resolved_artifact
agentsight,e58fce112c6e,10,11,codex:rollout-2026-06-13T11-24-41-019ec23a-9d01-7981-aaa4-1be1af89ba69:54,19857,no_resolved_path
agentsight,e58fce112c6e,10,11,codex:rollout-2026-06-13T11-24-41-019ec23a-9d01-7981-aaa4-1be1af89ba69:55,19858,other_resolved_artifact
agentsight,e58fce112c6e,10,11,codex:rollout-2026-06-13T11-24-41-019ec23a-9d01-7981-aaa4-1be1af89ba69:56,19859,other_resolved_artifact
agentsight,e58fce112c6e,10,11,codex:rollout-2026-06-13T11-24-41-019ec23a-9d01-7981-aaa4-1be1af89ba69:57,19860,other_resolved_artifact
agentsight,e58fce112c6e,10,11,codex:rollout-2026-06-13T11-24-41-019ec23a-9d01-7981-aaa4-1be1af89ba69:58,19861,no_resolved_path
agentsight,e58fce112c6e,10,11,codex:rollout-2026-06-13T11-24-41-019ec23a-9d01-7981-aaa4-1be1af89ba69:59,19862,other_resolved_artifact
agentsight,e58fce112c6e,10,11,codex:rollout-2026-06-13T11-24-41-019ec23a-9d01-7981-aaa4-1be1af89ba69:60,19863,other_resolved_artifact
agentsight,e58fce112c6e,10,11,codex:rollout-2026-06-13T11-24-41-019ec23a-9d01-7981-aaa4-1be1af89ba69:61,19864,other_resolved_artifact
agentsight,e58fce112c6e,10,11,codex:rollout-2026-06-13T11-24-41-019ec23a-9d01-7981-aaa4-1be1af89ba69:62,19865,other_resolved_artifact
agentsight,e58fce112c6e,10,11,codex:rollout-2026-06-13T11-24-41-019ec23a-9d01-7981-aaa4-1be1af89ba69:63,19866,no_resolved_path
agentsight,e58fce112c6e,10,11,codex:rollout-2026-06-13T11-24-41-019ec23a-9d01-7981-aaa4-1be1af89ba69:64,19867,other_resolved_artifact
agentsight,e58fce112c6e,10,11,codex:rollout-2026-06-13T11-24-41-019ec23a-9d01-7981-aaa4-1be1af89ba69:65,19868,no_resolved_path
agentsight,e58fce112c6e,10,11,codex:rollout-2026-06-13T11-24-41-019ec23a-9d01-7981-aaa4-1be1af89ba69:66,19869,no_resolved_path
agentsight,e58fce112c6e,10,11,codex:rollout-2026-06-13T11-24-41-019ec23a-9d01-7981-aaa4-1be1af89ba69:67,19870,other_resolved_scope
agentsight,e58fce112c6e,10,11,codex:rollout-2026-06-13T11-24-41-019ec23a-9d01-7981-aaa4-1be1af89ba69:68,19871,no_resolved_path
agentsight,e58fce112c6e,10,11,codex:rollout-2026-06-13T11-24-41-019ec23a-9d01-7981-aaa4-1be1af89ba69:69,19872,no_resolved_path
agentsight,e58fce112c6e,10,11,codex:rollout-2026-06-13T11-24-41-019ec23a-9d01-7981-aaa4-1be1af89ba69:70,19873,no_resolved_path
agentsight,e58fce112c6e,10,11,codex:rollout-2026-06-13T11-24-41-019ec23a-9d01-7981-aaa4-1be1af89ba69:71,19874,no_resolved_path
agentsight,e58fce112c6e,10,11,codex:rollout-2026-06-13T11-24-41-019ec23a-9d01-7981-aaa4-1be1af89ba69:72,19875,no_resolved_path
agentsight,e58fce112c6e,10,11,codex:rollout-2026-06-13T11-24-41-019ec23a-9d01-7981-aaa4-1be1af89ba69:73,19876,no_resolved_path
agentsight,e58fce112c6e,10,11,codex:rollout-2026-06-13T11-24-41-019ec23a-9d01-7981-aaa4-1be1af89ba69:74,19877,no_resolved_path
agentsight,e58fce112c6e,10,11,codex:rollout-2026-06-13T11-24-41-019ec23a-9d01-7981-aaa4-1be1af89ba69:75,19878,no_resolved_path
agentsight,e58fce112c6e,10,11,codex:rollout-2026-06-13T11-24-41-019ec23a-9d01-7981-aaa4-1be1af89ba69:76,19879,no_resolved_path
agentsight,e58fce112c6e,10,11,codex:rollout-2026-06-13T11-24-41-019ec23a-9d01-7981-aaa4-1be1af89ba69:77,19880,no_resolved_path
agentsight,e58fce112c6e,10,11,codex:rollout-2026-06-13T11-24-41-019ec23a-9d01-7981-aaa4-1be1af89ba69:78,19881,no_resolved_path
agentsight,e58fce112c6e,10,11,codex:rollout-2026-06-13T11-24-41-019ec23a-9d01-7981-aaa4-1be1af89ba69:79,19882,no_resolved_path
agentsight,e58fce112c6e,10,11,codex:rollout-2026-06-13T11-24-41-019ec23a-9d01-7981-aaa4-1be1af89ba69:80,19883,no_resolved_path
agentsight,e58fce112c6e,10,11,codex:rollout-2026-06-13T11-24-41-019ec23a-9d01-7981-aaa4-1be1af89ba69:81,19884,no_resolved_path
agentsight,e58fce112c6e,10,11,codex:rollout-2026-06-13T11-24-41-019ec23a-9d01-7981-aaa4-1be1af89ba69:82,19885,no_resolved_path
agentsight,e58fce112c6e,10,11,codex:rollout-2026-06-13T11-24-41-019ec23a-9d01-7981-aaa4-1be1af89ba69:83,19886,no_resolved_path
agentsight,e58fce112c6e,10,11,codex:rollout-2026-06-13T11-24-41-019ec23a-9d01-7981-aaa4-1be1af89ba69:84,19887,no_resolved_path
agentsight,e58fce112c6e,10,11,codex:rollout-2026-06-13T11-24-41-019ec23a-9d01-7981-aaa4-1be1af89ba69:85,19888,no_resolved_path
agentsight,e58fce112c6e,10,11,codex:rollout-2026-06-13T11-24-41-019ec23a-9d01-7981-aaa4-1be1af89ba69:86,19889,no_resolved_path
agentsight,e58fce112c6e,10,11,codex:rollout-2026-06-13T11-24-41-019ec23a-9d01-7981-aaa4-1be1af89ba69:87,19890,no_resolved_path
agentsight,e58fce112c6e,10,11,codex:rollout-2026-06-13T11-24-41-019ec23a-9d01-7981-aaa4-1be1af89ba69:88,19891,no_resolved_path
agentsight,e58fce112c6e,10,11,codex:rollout-2026-06-13T11-24-41-019ec23a-9d01-7981-aaa4-1be1af89ba69:89,19892,no_resolved_path
agentsight,e58fce112c6e,10,11,codex:rollout-2026-06-13T11-24-41-019ec23a-9d01-7981-aaa4-1be1af89ba69:90,19893,no_resolved_path
agentsight,e58fce112c6e,10,11,codex:rollout-2026-06-13T11-24-41-019ec23a-9d01-7981-aaa4-1be1af89ba69:91,19894,no_resolved_path
agentsight,e58fce112c6e,10,11,codex:rollout-2026-06-13T11-24-41-019ec23a-9d01-7981-aaa4-1be1af89ba69:92,19895,no_resolved_path
agentsight,e58fce112c6e,10,11,codex:rollout-2026-06-13T11-24-41-019ec23a-9d01-7981-aaa4-1be1af89ba69:93,19896,no_resolved_path
agentsight,e58fce112c6e,10,11,codex:rollout-2026-06-13T11-24-41-019ec23a-9d01-7981-aaa4-1be1af89ba69:94,19897,no_resolved_path
agentsight,e58fce112c6e,10,11,codex:rollout-2026-06-13T11-24-41-019ec23a-9d01-7981-aaa4-1be1af89ba69:95,19898,no_resolved_path
agentsight,e58fce112c6e,10,11,codex:rollout-2026-06-13T11-24-41-019ec23a-9d01-7981-aaa4-1be1af89ba69:96,19899,no_resolved_path
agentsight,e58fce112c6e,10,11,codex:rollout-2026-06-13T11-24-41-019ec23a-9d01-7981-aaa4-1be1af89ba69:97,19900,no_resolved_path
agentsight,e58fce112c6e,10,11,codex:rollout-2026-06-13T11-24-41-019ec23a-9d01-7981-aaa4-1be1af89ba69:100,19901,other_resolved_artifact
agentsight,e58fce112c6e,10,11,codex:rollout-2026-06-13T11-24-41-019ec23a-9d01-7981-aaa4-1be1af89ba69:98,19902,no_resolved_path
agentsight,e58fce112c6e,10,11,codex:rollout-2026-06-13T11-24-41-019ec23a-9d01-7981-aaa4-1be1af89ba69:99,19903,no_resolved_path
agentsight,e58fce112c6e,10,11,codex:rollout-2026-06-13T11-24-41-019ec23a-9d01-7981-aaa4-1be1af89ba69:101,19904,other_resolved_artifact
agentsight,e58fce112c6e,10,11,codex:rollout-2026-06-13T11-24-41-019ec23a-9d01-7981-aaa4-1be1af89ba69:102,19905,other_resolved_artifact
agentsight,e58fce112c6e,10,11,codex:rollout-2026-06-13T11-24-41-019ec23a-9d01-7981-aaa4-1be1af89ba69:103,19906,other_resolved_artifact
agentsight,e58fce112c6e,10,11,codex:rollout-2026-06-13T11-24-41-019ec23a-9d01-7981-aaa4-1be1af89ba69:104,19907,other_resolved_artifact
agentsight,e58fce112c6e,10,11,codex:rollout-2026-06-13T11-24-41-019ec23a-9d01-7981-aaa4-1be1af89ba69:105,19908,other_resolved_artifact
agentsight,e58fce112c6e,10,11,codex:rollout-2026-06-13T11-24-41-019ec23a-9d01-7981-aaa4-1be1af89ba69:106,19909,predecessor_artifact
agentsight,e58fce112c6e,10,11,codex:rollout-2026-06-13T11-24-41-019ec23a-9d01-7981-aaa4-1be1af89ba69:107,19910,other_resolved_artifact
agentsight,e58fce112c6e,10,11,codex:rollout-2026-06-13T11-24-41-019ec23a-9d01-7981-aaa4-1be1af89ba69:108,19911,other_resolved_artifact
agentsight,e58fce112c6e,10,11,codex:rollout-2026-06-13T11-24-41-019ec23a-9d01-7981-aaa4-1be1af89ba69:109,19912,other_resolved_artifact
agentsight,e58fce112c6e,10,11,codex:rollout-2026-06-13T11-24-41-019ec23a-9d01-7981-aaa4-1be1af89ba69:110,19913,other_resolved_artifact
agentsight,e58fce112c6e,10,11,codex:rollout-2026-06-13T11-24-41-019ec23a-9d01-7981-aaa4-1be1af89ba69:111,19914,other_resolved_artifact
agentsight,e58fce112c6e,10,11,codex:rollout-2026-06-13T11-24-41-019ec23a-9d01-7981-aaa4-1be1af89ba69:112,19915,other_resolved_artifact
agentsight,e58fce112c6e,10,11,codex:rollout-2026-06-13T11-24-41-019ec23a-9d01-7981-aaa4-1be1af89ba69:113,19916,other_resolved_artifact
agentsight,e58fce112c6e,10,11,codex:rollout-2026-06-13T11-24-41-019ec23a-9d01-7981-aaa4-1be1af89ba69:114,19917,no_resolved_path
agentsight,e58fce112c6e,10,11,codex:rollout-2026-06-13T11-24-41-019ec23a-9d01-7981-aaa4-1be1af89ba69:115,19918,other_resolved_artifact
agentsight,e58fce112c6e,10,11,codex:rollout-2026-06-13T11-24-41-019ec23a-9d01-7981-aaa4-1be1af89ba69:116,19919,no_resolved_path
agentsight,e58fce112c6e,10,11,codex:rollout-2026-06-13T11-24-41-019ec23a-9d01-7981-aaa4-1be1af89ba69:117,19920,no_resolved_path
agentsight,e58fce112c6e,10,11,codex:rollout-2026-06-13T11-24-41-019ec23a-9d01-7981-aaa4-1be1af89ba69:118,19921,other_resolved_artifact
agentsight,e58fce112c6e,10,11,codex:rollout-2026-06-13T11-24-41-019ec23a-9d01-7981-aaa4-1be1af89ba69:119,19922,other_resolved_artifact
agentsight,e58fce112c6e,10,11,codex:rollout-2026-06-13T11-24-41-019ec23a-9d01-7981-aaa4-1be1af89ba69:120,19923,other_resolved_artifact
agentsight,e58fce112c6e,10,11,codex:rollout-2026-06-13T11-24-41-019ec23a-9d01-7981-aaa4-1be1af89ba69:121,19924,no_resolved_path
agentsight,e58fce112c6e,10,11,codex:rollout-2026-06-13T11-24-41-019ec23a-9d01-7981-aaa4-1be1af89ba69:122,19925,no_resolved_path
agentsight,e58fce112c6e,10,11,codex:rollout-2026-06-13T11-24-41-019ec23a-9d01-7981-aaa4-1be1af89ba69:123,19926,other_resolved_artifact
agentsight,e58fce112c6e,10,11,codex:rollout-2026-06-13T11-24-41-019ec23a-9d01-7981-aaa4-1be1af89ba69:124,19927,other_resolved_artifact
agentsight,e58fce112c6e,10,11,codex:rollout-2026-06-13T11-24-41-019ec23a-9d01-7981-aaa4-1be1af89ba69:125,19928,other_resolved_artifact
agentsight,e58fce112c6e,10,11,codex:rollout-2026-06-13T11-24-41-019ec23a-9d01-7981-aaa4-1be1af89ba69:126,19929,other_resolved_artifact
agentsight,e58fce112c6e,10,11,codex:rollout-2026-06-13T11-24-41-019ec23a-9d01-7981-aaa4-1be1af89ba69:127,19930,other_resolved_artifact
agentsight,e58fce112c6e,10,11,codex:rollout-2026-06-13T11-24-41-019ec23a-9d01-7981-aaa4-1be1af89ba69:128,19931,other_resolved_artifact
agentsight,e58fce112c6e,10,11,codex:rollout-2026-06-13T11-24-41-019ec23a-9d01-7981-aaa4-1be1af89ba69:129,19932,other_resolved_artifact
agentsight,e58fce112c6e,10,11,codex:rollout-2026-06-13T11-24-41-019ec23a-9d01-7981-aaa4-1be1af89ba69:130,19933,other_resolved_artifact
agentsight,e58fce112c6e,10,11,codex:rollout-2026-06-13T11-24-41-019ec23a-9d01-7981-aaa4-1be1af89ba69:131,19934,other_resolved_artifact
agentsight,e58fce112c6e,10,11,codex:rollout-2026-06-13T11-24-41-019ec23a-9d01-7981-aaa4-1be1af89ba69:132,19935,other_resolved_artifact
agentsight,e58fce112c6e,10,11,codex:rollout-2026-06-13T11-24-41-019ec23a-9d01-7981-aaa4-1be1af89ba69:133,19936,other_resolved_artifact
agentsight,e58fce112c6e,10,11,codex:rollout-2026-06-13T11-24-41-019ec23a-9d01-7981-aaa4-1be1af89ba69:134,19937,other_resolved_artifact
agentsight,e58fce112c6e,10,11,codex:rollout-2026-06-13T11-24-41-019ec23a-9d01-7981-aaa4-1be1af89ba69:135,19938,other_resolved_artifact
agentsight,e58fce112c6e,10,11,codex:rollout-2026-06-13T11-24-41-019ec23a-9d01-7981-aaa4-1be1af89ba69:136,19939,other_resolved_artifact
agentsight,e58fce112c6e,10,11,codex:rollout-2026-06-13T11-24-41-019ec23a-9d01-7981-aaa4-1be1af89ba69:137,19940,other_resolved_artifact
agentsight,e58fce112c6e,10,11,codex:rollout-2026-06-13T11-24-41-019ec23a-9d01-7981-aaa4-1be1af89ba69:138,19941,other_resolved_artifact
agentsight,e58fce112c6e,10,11,codex:rollout-2026-06-13T11-24-41-019ec23a-9d01-7981-aaa4-1be1af89ba69:139,19942,no_resolved_path
agentsight,e58fce112c6e,10,11,codex:rollout-2026-06-13T11-24-41-019ec23a-9d01-7981-aaa4-1be1af89ba69:140,19943,no_resolved_path
agentsight,e58fce112c6e,10,11,codex:rollout-2026-06-13T11-24-41-019ec23a-9d01-7981-aaa4-1be1af89ba69:141,19944,other_resolved_scope
agentsight,e58fce112c6e,10,11,codex:rollout-2026-06-13T11-24-41-019ec23a-9d01-7981-aaa4-1be1af89ba69:142,19945,other_resolved_scope
agentsight,e58fce112c6e,10,11,codex:rollout-2026-06-13T11-24-41-019ec23a-9d01-7981-aaa4-1be1af89ba69:143,19946,no_resolved_path
agentsight,e58fce112c6e,10,11,codex:rollout-2026-06-13T11-24-41-019ec23a-9d01-7981-aaa4-1be1af89ba69:144,19947,other_resolved_artifact
agentsight,e58fce112c6e,10,11,codex:rollout-2026-06-13T11-24-41-019ec23a-9d01-7981-aaa4-1be1af89ba69:145,19948,other_resolved_artifact
agentsight,e58fce112c6e,10,11,codex:rollout-2026-06-13T11-24-41-019ec23a-9d01-7981-aaa4-1be1af89ba69:146,19949,other_resolved_artifact
agentsight,e58fce112c6e,10,11,codex:rollout-2026-06-13T11-24-41-019ec23a-9d01-7981-aaa4-1be1af89ba69:147,19950,other_resolved_artifact
agentsight,e58fce112c6e,10,11,codex:rollout-2026-06-13T11-24-41-019ec23a-9d01-7981-aaa4-1be1af89ba69:148,19951,other_resolved_artifact
agentsight,e58fce112c6e,10,11,codex:rollout-2026-06-13T11-24-41-019ec23a-9d01-7981-aaa4-1be1af89ba69:149,19952,other_resolved_artifact
agentsight,e58fce112c6e,10,11,codex:rollout-2026-06-13T11-24-41-019ec23a-9d01-7981-aaa4-1be1af89ba69:150,19953,other_resolved_artifact
agentsight,e58fce112c6e,10,11,codex:rollout-2026-06-13T11-24-41-019ec23a-9d01-7981-aaa4-1be1af89ba69:151,19954,other_resolved_artifact
agentsight,e58fce112c6e,10,11,codex:rollout-2026-06-13T11-24-41-019ec23a-9d01-7981-aaa4-1be1af89ba69:152,19955,other_resolved_artifact
agentsight,e58fce112c6e,10,11,codex:rollout-2026-06-13T11-24-41-019ec23a-9d01-7981-aaa4-1be1af89ba69:153,19956,no_resolved_path
agentsight,e58fce112c6e,10,11,codex:rollout-2026-06-13T11-24-41-019ec23a-9d01-7981-aaa4-1be1af89ba69:154,19957,no_resolved_path
agentsight,e58fce112c6e,10,11,codex:rollout-2026-06-13T11-24-41-019ec23a-9d01-7981-aaa4-1be1af89ba69:155,19958,other_resolved_scope
agentsight,e58fce112c6e,10,11,codex:rollout-2026-06-13T11-24-41-019ec23a-9d01-7981-aaa4-1be1af89ba69:156,19959,other_resolved_artifact
agentsight,e58fce112c6e,10,11,codex:rollout-2026-06-13T11-24-41-019ec23a-9d01-7981-aaa4-1be1af89ba69:157,19960,no_resolved_path
agentsight,e58fce112c6e,10,11,codex:rollout-2026-06-13T11-24-41-019ec23a-9d01-7981-aaa4-1be1af89ba69:158,19961,other_resolved_artifact
agentsight,e58fce112c6e,10,11,codex:rollout-2026-06-13T11-24-41-019ec23a-9d01-7981-aaa4-1be1af89ba69:159,19962,no_resolved_path
agentsight,e58fce112c6e,10,11,codex:rollout-2026-06-13T11-24-41-019ec23a-9d01-7981-aaa4-1be1af89ba69:160,19963,other_resolved_scope
agentsight,e58fce112c6e,10,11,codex:rollout-2026-06-13T11-24-41-019ec23a-9d01-7981-aaa4-1be1af89ba69:161,19964,no_resolved_path
agentsight,e58fce112c6e,10,11,codex:rollout-2026-06-13T11-24-41-019ec23a-9d01-7981-aaa4-1be1af89ba69:162,19965,no_resolved_path
agentsight,e58fce112c6e,10,11,codex:rollout-2026-06-13T11-24-41-019ec23a-9d01-7981-aaa4-1be1af89ba69:163,19966,no_resolved_path
agentsight,e58fce112c6e,10,11,codex:rollout-2026-06-13T11-24-41-019ec23a-9d01-7981-aaa4-1be1af89ba69:164,19967,no_resolved_path
agentsight,e58fce112c6e,10,11,codex:rollout-2026-06-13T11-24-41-019ec23a-9d01-7981-aaa4-1be1af89ba69:165,19968,other_resolved_scope
agentsight,e58fce112c6e,10,11,codex:rollout-2026-06-13T11-24-41-019ec23a-9d01-7981-aaa4-1be1af89ba69:166,19969,no_resolved_path
agentsight,e58fce112c6e,10,11,codex:rollout-2026-06-13T11-24-41-019ec23a-9d01-7981-aaa4-1be1af89ba69:167,19970,no_resolved_path
agentsight,e58fce112c6e,10,11,codex:rollout-2026-06-13T11-24-41-019ec23a-9d01-7981-aaa4-1be1af89ba69:168,19971,other_resolved_scope
agentsight,e58fce112c6e,10,11,codex:rollout-2026-06-13T11-24-41-019ec23a-9d01-7981-aaa4-1be1af89ba69:169,19972,other_resolved_artifact
agentsight,e58fce112c6e,10,11,codex:rollout-2026-06-13T11-24-41-019ec23a-9d01-7981-aaa4-1be1af89ba69:170,19973,other_resolved_artifact
agentsight,e58fce112c6e,10,11,codex:rollout-2026-06-13T11-24-41-019ec23a-9d01-7981-aaa4-1be1af89ba69:171,19974,other_resolved_scope
agentsight,e58fce112c6e,10,11,codex:rollout-2026-06-13T11-24-41-019ec23a-9d01-7981-aaa4-1be1af89ba69:172,19975,no_resolved_path
agentsight,e58fce112c6e,10,11,codex:rollout-2026-06-13T11-24-41-019ec23a-9d01-7981-aaa4-1be1af89ba69:173,19976,other_resolved_artifact
agentsight,e58fce112c6e,10,11,codex:rollout-2026-06-13T11-24-41-019ec23a-9d01-7981-aaa4-1be1af89ba69:174,19977,other_resolved_artifact
agentsight,e58fce112c6e,10,11,codex:rollout-2026-06-13T11-24-41-019ec23a-9d01-7981-aaa4-1be1af89ba69:175,19978,other_resolved_artifact
agentsight,e58fce112c6e,10,11,codex:rollout-2026-06-13T11-24-41-019ec23a-9d01-7981-aaa4-1be1af89ba69:176,19979,other_resolved_artifact
agentsight,e58fce112c6e,10,11,codex:rollout-2026-06-13T11-24-41-019ec23a-9d01-7981-aaa4-1be1af89ba69:177,19980,other_resolved_artifact
agentsight,e58fce112c6e,10,11,codex:rollout-2026-06-13T11-24-41-019ec23a-9d01-7981-aaa4-1be1af89ba69:178,19981,no_resolved_path
agentsight,e58fce112c6e,10,11,codex:rollout-2026-06-13T11-24-41-019ec23a-9d01-7981-aaa4-1be1af89ba69:179,19982,other_resolved_artifact
agentsight,e58fce112c6e,10,11,codex:rollout-2026-06-13T11-24-41-019ec23a-9d01-7981-aaa4-1be1af89ba69:180,19983,no_resolved_path
agentsight,e58fce112c6e,10,11,codex:rollout-2026-06-13T11-24-41-019ec23a-9d01-7981-aaa4-1be1af89ba69:181,19984,no_resolved_path
agentsight,e58fce112c6e,10,11,codex:rollout-2026-06-13T11-24-41-019ec23a-9d01-7981-aaa4-1be1af89ba69:182,19985,no_resolved_path
agentsight,e58fce112c6e,10,11,codex:rollout-2026-06-13T11-24-41-019ec23a-9d01-7981-aaa4-1be1af89ba69:183,19986,no_resolved_path
agentsight,e58fce112c6e,10,11,codex:rollout-2026-06-13T11-24-41-019ec23a-9d01-7981-aaa4-1be1af89ba69:184,19987,other_resolved_artifact
agentsight,e58fce112c6e,10,11,codex:rollout-2026-06-13T11-24-41-019ec23a-9d01-7981-aaa4-1be1af89ba69:185,19988,other_resolved_artifact
agentsight,e58fce112c6e,10,11,codex:rollout-2026-06-13T11-24-41-019ec23a-9d01-7981-aaa4-1be1af89ba69:186,19989,other_resolved_artifact
agentsight,e58fce112c6e,10,11,codex:rollout-2026-06-13T11-24-41-019ec23a-9d01-7981-aaa4-1be1af89ba69:187,19990,no_resolved_path
agentsight,e58fce112c6e,10,11,codex:rollout-2026-06-13T11-24-41-019ec23a-9d01-7981-aaa4-1be1af89ba69:188,19991,no_resolved_path
agentsight,e58fce112c6e,10,11,codex:rollout-2026-06-13T11-24-41-019ec23a-9d01-7981-aaa4-1be1af89ba69:189,19992,other_resolved_artifact
agentsight,e58fce112c6e,10,11,codex:rollout-2026-06-13T11-24-41-019ec23a-9d01-7981-aaa4-1be1af89ba69:190,19993,other_resolved_artifact
agentsight,e58fce112c6e,10,11,codex:rollout-2026-06-13T11-24-41-019ec23a-9d01-7981-aaa4-1be1af89ba69:191,19994,no_resolved_path
agentsight,e58fce112c6e,10,11,codex:rollout-2026-06-13T11-24-41-019ec23a-9d01-7981-aaa4-1be1af89ba69:192,19995,other_resolved_artifact
agentsight,e58fce112c6e,10,11,codex:rollout-2026-06-13T11-24-41-019ec23a-9d01-7981-aaa4-1be1af89ba69:193,19996,other_resolved_artifact
agentsight,e58fce112c6e,10,11,codex:rollout-2026-06-13T11-24-41-019ec23a-9d01-7981-aaa4-1be1af89ba69:194,19997,other_resolved_artifact
agentsight,e58fce112c6e,10,11,codex:rollout-2026-06-13T11-24-41-019ec23a-9d01-7981-aaa4-1be1af89ba69:195,19998,other_resolved_artifact
agentsight,e58fce112c6e,10,11,codex:rollout-2026-06-13T11-24-41-019ec23a-9d01-7981-aaa4-1be1af89ba69:196,19999,other_resolved_artifact
agentsight,e58fce112c6e,10,11,codex:rollout-2026-06-13T11-24-41-019ec23a-9d01-7981-aaa4-1be1af89ba69:197,20000,other_resolved_artifact
agentsight,e58fce112c6e,10,11,codex:rollout-2026-06-13T11-24-41-019ec23a-9d01-7981-aaa4-1be1af89ba69:198,20001,other_resolved_artifact
agentsight,e58fce112c6e,10,11,codex:rollout-2026-06-13T11-24-41-019ec23a-9d01-7981-aaa4-1be1af89ba69:199,20002,other_resolved_artifact
agentsight,e58fce112c6e,10,11,codex:rollout-2026-06-13T11-24-41-019ec23a-9d01-7981-aaa4-1be1af89ba69:200,20003,other_resolved_artifact
agentsight,e58fce112c6e,10,11,codex:rollout-2026-06-13T11-24-41-019ec23a-9d01-7981-aaa4-1be1af89ba69:201,20004,other_resolved_artifact
agentsight,e58fce112c6e,10,11,codex:rollout-2026-06-13T11-24-41-019ec23a-9d01-7981-aaa4-1be1af89ba69:202,20005,other_resolved_artifact
agentsight,e58fce112c6e,10,11,codex:rollout-2026-06-13T11-24-41-019ec23a-9d01-7981-aaa4-1be1af89ba69:203,20006,other_resolved_artifact
agentsight,e58fce112c6e,10,11,codex:rollout-2026-06-13T11-24-41-019ec23a-9d01-7981-aaa4-1be1af89ba69:204,20007,other_resolved_artifact
agentsight,e58fce112c6e,10,11,codex:rollout-2026-06-13T11-24-41-019ec23a-9d01-7981-aaa4-1be1af89ba69:205,20008,other_resolved_artifact
agentsight,e58fce112c6e,10,11,codex:rollout-2026-06-13T11-24-41-019ec23a-9d01-7981-aaa4-1be1af89ba69:206,20009,no_resolved_path
agentsight,e58fce112c6e,10,11,codex:rollout-2026-06-13T11-24-41-019ec23a-9d01-7981-aaa4-1be1af89ba69:207,20010,no_resolved_path
agentsight,e58fce112c6e,10,11,codex:rollout-2026-06-13T11-24-41-019ec23a-9d01-7981-aaa4-1be1af89ba69:208,20011,no_resolved_path
agentsight,e58fce112c6e,10,11,codex:rollout-2026-06-13T11-24-41-019ec23a-9d01-7981-aaa4-1be1af89ba69:209,20012,no_resolved_path
agentsight,e58fce112c6e,10,11,codex:rollout-2026-06-13T11-24-41-019ec23a-9d01-7981-aaa4-1be1af89ba69:210,20013,no_resolved_path
agentsight,e58fce112c6e,10,11,codex:rollout-2026-06-13T11-24-41-019ec23a-9d01-7981-aaa4-1be1af89ba69:211,20014,no_resolved_path
agentsight,e58fce112c6e,10,11,codex:rollout-2026-06-13T11-24-41-019ec23a-9d01-7981-aaa4-1be1af89ba69:212,20015,no_resolved_path
agentsight,e58fce112c6e,10,11,codex:rollout-2026-06-13T11-24-41-019ec23a-9d01-7981-aaa4-1be1af89ba69:213,20016,no_resolved_path
agentsight,e58fce112c6e,10,11,codex:rollout-2026-06-13T11-24-41-019ec23a-9d01-7981-aaa4-1be1af89ba69:214,20017,no_resolved_path
agentsight,e58fce112c6e,10,11,codex:rollout-2026-06-13T11-24-41-019ec23a-9d01-7981-aaa4-1be1af89ba69:215,20018,other_resolved_artifact
agentsight,e58fce112c6e,10,11,codex:rollout-2026-06-13T11-24-41-019ec23a-9d01-7981-aaa4-1be1af89ba69:216,20019,other_resolved_artifact
agentsight,e58fce112c6e,10,11,codex:rollout-2026-06-13T11-24-41-019ec23a-9d01-7981-aaa4-1be1af89ba69:217,20020,other_resolved_scope
agentsight,e58fce112c6e,10,11,codex:rollout-2026-06-13T11-24-41-019ec23a-9d01-7981-aaa4-1be1af89ba69:218,20021,other_resolved_scope
agentsight,e58fce112c6e,10,11,codex:rollout-2026-06-13T11-24-41-019ec23a-9d01-7981-aaa4-1be1af89ba69:219,20022,other_resolved_artifact
agentsight,e58fce112c6e,10,11,codex:rollout-2026-06-13T11-24-41-019ec23a-9d01-7981-aaa4-1be1af89ba69:220,20023,other_resolved_scope
agentsight,e58fce112c6e,10,11,codex:rollout-2026-06-13T11-24-41-019ec23a-9d01-7981-aaa4-1be1af89ba69:221,20024,other_resolved_artifact
agentsight,e58fce112c6e,10,11,codex:rollout-2026-06-13T11-24-41-019ec23a-9d01-7981-aaa4-1be1af89ba69:222,20025,other_resolved_scope
agentsight,e58fce112c6e,10,11,codex:rollout-2026-06-13T11-24-41-019ec23a-9d01-7981-aaa4-1be1af89ba69:223,20026,other_resolved_scope
agentsight,e58fce112c6e,10,11,codex:rollout-2026-06-13T11-24-41-019ec23a-9d01-7981-aaa4-1be1af89ba69:224,20027,no_resolved_path
agentsight,e58fce112c6e,10,11,codex:rollout-2026-06-13T11-24-41-019ec23a-9d01-7981-aaa4-1be1af89ba69:225,20028,other_resolved_artifact
agentsight,e58fce112c6e,10,11,codex:rollout-2026-06-13T11-24-41-019ec23a-9d01-7981-aaa4-1be1af89ba69:226,20029,other_resolved_artifact
agentsight,e58fce112c6e,10,11,codex:rollout-2026-06-13T11-24-41-019ec23a-9d01-7981-aaa4-1be1af89ba69:227,20030,no_resolved_path
agentsight,e58fce112c6e,10,11,codex:rollout-2026-06-13T11-24-41-019ec23a-9d01-7981-aaa4-1be1af89ba69:228,20031,no_resolved_path
agentsight,e58fce112c6e,10,11,codex:rollout-2026-06-13T11-24-41-019ec23a-9d01-7981-aaa4-1be1af89ba69:229,20032,no_resolved_path
agentsight,e58fce112c6e,10,11,codex:rollout-2026-06-13T11-24-41-019ec23a-9d01-7981-aaa4-1be1af89ba69:230,20033,other_resolved_scope
agentsight,e58fce112c6e,10,11,codex:rollout-2026-06-13T11-24-41-019ec23a-9d01-7981-aaa4-1be1af89ba69:231,20034,no_resolved_path
agentsight,e58fce112c6e,10,11,codex:rollout-2026-06-13T11-24-41-019ec23a-9d01-7981-aaa4-1be1af89ba69:232,20035,no_resolved_path
agentsight,e58fce112c6e,10,11,codex:rollout-2026-06-13T11-24-41-019ec23a-9d01-7981-aaa4-1be1af89ba69:233,20036,no_resolved_path
agentsight,e58fce112c6e,10,11,codex:rollout-2026-06-13T11-24-41-019ec23a-9d01-7981-aaa4-1be1af89ba69:234,20037,no_resolved_path
agentsight,e58fce112c6e,10,11,codex:rollout-2026-06-13T11-24-41-019ec23a-9d01-7981-aaa4-1be1af89ba69:235,20038,no_resolved_path
agentsight,e58fce112c6e,10,11,codex:rollout-2026-06-13T11-24-41-019ec23a-9d01-7981-aaa4-1be1af89ba69:236,20039,no_resolved_path
agentsight,e58fce112c6e,10,11,codex:rollout-2026-06-13T11-24-41-019ec23a-9d01-7981-aaa4-1be1af89ba69:237,20040,no_resolved_path
agentsight,e58fce112c6e,10,11,codex:rollout-2026-06-13T11-24-41-019ec23a-9d01-7981-aaa4-1be1af89ba69:238,20041,no_resolved_path
agentsight,e58fce112c6e,10,11,codex:rollout-2026-06-13T11-24-41-019ec23a-9d01-7981-aaa4-1be1af89ba69:239,20042,no_resolved_path
agentsight,e58fce112c6e,10,11,codex:rollout-2026-06-13T11-24-41-019ec23a-9d01-7981-aaa4-1be1af89ba69:240,20043,no_resolved_path
agentsight,e58fce112c6e,10,11,codex:rollout-2026-06-13T11-24-41-019ec23a-9d01-7981-aaa4-1be1af89ba69:241,20044,no_resolved_path
agentsight,e58fce112c6e,10,11,codex:rollout-2026-06-13T11-24-41-019ec23a-9d01-7981-aaa4-1be1af89ba69:242,20045,no_resolved_path
agentsight,e58fce112c6e,10,11,codex:rollout-2026-06-13T11-24-41-019ec23a-9d01-7981-aaa4-1be1af89ba69:243,20046,no_resolved_path
agentsight,e58fce112c6e,10,11,codex:rollout-2026-06-13T11-24-41-019ec23a-9d01-7981-aaa4-1be1af89ba69:244,20047,no_resolved_path
agentsight,e58fce112c6e,10,11,codex:rollout-2026-06-13T11-24-41-019ec23a-9d01-7981-aaa4-1be1af89ba69:245,20048,no_resolved_path
agentsight,e58fce112c6e,10,11,codex:rollout-2026-06-13T11-24-41-019ec23a-9d01-7981-aaa4-1be1af89ba69:246,20049,no_resolved_path
agentsight,e58fce112c6e,10,11,codex:rollout-2026-06-13T11-24-41-019ec23a-9d01-7981-aaa4-1be1af89ba69:247,20050,no_resolved_path
agentsight,e58fce112c6e,10,11,codex:rollout-2026-06-13T11-24-41-019ec23a-9d01-7981-aaa4-1be1af89ba69:248,20051,no_resolved_path
agentsight,e58fce112c6e,10,11,codex:rollout-2026-06-13T11-24-41-019ec23a-9d01-7981-aaa4-1be1af89ba69:249,20052,no_resolved_path
agentsight,e58fce112c6e,10,11,codex:rollout-2026-06-13T11-24-41-019ec23a-9d01-7981-aaa4-1be1af89ba69:250,20053,no_resolved_path
agentsight,e58fce112c6e,10,11,codex:rollout-2026-06-13T11-24-41-019ec23a-9d01-7981-aaa4-1be1af89ba69:251,20054,no_resolved_path
agentsight,e58fce112c6e,10,11,codex:rollout-2026-06-13T11-24-41-019ec23a-9d01-7981-aaa4-1be1af89ba69:252,20055,no_resolved_path
agentsight,e58fce112c6e,10,11,codex:rollout-2026-06-13T11-24-41-019ec23a-9d01-7981-aaa4-1be1af89ba69:253,20056,no_resolved_path
agentsight,e58fce112c6e,10,11,codex:rollout-2026-06-13T11-24-41-019ec23a-9d01-7981-aaa4-1be1af89ba69:254,20057,no_resolved_path
agentsight,e58fce112c6e,10,11,codex:rollout-2026-06-13T11-24-41-019ec23a-9d01-7981-aaa4-1be1af89ba69:255,20058,no_resolved_path
agentsight,e58fce112c6e,10,11,codex:rollout-2026-06-13T11-24-41-019ec23a-9d01-7981-aaa4-1be1af89ba69:256,20059,no_resolved_path
agentsight,e58fce112c6e,10,11,codex:rollout-2026-06-13T11-24-41-019ec23a-9d01-7981-aaa4-1be1af89ba69:257,20060,no_resolved_path
agentsight,e58fce112c6e,10,11,codex:rollout-2026-06-13T11-24-41-019ec23a-9d01-7981-aaa4-1be1af89ba69:258,20061,no_resolved_path
agentsight,e58fce112c6e,10,11,codex:rollout-2026-06-13T11-24-41-019ec23a-9d01-7981-aaa4-1be1af89ba69:259,20062,other_resolved_scope
agentsight,e58fce112c6e,10,11,codex:rollout-2026-06-13T11-24-41-019ec23a-9d01-7981-aaa4-1be1af89ba69:260,20063,no_resolved_path
agentsight,e58fce112c6e,10,11,codex:rollout-2026-06-13T11-24-41-019ec23a-9d01-7981-aaa4-1be1af89ba69:261,20064,no_resolved_path
agentsight,e58fce112c6e,10,11,codex:rollout-2026-06-13T11-24-41-019ec23a-9d01-7981-aaa4-1be1af89ba69:262,20065,no_resolved_path
agentsight,e58fce112c6e,10,11,codex:rollout-2026-06-13T11-24-41-019ec23a-9d01-7981-aaa4-1be1af89ba69:263,20066,no_resolved_path
agentsight,e58fce112c6e,10,11,codex:rollout-2026-06-13T11-24-41-019ec23a-9d01-7981-aaa4-1be1af89ba69:264,20067,no_resolved_path
agentsight,e58fce112c6e,10,11,codex:rollout-2026-06-13T11-24-41-019ec23a-9d01-7981-aaa4-1be1af89ba69:265,20068,no_resolved_path
agentsight,e58fce112c6e,10,11,codex:rollout-2026-06-13T11-24-41-019ec23a-9d01-7981-aaa4-1be1af89ba69:266,20069,other_resolved_artifact
agentsight,e58fce112c6e,10,11,codex:rollout-2026-06-13T11-24-41-019ec23a-9d01-7981-aaa4-1be1af89ba69:267,20070,no_resolved_path
agentsight,e58fce112c6e,10,11,codex:rollout-2026-06-13T11-24-41-019ec23a-9d01-7981-aaa4-1be1af89ba69:268,20071,no_resolved_path
agentsight,e58fce112c6e,10,11,codex:rollout-2026-06-13T11-24-41-019ec23a-9d01-7981-aaa4-1be1af89ba69:269,20072,no_resolved_path
agentsight,e58fce112c6e,10,11,codex:rollout-2026-06-13T11-24-41-019ec23a-9d01-7981-aaa4-1be1af89ba69:270,20073,other_resolved_artifact
agentsight,e58fce112c6e,10,11,codex:rollout-2026-06-13T11-24-41-019ec23a-9d01-7981-aaa4-1be1af89ba69:271,20074,no_resolved_path
agentsight,e58fce112c6e,10,11,codex:rollout-2026-06-13T11-24-41-019ec23a-9d01-7981-aaa4-1be1af89ba69:272,20075,no_resolved_path
agentsight,e58fce112c6e,10,11,codex:rollout-2026-06-13T11-24-41-019ec23a-9d01-7981-aaa4-1be1af89ba69:273,20076,other_resolved_scope
agentsight,e58fce112c6e,10,11,codex:rollout-2026-06-13T11-24-41-019ec23a-9d01-7981-aaa4-1be1af89ba69:274,20077,other_resolved_artifact
agentsight,e58fce112c6e,10,11,codex:rollout-2026-06-13T11-24-41-019ec23a-9d01-7981-aaa4-1be1af89ba69:275,20078,other_resolved_artifact
agentsight,e58fce112c6e,10,11,codex:rollout-2026-06-13T11-24-41-019ec23a-9d01-7981-aaa4-1be1af89ba69:276,20079,no_resolved_path
agentsight,e58fce112c6e,10,11,codex:rollout-2026-06-13T11-24-41-019ec23a-9d01-7981-aaa4-1be1af89ba69:277,20080,no_resolved_path
agentsight,e58fce112c6e,10,11,codex:rollout-2026-06-13T11-24-41-019ec23a-9d01-7981-aaa4-1be1af89ba69:278,20081,no_resolved_path
agentsight,e58fce112c6e,10,11,codex:rollout-2026-06-13T11-24-41-019ec23a-9d01-7981-aaa4-1be1af89ba69:279,20082,no_resolved_path
agentsight,e58fce112c6e,10,11,codex:rollout-2026-06-13T11-24-41-019ec23a-9d01-7981-aaa4-1be1af89ba69:280,20083,other_resolved_artifact
agentsight,e58fce112c6e,10,11,codex:rollout-2026-06-13T11-24-41-019ec23a-9d01-7981-aaa4-1be1af89ba69:281,20084,other_resolved_scope
agentsight,e58fce112c6e,10,11,codex:rollout-2026-06-13T11-24-41-019ec23a-9d01-7981-aaa4-1be1af89ba69:282,20085,other_resolved_artifact
agentsight,e58fce112c6e,10,11,codex:rollout-2026-06-13T11-24-41-019ec23a-9d01-7981-aaa4-1be1af89ba69:283,20086,no_resolved_path
agentsight,e58fce112c6e,10,11,codex:rollout-2026-06-13T11-24-41-019ec23a-9d01-7981-aaa4-1be1af89ba69:284,20087,no_resolved_path
agentsight,e58fce112c6e,10,11,codex:rollout-2026-06-13T11-24-41-019ec23a-9d01-7981-aaa4-1be1af89ba69:285,20088,no_resolved_path
agentsight,e58fce112c6e,10,11,codex:rollout-2026-06-13T11-24-41-019ec23a-9d01-7981-aaa4-1be1af89ba69:286,20089,no_resolved_path
agentsight,e58fce112c6e,10,11,codex:rollout-2026-06-13T11-24-41-019ec23a-9d01-7981-aaa4-1be1af89ba69:287,20090,other_resolved_scope
agentsight,e58fce112c6e,10,11,codex:rollout-2026-06-13T11-24-41-019ec23a-9d01-7981-aaa4-1be1af89ba69:288,20091,no_resolved_path
agentsight,e58fce112c6e,10,11,codex:rollout-2026-06-13T11-24-41-019ec23a-9d01-7981-aaa4-1be1af89ba69:289,20092,other_resolved_artifact
agentsight,e58fce112c6e,10,11,codex:rollout-2026-06-13T11-24-41-019ec23a-9d01-7981-aaa4-1be1af89ba69:290,20093,other_resolved_artifact
agentsight,e58fce112c6e,10,11,codex:rollout-2026-06-13T11-24-41-019ec23a-9d01-7981-aaa4-1be1af89ba69:291,20094,no_resolved_path
agentsight,e58fce112c6e,10,11,codex:rollout-2026-06-13T11-24-41-019ec23a-9d01-7981-aaa4-1be1af89ba69:292,20095,no_resolved_path
agentsight,e58fce112c6e,10,11,codex:rollout-2026-06-13T11-24-41-019ec23a-9d01-7981-aaa4-1be1af89ba69:293,20096,no_resolved_path
agentsight,e58fce112c6e,10,11,codex:rollout-2026-06-13T11-24-41-019ec23a-9d01-7981-aaa4-1be1af89ba69:294,20097,no_resolved_path
agentsight,e58fce112c6e,10,11,codex:rollout-2026-06-13T11-24-41-019ec23a-9d01-7981-aaa4-1be1af89ba69:295,20098,no_resolved_path
agentsight,e58fce112c6e,10,11,codex:rollout-2026-06-13T11-24-41-019ec23a-9d01-7981-aaa4-1be1af89ba69:296,20099,no_resolved_path
agentsight,e58fce112c6e,10,11,codex:rollout-2026-06-13T11-24-41-019ec23a-9d01-7981-aaa4-1be1af89ba69:297,20100,no_resolved_path
agentsight,e58fce112c6e,10,11,codex:rollout-2026-06-13T11-24-41-019ec23a-9d01-7981-aaa4-1be1af89ba69:298,20101,no_resolved_path
agentsight,e58fce112c6e,10,11,codex:rollout-2026-06-13T11-24-41-019ec23a-9d01-7981-aaa4-1be1af89ba69:299,20102,no_resolved_path
agentsight,e58fce112c6e,10,11,codex:rollout-2026-06-13T11-24-41-019ec23a-9d01-7981-aaa4-1be1af89ba69:300,20103,no_resolved_path
agentsight,e58fce112c6e,10,11,codex:rollout-2026-06-13T11-24-41-019ec23a-9d01-7981-aaa4-1be1af89ba69:301,20104,no_resolved_path
agentsight,e58fce112c6e,10,11,codex:rollout-2026-06-13T11-24-41-019ec23a-9d01-7981-aaa4-1be1af89ba69:302,20105,no_resolved_path
agentsight,e58fce112c6e,10,11,codex:rollout-2026-06-13T11-24-41-019ec23a-9d01-7981-aaa4-1be1af89ba69:303,20106,no_resolved_path
agentsight,e58fce112c6e,10,11,codex:rollout-2026-06-13T11-24-41-019ec23a-9d01-7981-aaa4-1be1af89ba69:304,20107,no_resolved_path
agentsight,e58fce112c6e,10,11,codex:rollout-2026-06-13T11-24-41-019ec23a-9d01-7981-aaa4-1be1af89ba69:305,20108,no_resolved_path
agentsight,e58fce112c6e,10,11,codex:rollout-2026-06-13T11-24-41-019ec23a-9d01-7981-aaa4-1be1af89ba69:306,20109,no_resolved_path
agentsight,e58fce112c6e,10,11,codex:rollout-2026-06-13T11-24-41-019ec23a-9d01-7981-aaa4-1be1af89ba69:307,20110,no_resolved_path
agentsight,e58fce112c6e,10,11,codex:rollout-2026-06-13T11-24-41-019ec23a-9d01-7981-aaa4-1be1af89ba69:308,20111,no_resolved_path
agentsight,e58fce112c6e,10,11,codex:rollout-2026-06-13T11-24-41-019ec23a-9d01-7981-aaa4-1be1af89ba69:309,20112,no_resolved_path
agentsight,e58fce112c6e,10,11,codex:rollout-2026-06-13T11-24-41-019ec23a-9d01-7981-aaa4-1be1af89ba69:310,20113,other_resolved_artifact
agentsight,e58fce112c6e,10,11,codex:rollout-2026-06-13T11-24-41-019ec23a-9d01-7981-aaa4-1be1af89ba69:311,20114,no_resolved_path
agentsight,e58fce112c6e,10,11,codex:rollout-2026-06-13T11-24-41-019ec23a-9d01-7981-aaa4-1be1af89ba69:312,20115,no_resolved_path
agentsight,e58fce112c6e,10,11,codex:rollout-2026-06-13T11-24-41-019ec23a-9d01-7981-aaa4-1be1af89ba69:313,20116,no_resolved_path
agentsight,e58fce112c6e,10,11,codex:rollout-2026-06-13T11-24-41-019ec23a-9d01-7981-aaa4-1be1af89ba69:314,20117,no_resolved_path
agentsight,e58fce112c6e,10,11,codex:rollout-2026-06-13T11-24-41-019ec23a-9d01-7981-aaa4-1be1af89ba69:315,20118,no_resolved_path
agentsight,e58fce112c6e,10,11,codex:rollout-2026-06-13T11-24-41-019ec23a-9d01-7981-aaa4-1be1af89ba69:316,20119,no_resolved_path
agentsight,e58fce112c6e,10,11,codex:rollout-2026-06-13T11-24-41-019ec23a-9d01-7981-aaa4-1be1af89ba69:317,20120,no_resolved_path
agentsight,e58fce112c6e,10,11,codex:rollout-2026-06-13T11-24-41-019ec23a-9d01-7981-aaa4-1be1af89ba69:318,20121,no_resolved_path
agentsight,e58fce112c6e,10,11,codex:rollout-2026-06-13T11-24-41-019ec23a-9d01-7981-aaa4-1be1af89ba69:319,20122,no_resolved_path
agentsight,e58fce112c6e,10,11,codex:rollout-2026-06-13T11-24-41-019ec23a-9d01-7981-aaa4-1be1af89ba69:320,20123,no_resolved_path
agentsight,e58fce112c6e,10,11,codex:rollout-2026-06-13T11-24-41-019ec23a-9d01-7981-aaa4-1be1af89ba69:321,20124,no_resolved_path
agentsight,e58fce112c6e,10,11,codex:rollout-2026-06-13T11-24-41-019ec23a-9d01-7981-aaa4-1be1af89ba69:322,20125,no_resolved_path
agentsight,e58fce112c6e,10,11,codex:rollout-2026-06-13T11-24-41-019ec23a-9d01-7981-aaa4-1be1af89ba69:323,20126,no_resolved_path
agentsight,e58fce112c6e,10,11,codex:rollout-2026-06-13T11-24-41-019ec23a-9d01-7981-aaa4-1be1af89ba69:324,20127,no_resolved_path
agentsight,e58fce112c6e,10,11,codex:rollout-2026-06-13T11-24-41-019ec23a-9d01-7981-aaa4-1be1af89ba69:325,20128,no_resolved_path
agentsight,e58fce112c6e,10,11,codex:rollout-2026-06-13T11-24-41-019ec23a-9d01-7981-aaa4-1be1af89ba69:326,20129,no_resolved_path
agentsight,e58fce112c6e,10,11,codex:rollout-2026-06-13T11-24-41-019ec23a-9d01-7981-aaa4-1be1af89ba69:327,20130,no_resolved_path
agentsight,e58fce112c6e,10,11,codex:rollout-2026-06-13T11-24-41-019ec23a-9d01-7981-aaa4-1be1af89ba69:328,20131,other_resolved_artifact
agentsight,e58fce112c6e,10,11,codex:rollout-2026-06-13T11-24-41-019ec23a-9d01-7981-aaa4-1be1af89ba69:329,20132,other_resolved_artifact
agentsight,e58fce112c6e,10,11,codex:rollout-2026-06-13T11-24-41-019ec23a-9d01-7981-aaa4-1be1af89ba69:330,20133,no_resolved_path
agentsight,e58fce112c6e,10,11,codex:rollout-2026-06-13T11-24-41-019ec23a-9d01-7981-aaa4-1be1af89ba69:331,20134,no_resolved_path
agentsight,e58fce112c6e,10,11,codex:rollout-2026-06-13T11-24-41-019ec23a-9d01-7981-aaa4-1be1af89ba69:332,20135,no_resolved_path
agentsight,e58fce112c6e,10,11,codex:rollout-2026-06-13T11-24-41-019ec23a-9d01-7981-aaa4-1be1af89ba69:333,20136,no_resolved_path
agentsight,e58fce112c6e,10,11,codex:rollout-2026-06-13T11-24-41-019ec23a-9d01-7981-aaa4-1be1af89ba69:334,20137,other_resolved_artifact
agentsight,e58fce112c6e,11,12,claude:3ffba9ca-527e-480f-b87b-40e7f1f858cf:0,42721,no_resolved_path
agentsight,e58fce112c6e,11,12,claude:3ffba9ca-527e-480f-b87b-40e7f1f858cf:1,42722,no_resolved_path
agentsight,e58fce112c6e,11,12,claude:3ffba9ca-527e-480f-b87b-40e7f1f858cf:2,42723,no_resolved_path
agentsight,e58fce112c6e,11,12,claude:3ffba9ca-527e-480f-b87b-40e7f1f858cf:3,42724,predecessor_artifact
agentsight,e58fce112c6e,11,12,claude:3ffba9ca-527e-480f-b87b-40e7f1f858cf:4,42725,no_resolved_path
agentsight,e58fce112c6e,11,12,claude:3ffba9ca-527e-480f-b87b-40e7f1f858cf:5,42726,predecessor_module
agentsight,e58fce112c6e,11,12,claude:3ffba9ca-527e-480f-b87b-40e7f1f858cf:6,42727,predecessor_module
agentsight,e58fce112c6e,11,12,claude:3ffba9ca-527e-480f-b87b-40e7f1f858cf:7,42728,predecessor_module
agentsight,e58fce112c6e,11,12,claude:3ffba9ca-527e-480f-b87b-40e7f1f858cf:8,42729,predecessor_module
agentsight,e58fce112c6e,11,12,claude:3ffba9ca-527e-480f-b87b-40e7f1f858cf:9,42730,predecessor_module
agentsight,e58fce112c6e,11,12,claude:3ffba9ca-527e-480f-b87b-40e7f1f858cf:10,42731,predecessor_artifact
agentsight,e58fce112c6e,11,12,codex:rollout-2026-06-22T20-35-37-019ef28c-3d34-7e01-93fd-2426c62be756:0,42732,no_resolved_path
agentsight,e58fce112c6e,11,12,codex:rollout-2026-06-22T20-35-37-019ef28c-3d34-7e01-93fd-2426c62be756:1,42733,no_resolved_path
agentsight,e58fce112c6e,11,12,codex:rollout-2026-06-22T20-35-37-019ef28c-3d34-7e01-93fd-2426c62be756:2,42734,no_resolved_path
agentsight,e58fce112c6e,11,12,codex:rollout-2026-06-22T20-35-37-019ef28c-3d34-7e01-93fd-2426c62be756:3,42735,no_resolved_path
agentsight,e58fce112c6e,11,12,codex:rollout-2026-06-22T20-35-37-019ef28c-3d34-7e01-93fd-2426c62be756:4,42736,no_resolved_path
agentsight,e58fce112c6e,11,12,codex:rollout-2026-06-22T20-35-37-019ef28c-3d34-7e01-93fd-2426c62be756:10,42742,predecessor_artifact
agentsight,e58fce112c6e,11,12,codex:rollout-2026-06-22T20-35-37-019ef28c-3d34-7e01-93fd-2426c62be756:12,42744,predecessor_artifact
agentsight,e58fce112c6e,11,12,codex:rollout-2026-06-22T20-35-37-019ef28c-3d34-7e01-93fd-2426c62be756:15,42747,predecessor_artifact
agentsight,e58fce112c6e,11,12,codex:rollout-2026-06-22T20-35-37-019ef28c-3d34-7e01-93fd-2426c62be756:16,42748,predecessor_artifact
agentsight,e58fce112c6e,11,12,codex:rollout-2026-06-22T20-35-37-019ef28c-3d34-7e01-93fd-2426c62be756:19,42751,predecessor_artifact
agentsight,e58fce112c6e,11,12,codex:rollout-2026-06-22T20-35-37-019ef28c-3d34-7e01-93fd-2426c62be756:22,42754,predecessor_artifact
agentsight,e58fce112c6e,11,12,codex:rollout-2026-06-22T20-35-37-019ef28c-3d34-7e01-93fd-2426c62be756:23,42755,predecessor_artifact
agentsight,e58fce112c6e,11,12,codex:rollout-2026-06-22T20-35-37-019ef28c-3d34-7e01-93fd-2426c62be756:26,42758,predecessor_module
agentsight,e58fce112c6e,11,12,codex:rollout-2026-06-22T20-35-37-019ef28c-3d34-7e01-93fd-2426c62be756:27,42759,no_resolved_path
agentsight,e58fce112c6e,11,12,codex:rollout-2026-06-22T20-35-37-019ef28c-3d34-7e01-93fd-2426c62be756:32,42764,predecessor_artifact
agentsight,e58fce112c6e,11,12,codex:rollout-2026-06-22T20-35-37-019ef28c-3d34-7e01-93fd-2426c62be756:33,42765,predecessor_artifact
agentsight,e58fce112c6e,11,12,codex:rollout-2026-06-22T20-35-37-019ef28c-3d34-7e01-93fd-2426c62be756:34,42766,predecessor_artifact
agentsight,e58fce112c6e,11,12,codex:rollout-2026-06-22T20-35-37-019ef28c-3d34-7e01-93fd-2426c62be756:39,42771,predecessor_artifact
agentsight,e58fce112c6e,11,12,codex:rollout-2026-06-22T20-35-37-019ef28c-3d34-7e01-93fd-2426c62be756:40,42772,predecessor_artifact
agentsight,e58fce112c6e,11,12,codex:rollout-2026-06-22T20-35-37-019ef28c-3d34-7e01-93fd-2426c62be756:41,42773,predecessor_artifact
agentsight,e58fce112c6e,11,12,codex:rollout-2026-06-22T20-35-37-019ef28c-3d34-7e01-93fd-2426c62be756:48,42780,predecessor_artifact
agentsight,e58fce112c6e,11,12,codex:rollout-2026-06-22T20-35-37-019ef28c-3d34-7e01-93fd-2426c62be756:49,42781,predecessor_artifact
agentsight,e58fce112c6e,11,12,codex:rollout-2026-06-22T20-35-37-019ef28c-3d34-7e01-93fd-2426c62be756:50,42782,predecessor_artifact
agentsight,e58fce112c6e,11,12,claude:3ffba9ca-527e-480f-b87b-40e7f1f858cf:11,42786,predecessor_artifact
agentsight,e58fce112c6e,12,13,claude:ed46355c-a1b6-4c15-8867-d7d8569c7e3c:0,45415,predecessor_module
agentsight,e58fce112c6e,12,13,claude:ed46355c-a1b6-4c15-8867-d7d8569c7e3c:1,45416,no_resolved_path
agentsight,e58fce112c6e,12,13,claude:ed46355c-a1b6-4c15-8867-d7d8569c7e3c:2,45417,no_resolved_path
agentsight,e58fce112c6e,12,13,claude:ed46355c-a1b6-4c15-8867-d7d8569c7e3c:3,45418,predecessor_artifact
agentsight,e58fce112c6e,12,13,claude:ed46355c-a1b6-4c15-8867-d7d8569c7e3c:4,45419,predecessor_artifact
agentsight,e58fce112c6e,12,13,claude:ed46355c-a1b6-4c15-8867-d7d8569c7e3c:5,45420,predecessor_artifact
agentsight,e58fce112c6e,12,13,claude:ed46355c-a1b6-4c15-8867-d7d8569c7e3c:6,45421,predecessor_artifact
agentsight,e58fce112c6e,12,13,claude:ed46355c-a1b6-4c15-8867-d7d8569c7e3c:7,45422,no_resolved_path
agentsight,e58fce112c6e,12,13,claude:ed46355c-a1b6-4c15-8867-d7d8569c7e3c:8,45423,no_resolved_path
agentsight,e58fce112c6e,12,13,claude:agent-a742402ed6067a012:0,45424,no_resolved_path
agentsight,e58fce112c6e,12,13,claude:agent-a742402ed6067a012:1,45425,no_resolved_path
agentsight,e58fce112c6e,12,13,claude:agent-a742402ed6067a012:2,45426,no_resolved_path
agentsight,e58fce112c6e,12,13,claude:agent-a742402ed6067a012:3,45427,no_resolved_path
agentsight,e58fce112c6e,12,13,claude:ed46355c-a1b6-4c15-8867-d7d8569c7e3c:9,45428,no_resolved_path
agentsight,e58fce112c6e,12,13,claude:ed46355c-a1b6-4c15-8867-d7d8569c7e3c:10,45429,no_resolved_path
agentsight,e58fce112c6e,12,13,claude:ed46355c-a1b6-4c15-8867-d7d8569c7e3c:11,45430,no_resolved_path
agentsight,e58fce112c6e,12,13,claude:ed46355c-a1b6-4c15-8867-d7d8569c7e3c:12,45431,no_resolved_path
agentsight,e58fce112c6e,12,13,claude:ed46355c-a1b6-4c15-8867-d7d8569c7e3c:13,45432,no_resolved_path
agentsight,e58fce112c6e,12,13,claude:ed46355c-a1b6-4c15-8867-d7d8569c7e3c:14,45433,predecessor_artifact
agentsight,e58fce112c6e,12,13,claude:ed46355c-a1b6-4c15-8867-d7d8569c7e3c:15,45434,predecessor_module
agentsight,e58fce112c6e,12,13,claude:ed46355c-a1b6-4c15-8867-d7d8569c7e3c:16,45435,predecessor_module
agentsight,e58fce112c6e,17,18,codex:rollout-2026-07-02T20-00-48-019f25eb-f3cb-7472-837a-f9c24394ea02:0,46277,no_resolved_path
agentsight,e58fce112c6e,17,18,codex:rollout-2026-07-02T20-00-48-019f25eb-f3cb-7472-837a-f9c24394ea02:1,46278,no_resolved_path
agentsight,e58fce112c6e,17,18,codex:rollout-2026-07-02T20-00-48-019f25eb-f3cb-7472-837a-f9c24394ea02:2,46279,no_resolved_path
agentsight,e58fce112c6e,17,18,codex:rollout-2026-07-02T20-00-48-019f25eb-f3cb-7472-837a-f9c24394ea02:3,46280,other_resolved_artifact
agentsight,e58fce112c6e,17,18,codex:rollout-2026-07-02T20-00-48-019f25eb-f3cb-7472-837a-f9c24394ea02:4,46281,other_resolved_artifact
agentsight,e58fce112c6e,17,18,codex:rollout-2026-07-02T20-00-48-019f25eb-f3cb-7472-837a-f9c24394ea02:5,46282,no_resolved_path
agentsight,e58fce112c6e,17,18,codex:rollout-2026-07-02T20-00-48-019f25eb-f3cb-7472-837a-f9c24394ea02:6,46283,no_resolved_path
agentsight,e58fce112c6e,17,18,codex:rollout-2026-07-02T20-00-48-019f25eb-f3cb-7472-837a-f9c24394ea02:7,46284,other_resolved_artifact
agentsight,e58fce112c6e,17,18,codex:rollout-2026-07-02T20-00-48-019f25eb-f3cb-7472-837a-f9c24394ea02:8,46285,no_resolved_path
agentsight,e58fce112c6e,17,18,codex:rollout-2026-07-02T20-00-48-019f25eb-f3cb-7472-837a-f9c24394ea02:9,46286,no_resolved_path
agentsight,e58fce112c6e,17,18,codex:rollout-2026-07-02T20-00-48-019f25eb-f3cb-7472-837a-f9c24394ea02:10,46287,no_resolved_path
agentsight,e58fce112c6e,17,18,codex:rollout-2026-07-02T20-00-48-019f25eb-f3cb-7472-837a-f9c24394ea02:11,46288,no_resolved_path
agentsight,e58fce112c6e,17,18,codex:rollout-2026-07-02T20-00-48-019f25eb-f3cb-7472-837a-f9c24394ea02:12,46289,other_resolved_scope
agentsight,e58fce112c6e,17,18,codex:rollout-2026-07-02T20-00-48-019f25eb-f3cb-7472-837a-f9c24394ea02:13,46290,other_resolved_artifact
agentsight,e58fce112c6e,17,18,codex:rollout-2026-07-02T20-00-48-019f25eb-f3cb-7472-837a-f9c24394ea02:14,46291,other_resolved_scope
agentsight,e58fce112c6e,17,18,codex:rollout-2026-07-02T20-00-48-019f25eb-f3cb-7472-837a-f9c24394ea02:15,46292,no_resolved_path
agentsight,e58fce112c6e,17,18,codex:rollout-2026-07-02T20-00-48-019f25eb-f3cb-7472-837a-f9c24394ea02:16,46293,other_resolved_artifact
agentsight,e58fce112c6e,17,18,codex:rollout-2026-07-02T20-00-48-019f25eb-f3cb-7472-837a-f9c24394ea02:17,46294,other_resolved_artifact
agentsight,e58fce112c6e,17,18,codex:rollout-2026-07-02T20-00-48-019f25eb-f3cb-7472-837a-f9c24394ea02:18,46295,other_resolved_artifact
agentsight,e58fce112c6e,17,18,codex:rollout-2026-07-02T20-00-48-019f25eb-f3cb-7472-837a-f9c24394ea02:19,46296,no_resolved_path
agentsight,e58fce112c6e,17,18,codex:rollout-2026-07-02T20-00-48-019f25eb-f3cb-7472-837a-f9c24394ea02:20,46297,no_resolved_path
agentsight,e58fce112c6e,17,18,codex:rollout-2026-07-02T20-00-48-019f25eb-f3cb-7472-837a-f9c24394ea02:21,46298,no_resolved_path
agentsight,e58fce112c6e,17,18,codex:rollout-2026-07-02T20-00-48-019f25eb-f3cb-7472-837a-f9c24394ea02:22,46299,predecessor_artifact
agentsight,e58fce112c6e,17,18,codex:rollout-2026-07-02T20-00-48-019f25eb-f3cb-7472-837a-f9c24394ea02:23,46300,other_resolved_artifact
agentsight,e58fce112c6e,17,18,codex:rollout-2026-07-02T20-00-48-019f25eb-f3cb-7472-837a-f9c24394ea02:24,46301,no_resolved_path
agentsight,e58fce112c6e,17,18,codex:rollout-2026-07-02T20-00-48-019f25eb-f3cb-7472-837a-f9c24394ea02:25,46302,other_resolved_artifact
agentsight,e58fce112c6e,17,18,codex:rollout-2026-07-02T20-00-48-019f25eb-f3cb-7472-837a-f9c24394ea02:26,46303,no_resolved_path
agentsight,e58fce112c6e,17,18,codex:rollout-2026-07-02T20-00-48-019f25eb-f3cb-7472-837a-f9c24394ea02:27,46304,no_resolved_path
agentsight,e58fce112c6e,17,18,codex:rollout-2026-07-02T20-00-48-019f25eb-f3cb-7472-837a-f9c24394ea02:28,46305,other_resolved_artifact
agentsight,e58fce112c6e,17,18,codex:rollout-2026-07-02T20-00-48-019f25eb-f3cb-7472-837a-f9c24394ea02:29,46306,no_resolved_path
agentsight,e58fce112c6e,17,18,codex:rollout-2026-07-02T20-00-48-019f25eb-f3cb-7472-837a-f9c24394ea02:30,46307,other_resolved_scope
agentsight,e58fce112c6e,17,18,codex:rollout-2026-07-02T20-00-48-019f25eb-f3cb-7472-837a-f9c24394ea02:31,46308,other_resolved_artifact
agentsight,e58fce112c6e,17,18,codex:rollout-2026-07-02T20-00-48-019f25eb-f3cb-7472-837a-f9c24394ea02:32,46309,other_resolved_artifact
agentsight,e58fce112c6e,17,18,codex:rollout-2026-07-02T20-00-48-019f25eb-f3cb-7472-837a-f9c24394ea02:33,46310,other_resolved_artifact
agentsight,e58fce112c6e,17,18,codex:rollout-2026-07-02T20-00-48-019f25eb-f3cb-7472-837a-f9c24394ea02:34,46311,no_resolved_path
agentsight,e58fce112c6e,17,18,codex:rollout-2026-07-02T20-00-48-019f25eb-f3cb-7472-837a-f9c24394ea02:35,46312,no_resolved_path
agentsight,e58fce112c6e,17,18,codex:rollout-2026-07-02T20-00-48-019f25eb-f3cb-7472-837a-f9c24394ea02:36,46313,no_resolved_path
agentsight,e58fce112c6e,17,18,codex:rollout-2026-07-02T20-00-48-019f25eb-f3cb-7472-837a-f9c24394ea02:37,46314,no_resolved_path
agentsight,e58fce112c6e,17,18,codex:rollout-2026-07-02T20-00-48-019f25eb-f3cb-7472-837a-f9c24394ea02:38,46315,no_resolved_path
agentsight,e58fce112c6e,17,18,codex:rollout-2026-07-02T20-00-48-019f25eb-f3cb-7472-837a-f9c24394ea02:39,46316,no_resolved_path
agentsight,e58fce112c6e,17,18,codex:rollout-2026-07-02T20-00-48-019f25eb-f3cb-7472-837a-f9c24394ea02:40,46317,no_resolved_path
agentsight,e58fce112c6e,17,18,codex:rollout-2026-07-02T20-00-48-019f25eb-f3cb-7472-837a-f9c24394ea02:41,46318,no_resolved_path
agentsight,e58fce112c6e,17,18,codex:rollout-2026-07-02T20-00-48-019f25eb-f3cb-7472-837a-f9c24394ea02:42,46319,no_resolved_path
agentsight,e58fce112c6e,17,18,codex:rollout-2026-07-02T20-00-48-019f25eb-f3cb-7472-837a-f9c24394ea02:43,46320,no_resolved_path
agentsight,e58fce112c6e,17,18,codex:rollout-2026-07-02T20-00-48-019f25eb-f3cb-7472-837a-f9c24394ea02:44,46321,no_resolved_path
agentsight,e58fce112c6e,17,18,codex:rollout-2026-07-02T20-00-48-019f25eb-f3cb-7472-837a-f9c24394ea02:45,46322,no_resolved_path
agentsight,e58fce112c6e,17,18,codex:rollout-2026-07-02T20-00-48-019f25eb-f3cb-7472-837a-f9c24394ea02:46,46323,no_resolved_path
agentsight,e58fce112c6e,17,18,codex:rollout-2026-07-02T20-00-48-019f25eb-f3cb-7472-837a-f9c24394ea02:47,46324,no_resolved_path
agentsight,e58fce112c6e,17,18,codex:rollout-2026-07-02T20-00-48-019f25eb-f3cb-7472-837a-f9c24394ea02:48,46325,no_resolved_path
agentsight,e58fce112c6e,17,18,codex:rollout-2026-07-02T20-00-48-019f25eb-f3cb-7472-837a-f9c24394ea02:49,46326,no_resolved_path
agentsight,e58fce112c6e,17,18,codex:rollout-2026-07-02T20-00-48-019f25eb-f3cb-7472-837a-f9c24394ea02:50,46327,no_resolved_path
agentsight,e58fce112c6e,17,18,codex:rollout-2026-07-02T20-00-48-019f25eb-f3cb-7472-837a-f9c24394ea02:51,46328,no_resolved_path
agentsight,e58fce112c6e,17,18,codex:rollout-2026-07-02T20-00-48-019f25eb-f3cb-7472-837a-f9c24394ea02:52,46329,no_resolved_path
agentsight,e58fce112c6e,17,18,codex:rollout-2026-07-02T20-00-48-019f25eb-f3cb-7472-837a-f9c24394ea02:53,46330,other_resolved_artifact
agentsight,e58fce112c6e,17,18,codex:rollout-2026-07-02T20-00-48-019f25eb-f3cb-7472-837a-f9c24394ea02:54,46331,no_resolved_path
agentsight,e58fce112c6e,17,18,codex:rollout-2026-07-02T20-00-48-019f25eb-f3cb-7472-837a-f9c24394ea02:55,46332,no_resolved_path
agentsight,e58fce112c6e,17,18,codex:rollout-2026-07-02T20-00-48-019f25eb-f3cb-7472-837a-f9c24394ea02:56,46333,no_resolved_path
agentsight,e58fce112c6e,17,18,codex:rollout-2026-07-02T20-00-48-019f25eb-f3cb-7472-837a-f9c24394ea02:57,46334,no_resolved_path
agentsight,e58fce112c6e,17,18,codex:rollout-2026-07-02T20-00-48-019f25eb-f3cb-7472-837a-f9c24394ea02:58,46335,no_resolved_path
agentsight,e58fce112c6e,17,18,codex:rollout-2026-07-02T20-00-48-019f25eb-f3cb-7472-837a-f9c24394ea02:59,46336,no_resolved_path
agentsight,e58fce112c6e,17,18,codex:rollout-2026-07-02T20-00-48-019f25eb-f3cb-7472-837a-f9c24394ea02:60,46337,no_resolved_path
agentsight,e58fce112c6e,17,18,codex:rollout-2026-07-02T20-00-48-019f25eb-f3cb-7472-837a-f9c24394ea02:61,46338,no_resolved_path
agentsight,e58fce112c6e,17,18,codex:rollout-2026-07-02T20-00-48-019f25eb-f3cb-7472-837a-f9c24394ea02:62,46339,no_resolved_path
agentsight,e58fce112c6e,17,18,codex:rollout-2026-07-02T20-00-48-019f25eb-f3cb-7472-837a-f9c24394ea02:63,46340,no_resolved_path
agentsight,e58fce112c6e,17,18,codex:rollout-2026-07-02T20-00-48-019f25eb-f3cb-7472-837a-f9c24394ea02:64,46341,no_resolved_path
agentsight,e58fce112c6e,17,18,claude:019ce9f7-7368-473e-8291-853df0154645:0,46342,other_resolved_artifact
agentsight,e58fce112c6e,17,18,claude:019ce9f7-7368-473e-8291-853df0154645:1,46343,no_resolved_path
agentsight,e58fce112c6e,19,20,codex:rollout-2026-07-06T19-39-25-019f3a71-d0e3-7ee0-a25d-76a4aa3367c8:0,70956,no_resolved_path
agentsight,e58fce112c6e,19,20,codex:rollout-2026-07-06T19-39-25-019f3a71-d0e3-7ee0-a25d-76a4aa3367c8:1,70957,no_resolved_path
agentsight,e58fce112c6e,19,20,codex:rollout-2026-07-06T19-39-25-019f3a71-d0e3-7ee0-a25d-76a4aa3367c8:4,70965,other_resolved_artifact
agentsight,e58fce112c6e,19,20,codex:rollout-2026-07-06T19-39-25-019f3a71-d0e3-7ee0-a25d-76a4aa3367c8:15,70985,other_resolved_artifact
agentsight,e58fce112c6e,19,20,codex:rollout-2026-07-06T19-39-25-019f3a71-d0e3-7ee0-a25d-76a4aa3367c8:16,70986,no_resolved_path
agentsight,e58fce112c6e,19,20,codex:rollout-2026-07-06T19-39-25-019f3a71-d0e3-7ee0-a25d-76a4aa3367c8:17,70987,no_resolved_path
agentsight,e58fce112c6e,19,20,codex:rollout-2026-07-06T19-39-25-019f3a71-d0e3-7ee0-a25d-76a4aa3367c8:18,70991,other_resolved_artifact
agentsight,e58fce112c6e,19,20,codex:rollout-2026-07-06T19-39-25-019f3a71-d0e3-7ee0-a25d-76a4aa3367c8:19,70992,other_resolved_artifact
agentsight,e58fce112c6e,19,20,codex:rollout-2026-07-06T19-39-25-019f3a71-d0e3-7ee0-a25d-76a4aa3367c8:20,70993,other_resolved_artifact
agentsight,e58fce112c6e,19,20,codex:rollout-2026-07-06T19-39-25-019f3a71-d0e3-7ee0-a25d-76a4aa3367c8:21,70995,other_resolved_artifact
agentsight,e58fce112c6e,19,20,codex:rollout-2026-07-06T19-39-25-019f3a71-d0e3-7ee0-a25d-76a4aa3367c8:22,70996,other_resolved_artifact
agentsight,e58fce112c6e,19,20,codex:rollout-2026-07-06T19-39-25-019f3a71-d0e3-7ee0-a25d-76a4aa3367c8:23,70997,no_resolved_path
agentsight,e58fce112c6e,19,20,codex:rollout-2026-07-06T19-39-25-019f3a71-d0e3-7ee0-a25d-76a4aa3367c8:24,71000,other_resolved_artifact
agentsight,e58fce112c6e,19,20,codex:rollout-2026-07-06T19-39-25-019f3a71-d0e3-7ee0-a25d-76a4aa3367c8:26,71002,other_resolved_artifact
agentsight,e58fce112c6e,19,20,codex:rollout-2026-07-06T19-39-25-019f3a71-d0e3-7ee0-a25d-76a4aa3367c8:27,71006,no_resolved_path
agentsight,e58fce112c6e,19,20,codex:rollout-2026-07-06T19-39-25-019f3a71-d0e3-7ee0-a25d-76a4aa3367c8:28,71008,no_resolved_path
agentsight,e58fce112c6e,19,20,codex:rollout-2026-07-06T19-39-25-019f3a71-d0e3-7ee0-a25d-76a4aa3367c8:29,71010,no_resolved_path
agentsight,e58fce112c6e,19,20,codex:rollout-2026-07-06T19-39-25-019f3a71-d0e3-7ee0-a25d-76a4aa3367c8:30,71017,no_resolved_path
agentsight,e58fce112c6e,19,20,codex:rollout-2026-07-06T19-39-25-019f3a71-d0e3-7ee0-a25d-76a4aa3367c8:31,71018,no_resolved_path
agentsight,e58fce112c6e,19,20,codex:rollout-2026-07-06T19-39-25-019f3a71-d0e3-7ee0-a25d-76a4aa3367c8:32,71019,no_resolved_path
agentsight,e58fce112c6e,19,20,codex:rollout-2026-07-06T19-39-25-019f3a71-d0e3-7ee0-a25d-76a4aa3367c8:33,71020,no_resolved_path
agentsight,e58fce112c6e,19,20,codex:rollout-2026-07-06T19-39-25-019f3a71-d0e3-7ee0-a25d-76a4aa3367c8:34,71021,no_resolved_path
agentsight,e58fce112c6e,19,20,codex:rollout-2026-07-06T19-39-25-019f3a71-d0e3-7ee0-a25d-76a4aa3367c8:35,71023,no_resolved_path
agentsight,e58fce112c6e,19,20,codex:rollout-2026-07-06T19-39-25-019f3a71-d0e3-7ee0-a25d-76a4aa3367c8:36,71030,no_resolved_path
agentsight,e58fce112c6e,19,20,codex:rollout-2026-07-06T19-39-25-019f3a71-d0e3-7ee0-a25d-76a4aa3367c8:37,71052,no_resolved_path
agentsight,e58fce112c6e,19,20,codex:rollout-2026-07-06T19-39-25-019f3a71-d0e3-7ee0-a25d-76a4aa3367c8:38,71054,other_resolved_artifact
agentsight,e58fce112c6e,19,20,codex:rollout-2026-07-06T19-39-25-019f3a71-d0e3-7ee0-a25d-76a4aa3367c8:39,71055,other_resolved_artifact
agentsight,e58fce112c6e,19,20,codex:rollout-2026-07-06T19-39-25-019f3a71-d0e3-7ee0-a25d-76a4aa3367c8:40,71056,other_resolved_artifact
agentsight,e58fce112c6e,19,20,codex:rollout-2026-07-06T19-39-25-019f3a71-d0e3-7ee0-a25d-76a4aa3367c8:41,71057,other_resolved_artifact
agentsight,e58fce112c6e,19,20,codex:rollout-2026-07-06T19-39-25-019f3a71-d0e3-7ee0-a25d-76a4aa3367c8:42,71062,other_resolved_artifact
agentsight,e58fce112c6e,19,20,codex:rollout-2026-07-06T19-39-25-019f3a71-d0e3-7ee0-a25d-76a4aa3367c8:43,71085,other_resolved_artifact
agentsight,e58fce112c6e,19,20,codex:rollout-2026-07-06T19-39-25-019f3a71-d0e3-7ee0-a25d-76a4aa3367c8:44,71088,no_resolved_path
agentsight,e58fce112c6e,19,20,codex:rollout-2026-07-06T19-39-25-019f3a71-d0e3-7ee0-a25d-76a4aa3367c8:45,71092,no_resolved_path
agentsight,e58fce112c6e,19,20,codex:rollout-2026-07-06T19-39-25-019f3a71-d0e3-7ee0-a25d-76a4aa3367c8:46,71093,no_resolved_path
agentsight,e58fce112c6e,19,20,codex:rollout-2026-07-06T19-39-25-019f3a71-d0e3-7ee0-a25d-76a4aa3367c8:47,71094,no_resolved_path
agentsight,e58fce112c6e,19,20,codex:rollout-2026-07-06T19-39-25-019f3a71-d0e3-7ee0-a25d-76a4aa3367c8:48,71095,no_resolved_path
agentsight,e58fce112c6e,19,20,codex:rollout-2026-07-06T19-39-25-019f3a71-d0e3-7ee0-a25d-76a4aa3367c8:49,71096,other_resolved_artifact
agentsight,e58fce112c6e,19,20,codex:rollout-2026-07-06T19-39-25-019f3a71-d0e3-7ee0-a25d-76a4aa3367c8:50,71097,other_resolved_artifact
agentsight,e58fce112c6e,19,20,codex:rollout-2026-07-06T19-39-25-019f3a71-d0e3-7ee0-a25d-76a4aa3367c8:51,71098,other_resolved_artifact
agentsight,e58fce112c6e,19,20,codex:rollout-2026-07-06T19-39-25-019f3a71-d0e3-7ee0-a25d-76a4aa3367c8:52,71099,no_resolved_path
agentsight,e58fce112c6e,19,20,codex:rollout-2026-07-06T19-39-25-019f3a71-d0e3-7ee0-a25d-76a4aa3367c8:53,71100,no_resolved_path
agentsight,e58fce112c6e,19,20,codex:rollout-2026-07-06T19-39-25-019f3a71-d0e3-7ee0-a25d-76a4aa3367c8:54,71101,no_resolved_path
agentsight,e58fce112c6e,19,20,codex:rollout-2026-07-06T19-39-25-019f3a71-d0e3-7ee0-a25d-76a4aa3367c8:55,71102,no_resolved_path
agentsight,e58fce112c6e,19,20,codex:rollout-2026-07-06T19-39-25-019f3a71-d0e3-7ee0-a25d-76a4aa3367c8:56,71103,no_resolved_path
agentsight,e58fce112c6e,19,20,codex:rollout-2026-07-06T19-39-25-019f3a71-d0e3-7ee0-a25d-76a4aa3367c8:57,71104,no_resolved_path
agentsight,e58fce112c6e,19,20,codex:rollout-2026-07-06T19-39-25-019f3a71-d0e3-7ee0-a25d-76a4aa3367c8:58,71106,no_resolved_path
agentsight,e58fce112c6e,19,20,codex:rollout-2026-07-06T19-39-25-019f3a71-d0e3-7ee0-a25d-76a4aa3367c8:59,71107,no_resolved_path
agentsight,e58fce112c6e,19,20,codex:rollout-2026-07-06T19-39-25-019f3a71-d0e3-7ee0-a25d-76a4aa3367c8:60,71114,no_resolved_path
agentsight,e58fce112c6e,19,20,codex:rollout-2026-07-06T19-39-25-019f3a71-d0e3-7ee0-a25d-76a4aa3367c8:61,71115,no_resolved_path
agentsight,e58fce112c6e,19,20,codex:rollout-2026-07-06T19-39-25-019f3a71-d0e3-7ee0-a25d-76a4aa3367c8:62,71119,no_resolved_path
agentsight,e58fce112c6e,19,20,codex:rollout-2026-07-06T19-39-25-019f3a71-d0e3-7ee0-a25d-76a4aa3367c8:63,71125,other_resolved_artifact
agentsight,e58fce112c6e,19,20,codex:rollout-2026-07-06T19-39-25-019f3a71-d0e3-7ee0-a25d-76a4aa3367c8:64,71131,no_resolved_path
agentsight,e58fce112c6e,19,20,codex:rollout-2026-07-06T19-39-25-019f3a71-d0e3-7ee0-a25d-76a4aa3367c8:65,71132,no_resolved_path
agentsight,e58fce112c6e,19,20,codex:rollout-2026-07-06T19-39-25-019f3a71-d0e3-7ee0-a25d-76a4aa3367c8:66,71133,no_resolved_path
agentsight,e58fce112c6e,19,20,codex:rollout-2026-07-06T19-39-25-019f3a71-d0e3-7ee0-a25d-76a4aa3367c8:67,71135,no_resolved_path
agentsight,e58fce112c6e,19,20,codex:rollout-2026-07-06T19-39-25-019f3a71-d0e3-7ee0-a25d-76a4aa3367c8:68,71142,no_resolved_path
agentsight,e58fce112c6e,19,20,codex:rollout-2026-07-06T19-39-25-019f3a71-d0e3-7ee0-a25d-76a4aa3367c8:69,71143,no_resolved_path
agentsight,e58fce112c6e,19,20,codex:rollout-2026-07-06T19-39-25-019f3a71-d0e3-7ee0-a25d-76a4aa3367c8:70,71144,no_resolved_path
agentsight,e58fce112c6e,19,20,codex:rollout-2026-07-06T19-39-25-019f3a71-d0e3-7ee0-a25d-76a4aa3367c8:71,71145,no_resolved_path
agentsight,e58fce112c6e,19,20,codex:rollout-2026-07-06T19-39-25-019f3a71-d0e3-7ee0-a25d-76a4aa3367c8:72,71147,predecessor_module
agentsight,e58fce112c6e,19,20,codex:rollout-2026-07-06T19-39-25-019f3a71-d0e3-7ee0-a25d-76a4aa3367c8:73,71148,predecessor_module
agentsight,e58fce112c6e,19,20,codex:rollout-2026-07-06T19-39-25-019f3a71-d0e3-7ee0-a25d-76a4aa3367c8:74,71149,other_resolved_artifact
agentsight,e58fce112c6e,19,20,codex:rollout-2026-07-06T19-39-25-019f3a71-d0e3-7ee0-a25d-76a4aa3367c8:75,71153,other_resolved_artifact
agentsight,e58fce112c6e,19,20,codex:rollout-2026-07-06T19-39-25-019f3a71-d0e3-7ee0-a25d-76a4aa3367c8:76,71154,other_resolved_artifact
agentsight,e58fce112c6e,19,20,codex:rollout-2026-07-06T19-39-25-019f3a71-d0e3-7ee0-a25d-76a4aa3367c8:77,71155,no_resolved_path
agentsight,e58fce112c6e,19,20,codex:rollout-2026-07-06T19-39-25-019f3a71-d0e3-7ee0-a25d-76a4aa3367c8:78,71159,no_resolved_path
agentsight,e58fce112c6e,19,20,codex:rollout-2026-07-06T19-39-25-019f3a71-d0e3-7ee0-a25d-76a4aa3367c8:79,71160,no_resolved_path
agentsight,e58fce112c6e,19,20,codex:rollout-2026-07-06T19-39-25-019f3a71-d0e3-7ee0-a25d-76a4aa3367c8:80,71161,no_resolved_path
agentsight,e58fce112c6e,20,21,codex:rollout-2026-07-09T19-10-24-019f49ca-54e7-7a91-82e7-a52b53cfd456:0,77941,no_resolved_path
agentsight,e58fce112c6e,20,21,codex:rollout-2026-07-09T19-10-24-019f49ca-54e7-7a91-82e7-a52b53cfd456:1,77942,no_resolved_path
agentsight,e58fce112c6e,20,21,codex:rollout-2026-07-09T19-10-24-019f49ca-54e7-7a91-82e7-a52b53cfd456:2,77943,no_resolved_path
agentsight,e58fce112c6e,20,21,codex:rollout-2026-07-09T19-10-24-019f49ca-54e7-7a91-82e7-a52b53cfd456:3,77944,no_resolved_path
agentsight,e58fce112c6e,20,21,codex:rollout-2026-07-09T19-10-24-019f49ca-54e7-7a91-82e7-a52b53cfd456:4,77945,predecessor_artifact
agentsight,e58fce112c6e,20,21,codex:rollout-2026-07-09T19-10-24-019f49ca-54e7-7a91-82e7-a52b53cfd456:5,77946,predecessor_artifact
agentsight,e58fce112c6e,20,21,codex:rollout-2026-07-09T19-10-24-019f49ca-54e7-7a91-82e7-a52b53cfd456:6,77947,predecessor_module
agentsight,e58fce112c6e,20,21,codex:rollout-2026-07-09T19-10-24-019f49ca-54e7-7a91-82e7-a52b53cfd456:7,77948,predecessor_artifact
agentsight,e58fce112c6e,20,21,codex:rollout-2026-07-09T19-10-24-019f49ca-54e7-7a91-82e7-a52b53cfd456:8,77949,predecessor_module
agentsight,e58fce112c6e,20,21,codex:rollout-2026-07-09T19-10-24-019f49ca-54e7-7a91-82e7-a52b53cfd456:10,77950,predecessor_module
agentsight,e58fce112c6e,20,21,codex:rollout-2026-07-09T19-10-24-019f49ca-54e7-7a91-82e7-a52b53cfd456:9,77951,predecessor_artifact
agentsight,e58fce112c6e,20,21,codex:rollout-2026-07-09T19-10-24-019f49ca-54e7-7a91-82e7-a52b53cfd456:11,77952,predecessor_artifact
agentsight,e58fce112c6e,20,21,codex:rollout-2026-07-09T19-10-24-019f49ca-54e7-7a91-82e7-a52b53cfd456:12,77953,predecessor_module
agentsight,e58fce112c6e,20,21,codex:rollout-2026-07-09T19-10-24-019f49ca-54e7-7a91-82e7-a52b53cfd456:13,77954,predecessor_artifact
agentsight,e58fce112c6e,20,21,codex:rollout-2026-07-09T19-10-24-019f49ca-54e7-7a91-82e7-a52b53cfd456:14,77955,predecessor_module
agentsight,e58fce112c6e,20,21,codex:rollout-2026-07-09T19-10-24-019f49ca-54e7-7a91-82e7-a52b53cfd456:15,77956,predecessor_artifact
agentsight,e58fce112c6e,20,21,codex:rollout-2026-07-09T19-10-24-019f49ca-54e7-7a91-82e7-a52b53cfd456:16,77957,predecessor_module
agentsight,e58fce112c6e,20,21,codex:rollout-2026-07-09T19-10-24-019f49ca-54e7-7a91-82e7-a52b53cfd456:17,77958,predecessor_module
agentsight,e58fce112c6e,20,21,codex:rollout-2026-07-09T19-10-24-019f49ca-54e7-7a91-82e7-a52b53cfd456:18,77959,predecessor_module
agentsight,e58fce112c6e,20,21,codex:rollout-2026-07-09T19-10-24-019f49ca-54e7-7a91-82e7-a52b53cfd456:19,77960,predecessor_module
agentsight,e58fce112c6e,20,21,codex:rollout-2026-07-09T19-10-24-019f49ca-54e7-7a91-82e7-a52b53cfd456:20,77961,predecessor_module
agentsight,e58fce112c6e,20,21,codex:rollout-2026-07-09T19-10-24-019f49ca-54e7-7a91-82e7-a52b53cfd456:21,77962,no_resolved_path
agentsight,e58fce112c6e,20,21,codex:rollout-2026-07-09T19-10-24-019f49ca-54e7-7a91-82e7-a52b53cfd456:22,77963,no_resolved_path
agentsight,e58fce112c6e,20,21,codex:rollout-2026-07-09T19-10-24-019f49ca-54e7-7a91-82e7-a52b53cfd456:23,77964,predecessor_artifact
agentsight,e58fce112c6e,20,21,codex:rollout-2026-07-09T19-10-24-019f49ca-54e7-7a91-82e7-a52b53cfd456:24,77965,no_resolved_path
agentsight,e58fce112c6e,20,21,codex:rollout-2026-07-09T19-10-24-019f49ca-54e7-7a91-82e7-a52b53cfd456:25,77966,no_resolved_path
agentsight,e58fce112c6e,20,21,codex:rollout-2026-07-09T19-10-24-019f49ca-54e7-7a91-82e7-a52b53cfd456:26,77967,no_resolved_path
agentsight,e58fce112c6e,20,21,codex:rollout-2026-07-09T19-10-24-019f49ca-54e7-7a91-82e7-a52b53cfd456:27,77968,predecessor_artifact
agentsight,e58fce112c6e,20,21,codex:rollout-2026-07-09T19-10-24-019f49ca-54e7-7a91-82e7-a52b53cfd456:28,77969,predecessor_module
agentsight,e58fce112c6e,20,21,codex:rollout-2026-07-09T19-10-24-019f49ca-54e7-7a91-82e7-a52b53cfd456:29,77970,predecessor_module
agentsight,e58fce112c6e,20,21,codex:rollout-2026-07-09T19-10-24-019f49ca-54e7-7a91-82e7-a52b53cfd456:30,77971,predecessor_module
agentsight,e58fce112c6e,20,21,codex:rollout-2026-07-09T19-10-24-019f49ca-54e7-7a91-82e7-a52b53cfd456:31,77972,predecessor_module
agentsight,e58fce112c6e,20,21,codex:rollout-2026-07-09T19-10-24-019f49ca-54e7-7a91-82e7-a52b53cfd456:32,77973,predecessor_artifact
agentsight,e58fce112c6e,20,21,codex:rollout-2026-07-09T19-10-24-019f49ca-54e7-7a91-82e7-a52b53cfd456:33,77974,no_resolved_path
agentsight,e58fce112c6e,20,21,codex:rollout-2026-07-09T19-10-24-019f49ca-54e7-7a91-82e7-a52b53cfd456:34,77975,predecessor_artifact
agentsight,e58fce112c6e,20,21,codex:rollout-2026-07-09T19-10-24-019f49ca-54e7-7a91-82e7-a52b53cfd456:35,77976,predecessor_module
agentsight,e58fce112c6e,20,21,codex:rollout-2026-07-09T19-10-24-019f49ca-54e7-7a91-82e7-a52b53cfd456:36,77977,predecessor_module
agentsight,e58fce112c6e,20,21,codex:rollout-2026-07-09T19-10-24-019f49ca-54e7-7a91-82e7-a52b53cfd456:37,77978,predecessor_module
agentsight,e58fce112c6e,20,21,codex:rollout-2026-07-09T19-10-24-019f49ca-54e7-7a91-82e7-a52b53cfd456:38,77979,predecessor_module
agentsight,e58fce112c6e,20,21,codex:rollout-2026-07-09T19-10-24-019f49ca-54e7-7a91-82e7-a52b53cfd456:39,77980,predecessor_artifact
agentsight,e58fce112c6e,20,21,codex:rollout-2026-07-09T19-10-24-019f49ca-54e7-7a91-82e7-a52b53cfd456:40,77981,predecessor_module
agentsight,e58fce112c6e,20,21,codex:rollout-2026-07-10T14-58-45-019f4e0a-4dcc-74f1-8660-ffcb102ce0a2:0,77982,no_resolved_path
agentsight,e58fce112c6e,20,21,codex:rollout-2026-07-10T14-58-45-019f4e0a-4dcc-74f1-8660-ffcb102ce0a2:19,78001,no_resolved_path
agentsight,e58fce112c6e,20,21,codex:rollout-2026-07-10T14-58-45-019f4e0a-4dcc-74f1-8660-ffcb102ce0a2:20,78002,no_resolved_path
agentsight,e58fce112c6e,20,21,codex:rollout-2026-07-10T14-58-45-019f4e0a-4dcc-74f1-8660-ffcb102ce0a2:21,78003,no_resolved_path
agentsight,e58fce112c6e,20,21,codex:rollout-2026-07-10T14-58-45-019f4e0a-4dcc-74f1-8660-ffcb102ce0a2:22,78004,no_resolved_path
agentsight,e58fce112c6e,20,21,codex:rollout-2026-07-10T14-58-45-019f4e0a-4dcc-74f1-8660-ffcb102ce0a2:23,78005,no_resolved_path
agentsight,e58fce112c6e,20,21,codex:rollout-2026-07-10T14-58-45-019f4e0a-4dcc-74f1-8660-ffcb102ce0a2:29,78011,no_resolved_path
agentsight,e58fce112c6e,20,21,codex:rollout-2026-07-10T14-58-45-019f4e0a-4dcc-74f1-8660-ffcb102ce0a2:30,78012,no_resolved_path
agentsight,e58fce112c6e,20,21,codex:rollout-2026-07-10T14-58-45-019f4e0a-4dcc-74f1-8660-ffcb102ce0a2:31,78013,no_resolved_path
agentsight,e58fce112c6e,20,21,codex:rollout-2026-07-10T14-58-45-019f4e0a-4dcc-74f1-8660-ffcb102ce0a2:33,78015,no_resolved_path
agentsight,e58fce112c6e,20,21,codex:rollout-2026-07-10T14-58-45-019f4e0a-4dcc-74f1-8660-ffcb102ce0a2:34,78016,no_resolved_path
agentsight,e58fce112c6e,20,21,codex:rollout-2026-07-10T14-58-45-019f4e0a-4dcc-74f1-8660-ffcb102ce0a2:35,78017,no_resolved_path
agentsight,e58fce112c6e,20,21,codex:rollout-2026-07-10T14-58-45-019f4e0a-4dcc-74f1-8660-ffcb102ce0a2:36,78018,no_resolved_path
agentsight,e58fce112c6e,20,21,codex:rollout-2026-07-10T14-58-45-019f4e0a-4dcc-74f1-8660-ffcb102ce0a2:39,78021,no_resolved_path
agentsight,e58fce112c6e,20,21,codex:rollout-2026-07-10T14-58-45-019f4e0a-4dcc-74f1-8660-ffcb102ce0a2:44,78026,no_resolved_path
agentsight,e58fce112c6e,20,21,codex:rollout-2026-07-10T14-58-45-019f4e0a-4dcc-74f1-8660-ffcb102ce0a2:50,78032,no_resolved_path
agentsight,e58fce112c6e,20,21,codex:rollout-2026-07-10T14-58-45-019f4e0a-4dcc-74f1-8660-ffcb102ce0a2:54,78036,no_resolved_path
agentsight,e58fce112c6e,20,21,codex:rollout-2026-07-10T14-58-45-019f4e0a-4dcc-74f1-8660-ffcb102ce0a2:57,78039,no_resolved_path
agentsight,e58fce112c6e,20,21,codex:rollout-2026-07-10T14-58-45-019f4e0a-4dcc-74f1-8660-ffcb102ce0a2:61,78043,no_resolved_path
agentsight,e58fce112c6e,20,21,codex:rollout-2026-07-10T14-58-45-019f4e0a-4dcc-74f1-8660-ffcb102ce0a2:65,78047,no_resolved_path
agentsight,e58fce112c6e,20,21,codex:rollout-2026-07-10T14-58-45-019f4e0a-4dcc-74f1-8660-ffcb102ce0a2:68,78050,no_resolved_path
agentsight,e58fce112c6e,20,21,codex:rollout-2026-07-10T14-58-45-019f4e0a-4dcc-74f1-8660-ffcb102ce0a2:71,78053,no_resolved_path
agentsight,e58fce112c6e,20,21,codex:rollout-2026-07-10T14-58-45-019f4e0a-4dcc-74f1-8660-ffcb102ce0a2:78,78060,no_resolved_path
agentsight,e58fce112c6e,20,21,codex:rollout-2026-07-10T14-58-45-019f4e0a-4dcc-74f1-8660-ffcb102ce0a2:79,78061,no_resolved_path
agentsight,e58fce112c6e,20,21,codex:rollout-2026-07-10T14-58-45-019f4e0a-4dcc-74f1-8660-ffcb102ce0a2:80,78062,no_resolved_path
agentsight,e58fce112c6e,20,21,codex:rollout-2026-07-10T14-58-45-019f4e0a-4dcc-74f1-8660-ffcb102ce0a2:84,78066,no_resolved_path
agentsight,e58fce112c6e,20,21,codex:rollout-2026-07-10T14-58-45-019f4e0a-4dcc-74f1-8660-ffcb102ce0a2:85,78067,no_resolved_path
agentsight,e58fce112c6e,20,21,codex:rollout-2026-07-10T14-58-45-019f4e0a-4dcc-74f1-8660-ffcb102ce0a2:86,78068,no_resolved_path
agentsight,e58fce112c6e,20,21,codex:rollout-2026-07-10T14-58-45-019f4e0a-4dcc-74f1-8660-ffcb102ce0a2:88,78070,no_resolved_path
agentsight,e58fce112c6e,20,21,codex:rollout-2026-07-10T14-58-45-019f4e0a-4dcc-74f1-8660-ffcb102ce0a2:92,78074,no_resolved_path
agentsight,e58fce112c6e,20,21,codex:rollout-2026-07-10T14-58-45-019f4e0a-4dcc-74f1-8660-ffcb102ce0a2:93,78075,no_resolved_path
agentsight,e58fce112c6e,20,21,codex:rollout-2026-07-10T14-58-45-019f4e0a-4dcc-74f1-8660-ffcb102ce0a2:94,78076,no_resolved_path
agentsight,e58fce112c6e,20,21,codex:rollout-2026-07-10T14-58-45-019f4e0a-4dcc-74f1-8660-ffcb102ce0a2:95,78077,no_resolved_path
agentsight,e58fce112c6e,20,21,codex:rollout-2026-07-10T14-58-45-019f4e0a-4dcc-74f1-8660-ffcb102ce0a2:110,78092,no_resolved_path
agentsight,e58fce112c6e,20,21,codex:rollout-2026-07-10T14-58-45-019f4e0a-4dcc-74f1-8660-ffcb102ce0a2:111,78093,no_resolved_path
agentsight,e58fce112c6e,20,21,codex:rollout-2026-07-10T14-58-45-019f4e0a-4dcc-74f1-8660-ffcb102ce0a2:112,78094,no_resolved_path
agentsight,e58fce112c6e,20,21,codex:rollout-2026-07-10T14-58-45-019f4e0a-4dcc-74f1-8660-ffcb102ce0a2:113,78095,no_resolved_path
agentsight,e58fce112c6e,20,21,codex:rollout-2026-07-10T14-58-45-019f4e0a-4dcc-74f1-8660-ffcb102ce0a2:114,78096,no_resolved_path
agentsight,e58fce112c6e,20,21,codex:rollout-2026-07-10T14-58-45-019f4e0a-4dcc-74f1-8660-ffcb102ce0a2:115,78097,no_resolved_path
agentsight,e58fce112c6e,20,21,codex:rollout-2026-07-10T14-58-45-019f4e0a-4dcc-74f1-8660-ffcb102ce0a2:117,78099,no_resolved_path
agentsight,e58fce112c6e,20,21,codex:rollout-2026-07-10T14-58-45-019f4e0a-4dcc-74f1-8660-ffcb102ce0a2:118,78100,no_resolved_path
agentsight,e58fce112c6e,20,21,codex:rollout-2026-07-10T14-58-45-019f4e0a-4dcc-74f1-8660-ffcb102ce0a2:119,78101,no_resolved_path
agentsight,e58fce112c6e,20,21,codex:rollout-2026-07-10T14-58-45-019f4e0a-4dcc-74f1-8660-ffcb102ce0a2:120,78102,no_resolved_path
agentsight,e58fce112c6e,20,21,codex:rollout-2026-07-10T14-58-45-019f4e0a-4dcc-74f1-8660-ffcb102ce0a2:121,78103,no_resolved_path
agentsight,e58fce112c6e,20,21,codex:rollout-2026-07-10T14-58-45-019f4e0a-4dcc-74f1-8660-ffcb102ce0a2:122,78104,no_resolved_path
agentsight,e58fce112c6e,20,21,codex:rollout-2026-07-10T14-58-45-019f4e0a-4dcc-74f1-8660-ffcb102ce0a2:123,78105,no_resolved_path
agentsight,e58fce112c6e,20,21,codex:rollout-2026-07-10T14-58-45-019f4e0a-4dcc-74f1-8660-ffcb102ce0a2:124,78106,no_resolved_path
agentsight,e58fce112c6e,20,21,codex:rollout-2026-07-10T14-58-45-019f4e0a-4dcc-74f1-8660-ffcb102ce0a2:125,78107,no_resolved_path
agentsight,e58fce112c6e,20,21,codex:rollout-2026-07-10T14-58-45-019f4e0a-4dcc-74f1-8660-ffcb102ce0a2:126,78108,no_resolved_path
agentsight,e58fce112c6e,20,21,codex:rollout-2026-07-09T19-10-24-019f49ca-54e7-7a91-82e7-a52b53cfd456:41,78110,no_resolved_path
agentsight,e58fce112c6e,20,21,codex:rollout-2026-07-09T19-10-24-019f49ca-54e7-7a91-82e7-a52b53cfd456:42,78111,no_resolved_path
agentsight,e58fce112c6e,20,21,codex:rollout-2026-07-09T19-10-24-019f49ca-54e7-7a91-82e7-a52b53cfd456:43,78112,no_resolved_path
agentsight,e58fce112c6e,20,21,codex:rollout-2026-07-09T19-10-24-019f49ca-54e7-7a91-82e7-a52b53cfd456:44,78113,predecessor_artifact
agentsight,e58fce112c6e,20,21,codex:rollout-2026-07-09T19-10-24-019f49ca-54e7-7a91-82e7-a52b53cfd456:45,78114,no_resolved_path
agentsight,e58fce112c6e,20,21,codex:rollout-2026-07-09T19-10-24-019f49ca-54e7-7a91-82e7-a52b53cfd456:46,78115,no_resolved_path
agentsight,e58fce112c6e,20,21,codex:rollout-2026-07-09T19-10-24-019f49ca-54e7-7a91-82e7-a52b53cfd456:47,78116,no_resolved_path
agentsight,e58fce112c6e,20,21,codex:rollout-2026-07-09T19-10-24-019f49ca-54e7-7a91-82e7-a52b53cfd456:48,78117,predecessor_module
agentsight,e58fce112c6e,20,21,codex:rollout-2026-07-09T19-10-24-019f49ca-54e7-7a91-82e7-a52b53cfd456:49,78118,predecessor_module
agentsight,e58fce112c6e,20,21,codex:rollout-2026-07-10T14-58-45-019f4e0a-4dcc-74f1-8660-ffcb102ce0a2:128,78119,no_resolved_path
agentsight,e58fce112c6e,20,21,codex:rollout-2026-07-10T14-58-45-019f4e0a-4dcc-74f1-8660-ffcb102ce0a2:129,78120,no_resolved_path
agentsight,e58fce112c6e,20,21,codex:rollout-2026-07-10T14-58-45-019f4e0a-4dcc-74f1-8660-ffcb102ce0a2:130,78121,no_resolved_path
agentsight,e58fce112c6e,20,21,codex:rollout-2026-07-09T19-10-24-019f49ca-54e7-7a91-82e7-a52b53cfd456:50,78122,no_resolved_path
agentsight,e58fce112c6e,20,21,codex:rollout-2026-07-09T19-10-24-019f49ca-54e7-7a91-82e7-a52b53cfd456:51,78123,no_resolved_path
agentsight,e58fce112c6e,20,21,codex:rollout-2026-07-10T14-58-45-019f4e0a-4dcc-74f1-8660-ffcb102ce0a2:131,78124,no_resolved_path
agentsight,e58fce112c6e,20,21,codex:rollout-2026-07-10T14-58-45-019f4e0a-4dcc-74f1-8660-ffcb102ce0a2:132,78125,no_resolved_path
agentsight,e58fce112c6e,20,21,codex:rollout-2026-07-10T14-58-45-019f4e0a-4dcc-74f1-8660-ffcb102ce0a2:133,78126,no_resolved_path
agentsight,e58fce112c6e,20,21,codex:rollout-2026-07-10T14-58-45-019f4e0a-4dcc-74f1-8660-ffcb102ce0a2:134,78127,no_resolved_path
agentsight,e58fce112c6e,20,21,codex:rollout-2026-07-10T14-58-45-019f4e0a-4dcc-74f1-8660-ffcb102ce0a2:135,78128,no_resolved_path
agentsight,e58fce112c6e,20,21,codex:rollout-2026-07-10T14-58-45-019f4e0a-4dcc-74f1-8660-ffcb102ce0a2:136,78129,no_resolved_path
agentsight,e58fce112c6e,20,21,codex:rollout-2026-07-10T14-58-45-019f4e0a-4dcc-74f1-8660-ffcb102ce0a2:141,78134,no_resolved_path
agentsight,e58fce112c6e,20,21,codex:rollout-2026-07-10T14-58-45-019f4e0a-4dcc-74f1-8660-ffcb102ce0a2:142,78135,no_resolved_path
agentsight,e58fce112c6e,20,21,codex:rollout-2026-07-10T14-58-45-019f4e0a-4dcc-74f1-8660-ffcb102ce0a2:143,78136,no_resolved_path
agentsight,e58fce112c6e,20,21,codex:rollout-2026-07-10T14-58-45-019f4e0a-4dcc-74f1-8660-ffcb102ce0a2:144,78137,no_resolved_path
agentsight,e58fce112c6e,20,21,codex:rollout-2026-07-10T14-58-45-019f4e0a-4dcc-74f1-8660-ffcb102ce0a2:145,78138,no_resolved_path
agentsight,e58fce112c6e,20,21,codex:rollout-2026-07-10T14-58-45-019f4e0a-4dcc-74f1-8660-ffcb102ce0a2:146,78139,no_resolved_path
agentsight,e58fce112c6e,20,21,codex:rollout-2026-07-10T14-58-45-019f4e0a-4dcc-74f1-8660-ffcb102ce0a2:147,78140,no_resolved_path
agentsight,e58fce112c6e,20,21,codex:rollout-2026-07-10T14-58-45-019f4e0a-4dcc-74f1-8660-ffcb102ce0a2:148,78141,no_resolved_path
agentsight,e58fce112c6e,20,21,codex:rollout-2026-07-10T14-58-45-019f4e0a-4dcc-74f1-8660-ffcb102ce0a2:149,78142,no_resolved_path
agentsight,e58fce112c6e,20,21,codex:rollout-2026-07-10T14-58-45-019f4e0a-4dcc-74f1-8660-ffcb102ce0a2:150,78143,no_resolved_path
agentsight,e58fce112c6e,20,21,codex:rollout-2026-07-10T14-58-45-019f4e0a-4dcc-74f1-8660-ffcb102ce0a2:151,78144,no_resolved_path
agentsight,e58fce112c6e,20,21,codex:rollout-2026-07-10T14-58-45-019f4e0a-4dcc-74f1-8660-ffcb102ce0a2:152,78145,no_resolved_path
agentsight,e58fce112c6e,20,21,codex:rollout-2026-07-10T14-58-45-019f4e0a-4dcc-74f1-8660-ffcb102ce0a2:153,78146,no_resolved_path
agentsight,e58fce112c6e,20,21,codex:rollout-2026-07-09T19-10-24-019f49ca-54e7-7a91-82e7-a52b53cfd456:52,78147,predecessor_artifact
agentsight,e58fce112c6e,20,21,codex:rollout-2026-07-09T19-10-24-019f49ca-54e7-7a91-82e7-a52b53cfd456:53,78148,no_resolved_path
agentsight,e58fce112c6e,20,21,codex:rollout-2026-07-10T14-58-45-019f4e0a-4dcc-74f1-8660-ffcb102ce0a2:154,78149,no_resolved_path
agentsight,e58fce112c6e,20,21,codex:rollout-2026-07-10T14-58-45-019f4e0a-4dcc-74f1-8660-ffcb102ce0a2:155,78150,no_resolved_path
agentsight,e58fce112c6e,20,21,codex:rollout-2026-07-10T14-58-45-019f4e0a-4dcc-74f1-8660-ffcb102ce0a2:156,78151,no_resolved_path
agentsight,e58fce112c6e,20,21,codex:rollout-2026-07-10T14-58-45-019f4e0a-4dcc-74f1-8660-ffcb102ce0a2:157,78152,no_resolved_path
agentsight,e58fce112c6e,20,21,codex:rollout-2026-07-10T14-58-45-019f4e0a-4dcc-74f1-8660-ffcb102ce0a2:158,78153,no_resolved_path
agentsight,e58fce112c6e,20,21,codex:rollout-2026-07-10T14-58-45-019f4e0a-4dcc-74f1-8660-ffcb102ce0a2:159,78154,no_resolved_path
agentsight,e58fce112c6e,20,21,codex:rollout-2026-07-10T14-58-45-019f4e0a-4dcc-74f1-8660-ffcb102ce0a2:160,78155,no_resolved_path
agentsight,e58fce112c6e,20,21,codex:rollout-2026-07-10T14-58-45-019f4e0a-4dcc-74f1-8660-ffcb102ce0a2:161,78156,no_resolved_path
agentsight,e58fce112c6e,20,21,codex:rollout-2026-07-10T14-58-45-019f4e0a-4dcc-74f1-8660-ffcb102ce0a2:162,78157,no_resolved_path
agentsight,e58fce112c6e,20,21,codex:rollout-2026-07-10T14-58-45-019f4e0a-4dcc-74f1-8660-ffcb102ce0a2:163,78158,no_resolved_path
agentsight,e58fce112c6e,20,21,codex:rollout-2026-07-10T14-58-45-019f4e0a-4dcc-74f1-8660-ffcb102ce0a2:165,78160,no_resolved_path
agentsight,e58fce112c6e,20,21,codex:rollout-2026-07-10T14-58-45-019f4e0a-4dcc-74f1-8660-ffcb102ce0a2:166,78161,no_resolved_path
agentsight,e58fce112c6e,20,21,codex:rollout-2026-07-10T14-58-45-019f4e0a-4dcc-74f1-8660-ffcb102ce0a2:167,78162,no_resolved_path
agentsight,e58fce112c6e,20,21,codex:rollout-2026-07-10T14-58-45-019f4e0a-4dcc-74f1-8660-ffcb102ce0a2:168,78163,no_resolved_path
agentsight,e58fce112c6e,20,21,codex:rollout-2026-07-10T14-58-45-019f4e0a-4dcc-74f1-8660-ffcb102ce0a2:169,78164,no_resolved_path
agentsight,e58fce112c6e,20,21,codex:rollout-2026-07-09T19-10-24-019f49ca-54e7-7a91-82e7-a52b53cfd456:54,78165,predecessor_artifact
agentsight,e58fce112c6e,20,21,codex:rollout-2026-07-09T19-10-24-019f49ca-54e7-7a91-82e7-a52b53cfd456:55,78166,no_resolved_path
agentsight,e58fce112c6e,20,21,codex:rollout-2026-07-09T19-10-24-019f49ca-54e7-7a91-82e7-a52b53cfd456:56,78167,no_resolved_path
agentsight,e58fce112c6e,20,21,codex:rollout-2026-07-10T14-58-45-019f4e0a-4dcc-74f1-8660-ffcb102ce0a2:170,78168,no_resolved_path
agentsight,e58fce112c6e,20,21,codex:rollout-2026-07-10T14-58-45-019f4e0a-4dcc-74f1-8660-ffcb102ce0a2:171,78169,no_resolved_path
agentsight,e58fce112c6e,20,21,codex:rollout-2026-07-10T14-58-45-019f4e0a-4dcc-74f1-8660-ffcb102ce0a2:172,78170,no_resolved_path
agentsight,e58fce112c6e,20,21,codex:rollout-2026-07-10T14-58-45-019f4e0a-4dcc-74f1-8660-ffcb102ce0a2:174,78172,no_resolved_path
agentsight,e58fce112c6e,20,21,codex:rollout-2026-07-10T14-58-45-019f4e0a-4dcc-74f1-8660-ffcb102ce0a2:175,78173,no_resolved_path
agentsight,e58fce112c6e,20,21,codex:rollout-2026-07-10T14-58-45-019f4e0a-4dcc-74f1-8660-ffcb102ce0a2:177,78175,no_resolved_path
agentsight,e58fce112c6e,20,21,codex:rollout-2026-07-10T14-58-45-019f4e0a-4dcc-74f1-8660-ffcb102ce0a2:178,78176,no_resolved_path
agentsight,e58fce112c6e,20,21,codex:rollout-2026-07-10T14-58-45-019f4e0a-4dcc-74f1-8660-ffcb102ce0a2:179,78177,no_resolved_path
agentsight,e58fce112c6e,20,21,codex:rollout-2026-07-10T14-58-45-019f4e0a-4dcc-74f1-8660-ffcb102ce0a2:180,78178,no_resolved_path
agentsight,e58fce112c6e,20,21,codex:rollout-2026-07-10T14-58-45-019f4e0a-4dcc-74f1-8660-ffcb102ce0a2:181,78179,no_resolved_path
agentsight,e58fce112c6e,20,21,codex:rollout-2026-07-10T14-58-45-019f4e0a-4dcc-74f1-8660-ffcb102ce0a2:182,78180,no_resolved_path
agentsight,e58fce112c6e,20,21,codex:rollout-2026-07-10T14-58-45-019f4e0a-4dcc-74f1-8660-ffcb102ce0a2:183,78181,no_resolved_path
agentsight,e58fce112c6e,20,21,codex:rollout-2026-07-10T14-58-45-019f4e0a-4dcc-74f1-8660-ffcb102ce0a2:184,78182,no_resolved_path
agentsight,e58fce112c6e,20,21,codex:rollout-2026-07-10T14-58-45-019f4e0a-4dcc-74f1-8660-ffcb102ce0a2:185,78183,no_resolved_path
agentsight,e58fce112c6e,20,21,codex:rollout-2026-07-10T14-58-45-019f4e0a-4dcc-74f1-8660-ffcb102ce0a2:186,78184,no_resolved_path
agentsight,e58fce112c6e,20,21,codex:rollout-2026-07-10T14-58-45-019f4e0a-4dcc-74f1-8660-ffcb102ce0a2:187,78185,no_resolved_path
agentsight,e58fce112c6e,20,21,codex:rollout-2026-07-10T14-58-45-019f4e0a-4dcc-74f1-8660-ffcb102ce0a2:188,78186,no_resolved_path
agentsight,e58fce112c6e,20,21,codex:rollout-2026-07-10T14-58-45-019f4e0a-4dcc-74f1-8660-ffcb102ce0a2:189,78187,no_resolved_path
agentsight,e58fce112c6e,20,21,codex:rollout-2026-07-10T14-58-45-019f4e0a-4dcc-74f1-8660-ffcb102ce0a2:191,78189,no_resolved_path
agentsight,e58fce112c6e,20,21,codex:rollout-2026-07-09T19-10-24-019f49ca-54e7-7a91-82e7-a52b53cfd456:57,78191,no_resolved_path
agentsight,e58fce112c6e,20,21,codex:rollout-2026-07-10T14-58-45-019f4e0a-4dcc-74f1-8660-ffcb102ce0a2:193,78192,no_resolved_path
agentsight,e58fce112c6e,20,21,codex:rollout-2026-07-09T19-10-24-019f49ca-54e7-7a91-82e7-a52b53cfd456:58,78193,no_resolved_path
agentsight,e58fce112c6e,20,21,codex:rollout-2026-07-10T14-58-45-019f4e0a-4dcc-74f1-8660-ffcb102ce0a2:194,78194,no_resolved_path
agentsight,e58fce112c6e,20,21,codex:rollout-2026-07-09T19-10-24-019f49ca-54e7-7a91-82e7-a52b53cfd456:59,78195,no_resolved_path
agentsight,e58fce112c6e,20,21,codex:rollout-2026-07-09T19-10-24-019f49ca-54e7-7a91-82e7-a52b53cfd456:60,78196,other_resolved_artifact
agentsight,e58fce112c6e,20,21,codex:rollout-2026-07-09T19-10-24-019f49ca-54e7-7a91-82e7-a52b53cfd456:61,78197,predecessor_module
agentsight,e58fce112c6e,20,21,codex:rollout-2026-07-09T19-10-24-019f49ca-54e7-7a91-82e7-a52b53cfd456:62,78198,predecessor_artifact
agentsight,e58fce112c6e,20,21,codex:rollout-2026-07-10T23-07-15-019f4fc9-86af-7421-a691-6639a928628c:0,78199,no_resolved_path
agentsight,e58fce112c6e,20,21,codex:rollout-2026-07-09T19-10-24-019f49ca-54e7-7a91-82e7-a52b53cfd456:63,78200,no_resolved_path
agentsight,e58fce112c6e,20,21,codex:rollout-2026-07-10T23-07-15-019f4fc9-86af-7421-a691-6639a928628c:1,78201,no_resolved_path
agentsight,e58fce112c6e,20,21,codex:rollout-2026-07-09T19-10-24-019f49ca-54e7-7a91-82e7-a52b53cfd456:64,78202,no_resolved_path
agentsight,e58fce112c6e,20,21,codex:rollout-2026-07-10T23-07-15-019f4fc9-86af-7421-a691-6639a928628c:2,78204,no_resolved_path
agentsight,e58fce112c6e,20,21,codex:rollout-2026-07-10T23-07-15-019f4fc9-86af-7421-a691-6639a928628c:3,78205,no_resolved_path
agentsight,e58fce112c6e,20,21,codex:rollout-2026-07-09T19-10-24-019f49ca-54e7-7a91-82e7-a52b53cfd456:65,78206,predecessor_module
agentsight,e58fce112c6e,20,21,codex:rollout-2026-07-09T19-10-24-019f49ca-54e7-7a91-82e7-a52b53cfd456:66,78207,other_resolved_artifact
agentsight,e58fce112c6e,20,21,codex:rollout-2026-07-09T19-10-24-019f49ca-54e7-7a91-82e7-a52b53cfd456:67,78208,other_resolved_artifact
agentsight,e58fce112c6e,20,21,codex:rollout-2026-07-10T14-58-45-019f4e0a-4dcc-74f1-8660-ffcb102ce0a2:196,78209,no_resolved_path
agentsight,e58fce112c6e,20,21,codex:rollout-2026-07-10T14-58-45-019f4e0a-4dcc-74f1-8660-ffcb102ce0a2:197,78210,no_resolved_path
agentsight,e58fce112c6e,20,21,codex:rollout-2026-07-10T14-58-45-019f4e0a-4dcc-74f1-8660-ffcb102ce0a2:198,78211,no_resolved_path
agentsight,e58fce112c6e,20,21,codex:rollout-2026-07-09T19-10-24-019f49ca-54e7-7a91-82e7-a52b53cfd456:68,78212,predecessor_module
agentsight,e58fce112c6e,20,21,codex:rollout-2026-07-10T14-58-45-019f4e0a-4dcc-74f1-8660-ffcb102ce0a2:199,78213,no_resolved_path
agentsight,e58fce112c6e,20,21,codex:rollout-2026-07-10T23-07-15-019f4fc9-86af-7421-a691-6639a928628c:4,78214,no_resolved_path
agentsight,e58fce112c6e,20,21,codex:rollout-2026-07-10T23-07-15-019f4fc9-86af-7421-a691-6639a928628c:5,78215,no_resolved_path
agentsight,e58fce112c6e,20,21,codex:rollout-2026-07-09T19-10-24-019f49ca-54e7-7a91-82e7-a52b53cfd456:69,78216,no_resolved_path
agentsight,e58fce112c6e,20,21,codex:rollout-2026-07-09T19-10-24-019f49ca-54e7-7a91-82e7-a52b53cfd456:70,78218,other_resolved_artifact
agentsight,e58fce112c6e,20,21,codex:rollout-2026-07-09T19-10-24-019f49ca-54e7-7a91-82e7-a52b53cfd456:71,78219,other_resolved_artifact
agentsight,e58fce112c6e,20,21,codex:rollout-2026-07-09T19-10-24-019f49ca-54e7-7a91-82e7-a52b53cfd456:72,78220,other_resolved_artifact
agentsight,e58fce112c6e,20,21,codex:rollout-2026-07-09T19-10-24-019f49ca-54e7-7a91-82e7-a52b53cfd456:73,78221,predecessor_module
agentsight,e58fce112c6e,20,21,codex:rollout-2026-07-09T19-10-24-019f49ca-54e7-7a91-82e7-a52b53cfd456:74,78223,predecessor_module
agentsight,e58fce112c6e,20,21,codex:rollout-2026-07-09T19-10-24-019f49ca-54e7-7a91-82e7-a52b53cfd456:75,78224,no_resolved_path
agentsight,e58fce112c6e,20,21,codex:rollout-2026-07-10T14-58-45-019f4e0a-4dcc-74f1-8660-ffcb102ce0a2:201,78225,no_resolved_path
agentsight,e58fce112c6e,20,21,codex:rollout-2026-07-10T14-58-45-019f4e0a-4dcc-74f1-8660-ffcb102ce0a2:202,78226,no_resolved_path
agentsight,e58fce112c6e,20,21,codex:rollout-2026-07-09T19-10-24-019f49ca-54e7-7a91-82e7-a52b53cfd456:76,78227,predecessor_module
agentsight,e58fce112c6e,20,21,codex:rollout-2026-07-09T19-10-24-019f49ca-54e7-7a91-82e7-a52b53cfd456:77,78230,predecessor_module
agentsight,e58fce112c6e,20,21,codex:rollout-2026-07-09T19-10-24-019f49ca-54e7-7a91-82e7-a52b53cfd456:78,78231,other_resolved_artifact
agentsight,e58fce112c6e,20,21,codex:rollout-2026-07-09T19-10-24-019f49ca-54e7-7a91-82e7-a52b53cfd456:79,78232,no_resolved_path
agentsight,e58fce112c6e,20,21,codex:rollout-2026-07-09T19-10-24-019f49ca-54e7-7a91-82e7-a52b53cfd456:80,78233,no_resolved_path
agentsight,e58fce112c6e,20,21,codex:rollout-2026-07-09T19-10-24-019f49ca-54e7-7a91-82e7-a52b53cfd456:81,78234,no_resolved_path
agentsight,e58fce112c6e,20,21,codex:rollout-2026-07-10T14-58-45-019f4e0a-4dcc-74f1-8660-ffcb102ce0a2:205,78235,no_resolved_path
agentsight,e58fce112c6e,20,21,codex:rollout-2026-07-09T19-10-24-019f49ca-54e7-7a91-82e7-a52b53cfd456:82,78236,no_resolved_path
agentsight,e58fce112c6e,20,21,codex:rollout-2026-07-09T19-10-24-019f49ca-54e7-7a91-82e7-a52b53cfd456:83,78237,no_resolved_path
agentsight,e58fce112c6e,20,21,codex:rollout-2026-07-09T19-10-24-019f49ca-54e7-7a91-82e7-a52b53cfd456:84,78238,no_resolved_path
agentsight,e58fce112c6e,20,21,codex:rollout-2026-07-10T14-58-45-019f4e0a-4dcc-74f1-8660-ffcb102ce0a2:206,78239,no_resolved_path
agentsight,e58fce112c6e,20,21,codex:rollout-2026-07-10T23-07-15-019f4fc9-86af-7421-a691-6639a928628c:7,78241,no_resolved_path
agentsight,e58fce112c6e,20,21,codex:rollout-2026-07-10T23-07-15-019f4fc9-86af-7421-a691-6639a928628c:8,78242,no_resolved_path
agentsight,e58fce112c6e,20,21,codex:rollout-2026-07-10T14-58-45-019f4e0a-4dcc-74f1-8660-ffcb102ce0a2:208,78243,no_resolved_path
agentsight,e58fce112c6e,20,21,codex:rollout-2026-07-10T23-07-15-019f4fc9-86af-7421-a691-6639a928628c:9,78244,no_resolved_path
agentsight,e58fce112c6e,20,21,codex:rollout-2026-07-09T19-10-24-019f49ca-54e7-7a91-82e7-a52b53cfd456:85,78245,no_resolved_path
agentsight,e58fce112c6e,20,21,codex:rollout-2026-07-10T14-58-45-019f4e0a-4dcc-74f1-8660-ffcb102ce0a2:209,78246,no_resolved_path
agentsight,e58fce112c6e,20,21,codex:rollout-2026-07-09T19-10-24-019f49ca-54e7-7a91-82e7-a52b53cfd456:86,78247,no_resolved_path
agentsight,e58fce112c6e,20,21,codex:rollout-2026-07-09T19-10-24-019f49ca-54e7-7a91-82e7-a52b53cfd456:87,78248,no_resolved_path
agentsight,e58fce112c6e,20,21,codex:rollout-2026-07-09T19-10-24-019f49ca-54e7-7a91-82e7-a52b53cfd456:88,78249,predecessor_module
agentsight,e58fce112c6e,20,21,codex:rollout-2026-07-10T14-58-45-019f4e0a-4dcc-74f1-8660-ffcb102ce0a2:210,78250,no_resolved_path
agentsight,e58fce112c6e,20,21,codex:rollout-2026-07-09T19-10-24-019f49ca-54e7-7a91-82e7-a52b53cfd456:89,78251,predecessor_module
agentsight,e58fce112c6e,20,21,codex:rollout-2026-07-10T14-58-45-019f4e0a-4dcc-74f1-8660-ffcb102ce0a2:211,78252,no_resolved_path
agentsight,e58fce112c6e,20,21,codex:rollout-2026-07-09T19-10-24-019f49ca-54e7-7a91-82e7-a52b53cfd456:90,78253,no_resolved_path
agentsight,e58fce112c6e,20,21,codex:rollout-2026-07-09T19-10-24-019f49ca-54e7-7a91-82e7-a52b53cfd456:91,78254,no_resolved_path
agentsight,e58fce112c6e,20,21,codex:rollout-2026-07-09T19-10-24-019f49ca-54e7-7a91-82e7-a52b53cfd456:92,78255,no_resolved_path
agentsight,e58fce112c6e,20,21,codex:rollout-2026-07-10T23-07-15-019f4fc9-86af-7421-a691-6639a928628c:10,78256,no_resolved_path
agentsight,e58fce112c6e,20,21,codex:rollout-2026-07-09T19-10-24-019f49ca-54e7-7a91-82e7-a52b53cfd456:93,78257,no_resolved_path
agentsight,e58fce112c6e,20,21,codex:rollout-2026-07-09T19-10-24-019f49ca-54e7-7a91-82e7-a52b53cfd456:94,78258,no_resolved_path
agentsight,e58fce112c6e,20,21,codex:rollout-2026-07-09T19-10-24-019f49ca-54e7-7a91-82e7-a52b53cfd456:95,78260,no_resolved_path
agentsight,e58fce112c6e,20,21,codex:rollout-2026-07-09T19-10-24-019f49ca-54e7-7a91-82e7-a52b53cfd456:96,78261,no_resolved_path
agentsight,e58fce112c6e,20,21,codex:rollout-2026-07-10T23-07-15-019f4fc9-86af-7421-a691-6639a928628c:12,78263,no_resolved_path
agentsight,e58fce112c6e,20,21,codex:rollout-2026-07-09T19-10-24-019f49ca-54e7-7a91-82e7-a52b53cfd456:97,78264,predecessor_module
agentsight,e58fce112c6e,20,21,codex:rollout-2026-07-09T19-10-24-019f49ca-54e7-7a91-82e7-a52b53cfd456:98,78265,predecessor_module
agentsight,e58fce112c6e,20,21,codex:rollout-2026-07-09T19-10-24-019f49ca-54e7-7a91-82e7-a52b53cfd456:99,78266,no_resolved_path
agentsight,e58fce112c6e,20,21,codex:rollout-2026-07-09T19-10-24-019f49ca-54e7-7a91-82e7-a52b53cfd456:100,78267,no_resolved_path
agentsight,e58fce112c6e,20,21,codex:rollout-2026-07-09T19-10-24-019f49ca-54e7-7a91-82e7-a52b53cfd456:101,78268,no_resolved_path
agentsight,e58fce112c6e,20,21,codex:rollout-2026-07-09T19-10-24-019f49ca-54e7-7a91-82e7-a52b53cfd456:102,78269,no_resolved_path
agentsight,e58fce112c6e,20,21,codex:rollout-2026-07-09T19-10-24-019f49ca-54e7-7a91-82e7-a52b53cfd456:103,78271,no_resolved_path
agentsight,e58fce112c6e,20,21,codex:rollout-2026-07-09T19-10-24-019f49ca-54e7-7a91-82e7-a52b53cfd456:104,78272,no_resolved_path
agentsight,e58fce112c6e,20,21,codex:rollout-2026-07-09T19-10-24-019f49ca-54e7-7a91-82e7-a52b53cfd456:105,78273,predecessor_module
agentsight,e58fce112c6e,20,21,codex:rollout-2026-07-10T14-58-45-019f4e0a-4dcc-74f1-8660-ffcb102ce0a2:213,78274,no_resolved_path
agentsight,e58fce112c6e,20,21,codex:rollout-2026-07-09T19-10-24-019f49ca-54e7-7a91-82e7-a52b53cfd456:106,78276,predecessor_module
agentsight,e58fce112c6e,20,21,codex:rollout-2026-07-09T19-10-24-019f49ca-54e7-7a91-82e7-a52b53cfd456:107,78277,no_resolved_path
agentsight,e58fce112c6e,20,21,codex:rollout-2026-07-09T19-10-24-019f49ca-54e7-7a91-82e7-a52b53cfd456:108,78278,no_resolved_path
agentsight,e58fce112c6e,20,21,codex:rollout-2026-07-09T19-10-24-019f49ca-54e7-7a91-82e7-a52b53cfd456:109,78279,no_resolved_path
agentsight,e58fce112c6e,20,21,codex:rollout-2026-07-09T19-10-24-019f49ca-54e7-7a91-82e7-a52b53cfd456:110,78280,no_resolved_path
agentsight,e58fce112c6e,20,21,codex:rollout-2026-07-09T19-10-24-019f49ca-54e7-7a91-82e7-a52b53cfd456:111,78281,no_resolved_path
agentsight,e58fce112c6e,20,21,codex:rollout-2026-07-09T19-10-24-019f49ca-54e7-7a91-82e7-a52b53cfd456:112,78282,no_resolved_path
agentsight,e58fce112c6e,20,21,codex:rollout-2026-07-09T19-10-24-019f49ca-54e7-7a91-82e7-a52b53cfd456:113,78283,no_resolved_path
agentsight,e58fce112c6e,20,21,codex:rollout-2026-07-09T19-10-24-019f49ca-54e7-7a91-82e7-a52b53cfd456:114,78284,no_resolved_path
agentsight,e58fce112c6e,20,21,codex:rollout-2026-07-09T19-10-24-019f49ca-54e7-7a91-82e7-a52b53cfd456:115,78285,no_resolved_path
agentsight,e58fce112c6e,20,21,codex:rollout-2026-07-09T19-10-24-019f49ca-54e7-7a91-82e7-a52b53cfd456:116,78286,no_resolved_path
agentsight,e58fce112c6e,20,21,codex:rollout-2026-07-09T19-10-24-019f49ca-54e7-7a91-82e7-a52b53cfd456:117,78287,no_resolved_path
agentsight,e58fce112c6e,20,21,codex:rollout-2026-07-09T19-10-24-019f49ca-54e7-7a91-82e7-a52b53cfd456:118,78288,no_resolved_path
agentsight,e58fce112c6e,20,21,codex:rollout-2026-07-09T19-10-24-019f49ca-54e7-7a91-82e7-a52b53cfd456:119,78289,no_resolved_path
agentsight,e58fce112c6e,20,21,codex:rollout-2026-07-09T19-10-24-019f49ca-54e7-7a91-82e7-a52b53cfd456:120,78290,no_resolved_path
agentsight,e58fce112c6e,20,21,codex:rollout-2026-07-09T19-10-24-019f49ca-54e7-7a91-82e7-a52b53cfd456:121,78291,no_resolved_path
agentsight,e58fce112c6e,20,21,codex:rollout-2026-07-09T19-10-24-019f49ca-54e7-7a91-82e7-a52b53cfd456:122,78292,no_resolved_path
agentsight,e58fce112c6e,20,21,codex:rollout-2026-07-09T19-10-24-019f49ca-54e7-7a91-82e7-a52b53cfd456:123,78293,no_resolved_path
agentsight,e58fce112c6e,20,21,codex:rollout-2026-07-10T14-58-45-019f4e0a-4dcc-74f1-8660-ffcb102ce0a2:215,78294,no_resolved_path
agentsight,e58fce112c6e,20,21,codex:rollout-2026-07-10T14-58-45-019f4e0a-4dcc-74f1-8660-ffcb102ce0a2:216,78295,no_resolved_path
agentsight,e58fce112c6e,20,21,codex:rollout-2026-07-09T19-10-24-019f49ca-54e7-7a91-82e7-a52b53cfd456:124,78296,no_resolved_path
agentsight,e58fce112c6e,20,21,codex:rollout-2026-07-10T14-58-45-019f4e0a-4dcc-74f1-8660-ffcb102ce0a2:217,78297,no_resolved_path
agentsight,e58fce112c6e,20,21,codex:rollout-2026-07-10T14-58-45-019f4e0a-4dcc-74f1-8660-ffcb102ce0a2:218,78298,no_resolved_path
agentsight,e58fce112c6e,20,21,codex:rollout-2026-07-10T14-58-45-019f4e0a-4dcc-74f1-8660-ffcb102ce0a2:219,78299,no_resolved_path
agentsight,e58fce112c6e,20,21,codex:rollout-2026-07-09T19-10-24-019f49ca-54e7-7a91-82e7-a52b53cfd456:125,78300,no_resolved_path
agentsight,e58fce112c6e,20,21,codex:rollout-2026-07-10T14-58-45-019f4e0a-4dcc-74f1-8660-ffcb102ce0a2:223,78304,no_resolved_path
agentsight,e58fce112c6e,20,21,codex:rollout-2026-07-10T14-58-45-019f4e0a-4dcc-74f1-8660-ffcb102ce0a2:224,78305,no_resolved_path
agentsight,e58fce112c6e,20,21,codex:rollout-2026-07-09T19-10-24-019f49ca-54e7-7a91-82e7-a52b53cfd456:126,78306,no_resolved_path
agentsight,e58fce112c6e,20,21,codex:rollout-2026-07-10T14-58-45-019f4e0a-4dcc-74f1-8660-ffcb102ce0a2:226,78308,no_resolved_path
agentsight,e58fce112c6e,20,21,codex:rollout-2026-07-10T23-07-15-019f4fc9-86af-7421-a691-6639a928628c:14,78309,no_resolved_path
agentsight,e58fce112c6e,20,21,codex:rollout-2026-07-10T14-58-45-019f4e0a-4dcc-74f1-8660-ffcb102ce0a2:227,78310,no_resolved_path
agentsight,e58fce112c6e,20,21,codex:rollout-2026-07-10T23-07-15-019f4fc9-86af-7421-a691-6639a928628c:15,78311,no_resolved_path
agentsight,e58fce112c6e,20,21,codex:rollout-2026-07-10T14-58-45-019f4e0a-4dcc-74f1-8660-ffcb102ce0a2:228,78312,no_resolved_path
agentsight,e58fce112c6e,20,21,codex:rollout-2026-07-10T14-58-45-019f4e0a-4dcc-74f1-8660-ffcb102ce0a2:229,78313,no_resolved_path
agentsight,e58fce112c6e,20,21,codex:rollout-2026-07-09T19-10-24-019f49ca-54e7-7a91-82e7-a52b53cfd456:127,78314,no_resolved_path
agentsight,e58fce112c6e,20,21,codex:rollout-2026-07-10T23-07-15-019f4fc9-86af-7421-a691-6639a928628c:16,78315,no_resolved_path
agentsight,e58fce112c6e,20,21,codex:rollout-2026-07-10T14-58-45-019f4e0a-4dcc-74f1-8660-ffcb102ce0a2:230,78319,no_resolved_path
agentsight,e58fce112c6e,20,21,codex:rollout-2026-07-10T14-58-45-019f4e0a-4dcc-74f1-8660-ffcb102ce0a2:231,78321,no_resolved_path
agentsight,e58fce112c6e,20,21,codex:rollout-2026-07-09T19-10-24-019f49ca-54e7-7a91-82e7-a52b53cfd456:128,78322,no_resolved_path
agentsight,e58fce112c6e,20,21,codex:rollout-2026-07-09T19-10-24-019f49ca-54e7-7a91-82e7-a52b53cfd456:129,78323,no_resolved_path
agentsight,e58fce112c6e,20,21,codex:rollout-2026-07-10T14-58-45-019f4e0a-4dcc-74f1-8660-ffcb102ce0a2:232,78324,no_resolved_path
agentsight,e58fce112c6e,20,21,codex:rollout-2026-07-09T19-10-24-019f49ca-54e7-7a91-82e7-a52b53cfd456:130,78325,no_resolved_path
agentsight,e58fce112c6e,20,21,codex:rollout-2026-07-10T23-07-15-019f4fc9-86af-7421-a691-6639a928628c:21,78326,no_resolved_path
agentsight,e58fce112c6e,20,21,codex:rollout-2026-07-10T14-58-45-019f4e0a-4dcc-74f1-8660-ffcb102ce0a2:233,78327,no_resolved_path
agentsight,e58fce112c6e,20,21,codex:rollout-2026-07-09T19-10-24-019f49ca-54e7-7a91-82e7-a52b53cfd456:131,78328,no_resolved_path
agentsight,e58fce112c6e,20,21,codex:rollout-2026-07-09T19-10-24-019f49ca-54e7-7a91-82e7-a52b53cfd456:132,78329,no_resolved_path
agentsight,e58fce112c6e,20,21,codex:rollout-2026-07-09T19-10-24-019f49ca-54e7-7a91-82e7-a52b53cfd456:133,78330,no_resolved_path
agentsight,e58fce112c6e,20,21,codex:rollout-2026-07-09T19-10-24-019f49ca-54e7-7a91-82e7-a52b53cfd456:134,78331,no_resolved_path
agentsight,e58fce112c6e,20,21,codex:rollout-2026-07-10T14-58-45-019f4e0a-4dcc-74f1-8660-ffcb102ce0a2:235,78333,no_resolved_path
agentsight,e58fce112c6e,20,21,codex:rollout-2026-07-09T19-10-24-019f49ca-54e7-7a91-82e7-a52b53cfd456:135,78334,no_resolved_path
agentsight,e58fce112c6e,20,21,codex:rollout-2026-07-09T19-10-24-019f49ca-54e7-7a91-82e7-a52b53cfd456:136,78335,no_resolved_path
agentsight,e58fce112c6e,20,21,codex:rollout-2026-07-09T19-10-24-019f49ca-54e7-7a91-82e7-a52b53cfd456:137,78336,no_resolved_path
agentsight,e58fce112c6e,20,21,codex:rollout-2026-07-10T14-58-45-019f4e0a-4dcc-74f1-8660-ffcb102ce0a2:236,78337,no_resolved_path
agentsight,e58fce112c6e,20,21,codex:rollout-2026-07-10T23-07-15-019f4fc9-86af-7421-a691-6639a928628c:22,78338,no_resolved_path
agentsight,e58fce112c6e,20,21,codex:rollout-2026-07-10T23-07-15-019f4fc9-86af-7421-a691-6639a928628c:23,78339,no_resolved_path
agentsight,e58fce112c6e,20,21,codex:rollout-2026-07-10T14-58-45-019f4e0a-4dcc-74f1-8660-ffcb102ce0a2:237,78340,no_resolved_path
agentsight,e58fce112c6e,20,21,codex:rollout-2026-07-10T14-58-45-019f4e0a-4dcc-74f1-8660-ffcb102ce0a2:238,78341,no_resolved_path
agentsight,e58fce112c6e,20,21,codex:rollout-2026-07-09T19-10-24-019f49ca-54e7-7a91-82e7-a52b53cfd456:138,78342,no_resolved_path
agentsight,e58fce112c6e,20,21,codex:rollout-2026-07-09T19-10-24-019f49ca-54e7-7a91-82e7-a52b53cfd456:139,78343,no_resolved_path
agentsight,e58fce112c6e,20,21,codex:rollout-2026-07-09T19-10-24-019f49ca-54e7-7a91-82e7-a52b53cfd456:140,78344,no_resolved_path
agentsight,e58fce112c6e,20,21,codex:rollout-2026-07-10T23-07-15-019f4fc9-86af-7421-a691-6639a928628c:24,78345,no_resolved_path
agentsight,e58fce112c6e,20,21,codex:rollout-2026-07-09T19-10-24-019f49ca-54e7-7a91-82e7-a52b53cfd456:141,78346,no_resolved_path
agentsight,e58fce112c6e,20,21,codex:rollout-2026-07-09T19-10-24-019f49ca-54e7-7a91-82e7-a52b53cfd456:142,78347,no_resolved_path
agentsight,e58fce112c6e,20,21,codex:rollout-2026-07-09T19-10-24-019f49ca-54e7-7a91-82e7-a52b53cfd456:143,78348,no_resolved_path
agentsight,e58fce112c6e,20,21,codex:rollout-2026-07-10T14-58-45-019f4e0a-4dcc-74f1-8660-ffcb102ce0a2:239,78349,no_resolved_path
agentsight,e58fce112c6e,20,21,codex:rollout-2026-07-09T19-10-24-019f49ca-54e7-7a91-82e7-a52b53cfd456:144,78350,no_resolved_path
agentsight,e58fce112c6e,20,21,codex:rollout-2026-07-10T14-58-45-019f4e0a-4dcc-74f1-8660-ffcb102ce0a2:240,78351,no_resolved_path
agentsight,e58fce112c6e,20,21,codex:rollout-2026-07-09T19-10-24-019f49ca-54e7-7a91-82e7-a52b53cfd456:145,78353,no_resolved_path
agentsight,e58fce112c6e,20,21,codex:rollout-2026-07-09T19-10-24-019f49ca-54e7-7a91-82e7-a52b53cfd456:146,78354,no_resolved_path
agentsight,e58fce112c6e,20,21,codex:rollout-2026-07-09T19-10-24-019f49ca-54e7-7a91-82e7-a52b53cfd456:147,78355,no_resolved_path
agentsight,e58fce112c6e,20,21,codex:rollout-2026-07-09T19-10-24-019f49ca-54e7-7a91-82e7-a52b53cfd456:148,78356,no_resolved_path
agentsight,e58fce112c6e,20,21,codex:rollout-2026-07-09T19-10-24-019f49ca-54e7-7a91-82e7-a52b53cfd456:149,78357,no_resolved_path
agentsight,e58fce112c6e,20,21,codex:rollout-2026-07-09T19-10-24-019f49ca-54e7-7a91-82e7-a52b53cfd456:150,78358,other_resolved_artifact
agentsight,e58fce112c6e,20,21,codex:rollout-2026-07-09T19-10-24-019f49ca-54e7-7a91-82e7-a52b53cfd456:151,78359,no_resolved_path
agentsight,e58fce112c6e,20,21,codex:rollout-2026-07-09T19-10-24-019f49ca-54e7-7a91-82e7-a52b53cfd456:152,78360,no_resolved_path
agentsight,e58fce112c6e,20,21,codex:rollout-2026-07-09T19-10-24-019f49ca-54e7-7a91-82e7-a52b53cfd456:153,78361,no_resolved_path
agentsight,e58fce112c6e,20,21,codex:rollout-2026-07-09T19-10-24-019f49ca-54e7-7a91-82e7-a52b53cfd456:154,78362,no_resolved_path
agentsight,e58fce112c6e,20,21,codex:rollout-2026-07-09T19-10-24-019f49ca-54e7-7a91-82e7-a52b53cfd456:155,78363,no_resolved_path
agentsight,e58fce112c6e,20,21,codex:rollout-2026-07-09T19-10-24-019f49ca-54e7-7a91-82e7-a52b53cfd456:156,78364,no_resolved_path
agentsight,e58fce112c6e,20,21,codex:rollout-2026-07-09T19-10-24-019f49ca-54e7-7a91-82e7-a52b53cfd456:157,78365,no_resolved_path
agentsight,e58fce112c6e,20,21,codex:rollout-2026-07-09T19-10-24-019f49ca-54e7-7a91-82e7-a52b53cfd456:158,78366,no_resolved_path
agentsight,e58fce112c6e,20,21,codex:rollout-2026-07-09T19-10-24-019f49ca-54e7-7a91-82e7-a52b53cfd456:159,78367,no_resolved_path
agentsight,e58fce112c6e,20,21,codex:rollout-2026-07-09T19-10-24-019f49ca-54e7-7a91-82e7-a52b53cfd456:160,78368,no_resolved_path
agentsight,e58fce112c6e,20,21,codex:rollout-2026-07-09T19-10-24-019f49ca-54e7-7a91-82e7-a52b53cfd456:161,78369,no_resolved_path
agentsight,e58fce112c6e,20,21,codex:rollout-2026-07-09T19-10-24-019f49ca-54e7-7a91-82e7-a52b53cfd456:162,78370,no_resolved_path
agentsight,e58fce112c6e,20,21,codex:rollout-2026-07-09T19-10-24-019f49ca-54e7-7a91-82e7-a52b53cfd456:163,78371,no_resolved_path
agentsight,e58fce112c6e,20,21,codex:rollout-2026-07-09T19-10-24-019f49ca-54e7-7a91-82e7-a52b53cfd456:164,78372,no_resolved_path
agentsight,e58fce112c6e,20,21,codex:rollout-2026-07-09T19-10-24-019f49ca-54e7-7a91-82e7-a52b53cfd456:165,78373,no_resolved_path
agentsight,e58fce112c6e,20,21,codex:rollout-2026-07-09T19-10-24-019f49ca-54e7-7a91-82e7-a52b53cfd456:166,78374,no_resolved_path
agentsight,e58fce112c6e,20,21,codex:rollout-2026-07-09T19-10-24-019f49ca-54e7-7a91-82e7-a52b53cfd456:167,78375,no_resolved_path
agentsight,e58fce112c6e,20,21,codex:rollout-2026-07-09T19-10-24-019f49ca-54e7-7a91-82e7-a52b53cfd456:168,78376,no_resolved_path
agentsight,e58fce112c6e,20,21,codex:rollout-2026-07-09T19-10-24-019f49ca-54e7-7a91-82e7-a52b53cfd456:169,78377,no_resolved_path
agentsight,e58fce112c6e,20,21,codex:rollout-2026-07-09T19-10-24-019f49ca-54e7-7a91-82e7-a52b53cfd456:170,78378,no_resolved_path
agentsight,e58fce112c6e,20,21,codex:rollout-2026-07-09T19-10-24-019f49ca-54e7-7a91-82e7-a52b53cfd456:171,78379,no_resolved_path
agentsight,e58fce112c6e,20,21,codex:rollout-2026-07-09T19-10-24-019f49ca-54e7-7a91-82e7-a52b53cfd456:172,78380,no_resolved_path
agentsight,e58fce112c6e,20,21,codex:rollout-2026-07-09T19-10-24-019f49ca-54e7-7a91-82e7-a52b53cfd456:173,78381,predecessor_artifact
agentsight,e58fce112c6e,20,21,codex:rollout-2026-07-09T19-10-24-019f49ca-54e7-7a91-82e7-a52b53cfd456:174,78382,no_resolved_path
agentsight,e58fce112c6e,20,21,codex:rollout-2026-07-09T19-10-24-019f49ca-54e7-7a91-82e7-a52b53cfd456:175,78383,no_resolved_path
agentsight,e58fce112c6e,20,21,codex:rollout-2026-07-09T19-10-24-019f49ca-54e7-7a91-82e7-a52b53cfd456:176,78384,no_resolved_path
agentsight,e58fce112c6e,20,21,codex:rollout-2026-07-09T19-10-24-019f49ca-54e7-7a91-82e7-a52b53cfd456:177,78385,other_resolved_artifact
agentsight,e58fce112c6e,20,21,codex:rollout-2026-07-09T19-10-24-019f49ca-54e7-7a91-82e7-a52b53cfd456:178,78386,other_resolved_artifact
agentsight,e58fce112c6e,20,21,codex:rollout-2026-07-09T19-10-24-019f49ca-54e7-7a91-82e7-a52b53cfd456:179,78387,other_resolved_artifact
agentsight,e58fce112c6e,20,21,codex:rollout-2026-07-09T19-10-24-019f49ca-54e7-7a91-82e7-a52b53cfd456:180,78388,other_resolved_artifact
agentsight,e58fce112c6e,20,21,codex:rollout-2026-07-09T19-10-24-019f49ca-54e7-7a91-82e7-a52b53cfd456:181,78389,other_resolved_artifact
agentsight,e58fce112c6e,20,21,codex:rollout-2026-07-09T19-10-24-019f49ca-54e7-7a91-82e7-a52b53cfd456:182,78390,predecessor_artifact
agentsight,e58fce112c6e,20,21,codex:rollout-2026-07-09T19-10-24-019f49ca-54e7-7a91-82e7-a52b53cfd456:183,78391,predecessor_artifact
agentsight,e58fce112c6e,20,21,codex:rollout-2026-07-09T19-10-24-019f49ca-54e7-7a91-82e7-a52b53cfd456:184,78392,predecessor_module
agentsight,e58fce112c6e,20,21,codex:rollout-2026-07-09T19-10-24-019f49ca-54e7-7a91-82e7-a52b53cfd456:185,78393,predecessor_module
agentsight,e58fce112c6e,20,21,codex:rollout-2026-07-09T19-10-24-019f49ca-54e7-7a91-82e7-a52b53cfd456:186,78394,no_resolved_path
agentsight,e58fce112c6e,20,21,codex:rollout-2026-07-09T19-10-24-019f49ca-54e7-7a91-82e7-a52b53cfd456:187,78395,no_resolved_path
agentsight,e58fce112c6e,20,21,codex:rollout-2026-07-09T19-10-24-019f49ca-54e7-7a91-82e7-a52b53cfd456:188,78396,no_resolved_path
agentsight,e58fce112c6e,20,21,codex:rollout-2026-07-09T19-10-24-019f49ca-54e7-7a91-82e7-a52b53cfd456:189,78397,no_resolved_path
agentsight,e58fce112c6e,20,21,codex:rollout-2026-07-09T19-10-24-019f49ca-54e7-7a91-82e7-a52b53cfd456:190,78398,no_resolved_path
agentsight,e58fce112c6e,20,21,codex:rollout-2026-07-09T19-10-24-019f49ca-54e7-7a91-82e7-a52b53cfd456:191,78399,no_resolved_path
agentsight,e58fce112c6e,20,21,codex:rollout-2026-07-09T19-10-24-019f49ca-54e7-7a91-82e7-a52b53cfd456:192,78400,predecessor_module
agentsight,e58fce112c6e,20,21,codex:rollout-2026-07-09T19-10-24-019f49ca-54e7-7a91-82e7-a52b53cfd456:193,78401,predecessor_module
agentsight,e58fce112c6e,20,21,codex:rollout-2026-07-09T19-10-24-019f49ca-54e7-7a91-82e7-a52b53cfd456:194,78402,predecessor_artifact
agentsight,e58fce112c6e,20,21,codex:rollout-2026-07-09T19-10-24-019f49ca-54e7-7a91-82e7-a52b53cfd456:195,78403,predecessor_artifact
agentsight,e58fce112c6e,20,21,codex:rollout-2026-07-09T19-10-24-019f49ca-54e7-7a91-82e7-a52b53cfd456:196,78404,no_resolved_path
agentsight,e58fce112c6e,20,21,codex:rollout-2026-07-09T19-10-24-019f49ca-54e7-7a91-82e7-a52b53cfd456:197,78405,no_resolved_path
agentsight,e58fce112c6e,20,21,codex:rollout-2026-07-09T19-10-24-019f49ca-54e7-7a91-82e7-a52b53cfd456:198,78406,no_resolved_path
agentsight,e58fce112c6e,20,21,codex:rollout-2026-07-09T19-10-24-019f49ca-54e7-7a91-82e7-a52b53cfd456:199,78407,no_resolved_path
agentsight,e58fce112c6e,20,21,codex:rollout-2026-07-09T19-10-24-019f49ca-54e7-7a91-82e7-a52b53cfd456:200,78408,no_resolved_path
agentsight,e58fce112c6e,20,21,codex:rollout-2026-07-09T19-10-24-019f49ca-54e7-7a91-82e7-a52b53cfd456:201,78409,no_resolved_path
agentsight,e58fce112c6e,20,21,codex:rollout-2026-07-09T19-10-24-019f49ca-54e7-7a91-82e7-a52b53cfd456:202,78410,no_resolved_path
agentsight,e58fce112c6e,20,21,codex:rollout-2026-07-09T19-10-24-019f49ca-54e7-7a91-82e7-a52b53cfd456:203,78411,no_resolved_path
agentsight,e58fce112c6e,20,21,codex:rollout-2026-07-09T19-10-24-019f49ca-54e7-7a91-82e7-a52b53cfd456:204,78412,no_resolved_path
agentsight,e58fce112c6e,20,21,codex:rollout-2026-07-09T19-10-24-019f49ca-54e7-7a91-82e7-a52b53cfd456:205,78413,no_resolved_path
agentsight,e58fce112c6e,20,21,codex:rollout-2026-07-09T19-10-24-019f49ca-54e7-7a91-82e7-a52b53cfd456:206,78414,no_resolved_path
agentsight,e58fce112c6e,20,21,codex:rollout-2026-07-09T19-10-24-019f49ca-54e7-7a91-82e7-a52b53cfd456:207,78415,predecessor_module
agentsight,e58fce112c6e,20,21,codex:rollout-2026-07-09T19-10-24-019f49ca-54e7-7a91-82e7-a52b53cfd456:208,78416,predecessor_module
agentsight,e58fce112c6e,20,21,codex:rollout-2026-07-09T19-10-24-019f49ca-54e7-7a91-82e7-a52b53cfd456:209,78417,other_resolved_artifact
agentsight,e58fce112c6e,20,21,codex:rollout-2026-07-09T19-10-24-019f49ca-54e7-7a91-82e7-a52b53cfd456:210,78418,other_resolved_artifact
agentsight,e58fce112c6e,20,21,codex:rollout-2026-07-09T19-10-24-019f49ca-54e7-7a91-82e7-a52b53cfd456:211,78419,no_resolved_path
agentsight,e58fce112c6e,20,21,codex:rollout-2026-07-09T19-10-24-019f49ca-54e7-7a91-82e7-a52b53cfd456:212,78420,no_resolved_path
agentsight,e58fce112c6e,20,21,codex:rollout-2026-07-09T19-10-24-019f49ca-54e7-7a91-82e7-a52b53cfd456:213,78421,other_resolved_artifact
agentsight,e58fce112c6e,20,21,codex:rollout-2026-07-09T19-10-24-019f49ca-54e7-7a91-82e7-a52b53cfd456:214,78422,no_resolved_path
agentsight,e58fce112c6e,20,21,codex:rollout-2026-07-09T19-10-24-019f49ca-54e7-7a91-82e7-a52b53cfd456:215,78423,no_resolved_path
agentsight,e58fce112c6e,20,21,codex:rollout-2026-07-09T19-10-24-019f49ca-54e7-7a91-82e7-a52b53cfd456:216,78424,other_resolved_artifact
agentsight,e58fce112c6e,20,21,codex:rollout-2026-07-09T19-10-24-019f49ca-54e7-7a91-82e7-a52b53cfd456:217,78425,other_resolved_artifact
agentsight,e58fce112c6e,20,21,codex:rollout-2026-07-09T19-10-24-019f49ca-54e7-7a91-82e7-a52b53cfd456:218,78426,no_resolved_path
agentsight,e58fce112c6e,20,21,codex:rollout-2026-07-09T19-10-24-019f49ca-54e7-7a91-82e7-a52b53cfd456:219,78427,no_resolved_path
agentsight,e58fce112c6e,20,21,codex:rollout-2026-07-09T19-10-24-019f49ca-54e7-7a91-82e7-a52b53cfd456:220,78428,no_resolved_path
agentsight,e58fce112c6e,20,21,codex:rollout-2026-07-09T19-10-24-019f49ca-54e7-7a91-82e7-a52b53cfd456:221,78429,no_resolved_path
agentsight,e58fce112c6e,20,21,codex:rollout-2026-07-09T19-10-24-019f49ca-54e7-7a91-82e7-a52b53cfd456:222,78430,no_resolved_path
agentsight,e58fce112c6e,20,21,codex:rollout-2026-07-09T19-10-24-019f49ca-54e7-7a91-82e7-a52b53cfd456:223,78431,no_resolved_path
agentsight,e58fce112c6e,20,21,codex:rollout-2026-07-09T19-10-24-019f49ca-54e7-7a91-82e7-a52b53cfd456:224,78432,no_resolved_path
agentsight,e58fce112c6e,20,21,codex:rollout-2026-07-09T19-10-24-019f49ca-54e7-7a91-82e7-a52b53cfd456:225,78433,no_resolved_path
agentsight,e58fce112c6e,20,21,codex:rollout-2026-07-09T19-10-24-019f49ca-54e7-7a91-82e7-a52b53cfd456:226,78434,no_resolved_path
agentsight,e58fce112c6e,20,21,codex:rollout-2026-07-09T19-10-24-019f49ca-54e7-7a91-82e7-a52b53cfd456:227,78435,no_resolved_path
agentsight,e58fce112c6e,20,21,codex:rollout-2026-07-09T19-10-24-019f49ca-54e7-7a91-82e7-a52b53cfd456:228,78436,no_resolved_path
agentsight,e58fce112c6e,20,21,codex:rollout-2026-07-09T19-10-24-019f49ca-54e7-7a91-82e7-a52b53cfd456:229,78437,no_resolved_path
agentsight,e58fce112c6e,20,21,codex:rollout-2026-07-09T19-10-24-019f49ca-54e7-7a91-82e7-a52b53cfd456:230,78438,no_resolved_path
agentsight,e58fce112c6e,20,21,codex:rollout-2026-07-09T19-10-24-019f49ca-54e7-7a91-82e7-a52b53cfd456:231,78439,no_resolved_path
agentsight,e58fce112c6e,20,21,codex:rollout-2026-07-09T19-10-24-019f49ca-54e7-7a91-82e7-a52b53cfd456:232,78440,no_resolved_path
agentsight,e58fce112c6e,20,21,codex:rollout-2026-07-09T19-10-24-019f49ca-54e7-7a91-82e7-a52b53cfd456:233,78441,no_resolved_path
agentsight,e58fce112c6e,20,21,codex:rollout-2026-07-09T19-10-24-019f49ca-54e7-7a91-82e7-a52b53cfd456:234,78442,predecessor_module
agentsight,e58fce112c6e,20,21,codex:rollout-2026-07-09T19-10-24-019f49ca-54e7-7a91-82e7-a52b53cfd456:235,78443,predecessor_module
agentsight,e58fce112c6e,20,21,codex:rollout-2026-07-09T19-10-24-019f49ca-54e7-7a91-82e7-a52b53cfd456:236,78444,predecessor_module
agentsight,e58fce112c6e,20,21,codex:rollout-2026-07-09T19-10-24-019f49ca-54e7-7a91-82e7-a52b53cfd456:237,78445,predecessor_module
agentsight,e58fce112c6e,20,21,codex:rollout-2026-07-09T19-10-24-019f49ca-54e7-7a91-82e7-a52b53cfd456:238,78446,predecessor_module
agentsight,e58fce112c6e,20,21,codex:rollout-2026-07-09T19-10-24-019f49ca-54e7-7a91-82e7-a52b53cfd456:239,78447,predecessor_module
agentsight,e58fce112c6e,20,21,codex:rollout-2026-07-09T19-10-24-019f49ca-54e7-7a91-82e7-a52b53cfd456:240,78448,predecessor_module
agentsight,e58fce112c6e,20,21,codex:rollout-2026-07-09T19-10-24-019f49ca-54e7-7a91-82e7-a52b53cfd456:241,78449,other_resolved_artifact
agentsight,e58fce112c6e,20,21,codex:rollout-2026-07-09T19-10-24-019f49ca-54e7-7a91-82e7-a52b53cfd456:242,78450,other_resolved_artifact
agentsight,e58fce112c6e,20,21,codex:rollout-2026-07-09T19-10-24-019f49ca-54e7-7a91-82e7-a52b53cfd456:243,78451,other_resolved_artifact
agentsight,e58fce112c6e,20,21,codex:rollout-2026-07-09T19-10-24-019f49ca-54e7-7a91-82e7-a52b53cfd456:244,78452,no_resolved_path
agentsight,e58fce112c6e,20,21,codex:rollout-2026-07-09T19-10-24-019f49ca-54e7-7a91-82e7-a52b53cfd456:245,78453,no_resolved_path
agentsight,e58fce112c6e,20,21,codex:rollout-2026-07-09T19-10-24-019f49ca-54e7-7a91-82e7-a52b53cfd456:246,78454,no_resolved_path
agentsight,e58fce112c6e,20,21,codex:rollout-2026-07-09T19-10-24-019f49ca-54e7-7a91-82e7-a52b53cfd456:247,78455,predecessor_module
agentsight,e58fce112c6e,20,21,codex:rollout-2026-07-09T19-10-24-019f49ca-54e7-7a91-82e7-a52b53cfd456:248,78456,no_resolved_path
agentsight,e58fce112c6e,20,21,codex:rollout-2026-07-09T19-10-24-019f49ca-54e7-7a91-82e7-a52b53cfd456:249,78457,no_resolved_path
agentsight,e58fce112c6e,20,21,codex:rollout-2026-07-10T14-58-45-019f4e0a-4dcc-74f1-8660-ffcb102ce0a2:242,78458,no_resolved_path
agentsight,e58fce112c6e,20,21,codex:rollout-2026-07-10T14-58-45-019f4e0a-4dcc-74f1-8660-ffcb102ce0a2:243,78459,no_resolved_path
agentsight,e58fce112c6e,20,21,codex:rollout-2026-07-09T19-10-24-019f49ca-54e7-7a91-82e7-a52b53cfd456:250,78460,other_resolved_artifact
agentsight,e58fce112c6e,20,21,codex:rollout-2026-07-09T19-10-24-019f49ca-54e7-7a91-82e7-a52b53cfd456:251,78461,no_resolved_path
agentsight,e58fce112c6e,20,21,codex:rollout-2026-07-10T14-58-45-019f4e0a-4dcc-74f1-8660-ffcb102ce0a2:244,78462,no_resolved_path
agentsight,e58fce112c6e,20,21,codex:rollout-2026-07-10T14-58-45-019f4e0a-4dcc-74f1-8660-ffcb102ce0a2:245,78463,no_resolved_path
agentsight,e58fce112c6e,20,21,codex:rollout-2026-07-09T19-10-24-019f49ca-54e7-7a91-82e7-a52b53cfd456:252,78464,no_resolved_path
agentsight,e58fce112c6e,20,21,codex:rollout-2026-07-10T14-58-45-019f4e0a-4dcc-74f1-8660-ffcb102ce0a2:246,78465,no_resolved_path
agentsight,e58fce112c6e,20,21,codex:rollout-2026-07-10T14-58-45-019f4e0a-4dcc-74f1-8660-ffcb102ce0a2:247,78466,no_resolved_path
agentsight,e58fce112c6e,20,21,codex:rollout-2026-07-09T19-10-24-019f49ca-54e7-7a91-82e7-a52b53cfd456:253,78467,other_resolved_artifact
agentsight,e58fce112c6e,20,21,codex:rollout-2026-07-09T19-10-24-019f49ca-54e7-7a91-82e7-a52b53cfd456:254,78468,no_resolved_path
agentsight,e58fce112c6e,20,21,codex:rollout-2026-07-09T19-10-24-019f49ca-54e7-7a91-82e7-a52b53cfd456:255,78469,no_resolved_path
agentsight,e58fce112c6e,20,21,codex:rollout-2026-07-09T19-10-24-019f49ca-54e7-7a91-82e7-a52b53cfd456:256,78470,no_resolved_path
agentsight,e58fce112c6e,20,21,codex:rollout-2026-07-09T19-10-24-019f49ca-54e7-7a91-82e7-a52b53cfd456:257,78471,no_resolved_path
agentsight,e58fce112c6e,20,21,codex:rollout-2026-07-09T19-10-24-019f49ca-54e7-7a91-82e7-a52b53cfd456:258,78472,no_resolved_path
agentsight,e58fce112c6e,20,21,codex:rollout-2026-07-10T14-58-45-019f4e0a-4dcc-74f1-8660-ffcb102ce0a2:249,78474,no_resolved_path
agentsight,e58fce112c6e,20,21,codex:rollout-2026-07-10T14-58-45-019f4e0a-4dcc-74f1-8660-ffcb102ce0a2:250,78475,no_resolved_path
agentsight,e58fce112c6e,20,21,codex:rollout-2026-07-09T19-10-24-019f49ca-54e7-7a91-82e7-a52b53cfd456:259,78476,no_resolved_path
agentsight,e58fce112c6e,20,21,codex:rollout-2026-07-09T19-10-24-019f49ca-54e7-7a91-82e7-a52b53cfd456:260,78477,no_resolved_path
agentsight,e58fce112c6e,20,21,codex:rollout-2026-07-09T19-10-24-019f49ca-54e7-7a91-82e7-a52b53cfd456:261,78479,no_resolved_path
agentsight,e58fce112c6e,20,21,codex:rollout-2026-07-09T19-10-24-019f49ca-54e7-7a91-82e7-a52b53cfd456:262,78480,no_resolved_path
agentsight,e58fce112c6e,20,21,codex:rollout-2026-07-09T19-10-24-019f49ca-54e7-7a91-82e7-a52b53cfd456:263,78481,no_resolved_path
agentsight,e58fce112c6e,20,21,codex:rollout-2026-07-09T19-10-24-019f49ca-54e7-7a91-82e7-a52b53cfd456:264,78484,other_resolved_artifact
agentsight,e58fce112c6e,20,21,codex:rollout-2026-07-09T19-10-24-019f49ca-54e7-7a91-82e7-a52b53cfd456:265,78485,other_resolved_artifact
agentsight,e58fce112c6e,20,21,codex:rollout-2026-07-09T19-10-24-019f49ca-54e7-7a91-82e7-a52b53cfd456:266,78486,no_resolved_path
agentsight,e58fce112c6e,20,21,codex:rollout-2026-07-09T19-10-24-019f49ca-54e7-7a91-82e7-a52b53cfd456:267,78487,no_resolved_path
agentsight,e58fce112c6e,20,21,codex:rollout-2026-07-09T19-10-24-019f49ca-54e7-7a91-82e7-a52b53cfd456:268,78488,no_resolved_path
agentsight,e58fce112c6e,20,21,codex:rollout-2026-07-09T19-10-24-019f49ca-54e7-7a91-82e7-a52b53cfd456:269,78489,other_resolved_artifact
agentsight,e58fce112c6e,20,21,codex:rollout-2026-07-09T19-10-24-019f49ca-54e7-7a91-82e7-a52b53cfd456:270,78490,no_resolved_path
agentsight,e58fce112c6e,20,21,codex:rollout-2026-07-09T19-10-24-019f49ca-54e7-7a91-82e7-a52b53cfd456:271,78491,no_resolved_path
agentsight,e58fce112c6e,20,21,codex:rollout-2026-07-09T19-10-24-019f49ca-54e7-7a91-82e7-a52b53cfd456:272,78492,no_resolved_path
agentsight,e58fce112c6e,20,21,codex:rollout-2026-07-09T19-10-24-019f49ca-54e7-7a91-82e7-a52b53cfd456:273,78493,no_resolved_path
agentsight,e58fce112c6e,20,21,codex:rollout-2026-07-10T14-58-45-019f4e0a-4dcc-74f1-8660-ffcb102ce0a2:254,78494,no_resolved_path
agentsight,e58fce112c6e,20,21,codex:rollout-2026-07-10T14-58-45-019f4e0a-4dcc-74f1-8660-ffcb102ce0a2:256,78496,no_resolved_path
agentsight,e58fce112c6e,20,21,codex:rollout-2026-07-10T14-58-45-019f4e0a-4dcc-74f1-8660-ffcb102ce0a2:257,78497,no_resolved_path
agentsight,e58fce112c6e,20,21,codex:rollout-2026-07-09T19-10-24-019f49ca-54e7-7a91-82e7-a52b53cfd456:274,78498,no_resolved_path
agentsight,e58fce112c6e,20,21,codex:rollout-2026-07-10T23-44-47-019f4feb-e3d9-74d3-8869-182a0328622b:0,78499,no_resolved_path
agentsight,e58fce112c6e,20,21,codex:rollout-2026-07-10T23-44-47-019f4feb-e3d9-74d3-8869-182a0328622b:1,78501,no_resolved_path
agentsight,e58fce112c6e,20,21,codex:rollout-2026-07-10T14-58-45-019f4e0a-4dcc-74f1-8660-ffcb102ce0a2:259,78502,no_resolved_path
agentsight,e58fce112c6e,20,21,codex:rollout-2026-07-09T19-10-24-019f49ca-54e7-7a91-82e7-a52b53cfd456:275,78503,other_resolved_artifact
agentsight,e58fce112c6e,20,21,codex:rollout-2026-07-09T19-10-24-019f49ca-54e7-7a91-82e7-a52b53cfd456:276,78506,no_resolved_path
agentsight,e58fce112c6e,20,21,codex:rollout-2026-07-10T14-58-45-019f4e0a-4dcc-74f1-8660-ffcb102ce0a2:263,78508,no_resolved_path
agentsight,e58fce112c6e,20,21,codex:rollout-2026-07-10T14-58-45-019f4e0a-4dcc-74f1-8660-ffcb102ce0a2:264,78509,no_resolved_path
agentsight,e58fce112c6e,20,21,codex:rollout-2026-07-10T14-58-45-019f4e0a-4dcc-74f1-8660-ffcb102ce0a2:265,78510,no_resolved_path
agentsight,e58fce112c6e,20,21,codex:rollout-2026-07-10T23-44-47-019f4feb-e3d9-74d3-8869-182a0328622b:2,78511,no_resolved_path
agentsight,e58fce112c6e,20,21,codex:rollout-2026-07-09T19-10-24-019f49ca-54e7-7a91-82e7-a52b53cfd456:277,78512,no_resolved_path
agentsight,e58fce112c6e,20,21,codex:rollout-2026-07-09T19-10-24-019f49ca-54e7-7a91-82e7-a52b53cfd456:278,78513,no_resolved_path
agentsight,e58fce112c6e,20,21,codex:rollout-2026-07-09T19-10-24-019f49ca-54e7-7a91-82e7-a52b53cfd456:279,78514,other_resolved_scope
agentsight,e58fce112c6e,20,21,codex:rollout-2026-07-09T19-10-24-019f49ca-54e7-7a91-82e7-a52b53cfd456:280,78515,no_resolved_path
agentsight,e58fce112c6e,20,21,codex:rollout-2026-07-09T19-10-24-019f49ca-54e7-7a91-82e7-a52b53cfd456:281,78516,no_resolved_path
agentsight,e58fce112c6e,20,21,codex:rollout-2026-07-10T14-58-45-019f4e0a-4dcc-74f1-8660-ffcb102ce0a2:266,78517,no_resolved_path
agentsight,e58fce112c6e,20,21,codex:rollout-2026-07-09T19-10-24-019f49ca-54e7-7a91-82e7-a52b53cfd456:282,78518,other_resolved_scope
agentsight,e58fce112c6e,20,21,codex:rollout-2026-07-10T14-58-45-019f4e0a-4dcc-74f1-8660-ffcb102ce0a2:267,78519,no_resolved_path
agentsight,e58fce112c6e,20,21,codex:rollout-2026-07-09T19-10-24-019f49ca-54e7-7a91-82e7-a52b53cfd456:283,78520,no_resolved_path
agentsight,e58fce112c6e,20,21,codex:rollout-2026-07-09T19-10-24-019f49ca-54e7-7a91-82e7-a52b53cfd456:284,78521,no_resolved_path
agentsight,e58fce112c6e,20,21,codex:rollout-2026-07-09T19-10-24-019f49ca-54e7-7a91-82e7-a52b53cfd456:285,78522,no_resolved_path
agentsight,e58fce112c6e,20,21,codex:rollout-2026-07-10T14-58-45-019f4e0a-4dcc-74f1-8660-ffcb102ce0a2:268,78523,no_resolved_path
agentsight,e58fce112c6e,20,21,codex:rollout-2026-07-10T14-58-45-019f4e0a-4dcc-74f1-8660-ffcb102ce0a2:270,78525,no_resolved_path
agentsight,e58fce112c6e,20,21,codex:rollout-2026-07-09T19-10-24-019f49ca-54e7-7a91-82e7-a52b53cfd456:286,78526,no_resolved_path
agentsight,e58fce112c6e,20,21,codex:rollout-2026-07-09T19-10-24-019f49ca-54e7-7a91-82e7-a52b53cfd456:287,78527,no_resolved_path
agentsight,e58fce112c6e,20,21,codex:rollout-2026-07-09T19-10-24-019f49ca-54e7-7a91-82e7-a52b53cfd456:288,78528,no_resolved_path
agentsight,e58fce112c6e,20,21,codex:rollout-2026-07-09T19-10-24-019f49ca-54e7-7a91-82e7-a52b53cfd456:289,78529,no_resolved_path
agentsight,e58fce112c6e,20,21,codex:rollout-2026-07-09T19-10-24-019f49ca-54e7-7a91-82e7-a52b53cfd456:290,78530,no_resolved_path
agentsight,e58fce112c6e,20,21,codex:rollout-2026-07-09T19-10-24-019f49ca-54e7-7a91-82e7-a52b53cfd456:291,78531,no_resolved_path
agentsight,e58fce112c6e,20,21,codex:rollout-2026-07-09T19-10-24-019f49ca-54e7-7a91-82e7-a52b53cfd456:292,78532,no_resolved_path
agentsight,e58fce112c6e,20,21,codex:rollout-2026-07-10T14-58-45-019f4e0a-4dcc-74f1-8660-ffcb102ce0a2:271,78533,no_resolved_path
agentsight,e58fce112c6e,20,21,codex:rollout-2026-07-09T19-10-24-019f49ca-54e7-7a91-82e7-a52b53cfd456:293,78534,no_resolved_path
agentsight,e58fce112c6e,20,21,codex:rollout-2026-07-09T19-10-24-019f49ca-54e7-7a91-82e7-a52b53cfd456:294,78538,no_resolved_path
agentsight,e58fce112c6e,20,21,codex:rollout-2026-07-09T19-10-24-019f49ca-54e7-7a91-82e7-a52b53cfd456:295,78539,no_resolved_path
agentsight,e58fce112c6e,20,21,codex:rollout-2026-07-09T19-10-24-019f49ca-54e7-7a91-82e7-a52b53cfd456:296,78540,no_resolved_path
agentsight,e58fce112c6e,20,21,codex:rollout-2026-07-09T19-10-24-019f49ca-54e7-7a91-82e7-a52b53cfd456:297,78541,no_resolved_path
agentsight,e58fce112c6e,20,21,codex:rollout-2026-07-09T19-10-24-019f49ca-54e7-7a91-82e7-a52b53cfd456:298,78542,no_resolved_path
agentsight,e58fce112c6e,20,21,codex:rollout-2026-07-09T19-10-24-019f49ca-54e7-7a91-82e7-a52b53cfd456:299,78543,no_resolved_path
agentsight,e58fce112c6e,20,21,codex:rollout-2026-07-09T19-10-24-019f49ca-54e7-7a91-82e7-a52b53cfd456:300,78544,no_resolved_path
agentsight,e58fce112c6e,20,21,codex:rollout-2026-07-09T19-10-24-019f49ca-54e7-7a91-82e7-a52b53cfd456:301,78545,no_resolved_path
agentsight,e58fce112c6e,20,21,codex:rollout-2026-07-09T19-10-24-019f49ca-54e7-7a91-82e7-a52b53cfd456:302,78546,no_resolved_path
agentsight,e58fce112c6e,20,21,codex:rollout-2026-07-09T19-10-24-019f49ca-54e7-7a91-82e7-a52b53cfd456:303,78547,no_resolved_path
agentsight,e58fce112c6e,20,21,codex:rollout-2026-07-09T19-10-24-019f49ca-54e7-7a91-82e7-a52b53cfd456:304,78548,no_resolved_path
agentsight,e58fce112c6e,20,21,codex:rollout-2026-07-09T19-10-24-019f49ca-54e7-7a91-82e7-a52b53cfd456:305,78549,no_resolved_path
agentsight,e58fce112c6e,20,21,codex:rollout-2026-07-09T19-10-24-019f49ca-54e7-7a91-82e7-a52b53cfd456:306,78550,no_resolved_path
agentsight,e58fce112c6e,20,21,codex:rollout-2026-07-09T19-10-24-019f49ca-54e7-7a91-82e7-a52b53cfd456:307,78551,no_resolved_path
agentsight,e58fce112c6e,20,21,codex:rollout-2026-07-09T19-10-24-019f49ca-54e7-7a91-82e7-a52b53cfd456:308,78552,no_resolved_path
agentsight,e58fce112c6e,20,21,codex:rollout-2026-07-09T19-10-24-019f49ca-54e7-7a91-82e7-a52b53cfd456:309,78553,no_resolved_path
agentsight,e58fce112c6e,20,21,codex:rollout-2026-07-09T19-10-24-019f49ca-54e7-7a91-82e7-a52b53cfd456:310,78554,no_resolved_path
agentsight,e58fce112c6e,20,21,codex:rollout-2026-07-09T19-10-24-019f49ca-54e7-7a91-82e7-a52b53cfd456:311,78555,no_resolved_path
agentsight,e58fce112c6e,20,21,codex:rollout-2026-07-09T19-10-24-019f49ca-54e7-7a91-82e7-a52b53cfd456:312,78556,no_resolved_path
agentsight,e58fce112c6e,20,21,codex:rollout-2026-07-09T19-10-24-019f49ca-54e7-7a91-82e7-a52b53cfd456:313,78557,no_resolved_path
agentsight,e58fce112c6e,20,21,codex:rollout-2026-07-10T14-58-45-019f4e0a-4dcc-74f1-8660-ffcb102ce0a2:275,78558,no_resolved_path
agentsight,e58fce112c6e,20,21,codex:rollout-2026-07-10T14-58-45-019f4e0a-4dcc-74f1-8660-ffcb102ce0a2:276,78559,no_resolved_path
agentsight,e58fce112c6e,20,21,codex:rollout-2026-07-10T14-58-45-019f4e0a-4dcc-74f1-8660-ffcb102ce0a2:278,78561,no_resolved_path
agentsight,e58fce112c6e,20,21,codex:rollout-2026-07-10T14-58-45-019f4e0a-4dcc-74f1-8660-ffcb102ce0a2:280,78563,no_resolved_path
agentsight,e58fce112c6e,20,21,codex:rollout-2026-07-10T14-58-45-019f4e0a-4dcc-74f1-8660-ffcb102ce0a2:282,78565,no_resolved_path
agentsight,e58fce112c6e,20,21,codex:rollout-2026-07-10T14-58-45-019f4e0a-4dcc-74f1-8660-ffcb102ce0a2:283,78566,no_resolved_path
agentsight,e58fce112c6e,20,21,codex:rollout-2026-07-10T14-58-45-019f4e0a-4dcc-74f1-8660-ffcb102ce0a2:292,78575,no_resolved_path
agentsight,e58fce112c6e,20,21,codex:rollout-2026-07-09T19-10-24-019f49ca-54e7-7a91-82e7-a52b53cfd456:314,78576,no_resolved_path
agentsight,e58fce112c6e,20,21,codex:rollout-2026-07-09T19-10-24-019f49ca-54e7-7a91-82e7-a52b53cfd456:315,78577,no_resolved_path
agentsight,e58fce112c6e,20,21,codex:rollout-2026-07-09T19-10-24-019f49ca-54e7-7a91-82e7-a52b53cfd456:316,78578,no_resolved_path
agentsight,e58fce112c6e,20,21,codex:rollout-2026-07-09T19-10-24-019f49ca-54e7-7a91-82e7-a52b53cfd456:317,78579,other_resolved_artifact
agentsight,e58fce112c6e,20,21,codex:rollout-2026-07-10T14-58-45-019f4e0a-4dcc-74f1-8660-ffcb102ce0a2:293,78580,no_resolved_path
agentsight,e58fce112c6e,20,21,codex:rollout-2026-07-09T19-10-24-019f49ca-54e7-7a91-82e7-a52b53cfd456:318,78582,no_resolved_path
agentsight,e58fce112c6e,20,21,codex:rollout-2026-07-09T19-10-24-019f49ca-54e7-7a91-82e7-a52b53cfd456:319,78583,predecessor_module
agentsight,e58fce112c6e,20,21,codex:rollout-2026-07-09T19-10-24-019f49ca-54e7-7a91-82e7-a52b53cfd456:320,78584,predecessor_artifact
agentsight,e58fce112c6e,20,21,codex:rollout-2026-07-09T19-10-24-019f49ca-54e7-7a91-82e7-a52b53cfd456:321,78585,predecessor_artifact
agentsight,e58fce112c6e,20,21,codex:rollout-2026-07-09T19-10-24-019f49ca-54e7-7a91-82e7-a52b53cfd456:322,78586,predecessor_artifact
agentsight,e58fce112c6e,20,21,codex:rollout-2026-07-10T14-58-45-019f4e0a-4dcc-74f1-8660-ffcb102ce0a2:295,78587,no_resolved_path
agentsight,e58fce112c6e,20,21,codex:rollout-2026-07-09T19-10-24-019f49ca-54e7-7a91-82e7-a52b53cfd456:323,78588,predecessor_artifact
agentsight,e58fce112c6e,20,21,codex:rollout-2026-07-09T19-10-24-019f49ca-54e7-7a91-82e7-a52b53cfd456:324,78589,predecessor_artifact
agentsight,e58fce112c6e,20,21,codex:rollout-2026-07-09T19-10-24-019f49ca-54e7-7a91-82e7-a52b53cfd456:325,78590,predecessor_artifact
agentsight,e58fce112c6e,20,21,codex:rollout-2026-07-09T19-10-24-019f49ca-54e7-7a91-82e7-a52b53cfd456:326,78591,predecessor_artifact
agentsight,e58fce112c6e,20,21,codex:rollout-2026-07-09T19-10-24-019f49ca-54e7-7a91-82e7-a52b53cfd456:327,78592,predecessor_artifact
agentsight,e58fce112c6e,20,21,codex:rollout-2026-07-09T19-10-24-019f49ca-54e7-7a91-82e7-a52b53cfd456:328,78593,predecessor_artifact
agentsight,e58fce112c6e,20,21,codex:rollout-2026-07-09T19-10-24-019f49ca-54e7-7a91-82e7-a52b53cfd456:329,78594,predecessor_artifact
agentsight,e58fce112c6e,20,21,codex:rollout-2026-07-10T14-58-45-019f4e0a-4dcc-74f1-8660-ffcb102ce0a2:296,78595,no_resolved_path
agentsight,e58fce112c6e,20,21,codex:rollout-2026-07-09T19-10-24-019f49ca-54e7-7a91-82e7-a52b53cfd456:330,78596,other_resolved_artifact
agentsight,e58fce112c6e,20,21,codex:rollout-2026-07-09T19-10-24-019f49ca-54e7-7a91-82e7-a52b53cfd456:331,78597,no_resolved_path
agentsight,e58fce112c6e,20,21,codex:rollout-2026-07-10T14-58-45-019f4e0a-4dcc-74f1-8660-ffcb102ce0a2:297,78598,no_resolved_path
agentsight,e58fce112c6e,20,21,codex:rollout-2026-07-10T14-58-45-019f4e0a-4dcc-74f1-8660-ffcb102ce0a2:298,78599,no_resolved_path
agentsight,e58fce112c6e,20,21,codex:rollout-2026-07-09T19-10-24-019f49ca-54e7-7a91-82e7-a52b53cfd456:332,78600,other_resolved_artifact
agentsight,e58fce112c6e,20,21,codex:rollout-2026-07-09T19-10-24-019f49ca-54e7-7a91-82e7-a52b53cfd456:333,78601,other_resolved_artifact
agentsight,e58fce112c6e,20,21,codex:rollout-2026-07-09T19-10-24-019f49ca-54e7-7a91-82e7-a52b53cfd456:334,78602,no_resolved_path
agentsight,e58fce112c6e,20,21,codex:rollout-2026-07-09T19-10-24-019f49ca-54e7-7a91-82e7-a52b53cfd456:335,78603,no_resolved_path
agentsight,e58fce112c6e,20,21,codex:rollout-2026-07-10T14-58-45-019f4e0a-4dcc-74f1-8660-ffcb102ce0a2:300,78605,no_resolved_path
agentsight,e58fce112c6e,20,21,codex:rollout-2026-07-10T14-58-45-019f4e0a-4dcc-74f1-8660-ffcb102ce0a2:305,78610,no_resolved_path
agentsight,e58fce112c6e,20,21,codex:rollout-2026-07-09T19-10-24-019f49ca-54e7-7a91-82e7-a52b53cfd456:336,78611,other_resolved_artifact
agentsight,e58fce112c6e,20,21,codex:rollout-2026-07-09T19-10-24-019f49ca-54e7-7a91-82e7-a52b53cfd456:337,78612,no_resolved_path
agentsight,e58fce112c6e,20,21,codex:rollout-2026-07-09T19-10-24-019f49ca-54e7-7a91-82e7-a52b53cfd456:338,78613,other_resolved_artifact
agentsight,e58fce112c6e,20,21,codex:rollout-2026-07-09T19-10-24-019f49ca-54e7-7a91-82e7-a52b53cfd456:339,78614,predecessor_artifact
agentsight,e58fce112c6e,20,21,codex:rollout-2026-07-09T19-10-24-019f49ca-54e7-7a91-82e7-a52b53cfd456:340,78615,predecessor_artifact
agentsight,e58fce112c6e,20,21,codex:rollout-2026-07-09T19-10-24-019f49ca-54e7-7a91-82e7-a52b53cfd456:341,78616,no_resolved_path
agentsight,e58fce112c6e,20,21,codex:rollout-2026-07-10T14-58-45-019f4e0a-4dcc-74f1-8660-ffcb102ce0a2:306,78617,no_resolved_path
agentsight,e58fce112c6e,20,21,codex:rollout-2026-07-10T14-58-45-019f4e0a-4dcc-74f1-8660-ffcb102ce0a2:307,78618,no_resolved_path
agentsight,e58fce112c6e,20,21,codex:rollout-2026-07-09T19-10-24-019f49ca-54e7-7a91-82e7-a52b53cfd456:342,78619,predecessor_artifact
agentsight,e58fce112c6e,20,21,codex:rollout-2026-07-09T19-10-24-019f49ca-54e7-7a91-82e7-a52b53cfd456:343,78620,predecessor_artifact
agentsight,e58fce112c6e,20,21,codex:rollout-2026-07-09T19-10-24-019f49ca-54e7-7a91-82e7-a52b53cfd456:344,78621,predecessor_artifact
agentsight,e58fce112c6e,20,21,codex:rollout-2026-07-09T19-10-24-019f49ca-54e7-7a91-82e7-a52b53cfd456:345,78622,predecessor_artifact
agentsight,e58fce112c6e,20,21,codex:rollout-2026-07-09T19-10-24-019f49ca-54e7-7a91-82e7-a52b53cfd456:346,78624,predecessor_artifact
agentsight,e58fce112c6e,20,21,codex:rollout-2026-07-09T19-10-24-019f49ca-54e7-7a91-82e7-a52b53cfd456:347,78625,no_resolved_path
agentsight,e58fce112c6e,20,21,codex:rollout-2026-07-09T19-10-24-019f49ca-54e7-7a91-82e7-a52b53cfd456:348,78626,no_resolved_path
agentsight,e58fce112c6e,20,21,codex:rollout-2026-07-09T19-10-24-019f49ca-54e7-7a91-82e7-a52b53cfd456:349,78627,no_resolved_path
agentsight,e58fce112c6e,20,21,codex:rollout-2026-07-09T19-10-24-019f49ca-54e7-7a91-82e7-a52b53cfd456:350,78629,predecessor_artifact
agentsight,e58fce112c6e,20,21,codex:rollout-2026-07-09T19-10-24-019f49ca-54e7-7a91-82e7-a52b53cfd456:351,78630,no_resolved_path
agentsight,e58fce112c6e,20,21,codex:rollout-2026-07-09T19-10-24-019f49ca-54e7-7a91-82e7-a52b53cfd456:352,78631,no_resolved_path
agentsight,e58fce112c6e,20,21,codex:rollout-2026-07-09T19-10-24-019f49ca-54e7-7a91-82e7-a52b53cfd456:353,78632,no_resolved_path
agentsight,e58fce112c6e,20,21,codex:rollout-2026-07-09T19-10-24-019f49ca-54e7-7a91-82e7-a52b53cfd456:354,78633,no_resolved_path
agentsight,e58fce112c6e,20,21,codex:rollout-2026-07-09T19-10-24-019f49ca-54e7-7a91-82e7-a52b53cfd456:355,78634,no_resolved_path
agentsight,e58fce112c6e,20,21,codex:rollout-2026-07-09T19-10-24-019f49ca-54e7-7a91-82e7-a52b53cfd456:356,78635,no_resolved_path
agentsight,e58fce112c6e,20,21,codex:rollout-2026-07-09T19-10-24-019f49ca-54e7-7a91-82e7-a52b53cfd456:357,78636,no_resolved_path
agentsight,e58fce112c6e,20,21,codex:rollout-2026-07-09T19-10-24-019f49ca-54e7-7a91-82e7-a52b53cfd456:358,78637,no_resolved_path
agentsight,e58fce112c6e,20,21,codex:rollout-2026-07-09T19-10-24-019f49ca-54e7-7a91-82e7-a52b53cfd456:359,78638,no_resolved_path
agentsight,e58fce112c6e,20,21,codex:rollout-2026-07-09T19-10-24-019f49ca-54e7-7a91-82e7-a52b53cfd456:360,78639,no_resolved_path
agentsight,e58fce112c6e,20,21,codex:rollout-2026-07-09T19-10-24-019f49ca-54e7-7a91-82e7-a52b53cfd456:361,78640,no_resolved_path
agentsight,e58fce112c6e,20,21,codex:rollout-2026-07-09T19-10-24-019f49ca-54e7-7a91-82e7-a52b53cfd456:362,78641,no_resolved_path
agentsight,e58fce112c6e,20,21,codex:rollout-2026-07-09T19-10-24-019f49ca-54e7-7a91-82e7-a52b53cfd456:363,78642,no_resolved_path
agentsight,e58fce112c6e,20,21,codex:rollout-2026-07-09T19-10-24-019f49ca-54e7-7a91-82e7-a52b53cfd456:364,78643,no_resolved_path
agentsight,e58fce112c6e,20,21,codex:rollout-2026-07-09T19-10-24-019f49ca-54e7-7a91-82e7-a52b53cfd456:365,78644,no_resolved_path
agentsight,e58fce112c6e,20,21,codex:rollout-2026-07-09T19-10-24-019f49ca-54e7-7a91-82e7-a52b53cfd456:366,78645,no_resolved_path
agentsight,e58fce112c6e,20,21,codex:rollout-2026-07-09T19-10-24-019f49ca-54e7-7a91-82e7-a52b53cfd456:367,78646,no_resolved_path
agentsight,e58fce112c6e,20,21,codex:rollout-2026-07-09T19-10-24-019f49ca-54e7-7a91-82e7-a52b53cfd456:368,78647,no_resolved_path
agentsight,e58fce112c6e,20,21,codex:rollout-2026-07-09T19-10-24-019f49ca-54e7-7a91-82e7-a52b53cfd456:369,78648,no_resolved_path
agentsight,e58fce112c6e,20,21,codex:rollout-2026-07-09T19-10-24-019f49ca-54e7-7a91-82e7-a52b53cfd456:370,78649,no_resolved_path
agentsight,e58fce112c6e,20,21,codex:rollout-2026-07-09T19-10-24-019f49ca-54e7-7a91-82e7-a52b53cfd456:371,78650,no_resolved_path
agentsight,e58fce112c6e,20,21,codex:rollout-2026-07-09T19-10-24-019f49ca-54e7-7a91-82e7-a52b53cfd456:372,78651,no_resolved_path
agentsight,e58fce112c6e,20,21,codex:rollout-2026-07-09T19-10-24-019f49ca-54e7-7a91-82e7-a52b53cfd456:373,78652,no_resolved_path
agentsight,e58fce112c6e,20,21,codex:rollout-2026-07-09T19-10-24-019f49ca-54e7-7a91-82e7-a52b53cfd456:374,78653,no_resolved_path
agentsight,e58fce112c6e,20,21,codex:rollout-2026-07-09T19-10-24-019f49ca-54e7-7a91-82e7-a52b53cfd456:375,78654,no_resolved_path
agentsight,e58fce112c6e,20,21,codex:rollout-2026-07-09T19-10-24-019f49ca-54e7-7a91-82e7-a52b53cfd456:376,78655,no_resolved_path
agentsight,e58fce112c6e,20,21,codex:rollout-2026-07-09T19-10-24-019f49ca-54e7-7a91-82e7-a52b53cfd456:377,78656,no_resolved_path
agentsight,e58fce112c6e,20,21,codex:rollout-2026-07-09T19-10-24-019f49ca-54e7-7a91-82e7-a52b53cfd456:378,78657,no_resolved_path
agentsight,e58fce112c6e,20,21,codex:rollout-2026-07-09T19-10-24-019f49ca-54e7-7a91-82e7-a52b53cfd456:379,78658,predecessor_artifact
agentsight,e58fce112c6e,20,21,codex:rollout-2026-07-09T19-10-24-019f49ca-54e7-7a91-82e7-a52b53cfd456:380,78659,predecessor_module
agentsight,e58fce112c6e,20,21,codex:rollout-2026-07-09T19-10-24-019f49ca-54e7-7a91-82e7-a52b53cfd456:381,78660,predecessor_module
agentsight,e58fce112c6e,20,21,codex:rollout-2026-07-09T19-10-24-019f49ca-54e7-7a91-82e7-a52b53cfd456:382,78661,predecessor_module
agentsight,e58fce112c6e,20,21,codex:rollout-2026-07-09T19-10-24-019f49ca-54e7-7a91-82e7-a52b53cfd456:383,78662,predecessor_module
agentsight,e58fce112c6e,20,21,codex:rollout-2026-07-09T19-10-24-019f49ca-54e7-7a91-82e7-a52b53cfd456:384,78663,predecessor_module
agentsight,e58fce112c6e,20,21,codex:rollout-2026-07-09T19-10-24-019f49ca-54e7-7a91-82e7-a52b53cfd456:385,78664,predecessor_artifact
agentsight,e58fce112c6e,20,21,codex:rollout-2026-07-09T19-10-24-019f49ca-54e7-7a91-82e7-a52b53cfd456:386,78665,predecessor_module
agentsight,e58fce112c6e,20,21,codex:rollout-2026-07-09T19-10-24-019f49ca-54e7-7a91-82e7-a52b53cfd456:387,78666,predecessor_artifact
agentsight,e58fce112c6e,20,21,codex:rollout-2026-07-09T19-10-24-019f49ca-54e7-7a91-82e7-a52b53cfd456:388,78667,predecessor_artifact
agentsight,e58fce112c6e,20,21,codex:rollout-2026-07-09T19-10-24-019f49ca-54e7-7a91-82e7-a52b53cfd456:389,78668,predecessor_artifact
agentsight,e58fce112c6e,20,21,codex:rollout-2026-07-09T19-10-24-019f49ca-54e7-7a91-82e7-a52b53cfd456:390,78669,other_resolved_artifact
agentsight,e58fce112c6e,20,21,codex:rollout-2026-07-10T14-58-45-019f4e0a-4dcc-74f1-8660-ffcb102ce0a2:310,78670,no_resolved_path
agentsight,e58fce112c6e,20,21,codex:rollout-2026-07-10T14-58-45-019f4e0a-4dcc-74f1-8660-ffcb102ce0a2:311,78671,no_resolved_path
agentsight,e58fce112c6e,20,21,codex:rollout-2026-07-10T14-58-45-019f4e0a-4dcc-74f1-8660-ffcb102ce0a2:312,78672,no_resolved_path
agentsight,e58fce112c6e,20,21,codex:rollout-2026-07-09T19-10-24-019f49ca-54e7-7a91-82e7-a52b53cfd456:391,78673,other_resolved_artifact
agentsight,e58fce112c6e,20,21,codex:rollout-2026-07-09T19-10-24-019f49ca-54e7-7a91-82e7-a52b53cfd456:392,78674,other_resolved_artifact
agentsight,e58fce112c6e,20,21,codex:rollout-2026-07-09T19-10-24-019f49ca-54e7-7a91-82e7-a52b53cfd456:393,78675,other_resolved_artifact
agentsight,e58fce112c6e,20,21,codex:rollout-2026-07-09T19-10-24-019f49ca-54e7-7a91-82e7-a52b53cfd456:394,78676,no_resolved_path
agentsight,e58fce112c6e,20,21,codex:rollout-2026-07-09T19-10-24-019f49ca-54e7-7a91-82e7-a52b53cfd456:395,78677,no_resolved_path
agentsight,e58fce112c6e,20,21,codex:rollout-2026-07-09T19-10-24-019f49ca-54e7-7a91-82e7-a52b53cfd456:396,78678,predecessor_artifact
agentsight,e58fce112c6e,20,21,codex:rollout-2026-07-09T19-10-24-019f49ca-54e7-7a91-82e7-a52b53cfd456:397,78679,other_resolved_artifact
agentsight,e58fce112c6e,20,21,codex:rollout-2026-07-09T19-10-24-019f49ca-54e7-7a91-82e7-a52b53cfd456:398,78680,no_resolved_path
agentsight,e58fce112c6e,20,21,codex:rollout-2026-07-09T19-10-24-019f49ca-54e7-7a91-82e7-a52b53cfd456:399,78681,no_resolved_path
agentsight,e58fce112c6e,20,21,codex:rollout-2026-07-09T19-10-24-019f49ca-54e7-7a91-82e7-a52b53cfd456:400,78682,no_resolved_path
agentsight,e58fce112c6e,20,21,codex:rollout-2026-07-09T19-10-24-019f49ca-54e7-7a91-82e7-a52b53cfd456:401,78683,other_resolved_artifact
agentsight,e58fce112c6e,20,21,codex:rollout-2026-07-09T19-10-24-019f49ca-54e7-7a91-82e7-a52b53cfd456:402,78684,other_resolved_artifact
agentsight,e58fce112c6e,20,21,codex:rollout-2026-07-09T19-10-24-019f49ca-54e7-7a91-82e7-a52b53cfd456:403,78685,no_resolved_path
agentsight,e58fce112c6e,20,21,codex:rollout-2026-07-09T19-10-24-019f49ca-54e7-7a91-82e7-a52b53cfd456:404,78686,predecessor_artifact
agentsight,e58fce112c6e,20,21,codex:rollout-2026-07-09T19-10-24-019f49ca-54e7-7a91-82e7-a52b53cfd456:405,78687,no_resolved_path
agentsight,e58fce112c6e,20,21,codex:rollout-2026-07-09T19-10-24-019f49ca-54e7-7a91-82e7-a52b53cfd456:406,78688,no_resolved_path
agentsight,e58fce112c6e,20,21,codex:rollout-2026-07-09T19-10-24-019f49ca-54e7-7a91-82e7-a52b53cfd456:407,78689,no_resolved_path
agentsight,e58fce112c6e,20,21,codex:rollout-2026-07-09T19-10-24-019f49ca-54e7-7a91-82e7-a52b53cfd456:408,78690,other_resolved_artifact
agentsight,e58fce112c6e,20,21,codex:rollout-2026-07-09T19-10-24-019f49ca-54e7-7a91-82e7-a52b53cfd456:409,78691,predecessor_artifact
agentsight,e58fce112c6e,20,21,codex:rollout-2026-07-09T19-10-24-019f49ca-54e7-7a91-82e7-a52b53cfd456:410,78692,predecessor_artifact
agentsight,e58fce112c6e,20,21,codex:rollout-2026-07-09T19-10-24-019f49ca-54e7-7a91-82e7-a52b53cfd456:411,78693,no_resolved_path
agentsight,e58fce112c6e,20,21,codex:rollout-2026-07-09T19-10-24-019f49ca-54e7-7a91-82e7-a52b53cfd456:412,78694,no_resolved_path
agentsight,e58fce112c6e,20,21,codex:rollout-2026-07-09T19-10-24-019f49ca-54e7-7a91-82e7-a52b53cfd456:413,78695,no_resolved_path
agentsight,e58fce112c6e,20,21,codex:rollout-2026-07-09T19-10-24-019f49ca-54e7-7a91-82e7-a52b53cfd456:414,78696,other_resolved_artifact
agentsight,e58fce112c6e,20,21,codex:rollout-2026-07-09T19-10-24-019f49ca-54e7-7a91-82e7-a52b53cfd456:415,78697,other_resolved_artifact
agentsight,e58fce112c6e,20,21,codex:rollout-2026-07-09T19-10-24-019f49ca-54e7-7a91-82e7-a52b53cfd456:416,78698,no_resolved_path
agentsight,e58fce112c6e,20,21,codex:rollout-2026-07-09T19-10-24-019f49ca-54e7-7a91-82e7-a52b53cfd456:417,78699,no_resolved_path
agentsight,e58fce112c6e,20,21,codex:rollout-2026-07-09T19-10-24-019f49ca-54e7-7a91-82e7-a52b53cfd456:418,78700,no_resolved_path
agentsight,e58fce112c6e,20,21,codex:rollout-2026-07-09T19-10-24-019f49ca-54e7-7a91-82e7-a52b53cfd456:419,78701,no_resolved_path
agentsight,e58fce112c6e,20,21,codex:rollout-2026-07-09T19-10-24-019f49ca-54e7-7a91-82e7-a52b53cfd456:420,78702,no_resolved_path
agentsight,e58fce112c6e,20,21,codex:rollout-2026-07-09T19-10-24-019f49ca-54e7-7a91-82e7-a52b53cfd456:421,78703,no_resolved_path
agentsight,e58fce112c6e,20,21,codex:rollout-2026-07-09T19-10-24-019f49ca-54e7-7a91-82e7-a52b53cfd456:422,78704,no_resolved_path
agentsight,e58fce112c6e,20,21,codex:rollout-2026-07-10T14-58-45-019f4e0a-4dcc-74f1-8660-ffcb102ce0a2:313,78705,no_resolved_path
agentsight,e58fce112c6e,20,21,codex:rollout-2026-07-09T19-10-24-019f49ca-54e7-7a91-82e7-a52b53cfd456:423,78706,no_resolved_path
agentsight,e58fce112c6e,20,21,codex:rollout-2026-07-09T19-10-24-019f49ca-54e7-7a91-82e7-a52b53cfd456:424,78707,no_resolved_path
agentsight,e58fce112c6e,20,21,codex:rollout-2026-07-09T19-10-24-019f49ca-54e7-7a91-82e7-a52b53cfd456:425,78708,no_resolved_path
agentsight,e58fce112c6e,20,21,codex:rollout-2026-07-09T19-10-24-019f49ca-54e7-7a91-82e7-a52b53cfd456:426,78709,predecessor_module
agentsight,e58fce112c6e,20,21,codex:rollout-2026-07-09T19-10-24-019f49ca-54e7-7a91-82e7-a52b53cfd456:427,78710,predecessor_module
agentsight,e58fce112c6e,20,21,codex:rollout-2026-07-09T19-10-24-019f49ca-54e7-7a91-82e7-a52b53cfd456:428,78711,no_resolved_path
agentsight,e58fce112c6e,20,21,codex:rollout-2026-07-09T19-10-24-019f49ca-54e7-7a91-82e7-a52b53cfd456:429,78712,no_resolved_path
agentsight,e58fce112c6e,20,21,codex:rollout-2026-07-09T19-10-24-019f49ca-54e7-7a91-82e7-a52b53cfd456:430,78713,no_resolved_path
agentsight,e58fce112c6e,20,21,codex:rollout-2026-07-09T19-10-24-019f49ca-54e7-7a91-82e7-a52b53cfd456:431,78714,no_resolved_path
agentsight,e58fce112c6e,20,21,codex:rollout-2026-07-09T19-10-24-019f49ca-54e7-7a91-82e7-a52b53cfd456:432,78715,no_resolved_path
agentsight,e58fce112c6e,20,21,codex:rollout-2026-07-09T19-10-24-019f49ca-54e7-7a91-82e7-a52b53cfd456:433,78716,no_resolved_path
agentsight,e58fce112c6e,20,21,codex:rollout-2026-07-09T19-10-24-019f49ca-54e7-7a91-82e7-a52b53cfd456:434,78717,no_resolved_path
agentsight,e58fce112c6e,20,21,codex:rollout-2026-07-09T19-10-24-019f49ca-54e7-7a91-82e7-a52b53cfd456:435,78718,predecessor_module
agentsight,e58fce112c6e,20,21,codex:rollout-2026-07-09T19-10-24-019f49ca-54e7-7a91-82e7-a52b53cfd456:436,78719,predecessor_module
agentsight,e58fce112c6e,20,21,codex:rollout-2026-07-09T19-10-24-019f49ca-54e7-7a91-82e7-a52b53cfd456:437,78720,predecessor_module
agentsight,e58fce112c6e,20,21,codex:rollout-2026-07-09T19-10-24-019f49ca-54e7-7a91-82e7-a52b53cfd456:438,78721,predecessor_module
agentsight,e58fce112c6e,20,21,codex:rollout-2026-07-09T19-10-24-019f49ca-54e7-7a91-82e7-a52b53cfd456:439,78722,predecessor_module
agentsight,e58fce112c6e,20,21,codex:rollout-2026-07-09T19-10-24-019f49ca-54e7-7a91-82e7-a52b53cfd456:440,78723,predecessor_artifact
agentsight,e58fce112c6e,20,21,codex:rollout-2026-07-09T19-10-24-019f49ca-54e7-7a91-82e7-a52b53cfd456:441,78724,predecessor_artifact
agentsight,e58fce112c6e,20,21,codex:rollout-2026-07-09T19-10-24-019f49ca-54e7-7a91-82e7-a52b53cfd456:442,78725,predecessor_artifact
agentsight,e58fce112c6e,20,21,codex:rollout-2026-07-09T19-10-24-019f49ca-54e7-7a91-82e7-a52b53cfd456:443,78726,predecessor_artifact
agentsight,e58fce112c6e,20,21,codex:rollout-2026-07-09T19-10-24-019f49ca-54e7-7a91-82e7-a52b53cfd456:444,78727,predecessor_artifact
agentsight,e58fce112c6e,20,21,codex:rollout-2026-07-09T19-10-24-019f49ca-54e7-7a91-82e7-a52b53cfd456:445,78728,predecessor_artifact
agentsight,e58fce112c6e,20,21,codex:rollout-2026-07-09T19-10-24-019f49ca-54e7-7a91-82e7-a52b53cfd456:446,78729,predecessor_artifact
agentsight,e58fce112c6e,20,21,codex:rollout-2026-07-09T19-10-24-019f49ca-54e7-7a91-82e7-a52b53cfd456:447,78730,predecessor_artifact
agentsight,e58fce112c6e,20,21,codex:rollout-2026-07-09T19-10-24-019f49ca-54e7-7a91-82e7-a52b53cfd456:448,78731,no_resolved_path
agentsight,e58fce112c6e,20,21,codex:rollout-2026-07-09T19-10-24-019f49ca-54e7-7a91-82e7-a52b53cfd456:449,78732,no_resolved_path
agentsight,e58fce112c6e,20,21,codex:rollout-2026-07-09T19-10-24-019f49ca-54e7-7a91-82e7-a52b53cfd456:450,78733,no_resolved_path
agentsight,e58fce112c6e,20,21,codex:rollout-2026-07-09T19-10-24-019f49ca-54e7-7a91-82e7-a52b53cfd456:451,78734,no_resolved_path
agentsight,e58fce112c6e,20,21,codex:rollout-2026-07-09T19-10-24-019f49ca-54e7-7a91-82e7-a52b53cfd456:452,78735,no_resolved_path
agentsight,e58fce112c6e,20,21,codex:rollout-2026-07-09T19-10-24-019f49ca-54e7-7a91-82e7-a52b53cfd456:453,78736,no_resolved_path
agentsight,e58fce112c6e,20,21,codex:rollout-2026-07-09T19-10-24-019f49ca-54e7-7a91-82e7-a52b53cfd456:454,78737,no_resolved_path
agentsight,e58fce112c6e,20,21,codex:rollout-2026-07-09T19-10-24-019f49ca-54e7-7a91-82e7-a52b53cfd456:455,78738,no_resolved_path
agentsight,e58fce112c6e,20,21,codex:rollout-2026-07-09T19-10-24-019f49ca-54e7-7a91-82e7-a52b53cfd456:456,78739,no_resolved_path
agentsight,e58fce112c6e,20,21,codex:rollout-2026-07-09T19-10-24-019f49ca-54e7-7a91-82e7-a52b53cfd456:457,78740,no_resolved_path
agentsight,e58fce112c6e,20,21,codex:rollout-2026-07-09T19-10-24-019f49ca-54e7-7a91-82e7-a52b53cfd456:458,78741,no_resolved_path
agentsight,e58fce112c6e,20,21,codex:rollout-2026-07-09T19-10-24-019f49ca-54e7-7a91-82e7-a52b53cfd456:459,78742,no_resolved_path
agentsight,e58fce112c6e,20,21,codex:rollout-2026-07-09T19-10-24-019f49ca-54e7-7a91-82e7-a52b53cfd456:460,78743,no_resolved_path
agentsight,e58fce112c6e,20,21,codex:rollout-2026-07-09T19-10-24-019f49ca-54e7-7a91-82e7-a52b53cfd456:461,78744,no_resolved_path
agentsight,e58fce112c6e,20,21,codex:rollout-2026-07-09T19-10-24-019f49ca-54e7-7a91-82e7-a52b53cfd456:462,78745,no_resolved_path
agentsight,e58fce112c6e,20,21,codex:rollout-2026-07-09T19-10-24-019f49ca-54e7-7a91-82e7-a52b53cfd456:463,78746,no_resolved_path
agentsight,e58fce112c6e,20,21,codex:rollout-2026-07-10T14-58-45-019f4e0a-4dcc-74f1-8660-ffcb102ce0a2:314,78747,no_resolved_path
agentsight,e58fce112c6e,20,21,codex:rollout-2026-07-09T19-10-24-019f49ca-54e7-7a91-82e7-a52b53cfd456:464,78748,predecessor_artifact
agentsight,e58fce112c6e,20,21,codex:rollout-2026-07-09T19-10-24-019f49ca-54e7-7a91-82e7-a52b53cfd456:465,78749,predecessor_artifact
agentsight,e58fce112c6e,20,21,codex:rollout-2026-07-09T19-10-24-019f49ca-54e7-7a91-82e7-a52b53cfd456:466,78750,predecessor_artifact
agentsight,e58fce112c6e,20,21,codex:rollout-2026-07-09T19-10-24-019f49ca-54e7-7a91-82e7-a52b53cfd456:467,78752,no_resolved_path
agentsight,e58fce112c6e,20,21,codex:rollout-2026-07-09T19-10-24-019f49ca-54e7-7a91-82e7-a52b53cfd456:468,78753,no_resolved_path
agentsight,e58fce112c6e,20,21,codex:rollout-2026-07-09T19-10-24-019f49ca-54e7-7a91-82e7-a52b53cfd456:469,78754,no_resolved_path
agentsight,e58fce112c6e,20,21,codex:rollout-2026-07-09T19-10-24-019f49ca-54e7-7a91-82e7-a52b53cfd456:470,78755,no_resolved_path
agentsight,e58fce112c6e,20,21,codex:rollout-2026-07-09T19-10-24-019f49ca-54e7-7a91-82e7-a52b53cfd456:471,78756,no_resolved_path
agentsight,e58fce112c6e,20,21,codex:rollout-2026-07-09T19-10-24-019f49ca-54e7-7a91-82e7-a52b53cfd456:472,78757,no_resolved_path
agentsight,e58fce112c6e,20,21,codex:rollout-2026-07-09T19-10-24-019f49ca-54e7-7a91-82e7-a52b53cfd456:473,78758,no_resolved_path
agentsight,e58fce112c6e,20,21,codex:rollout-2026-07-09T19-10-24-019f49ca-54e7-7a91-82e7-a52b53cfd456:474,78759,no_resolved_path
agentsight,e58fce112c6e,20,21,codex:rollout-2026-07-09T19-10-24-019f49ca-54e7-7a91-82e7-a52b53cfd456:475,78760,predecessor_module
agentsight,e58fce112c6e,20,21,codex:rollout-2026-07-09T19-10-24-019f49ca-54e7-7a91-82e7-a52b53cfd456:476,78761,predecessor_module
agentsight,e58fce112c6e,20,21,codex:rollout-2026-07-09T19-10-24-019f49ca-54e7-7a91-82e7-a52b53cfd456:477,78762,predecessor_module
agentsight,e58fce112c6e,20,21,codex:rollout-2026-07-09T19-10-24-019f49ca-54e7-7a91-82e7-a52b53cfd456:478,78763,predecessor_artifact
agentsight,e58fce112c6e,20,21,codex:rollout-2026-07-09T19-10-24-019f49ca-54e7-7a91-82e7-a52b53cfd456:479,78764,predecessor_artifact
agentsight,e58fce112c6e,20,21,codex:rollout-2026-07-09T19-10-24-019f49ca-54e7-7a91-82e7-a52b53cfd456:480,78765,predecessor_artifact
agentsight,e58fce112c6e,20,21,codex:rollout-2026-07-09T19-10-24-019f49ca-54e7-7a91-82e7-a52b53cfd456:481,78766,predecessor_module
agentsight,e58fce112c6e,20,21,codex:rollout-2026-07-09T19-10-24-019f49ca-54e7-7a91-82e7-a52b53cfd456:482,78767,predecessor_module
agentsight,e58fce112c6e,20,21,codex:rollout-2026-07-09T19-10-24-019f49ca-54e7-7a91-82e7-a52b53cfd456:483,78768,predecessor_module
agentsight,e58fce112c6e,20,21,codex:rollout-2026-07-09T19-10-24-019f49ca-54e7-7a91-82e7-a52b53cfd456:484,78769,no_resolved_path
agentsight,e58fce112c6e,20,21,codex:rollout-2026-07-09T19-10-24-019f49ca-54e7-7a91-82e7-a52b53cfd456:485,78770,no_resolved_path
agentsight,e58fce112c6e,20,21,codex:rollout-2026-07-09T19-10-24-019f49ca-54e7-7a91-82e7-a52b53cfd456:486,78771,predecessor_module
agentsight,e58fce112c6e,20,21,codex:rollout-2026-07-09T19-10-24-019f49ca-54e7-7a91-82e7-a52b53cfd456:487,78772,predecessor_artifact
agentsight,e58fce112c6e,20,21,codex:rollout-2026-07-09T19-10-24-019f49ca-54e7-7a91-82e7-a52b53cfd456:488,78773,predecessor_module
agentsight,e58fce112c6e,20,21,codex:rollout-2026-07-09T19-10-24-019f49ca-54e7-7a91-82e7-a52b53cfd456:489,78774,predecessor_module
agentsight,e58fce112c6e,20,21,codex:rollout-2026-07-09T19-10-24-019f49ca-54e7-7a91-82e7-a52b53cfd456:490,78775,no_resolved_path
agentsight,e58fce112c6e,20,21,codex:rollout-2026-07-09T19-10-24-019f49ca-54e7-7a91-82e7-a52b53cfd456:491,78776,no_resolved_path
agentsight,e58fce112c6e,20,21,codex:rollout-2026-07-09T19-10-24-019f49ca-54e7-7a91-82e7-a52b53cfd456:492,78777,predecessor_module
agentsight,e58fce112c6e,20,21,codex:rollout-2026-07-09T19-10-24-019f49ca-54e7-7a91-82e7-a52b53cfd456:493,78778,predecessor_module
agentsight,e58fce112c6e,20,21,codex:rollout-2026-07-09T19-10-24-019f49ca-54e7-7a91-82e7-a52b53cfd456:494,78779,other_resolved_artifact
agentsight,e58fce112c6e,20,21,codex:rollout-2026-07-09T19-10-24-019f49ca-54e7-7a91-82e7-a52b53cfd456:495,78780,other_resolved_artifact
agentsight,e58fce112c6e,20,21,codex:rollout-2026-07-09T19-10-24-019f49ca-54e7-7a91-82e7-a52b53cfd456:496,78781,other_resolved_artifact
agentsight,e58fce112c6e,20,21,codex:rollout-2026-07-09T19-10-24-019f49ca-54e7-7a91-82e7-a52b53cfd456:497,78782,other_resolved_artifact
agentsight,e58fce112c6e,20,21,codex:rollout-2026-07-09T19-10-24-019f49ca-54e7-7a91-82e7-a52b53cfd456:498,78783,other_resolved_artifact
agentsight,e58fce112c6e,20,21,codex:rollout-2026-07-09T19-10-24-019f49ca-54e7-7a91-82e7-a52b53cfd456:499,78784,other_resolved_artifact
agentsight,e58fce112c6e,20,21,codex:rollout-2026-07-09T19-10-24-019f49ca-54e7-7a91-82e7-a52b53cfd456:500,78785,no_resolved_path
agentsight,e58fce112c6e,20,21,codex:rollout-2026-07-09T19-10-24-019f49ca-54e7-7a91-82e7-a52b53cfd456:501,78786,no_resolved_path
agentsight,e58fce112c6e,20,21,codex:rollout-2026-07-09T19-10-24-019f49ca-54e7-7a91-82e7-a52b53cfd456:502,78787,no_resolved_path
agentsight,e58fce112c6e,20,21,codex:rollout-2026-07-09T19-10-24-019f49ca-54e7-7a91-82e7-a52b53cfd456:503,78788,predecessor_module
agentsight,e58fce112c6e,20,21,codex:rollout-2026-07-09T19-10-24-019f49ca-54e7-7a91-82e7-a52b53cfd456:504,78789,predecessor_artifact
agentsight,e58fce112c6e,20,21,codex:rollout-2026-07-09T19-10-24-019f49ca-54e7-7a91-82e7-a52b53cfd456:505,78790,predecessor_module
agentsight,e58fce112c6e,20,21,codex:rollout-2026-07-09T19-10-24-019f49ca-54e7-7a91-82e7-a52b53cfd456:506,78791,predecessor_module
agentsight,e58fce112c6e,20,21,codex:rollout-2026-07-09T19-10-24-019f49ca-54e7-7a91-82e7-a52b53cfd456:507,78792,predecessor_module
agentsight,e58fce112c6e,20,21,codex:rollout-2026-07-09T19-10-24-019f49ca-54e7-7a91-82e7-a52b53cfd456:508,78793,other_resolved_artifact
agentsight,e58fce112c6e,20,21,codex:rollout-2026-07-09T19-10-24-019f49ca-54e7-7a91-82e7-a52b53cfd456:509,78794,predecessor_module
agentsight,e58fce112c6e,20,21,codex:rollout-2026-07-09T19-10-24-019f49ca-54e7-7a91-82e7-a52b53cfd456:510,78795,predecessor_module
agentsight,e58fce112c6e,20,21,codex:rollout-2026-07-09T19-10-24-019f49ca-54e7-7a91-82e7-a52b53cfd456:511,78796,predecessor_module
agentsight,e58fce112c6e,20,21,codex:rollout-2026-07-09T19-10-24-019f49ca-54e7-7a91-82e7-a52b53cfd456:512,78797,predecessor_module
agentsight,e58fce112c6e,20,21,codex:rollout-2026-07-09T19-10-24-019f49ca-54e7-7a91-82e7-a52b53cfd456:513,78798,predecessor_module
agentsight,e58fce112c6e,20,21,codex:rollout-2026-07-09T19-10-24-019f49ca-54e7-7a91-82e7-a52b53cfd456:514,78799,predecessor_module
agentsight,e58fce112c6e,20,21,codex:rollout-2026-07-09T19-10-24-019f49ca-54e7-7a91-82e7-a52b53cfd456:515,78800,other_resolved_artifact
agentsight,e58fce112c6e,20,21,codex:rollout-2026-07-09T19-10-24-019f49ca-54e7-7a91-82e7-a52b53cfd456:516,78801,other_resolved_artifact
agentsight,e58fce112c6e,20,21,codex:rollout-2026-07-09T19-10-24-019f49ca-54e7-7a91-82e7-a52b53cfd456:517,78802,predecessor_module
agentsight,e58fce112c6e,20,21,codex:rollout-2026-07-09T19-10-24-019f49ca-54e7-7a91-82e7-a52b53cfd456:518,78803,predecessor_module
agentsight,e58fce112c6e,20,21,codex:rollout-2026-07-09T19-10-24-019f49ca-54e7-7a91-82e7-a52b53cfd456:519,78804,no_resolved_path
agentsight,e58fce112c6e,20,21,codex:rollout-2026-07-09T19-10-24-019f49ca-54e7-7a91-82e7-a52b53cfd456:520,78805,no_resolved_path
agentsight,e58fce112c6e,20,21,codex:rollout-2026-07-09T19-10-24-019f49ca-54e7-7a91-82e7-a52b53cfd456:521,78806,no_resolved_path
agentsight,e58fce112c6e,20,21,codex:rollout-2026-07-09T19-10-24-019f49ca-54e7-7a91-82e7-a52b53cfd456:522,78807,no_resolved_path
agentsight,e58fce112c6e,20,21,codex:rollout-2026-07-09T19-10-24-019f49ca-54e7-7a91-82e7-a52b53cfd456:523,78808,no_resolved_path
agentsight,e58fce112c6e,20,21,codex:rollout-2026-07-09T19-10-24-019f49ca-54e7-7a91-82e7-a52b53cfd456:524,78809,no_resolved_path
agentsight,e58fce112c6e,20,21,codex:rollout-2026-07-09T19-10-24-019f49ca-54e7-7a91-82e7-a52b53cfd456:525,78810,predecessor_module
agentsight,e58fce112c6e,20,21,codex:rollout-2026-07-09T19-10-24-019f49ca-54e7-7a91-82e7-a52b53cfd456:526,78811,predecessor_module
agentsight,e58fce112c6e,20,21,codex:rollout-2026-07-09T19-10-24-019f49ca-54e7-7a91-82e7-a52b53cfd456:527,78812,no_resolved_path
agentsight,e58fce112c6e,20,21,codex:rollout-2026-07-09T19-10-24-019f49ca-54e7-7a91-82e7-a52b53cfd456:528,78813,no_resolved_path
agentsight,e58fce112c6e,20,21,codex:rollout-2026-07-09T19-10-24-019f49ca-54e7-7a91-82e7-a52b53cfd456:529,78814,no_resolved_path
agentsight,e58fce112c6e,20,21,codex:rollout-2026-07-09T19-10-24-019f49ca-54e7-7a91-82e7-a52b53cfd456:530,78815,no_resolved_path
agentsight,e58fce112c6e,20,21,codex:rollout-2026-07-09T19-10-24-019f49ca-54e7-7a91-82e7-a52b53cfd456:531,78816,no_resolved_path
agentsight,e58fce112c6e,20,21,codex:rollout-2026-07-09T19-10-24-019f49ca-54e7-7a91-82e7-a52b53cfd456:532,78817,other_resolved_artifact
agentsight,e58fce112c6e,20,21,codex:rollout-2026-07-09T19-10-24-019f49ca-54e7-7a91-82e7-a52b53cfd456:533,78818,other_resolved_artifact
agentsight,e58fce112c6e,20,21,codex:rollout-2026-07-09T19-10-24-019f49ca-54e7-7a91-82e7-a52b53cfd456:534,78819,other_resolved_artifact
agentsight,e58fce112c6e,20,21,codex:rollout-2026-07-09T19-10-24-019f49ca-54e7-7a91-82e7-a52b53cfd456:535,78820,no_resolved_path
agentsight,e58fce112c6e,20,21,codex:rollout-2026-07-09T19-10-24-019f49ca-54e7-7a91-82e7-a52b53cfd456:536,78821,other_resolved_artifact
agentsight,e58fce112c6e,20,21,codex:rollout-2026-07-09T19-10-24-019f49ca-54e7-7a91-82e7-a52b53cfd456:537,78822,other_resolved_artifact
agentsight,e58fce112c6e,20,21,codex:rollout-2026-07-09T19-10-24-019f49ca-54e7-7a91-82e7-a52b53cfd456:538,78823,no_resolved_path
agentsight,e58fce112c6e,20,21,codex:rollout-2026-07-09T19-10-24-019f49ca-54e7-7a91-82e7-a52b53cfd456:539,78824,no_resolved_path
agentsight,e58fce112c6e,20,21,codex:rollout-2026-07-09T19-10-24-019f49ca-54e7-7a91-82e7-a52b53cfd456:540,78825,no_resolved_path
agentsight,e58fce112c6e,20,21,codex:rollout-2026-07-09T19-10-24-019f49ca-54e7-7a91-82e7-a52b53cfd456:541,78826,no_resolved_path
agentsight,e58fce112c6e,20,21,codex:rollout-2026-07-09T19-10-24-019f49ca-54e7-7a91-82e7-a52b53cfd456:542,78827,no_resolved_path
agentsight,e58fce112c6e,20,21,codex:rollout-2026-07-09T19-10-24-019f49ca-54e7-7a91-82e7-a52b53cfd456:543,78828,no_resolved_path
agentsight,e58fce112c6e,20,21,codex:rollout-2026-07-09T19-10-24-019f49ca-54e7-7a91-82e7-a52b53cfd456:544,78829,no_resolved_path
agentsight,e58fce112c6e,20,21,codex:rollout-2026-07-09T19-10-24-019f49ca-54e7-7a91-82e7-a52b53cfd456:545,78830,no_resolved_path
agentsight,e58fce112c6e,20,21,codex:rollout-2026-07-09T19-10-24-019f49ca-54e7-7a91-82e7-a52b53cfd456:546,78831,no_resolved_path
agentsight,e58fce112c6e,20,21,codex:rollout-2026-07-09T19-10-24-019f49ca-54e7-7a91-82e7-a52b53cfd456:547,78832,no_resolved_path
agentsight,e58fce112c6e,20,21,codex:rollout-2026-07-09T19-10-24-019f49ca-54e7-7a91-82e7-a52b53cfd456:548,78833,no_resolved_path
agentsight,e58fce112c6e,20,21,codex:rollout-2026-07-09T19-10-24-019f49ca-54e7-7a91-82e7-a52b53cfd456:549,78834,no_resolved_path
agentsight,e58fce112c6e,20,21,codex:rollout-2026-07-09T19-10-24-019f49ca-54e7-7a91-82e7-a52b53cfd456:550,78835,predecessor_artifact
agentsight,e58fce112c6e,20,21,codex:rollout-2026-07-09T19-10-24-019f49ca-54e7-7a91-82e7-a52b53cfd456:551,78836,other_resolved_artifact
agentsight,e58fce112c6e,20,21,codex:rollout-2026-07-09T19-10-24-019f49ca-54e7-7a91-82e7-a52b53cfd456:552,78837,other_resolved_artifact
agentsight,e58fce112c6e,20,21,codex:rollout-2026-07-09T19-10-24-019f49ca-54e7-7a91-82e7-a52b53cfd456:553,78838,other_resolved_scope
agentsight,e58fce112c6e,20,21,codex:rollout-2026-07-09T19-10-24-019f49ca-54e7-7a91-82e7-a52b53cfd456:554,78839,other_resolved_artifact
agentsight,e58fce112c6e,20,21,codex:rollout-2026-07-09T19-10-24-019f49ca-54e7-7a91-82e7-a52b53cfd456:555,78840,no_resolved_path
agentsight,e58fce112c6e,20,21,codex:rollout-2026-07-09T19-10-24-019f49ca-54e7-7a91-82e7-a52b53cfd456:556,78841,no_resolved_path
agentsight,e58fce112c6e,20,21,codex:rollout-2026-07-09T19-10-24-019f49ca-54e7-7a91-82e7-a52b53cfd456:557,78842,predecessor_module
agentsight,e58fce112c6e,20,21,codex:rollout-2026-07-09T19-10-24-019f49ca-54e7-7a91-82e7-a52b53cfd456:558,78843,predecessor_module
agentsight,e58fce112c6e,20,21,codex:rollout-2026-07-09T19-10-24-019f49ca-54e7-7a91-82e7-a52b53cfd456:559,78844,predecessor_module
agentsight,e58fce112c6e,20,21,codex:rollout-2026-07-09T19-10-24-019f49ca-54e7-7a91-82e7-a52b53cfd456:560,78845,predecessor_module
agentsight,e58fce112c6e,20,21,codex:rollout-2026-07-09T19-10-24-019f49ca-54e7-7a91-82e7-a52b53cfd456:561,78846,predecessor_module
agentsight,e58fce112c6e,20,21,codex:rollout-2026-07-09T19-10-24-019f49ca-54e7-7a91-82e7-a52b53cfd456:562,78847,no_resolved_path
agentsight,e58fce112c6e,20,21,codex:rollout-2026-07-09T19-10-24-019f49ca-54e7-7a91-82e7-a52b53cfd456:563,78848,other_resolved_artifact
agentsight,e58fce112c6e,20,21,codex:rollout-2026-07-09T19-10-24-019f49ca-54e7-7a91-82e7-a52b53cfd456:564,78849,other_resolved_artifact
agentsight,e58fce112c6e,20,21,codex:rollout-2026-07-09T19-10-24-019f49ca-54e7-7a91-82e7-a52b53cfd456:565,78850,predecessor_module
agentsight,e58fce112c6e,20,21,codex:rollout-2026-07-09T19-10-24-019f49ca-54e7-7a91-82e7-a52b53cfd456:566,78851,predecessor_module
agentsight,e58fce112c6e,20,21,codex:rollout-2026-07-09T19-10-24-019f49ca-54e7-7a91-82e7-a52b53cfd456:567,78852,predecessor_module
agentsight,e58fce112c6e,20,21,codex:rollout-2026-07-09T19-10-24-019f49ca-54e7-7a91-82e7-a52b53cfd456:568,78853,predecessor_module
agentsight,e58fce112c6e,20,21,codex:rollout-2026-07-09T19-10-24-019f49ca-54e7-7a91-82e7-a52b53cfd456:569,78854,other_resolved_artifact
agentsight,e58fce112c6e,20,21,codex:rollout-2026-07-09T19-10-24-019f49ca-54e7-7a91-82e7-a52b53cfd456:570,78855,predecessor_module
agentsight,e58fce112c6e,20,21,codex:rollout-2026-07-09T19-10-24-019f49ca-54e7-7a91-82e7-a52b53cfd456:571,78856,other_resolved_artifact
agentsight,e58fce112c6e,20,21,codex:rollout-2026-07-09T19-10-24-019f49ca-54e7-7a91-82e7-a52b53cfd456:572,78857,predecessor_module
agentsight,e58fce112c6e,20,21,codex:rollout-2026-07-09T19-10-24-019f49ca-54e7-7a91-82e7-a52b53cfd456:573,78858,predecessor_module
agentsight,e58fce112c6e,20,21,codex:rollout-2026-07-09T19-10-24-019f49ca-54e7-7a91-82e7-a52b53cfd456:574,78859,predecessor_module
agentsight,e58fce112c6e,20,21,codex:rollout-2026-07-09T19-10-24-019f49ca-54e7-7a91-82e7-a52b53cfd456:575,78860,predecessor_module
agentsight,e58fce112c6e,20,21,codex:rollout-2026-07-09T19-10-24-019f49ca-54e7-7a91-82e7-a52b53cfd456:576,78861,predecessor_module
agentsight,e58fce112c6e,20,21,codex:rollout-2026-07-09T19-10-24-019f49ca-54e7-7a91-82e7-a52b53cfd456:577,78862,predecessor_module
agentsight,e58fce112c6e,20,21,codex:rollout-2026-07-09T19-10-24-019f49ca-54e7-7a91-82e7-a52b53cfd456:578,78863,predecessor_module
agentsight,e58fce112c6e,20,21,codex:rollout-2026-07-09T19-10-24-019f49ca-54e7-7a91-82e7-a52b53cfd456:579,78864,predecessor_module
agentsight,e58fce112c6e,20,21,codex:rollout-2026-07-09T19-10-24-019f49ca-54e7-7a91-82e7-a52b53cfd456:580,78865,predecessor_module
agentsight,e58fce112c6e,20,21,codex:rollout-2026-07-09T19-10-24-019f49ca-54e7-7a91-82e7-a52b53cfd456:581,78866,predecessor_module
agentsight,e58fce112c6e,20,21,codex:rollout-2026-07-09T19-10-24-019f49ca-54e7-7a91-82e7-a52b53cfd456:582,78867,predecessor_module
agentsight,e58fce112c6e,20,21,codex:rollout-2026-07-09T19-10-24-019f49ca-54e7-7a91-82e7-a52b53cfd456:583,78868,predecessor_module
agentsight,e58fce112c6e,20,21,codex:rollout-2026-07-09T19-10-24-019f49ca-54e7-7a91-82e7-a52b53cfd456:584,78869,predecessor_module
agentsight,e58fce112c6e,20,21,codex:rollout-2026-07-09T19-10-24-019f49ca-54e7-7a91-82e7-a52b53cfd456:585,78870,no_resolved_path
agentsight,e58fce112c6e,20,21,codex:rollout-2026-07-09T19-10-24-019f49ca-54e7-7a91-82e7-a52b53cfd456:586,78871,no_resolved_path
agentsight,e58fce112c6e,20,21,codex:rollout-2026-07-09T19-10-24-019f49ca-54e7-7a91-82e7-a52b53cfd456:587,78872,no_resolved_path
agentsight,e58fce112c6e,20,21,codex:rollout-2026-07-09T19-10-24-019f49ca-54e7-7a91-82e7-a52b53cfd456:588,78873,no_resolved_path
agentsight,e58fce112c6e,20,21,codex:rollout-2026-07-09T19-10-24-019f49ca-54e7-7a91-82e7-a52b53cfd456:589,78874,no_resolved_path
agentsight,e58fce112c6e,20,21,codex:rollout-2026-07-09T19-10-24-019f49ca-54e7-7a91-82e7-a52b53cfd456:590,78875,no_resolved_path
agentsight,e58fce112c6e,20,21,codex:rollout-2026-07-09T19-10-24-019f49ca-54e7-7a91-82e7-a52b53cfd456:591,78876,no_resolved_path
agentsight,e58fce112c6e,20,21,codex:rollout-2026-07-09T19-10-24-019f49ca-54e7-7a91-82e7-a52b53cfd456:592,78877,no_resolved_path
agentsight,e58fce112c6e,20,21,codex:rollout-2026-07-09T19-10-24-019f49ca-54e7-7a91-82e7-a52b53cfd456:593,78878,no_resolved_path
agentsight,e58fce112c6e,20,21,codex:rollout-2026-07-09T19-10-24-019f49ca-54e7-7a91-82e7-a52b53cfd456:594,78879,no_resolved_path
agentsight,e58fce112c6e,20,21,codex:rollout-2026-07-09T19-10-24-019f49ca-54e7-7a91-82e7-a52b53cfd456:595,78880,no_resolved_path
agentsight,e58fce112c6e,20,21,codex:rollout-2026-07-09T19-10-24-019f49ca-54e7-7a91-82e7-a52b53cfd456:596,78881,no_resolved_path
agentsight,e58fce112c6e,20,21,codex:rollout-2026-07-09T19-10-24-019f49ca-54e7-7a91-82e7-a52b53cfd456:597,78882,other_resolved_artifact
agentsight,e58fce112c6e,20,21,codex:rollout-2026-07-09T19-10-24-019f49ca-54e7-7a91-82e7-a52b53cfd456:598,78883,no_resolved_path
agentsight,e58fce112c6e,20,21,codex:rollout-2026-07-09T19-10-24-019f49ca-54e7-7a91-82e7-a52b53cfd456:599,78884,no_resolved_path
agentsight,e58fce112c6e,20,21,codex:rollout-2026-07-09T19-10-24-019f49ca-54e7-7a91-82e7-a52b53cfd456:600,78885,no_resolved_path
agentsight,e58fce112c6e,20,21,codex:rollout-2026-07-09T19-10-24-019f49ca-54e7-7a91-82e7-a52b53cfd456:601,78886,no_resolved_path
agentsight,e58fce112c6e,20,21,codex:rollout-2026-07-09T19-10-24-019f49ca-54e7-7a91-82e7-a52b53cfd456:602,78887,no_resolved_path
agentsight,e58fce112c6e,20,21,codex:rollout-2026-07-09T19-10-24-019f49ca-54e7-7a91-82e7-a52b53cfd456:603,78888,no_resolved_path
agentsight,e58fce112c6e,20,21,codex:rollout-2026-07-09T19-10-24-019f49ca-54e7-7a91-82e7-a52b53cfd456:604,78889,no_resolved_path
agentsight,e58fce112c6e,20,21,codex:rollout-2026-07-09T19-10-24-019f49ca-54e7-7a91-82e7-a52b53cfd456:605,78890,no_resolved_path
agentsight,e58fce112c6e,20,21,codex:rollout-2026-07-09T19-10-24-019f49ca-54e7-7a91-82e7-a52b53cfd456:606,78891,no_resolved_path
agentsight,e58fce112c6e,20,21,codex:rollout-2026-07-09T19-10-24-019f49ca-54e7-7a91-82e7-a52b53cfd456:607,78892,no_resolved_path
agentsight,e58fce112c6e,20,21,codex:rollout-2026-07-09T19-10-24-019f49ca-54e7-7a91-82e7-a52b53cfd456:608,78893,other_resolved_artifact
agentsight,e58fce112c6e,20,21,codex:rollout-2026-07-09T19-10-24-019f49ca-54e7-7a91-82e7-a52b53cfd456:609,78894,no_resolved_path
agentsight,e58fce112c6e,20,21,codex:rollout-2026-07-09T19-10-24-019f49ca-54e7-7a91-82e7-a52b53cfd456:610,78895,no_resolved_path
agentsight,b5bc34dabe6a,2,3,claude:18de423e-e0ff-45d9-94a1-6c94909272b6:0,70350,no_resolved_path
agentsight,b5bc34dabe6a,2,3,claude:18de423e-e0ff-45d9-94a1-6c94909272b6:1,70351,no_resolved_path
agentsight,b5bc34dabe6a,2,3,claude:18de423e-e0ff-45d9-94a1-6c94909272b6:2,70353,no_resolved_path
agentsight,b5bc34dabe6a,2,3,claude:18de423e-e0ff-45d9-94a1-6c94909272b6:3,70399,no_resolved_path
agentsight,b5bc34dabe6a,2,3,claude:18de423e-e0ff-45d9-94a1-6c94909272b6:4,70400,no_resolved_path
agentsight,b5bc34dabe6a,2,3,claude:18de423e-e0ff-45d9-94a1-6c94909272b6:5,70404,no_resolved_path
agentsight,b5bc34dabe6a,2,3,claude:18de423e-e0ff-45d9-94a1-6c94909272b6:6,70411,no_resolved_path
agentsight,b5bc34dabe6a,2,3,claude:18de423e-e0ff-45d9-94a1-6c94909272b6:7,70412,no_resolved_path
agentsight,b5bc34dabe6a,2,3,claude:18de423e-e0ff-45d9-94a1-6c94909272b6:8,70416,no_resolved_path
agentsight,b5bc34dabe6a,2,3,claude:18de423e-e0ff-45d9-94a1-6c94909272b6:9,70417,no_resolved_path
agentsight,b5bc34dabe6a,2,3,claude:18de423e-e0ff-45d9-94a1-6c94909272b6:10,70418,no_resolved_path
agentsight,b5bc34dabe6a,2,3,claude:18de423e-e0ff-45d9-94a1-6c94909272b6:11,70438,no_resolved_path
agentsight,b5bc34dabe6a,2,3,claude:18de423e-e0ff-45d9-94a1-6c94909272b6:12,70439,no_resolved_path
agentsight,b5bc34dabe6a,2,3,codex:rollout-2026-07-02T23-29-23-019f26aa-ebda-79d2-9c6d-04400b1ccb66:16928,70453,no_resolved_path
agentsight,b5bc34dabe6a,2,3,codex:rollout-2026-07-02T23-29-23-019f26aa-ebda-79d2-9c6d-04400b1ccb66:16930,70455,no_resolved_path
agentsight,b5bc34dabe6a,2,3,codex:rollout-2026-07-02T23-29-23-019f26aa-ebda-79d2-9c6d-04400b1ccb66:16934,70459,no_resolved_path
agentsight,b5bc34dabe6a,2,3,codex:rollout-2026-07-02T23-29-23-019f26aa-ebda-79d2-9c6d-04400b1ccb66:16935,70460,no_resolved_path
agentsight,b5bc34dabe6a,2,3,codex:rollout-2026-07-02T23-29-23-019f26aa-ebda-79d2-9c6d-04400b1ccb66:16936,70461,no_resolved_path
agentsight,b5bc34dabe6a,2,3,codex:rollout-2026-07-02T23-29-23-019f26aa-ebda-79d2-9c6d-04400b1ccb66:16937,70462,no_resolved_path
agentsight,b5bc34dabe6a,2,3,codex:rollout-2026-07-02T23-29-23-019f26aa-ebda-79d2-9c6d-04400b1ccb66:16939,70464,no_resolved_path
agentsight,b5bc34dabe6a,2,3,codex:rollout-2026-07-02T23-29-23-019f26aa-ebda-79d2-9c6d-04400b1ccb66:16940,70465,other_resolved_artifact
agentsight,b5bc34dabe6a,2,3,codex:rollout-2026-07-02T23-29-23-019f26aa-ebda-79d2-9c6d-04400b1ccb66:16941,70466,no_resolved_path
agentsight,b5bc34dabe6a,2,3,codex:rollout-2026-07-02T23-29-23-019f26aa-ebda-79d2-9c6d-04400b1ccb66:16942,70467,other_resolved_artifact
agentsight,b5bc34dabe6a,2,3,codex:rollout-2026-07-02T23-29-23-019f26aa-ebda-79d2-9c6d-04400b1ccb66:16943,70468,no_resolved_path
agentsight,b5bc34dabe6a,2,3,codex:rollout-2026-07-02T23-29-23-019f26aa-ebda-79d2-9c6d-04400b1ccb66:16946,70471,other_resolved_scope
agentsight,b5bc34dabe6a,2,3,codex:rollout-2026-07-02T23-29-23-019f26aa-ebda-79d2-9c6d-04400b1ccb66:16947,70472,no_resolved_path
agentsight,b5bc34dabe6a,2,3,codex:rollout-2026-07-02T23-29-23-019f26aa-ebda-79d2-9c6d-04400b1ccb66:16948,70473,no_resolved_path
agentsight,b5bc34dabe6a,2,3,codex:rollout-2026-07-06T17-02-11-019f39e1-def3-7e90-83c2-2db89f5d68aa:0,70475,no_resolved_path
agentsight,b5bc34dabe6a,2,3,codex:rollout-2026-07-06T17-02-11-019f39e1-def3-7e90-83c2-2db89f5d68aa:1,70476,no_resolved_path
agentsight,b5bc34dabe6a,2,3,codex:rollout-2026-07-06T17-02-11-019f39e1-def3-7e90-83c2-2db89f5d68aa:2,70477,other_resolved_scope
agentsight,b5bc34dabe6a,2,3,codex:rollout-2026-07-02T23-29-23-019f26aa-ebda-79d2-9c6d-04400b1ccb66:16950,70478,no_resolved_path
agentsight,b5bc34dabe6a,2,3,codex:rollout-2026-07-02T23-29-23-019f26aa-ebda-79d2-9c6d-04400b1ccb66:16951,70479,no_resolved_path
agentsight,b5bc34dabe6a,2,3,codex:rollout-2026-07-02T23-29-23-019f26aa-ebda-79d2-9c6d-04400b1ccb66:16952,70480,other_resolved_artifact
agentsight,b5bc34dabe6a,2,3,codex:rollout-2026-07-06T17-02-11-019f39e1-def3-7e90-83c2-2db89f5d68aa:3,70482,other_resolved_artifact
agentsight,b5bc34dabe6a,2,3,codex:rollout-2026-07-06T17-02-11-019f39e1-def3-7e90-83c2-2db89f5d68aa:4,70483,no_resolved_path
agentsight,b5bc34dabe6a,2,3,codex:rollout-2026-07-06T17-02-11-019f39e1-def3-7e90-83c2-2db89f5d68aa:5,70484,no_resolved_path
agentsight,b5bc34dabe6a,2,3,codex:rollout-2026-07-06T17-02-11-019f39e1-def3-7e90-83c2-2db89f5d68aa:6,70485,other_resolved_artifact
agentsight,b5bc34dabe6a,2,3,codex:rollout-2026-07-06T17-02-11-019f39e1-def3-7e90-83c2-2db89f5d68aa:7,70486,no_resolved_path
agentsight,b5bc34dabe6a,2,3,codex:rollout-2026-07-06T17-02-11-019f39e1-def3-7e90-83c2-2db89f5d68aa:8,70487,other_resolved_artifact
agentsight,b5bc34dabe6a,2,3,codex:rollout-2026-07-06T17-02-11-019f39e1-def3-7e90-83c2-2db89f5d68aa:9,70488,other_resolved_artifact
agentsight,b5bc34dabe6a,2,3,codex:rollout-2026-07-06T17-02-11-019f39e1-def3-7e90-83c2-2db89f5d68aa:10,70489,other_resolved_artifact
agentsight,b5bc34dabe6a,2,3,codex:rollout-2026-07-06T17-02-11-019f39e1-def3-7e90-83c2-2db89f5d68aa:11,70490,other_resolved_artifact
agentsight,b5bc34dabe6a,2,3,codex:rollout-2026-07-06T17-02-11-019f39e1-def3-7e90-83c2-2db89f5d68aa:12,70491,no_resolved_path
agentsight,b5bc34dabe6a,2,3,codex:rollout-2026-07-06T17-02-11-019f39e1-def3-7e90-83c2-2db89f5d68aa:13,70492,other_resolved_artifact
agentsight,b5bc34dabe6a,2,3,codex:rollout-2026-07-06T17-02-11-019f39e1-def3-7e90-83c2-2db89f5d68aa:14,70493,other_resolved_artifact
agentsight,b5bc34dabe6a,2,3,codex:rollout-2026-07-06T17-02-11-019f39e1-def3-7e90-83c2-2db89f5d68aa:15,70494,other_resolved_artifact
agentsight,b5bc34dabe6a,2,3,codex:rollout-2026-07-06T17-02-11-019f39e1-def3-7e90-83c2-2db89f5d68aa:16,70495,other_resolved_artifact
agentsight,b5bc34dabe6a,2,3,codex:rollout-2026-07-06T17-02-11-019f39e1-def3-7e90-83c2-2db89f5d68aa:17,70496,other_resolved_artifact
agentsight,b5bc34dabe6a,2,3,codex:rollout-2026-07-06T17-02-11-019f39e1-def3-7e90-83c2-2db89f5d68aa:18,70497,other_resolved_artifact
agentsight,b5bc34dabe6a,2,3,codex:rollout-2026-07-06T17-02-11-019f39e1-def3-7e90-83c2-2db89f5d68aa:19,70498,other_resolved_artifact
agentsight,b5bc34dabe6a,2,3,codex:rollout-2026-07-06T17-02-11-019f39e1-def3-7e90-83c2-2db89f5d68aa:20,70499,other_resolved_artifact
agentsight,b5bc34dabe6a,2,3,codex:rollout-2026-07-06T17-02-11-019f39e1-def3-7e90-83c2-2db89f5d68aa:21,70500,no_resolved_path
agentsight,b5bc34dabe6a,2,3,codex:rollout-2026-07-06T17-02-11-019f39e1-def3-7e90-83c2-2db89f5d68aa:22,70501,no_resolved_path
agentsight,b5bc34dabe6a,2,3,codex:rollout-2026-07-02T23-29-23-019f26aa-ebda-79d2-9c6d-04400b1ccb66:16955,70503,no_resolved_path
agentsight,b5bc34dabe6a,2,3,codex:rollout-2026-07-02T23-29-23-019f26aa-ebda-79d2-9c6d-04400b1ccb66:16956,70504,no_resolved_path
agentsight,b5bc34dabe6a,2,3,codex:rollout-2026-07-02T23-29-23-019f26aa-ebda-79d2-9c6d-04400b1ccb66:16957,70505,other_resolved_artifact
agentsight,b5bc34dabe6a,2,3,codex:rollout-2026-07-02T23-29-23-019f26aa-ebda-79d2-9c6d-04400b1ccb66:16958,70506,other_resolved_artifact
agentsight,b5bc34dabe6a,2,3,codex:rollout-2026-07-02T23-29-23-019f26aa-ebda-79d2-9c6d-04400b1ccb66:16959,70507,no_resolved_path
agentsight,b5bc34dabe6a,2,3,codex:rollout-2026-07-02T23-29-23-019f26aa-ebda-79d2-9c6d-04400b1ccb66:16960,70508,no_resolved_path
agentsight,b5bc34dabe6a,2,3,codex:rollout-2026-07-02T23-29-23-019f26aa-ebda-79d2-9c6d-04400b1ccb66:16961,70509,other_resolved_scope
agentsight,b5bc34dabe6a,2,3,codex:rollout-2026-07-02T23-29-23-019f26aa-ebda-79d2-9c6d-04400b1ccb66:16962,70510,no_resolved_path
agentsight,b5bc34dabe6a,2,3,codex:rollout-2026-07-02T23-29-23-019f26aa-ebda-79d2-9c6d-04400b1ccb66:16966,70514,other_resolved_scope
agentsight,b5bc34dabe6a,2,3,codex:rollout-2026-07-02T23-29-23-019f26aa-ebda-79d2-9c6d-04400b1ccb66:16967,70515,no_resolved_path
agentsight,b5bc34dabe6a,2,3,codex:rollout-2026-07-02T23-29-23-019f26aa-ebda-79d2-9c6d-04400b1ccb66:16968,70516,no_resolved_path
agentsight,b5bc34dabe6a,2,3,codex:rollout-2026-07-06T17-02-11-019f39e1-def3-7e90-83c2-2db89f5d68aa:23,70518,no_resolved_path
agentsight,b5bc34dabe6a,2,3,codex:rollout-2026-07-06T17-02-11-019f39e1-def3-7e90-83c2-2db89f5d68aa:24,70519,other_resolved_scope
agentsight,b5bc34dabe6a,2,3,codex:rollout-2026-07-06T17-02-11-019f39e1-def3-7e90-83c2-2db89f5d68aa:25,70520,other_resolved_artifact
agentsight,b5bc34dabe6a,2,3,codex:rollout-2026-07-06T17-02-11-019f39e1-def3-7e90-83c2-2db89f5d68aa:26,70521,no_resolved_path
agentsight,b5bc34dabe6a,2,3,codex:rollout-2026-07-06T17-02-11-019f39e1-def3-7e90-83c2-2db89f5d68aa:27,70522,other_resolved_artifact
agentsight,b5bc34dabe6a,2,3,codex:rollout-2026-07-06T17-02-11-019f39e1-def3-7e90-83c2-2db89f5d68aa:28,70523,other_resolved_artifact
agentsight,b5bc34dabe6a,2,3,codex:rollout-2026-07-06T17-02-11-019f39e1-def3-7e90-83c2-2db89f5d68aa:29,70524,other_resolved_artifact
agentsight,b5bc34dabe6a,2,3,codex:rollout-2026-07-06T17-02-11-019f39e1-def3-7e90-83c2-2db89f5d68aa:30,70525,other_resolved_artifact
agentsight,b5bc34dabe6a,2,3,codex:rollout-2026-07-06T17-02-11-019f39e1-def3-7e90-83c2-2db89f5d68aa:31,70526,other_resolved_artifact
agentsight,b5bc34dabe6a,2,3,codex:rollout-2026-07-06T17-02-11-019f39e1-def3-7e90-83c2-2db89f5d68aa:32,70527,other_resolved_artifact
agentsight,b5bc34dabe6a,2,3,codex:rollout-2026-07-06T17-02-11-019f39e1-def3-7e90-83c2-2db89f5d68aa:33,70528,other_resolved_artifact
agentsight,b5bc34dabe6a,2,3,codex:rollout-2026-07-06T17-02-11-019f39e1-def3-7e90-83c2-2db89f5d68aa:34,70529,no_resolved_path
agentsight,b5bc34dabe6a,2,3,codex:rollout-2026-07-06T17-02-11-019f39e1-def3-7e90-83c2-2db89f5d68aa:35,70530,no_resolved_path
agentsight,b5bc34dabe6a,2,3,codex:rollout-2026-07-06T17-02-11-019f39e1-def3-7e90-83c2-2db89f5d68aa:36,70531,other_resolved_artifact
agentsight,b5bc34dabe6a,2,3,codex:rollout-2026-07-06T17-02-11-019f39e1-def3-7e90-83c2-2db89f5d68aa:37,70532,other_resolved_artifact
agentsight,b5bc34dabe6a,2,3,codex:rollout-2026-07-06T17-02-11-019f39e1-def3-7e90-83c2-2db89f5d68aa:38,70533,no_resolved_path
agentsight,b5bc34dabe6a,2,3,codex:rollout-2026-07-06T17-02-11-019f39e1-def3-7e90-83c2-2db89f5d68aa:39,70534,other_resolved_artifact
agentsight,b5bc34dabe6a,2,3,codex:rollout-2026-07-06T17-02-11-019f39e1-def3-7e90-83c2-2db89f5d68aa:40,70535,other_resolved_artifact
agentsight,b5bc34dabe6a,2,3,codex:rollout-2026-07-06T17-02-11-019f39e1-def3-7e90-83c2-2db89f5d68aa:41,70536,other_resolved_artifact
agentsight,b5bc34dabe6a,2,3,codex:rollout-2026-07-06T17-02-11-019f39e1-def3-7e90-83c2-2db89f5d68aa:42,70537,other_resolved_artifact
agentsight,b5bc34dabe6a,2,3,codex:rollout-2026-07-06T17-02-11-019f39e1-def3-7e90-83c2-2db89f5d68aa:43,70538,other_resolved_artifact
agentsight,b5bc34dabe6a,2,3,codex:rollout-2026-07-06T17-02-11-019f39e1-def3-7e90-83c2-2db89f5d68aa:44,70539,other_resolved_artifact
agentsight,b5bc34dabe6a,2,3,codex:rollout-2026-07-06T17-02-11-019f39e1-def3-7e90-83c2-2db89f5d68aa:45,70540,no_resolved_path
agentsight,b5bc34dabe6a,2,3,codex:rollout-2026-07-06T17-02-11-019f39e1-def3-7e90-83c2-2db89f5d68aa:46,70541,no_resolved_path
agentsight,b5bc34dabe6a,2,3,codex:rollout-2026-07-02T23-29-23-019f26aa-ebda-79d2-9c6d-04400b1ccb66:16971,70543,no_resolved_path
agentsight,b5bc34dabe6a,2,3,codex:rollout-2026-07-02T23-29-23-019f26aa-ebda-79d2-9c6d-04400b1ccb66:16972,70544,no_resolved_path
agentsight,b5bc34dabe6a,2,3,codex:rollout-2026-07-02T23-29-23-019f26aa-ebda-79d2-9c6d-04400b1ccb66:16973,70545,no_resolved_path
agentsight,b5bc34dabe6a,2,3,codex:rollout-2026-07-02T23-29-23-019f26aa-ebda-79d2-9c6d-04400b1ccb66:16974,70546,no_resolved_path
agentsight,b5bc34dabe6a,2,3,codex:rollout-2026-07-02T23-29-23-019f26aa-ebda-79d2-9c6d-04400b1ccb66:16976,70548,no_resolved_path
agentsight,b5bc34dabe6a,2,3,codex:rollout-2026-07-02T23-29-23-019f26aa-ebda-79d2-9c6d-04400b1ccb66:16977,70549,no_resolved_path
agentsight,b5bc34dabe6a,2,3,codex:rollout-2026-07-02T23-29-23-019f26aa-ebda-79d2-9c6d-04400b1ccb66:16978,70550,no_resolved_path
agentsight,b5bc34dabe6a,2,3,codex:rollout-2026-07-02T23-29-23-019f26aa-ebda-79d2-9c6d-04400b1ccb66:16979,70551,no_resolved_path
agentsight,b5bc34dabe6a,2,3,codex:rollout-2026-07-02T23-29-23-019f26aa-ebda-79d2-9c6d-04400b1ccb66:16980,70552,no_resolved_path
agentsight,b5bc34dabe6a,2,3,codex:rollout-2026-07-02T23-29-23-019f26aa-ebda-79d2-9c6d-04400b1ccb66:16981,70553,other_resolved_artifact
agentsight,b5bc34dabe6a,2,3,codex:rollout-2026-07-02T23-29-23-019f26aa-ebda-79d2-9c6d-04400b1ccb66:16982,70554,other_resolved_scope
agentsight,b5bc34dabe6a,2,3,codex:rollout-2026-07-02T23-29-23-019f26aa-ebda-79d2-9c6d-04400b1ccb66:16983,70555,other_resolved_artifact
agentsight,b5bc34dabe6a,2,3,codex:rollout-2026-07-02T23-29-23-019f26aa-ebda-79d2-9c6d-04400b1ccb66:16984,70556,other_resolved_artifact
agentsight,b5bc34dabe6a,2,3,codex:rollout-2026-07-02T23-29-23-019f26aa-ebda-79d2-9c6d-04400b1ccb66:16985,70557,other_resolved_artifact
agentsight,b5bc34dabe6a,2,3,codex:rollout-2026-07-02T23-29-23-019f26aa-ebda-79d2-9c6d-04400b1ccb66:16986,70558,no_resolved_path
agentsight,b5bc34dabe6a,2,3,codex:rollout-2026-07-02T23-29-23-019f26aa-ebda-79d2-9c6d-04400b1ccb66:16987,70559,other_resolved_artifact
agentsight,b5bc34dabe6a,2,3,codex:rollout-2026-07-02T23-29-23-019f26aa-ebda-79d2-9c6d-04400b1ccb66:16988,70560,other_resolved_artifact
agentsight,b5bc34dabe6a,2,3,codex:rollout-2026-07-02T23-29-23-019f26aa-ebda-79d2-9c6d-04400b1ccb66:16989,70561,other_resolved_artifact
agentsight,b5bc34dabe6a,2,3,codex:rollout-2026-07-02T23-29-23-019f26aa-ebda-79d2-9c6d-04400b1ccb66:16990,70562,other_resolved_artifact
agentsight,b5bc34dabe6a,2,3,codex:rollout-2026-07-02T23-29-23-019f26aa-ebda-79d2-9c6d-04400b1ccb66:16991,70563,other_resolved_artifact
agentsight,b5bc34dabe6a,2,3,codex:rollout-2026-07-02T23-29-23-019f26aa-ebda-79d2-9c6d-04400b1ccb66:16992,70564,other_resolved_artifact
agentsight,b5bc34dabe6a,2,3,codex:rollout-2026-07-02T23-29-23-019f26aa-ebda-79d2-9c6d-04400b1ccb66:16993,70565,other_resolved_artifact
agentsight,b5bc34dabe6a,2,3,codex:rollout-2026-07-02T23-29-23-019f26aa-ebda-79d2-9c6d-04400b1ccb66:16994,70566,other_resolved_artifact
agentsight,b5bc34dabe6a,2,3,codex:rollout-2026-07-02T23-29-23-019f26aa-ebda-79d2-9c6d-04400b1ccb66:16995,70567,other_resolved_artifact
agentsight,b5bc34dabe6a,2,3,codex:rollout-2026-07-02T23-29-23-019f26aa-ebda-79d2-9c6d-04400b1ccb66:16996,70568,other_resolved_artifact
agentsight,b5bc34dabe6a,2,3,codex:rollout-2026-07-02T23-29-23-019f26aa-ebda-79d2-9c6d-04400b1ccb66:16997,70569,no_resolved_path
agentsight,b5bc34dabe6a,2,3,codex:rollout-2026-07-02T23-29-23-019f26aa-ebda-79d2-9c6d-04400b1ccb66:16998,70570,other_resolved_artifact
agentsight,b5bc34dabe6a,2,3,codex:rollout-2026-07-02T23-29-23-019f26aa-ebda-79d2-9c6d-04400b1ccb66:16999,70571,other_resolved_artifact
agentsight,b5bc34dabe6a,2,3,codex:rollout-2026-07-02T23-29-23-019f26aa-ebda-79d2-9c6d-04400b1ccb66:17000,70572,other_resolved_artifact
agentsight,b5bc34dabe6a,2,3,codex:rollout-2026-07-02T23-29-23-019f26aa-ebda-79d2-9c6d-04400b1ccb66:17001,70573,other_resolved_artifact
agentsight,b5bc34dabe6a,2,3,codex:rollout-2026-07-02T23-29-23-019f26aa-ebda-79d2-9c6d-04400b1ccb66:17002,70574,no_resolved_path
agentsight,b5bc34dabe6a,2,3,codex:rollout-2026-07-02T23-29-23-019f26aa-ebda-79d2-9c6d-04400b1ccb66:17003,70575,other_resolved_artifact
agentsight,b5bc34dabe6a,2,3,codex:rollout-2026-07-02T23-29-23-019f26aa-ebda-79d2-9c6d-04400b1ccb66:17004,70576,no_resolved_path
agentsight,b5bc34dabe6a,2,3,codex:rollout-2026-07-02T23-29-23-019f26aa-ebda-79d2-9c6d-04400b1ccb66:17005,70577,no_resolved_path
agentsight,b5bc34dabe6a,2,3,codex:rollout-2026-07-02T23-29-23-019f26aa-ebda-79d2-9c6d-04400b1ccb66:17006,70578,no_resolved_path
agentsight,b5bc34dabe6a,2,3,codex:rollout-2026-07-02T23-29-23-019f26aa-ebda-79d2-9c6d-04400b1ccb66:17007,70579,other_resolved_artifact
agentsight,b5bc34dabe6a,2,3,codex:rollout-2026-07-02T23-29-23-019f26aa-ebda-79d2-9c6d-04400b1ccb66:17008,70580,no_resolved_path
agentsight,b5bc34dabe6a,2,3,codex:rollout-2026-07-02T23-29-23-019f26aa-ebda-79d2-9c6d-04400b1ccb66:17009,70581,no_resolved_path
agentsight,b5bc34dabe6a,2,3,codex:rollout-2026-07-02T23-29-23-019f26aa-ebda-79d2-9c6d-04400b1ccb66:17010,70582,no_resolved_path
agentsight,b5bc34dabe6a,2,3,codex:rollout-2026-07-02T23-29-23-019f26aa-ebda-79d2-9c6d-04400b1ccb66:17011,70583,no_resolved_path
agentsight,b5bc34dabe6a,2,3,codex:rollout-2026-07-02T23-29-23-019f26aa-ebda-79d2-9c6d-04400b1ccb66:17012,70584,no_resolved_path
agentsight,b5bc34dabe6a,2,3,codex:rollout-2026-07-02T23-29-23-019f26aa-ebda-79d2-9c6d-04400b1ccb66:17013,70585,other_resolved_artifact
agentsight,b5bc34dabe6a,2,3,codex:rollout-2026-07-02T23-29-23-019f26aa-ebda-79d2-9c6d-04400b1ccb66:17014,70586,other_resolved_artifact
agentsight,b5bc34dabe6a,2,3,codex:rollout-2026-07-02T23-29-23-019f26aa-ebda-79d2-9c6d-04400b1ccb66:17015,70587,other_resolved_artifact
agentsight,b5bc34dabe6a,2,3,codex:rollout-2026-07-02T23-29-23-019f26aa-ebda-79d2-9c6d-04400b1ccb66:17016,70588,other_resolved_artifact
agentsight,b5bc34dabe6a,2,3,codex:rollout-2026-07-02T23-29-23-019f26aa-ebda-79d2-9c6d-04400b1ccb66:17017,70589,other_resolved_artifact
agentsight,b5bc34dabe6a,2,3,codex:rollout-2026-07-02T23-29-23-019f26aa-ebda-79d2-9c6d-04400b1ccb66:17019,70591,no_resolved_path
agentsight,b5bc34dabe6a,2,3,codex:rollout-2026-07-02T23-29-23-019f26aa-ebda-79d2-9c6d-04400b1ccb66:17020,70592,other_resolved_artifact
agentsight,b5bc34dabe6a,2,3,codex:rollout-2026-07-02T23-29-23-019f26aa-ebda-79d2-9c6d-04400b1ccb66:17021,70593,other_resolved_artifact
agentsight,b5bc34dabe6a,2,3,codex:rollout-2026-07-02T23-29-23-019f26aa-ebda-79d2-9c6d-04400b1ccb66:17022,70594,no_resolved_path
agentsight,b5bc34dabe6a,2,3,codex:rollout-2026-07-02T23-29-23-019f26aa-ebda-79d2-9c6d-04400b1ccb66:17023,70595,other_resolved_artifact
agentsight,b5bc34dabe6a,2,3,codex:rollout-2026-07-02T23-29-23-019f26aa-ebda-79d2-9c6d-04400b1ccb66:17024,70596,other_resolved_artifact
agentsight,b5bc34dabe6a,2,3,codex:rollout-2026-07-02T23-29-23-019f26aa-ebda-79d2-9c6d-04400b1ccb66:17025,70597,no_resolved_path
agentsight,b5bc34dabe6a,2,3,codex:rollout-2026-07-02T23-29-23-019f26aa-ebda-79d2-9c6d-04400b1ccb66:17026,70598,no_resolved_path
agentsight,b5bc34dabe6a,2,3,codex:rollout-2026-07-02T23-29-23-019f26aa-ebda-79d2-9c6d-04400b1ccb66:17027,70599,no_resolved_path
agentsight,b5bc34dabe6a,2,3,codex:rollout-2026-07-02T23-29-23-019f26aa-ebda-79d2-9c6d-04400b1ccb66:17028,70600,no_resolved_path
agentsight,b5bc34dabe6a,2,3,codex:rollout-2026-07-02T23-29-23-019f26aa-ebda-79d2-9c6d-04400b1ccb66:17029,70601,other_resolved_artifact
agentsight,b5bc34dabe6a,2,3,codex:rollout-2026-07-02T23-29-23-019f26aa-ebda-79d2-9c6d-04400b1ccb66:17030,70602,other_resolved_artifact
agentsight,b5bc34dabe6a,2,3,codex:rollout-2026-07-02T23-29-23-019f26aa-ebda-79d2-9c6d-04400b1ccb66:17031,70603,other_resolved_artifact
agentsight,b5bc34dabe6a,2,3,codex:rollout-2026-07-02T23-29-23-019f26aa-ebda-79d2-9c6d-04400b1ccb66:17032,70604,other_resolved_artifact
agentsight,b5bc34dabe6a,2,3,codex:rollout-2026-07-02T23-29-23-019f26aa-ebda-79d2-9c6d-04400b1ccb66:17033,70605,other_resolved_artifact
agentsight,b5bc34dabe6a,2,3,codex:rollout-2026-07-02T23-29-23-019f26aa-ebda-79d2-9c6d-04400b1ccb66:17034,70606,no_resolved_path
agentsight,b5bc34dabe6a,2,3,codex:rollout-2026-07-02T23-29-23-019f26aa-ebda-79d2-9c6d-04400b1ccb66:17035,70607,other_resolved_artifact
agentsight,b5bc34dabe6a,2,3,codex:rollout-2026-07-02T23-29-23-019f26aa-ebda-79d2-9c6d-04400b1ccb66:17036,70608,other_resolved_artifact
agentsight,b5bc34dabe6a,2,3,codex:rollout-2026-07-02T23-29-23-019f26aa-ebda-79d2-9c6d-04400b1ccb66:17037,70609,other_resolved_artifact
agentsight,b5bc34dabe6a,2,3,codex:rollout-2026-07-02T23-29-23-019f26aa-ebda-79d2-9c6d-04400b1ccb66:17038,70610,other_resolved_artifact
agentsight,b5bc34dabe6a,2,3,codex:rollout-2026-07-02T23-29-23-019f26aa-ebda-79d2-9c6d-04400b1ccb66:17039,70611,other_resolved_artifact
agentsight,b5bc34dabe6a,2,3,codex:rollout-2026-07-02T23-29-23-019f26aa-ebda-79d2-9c6d-04400b1ccb66:17040,70612,no_resolved_path
agentsight,b5bc34dabe6a,2,3,codex:rollout-2026-07-02T23-29-23-019f26aa-ebda-79d2-9c6d-04400b1ccb66:17041,70613,other_resolved_artifact
agentsight,b5bc34dabe6a,2,3,codex:rollout-2026-07-02T23-29-23-019f26aa-ebda-79d2-9c6d-04400b1ccb66:17042,70614,no_resolved_path
agentsight,b5bc34dabe6a,2,3,codex:rollout-2026-07-02T23-29-23-019f26aa-ebda-79d2-9c6d-04400b1ccb66:17043,70615,no_resolved_path
agentsight,b5bc34dabe6a,2,3,codex:rollout-2026-07-02T23-29-23-019f26aa-ebda-79d2-9c6d-04400b1ccb66:17047,70619,no_resolved_path
agentsight,b5bc34dabe6a,2,3,codex:rollout-2026-07-02T23-29-23-019f26aa-ebda-79d2-9c6d-04400b1ccb66:17048,70620,no_resolved_path
agentsight,b5bc34dabe6a,2,3,codex:rollout-2026-07-02T23-29-23-019f26aa-ebda-79d2-9c6d-04400b1ccb66:17049,70621,no_resolved_path
agentsight,b5bc34dabe6a,2,3,codex:rollout-2026-07-02T23-29-23-019f26aa-ebda-79d2-9c6d-04400b1ccb66:17050,70622,no_resolved_path
agentsight,b5bc34dabe6a,2,3,codex:rollout-2026-07-06T17-25-14-019f39f6-f9ed-7f73-8ef4-f8820ef8620f:0,70623,no_resolved_path
agentsight,b5bc34dabe6a,2,3,codex:rollout-2026-07-06T17-25-14-019f39f6-f9ed-7f73-8ef4-f8820ef8620f:1,70624,other_resolved_artifact
agentsight,b5bc34dabe6a,2,3,codex:rollout-2026-07-06T17-25-14-019f39f6-f9ed-7f73-8ef4-f8820ef8620f:2,70625,other_resolved_artifact
agentsight,b5bc34dabe6a,2,3,claude:18de423e-e0ff-45d9-94a1-6c94909272b6:13,70627,no_resolved_path
agentsight,b5bc34dabe6a,2,3,codex:rollout-2026-07-06T17-25-14-019f39f6-f9ed-7f73-8ef4-f8820ef8620f:3,70628,other_resolved_artifact
agentsight,b5bc34dabe6a,2,3,codex:rollout-2026-07-06T17-25-14-019f39f6-f9ed-7f73-8ef4-f8820ef8620f:4,70629,other_resolved_artifact
agentsight,b5bc34dabe6a,2,3,codex:rollout-2026-07-06T17-25-14-019f39f6-f9ed-7f73-8ef4-f8820ef8620f:5,70630,other_resolved_artifact
agentsight,b5bc34dabe6a,2,3,codex:rollout-2026-07-06T17-25-14-019f39f6-f9ed-7f73-8ef4-f8820ef8620f:6,70631,other_resolved_artifact
agentsight,b5bc34dabe6a,2,3,codex:rollout-2026-07-06T17-25-14-019f39f6-f9ed-7f73-8ef4-f8820ef8620f:7,70632,other_resolved_scope
agentsight,b5bc34dabe6a,2,3,codex:rollout-2026-07-06T17-25-14-019f39f6-f9ed-7f73-8ef4-f8820ef8620f:8,70633,other_resolved_artifact
agentsight,b5bc34dabe6a,2,3,codex:rollout-2026-07-06T17-25-14-019f39f6-f9ed-7f73-8ef4-f8820ef8620f:9,70634,other_resolved_artifact
agentsight,b5bc34dabe6a,2,3,codex:rollout-2026-07-06T17-25-14-019f39f6-f9ed-7f73-8ef4-f8820ef8620f:10,70635,other_resolved_artifact
agentsight,b5bc34dabe6a,2,3,codex:rollout-2026-07-06T17-25-14-019f39f6-f9ed-7f73-8ef4-f8820ef8620f:11,70636,other_resolved_artifact
agentsight,b5bc34dabe6a,2,3,codex:rollout-2026-07-06T17-25-14-019f39f6-f9ed-7f73-8ef4-f8820ef8620f:12,70637,no_resolved_path
agentsight,b5bc34dabe6a,2,3,codex:rollout-2026-07-06T17-25-14-019f39f6-f9ed-7f73-8ef4-f8820ef8620f:13,70638,no_resolved_path
agentsight,b5bc34dabe6a,2,3,codex:rollout-2026-07-06T17-25-14-019f39f6-f9ed-7f73-8ef4-f8820ef8620f:14,70639,other_resolved_artifact
agentsight,b5bc34dabe6a,2,3,codex:rollout-2026-07-06T17-25-14-019f39f6-f9ed-7f73-8ef4-f8820ef8620f:15,70640,other_resolved_artifact
agentsight,b5bc34dabe6a,2,3,codex:rollout-2026-07-06T17-25-14-019f39f6-f9ed-7f73-8ef4-f8820ef8620f:16,70641,other_resolved_artifact
agentsight,b5bc34dabe6a,2,3,codex:rollout-2026-07-06T17-25-14-019f39f6-f9ed-7f73-8ef4-f8820ef8620f:17,70642,other_resolved_artifact
agentsight,b5bc34dabe6a,2,3,codex:rollout-2026-07-06T17-25-14-019f39f6-f9ed-7f73-8ef4-f8820ef8620f:18,70643,other_resolved_artifact
agentsight,b5bc34dabe6a,2,3,codex:rollout-2026-07-06T17-25-14-019f39f6-f9ed-7f73-8ef4-f8820ef8620f:19,70644,other_resolved_artifact
agentsight,b5bc34dabe6a,2,3,codex:rollout-2026-07-06T17-25-14-019f39f6-f9ed-7f73-8ef4-f8820ef8620f:20,70645,no_resolved_path
agentsight,b5bc34dabe6a,2,3,codex:rollout-2026-07-02T23-29-23-019f26aa-ebda-79d2-9c6d-04400b1ccb66:17052,70646,other_resolved_artifact
agentsight,b5bc34dabe6a,2,3,codex:rollout-2026-07-02T23-29-23-019f26aa-ebda-79d2-9c6d-04400b1ccb66:17053,70647,no_resolved_path
agentsight,b5bc34dabe6a,2,3,codex:rollout-2026-07-02T23-29-23-019f26aa-ebda-79d2-9c6d-04400b1ccb66:17054,70648,other_resolved_artifact
agentsight,b5bc34dabe6a,2,3,codex:rollout-2026-07-02T23-29-23-019f26aa-ebda-79d2-9c6d-04400b1ccb66:17056,70650,no_resolved_path
agentsight,b5bc34dabe6a,2,3,codex:rollout-2026-07-02T23-29-23-019f26aa-ebda-79d2-9c6d-04400b1ccb66:17057,70651,no_resolved_path
agentsight,b5bc34dabe6a,2,3,codex:rollout-2026-07-02T23-29-23-019f26aa-ebda-79d2-9c6d-04400b1ccb66:17058,70652,no_resolved_path
agentsight,b5bc34dabe6a,2,3,codex:rollout-2026-07-02T23-29-23-019f26aa-ebda-79d2-9c6d-04400b1ccb66:17059,70653,no_resolved_path
agentsight,b5bc34dabe6a,2,3,codex:rollout-2026-07-02T23-29-23-019f26aa-ebda-79d2-9c6d-04400b1ccb66:17060,70654,no_resolved_path
agentsight,b5bc34dabe6a,2,3,codex:rollout-2026-07-02T23-29-23-019f26aa-ebda-79d2-9c6d-04400b1ccb66:17061,70655,no_resolved_path
agentsight,b5bc34dabe6a,2,3,codex:rollout-2026-07-02T23-29-23-019f26aa-ebda-79d2-9c6d-04400b1ccb66:17062,70656,other_resolved_artifact
agentsight,b5bc34dabe6a,2,3,codex:rollout-2026-07-02T23-29-23-019f26aa-ebda-79d2-9c6d-04400b1ccb66:17063,70657,no_resolved_path
agentsight,b5bc34dabe6a,2,3,codex:rollout-2026-07-02T23-29-23-019f26aa-ebda-79d2-9c6d-04400b1ccb66:17064,70658,other_resolved_artifact
agentsight,b5bc34dabe6a,2,3,codex:rollout-2026-07-02T23-29-23-019f26aa-ebda-79d2-9c6d-04400b1ccb66:17065,70659,no_resolved_path
agentsight,b5bc34dabe6a,2,3,codex:rollout-2026-07-02T23-29-23-019f26aa-ebda-79d2-9c6d-04400b1ccb66:17066,70660,no_resolved_path
agentsight,b5bc34dabe6a,2,3,codex:rollout-2026-07-02T23-29-23-019f26aa-ebda-79d2-9c6d-04400b1ccb66:17067,70661,no_resolved_path
agentsight,b5bc34dabe6a,2,3,codex:rollout-2026-07-02T23-29-23-019f26aa-ebda-79d2-9c6d-04400b1ccb66:17072,70666,no_resolved_path
agentsight,b5bc34dabe6a,2,3,codex:rollout-2026-07-02T23-29-23-019f26aa-ebda-79d2-9c6d-04400b1ccb66:17073,70667,no_resolved_path
agentsight,b5bc34dabe6a,2,3,codex:rollout-2026-07-02T23-29-23-019f26aa-ebda-79d2-9c6d-04400b1ccb66:17074,70668,other_resolved_artifact
agentsight,b5bc34dabe6a,2,3,codex:rollout-2026-07-02T23-29-23-019f26aa-ebda-79d2-9c6d-04400b1ccb66:17075,70669,no_resolved_path
agentsight,b5bc34dabe6a,2,3,codex:rollout-2026-07-06T17-35-52-019f3a00-b5c1-7333-9ce0-214aec44bb27:0,70670,no_resolved_path
agentsight,b5bc34dabe6a,2,3,codex:rollout-2026-07-06T17-35-52-019f3a00-b5c1-7333-9ce0-214aec44bb27:1,70671,other_resolved_scope
agentsight,b5bc34dabe6a,2,3,codex:rollout-2026-07-06T17-35-52-019f3a00-b5c1-7333-9ce0-214aec44bb27:2,70672,no_resolved_path
agentsight,b5bc34dabe6a,2,3,codex:rollout-2026-07-02T23-29-23-019f26aa-ebda-79d2-9c6d-04400b1ccb66:17076,70673,other_resolved_artifact
agentsight,b5bc34dabe6a,2,3,codex:rollout-2026-07-02T23-29-23-019f26aa-ebda-79d2-9c6d-04400b1ccb66:17077,70674,no_resolved_path
agentsight,b5bc34dabe6a,2,3,codex:rollout-2026-07-06T17-35-52-019f3a00-b5c1-7333-9ce0-214aec44bb27:3,70675,other_resolved_artifact
agentsight,b5bc34dabe6a,2,3,codex:rollout-2026-07-06T17-35-52-019f3a00-b5c1-7333-9ce0-214aec44bb27:4,70676,other_resolved_artifact
agentsight,b5bc34dabe6a,2,3,codex:rollout-2026-07-06T17-35-52-019f3a00-b5c1-7333-9ce0-214aec44bb27:5,70677,other_resolved_artifact
agentsight,b5bc34dabe6a,2,3,codex:rollout-2026-07-06T17-35-52-019f3a00-b5c1-7333-9ce0-214aec44bb27:6,70678,other_resolved_artifact
agentsight,b5bc34dabe6a,2,3,codex:rollout-2026-07-06T17-35-52-019f3a00-b5c1-7333-9ce0-214aec44bb27:7,70681,no_resolved_path
agentsight,b5bc34dabe6a,2,3,codex:rollout-2026-07-06T17-35-52-019f3a00-b5c1-7333-9ce0-214aec44bb27:10,70682,no_resolved_path
agentsight,b5bc34dabe6a,2,3,codex:rollout-2026-07-06T17-35-52-019f3a00-b5c1-7333-9ce0-214aec44bb27:11,70683,no_resolved_path
agentsight,b5bc34dabe6a,2,3,codex:rollout-2026-07-06T17-35-52-019f3a00-b5c1-7333-9ce0-214aec44bb27:8,70684,no_resolved_path
agentsight,b5bc34dabe6a,2,3,codex:rollout-2026-07-06T17-35-52-019f3a00-b5c1-7333-9ce0-214aec44bb27:9,70685,no_resolved_path
agentsight,b5bc34dabe6a,2,3,codex:rollout-2026-07-06T17-35-52-019f3a00-b5c1-7333-9ce0-214aec44bb27:12,70686,no_resolved_path
agentsight,b5bc34dabe6a,2,3,codex:rollout-2026-07-06T17-35-52-019f3a00-b5c1-7333-9ce0-214aec44bb27:13,70687,no_resolved_path
agentsight,b5bc34dabe6a,2,3,codex:rollout-2026-07-06T17-35-52-019f3a00-b5c1-7333-9ce0-214aec44bb27:14,70688,other_resolved_artifact
agentsight,b5bc34dabe6a,2,3,codex:rollout-2026-07-06T17-35-52-019f3a00-b5c1-7333-9ce0-214aec44bb27:15,70689,other_resolved_artifact
agentsight,b5bc34dabe6a,2,3,codex:rollout-2026-07-06T17-35-52-019f3a00-b5c1-7333-9ce0-214aec44bb27:16,70690,other_resolved_artifact
agentsight,b5bc34dabe6a,2,3,codex:rollout-2026-07-06T17-35-52-019f3a00-b5c1-7333-9ce0-214aec44bb27:17,70691,no_resolved_path
agentsight,b5bc34dabe6a,2,3,codex:rollout-2026-07-06T17-35-52-019f3a00-b5c1-7333-9ce0-214aec44bb27:18,70692,no_resolved_path
agentsight,b5bc34dabe6a,2,3,codex:rollout-2026-07-06T17-35-52-019f3a00-b5c1-7333-9ce0-214aec44bb27:19,70693,other_resolved_artifact
agentsight,b5bc34dabe6a,2,3,codex:rollout-2026-07-02T23-29-23-019f26aa-ebda-79d2-9c6d-04400b1ccb66:17080,70694,other_resolved_artifact
agentsight,b5bc34dabe6a,2,3,codex:rollout-2026-07-02T23-29-23-019f26aa-ebda-79d2-9c6d-04400b1ccb66:17081,70695,other_resolved_artifact
agentsight,b5bc34dabe6a,2,3,codex:rollout-2026-07-02T23-29-23-019f26aa-ebda-79d2-9c6d-04400b1ccb66:17083,70697,no_resolved_path
agentsight,b5bc34dabe6a,2,3,codex:rollout-2026-07-02T23-29-23-019f26aa-ebda-79d2-9c6d-04400b1ccb66:17084,70698,no_resolved_path
agentsight,b5bc34dabe6a,2,3,codex:rollout-2026-07-02T23-29-23-019f26aa-ebda-79d2-9c6d-04400b1ccb66:17085,70699,no_resolved_path
agentsight,b5bc34dabe6a,2,3,codex:rollout-2026-07-06T17-35-52-019f3a00-b5c1-7333-9ce0-214aec44bb27:20,70700,no_resolved_path
agentsight,b5bc34dabe6a,2,3,codex:rollout-2026-07-06T17-35-52-019f3a00-b5c1-7333-9ce0-214aec44bb27:21,70701,other_resolved_artifact
agentsight,b5bc34dabe6a,2,3,codex:rollout-2026-07-06T17-35-52-019f3a00-b5c1-7333-9ce0-214aec44bb27:22,70702,other_resolved_artifact
agentsight,b5bc34dabe6a,2,3,codex:rollout-2026-07-06T17-35-52-019f3a00-b5c1-7333-9ce0-214aec44bb27:23,70703,other_resolved_artifact
agentsight,b5bc34dabe6a,2,3,codex:rollout-2026-07-06T17-35-52-019f3a00-b5c1-7333-9ce0-214aec44bb27:24,70705,other_resolved_artifact
agentsight,b5bc34dabe6a,2,3,codex:rollout-2026-07-06T17-35-52-019f3a00-b5c1-7333-9ce0-214aec44bb27:25,70706,no_resolved_path
agentsight,b5bc34dabe6a,2,3,codex:rollout-2026-07-06T17-35-52-019f3a00-b5c1-7333-9ce0-214aec44bb27:26,70707,no_resolved_path
agentsight,b5bc34dabe6a,2,3,codex:rollout-2026-07-06T17-35-52-019f3a00-b5c1-7333-9ce0-214aec44bb27:27,70708,no_resolved_path
agentsight,b5bc34dabe6a,2,3,codex:rollout-2026-07-06T17-35-52-019f3a00-b5c1-7333-9ce0-214aec44bb27:28,70709,no_resolved_path
agentsight,b5bc34dabe6a,2,3,codex:rollout-2026-07-06T17-35-52-019f3a00-b5c1-7333-9ce0-214aec44bb27:29,70710,other_resolved_artifact
agentsight,b5bc34dabe6a,2,3,codex:rollout-2026-07-06T17-35-52-019f3a00-b5c1-7333-9ce0-214aec44bb27:30,70711,no_resolved_path
agentsight,b5bc34dabe6a,2,3,codex:rollout-2026-07-06T17-35-52-019f3a00-b5c1-7333-9ce0-214aec44bb27:31,70712,no_resolved_path
agentsight,b5bc34dabe6a,2,3,codex:rollout-2026-07-06T17-35-52-019f3a00-b5c1-7333-9ce0-214aec44bb27:32,70713,no_resolved_path
agentsight,b5bc34dabe6a,2,3,codex:rollout-2026-07-06T17-35-52-019f3a00-b5c1-7333-9ce0-214aec44bb27:33,70714,other_resolved_artifact
agentsight,b5bc34dabe6a,2,3,codex:rollout-2026-07-06T17-35-52-019f3a00-b5c1-7333-9ce0-214aec44bb27:34,70715,other_resolved_artifact
agentsight,b5bc34dabe6a,2,3,codex:rollout-2026-07-06T17-35-52-019f3a00-b5c1-7333-9ce0-214aec44bb27:35,70716,other_resolved_scope
agentsight,b5bc34dabe6a,2,3,codex:rollout-2026-07-06T17-35-52-019f3a00-b5c1-7333-9ce0-214aec44bb27:36,70717,no_resolved_path
agentsight,b5bc34dabe6a,2,3,codex:rollout-2026-07-02T23-29-23-019f26aa-ebda-79d2-9c6d-04400b1ccb66:17088,70719,no_resolved_path
agentsight,b5bc34dabe6a,2,3,codex:rollout-2026-07-02T23-29-23-019f26aa-ebda-79d2-9c6d-04400b1ccb66:17089,70720,no_resolved_path
agentsight,b5bc34dabe6a,2,3,codex:rollout-2026-07-02T23-29-23-019f26aa-ebda-79d2-9c6d-04400b1ccb66:17090,70721,no_resolved_path
agentsight,b5bc34dabe6a,2,3,codex:rollout-2026-07-02T23-29-23-019f26aa-ebda-79d2-9c6d-04400b1ccb66:17091,70722,no_resolved_path
agentsight,b5bc34dabe6a,2,3,codex:rollout-2026-07-02T23-29-23-019f26aa-ebda-79d2-9c6d-04400b1ccb66:17092,70723,no_resolved_path
agentsight,b5bc34dabe6a,2,3,codex:rollout-2026-07-02T23-29-23-019f26aa-ebda-79d2-9c6d-04400b1ccb66:17096,70727,no_resolved_path
agentsight,b5bc34dabe6a,2,3,codex:rollout-2026-07-02T23-29-23-019f26aa-ebda-79d2-9c6d-04400b1ccb66:17097,70728,no_resolved_path
agentsight,b5bc34dabe6a,2,3,codex:rollout-2026-07-02T23-29-23-019f26aa-ebda-79d2-9c6d-04400b1ccb66:17098,70729,no_resolved_path
agentsight,b5bc34dabe6a,2,3,codex:rollout-2026-07-02T23-29-23-019f26aa-ebda-79d2-9c6d-04400b1ccb66:17099,70730,other_resolved_artifact
agentsight,b5bc34dabe6a,2,3,codex:rollout-2026-07-02T23-29-23-019f26aa-ebda-79d2-9c6d-04400b1ccb66:17100,70731,other_resolved_artifact
agentsight,b5bc34dabe6a,2,3,codex:rollout-2026-07-02T23-29-23-019f26aa-ebda-79d2-9c6d-04400b1ccb66:17101,70732,other_resolved_artifact
agentsight,b5bc34dabe6a,2,3,codex:rollout-2026-07-02T23-29-23-019f26aa-ebda-79d2-9c6d-04400b1ccb66:17102,70733,other_resolved_artifact
agentsight,b5bc34dabe6a,2,3,codex:rollout-2026-07-02T23-29-23-019f26aa-ebda-79d2-9c6d-04400b1ccb66:17103,70734,other_resolved_artifact
agentsight,b5bc34dabe6a,2,3,codex:rollout-2026-07-02T23-29-23-019f26aa-ebda-79d2-9c6d-04400b1ccb66:17104,70735,other_resolved_artifact
agentsight,b5bc34dabe6a,2,3,codex:rollout-2026-07-02T23-29-23-019f26aa-ebda-79d2-9c6d-04400b1ccb66:17105,70736,other_resolved_artifact
agentsight,b5bc34dabe6a,2,3,codex:rollout-2026-07-02T23-29-23-019f26aa-ebda-79d2-9c6d-04400b1ccb66:17106,70737,other_resolved_artifact
agentsight,b5bc34dabe6a,2,3,codex:rollout-2026-07-02T23-29-23-019f26aa-ebda-79d2-9c6d-04400b1ccb66:17107,70738,other_resolved_artifact
agentsight,b5bc34dabe6a,2,3,codex:rollout-2026-07-02T23-29-23-019f26aa-ebda-79d2-9c6d-04400b1ccb66:17108,70739,other_resolved_artifact
agentsight,b5bc34dabe6a,2,3,codex:rollout-2026-07-02T23-29-23-019f26aa-ebda-79d2-9c6d-04400b1ccb66:17109,70740,other_resolved_artifact
agentsight,b5bc34dabe6a,2,3,codex:rollout-2026-07-02T23-29-23-019f26aa-ebda-79d2-9c6d-04400b1ccb66:17110,70741,other_resolved_artifact
agentsight,b5bc34dabe6a,2,3,codex:rollout-2026-07-02T23-29-23-019f26aa-ebda-79d2-9c6d-04400b1ccb66:17111,70742,other_resolved_artifact
agentsight,b5bc34dabe6a,2,3,codex:rollout-2026-07-02T23-29-23-019f26aa-ebda-79d2-9c6d-04400b1ccb66:17112,70743,other_resolved_artifact
agentsight,b5bc34dabe6a,2,3,codex:rollout-2026-07-02T23-29-23-019f26aa-ebda-79d2-9c6d-04400b1ccb66:17113,70744,other_resolved_artifact
agentsight,b5bc34dabe6a,2,3,codex:rollout-2026-07-02T23-29-23-019f26aa-ebda-79d2-9c6d-04400b1ccb66:17114,70745,other_resolved_artifact
agentsight,b5bc34dabe6a,2,3,codex:rollout-2026-07-02T23-29-23-019f26aa-ebda-79d2-9c6d-04400b1ccb66:17115,70746,other_resolved_artifact
agentsight,b5bc34dabe6a,2,3,codex:rollout-2026-07-02T23-29-23-019f26aa-ebda-79d2-9c6d-04400b1ccb66:17116,70747,other_resolved_artifact
agentsight,b5bc34dabe6a,2,3,claude:18de423e-e0ff-45d9-94a1-6c94909272b6:14,70748,no_resolved_path
agentsight,b5bc34dabe6a,2,3,claude:18de423e-e0ff-45d9-94a1-6c94909272b6:15,70749,other_resolved_artifact
agentsight,b5bc34dabe6a,2,3,claude:18de423e-e0ff-45d9-94a1-6c94909272b6:16,70750,other_resolved_artifact
agentsight,b5bc34dabe6a,2,3,codex:rollout-2026-07-02T23-29-23-019f26aa-ebda-79d2-9c6d-04400b1ccb66:17117,70751,other_resolved_artifact
agentsight,b5bc34dabe6a,2,3,claude:18de423e-e0ff-45d9-94a1-6c94909272b6:17,70752,no_resolved_path
agentsight,b5bc34dabe6a,2,3,codex:rollout-2026-07-02T23-29-23-019f26aa-ebda-79d2-9c6d-04400b1ccb66:17118,70753,other_resolved_artifact
agentsight,b5bc34dabe6a,2,3,claude:18de423e-e0ff-45d9-94a1-6c94909272b6:18,70754,other_resolved_artifact
agentsight,b5bc34dabe6a,2,3,claude:18de423e-e0ff-45d9-94a1-6c94909272b6:19,70755,other_resolved_artifact
agentsight,b5bc34dabe6a,2,3,codex:rollout-2026-07-02T23-29-23-019f26aa-ebda-79d2-9c6d-04400b1ccb66:17119,70756,other_resolved_artifact
agentsight,b5bc34dabe6a,2,3,claude:18de423e-e0ff-45d9-94a1-6c94909272b6:20,70757,other_resolved_artifact
agentsight,b5bc34dabe6a,2,3,codex:rollout-2026-07-02T23-29-23-019f26aa-ebda-79d2-9c6d-04400b1ccb66:17120,70758,other_resolved_artifact
agentsight,b5bc34dabe6a,2,3,claude:18de423e-e0ff-45d9-94a1-6c94909272b6:21,70759,other_resolved_artifact
agentsight,b5bc34dabe6a,2,3,codex:rollout-2026-07-02T23-29-23-019f26aa-ebda-79d2-9c6d-04400b1ccb66:17121,70760,other_resolved_artifact
agentsight,b5bc34dabe6a,2,3,codex:rollout-2026-07-02T23-29-23-019f26aa-ebda-79d2-9c6d-04400b1ccb66:17122,70761,other_resolved_artifact
agentsight,b5bc34dabe6a,2,3,codex:rollout-2026-07-02T23-29-23-019f26aa-ebda-79d2-9c6d-04400b1ccb66:17123,70762,no_resolved_path
agentsight,b5bc34dabe6a,2,3,codex:rollout-2026-07-02T23-29-23-019f26aa-ebda-79d2-9c6d-04400b1ccb66:17124,70763,other_resolved_artifact
agentsight,b5bc34dabe6a,2,3,codex:rollout-2026-07-02T23-29-23-019f26aa-ebda-79d2-9c6d-04400b1ccb66:17125,70764,other_resolved_artifact
agentsight,b5bc34dabe6a,2,3,codex:rollout-2026-07-02T23-29-23-019f26aa-ebda-79d2-9c6d-04400b1ccb66:17126,70765,other_resolved_artifact
agentsight,b5bc34dabe6a,2,3,codex:rollout-2026-07-02T23-29-23-019f26aa-ebda-79d2-9c6d-04400b1ccb66:17127,70766,no_resolved_path
agentsight,b5bc34dabe6a,2,3,codex:rollout-2026-07-02T23-29-23-019f26aa-ebda-79d2-9c6d-04400b1ccb66:17128,70767,no_resolved_path
agentsight,b5bc34dabe6a,2,3,codex:rollout-2026-07-02T23-29-23-019f26aa-ebda-79d2-9c6d-04400b1ccb66:17129,70768,no_resolved_path
agentsight,b5bc34dabe6a,2,3,codex:rollout-2026-07-02T23-29-23-019f26aa-ebda-79d2-9c6d-04400b1ccb66:17130,70769,no_resolved_path
agentsight,b5bc34dabe6a,2,3,codex:rollout-2026-07-02T23-29-23-019f26aa-ebda-79d2-9c6d-04400b1ccb66:17131,70770,other_resolved_artifact
agentsight,b5bc34dabe6a,2,3,codex:rollout-2026-07-02T23-29-23-019f26aa-ebda-79d2-9c6d-04400b1ccb66:17132,70771,no_resolved_path
agentsight,b5bc34dabe6a,2,3,claude:18de423e-e0ff-45d9-94a1-6c94909272b6:22,70772,other_resolved_scope
agentsight,b5bc34dabe6a,2,3,claude:18de423e-e0ff-45d9-94a1-6c94909272b6:23,70773,no_resolved_path
agentsight,b5bc34dabe6a,2,3,claude:18de423e-e0ff-45d9-94a1-6c94909272b6:24,70774,other_resolved_artifact
agentsight,b5bc34dabe6a,2,3,codex:rollout-2026-07-02T23-29-23-019f26aa-ebda-79d2-9c6d-04400b1ccb66:17133,70775,other_resolved_artifact
agentsight,b5bc34dabe6a,2,3,codex:rollout-2026-07-02T23-29-23-019f26aa-ebda-79d2-9c6d-04400b1ccb66:17134,70776,no_resolved_path
agentsight,b5bc34dabe6a,2,3,codex:rollout-2026-07-02T23-29-23-019f26aa-ebda-79d2-9c6d-04400b1ccb66:17135,70777,no_resolved_path
agentsight,b5bc34dabe6a,2,3,codex:rollout-2026-07-02T23-29-23-019f26aa-ebda-79d2-9c6d-04400b1ccb66:17136,70778,other_resolved_artifact
agentsight,b5bc34dabe6a,2,3,claude:18de423e-e0ff-45d9-94a1-6c94909272b6:25,70779,no_resolved_path
agentsight,b5bc34dabe6a,2,3,claude:18de423e-e0ff-45d9-94a1-6c94909272b6:26,70781,no_resolved_path
agentsight,b5bc34dabe6a,2,3,claude:18de423e-e0ff-45d9-94a1-6c94909272b6:27,70783,no_resolved_path
agentsight,b5bc34dabe6a,2,3,claude:18de423e-e0ff-45d9-94a1-6c94909272b6:28,70784,no_resolved_path
agentsight,b5bc34dabe6a,2,3,claude:18de423e-e0ff-45d9-94a1-6c94909272b6:29,70785,no_resolved_path
agentsight,b5bc34dabe6a,2,3,claude:18de423e-e0ff-45d9-94a1-6c94909272b6:30,70786,no_resolved_path
agentsight,b5bc34dabe6a,2,3,claude:18de423e-e0ff-45d9-94a1-6c94909272b6:31,70788,no_resolved_path
agentsight,b5bc34dabe6a,2,3,claude:18de423e-e0ff-45d9-94a1-6c94909272b6:32,70789,no_resolved_path
agentsight,b5bc34dabe6a,2,3,claude:18de423e-e0ff-45d9-94a1-6c94909272b6:33,70790,no_resolved_path
agentsight,b5bc34dabe6a,2,3,codex:rollout-2026-07-06T17-49-41-019f3a0d-5ae4-7160-b670-7088215db12d:0,70791,other_resolved_artifact
agentsight,b5bc34dabe6a,2,3,codex:rollout-2026-07-06T17-49-41-019f3a0d-5ae4-7160-b670-7088215db12d:1,70792,other_resolved_artifact
agentsight,b5bc34dabe6a,2,3,codex:rollout-2026-07-06T17-49-41-019f3a0d-5ae4-7160-b670-7088215db12d:2,70793,other_resolved_artifact
agentsight,b5bc34dabe6a,2,3,codex:rollout-2026-07-06T17-49-41-019f3a0d-5ae4-7160-b670-7088215db12d:3,70794,other_resolved_artifact
agentsight,b5bc34dabe6a,2,3,claude:18de423e-e0ff-45d9-94a1-6c94909272b6:34,70795,no_resolved_path
agentsight,b5bc34dabe6a,2,3,codex:rollout-2026-07-02T23-29-23-019f26aa-ebda-79d2-9c6d-04400b1ccb66:17140,70796,no_resolved_path
agentsight,b5bc34dabe6a,2,3,codex:rollout-2026-07-02T23-29-23-019f26aa-ebda-79d2-9c6d-04400b1ccb66:17141,70797,no_resolved_path
agentsight,b5bc34dabe6a,2,3,codex:rollout-2026-07-02T23-29-23-019f26aa-ebda-79d2-9c6d-04400b1ccb66:17142,70798,other_resolved_artifact
agentsight,b5bc34dabe6a,2,3,codex:rollout-2026-07-06T17-49-41-019f3a0d-5ae4-7160-b670-7088215db12d:4,70799,other_resolved_artifact
agentsight,b5bc34dabe6a,2,3,codex:rollout-2026-07-06T17-49-41-019f3a0d-5ae4-7160-b670-7088215db12d:5,70800,other_resolved_artifact
agentsight,b5bc34dabe6a,2,3,codex:rollout-2026-07-06T17-49-41-019f3a0d-5ae4-7160-b670-7088215db12d:6,70801,other_resolved_scope
agentsight,b5bc34dabe6a,2,3,codex:rollout-2026-07-06T17-49-41-019f3a0d-5ae4-7160-b670-7088215db12d:7,70802,other_resolved_artifact
agentsight,b5bc34dabe6a,2,3,claude:18de423e-e0ff-45d9-94a1-6c94909272b6:35,70803,no_resolved_path
agentsight,b5bc34dabe6a,2,3,claude:18de423e-e0ff-45d9-94a1-6c94909272b6:36,70805,no_resolved_path
agentsight,b5bc34dabe6a,2,3,codex:rollout-2026-07-06T17-49-41-019f3a0d-5ae4-7160-b670-7088215db12d:8,70806,other_resolved_artifact
agentsight,b5bc34dabe6a,2,3,codex:rollout-2026-07-06T17-49-41-019f3a0d-5ae4-7160-b670-7088215db12d:10,70807,other_resolved_artifact
agentsight,b5bc34dabe6a,2,3,codex:rollout-2026-07-06T17-49-41-019f3a0d-5ae4-7160-b670-7088215db12d:9,70808,other_resolved_artifact
agentsight,b5bc34dabe6a,2,3,codex:rollout-2026-07-06T17-49-41-019f3a0d-5ae4-7160-b670-7088215db12d:11,70809,no_resolved_path
agentsight,b5bc34dabe6a,2,3,claude:18de423e-e0ff-45d9-94a1-6c94909272b6:37,70810,no_resolved_path
agentsight,b5bc34dabe6a,2,3,claude:18de423e-e0ff-45d9-94a1-6c94909272b6:38,70811,no_resolved_path
agentsight,b5bc34dabe6a,2,3,claude:18de423e-e0ff-45d9-94a1-6c94909272b6:39,70812,no_resolved_path
agentsight,b5bc34dabe6a,2,3,claude:18de423e-e0ff-45d9-94a1-6c94909272b6:40,70813,no_resolved_path
agentsight,b5bc34dabe6a,2,3,claude:18de423e-e0ff-45d9-94a1-6c94909272b6:41,70814,no_resolved_path
agentsight,b5bc34dabe6a,2,3,codex:rollout-2026-07-06T17-49-41-019f3a0d-5ae4-7160-b670-7088215db12d:12,70815,other_resolved_artifact
agentsight,b5bc34dabe6a,2,3,codex:rollout-2026-07-06T17-49-41-019f3a0d-5ae4-7160-b670-7088215db12d:13,70816,other_resolved_artifact
agentsight,b5bc34dabe6a,2,3,codex:rollout-2026-07-06T17-49-41-019f3a0d-5ae4-7160-b670-7088215db12d:14,70817,no_resolved_path
agentsight,b5bc34dabe6a,2,3,codex:rollout-2026-07-06T17-49-41-019f3a0d-5ae4-7160-b670-7088215db12d:15,70818,no_resolved_path
agentsight,b5bc34dabe6a,3,4,codex:rollout-2026-07-10T14-58-45-019f4e0a-4dcc-74f1-8660-ffcb102ce0a2:1,77983,no_resolved_path
agentsight,b5bc34dabe6a,3,4,codex:rollout-2026-07-10T14-58-45-019f4e0a-4dcc-74f1-8660-ffcb102ce0a2:2,77984,predecessor_artifact
agentsight,b5bc34dabe6a,3,4,codex:rollout-2026-07-10T14-58-45-019f4e0a-4dcc-74f1-8660-ffcb102ce0a2:3,77985,no_resolved_path
agentsight,b5bc34dabe6a,3,4,codex:rollout-2026-07-10T14-58-45-019f4e0a-4dcc-74f1-8660-ffcb102ce0a2:4,77986,predecessor_artifact
agentsight,b5bc34dabe6a,3,4,codex:rollout-2026-07-10T14-58-45-019f4e0a-4dcc-74f1-8660-ffcb102ce0a2:5,77987,predecessor_module
agentsight,b5bc34dabe6a,3,4,codex:rollout-2026-07-10T14-58-45-019f4e0a-4dcc-74f1-8660-ffcb102ce0a2:6,77988,predecessor_module
agentsight,b5bc34dabe6a,3,4,codex:rollout-2026-07-10T14-58-45-019f4e0a-4dcc-74f1-8660-ffcb102ce0a2:7,77989,predecessor_module
agentsight,b5bc34dabe6a,3,4,codex:rollout-2026-07-10T14-58-45-019f4e0a-4dcc-74f1-8660-ffcb102ce0a2:8,77990,predecessor_module
agentsight,b5bc34dabe6a,3,4,codex:rollout-2026-07-10T14-58-45-019f4e0a-4dcc-74f1-8660-ffcb102ce0a2:9,77991,predecessor_module
agentsight,b5bc34dabe6a,3,4,codex:rollout-2026-07-10T14-58-45-019f4e0a-4dcc-74f1-8660-ffcb102ce0a2:10,77992,predecessor_artifact
agentsight,b5bc34dabe6a,3,4,codex:rollout-2026-07-10T14-58-45-019f4e0a-4dcc-74f1-8660-ffcb102ce0a2:11,77993,predecessor_module
agentsight,b5bc34dabe6a,3,4,codex:rollout-2026-07-10T14-58-45-019f4e0a-4dcc-74f1-8660-ffcb102ce0a2:12,77994,predecessor_artifact
agentsight,b5bc34dabe6a,3,4,codex:rollout-2026-07-10T14-58-45-019f4e0a-4dcc-74f1-8660-ffcb102ce0a2:13,77995,predecessor_artifact
agentsight,b5bc34dabe6a,3,4,codex:rollout-2026-07-10T14-58-45-019f4e0a-4dcc-74f1-8660-ffcb102ce0a2:14,77996,predecessor_artifact
agentsight,b5bc34dabe6a,3,4,codex:rollout-2026-07-10T14-58-45-019f4e0a-4dcc-74f1-8660-ffcb102ce0a2:15,77997,predecessor_module
agentsight,b5bc34dabe6a,3,4,codex:rollout-2026-07-10T14-58-45-019f4e0a-4dcc-74f1-8660-ffcb102ce0a2:16,77998,predecessor_module
agentsight,b5bc34dabe6a,3,4,codex:rollout-2026-07-10T14-58-45-019f4e0a-4dcc-74f1-8660-ffcb102ce0a2:17,77999,predecessor_artifact
agentsight,b5bc34dabe6a,3,4,codex:rollout-2026-07-10T14-58-45-019f4e0a-4dcc-74f1-8660-ffcb102ce0a2:18,78000,no_resolved_path
agentsight,b5bc34dabe6a,3,4,codex:rollout-2026-07-10T14-58-45-019f4e0a-4dcc-74f1-8660-ffcb102ce0a2:24,78006,predecessor_artifact
agentsight,b5bc34dabe6a,3,4,codex:rollout-2026-07-10T14-58-45-019f4e0a-4dcc-74f1-8660-ffcb102ce0a2:25,78007,no_resolved_path
agentsight,b5bc34dabe6a,3,4,codex:rollout-2026-07-10T14-58-45-019f4e0a-4dcc-74f1-8660-ffcb102ce0a2:26,78008,no_resolved_path
agentsight,b5bc34dabe6a,3,4,codex:rollout-2026-07-10T14-58-45-019f4e0a-4dcc-74f1-8660-ffcb102ce0a2:27,78009,no_resolved_path
agentsight,b5bc34dabe6a,3,4,codex:rollout-2026-07-10T14-58-45-019f4e0a-4dcc-74f1-8660-ffcb102ce0a2:28,78010,predecessor_artifact
agentsight,b5bc34dabe6a,3,4,codex:rollout-2026-07-10T14-58-45-019f4e0a-4dcc-74f1-8660-ffcb102ce0a2:32,78014,no_resolved_path
agentsight,b5bc34dabe6a,3,4,codex:rollout-2026-07-10T14-58-45-019f4e0a-4dcc-74f1-8660-ffcb102ce0a2:37,78019,no_resolved_path
agentsight,b5bc34dabe6a,3,4,codex:rollout-2026-07-10T14-58-45-019f4e0a-4dcc-74f1-8660-ffcb102ce0a2:38,78020,no_resolved_path
agentsight,b5bc34dabe6a,3,4,codex:rollout-2026-07-10T14-58-45-019f4e0a-4dcc-74f1-8660-ffcb102ce0a2:40,78022,no_resolved_path
agentsight,b5bc34dabe6a,3,4,codex:rollout-2026-07-10T14-58-45-019f4e0a-4dcc-74f1-8660-ffcb102ce0a2:41,78023,no_resolved_path
agentsight,b5bc34dabe6a,3,4,codex:rollout-2026-07-10T14-58-45-019f4e0a-4dcc-74f1-8660-ffcb102ce0a2:42,78024,no_resolved_path
agentsight,b5bc34dabe6a,3,4,codex:rollout-2026-07-10T14-58-45-019f4e0a-4dcc-74f1-8660-ffcb102ce0a2:43,78025,no_resolved_path
agentsight,b5bc34dabe6a,3,4,codex:rollout-2026-07-10T14-58-45-019f4e0a-4dcc-74f1-8660-ffcb102ce0a2:45,78027,no_resolved_path
agentsight,b5bc34dabe6a,3,4,codex:rollout-2026-07-10T14-58-45-019f4e0a-4dcc-74f1-8660-ffcb102ce0a2:46,78028,no_resolved_path
agentsight,b5bc34dabe6a,3,4,codex:rollout-2026-07-10T14-58-45-019f4e0a-4dcc-74f1-8660-ffcb102ce0a2:47,78029,no_resolved_path
agentsight,b5bc34dabe6a,3,4,codex:rollout-2026-07-10T14-58-45-019f4e0a-4dcc-74f1-8660-ffcb102ce0a2:48,78030,no_resolved_path
agentsight,b5bc34dabe6a,3,4,codex:rollout-2026-07-10T14-58-45-019f4e0a-4dcc-74f1-8660-ffcb102ce0a2:49,78031,no_resolved_path
agentsight,b5bc34dabe6a,3,4,codex:rollout-2026-07-10T14-58-45-019f4e0a-4dcc-74f1-8660-ffcb102ce0a2:51,78033,no_resolved_path
agentsight,b5bc34dabe6a,3,4,codex:rollout-2026-07-10T14-58-45-019f4e0a-4dcc-74f1-8660-ffcb102ce0a2:52,78034,no_resolved_path
agentsight,b5bc34dabe6a,3,4,codex:rollout-2026-07-10T14-58-45-019f4e0a-4dcc-74f1-8660-ffcb102ce0a2:53,78035,no_resolved_path
agentsight,b5bc34dabe6a,3,4,codex:rollout-2026-07-10T14-58-45-019f4e0a-4dcc-74f1-8660-ffcb102ce0a2:55,78037,no_resolved_path
agentsight,b5bc34dabe6a,3,4,codex:rollout-2026-07-10T14-58-45-019f4e0a-4dcc-74f1-8660-ffcb102ce0a2:56,78038,no_resolved_path
agentsight,b5bc34dabe6a,3,4,codex:rollout-2026-07-10T14-58-45-019f4e0a-4dcc-74f1-8660-ffcb102ce0a2:58,78040,no_resolved_path
agentsight,b5bc34dabe6a,3,4,codex:rollout-2026-07-10T14-58-45-019f4e0a-4dcc-74f1-8660-ffcb102ce0a2:59,78041,no_resolved_path
agentsight,b5bc34dabe6a,3,4,codex:rollout-2026-07-10T14-58-45-019f4e0a-4dcc-74f1-8660-ffcb102ce0a2:60,78042,no_resolved_path
agentsight,b5bc34dabe6a,3,4,codex:rollout-2026-07-10T14-58-45-019f4e0a-4dcc-74f1-8660-ffcb102ce0a2:62,78044,no_resolved_path
agentsight,b5bc34dabe6a,3,4,codex:rollout-2026-07-10T14-58-45-019f4e0a-4dcc-74f1-8660-ffcb102ce0a2:63,78045,no_resolved_path
agentsight,b5bc34dabe6a,3,4,codex:rollout-2026-07-10T14-58-45-019f4e0a-4dcc-74f1-8660-ffcb102ce0a2:64,78046,no_resolved_path
agentsight,b5bc34dabe6a,3,4,codex:rollout-2026-07-10T14-58-45-019f4e0a-4dcc-74f1-8660-ffcb102ce0a2:66,78048,no_resolved_path
agentsight,b5bc34dabe6a,3,4,codex:rollout-2026-07-10T14-58-45-019f4e0a-4dcc-74f1-8660-ffcb102ce0a2:67,78049,no_resolved_path
agentsight,b5bc34dabe6a,3,4,codex:rollout-2026-07-10T14-58-45-019f4e0a-4dcc-74f1-8660-ffcb102ce0a2:69,78051,no_resolved_path
agentsight,b5bc34dabe6a,3,4,codex:rollout-2026-07-10T14-58-45-019f4e0a-4dcc-74f1-8660-ffcb102ce0a2:70,78052,no_resolved_path
agentsight,b5bc34dabe6a,3,4,codex:rollout-2026-07-10T14-58-45-019f4e0a-4dcc-74f1-8660-ffcb102ce0a2:72,78054,no_resolved_path
agentsight,b5bc34dabe6a,3,4,codex:rollout-2026-07-10T14-58-45-019f4e0a-4dcc-74f1-8660-ffcb102ce0a2:73,78055,no_resolved_path
agentsight,b5bc34dabe6a,3,4,codex:rollout-2026-07-10T14-58-45-019f4e0a-4dcc-74f1-8660-ffcb102ce0a2:74,78056,no_resolved_path
agentsight,b5bc34dabe6a,3,4,codex:rollout-2026-07-10T14-58-45-019f4e0a-4dcc-74f1-8660-ffcb102ce0a2:75,78057,predecessor_module
agentsight,b5bc34dabe6a,3,4,codex:rollout-2026-07-10T14-58-45-019f4e0a-4dcc-74f1-8660-ffcb102ce0a2:76,78058,predecessor_artifact
agentsight,b5bc34dabe6a,3,4,codex:rollout-2026-07-10T14-58-45-019f4e0a-4dcc-74f1-8660-ffcb102ce0a2:77,78059,predecessor_artifact
agentsight,b5bc34dabe6a,3,4,codex:rollout-2026-07-10T14-58-45-019f4e0a-4dcc-74f1-8660-ffcb102ce0a2:81,78063,no_resolved_path
agentsight,b5bc34dabe6a,3,4,codex:rollout-2026-07-10T14-58-45-019f4e0a-4dcc-74f1-8660-ffcb102ce0a2:82,78064,no_resolved_path
agentsight,b5bc34dabe6a,3,4,codex:rollout-2026-07-10T14-58-45-019f4e0a-4dcc-74f1-8660-ffcb102ce0a2:83,78065,no_resolved_path
agentsight,b5bc34dabe6a,3,4,codex:rollout-2026-07-10T14-58-45-019f4e0a-4dcc-74f1-8660-ffcb102ce0a2:87,78069,no_resolved_path
agentsight,b5bc34dabe6a,3,4,codex:rollout-2026-07-10T14-58-45-019f4e0a-4dcc-74f1-8660-ffcb102ce0a2:89,78071,no_resolved_path
agentsight,b5bc34dabe6a,3,4,codex:rollout-2026-07-10T14-58-45-019f4e0a-4dcc-74f1-8660-ffcb102ce0a2:90,78072,no_resolved_path
agentsight,b5bc34dabe6a,3,4,codex:rollout-2026-07-10T14-58-45-019f4e0a-4dcc-74f1-8660-ffcb102ce0a2:91,78073,no_resolved_path
agentsight,b5bc34dabe6a,3,4,codex:rollout-2026-07-10T14-58-45-019f4e0a-4dcc-74f1-8660-ffcb102ce0a2:96,78078,no_resolved_path
agentsight,b5bc34dabe6a,3,4,codex:rollout-2026-07-10T14-58-45-019f4e0a-4dcc-74f1-8660-ffcb102ce0a2:97,78079,no_resolved_path
agentsight,b5bc34dabe6a,3,4,codex:rollout-2026-07-10T14-58-45-019f4e0a-4dcc-74f1-8660-ffcb102ce0a2:98,78080,no_resolved_path
agentsight,b5bc34dabe6a,3,4,codex:rollout-2026-07-10T14-58-45-019f4e0a-4dcc-74f1-8660-ffcb102ce0a2:99,78081,no_resolved_path
agentsight,b5bc34dabe6a,3,4,codex:rollout-2026-07-10T14-58-45-019f4e0a-4dcc-74f1-8660-ffcb102ce0a2:100,78082,no_resolved_path
agentsight,b5bc34dabe6a,3,4,codex:rollout-2026-07-10T14-58-45-019f4e0a-4dcc-74f1-8660-ffcb102ce0a2:101,78083,no_resolved_path
agentsight,b5bc34dabe6a,3,4,codex:rollout-2026-07-10T14-58-45-019f4e0a-4dcc-74f1-8660-ffcb102ce0a2:102,78084,no_resolved_path
agentsight,b5bc34dabe6a,3,4,codex:rollout-2026-07-10T14-58-45-019f4e0a-4dcc-74f1-8660-ffcb102ce0a2:103,78085,no_resolved_path
agentsight,b5bc34dabe6a,3,4,codex:rollout-2026-07-10T14-58-45-019f4e0a-4dcc-74f1-8660-ffcb102ce0a2:104,78086,no_resolved_path
agentsight,b5bc34dabe6a,3,4,codex:rollout-2026-07-10T14-58-45-019f4e0a-4dcc-74f1-8660-ffcb102ce0a2:105,78087,no_resolved_path
agentsight,b5bc34dabe6a,3,4,codex:rollout-2026-07-10T14-58-45-019f4e0a-4dcc-74f1-8660-ffcb102ce0a2:106,78088,no_resolved_path
agentsight,b5bc34dabe6a,3,4,codex:rollout-2026-07-10T14-58-45-019f4e0a-4dcc-74f1-8660-ffcb102ce0a2:107,78089,no_resolved_path
agentsight,b5bc34dabe6a,3,4,codex:rollout-2026-07-10T14-58-45-019f4e0a-4dcc-74f1-8660-ffcb102ce0a2:108,78090,no_resolved_path
agentsight,b5bc34dabe6a,3,4,codex:rollout-2026-07-10T14-58-45-019f4e0a-4dcc-74f1-8660-ffcb102ce0a2:109,78091,no_resolved_path
agentsight,b5bc34dabe6a,3,4,codex:rollout-2026-07-10T14-58-45-019f4e0a-4dcc-74f1-8660-ffcb102ce0a2:115,78097,predecessor_module
agentsight,b5bc34dabe6a,3,4,codex:rollout-2026-07-10T14-58-45-019f4e0a-4dcc-74f1-8660-ffcb102ce0a2:116,78098,predecessor_artifact
agentsight,b5bc34dabe6a,3,4,codex:rollout-2026-07-10T14-58-45-019f4e0a-4dcc-74f1-8660-ffcb102ce0a2:127,78109,predecessor_module
agentsight,f2407a7d66d5,0,1,codex:rollout-2026-07-19T22-07-48-019f7dec-57a0-71b1-bcd2-6bdf06ca42cd:0,118256,no_resolved_path
agentsight,f2407a7d66d5,0,1,codex:rollout-2026-07-19T22-07-48-019f7dec-57a0-71b1-bcd2-6bdf06ca42cd:1,118257,no_resolved_path
agentsight,f2407a7d66d5,0,1,codex:rollout-2026-07-19T22-07-48-019f7dec-57a0-71b1-bcd2-6bdf06ca42cd:2,118258,predecessor_module
agentsight,f2407a7d66d5,0,1,codex:rollout-2026-07-19T22-07-48-019f7dec-57a0-71b1-bcd2-6bdf06ca42cd:3,118260,predecessor_module
agentsight,f2407a7d66d5,0,1,codex:rollout-2026-07-19T22-07-48-019f7dec-57a0-71b1-bcd2-6bdf06ca42cd:4,118262,no_resolved_path
agentsight,f2407a7d66d5,0,1,codex:rollout-2026-07-19T22-07-48-019f7dec-57a0-71b1-bcd2-6bdf06ca42cd:5,118263,no_resolved_path
agentsight,f2407a7d66d5,0,1,codex:rollout-2026-07-19T22-07-48-019f7dec-57a0-71b1-bcd2-6bdf06ca42cd:6,118264,predecessor_artifact
agentsight,f2407a7d66d5,0,1,codex:rollout-2026-07-19T22-07-48-019f7dec-57a0-71b1-bcd2-6bdf06ca42cd:7,118266,predecessor_artifact
agentsight,f2407a7d66d5,0,1,codex:rollout-2026-07-19T22-07-48-019f7dec-57a0-71b1-bcd2-6bdf06ca42cd:8,118267,predecessor_module
agentsight,f2407a7d66d5,0,1,codex:rollout-2026-07-19T22-07-48-019f7dec-57a0-71b1-bcd2-6bdf06ca42cd:9,118268,predecessor_artifact
agentsight,f2407a7d66d5,0,1,codex:rollout-2026-07-19T22-07-48-019f7dec-57a0-71b1-bcd2-6bdf06ca42cd:10,118277,no_resolved_path
agentsight,f2407a7d66d5,0,1,codex:rollout-2026-07-19T22-07-48-019f7dec-57a0-71b1-bcd2-6bdf06ca42cd:11,118278,no_resolved_path
agentsight,f2407a7d66d5,0,1,codex:rollout-2026-07-19T22-07-48-019f7dec-57a0-71b1-bcd2-6bdf06ca42cd:12,118280,no_resolved_path
agentsight,f2407a7d66d5,0,1,codex:rollout-2026-07-19T22-07-48-019f7dec-57a0-71b1-bcd2-6bdf06ca42cd:13,118288,no_resolved_path
agentsight,f2407a7d66d5,0,1,codex:rollout-2026-07-19T22-07-48-019f7dec-57a0-71b1-bcd2-6bdf06ca42cd:14,118289,no_resolved_path
agentsight,f2407a7d66d5,0,1,codex:rollout-2026-07-19T22-07-48-019f7dec-57a0-71b1-bcd2-6bdf06ca42cd:15,118291,no_resolved_path
agentsight,f2407a7d66d5,0,1,codex:rollout-2026-07-19T22-07-48-019f7dec-57a0-71b1-bcd2-6bdf06ca42cd:16,118316,no_resolved_path
agentsight,f2407a7d66d5,0,1,codex:rollout-2026-07-19T22-07-48-019f7dec-57a0-71b1-bcd2-6bdf06ca42cd:17,118318,predecessor_module
agentsight,f2407a7d66d5,0,1,codex:rollout-2026-07-19T22-07-48-019f7dec-57a0-71b1-bcd2-6bdf06ca42cd:18,118320,no_resolved_path
agentsight,f2407a7d66d5,0,1,codex:rollout-2026-07-19T22-07-48-019f7dec-57a0-71b1-bcd2-6bdf06ca42cd:19,118321,predecessor_module
agentsight,f2407a7d66d5,0,1,codex:rollout-2026-07-19T22-07-48-019f7dec-57a0-71b1-bcd2-6bdf06ca42cd:20,118323,predecessor_module
agentsight,f2407a7d66d5,0,1,codex:rollout-2026-07-19T22-07-48-019f7dec-57a0-71b1-bcd2-6bdf06ca42cd:21,118324,predecessor_module
agentsight,f2407a7d66d5,0,1,codex:rollout-2026-07-19T22-07-48-019f7dec-57a0-71b1-bcd2-6bdf06ca42cd:22,118327,predecessor_artifact
agentsight,f2407a7d66d5,0,1,codex:rollout-2026-07-19T22-07-48-019f7dec-57a0-71b1-bcd2-6bdf06ca42cd:23,118329,no_resolved_path
agentsight,f2407a7d66d5,0,1,codex:rollout-2026-07-19T22-07-48-019f7dec-57a0-71b1-bcd2-6bdf06ca42cd:24,118330,no_resolved_path
agentsight,f2407a7d66d5,0,1,codex:rollout-2026-07-19T22-07-48-019f7dec-57a0-71b1-bcd2-6bdf06ca42cd:25,118332,no_resolved_path
agentsight,f2407a7d66d5,0,1,codex:rollout-2026-07-19T22-07-48-019f7dec-57a0-71b1-bcd2-6bdf06ca42cd:26,118333,no_resolved_path
agentsight,f2407a7d66d5,0,1,codex:rollout-2026-07-19T22-07-48-019f7dec-57a0-71b1-bcd2-6bdf06ca42cd:27,118335,no_resolved_path
agentsight,f2407a7d66d5,0,1,codex:rollout-2026-07-19T22-07-48-019f7dec-57a0-71b1-bcd2-6bdf06ca42cd:28,118337,no_resolved_path
agentsight,f2407a7d66d5,0,1,codex:rollout-2026-07-19T22-07-48-019f7dec-57a0-71b1-bcd2-6bdf06ca42cd:29,118342,no_resolved_path
agentsight,f2407a7d66d5,0,1,codex:rollout-2026-07-19T22-07-48-019f7dec-57a0-71b1-bcd2-6bdf06ca42cd:30,118344,no_resolved_path
agentsight,f2407a7d66d5,0,1,codex:rollout-2026-07-19T22-07-48-019f7dec-57a0-71b1-bcd2-6bdf06ca42cd:31,118345,no_resolved_path
agentsight,f2407a7d66d5,0,1,codex:rollout-2026-07-19T22-07-48-019f7dec-57a0-71b1-bcd2-6bdf06ca42cd:32,118346,no_resolved_path
agentsight,f2407a7d66d5,0,1,codex:rollout-2026-07-19T22-55-05-019f7e17-a247-7480-bd5c-39536523aa35:2,118449,predecessor_module
agentsight,f2407a7d66d5,0,1,codex:rollout-2026-07-19T22-55-05-019f7e17-a247-7480-bd5c-39536523aa35:3,118451,predecessor_module
agentsight,f2407a7d66d5,0,1,codex:rollout-2026-07-19T22-55-05-019f7e17-a247-7480-bd5c-39536523aa35:4,118453,predecessor_module
agentsight,f2407a7d66d5,0,1,codex:rollout-2026-07-19T22-55-05-019f7e17-a247-7480-bd5c-39536523aa35:5,118456,predecessor_module
agentsight,f2407a7d66d5,0,1,codex:rollout-2026-07-19T22-55-05-019f7e17-a247-7480-bd5c-39536523aa35:6,118457,predecessor_module
agentsight,f2407a7d66d5,0,1,codex:rollout-2026-07-19T22-55-05-019f7e17-a247-7480-bd5c-39536523aa35:7,118460,predecessor_module
agentsight,f2407a7d66d5,0,1,codex:rollout-2026-07-19T22-55-05-019f7e17-a247-7480-bd5c-39536523aa35:8,118463,no_resolved_path
agentsight,f2407a7d66d5,0,1,codex:rollout-2026-07-19T22-55-05-019f7e17-a247-7480-bd5c-39536523aa35:9,118467,no_resolved_path
agentsight,f2407a7d66d5,0,1,codex:rollout-2026-07-19T22-55-05-019f7e17-a247-7480-bd5c-39536523aa35:10,118471,no_resolved_path
agentsight,f2407a7d66d5,0,1,codex:rollout-2026-07-19T22-55-05-019f7e17-a247-7480-bd5c-39536523aa35:11,118475,no_resolved_path
agentsight,f2407a7d66d5,0,1,codex:rollout-2026-07-19T22-55-05-019f7e17-a247-7480-bd5c-39536523aa35:12,118478,no_resolved_path
agentsight,f2407a7d66d5,0,1,codex:rollout-2026-07-19T22-55-05-019f7e17-a247-7480-bd5c-39536523aa35:13,118499,no_resolved_path
agentsight,f2407a7d66d5,0,1,codex:rollout-2026-07-19T22-55-05-019f7e17-a247-7480-bd5c-39536523aa35:14,118500,no_resolved_path
agentsight,f2407a7d66d5,0,1,codex:rollout-2026-07-19T22-55-05-019f7e17-a247-7480-bd5c-39536523aa35:15,118502,no_resolved_path
agentsight,f2407a7d66d5,0,1,codex:rollout-2026-07-19T22-55-05-019f7e17-a247-7480-bd5c-39536523aa35:16,118507,no_resolved_path
agentsight,f2407a7d66d5,0,1,codex:rollout-2026-07-19T22-55-05-019f7e17-a247-7480-bd5c-39536523aa35:17,118510,no_resolved_path
agentsight,f2407a7d66d5,0,1,codex:rollout-2026-07-19T22-55-05-019f7e17-a247-7480-bd5c-39536523aa35:18,118512,no_resolved_path
agentsight,f2407a7d66d5,0,1,codex:rollout-2026-07-19T22-55-05-019f7e17-a247-7480-bd5c-39536523aa35:19,118515,no_resolved_path
agentsight,f2407a7d66d5,0,1,codex:rollout-2026-07-19T22-55-05-019f7e17-a247-7480-bd5c-39536523aa35:20,118519,no_resolved_path
agentsight,f2407a7d66d5,0,1,codex:rollout-2026-07-19T22-55-05-019f7e17-a247-7480-bd5c-39536523aa35:21,118522,no_resolved_path
agentsight,f2407a7d66d5,0,1,codex:rollout-2026-07-19T22-55-05-019f7e17-a247-7480-bd5c-39536523aa35:22,118525,no_resolved_path
agentsight,f2407a7d66d5,0,1,codex:rollout-2026-07-19T22-55-05-019f7e17-a247-7480-bd5c-39536523aa35:23,118526,no_resolved_path
agentsight,f2407a7d66d5,0,1,codex:rollout-2026-07-19T22-55-05-019f7e17-a247-7480-bd5c-39536523aa35:24,118529,no_resolved_path
agentsight,f2407a7d66d5,0,1,codex:rollout-2026-07-19T22-55-05-019f7e17-a247-7480-bd5c-39536523aa35:25,118533,no_resolved_path
agentsight,f2407a7d66d5,0,1,codex:rollout-2026-07-19T22-55-05-019f7e17-a247-7480-bd5c-39536523aa35:26,118535,no_resolved_path
agentsight,f2407a7d66d5,0,1,codex:rollout-2026-07-19T22-55-05-019f7e17-a247-7480-bd5c-39536523aa35:27,118537,no_resolved_path
agentsight,f2407a7d66d5,0,1,codex:rollout-2026-07-19T22-55-05-019f7e17-a247-7480-bd5c-39536523aa35:28,118539,no_resolved_path
agentsight,f2407a7d66d5,0,1,codex:rollout-2026-07-19T22-55-05-019f7e17-a247-7480-bd5c-39536523aa35:29,118542,no_resolved_path
agentsight,f2407a7d66d5,0,1,codex:rollout-2026-07-19T22-55-05-019f7e17-a247-7480-bd5c-39536523aa35:30,118546,no_resolved_path
agentsight,f2407a7d66d5,0,1,codex:rollout-2026-07-19T22-55-05-019f7e17-a247-7480-bd5c-39536523aa35:31,118549,predecessor_module
agentsight,f2407a7d66d5,0,1,codex:rollout-2026-07-19T22-55-05-019f7e17-a247-7480-bd5c-39536523aa35:32,118553,no_resolved_path
agentsight,f2407a7d66d5,0,1,codex:rollout-2026-07-19T22-55-05-019f7e17-a247-7480-bd5c-39536523aa35:33,118554,no_resolved_path
agentsight,f2407a7d66d5,0,1,codex:rollout-2026-07-19T22-55-05-019f7e17-a247-7480-bd5c-39536523aa35:34,118557,no_resolved_path
agentsight,f2407a7d66d5,0,1,codex:rollout-2026-07-19T22-55-05-019f7e17-a247-7480-bd5c-39536523aa35:35,118563,predecessor_module
agentsight,f2407a7d66d5,0,1,codex:rollout-2026-07-19T22-55-05-019f7e17-a247-7480-bd5c-39536523aa35:36,118567,no_resolved_path
agentsight,f2407a7d66d5,1,2,codex:rollout-2026-07-20T01-44-19-019f7eb2-91bd-7600-845b-e4af37d73803:0,119496,no_resolved_path
agentsight,f2407a7d66d5,1,2,codex:rollout-2026-07-20T01-44-19-019f7eb2-91bd-7600-845b-e4af37d73803:1,119497,no_resolved_path
agentsight,f2407a7d66d5,1,2,codex:rollout-2026-07-20T01-44-19-019f7eb2-91bd-7600-845b-e4af37d73803:2,119498,predecessor_artifact
agentsight,f2407a7d66d5,1,2,codex:rollout-2026-07-20T01-44-19-019f7eb2-91bd-7600-845b-e4af37d73803:3,119500,predecessor_module
agentsight,f2407a7d66d5,1,2,codex:rollout-2026-07-20T01-44-19-019f7eb2-91bd-7600-845b-e4af37d73803:4,119502,predecessor_module
agentsight,f2407a7d66d5,1,2,codex:rollout-2026-07-20T01-44-19-019f7eb2-91bd-7600-845b-e4af37d73803:5,119503,predecessor_artifact
agentsight,f2407a7d66d5,1,2,codex:rollout-2026-07-20T01-44-19-019f7eb2-91bd-7600-845b-e4af37d73803:6,119504,predecessor_artifact
agentsight,f2407a7d66d5,1,2,codex:rollout-2026-07-20T01-44-19-019f7eb2-91bd-7600-845b-e4af37d73803:7,119505,predecessor_artifact
agentsight,f2407a7d66d5,1,2,codex:rollout-2026-07-20T01-44-19-019f7eb2-91bd-7600-845b-e4af37d73803:8,119506,no_resolved_path
agentsight,f2407a7d66d5,1,2,codex:rollout-2026-07-20T01-44-19-019f7eb2-91bd-7600-845b-e4af37d73803:9,119507,no_resolved_path
agentsight,f2407a7d66d5,1,2,codex:rollout-2026-07-20T01-44-19-019f7eb2-91bd-7600-845b-e4af37d73803:10,119508,predecessor_module
agentsight,f2407a7d66d5,1,2,codex:rollout-2026-07-20T01-44-19-019f7eb2-91bd-7600-845b-e4af37d73803:11,119509,no_resolved_path
agentsight,f2407a7d66d5,1,2,codex:rollout-2026-07-20T01-44-19-019f7eb2-91bd-7600-845b-e4af37d73803:12,119511,no_resolved_path
agentsight,f2407a7d66d5,1,2,codex:rollout-2026-07-20T01-44-19-019f7eb2-91bd-7600-845b-e4af37d73803:13,119512,no_resolved_path
agentsight,f2407a7d66d5,1,2,codex:rollout-2026-07-20T01-44-19-019f7eb2-91bd-7600-845b-e4af37d73803:14,119513,no_resolved_path
agentsight,f2407a7d66d5,1,2,codex:rollout-2026-07-20T01-44-19-019f7eb2-91bd-7600-845b-e4af37d73803:15,119514,no_resolved_path
agentsight,f2407a7d66d5,1,2,codex:rollout-2026-07-20T01-44-19-019f7eb2-91bd-7600-845b-e4af37d73803:16,119516,no_resolved_path
agentsight,f2407a7d66d5,1,2,codex:rollout-2026-07-20T01-44-19-019f7eb2-91bd-7600-845b-e4af37d73803:18,119522,no_resolved_path
agentsight,f2407a7d66d5,1,2,codex:rollout-2026-07-20T01-44-19-019f7eb2-91bd-7600-845b-e4af37d73803:19,119526,no_resolved_path
agentsight,f2407a7d66d5,1,2,codex:rollout-2026-07-20T01-44-19-019f7eb2-91bd-7600-845b-e4af37d73803:20,119530,no_resolved_path
agentsight,f2407a7d66d5,1,2,codex:rollout-2026-07-20T01-44-19-019f7eb2-91bd-7600-845b-e4af37d73803:21,119535,no_resolved_path
agentsight,f2407a7d66d5,1,2,codex:rollout-2026-07-20T01-44-19-019f7eb2-91bd-7600-845b-e4af37d73803:22,119538,no_resolved_path
agentsight,f2407a7d66d5,1,2,codex:rollout-2026-07-20T01-44-19-019f7eb2-91bd-7600-845b-e4af37d73803:23,119540,no_resolved_path
agentsight,f2407a7d66d5,1,2,codex:rollout-2026-07-20T01-44-19-019f7eb2-91bd-7600-845b-e4af37d73803:24,119541,predecessor_module
agentsight,f2407a7d66d5,1,2,codex:rollout-2026-07-20T01-44-19-019f7eb2-91bd-7600-845b-e4af37d73803:25,119542,no_resolved_path
agentsight,f2407a7d66d5,1,2,codex:rollout-2026-07-20T01-44-19-019f7eb2-91bd-7600-845b-e4af37d73803:26,119543,predecessor_module
agentsight,f2407a7d66d5,1,2,codex:rollout-2026-07-20T01-44-19-019f7eb2-91bd-7600-845b-e4af37d73803:27,119545,no_resolved_path
agentsight,f2407a7d66d5,1,2,codex:rollout-2026-07-20T01-44-19-019f7eb2-91bd-7600-845b-e4af37d73803:28,119548,no_resolved_path
agentsight,f2407a7d66d5,1,2,codex:rollout-2026-07-20T01-44-19-019f7eb2-91bd-7600-845b-e4af37d73803:29,119551,no_resolved_path
agentsight,f2407a7d66d5,1,2,codex:rollout-2026-07-20T01-44-19-019f7eb2-91bd-7600-845b-e4af37d73803:30,119561,predecessor_artifact
agentsight,f2407a7d66d5,1,2,codex:rollout-2026-07-20T01-44-19-019f7eb2-91bd-7600-845b-e4af37d73803:31,119563,no_resolved_path
agentsight,f2407a7d66d5,1,2,codex:rollout-2026-07-20T01-44-19-019f7eb2-91bd-7600-845b-e4af37d73803:32,119566,no_resolved_path
ActPlane,3dae89cd06ae,0,1,codex:rollout-2026-05-22T22-57-00-019e5368-8831-7241-a4e7-0bd2214170fe:0,14,no_resolved_path
ActPlane,3dae89cd06ae,0,1,codex:rollout-2026-05-22T22-57-00-019e5368-8831-7241-a4e7-0bd2214170fe:1,15,no_resolved_path
ActPlane,3dae89cd06ae,0,1,codex:rollout-2026-05-22T22-57-00-019e5368-8831-7241-a4e7-0bd2214170fe:2,16,no_resolved_path
ActPlane,3dae89cd06ae,0,1,codex:rollout-2026-05-22T22-57-00-019e5368-8831-7241-a4e7-0bd2214170fe:3,17,predecessor_artifact
ActPlane,3dae89cd06ae,0,1,codex:rollout-2026-05-22T22-57-00-019e5368-8831-7241-a4e7-0bd2214170fe:4,18,other_resolved_artifact
ActPlane,3dae89cd06ae,0,1,codex:rollout-2026-05-22T22-57-00-019e5368-8831-7241-a4e7-0bd2214170fe:5,19,other_resolved_artifact
ActPlane,3dae89cd06ae,0,1,codex:rollout-2026-05-22T22-57-00-019e5368-8831-7241-a4e7-0bd2214170fe:6,20,other_resolved_artifact
ActPlane,3dae89cd06ae,0,1,codex:rollout-2026-05-22T22-57-00-019e5368-8831-7241-a4e7-0bd2214170fe:7,21,other_resolved_artifact
ActPlane,3dae89cd06ae,0,1,codex:rollout-2026-05-22T22-57-00-019e5368-8831-7241-a4e7-0bd2214170fe:8,22,other_resolved_artifact
ActPlane,3dae89cd06ae,0,1,codex:rollout-2026-05-22T22-57-00-019e5368-8831-7241-a4e7-0bd2214170fe:10,23,other_resolved_artifact
ActPlane,3dae89cd06ae,0,1,codex:rollout-2026-05-22T22-57-00-019e5368-8831-7241-a4e7-0bd2214170fe:9,24,other_resolved_artifact
ActPlane,3dae89cd06ae,0,1,codex:rollout-2026-05-22T22-57-00-019e5368-8831-7241-a4e7-0bd2214170fe:11,25,other_resolved_artifact
ActPlane,3dae89cd06ae,0,1,codex:rollout-2026-05-22T22-57-00-019e5368-8831-7241-a4e7-0bd2214170fe:12,26,other_resolved_artifact
ActPlane,3dae89cd06ae,0,1,codex:rollout-2026-05-22T22-57-00-019e5368-8831-7241-a4e7-0bd2214170fe:13,27,other_resolved_artifact
ActPlane,3dae89cd06ae,0,1,codex:rollout-2026-05-22T22-57-00-019e5368-8831-7241-a4e7-0bd2214170fe:14,28,other_resolved_artifact
ActPlane,3dae89cd06ae,0,1,codex:rollout-2026-05-22T22-57-00-019e5368-8831-7241-a4e7-0bd2214170fe:15,29,other_resolved_artifact
ActPlane,3dae89cd06ae,0,1,codex:rollout-2026-05-22T22-57-00-019e5368-8831-7241-a4e7-0bd2214170fe:16,30,other_resolved_artifact
ActPlane,3dae89cd06ae,0,1,codex:rollout-2026-05-22T22-57-00-019e5368-8831-7241-a4e7-0bd2214170fe:17,31,other_resolved_artifact
ActPlane,3dae89cd06ae,0,1,codex:rollout-2026-05-22T22-57-00-019e5368-8831-7241-a4e7-0bd2214170fe:18,32,predecessor_artifact
ActPlane,3dae89cd06ae,0,1,codex:rollout-2026-05-22T22-57-00-019e5368-8831-7241-a4e7-0bd2214170fe:19,33,no_resolved_path
ActPlane,3dae89cd06ae,0,1,codex:rollout-2026-05-22T22-57-00-019e5368-8831-7241-a4e7-0bd2214170fe:20,34,other_resolved_artifact
ActPlane,3dae89cd06ae,0,1,codex:rollout-2026-05-22T22-57-00-019e5368-8831-7241-a4e7-0bd2214170fe:21,35,other_resolved_artifact
ActPlane,3dae89cd06ae,0,1,codex:rollout-2026-05-22T22-57-00-019e5368-8831-7241-a4e7-0bd2214170fe:22,36,other_resolved_artifact
ActPlane,3dae89cd06ae,0,1,codex:rollout-2026-05-22T22-57-00-019e5368-8831-7241-a4e7-0bd2214170fe:23,37,no_resolved_path
ActPlane,3dae89cd06ae,0,1,codex:rollout-2026-05-22T22-57-00-019e5368-8831-7241-a4e7-0bd2214170fe:24,38,no_resolved_path
ActPlane,3dae89cd06ae,0,1,codex:rollout-2026-05-22T22-57-00-019e5368-8831-7241-a4e7-0bd2214170fe:25,39,no_resolved_path
ActPlane,3dae89cd06ae,0,1,codex:rollout-2026-05-22T22-57-00-019e5368-8831-7241-a4e7-0bd2214170fe:26,40,no_resolved_path
ActPlane,3dae89cd06ae,0,1,codex:rollout-2026-05-22T22-57-00-019e5368-8831-7241-a4e7-0bd2214170fe:27,41,other_resolved_artifact
ActPlane,3dae89cd06ae,0,1,codex:rollout-2026-05-22T22-57-00-019e5368-8831-7241-a4e7-0bd2214170fe:28,42,other_resolved_artifact
ActPlane,3dae89cd06ae,0,1,codex:rollout-2026-05-22T22-57-00-019e5368-8831-7241-a4e7-0bd2214170fe:29,43,other_resolved_artifact
ActPlane,3dae89cd06ae,0,1,codex:rollout-2026-05-22T22-57-00-019e5368-8831-7241-a4e7-0bd2214170fe:30,44,other_resolved_artifact
ActPlane,3dae89cd06ae,0,1,codex:rollout-2026-05-22T22-57-00-019e5368-8831-7241-a4e7-0bd2214170fe:31,45,other_resolved_artifact
ActPlane,3dae89cd06ae,0,1,codex:rollout-2026-05-22T22-57-00-019e5368-8831-7241-a4e7-0bd2214170fe:32,46,other_resolved_artifact
ActPlane,3dae89cd06ae,0,1,codex:rollout-2026-05-22T22-57-00-019e5368-8831-7241-a4e7-0bd2214170fe:33,47,other_resolved_artifact
ActPlane,3dae89cd06ae,0,1,codex:rollout-2026-05-22T22-57-00-019e5368-8831-7241-a4e7-0bd2214170fe:34,48,no_resolved_path
ActPlane,3dae89cd06ae,0,1,codex:rollout-2026-05-22T22-57-00-019e5368-8831-7241-a4e7-0bd2214170fe:35,49,no_resolved_path
ActPlane,3dae89cd06ae,0,1,codex:rollout-2026-05-22T22-57-00-019e5368-8831-7241-a4e7-0bd2214170fe:36,50,no_resolved_path
ActPlane,3dae89cd06ae,0,1,codex:rollout-2026-05-22T22-57-00-019e5368-8831-7241-a4e7-0bd2214170fe:37,51,no_resolved_path
ActPlane,3dae89cd06ae,0,1,codex:rollout-2026-05-22T22-57-00-019e5368-8831-7241-a4e7-0bd2214170fe:38,52,no_resolved_path
ActPlane,3dae89cd06ae,0,1,codex:rollout-2026-05-22T22-57-00-019e5368-8831-7241-a4e7-0bd2214170fe:39,53,no_resolved_path
ActPlane,3dae89cd06ae,0,1,codex:rollout-2026-05-22T22-57-00-019e5368-8831-7241-a4e7-0bd2214170fe:40,54,no_resolved_path
ActPlane,3dae89cd06ae,0,1,codex:rollout-2026-05-22T22-57-00-019e5368-8831-7241-a4e7-0bd2214170fe:41,55,no_resolved_path
ActPlane,3dae89cd06ae,0,1,codex:rollout-2026-05-22T22-57-00-019e5368-8831-7241-a4e7-0bd2214170fe:42,56,no_resolved_path
ActPlane,3dae89cd06ae,0,1,codex:rollout-2026-05-22T22-57-00-019e5368-8831-7241-a4e7-0bd2214170fe:43,57,no_resolved_path
ActPlane,3dae89cd06ae,0,1,codex:rollout-2026-05-22T22-57-00-019e5368-8831-7241-a4e7-0bd2214170fe:44,58,no_resolved_path
ActPlane,3dae89cd06ae,0,1,codex:rollout-2026-05-22T22-57-00-019e5368-8831-7241-a4e7-0bd2214170fe:45,59,no_resolved_path
ActPlane,3dae89cd06ae,0,1,codex:rollout-2026-05-22T22-57-00-019e5368-8831-7241-a4e7-0bd2214170fe:46,60,other_resolved_artifact
ActPlane,3dae89cd06ae,0,1,codex:rollout-2026-05-22T22-57-00-019e5368-8831-7241-a4e7-0bd2214170fe:47,61,no_resolved_path
ActPlane,3dae89cd06ae,0,1,codex:rollout-2026-05-22T22-57-00-019e5368-8831-7241-a4e7-0bd2214170fe:48,62,no_resolved_path
ActPlane,3dae89cd06ae,0,1,codex:rollout-2026-05-22T22-57-00-019e5368-8831-7241-a4e7-0bd2214170fe:49,63,other_resolved_artifact
ActPlane,3dae89cd06ae,0,1,codex:rollout-2026-05-22T22-57-00-019e5368-8831-7241-a4e7-0bd2214170fe:50,64,no_resolved_path
ActPlane,3dae89cd06ae,0,1,codex:rollout-2026-05-22T22-57-00-019e5368-8831-7241-a4e7-0bd2214170fe:51,65,no_resolved_path
ActPlane,3dae89cd06ae,0,1,codex:rollout-2026-05-22T22-57-00-019e5368-8831-7241-a4e7-0bd2214170fe:52,66,no_resolved_path
ActPlane,3dae89cd06ae,0,1,codex:rollout-2026-05-22T22-57-00-019e5368-8831-7241-a4e7-0bd2214170fe:53,67,no_resolved_path
ActPlane,3dae89cd06ae,0,1,codex:rollout-2026-05-22T22-57-00-019e5368-8831-7241-a4e7-0bd2214170fe:54,68,other_resolved_artifact
ActPlane,3dae89cd06ae,0,1,codex:rollout-2026-05-22T22-57-00-019e5368-8831-7241-a4e7-0bd2214170fe:55,69,no_resolved_path
ActPlane,3dae89cd06ae,0,1,codex:rollout-2026-05-22T22-57-00-019e5368-8831-7241-a4e7-0bd2214170fe:56,70,no_resolved_path
ActPlane,3dae89cd06ae,0,1,codex:rollout-2026-05-22T22-57-00-019e5368-8831-7241-a4e7-0bd2214170fe:57,71,no_resolved_path
ActPlane,3dae89cd06ae,0,1,codex:rollout-2026-05-22T22-57-00-019e5368-8831-7241-a4e7-0bd2214170fe:58,72,other_resolved_artifact
ActPlane,3dae89cd06ae,0,1,codex:rollout-2026-05-22T22-57-00-019e5368-8831-7241-a4e7-0bd2214170fe:59,73,no_resolved_path
ActPlane,3dae89cd06ae,0,1,codex:rollout-2026-05-22T22-57-00-019e5368-8831-7241-a4e7-0bd2214170fe:60,74,no_resolved_path
ActPlane,3dae89cd06ae,0,1,codex:rollout-2026-05-22T22-57-00-019e5368-8831-7241-a4e7-0bd2214170fe:61,75,other_resolved_artifact
ActPlane,3dae89cd06ae,0,1,codex:rollout-2026-05-22T22-57-00-019e5368-8831-7241-a4e7-0bd2214170fe:62,76,other_resolved_artifact
ActPlane,3dae89cd06ae,0,1,codex:rollout-2026-05-22T22-57-00-019e5368-8831-7241-a4e7-0bd2214170fe:63,77,other_resolved_artifact
ActPlane,3dae89cd06ae,0,1,codex:rollout-2026-05-22T22-57-00-019e5368-8831-7241-a4e7-0bd2214170fe:64,78,other_resolved_artifact
ActPlane,3dae89cd06ae,0,1,codex:rollout-2026-05-22T22-57-00-019e5368-8831-7241-a4e7-0bd2214170fe:65,79,other_resolved_artifact
ActPlane,3dae89cd06ae,0,1,codex:rollout-2026-05-22T22-57-00-019e5368-8831-7241-a4e7-0bd2214170fe:66,80,other_resolved_artifact
ActPlane,3dae89cd06ae,0,1,codex:rollout-2026-05-22T22-57-00-019e5368-8831-7241-a4e7-0bd2214170fe:67,81,other_resolved_artifact
ActPlane,3dae89cd06ae,0,1,codex:rollout-2026-05-22T22-57-00-019e5368-8831-7241-a4e7-0bd2214170fe:68,82,other_resolved_artifact
ActPlane,3dae89cd06ae,0,1,codex:rollout-2026-05-22T22-57-00-019e5368-8831-7241-a4e7-0bd2214170fe:69,83,other_resolved_artifact
ActPlane,3dae89cd06ae,0,1,codex:rollout-2026-05-22T22-57-00-019e5368-8831-7241-a4e7-0bd2214170fe:70,84,other_resolved_artifact
ActPlane,3dae89cd06ae,0,1,codex:rollout-2026-05-22T22-57-00-019e5368-8831-7241-a4e7-0bd2214170fe:71,85,other_resolved_artifact
ActPlane,3dae89cd06ae,0,1,codex:rollout-2026-05-22T22-57-00-019e5368-8831-7241-a4e7-0bd2214170fe:72,86,other_resolved_artifact
ActPlane,3dae89cd06ae,0,1,codex:rollout-2026-05-22T22-57-00-019e5368-8831-7241-a4e7-0bd2214170fe:73,87,other_resolved_artifact
ActPlane,3dae89cd06ae,0,1,codex:rollout-2026-05-22T22-57-00-019e5368-8831-7241-a4e7-0bd2214170fe:74,88,other_resolved_artifact
ActPlane,3dae89cd06ae,0,1,codex:rollout-2026-05-22T22-57-00-019e5368-8831-7241-a4e7-0bd2214170fe:75,89,other_resolved_artifact
ActPlane,3dae89cd06ae,0,1,codex:rollout-2026-05-22T22-57-00-019e5368-8831-7241-a4e7-0bd2214170fe:76,90,other_resolved_artifact
ActPlane,3dae89cd06ae,0,1,codex:rollout-2026-05-22T22-57-00-019e5368-8831-7241-a4e7-0bd2214170fe:77,91,no_resolved_path
ActPlane,3dae89cd06ae,0,1,codex:rollout-2026-05-22T22-57-00-019e5368-8831-7241-a4e7-0bd2214170fe:78,92,other_resolved_artifact
ActPlane,3dae89cd06ae,0,1,codex:rollout-2026-05-22T22-57-00-019e5368-8831-7241-a4e7-0bd2214170fe:79,93,no_resolved_path
ActPlane,3dae89cd06ae,0,1,codex:rollout-2026-05-22T22-57-00-019e5368-8831-7241-a4e7-0bd2214170fe:80,94,no_resolved_path
ActPlane,3dae89cd06ae,0,1,codex:rollout-2026-05-22T22-57-00-019e5368-8831-7241-a4e7-0bd2214170fe:81,95,other_resolved_artifact
ActPlane,3dae89cd06ae,0,1,codex:rollout-2026-05-22T22-57-00-019e5368-8831-7241-a4e7-0bd2214170fe:82,96,other_resolved_artifact
ActPlane,3dae89cd06ae,0,1,codex:rollout-2026-05-22T22-57-00-019e5368-8831-7241-a4e7-0bd2214170fe:83,97,no_resolved_path
ActPlane,3dae89cd06ae,0,1,codex:rollout-2026-05-22T22-57-00-019e5368-8831-7241-a4e7-0bd2214170fe:84,98,other_resolved_artifact
ActPlane,3dae89cd06ae,0,1,codex:rollout-2026-05-22T22-57-00-019e5368-8831-7241-a4e7-0bd2214170fe:85,99,no_resolved_path
ActPlane,3dae89cd06ae,0,1,codex:rollout-2026-05-22T22-57-00-019e5368-8831-7241-a4e7-0bd2214170fe:86,100,no_resolved_path
ActPlane,3dae89cd06ae,0,1,codex:rollout-2026-05-22T22-57-00-019e5368-8831-7241-a4e7-0bd2214170fe:87,101,other_resolved_artifact
ActPlane,3dae89cd06ae,0,1,codex:rollout-2026-05-22T22-57-00-019e5368-8831-7241-a4e7-0bd2214170fe:88,102,predecessor_module
ActPlane,3dae89cd06ae,0,1,codex:rollout-2026-05-22T22-57-00-019e5368-8831-7241-a4e7-0bd2214170fe:89,103,no_resolved_path
ActPlane,3dae89cd06ae,0,1,codex:rollout-2026-05-22T22-57-00-019e5368-8831-7241-a4e7-0bd2214170fe:90,104,no_resolved_path
ActPlane,3dae89cd06ae,0,1,codex:rollout-2026-05-22T22-57-00-019e5368-8831-7241-a4e7-0bd2214170fe:91,105,no_resolved_path
ActPlane,3dae89cd06ae,0,1,codex:rollout-2026-05-22T22-57-00-019e5368-8831-7241-a4e7-0bd2214170fe:92,106,no_resolved_path
ActPlane,3dae89cd06ae,0,1,codex:rollout-2026-05-22T22-57-00-019e5368-8831-7241-a4e7-0bd2214170fe:93,107,predecessor_artifact
ActPlane,3dae89cd06ae,0,1,codex:rollout-2026-05-22T22-57-00-019e5368-8831-7241-a4e7-0bd2214170fe:94,108,predecessor_artifact
ActPlane,3dae89cd06ae,0,1,codex:rollout-2026-05-22T22-57-00-019e5368-8831-7241-a4e7-0bd2214170fe:95,109,other_resolved_artifact
ActPlane,3dae89cd06ae,0,1,codex:rollout-2026-05-22T22-57-00-019e5368-8831-7241-a4e7-0bd2214170fe:96,110,other_resolved_artifact
ActPlane,3dae89cd06ae,0,1,codex:rollout-2026-05-22T22-57-00-019e5368-8831-7241-a4e7-0bd2214170fe:97,111,predecessor_artifact
ActPlane,3dae89cd06ae,0,1,codex:rollout-2026-05-22T22-57-00-019e5368-8831-7241-a4e7-0bd2214170fe:98,112,other_resolved_artifact
ActPlane,3dae89cd06ae,0,1,codex:rollout-2026-05-22T22-57-00-019e5368-8831-7241-a4e7-0bd2214170fe:99,113,other_resolved_artifact
ActPlane,3dae89cd06ae,0,1,codex:rollout-2026-05-22T22-57-00-019e5368-8831-7241-a4e7-0bd2214170fe:100,114,other_resolved_artifact
ActPlane,3dae89cd06ae,0,1,codex:rollout-2026-05-22T22-57-00-019e5368-8831-7241-a4e7-0bd2214170fe:101,115,other_resolved_artifact
ActPlane,3dae89cd06ae,0,1,codex:rollout-2026-05-22T22-57-00-019e5368-8831-7241-a4e7-0bd2214170fe:102,116,no_resolved_path
ActPlane,3dae89cd06ae,0,1,codex:rollout-2026-05-22T22-57-00-019e5368-8831-7241-a4e7-0bd2214170fe:103,117,no_resolved_path
ActPlane,3dae89cd06ae,0,1,codex:rollout-2026-05-22T22-57-00-019e5368-8831-7241-a4e7-0bd2214170fe:104,118,no_resolved_path
ActPlane,3dae89cd06ae,0,1,codex:rollout-2026-05-22T22-57-00-019e5368-8831-7241-a4e7-0bd2214170fe:105,119,no_resolved_path
ActPlane,3dae89cd06ae,0,1,codex:rollout-2026-05-22T22-57-00-019e5368-8831-7241-a4e7-0bd2214170fe:106,120,no_resolved_path
ActPlane,3dae89cd06ae,0,1,codex:rollout-2026-05-22T22-57-00-019e5368-8831-7241-a4e7-0bd2214170fe:107,121,other_resolved_artifact
ActPlane,3dae89cd06ae,0,1,codex:rollout-2026-05-22T22-57-00-019e5368-8831-7241-a4e7-0bd2214170fe:108,122,no_resolved_path
ActPlane,3dae89cd06ae,0,1,codex:rollout-2026-05-22T22-57-00-019e5368-8831-7241-a4e7-0bd2214170fe:109,123,no_resolved_path
ActPlane,3dae89cd06ae,0,1,codex:rollout-2026-05-22T22-57-00-019e5368-8831-7241-a4e7-0bd2214170fe:110,124,no_resolved_path
ActPlane,3dae89cd06ae,0,1,codex:rollout-2026-05-22T22-57-00-019e5368-8831-7241-a4e7-0bd2214170fe:111,125,no_resolved_path
ActPlane,3dae89cd06ae,0,1,codex:rollout-2026-05-22T22-57-00-019e5368-8831-7241-a4e7-0bd2214170fe:112,126,no_resolved_path
ActPlane,3dae89cd06ae,0,1,codex:rollout-2026-05-22T22-57-00-019e5368-8831-7241-a4e7-0bd2214170fe:113,127,no_resolved_path
ActPlane,3dae89cd06ae,0,1,codex:rollout-2026-05-22T22-57-00-019e5368-8831-7241-a4e7-0bd2214170fe:114,128,no_resolved_path
ActPlane,3dae89cd06ae,0,1,codex:rollout-2026-05-22T22-57-00-019e5368-8831-7241-a4e7-0bd2214170fe:115,129,no_resolved_path
ActPlane,3dae89cd06ae,0,1,codex:rollout-2026-05-22T22-57-00-019e5368-8831-7241-a4e7-0bd2214170fe:116,130,no_resolved_path
ActPlane,3dae89cd06ae,0,1,codex:rollout-2026-05-22T22-57-00-019e5368-8831-7241-a4e7-0bd2214170fe:117,131,other_resolved_artifact
ActPlane,3dae89cd06ae,0,1,codex:rollout-2026-05-22T22-57-00-019e5368-8831-7241-a4e7-0bd2214170fe:118,132,other_resolved_artifact
ActPlane,3dae89cd06ae,0,1,codex:rollout-2026-05-22T22-57-00-019e5368-8831-7241-a4e7-0bd2214170fe:119,133,other_resolved_artifact
ActPlane,3dae89cd06ae,0,1,codex:rollout-2026-05-22T22-57-00-019e5368-8831-7241-a4e7-0bd2214170fe:120,134,no_resolved_path
ActPlane,3dae89cd06ae,0,1,codex:rollout-2026-05-22T22-57-00-019e5368-8831-7241-a4e7-0bd2214170fe:121,135,no_resolved_path
ActPlane,3dae89cd06ae,0,1,codex:rollout-2026-05-22T22-57-00-019e5368-8831-7241-a4e7-0bd2214170fe:122,136,no_resolved_path
ActPlane,3dae89cd06ae,0,1,codex:rollout-2026-05-22T22-57-00-019e5368-8831-7241-a4e7-0bd2214170fe:123,137,no_resolved_path
ActPlane,3dae89cd06ae,0,1,codex:rollout-2026-05-22T22-57-00-019e5368-8831-7241-a4e7-0bd2214170fe:124,138,no_resolved_path
ActPlane,3dae89cd06ae,0,1,codex:rollout-2026-05-22T22-57-00-019e5368-8831-7241-a4e7-0bd2214170fe:125,139,other_resolved_artifact
ActPlane,3dae89cd06ae,0,1,codex:rollout-2026-05-22T22-57-00-019e5368-8831-7241-a4e7-0bd2214170fe:126,140,other_resolved_artifact
ActPlane,3dae89cd06ae,0,1,codex:rollout-2026-05-22T22-57-00-019e5368-8831-7241-a4e7-0bd2214170fe:127,141,other_resolved_artifact
ActPlane,3dae89cd06ae,0,1,codex:rollout-2026-05-22T22-57-00-019e5368-8831-7241-a4e7-0bd2214170fe:128,142,other_resolved_artifact
ActPlane,3dae89cd06ae,0,1,codex:rollout-2026-05-22T22-57-00-019e5368-8831-7241-a4e7-0bd2214170fe:129,143,other_resolved_artifact
ActPlane,3dae89cd06ae,0,1,codex:rollout-2026-05-22T22-57-00-019e5368-8831-7241-a4e7-0bd2214170fe:130,144,other_resolved_artifact
ActPlane,3dae89cd06ae,0,1,codex:rollout-2026-05-22T22-57-00-019e5368-8831-7241-a4e7-0bd2214170fe:131,145,no_resolved_path
ActPlane,3dae89cd06ae,0,1,codex:rollout-2026-05-22T22-57-00-019e5368-8831-7241-a4e7-0bd2214170fe:132,146,no_resolved_path
ActPlane,3dae89cd06ae,0,1,codex:rollout-2026-05-22T22-57-00-019e5368-8831-7241-a4e7-0bd2214170fe:133,147,no_resolved_path
ActPlane,3dae89cd06ae,0,1,codex:rollout-2026-05-22T22-57-00-019e5368-8831-7241-a4e7-0bd2214170fe:134,148,no_resolved_path
ActPlane,3dae89cd06ae,0,1,codex:rollout-2026-05-22T22-57-00-019e5368-8831-7241-a4e7-0bd2214170fe:135,149,no_resolved_path
ActPlane,3dae89cd06ae,0,1,codex:rollout-2026-05-22T22-57-00-019e5368-8831-7241-a4e7-0bd2214170fe:136,150,no_resolved_path
ActPlane,3dae89cd06ae,0,1,codex:rollout-2026-05-22T22-57-00-019e5368-8831-7241-a4e7-0bd2214170fe:137,151,no_resolved_path
ActPlane,3dae89cd06ae,0,1,codex:rollout-2026-05-22T22-57-00-019e5368-8831-7241-a4e7-0bd2214170fe:138,152,no_resolved_path
ActPlane,3dae89cd06ae,0,1,codex:rollout-2026-05-22T22-57-00-019e5368-8831-7241-a4e7-0bd2214170fe:139,153,predecessor_artifact
ActPlane,3dae89cd06ae,0,1,codex:rollout-2026-05-22T22-57-00-019e5368-8831-7241-a4e7-0bd2214170fe:140,154,other_resolved_artifact
ActPlane,3dae89cd06ae,0,1,codex:rollout-2026-05-22T22-57-00-019e5368-8831-7241-a4e7-0bd2214170fe:141,155,other_resolved_artifact
ActPlane,3dae89cd06ae,0,1,codex:rollout-2026-05-22T22-57-00-019e5368-8831-7241-a4e7-0bd2214170fe:142,156,other_resolved_artifact
ActPlane,3dae89cd06ae,0,1,codex:rollout-2026-05-22T22-57-00-019e5368-8831-7241-a4e7-0bd2214170fe:143,157,other_resolved_artifact
ActPlane,3dae89cd06ae,0,1,codex:rollout-2026-05-22T22-57-00-019e5368-8831-7241-a4e7-0bd2214170fe:144,158,other_resolved_artifact
ActPlane,3dae89cd06ae,0,1,codex:rollout-2026-05-22T22-57-00-019e5368-8831-7241-a4e7-0bd2214170fe:145,159,other_resolved_artifact
ActPlane,3dae89cd06ae,0,1,codex:rollout-2026-05-22T22-57-00-019e5368-8831-7241-a4e7-0bd2214170fe:146,160,no_resolved_path
ActPlane,3dae89cd06ae,0,1,codex:rollout-2026-05-22T22-57-00-019e5368-8831-7241-a4e7-0bd2214170fe:147,161,no_resolved_path
ActPlane,3dae89cd06ae,0,1,codex:rollout-2026-05-22T22-57-00-019e5368-8831-7241-a4e7-0bd2214170fe:148,162,other_resolved_artifact
ActPlane,3dae89cd06ae,0,1,codex:rollout-2026-05-22T22-57-00-019e5368-8831-7241-a4e7-0bd2214170fe:149,163,other_resolved_artifact
ActPlane,3dae89cd06ae,0,1,codex:rollout-2026-05-22T22-57-00-019e5368-8831-7241-a4e7-0bd2214170fe:150,164,no_resolved_path
ActPlane,3dae89cd06ae,0,1,codex:rollout-2026-05-22T22-57-00-019e5368-8831-7241-a4e7-0bd2214170fe:151,165,no_resolved_path
ActPlane,3dae89cd06ae,0,1,codex:rollout-2026-05-22T22-57-00-019e5368-8831-7241-a4e7-0bd2214170fe:152,166,other_resolved_artifact
ActPlane,3dae89cd06ae,0,1,codex:rollout-2026-05-22T22-57-00-019e5368-8831-7241-a4e7-0bd2214170fe:153,167,other_resolved_artifact
ActPlane,3dae89cd06ae,0,1,codex:rollout-2026-05-22T22-57-00-019e5368-8831-7241-a4e7-0bd2214170fe:154,168,other_resolved_artifact
ActPlane,3dae89cd06ae,0,1,codex:rollout-2026-05-22T22-57-00-019e5368-8831-7241-a4e7-0bd2214170fe:155,169,other_resolved_artifact
ActPlane,3dae89cd06ae,0,1,codex:rollout-2026-05-22T22-57-00-019e5368-8831-7241-a4e7-0bd2214170fe:156,170,no_resolved_path
ActPlane,3dae89cd06ae,0,1,codex:rollout-2026-05-22T22-57-00-019e5368-8831-7241-a4e7-0bd2214170fe:157,171,other_resolved_artifact
ActPlane,3dae89cd06ae,0,1,codex:rollout-2026-05-22T22-57-00-019e5368-8831-7241-a4e7-0bd2214170fe:158,172,other_resolved_artifact
ActPlane,3dae89cd06ae,0,1,codex:rollout-2026-05-22T22-57-00-019e5368-8831-7241-a4e7-0bd2214170fe:159,173,no_resolved_path
ActPlane,3dae89cd06ae,0,1,codex:rollout-2026-05-22T22-57-00-019e5368-8831-7241-a4e7-0bd2214170fe:160,174,no_resolved_path
ActPlane,3dae89cd06ae,0,1,codex:rollout-2026-05-22T22-57-00-019e5368-8831-7241-a4e7-0bd2214170fe:161,175,no_resolved_path
ActPlane,3dae89cd06ae,0,1,codex:rollout-2026-05-22T22-57-00-019e5368-8831-7241-a4e7-0bd2214170fe:162,176,no_resolved_path
ActPlane,3dae89cd06ae,0,1,codex:rollout-2026-05-22T22-57-00-019e5368-8831-7241-a4e7-0bd2214170fe:163,177,no_resolved_path
ActPlane,3dae89cd06ae,0,1,codex:rollout-2026-05-22T22-57-00-019e5368-8831-7241-a4e7-0bd2214170fe:164,178,no_resolved_path
ActPlane,3dae89cd06ae,0,1,codex:rollout-2026-05-22T22-57-00-019e5368-8831-7241-a4e7-0bd2214170fe:165,179,no_resolved_path
ActPlane,3dae89cd06ae,0,1,codex:rollout-2026-05-22T22-57-00-019e5368-8831-7241-a4e7-0bd2214170fe:166,180,no_resolved_path
ActPlane,3dae89cd06ae,0,1,codex:rollout-2026-05-22T22-57-00-019e5368-8831-7241-a4e7-0bd2214170fe:167,181,no_resolved_path
ActPlane,3dae89cd06ae,0,1,codex:rollout-2026-05-22T22-57-00-019e5368-8831-7241-a4e7-0bd2214170fe:168,182,other_resolved_artifact
ActPlane,3dae89cd06ae,0,1,codex:rollout-2026-05-22T22-57-00-019e5368-8831-7241-a4e7-0bd2214170fe:169,183,no_resolved_path
ActPlane,3dae89cd06ae,0,1,codex:rollout-2026-05-22T22-57-00-019e5368-8831-7241-a4e7-0bd2214170fe:170,184,other_resolved_artifact
ActPlane,3dae89cd06ae,0,1,codex:rollout-2026-05-22T22-57-00-019e5368-8831-7241-a4e7-0bd2214170fe:171,185,other_resolved_artifact
ActPlane,3dae89cd06ae,0,1,codex:rollout-2026-05-22T22-57-00-019e5368-8831-7241-a4e7-0bd2214170fe:172,186,other_resolved_artifact
ActPlane,3dae89cd06ae,0,1,codex:rollout-2026-05-22T22-57-00-019e5368-8831-7241-a4e7-0bd2214170fe:173,187,no_resolved_path
ActPlane,3dae89cd06ae,0,1,codex:rollout-2026-05-22T22-57-00-019e5368-8831-7241-a4e7-0bd2214170fe:174,188,no_resolved_path
ActPlane,3dae89cd06ae,0,1,codex:rollout-2026-05-22T22-57-00-019e5368-8831-7241-a4e7-0bd2214170fe:175,189,no_resolved_path
ActPlane,3dae89cd06ae,0,1,codex:rollout-2026-05-22T22-57-00-019e5368-8831-7241-a4e7-0bd2214170fe:176,190,no_resolved_path
ActPlane,3dae89cd06ae,0,1,codex:rollout-2026-05-22T22-57-00-019e5368-8831-7241-a4e7-0bd2214170fe:177,191,no_resolved_path
ActPlane,3dae89cd06ae,0,1,codex:rollout-2026-05-22T22-57-00-019e5368-8831-7241-a4e7-0bd2214170fe:178,192,no_resolved_path
ActPlane,3dae89cd06ae,0,1,codex:rollout-2026-05-22T22-57-00-019e5368-8831-7241-a4e7-0bd2214170fe:179,193,no_resolved_path
ActPlane,3dae89cd06ae,0,1,codex:rollout-2026-05-22T22-57-00-019e5368-8831-7241-a4e7-0bd2214170fe:180,194,no_resolved_path
ActPlane,3dae89cd06ae,0,1,codex:rollout-2026-05-22T22-57-00-019e5368-8831-7241-a4e7-0bd2214170fe:181,195,no_resolved_path
ActPlane,3dae89cd06ae,0,1,codex:rollout-2026-05-22T22-57-00-019e5368-8831-7241-a4e7-0bd2214170fe:182,196,no_resolved_path
ActPlane,3dae89cd06ae,0,1,codex:rollout-2026-05-22T22-57-00-019e5368-8831-7241-a4e7-0bd2214170fe:183,197,other_resolved_artifact
ActPlane,3dae89cd06ae,0,1,codex:rollout-2026-05-22T22-57-00-019e5368-8831-7241-a4e7-0bd2214170fe:184,198,no_resolved_path
ActPlane,3dae89cd06ae,0,1,codex:rollout-2026-05-22T22-57-00-019e5368-8831-7241-a4e7-0bd2214170fe:185,199,other_resolved_artifact
ActPlane,3dae89cd06ae,0,1,codex:rollout-2026-05-22T22-57-00-019e5368-8831-7241-a4e7-0bd2214170fe:186,200,other_resolved_artifact
ActPlane,3dae89cd06ae,0,1,codex:rollout-2026-05-22T22-57-00-019e5368-8831-7241-a4e7-0bd2214170fe:187,201,other_resolved_artifact
ActPlane,3dae89cd06ae,0,1,codex:rollout-2026-05-22T22-57-00-019e5368-8831-7241-a4e7-0bd2214170fe:188,202,other_resolved_artifact
ActPlane,3dae89cd06ae,0,1,codex:rollout-2026-05-22T22-57-00-019e5368-8831-7241-a4e7-0bd2214170fe:189,203,other_resolved_artifact
ActPlane,3dae89cd06ae,0,1,codex:rollout-2026-05-22T22-57-00-019e5368-8831-7241-a4e7-0bd2214170fe:190,204,other_resolved_artifact
ActPlane,3dae89cd06ae,0,1,codex:rollout-2026-05-22T22-57-00-019e5368-8831-7241-a4e7-0bd2214170fe:191,205,no_resolved_path
ActPlane,3dae89cd06ae,0,1,codex:rollout-2026-05-22T22-57-00-019e5368-8831-7241-a4e7-0bd2214170fe:192,206,no_resolved_path
ActPlane,3dae89cd06ae,0,1,codex:rollout-2026-05-22T22-57-00-019e5368-8831-7241-a4e7-0bd2214170fe:193,207,no_resolved_path
ActPlane,3dae89cd06ae,0,1,codex:rollout-2026-05-22T22-57-00-019e5368-8831-7241-a4e7-0bd2214170fe:194,208,no_resolved_path
ActPlane,3dae89cd06ae,0,1,codex:rollout-2026-05-22T22-57-00-019e5368-8831-7241-a4e7-0bd2214170fe:195,209,no_resolved_path
ActPlane,3dae89cd06ae,0,1,codex:rollout-2026-05-22T22-57-00-019e5368-8831-7241-a4e7-0bd2214170fe:196,210,no_resolved_path
ActPlane,3dae89cd06ae,0,1,codex:rollout-2026-05-22T22-57-00-019e5368-8831-7241-a4e7-0bd2214170fe:197,211,no_resolved_path
ActPlane,3dae89cd06ae,0,1,codex:rollout-2026-05-22T22-57-00-019e5368-8831-7241-a4e7-0bd2214170fe:198,212,other_resolved_artifact
ActPlane,3dae89cd06ae,0,1,codex:rollout-2026-05-22T22-57-00-019e5368-8831-7241-a4e7-0bd2214170fe:199,213,no_resolved_path
ActPlane,3dae89cd06ae,0,1,codex:rollout-2026-05-22T22-57-00-019e5368-8831-7241-a4e7-0bd2214170fe:200,214,no_resolved_path
ActPlane,3dae89cd06ae,0,1,codex:rollout-2026-05-22T22-57-00-019e5368-8831-7241-a4e7-0bd2214170fe:201,215,no_resolved_path
ActPlane,3dae89cd06ae,0,1,codex:rollout-2026-05-22T22-57-00-019e5368-8831-7241-a4e7-0bd2214170fe:202,216,no_resolved_path
ActPlane,3dae89cd06ae,0,1,codex:rollout-2026-05-22T22-57-00-019e5368-8831-7241-a4e7-0bd2214170fe:203,217,no_resolved_path
ActPlane,3dae89cd06ae,0,1,codex:rollout-2026-05-22T22-57-00-019e5368-8831-7241-a4e7-0bd2214170fe:204,218,other_resolved_artifact
ActPlane,3dae89cd06ae,0,1,codex:rollout-2026-05-22T22-57-00-019e5368-8831-7241-a4e7-0bd2214170fe:205,219,other_resolved_artifact
ActPlane,3dae89cd06ae,0,1,codex:rollout-2026-05-22T22-57-00-019e5368-8831-7241-a4e7-0bd2214170fe:206,220,other_resolved_artifact
ActPlane,3dae89cd06ae,0,1,codex:rollout-2026-05-22T22-57-00-019e5368-8831-7241-a4e7-0bd2214170fe:207,221,other_resolved_artifact
ActPlane,3dae89cd06ae,0,1,codex:rollout-2026-05-22T22-57-00-019e5368-8831-7241-a4e7-0bd2214170fe:208,222,other_resolved_artifact
ActPlane,3dae89cd06ae,0,1,codex:rollout-2026-05-22T22-57-00-019e5368-8831-7241-a4e7-0bd2214170fe:209,223,other_resolved_artifact
ActPlane,3dae89cd06ae,0,1,codex:rollout-2026-05-22T22-57-00-019e5368-8831-7241-a4e7-0bd2214170fe:210,224,other_resolved_artifact
ActPlane,3dae89cd06ae,0,1,codex:rollout-2026-05-22T22-57-00-019e5368-8831-7241-a4e7-0bd2214170fe:211,225,other_resolved_artifact
ActPlane,3dae89cd06ae,0,1,codex:rollout-2026-05-22T22-57-00-019e5368-8831-7241-a4e7-0bd2214170fe:212,226,other_resolved_artifact
ActPlane,3dae89cd06ae,0,1,codex:rollout-2026-05-22T22-57-00-019e5368-8831-7241-a4e7-0bd2214170fe:213,227,other_resolved_scope
ActPlane,3dae89cd06ae,0,1,codex:rollout-2026-05-22T22-57-00-019e5368-8831-7241-a4e7-0bd2214170fe:214,228,predecessor_artifact
ActPlane,3dae89cd06ae,0,1,codex:rollout-2026-05-22T22-57-00-019e5368-8831-7241-a4e7-0bd2214170fe:215,229,no_resolved_path
ActPlane,3dae89cd06ae,0,1,codex:rollout-2026-05-22T22-57-00-019e5368-8831-7241-a4e7-0bd2214170fe:216,230,no_resolved_path
ActPlane,3dae89cd06ae,0,1,codex:rollout-2026-05-22T22-57-00-019e5368-8831-7241-a4e7-0bd2214170fe:217,231,no_resolved_path
ActPlane,3dae89cd06ae,0,1,codex:rollout-2026-05-22T22-57-00-019e5368-8831-7241-a4e7-0bd2214170fe:218,232,other_resolved_artifact
ActPlane,3dae89cd06ae,0,1,codex:rollout-2026-05-22T22-57-00-019e5368-8831-7241-a4e7-0bd2214170fe:219,233,other_resolved_artifact
ActPlane,3dae89cd06ae,0,1,codex:rollout-2026-05-22T22-57-00-019e5368-8831-7241-a4e7-0bd2214170fe:220,234,other_resolved_artifact
ActPlane,3dae89cd06ae,0,1,codex:rollout-2026-05-22T22-57-00-019e5368-8831-7241-a4e7-0bd2214170fe:221,235,other_resolved_artifact
ActPlane,3dae89cd06ae,0,1,codex:rollout-2026-05-22T22-57-00-019e5368-8831-7241-a4e7-0bd2214170fe:222,236,other_resolved_artifact
ActPlane,3dae89cd06ae,0,1,codex:rollout-2026-05-22T22-57-00-019e5368-8831-7241-a4e7-0bd2214170fe:223,237,other_resolved_artifact
ActPlane,3dae89cd06ae,0,1,codex:rollout-2026-05-22T22-57-00-019e5368-8831-7241-a4e7-0bd2214170fe:224,238,other_resolved_artifact
ActPlane,3dae89cd06ae,0,1,codex:rollout-2026-05-22T22-57-00-019e5368-8831-7241-a4e7-0bd2214170fe:225,239,other_resolved_artifact
ActPlane,3dae89cd06ae,0,1,codex:rollout-2026-05-22T22-57-00-019e5368-8831-7241-a4e7-0bd2214170fe:226,240,other_resolved_artifact
ActPlane,3dae89cd06ae,0,1,codex:rollout-2026-05-22T22-57-00-019e5368-8831-7241-a4e7-0bd2214170fe:227,241,other_resolved_artifact
ActPlane,3dae89cd06ae,0,1,codex:rollout-2026-05-22T22-57-00-019e5368-8831-7241-a4e7-0bd2214170fe:228,242,other_resolved_artifact
ActPlane,3dae89cd06ae,0,1,codex:rollout-2026-05-22T22-57-00-019e5368-8831-7241-a4e7-0bd2214170fe:229,243,other_resolved_artifact
ActPlane,3dae89cd06ae,0,1,codex:rollout-2026-05-22T22-57-00-019e5368-8831-7241-a4e7-0bd2214170fe:230,244,other_resolved_artifact
ActPlane,3dae89cd06ae,0,1,codex:rollout-2026-05-22T22-57-00-019e5368-8831-7241-a4e7-0bd2214170fe:231,245,other_resolved_artifact
ActPlane,3dae89cd06ae,0,1,codex:rollout-2026-05-22T22-57-00-019e5368-8831-7241-a4e7-0bd2214170fe:232,246,other_resolved_artifact
ActPlane,3dae89cd06ae,0,1,codex:rollout-2026-05-22T22-57-00-019e5368-8831-7241-a4e7-0bd2214170fe:233,247,other_resolved_artifact
ActPlane,3dae89cd06ae,0,1,codex:rollout-2026-05-22T22-57-00-019e5368-8831-7241-a4e7-0bd2214170fe:234,248,other_resolved_artifact
ActPlane,3dae89cd06ae,0,1,codex:rollout-2026-05-22T22-57-00-019e5368-8831-7241-a4e7-0bd2214170fe:235,249,other_resolved_artifact
ActPlane,3dae89cd06ae,0,1,codex:rollout-2026-05-22T22-57-00-019e5368-8831-7241-a4e7-0bd2214170fe:236,250,other_resolved_artifact
ActPlane,3dae89cd06ae,0,1,codex:rollout-2026-05-22T22-57-00-019e5368-8831-7241-a4e7-0bd2214170fe:237,251,other_resolved_artifact
ActPlane,3dae89cd06ae,0,1,codex:rollout-2026-05-22T22-57-00-019e5368-8831-7241-a4e7-0bd2214170fe:238,252,other_resolved_artifact
ActPlane,3dae89cd06ae,0,1,codex:rollout-2026-05-22T22-57-00-019e5368-8831-7241-a4e7-0bd2214170fe:239,253,other_resolved_scope
ActPlane,3dae89cd06ae,0,1,codex:rollout-2026-05-22T22-57-00-019e5368-8831-7241-a4e7-0bd2214170fe:240,254,other_resolved_artifact
ActPlane,3dae89cd06ae,0,1,codex:rollout-2026-05-22T22-57-00-019e5368-8831-7241-a4e7-0bd2214170fe:241,255,other_resolved_artifact
ActPlane,3dae89cd06ae,0,1,codex:rollout-2026-05-22T22-57-00-019e5368-8831-7241-a4e7-0bd2214170fe:242,256,other_resolved_artifact
ActPlane,3dae89cd06ae,0,1,codex:rollout-2026-05-22T22-57-00-019e5368-8831-7241-a4e7-0bd2214170fe:243,257,other_resolved_artifact
ActPlane,3dae89cd06ae,0,1,codex:rollout-2026-05-22T22-57-00-019e5368-8831-7241-a4e7-0bd2214170fe:244,258,other_resolved_artifact
ActPlane,3dae89cd06ae,0,1,codex:rollout-2026-05-22T22-57-00-019e5368-8831-7241-a4e7-0bd2214170fe:245,259,other_resolved_artifact
ActPlane,3dae89cd06ae,0,1,codex:rollout-2026-05-22T22-57-00-019e5368-8831-7241-a4e7-0bd2214170fe:246,260,other_resolved_artifact
ActPlane,3dae89cd06ae,0,1,codex:rollout-2026-05-22T22-57-00-019e5368-8831-7241-a4e7-0bd2214170fe:247,261,other_resolved_artifact
ActPlane,3dae89cd06ae,0,1,codex:rollout-2026-05-22T22-57-00-019e5368-8831-7241-a4e7-0bd2214170fe:248,262,no_resolved_path
ActPlane,3dae89cd06ae,0,1,codex:rollout-2026-05-22T22-57-00-019e5368-8831-7241-a4e7-0bd2214170fe:249,263,other_resolved_artifact
ActPlane,3dae89cd06ae,0,1,codex:rollout-2026-05-22T22-57-00-019e5368-8831-7241-a4e7-0bd2214170fe:250,264,predecessor_artifact
ActPlane,3dae89cd06ae,0,1,codex:rollout-2026-05-22T22-57-00-019e5368-8831-7241-a4e7-0bd2214170fe:251,265,other_resolved_artifact
ActPlane,3dae89cd06ae,0,1,codex:rollout-2026-05-22T22-57-00-019e5368-8831-7241-a4e7-0bd2214170fe:252,266,other_resolved_artifact
ActPlane,3dae89cd06ae,0,1,codex:rollout-2026-05-22T22-57-00-019e5368-8831-7241-a4e7-0bd2214170fe:253,267,predecessor_artifact
ActPlane,3dae89cd06ae,0,1,codex:rollout-2026-05-22T22-57-00-019e5368-8831-7241-a4e7-0bd2214170fe:254,268,other_resolved_artifact
ActPlane,3dae89cd06ae,0,1,codex:rollout-2026-05-22T22-57-00-019e5368-8831-7241-a4e7-0bd2214170fe:255,269,other_resolved_artifact
ActPlane,3dae89cd06ae,0,1,codex:rollout-2026-05-22T22-57-00-019e5368-8831-7241-a4e7-0bd2214170fe:256,270,other_resolved_artifact
ActPlane,3dae89cd06ae,0,1,codex:rollout-2026-05-22T22-57-00-019e5368-8831-7241-a4e7-0bd2214170fe:257,271,other_resolved_artifact
ActPlane,3dae89cd06ae,0,1,codex:rollout-2026-05-22T22-57-00-019e5368-8831-7241-a4e7-0bd2214170fe:258,272,predecessor_artifact
ActPlane,3dae89cd06ae,0,1,codex:rollout-2026-05-22T22-57-00-019e5368-8831-7241-a4e7-0bd2214170fe:259,273,other_resolved_artifact
ActPlane,3dae89cd06ae,0,1,codex:rollout-2026-05-22T22-57-00-019e5368-8831-7241-a4e7-0bd2214170fe:260,274,no_resolved_path
ActPlane,3dae89cd06ae,0,1,codex:rollout-2026-05-22T22-57-00-019e5368-8831-7241-a4e7-0bd2214170fe:261,275,no_resolved_path
ActPlane,3dae89cd06ae,0,1,codex:rollout-2026-05-22T22-57-00-019e5368-8831-7241-a4e7-0bd2214170fe:262,276,other_resolved_artifact
ActPlane,3dae89cd06ae,0,1,codex:rollout-2026-05-22T22-57-00-019e5368-8831-7241-a4e7-0bd2214170fe:263,277,other_resolved_artifact
ActPlane,3dae89cd06ae,0,1,codex:rollout-2026-05-22T22-57-00-019e5368-8831-7241-a4e7-0bd2214170fe:264,278,no_resolved_path
ActPlane,3dae89cd06ae,0,1,codex:rollout-2026-05-22T22-57-00-019e5368-8831-7241-a4e7-0bd2214170fe:265,279,no_resolved_path
ActPlane,3dae89cd06ae,0,1,codex:rollout-2026-05-22T22-57-00-019e5368-8831-7241-a4e7-0bd2214170fe:266,280,no_resolved_path
ActPlane,3dae89cd06ae,0,1,codex:rollout-2026-05-22T22-57-00-019e5368-8831-7241-a4e7-0bd2214170fe:267,281,other_resolved_artifact
ActPlane,3dae89cd06ae,0,1,codex:rollout-2026-05-22T22-57-00-019e5368-8831-7241-a4e7-0bd2214170fe:268,282,no_resolved_path
ActPlane,3dae89cd06ae,0,1,codex:rollout-2026-05-22T22-57-00-019e5368-8831-7241-a4e7-0bd2214170fe:269,283,no_resolved_path
ActPlane,3dae89cd06ae,0,1,codex:rollout-2026-05-22T22-57-00-019e5368-8831-7241-a4e7-0bd2214170fe:270,284,no_resolved_path
ActPlane,3dae89cd06ae,0,1,codex:rollout-2026-05-22T22-57-00-019e5368-8831-7241-a4e7-0bd2214170fe:271,285,no_resolved_path
ActPlane,3dae89cd06ae,0,1,codex:rollout-2026-05-22T22-57-00-019e5368-8831-7241-a4e7-0bd2214170fe:272,286,no_resolved_path
ActPlane,3dae89cd06ae,0,1,codex:rollout-2026-05-22T22-57-00-019e5368-8831-7241-a4e7-0bd2214170fe:273,287,no_resolved_path
ActPlane,3dae89cd06ae,0,1,codex:rollout-2026-05-22T22-57-00-019e5368-8831-7241-a4e7-0bd2214170fe:274,288,no_resolved_path
ActPlane,3dae89cd06ae,0,1,codex:rollout-2026-05-22T22-57-00-019e5368-8831-7241-a4e7-0bd2214170fe:275,289,no_resolved_path
ActPlane,3dae89cd06ae,0,1,codex:rollout-2026-05-22T22-57-00-019e5368-8831-7241-a4e7-0bd2214170fe:276,290,no_resolved_path
ActPlane,3dae89cd06ae,0,1,codex:rollout-2026-05-22T22-57-00-019e5368-8831-7241-a4e7-0bd2214170fe:277,291,no_resolved_path
ActPlane,3dae89cd06ae,0,1,codex:rollout-2026-05-22T22-57-00-019e5368-8831-7241-a4e7-0bd2214170fe:278,292,no_resolved_path
ActPlane,3dae89cd06ae,0,1,codex:rollout-2026-05-22T22-57-00-019e5368-8831-7241-a4e7-0bd2214170fe:279,293,no_resolved_path
ActPlane,3dae89cd06ae,0,1,codex:rollout-2026-05-22T22-57-00-019e5368-8831-7241-a4e7-0bd2214170fe:280,294,no_resolved_path
ActPlane,3dae89cd06ae,0,1,codex:rollout-2026-05-22T22-57-00-019e5368-8831-7241-a4e7-0bd2214170fe:281,295,no_resolved_path
ActPlane,3dae89cd06ae,0,1,codex:rollout-2026-05-22T22-57-00-019e5368-8831-7241-a4e7-0bd2214170fe:282,296,no_resolved_path
ActPlane,3dae89cd06ae,0,1,codex:rollout-2026-05-22T22-57-00-019e5368-8831-7241-a4e7-0bd2214170fe:283,297,no_resolved_path
ActPlane,3dae89cd06ae,0,1,codex:rollout-2026-05-22T22-57-00-019e5368-8831-7241-a4e7-0bd2214170fe:284,298,no_resolved_path
ActPlane,3dae89cd06ae,0,1,codex:rollout-2026-05-22T22-57-00-019e5368-8831-7241-a4e7-0bd2214170fe:285,299,no_resolved_path
ActPlane,3dae89cd06ae,0,1,codex:rollout-2026-05-22T22-57-00-019e5368-8831-7241-a4e7-0bd2214170fe:286,300,no_resolved_path
ActPlane,3dae89cd06ae,0,1,codex:rollout-2026-05-22T22-57-00-019e5368-8831-7241-a4e7-0bd2214170fe:287,301,no_resolved_path
ActPlane,3dae89cd06ae,0,1,codex:rollout-2026-05-22T22-57-00-019e5368-8831-7241-a4e7-0bd2214170fe:288,302,no_resolved_path
ActPlane,3dae89cd06ae,0,1,codex:rollout-2026-05-22T22-57-00-019e5368-8831-7241-a4e7-0bd2214170fe:289,303,no_resolved_path
ActPlane,3dae89cd06ae,0,1,codex:rollout-2026-05-22T22-57-00-019e5368-8831-7241-a4e7-0bd2214170fe:290,304,no_resolved_path
ActPlane,3dae89cd06ae,0,1,codex:rollout-2026-05-22T22-57-00-019e5368-8831-7241-a4e7-0bd2214170fe:291,305,no_resolved_path
ActPlane,3dae89cd06ae,0,1,codex:rollout-2026-05-22T22-57-00-019e5368-8831-7241-a4e7-0bd2214170fe:292,306,no_resolved_path
ActPlane,3dae89cd06ae,0,1,codex:rollout-2026-05-22T22-57-00-019e5368-8831-7241-a4e7-0bd2214170fe:293,307,no_resolved_path
ActPlane,3dae89cd06ae,0,1,codex:rollout-2026-05-22T22-57-00-019e5368-8831-7241-a4e7-0bd2214170fe:294,308,no_resolved_path
ActPlane,3dae89cd06ae,0,1,codex:rollout-2026-05-22T22-57-00-019e5368-8831-7241-a4e7-0bd2214170fe:295,309,no_resolved_path
ActPlane,3dae89cd06ae,0,1,codex:rollout-2026-05-22T22-57-00-019e5368-8831-7241-a4e7-0bd2214170fe:296,310,no_resolved_path
ActPlane,3dae89cd06ae,0,1,codex:rollout-2026-05-22T22-57-00-019e5368-8831-7241-a4e7-0bd2214170fe:297,311,no_resolved_path
ActPlane,3dae89cd06ae,0,1,codex:rollout-2026-05-22T22-57-00-019e5368-8831-7241-a4e7-0bd2214170fe:298,312,no_resolved_path
ActPlane,3dae89cd06ae,0,1,codex:rollout-2026-05-22T22-57-00-019e5368-8831-7241-a4e7-0bd2214170fe:299,313,no_resolved_path
ActPlane,3dae89cd06ae,0,1,codex:rollout-2026-05-22T22-57-00-019e5368-8831-7241-a4e7-0bd2214170fe:300,314,predecessor_module
ActPlane,3dae89cd06ae,0,1,codex:rollout-2026-05-22T22-57-00-019e5368-8831-7241-a4e7-0bd2214170fe:301,315,no_resolved_path
ActPlane,3dae89cd06ae,0,1,codex:rollout-2026-05-22T22-57-00-019e5368-8831-7241-a4e7-0bd2214170fe:302,316,no_resolved_path
ActPlane,3dae89cd06ae,0,1,codex:rollout-2026-05-22T22-57-00-019e5368-8831-7241-a4e7-0bd2214170fe:303,317,no_resolved_path
ActPlane,3dae89cd06ae,0,1,codex:rollout-2026-05-22T22-57-00-019e5368-8831-7241-a4e7-0bd2214170fe:304,318,no_resolved_path
ActPlane,3dae89cd06ae,0,1,codex:rollout-2026-05-22T22-57-00-019e5368-8831-7241-a4e7-0bd2214170fe:305,319,no_resolved_path
ActPlane,3dae89cd06ae,0,1,codex:rollout-2026-05-22T22-57-00-019e5368-8831-7241-a4e7-0bd2214170fe:306,320,other_resolved_artifact
ActPlane,3dae89cd06ae,0,1,codex:rollout-2026-05-22T22-57-00-019e5368-8831-7241-a4e7-0bd2214170fe:307,321,no_resolved_path
ActPlane,3dae89cd06ae,0,1,codex:rollout-2026-05-22T22-57-00-019e5368-8831-7241-a4e7-0bd2214170fe:308,322,other_resolved_artifact
ActPlane,3dae89cd06ae,0,1,codex:rollout-2026-05-22T22-57-00-019e5368-8831-7241-a4e7-0bd2214170fe:309,323,other_resolved_artifact
ActPlane,3dae89cd06ae,0,1,codex:rollout-2026-05-22T22-57-00-019e5368-8831-7241-a4e7-0bd2214170fe:310,324,other_resolved_artifact
ActPlane,3dae89cd06ae,0,1,codex:rollout-2026-05-22T22-57-00-019e5368-8831-7241-a4e7-0bd2214170fe:311,325,other_resolved_artifact
ActPlane,3dae89cd06ae,5,6,claude:a98c7ab6-816c-4e9a-ae37-4244d2c27893:0,1170,no_resolved_path
ActPlane,3dae89cd06ae,5,6,claude:a98c7ab6-816c-4e9a-ae37-4244d2c27893:1,1171,predecessor_artifact
ActPlane,3dae89cd06ae,5,6,claude:a98c7ab6-816c-4e9a-ae37-4244d2c27893:2,1172,no_resolved_path
ActPlane,3dae89cd06ae,5,6,claude:a98c7ab6-816c-4e9a-ae37-4244d2c27893:3,1173,predecessor_artifact
ActPlane,3dae89cd06ae,5,6,claude:a98c7ab6-816c-4e9a-ae37-4244d2c27893:4,1174,predecessor_module
ActPlane,3dae89cd06ae,5,6,claude:a98c7ab6-816c-4e9a-ae37-4244d2c27893:5,1175,predecessor_module
ActPlane,3dae89cd06ae,5,6,claude:a98c7ab6-816c-4e9a-ae37-4244d2c27893:6,1176,predecessor_module
ActPlane,3dae89cd06ae,5,6,claude:a98c7ab6-816c-4e9a-ae37-4244d2c27893:7,1177,predecessor_module
ActPlane,3dae89cd06ae,5,6,claude:a98c7ab6-816c-4e9a-ae37-4244d2c27893:8,1178,predecessor_module
ActPlane,3dae89cd06ae,5,6,claude:a98c7ab6-816c-4e9a-ae37-4244d2c27893:9,1179,predecessor_module
ActPlane,3dae89cd06ae,5,6,claude:a98c7ab6-816c-4e9a-ae37-4244d2c27893:10,1180,predecessor_module
ActPlane,3dae89cd06ae,5,6,claude:a98c7ab6-816c-4e9a-ae37-4244d2c27893:11,1181,no_resolved_path
ActPlane,3dae89cd06ae,5,6,claude:a98c7ab6-816c-4e9a-ae37-4244d2c27893:12,1182,other_resolved_scope
ActPlane,3dae89cd06ae,5,6,claude:a98c7ab6-816c-4e9a-ae37-4244d2c27893:13,1183,predecessor_module
ActPlane,3dae89cd06ae,5,6,claude:a98c7ab6-816c-4e9a-ae37-4244d2c27893:14,1184,predecessor_module
ActPlane,3dae89cd06ae,5,6,claude:a98c7ab6-816c-4e9a-ae37-4244d2c27893:15,1185,predecessor_module
ActPlane,3dae89cd06ae,5,6,claude:a98c7ab6-816c-4e9a-ae37-4244d2c27893:16,1186,predecessor_module
ActPlane,3dae89cd06ae,5,6,claude:a98c7ab6-816c-4e9a-ae37-4244d2c27893:17,1187,predecessor_module
ActPlane,3dae89cd06ae,5,6,claude:a98c7ab6-816c-4e9a-ae37-4244d2c27893:18,1188,no_resolved_path
ActPlane,3dae89cd06ae,5,6,claude:agent-aba110a6c1284e855:0,1189,no_resolved_path
ActPlane,3dae89cd06ae,5,6,claude:agent-aba110a6c1284e855:1,1190,no_resolved_path
ActPlane,3dae89cd06ae,5,6,claude:agent-aba110a6c1284e855:2,1191,no_resolved_path
ActPlane,3dae89cd06ae,5,6,claude:agent-aba110a6c1284e855:3,1192,no_resolved_path
ActPlane,3dae89cd06ae,5,6,claude:agent-aba110a6c1284e855:4,1193,predecessor_module
ActPlane,3dae89cd06ae,5,6,claude:agent-aba110a6c1284e855:5,1194,predecessor_module
ActPlane,3dae89cd06ae,5,6,claude:agent-aba110a6c1284e855:6,1195,other_resolved_scope
ActPlane,3dae89cd06ae,5,6,claude:agent-aba110a6c1284e855:7,1196,predecessor_module
ActPlane,3dae89cd06ae,5,6,claude:agent-aba110a6c1284e855:8,1197,predecessor_module
ActPlane,3dae89cd06ae,5,6,claude:agent-aba110a6c1284e855:9,1198,predecessor_artifact
ActPlane,3dae89cd06ae,5,6,claude:agent-aba110a6c1284e855:10,1199,predecessor_module
ActPlane,3dae89cd06ae,5,6,claude:agent-aba110a6c1284e855:11,1200,no_resolved_path
ActPlane,3dae89cd06ae,5,6,claude:agent-aba110a6c1284e855:12,1201,predecessor_module
ActPlane,3dae89cd06ae,5,6,claude:agent-aba110a6c1284e855:13,1202,predecessor_module
ActPlane,3dae89cd06ae,5,6,claude:agent-aba110a6c1284e855:14,1203,no_resolved_path
ActPlane,3dae89cd06ae,5,6,claude:agent-aba110a6c1284e855:15,1204,no_resolved_path
ActPlane,3dae89cd06ae,5,6,claude:agent-aba110a6c1284e855:16,1205,no_resolved_path
ActPlane,3dae89cd06ae,5,6,claude:agent-aba110a6c1284e855:17,1206,no_resolved_path
ActPlane,3dae89cd06ae,5,6,claude:agent-aba110a6c1284e855:18,1207,no_resolved_path
ActPlane,3dae89cd06ae,5,6,claude:a98c7ab6-816c-4e9a-ae37-4244d2c27893:19,1208,no_resolved_path
ActPlane,3dae89cd06ae,5,6,claude:agent-acc672d7af4c8256e:0,1209,no_resolved_path
ActPlane,3dae89cd06ae,5,6,claude:agent-acc672d7af4c8256e:1,1210,no_resolved_path
ActPlane,3dae89cd06ae,5,6,claude:agent-acc672d7af4c8256e:2,1211,no_resolved_path
ActPlane,3dae89cd06ae,5,6,claude:agent-acc672d7af4c8256e:3,1212,no_resolved_path
ActPlane,3dae89cd06ae,5,6,claude:agent-acc672d7af4c8256e:4,1213,no_resolved_path
ActPlane,3dae89cd06ae,5,6,claude:agent-acc672d7af4c8256e:5,1214,no_resolved_path
ActPlane,3dae89cd06ae,5,6,claude:agent-acc672d7af4c8256e:6,1215,no_resolved_path
ActPlane,3dae89cd06ae,5,6,claude:agent-acc672d7af4c8256e:7,1216,no_resolved_path
ActPlane,3dae89cd06ae,5,6,claude:agent-acc672d7af4c8256e:8,1217,no_resolved_path
ActPlane,3dae89cd06ae,5,6,claude:agent-acc672d7af4c8256e:9,1218,no_resolved_path
ActPlane,3dae89cd06ae,5,6,claude:agent-acc672d7af4c8256e:10,1219,no_resolved_path
ActPlane,3dae89cd06ae,5,6,claude:agent-acc672d7af4c8256e:11,1220,no_resolved_path
ActPlane,3dae89cd06ae,5,6,claude:agent-acc672d7af4c8256e:12,1221,no_resolved_path
ActPlane,3dae89cd06ae,5,6,claude:a98c7ab6-816c-4e9a-ae37-4244d2c27893:20,1222,no_resolved_path
ActPlane,3dae89cd06ae,5,6,claude:agent-a0c585a1e00f34d74:0,1223,no_resolved_path
ActPlane,3dae89cd06ae,5,6,claude:agent-acc672d7af4c8256e:13,1224,no_resolved_path
ActPlane,3dae89cd06ae,5,6,claude:agent-acc672d7af4c8256e:14,1225,no_resolved_path
ActPlane,3dae89cd06ae,5,6,claude:agent-a0c585a1e00f34d74:1,1226,no_resolved_path
ActPlane,3dae89cd06ae,5,6,claude:agent-acc672d7af4c8256e:15,1227,no_resolved_path
ActPlane,3dae89cd06ae,5,6,claude:agent-acc672d7af4c8256e:16,1228,no_resolved_path
ActPlane,3dae89cd06ae,5,6,claude:agent-acc672d7af4c8256e:17,1229,no_resolved_path
ActPlane,3dae89cd06ae,5,6,claude:agent-a0c585a1e00f34d74:2,1230,no_resolved_path
ActPlane,3dae89cd06ae,5,6,claude:agent-acc672d7af4c8256e:18,1231,no_resolved_path
ActPlane,3dae89cd06ae,5,6,claude:agent-acc672d7af4c8256e:19,1232,no_resolved_path
ActPlane,3dae89cd06ae,5,6,claude:agent-acc672d7af4c8256e:20,1233,no_resolved_path
ActPlane,3dae89cd06ae,5,6,claude:agent-acc672d7af4c8256e:21,1234,no_resolved_path
ActPlane,3dae89cd06ae,5,6,claude:agent-a0c585a1e00f34d74:3,1235,no_resolved_path
ActPlane,3dae89cd06ae,5,6,claude:agent-acc672d7af4c8256e:22,1236,no_resolved_path
ActPlane,3dae89cd06ae,5,6,claude:agent-acc672d7af4c8256e:23,1237,no_resolved_path
ActPlane,3dae89cd06ae,5,6,claude:agent-a0c585a1e00f34d74:4,1238,no_resolved_path
ActPlane,3dae89cd06ae,5,6,claude:agent-acc672d7af4c8256e:24,1239,no_resolved_path
ActPlane,3dae89cd06ae,5,6,claude:agent-acc672d7af4c8256e:25,1240,no_resolved_path
ActPlane,3dae89cd06ae,5,6,claude:agent-a0c585a1e00f34d74:5,1241,no_resolved_path
ActPlane,3dae89cd06ae,5,6,claude:agent-acc672d7af4c8256e:26,1242,no_resolved_path
ActPlane,3dae89cd06ae,5,6,claude:agent-a0c585a1e00f34d74:6,1243,no_resolved_path
ActPlane,3dae89cd06ae,5,6,claude:agent-acc672d7af4c8256e:27,1244,no_resolved_path
ActPlane,3dae89cd06ae,5,6,claude:agent-acc672d7af4c8256e:28,1245,no_resolved_path
ActPlane,3dae89cd06ae,5,6,claude:agent-acc672d7af4c8256e:29,1246,no_resolved_path
ActPlane,3dae89cd06ae,5,6,claude:agent-a0c585a1e00f34d74:7,1247,no_resolved_path
ActPlane,3dae89cd06ae,5,6,claude:agent-acc672d7af4c8256e:30,1248,no_resolved_path
ActPlane,3dae89cd06ae,5,6,claude:agent-acc672d7af4c8256e:31,1249,no_resolved_path
ActPlane,3dae89cd06ae,5,6,claude:agent-acc672d7af4c8256e:32,1250,no_resolved_path
ActPlane,3dae89cd06ae,5,6,claude:agent-acc672d7af4c8256e:33,1251,no_resolved_path
ActPlane,3dae89cd06ae,5,6,claude:agent-a0c585a1e00f34d74:8,1252,no_resolved_path
ActPlane,3dae89cd06ae,5,6,claude:agent-acc672d7af4c8256e:34,1253,no_resolved_path
ActPlane,3dae89cd06ae,5,6,claude:agent-a0c585a1e00f34d74:9,1254,no_resolved_path
ActPlane,3dae89cd06ae,5,6,claude:agent-acc672d7af4c8256e:35,1255,no_resolved_path
ActPlane,3dae89cd06ae,5,6,claude:agent-acc672d7af4c8256e:36,1256,no_resolved_path
ActPlane,3dae89cd06ae,5,6,claude:agent-a0c585a1e00f34d74:10,1257,no_resolved_path
ActPlane,3dae89cd06ae,5,6,claude:agent-a0c585a1e00f34d74:11,1258,no_resolved_path
ActPlane,3dae89cd06ae,5,6,claude:agent-a0c585a1e00f34d74:12,1259,no_resolved_path
ActPlane,3dae89cd06ae,5,6,claude:agent-a0c585a1e00f34d74:13,1260,no_resolved_path
ActPlane,3dae89cd06ae,5,6,claude:agent-a0c585a1e00f34d74:14,1261,no_resolved_path
ActPlane,3dae89cd06ae,5,6,claude:agent-a0c585a1e00f34d74:15,1262,no_resolved_path
ActPlane,3dae89cd06ae,5,6,claude:agent-a0c585a1e00f34d74:16,1263,no_resolved_path
ActPlane,3dae89cd06ae,5,6,claude:agent-a0c585a1e00f34d74:17,1264,no_resolved_path
ActPlane,3dae89cd06ae,5,6,claude:agent-a0c585a1e00f34d74:18,1265,no_resolved_path
ActPlane,3dae89cd06ae,5,6,claude:agent-a0c585a1e00f34d74:19,1266,no_resolved_path
ActPlane,3dae89cd06ae,5,6,claude:agent-a0c585a1e00f34d74:20,1267,no_resolved_path
ActPlane,3dae89cd06ae,5,6,claude:agent-a0c585a1e00f34d74:21,1268,no_resolved_path
ActPlane,3dae89cd06ae,5,6,claude:agent-a0c585a1e00f34d74:22,1269,no_resolved_path
ActPlane,3dae89cd06ae,5,6,claude:agent-a0c585a1e00f34d74:23,1270,no_resolved_path
ActPlane,3dae89cd06ae,5,6,claude:agent-a0c585a1e00f34d74:24,1271,no_resolved_path
ActPlane,3dae89cd06ae,5,6,claude:agent-a0c585a1e00f34d74:25,1272,no_resolved_path
ActPlane,3dae89cd06ae,5,6,claude:agent-a0c585a1e00f34d74:26,1273,no_resolved_path
ActPlane,3dae89cd06ae,5,6,claude:agent-a0c585a1e00f34d74:27,1274,no_resolved_path
ActPlane,3dae89cd06ae,5,6,claude:agent-a0c585a1e00f34d74:28,1275,no_resolved_path
ActPlane,3dae89cd06ae,5,6,claude:agent-a0c585a1e00f34d74:29,1276,no_resolved_path
ActPlane,3dae89cd06ae,5,6,claude:agent-a0c585a1e00f34d74:30,1277,no_resolved_path
ActPlane,3dae89cd06ae,5,6,claude:a98c7ab6-816c-4e9a-ae37-4244d2c27893:21,1278,no_resolved_path
ActPlane,3dae89cd06ae,6,7,claude:565172de-c87a-47fb-95e4-6f2b994e2ee3:0,4055,predecessor_artifact
ActPlane,3dae89cd06ae,6,7,claude:565172de-c87a-47fb-95e4-6f2b994e2ee3:1,4056,predecessor_artifact
ActPlane,3dae89cd06ae,6,7,claude:565172de-c87a-47fb-95e4-6f2b994e2ee3:2,4057,predecessor_artifact
ActPlane,3dae89cd06ae,6,7,claude:565172de-c87a-47fb-95e4-6f2b994e2ee3:3,4058,no_resolved_path
ActPlane,3dae89cd06ae,6,7,claude:565172de-c87a-47fb-95e4-6f2b994e2ee3:4,4059,predecessor_artifact
ActPlane,3dae89cd06ae,6,7,claude:565172de-c87a-47fb-95e4-6f2b994e2ee3:5,4060,predecessor_artifact
ActPlane,3dae89cd06ae,6,7,claude:565172de-c87a-47fb-95e4-6f2b994e2ee3:6,4061,predecessor_artifact
ActPlane,3dae89cd06ae,6,7,claude:565172de-c87a-47fb-95e4-6f2b994e2ee3:7,4062,predecessor_artifact
ActPlane,3dae89cd06ae,6,7,claude:565172de-c87a-47fb-95e4-6f2b994e2ee3:8,4063,predecessor_artifact
ActPlane,3dae89cd06ae,7,8,claude:5e275eed-7938-4534-ad1a-bd4539296ff4:0,10881,predecessor_module
ActPlane,3dae89cd06ae,7,8,claude:5e275eed-7938-4534-ad1a-bd4539296ff4:1,10882,no_resolved_path
ActPlane,3dae89cd06ae,7,8,claude:5e275eed-7938-4534-ad1a-bd4539296ff4:2,10883,no_resolved_path
ActPlane,3dae89cd06ae,7,8,claude:5e275eed-7938-4534-ad1a-bd4539296ff4:3,10884,predecessor_module
ActPlane,3dae89cd06ae,7,8,claude:5e275eed-7938-4534-ad1a-bd4539296ff4:4,10885,no_resolved_path
ActPlane,3dae89cd06ae,7,8,claude:5e275eed-7938-4534-ad1a-bd4539296ff4:5,10886,no_resolved_path
ActPlane,3dae89cd06ae,7,8,claude:5e275eed-7938-4534-ad1a-bd4539296ff4:6,10887,no_resolved_path
ActPlane,3dae89cd06ae,7,8,claude:5e275eed-7938-4534-ad1a-bd4539296ff4:7,10888,no_resolved_path
ActPlane,3dae89cd06ae,7,8,claude:5e275eed-7938-4534-ad1a-bd4539296ff4:8,10889,no_resolved_path
ActPlane,3dae89cd06ae,7,8,claude:5e275eed-7938-4534-ad1a-bd4539296ff4:9,10890,no_resolved_path
ActPlane,3dae89cd06ae,7,8,claude:5e275eed-7938-4534-ad1a-bd4539296ff4:10,10891,no_resolved_path
ActPlane,3dae89cd06ae,7,8,claude:5e275eed-7938-4534-ad1a-bd4539296ff4:11,10892,no_resolved_path
ActPlane,3dae89cd06ae,7,8,claude:5e275eed-7938-4534-ad1a-bd4539296ff4:12,10893,no_resolved_path
ActPlane,3dae89cd06ae,7,8,claude:5e275eed-7938-4534-ad1a-bd4539296ff4:13,10894,no_resolved_path
ActPlane,3dae89cd06ae,7,8,claude:5e275eed-7938-4534-ad1a-bd4539296ff4:14,10895,no_resolved_path
ActPlane,3dae89cd06ae,7,8,claude:5e275eed-7938-4534-ad1a-bd4539296ff4:15,10896,predecessor_module
ActPlane,3dae89cd06ae,7,8,claude:5e275eed-7938-4534-ad1a-bd4539296ff4:16,10897,predecessor_module
ActPlane,3dae89cd06ae,7,8,claude:5e275eed-7938-4534-ad1a-bd4539296ff4:17,10898,predecessor_artifact
ActPlane,3dae89cd06ae,8,9,claude:c1980e0b-f144-4f83-8fdf-07a4c99a1417:0,37474,predecessor_module
ActPlane,3dae89cd06ae,8,9,claude:c1980e0b-f144-4f83-8fdf-07a4c99a1417:1,37475,no_resolved_path
ActPlane,3dae89cd06ae,8,9,claude:c1980e0b-f144-4f83-8fdf-07a4c99a1417:2,37476,no_resolved_path
ActPlane,3dae89cd06ae,8,9,claude:c1980e0b-f144-4f83-8fdf-07a4c99a1417:3,37477,predecessor_artifact
ActPlane,3dae89cd06ae,8,9,claude:c1980e0b-f144-4f83-8fdf-07a4c99a1417:4,37478,predecessor_artifact
ActPlane,3dae89cd06ae,8,9,claude:c1980e0b-f144-4f83-8fdf-07a4c99a1417:5,37479,no_resolved_path
ActPlane,3dae89cd06ae,8,9,claude:c1980e0b-f144-4f83-8fdf-07a4c99a1417:6,37480,no_resolved_path
ActPlane,3dae89cd06ae,8,9,claude:c1980e0b-f144-4f83-8fdf-07a4c99a1417:7,37481,no_resolved_path
ActPlane,3dae89cd06ae,8,9,claude:c1980e0b-f144-4f83-8fdf-07a4c99a1417:8,37482,predecessor_artifact
ActPlane,3dae89cd06ae,8,9,claude:c1980e0b-f144-4f83-8fdf-07a4c99a1417:9,37483,predecessor_artifact
ActPlane,3dae89cd06ae,8,9,claude:c1980e0b-f144-4f83-8fdf-07a4c99a1417:10,37484,predecessor_artifact
ActPlane,3dae89cd06ae,8,9,claude:c1980e0b-f144-4f83-8fdf-07a4c99a1417:11,37485,predecessor_artifact
ActPlane,3dae89cd06ae,8,9,claude:c1980e0b-f144-4f83-8fdf-07a4c99a1417:12,37486,predecessor_artifact
ActPlane,3dae89cd06ae,8,9,claude:c1980e0b-f144-4f83-8fdf-07a4c99a1417:13,37487,predecessor_artifact
ActPlane,3dae89cd06ae,8,9,claude:c1980e0b-f144-4f83-8fdf-07a4c99a1417:14,37488,no_resolved_path
ActPlane,3dae89cd06ae,8,9,claude:agent-a2713a1350053465a:0,37489,no_resolved_path
ActPlane,3dae89cd06ae,8,9,claude:agent-a2713a1350053465a:1,37490,predecessor_module
ActPlane,3dae89cd06ae,8,9,claude:agent-a2713a1350053465a:2,37491,no_resolved_path
ActPlane,3dae89cd06ae,8,9,claude:agent-a2713a1350053465a:3,37492,no_resolved_path
ActPlane,3dae89cd06ae,8,9,claude:agent-a2713a1350053465a:4,37493,no_resolved_path
ActPlane,3dae89cd06ae,8,9,claude:agent-a2713a1350053465a:5,37494,predecessor_module
ActPlane,3dae89cd06ae,8,9,claude:agent-a2713a1350053465a:6,37495,predecessor_module
ActPlane,3dae89cd06ae,8,9,claude:agent-a2713a1350053465a:7,37496,predecessor_module
ActPlane,3dae89cd06ae,8,9,claude:agent-a2713a1350053465a:8,37497,no_resolved_path
ActPlane,3dae89cd06ae,8,9,claude:agent-a2713a1350053465a:9,37498,predecessor_module
ActPlane,3dae89cd06ae,8,9,claude:agent-a2713a1350053465a:10,37499,predecessor_module
ActPlane,3dae89cd06ae,8,9,claude:agent-a2713a1350053465a:11,37500,no_resolved_path
ActPlane,3dae89cd06ae,8,9,claude:agent-a2713a1350053465a:12,37501,no_resolved_path
ActPlane,3dae89cd06ae,8,9,claude:agent-a2713a1350053465a:13,37502,no_resolved_path
ActPlane,3dae89cd06ae,8,9,claude:agent-a2713a1350053465a:14,37503,no_resolved_path
ActPlane,3dae89cd06ae,8,9,claude:c1980e0b-f144-4f83-8fdf-07a4c99a1417:15,37504,predecessor_artifact
ActPlane,3dae89cd06ae,8,9,claude:c1980e0b-f144-4f83-8fdf-07a4c99a1417:16,37505,no_resolved_path
ActPlane,3dae89cd06ae,8,9,claude:agent-afefd901686cf7e1f:0,37506,predecessor_module
ActPlane,3dae89cd06ae,8,9,claude:agent-afefd901686cf7e1f:1,37507,no_resolved_path
ActPlane,3dae89cd06ae,8,9,claude:agent-afefd901686cf7e1f:2,37508,no_resolved_path
ActPlane,3dae89cd06ae,8,9,claude:agent-afefd901686cf7e1f:3,37509,no_resolved_path
ActPlane,3dae89cd06ae,8,9,claude:c1980e0b-f144-4f83-8fdf-07a4c99a1417:17,37510,no_resolved_path
ActPlane,3dae89cd06ae,8,9,claude:agent-a49e8f9c983be9f63:0,37511,predecessor_module
ActPlane,3dae89cd06ae,8,9,claude:agent-afefd901686cf7e1f:4,37512,no_resolved_path
ActPlane,3dae89cd06ae,8,9,claude:agent-a49e8f9c983be9f63:1,37513,no_resolved_path
ActPlane,3dae89cd06ae,8,9,claude:agent-afefd901686cf7e1f:5,37514,predecessor_module
ActPlane,3dae89cd06ae,8,9,claude:agent-a49e8f9c983be9f63:2,37515,predecessor_module
ActPlane,3dae89cd06ae,8,9,claude:agent-afefd901686cf7e1f:6,37516,predecessor_module
ActPlane,3dae89cd06ae,8,9,claude:agent-a49e8f9c983be9f63:3,37517,predecessor_artifact
ActPlane,3dae89cd06ae,8,9,claude:agent-afefd901686cf7e1f:7,37518,predecessor_module
ActPlane,3dae89cd06ae,8,9,claude:agent-a49e8f9c983be9f63:4,37519,predecessor_module
ActPlane,3dae89cd06ae,8,9,claude:agent-a49e8f9c983be9f63:5,37520,no_resolved_path
ActPlane,3dae89cd06ae,8,9,claude:agent-afefd901686cf7e1f:8,37521,no_resolved_path
ActPlane,3dae89cd06ae,8,9,claude:agent-afefd901686cf7e1f:9,37522,no_resolved_path
ActPlane,3dae89cd06ae,8,9,claude:agent-a49e8f9c983be9f63:6,37523,no_resolved_path
ActPlane,3dae89cd06ae,8,9,claude:agent-a49e8f9c983be9f63:7,37524,no_resolved_path
ActPlane,3dae89cd06ae,8,9,claude:agent-afefd901686cf7e1f:10,37525,predecessor_module
ActPlane,3dae89cd06ae,8,9,claude:agent-a49e8f9c983be9f63:8,37526,no_resolved_path
ActPlane,3dae89cd06ae,8,9,claude:agent-a49e8f9c983be9f63:9,37527,predecessor_module
ActPlane,3dae89cd06ae,8,9,claude:agent-afefd901686cf7e1f:11,37528,no_resolved_path
ActPlane,3dae89cd06ae,8,9,claude:agent-a49e8f9c983be9f63:10,37529,no_resolved_path
ActPlane,3dae89cd06ae,8,9,claude:agent-a49e8f9c983be9f63:11,37530,no_resolved_path
ActPlane,3dae89cd06ae,8,9,claude:agent-a49e8f9c983be9f63:12,37531,predecessor_module
ActPlane,3dae89cd06ae,8,9,claude:agent-a49e8f9c983be9f63:13,37532,no_resolved_path
ActPlane,3dae89cd06ae,8,9,claude:agent-afefd901686cf7e1f:12,37533,no_resolved_path
ActPlane,3dae89cd06ae,8,9,claude:agent-a49e8f9c983be9f63:14,37534,no_resolved_path
ActPlane,3dae89cd06ae,8,9,claude:agent-afefd901686cf7e1f:13,37535,no_resolved_path
ActPlane,3dae89cd06ae,8,9,claude:agent-a49e8f9c983be9f63:15,37536,no_resolved_path
ActPlane,3dae89cd06ae,8,9,claude:agent-a49e8f9c983be9f63:16,37537,no_resolved_path
ActPlane,3dae89cd06ae,8,9,claude:agent-a49e8f9c983be9f63:17,37538,predecessor_module
ActPlane,3dae89cd06ae,8,9,claude:agent-afefd901686cf7e1f:14,37539,no_resolved_path
ActPlane,3dae89cd06ae,8,9,claude:agent-a49e8f9c983be9f63:18,37540,no_resolved_path
ActPlane,3dae89cd06ae,8,9,claude:agent-afefd901686cf7e1f:15,37541,no_resolved_path
ActPlane,3dae89cd06ae,8,9,claude:agent-afefd901686cf7e1f:16,37542,no_resolved_path
ActPlane,3dae89cd06ae,9,10,claude:83c2ff29-c8ea-427d-bd60-4b028316e7e1:0,43389,predecessor_artifact
ActPlane,3dae89cd06ae,9,10,claude:83c2ff29-c8ea-427d-bd60-4b028316e7e1:1,43390,no_resolved_path
ActPlane,3dae89cd06ae,9,10,claude:83c2ff29-c8ea-427d-bd60-4b028316e7e1:2,43391,no_resolved_path
ActPlane,3dae89cd06ae,9,10,claude:83c2ff29-c8ea-427d-bd60-4b028316e7e1:3,43392,predecessor_artifact
ActPlane,3dae89cd06ae,9,10,claude:83c2ff29-c8ea-427d-bd60-4b028316e7e1:4,43393,predecessor_artifact
ActPlane,3dae89cd06ae,9,10,claude:83c2ff29-c8ea-427d-bd60-4b028316e7e1:5,43394,predecessor_artifact
ActPlane,3dae89cd06ae,9,10,claude:83c2ff29-c8ea-427d-bd60-4b028316e7e1:6,43395,predecessor_artifact
ActPlane,3dae89cd06ae,9,10,claude:83c2ff29-c8ea-427d-bd60-4b028316e7e1:7,43396,predecessor_artifact
ActPlane,3dae89cd06ae,9,10,claude:83c2ff29-c8ea-427d-bd60-4b028316e7e1:8,43397,predecessor_artifact
ActPlane,3dae89cd06ae,9,10,claude:83c2ff29-c8ea-427d-bd60-4b028316e7e1:9,43398,predecessor_artifact
ActPlane,3dae89cd06ae,9,10,claude:83c2ff29-c8ea-427d-bd60-4b028316e7e1:10,43399,predecessor_artifact
ActPlane,3dae89cd06ae,9,10,claude:83c2ff29-c8ea-427d-bd60-4b028316e7e1:11,43400,predecessor_artifact
ActPlane,3dae89cd06ae,9,10,claude:83c2ff29-c8ea-427d-bd60-4b028316e7e1:12,43401,predecessor_artifact
ActPlane,3dae89cd06ae,9,10,claude:83c2ff29-c8ea-427d-bd60-4b028316e7e1:13,43402,predecessor_artifact
ActPlane,3dae89cd06ae,9,10,claude:83c2ff29-c8ea-427d-bd60-4b028316e7e1:14,43403,predecessor_artifact
ActPlane,3dae89cd06ae,9,10,claude:83c2ff29-c8ea-427d-bd60-4b028316e7e1:15,43404,predecessor_artifact
ActPlane,3dae89cd06ae,9,10,claude:83c2ff29-c8ea-427d-bd60-4b028316e7e1:16,43405,no_resolved_path
ActPlane,3dae89cd06ae,9,10,claude:83c2ff29-c8ea-427d-bd60-4b028316e7e1:17,43406,no_resolved_path
ActPlane,3dae89cd06ae,9,10,claude:83c2ff29-c8ea-427d-bd60-4b028316e7e1:18,43407,no_resolved_path
ActPlane,3dae89cd06ae,9,10,claude:83c2ff29-c8ea-427d-bd60-4b028316e7e1:19,43408,no_resolved_path
ActPlane,3dae89cd06ae,9,10,claude:83c2ff29-c8ea-427d-bd60-4b028316e7e1:20,43409,no_resolved_path
ActPlane,3dae89cd06ae,9,10,claude:83c2ff29-c8ea-427d-bd60-4b028316e7e1:21,43410,no_resolved_path
ActPlane,3dae89cd06ae,9,10,claude:83c2ff29-c8ea-427d-bd60-4b028316e7e1:22,43411,no_resolved_path
ActPlane,3dae89cd06ae,9,10,claude:83c2ff29-c8ea-427d-bd60-4b028316e7e1:23,43412,no_resolved_path
ActPlane,3dae89cd06ae,9,10,claude:83c2ff29-c8ea-427d-bd60-4b028316e7e1:24,43413,no_resolved_path
ActPlane,3dae89cd06ae,9,10,claude:83c2ff29-c8ea-427d-bd60-4b028316e7e1:25,43414,no_resolved_path
ActPlane,3dae89cd06ae,9,10,claude:83c2ff29-c8ea-427d-bd60-4b028316e7e1:26,43415,no_resolved_path
ActPlane,3dae89cd06ae,9,10,claude:83c2ff29-c8ea-427d-bd60-4b028316e7e1:27,43416,no_resolved_path
ActPlane,3dae89cd06ae,9,10,claude:83c2ff29-c8ea-427d-bd60-4b028316e7e1:28,43417,predecessor_artifact
ActPlane,3dae89cd06ae,9,10,claude:83c2ff29-c8ea-427d-bd60-4b028316e7e1:29,43418,no_resolved_path
ActPlane,3dae89cd06ae,9,10,claude:agent-acad82a9bebc0040e:0,43419,no_resolved_path
ActPlane,3dae89cd06ae,9,10,claude:agent-acad82a9bebc0040e:1,43420,no_resolved_path
ActPlane,3dae89cd06ae,9,10,claude:agent-acad82a9bebc0040e:2,43421,no_resolved_path
ActPlane,3dae89cd06ae,9,10,claude:agent-acad82a9bebc0040e:3,43422,no_resolved_path
ActPlane,3dae89cd06ae,9,10,claude:agent-acad82a9bebc0040e:4,43423,no_resolved_path
ActPlane,3dae89cd06ae,9,10,claude:agent-acad82a9bebc0040e:5,43424,no_resolved_path
ActPlane,3dae89cd06ae,9,10,claude:agent-acad82a9bebc0040e:6,43425,no_resolved_path
ActPlane,3dae89cd06ae,9,10,claude:agent-acad82a9bebc0040e:7,43426,no_resolved_path
ActPlane,3dae89cd06ae,9,10,claude:agent-acad82a9bebc0040e:8,43427,no_resolved_path
ActPlane,3dae89cd06ae,9,10,claude:83c2ff29-c8ea-427d-bd60-4b028316e7e1:30,43428,no_resolved_path
ActPlane,3dae89cd06ae,9,10,claude:agent-a672172947db9d513:0,43429,no_resolved_path
ActPlane,3dae89cd06ae,9,10,claude:agent-acad82a9bebc0040e:9,43430,no_resolved_path
ActPlane,3dae89cd06ae,9,10,claude:agent-acad82a9bebc0040e:10,43431,no_resolved_path
ActPlane,3dae89cd06ae,9,10,claude:agent-acad82a9bebc0040e:11,43432,no_resolved_path
ActPlane,3dae89cd06ae,9,10,claude:agent-acad82a9bebc0040e:12,43433,no_resolved_path
ActPlane,3dae89cd06ae,9,10,claude:agent-a672172947db9d513:1,43434,no_resolved_path
ActPlane,3dae89cd06ae,9,10,claude:agent-a672172947db9d513:2,43435,no_resolved_path
ActPlane,3dae89cd06ae,9,10,claude:agent-a672172947db9d513:3,43436,no_resolved_path
ActPlane,3dae89cd06ae,9,10,claude:agent-a672172947db9d513:4,43437,no_resolved_path
ActPlane,3dae89cd06ae,9,10,claude:agent-a672172947db9d513:5,43438,no_resolved_path
ActPlane,3dae89cd06ae,9,10,claude:agent-a672172947db9d513:6,43439,no_resolved_path
ActPlane,3dae89cd06ae,9,10,claude:agent-a672172947db9d513:7,43440,no_resolved_path
ActPlane,3dae89cd06ae,9,10,claude:agent-a672172947db9d513:8,43441,no_resolved_path
ActPlane,3dae89cd06ae,9,10,claude:agent-a672172947db9d513:9,43442,no_resolved_path
ActPlane,3dae89cd06ae,9,10,claude:agent-a672172947db9d513:10,43443,no_resolved_path
ActPlane,3dae89cd06ae,9,10,claude:agent-a672172947db9d513:11,43444,no_resolved_path
ActPlane,3dae89cd06ae,9,10,claude:agent-a672172947db9d513:12,43445,no_resolved_path
ActPlane,3dae89cd06ae,9,10,claude:agent-a672172947db9d513:13,43446,no_resolved_path
ActPlane,3dae89cd06ae,9,10,claude:agent-acad82a9bebc0040e:13,43447,no_resolved_path
ActPlane,3dae89cd06ae,9,10,claude:agent-acad82a9bebc0040e:14,43448,no_resolved_path
ActPlane,3dae89cd06ae,9,10,claude:agent-acad82a9bebc0040e:15,43449,no_resolved_path
ActPlane,3dae89cd06ae,9,10,claude:agent-acad82a9bebc0040e:16,43450,no_resolved_path
ActPlane,3dae89cd06ae,9,10,claude:83c2ff29-c8ea-427d-bd60-4b028316e7e1:31,43451,no_resolved_path
ActPlane,3dae89cd06ae,9,10,claude:agent-a2f04eabd32cf1e6e:0,43452,no_resolved_path
ActPlane,3dae89cd06ae,9,10,claude:agent-a672172947db9d513:14,43453,no_resolved_path
ActPlane,3dae89cd06ae,9,10,claude:agent-a2f04eabd32cf1e6e:1,43454,no_resolved_path
ActPlane,3dae89cd06ae,9,10,claude:agent-a672172947db9d513:15,43455,no_resolved_path
ActPlane,3dae89cd06ae,9,10,claude:agent-a672172947db9d513:16,43456,no_resolved_path
ActPlane,3dae89cd06ae,9,10,claude:agent-acad82a9bebc0040e:17,43457,no_resolved_path
ActPlane,3dae89cd06ae,9,10,claude:agent-acad82a9bebc0040e:18,43458,no_resolved_path
ActPlane,3dae89cd06ae,9,10,claude:agent-a672172947db9d513:17,43459,no_resolved_path
ActPlane,3dae89cd06ae,9,10,claude:agent-a672172947db9d513:18,43460,no_resolved_path
ActPlane,3dae89cd06ae,9,10,claude:agent-acad82a9bebc0040e:19,43461,no_resolved_path
ActPlane,3dae89cd06ae,9,10,claude:agent-a672172947db9d513:19,43462,no_resolved_path
ActPlane,3dae89cd06ae,9,10,claude:agent-a672172947db9d513:20,43463,no_resolved_path
ActPlane,3dae89cd06ae,9,10,claude:agent-a2f04eabd32cf1e6e:2,43464,no_resolved_path
ActPlane,3dae89cd06ae,9,10,claude:agent-acad82a9bebc0040e:20,43465,no_resolved_path
ActPlane,3dae89cd06ae,9,10,claude:agent-acad82a9bebc0040e:21,43466,no_resolved_path
ActPlane,3dae89cd06ae,9,10,claude:agent-a672172947db9d513:21,43467,no_resolved_path
ActPlane,3dae89cd06ae,9,10,claude:agent-a672172947db9d513:22,43468,no_resolved_path
ActPlane,3dae89cd06ae,9,10,claude:agent-a672172947db9d513:23,43469,no_resolved_path
ActPlane,3dae89cd06ae,9,10,claude:agent-a672172947db9d513:24,43470,no_resolved_path
ActPlane,3dae89cd06ae,9,10,claude:agent-a672172947db9d513:25,43471,no_resolved_path
ActPlane,3dae89cd06ae,9,10,claude:agent-acad82a9bebc0040e:22,43472,no_resolved_path
ActPlane,3dae89cd06ae,9,10,claude:83c2ff29-c8ea-427d-bd60-4b028316e7e1:32,43473,no_resolved_path
ActPlane,3dae89cd06ae,9,10,claude:agent-a672172947db9d513:26,43474,no_resolved_path
ActPlane,3dae89cd06ae,9,10,claude:agent-a2f04eabd32cf1e6e:3,43475,no_resolved_path
ActPlane,3dae89cd06ae,9,10,claude:agent-afcc1dd184d0bf629:0,43476,no_resolved_path
ActPlane,3dae89cd06ae,9,10,claude:agent-afcc1dd184d0bf629:1,43477,no_resolved_path
ActPlane,3dae89cd06ae,9,10,claude:agent-a2f04eabd32cf1e6e:4,43478,no_resolved_path
ActPlane,3dae89cd06ae,9,10,claude:agent-a672172947db9d513:27,43479,no_resolved_path
ActPlane,3dae89cd06ae,9,10,claude:agent-a672172947db9d513:28,43480,no_resolved_path
ActPlane,3dae89cd06ae,9,10,claude:agent-a672172947db9d513:29,43481,no_resolved_path
ActPlane,3dae89cd06ae,9,10,claude:agent-afcc1dd184d0bf629:2,43482,no_resolved_path
ActPlane,3dae89cd06ae,9,10,claude:agent-afcc1dd184d0bf629:3,43483,no_resolved_path
ActPlane,3dae89cd06ae,9,10,claude:agent-afcc1dd184d0bf629:4,43484,no_resolved_path
ActPlane,3dae89cd06ae,9,10,claude:agent-afcc1dd184d0bf629:5,43485,no_resolved_path
ActPlane,3dae89cd06ae,9,10,claude:agent-afcc1dd184d0bf629:6,43486,no_resolved_path
ActPlane,3dae89cd06ae,9,10,claude:agent-a672172947db9d513:30,43487,no_resolved_path
ActPlane,3dae89cd06ae,9,10,claude:agent-afcc1dd184d0bf629:7,43488,no_resolved_path
ActPlane,3dae89cd06ae,9,10,claude:agent-afcc1dd184d0bf629:8,43489,no_resolved_path
ActPlane,3dae89cd06ae,9,10,claude:agent-a672172947db9d513:31,43490,no_resolved_path
ActPlane,3dae89cd06ae,9,10,claude:agent-afcc1dd184d0bf629:9,43491,no_resolved_path
ActPlane,3dae89cd06ae,9,10,claude:agent-a672172947db9d513:32,43492,no_resolved_path
ActPlane,3dae89cd06ae,9,10,claude:agent-afcc1dd184d0bf629:10,43493,no_resolved_path
ActPlane,3dae89cd06ae,9,10,claude:agent-afcc1dd184d0bf629:11,43494,no_resolved_path
ActPlane,3dae89cd06ae,9,10,claude:agent-a2f04eabd32cf1e6e:5,43495,no_resolved_path
ActPlane,3dae89cd06ae,9,10,claude:agent-afcc1dd184d0bf629:12,43496,no_resolved_path
ActPlane,3dae89cd06ae,9,10,claude:agent-afcc1dd184d0bf629:13,43497,no_resolved_path
ActPlane,3dae89cd06ae,9,10,claude:agent-afcc1dd184d0bf629:14,43498,no_resolved_path
ActPlane,3dae89cd06ae,9,10,claude:agent-afcc1dd184d0bf629:15,43499,no_resolved_path
ActPlane,3dae89cd06ae,9,10,claude:agent-afcc1dd184d0bf629:16,43500,no_resolved_path
ActPlane,3dae89cd06ae,9,10,claude:agent-afcc1dd184d0bf629:17,43501,no_resolved_path
ActPlane,3dae89cd06ae,9,10,claude:agent-a672172947db9d513:33,43502,no_resolved_path
ActPlane,3dae89cd06ae,9,10,claude:agent-a2f04eabd32cf1e6e:6,43503,no_resolved_path
ActPlane,3dae89cd06ae,9,10,claude:agent-a672172947db9d513:34,43504,predecessor_module
ActPlane,3dae89cd06ae,9,10,claude:agent-a672172947db9d513:35,43505,predecessor_artifact
ActPlane,3dae89cd06ae,9,10,claude:agent-a672172947db9d513:36,43506,predecessor_artifact
ActPlane,3dae89cd06ae,9,10,claude:agent-afcc1dd184d0bf629:18,43507,no_resolved_path
ActPlane,3dae89cd06ae,9,10,claude:agent-afcc1dd184d0bf629:19,43508,no_resolved_path
ActPlane,3dae89cd06ae,9,10,claude:agent-afcc1dd184d0bf629:20,43509,no_resolved_path
ActPlane,3dae89cd06ae,9,10,claude:agent-a672172947db9d513:37,43510,predecessor_artifact
ActPlane,3dae89cd06ae,9,10,claude:agent-afcc1dd184d0bf629:21,43511,no_resolved_path
ActPlane,3dae89cd06ae,9,10,claude:agent-afcc1dd184d0bf629:22,43512,no_resolved_path
ActPlane,3dae89cd06ae,9,10,claude:agent-a672172947db9d513:38,43513,predecessor_artifact
ActPlane,3dae89cd06ae,9,10,claude:agent-a672172947db9d513:39,43514,predecessor_artifact
ActPlane,3dae89cd06ae,9,10,claude:agent-afcc1dd184d0bf629:23,43515,no_resolved_path
ActPlane,3dae89cd06ae,9,10,claude:agent-a2f04eabd32cf1e6e:7,43516,no_resolved_path
ActPlane,3dae89cd06ae,9,10,claude:agent-afcc1dd184d0bf629:24,43517,no_resolved_path
ActPlane,3dae89cd06ae,9,10,claude:agent-a672172947db9d513:40,43518,no_resolved_path
ActPlane,3dae89cd06ae,9,10,claude:agent-afcc1dd184d0bf629:25,43519,no_resolved_path
ActPlane,3dae89cd06ae,9,10,claude:agent-afcc1dd184d0bf629:26,43520,no_resolved_path
ActPlane,3dae89cd06ae,9,10,claude:agent-afcc1dd184d0bf629:27,43521,no_resolved_path
ActPlane,3dae89cd06ae,9,10,claude:agent-afcc1dd184d0bf629:28,43522,no_resolved_path
ActPlane,3dae89cd06ae,9,10,claude:agent-afcc1dd184d0bf629:29,43523,no_resolved_path
ActPlane,3dae89cd06ae,9,10,claude:agent-a2f04eabd32cf1e6e:8,43524,no_resolved_path
ActPlane,3dae89cd06ae,9,10,claude:agent-afcc1dd184d0bf629:30,43525,no_resolved_path
ActPlane,3dae89cd06ae,9,10,claude:agent-afcc1dd184d0bf629:31,43526,no_resolved_path
ActPlane,3dae89cd06ae,9,10,claude:agent-afcc1dd184d0bf629:32,43527,no_resolved_path
ActPlane,3dae89cd06ae,9,10,claude:agent-afcc1dd184d0bf629:33,43528,no_resolved_path
ActPlane,3dae89cd06ae,9,10,claude:agent-afcc1dd184d0bf629:34,43529,no_resolved_path
ActPlane,3dae89cd06ae,9,10,claude:agent-afcc1dd184d0bf629:35,43530,no_resolved_path
ActPlane,3dae89cd06ae,9,10,claude:agent-a2f04eabd32cf1e6e:9,43531,no_resolved_path
ActPlane,3dae89cd06ae,9,10,claude:agent-afcc1dd184d0bf629:36,43532,no_resolved_path
ActPlane,3dae89cd06ae,9,10,claude:agent-afcc1dd184d0bf629:37,43533,no_resolved_path
ActPlane,3dae89cd06ae,9,10,claude:agent-afcc1dd184d0bf629:38,43534,no_resolved_path
ActPlane,3dae89cd06ae,9,10,claude:agent-afcc1dd184d0bf629:39,43535,no_resolved_path
ActPlane,3dae89cd06ae,9,10,claude:agent-afcc1dd184d0bf629:40,43536,no_resolved_path
ActPlane,3dae89cd06ae,9,10,claude:agent-afcc1dd184d0bf629:41,43537,no_resolved_path
ActPlane,3dae89cd06ae,9,10,claude:agent-afcc1dd184d0bf629:42,43538,no_resolved_path
ActPlane,3dae89cd06ae,9,10,claude:agent-afcc1dd184d0bf629:43,43539,no_resolved_path
ActPlane,3dae89cd06ae,9,10,claude:agent-a2f04eabd32cf1e6e:10,43540,no_resolved_path
ActPlane,3dae89cd06ae,9,10,claude:agent-afcc1dd184d0bf629:44,43541,no_resolved_path
ActPlane,3dae89cd06ae,9,10,claude:agent-afcc1dd184d0bf629:45,43542,no_resolved_path
ActPlane,3dae89cd06ae,9,10,claude:agent-afcc1dd184d0bf629:46,43543,no_resolved_path
ActPlane,3dae89cd06ae,9,10,claude:agent-a2f04eabd32cf1e6e:11,43544,no_resolved_path
ActPlane,3dae89cd06ae,9,10,claude:agent-afcc1dd184d0bf629:47,43545,no_resolved_path
ActPlane,3dae89cd06ae,9,10,claude:agent-a2f04eabd32cf1e6e:12,43546,no_resolved_path
ActPlane,3dae89cd06ae,9,10,claude:agent-afcc1dd184d0bf629:48,43547,no_resolved_path
ActPlane,3dae89cd06ae,9,10,claude:agent-a2f04eabd32cf1e6e:13,43548,no_resolved_path
ActPlane,3dae89cd06ae,9,10,claude:agent-afcc1dd184d0bf629:49,43549,no_resolved_path
ActPlane,3dae89cd06ae,9,10,claude:agent-a2f04eabd32cf1e6e:14,43550,no_resolved_path
ActPlane,3dae89cd06ae,9,10,claude:agent-a2f04eabd32cf1e6e:15,43551,no_resolved_path
ActPlane,3dae89cd06ae,9,10,claude:agent-afcc1dd184d0bf629:50,43552,no_resolved_path
ActPlane,3dae89cd06ae,9,10,claude:agent-afcc1dd184d0bf629:51,43553,no_resolved_path
ActPlane,3dae89cd06ae,9,10,claude:agent-a2f04eabd32cf1e6e:16,43554,no_resolved_path
ActPlane,3dae89cd06ae,9,10,claude:agent-a2f04eabd32cf1e6e:17,43555,no_resolved_path
ActPlane,3dae89cd06ae,9,10,claude:agent-afcc1dd184d0bf629:52,43556,predecessor_module
ActPlane,3dae89cd06ae,9,10,claude:agent-a2f04eabd32cf1e6e:18,43557,no_resolved_path
ActPlane,3dae89cd06ae,9,10,claude:agent-afcc1dd184d0bf629:53,43558,predecessor_artifact
ActPlane,3dae89cd06ae,9,10,claude:agent-afcc1dd184d0bf629:54,43559,predecessor_artifact
ActPlane,3dae89cd06ae,9,10,claude:agent-afcc1dd184d0bf629:55,43560,predecessor_artifact
ActPlane,3dae89cd06ae,9,10,claude:agent-afcc1dd184d0bf629:56,43561,predecessor_artifact
ActPlane,3dae89cd06ae,9,10,claude:agent-afcc1dd184d0bf629:57,43562,predecessor_artifact
ActPlane,3dae89cd06ae,9,10,claude:agent-afcc1dd184d0bf629:58,43563,predecessor_artifact
ActPlane,3dae89cd06ae,9,10,claude:agent-afcc1dd184d0bf629:59,43564,predecessor_artifact
ActPlane,3dae89cd06ae,9,10,claude:agent-afcc1dd184d0bf629:60,43565,predecessor_artifact
ActPlane,3dae89cd06ae,9,10,claude:agent-a2f04eabd32cf1e6e:19,43566,no_resolved_path
ActPlane,3dae89cd06ae,9,10,claude:agent-afcc1dd184d0bf629:61,43567,predecessor_artifact
ActPlane,3dae89cd06ae,9,10,claude:agent-a2f04eabd32cf1e6e:20,43568,no_resolved_path
ActPlane,3dae89cd06ae,9,10,claude:agent-a2f04eabd32cf1e6e:21,43569,no_resolved_path
ActPlane,3dae89cd06ae,9,10,claude:agent-a2f04eabd32cf1e6e:22,43570,no_resolved_path
ActPlane,3dae89cd06ae,9,10,claude:agent-a2f04eabd32cf1e6e:23,43571,no_resolved_path
ActPlane,3dae89cd06ae,9,10,claude:agent-a2f04eabd32cf1e6e:24,43572,no_resolved_path
ActPlane,3dae89cd06ae,9,10,claude:agent-a2f04eabd32cf1e6e:25,43573,no_resolved_path
ActPlane,3dae89cd06ae,9,10,claude:agent-a2f04eabd32cf1e6e:26,43574,no_resolved_path
ActPlane,3dae89cd06ae,9,10,claude:agent-a2f04eabd32cf1e6e:27,43575,no_resolved_path
ActPlane,3dae89cd06ae,9,10,claude:agent-a2f04eabd32cf1e6e:28,43576,no_resolved_path
ActPlane,3dae89cd06ae,9,10,claude:83c2ff29-c8ea-427d-bd60-4b028316e7e1:33,43577,no_resolved_path
ActPlane,3dae89cd06ae,9,10,claude:agent-a2f04eabd32cf1e6e:29,43578,no_resolved_path
ActPlane,3dae89cd06ae,9,10,claude:agent-a2f04eabd32cf1e6e:30,43579,no_resolved_path
ActPlane,3dae89cd06ae,9,10,claude:agent-a2f04eabd32cf1e6e:31,43580,no_resolved_path
ActPlane,3dae89cd06ae,9,10,claude:agent-a2f04eabd32cf1e6e:32,43581,predecessor_module
ActPlane,3dae89cd06ae,9,10,claude:agent-a2f04eabd32cf1e6e:33,43582,predecessor_artifact
ActPlane,3dae89cd06ae,9,10,claude:agent-a2f04eabd32cf1e6e:34,43583,predecessor_artifact
ActPlane,3dae89cd06ae,9,10,claude:agent-a2f04eabd32cf1e6e:35,43584,predecessor_artifact
ActPlane,3dae89cd06ae,9,10,claude:agent-a2f04eabd32cf1e6e:36,43585,predecessor_artifact
ActPlane,3dae89cd06ae,9,10,claude:agent-a2f04eabd32cf1e6e:37,43586,no_resolved_path
ActPlane,3dae89cd06ae,9,10,claude:agent-a2f04eabd32cf1e6e:38,43587,no_resolved_path
ActPlane,3dae89cd06ae,9,10,claude:83c2ff29-c8ea-427d-bd60-4b028316e7e1:34,43588,no_resolved_path
ActPlane,3dae89cd06ae,9,10,claude:83c2ff29-c8ea-427d-bd60-4b028316e7e1:35,43589,no_resolved_path
ActPlane,3dae89cd06ae,9,10,claude:83c2ff29-c8ea-427d-bd60-4b028316e7e1:36,43590,predecessor_artifact
ActPlane,3dae89cd06ae,9,10,claude:83c2ff29-c8ea-427d-bd60-4b028316e7e1:37,43591,predecessor_artifact
ActPlane,3dae89cd06ae,10,11,codex:rollout-2026-06-12T23-22-34-019ebfa5-7d5b-76a2-94b7-fb066ce0b27a:0,44666,no_resolved_path
ActPlane,3dae89cd06ae,10,11,codex:rollout-2026-06-12T23-22-34-019ebfa5-7d5b-76a2-94b7-fb066ce0b27a:1,44667,no_resolved_path
ActPlane,3dae89cd06ae,10,11,codex:rollout-2026-06-12T23-22-34-019ebfa5-7d5b-76a2-94b7-fb066ce0b27a:2,44668,predecessor_artifact
ActPlane,3dae89cd06ae,10,11,codex:rollout-2026-06-12T23-22-34-019ebfa5-7d5b-76a2-94b7-fb066ce0b27a:3,44669,predecessor_artifact
ActPlane,3dae89cd06ae,10,11,codex:rollout-2026-06-12T23-22-34-019ebfa5-7d5b-76a2-94b7-fb066ce0b27a:4,44670,predecessor_artifact
ActPlane,3dae89cd06ae,10,11,codex:rollout-2026-06-12T23-22-34-019ebfa5-7d5b-76a2-94b7-fb066ce0b27a:5,44671,predecessor_artifact
ActPlane,3dae89cd06ae,10,11,codex:rollout-2026-06-12T23-22-34-019ebfa5-7d5b-76a2-94b7-fb066ce0b27a:6,44672,predecessor_artifact
ActPlane,3dae89cd06ae,10,11,codex:rollout-2026-06-12T23-22-34-019ebfa5-7d5b-76a2-94b7-fb066ce0b27a:7,44673,predecessor_artifact
ActPlane,3dae89cd06ae,10,11,codex:rollout-2026-06-12T23-22-34-019ebfa5-7d5b-76a2-94b7-fb066ce0b27a:8,44674,predecessor_artifact
ActPlane,3dae89cd06ae,10,11,codex:rollout-2026-06-12T23-22-34-019ebfa5-7d5b-76a2-94b7-fb066ce0b27a:9,44675,predecessor_artifact
ActPlane,3dae89cd06ae,10,11,codex:rollout-2026-06-12T23-22-34-019ebfa5-7d5b-76a2-94b7-fb066ce0b27a:10,44676,predecessor_artifact
ActPlane,3dae89cd06ae,10,11,codex:rollout-2026-06-12T23-22-34-019ebfa5-7d5b-76a2-94b7-fb066ce0b27a:11,44677,no_resolved_path
ActPlane,3dae89cd06ae,10,11,codex:rollout-2026-06-12T23-22-34-019ebfa5-7d5b-76a2-94b7-fb066ce0b27a:12,44678,predecessor_artifact
ActPlane,3dae89cd06ae,10,11,codex:rollout-2026-06-12T23-22-34-019ebfa5-7d5b-76a2-94b7-fb066ce0b27a:13,44679,predecessor_artifact
ActPlane,3dae89cd06ae,10,11,codex:rollout-2026-06-12T23-22-34-019ebfa5-7d5b-76a2-94b7-fb066ce0b27a:14,44680,no_resolved_path
ActPlane,3dae89cd06ae,10,11,codex:rollout-2026-06-12T23-22-34-019ebfa5-7d5b-76a2-94b7-fb066ce0b27a:15,44681,predecessor_artifact
ActPlane,3dae89cd06ae,10,11,codex:rollout-2026-06-12T23-22-34-019ebfa5-7d5b-76a2-94b7-fb066ce0b27a:16,44682,predecessor_artifact
ActPlane,3dae89cd06ae,10,11,codex:rollout-2026-06-12T23-22-34-019ebfa5-7d5b-76a2-94b7-fb066ce0b27a:17,44683,predecessor_artifact
ActPlane,3dae89cd06ae,10,11,codex:rollout-2026-06-12T23-22-34-019ebfa5-7d5b-76a2-94b7-fb066ce0b27a:18,44684,no_resolved_path
ActPlane,3dae89cd06ae,10,11,codex:rollout-2026-06-12T23-22-34-019ebfa5-7d5b-76a2-94b7-fb066ce0b27a:19,44685,no_resolved_path
ActPlane,3dae89cd06ae,10,11,codex:rollout-2026-06-12T23-22-34-019ebfa5-7d5b-76a2-94b7-fb066ce0b27a:20,44686,no_resolved_path
ActPlane,3dae89cd06ae,10,11,codex:rollout-2026-06-12T23-22-34-019ebfa5-7d5b-76a2-94b7-fb066ce0b27a:21,44687,no_resolved_path
ActPlane,3dae89cd06ae,10,11,codex:rollout-2026-06-12T23-22-34-019ebfa5-7d5b-76a2-94b7-fb066ce0b27a:22,44688,no_resolved_path
ActPlane,3dae89cd06ae,10,11,codex:rollout-2026-06-12T23-22-34-019ebfa5-7d5b-76a2-94b7-fb066ce0b27a:23,44689,predecessor_artifact
ActPlane,3dae89cd06ae,10,11,codex:rollout-2026-06-12T23-22-34-019ebfa5-7d5b-76a2-94b7-fb066ce0b27a:24,44690,no_resolved_path
ActPlane,3dae89cd06ae,10,11,codex:rollout-2026-06-12T23-22-34-019ebfa5-7d5b-76a2-94b7-fb066ce0b27a:25,44691,no_resolved_path
ActPlane,3dae89cd06ae,10,11,codex:rollout-2026-06-12T23-22-34-019ebfa5-7d5b-76a2-94b7-fb066ce0b27a:26,44692,no_resolved_path
ActPlane,3dae89cd06ae,10,11,codex:rollout-2026-06-12T23-22-34-019ebfa5-7d5b-76a2-94b7-fb066ce0b27a:27,44693,no_resolved_path
ActPlane,3dae89cd06ae,10,11,codex:rollout-2026-06-12T23-22-34-019ebfa5-7d5b-76a2-94b7-fb066ce0b27a:28,44694,no_resolved_path
ActPlane,3dae89cd06ae,10,11,codex:rollout-2026-06-12T23-22-34-019ebfa5-7d5b-76a2-94b7-fb066ce0b27a:29,44695,no_resolved_path
ActPlane,3dae89cd06ae,10,11,codex:rollout-2026-06-12T23-22-34-019ebfa5-7d5b-76a2-94b7-fb066ce0b27a:30,44696,predecessor_module
ActPlane,3dae89cd06ae,10,11,codex:rollout-2026-06-12T23-22-34-019ebfa5-7d5b-76a2-94b7-fb066ce0b27a:31,44697,other_resolved_scope
ActPlane,3dae89cd06ae,10,11,codex:rollout-2026-06-12T23-22-34-019ebfa5-7d5b-76a2-94b7-fb066ce0b27a:32,44698,no_resolved_path
ActPlane,3dae89cd06ae,10,11,codex:rollout-2026-06-12T23-22-34-019ebfa5-7d5b-76a2-94b7-fb066ce0b27a:33,44699,no_resolved_path
ActPlane,3dae89cd06ae,10,11,codex:rollout-2026-06-12T23-22-34-019ebfa5-7d5b-76a2-94b7-fb066ce0b27a:34,44700,other_resolved_artifact
ActPlane,3dae89cd06ae,10,11,codex:rollout-2026-06-12T23-22-34-019ebfa5-7d5b-76a2-94b7-fb066ce0b27a:35,44701,other_resolved_artifact
ActPlane,3dae89cd06ae,10,11,codex:rollout-2026-06-12T23-22-34-019ebfa5-7d5b-76a2-94b7-fb066ce0b27a:36,44702,other_resolved_artifact
ActPlane,3dae89cd06ae,10,11,codex:rollout-2026-06-12T23-22-34-019ebfa5-7d5b-76a2-94b7-fb066ce0b27a:37,44703,other_resolved_artifact
ActPlane,3dae89cd06ae,10,11,codex:rollout-2026-06-12T23-22-34-019ebfa5-7d5b-76a2-94b7-fb066ce0b27a:38,44704,other_resolved_artifact
ActPlane,3dae89cd06ae,10,11,codex:rollout-2026-06-12T23-22-34-019ebfa5-7d5b-76a2-94b7-fb066ce0b27a:39,44705,other_resolved_artifact
ActPlane,3dae89cd06ae,10,11,codex:rollout-2026-06-12T23-22-34-019ebfa5-7d5b-76a2-94b7-fb066ce0b27a:40,44706,other_resolved_artifact
ActPlane,3dae89cd06ae,10,11,codex:rollout-2026-06-12T23-22-34-019ebfa5-7d5b-76a2-94b7-fb066ce0b27a:41,44707,other_resolved_artifact
ActPlane,3dae89cd06ae,10,11,codex:rollout-2026-06-12T23-22-34-019ebfa5-7d5b-76a2-94b7-fb066ce0b27a:42,44708,other_resolved_artifact
ActPlane,3dae89cd06ae,10,11,codex:rollout-2026-06-12T23-22-34-019ebfa5-7d5b-76a2-94b7-fb066ce0b27a:43,44709,other_resolved_artifact
ActPlane,3dae89cd06ae,10,11,codex:rollout-2026-06-12T23-22-34-019ebfa5-7d5b-76a2-94b7-fb066ce0b27a:44,44710,other_resolved_artifact
ActPlane,3dae89cd06ae,10,11,codex:rollout-2026-06-12T23-22-34-019ebfa5-7d5b-76a2-94b7-fb066ce0b27a:45,44711,other_resolved_artifact
ActPlane,3dae89cd06ae,10,11,codex:rollout-2026-06-12T23-22-34-019ebfa5-7d5b-76a2-94b7-fb066ce0b27a:46,44712,other_resolved_artifact
ActPlane,3dae89cd06ae,10,11,codex:rollout-2026-06-12T23-22-34-019ebfa5-7d5b-76a2-94b7-fb066ce0b27a:47,44713,other_resolved_artifact
ActPlane,3dae89cd06ae,10,11,codex:rollout-2026-06-12T23-22-34-019ebfa5-7d5b-76a2-94b7-fb066ce0b27a:48,44714,other_resolved_artifact
ActPlane,3dae89cd06ae,10,11,codex:rollout-2026-06-12T23-22-34-019ebfa5-7d5b-76a2-94b7-fb066ce0b27a:49,44715,other_resolved_artifact
ActPlane,3dae89cd06ae,10,11,codex:rollout-2026-06-12T23-22-34-019ebfa5-7d5b-76a2-94b7-fb066ce0b27a:50,44716,other_resolved_artifact
ActPlane,3dae89cd06ae,10,11,codex:rollout-2026-06-12T23-22-34-019ebfa5-7d5b-76a2-94b7-fb066ce0b27a:51,44717,other_resolved_artifact
ActPlane,3dae89cd06ae,10,11,codex:rollout-2026-06-12T23-22-34-019ebfa5-7d5b-76a2-94b7-fb066ce0b27a:52,44718,other_resolved_artifact
ActPlane,3dae89cd06ae,10,11,codex:rollout-2026-06-12T23-22-34-019ebfa5-7d5b-76a2-94b7-fb066ce0b27a:53,44719,other_resolved_artifact
ActPlane,3dae89cd06ae,10,11,codex:rollout-2026-06-12T23-22-34-019ebfa5-7d5b-76a2-94b7-fb066ce0b27a:54,44720,other_resolved_artifact
ActPlane,3dae89cd06ae,10,11,codex:rollout-2026-06-12T23-22-34-019ebfa5-7d5b-76a2-94b7-fb066ce0b27a:55,44721,other_resolved_artifact
ActPlane,3dae89cd06ae,10,11,codex:rollout-2026-06-12T23-22-34-019ebfa5-7d5b-76a2-94b7-fb066ce0b27a:56,44722,other_resolved_artifact
ActPlane,3dae89cd06ae,10,11,codex:rollout-2026-06-12T23-22-34-019ebfa5-7d5b-76a2-94b7-fb066ce0b27a:57,44723,other_resolved_artifact
ActPlane,3dae89cd06ae,10,11,codex:rollout-2026-06-12T23-22-34-019ebfa5-7d5b-76a2-94b7-fb066ce0b27a:58,44724,other_resolved_artifact
ActPlane,3dae89cd06ae,10,11,codex:rollout-2026-06-12T23-22-34-019ebfa5-7d5b-76a2-94b7-fb066ce0b27a:59,44725,other_resolved_artifact
ActPlane,3dae89cd06ae,10,11,codex:rollout-2026-06-12T23-22-34-019ebfa5-7d5b-76a2-94b7-fb066ce0b27a:60,44726,other_resolved_artifact
ActPlane,3dae89cd06ae,10,11,codex:rollout-2026-06-12T23-22-34-019ebfa5-7d5b-76a2-94b7-fb066ce0b27a:61,44727,other_resolved_artifact
ActPlane,3dae89cd06ae,10,11,codex:rollout-2026-06-12T23-22-34-019ebfa5-7d5b-76a2-94b7-fb066ce0b27a:62,44728,other_resolved_artifact
ActPlane,3dae89cd06ae,10,11,codex:rollout-2026-06-12T23-22-34-019ebfa5-7d5b-76a2-94b7-fb066ce0b27a:63,44729,other_resolved_artifact
ActPlane,3dae89cd06ae,10,11,codex:rollout-2026-06-12T23-22-34-019ebfa5-7d5b-76a2-94b7-fb066ce0b27a:64,44730,other_resolved_artifact
ActPlane,3dae89cd06ae,10,11,codex:rollout-2026-06-12T23-22-34-019ebfa5-7d5b-76a2-94b7-fb066ce0b27a:65,44731,no_resolved_path
ActPlane,3dae89cd06ae,10,11,codex:rollout-2026-06-12T23-22-34-019ebfa5-7d5b-76a2-94b7-fb066ce0b27a:66,44732,predecessor_module
ActPlane,3dae89cd06ae,10,11,codex:rollout-2026-06-12T23-22-34-019ebfa5-7d5b-76a2-94b7-fb066ce0b27a:67,44733,predecessor_module
ActPlane,3dae89cd06ae,10,11,codex:rollout-2026-06-12T23-22-34-019ebfa5-7d5b-76a2-94b7-fb066ce0b27a:68,44734,other_resolved_artifact
ActPlane,3dae89cd06ae,10,11,codex:rollout-2026-06-12T23-22-34-019ebfa5-7d5b-76a2-94b7-fb066ce0b27a:69,44735,predecessor_module
ActPlane,3dae89cd06ae,10,11,codex:rollout-2026-06-12T23-22-34-019ebfa5-7d5b-76a2-94b7-fb066ce0b27a:70,44736,other_resolved_artifact
ActPlane,3dae89cd06ae,10,11,codex:rollout-2026-06-12T23-22-34-019ebfa5-7d5b-76a2-94b7-fb066ce0b27a:71,44737,other_resolved_artifact
ActPlane,3dae89cd06ae,10,11,codex:rollout-2026-06-12T23-22-34-019ebfa5-7d5b-76a2-94b7-fb066ce0b27a:72,44738,other_resolved_artifact
ActPlane,3dae89cd06ae,10,11,codex:rollout-2026-06-12T23-22-34-019ebfa5-7d5b-76a2-94b7-fb066ce0b27a:73,44739,no_resolved_path
ActPlane,3dae89cd06ae,10,11,codex:rollout-2026-06-12T23-22-34-019ebfa5-7d5b-76a2-94b7-fb066ce0b27a:74,44740,no_resolved_path
ActPlane,3dae89cd06ae,10,11,codex:rollout-2026-06-12T23-22-34-019ebfa5-7d5b-76a2-94b7-fb066ce0b27a:75,44741,no_resolved_path
ActPlane,3dae89cd06ae,10,11,codex:rollout-2026-06-12T23-22-34-019ebfa5-7d5b-76a2-94b7-fb066ce0b27a:76,44742,no_resolved_path
ActPlane,3dae89cd06ae,10,11,codex:rollout-2026-06-12T23-22-34-019ebfa5-7d5b-76a2-94b7-fb066ce0b27a:77,44743,no_resolved_path
ActPlane,3dae89cd06ae,10,11,codex:rollout-2026-06-12T23-22-34-019ebfa5-7d5b-76a2-94b7-fb066ce0b27a:78,44744,no_resolved_path
ActPlane,3dae89cd06ae,10,11,codex:rollout-2026-06-12T23-22-34-019ebfa5-7d5b-76a2-94b7-fb066ce0b27a:79,44745,predecessor_module
ActPlane,3dae89cd06ae,10,11,codex:rollout-2026-06-12T23-22-34-019ebfa5-7d5b-76a2-94b7-fb066ce0b27a:80,44746,no_resolved_path
ActPlane,3dae89cd06ae,10,11,codex:rollout-2026-06-12T23-22-34-019ebfa5-7d5b-76a2-94b7-fb066ce0b27a:81,44747,predecessor_module
ActPlane,3dae89cd06ae,10,11,codex:rollout-2026-06-12T23-22-34-019ebfa5-7d5b-76a2-94b7-fb066ce0b27a:82,44748,predecessor_module
ActPlane,3dae89cd06ae,10,11,codex:rollout-2026-06-12T23-22-34-019ebfa5-7d5b-76a2-94b7-fb066ce0b27a:83,44749,predecessor_module
ActPlane,3dae89cd06ae,10,11,codex:rollout-2026-06-12T23-22-34-019ebfa5-7d5b-76a2-94b7-fb066ce0b27a:84,44750,predecessor_module
ActPlane,3dae89cd06ae,10,11,codex:rollout-2026-06-12T23-22-34-019ebfa5-7d5b-76a2-94b7-fb066ce0b27a:85,44751,predecessor_module
ActPlane,3dae89cd06ae,10,11,codex:rollout-2026-06-12T23-22-34-019ebfa5-7d5b-76a2-94b7-fb066ce0b27a:86,44752,predecessor_module
ActPlane,3dae89cd06ae,10,11,codex:rollout-2026-06-12T23-22-34-019ebfa5-7d5b-76a2-94b7-fb066ce0b27a:87,44753,predecessor_module
ActPlane,3dae89cd06ae,10,11,codex:rollout-2026-06-12T23-22-34-019ebfa5-7d5b-76a2-94b7-fb066ce0b27a:88,44754,no_resolved_path
ActPlane,3dae89cd06ae,10,11,codex:rollout-2026-06-12T23-22-34-019ebfa5-7d5b-76a2-94b7-fb066ce0b27a:89,44755,no_resolved_path
ActPlane,3dae89cd06ae,10,11,codex:rollout-2026-06-12T23-22-34-019ebfa5-7d5b-76a2-94b7-fb066ce0b27a:90,44756,other_resolved_artifact
ActPlane,3dae89cd06ae,10,11,codex:rollout-2026-06-12T23-22-34-019ebfa5-7d5b-76a2-94b7-fb066ce0b27a:91,44757,no_resolved_path
ActPlane,3dae89cd06ae,10,11,codex:rollout-2026-06-12T23-22-34-019ebfa5-7d5b-76a2-94b7-fb066ce0b27a:92,44758,no_resolved_path
ActPlane,3dae89cd06ae,10,11,codex:rollout-2026-06-12T23-22-34-019ebfa5-7d5b-76a2-94b7-fb066ce0b27a:93,44759,no_resolved_path
ActPlane,3dae89cd06ae,10,11,codex:rollout-2026-06-12T23-22-34-019ebfa5-7d5b-76a2-94b7-fb066ce0b27a:94,44760,predecessor_module
ActPlane,3dae89cd06ae,10,11,codex:rollout-2026-06-12T23-22-34-019ebfa5-7d5b-76a2-94b7-fb066ce0b27a:95,44761,predecessor_module
ActPlane,3dae89cd06ae,10,11,codex:rollout-2026-06-12T23-22-34-019ebfa5-7d5b-76a2-94b7-fb066ce0b27a:96,44762,predecessor_module
ActPlane,3dae89cd06ae,10,11,codex:rollout-2026-06-12T23-22-34-019ebfa5-7d5b-76a2-94b7-fb066ce0b27a:97,44763,no_resolved_path
ActPlane,3dae89cd06ae,10,11,codex:rollout-2026-06-12T23-22-34-019ebfa5-7d5b-76a2-94b7-fb066ce0b27a:98,44764,predecessor_module
ActPlane,3dae89cd06ae,10,11,codex:rollout-2026-06-12T23-22-34-019ebfa5-7d5b-76a2-94b7-fb066ce0b27a:99,44765,no_resolved_path
ActPlane,3dae89cd06ae,10,11,codex:rollout-2026-06-12T23-22-34-019ebfa5-7d5b-76a2-94b7-fb066ce0b27a:100,44766,predecessor_module
ActPlane,3dae89cd06ae,10,11,codex:rollout-2026-06-12T23-22-34-019ebfa5-7d5b-76a2-94b7-fb066ce0b27a:101,44767,predecessor_module
ActPlane,3dae89cd06ae,10,11,codex:rollout-2026-06-12T23-22-34-019ebfa5-7d5b-76a2-94b7-fb066ce0b27a:102,44768,no_resolved_path
ActPlane,3dae89cd06ae,10,11,codex:rollout-2026-06-12T23-22-34-019ebfa5-7d5b-76a2-94b7-fb066ce0b27a:103,44769,no_resolved_path
ActPlane,3dae89cd06ae,10,11,codex:rollout-2026-06-12T23-22-34-019ebfa5-7d5b-76a2-94b7-fb066ce0b27a:104,44770,no_resolved_path
ActPlane,3dae89cd06ae,10,11,codex:rollout-2026-06-12T23-22-34-019ebfa5-7d5b-76a2-94b7-fb066ce0b27a:105,44771,no_resolved_path
ActPlane,3dae89cd06ae,10,11,codex:rollout-2026-06-12T23-22-34-019ebfa5-7d5b-76a2-94b7-fb066ce0b27a:106,44772,no_resolved_path
ActPlane,3dae89cd06ae,10,11,codex:rollout-2026-06-12T23-22-34-019ebfa5-7d5b-76a2-94b7-fb066ce0b27a:107,44773,no_resolved_path
ActPlane,3dae89cd06ae,10,11,codex:rollout-2026-06-12T23-22-34-019ebfa5-7d5b-76a2-94b7-fb066ce0b27a:108,44774,no_resolved_path
ActPlane,3dae89cd06ae,10,11,codex:rollout-2026-06-12T23-22-34-019ebfa5-7d5b-76a2-94b7-fb066ce0b27a:109,44775,other_resolved_artifact
ActPlane,3dae89cd06ae,10,11,codex:rollout-2026-06-12T23-22-34-019ebfa5-7d5b-76a2-94b7-fb066ce0b27a:110,44776,other_resolved_artifact
ActPlane,3dae89cd06ae,10,11,codex:rollout-2026-06-12T23-22-34-019ebfa5-7d5b-76a2-94b7-fb066ce0b27a:111,44777,no_resolved_path
ActPlane,3dae89cd06ae,10,11,codex:rollout-2026-06-12T23-22-34-019ebfa5-7d5b-76a2-94b7-fb066ce0b27a:112,44778,other_resolved_artifact
ActPlane,3dae89cd06ae,10,11,codex:rollout-2026-06-12T23-22-34-019ebfa5-7d5b-76a2-94b7-fb066ce0b27a:113,44779,other_resolved_artifact
ActPlane,3dae89cd06ae,10,11,codex:rollout-2026-06-12T23-22-34-019ebfa5-7d5b-76a2-94b7-fb066ce0b27a:114,44780,other_resolved_artifact
ActPlane,3dae89cd06ae,10,11,codex:rollout-2026-06-12T23-22-34-019ebfa5-7d5b-76a2-94b7-fb066ce0b27a:115,44781,other_resolved_artifact
ActPlane,3dae89cd06ae,10,11,codex:rollout-2026-06-12T23-22-34-019ebfa5-7d5b-76a2-94b7-fb066ce0b27a:116,44782,other_resolved_artifact
ActPlane,3dae89cd06ae,10,11,codex:rollout-2026-06-12T23-22-34-019ebfa5-7d5b-76a2-94b7-fb066ce0b27a:117,44783,other_resolved_artifact
ActPlane,3dae89cd06ae,10,11,codex:rollout-2026-06-12T23-22-34-019ebfa5-7d5b-76a2-94b7-fb066ce0b27a:118,44784,other_resolved_artifact
ActPlane,3dae89cd06ae,10,11,codex:rollout-2026-06-12T23-22-34-019ebfa5-7d5b-76a2-94b7-fb066ce0b27a:119,44785,other_resolved_artifact
ActPlane,3dae89cd06ae,10,11,codex:rollout-2026-06-12T23-22-34-019ebfa5-7d5b-76a2-94b7-fb066ce0b27a:120,44786,other_resolved_artifact
ActPlane,3dae89cd06ae,10,11,codex:rollout-2026-06-12T23-22-34-019ebfa5-7d5b-76a2-94b7-fb066ce0b27a:121,44787,other_resolved_artifact
ActPlane,3dae89cd06ae,10,11,codex:rollout-2026-06-12T23-22-34-019ebfa5-7d5b-76a2-94b7-fb066ce0b27a:122,44788,other_resolved_artifact
ActPlane,3dae89cd06ae,10,11,codex:rollout-2026-06-12T23-22-34-019ebfa5-7d5b-76a2-94b7-fb066ce0b27a:123,44789,other_resolved_artifact
ActPlane,3dae89cd06ae,10,11,codex:rollout-2026-06-12T23-22-34-019ebfa5-7d5b-76a2-94b7-fb066ce0b27a:124,44790,no_resolved_path
ActPlane,3dae89cd06ae,10,11,codex:rollout-2026-06-12T23-22-34-019ebfa5-7d5b-76a2-94b7-fb066ce0b27a:125,44791,other_resolved_artifact
ActPlane,3dae89cd06ae,10,11,codex:rollout-2026-06-12T23-22-34-019ebfa5-7d5b-76a2-94b7-fb066ce0b27a:126,44792,other_resolved_artifact
ActPlane,3dae89cd06ae,10,11,codex:rollout-2026-06-12T23-22-34-019ebfa5-7d5b-76a2-94b7-fb066ce0b27a:127,44793,other_resolved_artifact
ActPlane,3dae89cd06ae,10,11,codex:rollout-2026-06-12T23-22-34-019ebfa5-7d5b-76a2-94b7-fb066ce0b27a:128,44794,other_resolved_artifact
ActPlane,3dae89cd06ae,10,11,codex:rollout-2026-06-12T23-22-34-019ebfa5-7d5b-76a2-94b7-fb066ce0b27a:129,44795,other_resolved_artifact
ActPlane,3dae89cd06ae,10,11,codex:rollout-2026-06-12T23-22-34-019ebfa5-7d5b-76a2-94b7-fb066ce0b27a:130,44796,other_resolved_artifact
ActPlane,3dae89cd06ae,10,11,codex:rollout-2026-06-12T23-22-34-019ebfa5-7d5b-76a2-94b7-fb066ce0b27a:131,44797,other_resolved_artifact
ActPlane,3dae89cd06ae,10,11,codex:rollout-2026-06-12T23-22-34-019ebfa5-7d5b-76a2-94b7-fb066ce0b27a:132,44798,other_resolved_artifact
ActPlane,3dae89cd06ae,10,11,codex:rollout-2026-06-12T23-22-34-019ebfa5-7d5b-76a2-94b7-fb066ce0b27a:133,44799,other_resolved_artifact
ActPlane,3dae89cd06ae,10,11,codex:rollout-2026-06-12T23-22-34-019ebfa5-7d5b-76a2-94b7-fb066ce0b27a:134,44800,other_resolved_artifact
ActPlane,3dae89cd06ae,10,11,codex:rollout-2026-06-12T23-22-34-019ebfa5-7d5b-76a2-94b7-fb066ce0b27a:135,44801,no_resolved_path
ActPlane,3dae89cd06ae,10,11,codex:rollout-2026-06-12T23-22-34-019ebfa5-7d5b-76a2-94b7-fb066ce0b27a:136,44802,other_resolved_artifact
ActPlane,3dae89cd06ae,10,11,codex:rollout-2026-06-12T23-22-34-019ebfa5-7d5b-76a2-94b7-fb066ce0b27a:137,44803,other_resolved_artifact
ActPlane,3dae89cd06ae,10,11,codex:rollout-2026-06-12T23-22-34-019ebfa5-7d5b-76a2-94b7-fb066ce0b27a:138,44804,other_resolved_artifact
ActPlane,3dae89cd06ae,10,11,codex:rollout-2026-06-12T23-22-34-019ebfa5-7d5b-76a2-94b7-fb066ce0b27a:139,44805,predecessor_module
ActPlane,3dae89cd06ae,10,11,codex:rollout-2026-06-12T23-22-34-019ebfa5-7d5b-76a2-94b7-fb066ce0b27a:140,44806,other_resolved_artifact
ActPlane,3dae89cd06ae,10,11,codex:rollout-2026-06-12T23-22-34-019ebfa5-7d5b-76a2-94b7-fb066ce0b27a:141,44807,other_resolved_artifact
ActPlane,3dae89cd06ae,10,11,codex:rollout-2026-06-12T23-22-34-019ebfa5-7d5b-76a2-94b7-fb066ce0b27a:142,44808,other_resolved_artifact
ActPlane,3dae89cd06ae,10,11,codex:rollout-2026-06-12T23-22-34-019ebfa5-7d5b-76a2-94b7-fb066ce0b27a:143,44809,no_resolved_path
ActPlane,3dae89cd06ae,10,11,codex:rollout-2026-06-12T23-22-34-019ebfa5-7d5b-76a2-94b7-fb066ce0b27a:144,44810,no_resolved_path
ActPlane,3dae89cd06ae,10,11,codex:rollout-2026-06-12T23-22-34-019ebfa5-7d5b-76a2-94b7-fb066ce0b27a:145,44811,no_resolved_path
ActPlane,3dae89cd06ae,10,11,codex:rollout-2026-06-12T23-22-34-019ebfa5-7d5b-76a2-94b7-fb066ce0b27a:146,44812,no_resolved_path
ActPlane,3dae89cd06ae,10,11,codex:rollout-2026-06-12T23-22-34-019ebfa5-7d5b-76a2-94b7-fb066ce0b27a:147,44813,no_resolved_path
ActPlane,3dae89cd06ae,10,11,codex:rollout-2026-06-12T23-22-34-019ebfa5-7d5b-76a2-94b7-fb066ce0b27a:148,44814,no_resolved_path
ActPlane,3dae89cd06ae,10,11,codex:rollout-2026-06-12T23-22-34-019ebfa5-7d5b-76a2-94b7-fb066ce0b27a:149,44815,no_resolved_path
ActPlane,3dae89cd06ae,10,11,codex:rollout-2026-06-12T23-22-34-019ebfa5-7d5b-76a2-94b7-fb066ce0b27a:150,44816,no_resolved_path
ActPlane,3dae89cd06ae,10,11,codex:rollout-2026-06-12T23-22-34-019ebfa5-7d5b-76a2-94b7-fb066ce0b27a:151,44817,no_resolved_path
ActPlane,3dae89cd06ae,10,11,codex:rollout-2026-06-12T23-22-34-019ebfa5-7d5b-76a2-94b7-fb066ce0b27a:152,44818,no_resolved_path
ActPlane,3dae89cd06ae,10,11,codex:rollout-2026-06-12T23-22-34-019ebfa5-7d5b-76a2-94b7-fb066ce0b27a:153,44819,no_resolved_path
ActPlane,3dae89cd06ae,10,11,codex:rollout-2026-06-12T23-22-34-019ebfa5-7d5b-76a2-94b7-fb066ce0b27a:154,44820,no_resolved_path
ActPlane,3dae89cd06ae,10,11,codex:rollout-2026-06-12T23-22-34-019ebfa5-7d5b-76a2-94b7-fb066ce0b27a:155,44821,no_resolved_path
ActPlane,3dae89cd06ae,10,11,codex:rollout-2026-06-12T23-22-34-019ebfa5-7d5b-76a2-94b7-fb066ce0b27a:156,44822,no_resolved_path
ActPlane,3dae89cd06ae,10,11,codex:rollout-2026-06-12T23-22-34-019ebfa5-7d5b-76a2-94b7-fb066ce0b27a:157,44823,no_resolved_path
ActPlane,3dae89cd06ae,10,11,codex:rollout-2026-06-12T23-22-34-019ebfa5-7d5b-76a2-94b7-fb066ce0b27a:158,44824,no_resolved_path
ActPlane,3dae89cd06ae,10,11,codex:rollout-2026-06-12T23-22-34-019ebfa5-7d5b-76a2-94b7-fb066ce0b27a:159,44825,no_resolved_path
ActPlane,3dae89cd06ae,10,11,codex:rollout-2026-06-12T23-22-34-019ebfa5-7d5b-76a2-94b7-fb066ce0b27a:160,44826,no_resolved_path
ActPlane,3dae89cd06ae,10,11,codex:rollout-2026-06-12T23-22-34-019ebfa5-7d5b-76a2-94b7-fb066ce0b27a:161,44827,no_resolved_path
ActPlane,3dae89cd06ae,10,11,codex:rollout-2026-06-12T23-22-34-019ebfa5-7d5b-76a2-94b7-fb066ce0b27a:162,44828,no_resolved_path
ActPlane,3dae89cd06ae,10,11,codex:rollout-2026-06-12T23-22-34-019ebfa5-7d5b-76a2-94b7-fb066ce0b27a:163,44829,other_resolved_artifact
ActPlane,3dae89cd06ae,10,11,codex:rollout-2026-06-12T23-22-34-019ebfa5-7d5b-76a2-94b7-fb066ce0b27a:164,44830,other_resolved_artifact
ActPlane,3dae89cd06ae,10,11,codex:rollout-2026-06-12T23-22-34-019ebfa5-7d5b-76a2-94b7-fb066ce0b27a:165,44831,no_resolved_path
ActPlane,3dae89cd06ae,10,11,codex:rollout-2026-06-12T23-22-34-019ebfa5-7d5b-76a2-94b7-fb066ce0b27a:166,44832,other_resolved_artifact
ActPlane,3dae89cd06ae,10,11,codex:rollout-2026-06-12T23-22-34-019ebfa5-7d5b-76a2-94b7-fb066ce0b27a:167,44833,no_resolved_path
ActPlane,3dae89cd06ae,10,11,codex:rollout-2026-06-12T23-22-34-019ebfa5-7d5b-76a2-94b7-fb066ce0b27a:168,44834,no_resolved_path
ActPlane,3dae89cd06ae,10,11,codex:rollout-2026-06-12T23-22-34-019ebfa5-7d5b-76a2-94b7-fb066ce0b27a:169,44835,no_resolved_path
ActPlane,3dae89cd06ae,10,11,codex:rollout-2026-06-12T23-22-34-019ebfa5-7d5b-76a2-94b7-fb066ce0b27a:170,44836,no_resolved_path
ActPlane,3dae89cd06ae,10,11,codex:rollout-2026-06-12T23-22-34-019ebfa5-7d5b-76a2-94b7-fb066ce0b27a:171,44837,predecessor_module
ActPlane,3dae89cd06ae,10,11,codex:rollout-2026-06-12T23-22-34-019ebfa5-7d5b-76a2-94b7-fb066ce0b27a:172,44838,predecessor_module
ActPlane,3dae89cd06ae,10,11,codex:rollout-2026-06-12T23-22-34-019ebfa5-7d5b-76a2-94b7-fb066ce0b27a:173,44839,predecessor_module
ActPlane,3dae89cd06ae,10,11,codex:rollout-2026-06-12T23-22-34-019ebfa5-7d5b-76a2-94b7-fb066ce0b27a:174,44840,predecessor_module
ActPlane,3dae89cd06ae,10,11,codex:rollout-2026-06-12T23-22-34-019ebfa5-7d5b-76a2-94b7-fb066ce0b27a:175,44841,no_resolved_path
ActPlane,3dae89cd06ae,10,11,codex:rollout-2026-06-12T23-22-34-019ebfa5-7d5b-76a2-94b7-fb066ce0b27a:176,44842,no_resolved_path
ActPlane,3dae89cd06ae,10,11,codex:rollout-2026-06-12T23-22-34-019ebfa5-7d5b-76a2-94b7-fb066ce0b27a:177,44843,no_resolved_path
ActPlane,3dae89cd06ae,10,11,codex:rollout-2026-06-12T23-22-34-019ebfa5-7d5b-76a2-94b7-fb066ce0b27a:178,44844,no_resolved_path
ActPlane,3dae89cd06ae,10,11,codex:rollout-2026-06-12T23-22-34-019ebfa5-7d5b-76a2-94b7-fb066ce0b27a:179,44845,no_resolved_path
ActPlane,3dae89cd06ae,10,11,codex:rollout-2026-06-12T23-22-34-019ebfa5-7d5b-76a2-94b7-fb066ce0b27a:180,44846,no_resolved_path
ActPlane,3dae89cd06ae,10,11,codex:rollout-2026-06-12T23-22-34-019ebfa5-7d5b-76a2-94b7-fb066ce0b27a:181,44847,no_resolved_path
ActPlane,3dae89cd06ae,10,11,codex:rollout-2026-06-12T23-22-34-019ebfa5-7d5b-76a2-94b7-fb066ce0b27a:182,44848,predecessor_module
ActPlane,3dae89cd06ae,10,11,codex:rollout-2026-06-12T23-22-34-019ebfa5-7d5b-76a2-94b7-fb066ce0b27a:183,44849,other_resolved_artifact
ActPlane,3dae89cd06ae,10,11,codex:rollout-2026-06-12T23-22-34-019ebfa5-7d5b-76a2-94b7-fb066ce0b27a:184,44850,other_resolved_artifact
ActPlane,3dae89cd06ae,10,11,codex:rollout-2026-06-12T23-22-34-019ebfa5-7d5b-76a2-94b7-fb066ce0b27a:185,44851,predecessor_module
ActPlane,3dae89cd06ae,10,11,codex:rollout-2026-06-12T23-22-34-019ebfa5-7d5b-76a2-94b7-fb066ce0b27a:186,44852,predecessor_module
ActPlane,3dae89cd06ae,10,11,codex:rollout-2026-06-12T23-22-34-019ebfa5-7d5b-76a2-94b7-fb066ce0b27a:187,44853,predecessor_module
ActPlane,3dae89cd06ae,10,11,codex:rollout-2026-06-12T23-22-34-019ebfa5-7d5b-76a2-94b7-fb066ce0b27a:188,44854,predecessor_module
ActPlane,3dae89cd06ae,10,11,codex:rollout-2026-06-12T23-22-34-019ebfa5-7d5b-76a2-94b7-fb066ce0b27a:189,44855,predecessor_module
ActPlane,3dae89cd06ae,10,11,codex:rollout-2026-06-12T23-22-34-019ebfa5-7d5b-76a2-94b7-fb066ce0b27a:190,44856,no_resolved_path
ActPlane,3dae89cd06ae,10,11,codex:rollout-2026-06-12T23-22-34-019ebfa5-7d5b-76a2-94b7-fb066ce0b27a:191,44857,no_resolved_path
ActPlane,3dae89cd06ae,10,11,codex:rollout-2026-06-12T23-22-34-019ebfa5-7d5b-76a2-94b7-fb066ce0b27a:192,44858,no_resolved_path
ActPlane,3dae89cd06ae,10,11,codex:rollout-2026-06-12T23-22-34-019ebfa5-7d5b-76a2-94b7-fb066ce0b27a:193,44859,no_resolved_path
ActPlane,3dae89cd06ae,10,11,codex:rollout-2026-06-12T23-22-34-019ebfa5-7d5b-76a2-94b7-fb066ce0b27a:194,44860,no_resolved_path
ActPlane,3dae89cd06ae,10,11,codex:rollout-2026-06-12T23-22-34-019ebfa5-7d5b-76a2-94b7-fb066ce0b27a:195,44861,no_resolved_path
ActPlane,3dae89cd06ae,10,11,codex:rollout-2026-06-12T23-22-34-019ebfa5-7d5b-76a2-94b7-fb066ce0b27a:196,44862,no_resolved_path
ActPlane,3dae89cd06ae,10,11,codex:rollout-2026-06-12T23-22-34-019ebfa5-7d5b-76a2-94b7-fb066ce0b27a:197,44863,no_resolved_path
ActPlane,3dae89cd06ae,10,11,codex:rollout-2026-06-12T23-22-34-019ebfa5-7d5b-76a2-94b7-fb066ce0b27a:198,44864,no_resolved_path
ActPlane,3dae89cd06ae,10,11,codex:rollout-2026-06-12T23-22-34-019ebfa5-7d5b-76a2-94b7-fb066ce0b27a:199,44865,no_resolved_path
ActPlane,3dae89cd06ae,10,11,codex:rollout-2026-06-12T23-22-34-019ebfa5-7d5b-76a2-94b7-fb066ce0b27a:200,44866,no_resolved_path
ActPlane,3dae89cd06ae,10,11,codex:rollout-2026-06-12T23-22-34-019ebfa5-7d5b-76a2-94b7-fb066ce0b27a:201,44867,no_resolved_path
ActPlane,3dae89cd06ae,10,11,codex:rollout-2026-06-12T23-22-34-019ebfa5-7d5b-76a2-94b7-fb066ce0b27a:202,44868,no_resolved_path
ActPlane,3dae89cd06ae,10,11,codex:rollout-2026-06-12T23-22-34-019ebfa5-7d5b-76a2-94b7-fb066ce0b27a:203,44869,other_resolved_artifact
ActPlane,3dae89cd06ae,10,11,codex:rollout-2026-06-12T23-22-34-019ebfa5-7d5b-76a2-94b7-fb066ce0b27a:204,44870,other_resolved_artifact
ActPlane,3dae89cd06ae,10,11,codex:rollout-2026-06-12T23-22-34-019ebfa5-7d5b-76a2-94b7-fb066ce0b27a:205,44871,other_resolved_artifact
ActPlane,3dae89cd06ae,10,11,codex:rollout-2026-06-12T23-22-34-019ebfa5-7d5b-76a2-94b7-fb066ce0b27a:206,44872,other_resolved_artifact
ActPlane,3dae89cd06ae,10,11,codex:rollout-2026-06-12T23-22-34-019ebfa5-7d5b-76a2-94b7-fb066ce0b27a:207,44873,no_resolved_path
ActPlane,3dae89cd06ae,10,11,codex:rollout-2026-06-12T23-22-34-019ebfa5-7d5b-76a2-94b7-fb066ce0b27a:208,44874,no_resolved_path
ActPlane,3dae89cd06ae,10,11,codex:rollout-2026-06-12T23-22-34-019ebfa5-7d5b-76a2-94b7-fb066ce0b27a:209,44875,no_resolved_path
ActPlane,3dae89cd06ae,10,11,codex:rollout-2026-06-12T23-22-34-019ebfa5-7d5b-76a2-94b7-fb066ce0b27a:210,44876,other_resolved_artifact
ActPlane,3dae89cd06ae,10,11,codex:rollout-2026-06-12T23-22-34-019ebfa5-7d5b-76a2-94b7-fb066ce0b27a:211,44877,other_resolved_artifact
ActPlane,3dae89cd06ae,10,11,codex:rollout-2026-06-12T23-22-34-019ebfa5-7d5b-76a2-94b7-fb066ce0b27a:212,44878,other_resolved_artifact
ActPlane,3dae89cd06ae,10,11,codex:rollout-2026-06-12T23-22-34-019ebfa5-7d5b-76a2-94b7-fb066ce0b27a:213,44879,other_resolved_artifact
ActPlane,3dae89cd06ae,10,11,codex:rollout-2026-06-12T23-22-34-019ebfa5-7d5b-76a2-94b7-fb066ce0b27a:214,44880,other_resolved_artifact
ActPlane,3dae89cd06ae,10,11,codex:rollout-2026-06-12T23-22-34-019ebfa5-7d5b-76a2-94b7-fb066ce0b27a:215,44881,other_resolved_artifact
ActPlane,3dae89cd06ae,10,11,codex:rollout-2026-06-12T23-22-34-019ebfa5-7d5b-76a2-94b7-fb066ce0b27a:216,44882,other_resolved_artifact
ActPlane,3dae89cd06ae,10,11,codex:rollout-2026-06-12T23-22-34-019ebfa5-7d5b-76a2-94b7-fb066ce0b27a:217,44883,other_resolved_artifact
ActPlane,3dae89cd06ae,10,11,codex:rollout-2026-06-12T23-22-34-019ebfa5-7d5b-76a2-94b7-fb066ce0b27a:218,44884,other_resolved_artifact
ActPlane,3dae89cd06ae,10,11,codex:rollout-2026-06-12T23-22-34-019ebfa5-7d5b-76a2-94b7-fb066ce0b27a:219,44885,other_resolved_artifact
ActPlane,3dae89cd06ae,10,11,codex:rollout-2026-06-12T23-22-34-019ebfa5-7d5b-76a2-94b7-fb066ce0b27a:220,44886,other_resolved_artifact
ActPlane,3dae89cd06ae,10,11,codex:rollout-2026-06-12T23-22-34-019ebfa5-7d5b-76a2-94b7-fb066ce0b27a:221,44887,other_resolved_artifact
ActPlane,3dae89cd06ae,10,11,codex:rollout-2026-06-12T23-22-34-019ebfa5-7d5b-76a2-94b7-fb066ce0b27a:222,44888,other_resolved_artifact
ActPlane,3dae89cd06ae,10,11,codex:rollout-2026-06-12T23-22-34-019ebfa5-7d5b-76a2-94b7-fb066ce0b27a:223,44889,other_resolved_artifact
ActPlane,3dae89cd06ae,10,11,codex:rollout-2026-06-12T23-22-34-019ebfa5-7d5b-76a2-94b7-fb066ce0b27a:224,44890,other_resolved_artifact
ActPlane,3dae89cd06ae,10,11,codex:rollout-2026-06-12T23-22-34-019ebfa5-7d5b-76a2-94b7-fb066ce0b27a:225,44891,other_resolved_artifact
ActPlane,3dae89cd06ae,10,11,codex:rollout-2026-06-12T23-22-34-019ebfa5-7d5b-76a2-94b7-fb066ce0b27a:226,44892,other_resolved_artifact
ActPlane,3dae89cd06ae,10,11,codex:rollout-2026-06-12T23-22-34-019ebfa5-7d5b-76a2-94b7-fb066ce0b27a:227,44893,other_resolved_artifact
ActPlane,3dae89cd06ae,10,11,codex:rollout-2026-06-12T23-22-34-019ebfa5-7d5b-76a2-94b7-fb066ce0b27a:228,44894,other_resolved_artifact
ActPlane,3dae89cd06ae,10,11,codex:rollout-2026-06-12T23-22-34-019ebfa5-7d5b-76a2-94b7-fb066ce0b27a:229,44895,other_resolved_artifact
ActPlane,3dae89cd06ae,10,11,codex:rollout-2026-06-12T23-22-34-019ebfa5-7d5b-76a2-94b7-fb066ce0b27a:230,44896,other_resolved_artifact
ActPlane,3dae89cd06ae,10,11,codex:rollout-2026-06-12T23-22-34-019ebfa5-7d5b-76a2-94b7-fb066ce0b27a:231,44897,other_resolved_artifact
ActPlane,3dae89cd06ae,10,11,codex:rollout-2026-06-12T23-22-34-019ebfa5-7d5b-76a2-94b7-fb066ce0b27a:232,44898,other_resolved_artifact
ActPlane,3dae89cd06ae,10,11,codex:rollout-2026-06-12T23-22-34-019ebfa5-7d5b-76a2-94b7-fb066ce0b27a:233,44899,other_resolved_artifact
ActPlane,3dae89cd06ae,10,11,codex:rollout-2026-06-12T23-22-34-019ebfa5-7d5b-76a2-94b7-fb066ce0b27a:234,44900,no_resolved_path
ActPlane,3dae89cd06ae,10,11,codex:rollout-2026-06-12T23-22-34-019ebfa5-7d5b-76a2-94b7-fb066ce0b27a:235,44901,no_resolved_path
ActPlane,3dae89cd06ae,10,11,codex:rollout-2026-06-12T23-22-34-019ebfa5-7d5b-76a2-94b7-fb066ce0b27a:236,44902,no_resolved_path
ActPlane,3dae89cd06ae,10,11,codex:rollout-2026-06-12T23-22-34-019ebfa5-7d5b-76a2-94b7-fb066ce0b27a:237,44903,no_resolved_path
ActPlane,3dae89cd06ae,10,11,codex:rollout-2026-06-12T23-22-34-019ebfa5-7d5b-76a2-94b7-fb066ce0b27a:238,44904,no_resolved_path
ActPlane,3dae89cd06ae,10,11,codex:rollout-2026-06-12T23-22-34-019ebfa5-7d5b-76a2-94b7-fb066ce0b27a:239,44905,no_resolved_path
ActPlane,3dae89cd06ae,10,11,codex:rollout-2026-06-12T23-22-34-019ebfa5-7d5b-76a2-94b7-fb066ce0b27a:240,44906,no_resolved_path
ActPlane,3dae89cd06ae,10,11,codex:rollout-2026-06-12T23-22-34-019ebfa5-7d5b-76a2-94b7-fb066ce0b27a:241,44907,other_resolved_artifact
ActPlane,3dae89cd06ae,10,11,codex:rollout-2026-06-12T23-22-34-019ebfa5-7d5b-76a2-94b7-fb066ce0b27a:242,44908,no_resolved_path
ActPlane,3dae89cd06ae,10,11,codex:rollout-2026-06-12T23-22-34-019ebfa5-7d5b-76a2-94b7-fb066ce0b27a:243,44909,no_resolved_path
ActPlane,3dae89cd06ae,10,11,codex:rollout-2026-06-12T23-22-34-019ebfa5-7d5b-76a2-94b7-fb066ce0b27a:244,44910,no_resolved_path
ActPlane,3dae89cd06ae,10,11,codex:rollout-2026-06-12T23-22-34-019ebfa5-7d5b-76a2-94b7-fb066ce0b27a:245,44911,no_resolved_path
ActPlane,3dae89cd06ae,10,11,codex:rollout-2026-06-12T23-22-34-019ebfa5-7d5b-76a2-94b7-fb066ce0b27a:246,44912,no_resolved_path
ActPlane,3dae89cd06ae,10,11,codex:rollout-2026-06-12T23-22-34-019ebfa5-7d5b-76a2-94b7-fb066ce0b27a:247,44913,predecessor_module
ActPlane,3dae89cd06ae,10,11,codex:rollout-2026-06-12T23-22-34-019ebfa5-7d5b-76a2-94b7-fb066ce0b27a:248,44914,predecessor_module
ActPlane,3dae89cd06ae,10,11,codex:rollout-2026-06-12T23-22-34-019ebfa5-7d5b-76a2-94b7-fb066ce0b27a:249,44915,predecessor_module
ActPlane,3dae89cd06ae,10,11,codex:rollout-2026-06-12T23-22-34-019ebfa5-7d5b-76a2-94b7-fb066ce0b27a:250,44916,predecessor_module
ActPlane,3dae89cd06ae,10,11,codex:rollout-2026-06-12T23-22-34-019ebfa5-7d5b-76a2-94b7-fb066ce0b27a:251,44917,predecessor_module
ActPlane,3dae89cd06ae,10,11,codex:rollout-2026-06-12T23-22-34-019ebfa5-7d5b-76a2-94b7-fb066ce0b27a:252,44918,no_resolved_path
ActPlane,3dae89cd06ae,10,11,codex:rollout-2026-06-12T23-22-34-019ebfa5-7d5b-76a2-94b7-fb066ce0b27a:253,44919,no_resolved_path
ActPlane,3dae89cd06ae,10,11,codex:rollout-2026-06-12T23-22-34-019ebfa5-7d5b-76a2-94b7-fb066ce0b27a:254,44920,no_resolved_path
ActPlane,3dae89cd06ae,10,11,codex:rollout-2026-06-12T23-22-34-019ebfa5-7d5b-76a2-94b7-fb066ce0b27a:255,44921,no_resolved_path
ActPlane,3dae89cd06ae,10,11,codex:rollout-2026-06-12T23-22-34-019ebfa5-7d5b-76a2-94b7-fb066ce0b27a:256,44922,no_resolved_path
ActPlane,3dae89cd06ae,10,11,codex:rollout-2026-06-12T23-22-34-019ebfa5-7d5b-76a2-94b7-fb066ce0b27a:257,44923,no_resolved_path
ActPlane,3dae89cd06ae,10,11,codex:rollout-2026-06-12T23-22-34-019ebfa5-7d5b-76a2-94b7-fb066ce0b27a:258,44924,no_resolved_path
ActPlane,3dae89cd06ae,10,11,codex:rollout-2026-06-12T23-22-34-019ebfa5-7d5b-76a2-94b7-fb066ce0b27a:259,44925,no_resolved_path
ActPlane,3dae89cd06ae,10,11,codex:rollout-2026-06-12T23-22-34-019ebfa5-7d5b-76a2-94b7-fb066ce0b27a:260,44926,no_resolved_path
ActPlane,3dae89cd06ae,10,11,codex:rollout-2026-06-12T23-22-34-019ebfa5-7d5b-76a2-94b7-fb066ce0b27a:261,44927,other_resolved_artifact
ActPlane,3dae89cd06ae,10,11,codex:rollout-2026-06-12T23-22-34-019ebfa5-7d5b-76a2-94b7-fb066ce0b27a:262,44928,other_resolved_artifact
ActPlane,3dae89cd06ae,10,11,codex:rollout-2026-06-12T23-22-34-019ebfa5-7d5b-76a2-94b7-fb066ce0b27a:263,44929,other_resolved_artifact
ActPlane,3dae89cd06ae,10,11,codex:rollout-2026-06-12T23-22-34-019ebfa5-7d5b-76a2-94b7-fb066ce0b27a:264,44930,no_resolved_path
ActPlane,3dae89cd06ae,10,11,codex:rollout-2026-06-12T23-22-34-019ebfa5-7d5b-76a2-94b7-fb066ce0b27a:265,44931,no_resolved_path
ActPlane,3dae89cd06ae,10,11,codex:rollout-2026-06-12T23-22-34-019ebfa5-7d5b-76a2-94b7-fb066ce0b27a:266,44932,no_resolved_path
ActPlane,3dae89cd06ae,10,11,codex:rollout-2026-06-12T23-22-34-019ebfa5-7d5b-76a2-94b7-fb066ce0b27a:267,44933,other_resolved_artifact
ActPlane,3dae89cd06ae,10,11,codex:rollout-2026-06-12T23-22-34-019ebfa5-7d5b-76a2-94b7-fb066ce0b27a:268,44934,other_resolved_artifact
ActPlane,3dae89cd06ae,10,11,codex:rollout-2026-06-12T23-22-34-019ebfa5-7d5b-76a2-94b7-fb066ce0b27a:269,44935,other_resolved_artifact
ActPlane,3dae89cd06ae,10,11,codex:rollout-2026-06-12T23-22-34-019ebfa5-7d5b-76a2-94b7-fb066ce0b27a:270,44936,other_resolved_artifact
ActPlane,3dae89cd06ae,10,11,codex:rollout-2026-06-12T23-22-34-019ebfa5-7d5b-76a2-94b7-fb066ce0b27a:271,44937,other_resolved_artifact
ActPlane,3dae89cd06ae,10,11,codex:rollout-2026-06-12T23-22-34-019ebfa5-7d5b-76a2-94b7-fb066ce0b27a:272,44938,other_resolved_artifact
ActPlane,3dae89cd06ae,10,11,codex:rollout-2026-06-12T23-22-34-019ebfa5-7d5b-76a2-94b7-fb066ce0b27a:273,44939,other_resolved_artifact
ActPlane,3dae89cd06ae,10,11,codex:rollout-2026-06-12T23-22-34-019ebfa5-7d5b-76a2-94b7-fb066ce0b27a:274,44940,other_resolved_artifact
ActPlane,3dae89cd06ae,10,11,codex:rollout-2026-06-12T23-22-34-019ebfa5-7d5b-76a2-94b7-fb066ce0b27a:275,44941,other_resolved_artifact
ActPlane,3dae89cd06ae,10,11,codex:rollout-2026-06-12T23-22-34-019ebfa5-7d5b-76a2-94b7-fb066ce0b27a:276,44942,other_resolved_artifact
ActPlane,3dae89cd06ae,10,11,codex:rollout-2026-06-12T23-22-34-019ebfa5-7d5b-76a2-94b7-fb066ce0b27a:277,44943,other_resolved_artifact
ActPlane,3dae89cd06ae,10,11,codex:rollout-2026-06-12T23-22-34-019ebfa5-7d5b-76a2-94b7-fb066ce0b27a:278,44944,other_resolved_artifact
ActPlane,3dae89cd06ae,10,11,codex:rollout-2026-06-12T23-22-34-019ebfa5-7d5b-76a2-94b7-fb066ce0b27a:279,44945,no_resolved_path
ActPlane,3dae89cd06ae,10,11,codex:rollout-2026-06-12T23-22-34-019ebfa5-7d5b-76a2-94b7-fb066ce0b27a:280,44946,no_resolved_path
ActPlane,3dae89cd06ae,10,11,codex:rollout-2026-06-12T23-22-34-019ebfa5-7d5b-76a2-94b7-fb066ce0b27a:281,44947,other_resolved_artifact
ActPlane,3dae89cd06ae,10,11,codex:rollout-2026-06-12T23-22-34-019ebfa5-7d5b-76a2-94b7-fb066ce0b27a:282,44948,no_resolved_path
ActPlane,3dae89cd06ae,10,11,codex:rollout-2026-06-12T23-22-34-019ebfa5-7d5b-76a2-94b7-fb066ce0b27a:283,44949,no_resolved_path
ActPlane,3dae89cd06ae,10,11,codex:rollout-2026-06-12T23-22-34-019ebfa5-7d5b-76a2-94b7-fb066ce0b27a:284,44950,no_resolved_path
ActPlane,3dae89cd06ae,10,11,codex:rollout-2026-06-12T23-22-34-019ebfa5-7d5b-76a2-94b7-fb066ce0b27a:285,44951,no_resolved_path
ActPlane,3dae89cd06ae,10,11,codex:rollout-2026-06-12T23-22-34-019ebfa5-7d5b-76a2-94b7-fb066ce0b27a:286,44952,no_resolved_path
ActPlane,3dae89cd06ae,10,11,codex:rollout-2026-06-12T23-22-34-019ebfa5-7d5b-76a2-94b7-fb066ce0b27a:287,44953,no_resolved_path
ActPlane,3dae89cd06ae,10,11,codex:rollout-2026-06-12T23-22-34-019ebfa5-7d5b-76a2-94b7-fb066ce0b27a:288,44954,no_resolved_path
ActPlane,3dae89cd06ae,10,11,codex:rollout-2026-06-12T23-22-34-019ebfa5-7d5b-76a2-94b7-fb066ce0b27a:289,44955,no_resolved_path
ActPlane,3dae89cd06ae,10,11,codex:rollout-2026-06-12T23-22-34-019ebfa5-7d5b-76a2-94b7-fb066ce0b27a:290,44956,other_resolved_artifact
ActPlane,3dae89cd06ae,10,11,codex:rollout-2026-06-12T23-22-34-019ebfa5-7d5b-76a2-94b7-fb066ce0b27a:291,44957,no_resolved_path
ActPlane,3dae89cd06ae,10,11,codex:rollout-2026-06-12T23-22-34-019ebfa5-7d5b-76a2-94b7-fb066ce0b27a:292,44958,no_resolved_path
ActPlane,3dae89cd06ae,10,11,codex:rollout-2026-06-12T23-22-34-019ebfa5-7d5b-76a2-94b7-fb066ce0b27a:293,44959,no_resolved_path
ActPlane,3dae89cd06ae,10,11,codex:rollout-2026-06-12T23-22-34-019ebfa5-7d5b-76a2-94b7-fb066ce0b27a:294,44960,no_resolved_path
ActPlane,3dae89cd06ae,10,11,codex:rollout-2026-06-12T23-22-34-019ebfa5-7d5b-76a2-94b7-fb066ce0b27a:295,44961,other_resolved_artifact
ActPlane,3dae89cd06ae,10,11,codex:rollout-2026-06-12T23-22-34-019ebfa5-7d5b-76a2-94b7-fb066ce0b27a:296,44962,no_resolved_path
ActPlane,3dae89cd06ae,10,11,codex:rollout-2026-06-12T23-22-34-019ebfa5-7d5b-76a2-94b7-fb066ce0b27a:297,44963,no_resolved_path
ActPlane,3dae89cd06ae,10,11,codex:rollout-2026-06-12T23-22-34-019ebfa5-7d5b-76a2-94b7-fb066ce0b27a:298,44964,other_resolved_artifact
ActPlane,3dae89cd06ae,10,11,codex:rollout-2026-06-12T23-22-34-019ebfa5-7d5b-76a2-94b7-fb066ce0b27a:299,44965,no_resolved_path
ActPlane,3dae89cd06ae,10,11,codex:rollout-2026-06-12T23-22-34-019ebfa5-7d5b-76a2-94b7-fb066ce0b27a:300,44966,no_resolved_path
ActPlane,3dae89cd06ae,10,11,codex:rollout-2026-06-12T23-22-34-019ebfa5-7d5b-76a2-94b7-fb066ce0b27a:301,44967,no_resolved_path
ActPlane,3dae89cd06ae,10,11,codex:rollout-2026-06-12T23-22-34-019ebfa5-7d5b-76a2-94b7-fb066ce0b27a:302,44968,no_resolved_path
ActPlane,3dae89cd06ae,10,11,codex:rollout-2026-06-12T23-22-34-019ebfa5-7d5b-76a2-94b7-fb066ce0b27a:303,44969,no_resolved_path
ActPlane,3dae89cd06ae,10,11,codex:rollout-2026-06-12T23-22-34-019ebfa5-7d5b-76a2-94b7-fb066ce0b27a:304,44970,no_resolved_path
ActPlane,3dae89cd06ae,10,11,codex:rollout-2026-06-12T23-22-34-019ebfa5-7d5b-76a2-94b7-fb066ce0b27a:305,44971,no_resolved_path
ActPlane,3dae89cd06ae,10,11,codex:rollout-2026-06-12T23-22-34-019ebfa5-7d5b-76a2-94b7-fb066ce0b27a:306,44972,no_resolved_path
ActPlane,3dae89cd06ae,10,11,codex:rollout-2026-06-12T23-22-34-019ebfa5-7d5b-76a2-94b7-fb066ce0b27a:307,44973,other_resolved_artifact
ActPlane,3dae89cd06ae,10,11,codex:rollout-2026-06-12T23-22-34-019ebfa5-7d5b-76a2-94b7-fb066ce0b27a:308,44974,no_resolved_path
ActPlane,3dae89cd06ae,10,11,codex:rollout-2026-06-12T23-22-34-019ebfa5-7d5b-76a2-94b7-fb066ce0b27a:309,44975,predecessor_module
ActPlane,3dae89cd06ae,10,11,codex:rollout-2026-06-12T23-22-34-019ebfa5-7d5b-76a2-94b7-fb066ce0b27a:310,44976,predecessor_module
ActPlane,3dae89cd06ae,10,11,codex:rollout-2026-06-12T23-22-34-019ebfa5-7d5b-76a2-94b7-fb066ce0b27a:311,44977,no_resolved_path
ActPlane,3dae89cd06ae,10,11,codex:rollout-2026-06-12T23-22-34-019ebfa5-7d5b-76a2-94b7-fb066ce0b27a:312,44978,no_resolved_path
ActPlane,3dae89cd06ae,10,11,codex:rollout-2026-06-12T23-22-34-019ebfa5-7d5b-76a2-94b7-fb066ce0b27a:313,44979,no_resolved_path
ActPlane,3dae89cd06ae,10,11,codex:rollout-2026-06-12T23-22-34-019ebfa5-7d5b-76a2-94b7-fb066ce0b27a:314,44980,no_resolved_path
ActPlane,3dae89cd06ae,10,11,codex:rollout-2026-06-12T23-22-34-019ebfa5-7d5b-76a2-94b7-fb066ce0b27a:315,44981,no_resolved_path
ActPlane,3dae89cd06ae,10,11,codex:rollout-2026-06-12T23-22-34-019ebfa5-7d5b-76a2-94b7-fb066ce0b27a:316,44982,no_resolved_path
ActPlane,3dae89cd06ae,10,11,codex:rollout-2026-06-12T23-22-34-019ebfa5-7d5b-76a2-94b7-fb066ce0b27a:317,44983,no_resolved_path
ActPlane,3dae89cd06ae,10,11,codex:rollout-2026-06-12T23-22-34-019ebfa5-7d5b-76a2-94b7-fb066ce0b27a:318,44984,no_resolved_path
ActPlane,3dae89cd06ae,10,11,codex:rollout-2026-06-12T23-22-34-019ebfa5-7d5b-76a2-94b7-fb066ce0b27a:319,44985,no_resolved_path
ActPlane,3dae89cd06ae,10,11,codex:rollout-2026-06-12T23-22-34-019ebfa5-7d5b-76a2-94b7-fb066ce0b27a:320,44986,no_resolved_path
ActPlane,3dae89cd06ae,10,11,codex:rollout-2026-06-12T23-22-34-019ebfa5-7d5b-76a2-94b7-fb066ce0b27a:321,44987,no_resolved_path
ActPlane,3dae89cd06ae,10,11,codex:rollout-2026-06-12T23-22-34-019ebfa5-7d5b-76a2-94b7-fb066ce0b27a:322,44988,no_resolved_path
ActPlane,3dae89cd06ae,10,11,codex:rollout-2026-06-12T23-22-34-019ebfa5-7d5b-76a2-94b7-fb066ce0b27a:323,44989,no_resolved_path
ActPlane,3dae89cd06ae,10,11,codex:rollout-2026-06-12T23-22-34-019ebfa5-7d5b-76a2-94b7-fb066ce0b27a:324,44990,other_resolved_artifact
ActPlane,3dae89cd06ae,10,11,codex:rollout-2026-06-12T23-22-34-019ebfa5-7d5b-76a2-94b7-fb066ce0b27a:325,44991,other_resolved_artifact
ActPlane,3dae89cd06ae,10,11,codex:rollout-2026-06-12T23-22-34-019ebfa5-7d5b-76a2-94b7-fb066ce0b27a:326,44992,other_resolved_artifact
ActPlane,3dae89cd06ae,10,11,codex:rollout-2026-06-12T23-22-34-019ebfa5-7d5b-76a2-94b7-fb066ce0b27a:327,44993,other_resolved_artifact
ActPlane,3dae89cd06ae,10,11,codex:rollout-2026-06-12T23-22-34-019ebfa5-7d5b-76a2-94b7-fb066ce0b27a:328,44994,other_resolved_artifact
ActPlane,3dae89cd06ae,10,11,codex:rollout-2026-06-12T23-22-34-019ebfa5-7d5b-76a2-94b7-fb066ce0b27a:329,44995,no_resolved_path
ActPlane,3dae89cd06ae,10,11,codex:rollout-2026-06-12T23-22-34-019ebfa5-7d5b-76a2-94b7-fb066ce0b27a:330,44996,other_resolved_artifact
ActPlane,3dae89cd06ae,10,11,codex:rollout-2026-06-12T23-22-34-019ebfa5-7d5b-76a2-94b7-fb066ce0b27a:331,44997,other_resolved_artifact
ActPlane,3dae89cd06ae,10,11,codex:rollout-2026-06-12T23-22-34-019ebfa5-7d5b-76a2-94b7-fb066ce0b27a:332,44998,no_resolved_path
ActPlane,3dae89cd06ae,10,11,codex:rollout-2026-06-12T23-22-34-019ebfa5-7d5b-76a2-94b7-fb066ce0b27a:333,44999,no_resolved_path
ActPlane,3dae89cd06ae,10,11,codex:rollout-2026-06-12T23-22-34-019ebfa5-7d5b-76a2-94b7-fb066ce0b27a:334,45000,other_resolved_artifact
ActPlane,3dae89cd06ae,10,11,codex:rollout-2026-06-12T23-22-34-019ebfa5-7d5b-76a2-94b7-fb066ce0b27a:335,45001,other_resolved_artifact
ActPlane,3dae89cd06ae,10,11,codex:rollout-2026-06-12T23-22-34-019ebfa5-7d5b-76a2-94b7-fb066ce0b27a:336,45002,no_resolved_path
ActPlane,3dae89cd06ae,10,11,codex:rollout-2026-06-12T23-22-34-019ebfa5-7d5b-76a2-94b7-fb066ce0b27a:337,45003,no_resolved_path
ActPlane,3dae89cd06ae,10,11,codex:rollout-2026-06-12T23-22-34-019ebfa5-7d5b-76a2-94b7-fb066ce0b27a:338,45004,no_resolved_path
ActPlane,3dae89cd06ae,10,11,codex:rollout-2026-06-12T23-22-34-019ebfa5-7d5b-76a2-94b7-fb066ce0b27a:339,45005,no_resolved_path
ActPlane,3dae89cd06ae,10,11,codex:rollout-2026-06-12T23-22-34-019ebfa5-7d5b-76a2-94b7-fb066ce0b27a:340,45006,no_resolved_path
ActPlane,3dae89cd06ae,10,11,codex:rollout-2026-06-12T23-22-34-019ebfa5-7d5b-76a2-94b7-fb066ce0b27a:341,45007,no_resolved_path
ActPlane,3dae89cd06ae,10,11,codex:rollout-2026-06-12T23-22-34-019ebfa5-7d5b-76a2-94b7-fb066ce0b27a:342,45008,no_resolved_path
ActPlane,3dae89cd06ae,10,11,codex:rollout-2026-06-12T23-22-34-019ebfa5-7d5b-76a2-94b7-fb066ce0b27a:343,45009,no_resolved_path
ActPlane,3dae89cd06ae,10,11,codex:rollout-2026-06-12T23-22-34-019ebfa5-7d5b-76a2-94b7-fb066ce0b27a:344,45010,no_resolved_path
ActPlane,3dae89cd06ae,10,11,codex:rollout-2026-06-12T23-22-34-019ebfa5-7d5b-76a2-94b7-fb066ce0b27a:345,45011,no_resolved_path
ActPlane,3dae89cd06ae,10,11,codex:rollout-2026-06-12T23-22-34-019ebfa5-7d5b-76a2-94b7-fb066ce0b27a:346,45012,predecessor_module
ActPlane,3dae89cd06ae,10,11,codex:rollout-2026-06-12T23-22-34-019ebfa5-7d5b-76a2-94b7-fb066ce0b27a:347,45013,predecessor_module
ActPlane,3dae89cd06ae,10,11,codex:rollout-2026-06-12T23-22-34-019ebfa5-7d5b-76a2-94b7-fb066ce0b27a:348,45014,predecessor_module
ActPlane,3dae89cd06ae,10,11,codex:rollout-2026-06-12T23-22-34-019ebfa5-7d5b-76a2-94b7-fb066ce0b27a:349,45015,predecessor_module
ActPlane,3dae89cd06ae,10,11,codex:rollout-2026-06-12T23-22-34-019ebfa5-7d5b-76a2-94b7-fb066ce0b27a:350,45016,predecessor_module
ActPlane,3dae89cd06ae,10,11,codex:rollout-2026-06-12T23-22-34-019ebfa5-7d5b-76a2-94b7-fb066ce0b27a:351,45017,predecessor_module
ActPlane,3dae89cd06ae,10,11,codex:rollout-2026-06-12T23-22-34-019ebfa5-7d5b-76a2-94b7-fb066ce0b27a:352,45018,predecessor_module
ActPlane,3dae89cd06ae,10,11,codex:rollout-2026-06-12T23-22-34-019ebfa5-7d5b-76a2-94b7-fb066ce0b27a:353,45019,predecessor_module
ActPlane,3dae89cd06ae,10,11,codex:rollout-2026-06-12T23-22-34-019ebfa5-7d5b-76a2-94b7-fb066ce0b27a:354,45020,no_resolved_path
ActPlane,3dae89cd06ae,10,11,codex:rollout-2026-06-12T23-22-34-019ebfa5-7d5b-76a2-94b7-fb066ce0b27a:355,45021,no_resolved_path
ActPlane,3dae89cd06ae,10,11,codex:rollout-2026-06-12T23-22-34-019ebfa5-7d5b-76a2-94b7-fb066ce0b27a:356,45022,no_resolved_path
ActPlane,3dae89cd06ae,10,11,codex:rollout-2026-06-12T23-22-34-019ebfa5-7d5b-76a2-94b7-fb066ce0b27a:357,45023,no_resolved_path
ActPlane,3dae89cd06ae,10,11,codex:rollout-2026-06-12T23-22-34-019ebfa5-7d5b-76a2-94b7-fb066ce0b27a:358,45024,no_resolved_path
ActPlane,3dae89cd06ae,10,11,codex:rollout-2026-06-12T23-22-34-019ebfa5-7d5b-76a2-94b7-fb066ce0b27a:359,45025,other_resolved_artifact
ActPlane,3dae89cd06ae,10,11,codex:rollout-2026-06-12T23-22-34-019ebfa5-7d5b-76a2-94b7-fb066ce0b27a:360,45026,other_resolved_artifact
ActPlane,3dae89cd06ae,10,11,codex:rollout-2026-06-12T23-22-34-019ebfa5-7d5b-76a2-94b7-fb066ce0b27a:361,45027,other_resolved_artifact
ActPlane,3dae89cd06ae,10,11,codex:rollout-2026-06-12T23-22-34-019ebfa5-7d5b-76a2-94b7-fb066ce0b27a:362,45028,other_resolved_artifact
ActPlane,3dae89cd06ae,10,11,codex:rollout-2026-06-12T23-22-34-019ebfa5-7d5b-76a2-94b7-fb066ce0b27a:363,45029,other_resolved_artifact
ActPlane,3dae89cd06ae,10,11,codex:rollout-2026-06-12T23-22-34-019ebfa5-7d5b-76a2-94b7-fb066ce0b27a:364,45030,no_resolved_path
ActPlane,3dae89cd06ae,10,11,codex:rollout-2026-06-12T23-22-34-019ebfa5-7d5b-76a2-94b7-fb066ce0b27a:365,45031,no_resolved_path
ActPlane,3dae89cd06ae,10,11,codex:rollout-2026-06-12T23-22-34-019ebfa5-7d5b-76a2-94b7-fb066ce0b27a:366,45032,predecessor_module
ActPlane,3dae89cd06ae,10,11,codex:rollout-2026-06-12T23-22-34-019ebfa5-7d5b-76a2-94b7-fb066ce0b27a:367,45033,other_resolved_artifact
ActPlane,3dae89cd06ae,10,11,codex:rollout-2026-06-12T23-22-34-019ebfa5-7d5b-76a2-94b7-fb066ce0b27a:368,45034,other_resolved_artifact
ActPlane,3dae89cd06ae,10,11,codex:rollout-2026-06-12T23-22-34-019ebfa5-7d5b-76a2-94b7-fb066ce0b27a:369,45035,other_resolved_artifact
ActPlane,3dae89cd06ae,10,11,codex:rollout-2026-06-12T23-22-34-019ebfa5-7d5b-76a2-94b7-fb066ce0b27a:370,45036,other_resolved_artifact
ActPlane,3dae89cd06ae,10,11,codex:rollout-2026-06-12T23-22-34-019ebfa5-7d5b-76a2-94b7-fb066ce0b27a:371,45037,other_resolved_artifact
ActPlane,3dae89cd06ae,10,11,codex:rollout-2026-06-12T23-22-34-019ebfa5-7d5b-76a2-94b7-fb066ce0b27a:372,45038,other_resolved_artifact
ActPlane,3dae89cd06ae,10,11,codex:rollout-2026-06-12T23-22-34-019ebfa5-7d5b-76a2-94b7-fb066ce0b27a:373,45039,other_resolved_artifact
ActPlane,3dae89cd06ae,10,11,codex:rollout-2026-06-12T23-22-34-019ebfa5-7d5b-76a2-94b7-fb066ce0b27a:374,45040,other_resolved_artifact
ActPlane,3dae89cd06ae,10,11,codex:rollout-2026-06-12T23-22-34-019ebfa5-7d5b-76a2-94b7-fb066ce0b27a:375,45041,other_resolved_artifact
ActPlane,3dae89cd06ae,10,11,codex:rollout-2026-06-12T23-22-34-019ebfa5-7d5b-76a2-94b7-fb066ce0b27a:376,45042,other_resolved_artifact
ActPlane,3dae89cd06ae,10,11,codex:rollout-2026-06-12T23-22-34-019ebfa5-7d5b-76a2-94b7-fb066ce0b27a:377,45043,predecessor_module
ActPlane,3dae89cd06ae,10,11,codex:rollout-2026-06-12T23-22-34-019ebfa5-7d5b-76a2-94b7-fb066ce0b27a:378,45044,other_resolved_artifact
ActPlane,3dae89cd06ae,10,11,codex:rollout-2026-06-12T23-22-34-019ebfa5-7d5b-76a2-94b7-fb066ce0b27a:379,45045,other_resolved_artifact
ActPlane,3dae89cd06ae,10,11,codex:rollout-2026-06-12T23-22-34-019ebfa5-7d5b-76a2-94b7-fb066ce0b27a:380,45046,other_resolved_artifact
ActPlane,3dae89cd06ae,10,11,codex:rollout-2026-06-12T23-22-34-019ebfa5-7d5b-76a2-94b7-fb066ce0b27a:381,45047,other_resolved_artifact
ActPlane,3dae89cd06ae,10,11,codex:rollout-2026-06-12T23-22-34-019ebfa5-7d5b-76a2-94b7-fb066ce0b27a:382,45048,other_resolved_artifact
ActPlane,3dae89cd06ae,10,11,codex:rollout-2026-06-12T23-22-34-019ebfa5-7d5b-76a2-94b7-fb066ce0b27a:383,45049,other_resolved_artifact
ActPlane,3dae89cd06ae,10,11,codex:rollout-2026-06-12T23-22-34-019ebfa5-7d5b-76a2-94b7-fb066ce0b27a:384,45050,other_resolved_artifact
ActPlane,3dae89cd06ae,10,11,codex:rollout-2026-06-12T23-22-34-019ebfa5-7d5b-76a2-94b7-fb066ce0b27a:385,45051,other_resolved_artifact
ActPlane,3dae89cd06ae,10,11,codex:rollout-2026-06-12T23-22-34-019ebfa5-7d5b-76a2-94b7-fb066ce0b27a:386,45052,predecessor_module
ActPlane,3dae89cd06ae,10,11,codex:rollout-2026-06-12T23-22-34-019ebfa5-7d5b-76a2-94b7-fb066ce0b27a:387,45053,other_resolved_artifact
ActPlane,3dae89cd06ae,10,11,codex:rollout-2026-06-12T23-22-34-019ebfa5-7d5b-76a2-94b7-fb066ce0b27a:388,45054,other_resolved_artifact
ActPlane,3dae89cd06ae,10,11,codex:rollout-2026-06-12T23-22-34-019ebfa5-7d5b-76a2-94b7-fb066ce0b27a:389,45055,other_resolved_artifact
ActPlane,3dae89cd06ae,10,11,codex:rollout-2026-06-12T23-22-34-019ebfa5-7d5b-76a2-94b7-fb066ce0b27a:390,45056,other_resolved_artifact
ActPlane,3dae89cd06ae,10,11,codex:rollout-2026-06-12T23-22-34-019ebfa5-7d5b-76a2-94b7-fb066ce0b27a:391,45057,other_resolved_artifact
ActPlane,3dae89cd06ae,10,11,codex:rollout-2026-06-12T23-22-34-019ebfa5-7d5b-76a2-94b7-fb066ce0b27a:392,45058,other_resolved_artifact
ActPlane,3dae89cd06ae,10,11,codex:rollout-2026-06-12T23-22-34-019ebfa5-7d5b-76a2-94b7-fb066ce0b27a:393,45059,other_resolved_artifact
ActPlane,3dae89cd06ae,10,11,codex:rollout-2026-06-12T23-22-34-019ebfa5-7d5b-76a2-94b7-fb066ce0b27a:394,45060,other_resolved_artifact
ActPlane,3dae89cd06ae,10,11,codex:rollout-2026-06-12T23-22-34-019ebfa5-7d5b-76a2-94b7-fb066ce0b27a:395,45061,other_resolved_artifact
ActPlane,3dae89cd06ae,10,11,codex:rollout-2026-06-12T23-22-34-019ebfa5-7d5b-76a2-94b7-fb066ce0b27a:396,45062,other_resolved_artifact
ActPlane,3dae89cd06ae,10,11,codex:rollout-2026-06-12T23-22-34-019ebfa5-7d5b-76a2-94b7-fb066ce0b27a:397,45063,other_resolved_artifact
ActPlane,3dae89cd06ae,10,11,codex:rollout-2026-06-12T23-22-34-019ebfa5-7d5b-76a2-94b7-fb066ce0b27a:398,45064,other_resolved_artifact
ActPlane,3dae89cd06ae,10,11,codex:rollout-2026-06-12T23-22-34-019ebfa5-7d5b-76a2-94b7-fb066ce0b27a:399,45065,other_resolved_artifact
ActPlane,3dae89cd06ae,10,11,codex:rollout-2026-06-12T23-22-34-019ebfa5-7d5b-76a2-94b7-fb066ce0b27a:400,45066,other_resolved_artifact
ActPlane,3dae89cd06ae,10,11,codex:rollout-2026-06-12T23-22-34-019ebfa5-7d5b-76a2-94b7-fb066ce0b27a:401,45067,other_resolved_artifact
ActPlane,3dae89cd06ae,10,11,codex:rollout-2026-06-12T23-22-34-019ebfa5-7d5b-76a2-94b7-fb066ce0b27a:402,45068,no_resolved_path
ActPlane,3dae89cd06ae,10,11,codex:rollout-2026-06-12T23-22-34-019ebfa5-7d5b-76a2-94b7-fb066ce0b27a:403,45069,other_resolved_artifact
ActPlane,3dae89cd06ae,10,11,codex:rollout-2026-06-12T23-22-34-019ebfa5-7d5b-76a2-94b7-fb066ce0b27a:404,45070,other_resolved_artifact
ActPlane,3dae89cd06ae,10,11,codex:rollout-2026-06-12T23-22-34-019ebfa5-7d5b-76a2-94b7-fb066ce0b27a:405,45071,other_resolved_artifact
ActPlane,3dae89cd06ae,10,11,codex:rollout-2026-06-12T23-22-34-019ebfa5-7d5b-76a2-94b7-fb066ce0b27a:406,45072,other_resolved_artifact
ActPlane,3dae89cd06ae,10,11,codex:rollout-2026-06-12T23-22-34-019ebfa5-7d5b-76a2-94b7-fb066ce0b27a:407,45073,other_resolved_artifact
ActPlane,3dae89cd06ae,10,11,codex:rollout-2026-06-12T23-22-34-019ebfa5-7d5b-76a2-94b7-fb066ce0b27a:408,45074,other_resolved_artifact
ActPlane,3dae89cd06ae,10,11,codex:rollout-2026-06-12T23-22-34-019ebfa5-7d5b-76a2-94b7-fb066ce0b27a:409,45075,no_resolved_path
ActPlane,3dae89cd06ae,10,11,codex:rollout-2026-06-12T23-22-34-019ebfa5-7d5b-76a2-94b7-fb066ce0b27a:410,45076,no_resolved_path
ActPlane,3dae89cd06ae,10,11,codex:rollout-2026-06-12T23-22-34-019ebfa5-7d5b-76a2-94b7-fb066ce0b27a:411,45077,other_resolved_artifact
ActPlane,3dae89cd06ae,10,11,codex:rollout-2026-06-12T23-22-34-019ebfa5-7d5b-76a2-94b7-fb066ce0b27a:412,45078,other_resolved_artifact
ActPlane,3dae89cd06ae,10,11,codex:rollout-2026-06-12T23-22-34-019ebfa5-7d5b-76a2-94b7-fb066ce0b27a:413,45079,no_resolved_path
ActPlane,3dae89cd06ae,10,11,codex:rollout-2026-06-12T23-22-34-019ebfa5-7d5b-76a2-94b7-fb066ce0b27a:414,45080,no_resolved_path
ActPlane,3dae89cd06ae,10,11,codex:rollout-2026-06-12T23-22-34-019ebfa5-7d5b-76a2-94b7-fb066ce0b27a:415,45081,no_resolved_path
ActPlane,3dae89cd06ae,10,11,codex:rollout-2026-06-12T23-22-34-019ebfa5-7d5b-76a2-94b7-fb066ce0b27a:416,45082,no_resolved_path
ActPlane,3dae89cd06ae,10,11,codex:rollout-2026-06-12T23-22-34-019ebfa5-7d5b-76a2-94b7-fb066ce0b27a:417,45083,other_resolved_artifact
ActPlane,3dae89cd06ae,10,11,codex:rollout-2026-06-12T23-22-34-019ebfa5-7d5b-76a2-94b7-fb066ce0b27a:418,45084,other_resolved_artifact
ActPlane,3dae89cd06ae,10,11,codex:rollout-2026-06-12T23-22-34-019ebfa5-7d5b-76a2-94b7-fb066ce0b27a:419,45085,other_resolved_artifact
ActPlane,3dae89cd06ae,10,11,codex:rollout-2026-06-12T23-22-34-019ebfa5-7d5b-76a2-94b7-fb066ce0b27a:420,45086,other_resolved_artifact
ActPlane,3dae89cd06ae,10,11,codex:rollout-2026-06-12T23-22-34-019ebfa5-7d5b-76a2-94b7-fb066ce0b27a:421,45087,other_resolved_artifact
ActPlane,3dae89cd06ae,10,11,codex:rollout-2026-06-12T23-22-34-019ebfa5-7d5b-76a2-94b7-fb066ce0b27a:422,45088,other_resolved_artifact
ActPlane,3dae89cd06ae,10,11,codex:rollout-2026-06-12T23-22-34-019ebfa5-7d5b-76a2-94b7-fb066ce0b27a:423,45089,other_resolved_artifact
ActPlane,3dae89cd06ae,10,11,codex:rollout-2026-06-12T23-22-34-019ebfa5-7d5b-76a2-94b7-fb066ce0b27a:424,45090,no_resolved_path
ActPlane,3dae89cd06ae,10,11,codex:rollout-2026-06-12T23-22-34-019ebfa5-7d5b-76a2-94b7-fb066ce0b27a:425,45091,no_resolved_path
ActPlane,3dae89cd06ae,10,11,codex:rollout-2026-06-12T23-22-34-019ebfa5-7d5b-76a2-94b7-fb066ce0b27a:426,45092,no_resolved_path
ActPlane,3dae89cd06ae,10,11,codex:rollout-2026-06-12T23-22-34-019ebfa5-7d5b-76a2-94b7-fb066ce0b27a:427,45093,no_resolved_path
ActPlane,3dae89cd06ae,10,11,codex:rollout-2026-06-12T23-22-34-019ebfa5-7d5b-76a2-94b7-fb066ce0b27a:428,45094,other_resolved_artifact
ActPlane,3dae89cd06ae,10,11,codex:rollout-2026-06-12T23-22-34-019ebfa5-7d5b-76a2-94b7-fb066ce0b27a:429,45095,no_resolved_path
ActPlane,3dae89cd06ae,10,11,codex:rollout-2026-06-12T23-22-34-019ebfa5-7d5b-76a2-94b7-fb066ce0b27a:430,45096,no_resolved_path
ActPlane,3dae89cd06ae,10,11,codex:rollout-2026-06-12T23-22-34-019ebfa5-7d5b-76a2-94b7-fb066ce0b27a:431,45097,no_resolved_path
ActPlane,3dae89cd06ae,10,11,codex:rollout-2026-06-12T23-22-34-019ebfa5-7d5b-76a2-94b7-fb066ce0b27a:432,45098,no_resolved_path
ActPlane,3dae89cd06ae,10,11,codex:rollout-2026-06-12T23-22-34-019ebfa5-7d5b-76a2-94b7-fb066ce0b27a:433,45099,other_resolved_artifact
ActPlane,3dae89cd06ae,10,11,codex:rollout-2026-06-12T23-22-34-019ebfa5-7d5b-76a2-94b7-fb066ce0b27a:434,45100,no_resolved_path
ActPlane,3dae89cd06ae,10,11,codex:rollout-2026-06-12T23-22-34-019ebfa5-7d5b-76a2-94b7-fb066ce0b27a:435,45101,no_resolved_path
ActPlane,3dae89cd06ae,10,11,codex:rollout-2026-06-12T23-22-34-019ebfa5-7d5b-76a2-94b7-fb066ce0b27a:436,45102,no_resolved_path
ActPlane,3dae89cd06ae,10,11,codex:rollout-2026-06-12T23-22-34-019ebfa5-7d5b-76a2-94b7-fb066ce0b27a:437,45103,other_resolved_artifact
ActPlane,3dae89cd06ae,10,11,codex:rollout-2026-06-12T23-22-34-019ebfa5-7d5b-76a2-94b7-fb066ce0b27a:438,45104,no_resolved_path
ActPlane,3dae89cd06ae,10,11,codex:rollout-2026-06-12T23-22-34-019ebfa5-7d5b-76a2-94b7-fb066ce0b27a:439,45105,no_resolved_path
ActPlane,3dae89cd06ae,10,11,codex:rollout-2026-06-12T23-22-34-019ebfa5-7d5b-76a2-94b7-fb066ce0b27a:440,45106,no_resolved_path
ActPlane,3dae89cd06ae,10,11,codex:rollout-2026-06-12T23-22-34-019ebfa5-7d5b-76a2-94b7-fb066ce0b27a:441,45107,other_resolved_artifact
ActPlane,3dae89cd06ae,10,11,codex:rollout-2026-06-12T23-22-34-019ebfa5-7d5b-76a2-94b7-fb066ce0b27a:442,45108,other_resolved_artifact
ActPlane,3dae89cd06ae,10,11,codex:rollout-2026-06-12T23-22-34-019ebfa5-7d5b-76a2-94b7-fb066ce0b27a:443,45109,no_resolved_path
ActPlane,3dae89cd06ae,10,11,codex:rollout-2026-06-12T23-22-34-019ebfa5-7d5b-76a2-94b7-fb066ce0b27a:444,45110,no_resolved_path
ActPlane,3dae89cd06ae,10,11,codex:rollout-2026-06-12T23-22-34-019ebfa5-7d5b-76a2-94b7-fb066ce0b27a:445,45111,no_resolved_path
ActPlane,3dae89cd06ae,10,11,codex:rollout-2026-06-12T23-22-34-019ebfa5-7d5b-76a2-94b7-fb066ce0b27a:446,45112,other_resolved_artifact
ActPlane,3dae89cd06ae,10,11,codex:rollout-2026-06-12T23-22-34-019ebfa5-7d5b-76a2-94b7-fb066ce0b27a:447,45113,other_resolved_artifact
ActPlane,3dae89cd06ae,10,11,codex:rollout-2026-06-12T23-22-34-019ebfa5-7d5b-76a2-94b7-fb066ce0b27a:448,45114,no_resolved_path
ActPlane,3dae89cd06ae,10,11,codex:rollout-2026-06-12T23-22-34-019ebfa5-7d5b-76a2-94b7-fb066ce0b27a:449,45115,no_resolved_path
ActPlane,3dae89cd06ae,10,11,codex:rollout-2026-06-12T23-22-34-019ebfa5-7d5b-76a2-94b7-fb066ce0b27a:450,45116,no_resolved_path
ActPlane,3dae89cd06ae,10,11,codex:rollout-2026-06-12T23-22-34-019ebfa5-7d5b-76a2-94b7-fb066ce0b27a:451,45117,other_resolved_artifact
ActPlane,3dae89cd06ae,10,11,codex:rollout-2026-06-12T23-22-34-019ebfa5-7d5b-76a2-94b7-fb066ce0b27a:452,45118,no_resolved_path
ActPlane,3dae89cd06ae,10,11,codex:rollout-2026-06-12T23-22-34-019ebfa5-7d5b-76a2-94b7-fb066ce0b27a:453,45119,no_resolved_path
ActPlane,3dae89cd06ae,10,11,codex:rollout-2026-06-12T23-22-34-019ebfa5-7d5b-76a2-94b7-fb066ce0b27a:454,45120,no_resolved_path
ActPlane,3dae89cd06ae,10,11,codex:rollout-2026-06-12T23-22-34-019ebfa5-7d5b-76a2-94b7-fb066ce0b27a:455,45121,other_resolved_artifact
ActPlane,3dae89cd06ae,10,11,codex:rollout-2026-06-12T23-22-34-019ebfa5-7d5b-76a2-94b7-fb066ce0b27a:456,45122,other_resolved_artifact
ActPlane,3dae89cd06ae,10,11,codex:rollout-2026-06-12T23-22-34-019ebfa5-7d5b-76a2-94b7-fb066ce0b27a:457,45123,other_resolved_artifact
ActPlane,3dae89cd06ae,10,11,codex:rollout-2026-06-12T23-22-34-019ebfa5-7d5b-76a2-94b7-fb066ce0b27a:458,45124,other_resolved_artifact
ActPlane,3dae89cd06ae,10,11,codex:rollout-2026-06-12T23-22-34-019ebfa5-7d5b-76a2-94b7-fb066ce0b27a:459,45125,other_resolved_artifact
ActPlane,3dae89cd06ae,10,11,codex:rollout-2026-06-12T23-22-34-019ebfa5-7d5b-76a2-94b7-fb066ce0b27a:460,45126,other_resolved_artifact
ActPlane,3dae89cd06ae,10,11,codex:rollout-2026-06-12T23-22-34-019ebfa5-7d5b-76a2-94b7-fb066ce0b27a:461,45127,other_resolved_artifact
ActPlane,3dae89cd06ae,10,11,codex:rollout-2026-06-12T23-22-34-019ebfa5-7d5b-76a2-94b7-fb066ce0b27a:462,45128,other_resolved_artifact
ActPlane,3dae89cd06ae,10,11,codex:rollout-2026-06-12T23-22-34-019ebfa5-7d5b-76a2-94b7-fb066ce0b27a:463,45129,other_resolved_artifact
ActPlane,3dae89cd06ae,10,11,codex:rollout-2026-06-12T23-22-34-019ebfa5-7d5b-76a2-94b7-fb066ce0b27a:464,45130,other_resolved_artifact
ActPlane,3dae89cd06ae,10,11,codex:rollout-2026-06-12T23-22-34-019ebfa5-7d5b-76a2-94b7-fb066ce0b27a:465,45131,other_resolved_artifact
ActPlane,3dae89cd06ae,10,11,codex:rollout-2026-06-12T23-22-34-019ebfa5-7d5b-76a2-94b7-fb066ce0b27a:466,45132,no_resolved_path
ActPlane,3dae89cd06ae,10,11,codex:rollout-2026-06-12T23-22-34-019ebfa5-7d5b-76a2-94b7-fb066ce0b27a:467,45133,no_resolved_path
ActPlane,3dae89cd06ae,10,11,codex:rollout-2026-06-12T23-22-34-019ebfa5-7d5b-76a2-94b7-fb066ce0b27a:468,45134,no_resolved_path
ActPlane,3dae89cd06ae,10,11,codex:rollout-2026-06-12T23-22-34-019ebfa5-7d5b-76a2-94b7-fb066ce0b27a:469,45135,other_resolved_artifact
ActPlane,3dae89cd06ae,10,11,codex:rollout-2026-06-12T23-22-34-019ebfa5-7d5b-76a2-94b7-fb066ce0b27a:470,45136,other_resolved_artifact
ActPlane,3dae89cd06ae,10,11,codex:rollout-2026-06-12T23-22-34-019ebfa5-7d5b-76a2-94b7-fb066ce0b27a:471,45137,predecessor_module
ActPlane,3dae89cd06ae,10,11,codex:rollout-2026-06-12T23-22-34-019ebfa5-7d5b-76a2-94b7-fb066ce0b27a:472,45138,other_resolved_artifact
ActPlane,3dae89cd06ae,10,11,codex:rollout-2026-06-12T23-22-34-019ebfa5-7d5b-76a2-94b7-fb066ce0b27a:473,45139,other_resolved_artifact
ActPlane,3dae89cd06ae,10,11,codex:rollout-2026-06-12T23-22-34-019ebfa5-7d5b-76a2-94b7-fb066ce0b27a:474,45140,other_resolved_artifact
ActPlane,3dae89cd06ae,10,11,codex:rollout-2026-06-12T23-22-34-019ebfa5-7d5b-76a2-94b7-fb066ce0b27a:475,45141,other_resolved_artifact
ActPlane,3dae89cd06ae,10,11,codex:rollout-2026-06-12T23-22-34-019ebfa5-7d5b-76a2-94b7-fb066ce0b27a:476,45142,other_resolved_artifact
ActPlane,3dae89cd06ae,10,11,codex:rollout-2026-06-12T23-22-34-019ebfa5-7d5b-76a2-94b7-fb066ce0b27a:477,45143,other_resolved_artifact
ActPlane,3dae89cd06ae,10,11,codex:rollout-2026-06-12T23-22-34-019ebfa5-7d5b-76a2-94b7-fb066ce0b27a:478,45144,no_resolved_path
ActPlane,3dae89cd06ae,10,11,codex:rollout-2026-06-12T23-22-34-019ebfa5-7d5b-76a2-94b7-fb066ce0b27a:479,45145,other_resolved_artifact
ActPlane,3dae89cd06ae,10,11,codex:rollout-2026-06-12T23-22-34-019ebfa5-7d5b-76a2-94b7-fb066ce0b27a:480,45146,other_resolved_artifact
ActPlane,3dae89cd06ae,10,11,codex:rollout-2026-06-12T23-22-34-019ebfa5-7d5b-76a2-94b7-fb066ce0b27a:481,45147,no_resolved_path
ActPlane,3dae89cd06ae,10,11,codex:rollout-2026-06-12T23-22-34-019ebfa5-7d5b-76a2-94b7-fb066ce0b27a:482,45148,no_resolved_path
ActPlane,3dae89cd06ae,10,11,codex:rollout-2026-06-12T23-22-34-019ebfa5-7d5b-76a2-94b7-fb066ce0b27a:483,45149,no_resolved_path
ActPlane,3dae89cd06ae,10,11,codex:rollout-2026-06-12T23-22-34-019ebfa5-7d5b-76a2-94b7-fb066ce0b27a:484,45150,no_resolved_path
ActPlane,3dae89cd06ae,10,11,codex:rollout-2026-06-12T23-22-34-019ebfa5-7d5b-76a2-94b7-fb066ce0b27a:485,45151,no_resolved_path
ActPlane,3dae89cd06ae,10,11,codex:rollout-2026-06-12T23-22-34-019ebfa5-7d5b-76a2-94b7-fb066ce0b27a:486,45152,no_resolved_path
ActPlane,3dae89cd06ae,10,11,codex:rollout-2026-06-12T23-22-34-019ebfa5-7d5b-76a2-94b7-fb066ce0b27a:487,45153,other_resolved_artifact
ActPlane,3dae89cd06ae,10,11,codex:rollout-2026-06-12T23-22-34-019ebfa5-7d5b-76a2-94b7-fb066ce0b27a:488,45154,other_resolved_artifact
ActPlane,3dae89cd06ae,10,11,codex:rollout-2026-06-12T23-22-34-019ebfa5-7d5b-76a2-94b7-fb066ce0b27a:489,45155,other_resolved_artifact
ActPlane,3dae89cd06ae,10,11,codex:rollout-2026-06-12T23-22-34-019ebfa5-7d5b-76a2-94b7-fb066ce0b27a:490,45156,other_resolved_artifact
ActPlane,3dae89cd06ae,10,11,codex:rollout-2026-06-12T23-22-34-019ebfa5-7d5b-76a2-94b7-fb066ce0b27a:491,45157,other_resolved_artifact
ActPlane,3dae89cd06ae,10,11,codex:rollout-2026-06-12T23-22-34-019ebfa5-7d5b-76a2-94b7-fb066ce0b27a:492,45158,other_resolved_artifact
ActPlane,3dae89cd06ae,10,11,codex:rollout-2026-06-12T23-22-34-019ebfa5-7d5b-76a2-94b7-fb066ce0b27a:493,45159,other_resolved_artifact
ActPlane,3dae89cd06ae,10,11,codex:rollout-2026-06-12T23-22-34-019ebfa5-7d5b-76a2-94b7-fb066ce0b27a:494,45160,other_resolved_artifact
ActPlane,3dae89cd06ae,10,11,codex:rollout-2026-06-12T23-22-34-019ebfa5-7d5b-76a2-94b7-fb066ce0b27a:495,45161,other_resolved_artifact
ActPlane,3dae89cd06ae,10,11,codex:rollout-2026-06-12T23-22-34-019ebfa5-7d5b-76a2-94b7-fb066ce0b27a:496,45162,other_resolved_artifact
ActPlane,3dae89cd06ae,10,11,codex:rollout-2026-06-12T23-22-34-019ebfa5-7d5b-76a2-94b7-fb066ce0b27a:497,45163,other_resolved_artifact
ActPlane,3dae89cd06ae,10,11,codex:rollout-2026-06-12T23-22-34-019ebfa5-7d5b-76a2-94b7-fb066ce0b27a:498,45164,other_resolved_artifact
ActPlane,3dae89cd06ae,10,11,codex:rollout-2026-06-12T23-22-34-019ebfa5-7d5b-76a2-94b7-fb066ce0b27a:499,45165,other_resolved_artifact
ActPlane,3dae89cd06ae,10,11,codex:rollout-2026-06-12T23-22-34-019ebfa5-7d5b-76a2-94b7-fb066ce0b27a:500,45166,other_resolved_artifact
ActPlane,3dae89cd06ae,10,11,codex:rollout-2026-06-12T23-22-34-019ebfa5-7d5b-76a2-94b7-fb066ce0b27a:501,45167,other_resolved_artifact
ActPlane,3dae89cd06ae,10,11,codex:rollout-2026-06-12T23-22-34-019ebfa5-7d5b-76a2-94b7-fb066ce0b27a:502,45168,other_resolved_artifact
ActPlane,3dae89cd06ae,10,11,codex:rollout-2026-06-12T23-22-34-019ebfa5-7d5b-76a2-94b7-fb066ce0b27a:503,45169,other_resolved_artifact
ActPlane,3dae89cd06ae,10,11,codex:rollout-2026-06-12T23-22-34-019ebfa5-7d5b-76a2-94b7-fb066ce0b27a:504,45170,other_resolved_artifact
ActPlane,3dae89cd06ae,10,11,codex:rollout-2026-06-12T23-22-34-019ebfa5-7d5b-76a2-94b7-fb066ce0b27a:505,45171,other_resolved_artifact
ActPlane,3dae89cd06ae,10,11,codex:rollout-2026-06-12T23-22-34-019ebfa5-7d5b-76a2-94b7-fb066ce0b27a:506,45172,other_resolved_artifact
ActPlane,3dae89cd06ae,10,11,codex:rollout-2026-06-12T23-22-34-019ebfa5-7d5b-76a2-94b7-fb066ce0b27a:507,45173,other_resolved_artifact
ActPlane,3dae89cd06ae,10,11,codex:rollout-2026-06-12T23-22-34-019ebfa5-7d5b-76a2-94b7-fb066ce0b27a:508,45174,other_resolved_artifact
ActPlane,3dae89cd06ae,10,11,codex:rollout-2026-06-12T23-22-34-019ebfa5-7d5b-76a2-94b7-fb066ce0b27a:509,45175,other_resolved_artifact
ActPlane,3dae89cd06ae,10,11,codex:rollout-2026-06-12T23-22-34-019ebfa5-7d5b-76a2-94b7-fb066ce0b27a:510,45176,other_resolved_artifact
ActPlane,3dae89cd06ae,10,11,codex:rollout-2026-06-12T23-22-34-019ebfa5-7d5b-76a2-94b7-fb066ce0b27a:511,45177,other_resolved_artifact
ActPlane,3dae89cd06ae,10,11,codex:rollout-2026-06-12T23-22-34-019ebfa5-7d5b-76a2-94b7-fb066ce0b27a:512,45178,other_resolved_artifact
ActPlane,3dae89cd06ae,10,11,codex:rollout-2026-06-12T23-22-34-019ebfa5-7d5b-76a2-94b7-fb066ce0b27a:513,45179,other_resolved_artifact
ActPlane,3dae89cd06ae,10,11,codex:rollout-2026-06-12T23-22-34-019ebfa5-7d5b-76a2-94b7-fb066ce0b27a:514,45180,other_resolved_artifact
ActPlane,3dae89cd06ae,10,11,codex:rollout-2026-06-12T23-22-34-019ebfa5-7d5b-76a2-94b7-fb066ce0b27a:515,45181,other_resolved_artifact
ActPlane,3dae89cd06ae,10,11,codex:rollout-2026-06-12T23-22-34-019ebfa5-7d5b-76a2-94b7-fb066ce0b27a:516,45182,other_resolved_artifact
ActPlane,3dae89cd06ae,10,11,codex:rollout-2026-06-12T23-22-34-019ebfa5-7d5b-76a2-94b7-fb066ce0b27a:517,45183,other_resolved_artifact
ActPlane,3dae89cd06ae,10,11,codex:rollout-2026-06-12T23-22-34-019ebfa5-7d5b-76a2-94b7-fb066ce0b27a:518,45184,other_resolved_artifact
ActPlane,3dae89cd06ae,10,11,codex:rollout-2026-06-12T23-22-34-019ebfa5-7d5b-76a2-94b7-fb066ce0b27a:519,45185,no_resolved_path
ActPlane,3dae89cd06ae,10,11,codex:rollout-2026-06-12T23-22-34-019ebfa5-7d5b-76a2-94b7-fb066ce0b27a:520,45186,no_resolved_path
ActPlane,3dae89cd06ae,10,11,codex:rollout-2026-06-12T23-22-34-019ebfa5-7d5b-76a2-94b7-fb066ce0b27a:521,45187,no_resolved_path
ActPlane,3dae89cd06ae,10,11,codex:rollout-2026-06-12T23-22-34-019ebfa5-7d5b-76a2-94b7-fb066ce0b27a:522,45188,no_resolved_path
ActPlane,3dae89cd06ae,10,11,codex:rollout-2026-06-12T23-22-34-019ebfa5-7d5b-76a2-94b7-fb066ce0b27a:523,45189,no_resolved_path
ActPlane,3dae89cd06ae,10,11,codex:rollout-2026-06-12T23-22-34-019ebfa5-7d5b-76a2-94b7-fb066ce0b27a:524,45190,no_resolved_path
ActPlane,3dae89cd06ae,10,11,codex:rollout-2026-06-12T23-22-34-019ebfa5-7d5b-76a2-94b7-fb066ce0b27a:525,45191,other_resolved_artifact
ActPlane,3dae89cd06ae,10,11,codex:rollout-2026-06-12T23-22-34-019ebfa5-7d5b-76a2-94b7-fb066ce0b27a:526,45192,other_resolved_artifact
ActPlane,3dae89cd06ae,10,11,codex:rollout-2026-06-12T23-22-34-019ebfa5-7d5b-76a2-94b7-fb066ce0b27a:527,45193,other_resolved_artifact
ActPlane,3dae89cd06ae,10,11,codex:rollout-2026-06-12T23-22-34-019ebfa5-7d5b-76a2-94b7-fb066ce0b27a:528,45194,other_resolved_artifact
ActPlane,3dae89cd06ae,10,11,codex:rollout-2026-06-12T23-22-34-019ebfa5-7d5b-76a2-94b7-fb066ce0b27a:529,45195,no_resolved_path
ActPlane,3dae89cd06ae,10,11,codex:rollout-2026-06-12T23-22-34-019ebfa5-7d5b-76a2-94b7-fb066ce0b27a:530,45196,no_resolved_path
ActPlane,3dae89cd06ae,10,11,codex:rollout-2026-06-12T23-22-34-019ebfa5-7d5b-76a2-94b7-fb066ce0b27a:531,45197,no_resolved_path
ActPlane,3dae89cd06ae,10,11,codex:rollout-2026-06-12T23-22-34-019ebfa5-7d5b-76a2-94b7-fb066ce0b27a:532,45198,no_resolved_path
ActPlane,3dae89cd06ae,10,11,codex:rollout-2026-06-12T23-22-34-019ebfa5-7d5b-76a2-94b7-fb066ce0b27a:533,45199,no_resolved_path
ActPlane,3dae89cd06ae,10,11,codex:rollout-2026-06-12T23-22-34-019ebfa5-7d5b-76a2-94b7-fb066ce0b27a:534,45200,no_resolved_path
ActPlane,3dae89cd06ae,10,11,codex:rollout-2026-06-12T23-22-34-019ebfa5-7d5b-76a2-94b7-fb066ce0b27a:535,45201,no_resolved_path
ActPlane,3dae89cd06ae,10,11,codex:rollout-2026-06-12T23-22-34-019ebfa5-7d5b-76a2-94b7-fb066ce0b27a:536,45202,no_resolved_path
ActPlane,3dae89cd06ae,10,11,codex:rollout-2026-06-12T23-22-34-019ebfa5-7d5b-76a2-94b7-fb066ce0b27a:537,45203,no_resolved_path
ActPlane,3dae89cd06ae,10,11,codex:rollout-2026-06-12T23-22-34-019ebfa5-7d5b-76a2-94b7-fb066ce0b27a:538,45204,no_resolved_path
ActPlane,3dae89cd06ae,10,11,codex:rollout-2026-06-12T23-22-34-019ebfa5-7d5b-76a2-94b7-fb066ce0b27a:539,45205,other_resolved_artifact
ActPlane,3dae89cd06ae,10,11,codex:rollout-2026-06-12T23-22-34-019ebfa5-7d5b-76a2-94b7-fb066ce0b27a:540,45206,other_resolved_artifact
ActPlane,3dae89cd06ae,10,11,codex:rollout-2026-06-12T23-22-34-019ebfa5-7d5b-76a2-94b7-fb066ce0b27a:541,45207,no_resolved_path
ActPlane,3dae89cd06ae,10,11,codex:rollout-2026-06-12T23-22-34-019ebfa5-7d5b-76a2-94b7-fb066ce0b27a:542,45208,no_resolved_path
ActPlane,3dae89cd06ae,10,11,codex:rollout-2026-06-12T23-22-34-019ebfa5-7d5b-76a2-94b7-fb066ce0b27a:543,45209,no_resolved_path
ActPlane,3dae89cd06ae,10,11,codex:rollout-2026-06-12T23-22-34-019ebfa5-7d5b-76a2-94b7-fb066ce0b27a:544,45210,no_resolved_path
ActPlane,3dae89cd06ae,10,11,codex:rollout-2026-06-12T23-22-34-019ebfa5-7d5b-76a2-94b7-fb066ce0b27a:545,45211,no_resolved_path
ActPlane,3dae89cd06ae,10,11,codex:rollout-2026-06-12T23-22-34-019ebfa5-7d5b-76a2-94b7-fb066ce0b27a:546,45212,no_resolved_path
ActPlane,3dae89cd06ae,10,11,codex:rollout-2026-06-12T23-22-34-019ebfa5-7d5b-76a2-94b7-fb066ce0b27a:547,45213,no_resolved_path
ActPlane,3dae89cd06ae,10,11,codex:rollout-2026-06-12T23-22-34-019ebfa5-7d5b-76a2-94b7-fb066ce0b27a:548,45214,no_resolved_path
ActPlane,3dae89cd06ae,10,11,codex:rollout-2026-06-12T23-22-34-019ebfa5-7d5b-76a2-94b7-fb066ce0b27a:549,45215,no_resolved_path
ActPlane,3dae89cd06ae,10,11,codex:rollout-2026-06-12T23-22-34-019ebfa5-7d5b-76a2-94b7-fb066ce0b27a:550,45216,no_resolved_path
ActPlane,3dae89cd06ae,10,11,codex:rollout-2026-06-12T23-22-34-019ebfa5-7d5b-76a2-94b7-fb066ce0b27a:551,45217,predecessor_module
ActPlane,3dae89cd06ae,10,11,codex:rollout-2026-06-12T23-22-34-019ebfa5-7d5b-76a2-94b7-fb066ce0b27a:552,45218,predecessor_module
ActPlane,3dae89cd06ae,10,11,codex:rollout-2026-06-12T23-22-34-019ebfa5-7d5b-76a2-94b7-fb066ce0b27a:553,45219,predecessor_module
ActPlane,3dae89cd06ae,10,11,codex:rollout-2026-06-12T23-22-34-019ebfa5-7d5b-76a2-94b7-fb066ce0b27a:554,45220,predecessor_module
ActPlane,3dae89cd06ae,10,11,codex:rollout-2026-06-12T23-22-34-019ebfa5-7d5b-76a2-94b7-fb066ce0b27a:555,45221,predecessor_module
ActPlane,3dae89cd06ae,10,11,codex:rollout-2026-06-12T23-22-34-019ebfa5-7d5b-76a2-94b7-fb066ce0b27a:556,45222,predecessor_module
ActPlane,3dae89cd06ae,10,11,codex:rollout-2026-06-12T23-22-34-019ebfa5-7d5b-76a2-94b7-fb066ce0b27a:557,45223,predecessor_module
ActPlane,3dae89cd06ae,10,11,codex:rollout-2026-06-12T23-22-34-019ebfa5-7d5b-76a2-94b7-fb066ce0b27a:558,45224,predecessor_module
ActPlane,3dae89cd06ae,10,11,codex:rollout-2026-06-12T23-22-34-019ebfa5-7d5b-76a2-94b7-fb066ce0b27a:559,45225,predecessor_module
ActPlane,3dae89cd06ae,10,11,codex:rollout-2026-06-12T23-22-34-019ebfa5-7d5b-76a2-94b7-fb066ce0b27a:560,45226,predecessor_module
ActPlane,3dae89cd06ae,10,11,codex:rollout-2026-06-12T23-22-34-019ebfa5-7d5b-76a2-94b7-fb066ce0b27a:561,45227,predecessor_module
ActPlane,3dae89cd06ae,10,11,codex:rollout-2026-06-12T23-22-34-019ebfa5-7d5b-76a2-94b7-fb066ce0b27a:562,45228,predecessor_module
ActPlane,3dae89cd06ae,10,11,codex:rollout-2026-06-12T23-22-34-019ebfa5-7d5b-76a2-94b7-fb066ce0b27a:563,45229,no_resolved_path
ActPlane,3dae89cd06ae,10,11,codex:rollout-2026-06-12T23-22-34-019ebfa5-7d5b-76a2-94b7-fb066ce0b27a:564,45230,no_resolved_path
ActPlane,3dae89cd06ae,10,11,codex:rollout-2026-06-12T23-22-34-019ebfa5-7d5b-76a2-94b7-fb066ce0b27a:565,45231,predecessor_module
ActPlane,3dae89cd06ae,10,11,codex:rollout-2026-06-12T23-22-34-019ebfa5-7d5b-76a2-94b7-fb066ce0b27a:566,45232,predecessor_module
ActPlane,3dae89cd06ae,10,11,codex:rollout-2026-06-12T23-22-34-019ebfa5-7d5b-76a2-94b7-fb066ce0b27a:567,45233,predecessor_module
ActPlane,3dae89cd06ae,10,11,codex:rollout-2026-06-12T23-22-34-019ebfa5-7d5b-76a2-94b7-fb066ce0b27a:568,45234,no_resolved_path
ActPlane,3dae89cd06ae,10,11,codex:rollout-2026-06-12T23-22-34-019ebfa5-7d5b-76a2-94b7-fb066ce0b27a:569,45235,predecessor_module
ActPlane,3dae89cd06ae,10,11,codex:rollout-2026-06-12T23-22-34-019ebfa5-7d5b-76a2-94b7-fb066ce0b27a:570,45236,predecessor_module
ActPlane,3dae89cd06ae,10,11,codex:rollout-2026-06-12T23-22-34-019ebfa5-7d5b-76a2-94b7-fb066ce0b27a:571,45237,predecessor_module
ActPlane,3dae89cd06ae,10,11,codex:rollout-2026-06-12T23-22-34-019ebfa5-7d5b-76a2-94b7-fb066ce0b27a:572,45238,predecessor_module
ActPlane,3dae89cd06ae,10,11,codex:rollout-2026-06-12T23-22-34-019ebfa5-7d5b-76a2-94b7-fb066ce0b27a:573,45239,other_resolved_artifact
ActPlane,3dae89cd06ae,10,11,codex:rollout-2026-06-12T23-22-34-019ebfa5-7d5b-76a2-94b7-fb066ce0b27a:574,45240,other_resolved_artifact
ActPlane,3dae89cd06ae,10,11,codex:rollout-2026-06-12T23-22-34-019ebfa5-7d5b-76a2-94b7-fb066ce0b27a:575,45241,no_resolved_path
ActPlane,3dae89cd06ae,10,11,codex:rollout-2026-06-12T23-22-34-019ebfa5-7d5b-76a2-94b7-fb066ce0b27a:576,45242,other_resolved_artifact
ActPlane,3dae89cd06ae,10,11,codex:rollout-2026-06-12T23-22-34-019ebfa5-7d5b-76a2-94b7-fb066ce0b27a:577,45243,other_resolved_artifact
ActPlane,3dae89cd06ae,10,11,codex:rollout-2026-06-12T23-22-34-019ebfa5-7d5b-76a2-94b7-fb066ce0b27a:578,45244,no_resolved_path
ActPlane,3dae89cd06ae,10,11,codex:rollout-2026-06-12T23-22-34-019ebfa5-7d5b-76a2-94b7-fb066ce0b27a:579,45245,no_resolved_path
ActPlane,3dae89cd06ae,10,11,codex:rollout-2026-06-12T23-22-34-019ebfa5-7d5b-76a2-94b7-fb066ce0b27a:580,45246,no_resolved_path
ActPlane,3dae89cd06ae,10,11,codex:rollout-2026-06-12T23-22-34-019ebfa5-7d5b-76a2-94b7-fb066ce0b27a:581,45247,no_resolved_path
ActPlane,3dae89cd06ae,10,11,codex:rollout-2026-06-12T23-22-34-019ebfa5-7d5b-76a2-94b7-fb066ce0b27a:582,45248,no_resolved_path
ActPlane,3dae89cd06ae,10,11,codex:rollout-2026-06-12T23-22-34-019ebfa5-7d5b-76a2-94b7-fb066ce0b27a:583,45249,no_resolved_path
ActPlane,3dae89cd06ae,10,11,codex:rollout-2026-06-12T23-22-34-019ebfa5-7d5b-76a2-94b7-fb066ce0b27a:584,45250,no_resolved_path
ActPlane,3dae89cd06ae,10,11,codex:rollout-2026-06-12T23-22-34-019ebfa5-7d5b-76a2-94b7-fb066ce0b27a:585,45251,no_resolved_path
ActPlane,3dae89cd06ae,10,11,codex:rollout-2026-06-12T23-22-34-019ebfa5-7d5b-76a2-94b7-fb066ce0b27a:586,45252,no_resolved_path
ActPlane,3dae89cd06ae,10,11,codex:rollout-2026-06-12T23-22-34-019ebfa5-7d5b-76a2-94b7-fb066ce0b27a:587,45253,no_resolved_path
ActPlane,3dae89cd06ae,10,11,codex:rollout-2026-06-12T23-22-34-019ebfa5-7d5b-76a2-94b7-fb066ce0b27a:588,45254,no_resolved_path
ActPlane,3dae89cd06ae,10,11,codex:rollout-2026-06-12T23-22-34-019ebfa5-7d5b-76a2-94b7-fb066ce0b27a:589,45255,no_resolved_path
ActPlane,3dae89cd06ae,10,11,codex:rollout-2026-06-12T23-22-34-019ebfa5-7d5b-76a2-94b7-fb066ce0b27a:590,45256,no_resolved_path
ActPlane,3dae89cd06ae,10,11,codex:rollout-2026-06-12T23-22-34-019ebfa5-7d5b-76a2-94b7-fb066ce0b27a:591,45257,no_resolved_path
ActPlane,3dae89cd06ae,10,11,codex:rollout-2026-06-12T23-22-34-019ebfa5-7d5b-76a2-94b7-fb066ce0b27a:592,45258,no_resolved_path
ActPlane,3dae89cd06ae,10,11,codex:rollout-2026-06-12T23-22-34-019ebfa5-7d5b-76a2-94b7-fb066ce0b27a:593,45259,no_resolved_path
ActPlane,3dae89cd06ae,10,11,codex:rollout-2026-06-12T23-22-34-019ebfa5-7d5b-76a2-94b7-fb066ce0b27a:594,45260,no_resolved_path
ActPlane,3dae89cd06ae,10,11,codex:rollout-2026-06-12T23-22-34-019ebfa5-7d5b-76a2-94b7-fb066ce0b27a:595,45261,other_resolved_artifact
ActPlane,3dae89cd06ae,10,11,codex:rollout-2026-06-12T23-22-34-019ebfa5-7d5b-76a2-94b7-fb066ce0b27a:596,45262,other_resolved_artifact
ActPlane,3dae89cd06ae,10,11,codex:rollout-2026-06-12T23-22-34-019ebfa5-7d5b-76a2-94b7-fb066ce0b27a:597,45263,other_resolved_artifact
ActPlane,3dae89cd06ae,10,11,codex:rollout-2026-06-12T23-22-34-019ebfa5-7d5b-76a2-94b7-fb066ce0b27a:598,45264,no_resolved_path
ActPlane,3dae89cd06ae,10,11,codex:rollout-2026-06-12T23-22-34-019ebfa5-7d5b-76a2-94b7-fb066ce0b27a:599,45265,other_resolved_artifact
ActPlane,3dae89cd06ae,10,11,codex:rollout-2026-06-12T23-22-34-019ebfa5-7d5b-76a2-94b7-fb066ce0b27a:600,45266,other_resolved_artifact
ActPlane,3dae89cd06ae,10,11,codex:rollout-2026-06-12T23-22-34-019ebfa5-7d5b-76a2-94b7-fb066ce0b27a:601,45267,other_resolved_artifact
ActPlane,3dae89cd06ae,10,11,codex:rollout-2026-06-12T23-22-34-019ebfa5-7d5b-76a2-94b7-fb066ce0b27a:602,45268,other_resolved_artifact
ActPlane,3dae89cd06ae,10,11,codex:rollout-2026-06-12T23-22-34-019ebfa5-7d5b-76a2-94b7-fb066ce0b27a:603,45269,other_resolved_artifact
ActPlane,3dae89cd06ae,10,11,codex:rollout-2026-06-12T23-22-34-019ebfa5-7d5b-76a2-94b7-fb066ce0b27a:604,45270,other_resolved_artifact
ActPlane,3dae89cd06ae,10,11,codex:rollout-2026-06-12T23-22-34-019ebfa5-7d5b-76a2-94b7-fb066ce0b27a:605,45271,other_resolved_artifact
ActPlane,3dae89cd06ae,10,11,codex:rollout-2026-06-12T23-22-34-019ebfa5-7d5b-76a2-94b7-fb066ce0b27a:606,45272,other_resolved_artifact
ActPlane,3dae89cd06ae,10,11,codex:rollout-2026-06-12T23-22-34-019ebfa5-7d5b-76a2-94b7-fb066ce0b27a:607,45273,other_resolved_scope
ActPlane,3dae89cd06ae,10,11,codex:rollout-2026-06-12T23-22-34-019ebfa5-7d5b-76a2-94b7-fb066ce0b27a:608,45274,no_resolved_path
ActPlane,3dae89cd06ae,10,11,codex:rollout-2026-06-12T23-22-34-019ebfa5-7d5b-76a2-94b7-fb066ce0b27a:609,45275,no_resolved_path
ActPlane,3dae89cd06ae,10,11,codex:rollout-2026-06-12T23-22-34-019ebfa5-7d5b-76a2-94b7-fb066ce0b27a:610,45276,no_resolved_path
ActPlane,3dae89cd06ae,10,11,codex:rollout-2026-06-12T23-22-34-019ebfa5-7d5b-76a2-94b7-fb066ce0b27a:611,45277,no_resolved_path
ActPlane,3dae89cd06ae,10,11,codex:rollout-2026-06-12T23-22-34-019ebfa5-7d5b-76a2-94b7-fb066ce0b27a:612,45278,no_resolved_path
ActPlane,3dae89cd06ae,10,11,codex:rollout-2026-06-12T23-22-34-019ebfa5-7d5b-76a2-94b7-fb066ce0b27a:613,45279,no_resolved_path
ActPlane,3dae89cd06ae,10,11,codex:rollout-2026-06-12T23-22-34-019ebfa5-7d5b-76a2-94b7-fb066ce0b27a:614,45280,no_resolved_path
ActPlane,3dae89cd06ae,10,11,codex:rollout-2026-06-12T23-22-34-019ebfa5-7d5b-76a2-94b7-fb066ce0b27a:615,45281,no_resolved_path
ActPlane,3dae89cd06ae,10,11,codex:rollout-2026-06-12T23-22-34-019ebfa5-7d5b-76a2-94b7-fb066ce0b27a:616,45282,no_resolved_path
ActPlane,3dae89cd06ae,10,11,codex:rollout-2026-06-12T23-22-34-019ebfa5-7d5b-76a2-94b7-fb066ce0b27a:617,45283,no_resolved_path
ActPlane,3dae89cd06ae,10,11,codex:rollout-2026-06-12T23-22-34-019ebfa5-7d5b-76a2-94b7-fb066ce0b27a:618,45284,no_resolved_path
ActPlane,3dae89cd06ae,10,11,codex:rollout-2026-06-12T23-22-34-019ebfa5-7d5b-76a2-94b7-fb066ce0b27a:619,45285,no_resolved_path
ActPlane,3dae89cd06ae,10,11,codex:rollout-2026-06-12T23-22-34-019ebfa5-7d5b-76a2-94b7-fb066ce0b27a:620,45286,no_resolved_path
ActPlane,3dae89cd06ae,10,11,codex:rollout-2026-06-12T23-22-34-019ebfa5-7d5b-76a2-94b7-fb066ce0b27a:621,45287,no_resolved_path
ActPlane,3dae89cd06ae,10,11,codex:rollout-2026-06-12T23-22-34-019ebfa5-7d5b-76a2-94b7-fb066ce0b27a:622,45288,other_resolved_artifact
ActPlane,3dae89cd06ae,10,11,codex:rollout-2026-06-12T23-22-34-019ebfa5-7d5b-76a2-94b7-fb066ce0b27a:623,45289,other_resolved_artifact
ActPlane,3dae89cd06ae,10,11,codex:rollout-2026-06-12T23-22-34-019ebfa5-7d5b-76a2-94b7-fb066ce0b27a:624,45290,other_resolved_artifact
ActPlane,3dae89cd06ae,10,11,codex:rollout-2026-06-12T23-22-34-019ebfa5-7d5b-76a2-94b7-fb066ce0b27a:625,45291,other_resolved_artifact
ActPlane,3dae89cd06ae,10,11,codex:rollout-2026-06-12T23-22-34-019ebfa5-7d5b-76a2-94b7-fb066ce0b27a:626,45292,no_resolved_path
ActPlane,3dae89cd06ae,10,11,codex:rollout-2026-06-12T23-22-34-019ebfa5-7d5b-76a2-94b7-fb066ce0b27a:627,45293,no_resolved_path
ActPlane,3dae89cd06ae,10,11,codex:rollout-2026-06-12T23-22-34-019ebfa5-7d5b-76a2-94b7-fb066ce0b27a:628,45294,other_resolved_artifact
ActPlane,3dae89cd06ae,10,11,codex:rollout-2026-06-12T23-22-34-019ebfa5-7d5b-76a2-94b7-fb066ce0b27a:629,45295,other_resolved_artifact
ActPlane,3dae89cd06ae,10,11,codex:rollout-2026-06-12T23-22-34-019ebfa5-7d5b-76a2-94b7-fb066ce0b27a:630,45296,other_resolved_artifact
ActPlane,3dae89cd06ae,10,11,codex:rollout-2026-06-12T23-22-34-019ebfa5-7d5b-76a2-94b7-fb066ce0b27a:631,45297,other_resolved_artifact
ActPlane,3dae89cd06ae,10,11,codex:rollout-2026-06-12T23-22-34-019ebfa5-7d5b-76a2-94b7-fb066ce0b27a:632,45298,no_resolved_path
ActPlane,3dae89cd06ae,10,11,codex:rollout-2026-06-12T23-22-34-019ebfa5-7d5b-76a2-94b7-fb066ce0b27a:633,45299,no_resolved_path
ActPlane,3dae89cd06ae,10,11,codex:rollout-2026-06-12T23-22-34-019ebfa5-7d5b-76a2-94b7-fb066ce0b27a:634,45300,no_resolved_path
ActPlane,3dae89cd06ae,10,11,codex:rollout-2026-06-12T23-22-34-019ebfa5-7d5b-76a2-94b7-fb066ce0b27a:635,45301,no_resolved_path
ActPlane,3dae89cd06ae,10,11,codex:rollout-2026-06-12T23-22-34-019ebfa5-7d5b-76a2-94b7-fb066ce0b27a:636,45302,predecessor_module
ActPlane,3dae89cd06ae,10,11,codex:rollout-2026-06-12T23-22-34-019ebfa5-7d5b-76a2-94b7-fb066ce0b27a:637,45303,other_resolved_artifact
ActPlane,3dae89cd06ae,10,11,codex:rollout-2026-06-12T23-22-34-019ebfa5-7d5b-76a2-94b7-fb066ce0b27a:638,45304,other_resolved_artifact
ActPlane,3dae89cd06ae,10,11,codex:rollout-2026-06-12T23-22-34-019ebfa5-7d5b-76a2-94b7-fb066ce0b27a:639,45305,other_resolved_artifact
ActPlane,3dae89cd06ae,10,11,codex:rollout-2026-06-12T23-22-34-019ebfa5-7d5b-76a2-94b7-fb066ce0b27a:640,45306,other_resolved_artifact
ActPlane,3dae89cd06ae,10,11,codex:rollout-2026-06-12T23-22-34-019ebfa5-7d5b-76a2-94b7-fb066ce0b27a:641,45307,other_resolved_artifact
ActPlane,3dae89cd06ae,10,11,codex:rollout-2026-06-12T23-22-34-019ebfa5-7d5b-76a2-94b7-fb066ce0b27a:642,45308,other_resolved_artifact
ActPlane,3dae89cd06ae,10,11,codex:rollout-2026-06-12T23-22-34-019ebfa5-7d5b-76a2-94b7-fb066ce0b27a:643,45309,other_resolved_artifact
ActPlane,3dae89cd06ae,10,11,codex:rollout-2026-06-12T23-22-34-019ebfa5-7d5b-76a2-94b7-fb066ce0b27a:644,45310,other_resolved_artifact
ActPlane,3dae89cd06ae,10,11,codex:rollout-2026-06-12T23-22-34-019ebfa5-7d5b-76a2-94b7-fb066ce0b27a:645,45311,other_resolved_artifact
ActPlane,3dae89cd06ae,10,11,codex:rollout-2026-06-12T23-22-34-019ebfa5-7d5b-76a2-94b7-fb066ce0b27a:646,45312,other_resolved_artifact
ActPlane,3dae89cd06ae,10,11,codex:rollout-2026-06-12T23-22-34-019ebfa5-7d5b-76a2-94b7-fb066ce0b27a:647,45313,other_resolved_artifact
ActPlane,3dae89cd06ae,10,11,codex:rollout-2026-06-12T23-22-34-019ebfa5-7d5b-76a2-94b7-fb066ce0b27a:648,45314,other_resolved_artifact
ActPlane,3dae89cd06ae,10,11,codex:rollout-2026-06-12T23-22-34-019ebfa5-7d5b-76a2-94b7-fb066ce0b27a:649,45315,other_resolved_artifact
ActPlane,3dae89cd06ae,10,11,codex:rollout-2026-06-12T23-22-34-019ebfa5-7d5b-76a2-94b7-fb066ce0b27a:650,45316,other_resolved_artifact
ActPlane,3dae89cd06ae,10,11,codex:rollout-2026-06-12T23-22-34-019ebfa5-7d5b-76a2-94b7-fb066ce0b27a:651,45317,other_resolved_artifact
ActPlane,3dae89cd06ae,10,11,codex:rollout-2026-06-12T23-22-34-019ebfa5-7d5b-76a2-94b7-fb066ce0b27a:652,45318,predecessor_module
ActPlane,3dae89cd06ae,10,11,codex:rollout-2026-06-12T23-22-34-019ebfa5-7d5b-76a2-94b7-fb066ce0b27a:653,45319,predecessor_module
ActPlane,3dae89cd06ae,10,11,codex:rollout-2026-06-12T23-22-34-019ebfa5-7d5b-76a2-94b7-fb066ce0b27a:654,45320,predecessor_module
ActPlane,3dae89cd06ae,10,11,codex:rollout-2026-06-12T23-22-34-019ebfa5-7d5b-76a2-94b7-fb066ce0b27a:655,45321,other_resolved_artifact
ActPlane,3dae89cd06ae,10,11,codex:rollout-2026-06-12T23-22-34-019ebfa5-7d5b-76a2-94b7-fb066ce0b27a:656,45322,other_resolved_artifact
ActPlane,3dae89cd06ae,10,11,codex:rollout-2026-06-12T23-22-34-019ebfa5-7d5b-76a2-94b7-fb066ce0b27a:657,45323,other_resolved_artifact
ActPlane,3dae89cd06ae,10,11,codex:rollout-2026-06-12T23-22-34-019ebfa5-7d5b-76a2-94b7-fb066ce0b27a:658,45324,no_resolved_path
ActPlane,3dae89cd06ae,10,11,codex:rollout-2026-06-12T23-22-34-019ebfa5-7d5b-76a2-94b7-fb066ce0b27a:659,45325,no_resolved_path
ActPlane,3dae89cd06ae,10,11,codex:rollout-2026-06-12T23-22-34-019ebfa5-7d5b-76a2-94b7-fb066ce0b27a:660,45326,no_resolved_path
ActPlane,3dae89cd06ae,10,11,codex:rollout-2026-06-12T23-22-34-019ebfa5-7d5b-76a2-94b7-fb066ce0b27a:661,45327,no_resolved_path
ActPlane,3dae89cd06ae,10,11,codex:rollout-2026-06-12T23-22-34-019ebfa5-7d5b-76a2-94b7-fb066ce0b27a:662,45328,no_resolved_path
ActPlane,3dae89cd06ae,10,11,codex:rollout-2026-06-12T23-22-34-019ebfa5-7d5b-76a2-94b7-fb066ce0b27a:663,45329,no_resolved_path
ActPlane,3dae89cd06ae,10,11,codex:rollout-2026-06-12T23-22-34-019ebfa5-7d5b-76a2-94b7-fb066ce0b27a:664,45330,no_resolved_path
ActPlane,3dae89cd06ae,10,11,codex:rollout-2026-06-12T23-22-34-019ebfa5-7d5b-76a2-94b7-fb066ce0b27a:665,45331,predecessor_module
ActPlane,3dae89cd06ae,10,11,codex:rollout-2026-06-12T23-22-34-019ebfa5-7d5b-76a2-94b7-fb066ce0b27a:666,45332,predecessor_module
ActPlane,3dae89cd06ae,10,11,codex:rollout-2026-06-12T23-22-34-019ebfa5-7d5b-76a2-94b7-fb066ce0b27a:667,45333,predecessor_module
ActPlane,3dae89cd06ae,10,11,codex:rollout-2026-06-12T23-22-34-019ebfa5-7d5b-76a2-94b7-fb066ce0b27a:668,45334,predecessor_module
ActPlane,3dae89cd06ae,10,11,codex:rollout-2026-06-12T23-22-34-019ebfa5-7d5b-76a2-94b7-fb066ce0b27a:669,45335,predecessor_module
ActPlane,3dae89cd06ae,10,11,codex:rollout-2026-06-12T23-22-34-019ebfa5-7d5b-76a2-94b7-fb066ce0b27a:670,45336,predecessor_module
ActPlane,3dae89cd06ae,10,11,codex:rollout-2026-06-12T23-22-34-019ebfa5-7d5b-76a2-94b7-fb066ce0b27a:671,45337,predecessor_module
ActPlane,3dae89cd06ae,10,11,codex:rollout-2026-06-12T23-22-34-019ebfa5-7d5b-76a2-94b7-fb066ce0b27a:672,45338,predecessor_module
ActPlane,3dae89cd06ae,10,11,codex:rollout-2026-06-12T23-22-34-019ebfa5-7d5b-76a2-94b7-fb066ce0b27a:673,45339,predecessor_module
ActPlane,3dae89cd06ae,10,11,codex:rollout-2026-06-12T23-22-34-019ebfa5-7d5b-76a2-94b7-fb066ce0b27a:674,45340,predecessor_module
ActPlane,3dae89cd06ae,10,11,codex:rollout-2026-06-12T23-22-34-019ebfa5-7d5b-76a2-94b7-fb066ce0b27a:675,45341,no_resolved_path
ActPlane,3dae89cd06ae,10,11,codex:rollout-2026-06-12T23-22-34-019ebfa5-7d5b-76a2-94b7-fb066ce0b27a:676,45342,no_resolved_path
ActPlane,3dae89cd06ae,10,11,codex:rollout-2026-06-12T23-22-34-019ebfa5-7d5b-76a2-94b7-fb066ce0b27a:677,45343,no_resolved_path
ActPlane,3dae89cd06ae,10,11,codex:rollout-2026-06-12T23-22-34-019ebfa5-7d5b-76a2-94b7-fb066ce0b27a:678,45344,no_resolved_path
ActPlane,3dae89cd06ae,10,11,codex:rollout-2026-06-12T23-22-34-019ebfa5-7d5b-76a2-94b7-fb066ce0b27a:679,45345,no_resolved_path
ActPlane,3dae89cd06ae,10,11,codex:rollout-2026-06-12T23-22-34-019ebfa5-7d5b-76a2-94b7-fb066ce0b27a:680,45346,other_resolved_artifact
ActPlane,3dae89cd06ae,10,11,codex:rollout-2026-06-12T23-22-34-019ebfa5-7d5b-76a2-94b7-fb066ce0b27a:681,45347,other_resolved_artifact
ActPlane,3dae89cd06ae,10,11,codex:rollout-2026-06-12T23-22-34-019ebfa5-7d5b-76a2-94b7-fb066ce0b27a:682,45348,predecessor_module
ActPlane,3dae89cd06ae,10,11,codex:rollout-2026-06-12T23-22-34-019ebfa5-7d5b-76a2-94b7-fb066ce0b27a:683,45349,no_resolved_path
ActPlane,3dae89cd06ae,10,11,codex:rollout-2026-06-12T23-22-34-019ebfa5-7d5b-76a2-94b7-fb066ce0b27a:684,45350,no_resolved_path
ActPlane,3dae89cd06ae,10,11,codex:rollout-2026-06-12T23-22-34-019ebfa5-7d5b-76a2-94b7-fb066ce0b27a:685,45351,predecessor_module
ActPlane,3dae89cd06ae,10,11,codex:rollout-2026-06-12T23-22-34-019ebfa5-7d5b-76a2-94b7-fb066ce0b27a:686,45352,other_resolved_artifact
ActPlane,3dae89cd06ae,10,11,codex:rollout-2026-06-12T23-22-34-019ebfa5-7d5b-76a2-94b7-fb066ce0b27a:687,45353,other_resolved_artifact
ActPlane,3dae89cd06ae,10,11,codex:rollout-2026-06-12T23-22-34-019ebfa5-7d5b-76a2-94b7-fb066ce0b27a:688,45354,other_resolved_artifact
ActPlane,3dae89cd06ae,10,11,codex:rollout-2026-06-12T23-22-34-019ebfa5-7d5b-76a2-94b7-fb066ce0b27a:689,45355,other_resolved_artifact
ActPlane,3dae89cd06ae,10,11,codex:rollout-2026-06-12T23-22-34-019ebfa5-7d5b-76a2-94b7-fb066ce0b27a:690,45356,other_resolved_artifact
ActPlane,3dae89cd06ae,10,11,codex:rollout-2026-06-12T23-22-34-019ebfa5-7d5b-76a2-94b7-fb066ce0b27a:691,45357,other_resolved_artifact
ActPlane,3dae89cd06ae,10,11,codex:rollout-2026-06-12T23-22-34-019ebfa5-7d5b-76a2-94b7-fb066ce0b27a:692,45358,other_resolved_artifact
ActPlane,3dae89cd06ae,10,11,codex:rollout-2026-06-12T23-22-34-019ebfa5-7d5b-76a2-94b7-fb066ce0b27a:693,45359,other_resolved_artifact
ActPlane,3dae89cd06ae,10,11,codex:rollout-2026-06-12T23-22-34-019ebfa5-7d5b-76a2-94b7-fb066ce0b27a:694,45360,other_resolved_artifact
ActPlane,3dae89cd06ae,10,11,codex:rollout-2026-06-12T23-22-34-019ebfa5-7d5b-76a2-94b7-fb066ce0b27a:695,45361,other_resolved_artifact
ActPlane,3dae89cd06ae,10,11,codex:rollout-2026-06-12T23-22-34-019ebfa5-7d5b-76a2-94b7-fb066ce0b27a:696,45362,other_resolved_artifact
ActPlane,3dae89cd06ae,10,11,codex:rollout-2026-06-12T23-22-34-019ebfa5-7d5b-76a2-94b7-fb066ce0b27a:697,45363,other_resolved_artifact
ActPlane,3dae89cd06ae,10,11,codex:rollout-2026-06-12T23-22-34-019ebfa5-7d5b-76a2-94b7-fb066ce0b27a:698,45364,other_resolved_artifact
ActPlane,3dae89cd06ae,10,11,codex:rollout-2026-06-12T23-22-34-019ebfa5-7d5b-76a2-94b7-fb066ce0b27a:699,45365,other_resolved_artifact
ActPlane,3dae89cd06ae,10,11,codex:rollout-2026-06-12T23-22-34-019ebfa5-7d5b-76a2-94b7-fb066ce0b27a:700,45366,other_resolved_artifact
ActPlane,3dae89cd06ae,10,11,codex:rollout-2026-06-12T23-22-34-019ebfa5-7d5b-76a2-94b7-fb066ce0b27a:701,45367,other_resolved_artifact
ActPlane,3dae89cd06ae,10,11,codex:rollout-2026-06-12T23-22-34-019ebfa5-7d5b-76a2-94b7-fb066ce0b27a:702,45368,other_resolved_artifact
ActPlane,3dae89cd06ae,10,11,codex:rollout-2026-06-12T23-22-34-019ebfa5-7d5b-76a2-94b7-fb066ce0b27a:703,45369,other_resolved_artifact
ActPlane,3dae89cd06ae,10,11,codex:rollout-2026-06-12T23-22-34-019ebfa5-7d5b-76a2-94b7-fb066ce0b27a:704,45370,other_resolved_artifact
ActPlane,3dae89cd06ae,10,11,codex:rollout-2026-06-12T23-22-34-019ebfa5-7d5b-76a2-94b7-fb066ce0b27a:705,45371,other_resolved_artifact
ActPlane,3dae89cd06ae,10,11,codex:rollout-2026-06-12T23-22-34-019ebfa5-7d5b-76a2-94b7-fb066ce0b27a:706,45372,other_resolved_artifact
ActPlane,3dae89cd06ae,10,11,codex:rollout-2026-06-12T23-22-34-019ebfa5-7d5b-76a2-94b7-fb066ce0b27a:707,45373,other_resolved_artifact
ActPlane,3dae89cd06ae,10,11,codex:rollout-2026-06-12T23-22-34-019ebfa5-7d5b-76a2-94b7-fb066ce0b27a:708,45374,other_resolved_artifact
ActPlane,3dae89cd06ae,10,11,codex:rollout-2026-06-12T23-22-34-019ebfa5-7d5b-76a2-94b7-fb066ce0b27a:709,45375,no_resolved_path
ActPlane,3dae89cd06ae,10,11,codex:rollout-2026-06-12T23-22-34-019ebfa5-7d5b-76a2-94b7-fb066ce0b27a:710,45376,no_resolved_path
ActPlane,3dae89cd06ae,10,11,codex:rollout-2026-06-12T23-22-34-019ebfa5-7d5b-76a2-94b7-fb066ce0b27a:711,45377,no_resolved_path
ActPlane,3dae89cd06ae,10,11,codex:rollout-2026-06-12T23-22-34-019ebfa5-7d5b-76a2-94b7-fb066ce0b27a:712,45378,other_resolved_scope
ActPlane,3dae89cd06ae,10,11,codex:rollout-2026-06-12T23-22-34-019ebfa5-7d5b-76a2-94b7-fb066ce0b27a:713,45379,other_resolved_artifact
ActPlane,3dae89cd06ae,10,11,codex:rollout-2026-06-12T23-22-34-019ebfa5-7d5b-76a2-94b7-fb066ce0b27a:714,45380,other_resolved_artifact
ActPlane,3dae89cd06ae,10,11,codex:rollout-2026-06-12T23-22-34-019ebfa5-7d5b-76a2-94b7-fb066ce0b27a:715,45381,no_resolved_path
ActPlane,3dae89cd06ae,10,11,codex:rollout-2026-06-12T23-22-34-019ebfa5-7d5b-76a2-94b7-fb066ce0b27a:716,45382,no_resolved_path
ActPlane,3dae89cd06ae,10,11,codex:rollout-2026-06-12T23-22-34-019ebfa5-7d5b-76a2-94b7-fb066ce0b27a:717,45383,other_resolved_artifact
ActPlane,3dae89cd06ae,10,11,codex:rollout-2026-06-12T23-22-34-019ebfa5-7d5b-76a2-94b7-fb066ce0b27a:718,45384,other_resolved_artifact
ActPlane,3dae89cd06ae,10,11,codex:rollout-2026-06-12T23-22-34-019ebfa5-7d5b-76a2-94b7-fb066ce0b27a:719,45385,other_resolved_artifact
ActPlane,3dae89cd06ae,10,11,codex:rollout-2026-06-12T23-22-34-019ebfa5-7d5b-76a2-94b7-fb066ce0b27a:720,45386,other_resolved_artifact
ActPlane,3dae89cd06ae,10,11,codex:rollout-2026-06-12T23-22-34-019ebfa5-7d5b-76a2-94b7-fb066ce0b27a:721,45387,no_resolved_path
ActPlane,3dae89cd06ae,10,11,codex:rollout-2026-06-12T23-22-34-019ebfa5-7d5b-76a2-94b7-fb066ce0b27a:722,45388,no_resolved_path
ActPlane,3dae89cd06ae,10,11,codex:rollout-2026-06-12T23-22-34-019ebfa5-7d5b-76a2-94b7-fb066ce0b27a:723,45389,predecessor_module
ActPlane,3dae89cd06ae,10,11,codex:rollout-2026-06-12T23-22-34-019ebfa5-7d5b-76a2-94b7-fb066ce0b27a:724,45390,predecessor_module
ActPlane,3dae89cd06ae,10,11,codex:rollout-2026-06-12T23-22-34-019ebfa5-7d5b-76a2-94b7-fb066ce0b27a:725,45391,predecessor_module
ActPlane,3dae89cd06ae,10,11,codex:rollout-2026-06-12T23-22-34-019ebfa5-7d5b-76a2-94b7-fb066ce0b27a:726,45392,predecessor_module
ActPlane,3dae89cd06ae,10,11,codex:rollout-2026-06-12T23-22-34-019ebfa5-7d5b-76a2-94b7-fb066ce0b27a:727,45393,predecessor_module
ActPlane,3dae89cd06ae,10,11,codex:rollout-2026-06-12T23-22-34-019ebfa5-7d5b-76a2-94b7-fb066ce0b27a:728,45394,predecessor_module
ActPlane,3dae89cd06ae,10,11,codex:rollout-2026-06-12T23-22-34-019ebfa5-7d5b-76a2-94b7-fb066ce0b27a:729,45395,predecessor_module
ActPlane,3dae89cd06ae,10,11,codex:rollout-2026-06-12T23-22-34-019ebfa5-7d5b-76a2-94b7-fb066ce0b27a:730,45396,predecessor_module
ActPlane,3dae89cd06ae,10,11,codex:rollout-2026-06-12T23-22-34-019ebfa5-7d5b-76a2-94b7-fb066ce0b27a:731,45397,predecessor_module
ActPlane,3dae89cd06ae,10,11,codex:rollout-2026-06-12T23-22-34-019ebfa5-7d5b-76a2-94b7-fb066ce0b27a:732,45398,predecessor_module
ActPlane,3dae89cd06ae,10,11,codex:rollout-2026-06-12T23-22-34-019ebfa5-7d5b-76a2-94b7-fb066ce0b27a:733,45399,no_resolved_path
ActPlane,3dae89cd06ae,10,11,codex:rollout-2026-06-12T23-22-34-019ebfa5-7d5b-76a2-94b7-fb066ce0b27a:734,45400,no_resolved_path
ActPlane,3dae89cd06ae,10,11,codex:rollout-2026-06-12T23-22-34-019ebfa5-7d5b-76a2-94b7-fb066ce0b27a:735,45401,no_resolved_path
ActPlane,3dae89cd06ae,10,11,codex:rollout-2026-06-12T23-22-34-019ebfa5-7d5b-76a2-94b7-fb066ce0b27a:736,45402,no_resolved_path
ActPlane,3dae89cd06ae,10,11,codex:rollout-2026-06-12T23-22-34-019ebfa5-7d5b-76a2-94b7-fb066ce0b27a:737,45403,no_resolved_path
ActPlane,3dae89cd06ae,10,11,codex:rollout-2026-06-12T23-22-34-019ebfa5-7d5b-76a2-94b7-fb066ce0b27a:738,45404,no_resolved_path
ActPlane,3dae89cd06ae,10,11,codex:rollout-2026-06-12T23-22-34-019ebfa5-7d5b-76a2-94b7-fb066ce0b27a:739,45405,no_resolved_path
ActPlane,3dae89cd06ae,10,11,codex:rollout-2026-06-12T23-22-34-019ebfa5-7d5b-76a2-94b7-fb066ce0b27a:740,45406,no_resolved_path
ActPlane,3dae89cd06ae,10,11,codex:rollout-2026-06-12T23-22-34-019ebfa5-7d5b-76a2-94b7-fb066ce0b27a:741,45407,predecessor_module
ActPlane,3dae89cd06ae,10,11,codex:rollout-2026-06-12T23-22-34-019ebfa5-7d5b-76a2-94b7-fb066ce0b27a:742,45408,no_resolved_path
ActPlane,3dae89cd06ae,10,11,codex:rollout-2026-06-12T23-22-34-019ebfa5-7d5b-76a2-94b7-fb066ce0b27a:743,45409,no_resolved_path
ActPlane,3dae89cd06ae,10,11,codex:rollout-2026-06-12T23-22-34-019ebfa5-7d5b-76a2-94b7-fb066ce0b27a:744,45410,no_resolved_path
ActPlane,3dae89cd06ae,10,11,codex:rollout-2026-06-12T23-22-34-019ebfa5-7d5b-76a2-94b7-fb066ce0b27a:745,45411,predecessor_module
ActPlane,3dae89cd06ae,10,11,codex:rollout-2026-06-12T23-22-34-019ebfa5-7d5b-76a2-94b7-fb066ce0b27a:746,45412,other_resolved_artifact
ActPlane,3dae89cd06ae,10,11,codex:rollout-2026-06-12T23-22-34-019ebfa5-7d5b-76a2-94b7-fb066ce0b27a:747,45413,other_resolved_artifact
ActPlane,3dae89cd06ae,10,11,codex:rollout-2026-06-12T23-22-34-019ebfa5-7d5b-76a2-94b7-fb066ce0b27a:748,45414,other_resolved_artifact
ActPlane,3dae89cd06ae,10,11,codex:rollout-2026-06-12T23-22-34-019ebfa5-7d5b-76a2-94b7-fb066ce0b27a:749,45415,other_resolved_artifact
ActPlane,3dae89cd06ae,10,11,codex:rollout-2026-06-12T23-22-34-019ebfa5-7d5b-76a2-94b7-fb066ce0b27a:750,45416,other_resolved_artifact
ActPlane,3dae89cd06ae,10,11,codex:rollout-2026-06-12T23-22-34-019ebfa5-7d5b-76a2-94b7-fb066ce0b27a:751,45417,other_resolved_artifact
ActPlane,3dae89cd06ae,10,11,codex:rollout-2026-06-12T23-22-34-019ebfa5-7d5b-76a2-94b7-fb066ce0b27a:752,45418,other_resolved_artifact
ActPlane,3dae89cd06ae,10,11,codex:rollout-2026-06-12T23-22-34-019ebfa5-7d5b-76a2-94b7-fb066ce0b27a:753,45419,other_resolved_artifact
ActPlane,3dae89cd06ae,10,11,codex:rollout-2026-06-12T23-22-34-019ebfa5-7d5b-76a2-94b7-fb066ce0b27a:754,45420,other_resolved_artifact
ActPlane,3dae89cd06ae,10,11,codex:rollout-2026-06-12T23-22-34-019ebfa5-7d5b-76a2-94b7-fb066ce0b27a:755,45421,other_resolved_artifact
ActPlane,3dae89cd06ae,10,11,codex:rollout-2026-06-12T23-22-34-019ebfa5-7d5b-76a2-94b7-fb066ce0b27a:756,45422,other_resolved_artifact
ActPlane,3dae89cd06ae,10,11,codex:rollout-2026-06-12T23-22-34-019ebfa5-7d5b-76a2-94b7-fb066ce0b27a:757,45423,other_resolved_scope
ActPlane,3dae89cd06ae,10,11,codex:rollout-2026-06-12T23-22-34-019ebfa5-7d5b-76a2-94b7-fb066ce0b27a:758,45424,other_resolved_artifact
ActPlane,3dae89cd06ae,10,11,codex:rollout-2026-06-12T23-22-34-019ebfa5-7d5b-76a2-94b7-fb066ce0b27a:759,45425,predecessor_module
ActPlane,3dae89cd06ae,10,11,codex:rollout-2026-06-12T23-22-34-019ebfa5-7d5b-76a2-94b7-fb066ce0b27a:760,45426,other_resolved_artifact
ActPlane,3dae89cd06ae,10,11,codex:rollout-2026-06-12T23-22-34-019ebfa5-7d5b-76a2-94b7-fb066ce0b27a:761,45427,no_resolved_path
ActPlane,3dae89cd06ae,10,11,codex:rollout-2026-06-12T23-22-34-019ebfa5-7d5b-76a2-94b7-fb066ce0b27a:762,45428,no_resolved_path
ActPlane,3dae89cd06ae,10,11,codex:rollout-2026-06-12T23-22-34-019ebfa5-7d5b-76a2-94b7-fb066ce0b27a:763,45429,other_resolved_artifact
ActPlane,3dae89cd06ae,10,11,codex:rollout-2026-06-12T23-22-34-019ebfa5-7d5b-76a2-94b7-fb066ce0b27a:764,45430,no_resolved_path
ActPlane,3dae89cd06ae,10,11,codex:rollout-2026-06-12T23-22-34-019ebfa5-7d5b-76a2-94b7-fb066ce0b27a:765,45431,no_resolved_path
ActPlane,3dae89cd06ae,10,11,codex:rollout-2026-06-12T23-22-34-019ebfa5-7d5b-76a2-94b7-fb066ce0b27a:766,45432,other_resolved_artifact
ActPlane,3dae89cd06ae,10,11,codex:rollout-2026-06-12T23-22-34-019ebfa5-7d5b-76a2-94b7-fb066ce0b27a:767,45433,other_resolved_artifact
ActPlane,3dae89cd06ae,10,11,codex:rollout-2026-06-12T23-22-34-019ebfa5-7d5b-76a2-94b7-fb066ce0b27a:768,45434,other_resolved_artifact
ActPlane,3dae89cd06ae,10,11,codex:rollout-2026-06-12T23-22-34-019ebfa5-7d5b-76a2-94b7-fb066ce0b27a:769,45435,no_resolved_path
ActPlane,3dae89cd06ae,10,11,codex:rollout-2026-06-12T23-22-34-019ebfa5-7d5b-76a2-94b7-fb066ce0b27a:770,45436,no_resolved_path
ActPlane,3dae89cd06ae,10,11,codex:rollout-2026-06-12T23-22-34-019ebfa5-7d5b-76a2-94b7-fb066ce0b27a:771,45437,predecessor_module
ActPlane,3dae89cd06ae,10,11,codex:rollout-2026-06-12T23-22-34-019ebfa5-7d5b-76a2-94b7-fb066ce0b27a:772,45438,predecessor_module
ActPlane,3dae89cd06ae,10,11,codex:rollout-2026-06-12T23-22-34-019ebfa5-7d5b-76a2-94b7-fb066ce0b27a:773,45439,predecessor_module
ActPlane,3dae89cd06ae,10,11,codex:rollout-2026-06-12T23-22-34-019ebfa5-7d5b-76a2-94b7-fb066ce0b27a:774,45440,predecessor_module
ActPlane,3dae89cd06ae,10,11,codex:rollout-2026-06-12T23-22-34-019ebfa5-7d5b-76a2-94b7-fb066ce0b27a:775,45441,no_resolved_path
ActPlane,3dae89cd06ae,10,11,codex:rollout-2026-06-12T23-22-34-019ebfa5-7d5b-76a2-94b7-fb066ce0b27a:776,45442,predecessor_module
ActPlane,3dae89cd06ae,10,11,codex:rollout-2026-06-12T23-22-34-019ebfa5-7d5b-76a2-94b7-fb066ce0b27a:777,45443,no_resolved_path
ActPlane,3dae89cd06ae,10,11,codex:rollout-2026-06-12T23-22-34-019ebfa5-7d5b-76a2-94b7-fb066ce0b27a:778,45444,no_resolved_path
ActPlane,3dae89cd06ae,10,11,codex:rollout-2026-06-12T23-22-34-019ebfa5-7d5b-76a2-94b7-fb066ce0b27a:779,45445,no_resolved_path
ActPlane,3dae89cd06ae,10,11,codex:rollout-2026-06-12T23-22-34-019ebfa5-7d5b-76a2-94b7-fb066ce0b27a:780,45446,no_resolved_path
ActPlane,3dae89cd06ae,10,11,codex:rollout-2026-06-12T23-22-34-019ebfa5-7d5b-76a2-94b7-fb066ce0b27a:781,45447,no_resolved_path
ActPlane,3dae89cd06ae,10,11,codex:rollout-2026-06-12T23-22-34-019ebfa5-7d5b-76a2-94b7-fb066ce0b27a:782,45448,no_resolved_path
ActPlane,3dae89cd06ae,10,11,codex:rollout-2026-06-12T23-22-34-019ebfa5-7d5b-76a2-94b7-fb066ce0b27a:783,45449,no_resolved_path
ActPlane,3dae89cd06ae,10,11,codex:rollout-2026-06-12T23-22-34-019ebfa5-7d5b-76a2-94b7-fb066ce0b27a:784,45450,no_resolved_path
ActPlane,3dae89cd06ae,10,11,codex:rollout-2026-06-12T23-22-34-019ebfa5-7d5b-76a2-94b7-fb066ce0b27a:785,45451,predecessor_module
ActPlane,3dae89cd06ae,10,11,codex:rollout-2026-06-12T23-22-34-019ebfa5-7d5b-76a2-94b7-fb066ce0b27a:786,45452,no_resolved_path
ActPlane,3dae89cd06ae,10,11,codex:rollout-2026-06-12T23-22-34-019ebfa5-7d5b-76a2-94b7-fb066ce0b27a:787,45453,no_resolved_path
ActPlane,3dae89cd06ae,10,11,codex:rollout-2026-06-12T23-22-34-019ebfa5-7d5b-76a2-94b7-fb066ce0b27a:788,45454,no_resolved_path
ActPlane,3dae89cd06ae,10,11,codex:rollout-2026-06-12T23-22-34-019ebfa5-7d5b-76a2-94b7-fb066ce0b27a:789,45455,predecessor_module
ActPlane,3dae89cd06ae,10,11,codex:rollout-2026-06-12T23-22-34-019ebfa5-7d5b-76a2-94b7-fb066ce0b27a:790,45456,other_resolved_artifact
ActPlane,3dae89cd06ae,10,11,codex:rollout-2026-06-12T23-22-34-019ebfa5-7d5b-76a2-94b7-fb066ce0b27a:791,45457,other_resolved_artifact
ActPlane,3dae89cd06ae,10,11,codex:rollout-2026-06-12T23-22-34-019ebfa5-7d5b-76a2-94b7-fb066ce0b27a:792,45458,other_resolved_artifact
ActPlane,3dae89cd06ae,10,11,codex:rollout-2026-06-12T23-22-34-019ebfa5-7d5b-76a2-94b7-fb066ce0b27a:793,45459,other_resolved_artifact
ActPlane,3dae89cd06ae,10,11,codex:rollout-2026-06-12T23-22-34-019ebfa5-7d5b-76a2-94b7-fb066ce0b27a:794,45460,other_resolved_artifact
ActPlane,3dae89cd06ae,10,11,codex:rollout-2026-06-12T23-22-34-019ebfa5-7d5b-76a2-94b7-fb066ce0b27a:795,45461,other_resolved_artifact
ActPlane,3dae89cd06ae,10,11,codex:rollout-2026-06-12T23-22-34-019ebfa5-7d5b-76a2-94b7-fb066ce0b27a:796,45462,other_resolved_artifact
ActPlane,3dae89cd06ae,10,11,codex:rollout-2026-06-12T23-22-34-019ebfa5-7d5b-76a2-94b7-fb066ce0b27a:797,45463,other_resolved_artifact
ActPlane,3dae89cd06ae,10,11,codex:rollout-2026-06-12T23-22-34-019ebfa5-7d5b-76a2-94b7-fb066ce0b27a:798,45464,other_resolved_artifact
ActPlane,3dae89cd06ae,10,11,codex:rollout-2026-06-12T23-22-34-019ebfa5-7d5b-76a2-94b7-fb066ce0b27a:799,45465,other_resolved_artifact
ActPlane,3dae89cd06ae,10,11,codex:rollout-2026-06-12T23-22-34-019ebfa5-7d5b-76a2-94b7-fb066ce0b27a:800,45466,other_resolved_artifact
ActPlane,3dae89cd06ae,10,11,codex:rollout-2026-06-12T23-22-34-019ebfa5-7d5b-76a2-94b7-fb066ce0b27a:801,45467,other_resolved_artifact
ActPlane,3dae89cd06ae,10,11,codex:rollout-2026-06-12T23-22-34-019ebfa5-7d5b-76a2-94b7-fb066ce0b27a:802,45468,other_resolved_artifact
ActPlane,3dae89cd06ae,10,11,codex:rollout-2026-06-12T23-22-34-019ebfa5-7d5b-76a2-94b7-fb066ce0b27a:803,45469,other_resolved_scope
ActPlane,3dae89cd06ae,10,11,codex:rollout-2026-06-12T23-22-34-019ebfa5-7d5b-76a2-94b7-fb066ce0b27a:804,45470,other_resolved_artifact
ActPlane,3dae89cd06ae,10,11,codex:rollout-2026-06-12T23-22-34-019ebfa5-7d5b-76a2-94b7-fb066ce0b27a:805,45471,other_resolved_artifact
ActPlane,3dae89cd06ae,10,11,codex:rollout-2026-06-12T23-22-34-019ebfa5-7d5b-76a2-94b7-fb066ce0b27a:806,45472,other_resolved_artifact
ActPlane,3dae89cd06ae,10,11,codex:rollout-2026-06-12T23-22-34-019ebfa5-7d5b-76a2-94b7-fb066ce0b27a:807,45473,no_resolved_path
ActPlane,3dae89cd06ae,10,11,codex:rollout-2026-06-12T23-22-34-019ebfa5-7d5b-76a2-94b7-fb066ce0b27a:808,45474,no_resolved_path
ActPlane,3dae89cd06ae,10,11,codex:rollout-2026-06-12T23-22-34-019ebfa5-7d5b-76a2-94b7-fb066ce0b27a:809,45475,predecessor_module
ActPlane,3dae89cd06ae,10,11,codex:rollout-2026-06-12T23-22-34-019ebfa5-7d5b-76a2-94b7-fb066ce0b27a:810,45476,predecessor_module
ActPlane,3dae89cd06ae,10,11,codex:rollout-2026-06-12T23-22-34-019ebfa5-7d5b-76a2-94b7-fb066ce0b27a:811,45477,predecessor_module
ActPlane,3dae89cd06ae,10,11,codex:rollout-2026-06-12T23-22-34-019ebfa5-7d5b-76a2-94b7-fb066ce0b27a:812,45478,predecessor_module
ActPlane,3dae89cd06ae,10,11,codex:rollout-2026-06-12T23-22-34-019ebfa5-7d5b-76a2-94b7-fb066ce0b27a:813,45479,predecessor_module
ActPlane,3dae89cd06ae,10,11,codex:rollout-2026-06-12T23-22-34-019ebfa5-7d5b-76a2-94b7-fb066ce0b27a:814,45480,no_resolved_path
ActPlane,3dae89cd06ae,10,11,codex:rollout-2026-06-12T23-22-34-019ebfa5-7d5b-76a2-94b7-fb066ce0b27a:815,45481,no_resolved_path
ActPlane,3dae89cd06ae,10,11,codex:rollout-2026-06-12T23-22-34-019ebfa5-7d5b-76a2-94b7-fb066ce0b27a:816,45482,no_resolved_path
ActPlane,3dae89cd06ae,10,11,codex:rollout-2026-06-12T23-22-34-019ebfa5-7d5b-76a2-94b7-fb066ce0b27a:817,45483,no_resolved_path
ActPlane,3dae89cd06ae,10,11,codex:rollout-2026-06-12T23-22-34-019ebfa5-7d5b-76a2-94b7-fb066ce0b27a:818,45484,no_resolved_path
ActPlane,3dae89cd06ae,10,11,codex:rollout-2026-06-12T23-22-34-019ebfa5-7d5b-76a2-94b7-fb066ce0b27a:819,45485,no_resolved_path
ActPlane,3dae89cd06ae,10,11,codex:rollout-2026-06-12T23-22-34-019ebfa5-7d5b-76a2-94b7-fb066ce0b27a:820,45486,no_resolved_path
ActPlane,3dae89cd06ae,10,11,codex:rollout-2026-06-12T23-22-34-019ebfa5-7d5b-76a2-94b7-fb066ce0b27a:821,45487,no_resolved_path
ActPlane,3dae89cd06ae,10,11,codex:rollout-2026-06-12T23-22-34-019ebfa5-7d5b-76a2-94b7-fb066ce0b27a:822,45488,predecessor_module
ActPlane,3dae89cd06ae,10,11,codex:rollout-2026-06-12T23-22-34-019ebfa5-7d5b-76a2-94b7-fb066ce0b27a:823,45489,no_resolved_path
ActPlane,3dae89cd06ae,10,11,codex:rollout-2026-06-12T23-22-34-019ebfa5-7d5b-76a2-94b7-fb066ce0b27a:824,45490,no_resolved_path
ActPlane,3dae89cd06ae,10,11,codex:rollout-2026-06-12T23-22-34-019ebfa5-7d5b-76a2-94b7-fb066ce0b27a:825,45491,no_resolved_path
ActPlane,3dae89cd06ae,10,11,codex:rollout-2026-06-12T23-22-34-019ebfa5-7d5b-76a2-94b7-fb066ce0b27a:826,45492,predecessor_module
ActPlane,3dae89cd06ae,10,11,codex:rollout-2026-06-12T23-22-34-019ebfa5-7d5b-76a2-94b7-fb066ce0b27a:827,45493,other_resolved_artifact
ActPlane,3dae89cd06ae,10,11,codex:rollout-2026-06-12T23-22-34-019ebfa5-7d5b-76a2-94b7-fb066ce0b27a:828,45494,other_resolved_artifact
ActPlane,3dae89cd06ae,10,11,codex:rollout-2026-06-12T23-22-34-019ebfa5-7d5b-76a2-94b7-fb066ce0b27a:829,45495,no_resolved_path
ActPlane,3dae89cd06ae,10,11,codex:rollout-2026-06-12T23-22-34-019ebfa5-7d5b-76a2-94b7-fb066ce0b27a:830,45496,other_resolved_artifact
ActPlane,3dae89cd06ae,10,11,codex:rollout-2026-06-12T23-22-34-019ebfa5-7d5b-76a2-94b7-fb066ce0b27a:831,45497,other_resolved_artifact
ActPlane,3dae89cd06ae,10,11,codex:rollout-2026-06-12T23-22-34-019ebfa5-7d5b-76a2-94b7-fb066ce0b27a:832,45498,other_resolved_artifact
ActPlane,3dae89cd06ae,10,11,codex:rollout-2026-06-12T23-22-34-019ebfa5-7d5b-76a2-94b7-fb066ce0b27a:833,45499,other_resolved_artifact
ActPlane,3dae89cd06ae,10,11,codex:rollout-2026-06-12T23-22-34-019ebfa5-7d5b-76a2-94b7-fb066ce0b27a:834,45500,no_resolved_path
ActPlane,3dae89cd06ae,10,11,codex:rollout-2026-06-12T23-22-34-019ebfa5-7d5b-76a2-94b7-fb066ce0b27a:835,45501,no_resolved_path
ActPlane,3dae89cd06ae,10,11,codex:rollout-2026-06-12T23-22-34-019ebfa5-7d5b-76a2-94b7-fb066ce0b27a:836,45502,other_resolved_artifact
ActPlane,3dae89cd06ae,10,11,codex:rollout-2026-06-12T23-22-34-019ebfa5-7d5b-76a2-94b7-fb066ce0b27a:837,45503,no_resolved_path
ActPlane,3dae89cd06ae,10,11,codex:rollout-2026-06-12T23-22-34-019ebfa5-7d5b-76a2-94b7-fb066ce0b27a:838,45504,no_resolved_path
ActPlane,3dae89cd06ae,10,11,codex:rollout-2026-06-12T23-22-34-019ebfa5-7d5b-76a2-94b7-fb066ce0b27a:839,45505,predecessor_module
ActPlane,3dae89cd06ae,10,11,codex:rollout-2026-06-12T23-22-34-019ebfa5-7d5b-76a2-94b7-fb066ce0b27a:840,45506,predecessor_module
ActPlane,3dae89cd06ae,10,11,codex:rollout-2026-06-12T23-22-34-019ebfa5-7d5b-76a2-94b7-fb066ce0b27a:841,45507,predecessor_module
ActPlane,3dae89cd06ae,10,11,codex:rollout-2026-06-12T23-22-34-019ebfa5-7d5b-76a2-94b7-fb066ce0b27a:842,45508,predecessor_module
ActPlane,3dae89cd06ae,10,11,codex:rollout-2026-06-12T23-22-34-019ebfa5-7d5b-76a2-94b7-fb066ce0b27a:843,45509,predecessor_module
ActPlane,3dae89cd06ae,10,11,codex:rollout-2026-06-12T23-22-34-019ebfa5-7d5b-76a2-94b7-fb066ce0b27a:844,45510,predecessor_module
ActPlane,3dae89cd06ae,10,11,codex:rollout-2026-06-12T23-22-34-019ebfa5-7d5b-76a2-94b7-fb066ce0b27a:845,45511,predecessor_module
ActPlane,3dae89cd06ae,10,11,codex:rollout-2026-06-12T23-22-34-019ebfa5-7d5b-76a2-94b7-fb066ce0b27a:846,45512,no_resolved_path
ActPlane,3dae89cd06ae,10,11,codex:rollout-2026-06-12T23-22-34-019ebfa5-7d5b-76a2-94b7-fb066ce0b27a:847,45513,no_resolved_path
ActPlane,3dae89cd06ae,10,11,codex:rollout-2026-06-12T23-22-34-019ebfa5-7d5b-76a2-94b7-fb066ce0b27a:848,45514,no_resolved_path
ActPlane,3dae89cd06ae,10,11,codex:rollout-2026-06-12T23-22-34-019ebfa5-7d5b-76a2-94b7-fb066ce0b27a:849,45515,no_resolved_path
ActPlane,3dae89cd06ae,10,11,codex:rollout-2026-06-12T23-22-34-019ebfa5-7d5b-76a2-94b7-fb066ce0b27a:850,45516,no_resolved_path
ActPlane,3dae89cd06ae,10,11,codex:rollout-2026-06-12T23-22-34-019ebfa5-7d5b-76a2-94b7-fb066ce0b27a:851,45517,no_resolved_path
ActPlane,3dae89cd06ae,10,11,codex:rollout-2026-06-12T23-22-34-019ebfa5-7d5b-76a2-94b7-fb066ce0b27a:852,45518,no_resolved_path
ActPlane,3dae89cd06ae,10,11,codex:rollout-2026-06-12T23-22-34-019ebfa5-7d5b-76a2-94b7-fb066ce0b27a:853,45519,no_resolved_path
ActPlane,3dae89cd06ae,10,11,codex:rollout-2026-06-12T23-22-34-019ebfa5-7d5b-76a2-94b7-fb066ce0b27a:854,45520,predecessor_module
ActPlane,3dae89cd06ae,10,11,codex:rollout-2026-06-12T23-22-34-019ebfa5-7d5b-76a2-94b7-fb066ce0b27a:855,45521,no_resolved_path
ActPlane,3dae89cd06ae,10,11,codex:rollout-2026-06-12T23-22-34-019ebfa5-7d5b-76a2-94b7-fb066ce0b27a:856,45522,no_resolved_path
ActPlane,3dae89cd06ae,10,11,codex:rollout-2026-06-12T23-22-34-019ebfa5-7d5b-76a2-94b7-fb066ce0b27a:857,45523,no_resolved_path
ActPlane,3dae89cd06ae,10,11,codex:rollout-2026-06-12T23-22-34-019ebfa5-7d5b-76a2-94b7-fb066ce0b27a:858,45524,other_resolved_artifact
ActPlane,3dae89cd06ae,10,11,codex:rollout-2026-06-12T23-22-34-019ebfa5-7d5b-76a2-94b7-fb066ce0b27a:859,45525,other_resolved_artifact
ActPlane,3dae89cd06ae,10,11,codex:rollout-2026-06-12T23-22-34-019ebfa5-7d5b-76a2-94b7-fb066ce0b27a:860,45526,other_resolved_artifact
ActPlane,3dae89cd06ae,10,11,codex:rollout-2026-06-12T23-22-34-019ebfa5-7d5b-76a2-94b7-fb066ce0b27a:861,45527,other_resolved_artifact
ActPlane,3dae89cd06ae,10,11,codex:rollout-2026-06-12T23-22-34-019ebfa5-7d5b-76a2-94b7-fb066ce0b27a:862,45528,predecessor_module
ActPlane,3dae89cd06ae,10,11,codex:rollout-2026-06-12T23-22-34-019ebfa5-7d5b-76a2-94b7-fb066ce0b27a:863,45529,other_resolved_artifact
ActPlane,3dae89cd06ae,10,11,codex:rollout-2026-06-12T23-22-34-019ebfa5-7d5b-76a2-94b7-fb066ce0b27a:864,45530,other_resolved_artifact
ActPlane,3dae89cd06ae,10,11,codex:rollout-2026-06-12T23-22-34-019ebfa5-7d5b-76a2-94b7-fb066ce0b27a:865,45531,other_resolved_artifact
ActPlane,3dae89cd06ae,10,11,codex:rollout-2026-06-12T23-22-34-019ebfa5-7d5b-76a2-94b7-fb066ce0b27a:866,45532,other_resolved_artifact
ActPlane,3dae89cd06ae,10,11,codex:rollout-2026-06-12T23-22-34-019ebfa5-7d5b-76a2-94b7-fb066ce0b27a:867,45533,other_resolved_artifact
ActPlane,3dae89cd06ae,10,11,codex:rollout-2026-06-12T23-22-34-019ebfa5-7d5b-76a2-94b7-fb066ce0b27a:868,45534,other_resolved_artifact
ActPlane,3dae89cd06ae,10,11,codex:rollout-2026-06-12T23-22-34-019ebfa5-7d5b-76a2-94b7-fb066ce0b27a:869,45535,other_resolved_artifact
ActPlane,3dae89cd06ae,10,11,codex:rollout-2026-06-12T23-22-34-019ebfa5-7d5b-76a2-94b7-fb066ce0b27a:870,45536,other_resolved_artifact
ActPlane,3dae89cd06ae,10,11,codex:rollout-2026-06-12T23-22-34-019ebfa5-7d5b-76a2-94b7-fb066ce0b27a:871,45537,no_resolved_path
ActPlane,3dae89cd06ae,10,11,codex:rollout-2026-06-12T23-22-34-019ebfa5-7d5b-76a2-94b7-fb066ce0b27a:872,45538,other_resolved_artifact
ActPlane,3dae89cd06ae,10,11,codex:rollout-2026-06-12T23-22-34-019ebfa5-7d5b-76a2-94b7-fb066ce0b27a:873,45539,other_resolved_artifact
ActPlane,3dae89cd06ae,10,11,codex:rollout-2026-06-12T23-22-34-019ebfa5-7d5b-76a2-94b7-fb066ce0b27a:874,45540,other_resolved_artifact
ActPlane,3dae89cd06ae,10,11,codex:rollout-2026-06-12T23-22-34-019ebfa5-7d5b-76a2-94b7-fb066ce0b27a:875,45541,other_resolved_artifact
ActPlane,3dae89cd06ae,10,11,codex:rollout-2026-06-12T23-22-34-019ebfa5-7d5b-76a2-94b7-fb066ce0b27a:876,45542,other_resolved_artifact
ActPlane,3dae89cd06ae,10,11,codex:rollout-2026-06-12T23-22-34-019ebfa5-7d5b-76a2-94b7-fb066ce0b27a:877,45543,other_resolved_artifact
ActPlane,3dae89cd06ae,10,11,codex:rollout-2026-06-12T23-22-34-019ebfa5-7d5b-76a2-94b7-fb066ce0b27a:878,45544,predecessor_module
ActPlane,3dae89cd06ae,10,11,codex:rollout-2026-06-12T23-22-34-019ebfa5-7d5b-76a2-94b7-fb066ce0b27a:879,45545,predecessor_module
ActPlane,3dae89cd06ae,10,11,codex:rollout-2026-06-12T23-22-34-019ebfa5-7d5b-76a2-94b7-fb066ce0b27a:880,45546,predecessor_module
ActPlane,3dae89cd06ae,10,11,codex:rollout-2026-06-12T23-22-34-019ebfa5-7d5b-76a2-94b7-fb066ce0b27a:881,45547,other_resolved_artifact
ActPlane,3dae89cd06ae,10,11,codex:rollout-2026-06-12T23-22-34-019ebfa5-7d5b-76a2-94b7-fb066ce0b27a:882,45548,other_resolved_artifact
ActPlane,3dae89cd06ae,10,11,codex:rollout-2026-06-12T23-22-34-019ebfa5-7d5b-76a2-94b7-fb066ce0b27a:883,45549,other_resolved_artifact
ActPlane,3dae89cd06ae,10,11,codex:rollout-2026-06-12T23-22-34-019ebfa5-7d5b-76a2-94b7-fb066ce0b27a:884,45550,other_resolved_artifact
ActPlane,3dae89cd06ae,10,11,codex:rollout-2026-06-12T23-22-34-019ebfa5-7d5b-76a2-94b7-fb066ce0b27a:885,45551,other_resolved_artifact
ActPlane,3dae89cd06ae,10,11,codex:rollout-2026-06-12T23-22-34-019ebfa5-7d5b-76a2-94b7-fb066ce0b27a:886,45552,no_resolved_path
ActPlane,3dae89cd06ae,10,11,codex:rollout-2026-06-12T23-22-34-019ebfa5-7d5b-76a2-94b7-fb066ce0b27a:887,45553,other_resolved_scope
ActPlane,3dae89cd06ae,10,11,codex:rollout-2026-06-12T23-22-34-019ebfa5-7d5b-76a2-94b7-fb066ce0b27a:888,45554,no_resolved_path
ActPlane,3dae89cd06ae,10,11,codex:rollout-2026-06-12T23-22-34-019ebfa5-7d5b-76a2-94b7-fb066ce0b27a:889,45555,other_resolved_artifact
ActPlane,3dae89cd06ae,10,11,codex:rollout-2026-06-12T23-22-34-019ebfa5-7d5b-76a2-94b7-fb066ce0b27a:890,45556,no_resolved_path
ActPlane,3dae89cd06ae,10,11,codex:rollout-2026-06-12T23-22-34-019ebfa5-7d5b-76a2-94b7-fb066ce0b27a:891,45557,other_resolved_artifact
ActPlane,3dae89cd06ae,10,11,codex:rollout-2026-06-12T23-22-34-019ebfa5-7d5b-76a2-94b7-fb066ce0b27a:892,45558,other_resolved_artifact
ActPlane,3dae89cd06ae,10,11,codex:rollout-2026-06-12T23-22-34-019ebfa5-7d5b-76a2-94b7-fb066ce0b27a:893,45559,other_resolved_artifact
ActPlane,3dae89cd06ae,10,11,codex:rollout-2026-06-12T23-22-34-019ebfa5-7d5b-76a2-94b7-fb066ce0b27a:894,45560,no_resolved_path
ActPlane,3dae89cd06ae,10,11,codex:rollout-2026-06-12T23-22-34-019ebfa5-7d5b-76a2-94b7-fb066ce0b27a:895,45561,no_resolved_path
ActPlane,3dae89cd06ae,10,11,codex:rollout-2026-06-12T23-22-34-019ebfa5-7d5b-76a2-94b7-fb066ce0b27a:896,45562,other_resolved_artifact
ActPlane,3dae89cd06ae,10,11,codex:rollout-2026-06-12T23-22-34-019ebfa5-7d5b-76a2-94b7-fb066ce0b27a:897,45563,no_resolved_path
ActPlane,3dae89cd06ae,10,11,codex:rollout-2026-06-12T23-22-34-019ebfa5-7d5b-76a2-94b7-fb066ce0b27a:898,45564,no_resolved_path
ActPlane,3dae89cd06ae,10,11,codex:rollout-2026-06-12T23-22-34-019ebfa5-7d5b-76a2-94b7-fb066ce0b27a:899,45565,predecessor_module
ActPlane,3dae89cd06ae,10,11,codex:rollout-2026-06-12T23-22-34-019ebfa5-7d5b-76a2-94b7-fb066ce0b27a:900,45566,predecessor_module
ActPlane,3dae89cd06ae,10,11,codex:rollout-2026-06-12T23-22-34-019ebfa5-7d5b-76a2-94b7-fb066ce0b27a:901,45567,predecessor_module
ActPlane,3dae89cd06ae,10,11,codex:rollout-2026-06-12T23-22-34-019ebfa5-7d5b-76a2-94b7-fb066ce0b27a:902,45568,predecessor_module
ActPlane,3dae89cd06ae,10,11,codex:rollout-2026-06-12T23-22-34-019ebfa5-7d5b-76a2-94b7-fb066ce0b27a:903,45569,predecessor_module
ActPlane,3dae89cd06ae,10,11,codex:rollout-2026-06-12T23-22-34-019ebfa5-7d5b-76a2-94b7-fb066ce0b27a:904,45570,predecessor_module
ActPlane,3dae89cd06ae,10,11,codex:rollout-2026-06-12T23-22-34-019ebfa5-7d5b-76a2-94b7-fb066ce0b27a:905,45571,predecessor_module
ActPlane,3dae89cd06ae,10,11,codex:rollout-2026-06-12T23-22-34-019ebfa5-7d5b-76a2-94b7-fb066ce0b27a:906,45572,predecessor_module
ActPlane,3dae89cd06ae,10,11,codex:rollout-2026-06-12T23-22-34-019ebfa5-7d5b-76a2-94b7-fb066ce0b27a:907,45573,predecessor_module
ActPlane,3dae89cd06ae,10,11,codex:rollout-2026-06-12T23-22-34-019ebfa5-7d5b-76a2-94b7-fb066ce0b27a:908,45574,predecessor_module
ActPlane,3dae89cd06ae,10,11,codex:rollout-2026-06-12T23-22-34-019ebfa5-7d5b-76a2-94b7-fb066ce0b27a:909,45575,predecessor_module
ActPlane,3dae89cd06ae,10,11,codex:rollout-2026-06-12T23-22-34-019ebfa5-7d5b-76a2-94b7-fb066ce0b27a:910,45576,predecessor_module
ActPlane,3dae89cd06ae,10,11,codex:rollout-2026-06-12T23-22-34-019ebfa5-7d5b-76a2-94b7-fb066ce0b27a:911,45577,predecessor_module
ActPlane,3dae89cd06ae,10,11,codex:rollout-2026-06-12T23-22-34-019ebfa5-7d5b-76a2-94b7-fb066ce0b27a:912,45578,predecessor_module
ActPlane,3dae89cd06ae,10,11,codex:rollout-2026-06-12T23-22-34-019ebfa5-7d5b-76a2-94b7-fb066ce0b27a:913,45579,no_resolved_path
ActPlane,3dae89cd06ae,10,11,codex:rollout-2026-06-12T23-22-34-019ebfa5-7d5b-76a2-94b7-fb066ce0b27a:914,45580,no_resolved_path
ActPlane,3dae89cd06ae,10,11,codex:rollout-2026-06-12T23-22-34-019ebfa5-7d5b-76a2-94b7-fb066ce0b27a:915,45581,no_resolved_path
ActPlane,3dae89cd06ae,10,11,codex:rollout-2026-06-12T23-22-34-019ebfa5-7d5b-76a2-94b7-fb066ce0b27a:916,45582,no_resolved_path
ActPlane,3dae89cd06ae,10,11,codex:rollout-2026-06-12T23-22-34-019ebfa5-7d5b-76a2-94b7-fb066ce0b27a:917,45583,no_resolved_path
ActPlane,3dae89cd06ae,10,11,codex:rollout-2026-06-12T23-22-34-019ebfa5-7d5b-76a2-94b7-fb066ce0b27a:918,45584,other_resolved_artifact
ActPlane,3dae89cd06ae,10,11,codex:rollout-2026-06-12T23-22-34-019ebfa5-7d5b-76a2-94b7-fb066ce0b27a:919,45585,no_resolved_path
ActPlane,3dae89cd06ae,10,11,codex:rollout-2026-06-12T23-22-34-019ebfa5-7d5b-76a2-94b7-fb066ce0b27a:920,45586,no_resolved_path
ActPlane,3dae89cd06ae,10,11,codex:rollout-2026-06-12T23-22-34-019ebfa5-7d5b-76a2-94b7-fb066ce0b27a:921,45587,no_resolved_path
ActPlane,3dae89cd06ae,10,11,codex:rollout-2026-06-12T23-22-34-019ebfa5-7d5b-76a2-94b7-fb066ce0b27a:922,45588,no_resolved_path
ActPlane,3dae89cd06ae,10,11,codex:rollout-2026-06-12T23-22-34-019ebfa5-7d5b-76a2-94b7-fb066ce0b27a:923,45589,no_resolved_path
ActPlane,3dae89cd06ae,10,11,codex:rollout-2026-06-12T23-22-34-019ebfa5-7d5b-76a2-94b7-fb066ce0b27a:924,45590,predecessor_module
ActPlane,3dae89cd06ae,10,11,codex:rollout-2026-06-12T23-22-34-019ebfa5-7d5b-76a2-94b7-fb066ce0b27a:925,45591,other_resolved_artifact
ActPlane,3dae89cd06ae,10,11,codex:rollout-2026-06-12T23-22-34-019ebfa5-7d5b-76a2-94b7-fb066ce0b27a:926,45592,other_resolved_artifact
ActPlane,3dae89cd06ae,10,11,codex:rollout-2026-06-12T23-22-34-019ebfa5-7d5b-76a2-94b7-fb066ce0b27a:927,45593,other_resolved_artifact
ActPlane,3dae89cd06ae,10,11,codex:rollout-2026-06-12T23-22-34-019ebfa5-7d5b-76a2-94b7-fb066ce0b27a:928,45594,other_resolved_artifact
ActPlane,3dae89cd06ae,10,11,codex:rollout-2026-06-12T23-22-34-019ebfa5-7d5b-76a2-94b7-fb066ce0b27a:929,45595,other_resolved_artifact
ActPlane,3dae89cd06ae,10,11,codex:rollout-2026-06-12T23-22-34-019ebfa5-7d5b-76a2-94b7-fb066ce0b27a:930,45596,other_resolved_artifact
ActPlane,3dae89cd06ae,10,11,codex:rollout-2026-06-12T23-22-34-019ebfa5-7d5b-76a2-94b7-fb066ce0b27a:931,45597,other_resolved_artifact
ActPlane,3dae89cd06ae,10,11,codex:rollout-2026-06-12T23-22-34-019ebfa5-7d5b-76a2-94b7-fb066ce0b27a:932,45598,other_resolved_artifact
ActPlane,3dae89cd06ae,10,11,codex:rollout-2026-06-12T23-22-34-019ebfa5-7d5b-76a2-94b7-fb066ce0b27a:933,45599,other_resolved_artifact
ActPlane,3dae89cd06ae,10,11,codex:rollout-2026-06-12T23-22-34-019ebfa5-7d5b-76a2-94b7-fb066ce0b27a:934,45600,other_resolved_artifact
ActPlane,3dae89cd06ae,10,11,codex:rollout-2026-06-12T23-22-34-019ebfa5-7d5b-76a2-94b7-fb066ce0b27a:935,45601,other_resolved_artifact
ActPlane,3dae89cd06ae,10,11,codex:rollout-2026-06-12T23-22-34-019ebfa5-7d5b-76a2-94b7-fb066ce0b27a:936,45602,no_resolved_path
ActPlane,3dae89cd06ae,10,11,codex:rollout-2026-06-12T23-22-34-019ebfa5-7d5b-76a2-94b7-fb066ce0b27a:937,45603,no_resolved_path
ActPlane,3dae89cd06ae,10,11,codex:rollout-2026-06-12T23-22-34-019ebfa5-7d5b-76a2-94b7-fb066ce0b27a:938,45604,no_resolved_path
ActPlane,3dae89cd06ae,10,11,codex:rollout-2026-06-12T23-22-34-019ebfa5-7d5b-76a2-94b7-fb066ce0b27a:939,45605,predecessor_module
ActPlane,3dae89cd06ae,10,11,codex:rollout-2026-06-12T23-22-34-019ebfa5-7d5b-76a2-94b7-fb066ce0b27a:940,45606,predecessor_module
ActPlane,3dae89cd06ae,10,11,codex:rollout-2026-06-12T23-22-34-019ebfa5-7d5b-76a2-94b7-fb066ce0b27a:941,45607,no_resolved_path
ActPlane,3dae89cd06ae,10,11,codex:rollout-2026-06-12T23-22-34-019ebfa5-7d5b-76a2-94b7-fb066ce0b27a:942,45608,no_resolved_path
ActPlane,3dae89cd06ae,10,11,codex:rollout-2026-06-12T23-22-34-019ebfa5-7d5b-76a2-94b7-fb066ce0b27a:943,45609,no_resolved_path
ActPlane,3dae89cd06ae,10,11,codex:rollout-2026-06-12T23-22-34-019ebfa5-7d5b-76a2-94b7-fb066ce0b27a:944,45610,no_resolved_path
ActPlane,3dae89cd06ae,10,11,codex:rollout-2026-06-12T23-22-34-019ebfa5-7d5b-76a2-94b7-fb066ce0b27a:945,45611,no_resolved_path
ActPlane,3dae89cd06ae,10,11,codex:rollout-2026-06-12T23-22-34-019ebfa5-7d5b-76a2-94b7-fb066ce0b27a:946,45612,no_resolved_path
ActPlane,3dae89cd06ae,10,11,codex:rollout-2026-06-12T23-22-34-019ebfa5-7d5b-76a2-94b7-fb066ce0b27a:947,45613,no_resolved_path
ActPlane,3dae89cd06ae,10,11,codex:rollout-2026-06-12T23-22-34-019ebfa5-7d5b-76a2-94b7-fb066ce0b27a:948,45614,no_resolved_path
ActPlane,3dae89cd06ae,10,11,codex:rollout-2026-06-12T23-22-34-019ebfa5-7d5b-76a2-94b7-fb066ce0b27a:949,45615,no_resolved_path
ActPlane,3dae89cd06ae,10,11,codex:rollout-2026-06-12T23-22-34-019ebfa5-7d5b-76a2-94b7-fb066ce0b27a:950,45616,predecessor_module
ActPlane,3dae89cd06ae,10,11,codex:rollout-2026-06-12T23-22-34-019ebfa5-7d5b-76a2-94b7-fb066ce0b27a:951,45617,other_resolved_artifact
ActPlane,3dae89cd06ae,10,11,codex:rollout-2026-06-12T23-22-34-019ebfa5-7d5b-76a2-94b7-fb066ce0b27a:952,45618,other_resolved_artifact
ActPlane,3dae89cd06ae,10,11,codex:rollout-2026-06-12T23-22-34-019ebfa5-7d5b-76a2-94b7-fb066ce0b27a:953,45619,no_resolved_path
ActPlane,3dae89cd06ae,10,11,codex:rollout-2026-06-12T23-22-34-019ebfa5-7d5b-76a2-94b7-fb066ce0b27a:954,45620,no_resolved_path
ActPlane,3dae89cd06ae,10,11,codex:rollout-2026-06-12T23-22-34-019ebfa5-7d5b-76a2-94b7-fb066ce0b27a:955,45621,no_resolved_path
ActPlane,3dae89cd06ae,10,11,codex:rollout-2026-06-12T23-22-34-019ebfa5-7d5b-76a2-94b7-fb066ce0b27a:956,45622,no_resolved_path
ActPlane,3dae89cd06ae,10,11,codex:rollout-2026-06-12T23-22-34-019ebfa5-7d5b-76a2-94b7-fb066ce0b27a:957,45623,other_resolved_artifact
ActPlane,3dae89cd06ae,10,11,codex:rollout-2026-06-12T23-22-34-019ebfa5-7d5b-76a2-94b7-fb066ce0b27a:958,45624,other_resolved_artifact
ActPlane,3dae89cd06ae,10,11,codex:rollout-2026-06-12T23-22-34-019ebfa5-7d5b-76a2-94b7-fb066ce0b27a:959,45625,other_resolved_artifact
ActPlane,3dae89cd06ae,10,11,codex:rollout-2026-06-12T23-22-34-019ebfa5-7d5b-76a2-94b7-fb066ce0b27a:960,45626,other_resolved_artifact
ActPlane,3dae89cd06ae,10,11,codex:rollout-2026-06-12T23-22-34-019ebfa5-7d5b-76a2-94b7-fb066ce0b27a:961,45627,other_resolved_artifact
ActPlane,3dae89cd06ae,10,11,codex:rollout-2026-06-12T23-22-34-019ebfa5-7d5b-76a2-94b7-fb066ce0b27a:962,45628,other_resolved_artifact
ActPlane,3dae89cd06ae,10,11,codex:rollout-2026-06-12T23-22-34-019ebfa5-7d5b-76a2-94b7-fb066ce0b27a:963,45629,other_resolved_artifact
ActPlane,3dae89cd06ae,10,11,codex:rollout-2026-06-12T23-22-34-019ebfa5-7d5b-76a2-94b7-fb066ce0b27a:964,45630,other_resolved_artifact
ActPlane,3dae89cd06ae,10,11,codex:rollout-2026-06-12T23-22-34-019ebfa5-7d5b-76a2-94b7-fb066ce0b27a:965,45631,other_resolved_artifact
ActPlane,3dae89cd06ae,10,11,codex:rollout-2026-06-12T23-22-34-019ebfa5-7d5b-76a2-94b7-fb066ce0b27a:966,45632,other_resolved_artifact
ActPlane,3dae89cd06ae,10,11,codex:rollout-2026-06-12T23-22-34-019ebfa5-7d5b-76a2-94b7-fb066ce0b27a:967,45633,other_resolved_artifact
ActPlane,3dae89cd06ae,10,11,codex:rollout-2026-06-12T23-22-34-019ebfa5-7d5b-76a2-94b7-fb066ce0b27a:968,45634,other_resolved_artifact
ActPlane,3dae89cd06ae,10,11,codex:rollout-2026-06-12T23-22-34-019ebfa5-7d5b-76a2-94b7-fb066ce0b27a:969,45635,other_resolved_artifact
ActPlane,3dae89cd06ae,10,11,codex:rollout-2026-06-12T23-22-34-019ebfa5-7d5b-76a2-94b7-fb066ce0b27a:970,45636,other_resolved_artifact
ActPlane,3dae89cd06ae,10,11,codex:rollout-2026-06-12T23-22-34-019ebfa5-7d5b-76a2-94b7-fb066ce0b27a:971,45637,other_resolved_artifact
ActPlane,3dae89cd06ae,10,11,codex:rollout-2026-06-12T23-22-34-019ebfa5-7d5b-76a2-94b7-fb066ce0b27a:972,45638,other_resolved_artifact
ActPlane,3dae89cd06ae,10,11,codex:rollout-2026-06-12T23-22-34-019ebfa5-7d5b-76a2-94b7-fb066ce0b27a:973,45639,other_resolved_artifact
ActPlane,3dae89cd06ae,10,11,codex:rollout-2026-06-12T23-22-34-019ebfa5-7d5b-76a2-94b7-fb066ce0b27a:974,45640,other_resolved_artifact
ActPlane,3dae89cd06ae,10,11,codex:rollout-2026-06-12T23-22-34-019ebfa5-7d5b-76a2-94b7-fb066ce0b27a:975,45641,other_resolved_artifact
ActPlane,3dae89cd06ae,10,11,codex:rollout-2026-06-12T23-22-34-019ebfa5-7d5b-76a2-94b7-fb066ce0b27a:976,45642,other_resolved_artifact
ActPlane,3dae89cd06ae,10,11,codex:rollout-2026-06-12T23-22-34-019ebfa5-7d5b-76a2-94b7-fb066ce0b27a:977,45643,other_resolved_artifact
ActPlane,3dae89cd06ae,10,11,codex:rollout-2026-06-12T23-22-34-019ebfa5-7d5b-76a2-94b7-fb066ce0b27a:978,45644,other_resolved_artifact
ActPlane,3dae89cd06ae,10,11,codex:rollout-2026-06-12T23-22-34-019ebfa5-7d5b-76a2-94b7-fb066ce0b27a:979,45645,other_resolved_artifact
ActPlane,3dae89cd06ae,10,11,codex:rollout-2026-06-12T23-22-34-019ebfa5-7d5b-76a2-94b7-fb066ce0b27a:980,45646,no_resolved_path
ActPlane,3dae89cd06ae,10,11,codex:rollout-2026-06-12T23-22-34-019ebfa5-7d5b-76a2-94b7-fb066ce0b27a:981,45647,other_resolved_artifact
ActPlane,3dae89cd06ae,10,11,codex:rollout-2026-06-12T23-22-34-019ebfa5-7d5b-76a2-94b7-fb066ce0b27a:982,45648,no_resolved_path
ActPlane,3dae89cd06ae,10,11,codex:rollout-2026-06-12T23-22-34-019ebfa5-7d5b-76a2-94b7-fb066ce0b27a:983,45649,no_resolved_path
ActPlane,3dae89cd06ae,10,11,codex:rollout-2026-06-12T23-22-34-019ebfa5-7d5b-76a2-94b7-fb066ce0b27a:984,45650,no_resolved_path
ActPlane,3dae89cd06ae,10,11,codex:rollout-2026-06-12T23-22-34-019ebfa5-7d5b-76a2-94b7-fb066ce0b27a:985,45651,other_resolved_artifact
ActPlane,3dae89cd06ae,10,11,codex:rollout-2026-06-12T23-22-34-019ebfa5-7d5b-76a2-94b7-fb066ce0b27a:986,45652,other_resolved_artifact
ActPlane,3dae89cd06ae,10,11,codex:rollout-2026-06-12T23-22-34-019ebfa5-7d5b-76a2-94b7-fb066ce0b27a:987,45653,other_resolved_artifact
ActPlane,3dae89cd06ae,10,11,codex:rollout-2026-06-12T23-22-34-019ebfa5-7d5b-76a2-94b7-fb066ce0b27a:988,45654,other_resolved_artifact
ActPlane,3dae89cd06ae,10,11,codex:rollout-2026-06-12T23-22-34-019ebfa5-7d5b-76a2-94b7-fb066ce0b27a:989,45655,other_resolved_artifact
ActPlane,3dae89cd06ae,10,11,codex:rollout-2026-06-12T23-22-34-019ebfa5-7d5b-76a2-94b7-fb066ce0b27a:990,45656,no_resolved_path
ActPlane,3dae89cd06ae,10,11,codex:rollout-2026-06-12T23-22-34-019ebfa5-7d5b-76a2-94b7-fb066ce0b27a:991,45657,no_resolved_path
ActPlane,3dae89cd06ae,10,11,codex:rollout-2026-06-12T23-22-34-019ebfa5-7d5b-76a2-94b7-fb066ce0b27a:992,45658,no_resolved_path
ActPlane,3dae89cd06ae,10,11,codex:rollout-2026-06-12T23-22-34-019ebfa5-7d5b-76a2-94b7-fb066ce0b27a:993,45659,no_resolved_path
ActPlane,3dae89cd06ae,10,11,codex:rollout-2026-06-12T23-22-34-019ebfa5-7d5b-76a2-94b7-fb066ce0b27a:994,45660,no_resolved_path
ActPlane,3dae89cd06ae,10,11,codex:rollout-2026-06-12T23-22-34-019ebfa5-7d5b-76a2-94b7-fb066ce0b27a:995,45661,no_resolved_path
ActPlane,3dae89cd06ae,10,11,codex:rollout-2026-06-12T23-22-34-019ebfa5-7d5b-76a2-94b7-fb066ce0b27a:996,45662,no_resolved_path
ActPlane,3dae89cd06ae,10,11,codex:rollout-2026-06-12T23-22-34-019ebfa5-7d5b-76a2-94b7-fb066ce0b27a:997,45663,predecessor_module
ActPlane,3dae89cd06ae,10,11,codex:rollout-2026-06-12T23-22-34-019ebfa5-7d5b-76a2-94b7-fb066ce0b27a:998,45664,predecessor_module
ActPlane,3dae89cd06ae,10,11,codex:rollout-2026-06-12T23-22-34-019ebfa5-7d5b-76a2-94b7-fb066ce0b27a:999,45665,predecessor_module
ActPlane,3dae89cd06ae,10,11,codex:rollout-2026-06-12T23-22-34-019ebfa5-7d5b-76a2-94b7-fb066ce0b27a:1000,45666,predecessor_module
ActPlane,3dae89cd06ae,10,11,codex:rollout-2026-06-12T23-22-34-019ebfa5-7d5b-76a2-94b7-fb066ce0b27a:1001,45667,predecessor_module
ActPlane,3dae89cd06ae,10,11,codex:rollout-2026-06-12T23-22-34-019ebfa5-7d5b-76a2-94b7-fb066ce0b27a:1002,45668,predecessor_module
ActPlane,3dae89cd06ae,10,11,codex:rollout-2026-06-12T23-22-34-019ebfa5-7d5b-76a2-94b7-fb066ce0b27a:1003,45669,predecessor_module
ActPlane,3dae89cd06ae,10,11,codex:rollout-2026-06-12T23-22-34-019ebfa5-7d5b-76a2-94b7-fb066ce0b27a:1004,45670,predecessor_module
ActPlane,3dae89cd06ae,10,11,codex:rollout-2026-06-12T23-22-34-019ebfa5-7d5b-76a2-94b7-fb066ce0b27a:1005,45671,predecessor_module
ActPlane,3dae89cd06ae,10,11,codex:rollout-2026-06-12T23-22-34-019ebfa5-7d5b-76a2-94b7-fb066ce0b27a:1006,45672,predecessor_module
ActPlane,3dae89cd06ae,10,11,codex:rollout-2026-06-12T23-22-34-019ebfa5-7d5b-76a2-94b7-fb066ce0b27a:1007,45673,predecessor_module
ActPlane,3dae89cd06ae,10,11,codex:rollout-2026-06-12T23-22-34-019ebfa5-7d5b-76a2-94b7-fb066ce0b27a:1008,45674,predecessor_module
ActPlane,3dae89cd06ae,10,11,codex:rollout-2026-06-12T23-22-34-019ebfa5-7d5b-76a2-94b7-fb066ce0b27a:1009,45675,predecessor_module
ActPlane,3dae89cd06ae,10,11,codex:rollout-2026-06-12T23-22-34-019ebfa5-7d5b-76a2-94b7-fb066ce0b27a:1010,45676,predecessor_module
ActPlane,3dae89cd06ae,10,11,codex:rollout-2026-06-12T23-22-34-019ebfa5-7d5b-76a2-94b7-fb066ce0b27a:1011,45677,predecessor_module
ActPlane,3dae89cd06ae,10,11,codex:rollout-2026-06-12T23-22-34-019ebfa5-7d5b-76a2-94b7-fb066ce0b27a:1012,45678,predecessor_module
ActPlane,3dae89cd06ae,10,11,codex:rollout-2026-06-12T23-22-34-019ebfa5-7d5b-76a2-94b7-fb066ce0b27a:1013,45679,predecessor_module
ActPlane,3dae89cd06ae,10,11,codex:rollout-2026-06-12T23-22-34-019ebfa5-7d5b-76a2-94b7-fb066ce0b27a:1014,45680,predecessor_module
ActPlane,3dae89cd06ae,10,11,codex:rollout-2026-06-12T23-22-34-019ebfa5-7d5b-76a2-94b7-fb066ce0b27a:1015,45681,predecessor_module
ActPlane,3dae89cd06ae,10,11,codex:rollout-2026-06-12T23-22-34-019ebfa5-7d5b-76a2-94b7-fb066ce0b27a:1016,45682,predecessor_module
ActPlane,3dae89cd06ae,10,11,codex:rollout-2026-06-12T23-22-34-019ebfa5-7d5b-76a2-94b7-fb066ce0b27a:1017,45683,predecessor_module
ActPlane,3dae89cd06ae,10,11,codex:rollout-2026-06-12T23-22-34-019ebfa5-7d5b-76a2-94b7-fb066ce0b27a:1018,45684,predecessor_module
ActPlane,3dae89cd06ae,10,11,codex:rollout-2026-06-12T23-22-34-019ebfa5-7d5b-76a2-94b7-fb066ce0b27a:1019,45685,predecessor_module
ActPlane,3dae89cd06ae,10,11,codex:rollout-2026-06-12T23-22-34-019ebfa5-7d5b-76a2-94b7-fb066ce0b27a:1020,45686,predecessor_module
ActPlane,3dae89cd06ae,10,11,codex:rollout-2026-06-12T23-22-34-019ebfa5-7d5b-76a2-94b7-fb066ce0b27a:1021,45687,predecessor_module
ActPlane,3dae89cd06ae,10,11,codex:rollout-2026-06-12T23-22-34-019ebfa5-7d5b-76a2-94b7-fb066ce0b27a:1022,45688,predecessor_module
ActPlane,3dae89cd06ae,10,11,codex:rollout-2026-06-12T23-22-34-019ebfa5-7d5b-76a2-94b7-fb066ce0b27a:1023,45689,predecessor_module
ActPlane,3dae89cd06ae,10,11,codex:rollout-2026-06-12T23-22-34-019ebfa5-7d5b-76a2-94b7-fb066ce0b27a:1024,45690,predecessor_module
ActPlane,3dae89cd06ae,10,11,codex:rollout-2026-06-12T23-22-34-019ebfa5-7d5b-76a2-94b7-fb066ce0b27a:1025,45691,predecessor_module
ActPlane,3dae89cd06ae,10,11,codex:rollout-2026-06-12T23-22-34-019ebfa5-7d5b-76a2-94b7-fb066ce0b27a:1026,45692,predecessor_module
ActPlane,3dae89cd06ae,10,11,codex:rollout-2026-06-12T23-22-34-019ebfa5-7d5b-76a2-94b7-fb066ce0b27a:1027,45693,predecessor_module
ActPlane,3dae89cd06ae,10,11,codex:rollout-2026-06-12T23-22-34-019ebfa5-7d5b-76a2-94b7-fb066ce0b27a:1028,45694,predecessor_module
ActPlane,3dae89cd06ae,10,11,codex:rollout-2026-06-12T23-22-34-019ebfa5-7d5b-76a2-94b7-fb066ce0b27a:1029,45695,predecessor_module
ActPlane,3dae89cd06ae,10,11,codex:rollout-2026-06-12T23-22-34-019ebfa5-7d5b-76a2-94b7-fb066ce0b27a:1030,45696,predecessor_module
ActPlane,3dae89cd06ae,10,11,codex:rollout-2026-06-12T23-22-34-019ebfa5-7d5b-76a2-94b7-fb066ce0b27a:1031,45697,predecessor_module
ActPlane,3dae89cd06ae,10,11,codex:rollout-2026-06-12T23-22-34-019ebfa5-7d5b-76a2-94b7-fb066ce0b27a:1032,45698,no_resolved_path
ActPlane,3dae89cd06ae,10,11,codex:rollout-2026-06-12T23-22-34-019ebfa5-7d5b-76a2-94b7-fb066ce0b27a:1033,45699,no_resolved_path
ActPlane,3dae89cd06ae,10,11,codex:rollout-2026-06-12T23-22-34-019ebfa5-7d5b-76a2-94b7-fb066ce0b27a:1034,45700,no_resolved_path
ActPlane,3dae89cd06ae,10,11,codex:rollout-2026-06-12T23-22-34-019ebfa5-7d5b-76a2-94b7-fb066ce0b27a:1035,45701,no_resolved_path
ActPlane,3dae89cd06ae,10,11,codex:rollout-2026-06-12T23-22-34-019ebfa5-7d5b-76a2-94b7-fb066ce0b27a:1036,45702,no_resolved_path
ActPlane,3dae89cd06ae,10,11,codex:rollout-2026-06-12T23-22-34-019ebfa5-7d5b-76a2-94b7-fb066ce0b27a:1037,45703,no_resolved_path
ActPlane,3dae89cd06ae,10,11,codex:rollout-2026-06-12T23-22-34-019ebfa5-7d5b-76a2-94b7-fb066ce0b27a:1038,45704,no_resolved_path
ActPlane,3dae89cd06ae,10,11,codex:rollout-2026-06-12T23-22-34-019ebfa5-7d5b-76a2-94b7-fb066ce0b27a:1039,45705,predecessor_module
ActPlane,3dae89cd06ae,10,11,codex:rollout-2026-06-12T23-22-34-019ebfa5-7d5b-76a2-94b7-fb066ce0b27a:1040,45706,no_resolved_path
ActPlane,3dae89cd06ae,10,11,codex:rollout-2026-06-12T23-22-34-019ebfa5-7d5b-76a2-94b7-fb066ce0b27a:1041,45707,no_resolved_path
ActPlane,3dae89cd06ae,10,11,codex:rollout-2026-06-12T23-22-34-019ebfa5-7d5b-76a2-94b7-fb066ce0b27a:1042,45708,other_resolved_artifact
ActPlane,3dae89cd06ae,10,11,codex:rollout-2026-06-12T23-22-34-019ebfa5-7d5b-76a2-94b7-fb066ce0b27a:1043,45709,other_resolved_artifact
ActPlane,3dae89cd06ae,10,11,codex:rollout-2026-06-12T23-22-34-019ebfa5-7d5b-76a2-94b7-fb066ce0b27a:1044,45710,other_resolved_artifact
ActPlane,3dae89cd06ae,10,11,codex:rollout-2026-06-12T23-22-34-019ebfa5-7d5b-76a2-94b7-fb066ce0b27a:1045,45711,no_resolved_path
ActPlane,3dae89cd06ae,10,11,codex:rollout-2026-06-12T23-22-34-019ebfa5-7d5b-76a2-94b7-fb066ce0b27a:1046,45712,other_resolved_artifact
ActPlane,3dae89cd06ae,10,11,codex:rollout-2026-06-12T23-22-34-019ebfa5-7d5b-76a2-94b7-fb066ce0b27a:1047,45713,predecessor_module
ActPlane,3dae89cd06ae,10,11,codex:rollout-2026-06-12T23-22-34-019ebfa5-7d5b-76a2-94b7-fb066ce0b27a:1048,45714,predecessor_module
ActPlane,3dae89cd06ae,10,11,codex:rollout-2026-06-12T23-22-34-019ebfa5-7d5b-76a2-94b7-fb066ce0b27a:1049,45715,no_resolved_path
ActPlane,3dae89cd06ae,10,11,codex:rollout-2026-06-12T23-22-34-019ebfa5-7d5b-76a2-94b7-fb066ce0b27a:1050,45716,other_resolved_artifact
ActPlane,3dae89cd06ae,10,11,codex:rollout-2026-06-12T23-22-34-019ebfa5-7d5b-76a2-94b7-fb066ce0b27a:1051,45717,other_resolved_artifact
ActPlane,3dae89cd06ae,10,11,codex:rollout-2026-06-12T23-22-34-019ebfa5-7d5b-76a2-94b7-fb066ce0b27a:1052,45718,other_resolved_artifact
ActPlane,3dae89cd06ae,10,11,codex:rollout-2026-06-12T23-22-34-019ebfa5-7d5b-76a2-94b7-fb066ce0b27a:1053,45719,other_resolved_artifact
ActPlane,3dae89cd06ae,10,11,codex:rollout-2026-06-12T23-22-34-019ebfa5-7d5b-76a2-94b7-fb066ce0b27a:1054,45720,other_resolved_artifact
ActPlane,3dae89cd06ae,10,11,codex:rollout-2026-06-12T23-22-34-019ebfa5-7d5b-76a2-94b7-fb066ce0b27a:1055,45721,other_resolved_artifact
ActPlane,3dae89cd06ae,10,11,codex:rollout-2026-06-12T23-22-34-019ebfa5-7d5b-76a2-94b7-fb066ce0b27a:1056,45722,other_resolved_artifact
ActPlane,3dae89cd06ae,10,11,codex:rollout-2026-06-12T23-22-34-019ebfa5-7d5b-76a2-94b7-fb066ce0b27a:1057,45723,other_resolved_artifact
ActPlane,3dae89cd06ae,10,11,codex:rollout-2026-06-12T23-22-34-019ebfa5-7d5b-76a2-94b7-fb066ce0b27a:1058,45724,other_resolved_artifact
ActPlane,3dae89cd06ae,10,11,codex:rollout-2026-06-12T23-22-34-019ebfa5-7d5b-76a2-94b7-fb066ce0b27a:1059,45725,other_resolved_artifact
ActPlane,3dae89cd06ae,10,11,codex:rollout-2026-06-12T23-22-34-019ebfa5-7d5b-76a2-94b7-fb066ce0b27a:1060,45726,other_resolved_artifact
ActPlane,3dae89cd06ae,10,11,codex:rollout-2026-06-12T23-22-34-019ebfa5-7d5b-76a2-94b7-fb066ce0b27a:1061,45727,other_resolved_artifact
ActPlane,3dae89cd06ae,10,11,codex:rollout-2026-06-12T23-22-34-019ebfa5-7d5b-76a2-94b7-fb066ce0b27a:1062,45728,other_resolved_artifact
ActPlane,3dae89cd06ae,10,11,codex:rollout-2026-06-12T23-22-34-019ebfa5-7d5b-76a2-94b7-fb066ce0b27a:1063,45729,other_resolved_artifact
ActPlane,3dae89cd06ae,10,11,codex:rollout-2026-06-12T23-22-34-019ebfa5-7d5b-76a2-94b7-fb066ce0b27a:1064,45730,other_resolved_artifact
ActPlane,3dae89cd06ae,10,11,codex:rollout-2026-06-12T23-22-34-019ebfa5-7d5b-76a2-94b7-fb066ce0b27a:1065,45731,other_resolved_artifact
ActPlane,3dae89cd06ae,10,11,codex:rollout-2026-06-12T23-22-34-019ebfa5-7d5b-76a2-94b7-fb066ce0b27a:1066,45732,other_resolved_artifact
ActPlane,3dae89cd06ae,10,11,codex:rollout-2026-06-12T23-22-34-019ebfa5-7d5b-76a2-94b7-fb066ce0b27a:1067,45733,other_resolved_artifact
ActPlane,3dae89cd06ae,10,11,codex:rollout-2026-06-12T23-22-34-019ebfa5-7d5b-76a2-94b7-fb066ce0b27a:1068,45734,no_resolved_path
ActPlane,3dae89cd06ae,10,11,codex:rollout-2026-06-12T23-22-34-019ebfa5-7d5b-76a2-94b7-fb066ce0b27a:1069,45735,no_resolved_path
ActPlane,3dae89cd06ae,10,11,codex:rollout-2026-06-12T23-22-34-019ebfa5-7d5b-76a2-94b7-fb066ce0b27a:1070,45736,no_resolved_path
ActPlane,3dae89cd06ae,10,11,codex:rollout-2026-06-12T23-22-34-019ebfa5-7d5b-76a2-94b7-fb066ce0b27a:1071,45737,no_resolved_path
ActPlane,3dae89cd06ae,10,11,codex:rollout-2026-06-12T23-22-34-019ebfa5-7d5b-76a2-94b7-fb066ce0b27a:1072,45738,no_resolved_path
ActPlane,3dae89cd06ae,10,11,codex:rollout-2026-06-12T23-22-34-019ebfa5-7d5b-76a2-94b7-fb066ce0b27a:1073,45739,no_resolved_path
ActPlane,3dae89cd06ae,10,11,codex:rollout-2026-06-12T23-22-34-019ebfa5-7d5b-76a2-94b7-fb066ce0b27a:1074,45740,other_resolved_artifact
ActPlane,3dae89cd06ae,10,11,codex:rollout-2026-06-12T23-22-34-019ebfa5-7d5b-76a2-94b7-fb066ce0b27a:1075,45741,no_resolved_path
ActPlane,3dae89cd06ae,10,11,codex:rollout-2026-06-12T23-22-34-019ebfa5-7d5b-76a2-94b7-fb066ce0b27a:1076,45742,other_resolved_scope
ActPlane,3dae89cd06ae,10,11,codex:rollout-2026-06-12T23-22-34-019ebfa5-7d5b-76a2-94b7-fb066ce0b27a:1077,45743,predecessor_module
ActPlane,3dae89cd06ae,10,11,codex:rollout-2026-06-12T23-22-34-019ebfa5-7d5b-76a2-94b7-fb066ce0b27a:1078,45744,predecessor_module
ActPlane,3dae89cd06ae,10,11,codex:rollout-2026-06-12T23-22-34-019ebfa5-7d5b-76a2-94b7-fb066ce0b27a:1079,45745,predecessor_module
ActPlane,3dae89cd06ae,10,11,codex:rollout-2026-06-12T23-22-34-019ebfa5-7d5b-76a2-94b7-fb066ce0b27a:1080,45746,predecessor_module
ActPlane,3dae89cd06ae,10,11,codex:rollout-2026-06-12T23-22-34-019ebfa5-7d5b-76a2-94b7-fb066ce0b27a:1081,45747,predecessor_module
ActPlane,3dae89cd06ae,10,11,codex:rollout-2026-06-12T23-22-34-019ebfa5-7d5b-76a2-94b7-fb066ce0b27a:1082,45748,predecessor_module
ActPlane,3dae89cd06ae,10,11,codex:rollout-2026-06-12T23-22-34-019ebfa5-7d5b-76a2-94b7-fb066ce0b27a:1083,45749,predecessor_module
ActPlane,3dae89cd06ae,10,11,codex:rollout-2026-06-12T23-22-34-019ebfa5-7d5b-76a2-94b7-fb066ce0b27a:1084,45750,predecessor_module
ActPlane,3dae89cd06ae,10,11,codex:rollout-2026-06-12T23-22-34-019ebfa5-7d5b-76a2-94b7-fb066ce0b27a:1085,45751,predecessor_module
ActPlane,3dae89cd06ae,10,11,codex:rollout-2026-06-12T23-22-34-019ebfa5-7d5b-76a2-94b7-fb066ce0b27a:1086,45752,predecessor_module
ActPlane,3dae89cd06ae,10,11,codex:rollout-2026-06-12T23-22-34-019ebfa5-7d5b-76a2-94b7-fb066ce0b27a:1087,45753,predecessor_module
ActPlane,3dae89cd06ae,10,11,codex:rollout-2026-06-12T23-22-34-019ebfa5-7d5b-76a2-94b7-fb066ce0b27a:1088,45754,predecessor_module
ActPlane,3dae89cd06ae,10,11,codex:rollout-2026-06-12T23-22-34-019ebfa5-7d5b-76a2-94b7-fb066ce0b27a:1089,45755,predecessor_module
ActPlane,3dae89cd06ae,10,11,codex:rollout-2026-06-12T23-22-34-019ebfa5-7d5b-76a2-94b7-fb066ce0b27a:1090,45756,other_resolved_artifact
ActPlane,3dae89cd06ae,10,11,codex:rollout-2026-06-12T23-22-34-019ebfa5-7d5b-76a2-94b7-fb066ce0b27a:1091,45757,predecessor_module
ActPlane,3dae89cd06ae,10,11,codex:rollout-2026-06-12T23-22-34-019ebfa5-7d5b-76a2-94b7-fb066ce0b27a:1092,45758,no_resolved_path
ActPlane,3dae89cd06ae,10,11,codex:rollout-2026-06-12T23-22-34-019ebfa5-7d5b-76a2-94b7-fb066ce0b27a:1093,45759,no_resolved_path
ActPlane,3dae89cd06ae,10,11,codex:rollout-2026-06-12T23-22-34-019ebfa5-7d5b-76a2-94b7-fb066ce0b27a:1094,45760,no_resolved_path
ActPlane,3dae89cd06ae,10,11,codex:rollout-2026-06-12T23-22-34-019ebfa5-7d5b-76a2-94b7-fb066ce0b27a:1095,45761,no_resolved_path
ActPlane,3dae89cd06ae,10,11,codex:rollout-2026-06-12T23-22-34-019ebfa5-7d5b-76a2-94b7-fb066ce0b27a:1096,45762,no_resolved_path
ActPlane,3dae89cd06ae,10,11,codex:rollout-2026-06-12T23-22-34-019ebfa5-7d5b-76a2-94b7-fb066ce0b27a:1097,45763,no_resolved_path
ActPlane,3dae89cd06ae,10,11,codex:rollout-2026-06-12T23-22-34-019ebfa5-7d5b-76a2-94b7-fb066ce0b27a:1098,45764,no_resolved_path
ActPlane,3dae89cd06ae,10,11,codex:rollout-2026-06-12T23-22-34-019ebfa5-7d5b-76a2-94b7-fb066ce0b27a:1099,45765,no_resolved_path
ActPlane,3dae89cd06ae,10,11,codex:rollout-2026-06-12T23-22-34-019ebfa5-7d5b-76a2-94b7-fb066ce0b27a:1100,45766,no_resolved_path
ActPlane,3dae89cd06ae,10,11,codex:rollout-2026-06-12T23-22-34-019ebfa5-7d5b-76a2-94b7-fb066ce0b27a:1101,45767,predecessor_module
ActPlane,3dae89cd06ae,10,11,codex:rollout-2026-06-12T23-22-34-019ebfa5-7d5b-76a2-94b7-fb066ce0b27a:1102,45768,other_resolved_artifact
ActPlane,3dae89cd06ae,10,11,codex:rollout-2026-06-12T23-22-34-019ebfa5-7d5b-76a2-94b7-fb066ce0b27a:1103,45769,no_resolved_path
ActPlane,3dae89cd06ae,10,11,codex:rollout-2026-06-12T23-22-34-019ebfa5-7d5b-76a2-94b7-fb066ce0b27a:1104,45770,other_resolved_scope
ActPlane,3dae89cd06ae,10,11,codex:rollout-2026-06-12T23-22-34-019ebfa5-7d5b-76a2-94b7-fb066ce0b27a:1105,45771,predecessor_module
ActPlane,3dae89cd06ae,10,11,codex:rollout-2026-06-12T23-22-34-019ebfa5-7d5b-76a2-94b7-fb066ce0b27a:1106,45772,other_resolved_artifact
ActPlane,3dae89cd06ae,10,11,codex:rollout-2026-06-12T23-22-34-019ebfa5-7d5b-76a2-94b7-fb066ce0b27a:1107,45773,other_resolved_artifact
ActPlane,3dae89cd06ae,10,11,codex:rollout-2026-06-12T23-22-34-019ebfa5-7d5b-76a2-94b7-fb066ce0b27a:1108,45774,other_resolved_artifact
ActPlane,3dae89cd06ae,10,11,codex:rollout-2026-06-12T23-22-34-019ebfa5-7d5b-76a2-94b7-fb066ce0b27a:1109,45775,other_resolved_artifact
ActPlane,3dae89cd06ae,10,11,codex:rollout-2026-06-12T23-22-34-019ebfa5-7d5b-76a2-94b7-fb066ce0b27a:1110,45776,other_resolved_artifact
ActPlane,3dae89cd06ae,10,11,codex:rollout-2026-06-12T23-22-34-019ebfa5-7d5b-76a2-94b7-fb066ce0b27a:1111,45777,other_resolved_artifact
ActPlane,3dae89cd06ae,10,11,codex:rollout-2026-06-12T23-22-34-019ebfa5-7d5b-76a2-94b7-fb066ce0b27a:1112,45778,other_resolved_artifact
ActPlane,3dae89cd06ae,10,11,codex:rollout-2026-06-12T23-22-34-019ebfa5-7d5b-76a2-94b7-fb066ce0b27a:1113,45779,other_resolved_artifact
ActPlane,3dae89cd06ae,10,11,codex:rollout-2026-06-12T23-22-34-019ebfa5-7d5b-76a2-94b7-fb066ce0b27a:1114,45780,other_resolved_artifact
ActPlane,3dae89cd06ae,10,11,codex:rollout-2026-06-12T23-22-34-019ebfa5-7d5b-76a2-94b7-fb066ce0b27a:1115,45781,other_resolved_artifact
ActPlane,3dae89cd06ae,10,11,codex:rollout-2026-06-12T23-22-34-019ebfa5-7d5b-76a2-94b7-fb066ce0b27a:1116,45782,other_resolved_artifact
ActPlane,3dae89cd06ae,10,11,codex:rollout-2026-06-12T23-22-34-019ebfa5-7d5b-76a2-94b7-fb066ce0b27a:1117,45783,other_resolved_artifact
ActPlane,3dae89cd06ae,10,11,codex:rollout-2026-06-12T23-22-34-019ebfa5-7d5b-76a2-94b7-fb066ce0b27a:1118,45784,other_resolved_artifact
ActPlane,3dae89cd06ae,10,11,codex:rollout-2026-06-12T23-22-34-019ebfa5-7d5b-76a2-94b7-fb066ce0b27a:1119,45785,other_resolved_artifact
ActPlane,3dae89cd06ae,10,11,codex:rollout-2026-06-12T23-22-34-019ebfa5-7d5b-76a2-94b7-fb066ce0b27a:1120,45786,predecessor_module
ActPlane,3dae89cd06ae,10,11,codex:rollout-2026-06-12T23-22-34-019ebfa5-7d5b-76a2-94b7-fb066ce0b27a:1121,45787,other_resolved_scope
ActPlane,3dae89cd06ae,10,11,codex:rollout-2026-06-12T23-22-34-019ebfa5-7d5b-76a2-94b7-fb066ce0b27a:1122,45788,other_resolved_artifact
ActPlane,3dae89cd06ae,10,11,codex:rollout-2026-06-12T23-22-34-019ebfa5-7d5b-76a2-94b7-fb066ce0b27a:1123,45789,other_resolved_artifact
ActPlane,3dae89cd06ae,10,11,codex:rollout-2026-06-12T23-22-34-019ebfa5-7d5b-76a2-94b7-fb066ce0b27a:1124,45790,other_resolved_artifact
ActPlane,3dae89cd06ae,10,11,codex:rollout-2026-06-12T23-22-34-019ebfa5-7d5b-76a2-94b7-fb066ce0b27a:1125,45791,predecessor_module
ActPlane,3dae89cd06ae,10,11,codex:rollout-2026-06-12T23-22-34-019ebfa5-7d5b-76a2-94b7-fb066ce0b27a:1126,45792,predecessor_module
ActPlane,3dae89cd06ae,10,11,codex:rollout-2026-06-12T23-22-34-019ebfa5-7d5b-76a2-94b7-fb066ce0b27a:1127,45793,other_resolved_artifact
ActPlane,3dae89cd06ae,10,11,codex:rollout-2026-06-12T23-22-34-019ebfa5-7d5b-76a2-94b7-fb066ce0b27a:1128,45794,other_resolved_artifact
ActPlane,3dae89cd06ae,10,11,codex:rollout-2026-06-12T23-22-34-019ebfa5-7d5b-76a2-94b7-fb066ce0b27a:1129,45795,other_resolved_artifact
ActPlane,3dae89cd06ae,10,11,codex:rollout-2026-06-12T23-22-34-019ebfa5-7d5b-76a2-94b7-fb066ce0b27a:1130,45796,other_resolved_artifact
ActPlane,3dae89cd06ae,10,11,codex:rollout-2026-06-12T23-22-34-019ebfa5-7d5b-76a2-94b7-fb066ce0b27a:1131,45797,other_resolved_artifact
ActPlane,3dae89cd06ae,10,11,codex:rollout-2026-06-12T23-22-34-019ebfa5-7d5b-76a2-94b7-fb066ce0b27a:1132,45798,no_resolved_path
ActPlane,3dae89cd06ae,10,11,codex:rollout-2026-06-12T23-22-34-019ebfa5-7d5b-76a2-94b7-fb066ce0b27a:1133,45799,no_resolved_path
ActPlane,3dae89cd06ae,10,11,codex:rollout-2026-06-12T23-22-34-019ebfa5-7d5b-76a2-94b7-fb066ce0b27a:1134,45800,no_resolved_path
ActPlane,3dae89cd06ae,10,11,codex:rollout-2026-06-12T23-22-34-019ebfa5-7d5b-76a2-94b7-fb066ce0b27a:1135,45801,no_resolved_path
ActPlane,3dae89cd06ae,10,11,codex:rollout-2026-06-12T23-22-34-019ebfa5-7d5b-76a2-94b7-fb066ce0b27a:1136,45802,no_resolved_path
ActPlane,3dae89cd06ae,10,11,codex:rollout-2026-06-12T23-22-34-019ebfa5-7d5b-76a2-94b7-fb066ce0b27a:1137,45803,no_resolved_path
ActPlane,3dae89cd06ae,10,11,codex:rollout-2026-06-12T23-22-34-019ebfa5-7d5b-76a2-94b7-fb066ce0b27a:1138,45804,other_resolved_scope
ActPlane,3dae89cd06ae,10,11,codex:rollout-2026-06-12T23-22-34-019ebfa5-7d5b-76a2-94b7-fb066ce0b27a:1139,45805,no_resolved_path
ActPlane,3dae89cd06ae,10,11,codex:rollout-2026-06-12T23-22-34-019ebfa5-7d5b-76a2-94b7-fb066ce0b27a:1140,45806,other_resolved_artifact
ActPlane,3dae89cd06ae,10,11,codex:rollout-2026-06-12T23-22-34-019ebfa5-7d5b-76a2-94b7-fb066ce0b27a:1141,45807,no_resolved_path
ActPlane,3dae89cd06ae,10,11,codex:rollout-2026-06-12T23-22-34-019ebfa5-7d5b-76a2-94b7-fb066ce0b27a:1142,45808,no_resolved_path
ActPlane,3dae89cd06ae,10,11,codex:rollout-2026-06-12T23-22-34-019ebfa5-7d5b-76a2-94b7-fb066ce0b27a:1143,45809,no_resolved_path
ActPlane,3dae89cd06ae,10,11,codex:rollout-2026-06-12T23-22-34-019ebfa5-7d5b-76a2-94b7-fb066ce0b27a:1144,45810,other_resolved_artifact
ActPlane,3dae89cd06ae,10,11,codex:rollout-2026-06-12T23-22-34-019ebfa5-7d5b-76a2-94b7-fb066ce0b27a:1145,45811,no_resolved_path
ActPlane,3dae89cd06ae,10,11,codex:rollout-2026-06-12T23-22-34-019ebfa5-7d5b-76a2-94b7-fb066ce0b27a:1146,45812,no_resolved_path
ActPlane,3dae89cd06ae,10,11,codex:rollout-2026-06-12T23-22-34-019ebfa5-7d5b-76a2-94b7-fb066ce0b27a:1147,45813,no_resolved_path
ActPlane,3dae89cd06ae,10,11,codex:rollout-2026-06-12T23-22-34-019ebfa5-7d5b-76a2-94b7-fb066ce0b27a:1148,45814,no_resolved_path
ActPlane,3dae89cd06ae,10,11,codex:rollout-2026-06-12T23-22-34-019ebfa5-7d5b-76a2-94b7-fb066ce0b27a:1149,45815,no_resolved_path
ActPlane,3dae89cd06ae,10,11,codex:rollout-2026-06-12T23-22-34-019ebfa5-7d5b-76a2-94b7-fb066ce0b27a:1150,45816,no_resolved_path
ActPlane,3dae89cd06ae,10,11,codex:rollout-2026-06-12T23-22-34-019ebfa5-7d5b-76a2-94b7-fb066ce0b27a:1151,45817,other_resolved_artifact
ActPlane,3dae89cd06ae,10,11,codex:rollout-2026-06-12T23-22-34-019ebfa5-7d5b-76a2-94b7-fb066ce0b27a:1152,45818,other_resolved_artifact
ActPlane,3dae89cd06ae,10,11,codex:rollout-2026-06-12T23-22-34-019ebfa5-7d5b-76a2-94b7-fb066ce0b27a:1153,45819,other_resolved_artifact
ActPlane,3dae89cd06ae,10,11,codex:rollout-2026-06-12T23-22-34-019ebfa5-7d5b-76a2-94b7-fb066ce0b27a:1154,45820,other_resolved_artifact
ActPlane,3dae89cd06ae,10,11,codex:rollout-2026-06-12T23-22-34-019ebfa5-7d5b-76a2-94b7-fb066ce0b27a:1155,45821,other_resolved_artifact
ActPlane,3dae89cd06ae,10,11,codex:rollout-2026-06-12T23-22-34-019ebfa5-7d5b-76a2-94b7-fb066ce0b27a:1156,45822,other_resolved_artifact
ActPlane,3dae89cd06ae,10,11,codex:rollout-2026-06-12T23-22-34-019ebfa5-7d5b-76a2-94b7-fb066ce0b27a:1157,45823,other_resolved_artifact
ActPlane,3dae89cd06ae,10,11,codex:rollout-2026-06-12T23-22-34-019ebfa5-7d5b-76a2-94b7-fb066ce0b27a:1158,45824,other_resolved_artifact
ActPlane,3dae89cd06ae,10,11,codex:rollout-2026-06-12T23-22-34-019ebfa5-7d5b-76a2-94b7-fb066ce0b27a:1159,45825,no_resolved_path
ActPlane,3dae89cd06ae,10,11,codex:rollout-2026-06-12T23-22-34-019ebfa5-7d5b-76a2-94b7-fb066ce0b27a:1160,45826,no_resolved_path
ActPlane,3dae89cd06ae,10,11,codex:rollout-2026-06-12T23-22-34-019ebfa5-7d5b-76a2-94b7-fb066ce0b27a:1161,45827,other_resolved_artifact
ActPlane,3dae89cd06ae,10,11,codex:rollout-2026-06-12T23-22-34-019ebfa5-7d5b-76a2-94b7-fb066ce0b27a:1162,45828,other_resolved_artifact
ActPlane,3dae89cd06ae,10,11,codex:rollout-2026-06-12T23-22-34-019ebfa5-7d5b-76a2-94b7-fb066ce0b27a:1163,45829,other_resolved_artifact
ActPlane,3dae89cd06ae,10,11,codex:rollout-2026-06-12T23-22-34-019ebfa5-7d5b-76a2-94b7-fb066ce0b27a:1164,45830,other_resolved_artifact
ActPlane,3dae89cd06ae,10,11,codex:rollout-2026-06-12T23-22-34-019ebfa5-7d5b-76a2-94b7-fb066ce0b27a:1165,45831,other_resolved_artifact
ActPlane,3dae89cd06ae,10,11,codex:rollout-2026-06-12T23-22-34-019ebfa5-7d5b-76a2-94b7-fb066ce0b27a:1166,45832,other_resolved_artifact
ActPlane,3dae89cd06ae,10,11,codex:rollout-2026-06-12T23-22-34-019ebfa5-7d5b-76a2-94b7-fb066ce0b27a:1167,45833,other_resolved_artifact
ActPlane,3dae89cd06ae,10,11,codex:rollout-2026-06-12T23-22-34-019ebfa5-7d5b-76a2-94b7-fb066ce0b27a:1168,45834,no_resolved_path
ActPlane,3dae89cd06ae,10,11,codex:rollout-2026-06-12T23-22-34-019ebfa5-7d5b-76a2-94b7-fb066ce0b27a:1169,45835,no_resolved_path
ActPlane,3dae89cd06ae,10,11,codex:rollout-2026-06-12T23-22-34-019ebfa5-7d5b-76a2-94b7-fb066ce0b27a:1170,45836,other_resolved_artifact
ActPlane,3dae89cd06ae,10,11,codex:rollout-2026-06-12T23-22-34-019ebfa5-7d5b-76a2-94b7-fb066ce0b27a:1171,45837,no_resolved_path
ActPlane,3dae89cd06ae,10,11,codex:rollout-2026-06-12T23-22-34-019ebfa5-7d5b-76a2-94b7-fb066ce0b27a:1172,45838,no_resolved_path
ActPlane,3dae89cd06ae,10,11,codex:rollout-2026-06-12T23-22-34-019ebfa5-7d5b-76a2-94b7-fb066ce0b27a:1173,45839,no_resolved_path
ActPlane,3dae89cd06ae,10,11,codex:rollout-2026-06-12T23-22-34-019ebfa5-7d5b-76a2-94b7-fb066ce0b27a:1174,45840,no_resolved_path
ActPlane,3dae89cd06ae,10,11,codex:rollout-2026-06-12T23-22-34-019ebfa5-7d5b-76a2-94b7-fb066ce0b27a:1175,45841,other_resolved_scope
ActPlane,3dae89cd06ae,10,11,codex:rollout-2026-06-12T23-22-34-019ebfa5-7d5b-76a2-94b7-fb066ce0b27a:1176,45842,other_resolved_scope
ActPlane,3dae89cd06ae,10,11,codex:rollout-2026-06-12T23-22-34-019ebfa5-7d5b-76a2-94b7-fb066ce0b27a:1177,45843,other_resolved_artifact
ActPlane,3dae89cd06ae,11,12,claude:9734dd6c-3060-4fcc-9a77-ea8aa6aa3622:0,53564,predecessor_module
ActPlane,3dae89cd06ae,11,12,claude:9734dd6c-3060-4fcc-9a77-ea8aa6aa3622:1,53565,predecessor_artifact
ActPlane,3dae89cd06ae,11,12,claude:9734dd6c-3060-4fcc-9a77-ea8aa6aa3622:2,53566,no_resolved_path
ActPlane,3dae89cd06ae,11,12,claude:9734dd6c-3060-4fcc-9a77-ea8aa6aa3622:3,53567,no_resolved_path
ActPlane,3dae89cd06ae,11,12,claude:9734dd6c-3060-4fcc-9a77-ea8aa6aa3622:4,53568,predecessor_module
ActPlane,3dae89cd06ae,11,12,claude:9734dd6c-3060-4fcc-9a77-ea8aa6aa3622:5,53569,no_resolved_path
ActPlane,3dae89cd06ae,11,12,claude:9734dd6c-3060-4fcc-9a77-ea8aa6aa3622:6,53570,predecessor_artifact
ActPlane,3dae89cd06ae,11,12,claude:9734dd6c-3060-4fcc-9a77-ea8aa6aa3622:7,53571,predecessor_artifact
ActPlane,3dae89cd06ae,11,12,claude:9734dd6c-3060-4fcc-9a77-ea8aa6aa3622:8,53572,predecessor_artifact
ActPlane,3dae89cd06ae,11,12,claude:9734dd6c-3060-4fcc-9a77-ea8aa6aa3622:9,53573,predecessor_artifact
ActPlane,3dae89cd06ae,11,12,claude:9734dd6c-3060-4fcc-9a77-ea8aa6aa3622:10,53574,predecessor_artifact
ActPlane,3dae89cd06ae,11,12,claude:9734dd6c-3060-4fcc-9a77-ea8aa6aa3622:11,53575,predecessor_artifact
ActPlane,3dae89cd06ae,12,13,claude:bef98df8-6a5b-47fc-ad53-cd4c2f97bfe0:0,54091,predecessor_module
ActPlane,3dae89cd06ae,12,13,claude:bef98df8-6a5b-47fc-ad53-cd4c2f97bfe0:1,54092,no_resolved_path
ActPlane,3dae89cd06ae,12,13,claude:bef98df8-6a5b-47fc-ad53-cd4c2f97bfe0:2,54093,no_resolved_path
ActPlane,3dae89cd06ae,12,13,claude:bef98df8-6a5b-47fc-ad53-cd4c2f97bfe0:3,54094,no_resolved_path
ActPlane,3dae89cd06ae,12,13,claude:bef98df8-6a5b-47fc-ad53-cd4c2f97bfe0:4,54095,no_resolved_path
ActPlane,3dae89cd06ae,12,13,claude:bef98df8-6a5b-47fc-ad53-cd4c2f97bfe0:5,54096,no_resolved_path
ActPlane,3dae89cd06ae,12,13,claude:bef98df8-6a5b-47fc-ad53-cd4c2f97bfe0:6,54097,no_resolved_path
ActPlane,3dae89cd06ae,12,13,claude:bef98df8-6a5b-47fc-ad53-cd4c2f97bfe0:7,54098,no_resolved_path
ActPlane,3dae89cd06ae,12,13,claude:bef98df8-6a5b-47fc-ad53-cd4c2f97bfe0:8,54099,no_resolved_path
ActPlane,3dae89cd06ae,12,13,claude:bef98df8-6a5b-47fc-ad53-cd4c2f97bfe0:9,54100,no_resolved_path
ActPlane,3dae89cd06ae,12,13,claude:bef98df8-6a5b-47fc-ad53-cd4c2f97bfe0:10,54101,no_resolved_path
ActPlane,3dae89cd06ae,12,13,claude:bef98df8-6a5b-47fc-ad53-cd4c2f97bfe0:11,54102,no_resolved_path
ActPlane,3dae89cd06ae,12,13,claude:bef98df8-6a5b-47fc-ad53-cd4c2f97bfe0:12,54103,no_resolved_path
ActPlane,3dae89cd06ae,12,13,claude:bef98df8-6a5b-47fc-ad53-cd4c2f97bfe0:13,54104,no_resolved_path
ActPlane,3dae89cd06ae,12,13,claude:bef98df8-6a5b-47fc-ad53-cd4c2f97bfe0:14,54105,no_resolved_path
ActPlane,3dae89cd06ae,12,13,claude:bef98df8-6a5b-47fc-ad53-cd4c2f97bfe0:15,54106,no_resolved_path
ActPlane,3dae89cd06ae,12,13,claude:bef98df8-6a5b-47fc-ad53-cd4c2f97bfe0:16,54107,no_resolved_path
ActPlane,3dae89cd06ae,12,13,claude:bef98df8-6a5b-47fc-ad53-cd4c2f97bfe0:17,54108,predecessor_artifact
ActPlane,3dae89cd06ae,13,14,claude:a83673a5-5b97-4ad2-9ddb-42543f313326:0,54246,no_resolved_path
ActPlane,3dae89cd06ae,13,14,claude:a83673a5-5b97-4ad2-9ddb-42543f313326:1,54247,predecessor_artifact
ActPlane,3dae89cd06ae,13,14,claude:a83673a5-5b97-4ad2-9ddb-42543f313326:2,54248,no_resolved_path
ActPlane,3dae89cd06ae,13,14,claude:a83673a5-5b97-4ad2-9ddb-42543f313326:3,54249,predecessor_artifact
ActPlane,3dae89cd06ae,14,15,claude:940a8ed6-e954-485f-b827-4246ee0abfe7:0,54257,predecessor_artifact
ActPlane,3dae89cd06ae,14,15,claude:940a8ed6-e954-485f-b827-4246ee0abfe7:1,54258,no_resolved_path
ActPlane,3dae89cd06ae,14,15,claude:940a8ed6-e954-485f-b827-4246ee0abfe7:2,54259,predecessor_artifact
ActPlane,3dae89cd06ae,15,16,claude:2a49a297-1f98-4407-848c-47ac6e223cc6:0,54484,no_resolved_path
ActPlane,3dae89cd06ae,15,16,claude:2a49a297-1f98-4407-848c-47ac6e223cc6:1,54485,predecessor_artifact
ActPlane,3dae89cd06ae,15,16,claude:2a49a297-1f98-4407-848c-47ac6e223cc6:2,54486,predecessor_artifact
ActPlane,3dae89cd06ae,15,16,claude:2a49a297-1f98-4407-848c-47ac6e223cc6:3,54487,predecessor_artifact
ActPlane,3dae89cd06ae,15,16,claude:2a49a297-1f98-4407-848c-47ac6e223cc6:4,54488,predecessor_artifact
ActPlane,3dae89cd06ae,15,16,claude:2a49a297-1f98-4407-848c-47ac6e223cc6:5,54489,predecessor_artifact
ActPlane,3dae89cd06ae,15,16,claude:2a49a297-1f98-4407-848c-47ac6e223cc6:6,54490,predecessor_artifact
ActPlane,3dae89cd06ae,15,16,claude:2a49a297-1f98-4407-848c-47ac6e223cc6:7,54491,predecessor_artifact
ActPlane,3dae89cd06ae,15,16,claude:2a49a297-1f98-4407-848c-47ac6e223cc6:8,54492,predecessor_artifact
ActPlane,3dae89cd06ae,15,16,claude:2a49a297-1f98-4407-848c-47ac6e223cc6:9,54493,predecessor_artifact
ActPlane,3dae89cd06ae,15,16,claude:2a49a297-1f98-4407-848c-47ac6e223cc6:10,54494,no_resolved_path
ActPlane,3dae89cd06ae,15,16,claude:2a49a297-1f98-4407-848c-47ac6e223cc6:11,54495,predecessor_artifact
ActPlane,3dae89cd06ae,15,16,claude:2a49a297-1f98-4407-848c-47ac6e223cc6:12,54496,predecessor_artifact
ActPlane,3dae89cd06ae,15,16,claude:2a49a297-1f98-4407-848c-47ac6e223cc6:13,54497,predecessor_artifact
ActPlane,3dae89cd06ae,15,16,claude:2a49a297-1f98-4407-848c-47ac6e223cc6:14,54498,predecessor_artifact
ActPlane,3dae89cd06ae,15,16,claude:2a49a297-1f98-4407-848c-47ac6e223cc6:15,54499,predecessor_artifact
ActPlane,3dae89cd06ae,17,18,codex:rollout-2026-06-25T20-15-04-019f01ec-7f4a-7102-8213-eda750228933:0,57358,no_resolved_path
ActPlane,3dae89cd06ae,17,18,codex:rollout-2026-06-25T20-15-04-019f01ec-7f4a-7102-8213-eda750228933:1,57359,predecessor_module
ActPlane,3dae89cd06ae,17,18,codex:rollout-2026-06-25T20-15-04-019f01ec-7f4a-7102-8213-eda750228933:2,57360,predecessor_module
ActPlane,3dae89cd06ae,17,18,codex:rollout-2026-06-25T20-15-04-019f01ec-7f4a-7102-8213-eda750228933:3,57361,predecessor_artifact
ActPlane,3dae89cd06ae,17,18,codex:rollout-2026-06-25T20-15-04-019f01ec-7f4a-7102-8213-eda750228933:4,57362,predecessor_module
ActPlane,3dae89cd06ae,17,18,codex:rollout-2026-06-25T20-15-04-019f01ec-7f4a-7102-8213-eda750228933:5,57363,predecessor_module
ActPlane,3dae89cd06ae,17,18,codex:rollout-2026-06-25T20-15-04-019f01ec-7f4a-7102-8213-eda750228933:6,57364,predecessor_module
ActPlane,3dae89cd06ae,17,18,codex:rollout-2026-06-25T20-15-04-019f01ec-7f4a-7102-8213-eda750228933:7,57365,predecessor_module
ActPlane,3dae89cd06ae,17,18,codex:rollout-2026-06-25T20-15-04-019f01ec-7f4a-7102-8213-eda750228933:8,57366,predecessor_module
ActPlane,3dae89cd06ae,17,18,codex:rollout-2026-06-25T20-15-04-019f01ec-7f4a-7102-8213-eda750228933:9,57367,predecessor_module
ActPlane,3dae89cd06ae,17,18,codex:rollout-2026-06-25T20-15-04-019f01ec-7f4a-7102-8213-eda750228933:10,57368,predecessor_module
ActPlane,3dae89cd06ae,17,18,codex:rollout-2026-06-25T20-15-04-019f01ec-7f4a-7102-8213-eda750228933:11,57369,predecessor_module
ActPlane,3dae89cd06ae,17,18,codex:rollout-2026-06-25T20-15-04-019f01ec-7f4a-7102-8213-eda750228933:12,57370,predecessor_module
ActPlane,3dae89cd06ae,17,18,codex:rollout-2026-06-25T20-15-04-019f01ec-7f4a-7102-8213-eda750228933:13,57371,no_resolved_path
ActPlane,3dae89cd06ae,17,18,codex:rollout-2026-06-25T20-15-04-019f01ec-7f4a-7102-8213-eda750228933:14,57372,no_resolved_path
ActPlane,3dae89cd06ae,17,18,codex:rollout-2026-06-25T20-15-04-019f01ec-7f4a-7102-8213-eda750228933:15,57373,predecessor_artifact
ActPlane,3dae89cd06ae,17,18,codex:rollout-2026-06-25T20-15-04-019f01ec-7f4a-7102-8213-eda750228933:16,57374,predecessor_artifact
ActPlane,3dae89cd06ae,17,18,codex:rollout-2026-06-25T20-15-04-019f01ec-7f4a-7102-8213-eda750228933:17,57375,predecessor_artifact
ActPlane,3dae89cd06ae,17,18,codex:rollout-2026-06-25T20-15-04-019f01ec-7f4a-7102-8213-eda750228933:18,57376,predecessor_artifact
ActPlane,3dae89cd06ae,17,18,codex:rollout-2026-06-25T20-15-04-019f01ec-7f4a-7102-8213-eda750228933:19,57377,predecessor_artifact
ActPlane,3dae89cd06ae,17,18,codex:rollout-2026-06-25T20-15-04-019f01ec-7f4a-7102-8213-eda750228933:20,57378,predecessor_module
ActPlane,3dae89cd06ae,17,18,codex:rollout-2026-06-25T20-15-04-019f01ec-7f4a-7102-8213-eda750228933:21,57379,predecessor_module
ActPlane,3dae89cd06ae,17,18,codex:rollout-2026-06-25T20-15-04-019f01ec-7f4a-7102-8213-eda750228933:22,57380,predecessor_module
ActPlane,3dae89cd06ae,17,18,codex:rollout-2026-06-25T20-15-04-019f01ec-7f4a-7102-8213-eda750228933:23,57381,predecessor_module
ActPlane,3dae89cd06ae,17,18,codex:rollout-2026-06-25T20-15-04-019f01ec-7f4a-7102-8213-eda750228933:24,57382,predecessor_module
ActPlane,3dae89cd06ae,17,18,codex:rollout-2026-06-25T20-15-04-019f01ec-7f4a-7102-8213-eda750228933:25,57383,predecessor_module
ActPlane,3dae89cd06ae,17,18,codex:rollout-2026-06-25T20-15-04-019f01ec-7f4a-7102-8213-eda750228933:26,57384,predecessor_artifact
ActPlane,3dae89cd06ae,17,18,codex:rollout-2026-06-25T20-15-04-019f01ec-7f4a-7102-8213-eda750228933:27,57385,predecessor_module
ActPlane,3dae89cd06ae,17,18,codex:rollout-2026-06-25T20-15-04-019f01ec-7f4a-7102-8213-eda750228933:28,57386,predecessor_module
ActPlane,3dae89cd06ae,17,18,codex:rollout-2026-06-25T20-15-04-019f01ec-7f4a-7102-8213-eda750228933:29,57387,predecessor_module
ActPlane,3dae89cd06ae,17,18,codex:rollout-2026-06-25T20-15-04-019f01ec-7f4a-7102-8213-eda750228933:30,57388,predecessor_module
ActPlane,3dae89cd06ae,17,18,codex:rollout-2026-06-25T20-15-04-019f01ec-7f4a-7102-8213-eda750228933:31,57389,predecessor_module
ActPlane,3dae89cd06ae,17,18,codex:rollout-2026-06-25T20-15-04-019f01ec-7f4a-7102-8213-eda750228933:32,57390,predecessor_module
ActPlane,3dae89cd06ae,17,18,codex:rollout-2026-06-25T20-15-04-019f01ec-7f4a-7102-8213-eda750228933:33,57391,predecessor_module
ActPlane,3dae89cd06ae,17,18,codex:rollout-2026-06-25T20-15-04-019f01ec-7f4a-7102-8213-eda750228933:34,57392,predecessor_module
ActPlane,3dae89cd06ae,17,18,codex:rollout-2026-06-25T20-15-04-019f01ec-7f4a-7102-8213-eda750228933:35,57393,predecessor_artifact
ActPlane,3dae89cd06ae,17,18,codex:rollout-2026-06-25T20-15-04-019f01ec-7f4a-7102-8213-eda750228933:36,57394,predecessor_module
ActPlane,3dae89cd06ae,17,18,codex:rollout-2026-06-25T20-15-04-019f01ec-7f4a-7102-8213-eda750228933:37,57395,predecessor_module
ActPlane,3dae89cd06ae,17,18,codex:rollout-2026-06-25T20-15-04-019f01ec-7f4a-7102-8213-eda750228933:38,57396,predecessor_module
ActPlane,3dae89cd06ae,17,18,codex:rollout-2026-06-25T20-15-04-019f01ec-7f4a-7102-8213-eda750228933:39,57397,predecessor_module
ActPlane,3dae89cd06ae,17,18,codex:rollout-2026-06-25T20-15-04-019f01ec-7f4a-7102-8213-eda750228933:40,57398,predecessor_module
ActPlane,3dae89cd06ae,17,18,codex:rollout-2026-06-25T20-15-04-019f01ec-7f4a-7102-8213-eda750228933:41,57399,no_resolved_path
ActPlane,3dae89cd06ae,17,18,codex:rollout-2026-06-25T20-15-04-019f01ec-7f4a-7102-8213-eda750228933:42,57400,no_resolved_path
ActPlane,3dae89cd06ae,17,18,codex:rollout-2026-06-25T20-15-04-019f01ec-7f4a-7102-8213-eda750228933:43,57401,no_resolved_path
ActPlane,3dae89cd06ae,17,18,codex:rollout-2026-06-25T20-15-04-019f01ec-7f4a-7102-8213-eda750228933:44,57402,no_resolved_path
ActPlane,3dae89cd06ae,17,18,codex:rollout-2026-06-25T20-15-04-019f01ec-7f4a-7102-8213-eda750228933:45,57403,predecessor_artifact
ActPlane,3dae89cd06ae,17,18,codex:rollout-2026-06-25T20-15-04-019f01ec-7f4a-7102-8213-eda750228933:46,57404,predecessor_artifact
ActPlane,3dae89cd06ae,17,18,codex:rollout-2026-06-25T20-15-04-019f01ec-7f4a-7102-8213-eda750228933:47,57405,predecessor_artifact
ActPlane,3dae89cd06ae,17,18,codex:rollout-2026-06-25T20-15-04-019f01ec-7f4a-7102-8213-eda750228933:48,57406,predecessor_artifact
ActPlane,3dae89cd06ae,17,18,codex:rollout-2026-06-25T20-15-04-019f01ec-7f4a-7102-8213-eda750228933:49,57407,predecessor_artifact
ActPlane,3dae89cd06ae,17,18,codex:rollout-2026-06-25T20-15-04-019f01ec-7f4a-7102-8213-eda750228933:50,57408,predecessor_artifact
ActPlane,3dae89cd06ae,17,18,codex:rollout-2026-06-25T20-15-04-019f01ec-7f4a-7102-8213-eda750228933:51,57409,predecessor_artifact
ActPlane,3dae89cd06ae,17,18,codex:rollout-2026-06-25T20-15-04-019f01ec-7f4a-7102-8213-eda750228933:52,57410,predecessor_artifact
ActPlane,3dae89cd06ae,17,18,codex:rollout-2026-06-25T20-15-04-019f01ec-7f4a-7102-8213-eda750228933:53,57411,predecessor_artifact
ActPlane,3dae89cd06ae,17,18,codex:rollout-2026-06-25T20-15-04-019f01ec-7f4a-7102-8213-eda750228933:54,57412,predecessor_artifact
ActPlane,3dae89cd06ae,17,18,codex:rollout-2026-06-25T20-15-04-019f01ec-7f4a-7102-8213-eda750228933:55,57413,predecessor_artifact
ActPlane,3dae89cd06ae,17,18,codex:rollout-2026-06-25T20-15-04-019f01ec-7f4a-7102-8213-eda750228933:56,57414,no_resolved_path
ActPlane,3dae89cd06ae,17,18,codex:rollout-2026-06-25T20-15-04-019f01ec-7f4a-7102-8213-eda750228933:57,57415,predecessor_module
ActPlane,3dae89cd06ae,17,18,codex:rollout-2026-06-25T20-15-04-019f01ec-7f4a-7102-8213-eda750228933:58,57416,predecessor_module
ActPlane,3dae89cd06ae,17,18,codex:rollout-2026-06-25T20-15-04-019f01ec-7f4a-7102-8213-eda750228933:59,57417,predecessor_artifact
ActPlane,3dae89cd06ae,17,18,codex:rollout-2026-06-25T20-15-04-019f01ec-7f4a-7102-8213-eda750228933:60,57418,no_resolved_path
ActPlane,3dae89cd06ae,17,18,codex:rollout-2026-06-25T20-15-04-019f01ec-7f4a-7102-8213-eda750228933:61,57419,no_resolved_path
ActPlane,3dae89cd06ae,17,18,codex:rollout-2026-06-25T20-15-04-019f01ec-7f4a-7102-8213-eda750228933:62,57420,no_resolved_path
ActPlane,3dae89cd06ae,17,18,codex:rollout-2026-06-25T20-15-04-019f01ec-7f4a-7102-8213-eda750228933:63,57421,no_resolved_path
ActPlane,3dae89cd06ae,17,18,codex:rollout-2026-06-25T20-15-04-019f01ec-7f4a-7102-8213-eda750228933:64,57422,no_resolved_path
ActPlane,3dae89cd06ae,17,18,codex:rollout-2026-06-25T20-15-04-019f01ec-7f4a-7102-8213-eda750228933:65,57423,no_resolved_path
ActPlane,3dae89cd06ae,17,18,codex:rollout-2026-06-25T20-15-04-019f01ec-7f4a-7102-8213-eda750228933:66,57424,predecessor_module
ActPlane,3dae89cd06ae,17,18,codex:rollout-2026-06-25T20-15-04-019f01ec-7f4a-7102-8213-eda750228933:67,57425,predecessor_module
ActPlane,3dae89cd06ae,17,18,codex:rollout-2026-06-25T20-15-04-019f01ec-7f4a-7102-8213-eda750228933:68,57426,predecessor_module
ActPlane,3dae89cd06ae,17,18,codex:rollout-2026-06-25T20-15-04-019f01ec-7f4a-7102-8213-eda750228933:69,57427,predecessor_module
ActPlane,3dae89cd06ae,17,18,codex:rollout-2026-06-25T20-15-04-019f01ec-7f4a-7102-8213-eda750228933:70,57428,predecessor_module
ActPlane,3dae89cd06ae,17,18,codex:rollout-2026-06-25T20-15-04-019f01ec-7f4a-7102-8213-eda750228933:71,57429,predecessor_module
ActPlane,3dae89cd06ae,17,18,codex:rollout-2026-06-25T20-41-02-019f0204-46ee-7313-848a-7d6a483ccce8:0,57430,no_resolved_path
ActPlane,3dae89cd06ae,17,18,codex:rollout-2026-06-25T20-41-02-019f0204-46ee-7313-848a-7d6a483ccce8:1,57431,predecessor_module
ActPlane,3dae89cd06ae,17,18,codex:rollout-2026-06-25T20-41-02-019f0204-46ee-7313-848a-7d6a483ccce8:2,57432,predecessor_module
ActPlane,3dae89cd06ae,17,18,codex:rollout-2026-06-25T20-41-02-019f0204-46ee-7313-848a-7d6a483ccce8:3,57433,predecessor_module
ActPlane,3dae89cd06ae,17,18,codex:rollout-2026-06-25T20-41-02-019f0204-46ee-7313-848a-7d6a483ccce8:4,57434,predecessor_module
ActPlane,3dae89cd06ae,17,18,codex:rollout-2026-06-25T20-41-02-019f0204-46ee-7313-848a-7d6a483ccce8:5,57435,predecessor_module
ActPlane,3dae89cd06ae,17,18,codex:rollout-2026-06-25T20-41-02-019f0204-46ee-7313-848a-7d6a483ccce8:6,57436,predecessor_module
ActPlane,3dae89cd06ae,17,18,codex:rollout-2026-06-25T20-41-02-019f0204-46ee-7313-848a-7d6a483ccce8:7,57437,predecessor_module
ActPlane,3dae89cd06ae,17,18,codex:rollout-2026-06-25T20-41-02-019f0204-46ee-7313-848a-7d6a483ccce8:8,57438,predecessor_module
ActPlane,3dae89cd06ae,17,18,codex:rollout-2026-06-25T20-41-02-019f0204-46ee-7313-848a-7d6a483ccce8:9,57439,predecessor_module
ActPlane,3dae89cd06ae,17,18,codex:rollout-2026-06-25T20-15-04-019f01ec-7f4a-7102-8213-eda750228933:72,57440,predecessor_module
ActPlane,3dae89cd06ae,17,18,codex:rollout-2026-06-25T20-41-02-019f0204-46ee-7313-848a-7d6a483ccce8:10,57441,predecessor_module
ActPlane,3dae89cd06ae,17,18,codex:rollout-2026-06-25T20-41-02-019f0204-46ee-7313-848a-7d6a483ccce8:11,57442,no_resolved_path
ActPlane,3dae89cd06ae,17,18,codex:rollout-2026-06-25T20-41-02-019f0204-46ee-7313-848a-7d6a483ccce8:12,57443,predecessor_module
ActPlane,3dae89cd06ae,17,18,codex:rollout-2026-06-25T20-41-02-019f0204-46ee-7313-848a-7d6a483ccce8:13,57444,predecessor_module
ActPlane,3dae89cd06ae,17,18,codex:rollout-2026-06-25T20-41-02-019f0204-46ee-7313-848a-7d6a483ccce8:14,57445,predecessor_module
ActPlane,3dae89cd06ae,17,18,codex:rollout-2026-06-25T20-41-02-019f0204-46ee-7313-848a-7d6a483ccce8:15,57446,predecessor_module
ActPlane,3dae89cd06ae,17,18,codex:rollout-2026-06-25T20-41-02-019f0204-46ee-7313-848a-7d6a483ccce8:16,57447,predecessor_module
ActPlane,3dae89cd06ae,17,18,codex:rollout-2026-06-25T20-41-02-019f0204-46ee-7313-848a-7d6a483ccce8:17,57448,predecessor_module
ActPlane,3dae89cd06ae,17,18,codex:rollout-2026-06-25T20-41-02-019f0204-46ee-7313-848a-7d6a483ccce8:18,57449,predecessor_module
ActPlane,3dae89cd06ae,17,18,codex:rollout-2026-06-25T20-41-02-019f0204-46ee-7313-848a-7d6a483ccce8:19,57450,predecessor_module
ActPlane,3dae89cd06ae,17,18,codex:rollout-2026-06-25T20-41-02-019f0204-46ee-7313-848a-7d6a483ccce8:20,57451,predecessor_artifact
ActPlane,3dae89cd06ae,17,18,codex:rollout-2026-06-25T20-41-02-019f0204-46ee-7313-848a-7d6a483ccce8:21,57452,predecessor_artifact
ActPlane,3dae89cd06ae,17,18,codex:rollout-2026-06-25T20-41-02-019f0204-46ee-7313-848a-7d6a483ccce8:22,57453,predecessor_module
ActPlane,3dae89cd06ae,17,18,codex:rollout-2026-06-25T20-41-02-019f0204-46ee-7313-848a-7d6a483ccce8:23,57454,predecessor_module
ActPlane,3dae89cd06ae,17,18,codex:rollout-2026-06-25T20-41-02-019f0204-46ee-7313-848a-7d6a483ccce8:24,57455,predecessor_module
ActPlane,3dae89cd06ae,17,18,codex:rollout-2026-06-25T20-41-02-019f0204-46ee-7313-848a-7d6a483ccce8:25,57456,predecessor_module
ActPlane,3dae89cd06ae,17,18,codex:rollout-2026-06-25T20-41-02-019f0204-46ee-7313-848a-7d6a483ccce8:26,57457,predecessor_module
ActPlane,3dae89cd06ae,17,18,codex:rollout-2026-06-25T20-15-04-019f01ec-7f4a-7102-8213-eda750228933:73,57458,predecessor_artifact
ActPlane,3dae89cd06ae,17,18,codex:rollout-2026-06-25T20-15-04-019f01ec-7f4a-7102-8213-eda750228933:74,57459,no_resolved_path
ActPlane,3dae89cd06ae,17,18,codex:rollout-2026-06-25T20-15-04-019f01ec-7f4a-7102-8213-eda750228933:75,57460,no_resolved_path
ActPlane,3dae89cd06ae,17,18,codex:rollout-2026-06-25T20-41-02-019f0204-46ee-7313-848a-7d6a483ccce8:27,57461,predecessor_module
ActPlane,3dae89cd06ae,17,18,codex:rollout-2026-06-25T20-41-02-019f0204-46ee-7313-848a-7d6a483ccce8:28,57462,predecessor_module
ActPlane,3dae89cd06ae,17,18,codex:rollout-2026-06-25T20-41-02-019f0204-46ee-7313-848a-7d6a483ccce8:29,57463,predecessor_module
ActPlane,3dae89cd06ae,17,18,codex:rollout-2026-06-25T20-41-02-019f0204-46ee-7313-848a-7d6a483ccce8:30,57464,predecessor_module
ActPlane,3dae89cd06ae,17,18,codex:rollout-2026-06-25T20-15-04-019f01ec-7f4a-7102-8213-eda750228933:76,57465,no_resolved_path
ActPlane,3dae89cd06ae,17,18,codex:rollout-2026-06-25T20-15-04-019f01ec-7f4a-7102-8213-eda750228933:77,57466,other_resolved_artifact
ActPlane,3dae89cd06ae,17,18,codex:rollout-2026-06-25T20-15-04-019f01ec-7f4a-7102-8213-eda750228933:78,57467,no_resolved_path
ActPlane,3dae89cd06ae,21,22,codex:rollout-2026-07-16T18-41-23-019f6dbc-45bd-72c1-9f1e-852ffdb48503:0,61591,no_resolved_path
ActPlane,3dae89cd06ae,21,22,codex:rollout-2026-07-16T18-41-23-019f6dbc-45bd-72c1-9f1e-852ffdb48503:1,61592,no_resolved_path
ActPlane,3dae89cd06ae,21,22,codex:rollout-2026-07-16T18-41-23-019f6dbc-45bd-72c1-9f1e-852ffdb48503:2,61593,predecessor_module
ActPlane,3dae89cd06ae,21,22,codex:rollout-2026-07-16T18-41-23-019f6dbc-45bd-72c1-9f1e-852ffdb48503:3,61594,no_resolved_path
ActPlane,3dae89cd06ae,21,22,codex:rollout-2026-07-16T18-41-23-019f6dbc-45bd-72c1-9f1e-852ffdb48503:4,61595,predecessor_artifact
ActPlane,3dae89cd06ae,21,22,codex:rollout-2026-07-16T18-41-23-019f6dbc-45bd-72c1-9f1e-852ffdb48503:5,61596,predecessor_artifact
ActPlane,3dae89cd06ae,21,22,codex:rollout-2026-07-16T18-41-23-019f6dbc-45bd-72c1-9f1e-852ffdb48503:6,61597,predecessor_artifact
ActPlane,3dae89cd06ae,21,22,codex:rollout-2026-07-16T18-41-23-019f6dbc-45bd-72c1-9f1e-852ffdb48503:7,61598,predecessor_artifact
ActPlane,3dae89cd06ae,21,22,codex:rollout-2026-07-16T18-41-23-019f6dbc-45bd-72c1-9f1e-852ffdb48503:8,61599,no_resolved_path
ActPlane,3dae89cd06ae,21,22,codex:rollout-2026-07-16T18-41-23-019f6dbc-45bd-72c1-9f1e-852ffdb48503:9,61600,no_resolved_path
ActPlane,3dae89cd06ae,21,22,codex:rollout-2026-07-16T18-41-23-019f6dbc-45bd-72c1-9f1e-852ffdb48503:10,61601,no_resolved_path
ActPlane,3dae89cd06ae,21,22,codex:rollout-2026-07-16T18-41-23-019f6dbc-45bd-72c1-9f1e-852ffdb48503:11,61602,no_resolved_path
ActPlane,3dae89cd06ae,21,22,codex:rollout-2026-07-16T18-41-23-019f6dbc-45bd-72c1-9f1e-852ffdb48503:13,61604,no_resolved_path
ActPlane,3dae89cd06ae,21,22,codex:rollout-2026-07-16T18-41-23-019f6dbc-45bd-72c1-9f1e-852ffdb48503:14,61605,no_resolved_path
ActPlane,3dae89cd06ae,21,22,codex:rollout-2026-07-16T18-41-23-019f6dbc-45bd-72c1-9f1e-852ffdb48503:15,61606,no_resolved_path
ActPlane,3dae89cd06ae,21,22,codex:rollout-2026-07-16T18-41-23-019f6dbc-45bd-72c1-9f1e-852ffdb48503:16,61607,no_resolved_path
ActPlane,3dae89cd06ae,21,22,codex:rollout-2026-07-16T18-41-23-019f6dbc-45bd-72c1-9f1e-852ffdb48503:17,61608,no_resolved_path
ActPlane,3dae89cd06ae,21,22,codex:rollout-2026-07-16T18-41-23-019f6dbc-45bd-72c1-9f1e-852ffdb48503:18,61609,no_resolved_path
ActPlane,3dae89cd06ae,21,22,codex:rollout-2026-07-16T18-41-23-019f6dbc-45bd-72c1-9f1e-852ffdb48503:19,61610,no_resolved_path
ActPlane,3dae89cd06ae,21,22,codex:rollout-2026-07-16T18-41-23-019f6dbc-45bd-72c1-9f1e-852ffdb48503:20,61611,no_resolved_path
ActPlane,3dae89cd06ae,21,22,codex:rollout-2026-07-16T18-41-23-019f6dbc-45bd-72c1-9f1e-852ffdb48503:21,61612,no_resolved_path
ActPlane,3dae89cd06ae,21,22,codex:rollout-2026-07-16T18-41-23-019f6dbc-45bd-72c1-9f1e-852ffdb48503:22,61613,no_resolved_path
ActPlane,3dae89cd06ae,21,22,codex:rollout-2026-07-16T18-41-23-019f6dbc-45bd-72c1-9f1e-852ffdb48503:23,61614,no_resolved_path
ActPlane,3dae89cd06ae,21,22,codex:rollout-2026-07-16T18-41-23-019f6dbc-45bd-72c1-9f1e-852ffdb48503:24,61615,predecessor_artifact
ActPlane,3dae89cd06ae,21,22,codex:rollout-2026-07-16T18-41-23-019f6dbc-45bd-72c1-9f1e-852ffdb48503:25,61616,no_resolved_path
ActPlane,3dae89cd06ae,21,22,codex:rollout-2026-07-16T18-41-23-019f6dbc-45bd-72c1-9f1e-852ffdb48503:26,61617,no_resolved_path
ActPlane,3dae89cd06ae,21,22,codex:rollout-2026-07-16T18-41-23-019f6dbc-45bd-72c1-9f1e-852ffdb48503:27,61618,predecessor_artifact
ActPlane,3dae89cd06ae,21,22,codex:rollout-2026-07-16T18-41-23-019f6dbc-45bd-72c1-9f1e-852ffdb48503:28,61619,no_resolved_path
ActPlane,3dae89cd06ae,21,22,codex:rollout-2026-07-16T18-41-23-019f6dbc-45bd-72c1-9f1e-852ffdb48503:29,61620,no_resolved_path
ActPlane,3dae89cd06ae,21,22,codex:rollout-2026-07-16T18-41-23-019f6dbc-45bd-72c1-9f1e-852ffdb48503:30,61621,predecessor_artifact
ActPlane,3dae89cd06ae,21,22,codex:rollout-2026-07-16T18-41-23-019f6dbc-45bd-72c1-9f1e-852ffdb48503:31,61622,predecessor_artifact
ActPlane,3dae89cd06ae,21,22,codex:rollout-2026-07-16T18-41-23-019f6dbc-45bd-72c1-9f1e-852ffdb48503:32,61623,no_resolved_path
ActPlane,3dae89cd06ae,21,22,codex:rollout-2026-07-16T18-41-23-019f6dbc-45bd-72c1-9f1e-852ffdb48503:33,61624,predecessor_artifact
ActPlane,3dae89cd06ae,21,22,codex:rollout-2026-07-16T18-41-23-019f6dbc-45bd-72c1-9f1e-852ffdb48503:34,61625,no_resolved_path
ActPlane,3dae89cd06ae,21,22,codex:rollout-2026-07-16T18-41-23-019f6dbc-45bd-72c1-9f1e-852ffdb48503:35,61626,predecessor_artifact
ActPlane,3dae89cd06ae,21,22,codex:rollout-2026-07-16T18-41-23-019f6dbc-45bd-72c1-9f1e-852ffdb48503:36,61627,predecessor_artifact
ActPlane,3dae89cd06ae,21,22,codex:rollout-2026-07-16T18-41-23-019f6dbc-45bd-72c1-9f1e-852ffdb48503:37,61628,predecessor_artifact
ActPlane,3dae89cd06ae,21,22,codex:rollout-2026-07-16T18-41-23-019f6dbc-45bd-72c1-9f1e-852ffdb48503:38,61629,predecessor_artifact
ActPlane,3dae89cd06ae,21,22,codex:rollout-2026-07-16T18-41-23-019f6dbc-45bd-72c1-9f1e-852ffdb48503:39,61630,predecessor_artifact
bpf-developer-tutorial,a192f642f3ee,1,2,claude:b5e771d8-c302-4f69-afbe-c3eb5ba339d5:0,402,predecessor_module
bpf-developer-tutorial,a192f642f3ee,1,2,claude:b5e771d8-c302-4f69-afbe-c3eb5ba339d5:1,403,predecessor_module
bpf-developer-tutorial,a192f642f3ee,1,2,claude:b5e771d8-c302-4f69-afbe-c3eb5ba339d5:2,404,predecessor_module
bpf-developer-tutorial,a192f642f3ee,1,2,claude:b5e771d8-c302-4f69-afbe-c3eb5ba339d5:3,405,predecessor_module
bpf-developer-tutorial,a192f642f3ee,1,2,claude:b5e771d8-c302-4f69-afbe-c3eb5ba339d5:4,406,predecessor_module
bpf-developer-tutorial,a192f642f3ee,1,2,claude:b5e771d8-c302-4f69-afbe-c3eb5ba339d5:5,407,predecessor_module
bpf-developer-tutorial,a192f642f3ee,1,2,claude:b5e771d8-c302-4f69-afbe-c3eb5ba339d5:6,408,no_resolved_path
bpf-developer-tutorial,a192f642f3ee,1,2,claude:b5e771d8-c302-4f69-afbe-c3eb5ba339d5:7,409,predecessor_artifact
bpf-developer-tutorial,a192f642f3ee,2,3,claude:6db70ca0-3c62-4522-a254-18615755b02b:0,413,predecessor_artifact
bpf-developer-tutorial,a192f642f3ee,2,3,claude:6db70ca0-3c62-4522-a254-18615755b02b:1,414,predecessor_artifact
bpf-developer-tutorial,a192f642f3ee,2,3,claude:6db70ca0-3c62-4522-a254-18615755b02b:2,415,no_resolved_path
bpf-developer-tutorial,a192f642f3ee,2,3,claude:6db70ca0-3c62-4522-a254-18615755b02b:3,416,predecessor_module
bpf-developer-tutorial,a192f642f3ee,2,3,claude:6db70ca0-3c62-4522-a254-18615755b02b:4,417,predecessor_artifact
bpf-developer-tutorial,a192f642f3ee,5,6,claude:874e88ac-605b-4587-bdbc-377c9a845497:0,472,other_resolved_artifact
bpf-developer-tutorial,a192f642f3ee,5,6,claude:874e88ac-605b-4587-bdbc-377c9a845497:1,473,other_resolved_artifact
bpf-developer-tutorial,a192f642f3ee,5,6,claude:874e88ac-605b-4587-bdbc-377c9a845497:2,474,other_resolved_artifact
bpf-developer-tutorial,a192f642f3ee,5,6,claude:874e88ac-605b-4587-bdbc-377c9a845497:3,475,other_resolved_artifact
bpf-developer-tutorial,a192f642f3ee,7,8,claude:5538f7e5-ec92-48eb-bea3-87e40d00dab3:0,539,predecessor_artifact
bpf-developer-tutorial,a192f642f3ee,7,8,claude:5538f7e5-ec92-48eb-bea3-87e40d00dab3:1,540,predecessor_artifact
bpf-developer-tutorial,a192f642f3ee,9,10,claude:f2232fd1-5762-4ddf-b974-b6c881b8bac1:0,547,other_resolved_artifact
bpf-developer-tutorial,a192f642f3ee,9,10,claude:f2232fd1-5762-4ddf-b974-b6c881b8bac1:1,548,other_resolved_artifact
bpf-developer-tutorial,a192f642f3ee,9,10,claude:f2232fd1-5762-4ddf-b974-b6c881b8bac1:2,549,other_resolved_artifact
bpf-developer-tutorial,a192f642f3ee,9,10,claude:f2232fd1-5762-4ddf-b974-b6c881b8bac1:3,550,other_resolved_artifact
bpf-developer-tutorial,a192f642f3ee,9,10,claude:f2232fd1-5762-4ddf-b974-b6c881b8bac1:4,551,other_resolved_artifact
bpf-developer-tutorial,a192f642f3ee,9,10,claude:f2232fd1-5762-4ddf-b974-b6c881b8bac1:5,552,other_resolved_artifact
bpf-developer-tutorial,a192f642f3ee,9,10,claude:f2232fd1-5762-4ddf-b974-b6c881b8bac1:6,553,no_resolved_path
bpf-developer-tutorial,a192f642f3ee,9,10,claude:f2232fd1-5762-4ddf-b974-b6c881b8bac1:7,554,other_resolved_artifact
bpf-developer-tutorial,a192f642f3ee,10,11,claude:cd613f5e-cdff-4394-924c-3b11af75226b:0,557,no_resolved_path
bpf-developer-tutorial,a192f642f3ee,10,11,claude:cd613f5e-cdff-4394-924c-3b11af75226b:1,558,no_resolved_path
bpf-developer-tutorial,a192f642f3ee,10,11,claude:cd613f5e-cdff-4394-924c-3b11af75226b:2,559,no_resolved_path
bpf-developer-tutorial,a192f642f3ee,10,11,claude:agent-adc1d6fea317c8ac8:0,560,predecessor_artifact
bpf-developer-tutorial,a192f642f3ee,10,11,claude:agent-adc1d6fea317c8ac8:1,561,predecessor_artifact
bpf-developer-tutorial,a192f642f3ee,10,11,claude:agent-adc1d6fea317c8ac8:2,562,predecessor_artifact
bpf-developer-tutorial,a192f642f3ee,10,11,claude:agent-adc1d6fea317c8ac8:3,563,predecessor_artifact
bpf-developer-tutorial,a192f642f3ee,10,11,claude:agent-adc1d6fea317c8ac8:4,564,predecessor_artifact
bpf-developer-tutorial,a192f642f3ee,10,11,claude:agent-adc1d6fea317c8ac8:5,565,predecessor_module
bpf-developer-tutorial,a192f642f3ee,10,11,claude:cd613f5e-cdff-4394-924c-3b11af75226b:3,566,no_resolved_path
bpf-developer-tutorial,a192f642f3ee,10,11,claude:agent-a6bde0830a3048469:0,567,predecessor_artifact
bpf-developer-tutorial,a192f642f3ee,10,11,claude:agent-a6bde0830a3048469:1,568,predecessor_artifact
bpf-developer-tutorial,a192f642f3ee,10,11,claude:agent-a6bde0830a3048469:2,569,predecessor_artifact
bpf-developer-tutorial,a192f642f3ee,10,11,claude:agent-a6bde0830a3048469:3,570,other_resolved_artifact
bpf-developer-tutorial,a192f642f3ee,10,11,claude:agent-a6bde0830a3048469:4,571,other_resolved_artifact
bpf-developer-tutorial,a192f642f3ee,10,11,claude:agent-a6bde0830a3048469:5,572,other_resolved_artifact
bpf-developer-tutorial,a192f642f3ee,10,11,claude:agent-a6bde0830a3048469:6,573,other_resolved_artifact
bpf-developer-tutorial,a192f642f3ee,10,11,claude:agent-a6bde0830a3048469:7,574,no_resolved_path
bpf-developer-tutorial,a192f642f3ee,10,11,claude:agent-a6bde0830a3048469:8,575,predecessor_artifact
bpf-developer-tutorial,a192f642f3ee,10,11,claude:agent-a6bde0830a3048469:9,576,predecessor_artifact
bpf-developer-tutorial,a192f642f3ee,10,11,claude:agent-a6bde0830a3048469:10,577,predecessor_artifact
bpf-developer-tutorial,a192f642f3ee,10,11,claude:agent-a6bde0830a3048469:11,578,predecessor_artifact
bpf-developer-tutorial,a192f642f3ee,10,11,claude:agent-a6bde0830a3048469:12,579,other_resolved_artifact
bpf-developer-tutorial,a192f642f3ee,10,11,claude:agent-a6bde0830a3048469:13,580,other_resolved_artifact
bpf-developer-tutorial,a192f642f3ee,10,11,claude:agent-a6bde0830a3048469:14,581,other_resolved_artifact
bpf-developer-tutorial,a192f642f3ee,10,11,claude:agent-a6bde0830a3048469:15,582,no_resolved_path
bpf-developer-tutorial,a192f642f3ee,10,11,claude:agent-a6bde0830a3048469:16,583,predecessor_module
bpf-developer-tutorial,a192f642f3ee,10,11,claude:agent-a6bde0830a3048469:17,584,predecessor_module
bpf-developer-tutorial,a192f642f3ee,10,11,claude:agent-a6bde0830a3048469:18,585,no_resolved_path
bpf-developer-tutorial,a192f642f3ee,10,11,claude:agent-a6bde0830a3048469:19,586,no_resolved_path
bpf-developer-tutorial,a192f642f3ee,10,11,claude:agent-a6bde0830a3048469:20,587,no_resolved_path
bpf-developer-tutorial,a192f642f3ee,10,11,claude:agent-a6bde0830a3048469:21,588,no_resolved_path
bpf-developer-tutorial,a192f642f3ee,10,11,claude:agent-a6bde0830a3048469:22,589,no_resolved_path
bpf-developer-tutorial,a192f642f3ee,10,11,claude:agent-a6bde0830a3048469:23,590,no_resolved_path
bpf-developer-tutorial,a192f642f3ee,10,11,claude:agent-a6bde0830a3048469:24,591,other_resolved_artifact
bpf-developer-tutorial,a192f642f3ee,10,11,claude:agent-a6bde0830a3048469:25,592,no_resolved_path
bpf-developer-tutorial,a192f642f3ee,10,11,claude:agent-a6bde0830a3048469:26,593,other_resolved_scope
bpf-developer-tutorial,a192f642f3ee,10,11,claude:agent-a6bde0830a3048469:27,594,no_resolved_path
bpf-developer-tutorial,a192f642f3ee,10,11,claude:agent-a6bde0830a3048469:28,595,predecessor_module
bpf-developer-tutorial,a192f642f3ee,10,11,claude:agent-a6bde0830a3048469:29,596,no_resolved_path
bpf-developer-tutorial,a192f642f3ee,10,11,claude:agent-a6bde0830a3048469:30,597,predecessor_module
bpf-developer-tutorial,a192f642f3ee,10,11,claude:agent-a6bde0830a3048469:31,598,predecessor_module
bpf-developer-tutorial,a192f642f3ee,10,11,claude:agent-a6bde0830a3048469:32,599,predecessor_module
bpf-developer-tutorial,a192f642f3ee,10,11,claude:agent-a6bde0830a3048469:33,600,predecessor_module
bpf-developer-tutorial,a192f642f3ee,10,11,claude:agent-a6bde0830a3048469:34,601,predecessor_module
bpf-developer-tutorial,a192f642f3ee,10,11,claude:agent-a6bde0830a3048469:35,602,predecessor_module
bpf-developer-tutorial,a192f642f3ee,10,11,claude:agent-a6bde0830a3048469:36,603,predecessor_module
bpf-developer-tutorial,a192f642f3ee,10,11,claude:cd613f5e-cdff-4394-924c-3b11af75226b:4,604,predecessor_artifact
bpf-developer-tutorial,a192f642f3ee,10,11,claude:cd613f5e-cdff-4394-924c-3b11af75226b:5,605,predecessor_artifact
bpf-developer-tutorial,a192f642f3ee,10,11,claude:cd613f5e-cdff-4394-924c-3b11af75226b:6,606,predecessor_artifact
bpf-developer-tutorial,a192f642f3ee,10,11,claude:cd613f5e-cdff-4394-924c-3b11af75226b:7,607,predecessor_artifact
bpf-developer-tutorial,a192f642f3ee,10,11,claude:cd613f5e-cdff-4394-924c-3b11af75226b:8,608,no_resolved_path
bpf-developer-tutorial,a192f642f3ee,10,11,claude:cd613f5e-cdff-4394-924c-3b11af75226b:9,609,no_resolved_path
bpf-developer-tutorial,a192f642f3ee,10,11,claude:cd613f5e-cdff-4394-924c-3b11af75226b:10,610,no_resolved_path
bpf-developer-tutorial,a192f642f3ee,10,11,claude:cd613f5e-cdff-4394-924c-3b11af75226b:11,611,predecessor_artifact
bpf-developer-tutorial,a192f642f3ee,10,11,claude:cd613f5e-cdff-4394-924c-3b11af75226b:12,612,predecessor_module
bpf-developer-tutorial,a192f642f3ee,10,11,claude:cd613f5e-cdff-4394-924c-3b11af75226b:13,613,predecessor_module
bpf-developer-tutorial,a192f642f3ee,10,11,claude:cd613f5e-cdff-4394-924c-3b11af75226b:14,614,no_resolved_path
bpf-developer-tutorial,a192f642f3ee,10,11,claude:cd613f5e-cdff-4394-924c-3b11af75226b:15,615,no_resolved_path
bpf-developer-tutorial,a192f642f3ee,10,11,claude:cd613f5e-cdff-4394-924c-3b11af75226b:16,616,predecessor_module
bpf-developer-tutorial,a192f642f3ee,10,11,claude:cd613f5e-cdff-4394-924c-3b11af75226b:17,617,predecessor_module
bpf-developer-tutorial,a192f642f3ee,10,11,claude:cd613f5e-cdff-4394-924c-3b11af75226b:18,618,predecessor_module
bpf-developer-tutorial,a192f642f3ee,10,11,claude:cd613f5e-cdff-4394-924c-3b11af75226b:19,619,predecessor_module
bpf-developer-tutorial,a192f642f3ee,10,11,claude:cd613f5e-cdff-4394-924c-3b11af75226b:20,620,no_resolved_path
bpf-developer-tutorial,a192f642f3ee,10,11,claude:cd613f5e-cdff-4394-924c-3b11af75226b:21,621,no_resolved_path
bpf-developer-tutorial,a192f642f3ee,10,11,claude:cd613f5e-cdff-4394-924c-3b11af75226b:22,622,no_resolved_path
bpf-developer-tutorial,a192f642f3ee,10,11,claude:cd613f5e-cdff-4394-924c-3b11af75226b:23,623,no_resolved_path
bpf-developer-tutorial,a192f642f3ee,10,11,claude:cd613f5e-cdff-4394-924c-3b11af75226b:24,624,no_resolved_path
bpf-developer-tutorial,a192f642f3ee,10,11,claude:cd613f5e-cdff-4394-924c-3b11af75226b:25,625,no_resolved_path
bpf-developer-tutorial,a192f642f3ee,10,11,claude:cd613f5e-cdff-4394-924c-3b11af75226b:26,626,no_resolved_path
bpf-developer-tutorial,a192f642f3ee,10,11,claude:cd613f5e-cdff-4394-924c-3b11af75226b:27,627,no_resolved_path
bpf-developer-tutorial,a192f642f3ee,10,11,claude:cd613f5e-cdff-4394-924c-3b11af75226b:28,628,no_resolved_path
bpf-developer-tutorial,a192f642f3ee,10,11,claude:cd613f5e-cdff-4394-924c-3b11af75226b:29,629,no_resolved_path
bpf-developer-tutorial,a192f642f3ee,10,11,claude:cd613f5e-cdff-4394-924c-3b11af75226b:30,630,no_resolved_path
bpf-developer-tutorial,a192f642f3ee,10,11,claude:cd613f5e-cdff-4394-924c-3b11af75226b:31,631,no_resolved_path
bpf-developer-tutorial,a192f642f3ee,10,11,claude:cd613f5e-cdff-4394-924c-3b11af75226b:32,632,no_resolved_path
bpf-developer-tutorial,a192f642f3ee,10,11,claude:cd613f5e-cdff-4394-924c-3b11af75226b:33,633,no_resolved_path
bpf-developer-tutorial,a192f642f3ee,10,11,claude:cd613f5e-cdff-4394-924c-3b11af75226b:34,634,no_resolved_path
bpf-developer-tutorial,a192f642f3ee,10,11,claude:ba6f237d-3a9a-45e8-b3c0-3f454c5e96ee:0,635,predecessor_artifact
bpf-developer-tutorial,a192f642f3ee,10,11,claude:ba6f237d-3a9a-45e8-b3c0-3f454c5e96ee:1,636,predecessor_artifact
bpf-developer-tutorial,a192f642f3ee,10,11,claude:cd613f5e-cdff-4394-924c-3b11af75226b:35,637,no_resolved_path
bpf-developer-tutorial,a192f642f3ee,10,11,claude:cd613f5e-cdff-4394-924c-3b11af75226b:36,638,no_resolved_path
bpf-developer-tutorial,a192f642f3ee,10,11,claude:cd613f5e-cdff-4394-924c-3b11af75226b:37,639,no_resolved_path
bpf-developer-tutorial,a192f642f3ee,11,12,claude:00f9452d-57c6-4bfd-841a-864e5d06a2c0:0,643,predecessor_artifact
bpf-developer-tutorial,a192f642f3ee,11,12,claude:00f9452d-57c6-4bfd-841a-864e5d06a2c0:1,644,predecessor_artifact
bpf-developer-tutorial,a192f642f3ee,12,13,claude:e2149386-c2b0-4ab7-b465-8dc201cbdc7a:0,649,predecessor_artifact
bpf-developer-tutorial,a192f642f3ee,12,13,claude:e2149386-c2b0-4ab7-b465-8dc201cbdc7a:1,650,predecessor_artifact
bpf-developer-tutorial,a192f642f3ee,12,13,claude:e2149386-c2b0-4ab7-b465-8dc201cbdc7a:2,651,predecessor_module
bpf-developer-tutorial,a192f642f3ee,12,13,claude:e2149386-c2b0-4ab7-b465-8dc201cbdc7a:3,652,predecessor_module
bpf-developer-tutorial,a192f642f3ee,13,14,claude:b1aec5af-044f-4dc7-9d97-fdc9a006f616:0,657,predecessor_artifact
bpf-developer-tutorial,a192f642f3ee,16,17,claude:feb7e021-715b-465a-9c54-23fc7c0ab9ae:0,705,predecessor_module
bpf-developer-tutorial,a192f642f3ee,16,17,claude:feb7e021-715b-465a-9c54-23fc7c0ab9ae:1,706,no_resolved_path
bpf-developer-tutorial,a192f642f3ee,16,17,claude:feb7e021-715b-465a-9c54-23fc7c0ab9ae:2,707,predecessor_module
bpf-developer-tutorial,a192f642f3ee,16,17,claude:feb7e021-715b-465a-9c54-23fc7c0ab9ae:3,708,predecessor_module
bpf-developer-tutorial,a192f642f3ee,16,17,claude:feb7e021-715b-465a-9c54-23fc7c0ab9ae:4,709,predecessor_module
bpf-developer-tutorial,a192f642f3ee,16,17,claude:feb7e021-715b-465a-9c54-23fc7c0ab9ae:5,710,predecessor_module
bpf-developer-tutorial,a192f642f3ee,16,17,claude:feb7e021-715b-465a-9c54-23fc7c0ab9ae:6,711,predecessor_module
bpf-developer-tutorial,a192f642f3ee,16,17,claude:feb7e021-715b-465a-9c54-23fc7c0ab9ae:7,712,predecessor_module
bpf-developer-tutorial,a192f642f3ee,16,17,claude:feb7e021-715b-465a-9c54-23fc7c0ab9ae:8,713,predecessor_module
bpf-developer-tutorial,a192f642f3ee,16,17,claude:feb7e021-715b-465a-9c54-23fc7c0ab9ae:9,714,predecessor_module
bpf-developer-tutorial,a192f642f3ee,17,18,claude:2b14431a-5652-4467-ba57-73bbfbf8e966:0,718,predecessor_artifact
bpf-developer-tutorial,a192f642f3ee,17,18,claude:2b14431a-5652-4467-ba57-73bbfbf8e966:1,719,predecessor_artifact
bpf-developer-tutorial,a192f642f3ee,18,19,claude:35ee4fce-b9a5-4af7-94c9-38a7fa4f4bea:0,721,no_resolved_path
bpf-developer-tutorial,a192f642f3ee,18,19,claude:35ee4fce-b9a5-4af7-94c9-38a7fa4f4bea:1,722,no_resolved_path
bpf-developer-tutorial,a192f642f3ee,18,19,claude:35ee4fce-b9a5-4af7-94c9-38a7fa4f4bea:2,723,no_resolved_path
bpf-developer-tutorial,a192f642f3ee,18,19,claude:35ee4fce-b9a5-4af7-94c9-38a7fa4f4bea:3,724,no_resolved_path
bpf-developer-tutorial,a192f642f3ee,18,19,claude:35ee4fce-b9a5-4af7-94c9-38a7fa4f4bea:4,725,no_resolved_path
bpf-developer-tutorial,a192f642f3ee,18,19,claude:35ee4fce-b9a5-4af7-94c9-38a7fa4f4bea:5,726,predecessor_module
bpf-developer-tutorial,a192f642f3ee,18,19,claude:35ee4fce-b9a5-4af7-94c9-38a7fa4f4bea:6,727,predecessor_module
bpf-developer-tutorial,a192f642f3ee,18,19,claude:35ee4fce-b9a5-4af7-94c9-38a7fa4f4bea:7,728,predecessor_module
bpf-developer-tutorial,a192f642f3ee,18,19,claude:35ee4fce-b9a5-4af7-94c9-38a7fa4f4bea:8,729,predecessor_module
bpf-developer-tutorial,a192f642f3ee,18,19,claude:35ee4fce-b9a5-4af7-94c9-38a7fa4f4bea:9,730,predecessor_module
bpf-developer-tutorial,a192f642f3ee,18,19,claude:35ee4fce-b9a5-4af7-94c9-38a7fa4f4bea:10,731,predecessor_module
bpf-developer-tutorial,a192f642f3ee,18,19,claude:35ee4fce-b9a5-4af7-94c9-38a7fa4f4bea:11,732,predecessor_module
bpf-developer-tutorial,a192f642f3ee,18,19,claude:35ee4fce-b9a5-4af7-94c9-38a7fa4f4bea:12,733,predecessor_module
bpf-developer-tutorial,a192f642f3ee,18,19,claude:35ee4fce-b9a5-4af7-94c9-38a7fa4f4bea:13,734,predecessor_module
bpf-developer-tutorial,a192f642f3ee,18,19,claude:35ee4fce-b9a5-4af7-94c9-38a7fa4f4bea:14,735,predecessor_module
bpf-developer-tutorial,a192f642f3ee,18,19,claude:35ee4fce-b9a5-4af7-94c9-38a7fa4f4bea:15,736,predecessor_module
bpf-developer-tutorial,a192f642f3ee,18,19,claude:35ee4fce-b9a5-4af7-94c9-38a7fa4f4bea:16,737,predecessor_module
bpf-developer-tutorial,a192f642f3ee,18,19,claude:35ee4fce-b9a5-4af7-94c9-38a7fa4f4bea:17,738,predecessor_module
bpf-developer-tutorial,a192f642f3ee,18,19,claude:35ee4fce-b9a5-4af7-94c9-38a7fa4f4bea:18,739,predecessor_module
bpf-developer-tutorial,a192f642f3ee,19,20,claude:c717a552-a2a6-4321-a752-3914fb058674:0,963,no_resolved_path
bpf-developer-tutorial,a192f642f3ee,19,20,claude:c717a552-a2a6-4321-a752-3914fb058674:1,964,no_resolved_path
bpf-developer-tutorial,a192f642f3ee,19,20,claude:c717a552-a2a6-4321-a752-3914fb058674:2,965,no_resolved_path
bpf-developer-tutorial,a192f642f3ee,19,20,claude:c717a552-a2a6-4321-a752-3914fb058674:3,966,no_resolved_path
bpf-developer-tutorial,a192f642f3ee,19,20,claude:c717a552-a2a6-4321-a752-3914fb058674:4,967,no_resolved_path
bpf-developer-tutorial,a192f642f3ee,19,20,claude:c717a552-a2a6-4321-a752-3914fb058674:5,968,predecessor_artifact
bpf-developer-tutorial,a192f642f3ee,19,20,claude:c717a552-a2a6-4321-a752-3914fb058674:6,969,predecessor_artifact
bpf-developer-tutorial,a192f642f3ee,19,20,claude:c717a552-a2a6-4321-a752-3914fb058674:7,970,predecessor_artifact
bpf-developer-tutorial,a192f642f3ee,19,20,claude:c717a552-a2a6-4321-a752-3914fb058674:8,971,predecessor_artifact
bpf-developer-tutorial,a192f642f3ee,19,20,claude:c717a552-a2a6-4321-a752-3914fb058674:9,972,predecessor_module
bpf-developer-tutorial,a192f642f3ee,19,20,claude:c717a552-a2a6-4321-a752-3914fb058674:10,973,predecessor_module
bpf-developer-tutorial,a192f642f3ee,19,20,claude:c717a552-a2a6-4321-a752-3914fb058674:11,974,predecessor_module
bpf-developer-tutorial,a192f642f3ee,19,20,claude:c717a552-a2a6-4321-a752-3914fb058674:12,975,predecessor_module
bpf-developer-tutorial,a192f642f3ee,19,20,claude:c717a552-a2a6-4321-a752-3914fb058674:13,976,predecessor_module
bpf-developer-tutorial,a192f642f3ee,19,20,claude:c717a552-a2a6-4321-a752-3914fb058674:14,977,predecessor_module
bpf-developer-tutorial,a192f642f3ee,19,20,claude:c717a552-a2a6-4321-a752-3914fb058674:15,978,predecessor_module
bpf-developer-tutorial,a192f642f3ee,19,20,claude:c717a552-a2a6-4321-a752-3914fb058674:16,979,predecessor_module
bpf-developer-tutorial,a192f642f3ee,20,21,claude:d9c50a8e-b62c-4dcb-80a1-dec0bd5eef4c:0,1057,no_resolved_path
bpf-developer-tutorial,a192f642f3ee,20,21,claude:d9c50a8e-b62c-4dcb-80a1-dec0bd5eef4c:1,1058,no_resolved_path
bpf-developer-tutorial,a192f642f3ee,20,21,claude:d9c50a8e-b62c-4dcb-80a1-dec0bd5eef4c:2,1059,no_resolved_path
bpf-developer-tutorial,a192f642f3ee,20,21,claude:d9c50a8e-b62c-4dcb-80a1-dec0bd5eef4c:3,1060,no_resolved_path
bpf-developer-tutorial,a192f642f3ee,20,21,claude:d9c50a8e-b62c-4dcb-80a1-dec0bd5eef4c:4,1061,no_resolved_path
bpf-developer-tutorial,a192f642f3ee,20,21,claude:d9c50a8e-b62c-4dcb-80a1-dec0bd5eef4c:5,1062,no_resolved_path
bpf-developer-tutorial,a192f642f3ee,20,21,claude:d9c50a8e-b62c-4dcb-80a1-dec0bd5eef4c:6,1063,no_resolved_path
bpf-developer-tutorial,a192f642f3ee,20,21,claude:d9c50a8e-b62c-4dcb-80a1-dec0bd5eef4c:7,1064,no_resolved_path
bpf-developer-tutorial,a192f642f3ee,20,21,claude:d9c50a8e-b62c-4dcb-80a1-dec0bd5eef4c:8,1065,predecessor_artifact
bpf-developer-tutorial,a192f642f3ee,20,21,claude:d9c50a8e-b62c-4dcb-80a1-dec0bd5eef4c:9,1066,predecessor_artifact
bpf-developer-tutorial,a192f642f3ee,20,21,claude:d9c50a8e-b62c-4dcb-80a1-dec0bd5eef4c:10,1067,predecessor_artifact
bpf-developer-tutorial,a192f642f3ee,20,21,claude:d9c50a8e-b62c-4dcb-80a1-dec0bd5eef4c:11,1068,predecessor_artifact
bpf-developer-tutorial,a192f642f3ee,20,21,claude:d9c50a8e-b62c-4dcb-80a1-dec0bd5eef4c:12,1069,predecessor_artifact
bpf-developer-tutorial,a192f642f3ee,20,21,claude:d9c50a8e-b62c-4dcb-80a1-dec0bd5eef4c:13,1070,predecessor_artifact
bpf-developer-tutorial,a192f642f3ee,21,22,claude:cb9e8dd9-2b6b-4504-82f3-5ea61465ddaa:0,1140,predecessor_artifact
bpf-developer-tutorial,a192f642f3ee,21,22,claude:cb9e8dd9-2b6b-4504-82f3-5ea61465ddaa:1,1141,predecessor_artifact
bpf-developer-tutorial,a192f642f3ee,21,22,claude:cb9e8dd9-2b6b-4504-82f3-5ea61465ddaa:2,1142,predecessor_module
bpf-developer-tutorial,a192f642f3ee,21,22,claude:cb9e8dd9-2b6b-4504-82f3-5ea61465ddaa:3,1143,predecessor_module
bpf-developer-tutorial,a192f642f3ee,21,22,claude:cb9e8dd9-2b6b-4504-82f3-5ea61465ddaa:4,1144,predecessor_module
bpf-developer-tutorial,a192f642f3ee,21,22,claude:cb9e8dd9-2b6b-4504-82f3-5ea61465ddaa:5,1145,predecessor_module
bpf-developer-tutorial,a192f642f3ee,22,23,claude:dcef7c2a-7ad7-45d0-8676-b076f130c539:0,1160,predecessor_artifact
bpf-developer-tutorial,a192f642f3ee,22,23,claude:dcef7c2a-7ad7-45d0-8676-b076f130c539:1,1161,predecessor_artifact
bpf-developer-tutorial,a192f642f3ee,22,23,claude:dcef7c2a-7ad7-45d0-8676-b076f130c539:2,1162,predecessor_artifact
bpf-developer-tutorial,a192f642f3ee,22,23,claude:dcef7c2a-7ad7-45d0-8676-b076f130c539:3,1163,predecessor_artifact
bpf-developer-tutorial,a192f642f3ee,22,23,claude:dcef7c2a-7ad7-45d0-8676-b076f130c539:4,1164,predecessor_module
bpf-developer-tutorial,a192f642f3ee,23,24,codex:rollout-2026-07-19T17-11-54-019f7cdd-6dd2-7f72-bcd6-922a6e9a6618:0,1166,no_resolved_path
bpf-developer-tutorial,a192f642f3ee,23,24,codex:rollout-2026-07-19T17-11-54-019f7cdd-6dd2-7f72-bcd6-922a6e9a6618:1,1167,no_resolved_path
bpf-developer-tutorial,a192f642f3ee,23,24,codex:rollout-2026-07-19T17-11-54-019f7cdd-6dd2-7f72-bcd6-922a6e9a6618:2,1168,no_resolved_path
bpf-developer-tutorial,a192f642f3ee,23,24,codex:rollout-2026-07-19T17-11-54-019f7cdd-6dd2-7f72-bcd6-922a6e9a6618:3,1169,no_resolved_path
bpf-developer-tutorial,a192f642f3ee,23,24,codex:rollout-2026-07-19T17-11-54-019f7cdd-6dd2-7f72-bcd6-922a6e9a6618:4,1170,no_resolved_path
bpf-developer-tutorial,a192f642f3ee,23,24,codex:rollout-2026-07-19T17-11-54-019f7cdd-6dd2-7f72-bcd6-922a6e9a6618:5,1171,no_resolved_path
bpf-developer-tutorial,a192f642f3ee,23,24,codex:rollout-2026-07-19T17-11-54-019f7cdd-6dd2-7f72-bcd6-922a6e9a6618:6,1172,no_resolved_path
bpf-developer-tutorial,a192f642f3ee,23,24,codex:rollout-2026-07-19T17-11-54-019f7cdd-6dd2-7f72-bcd6-922a6e9a6618:7,1173,no_resolved_path
bpf-developer-tutorial,a192f642f3ee,23,24,codex:rollout-2026-07-19T17-11-54-019f7cdd-6dd2-7f72-bcd6-922a6e9a6618:8,1174,no_resolved_path
bpf-developer-tutorial,a192f642f3ee,23,24,codex:rollout-2026-07-19T17-11-54-019f7cdd-6dd2-7f72-bcd6-922a6e9a6618:9,1175,no_resolved_path
bpf-developer-tutorial,a192f642f3ee,23,24,codex:rollout-2026-07-19T17-11-54-019f7cdd-6dd2-7f72-bcd6-922a6e9a6618:10,1176,no_resolved_path
bpf-developer-tutorial,a192f642f3ee,23,24,codex:rollout-2026-07-19T17-11-54-019f7cdd-6dd2-7f72-bcd6-922a6e9a6618:11,1177,no_resolved_path
bpf-developer-tutorial,a192f642f3ee,23,24,codex:rollout-2026-07-19T17-11-54-019f7cdd-6dd2-7f72-bcd6-922a6e9a6618:12,1178,no_resolved_path
bpf-developer-tutorial,a192f642f3ee,23,24,codex:rollout-2026-07-19T17-11-54-019f7cdd-6dd2-7f72-bcd6-922a6e9a6618:13,1179,no_resolved_path
bpf-developer-tutorial,a192f642f3ee,24,25,claude:9dbef345-bbdf-4f59-95d7-8de8d2e9d227:0,1376,predecessor_module
bpf-developer-tutorial,a192f642f3ee,24,25,claude:9dbef345-bbdf-4f59-95d7-8de8d2e9d227:1,1377,no_resolved_path
bpf-developer-tutorial,a192f642f3ee,24,25,claude:9dbef345-bbdf-4f59-95d7-8de8d2e9d227:2,1378,predecessor_module
bpf-developer-tutorial,a192f642f3ee,24,25,claude:9dbef345-bbdf-4f59-95d7-8de8d2e9d227:3,1379,predecessor_module
bpf-developer-tutorial,a192f642f3ee,24,25,claude:9dbef345-bbdf-4f59-95d7-8de8d2e9d227:4,1380,predecessor_module
bpf-developer-tutorial,a192f642f3ee,24,25,claude:9dbef345-bbdf-4f59-95d7-8de8d2e9d227:5,1381,no_resolved_path
bpf-developer-tutorial,a192f642f3ee,24,25,claude:9dbef345-bbdf-4f59-95d7-8de8d2e9d227:6,1382,no_resolved_path
bpf-developer-tutorial,a192f642f3ee,25,26,claude:e5fc9bd8-aae4-4b89-b8d9-7d64f14c588e:0,1492,no_resolved_path
bpf-developer-tutorial,a192f642f3ee,25,26,claude:e5fc9bd8-aae4-4b89-b8d9-7d64f14c588e:1,1493,predecessor_artifact
bpf-developer-tutorial,a192f642f3ee,25,26,claude:e5fc9bd8-aae4-4b89-b8d9-7d64f14c588e:2,1494,predecessor_module
bpf-developer-tutorial,a192f642f3ee,25,26,claude:e5fc9bd8-aae4-4b89-b8d9-7d64f14c588e:3,1495,predecessor_module
bpf-developer-tutorial,a192f642f3ee,25,26,claude:e5fc9bd8-aae4-4b89-b8d9-7d64f14c588e:4,1496,predecessor_module
bpf-developer-tutorial,a192f642f3ee,25,26,claude:e5fc9bd8-aae4-4b89-b8d9-7d64f14c588e:5,1497,predecessor_artifact
bpf-developer-tutorial,a192f642f3ee,25,26,claude:e5fc9bd8-aae4-4b89-b8d9-7d64f14c588e:6,1498,predecessor_artifact
bpf-developer-tutorial,a192f642f3ee,25,26,claude:e5fc9bd8-aae4-4b89-b8d9-7d64f14c588e:7,1499,predecessor_artifact
bpf-developer-tutorial,a192f642f3ee,25,26,claude:e5fc9bd8-aae4-4b89-b8d9-7d64f14c588e:8,1500,no_resolved_path
bpf-developer-tutorial,a192f642f3ee,25,26,claude:e5fc9bd8-aae4-4b89-b8d9-7d64f14c588e:9,1501,predecessor_module
bpf-developer-tutorial,a192f642f3ee,25,26,claude:e5fc9bd8-aae4-4b89-b8d9-7d64f14c588e:10,1502,predecessor_module
bpf-developer-tutorial,a192f642f3ee,25,26,claude:e5fc9bd8-aae4-4b89-b8d9-7d64f14c588e:11,1503,predecessor_module
bpf-developer-tutorial,a192f642f3ee,25,26,claude:e5fc9bd8-aae4-4b89-b8d9-7d64f14c588e:12,1504,predecessor_module
bpf-developer-tutorial,a192f642f3ee,26,27,claude:ba8d661f-a9e0-4c03-87af-5030dbddde00:0,1527,no_resolved_path
bpf-developer-tutorial,a192f642f3ee,26,27,claude:ba8d661f-a9e0-4c03-87af-5030dbddde00:1,1528,predecessor_artifact
bpf-developer-tutorial,a192f642f3ee,26,27,claude:ba8d661f-a9e0-4c03-87af-5030dbddde00:2,1529,predecessor_artifact
bpf-developer-tutorial,a192f642f3ee,26,27,claude:ba8d661f-a9e0-4c03-87af-5030dbddde00:3,1530,predecessor_artifact
bpf-developer-tutorial,a192f642f3ee,26,27,claude:ba8d661f-a9e0-4c03-87af-5030dbddde00:4,1531,predecessor_artifact
bpf-developer-tutorial,a192f642f3ee,26,27,claude:ba8d661f-a9e0-4c03-87af-5030dbddde00:5,1532,predecessor_artifact
bpf-developer-tutorial,a192f642f3ee,26,27,claude:ba8d661f-a9e0-4c03-87af-5030dbddde00:6,1533,predecessor_artifact
bpf-developer-tutorial,a192f642f3ee,26,27,claude:ba8d661f-a9e0-4c03-87af-5030dbddde00:7,1534,predecessor_artifact
bpf-developer-tutorial,a192f642f3ee,26,27,claude:ba8d661f-a9e0-4c03-87af-5030dbddde00:8,1535,no_resolved_path
bpf-developer-tutorial,a192f642f3ee,26,27,claude:ba8d661f-a9e0-4c03-87af-5030dbddde00:9,1536,predecessor_module
bpf-developer-tutorial,a192f642f3ee,26,27,claude:ba8d661f-a9e0-4c03-87af-5030dbddde00:10,1537,predecessor_module
bpf-developer-tutorial,a192f642f3ee,26,27,claude:ba8d661f-a9e0-4c03-87af-5030dbddde00:11,1538,predecessor_module
bpf-developer-tutorial,a192f642f3ee,26,27,claude:ba8d661f-a9e0-4c03-87af-5030dbddde00:12,1539,predecessor_module
bpf-developer-tutorial,a192f642f3ee,26,27,claude:ba8d661f-a9e0-4c03-87af-5030dbddde00:13,1540,no_resolved_path
bpf-developer-tutorial,a192f642f3ee,26,27,claude:ba8d661f-a9e0-4c03-87af-5030dbddde00:14,1541,predecessor_module
bpf-developer-tutorial,a192f642f3ee,27,28,claude:26798317-6524-4c1d-8166-50769e99111f:0,1546,predecessor_artifact
bpf-developer-tutorial,a192f642f3ee,27,28,claude:26798317-6524-4c1d-8166-50769e99111f:1,1547,other_resolved_artifact
bpf-developer-tutorial,a192f642f3ee,27,28,claude:26798317-6524-4c1d-8166-50769e99111f:2,1548,no_resolved_path
bpf-developer-tutorial,a192f642f3ee,27,28,claude:26798317-6524-4c1d-8166-50769e99111f:3,1549,predecessor_artifact
bpf-developer-tutorial,a192f642f3ee,27,28,claude:26798317-6524-4c1d-8166-50769e99111f:4,1550,predecessor_artifact
bpf-developer-tutorial,a192f642f3ee,27,28,claude:26798317-6524-4c1d-8166-50769e99111f:5,1551,predecessor_artifact
bpf-developer-tutorial,a192f642f3ee,27,28,claude:26798317-6524-4c1d-8166-50769e99111f:6,1552,predecessor_artifact
bpf-developer-tutorial,a192f642f3ee,27,28,claude:26798317-6524-4c1d-8166-50769e99111f:7,1553,predecessor_artifact
bpf-developer-tutorial,a192f642f3ee,27,28,claude:26798317-6524-4c1d-8166-50769e99111f:8,1554,predecessor_artifact
bpf-developer-tutorial,a192f642f3ee,27,28,claude:26798317-6524-4c1d-8166-50769e99111f:9,1555,predecessor_module
bpf-developer-tutorial,a192f642f3ee,27,28,claude:26798317-6524-4c1d-8166-50769e99111f:10,1556,predecessor_module
bpf-developer-tutorial,a192f642f3ee,27,28,claude:26798317-6524-4c1d-8166-50769e99111f:11,1557,predecessor_module
bpf-developer-tutorial,a192f642f3ee,27,28,claude:26798317-6524-4c1d-8166-50769e99111f:12,1558,predecessor_module
bpf-developer-tutorial,a192f642f3ee,27,28,claude:26798317-6524-4c1d-8166-50769e99111f:13,1559,predecessor_module
bpf-developer-tutorial,a192f642f3ee,27,28,claude:26798317-6524-4c1d-8166-50769e99111f:14,1560,predecessor_module
bpf-developer-tutorial,a192f642f3ee,27,28,claude:26798317-6524-4c1d-8166-50769e99111f:15,1561,predecessor_module
bpf-developer-tutorial,a192f642f3ee,27,28,claude:26798317-6524-4c1d-8166-50769e99111f:16,1562,predecessor_module
bpf-developer-tutorial,a192f642f3ee,27,28,claude:26798317-6524-4c1d-8166-50769e99111f:17,1563,predecessor_module
bpf-developer-tutorial,a192f642f3ee,27,28,claude:26798317-6524-4c1d-8166-50769e99111f:18,1564,predecessor_module
bpf-developer-tutorial,a192f642f3ee,27,28,claude:26798317-6524-4c1d-8166-50769e99111f:19,1565,predecessor_module
bpf-developer-tutorial,a192f642f3ee,27,28,claude:26798317-6524-4c1d-8166-50769e99111f:20,1566,predecessor_module
bpf-developer-tutorial,a192f642f3ee,27,28,claude:26798317-6524-4c1d-8166-50769e99111f:21,1567,predecessor_module
bpf-developer-tutorial,a192f642f3ee,27,28,claude:26798317-6524-4c1d-8166-50769e99111f:22,1568,predecessor_module
bpf-developer-tutorial,a192f642f3ee,27,28,claude:26798317-6524-4c1d-8166-50769e99111f:23,1569,no_resolved_path
bpf-developer-tutorial,a192f642f3ee,27,28,claude:26798317-6524-4c1d-8166-50769e99111f:24,1570,no_resolved_path
bpf-developer-tutorial,a192f642f3ee,27,28,claude:26798317-6524-4c1d-8166-50769e99111f:25,1571,no_resolved_path
bpf-developer-tutorial,a192f642f3ee,27,28,claude:26798317-6524-4c1d-8166-50769e99111f:26,1572,no_resolved_path
bpf-developer-tutorial,a192f642f3ee,27,28,claude:26798317-6524-4c1d-8166-50769e99111f:27,1573,no_resolved_path
bpf-developer-tutorial,a192f642f3ee,27,28,claude:26798317-6524-4c1d-8166-50769e99111f:28,1574,no_resolved_path
eunomia.dev,30e8a01e495d,2,3,codex:rollout-2026-05-21T16-32-28-019e4ce2-21f8-7ab0-8014-6b315b025aa7:0,394,predecessor_module
eunomia.dev,30e8a01e495d,2,3,codex:rollout-2026-05-21T16-32-28-019e4ce2-21f8-7ab0-8014-6b315b025aa7:1,395,no_resolved_path
eunomia.dev,30e8a01e495d,2,3,codex:rollout-2026-05-21T16-32-28-019e4ce2-21f8-7ab0-8014-6b315b025aa7:2,396,no_resolved_path
eunomia.dev,30e8a01e495d,2,3,codex:rollout-2026-05-21T16-32-28-019e4ce2-21f8-7ab0-8014-6b315b025aa7:3,397,predecessor_module
eunomia.dev,30e8a01e495d,2,3,codex:rollout-2026-05-21T16-32-28-019e4ce2-21f8-7ab0-8014-6b315b025aa7:4,398,predecessor_module
eunomia.dev,30e8a01e495d,2,3,codex:rollout-2026-05-21T16-32-28-019e4ce2-21f8-7ab0-8014-6b315b025aa7:5,399,predecessor_module
eunomia.dev,30e8a01e495d,2,3,codex:rollout-2026-05-21T16-32-28-019e4ce2-21f8-7ab0-8014-6b315b025aa7:6,400,predecessor_module
eunomia.dev,30e8a01e495d,2,3,codex:rollout-2026-05-21T16-32-28-019e4ce2-21f8-7ab0-8014-6b315b025aa7:7,401,no_resolved_path
eunomia.dev,30e8a01e495d,2,3,codex:rollout-2026-05-21T16-32-28-019e4ce2-21f8-7ab0-8014-6b315b025aa7:8,402,no_resolved_path
eunomia.dev,30e8a01e495d,2,3,codex:rollout-2026-05-21T16-32-28-019e4ce2-21f8-7ab0-8014-6b315b025aa7:9,403,no_resolved_path
eunomia.dev,30e8a01e495d,2,3,codex:rollout-2026-05-21T16-32-28-019e4ce2-21f8-7ab0-8014-6b315b025aa7:10,404,predecessor_artifact
eunomia.dev,30e8a01e495d,2,3,codex:rollout-2026-05-21T16-32-28-019e4ce2-21f8-7ab0-8014-6b315b025aa7:11,405,no_resolved_path
eunomia.dev,30e8a01e495d,2,3,codex:rollout-2026-05-21T16-32-28-019e4ce2-21f8-7ab0-8014-6b315b025aa7:12,406,no_resolved_path
eunomia.dev,30e8a01e495d,2,3,codex:rollout-2026-05-21T16-32-28-019e4ce2-21f8-7ab0-8014-6b315b025aa7:13,407,no_resolved_path
eunomia.dev,30e8a01e495d,2,3,codex:rollout-2026-05-21T16-32-28-019e4ce2-21f8-7ab0-8014-6b315b025aa7:14,408,no_resolved_path
eunomia.dev,30e8a01e495d,2,3,codex:rollout-2026-05-21T16-32-28-019e4ce2-21f8-7ab0-8014-6b315b025aa7:15,409,no_resolved_path
eunomia.dev,30e8a01e495d,2,3,codex:rollout-2026-05-21T16-32-28-019e4ce2-21f8-7ab0-8014-6b315b025aa7:16,410,predecessor_module
eunomia.dev,30e8a01e495d,2,3,codex:rollout-2026-05-21T16-32-28-019e4ce2-21f8-7ab0-8014-6b315b025aa7:17,411,predecessor_module
eunomia.dev,30e8a01e495d,2,3,codex:rollout-2026-05-21T16-32-28-019e4ce2-21f8-7ab0-8014-6b315b025aa7:18,412,predecessor_module
eunomia.dev,30e8a01e495d,2,3,codex:rollout-2026-05-21T16-32-28-019e4ce2-21f8-7ab0-8014-6b315b025aa7:19,413,predecessor_module
eunomia.dev,30e8a01e495d,2,3,codex:rollout-2026-05-21T16-32-28-019e4ce2-21f8-7ab0-8014-6b315b025aa7:20,414,no_resolved_path
eunomia.dev,30e8a01e495d,2,3,codex:rollout-2026-05-21T16-32-28-019e4ce2-21f8-7ab0-8014-6b315b025aa7:21,415,no_resolved_path
eunomia.dev,30e8a01e495d,2,3,codex:rollout-2026-05-21T16-32-28-019e4ce2-21f8-7ab0-8014-6b315b025aa7:22,416,no_resolved_path
eunomia.dev,30e8a01e495d,2,3,codex:rollout-2026-05-21T16-32-28-019e4ce2-21f8-7ab0-8014-6b315b025aa7:23,417,no_resolved_path
eunomia.dev,30e8a01e495d,2,3,codex:rollout-2026-05-21T16-32-28-019e4ce2-21f8-7ab0-8014-6b315b025aa7:24,418,no_resolved_path
eunomia.dev,30e8a01e495d,6,7,codex:rollout-2026-05-26T17-47-42-019e66e6-cc1a-77b0-8691-f309648b53df:0,5112,no_resolved_path
eunomia.dev,30e8a01e495d,6,7,codex:rollout-2026-05-26T17-47-42-019e66e6-cc1a-77b0-8691-f309648b53df:1,5113,no_resolved_path
eunomia.dev,30e8a01e495d,6,7,codex:rollout-2026-05-26T17-47-42-019e66e6-cc1a-77b0-8691-f309648b53df:2,5114,no_resolved_path
eunomia.dev,30e8a01e495d,6,7,codex:rollout-2026-05-26T17-47-42-019e66e6-cc1a-77b0-8691-f309648b53df:3,5115,no_resolved_path
eunomia.dev,30e8a01e495d,6,7,codex:rollout-2026-05-26T17-47-42-019e66e6-cc1a-77b0-8691-f309648b53df:4,5116,no_resolved_path
eunomia.dev,30e8a01e495d,6,7,codex:rollout-2026-05-26T17-47-42-019e66e6-cc1a-77b0-8691-f309648b53df:5,5117,no_resolved_path
eunomia.dev,30e8a01e495d,6,7,codex:rollout-2026-05-26T17-47-42-019e66e6-cc1a-77b0-8691-f309648b53df:6,5118,no_resolved_path
eunomia.dev,30e8a01e495d,6,7,codex:rollout-2026-05-26T17-47-42-019e66e6-cc1a-77b0-8691-f309648b53df:7,5119,no_resolved_path
eunomia.dev,30e8a01e495d,6,7,codex:rollout-2026-05-26T17-47-42-019e66e6-cc1a-77b0-8691-f309648b53df:8,5120,no_resolved_path
eunomia.dev,30e8a01e495d,6,7,codex:rollout-2026-05-26T17-47-42-019e66e6-cc1a-77b0-8691-f309648b53df:9,5121,no_resolved_path
eunomia.dev,30e8a01e495d,6,7,codex:rollout-2026-05-26T17-47-42-019e66e6-cc1a-77b0-8691-f309648b53df:10,5122,no_resolved_path
eunomia.dev,30e8a01e495d,6,7,codex:rollout-2026-05-26T17-47-42-019e66e6-cc1a-77b0-8691-f309648b53df:11,5123,predecessor_module
eunomia.dev,30e8a01e495d,6,7,codex:rollout-2026-05-26T17-47-42-019e66e6-cc1a-77b0-8691-f309648b53df:12,5124,predecessor_module
eunomia.dev,30e8a01e495d,6,7,codex:rollout-2026-05-26T17-47-42-019e66e6-cc1a-77b0-8691-f309648b53df:13,5125,predecessor_module
eunomia.dev,30e8a01e495d,6,7,codex:rollout-2026-05-26T17-47-42-019e66e6-cc1a-77b0-8691-f309648b53df:14,5126,predecessor_module
eunomia.dev,30e8a01e495d,6,7,codex:rollout-2026-05-26T17-47-42-019e66e6-cc1a-77b0-8691-f309648b53df:15,5127,predecessor_module
eunomia.dev,30e8a01e495d,6,7,codex:rollout-2026-05-26T17-47-42-019e66e6-cc1a-77b0-8691-f309648b53df:16,5128,predecessor_module
eunomia.dev,30e8a01e495d,6,7,codex:rollout-2026-05-26T17-47-42-019e66e6-cc1a-77b0-8691-f309648b53df:17,5129,no_resolved_path
eunomia.dev,30e8a01e495d,6,7,codex:rollout-2026-05-26T17-47-42-019e66e6-cc1a-77b0-8691-f309648b53df:18,5130,no_resolved_path
eunomia.dev,30e8a01e495d,6,7,codex:rollout-2026-05-26T17-47-42-019e66e6-cc1a-77b0-8691-f309648b53df:19,5131,no_resolved_path
eunomia.dev,30e8a01e495d,6,7,codex:rollout-2026-05-26T17-47-42-019e66e6-cc1a-77b0-8691-f309648b53df:20,5132,predecessor_module
eunomia.dev,30e8a01e495d,6,7,codex:rollout-2026-05-26T17-47-42-019e66e6-cc1a-77b0-8691-f309648b53df:21,5133,predecessor_module
eunomia.dev,30e8a01e495d,6,7,codex:rollout-2026-05-26T17-47-42-019e66e6-cc1a-77b0-8691-f309648b53df:22,5134,predecessor_module
eunomia.dev,30e8a01e495d,6,7,codex:rollout-2026-05-26T17-47-42-019e66e6-cc1a-77b0-8691-f309648b53df:23,5135,predecessor_module
eunomia.dev,30e8a01e495d,6,7,codex:rollout-2026-05-26T17-47-42-019e66e6-cc1a-77b0-8691-f309648b53df:24,5136,predecessor_module
eunomia.dev,30e8a01e495d,6,7,codex:rollout-2026-05-26T17-47-42-019e66e6-cc1a-77b0-8691-f309648b53df:25,5137,predecessor_module
eunomia.dev,30e8a01e495d,6,7,codex:rollout-2026-05-26T17-47-42-019e66e6-cc1a-77b0-8691-f309648b53df:26,5138,predecessor_module
eunomia.dev,30e8a01e495d,6,7,codex:rollout-2026-05-26T17-47-42-019e66e6-cc1a-77b0-8691-f309648b53df:27,5139,predecessor_module
eunomia.dev,30e8a01e495d,6,7,codex:rollout-2026-05-26T17-47-42-019e66e6-cc1a-77b0-8691-f309648b53df:28,5140,no_resolved_path
eunomia.dev,30e8a01e495d,6,7,codex:rollout-2026-05-26T17-47-42-019e66e6-cc1a-77b0-8691-f309648b53df:29,5141,no_resolved_path
eunomia.dev,30e8a01e495d,6,7,codex:rollout-2026-05-26T17-47-42-019e66e6-cc1a-77b0-8691-f309648b53df:30,5142,predecessor_module
eunomia.dev,30e8a01e495d,6,7,codex:rollout-2026-05-26T17-47-42-019e66e6-cc1a-77b0-8691-f309648b53df:31,5143,predecessor_module
eunomia.dev,30e8a01e495d,8,9,codex:rollout-2026-05-31T15-58-10-019e8042-51fc-7b71-b2a6-57ff0beef006:0,5238,no_resolved_path
eunomia.dev,30e8a01e495d,8,9,codex:rollout-2026-05-31T15-58-10-019e8042-51fc-7b71-b2a6-57ff0beef006:1,5239,no_resolved_path
eunomia.dev,30e8a01e495d,8,9,codex:rollout-2026-05-31T15-58-10-019e8042-51fc-7b71-b2a6-57ff0beef006:2,5240,no_resolved_path
eunomia.dev,30e8a01e495d,8,9,codex:rollout-2026-05-31T15-58-10-019e8042-51fc-7b71-b2a6-57ff0beef006:3,5241,predecessor_module
eunomia.dev,30e8a01e495d,8,9,codex:rollout-2026-05-31T15-58-10-019e8042-51fc-7b71-b2a6-57ff0beef006:4,5242,no_resolved_path
eunomia.dev,30e8a01e495d,8,9,codex:rollout-2026-05-31T15-58-10-019e8042-51fc-7b71-b2a6-57ff0beef006:5,5243,predecessor_artifact
eunomia.dev,30e8a01e495d,8,9,codex:rollout-2026-05-31T15-58-10-019e8042-51fc-7b71-b2a6-57ff0beef006:6,5244,other_resolved_artifact
eunomia.dev,30e8a01e495d,8,9,codex:rollout-2026-05-31T15-58-10-019e8042-51fc-7b71-b2a6-57ff0beef006:7,5245,no_resolved_path
eunomia.dev,30e8a01e495d,8,9,codex:rollout-2026-05-31T15-58-10-019e8042-51fc-7b71-b2a6-57ff0beef006:8,5246,predecessor_module
eunomia.dev,30e8a01e495d,8,9,codex:rollout-2026-05-31T15-58-10-019e8042-51fc-7b71-b2a6-57ff0beef006:10,5247,other_resolved_artifact
eunomia.dev,30e8a01e495d,8,9,codex:rollout-2026-05-31T15-58-10-019e8042-51fc-7b71-b2a6-57ff0beef006:9,5248,other_resolved_artifact
eunomia.dev,30e8a01e495d,8,9,codex:rollout-2026-05-31T15-58-10-019e8042-51fc-7b71-b2a6-57ff0beef006:11,5249,other_resolved_artifact
eunomia.dev,30e8a01e495d,8,9,codex:rollout-2026-05-31T15-58-10-019e8042-51fc-7b71-b2a6-57ff0beef006:12,5250,other_resolved_artifact
eunomia.dev,30e8a01e495d,8,9,codex:rollout-2026-05-31T15-58-10-019e8042-51fc-7b71-b2a6-57ff0beef006:13,5251,other_resolved_artifact
eunomia.dev,30e8a01e495d,8,9,codex:rollout-2026-05-31T15-58-10-019e8042-51fc-7b71-b2a6-57ff0beef006:14,5252,other_resolved_artifact
eunomia.dev,30e8a01e495d,8,9,codex:rollout-2026-05-31T15-58-10-019e8042-51fc-7b71-b2a6-57ff0beef006:15,5253,other_resolved_artifact
eunomia.dev,30e8a01e495d,8,9,codex:rollout-2026-05-31T15-58-10-019e8042-51fc-7b71-b2a6-57ff0beef006:16,5254,other_resolved_artifact
eunomia.dev,30e8a01e495d,8,9,codex:rollout-2026-05-31T15-58-10-019e8042-51fc-7b71-b2a6-57ff0beef006:17,5255,other_resolved_artifact
eunomia.dev,30e8a01e495d,8,9,codex:rollout-2026-05-31T15-58-10-019e8042-51fc-7b71-b2a6-57ff0beef006:18,5256,other_resolved_artifact
eunomia.dev,30e8a01e495d,8,9,codex:rollout-2026-05-31T15-58-10-019e8042-51fc-7b71-b2a6-57ff0beef006:19,5257,no_resolved_path
eunomia.dev,30e8a01e495d,8,9,codex:rollout-2026-05-31T15-58-10-019e8042-51fc-7b71-b2a6-57ff0beef006:20,5258,no_resolved_path
eunomia.dev,30e8a01e495d,8,9,codex:rollout-2026-05-31T15-58-10-019e8042-51fc-7b71-b2a6-57ff0beef006:21,5259,no_resolved_path
eunomia.dev,30e8a01e495d,8,9,codex:rollout-2026-05-31T15-58-10-019e8042-51fc-7b71-b2a6-57ff0beef006:22,5260,no_resolved_path
eunomia.dev,30e8a01e495d,8,9,codex:rollout-2026-05-31T15-58-10-019e8042-51fc-7b71-b2a6-57ff0beef006:23,5261,no_resolved_path
eunomia.dev,30e8a01e495d,8,9,codex:rollout-2026-05-31T15-58-10-019e8042-51fc-7b71-b2a6-57ff0beef006:24,5262,no_resolved_path
eunomia.dev,30e8a01e495d,8,9,codex:rollout-2026-05-31T15-58-10-019e8042-51fc-7b71-b2a6-57ff0beef006:25,5263,no_resolved_path
eunomia.dev,30e8a01e495d,8,9,codex:rollout-2026-05-31T15-58-10-019e8042-51fc-7b71-b2a6-57ff0beef006:26,5264,no_resolved_path
eunomia.dev,30e8a01e495d,8,9,codex:rollout-2026-05-31T15-58-10-019e8042-51fc-7b71-b2a6-57ff0beef006:27,5265,other_resolved_artifact
eunomia.dev,30e8a01e495d,8,9,codex:rollout-2026-05-31T15-58-10-019e8042-51fc-7b71-b2a6-57ff0beef006:28,5266,no_resolved_path
eunomia.dev,30e8a01e495d,8,9,codex:rollout-2026-05-31T15-58-10-019e8042-51fc-7b71-b2a6-57ff0beef006:29,5267,no_resolved_path
eunomia.dev,30e8a01e495d,8,9,codex:rollout-2026-05-31T15-58-10-019e8042-51fc-7b71-b2a6-57ff0beef006:30,5268,no_resolved_path
eunomia.dev,30e8a01e495d,8,9,codex:rollout-2026-05-31T15-58-10-019e8042-51fc-7b71-b2a6-57ff0beef006:31,5269,other_resolved_artifact
eunomia.dev,30e8a01e495d,8,9,codex:rollout-2026-05-31T15-58-10-019e8042-51fc-7b71-b2a6-57ff0beef006:32,5270,predecessor_module
eunomia.dev,30e8a01e495d,8,9,codex:rollout-2026-05-31T15-58-10-019e8042-51fc-7b71-b2a6-57ff0beef006:33,5271,predecessor_module
eunomia.dev,30e8a01e495d,8,9,codex:rollout-2026-05-31T15-58-10-019e8042-51fc-7b71-b2a6-57ff0beef006:34,5272,no_resolved_path
eunomia.dev,30e8a01e495d,8,9,codex:rollout-2026-05-31T15-58-10-019e8042-51fc-7b71-b2a6-57ff0beef006:35,5273,no_resolved_path
eunomia.dev,30e8a01e495d,8,9,codex:rollout-2026-05-31T15-58-10-019e8042-51fc-7b71-b2a6-57ff0beef006:36,5274,no_resolved_path
eunomia.dev,30e8a01e495d,8,9,codex:rollout-2026-05-31T15-58-10-019e8042-51fc-7b71-b2a6-57ff0beef006:37,5275,no_resolved_path
eunomia.dev,30e8a01e495d,8,9,codex:rollout-2026-05-31T15-58-10-019e8042-51fc-7b71-b2a6-57ff0beef006:38,5276,no_resolved_path
eunomia.dev,30e8a01e495d,8,9,codex:rollout-2026-05-31T15-58-10-019e8042-51fc-7b71-b2a6-57ff0beef006:39,5277,no_resolved_path
eunomia.dev,30e8a01e495d,8,9,codex:rollout-2026-05-31T15-58-10-019e8042-51fc-7b71-b2a6-57ff0beef006:40,5278,no_resolved_path
eunomia.dev,30e8a01e495d,8,9,codex:rollout-2026-05-31T15-58-10-019e8042-51fc-7b71-b2a6-57ff0beef006:41,5279,no_resolved_path
eunomia.dev,30e8a01e495d,8,9,codex:rollout-2026-05-31T15-58-10-019e8042-51fc-7b71-b2a6-57ff0beef006:42,5280,no_resolved_path
eunomia.dev,30e8a01e495d,8,9,codex:rollout-2026-05-31T15-58-10-019e8042-51fc-7b71-b2a6-57ff0beef006:43,5281,no_resolved_path
eunomia.dev,30e8a01e495d,8,9,codex:rollout-2026-05-31T15-58-10-019e8042-51fc-7b71-b2a6-57ff0beef006:44,5282,predecessor_module
eunomia.dev,30e8a01e495d,8,9,codex:rollout-2026-05-31T15-58-10-019e8042-51fc-7b71-b2a6-57ff0beef006:45,5283,no_resolved_path
eunomia.dev,30e8a01e495d,8,9,codex:rollout-2026-05-31T15-58-10-019e8042-51fc-7b71-b2a6-57ff0beef006:46,5284,no_resolved_path
eunomia.dev,30e8a01e495d,8,9,codex:rollout-2026-05-31T15-58-10-019e8042-51fc-7b71-b2a6-57ff0beef006:47,5285,no_resolved_path
eunomia.dev,30e8a01e495d,8,9,codex:rollout-2026-05-31T15-58-10-019e8042-51fc-7b71-b2a6-57ff0beef006:48,5286,no_resolved_path
eunomia.dev,30e8a01e495d,8,9,codex:rollout-2026-05-31T15-58-10-019e8042-51fc-7b71-b2a6-57ff0beef006:49,5287,no_resolved_path
eunomia.dev,30e8a01e495d,9,10,codex:rollout-2026-06-25T21-41-54-019f023c-0089-7d50-9de1-742caded6180:0,5617,no_resolved_path
eunomia.dev,30e8a01e495d,9,10,codex:rollout-2026-06-25T21-41-54-019f023c-0089-7d50-9de1-742caded6180:1,5618,no_resolved_path
eunomia.dev,30e8a01e495d,9,10,codex:rollout-2026-06-25T21-41-54-019f023c-0089-7d50-9de1-742caded6180:2,5619,no_resolved_path
eunomia.dev,30e8a01e495d,9,10,codex:rollout-2026-06-25T21-41-54-019f023c-0089-7d50-9de1-742caded6180:3,5620,predecessor_module
eunomia.dev,30e8a01e495d,9,10,codex:rollout-2026-06-25T21-41-54-019f023c-0089-7d50-9de1-742caded6180:4,5621,no_resolved_path
eunomia.dev,30e8a01e495d,9,10,codex:rollout-2026-06-25T21-41-54-019f023c-0089-7d50-9de1-742caded6180:5,5622,no_resolved_path
eunomia.dev,30e8a01e495d,9,10,codex:rollout-2026-06-25T21-41-54-019f023c-0089-7d50-9de1-742caded6180:6,5623,predecessor_module
eunomia.dev,30e8a01e495d,9,10,codex:rollout-2026-06-25T21-41-54-019f023c-0089-7d50-9de1-742caded6180:7,5624,predecessor_artifact
eunomia.dev,30e8a01e495d,9,10,codex:rollout-2026-06-25T21-41-54-019f023c-0089-7d50-9de1-742caded6180:8,5625,no_resolved_path
eunomia.dev,30e8a01e495d,9,10,codex:rollout-2026-06-25T21-41-54-019f023c-0089-7d50-9de1-742caded6180:9,5626,no_resolved_path
eunomia.dev,30e8a01e495d,9,10,codex:rollout-2026-06-25T21-41-54-019f023c-0089-7d50-9de1-742caded6180:10,5627,no_resolved_path
eunomia.dev,30e8a01e495d,9,10,codex:rollout-2026-06-25T21-41-54-019f023c-0089-7d50-9de1-742caded6180:11,5628,predecessor_module
eunomia.dev,30e8a01e495d,9,10,codex:rollout-2026-06-25T21-41-54-019f023c-0089-7d50-9de1-742caded6180:12,5629,no_resolved_path
eunomia.dev,30e8a01e495d,9,10,codex:rollout-2026-06-25T21-41-54-019f023c-0089-7d50-9de1-742caded6180:13,5630,predecessor_module
eunomia.dev,30e8a01e495d,9,10,codex:rollout-2026-06-25T21-41-54-019f023c-0089-7d50-9de1-742caded6180:14,5631,no_resolved_path
eunomia.dev,30e8a01e495d,9,10,codex:rollout-2026-06-25T21-41-54-019f023c-0089-7d50-9de1-742caded6180:15,5632,no_resolved_path
eunomia.dev,30e8a01e495d,9,10,codex:rollout-2026-06-25T21-41-54-019f023c-0089-7d50-9de1-742caded6180:16,5633,no_resolved_path
eunomia.dev,30e8a01e495d,9,10,codex:rollout-2026-06-25T21-41-54-019f023c-0089-7d50-9de1-742caded6180:17,5634,predecessor_module
eunomia.dev,30e8a01e495d,9,10,codex:rollout-2026-06-25T21-41-54-019f023c-0089-7d50-9de1-742caded6180:18,5635,predecessor_artifact
eunomia.dev,30e8a01e495d,9,10,codex:rollout-2026-06-25T21-41-54-019f023c-0089-7d50-9de1-742caded6180:19,5636,predecessor_module
eunomia.dev,30e8a01e495d,9,10,codex:rollout-2026-06-25T21-41-54-019f023c-0089-7d50-9de1-742caded6180:20,5637,no_resolved_path
eunomia.dev,30e8a01e495d,9,10,codex:rollout-2026-06-25T21-41-54-019f023c-0089-7d50-9de1-742caded6180:21,5638,no_resolved_path
eunomia.dev,30e8a01e495d,9,10,codex:rollout-2026-06-25T21-41-54-019f023c-0089-7d50-9de1-742caded6180:22,5639,no_resolved_path
eunomia.dev,30e8a01e495d,9,10,codex:rollout-2026-06-25T21-41-54-019f023c-0089-7d50-9de1-742caded6180:23,5640,no_resolved_path
eunomia.dev,30e8a01e495d,9,10,codex:rollout-2026-06-25T21-41-54-019f023c-0089-7d50-9de1-742caded6180:24,5641,no_resolved_path
eunomia.dev,30e8a01e495d,9,10,codex:rollout-2026-06-25T21-41-54-019f023c-0089-7d50-9de1-742caded6180:25,5642,other_resolved_artifact
eunomia.dev,30e8a01e495d,9,10,codex:rollout-2026-06-25T21-41-54-019f023c-0089-7d50-9de1-742caded6180:26,5643,other_resolved_scope
eunomia.dev,30e8a01e495d,9,10,codex:rollout-2026-06-25T21-41-54-019f023c-0089-7d50-9de1-742caded6180:27,5644,no_resolved_path
eunomia.dev,30e8a01e495d,9,10,codex:rollout-2026-06-25T21-41-54-019f023c-0089-7d50-9de1-742caded6180:28,5645,other_resolved_artifact
eunomia.dev,30e8a01e495d,9,10,codex:rollout-2026-06-25T21-41-54-019f023c-0089-7d50-9de1-742caded6180:29,5646,other_resolved_artifact
eunomia.dev,30e8a01e495d,9,10,codex:rollout-2026-06-25T21-41-54-019f023c-0089-7d50-9de1-742caded6180:30,5647,predecessor_artifact
eunomia.dev,30e8a01e495d,9,10,codex:rollout-2026-06-25T21-41-54-019f023c-0089-7d50-9de1-742caded6180:31,5648,no_resolved_path
eunomia.dev,30e8a01e495d,9,10,codex:rollout-2026-06-25T21-41-54-019f023c-0089-7d50-9de1-742caded6180:32,5649,other_resolved_artifact
eunomia.dev,30e8a01e495d,9,10,codex:rollout-2026-06-25T21-41-54-019f023c-0089-7d50-9de1-742caded6180:33,5650,other_resolved_artifact
eunomia.dev,30e8a01e495d,9,10,codex:rollout-2026-06-25T21-41-54-019f023c-0089-7d50-9de1-742caded6180:34,5651,predecessor_module
eunomia.dev,30e8a01e495d,9,10,codex:rollout-2026-06-25T21-41-54-019f023c-0089-7d50-9de1-742caded6180:35,5652,predecessor_module
eunomia.dev,30e8a01e495d,9,10,codex:rollout-2026-06-25T21-41-54-019f023c-0089-7d50-9de1-742caded6180:36,5653,predecessor_module
eunomia.dev,30e8a01e495d,9,10,codex:rollout-2026-06-25T21-41-54-019f023c-0089-7d50-9de1-742caded6180:37,5654,predecessor_artifact
eunomia.dev,30e8a01e495d,9,10,codex:rollout-2026-06-25T21-41-54-019f023c-0089-7d50-9de1-742caded6180:38,5655,no_resolved_path
eunomia.dev,30e8a01e495d,9,10,codex:rollout-2026-06-25T21-41-54-019f023c-0089-7d50-9de1-742caded6180:39,5656,predecessor_module
eunomia.dev,30e8a01e495d,9,10,codex:rollout-2026-06-25T21-41-54-019f023c-0089-7d50-9de1-742caded6180:40,5657,no_resolved_path
eunomia.dev,30e8a01e495d,9,10,codex:rollout-2026-06-25T21-41-54-019f023c-0089-7d50-9de1-742caded6180:41,5658,predecessor_module
eunomia.dev,30e8a01e495d,9,10,codex:rollout-2026-06-25T21-41-54-019f023c-0089-7d50-9de1-742caded6180:42,5659,predecessor_artifact
eunomia.dev,30e8a01e495d,9,10,codex:rollout-2026-06-25T21-41-54-019f023c-0089-7d50-9de1-742caded6180:43,5660,predecessor_module
eunomia.dev,30e8a01e495d,9,10,codex:rollout-2026-06-25T21-41-54-019f023c-0089-7d50-9de1-742caded6180:44,5661,predecessor_artifact
eunomia.dev,30e8a01e495d,9,10,codex:rollout-2026-06-25T21-41-54-019f023c-0089-7d50-9de1-742caded6180:45,5662,no_resolved_path
eunomia.dev,30e8a01e495d,9,10,codex:rollout-2026-06-25T21-41-54-019f023c-0089-7d50-9de1-742caded6180:46,5663,other_resolved_scope
eunomia.dev,30e8a01e495d,9,10,codex:rollout-2026-06-25T21-41-54-019f023c-0089-7d50-9de1-742caded6180:47,5664,no_resolved_path
eunomia.dev,30e8a01e495d,9,10,codex:rollout-2026-06-25T21-41-54-019f023c-0089-7d50-9de1-742caded6180:48,5665,no_resolved_path
eunomia.dev,30e8a01e495d,9,10,codex:rollout-2026-06-25T21-41-54-019f023c-0089-7d50-9de1-742caded6180:49,5666,predecessor_module
eunomia.dev,30e8a01e495d,9,10,codex:rollout-2026-06-25T21-41-54-019f023c-0089-7d50-9de1-742caded6180:50,5667,other_resolved_scope
eunomia.dev,30e8a01e495d,9,10,codex:rollout-2026-06-25T21-41-54-019f023c-0089-7d50-9de1-742caded6180:51,5668,no_resolved_path
eunomia.dev,30e8a01e495d,9,10,codex:rollout-2026-06-25T21-41-54-019f023c-0089-7d50-9de1-742caded6180:52,5669,other_resolved_scope
eunomia.dev,30e8a01e495d,9,10,codex:rollout-2026-06-25T21-41-54-019f023c-0089-7d50-9de1-742caded6180:53,5670,predecessor_module
eunomia.dev,30e8a01e495d,9,10,codex:rollout-2026-06-25T21-41-54-019f023c-0089-7d50-9de1-742caded6180:54,5671,predecessor_module
eunomia.dev,30e8a01e495d,9,10,codex:rollout-2026-06-25T21-41-54-019f023c-0089-7d50-9de1-742caded6180:55,5672,no_resolved_path
eunomia.dev,30e8a01e495d,9,10,codex:rollout-2026-06-25T21-41-54-019f023c-0089-7d50-9de1-742caded6180:56,5673,predecessor_module
eunomia.dev,30e8a01e495d,9,10,codex:rollout-2026-06-25T21-41-54-019f023c-0089-7d50-9de1-742caded6180:57,5674,predecessor_module
eunomia.dev,30e8a01e495d,9,10,codex:rollout-2026-06-25T21-41-54-019f023c-0089-7d50-9de1-742caded6180:58,5675,no_resolved_path
eunomia.dev,30e8a01e495d,9,10,codex:rollout-2026-06-25T21-41-54-019f023c-0089-7d50-9de1-742caded6180:59,5676,predecessor_module
eunomia.dev,30e8a01e495d,9,10,codex:rollout-2026-06-25T21-41-54-019f023c-0089-7d50-9de1-742caded6180:60,5677,no_resolved_path
eunomia.dev,30e8a01e495d,9,10,codex:rollout-2026-06-25T21-41-54-019f023c-0089-7d50-9de1-742caded6180:61,5678,no_resolved_path
eunomia.dev,30e8a01e495d,9,10,codex:rollout-2026-06-25T21-41-54-019f023c-0089-7d50-9de1-742caded6180:62,5679,no_resolved_path
eunomia.dev,30e8a01e495d,10,11,codex:rollout-2026-07-10T23-16-57-019f4fd2-67db-7933-bd17-eaf0f3ff13e3:0,6015,no_resolved_path
eunomia.dev,30e8a01e495d,10,11,codex:rollout-2026-07-10T23-16-57-019f4fd2-67db-7933-bd17-eaf0f3ff13e3:1,6016,no_resolved_path
eunomia.dev,30e8a01e495d,10,11,codex:rollout-2026-07-10T23-16-57-019f4fd2-67db-7933-bd17-eaf0f3ff13e3:2,6017,no_resolved_path
eunomia.dev,30e8a01e495d,10,11,codex:rollout-2026-07-10T23-16-57-019f4fd2-67db-7933-bd17-eaf0f3ff13e3:3,6018,predecessor_artifact
eunomia.dev,30e8a01e495d,10,11,codex:rollout-2026-07-10T23-16-57-019f4fd2-67db-7933-bd17-eaf0f3ff13e3:4,6019,predecessor_module
eunomia.dev,30e8a01e495d,10,11,codex:rollout-2026-07-10T23-16-57-019f4fd2-67db-7933-bd17-eaf0f3ff13e3:5,6020,no_resolved_path
eunomia.dev,30e8a01e495d,10,11,codex:rollout-2026-07-10T23-16-57-019f4fd2-67db-7933-bd17-eaf0f3ff13e3:6,6021,predecessor_module
eunomia.dev,30e8a01e495d,10,11,codex:rollout-2026-07-10T23-16-57-019f4fd2-67db-7933-bd17-eaf0f3ff13e3:7,6022,no_resolved_path
eunomia.dev,30e8a01e495d,10,11,codex:rollout-2026-07-10T23-18-14-019f4fd3-9535-7c11-9773-2e3b79e57a83:0,6023,no_resolved_path
eunomia.dev,30e8a01e495d,10,11,codex:rollout-2026-07-10T23-16-57-019f4fd2-67db-7933-bd17-eaf0f3ff13e3:8,6024,no_resolved_path
eunomia.dev,30e8a01e495d,10,11,codex:rollout-2026-07-10T23-18-14-019f4fd3-9535-7c11-9773-2e3b79e57a83:1,6025,predecessor_module
eunomia.dev,30e8a01e495d,10,11,codex:rollout-2026-07-10T23-16-57-019f4fd2-67db-7933-bd17-eaf0f3ff13e3:9,6026,no_resolved_path
eunomia.dev,30e8a01e495d,10,11,codex:rollout-2026-07-10T23-18-14-019f4fd3-9535-7c11-9773-2e3b79e57a83:2,6027,predecessor_module
eunomia.dev,30e8a01e495d,10,11,codex:rollout-2026-07-10T23-16-57-019f4fd2-67db-7933-bd17-eaf0f3ff13e3:10,6028,no_resolved_path
eunomia.dev,30e8a01e495d,10,11,codex:rollout-2026-07-10T23-16-57-019f4fd2-67db-7933-bd17-eaf0f3ff13e3:11,6029,no_resolved_path
eunomia.dev,30e8a01e495d,10,11,codex:rollout-2026-07-10T23-18-14-019f4fd3-9535-7c11-9773-2e3b79e57a83:3,6030,predecessor_module
eunomia.dev,30e8a01e495d,10,11,codex:rollout-2026-07-10T23-18-14-019f4fd3-9535-7c11-9773-2e3b79e57a83:4,6031,predecessor_artifact
eunomia.dev,30e8a01e495d,10,11,codex:rollout-2026-07-10T23-16-57-019f4fd2-67db-7933-bd17-eaf0f3ff13e3:12,6032,no_resolved_path
eunomia.dev,30e8a01e495d,10,11,codex:rollout-2026-07-10T23-18-14-019f4fd3-9535-7c11-9773-2e3b79e57a83:5,6033,no_resolved_path
eunomia.dev,30e8a01e495d,10,11,codex:rollout-2026-07-10T23-18-14-019f4fd3-9535-7c11-9773-2e3b79e57a83:6,6034,no_resolved_path
eunomia.dev,30e8a01e495d,10,11,codex:rollout-2026-07-10T23-16-57-019f4fd2-67db-7933-bd17-eaf0f3ff13e3:13,6035,no_resolved_path
eunomia.dev,30e8a01e495d,10,11,codex:rollout-2026-07-10T23-18-14-019f4fd3-9535-7c11-9773-2e3b79e57a83:7,6036,no_resolved_path
eunomia.dev,30e8a01e495d,10,11,codex:rollout-2026-07-10T23-16-57-019f4fd2-67db-7933-bd17-eaf0f3ff13e3:14,6037,no_resolved_path
eunomia.dev,30e8a01e495d,10,11,codex:rollout-2026-07-10T23-18-14-019f4fd3-9535-7c11-9773-2e3b79e57a83:8,6038,no_resolved_path
eunomia.dev,30e8a01e495d,10,11,codex:rollout-2026-07-10T23-16-57-019f4fd2-67db-7933-bd17-eaf0f3ff13e3:15,6039,no_resolved_path
eunomia.dev,30e8a01e495d,10,11,codex:rollout-2026-07-10T23-18-14-019f4fd3-9535-7c11-9773-2e3b79e57a83:9,6040,no_resolved_path
eunomia.dev,30e8a01e495d,10,11,codex:rollout-2026-07-10T23-16-57-019f4fd2-67db-7933-bd17-eaf0f3ff13e3:16,6041,no_resolved_path
eunomia.dev,30e8a01e495d,10,11,codex:rollout-2026-07-10T23-18-14-019f4fd3-9535-7c11-9773-2e3b79e57a83:10,6042,predecessor_module
eunomia.dev,30e8a01e495d,10,11,codex:rollout-2026-07-10T23-18-14-019f4fd3-9535-7c11-9773-2e3b79e57a83:11,6043,no_resolved_path
eunomia.dev,30e8a01e495d,10,11,codex:rollout-2026-07-10T23-18-14-019f4fd3-9535-7c11-9773-2e3b79e57a83:12,6044,no_resolved_path
eunomia.dev,30e8a01e495d,10,11,codex:rollout-2026-07-10T23-16-57-019f4fd2-67db-7933-bd17-eaf0f3ff13e3:17,6045,no_resolved_path
eunomia.dev,30e8a01e495d,10,11,codex:rollout-2026-07-10T23-18-14-019f4fd3-9535-7c11-9773-2e3b79e57a83:13,6046,no_resolved_path
eunomia.dev,30e8a01e495d,10,11,codex:rollout-2026-07-10T23-18-14-019f4fd3-9535-7c11-9773-2e3b79e57a83:14,6047,no_resolved_path
eunomia.dev,30e8a01e495d,10,11,codex:rollout-2026-07-10T23-16-57-019f4fd2-67db-7933-bd17-eaf0f3ff13e3:18,6048,no_resolved_path
eunomia.dev,30e8a01e495d,10,11,codex:rollout-2026-07-10T23-18-14-019f4fd3-9535-7c11-9773-2e3b79e57a83:15,6049,no_resolved_path
eunomia.dev,30e8a01e495d,10,11,codex:rollout-2026-07-10T23-18-14-019f4fd3-9535-7c11-9773-2e3b79e57a83:16,6050,no_resolved_path
eunomia.dev,30e8a01e495d,10,11,codex:rollout-2026-07-10T23-16-57-019f4fd2-67db-7933-bd17-eaf0f3ff13e3:19,6051,no_resolved_path
eunomia.dev,30e8a01e495d,10,11,codex:rollout-2026-07-10T23-18-14-019f4fd3-9535-7c11-9773-2e3b79e57a83:17,6052,predecessor_module
eunomia.dev,30e8a01e495d,10,11,codex:rollout-2026-07-10T23-18-14-019f4fd3-9535-7c11-9773-2e3b79e57a83:18,6053,predecessor_module
eunomia.dev,30e8a01e495d,10,11,codex:rollout-2026-07-10T23-16-57-019f4fd2-67db-7933-bd17-eaf0f3ff13e3:20,6054,no_resolved_path
eunomia.dev,30e8a01e495d,10,11,codex:rollout-2026-07-10T23-18-14-019f4fd3-9535-7c11-9773-2e3b79e57a83:19,6055,no_resolved_path
eunomia.dev,30e8a01e495d,10,11,codex:rollout-2026-07-10T23-16-57-019f4fd2-67db-7933-bd17-eaf0f3ff13e3:21,6056,no_resolved_path
eunomia.dev,30e8a01e495d,10,11,codex:rollout-2026-07-10T23-18-14-019f4fd3-9535-7c11-9773-2e3b79e57a83:20,6057,predecessor_module
eunomia.dev,30e8a01e495d,10,11,codex:rollout-2026-07-10T23-16-57-019f4fd2-67db-7933-bd17-eaf0f3ff13e3:22,6058,no_resolved_path
eunomia.dev,30e8a01e495d,10,11,codex:rollout-2026-07-10T23-16-57-019f4fd2-67db-7933-bd17-eaf0f3ff13e3:23,6059,no_resolved_path
eunomia.dev,30e8a01e495d,10,11,codex:rollout-2026-07-10T23-16-57-019f4fd2-67db-7933-bd17-eaf0f3ff13e3:24,6060,no_resolved_path
eunomia.dev,30e8a01e495d,10,11,codex:rollout-2026-07-10T23-18-14-019f4fd3-9535-7c11-9773-2e3b79e57a83:21,6061,predecessor_module
eunomia.dev,30e8a01e495d,10,11,codex:rollout-2026-07-10T23-18-14-019f4fd3-9535-7c11-9773-2e3b79e57a83:22,6062,no_resolved_path
eunomia.dev,30e8a01e495d,10,11,codex:rollout-2026-07-10T23-16-57-019f4fd2-67db-7933-bd17-eaf0f3ff13e3:25,6063,no_resolved_path
eunomia.dev,30e8a01e495d,10,11,codex:rollout-2026-07-10T23-16-57-019f4fd2-67db-7933-bd17-eaf0f3ff13e3:26,6064,no_resolved_path
eunomia.dev,30e8a01e495d,10,11,codex:rollout-2026-07-10T23-18-14-019f4fd3-9535-7c11-9773-2e3b79e57a83:23,6065,predecessor_module
eunomia.dev,30e8a01e495d,10,11,codex:rollout-2026-07-10T23-16-57-019f4fd2-67db-7933-bd17-eaf0f3ff13e3:27,6066,no_resolved_path
eunomia.dev,30e8a01e495d,10,11,codex:rollout-2026-07-10T23-16-57-019f4fd2-67db-7933-bd17-eaf0f3ff13e3:28,6067,no_resolved_path
eunomia.dev,30e8a01e495d,10,11,codex:rollout-2026-07-10T23-16-57-019f4fd2-67db-7933-bd17-eaf0f3ff13e3:29,6068,no_resolved_path
eunomia.dev,30e8a01e495d,10,11,codex:rollout-2026-07-10T23-16-57-019f4fd2-67db-7933-bd17-eaf0f3ff13e3:30,6069,no_resolved_path
eunomia.dev,30e8a01e495d,10,11,codex:rollout-2026-07-10T23-16-57-019f4fd2-67db-7933-bd17-eaf0f3ff13e3:31,6070,predecessor_module
eunomia.dev,30e8a01e495d,10,11,codex:rollout-2026-07-10T23-16-57-019f4fd2-67db-7933-bd17-eaf0f3ff13e3:32,6071,no_resolved_path
eunomia.dev,30e8a01e495d,10,11,codex:rollout-2026-07-10T23-16-57-019f4fd2-67db-7933-bd17-eaf0f3ff13e3:33,6072,predecessor_module
eunomia.dev,30e8a01e495d,10,11,codex:rollout-2026-07-10T23-16-57-019f4fd2-67db-7933-bd17-eaf0f3ff13e3:34,6073,no_resolved_path
eunomia.dev,30e8a01e495d,10,11,codex:rollout-2026-07-10T23-16-57-019f4fd2-67db-7933-bd17-eaf0f3ff13e3:35,6074,no_resolved_path
eunomia.dev,30e8a01e495d,10,11,codex:rollout-2026-07-10T23-16-57-019f4fd2-67db-7933-bd17-eaf0f3ff13e3:36,6075,no_resolved_path
eunomia.dev,30e8a01e495d,10,11,codex:rollout-2026-07-10T23-16-57-019f4fd2-67db-7933-bd17-eaf0f3ff13e3:37,6076,no_resolved_path
eunomia.dev,30e8a01e495d,10,11,codex:rollout-2026-07-10T23-16-57-019f4fd2-67db-7933-bd17-eaf0f3ff13e3:38,6077,no_resolved_path
eunomia.dev,30e8a01e495d,10,11,codex:rollout-2026-07-10T23-16-57-019f4fd2-67db-7933-bd17-eaf0f3ff13e3:39,6078,predecessor_artifact
eunomia.dev,30e8a01e495d,10,11,codex:rollout-2026-07-10T23-16-57-019f4fd2-67db-7933-bd17-eaf0f3ff13e3:40,6079,no_resolved_path
eunomia.dev,30e8a01e495d,10,11,codex:rollout-2026-07-10T23-16-57-019f4fd2-67db-7933-bd17-eaf0f3ff13e3:41,6080,no_resolved_path
eunomia.dev,30e8a01e495d,10,11,codex:rollout-2026-07-10T23-18-14-019f4fd3-9535-7c11-9773-2e3b79e57a83:24,6081,no_resolved_path
eunomia.dev,30e8a01e495d,10,11,codex:rollout-2026-07-10T23-18-14-019f4fd3-9535-7c11-9773-2e3b79e57a83:25,6082,no_resolved_path
eunomia.dev,30e8a01e495d,10,11,codex:rollout-2026-07-10T23-18-14-019f4fd3-9535-7c11-9773-2e3b79e57a83:26,6083,no_resolved_path
eunomia.dev,30e8a01e495d,10,11,codex:rollout-2026-07-10T23-18-14-019f4fd3-9535-7c11-9773-2e3b79e57a83:27,6084,no_resolved_path
eunomia.dev,30e8a01e495d,10,11,codex:rollout-2026-07-10T23-18-14-019f4fd3-9535-7c11-9773-2e3b79e57a83:28,6085,predecessor_artifact
eunomia.dev,30e8a01e495d,10,11,codex:rollout-2026-07-10T23-18-14-019f4fd3-9535-7c11-9773-2e3b79e57a83:29,6086,predecessor_artifact
eunomia.dev,30e8a01e495d,10,11,codex:rollout-2026-07-10T23-18-14-019f4fd3-9535-7c11-9773-2e3b79e57a83:30,6087,predecessor_module
eunomia.dev,30e8a01e495d,10,11,codex:rollout-2026-07-10T23-18-14-019f4fd3-9535-7c11-9773-2e3b79e57a83:31,6088,no_resolved_path
eunomia.dev,30e8a01e495d,10,11,codex:rollout-2026-07-10T23-18-14-019f4fd3-9535-7c11-9773-2e3b79e57a83:32,6089,predecessor_module
agentskill-observability-paper,4cfc7c676cf9,0,1,claude:38fc1b1b-bae2-4b02-b516-2a315985c78a:0,889,no_resolved_path
agentskill-observability-paper,4cfc7c676cf9,0,1,claude:38fc1b1b-bae2-4b02-b516-2a315985c78a:1,890,predecessor_module
agentskill-observability-paper,4cfc7c676cf9,0,1,claude:38fc1b1b-bae2-4b02-b516-2a315985c78a:2,891,predecessor_module
agentskill-observability-paper,4cfc7c676cf9,0,1,claude:38fc1b1b-bae2-4b02-b516-2a315985c78a:3,892,predecessor_artifact
agentskill-observability-paper,4cfc7c676cf9,0,1,claude:38fc1b1b-bae2-4b02-b516-2a315985c78a:4,893,no_resolved_path
agentskill-observability-paper,4cfc7c676cf9,0,1,claude:38fc1b1b-bae2-4b02-b516-2a315985c78a:5,894,no_resolved_path
agentskill-observability-paper,4cfc7c676cf9,0,1,claude:38fc1b1b-bae2-4b02-b516-2a315985c78a:6,895,no_resolved_path
agentskill-observability-paper,4cfc7c676cf9,0,1,claude:38fc1b1b-bae2-4b02-b516-2a315985c78a:7,896,no_resolved_path
agentskill-observability-paper,4cfc7c676cf9,0,1,claude:38fc1b1b-bae2-4b02-b516-2a315985c78a:8,897,no_resolved_path
agentskill-observability-paper,4cfc7c676cf9,0,1,claude:38fc1b1b-bae2-4b02-b516-2a315985c78a:9,898,no_resolved_path
agentskill-observability-paper,4cfc7c676cf9,0,1,claude:38fc1b1b-bae2-4b02-b516-2a315985c78a:10,899,no_resolved_path
agentskill-observability-paper,4cfc7c676cf9,0,1,claude:38fc1b1b-bae2-4b02-b516-2a315985c78a:11,900,no_resolved_path
agentskill-observability-paper,4cfc7c676cf9,0,1,claude:agent-a8a598d452b842fe1:0,901,no_resolved_path
agentskill-observability-paper,4cfc7c676cf9,0,1,claude:agent-a8a598d452b842fe1:1,902,predecessor_artifact
agentskill-observability-paper,4cfc7c676cf9,0,1,claude:38fc1b1b-bae2-4b02-b516-2a315985c78a:12,903,predecessor_artifact
academic-writing-skills,4725c74bf420,1,2,claude:e6407015-cf34-418d-8989-da74a039cf65:0,36,other_resolved_scope
academic-writing-skills,4725c74bf420,1,2,claude:e6407015-cf34-418d-8989-da74a039cf65:1,37,other_resolved_artifact
academic-writing-skills,4725c74bf420,1,2,claude:e6407015-cf34-418d-8989-da74a039cf65:2,38,other_resolved_artifact
academic-writing-skills,4725c74bf420,1,2,claude:e6407015-cf34-418d-8989-da74a039cf65:3,39,other_resolved_artifact
academic-writing-skills,4725c74bf420,1,2,claude:e6407015-cf34-418d-8989-da74a039cf65:4,40,other_resolved_artifact
academic-writing-skills,4725c74bf420,1,2,claude:e6407015-cf34-418d-8989-da74a039cf65:5,41,other_resolved_artifact
academic-writing-skills,4725c74bf420,1,2,claude:e6407015-cf34-418d-8989-da74a039cf65:6,42,other_resolved_artifact
academic-writing-skills,4725c74bf420,1,2,claude:e6407015-cf34-418d-8989-da74a039cf65:7,43,other_resolved_scope
academic-writing-skills,4725c74bf420,1,2,claude:e6407015-cf34-418d-8989-da74a039cf65:8,44,other_resolved_artifact
academic-writing-skills,4725c74bf420,1,2,claude:e6407015-cf34-418d-8989-da74a039cf65:9,45,other_resolved_artifact
academic-writing-skills,4725c74bf420,1,2,claude:e6407015-cf34-418d-8989-da74a039cf65:10,46,other_resolved_artifact
academic-writing-skills,4725c74bf420,1,2,claude:e6407015-cf34-418d-8989-da74a039cf65:11,47,other_resolved_artifact
academic-writing-skills,4725c74bf420,1,2,claude:e6407015-cf34-418d-8989-da74a039cf65:12,48,other_resolved_artifact
academic-writing-skills,4725c74bf420,1,2,claude:e6407015-cf34-418d-8989-da74a039cf65:13,49,other_resolved_artifact
academic-writing-skills,4725c74bf420,1,2,claude:e6407015-cf34-418d-8989-da74a039cf65:14,50,other_resolved_artifact
academic-writing-skills,4725c74bf420,1,2,claude:e6407015-cf34-418d-8989-da74a039cf65:15,51,other_resolved_artifact
academic-writing-skills,4725c74bf420,1,2,claude:e6407015-cf34-418d-8989-da74a039cf65:16,52,no_resolved_path
academic-writing-skills,4725c74bf420,1,2,claude:e6407015-cf34-418d-8989-da74a039cf65:17,53,no_resolved_path
academic-writing-skills,4725c74bf420,1,2,claude:e6407015-cf34-418d-8989-da74a039cf65:18,54,no_resolved_path
academic-writing-skills,4725c74bf420,2,3,claude:e26f8fc9-0c49-4622-bc6a-a3de3442c8db:0,72,predecessor_module
academic-writing-skills,4725c74bf420,2,3,claude:e26f8fc9-0c49-4622-bc6a-a3de3442c8db:1,73,predecessor_module
academic-writing-skills,4725c74bf420,2,3,claude:e26f8fc9-0c49-4622-bc6a-a3de3442c8db:2,74,predecessor_module
academic-writing-skills,4725c74bf420,2,3,claude:e26f8fc9-0c49-4622-bc6a-a3de3442c8db:3,75,predecessor_artifact
academic-writing-skills,4725c74bf420,2,3,claude:e26f8fc9-0c49-4622-bc6a-a3de3442c8db:4,76,predecessor_module
academic-writing-skills,4725c74bf420,10,11,claude:bd8b9dc5-3915-48ea-b578-a3984e71ccd7:0,226,predecessor_artifact
academic-writing-skills,4725c74bf420,10,11,claude:bd8b9dc5-3915-48ea-b578-a3984e71ccd7:1,227,no_resolved_path
academic-writing-skills,4725c74bf420,10,11,claude:bd8b9dc5-3915-48ea-b578-a3984e71ccd7:2,228,predecessor_artifact
academic-writing-skills,4725c74bf420,10,11,claude:bd8b9dc5-3915-48ea-b578-a3984e71ccd7:3,229,predecessor_module
academic-writing-skills,4725c74bf420,10,11,claude:bd8b9dc5-3915-48ea-b578-a3984e71ccd7:4,230,other_resolved_scope
academic-writing-skills,4725c74bf420,10,11,claude:bd8b9dc5-3915-48ea-b578-a3984e71ccd7:5,231,predecessor_module
academic-writing-skills,4725c74bf420,10,11,claude:bd8b9dc5-3915-48ea-b578-a3984e71ccd7:6,232,no_resolved_path
academic-writing-skills,4725c74bf420,10,11,claude:bd8b9dc5-3915-48ea-b578-a3984e71ccd7:7,233,no_resolved_path
academic-writing-skills,4725c74bf420,10,11,claude:bd8b9dc5-3915-48ea-b578-a3984e71ccd7:8,234,no_resolved_path
academic-writing-skills,4725c74bf420,10,11,claude:bd8b9dc5-3915-48ea-b578-a3984e71ccd7:9,235,no_resolved_path
academic-writing-skills,4725c74bf420,10,11,claude:bd8b9dc5-3915-48ea-b578-a3984e71ccd7:10,236,no_resolved_path
academic-writing-skills,4725c74bf420,10,11,claude:bd8b9dc5-3915-48ea-b578-a3984e71ccd7:11,237,predecessor_module
academic-writing-skills,4725c74bf420,10,11,claude:bd8b9dc5-3915-48ea-b578-a3984e71ccd7:12,238,predecessor_artifact
academic-writing-skills,4725c74bf420,10,11,claude:bd8b9dc5-3915-48ea-b578-a3984e71ccd7:13,239,no_resolved_path
academic-writing-skills,4725c74bf420,10,11,claude:bd8b9dc5-3915-48ea-b578-a3984e71ccd7:14,240,predecessor_artifact
academic-writing-skills,4725c74bf420,10,11,claude:bd8b9dc5-3915-48ea-b578-a3984e71ccd7:15,241,predecessor_artifact
academic-writing-skills,4725c74bf420,10,11,claude:bd8b9dc5-3915-48ea-b578-a3984e71ccd7:16,242,predecessor_artifact
academic-writing-skills,4725c74bf420,10,11,claude:bd8b9dc5-3915-48ea-b578-a3984e71ccd7:17,243,predecessor_artifact
academic-writing-skills,4725c74bf420,10,11,claude:bd8b9dc5-3915-48ea-b578-a3984e71ccd7:18,244,predecessor_module
academic-writing-skills,4725c74bf420,10,11,claude:bd8b9dc5-3915-48ea-b578-a3984e71ccd7:19,245,no_resolved_path
academic-writing-skills,4725c74bf420,10,11,claude:bd8b9dc5-3915-48ea-b578-a3984e71ccd7:20,246,no_resolved_path
academic-writing-skills,4725c74bf420,10,11,claude:bd8b9dc5-3915-48ea-b578-a3984e71ccd7:21,247,predecessor_module
academic-writing-skills,4725c74bf420,10,11,claude:bd8b9dc5-3915-48ea-b578-a3984e71ccd7:22,248,predecessor_artifact
academic-writing-skills,4725c74bf420,11,12,claude:e8db6d0d-4863-4c4e-837c-3a792bdc5987:0,475,predecessor_module
academic-writing-skills,4725c74bf420,11,12,claude:e8db6d0d-4863-4c4e-837c-3a792bdc5987:1,476,no_resolved_path
academic-writing-skills,4725c74bf420,11,12,claude:e8db6d0d-4863-4c4e-837c-3a792bdc5987:2,477,no_resolved_path
academic-writing-skills,4725c74bf420,11,12,claude:e8db6d0d-4863-4c4e-837c-3a792bdc5987:3,478,no_resolved_path
academic-writing-skills,4725c74bf420,11,12,claude:e8db6d0d-4863-4c4e-837c-3a792bdc5987:4,479,predecessor_artifact
academic-writing-skills,4725c74bf420,11,12,claude:e8db6d0d-4863-4c4e-837c-3a792bdc5987:5,480,no_resolved_path
academic-writing-skills,4725c74bf420,11,12,claude:e8db6d0d-4863-4c4e-837c-3a792bdc5987:6,481,no_resolved_path
academic-writing-skills,4725c74bf420,11,12,claude:e8db6d0d-4863-4c4e-837c-3a792bdc5987:7,482,predecessor_module
academic-writing-skills,4725c74bf420,12,13,claude:48255634-a49f-48b5-ae0c-882112407193:0,540,no_resolved_path
academic-writing-skills,4725c74bf420,12,13,claude:48255634-a49f-48b5-ae0c-882112407193:1,541,predecessor_artifact
academic-writing-skills,4725c74bf420,12,13,claude:48255634-a49f-48b5-ae0c-882112407193:2,542,predecessor_artifact
academic-writing-skills,4725c74bf420,12,13,claude:48255634-a49f-48b5-ae0c-882112407193:3,543,no_resolved_path
academic-writing-skills,4725c74bf420,12,13,claude:48255634-a49f-48b5-ae0c-882112407193:4,544,no_resolved_path
academic-writing-skills,4725c74bf420,12,13,claude:48255634-a49f-48b5-ae0c-882112407193:5,545,no_resolved_path
academic-writing-skills,4725c74bf420,12,13,claude:48255634-a49f-48b5-ae0c-882112407193:6,546,no_resolved_path
academic-writing-skills,4725c74bf420,12,13,claude:48255634-a49f-48b5-ae0c-882112407193:7,547,no_resolved_path
academic-writing-skills,4725c74bf420,12,13,claude:48255634-a49f-48b5-ae0c-882112407193:8,548,predecessor_artifact
academic-writing-skills,4725c74bf420,12,13,claude:48255634-a49f-48b5-ae0c-882112407193:9,549,predecessor_artifact
academic-writing-skills,4725c74bf420,13,14,claude:84ce8ab7-c3d6-4d6d-9e0e-52cfb62c97b1:0,642,no_resolved_path
academic-writing-skills,4725c74bf420,13,14,claude:84ce8ab7-c3d6-4d6d-9e0e-52cfb62c97b1:1,643,no_resolved_path
academic-writing-skills,4725c74bf420,13,14,claude:84ce8ab7-c3d6-4d6d-9e0e-52cfb62c97b1:2,644,predecessor_module
academic-writing-skills,4725c74bf420,13,14,claude:84ce8ab7-c3d6-4d6d-9e0e-52cfb62c97b1:3,645,no_resolved_path
academic-writing-skills,4725c74bf420,13,14,claude:84ce8ab7-c3d6-4d6d-9e0e-52cfb62c97b1:4,646,no_resolved_path
academic-writing-skills,4725c74bf420,13,14,claude:84ce8ab7-c3d6-4d6d-9e0e-52cfb62c97b1:5,647,predecessor_artifact
academic-writing-skills,4725c74bf420,13,14,claude:84ce8ab7-c3d6-4d6d-9e0e-52cfb62c97b1:6,648,predecessor_artifact
academic-writing-skills,4725c74bf420,13,14,claude:84ce8ab7-c3d6-4d6d-9e0e-52cfb62c97b1:7,649,predecessor_artifact
