stratum_type,project,vendor,sequence_scope,sequence_granularity,n,rank,ngram,count,share,total_ngrams
overall,ALL,ALL,full_stream,hybrid_shell,2,1,shell:search/text → shell:search/text,40501,0.2257769601694679,179385
overall,ALL,ALL,full_stream,hybrid_shell,2,2,shell:git/repository → shell:git/repository,10832,0.06038409008557014,179385
overall,ALL,ALL,full_stream,hybrid_shell,2,3,edit → edit,9566,0.053326643810798005,179385
overall,ALL,ALL,full_stream,hybrid_shell,2,4,wait/control → wait/control,6751,0.03763413886333863,179385
overall,ALL,ALL,full_stream,hybrid_shell,2,5,read → read,4375,0.02438888424338713,179385
overall,ALL,ALL,full_stream,hybrid_shell,2,6,shell:git/repository → shell:search/text,3883,0.02164618000390222,179385
overall,ALL,ALL,full_stream,hybrid_shell,2,7,coordination → coordination,3795,0.02115561501797809,179385
overall,ALL,ALL,full_stream,hybrid_shell,2,8,shell:other → wait/control,3790,0.02112774200741422,179385
overall,ALL,ALL,full_stream,hybrid_shell,2,9,shell:other → shell:other,3765,0.020988376954594865,179385
overall,ALL,ALL,full_stream,hybrid_shell,2,10,shell:search/text → edit,3717,0.020720796053181705,179385
overall,ALL,ALL,full_stream,hybrid_shell,2,11,shell:search/text → shell:git/repository,3462,0.019299272514424284,179385
overall,ALL,ALL,full_stream,hybrid_shell,2,12,edit → shell:search/text,3030,0.01689104440170583,179385
overall,ALL,ALL,full_stream,hybrid_shell,2,13,shell:search/text → shell:other,2938,0.016378181007330603,179385
overall,ALL,ALL,full_stream,hybrid_shell,2,14,wait/control → shell:other,2617,0.014588733729130084,179385
overall,ALL,ALL,full_stream,hybrid_shell,2,15,shell:data/analysis/runtime → shell:data/analysis/runtime,2567,0.014310003623491373,179385
overall,ALL,ALL,full_stream,hybrid_shell,2,16,wait/control → shell:search/text,2483,0.01384173704601834,179385
overall,ALL,ALL,full_stream,hybrid_shell,2,17,read → edit,2482,0.013836162443905566,179385
overall,ALL,ALL,full_stream,hybrid_shell,2,18,shell:other → shell:search/text,2146,0.011963096134013435,179385
overall,ALL,ALL,full_stream,hybrid_shell,2,19,shell:data/analysis/runtime → shell:search/text,1995,0.01112133121498453,179385
overall,ALL,ALL,full_stream,hybrid_shell,2,20,shell:search/text → shell:data/analysis/runtime,1887,0.010519274186804917,179385
overall,ALL,ALL,full_stream,hybrid_shell,2,21,shell:filesystem/navigation → shell:search/text,1642,0.009153496669175238,179385
overall,ALL,ALL,full_stream,hybrid_shell,2,22,edit → read,1625,0.009058728433258076,179385
overall,ALL,ALL,full_stream,hybrid_shell,2,23,shell:search/text → shell:filesystem/navigation,1607,0.00895838559522814,179385
overall,ALL,ALL,full_stream,hybrid_shell,2,24,shell:filesystem/navigation → shell:filesystem/navigation,1568,0.008740976112829946,179385
overall,ALL,ALL,full_stream,hybrid_shell,2,25,shell:search/text → read,1524,0.008495693619867881,179385
overall,ALL,ALL,full_stream,hybrid_shell,2,26,search → search,1434,0.007993979429718204,179385
overall,ALL,ALL,full_stream,hybrid_shell,2,27,shell:search/text → wait/control,1331,0.007419795412102461,179385
overall,ALL,ALL,full_stream,hybrid_shell,2,28,shell:data/analysis/runtime → wait/control,1171,0.006527859074058589,179385
overall,ALL,ALL,full_stream,hybrid_shell,2,29,wait/control → shell:data/analysis/runtime,1110,0.006187808345179363,179385
overall,ALL,ALL,full_stream,hybrid_shell,2,30,coordination → shell:search/text,1084,0.006042868690247233,179385
overall,ALL,ALL,full_stream,hybrid_shell,3,1,shell:search/text → shell:search/text → shell:search/text,29635,0.16685434378694894,177610
overall,ALL,ALL,full_stream,hybrid_shell,3,2,shell:git/repository → shell:git/repository → shell:git/repository,7036,0.039614886549180786,177610
overall,ALL,ALL,full_stream,hybrid_shell,3,3,edit → edit → edit,6347,0.03573560047294634,177610
overall,ALL,ALL,full_stream,hybrid_shell,3,4,wait/control → wait/control → wait/control,4812,0.027093069083947974,177610
overall,ALL,ALL,full_stream,hybrid_shell,3,5,read → read → read,2676,0.015066719216260346,177610
overall,ALL,ALL,full_stream,hybrid_shell,3,6,coordination → coordination → coordination,2605,0.014666966950059118,177610
overall,ALL,ALL,full_stream,hybrid_shell,3,7,shell:search/text → shell:search/text → edit,2373,0.013360734192894545,177610
overall,ALL,ALL,full_stream,hybrid_shell,3,8,shell:git/repository → shell:search/text → shell:search/text,2245,0.012640054051010641,177610
overall,ALL,ALL,full_stream,hybrid_shell,3,9,wait/control → shell:other → wait/control,2205,0.01241484150667192,177610
overall,ALL,ALL,full_stream,hybrid_shell,3,10,shell:other → wait/control → shell:other,2116,0.011913743595518271,177610
overall,ALL,ALL,full_stream,hybrid_shell,3,11,shell:other → shell:other → shell:other,1942,0.01093406902764484,177610
overall,ALL,ALL,full_stream,hybrid_shell,3,12,shell:search/text → shell:search/text → shell:git/repository,1738,0.00978548505151737,177610
overall,ALL,ALL,full_stream,hybrid_shell,3,13,shell:search/text → edit → edit,1676,0.009436405607792355,177610
overall,ALL,ALL,full_stream,hybrid_shell,3,14,shell:git/repository → shell:git/repository → shell:search/text,1546,0.008704464838691516,177610
overall,ALL,ALL,full_stream,hybrid_shell,3,15,edit → shell:search/text → shell:search/text,1415,0.007966893755982208,177610
overall,ALL,ALL,full_stream,hybrid_shell,3,16,edit → edit → shell:search/text,1382,0.007781093406902764,177610
overall,ALL,ALL,full_stream,hybrid_shell,3,17,shell:search/text → shell:git/repository → shell:git/repository,1316,0.007409492708743877,177610
overall,ALL,ALL,full_stream,hybrid_shell,3,18,shell:search/text → shell:git/repository → shell:search/text,1204,0.006778897584595462,177610
overall,ALL,ALL,full_stream,hybrid_shell,3,19,shell:search/text → shell:search/text → shell:other,1177,0.006626879117166826,177610
overall,ALL,ALL,full_stream,hybrid_shell,3,20,edit → read → edit,1124,0.006328472495918023,177610
overall,ALL,ALL,full_stream,hybrid_shell,3,21,search → search → search,1093,0.006153932774055515,177610
overall,ALL,ALL,full_stream,hybrid_shell,3,22,wait/control → shell:search/text → shell:search/text,1048,0.005900568661674455,177610
overall,ALL,ALL,full_stream,hybrid_shell,3,23,shell:data/analysis/runtime → shell:data/analysis/runtime → shell:data/analysis/runtime,1020,0.005742919880637351,177610
overall,ALL,ALL,full_stream,hybrid_shell,3,24,shell:other → shell:search/text → shell:search/text,985,0.005545858904340972,177610
overall,ALL,ALL,full_stream,hybrid_shell,3,25,shell:search/text → shell:search/text → shell:data/analysis/runtime,984,0.005540228590732504,177610
overall,ALL,ALL,full_stream,hybrid_shell,3,26,shell:filesystem/navigation → shell:search/text → shell:search/text,962,0.005416361691346208,177610
overall,ALL,ALL,full_stream,hybrid_shell,3,27,shell:search/text → edit → shell:search/text,952,0.005360058555261528,177610
overall,ALL,ALL,full_stream,hybrid_shell,3,28,shell:data/analysis/runtime → shell:search/text → shell:search/text,940,0.005292494791959913,177610
overall,ALL,ALL,full_stream,hybrid_shell,3,29,read → edit → edit,920,0.005179888519790552,177610
overall,ALL,ALL,full_stream,hybrid_shell,3,30,read → edit → read,916,0.005157367265356681,177610
overall,ALL,ALL,full_stream,hybrid_shell,4,1,shell:search/text → shell:search/text → shell:search/text → shell:search/text,23158,0.13166707413450987,175883
overall,ALL,ALL,full_stream,hybrid_shell,4,2,shell:git/repository → shell:git/repository → shell:git/repository → shell:git/repository,4912,0.027927656453437796,175883
overall,ALL,ALL,full_stream,hybrid_shell,4,3,edit → edit → edit → edit,4632,0.026335689066026846,175883
overall,ALL,ALL,full_stream,hybrid_shell,4,4,wait/control → wait/control → wait/control → wait/control,3900,0.02217383146750965,175883
overall,ALL,ALL,full_stream,hybrid_shell,4,5,coordination → coordination → coordination → coordination,1926,0.01095046138626246,175883
overall,ALL,ALL,full_stream,hybrid_shell,4,6,shell:other → wait/control → shell:other → wait/control,1880,0.010688923886902088,175883
overall,ALL,ALL,full_stream,hybrid_shell,4,7,read → read → read → read,1835,0.0104330719853539,175883
overall,ALL,ALL,full_stream,hybrid_shell,4,8,shell:search/text → shell:search/text → shell:search/text → edit,1635,0.009295952422917508,175883
overall,ALL,ALL,full_stream,hybrid_shell,4,9,shell:git/repository → shell:search/text → shell:search/text → shell:search/text,1546,0.008789934217633313,175883
overall,ALL,ALL,full_stream,hybrid_shell,4,10,wait/control → shell:other → wait/control → shell:other,1531,0.008704650250450583,175883
overall,ALL,ALL,full_stream,hybrid_shell,4,11,shell:other → shell:other → shell:other → shell:other,1147,0.00652138069057271,175883
overall,ALL,ALL,full_stream,hybrid_shell,4,12,shell:search/text → shell:search/text → edit → edit,1145,0.006510009494948346,175883
overall,ALL,ALL,full_stream,hybrid_shell,4,13,shell:search/text → shell:search/text → shell:search/text → shell:git/repository,972,0.005526401073440867,175883
overall,ALL,ALL,full_stream,hybrid_shell,4,14,shell:search/text → edit → edit → edit,924,0.005253492378456133,175883
overall,ALL,ALL,full_stream,hybrid_shell,4,15,search → search → search → search,882,0.00501469727034449,175883
overall,ALL,ALL,full_stream,hybrid_shell,4,16,shell:git/repository → shell:git/repository → shell:search/text → shell:search/text,836,0.00475315977098412,175883
overall,ALL,ALL,full_stream,hybrid_shell,4,17,shell:git/repository → shell:git/repository → shell:git/repository → shell:search/text,829,0.004713360586298846,175883
overall,ALL,ALL,full_stream,hybrid_shell,4,18,shell:search/text → shell:git/repository → shell:search/text → shell:search/text,804,0.0045712206409942975,175883
overall,ALL,ALL,full_stream,hybrid_shell,4,19,edit → edit → edit → shell:search/text,794,0.004514364662872478,175883
overall,ALL,ALL,full_stream,hybrid_shell,4,20,shell:search/text → shell:search/text → shell:git/repository → shell:search/text,750,0.004264198359136472,175883
overall,ALL,ALL,full_stream,hybrid_shell,4,21,edit → shell:search/text → shell:search/text → shell:search/text,741,0.004213027978826834,175883
overall,ALL,ALL,full_stream,hybrid_shell,4,22,shell:search/text → shell:git/repository → shell:git/repository → shell:git/repository,702,0.003991289664151737,175883
overall,ALL,ALL,full_stream,hybrid_shell,4,23,edit → edit → shell:search/text → shell:search/text,671,0.0038150361319740965,175883
overall,ALL,ALL,full_stream,hybrid_shell,4,24,shell:search/text → shell:search/text → shell:search/text → shell:other,669,0.0038036649363497326,175883
overall,ALL,ALL,full_stream,hybrid_shell,4,25,read → edit → read → edit,662,0.003763865751664459,175883
overall,ALL,ALL,full_stream,hybrid_shell,4,26,shell:search/text → shell:search/text → shell:search/text → shell:data/analysis/runtime,651,0.0037013241757304573,175883
overall,ALL,ALL,full_stream,hybrid_shell,4,27,shell:filesystem/navigation → shell:search/text → shell:search/text → shell:search/text,637,0.0036217258063599095,175883
overall,ALL,ALL,full_stream,hybrid_shell,4,28,shell:other → shell:search/text → shell:search/text → shell:search/text,590,0.0033545027091873574,175883
overall,ALL,ALL,full_stream,hybrid_shell,4,29,shell:search/text → shell:search/text → edit → shell:search/text,567,0.0032237339595071724,175883
overall,ALL,ALL,full_stream,hybrid_shell,4,30,shell:data/analysis/runtime → shell:search/text → shell:search/text → shell:search/text,559,0.0031782491770097165,175883
overall,ALL,ALL,full_stream,tool_family,2,1,shell → shell,101938,0.5682637901719765,179385
overall,ALL,ALL,full_stream,tool_family,2,2,edit → edit,9566,0.053326643810798005,179385
overall,ALL,ALL,full_stream,tool_family,2,3,shell → wait/control,9039,0.050388828497366,179385
overall,ALL,ALL,full_stream,tool_family,2,4,wait/control → shell,8615,0.04802519720154974,179385
overall,ALL,ALL,full_stream,tool_family,2,5,wait/control → wait/control,6751,0.03763413886333863,179385
overall,ALL,ALL,full_stream,tool_family,2,6,edit → shell,6263,0.03491373303230482,179385
overall,ALL,ALL,full_stream,tool_family,2,7,shell → edit,5216,0.02907712462023023,179385
overall,ALL,ALL,full_stream,tool_family,2,8,read → read,4375,0.02438888424338713,179385
overall,ALL,ALL,full_stream,tool_family,2,9,coordination → coordination,3795,0.02115561501797809,179385
overall,ALL,ALL,full_stream,tool_family,2,10,read → edit,2482,0.013836162443905566,179385
overall,ALL,ALL,full_stream,tool_family,2,11,coordination → shell,2381,0.013273127630515372,179385
overall,ALL,ALL,full_stream,tool_family,2,12,shell → coordination,2343,0.013061292750229953,179385
overall,ALL,ALL,full_stream,tool_family,2,13,shell → read,2341,0.013050143546004403,179385
overall,ALL,ALL,full_stream,tool_family,2,14,edit → read,1625,0.009058728433258076,179385
overall,ALL,ALL,full_stream,tool_family,2,15,read → shell,1621,0.00903643002480698,179385
overall,ALL,ALL,full_stream,tool_family,2,16,search → search,1434,0.007993979429718204,179385
overall,ALL,ALL,full_stream,tool_family,2,17,plan/goal → shell,1212,0.006756417760682331,179385
overall,ALL,ALL,full_stream,tool_family,2,18,shell → plan/goal,1084,0.006042868690247233,179385
overall,ALL,ALL,full_stream,tool_family,2,19,fetch → fetch,827,0.004610195947264264,179385
overall,ALL,ALL,full_stream,tool_family,2,20,shell → task,690,0.0038464754578141987,179385
overall,ALL,ALL,full_stream,tool_family,2,21,task → shell,592,0.0033001644507623267,179385
overall,ALL,ALL,full_stream,tool_family,2,22,task → task,483,0.002692532820469939,179385
overall,ALL,ALL,full_stream,tool_family,2,23,search → fetch,309,0.0017225520528472281,179385
overall,ALL,ALL,full_stream,tool_family,2,24,fetch → search,286,0.0015943362042534215,179385
overall,ALL,ALL,full_stream,tool_family,2,25,wait/control → edit,251,0.0013992251303063244,179385
overall,ALL,ALL,full_stream,tool_family,2,26,write → shell,244,0.001360202915516905,179385
overall,ALL,ALL,full_stream,tool_family,2,27,write → write,227,0.0012654346795997436,179385
overall,ALL,ALL,full_stream,tool_family,2,28,task → coordination,207,0.0011539426373442596,179385
overall,ALL,ALL,full_stream,tool_family,2,29,shell → write,197,0.0010981966162165176,179385
overall,ALL,ALL,full_stream,tool_family,2,30,read → write,191,0.0010647490035398724,179385
overall,ALL,ALL,full_stream,tool_family,3,1,shell → shell → shell,86770,0.48854231180676766,177610
overall,ALL,ALL,full_stream,tool_family,3,2,shell → wait/control → shell,6809,0.038336805360058554,177610
overall,ALL,ALL,full_stream,tool_family,3,3,edit → edit → edit,6347,0.03573560047294634,177610
overall,ALL,ALL,full_stream,tool_family,3,4,shell → shell → wait/control,5313,0.02991385620179044,177610
overall,ALL,ALL,full_stream,tool_family,3,5,wait/control → shell → shell,5114,0.02879342379370531,177610
overall,ALL,ALL,full_stream,tool_family,3,6,wait/control → wait/control → wait/control,4812,0.027093069083947974,177610
overall,ALL,ALL,full_stream,tool_family,3,7,edit → shell → shell,4581,0.02579246664039187,177610
overall,ALL,ALL,full_stream,tool_family,3,8,shell → shell → edit,4030,0.022690163842126007,177610
overall,ALL,ALL,full_stream,tool_family,3,9,wait/control → shell → wait/control,3361,0.01892348403806092,177610
overall,ALL,ALL,full_stream,tool_family,3,10,shell → edit → shell,2881,0.016220933505996283,177610
overall,ALL,ALL,full_stream,tool_family,3,11,read → read → read,2676,0.015066719216260346,177610
overall,ALL,ALL,full_stream,tool_family,3,12,coordination → coordination → coordination,2605,0.014666966950059118,177610
overall,ALL,ALL,full_stream,tool_family,3,13,edit → edit → shell,2488,0.014008220257868364,177610
overall,ALL,ALL,full_stream,tool_family,3,14,shell → edit → edit,2123,0.011953155790777546,177610
overall,ALL,ALL,full_stream,tool_family,3,15,shell → wait/control → wait/control,1905,0.010725747424131524,177610
overall,ALL,ALL,full_stream,tool_family,3,16,wait/control → wait/control → shell,1737,0.009779854737908902,177610
overall,ALL,ALL,full_stream,tool_family,3,17,coordination → shell → shell,1569,0.00883396205168628,177610
overall,ALL,ALL,full_stream,tool_family,3,18,shell → shell → coordination,1530,0.008614379820956027,177610
overall,ALL,ALL,full_stream,tool_family,3,19,shell → shell → read,1356,0.007634705253082597,177610
overall,ALL,ALL,full_stream,tool_family,3,20,edit → read → edit,1124,0.006328472495918023,177610
overall,ALL,ALL,full_stream,tool_family,3,21,coordination → coordination → shell,1117,0.006289060300658747,177610
overall,ALL,ALL,full_stream,tool_family,3,22,plan/goal → shell → shell,1108,0.006238387478182535,177610
overall,ALL,ALL,full_stream,tool_family,3,23,shell → coordination → shell,1106,0.006227126850965599,177610
overall,ALL,ALL,full_stream,tool_family,3,24,search → search → search,1093,0.006153932774055515,177610
overall,ALL,ALL,full_stream,tool_family,3,25,shell → shell → plan/goal,1024,0.005765441135071224,177610
overall,ALL,ALL,full_stream,tool_family,3,26,shell → coordination → coordination,1002,0.005641574235684928,177610
overall,ALL,ALL,full_stream,tool_family,3,27,edit → shell → edit,979,0.005512077022690164,177610
overall,ALL,ALL,full_stream,tool_family,3,28,shell → read → read,972,0.005472664827430888,177610
overall,ALL,ALL,full_stream,tool_family,3,29,read → shell → shell,953,0.005365688868869996,177610
overall,ALL,ALL,full_stream,tool_family,3,30,read → edit → edit,920,0.005179888519790552,177610
overall,ALL,ALL,full_stream,tool_family,4,1,shell → shell → shell → shell,75684,0.4303087848171796,175883
overall,ALL,ALL,full_stream,tool_family,4,2,edit → edit → edit → edit,4632,0.026335689066026846,175883
overall,ALL,ALL,full_stream,tool_family,4,3,wait/control → wait/control → wait/control → wait/control,3900,0.02217383146750965,175883
overall,ALL,ALL,full_stream,tool_family,4,4,shell → wait/control → shell → shell,3898,0.022162460271885287,175883
overall,ALL,ALL,full_stream,tool_family,4,5,shell → shell → wait/control → shell,3873,0.022020320326580738,175883
overall,ALL,ALL,full_stream,tool_family,4,6,edit → shell → shell → shell,3516,0.01999056190763178,175883
overall,ALL,ALL,full_stream,tool_family,4,7,shell → shell → shell → edit,3268,0.018580533650210652,175883
overall,ALL,ALL,full_stream,tool_family,4,8,shell → shell → shell → wait/control,3158,0.017955117890870637,175883
overall,ALL,ALL,full_stream,tool_family,4,9,wait/control → shell → shell → shell,3122,0.017750436369632083,175883
overall,ALL,ALL,full_stream,tool_family,4,10,shell → wait/control → shell → wait/control,2813,0.01599358664566786,175883
overall,ALL,ALL,full_stream,tool_family,4,11,wait/control → shell → wait/control → shell,2771,0.015754791537556215,175883
overall,ALL,ALL,full_stream,tool_family,4,12,shell → shell → edit → shell,2284,0.012985905403023601,175883
overall,ALL,ALL,full_stream,tool_family,4,13,shell → edit → shell → shell,2264,0.012872193446779963,175883
overall,ALL,ALL,full_stream,tool_family,4,14,coordination → coordination → coordination → coordination,1926,0.01095046138626246,175883
overall,ALL,ALL,full_stream,tool_family,4,15,wait/control → shell → shell → wait/control,1864,0.010597954321907178,175883
overall,ALL,ALL,full_stream,tool_family,4,16,read → read → read → read,1835,0.0104330719853539,175883
overall,ALL,ALL,full_stream,tool_family,4,17,edit → edit → shell → shell,1800,0.01023407606192753,175883
overall,ALL,ALL,full_stream,tool_family,4,18,shell → shell → edit → edit,1615,0.00918224046667387,175883
overall,ALL,ALL,full_stream,tool_family,4,19,edit → edit → edit → shell,1320,0.00750498911208019,175883
overall,ALL,ALL,full_stream,tool_family,4,20,coordination → shell → shell → shell,1219,0.0069307437330498115,175883
overall,ALL,ALL,full_stream,tool_family,4,21,shell → shell → wait/control → wait/control,1208,0.00686820215711581,175883
overall,ALL,ALL,full_stream,tool_family,4,22,shell → shell → shell → coordination,1178,0.006697634222750351,175883
overall,ALL,ALL,full_stream,tool_family,4,23,wait/control → wait/control → shell → shell,1157,0.00657823666869453,175883
overall,ALL,ALL,full_stream,tool_family,4,24,shell → edit → edit → edit,1113,0.006328070364958523,175883
overall,ALL,ALL,full_stream,tool_family,4,25,plan/goal → shell → shell → shell,1056,0.006003991289664151,175883
overall,ALL,ALL,full_stream,tool_family,4,26,shell → shell → shell → plan/goal,940,0.005344461943451044,175883
overall,ALL,ALL,full_stream,tool_family,4,27,shell → edit → edit → shell,939,0.005338776345638862,175883
overall,ALL,ALL,full_stream,tool_family,4,28,shell → shell → shell → read,897,0.00509998123752722,175883
overall,ALL,ALL,full_stream,tool_family,4,29,shell → wait/control → wait/control → wait/control,897,0.00509998123752722,175883
overall,ALL,ALL,full_stream,tool_family,4,30,shell → wait/control → wait/control → shell,891,0.005065867650654128,175883
overall,ALL,ALL,same_prompt,hybrid_shell,2,1,shell:search/text → shell:search/text,39920,0.23098109102691694,172828
overall,ALL,ALL,same_prompt,hybrid_shell,2,2,shell:git/repository → shell:git/repository,10558,0.061089638253060845,172828
overall,ALL,ALL,same_prompt,hybrid_shell,2,3,edit → edit,9081,0.0525435693290439,172828
overall,ALL,ALL,same_prompt,hybrid_shell,2,4,wait/control → wait/control,6714,0.03884787187261323,172828
overall,ALL,ALL,same_prompt,hybrid_shell,2,5,read → read,3974,0.022993959312148496,172828
overall,ALL,ALL,same_prompt,hybrid_shell,2,6,coordination → coordination,3787,0.02191195871039415,172828
overall,ALL,ALL,same_prompt,hybrid_shell,2,7,shell:other → wait/control,3783,0.02188881431249566,172828
overall,ALL,ALL,same_prompt,hybrid_shell,2,8,shell:other → shell:other,3729,0.021576364940866063,172828
overall,ALL,ALL,same_prompt,hybrid_shell,2,9,shell:git/repository → shell:search/text,3626,0.02098039669497998,172828
overall,ALL,ALL,same_prompt,hybrid_shell,2,10,shell:search/text → edit,3565,0.02062744462702803,172828
overall,ALL,ALL,same_prompt,hybrid_shell,2,11,shell:search/text → shell:git/repository,3349,0.01937764714050964,172828
overall,ALL,ALL,same_prompt,hybrid_shell,2,12,shell:search/text → shell:other,2908,0.016825977272201264,172828
overall,ALL,ALL,same_prompt,hybrid_shell,2,13,edit → shell:search/text,2784,0.016108500937348114,172828
overall,ALL,ALL,same_prompt,hybrid_shell,2,14,wait/control → shell:other,2611,0.01510750572823848,172828
overall,ALL,ALL,same_prompt,hybrid_shell,2,15,shell:data/analysis/runtime → shell:data/analysis/runtime,2497,0.014447890388131553,172828
overall,ALL,ALL,same_prompt,hybrid_shell,2,16,wait/control → shell:search/text,2460,0.014233804707570533,172828
overall,ALL,ALL,same_prompt,hybrid_shell,2,17,read → edit,2114,0.012231814289351262,172828
overall,ALL,ALL,same_prompt,hybrid_shell,2,18,shell:other → shell:search/text,2077,0.012017728608790242,172828
overall,ALL,ALL,same_prompt,hybrid_shell,2,19,shell:data/analysis/runtime → shell:search/text,1922,0.011120883190223807,172828
overall,ALL,ALL,same_prompt,hybrid_shell,2,20,shell:search/text → shell:data/analysis/runtime,1853,0.010721642326474877,172828
overall,ALL,ALL,same_prompt,hybrid_shell,2,21,shell:filesystem/navigation → shell:search/text,1557,0.009008956881986715,172828
overall,ALL,ALL,same_prompt,hybrid_shell,2,22,shell:search/text → shell:filesystem/navigation,1532,0.008864304395121161,172828
overall,ALL,ALL,same_prompt,hybrid_shell,2,23,shell:filesystem/navigation → shell:filesystem/navigation,1483,0.008580785520864675,172828
overall,ALL,ALL,same_prompt,hybrid_shell,2,24,search → search,1431,0.008279908348184322,172828
overall,ALL,ALL,same_prompt,hybrid_shell,2,25,shell:search/text → wait/control,1325,0.007666581803874372,172828
overall,ALL,ALL,same_prompt,hybrid_shell,2,26,shell:search/text → read,1292,0.007475640521211841,172828
overall,ALL,ALL,same_prompt,hybrid_shell,2,27,shell:data/analysis/runtime → wait/control,1164,0.0067350197884602035,172828
overall,ALL,ALL,same_prompt,hybrid_shell,2,28,edit → read,1130,0.006538292406323049,172828
overall,ALL,ALL,same_prompt,hybrid_shell,2,29,wait/control → shell:data/analysis/runtime,1105,0.006393639919457495,172828
overall,ALL,ALL,same_prompt,hybrid_shell,2,30,shell:test → shell:test,1069,0.006185340338371097,172828
overall,ALL,ALL,same_prompt,hybrid_shell,3,1,shell:search/text → shell:search/text → shell:search/text,28938,0.17422559378668834,166095
overall,ALL,ALL,same_prompt,hybrid_shell,3,2,shell:git/repository → shell:git/repository → shell:git/repository,6683,0.04023600951262832,166095
overall,ALL,ALL,same_prompt,hybrid_shell,3,3,edit → edit → edit,5946,0.035798789849182694,166095
overall,ALL,ALL,same_prompt,hybrid_shell,3,4,wait/control → wait/control → wait/control,4772,0.02873054577199795,166095
overall,ALL,ALL,same_prompt,hybrid_shell,3,5,coordination → coordination → coordination,2597,0.015635630211625878,166095
overall,ALL,ALL,same_prompt,hybrid_shell,3,6,read → read → read,2345,0.014118426201872423,166095
overall,ALL,ALL,same_prompt,hybrid_shell,3,7,shell:search/text → shell:search/text → edit,2285,0.013757187151931125,166095
overall,ALL,ALL,same_prompt,hybrid_shell,3,8,wait/control → shell:other → wait/control,2201,0.013251452482013306,166095
overall,ALL,ALL,same_prompt,hybrid_shell,3,9,shell:other → wait/control → shell:other,2109,0.012697552605436648,166095
overall,ALL,ALL,same_prompt,hybrid_shell,3,10,shell:git/repository → shell:search/text → shell:search/text,2039,0.012276107047171799,166095
overall,ALL,ALL,same_prompt,hybrid_shell,3,11,shell:other → shell:other → shell:other,1921,0.011565670248953911,166095
overall,ALL,ALL,same_prompt,hybrid_shell,3,12,shell:search/text → shell:search/text → shell:git/repository,1628,0.009801619555073903,166095
overall,ALL,ALL,same_prompt,hybrid_shell,3,13,shell:search/text → edit → edit,1591,0.00957885547427677,166095
overall,ALL,ALL,same_prompt,hybrid_shell,3,14,shell:git/repository → shell:git/repository → shell:search/text,1374,0.008272374243655739,166095
overall,ALL,ALL,same_prompt,hybrid_shell,3,15,edit → edit → shell:search/text,1273,0.007664288509587887,166095
overall,ALL,ALL,same_prompt,hybrid_shell,3,16,edit → shell:search/text → shell:search/text,1250,0.007525813540443722,166095
overall,ALL,ALL,same_prompt,hybrid_shell,3,17,shell:search/text → shell:git/repository → shell:git/repository,1233,0.007423462476293687,166095
overall,ALL,ALL,same_prompt,hybrid_shell,3,18,shell:search/text → shell:search/text → shell:other,1154,0.006947831060537644,166095
overall,ALL,ALL,same_prompt,hybrid_shell,3,19,shell:search/text → shell:git/repository → shell:search/text,1100,0.006622715915590475,166095
overall,ALL,ALL,same_prompt,hybrid_shell,3,20,search → search → search,1090,0.006562509407266925,166095
overall,ALL,ALL,same_prompt,hybrid_shell,3,21,wait/control → shell:search/text → shell:search/text,1034,0.006225352960655047,166095
overall,ALL,ALL,same_prompt,hybrid_shell,3,22,shell:data/analysis/runtime → shell:data/analysis/runtime → shell:data/analysis/runtime,954,0.005743700894066649,166095
overall,ALL,ALL,same_prompt,hybrid_shell,3,23,shell:search/text → shell:search/text → shell:data/analysis/runtime,952,0.005731659592401938,166095
overall,ALL,ALL,same_prompt,hybrid_shell,3,24,shell:other → shell:search/text → shell:search/text,935,0.005629308528251904,166095
overall,ALL,ALL,same_prompt,hybrid_shell,3,25,shell:filesystem/navigation → shell:search/text → shell:search/text,896,0.00539450314579006,166095
overall,ALL,ALL,same_prompt,hybrid_shell,3,26,shell:data/analysis/runtime → shell:search/text → shell:search/text,878,0.00528613143080767,166095
overall,ALL,ALL,same_prompt,hybrid_shell,3,27,shell:search/text → edit → shell:search/text,841,0.005063367350010536,166095
overall,ALL,ALL,same_prompt,hybrid_shell,3,28,shell:search/text → shell:search/text → shell:filesystem/navigation,830,0.004997140190854631,166095
overall,ALL,ALL,same_prompt,hybrid_shell,3,29,shell:search/text → shell:other → shell:other,802,0.004828561967548692,166095
overall,ALL,ALL,same_prompt,hybrid_shell,3,30,edit → read → edit,765,0.004605797886751558,166095
overall,ALL,ALL,same_prompt,hybrid_shell,4,1,shell:search/text → shell:search/text → shell:search/text → shell:search/text,22440,0.1398165686372246,160496
overall,ALL,ALL,same_prompt,hybrid_shell,4,2,shell:git/repository → shell:git/repository → shell:git/repository → shell:git/repository,4561,0.028418153723457282,160496
overall,ALL,ALL,same_prompt,hybrid_shell,4,3,edit → edit → edit → edit,4290,0.02672963812182235,160496
overall,ALL,ALL,same_prompt,hybrid_shell,4,4,wait/control → wait/control → wait/control → wait/control,3864,0.02407536636427076,160496
overall,ALL,ALL,same_prompt,hybrid_shell,4,5,coordination → coordination → coordination → coordination,1919,0.011956684278735918,160496
overall,ALL,ALL,same_prompt,hybrid_shell,4,6,shell:other → wait/control → shell:other → wait/control,1877,0.011694995513906889,160496
overall,ALL,ALL,same_prompt,hybrid_shell,4,7,read → read → read → read,1589,0.009900558269364968,160496
overall,ALL,ALL,same_prompt,hybrid_shell,4,8,shell:search/text → shell:search/text → shell:search/text → edit,1572,0.00979463662645798,160496
overall,ALL,ALL,same_prompt,hybrid_shell,4,9,wait/control → shell:other → wait/control → shell:other,1525,0.009501794437244542,160496
overall,ALL,ALL,same_prompt,hybrid_shell,4,10,shell:git/repository → shell:search/text → shell:search/text → shell:search/text,1387,0.008641959924234872,160496
overall,ALL,ALL,same_prompt,hybrid_shell,4,11,shell:other → shell:other → shell:other → shell:other,1134,0.0070655966503838106,160496
overall,ALL,ALL,same_prompt,hybrid_shell,4,12,shell:search/text → shell:search/text → edit → edit,1098,0.00684129199481607,160496
overall,ALL,ALL,same_prompt,hybrid_shell,4,13,search → search → search → search,880,0.005483002691655867,160496
overall,ALL,ALL,same_prompt,hybrid_shell,4,14,shell:search/text → shell:search/text → shell:search/text → shell:git/repository,879,0.005476772006778985,160496
overall,ALL,ALL,same_prompt,hybrid_shell,4,15,shell:search/text → edit → edit → edit,876,0.0054580799521483404,160496
overall,ALL,ALL,same_prompt,hybrid_shell,4,16,edit → edit → edit → shell:search/text,728,0.0045359385903698535,160496
overall,ALL,ALL,same_prompt,hybrid_shell,4,17,shell:git/repository → shell:git/repository → shell:search/text → shell:search/text,725,0.004517246535739208,160496
overall,ALL,ALL,same_prompt,hybrid_shell,4,18,shell:search/text → shell:git/repository → shell:search/text → shell:search/text,716,0.004461170371847274,160496
overall,ALL,ALL,same_prompt,hybrid_shell,4,19,shell:git/repository → shell:git/repository → shell:git/repository → shell:search/text,713,0.0044424783172166285,160496
overall,ALL,ALL,same_prompt,hybrid_shell,4,20,shell:search/text → shell:search/text → shell:git/repository → shell:search/text,672,0.00418702023726448,160496
overall,ALL,ALL,same_prompt,hybrid_shell,4,21,shell:search/text → shell:search/text → shell:search/text → shell:other,653,0.004068637224603729,160496
overall,ALL,ALL,same_prompt,hybrid_shell,4,22,shell:search/text → shell:git/repository → shell:git/repository → shell:git/repository,641,0.003993869006081148,160496
overall,ALL,ALL,same_prompt,hybrid_shell,4,23,edit → shell:search/text → shell:search/text → shell:search/text,636,0.00396271558169674,160496
overall,ALL,ALL,same_prompt,hybrid_shell,4,24,shell:search/text → shell:search/text → shell:search/text → shell:data/analysis/runtime,622,0.003875485993420397,160496
overall,ALL,ALL,same_prompt,hybrid_shell,4,25,edit → edit → shell:search/text → shell:search/text,607,0.003782025720267172,160496
overall,ALL,ALL,same_prompt,hybrid_shell,4,26,shell:filesystem/navigation → shell:search/text → shell:search/text → shell:search/text,594,0.0037010268168677102,160496
overall,ALL,ALL,same_prompt,hybrid_shell,4,27,shell:other → shell:search/text → shell:search/text → shell:search/text,555,0.0034580301066693252,160496
overall,ALL,ALL,same_prompt,hybrid_shell,4,28,shell:search/text → shell:search/text → shell:search/text → shell:filesystem/navigation,519,0.003233725451101585,160496
overall,ALL,ALL,same_prompt,hybrid_shell,4,29,shell:data/analysis/runtime → shell:search/text → shell:search/text → shell:search/text,507,0.003158957232579005,160496
overall,ALL,ALL,same_prompt,hybrid_shell,4,30,shell:search/text → shell:search/text → edit → shell:search/text,506,0.0031527265477021235,160496
overall,ALL,ALL,same_prompt,tool_family,2,1,shell → shell,99647,0.5765674543476751,172828
overall,ALL,ALL,same_prompt,tool_family,2,2,edit → edit,9081,0.0525435693290439,172828
overall,ALL,ALL,same_prompt,tool_family,2,3,shell → wait/control,9003,0.052092253570023374,172828
overall,ALL,ALL,same_prompt,tool_family,2,4,wait/control → shell,8545,0.04944222001064642,172828
overall,ALL,ALL,same_prompt,tool_family,2,5,wait/control → wait/control,6714,0.03884787187261323,172828
overall,ALL,ALL,same_prompt,tool_family,2,6,edit → shell,5832,0.03374453213599648,172828
overall,ALL,ALL,same_prompt,tool_family,2,7,shell → edit,4957,0.028681695095702085,172828
overall,ALL,ALL,same_prompt,tool_family,2,8,read → read,3974,0.022993959312148496,172828
overall,ALL,ALL,same_prompt,tool_family,2,9,coordination → coordination,3787,0.02191195871039415,172828
overall,ALL,ALL,same_prompt,tool_family,2,10,coordination → shell,2345,0.013568403267988983,172828
overall,ALL,ALL,same_prompt,tool_family,2,11,shell → coordination,2335,0.013510542273242762,172828
overall,ALL,ALL,same_prompt,tool_family,2,12,read → edit,2114,0.012231814289351262,172828
overall,ALL,ALL,same_prompt,tool_family,2,13,shell → read,1931,0.011172958085495406,172828
overall,ALL,ALL,same_prompt,tool_family,2,14,read → shell,1446,0.008366699840303655,172828
overall,ALL,ALL,same_prompt,tool_family,2,15,search → search,1431,0.008279908348184322,172828
overall,ALL,ALL,same_prompt,tool_family,2,16,edit → read,1130,0.006538292406323049,172828
overall,ALL,ALL,same_prompt,tool_family,2,17,plan/goal → shell,1126,0.006515148008424561,172828
overall,ALL,ALL,same_prompt,tool_family,2,18,shell → plan/goal,952,0.0055083666998403035,172828
overall,ALL,ALL,same_prompt,tool_family,2,19,fetch → fetch,826,0.00477931816603791,172828
overall,ALL,ALL,same_prompt,tool_family,2,20,shell → task,625,0.0036163121716388546,172828
overall,ALL,ALL,same_prompt,tool_family,2,21,task → shell,515,0.0029798412294304165,172828
overall,ALL,ALL,same_prompt,tool_family,2,22,task → task,443,0.0025632420672576203,172828
overall,ALL,ALL,same_prompt,tool_family,2,23,search → fetch,308,0.0017821186381836278,172828
overall,ALL,ALL,same_prompt,tool_family,2,24,fetch → search,285,0.0016490383502673178,172828
overall,ALL,ALL,same_prompt,tool_family,2,25,wait/control → edit,249,0.0014407387691809197,172828
overall,ALL,ALL,same_prompt,tool_family,2,26,write → write,204,0.0011803642928229223,172828
overall,ALL,ALL,same_prompt,tool_family,2,27,task → coordination,203,0.0011745781933483,172828
overall,ALL,ALL,same_prompt,tool_family,2,28,write → shell,195,0.0011282893975513228,172828
overall,ALL,ALL,same_prompt,tool_family,2,29,shell → write,161,0.000931562015414169,172828
overall,ALL,ALL,same_prompt,tool_family,2,30,tool discovery → search,152,0.0008794871201425695,172828
overall,ALL,ALL,same_prompt,tool_family,3,1,shell → shell → shell,83062,0.5000872994370692,166095
overall,ALL,ALL,same_prompt,tool_family,3,2,shell → wait/control → shell,6747,0.040621331165899034,166095
overall,ALL,ALL,same_prompt,tool_family,3,3,edit → edit → edit,5946,0.035798789849182694,166095
overall,ALL,ALL,same_prompt,tool_family,3,4,shell → shell → wait/control,5270,0.03172882988651073,166095
overall,ALL,ALL,same_prompt,tool_family,3,5,wait/control → shell → shell,5020,0.030223667178421988,166095
overall,ALL,ALL,same_prompt,tool_family,3,6,wait/control → wait/control → wait/control,4772,0.02873054577199795,166095
overall,ALL,ALL,same_prompt,tool_family,3,7,edit → shell → shell,4191,0.025232547638399713,166095
overall,ALL,ALL,same_prompt,tool_family,3,8,shell → shell → edit,3811,0.02294470032210482,166095
overall,ALL,ALL,same_prompt,tool_family,3,9,wait/control → shell → wait/control,3348,0.020157138986724464,166095
overall,ALL,ALL,same_prompt,tool_family,3,10,shell → edit → shell,2645,0.015924621451578917,166095
overall,ALL,ALL,same_prompt,tool_family,3,11,coordination → coordination → coordination,2597,0.015635630211625878,166095
overall,ALL,ALL,same_prompt,tool_family,3,12,read → read → read,2345,0.014118426201872423,166095
overall,ALL,ALL,same_prompt,tool_family,3,13,edit → edit → shell,2268,0.01365483608778109,166095
overall,ALL,ALL,same_prompt,tool_family,3,14,shell → edit → edit,1993,0.01199915710888347,166095
overall,ALL,ALL,same_prompt,tool_family,3,15,shell → wait/control → wait/control,1882,0.011330864866492069,166095
overall,ALL,ALL,same_prompt,tool_family,3,16,wait/control → wait/control → shell,1691,0.010180920557512267,166095
overall,ALL,ALL,same_prompt,tool_family,3,17,coordination → shell → shell,1528,0.009199554471838406,166095
overall,ALL,ALL,same_prompt,tool_family,3,18,shell → shell → coordination,1525,0.00918149251934134,166095
overall,ALL,ALL,same_prompt,tool_family,3,19,coordination → coordination → shell,1103,0.00664077786808754,166095
overall,ALL,ALL,same_prompt,tool_family,3,20,search → search → search,1090,0.006562509407266925,166095
overall,ALL,ALL,same_prompt,tool_family,3,21,shell → coordination → shell,1081,0.006508323549775731,166095
overall,ALL,ALL,same_prompt,tool_family,3,22,plan/goal → shell → shell,1027,0.006183208404828562,166095
overall,ALL,ALL,same_prompt,tool_family,3,23,shell → shell → read,1017,0.006123001896505012,166095
overall,ALL,ALL,same_prompt,tool_family,3,24,shell → coordination → coordination,999,0.006014630181522622,166095
overall,ALL,ALL,same_prompt,tool_family,3,25,shell → shell → plan/goal,899,0.005412565098287125,166095
overall,ALL,ALL,same_prompt,tool_family,3,26,edit → shell → edit,843,0.005075408651675246,166095
overall,ALL,ALL,same_prompt,tool_family,3,27,read → shell → shell,801,0.004822541316716337,166095
overall,ALL,ALL,same_prompt,tool_family,3,28,edit → read → edit,765,0.004605797886751558,166095
overall,ALL,ALL,same_prompt,tool_family,3,29,shell → read → read,730,0.004395075107619133,166095
overall,ALL,ALL,same_prompt,tool_family,3,30,coordination → shell → coordination,677,0.00407598061350432,166095
overall,ALL,ALL,same_prompt,tool_family,4,1,shell → shell → shell → shell,71075,0.4428459276243645,160496
overall,ALL,ALL,same_prompt,tool_family,4,2,edit → edit → edit → edit,4290,0.02672963812182235,160496
overall,ALL,ALL,same_prompt,tool_family,4,3,wait/control → wait/control → wait/control → wait/control,3864,0.02407536636427076,160496
overall,ALL,ALL,same_prompt,tool_family,4,4,shell → shell → wait/control → shell,3823,0.02381990828431861,160496
overall,ALL,ALL,same_prompt,tool_family,4,5,shell → wait/control → shell → shell,3820,0.023801216229687967,160496
overall,ALL,ALL,same_prompt,tool_family,4,6,edit → shell → shell → shell,3162,0.01970142558069983,160496
overall,ALL,ALL,same_prompt,tool_family,4,7,shell → shell → shell → wait/control,3110,0.019377429967101983,160496
overall,ALL,ALL,same_prompt,tool_family,4,8,shell → shell → shell → edit,3052,0.019016050244242848,160496
overall,ALL,ALL,same_prompt,tool_family,4,9,wait/control → shell → shell → shell,3017,0.018797976273551988,160496
overall,ALL,ALL,same_prompt,tool_family,4,10,shell → wait/control → shell → wait/control,2804,0.017470840394776192,160496
overall,ALL,ALL,same_prompt,tool_family,4,11,wait/control → shell → wait/control → shell,2745,0.017103229987040176,160496
overall,ALL,ALL,same_prompt,tool_family,4,12,shell → shell → edit → shell,2094,0.01304705413219021,160496
overall,ALL,ALL,same_prompt,tool_family,4,13,shell → edit → shell → shell,2074,0.012922440434652576,160496
overall,ALL,ALL,same_prompt,tool_family,4,14,coordination → coordination → coordination → coordination,1919,0.011956684278735918,160496
overall,ALL,ALL,same_prompt,tool_family,4,15,wait/control → shell → shell → wait/control,1857,0.011570381816369255,160496
overall,ALL,ALL,same_prompt,tool_family,4,16,edit → edit → shell → shell,1618,0.010081248130794538,160496
overall,ALL,ALL,same_prompt,tool_family,4,17,read → read → read → read,1589,0.009900558269364968,160496
overall,ALL,ALL,same_prompt,tool_family,4,18,shell → shell → edit → edit,1513,0.009427026218721962,160496
overall,ALL,ALL,same_prompt,tool_family,4,19,edit → edit → edit → shell,1196,0.0074518991127504736,160496
overall,ALL,ALL,same_prompt,tool_family,4,20,shell → shell → wait/control → wait/control,1183,0.007370900209351012,160496
overall,ALL,ALL,same_prompt,tool_family,4,21,coordination → shell → shell → shell,1181,0.007358438839597249,160496
overall,ALL,ALL,same_prompt,tool_family,4,22,shell → shell → shell → coordination,1173,0.0073085933605821956,160496
overall,ALL,ALL,same_prompt,tool_family,4,23,wait/control → wait/control → shell → shell,1107,0.006897368158708005,160496
overall,ALL,ALL,same_prompt,tool_family,4,24,shell → edit → edit → edit,1046,0.006517296381218223,160496
overall,ALL,ALL,same_prompt,tool_family,4,25,plan/goal → shell → shell → shell,981,0.006112301864220915,160496
overall,ALL,ALL,same_prompt,tool_family,4,26,search → search → search → search,880,0.005483002691655867,160496
overall,ALL,ALL,same_prompt,tool_family,4,27,shell → wait/control → wait/control → wait/control,880,0.005483002691655867,160496
overall,ALL,ALL,same_prompt,tool_family,4,28,shell → wait/control → wait/control → shell,870,0.00542069584288705,160496
overall,ALL,ALL,same_prompt,tool_family,4,29,shell → edit → edit → shell,863,0.005377081048748879,160496
overall,ALL,ALL,same_prompt,tool_family,4,30,shell → shell → shell → plan/goal,827,0.005152776393181138,160496
vendor,ALL,claude,full_stream,hybrid_shell,2,1,edit → edit,5087,0.14150995882942027,35948
vendor,ALL,claude,full_stream,hybrid_shell,2,2,read → read,4365,0.12142539223322577,35948
vendor,ALL,claude,full_stream,hybrid_shell,2,3,shell:search/text → shell:search/text,3709,0.10317681094914877,35948
vendor,ALL,claude,full_stream,hybrid_shell,2,4,read → edit,2482,0.06904417491932792,35948
vendor,ALL,claude,full_stream,hybrid_shell,2,5,shell:git/repository → shell:git/repository,1899,0.05282630466228998,35948
vendor,ALL,claude,full_stream,hybrid_shell,2,6,edit → read,1625,0.045204183821074884,35948
vendor,ALL,claude,full_stream,hybrid_shell,2,7,shell:search/text → read,1524,0.04239456993434962,35948
vendor,ALL,claude,full_stream,hybrid_shell,2,8,search → search,1426,0.039668409925447866,35948
vendor,ALL,claude,full_stream,hybrid_shell,2,9,shell:filesystem/navigation → shell:filesystem/navigation,1097,0.03051630132413486,35948
vendor,ALL,claude,full_stream,hybrid_shell,2,10,read → shell:search/text,1045,0.029069767441860465,35948
vendor,ALL,claude,full_stream,hybrid_shell,2,11,edit → shell:search/text,894,0.024869255591409813,35948
vendor,ALL,claude,full_stream,hybrid_shell,2,12,fetch → fetch,818,0.022755090686547234,35948
vendor,ALL,claude,full_stream,hybrid_shell,2,13,shell:filesystem/navigation → shell:search/text,489,0.013602982085234227,35948
vendor,ALL,claude,full_stream,hybrid_shell,2,14,shell:search/text → shell:filesystem/navigation,477,0.013269166573940136,35948
vendor,ALL,claude,full_stream,hybrid_shell,2,15,shell:filesystem/navigation → read,459,0.012768443306998998,35948
vendor,ALL,claude,full_stream,hybrid_shell,2,16,shell:search/text → edit,438,0.012184266162234338,35948
vendor,ALL,claude,full_stream,hybrid_shell,2,17,read → shell:filesystem/navigation,399,0.011099365750528542,35948
vendor,ALL,claude,full_stream,hybrid_shell,2,18,task → task,350,0.009736285746077667,35948
vendor,ALL,claude,full_stream,hybrid_shell,2,19,search → fetch,309,0.008595749415822855,35948
vendor,ALL,claude,full_stream,hybrid_shell,2,20,fetch → search,286,0.00795593635250918,35948
vendor,ALL,claude,full_stream,hybrid_shell,2,21,write → write,225,0.006259040836764215,35948
vendor,ALL,claude,full_stream,hybrid_shell,2,22,shell:git/repository → shell:filesystem/navigation,213,0.005925225325470123,35948
vendor,ALL,claude,full_stream,hybrid_shell,2,23,shell:git/repository → shell:search/text,210,0.0058417714476466,35948
vendor,ALL,claude,full_stream,hybrid_shell,2,24,edit → shell:filesystem/navigation,198,0.0055079559363525096,35948
vendor,ALL,claude,full_stream,hybrid_shell,2,25,shell:filesystem/navigation → shell:git/repository,196,0.005452320017803494,35948
vendor,ALL,claude,full_stream,hybrid_shell,2,26,read → write,189,0.005257594302881941,35948
vendor,ALL,claude,full_stream,hybrid_shell,2,27,task → read,188,0.005229776343607433,35948
vendor,ALL,claude,full_stream,hybrid_shell,2,28,shell:git/repository → read,182,0.005062868587960387,35948
vendor,ALL,claude,full_stream,hybrid_shell,2,29,shell:search/text → shell:data/analysis/runtime,170,0.004729053076666296,35948
vendor,ALL,claude,full_stream,hybrid_shell,2,30,shell:data/analysis/runtime → shell:data/analysis/runtime,166,0.004617781239568265,35948
vendor,ALL,claude,full_stream,hybrid_shell,3,1,edit → edit → edit,3789,0.1079179720877243,35110
vendor,ALL,claude,full_stream,hybrid_shell,3,2,read → read → read,2673,0.07613215608088864,35110
vendor,ALL,claude,full_stream,hybrid_shell,3,3,shell:search/text → shell:search/text → shell:search/text,2345,0.06679008829393335,35110
vendor,ALL,claude,full_stream,hybrid_shell,3,4,shell:git/repository → shell:git/repository → shell:git/repository,1412,0.04021646254628311,35110
vendor,ALL,claude,full_stream,hybrid_shell,3,5,edit → read → edit,1124,0.03201367131871262,35110
vendor,ALL,claude,full_stream,hybrid_shell,3,6,search → search → search,1088,0.030988322415266306,35110
vendor,ALL,claude,full_stream,hybrid_shell,3,7,read → edit → edit,920,0.026203360865850185,35110
vendor,ALL,claude,full_stream,hybrid_shell,3,8,read → edit → read,916,0.026089433209911705,35110
vendor,ALL,claude,full_stream,hybrid_shell,3,9,read → read → edit,685,0.01951011107946454,35110
vendor,ALL,claude,full_stream,hybrid_shell,3,10,shell:search/text → shell:search/text → read,630,0.017943605810310452,35110
vendor,ALL,claude,full_stream,hybrid_shell,3,11,edit → edit → read,598,0.01703218456280262,35110
vendor,ALL,claude,full_stream,hybrid_shell,3,12,shell:search/text → read → read,598,0.01703218456280262,35110
vendor,ALL,claude,full_stream,hybrid_shell,3,13,shell:filesystem/navigation → shell:filesystem/navigation → shell:filesystem/navigation,563,0.016035317573340927,35110
vendor,ALL,claude,full_stream,hybrid_shell,3,14,fetch → fetch → fetch,549,0.01563657077755625,35110
vendor,ALL,claude,full_stream,hybrid_shell,3,15,read → shell:search/text → shell:search/text,492,0.014013101680432925,35110
vendor,ALL,claude,full_stream,hybrid_shell,3,16,read → read → shell:search/text,488,0.013899174024494447,35110
vendor,ALL,claude,full_stream,hybrid_shell,3,17,shell:search/text → read → edit,397,0.011307319851894048,35110
vendor,ALL,claude,full_stream,hybrid_shell,3,18,edit → edit → shell:search/text,374,0.010652235830247792,35110
vendor,ALL,claude,full_stream,hybrid_shell,3,19,edit → read → read,369,0.010509826260324694,35110
vendor,ALL,claude,full_stream,hybrid_shell,3,20,shell:search/text → read → shell:search/text,357,0.010168043292509256,35110
vendor,ALL,claude,full_stream,hybrid_shell,3,21,read → edit → shell:search/text,356,0.010139561378524637,35110
vendor,ALL,claude,full_stream,hybrid_shell,3,22,read → shell:search/text → read,351,0.009997151808601537,35110
vendor,ALL,claude,full_stream,hybrid_shell,3,23,edit → shell:search/text → read,277,0.007889490173739676,35110
vendor,ALL,claude,full_stream,hybrid_shell,3,24,edit → shell:search/text → shell:search/text,274,0.007804044431785816,35110
vendor,ALL,claude,full_stream,hybrid_shell,3,25,shell:filesystem/navigation → read → read,227,0.006465394474508687,35110
vendor,ALL,claude,full_stream,hybrid_shell,3,26,edit → shell:search/text → edit,223,0.006351466818570208,35110
vendor,ALL,claude,full_stream,hybrid_shell,3,27,shell:filesystem/navigation → shell:search/text → shell:search/text,218,0.0062090572486471094,35110
vendor,ALL,claude,full_stream,hybrid_shell,3,28,task → task → task,214,0.00609512959270863,35110
vendor,ALL,claude,full_stream,hybrid_shell,3,29,shell:search/text → edit → edit,212,0.006038165764739391,35110
vendor,ALL,claude,full_stream,hybrid_shell,3,30,shell:search/text → shell:search/text → shell:filesystem/navigation,208,0.005924238108800911,35110
vendor,ALL,claude,full_stream,hybrid_shell,4,1,edit → edit → edit → edit,3055,0.08907224911073532,34298
vendor,ALL,claude,full_stream,hybrid_shell,4,2,read → read → read → read,1833,0.05344334946644119,34298
vendor,ALL,claude,full_stream,hybrid_shell,4,3,shell:search/text → shell:search/text → shell:search/text → shell:search/text,1643,0.04790366785235291,34298
vendor,ALL,claude,full_stream,hybrid_shell,4,4,shell:git/repository → shell:git/repository → shell:git/repository → shell:git/repository,1110,0.03236340311388419,34298
vendor,ALL,claude,full_stream,hybrid_shell,4,5,search → search → search → search,879,0.025628316519913697,34298
vendor,ALL,claude,full_stream,hybrid_shell,4,6,read → edit → read → edit,662,0.019301416992244445,34298
vendor,ALL,claude,full_stream,hybrid_shell,4,7,edit → read → edit → read,539,0.01571520205259782,34298
vendor,ALL,claude,full_stream,hybrid_shell,4,8,read → edit → edit → edit,508,0.014811359262930783,34298
vendor,ALL,claude,full_stream,hybrid_shell,4,9,edit → edit → read → edit,394,0.011487550294477813,34298
vendor,ALL,claude,full_stream,hybrid_shell,4,10,fetch → fetch → fetch → fetch,394,0.011487550294477813,34298
vendor,ALL,claude,full_stream,hybrid_shell,4,11,read → read → edit → edit,357,0.010408770190681673,34298
vendor,ALL,claude,full_stream,hybrid_shell,4,12,edit → read → edit → edit,338,0.009854802029272844,34298
vendor,ALL,claude,full_stream,hybrid_shell,4,13,edit → edit → edit → read,326,0.009504927401014636,34298
vendor,ALL,claude,full_stream,hybrid_shell,4,14,shell:search/text → shell:search/text → shell:search/text → read,322,0.009388302524928567,34298
vendor,ALL,claude,full_stream,hybrid_shell,4,15,shell:filesystem/navigation → shell:filesystem/navigation → shell:filesystem/navigation → shell:filesystem/navigation,321,0.00935914630590705,34298
vendor,ALL,claude,full_stream,hybrid_shell,4,16,shell:search/text → read → read → read,303,0.00883433436351974,34298
vendor,ALL,claude,full_stream,hybrid_shell,4,17,read → read → read → shell:search/text,271,0.007901335354831186,34298
vendor,ALL,claude,full_stream,hybrid_shell,4,18,read → read → read → edit,269,0.00784302291678815,34298
vendor,ALL,claude,full_stream,hybrid_shell,4,19,read → shell:search/text → shell:search/text → shell:search/text,265,0.007726398040702082,34298
vendor,ALL,claude,full_stream,hybrid_shell,4,20,shell:search/text → shell:search/text → read → read,265,0.007726398040702082,34298
vendor,ALL,claude,full_stream,hybrid_shell,4,21,read → edit → edit → read,228,0.006647617936905942,34298
vendor,ALL,claude,full_stream,hybrid_shell,4,22,read → read → shell:search/text → shell:search/text,227,0.006618461717884425,34298
vendor,ALL,claude,full_stream,hybrid_shell,4,23,edit → edit → edit → shell:search/text,221,0.006443524403755321,34298
vendor,ALL,claude,full_stream,hybrid_shell,4,24,edit → read → read → edit,216,0.006297743308647735,34298
vendor,ALL,claude,full_stream,hybrid_shell,4,25,read → edit → read → read,195,0.005685462709195872,34298
vendor,ALL,claude,full_stream,hybrid_shell,4,26,read → read → edit → read,195,0.005685462709195872,34298
vendor,ALL,claude,full_stream,hybrid_shell,4,27,shell:search/text → read → shell:search/text → shell:search/text,189,0.005510525395066768,34298
vendor,ALL,claude,full_stream,hybrid_shell,4,28,shell:search/text → shell:search/text → read → shell:search/text,182,0.0053064318619161464,34298
vendor,ALL,claude,full_stream,hybrid_shell,4,29,edit → shell:search/text → read → edit,176,0.005131494547787043,34298
vendor,ALL,claude,full_stream,hybrid_shell,4,30,read → read → shell:search/text → read,167,0.004869088576593387,34298
vendor,ALL,claude,full_stream,tool_family,2,1,shell → shell,10391,0.2890564148214087,35948
vendor,ALL,claude,full_stream,tool_family,2,2,edit → edit,5087,0.14150995882942027,35948
vendor,ALL,claude,full_stream,tool_family,2,3,read → read,4365,0.12142539223322577,35948
vendor,ALL,claude,full_stream,tool_family,2,4,read → edit,2482,0.06904417491932792,35948
vendor,ALL,claude,full_stream,tool_family,2,5,shell → read,2341,0.06512184266162234,35948
vendor,ALL,claude,full_stream,tool_family,2,6,edit → read,1625,0.045204183821074884,35948
vendor,ALL,claude,full_stream,tool_family,2,7,read → shell,1621,0.04509291198397686,35948
vendor,ALL,claude,full_stream,tool_family,2,8,edit → shell,1481,0.04119839768554579,35948
vendor,ALL,claude,full_stream,tool_family,2,9,search → search,1426,0.039668409925447866,35948
vendor,ALL,claude,full_stream,tool_family,2,10,fetch → fetch,818,0.022755090686547234,35948
vendor,ALL,claude,full_stream,tool_family,2,11,shell → edit,667,0.018554578836096583,35948
vendor,ALL,claude,full_stream,tool_family,2,12,task → task,350,0.009736285746077667,35948
vendor,ALL,claude,full_stream,tool_family,2,13,search → fetch,309,0.008595749415822855,35948
vendor,ALL,claude,full_stream,tool_family,2,14,fetch → search,286,0.00795593635250918,35948
vendor,ALL,claude,full_stream,tool_family,2,15,write → shell,244,0.0067875820629798595,35948
vendor,ALL,claude,full_stream,tool_family,2,16,write → write,225,0.006259040836764215,35948
vendor,ALL,claude,full_stream,tool_family,2,17,shell → write,197,0.005480137977078001,35948
vendor,ALL,claude,full_stream,tool_family,2,18,read → write,189,0.005257594302881941,35948
vendor,ALL,claude,full_stream,tool_family,2,19,task → read,188,0.005229776343607433,35948
vendor,ALL,claude,full_stream,tool_family,2,20,shell → task,168,0.004673417158117281,35948
vendor,ALL,claude,full_stream,tool_family,2,21,tool discovery → search,152,0.004228329809725159,35948
vendor,ALL,claude,full_stream,tool_family,2,22,task → shell,142,0.003950150216980083,35948
vendor,ALL,claude,full_stream,tool_family,2,23,tool discovery → fetch,92,0.002559252253254701,35948
vendor,ALL,claude,full_stream,tool_family,2,24,write → read,72,0.0020028930677645487,35948
vendor,ALL,claude,full_stream,tool_family,2,25,edit → task,60,0.0016690775564704573,35948
vendor,ALL,claude,full_stream,tool_family,2,26,write → task,49,0.0013630800044508735,35948
vendor,ALL,claude,full_stream,tool_family,2,27,read → task,48,0.001335262045176366,35948
vendor,ALL,claude,full_stream,tool_family,2,28,skill → read,41,0.0011405363302548126,35948
vendor,ALL,claude,full_stream,tool_family,2,29,write → edit,39,0.0010849004117057972,35948
vendor,ALL,claude,full_stream,tool_family,2,30,task → edit,38,0.0010570824524312897,35948
vendor,ALL,claude,full_stream,tool_family,3,1,shell → shell → shell,8124,0.23138706921105098,35110
vendor,ALL,claude,full_stream,tool_family,3,2,edit → edit → edit,3789,0.1079179720877243,35110
vendor,ALL,claude,full_stream,tool_family,3,3,read → read → read,2673,0.07613215608088864,35110
vendor,ALL,claude,full_stream,tool_family,3,4,shell → shell → read,1356,0.038621475363144406,35110
vendor,ALL,claude,full_stream,tool_family,3,5,edit → read → edit,1124,0.03201367131871262,35110
vendor,ALL,claude,full_stream,tool_family,3,6,search → search → search,1088,0.030988322415266306,35110
vendor,ALL,claude,full_stream,tool_family,3,7,shell → read → read,972,0.027684420393050413,35110
vendor,ALL,claude,full_stream,tool_family,3,8,read → shell → shell,953,0.02714326402734264,35110
vendor,ALL,claude,full_stream,tool_family,3,9,read → edit → edit,920,0.026203360865850185,35110
vendor,ALL,claude,full_stream,tool_family,3,10,read → edit → read,916,0.026089433209911705,35110
vendor,ALL,claude,full_stream,tool_family,3,11,edit → shell → shell,739,0.02104813443463401,35110
vendor,ALL,claude,full_stream,tool_family,3,12,read → read → shell,731,0.020820279122757048,35110
vendor,ALL,claude,full_stream,tool_family,3,13,read → read → edit,685,0.01951011107946454,35110
vendor,ALL,claude,full_stream,tool_family,3,14,shell → read → shell,685,0.01951011107946454,35110
vendor,ALL,claude,full_stream,tool_family,3,15,edit → edit → shell,618,0.017601822842495014,35110
vendor,ALL,claude,full_stream,tool_family,3,16,read → edit → shell,601,0.01711763030475648,35110
vendor,ALL,claude,full_stream,tool_family,3,17,edit → edit → read,598,0.01703218456280262,35110
vendor,ALL,claude,full_stream,tool_family,3,18,shell → read → edit,556,0.01583594417544859,35110
vendor,ALL,claude,full_stream,tool_family,3,19,fetch → fetch → fetch,549,0.01563657077755625,35110
vendor,ALL,claude,full_stream,tool_family,3,20,read → shell → read,490,0.013956137852463685,35110
vendor,ALL,claude,full_stream,tool_family,3,21,edit → read → read,369,0.010509826260324694,35110
vendor,ALL,claude,full_stream,tool_family,3,22,edit → shell → read,354,0.010082597550555397,35110
vendor,ALL,claude,full_stream,tool_family,3,23,shell → edit → edit,316,0.009000284819139847,35110
vendor,ALL,claude,full_stream,tool_family,3,24,shell → shell → edit,288,0.008202791227570493,35110
vendor,ALL,claude,full_stream,tool_family,3,25,edit → shell → edit,283,0.008060381657647393,35110
vendor,ALL,claude,full_stream,tool_family,3,26,shell → edit → shell,243,0.006921105098262603,35110
vendor,ALL,claude,full_stream,tool_family,3,27,task → task → task,214,0.00609512959270863,35110
vendor,ALL,claude,full_stream,tool_family,3,28,search → fetch → fetch,207,0.005895756194816292,35110
vendor,ALL,claude,full_stream,tool_family,3,29,search → search → fetch,205,0.0058387923668470525,35110
vendor,ALL,claude,full_stream,tool_family,3,30,fetch → fetch → search,167,0.004756479635431501,35110
vendor,ALL,claude,full_stream,tool_family,4,1,shell → shell → shell → shell,6617,0.19292670126537992,34298
vendor,ALL,claude,full_stream,tool_family,4,2,edit → edit → edit → edit,3055,0.08907224911073532,34298
vendor,ALL,claude,full_stream,tool_family,4,3,read → read → read → read,1833,0.05344334946644119,34298
vendor,ALL,claude,full_stream,tool_family,4,4,shell → shell → shell → read,897,0.026153128462301008,34298
vendor,ALL,claude,full_stream,tool_family,4,5,search → search → search → search,879,0.025628316519913697,34298
vendor,ALL,claude,full_stream,tool_family,4,6,read → edit → read → edit,662,0.019301416992244445,34298
vendor,ALL,claude,full_stream,tool_family,4,7,read → shell → shell → shell,619,0.018047699574319204,34298
vendor,ALL,claude,full_stream,tool_family,4,8,shell → shell → read → read,580,0.016910607032480027,34298
vendor,ALL,claude,full_stream,tool_family,4,9,edit → read → edit → read,539,0.01571520205259782,34298
vendor,ALL,claude,full_stream,tool_family,4,10,read → edit → edit → edit,508,0.014811359262930783,34298
vendor,ALL,claude,full_stream,tool_family,4,11,shell → read → read → read,494,0.014403172196629541,34298
vendor,ALL,claude,full_stream,tool_family,4,12,edit → shell → shell → shell,482,0.014053297568371334,34298
vendor,ALL,claude,full_stream,tool_family,4,13,shell → shell → read → shell,445,0.012974517464575194,34298
vendor,ALL,claude,full_stream,tool_family,4,14,shell → read → shell → shell,421,0.012274768208058779,34298
vendor,ALL,claude,full_stream,tool_family,4,15,read → read → shell → shell,415,0.012099830893929676,34298
vendor,ALL,claude,full_stream,tool_family,4,16,read → read → read → shell,411,0.011983206017843607,34298
vendor,ALL,claude,full_stream,tool_family,4,17,edit → edit → read → edit,394,0.011487550294477813,34298
vendor,ALL,claude,full_stream,tool_family,4,18,fetch → fetch → fetch → fetch,394,0.011487550294477813,34298
vendor,ALL,claude,full_stream,tool_family,4,19,read → read → edit → edit,357,0.010408770190681673,34298
vendor,ALL,claude,full_stream,tool_family,4,20,edit → edit → edit → shell,356,0.010379613971660154,34298
vendor,ALL,claude,full_stream,tool_family,4,21,edit → read → edit → edit,338,0.009854802029272844,34298
vendor,ALL,claude,full_stream,tool_family,4,22,edit → edit → edit → read,326,0.009504927401014636,34298
vendor,ALL,claude,full_stream,tool_family,4,23,edit → edit → shell → shell,313,0.009125896553734912,34298
vendor,ALL,claude,full_stream,tool_family,4,24,read → edit → shell → shell,294,0.008571928392326083,34298
vendor,ALL,claude,full_stream,tool_family,4,25,read → read → read → edit,269,0.00784302291678815,34298
vendor,ALL,claude,full_stream,tool_family,4,26,shell → shell → read → edit,267,0.007784710478745117,34298
vendor,ALL,claude,full_stream,tool_family,4,27,shell → read → read → shell,244,0.007114117441250218,34298
vendor,ALL,claude,full_stream,tool_family,4,28,read → read → shell → read,234,0.006822555251035046,34298
vendor,ALL,claude,full_stream,tool_family,4,29,read → shell → shell → read,234,0.006822555251035046,34298
vendor,ALL,claude,full_stream,tool_family,4,30,edit → read → edit → shell,233,0.006793399032013528,34298
vendor,ALL,claude,same_prompt,hybrid_shell,2,1,edit → edit,4640,0.14717543692707838,31527
vendor,ALL,claude,same_prompt,hybrid_shell,2,2,read → read,3964,0.125733498271323,31527
vendor,ALL,claude,same_prompt,hybrid_shell,2,3,shell:search/text → shell:search/text,3487,0.11060360960446601,31527
vendor,ALL,claude,same_prompt,hybrid_shell,2,4,read → edit,2114,0.06705363656548355,31527
vendor,ALL,claude,same_prompt,hybrid_shell,2,5,shell:git/repository → shell:git/repository,1739,0.055159070003489075,31527
vendor,ALL,claude,same_prompt,hybrid_shell,2,6,search → search,1423,0.04513591524724839,31527
vendor,ALL,claude,same_prompt,hybrid_shell,2,7,shell:search/text → read,1292,0.040980746661591655,31527
vendor,ALL,claude,same_prompt,hybrid_shell,2,8,edit → read,1130,0.035842293906810034,31527
vendor,ALL,claude,same_prompt,hybrid_shell,2,9,shell:filesystem/navigation → shell:filesystem/navigation,1015,0.032194626827798396,31527
vendor,ALL,claude,same_prompt,hybrid_shell,2,10,read → shell:search/text,945,0.029974307736226093,31527
vendor,ALL,claude,same_prompt,hybrid_shell,2,11,fetch → fetch,817,0.02591429568306531,31527
vendor,ALL,claude,same_prompt,hybrid_shell,2,12,edit → shell:search/text,731,0.023186475084847908,31527
vendor,ALL,claude,same_prompt,hybrid_shell,2,13,shell:filesystem/navigation → shell:search/text,429,0.013607384146921687,31527
vendor,ALL,claude,same_prompt,hybrid_shell,2,14,shell:search/text → shell:filesystem/navigation,420,0.013321914549433819,31527
vendor,ALL,claude,same_prompt,hybrid_shell,2,15,shell:filesystem/navigation → read,395,0.012528943445300852,31527
vendor,ALL,claude,same_prompt,hybrid_shell,2,16,read → shell:filesystem/navigation,358,0.011355346211184064,31527
vendor,ALL,claude,same_prompt,hybrid_shell,2,17,shell:search/text → edit,337,0.010689250483712373,31527
vendor,ALL,claude,same_prompt,hybrid_shell,2,18,task → task,311,0.00986456053541409,31527
vendor,ALL,claude,same_prompt,hybrid_shell,2,19,search → fetch,308,0.009769404002918133,31527
vendor,ALL,claude,same_prompt,hybrid_shell,2,20,fetch → search,285,0.009039870587115806,31527
vendor,ALL,claude,same_prompt,hybrid_shell,2,21,write → write,203,0.006438925365559679,31527
vendor,ALL,claude,same_prompt,hybrid_shell,2,22,shell:git/repository → shell:filesystem/navigation,175,0.0055507977289307574,31527
vendor,ALL,claude,same_prompt,hybrid_shell,2,23,shell:filesystem/navigation → shell:git/repository,169,0.005360484663938846,31527
vendor,ALL,claude,same_prompt,hybrid_shell,2,24,shell:git/repository → shell:search/text,163,0.005170171598946934,31527
vendor,ALL,claude,same_prompt,hybrid_shell,2,25,shell:search/text → shell:data/analysis/runtime,156,0.004948139689789704,31527
vendor,ALL,claude,same_prompt,hybrid_shell,2,26,edit → shell:build/check,152,0.00482126431312843,31527
vendor,ALL,claude,same_prompt,hybrid_shell,2,27,tool discovery → search,152,0.00482126431312843,31527
vendor,ALL,claude,same_prompt,hybrid_shell,2,28,read → write,148,0.004694388936467155,31527
vendor,ALL,claude,same_prompt,hybrid_shell,2,29,edit → shell:filesystem/navigation,140,0.0044406381831446065,31527
vendor,ALL,claude,same_prompt,hybrid_shell,2,30,shell:search/text → shell:git/repository,140,0.0044406381831446065,31527
vendor,ALL,claude,same_prompt,hybrid_shell,3,1,edit → edit → edit,3407,0.1230941542018932,27678
vendor,ALL,claude,same_prompt,hybrid_shell,3,2,read → read → read,2342,0.0846159404581256,27678
vendor,ALL,claude,same_prompt,hybrid_shell,3,3,shell:search/text → shell:search/text → shell:search/text,2160,0.0780403208324301,27678
vendor,ALL,claude,same_prompt,hybrid_shell,3,4,shell:git/repository → shell:git/repository → shell:git/repository,1213,0.0438254209119156,27678
vendor,ALL,claude,same_prompt,hybrid_shell,3,5,search → search → search,1085,0.039200809307030855,27678
vendor,ALL,claude,same_prompt,hybrid_shell,3,6,edit → read → edit,765,0.02763928029481899,27678
vendor,ALL,claude,same_prompt,hybrid_shell,3,7,read → edit → edit,656,0.023701134475034323,27678
vendor,ALL,claude,same_prompt,hybrid_shell,3,8,read → edit → read,561,0.020268805549533926,27678
vendor,ALL,claude,same_prompt,hybrid_shell,3,9,fetch → fetch → fetch,548,0.01979911843341282,27678
vendor,ALL,claude,same_prompt,hybrid_shell,3,10,shell:filesystem/navigation → shell:filesystem/navigation → shell:filesystem/navigation,517,0.018679095310354794,27678
vendor,ALL,claude,same_prompt,hybrid_shell,3,11,shell:search/text → shell:search/text → read,506,0.01828166775056001,27678
vendor,ALL,claude,same_prompt,hybrid_shell,3,12,shell:search/text → read → read,461,0.016655827733217717,27678
vendor,ALL,claude,same_prompt,hybrid_shell,3,13,read → read → edit,448,0.01618614061709661,27678
vendor,ALL,claude,same_prompt,hybrid_shell,3,14,read → shell:search/text → shell:search/text,432,0.015608064166486017,27678
vendor,ALL,claude,same_prompt,hybrid_shell,3,15,read → read → shell:search/text,426,0.015391285497507045,27678
vendor,ALL,claude,same_prompt,hybrid_shell,3,16,edit → edit → read,361,0.01304284991690151,27678
vendor,ALL,claude,same_prompt,hybrid_shell,3,17,shell:search/text → read → shell:search/text,314,0.011344750343232892,27678
vendor,ALL,claude,same_prompt,hybrid_shell,3,18,read → shell:search/text → read,309,0.011164101452417082,27678
vendor,ALL,claude,same_prompt,hybrid_shell,3,19,edit → edit → shell:search/text,299,0.010802803670785462,27678
vendor,ALL,claude,same_prompt,hybrid_shell,3,20,shell:search/text → read → edit,264,0.009538261435074788,27678
vendor,ALL,claude,same_prompt,hybrid_shell,3,21,read → edit → shell:search/text,255,0.009213093431606329,27678
vendor,ALL,claude,same_prompt,hybrid_shell,3,22,search → fetch → fetch,206,0.007442734301611388,27678
vendor,ALL,claude,same_prompt,hybrid_shell,3,23,search → search → fetch,205,0.007406604523448226,27678
vendor,ALL,claude,same_prompt,hybrid_shell,3,24,edit → read → read,199,0.0071898258544692535,27678
vendor,ALL,claude,same_prompt,hybrid_shell,3,25,shell:filesystem/navigation → read → read,188,0.00679239829467447,27678
vendor,ALL,claude,same_prompt,hybrid_shell,3,26,shell:filesystem/navigation → shell:search/text → shell:search/text,178,0.00643110051304285,27678
vendor,ALL,claude,same_prompt,hybrid_shell,3,27,edit → shell:search/text → shell:search/text,176,0.006358840956716526,27678
vendor,ALL,claude,same_prompt,hybrid_shell,3,28,task → task → task,176,0.006358840956716526,27678
vendor,ALL,claude,same_prompt,hybrid_shell,3,29,shell:search/text → shell:search/text → shell:filesystem/navigation,170,0.006142062287737554,27678
vendor,ALL,claude,same_prompt,hybrid_shell,3,30,fetch → fetch → search,166,0.005997543175084905,27678
vendor,ALL,claude,same_prompt,hybrid_shell,4,1,edit → edit → edit → edit,2726,0.10990605975083659,24803
vendor,ALL,claude,same_prompt,hybrid_shell,4,2,read → read → read → read,1587,0.06398419546022659,24803
vendor,ALL,claude,same_prompt,hybrid_shell,4,3,shell:search/text → shell:search/text → shell:search/text → shell:search/text,1498,0.060395919848405435,24803
vendor,ALL,claude,same_prompt,hybrid_shell,4,4,shell:git/repository → shell:git/repository → shell:git/repository → shell:git/repository,934,0.03765673507237028,24803
vendor,ALL,claude,same_prompt,hybrid_shell,4,5,search → search → search → search,877,0.0353586259726646,24803
vendor,ALL,claude,same_prompt,hybrid_shell,4,6,read → edit → read → edit,417,0.016812482361004716,24803
vendor,ALL,claude,same_prompt,hybrid_shell,4,7,fetch → fetch → fetch → fetch,393,0.015844857476918113,24803
vendor,ALL,claude,same_prompt,hybrid_shell,4,8,read → edit → edit → edit,350,0.014111196226262952,24803
vendor,ALL,claude,same_prompt,hybrid_shell,4,9,edit → read → edit → read,315,0.012700076603636657,24803
vendor,ALL,claude,same_prompt,hybrid_shell,4,10,shell:filesystem/navigation → shell:filesystem/navigation → shell:filesystem/navigation → shell:filesystem/navigation,296,0.011934040237068096,24803
vendor,ALL,claude,same_prompt,hybrid_shell,4,11,shell:search/text → shell:search/text → shell:search/text → read,248,0.009998790468894892,24803
vendor,ALL,claude,same_prompt,hybrid_shell,4,12,read → read → read → shell:search/text,232,0.009353707212837157,24803
vendor,ALL,claude,same_prompt,hybrid_shell,4,13,read → shell:search/text → shell:search/text → shell:search/text,232,0.009353707212837157,24803
vendor,ALL,claude,same_prompt,hybrid_shell,4,14,edit → edit → read → edit,231,0.009313389509333548,24803
vendor,ALL,claude,same_prompt,hybrid_shell,4,15,read → read → edit → edit,230,0.00927307180582994,24803
vendor,ALL,claude,same_prompt,hybrid_shell,4,16,shell:search/text → read → read → read,222,0.008950530177801072,24803
vendor,ALL,claude,same_prompt,hybrid_shell,4,17,edit → edit → edit → read,200,0.008063540700721687,24803
vendor,ALL,claude,same_prompt,hybrid_shell,4,18,read → read → shell:search/text → shell:search/text,199,0.008023222997218079,24803
vendor,ALL,claude,same_prompt,hybrid_shell,4,19,shell:search/text → shell:search/text → read → read,194,0.007821634479700036,24803
vendor,ALL,claude,same_prompt,hybrid_shell,4,20,edit → read → edit → edit,186,0.007499092851671169,24803
vendor,ALL,claude,same_prompt,hybrid_shell,4,21,edit → edit → edit → shell:search/text,176,0.007095915816635085,24803
vendor,ALL,claude,same_prompt,hybrid_shell,4,22,shell:search/text → read → shell:search/text → shell:search/text,161,0.006491150264080958,24803
vendor,ALL,claude,same_prompt,hybrid_shell,4,23,shell:search/text → shell:search/text → read → shell:search/text,158,0.0063701971535701325,24803
vendor,ALL,claude,same_prompt,hybrid_shell,4,24,read → read → shell:search/text → read,149,0.0060073378220376564,24803
vendor,ALL,claude,same_prompt,hybrid_shell,4,25,search → search → fetch → fetch,149,0.0060073378220376564,24803
vendor,ALL,claude,same_prompt,hybrid_shell,4,26,read → read → read → edit,148,0.005967020118534048,24803
vendor,ALL,claude,same_prompt,hybrid_shell,4,27,read → shell:search/text → read → read,131,0.005281619158972705,24803
vendor,ALL,claude,same_prompt,hybrid_shell,4,28,read → edit → edit → read,120,0.004838124420433012,24803
vendor,ALL,claude,same_prompt,hybrid_shell,4,29,search → fetch → fetch → fetch,120,0.004838124420433012,24803
vendor,ALL,claude,same_prompt,hybrid_shell,4,30,search → search → search → fetch,120,0.004838124420433012,24803
vendor,ALL,claude,same_prompt,tool_family,2,1,shell → shell,9454,0.2998699527389222,31527
vendor,ALL,claude,same_prompt,tool_family,2,2,edit → edit,4640,0.14717543692707838,31527
vendor,ALL,claude,same_prompt,tool_family,2,3,read → read,3964,0.125733498271323,31527
vendor,ALL,claude,same_prompt,tool_family,2,4,read → edit,2114,0.06705363656548355,31527
vendor,ALL,claude,same_prompt,tool_family,2,5,shell → read,1931,0.06124908808323025,31527
vendor,ALL,claude,same_prompt,tool_family,2,6,read → shell,1446,0.04586544866305072,31527
vendor,ALL,claude,same_prompt,tool_family,2,7,search → search,1423,0.04513591524724839,31527
vendor,ALL,claude,same_prompt,tool_family,2,8,edit → shell,1185,0.03758683033590256,31527
vendor,ALL,claude,same_prompt,tool_family,2,9,edit → read,1130,0.035842293906810034,31527
vendor,ALL,claude,same_prompt,tool_family,2,10,fetch → fetch,817,0.02591429568306531,31527
vendor,ALL,claude,same_prompt,tool_family,2,11,shell → edit,506,0.01604973514765122,31527
vendor,ALL,claude,same_prompt,tool_family,2,12,task → task,311,0.00986456053541409,31527
vendor,ALL,claude,same_prompt,tool_family,2,13,search → fetch,308,0.009769404002918133,31527
vendor,ALL,claude,same_prompt,tool_family,2,14,fetch → search,285,0.009039870587115806,31527
vendor,ALL,claude,same_prompt,tool_family,2,15,write → write,203,0.006438925365559679,31527
vendor,ALL,claude,same_prompt,tool_family,2,16,write → shell,195,0.00618517461223713,31527
vendor,ALL,claude,same_prompt,tool_family,2,17,shell → write,161,0.005106733910616297,31527
vendor,ALL,claude,same_prompt,tool_family,2,18,tool discovery → search,152,0.00482126431312843,31527
vendor,ALL,claude,same_prompt,tool_family,2,19,read → write,148,0.004694388936467155,31527
vendor,ALL,claude,same_prompt,tool_family,2,20,shell → task,114,0.0036159482348463224,31527
vendor,ALL,claude,same_prompt,tool_family,2,21,tool discovery → fetch,91,0.002886414819043994,31527
vendor,ALL,claude,same_prompt,tool_family,2,22,task → read,89,0.0028229771307133568,31527
vendor,ALL,claude,same_prompt,tool_family,2,23,task → shell,65,0.00206172487074571,31527
vendor,ALL,claude,same_prompt,tool_family,2,24,write → read,42,0.001332191454943382,31527
vendor,ALL,claude,same_prompt,tool_family,2,25,write → task,41,0.0013004726107780633,31527
vendor,ALL,claude,same_prompt,tool_family,2,26,skill → read,39,0.001237034922447426,31527
vendor,ALL,claude,same_prompt,tool_family,2,27,search → tool discovery,33,0.0010467218574555144,31527
vendor,ALL,claude,same_prompt,tool_family,2,28,fetch → other,29,0.0009198464807942398,31527
vendor,ALL,claude,same_prompt,tool_family,2,29,search → shell,29,0.0009198464807942398,31527
vendor,ALL,claude,same_prompt,tool_family,2,30,shell → search,27,0.0008564087924636027,31527
vendor,ALL,claude,same_prompt,tool_family,3,1,shell → shell → shell,6886,0.24878965243153406,27678
vendor,ALL,claude,same_prompt,tool_family,3,2,edit → edit → edit,3407,0.1230941542018932,27678
vendor,ALL,claude,same_prompt,tool_family,3,3,read → read → read,2342,0.0846159404581256,27678
vendor,ALL,claude,same_prompt,tool_family,3,4,search → search → search,1085,0.039200809307030855,27678
vendor,ALL,claude,same_prompt,tool_family,3,5,shell → shell → read,1017,0.03674398439193583,27678
vendor,ALL,claude,same_prompt,tool_family,3,6,read → shell → shell,801,0.028939952308692826,27678
vendor,ALL,claude,same_prompt,tool_family,3,7,edit → read → edit,765,0.02763928029481899,27678
vendor,ALL,claude,same_prompt,tool_family,3,8,shell → read → read,730,0.026374738059108317,27678
vendor,ALL,claude,same_prompt,tool_family,3,9,read → edit → edit,656,0.023701134475034323,27678
vendor,ALL,claude,same_prompt,tool_family,3,10,read → read → shell,624,0.022544981573813138,27678
vendor,ALL,claude,same_prompt,tool_family,3,11,shell → read → shell,582,0.02102753089096033,27678
vendor,ALL,claude,same_prompt,tool_family,3,12,read → edit → read,561,0.020268805549533926,27678
vendor,ALL,claude,same_prompt,tool_family,3,13,fetch → fetch → fetch,548,0.01979911843341282,27678
vendor,ALL,claude,same_prompt,tool_family,3,14,edit → shell → shell,492,0.017775850856275744,27678
vendor,ALL,claude,same_prompt,tool_family,3,15,edit → edit → shell,453,0.01636678950791242,27678
vendor,ALL,claude,same_prompt,tool_family,3,16,read → read → edit,448,0.01618614061709661,27678
vendor,ALL,claude,same_prompt,tool_family,3,17,read → shell → read,431,0.015571934388322856,27678
vendor,ALL,claude,same_prompt,tool_family,3,18,read → edit → shell,424,0.015319025941180722,27678
vendor,ALL,claude,same_prompt,tool_family,3,19,edit → edit → read,361,0.01304284991690151,27678
vendor,ALL,claude,same_prompt,tool_family,3,20,shell → read → edit,353,0.012753811691596213,27678
vendor,ALL,claude,same_prompt,tool_family,3,21,shell → edit → edit,232,0.008382108533853603,27678
vendor,ALL,claude,same_prompt,tool_family,3,22,search → fetch → fetch,206,0.007442734301611388,27678
vendor,ALL,claude,same_prompt,tool_family,3,23,search → search → fetch,205,0.007406604523448226,27678
vendor,ALL,claude,same_prompt,tool_family,3,24,edit → read → read,199,0.0071898258544692535,27678
vendor,ALL,claude,same_prompt,tool_family,3,25,shell → shell → edit,187,0.006756268516511309,27678
vendor,ALL,claude,same_prompt,tool_family,3,26,edit → shell → read,179,0.006467230291206012,27678
vendor,ALL,claude,same_prompt,tool_family,3,27,task → task → task,176,0.006358840956716526,27678
vendor,ALL,claude,same_prompt,tool_family,3,28,fetch → fetch → search,166,0.005997543175084905,27678
vendor,ALL,claude,same_prompt,tool_family,3,29,edit → shell → edit,159,0.0057446347279427705,27678
vendor,ALL,claude,same_prompt,tool_family,3,30,shell → edit → shell,157,0.005672375171616446,27678
vendor,ALL,claude,same_prompt,tool_family,4,1,shell → shell → shell → shell,5352,0.21578034915131233,24803
vendor,ALL,claude,same_prompt,tool_family,4,2,edit → edit → edit → edit,2726,0.10990605975083659,24803
vendor,ALL,claude,same_prompt,tool_family,4,3,read → read → read → read,1587,0.06398419546022659,24803
vendor,ALL,claude,same_prompt,tool_family,4,4,search → search → search → search,877,0.0353586259726646,24803
vendor,ALL,claude,same_prompt,tool_family,4,5,shell → shell → shell → read,593,0.023908398177639803,24803
vendor,ALL,claude,same_prompt,tool_family,4,6,read → shell → shell → shell,498,0.020078216344797,24803
vendor,ALL,claude,same_prompt,tool_family,4,7,read → edit → read → edit,417,0.016812482361004716,24803
vendor,ALL,claude,same_prompt,tool_family,4,8,shell → shell → read → read,408,0.01644962302947224,24803
vendor,ALL,claude,same_prompt,tool_family,4,9,fetch → fetch → fetch → fetch,393,0.015844857476918113,24803
vendor,ALL,claude,same_prompt,tool_family,4,10,shell → shell → read → shell,351,0.01415151392976656,24803
vendor,ALL,claude,same_prompt,tool_family,4,11,read → edit → edit → edit,350,0.014111196226262952,24803
vendor,ALL,claude,same_prompt,tool_family,4,12,shell → read → read → read,350,0.014111196226262952,24803
vendor,ALL,claude,same_prompt,tool_family,4,13,read → read → read → shell,341,0.013748336894730475,24803
vendor,ALL,claude,same_prompt,tool_family,4,14,read → read → shell → shell,339,0.013667701487723258,24803
vendor,ALL,claude,same_prompt,tool_family,4,15,shell → read → shell → shell,337,0.013587066080716042,24803
vendor,ALL,claude,same_prompt,tool_family,4,16,edit → read → edit → read,315,0.012700076603636657,24803
vendor,ALL,claude,same_prompt,tool_family,4,17,edit → shell → shell → shell,293,0.011813087126557272,24803
vendor,ALL,claude,same_prompt,tool_family,4,18,edit → edit → edit → shell,260,0.010482602910938194,24803
vendor,ALL,claude,same_prompt,tool_family,4,19,edit → edit → read → edit,231,0.009313389509333548,24803
vendor,ALL,claude,same_prompt,tool_family,4,20,read → read → edit → edit,230,0.00927307180582994,24803
vendor,ALL,claude,same_prompt,tool_family,4,21,read → read → shell → read,206,0.008305446921743337,24803
vendor,ALL,claude,same_prompt,tool_family,4,22,shell → read → read → shell,204,0.00822481151473612,24803
vendor,ALL,claude,same_prompt,tool_family,4,23,edit → edit → edit → read,200,0.008063540700721687,24803
vendor,ALL,claude,same_prompt,tool_family,4,24,read → shell → shell → read,191,0.007700681369189211,24803
vendor,ALL,claude,same_prompt,tool_family,4,25,read → shell → read → read,190,0.007660363665685603,24803
vendor,ALL,claude,same_prompt,tool_family,4,26,edit → edit → shell → shell,188,0.007579728258678386,24803
vendor,ALL,claude,same_prompt,tool_family,4,27,edit → read → edit → edit,186,0.007499092851671169,24803
vendor,ALL,claude,same_prompt,tool_family,4,28,read → edit → shell → shell,173,0.006974962706124259,24803
vendor,ALL,claude,same_prompt,tool_family,4,29,shell → read → shell → read,158,0.0063701971535701325,24803
vendor,ALL,claude,same_prompt,tool_family,4,30,read → shell → read → shell,155,0.006249244043059307,24803
vendor,ALL,codex,full_stream,hybrid_shell,2,1,shell:search/text → shell:search/text,36792,0.25657619459399145,143396
vendor,ALL,codex,full_stream,hybrid_shell,2,2,shell:git/repository → shell:git/repository,8933,0.0622960194147675,143396
vendor,ALL,codex,full_stream,hybrid_shell,2,3,wait/control → wait/control,6751,0.04707941644118385,143396
vendor,ALL,codex,full_stream,hybrid_shell,2,4,edit → edit,4479,0.03123518089765405,143396
vendor,ALL,codex,full_stream,hybrid_shell,2,5,coordination → coordination,3795,0.02646517336606321,143396
vendor,ALL,codex,full_stream,hybrid_shell,2,6,shell:other → wait/control,3790,0.02643030488995509,143396
vendor,ALL,codex,full_stream,hybrid_shell,2,7,shell:git/repository → shell:search/text,3673,0.025614382549025077,143396
vendor,ALL,codex,full_stream,hybrid_shell,2,8,shell:other → shell:other,3668,0.02557951407291696,143396
vendor,ALL,codex,full_stream,hybrid_shell,2,9,shell:search/text → shell:git/repository,3298,0.022999246840916063,143396
vendor,ALL,codex,full_stream,hybrid_shell,2,10,shell:search/text → edit,3279,0.02286674663170521,143396
vendor,ALL,codex,full_stream,hybrid_shell,2,11,shell:search/text → shell:other,2896,0.020195821361823203,143396
vendor,ALL,codex,full_stream,hybrid_shell,2,12,wait/control → shell:other,2616,0.018243186699768474,143396
vendor,ALL,codex,full_stream,hybrid_shell,2,13,wait/control → shell:search/text,2482,0.017308711540070854,143396
vendor,ALL,codex,full_stream,hybrid_shell,2,14,shell:data/analysis/runtime → shell:data/analysis/runtime,2401,0.016743842227119304,143396
vendor,ALL,codex,full_stream,hybrid_shell,2,15,edit → shell:search/text,2136,0.014895812993388937,143396
vendor,ALL,codex,full_stream,hybrid_shell,2,16,shell:other → shell:search/text,2110,0.014714496917626711,143396
vendor,ALL,codex,full_stream,hybrid_shell,2,17,shell:data/analysis/runtime → shell:search/text,1875,0.013075678540545064,143396
vendor,ALL,codex,full_stream,hybrid_shell,2,18,shell:search/text → shell:data/analysis/runtime,1717,0.011973834695528467,143396
vendor,ALL,codex,full_stream,hybrid_shell,2,19,shell:search/text → wait/control,1331,0.00928198833998159,143396
vendor,ALL,codex,full_stream,hybrid_shell,2,20,shell:data/analysis/runtime → wait/control,1171,0.008166197104521744,143396
vendor,ALL,codex,full_stream,hybrid_shell,2,21,shell:filesystem/navigation → shell:search/text,1153,0.008040670590532512,143396
vendor,ALL,codex,full_stream,hybrid_shell,2,22,shell:search/text → shell:filesystem/navigation,1130,0.007880275600435159,143396
vendor,ALL,codex,full_stream,hybrid_shell,2,23,wait/control → shell:data/analysis/runtime,1110,0.007740801696002678,143396
vendor,ALL,codex,full_stream,hybrid_shell,2,24,coordination → shell:search/text,1084,0.007559485620240453,143396
vendor,ALL,codex,full_stream,hybrid_shell,2,25,shell:test → shell:test,1017,0.007092248040391643,143396
vendor,ALL,codex,full_stream,hybrid_shell,2,26,shell:search/text → coordination,1009,0.0070364584786186506,143396
vendor,ALL,codex,full_stream,hybrid_shell,2,27,edit → shell:data/analysis/runtime,879,0.006129878099807526,143396
vendor,ALL,codex,full_stream,hybrid_shell,2,28,shell:search/text → shell:process/system,828,0.005774219643504701,143396
vendor,ALL,codex,full_stream,hybrid_shell,2,29,shell:other → shell:git/repository,820,0.005718430081731708,143396
vendor,ALL,codex,full_stream,hybrid_shell,2,30,shell:container/orchestration → wait/control,806,0.005620798348628972,143396
vendor,ALL,codex,full_stream,hybrid_shell,3,1,shell:search/text → shell:search/text → shell:search/text,27290,0.1915598545577066,142462
vendor,ALL,codex,full_stream,hybrid_shell,3,2,shell:git/repository → shell:git/repository → shell:git/repository,5624,0.039477193918378235,142462
vendor,ALL,codex,full_stream,hybrid_shell,3,3,wait/control → wait/control → wait/control,4812,0.03377742836686274,142462
vendor,ALL,codex,full_stream,hybrid_shell,3,4,coordination → coordination → coordination,2605,0.018285577908494898,142462
vendor,ALL,codex,full_stream,hybrid_shell,3,5,edit → edit → edit,2558,0.017955665370414566,142462
vendor,ALL,codex,full_stream,hybrid_shell,3,6,shell:search/text → shell:search/text → edit,2240,0.01572349117659446,142462
vendor,ALL,codex,full_stream,hybrid_shell,3,7,wait/control → shell:other → wait/control,2205,0.015477811626960172,142462
vendor,ALL,codex,full_stream,hybrid_shell,3,8,shell:git/repository → shell:search/text → shell:search/text,2139,0.015014530190506942,142462
vendor,ALL,codex,full_stream,hybrid_shell,3,9,shell:other → wait/control → shell:other,2116,0.014853083629318696,142462
vendor,ALL,codex,full_stream,hybrid_shell,3,10,shell:other → shell:other → shell:other,1878,0.013182462691805534,142462
vendor,ALL,codex,full_stream,hybrid_shell,3,11,shell:search/text → shell:search/text → shell:git/repository,1664,0.011680307731184456,142462
vendor,ALL,codex,full_stream,hybrid_shell,3,12,shell:search/text → edit → edit,1464,0.010276424590417093,142462
vendor,ALL,codex,full_stream,hybrid_shell,3,13,shell:git/repository → shell:git/repository → shell:search/text,1428,0.010023725625078968,142462
vendor,ALL,codex,full_stream,hybrid_shell,3,14,shell:search/text → shell:git/repository → shell:git/repository,1240,0.008704075472757648,142462
vendor,ALL,codex,full_stream,hybrid_shell,3,15,shell:search/text → shell:git/repository → shell:search/text,1168,0.008198677542081397,142462
vendor,ALL,codex,full_stream,hybrid_shell,3,16,shell:search/text → shell:search/text → shell:other,1159,0.008135502800746866,142462
vendor,ALL,codex,full_stream,hybrid_shell,3,17,edit → shell:search/text → shell:search/text,1141,0.008009153318077803,142462
vendor,ALL,codex,full_stream,hybrid_shell,3,18,wait/control → shell:search/text → shell:search/text,1048,0.007356347657620979,142462
vendor,ALL,codex,full_stream,hybrid_shell,3,19,edit → edit → shell:search/text,1008,0.0070755710294675075,142462
vendor,ALL,codex,full_stream,hybrid_shell,3,20,shell:other → shell:search/text → shell:search/text,965,0.006773736154202524,142462
vendor,ALL,codex,full_stream,hybrid_shell,3,21,shell:data/analysis/runtime → shell:data/analysis/runtime → shell:data/analysis/runtime,955,0.006703541997164156,142462
vendor,ALL,codex,full_stream,hybrid_shell,3,22,shell:search/text → shell:search/text → shell:data/analysis/runtime,923,0.006478920694641378,142462
vendor,ALL,codex,full_stream,hybrid_shell,3,23,shell:data/analysis/runtime → shell:search/text → shell:search/text,909,0.0063806488747876625,142462
vendor,ALL,codex,full_stream,hybrid_shell,3,24,shell:search/text → edit → shell:search/text,825,0.0057910179556653705,142462
vendor,ALL,codex,full_stream,hybrid_shell,3,25,shell:search/text → shell:other → shell:other,811,0.005692746135811655,142462
vendor,ALL,codex,full_stream,hybrid_shell,3,26,shell:filesystem/navigation → shell:search/text → shell:search/text,744,0.005222445283654589,142462
vendor,ALL,codex,full_stream,hybrid_shell,3,27,shell:other → shell:other → shell:search/text,716,0.005025901643947158,142462
vendor,ALL,codex,full_stream,hybrid_shell,3,28,shell:search/text → shell:other → shell:search/text,698,0.004899552161278096,142462
vendor,ALL,codex,full_stream,hybrid_shell,3,29,shell:other → wait/control → shell:search/text,684,0.00480128034142438,142462
vendor,ALL,codex,full_stream,hybrid_shell,3,30,shell:search/text → shell:search/text → shell:filesystem/navigation,678,0.004759163847201359,142462
vendor,ALL,codex,full_stream,hybrid_shell,4,1,shell:search/text → shell:search/text → shell:search/text → shell:search/text,21515,0.15199576121511832,141550
vendor,ALL,codex,full_stream,hybrid_shell,4,2,wait/control → wait/control → wait/control → wait/control,3900,0.02755210173083716,141550
vendor,ALL,codex,full_stream,hybrid_shell,4,3,shell:git/repository → shell:git/repository → shell:git/repository → shell:git/repository,3802,0.02685976686683151,141550
vendor,ALL,codex,full_stream,hybrid_shell,4,4,coordination → coordination → coordination → coordination,1926,0.013606499470151889,141550
vendor,ALL,codex,full_stream,hybrid_shell,4,5,shell:other → wait/control → shell:other → wait/control,1880,0.0132815259625574,141550
vendor,ALL,codex,full_stream,hybrid_shell,4,6,shell:search/text → shell:search/text → shell:search/text → edit,1579,0.011155068880254327,141550
vendor,ALL,codex,full_stream,hybrid_shell,4,7,edit → edit → edit → edit,1577,0.011140939597315436,141550
vendor,ALL,codex,full_stream,hybrid_shell,4,8,wait/control → shell:other → wait/control → shell:other,1531,0.010815966089720947,141550
vendor,ALL,codex,full_stream,hybrid_shell,4,9,shell:git/repository → shell:search/text → shell:search/text → shell:search/text,1482,0.01046979865771812,141550
vendor,ALL,codex,full_stream,hybrid_shell,4,10,shell:other → shell:other → shell:other → shell:other,1098,0.007756976333451077,141550
vendor,ALL,codex,full_stream,hybrid_shell,4,11,shell:search/text → shell:search/text → edit → edit,1082,0.0076439420699399505,141550
vendor,ALL,codex,full_stream,hybrid_shell,4,12,shell:search/text → shell:search/text → shell:search/text → shell:git/repository,925,0.006534793359237019,141550
vendor,ALL,codex,full_stream,hybrid_shell,4,13,shell:search/text → edit → edit → edit,795,0.005616389968209113,141550
vendor,ALL,codex,full_stream,hybrid_shell,4,14,shell:search/text → shell:git/repository → shell:search/text → shell:search/text,783,0.005531614270575768,141550
vendor,ALL,codex,full_stream,hybrid_shell,4,15,shell:git/repository → shell:git/repository → shell:search/text → shell:search/text,777,0.005489226421759095,141550
vendor,ALL,codex,full_stream,hybrid_shell,4,16,shell:git/repository → shell:git/repository → shell:git/repository → shell:search/text,758,0.005354998233839632,141550
vendor,ALL,codex,full_stream,hybrid_shell,4,17,shell:search/text → shell:search/text → shell:git/repository → shell:search/text,727,0.005135994348286824,141550
vendor,ALL,codex,full_stream,hybrid_shell,4,18,shell:search/text → shell:git/repository → shell:git/repository → shell:git/repository,659,0.004655598728364536,141550
vendor,ALL,codex,full_stream,hybrid_shell,4,19,shell:search/text → shell:search/text → shell:search/text → shell:other,657,0.004641469445425645,141550
vendor,ALL,codex,full_stream,hybrid_shell,4,20,shell:search/text → shell:search/text → shell:search/text → shell:data/analysis/runtime,618,0.004365948428117273,141550
vendor,ALL,codex,full_stream,hybrid_shell,4,21,edit → shell:search/text → shell:search/text → shell:search/text,614,0.004337689862239491,141550
vendor,ALL,codex,full_stream,hybrid_shell,4,22,shell:other → shell:search/text → shell:search/text → shell:search/text,580,0.004097492052278347,141550
vendor,ALL,codex,full_stream,hybrid_shell,4,23,edit → edit → edit → shell:search/text,573,0.004048039561992229,141550
vendor,ALL,codex,full_stream,hybrid_shell,4,24,edit → edit → shell:search/text → shell:search/text,556,0.0039279406570116564,141550
vendor,ALL,codex,full_stream,hybrid_shell,4,25,shell:data/analysis/runtime → shell:search/text → shell:search/text → shell:search/text,544,0.0038431649593783116,141550
vendor,ALL,codex,full_stream,hybrid_shell,4,26,shell:search/text → shell:search/text → edit → shell:search/text,534,0.0037725185446838574,141550
vendor,ALL,codex,full_stream,hybrid_shell,4,27,shell:filesystem/navigation → shell:search/text → shell:search/text → shell:search/text,533,0.003765453903214412,141550
vendor,ALL,codex,full_stream,hybrid_shell,4,28,shell:search/text → shell:search/text → shell:git/repository → shell:git/repository,484,0.003419286471211586,141550
vendor,ALL,codex,full_stream,hybrid_shell,4,29,shell:data/analysis/runtime → shell:data/analysis/runtime → shell:data/analysis/runtime → shell:data/analysis/runtime,458,0.003235605793006005,141550
vendor,ALL,codex,full_stream,hybrid_shell,4,30,shell:other → wait/control → shell:search/text → shell:other,452,0.0031932179441893326,141550
vendor,ALL,codex,full_stream,tool_family,2,1,shell → shell,91547,0.6384208764540155,143396
vendor,ALL,codex,full_stream,tool_family,2,2,shell → wait/control,9033,0.0629933889369299,143396
vendor,ALL,codex,full_stream,tool_family,2,3,wait/control → shell,8608,0.060029568467739686,143396
vendor,ALL,codex,full_stream,tool_family,2,4,wait/control → wait/control,6751,0.04707941644118385,143396
vendor,ALL,codex,full_stream,tool_family,2,5,edit → shell,4782,0.033348210549806134,143396
vendor,ALL,codex,full_stream,tool_family,2,6,shell → edit,4549,0.03172333956316773,143396
vendor,ALL,codex,full_stream,tool_family,2,7,edit → edit,4479,0.03123518089765405,143396
vendor,ALL,codex,full_stream,tool_family,2,8,coordination → coordination,3795,0.02646517336606321,143396
vendor,ALL,codex,full_stream,tool_family,2,9,coordination → shell,2378,0.016583447237021952,143396
vendor,ALL,codex,full_stream,tool_family,2,10,shell → coordination,2341,0.016325420513821864,143396
vendor,ALL,codex,full_stream,tool_family,2,11,plan/goal → shell,1208,0.008424223827721834,143396
vendor,ALL,codex,full_stream,tool_family,2,12,shell → plan/goal,1083,0.007552511925018829,143396
vendor,ALL,codex,full_stream,tool_family,2,13,shell → task,522,0.0036402689056877456,143396
vendor,ALL,codex,full_stream,tool_family,2,14,task → shell,450,0.0031381628497308156,143396
vendor,ALL,codex,full_stream,tool_family,2,15,wait/control → edit,251,0.0017503975006276326,143396
vendor,ALL,codex,full_stream,tool_family,2,16,task → coordination,203,0.001415660129989679,143396
vendor,ALL,codex,full_stream,tool_family,2,17,wait/control → coordination,151,0.0010530279784652292,143396
vendor,ALL,codex,full_stream,tool_family,2,18,plan/goal → plan/goal,142,0.0009902647214706129,143396
vendor,ALL,codex,full_stream,tool_family,2,19,edit → plan/goal,134,0.0009344751596976206,143396
vendor,ALL,codex,full_stream,tool_family,2,20,task → task,133,0.0009275014644759966,143396
vendor,ALL,codex,full_stream,tool_family,2,21,coordination → task,113,0.0007880275600435159,143396
vendor,ALL,codex,full_stream,tool_family,2,22,plan/goal → edit,112,0.0007810538648218918,143396
vendor,ALL,codex,full_stream,tool_family,2,23,wait/control → plan/goal,90,0.0006276325699461631,143396
vendor,ALL,codex,full_stream,tool_family,2,24,shell → multimodal,63,0.0004393427989623142,143396
vendor,ALL,codex,full_stream,tool_family,2,25,coordination → wait/control,52,0.0003626321515244498,143396
vendor,ALL,codex,full_stream,tool_family,2,26,multimodal → shell,48,0.00033473737063795364,143396
vendor,ALL,codex,full_stream,tool_family,2,27,coordination → plan/goal,46,0.00032078998019470555,143396
vendor,ALL,codex,full_stream,tool_family,2,28,multimodal → multimodal,33,0.00023013194231359313,143396
vendor,ALL,codex,full_stream,tool_family,2,29,coordination → edit,31,0.00021618455187034507,143396
vendor,ALL,codex,full_stream,tool_family,2,30,shell → other,29,0.000202237161427097,143396
vendor,ALL,codex,full_stream,tool_family,3,1,shell → shell → shell,78646,0.5520489674439499,142462
vendor,ALL,codex,full_stream,tool_family,3,2,shell → wait/control → shell,6804,0.047760104448905674,142462
vendor,ALL,codex,full_stream,tool_family,3,3,shell → shell → wait/control,5307,0.03725203914026196,142462
vendor,ALL,codex,full_stream,tool_family,3,4,wait/control → shell → shell,5111,0.03587623366230995,142462
vendor,ALL,codex,full_stream,tool_family,3,5,wait/control → wait/control → wait/control,4812,0.03377742836686274,142462
vendor,ALL,codex,full_stream,tool_family,3,6,edit → shell → shell,3842,0.026968595134141033,142462
vendor,ALL,codex,full_stream,tool_family,3,7,shell → shell → edit,3742,0.026266653563757354,142462
vendor,ALL,codex,full_stream,tool_family,3,8,wait/control → shell → wait/control,3361,0.023592256180595527,142462
vendor,ALL,codex,full_stream,tool_family,3,9,shell → edit → shell,2638,0.01851721862672151,142462
vendor,ALL,codex,full_stream,tool_family,3,10,coordination → coordination → coordination,2605,0.018285577908494898,142462
vendor,ALL,codex,full_stream,tool_family,3,11,edit → edit → edit,2558,0.017955665370414566,142462
vendor,ALL,codex,full_stream,tool_family,3,12,shell → wait/control → wait/control,1905,0.013371986915809129,142462
vendor,ALL,codex,full_stream,tool_family,3,13,edit → edit → shell,1870,0.013126307366174839,142462
vendor,ALL,codex,full_stream,tool_family,3,14,shell → edit → edit,1807,0.012684084176833121,142462
vendor,ALL,codex,full_stream,tool_family,3,15,wait/control → wait/control → shell,1737,0.012192725077564543,142462
vendor,ALL,codex,full_stream,tool_family,3,16,coordination → shell → shell,1566,0.010992404992208448,142462
vendor,ALL,codex,full_stream,tool_family,3,17,shell → shell → coordination,1529,0.010732686611166487,142462
vendor,ALL,codex,full_stream,tool_family,3,18,coordination → coordination → shell,1117,0.00784068734118572,142462
vendor,ALL,codex,full_stream,tool_family,3,19,shell → coordination → shell,1106,0.0077634737684435145,142462
vendor,ALL,codex,full_stream,tool_family,3,20,plan/goal → shell → shell,1105,0.007756454352739678,142462
vendor,ALL,codex,full_stream,tool_family,3,21,shell → shell → plan/goal,1023,0.00718086226502506,142462
vendor,ALL,codex,full_stream,tool_family,3,22,shell → coordination → coordination,1002,0.0070334545352444865,142462
vendor,ALL,codex,full_stream,tool_family,3,23,shell → plan/goal → shell,822,0.00576995970855386,142462
vendor,ALL,codex,full_stream,tool_family,3,24,edit → shell → edit,696,0.004885513329870422,142462
vendor,ALL,codex,full_stream,tool_family,3,25,coordination → shell → coordination,683,0.004794260925720543,142462
vendor,ALL,codex,full_stream,tool_family,3,26,shell → shell → task,474,0.003327203043618649,142462
vendor,ALL,codex,full_stream,tool_family,3,27,task → shell → shell,341,0.002393620755008353,142462
vendor,ALL,codex,full_stream,tool_family,3,28,shell → task → shell,290,0.0020356305541126755,142462
vendor,ALL,codex,full_stream,tool_family,3,29,edit → shell → wait/control,210,0.0014740772978057307,142462
vendor,ALL,codex,full_stream,tool_family,3,30,wait/control → edit → shell,194,0.0013617666465443417,142462
vendor,ALL,codex,full_stream,tool_family,4,1,shell → shell → shell → shell,69067,0.4879335923701872,141550
vendor,ALL,codex,full_stream,tool_family,4,2,wait/control → wait/control → wait/control → wait/control,3900,0.02755210173083716,141550
vendor,ALL,codex,full_stream,tool_family,4,3,shell → wait/control → shell → shell,3895,0.027516778523489934,141550
vendor,ALL,codex,full_stream,tool_family,4,4,shell → shell → wait/control → shell,3868,0.027326033203814905,141550
vendor,ALL,codex,full_stream,tool_family,4,5,shell → shell → shell → wait/control,3153,0.022274814553161427,141550
vendor,ALL,codex,full_stream,tool_family,4,6,wait/control → shell → shell → shell,3119,0.022034616743200282,141550
vendor,ALL,codex,full_stream,tool_family,4,7,shell → shell → shell → edit,3110,0.021971034969975274,141550
vendor,ALL,codex,full_stream,tool_family,4,8,edit → shell → shell → shell,3034,0.02143412221829742,141550
vendor,ALL,codex,full_stream,tool_family,4,9,shell → wait/control → shell → wait/control,2813,0.019872836453549984,141550
vendor,ALL,codex,full_stream,tool_family,4,10,wait/control → shell → wait/control → shell,2771,0.019576121511833276,141550
vendor,ALL,codex,full_stream,tool_family,4,11,shell → shell → edit → shell,2182,0.01541504768632992,141550
vendor,ALL,codex,full_stream,tool_family,4,12,shell → edit → shell → shell,2140,0.015118332744613211,141550
vendor,ALL,codex,full_stream,tool_family,4,13,coordination → coordination → coordination → coordination,1926,0.013606499470151889,141550
vendor,ALL,codex,full_stream,tool_family,4,14,wait/control → shell → shell → wait/control,1864,0.013168491699046273,141550
vendor,ALL,codex,full_stream,tool_family,4,15,edit → edit → edit → edit,1577,0.011140939597315436,141550
vendor,ALL,codex,full_stream,tool_family,4,16,edit → edit → shell → shell,1487,0.010505121865065348,141550
vendor,ALL,codex,full_stream,tool_family,4,17,shell → shell → edit → edit,1478,0.010441540091840338,141550
vendor,ALL,codex,full_stream,tool_family,4,18,coordination → shell → shell → shell,1218,0.008604733309784528,141550
vendor,ALL,codex,full_stream,tool_family,4,19,shell → shell → wait/control → wait/control,1208,0.008534086895090075,141550
vendor,ALL,codex,full_stream,tool_family,4,20,shell → shell → shell → coordination,1177,0.008315083009537266,141550
vendor,ALL,codex,full_stream,tool_family,4,21,wait/control → wait/control → shell → shell,1157,0.008173790180148358,141550
vendor,ALL,codex,full_stream,tool_family,4,22,plan/goal → shell → shell → shell,1054,0.007446132108795479,141550
vendor,ALL,codex,full_stream,tool_family,4,23,edit → edit → edit → shell,964,0.00681031437654539,141550
vendor,ALL,codex,full_stream,tool_family,4,24,shell → shell → shell → plan/goal,939,0.006633698339809255,141550
vendor,ALL,codex,full_stream,tool_family,4,25,shell → edit → edit → edit,926,0.006541858000706464,141550
vendor,ALL,codex,full_stream,tool_family,4,26,shell → wait/control → wait/control → wait/control,897,0.006336983398092547,141550
vendor,ALL,codex,full_stream,tool_family,4,27,shell → wait/control → wait/control → shell,891,0.006294595549275874,141550
vendor,ALL,codex,full_stream,tool_family,4,28,shell → edit → edit → shell,851,0.006012009890498057,141550
vendor,ALL,codex,full_stream,tool_family,4,29,wait/control → wait/control → wait/control → shell,831,0.005870717061109149,141550
vendor,ALL,codex,full_stream,tool_family,4,30,shell → shell → coordination → shell,807,0.005701165665842459,141550
vendor,ALL,codex,same_prompt,hybrid_shell,2,1,shell:search/text → shell:search/text,36433,0.2579108323540655,141262
vendor,ALL,codex,same_prompt,hybrid_shell,2,2,shell:git/repository → shell:git/repository,8819,0.06243009443445512,141262
vendor,ALL,codex,same_prompt,hybrid_shell,2,3,wait/control → wait/control,6714,0.04752870552590222,141262
vendor,ALL,codex,same_prompt,hybrid_shell,2,4,edit → edit,4441,0.03143803712250995,141262
vendor,ALL,codex,same_prompt,hybrid_shell,2,5,coordination → coordination,3787,0.026808341946170943,141262
vendor,ALL,codex,same_prompt,hybrid_shell,2,6,shell:other → wait/control,3783,0.026780025767722388,141262
vendor,ALL,codex,same_prompt,hybrid_shell,2,7,shell:other → shell:other,3637,0.025746485254350072,141262
vendor,ALL,codex,same_prompt,hybrid_shell,2,8,shell:git/repository → shell:search/text,3463,0.02451473149183786,141262
vendor,ALL,codex,same_prompt,hybrid_shell,2,9,shell:search/text → edit,3228,0.022851156007985162,141262
vendor,ALL,codex,same_prompt,hybrid_shell,2,10,shell:search/text → shell:git/repository,3209,0.022716654160354517,141262
vendor,ALL,codex,same_prompt,hybrid_shell,2,11,shell:search/text → shell:other,2871,0.020323937081451488,141262
vendor,ALL,codex,same_prompt,hybrid_shell,2,12,wait/control → shell:other,2610,0.01847630643768317,141262
vendor,ALL,codex,same_prompt,hybrid_shell,2,13,wait/control → shell:search/text,2459,0.01740737070125016,141262
vendor,ALL,codex,same_prompt,hybrid_shell,2,14,shell:data/analysis/runtime → shell:data/analysis/runtime,2361,0.01671362432926052,141262
vendor,ALL,codex,same_prompt,hybrid_shell,2,15,edit → shell:search/text,2053,0.014533278588721665,141262
vendor,ALL,codex,same_prompt,hybrid_shell,2,16,shell:other → shell:search/text,2045,0.014476646231824554,141262
vendor,ALL,codex,same_prompt,hybrid_shell,2,17,shell:data/analysis/runtime → shell:search/text,1821,0.012890940238705384,141262
vendor,ALL,codex,same_prompt,hybrid_shell,2,18,shell:search/text → shell:data/analysis/runtime,1697,0.01201313870680013,141262
vendor,ALL,codex,same_prompt,hybrid_shell,2,19,shell:search/text → wait/control,1325,0.009379734111084368,141262
vendor,ALL,codex,same_prompt,hybrid_shell,2,20,shell:data/analysis/runtime → wait/control,1164,0.008240007928529965,141262
vendor,ALL,codex,same_prompt,hybrid_shell,2,21,shell:filesystem/navigation → shell:search/text,1128,0.007985162322492956,141262
vendor,ALL,codex,same_prompt,hybrid_shell,2,22,shell:search/text → shell:filesystem/navigation,1112,0.00787189760869873,141262
vendor,ALL,codex,same_prompt,hybrid_shell,2,23,wait/control → shell:data/analysis/runtime,1105,0.007822344296413757,141262
vendor,ALL,codex,same_prompt,hybrid_shell,2,24,coordination → shell:search/text,1065,0.00753918251192819,141262
vendor,ALL,codex,same_prompt,hybrid_shell,2,25,shell:test → shell:test,1015,0.007185230281321233,141262
vendor,ALL,codex,same_prompt,hybrid_shell,2,26,shell:search/text → coordination,1008,0.007135676969036259,141262
vendor,ALL,codex,same_prompt,hybrid_shell,2,27,edit → shell:data/analysis/runtime,857,0.006066741232603248,141262
vendor,ALL,codex,same_prompt,hybrid_shell,2,28,shell:other → shell:git/repository,811,0.005741105180444847,141262
vendor,ALL,codex,same_prompt,hybrid_shell,2,29,shell:container/orchestration → wait/control,806,0.005705709957384152,141262
vendor,ALL,codex,same_prompt,hybrid_shell,2,30,shell:search/text → shell:process/system,806,0.005705709957384152,141262
vendor,ALL,codex,same_prompt,hybrid_shell,3,1,shell:search/text → shell:search/text → shell:search/text,26778,0.19350782616236215,138382
vendor,ALL,codex,same_prompt,hybrid_shell,3,2,shell:git/repository → shell:git/repository → shell:git/repository,5470,0.039528262346258905,138382
vendor,ALL,codex,same_prompt,hybrid_shell,3,3,wait/control → wait/control → wait/control,4772,0.034484253732421845,138382
vendor,ALL,codex,same_prompt,hybrid_shell,3,4,coordination → coordination → coordination,2597,0.018766891647757657,138382
vendor,ALL,codex,same_prompt,hybrid_shell,3,5,edit → edit → edit,2539,0.01834776199216661,138382
vendor,ALL,codex,same_prompt,hybrid_shell,3,6,wait/control → shell:other → wait/control,2201,0.015905247792342935,138382
vendor,ALL,codex,same_prompt,hybrid_shell,3,7,shell:search/text → shell:search/text → edit,2192,0.015840210431992602,138382
vendor,ALL,codex,same_prompt,hybrid_shell,3,8,shell:other → wait/control → shell:other,2109,0.01524042144209507,138382
vendor,ALL,codex,same_prompt,hybrid_shell,3,9,shell:git/repository → shell:search/text → shell:search/text,1961,0.01417091818300068,138382
vendor,ALL,codex,same_prompt,hybrid_shell,3,10,shell:other → shell:other → shell:other,1860,0.013441054472402481,138382
vendor,ALL,codex,same_prompt,hybrid_shell,3,11,shell:search/text → shell:search/text → shell:git/repository,1565,0.011309274327585958,138382
vendor,ALL,codex,same_prompt,hybrid_shell,3,12,shell:search/text → edit → edit,1433,0.010355393042447716,138382
vendor,ALL,codex,same_prompt,hybrid_shell,3,13,shell:git/repository → shell:git/repository → shell:search/text,1299,0.009387059010564958,138382
vendor,ALL,codex,same_prompt,hybrid_shell,3,14,shell:search/text → shell:git/repository → shell:git/repository,1182,0.008541573326010608,138382
vendor,ALL,codex,same_prompt,hybrid_shell,3,15,shell:search/text → shell:search/text → shell:other,1139,0.008230839271003454,138382
vendor,ALL,codex,same_prompt,hybrid_shell,3,16,edit → shell:search/text → shell:search/text,1074,0.007761125001806594,138382
vendor,ALL,codex,same_prompt,hybrid_shell,3,17,shell:search/text → shell:git/repository → shell:search/text,1070,0.007732219508317556,138382
vendor,ALL,codex,same_prompt,hybrid_shell,3,18,wait/control → shell:search/text → shell:search/text,1034,0.007472070066916217,138382
vendor,ALL,codex,same_prompt,hybrid_shell,3,19,edit → edit → shell:search/text,974,0.007038487664580654,138382
vendor,ALL,codex,same_prompt,hybrid_shell,3,20,shell:other → shell:search/text → shell:search/text,920,0.006648263502478646,138382
vendor,ALL,codex,same_prompt,hybrid_shell,3,21,shell:data/analysis/runtime → shell:data/analysis/runtime → shell:data/analysis/runtime,913,0.00659767888887283,138382
vendor,ALL,codex,same_prompt,hybrid_shell,3,22,shell:search/text → shell:search/text → shell:data/analysis/runtime,902,0.006518188781777977,138382
vendor,ALL,codex,same_prompt,hybrid_shell,3,23,shell:data/analysis/runtime → shell:search/text → shell:search/text,853,0.006164096486537266,138382
vendor,ALL,codex,same_prompt,hybrid_shell,3,24,shell:search/text → shell:other → shell:other,799,0.005773872324435259,138382
vendor,ALL,codex,same_prompt,hybrid_shell,3,25,shell:search/text → edit → shell:search/text,768,0.005549854749895218,138382
vendor,ALL,codex,same_prompt,hybrid_shell,3,26,shell:filesystem/navigation → shell:search/text → shell:search/text,718,0.005188536081282248,138382
vendor,ALL,codex,same_prompt,hybrid_shell,3,27,shell:other → shell:other → shell:search/text,687,0.004964518506742207,138382
vendor,ALL,codex,same_prompt,hybrid_shell,3,28,shell:other → wait/control → shell:search/text,681,0.00492116026650865,138382
vendor,ALL,codex,same_prompt,hybrid_shell,3,29,shell:search/text → shell:other → shell:search/text,667,0.004819991039297019,138382
vendor,ALL,codex,same_prompt,hybrid_shell,3,30,shell:search/text → shell:search/text → shell:filesystem/navigation,660,0.004769406425691202,138382
vendor,ALL,codex,same_prompt,hybrid_shell,4,1,shell:search/text → shell:search/text → shell:search/text → shell:search/text,20942,0.15436894635196297,135662
vendor,ALL,codex,same_prompt,hybrid_shell,4,2,wait/control → wait/control → wait/control → wait/control,3864,0.028482552225383675,135662
vendor,ALL,codex,same_prompt,hybrid_shell,4,3,shell:git/repository → shell:git/repository → shell:git/repository → shell:git/repository,3627,0.02673556338547272,135662
vendor,ALL,codex,same_prompt,hybrid_shell,4,4,coordination → coordination → coordination → coordination,1919,0.01414544972062921,135662
vendor,ALL,codex,same_prompt,hybrid_shell,4,5,shell:other → wait/control → shell:other → wait/control,1877,0.013835856761657649,135662
vendor,ALL,codex,same_prompt,hybrid_shell,4,6,edit → edit → edit → edit,1564,0.011528652091226724,135662
vendor,ALL,codex,same_prompt,hybrid_shell,4,7,shell:search/text → shell:search/text → shell:search/text → edit,1534,0.011307514263389896,135662
vendor,ALL,codex,same_prompt,hybrid_shell,4,8,wait/control → shell:other → wait/control → shell:other,1525,0.011241172915038846,135662
vendor,ALL,codex,same_prompt,hybrid_shell,4,9,shell:git/repository → shell:search/text → shell:search/text → shell:search/text,1341,0.00988486090430629,135662
vendor,ALL,codex,same_prompt,hybrid_shell,4,10,shell:other → shell:other → shell:other → shell:other,1085,0.007997818106765343,135662
vendor,ALL,codex,same_prompt,hybrid_shell,4,11,shell:search/text → shell:search/text → edit → edit,1056,0.007784051539856408,135662
vendor,ALL,codex,same_prompt,hybrid_shell,4,12,shell:search/text → shell:search/text → shell:search/text → shell:git/repository,838,0.0061771166575754445,135662
vendor,ALL,codex,same_prompt,hybrid_shell,4,13,shell:search/text → edit → edit → edit,780,0.005749583523757574,135662
vendor,ALL,codex,same_prompt,hybrid_shell,4,14,shell:search/text → shell:git/repository → shell:search/text → shell:search/text,697,0.005137768866742345,135662
vendor,ALL,codex,same_prompt,hybrid_shell,4,15,shell:git/repository → shell:git/repository → shell:search/text → shell:search/text,692,0.005100912562102873,135662
vendor,ALL,codex,same_prompt,hybrid_shell,4,16,shell:git/repository → shell:git/repository → shell:git/repository → shell:search/text,668,0.004924002299833409,135662
vendor,ALL,codex,same_prompt,hybrid_shell,4,17,shell:search/text → shell:search/text → shell:git/repository → shell:search/text,654,0.004820804646842889,135662
vendor,ALL,codex,same_prompt,hybrid_shell,4,18,shell:search/text → shell:search/text → shell:search/text → shell:other,643,0.004739720776636052,135662
vendor,ALL,codex,same_prompt,hybrid_shell,4,19,shell:search/text → shell:git/repository → shell:git/repository → shell:git/repository,614,0.004525954209727116,135662
vendor,ALL,codex,same_prompt,hybrid_shell,4,20,shell:search/text → shell:search/text → shell:search/text → shell:data/analysis/runtime,598,0.004408014034880807,135662
vendor,ALL,codex,same_prompt,hybrid_shell,4,21,edit → shell:search/text → shell:search/text → shell:search/text,561,0.004135277380548716,135662
vendor,ALL,codex,same_prompt,hybrid_shell,4,22,edit → edit → edit → shell:search/text,552,0.004068936032197668,135662
vendor,ALL,codex,same_prompt,hybrid_shell,4,23,shell:other → shell:search/text → shell:search/text → shell:search/text,548,0.004039450988486091,135662
vendor,ALL,codex,same_prompt,hybrid_shell,4,24,edit → edit → shell:search/text → shell:search/text,528,0.003892025769928204,135662
vendor,ALL,codex,same_prompt,hybrid_shell,4,25,shell:filesystem/navigation → shell:search/text → shell:search/text → shell:search/text,509,0.0037519718122982115,135662
vendor,ALL,codex,same_prompt,hybrid_shell,4,26,shell:data/analysis/runtime → shell:search/text → shell:search/text → shell:search/text,495,0.003648774159307691,135662
vendor,ALL,codex,same_prompt,hybrid_shell,4,27,shell:search/text → shell:search/text → edit → shell:search/text,485,0.003575061550028748,135662
vendor,ALL,codex,same_prompt,hybrid_shell,4,28,shell:other → wait/control → shell:search/text → shell:other,451,0.003324438678480341,135662
vendor,ALL,codex,same_prompt,hybrid_shell,4,29,shell:search/text → shell:search/text → shell:git/repository → shell:git/repository,436,0.0032138697645619258,135662
vendor,ALL,codex,same_prompt,hybrid_shell,4,30,shell:search/text → shell:search/text → shell:search/text → shell:filesystem/navigation,430,0.00316964219899456,135662
vendor,ALL,codex,same_prompt,tool_family,2,1,shell → shell,90193,0.638480270702666,141262
vendor,ALL,codex,same_prompt,tool_family,2,2,shell → wait/control,8997,0.0636901643754159,141262
vendor,ALL,codex,same_prompt,tool_family,2,3,wait/control → shell,8540,0.0604550409876683,141262
vendor,ALL,codex,same_prompt,tool_family,2,4,wait/control → wait/control,6714,0.04752870552590222,141262
vendor,ALL,codex,same_prompt,tool_family,2,5,edit → shell,4647,0.03289632031261061,141262
vendor,ALL,codex,same_prompt,tool_family,2,6,shell → edit,4451,0.03150882756863134,141262
vendor,ALL,codex,same_prompt,tool_family,2,7,edit → edit,4441,0.03143803712250995,141262
vendor,ALL,codex,same_prompt,tool_family,2,8,coordination → coordination,3787,0.026808341946170943,141262
vendor,ALL,codex,same_prompt,tool_family,2,9,coordination → shell,2344,0.016593280570854158,141262
vendor,ALL,codex,same_prompt,tool_family,2,10,shell → coordination,2334,0.016522490124732767,141262
vendor,ALL,codex,same_prompt,tool_family,2,11,plan/goal → shell,1123,0.007949767099432261,141262
vendor,ALL,codex,same_prompt,tool_family,2,12,shell → plan/goal,951,0.006732171426144328,141262
vendor,ALL,codex,same_prompt,tool_family,2,13,shell → task,511,0.0036173917968031033,141262
vendor,ALL,codex,same_prompt,tool_family,2,14,task → shell,450,0.0031855700754626157,141262
vendor,ALL,codex,same_prompt,tool_family,2,15,wait/control → edit,249,0.0017626821084226474,141262
vendor,ALL,codex,same_prompt,tool_family,2,16,task → coordination,202,0.0014299670116521075,141262
vendor,ALL,codex,same_prompt,tool_family,2,17,wait/control → coordination,150,0.0010618566918208718,141262
vendor,ALL,codex,same_prompt,tool_family,2,18,task → task,132,0.0009344338888023672,141262
vendor,ALL,codex,same_prompt,tool_family,2,19,edit → plan/goal,114,0.0008070110857838626,141262
vendor,ALL,codex,same_prompt,tool_family,2,20,coordination → task,113,0.0007999320411717234,141262
vendor,ALL,codex,same_prompt,tool_family,2,21,plan/goal → plan/goal,110,0.000778694907335306,141262
vendor,ALL,codex,same_prompt,tool_family,2,22,plan/goal → edit,109,0.0007716158627231669,141262
vendor,ALL,codex,same_prompt,tool_family,2,23,wait/control → plan/goal,85,0.0006017187920318274,141262
vendor,ALL,codex,same_prompt,tool_family,2,24,shell → multimodal,61,0.00043182172134048787,141262
vendor,ALL,codex,same_prompt,tool_family,2,25,coordination → wait/control,50,0.0003539522306069573,141262
vendor,ALL,codex,same_prompt,tool_family,2,26,coordination → plan/goal,46,0.0003256360521584007,141262
vendor,ALL,codex,same_prompt,tool_family,2,27,multimodal → shell,39,0.00027608273987342666,141262
vendor,ALL,codex,same_prompt,tool_family,2,28,multimodal → multimodal,33,0.0002336084722005918,141262
vendor,ALL,codex,same_prompt,tool_family,2,29,coordination → edit,30,0.00021237133836417437,141262
vendor,ALL,codex,same_prompt,tool_family,2,30,shell → other,29,0.00020529229375203521,141262
vendor,ALL,codex,same_prompt,tool_family,3,1,shell → shell → shell,76176,0.5504762180052319,138382
vendor,ALL,codex,same_prompt,tool_family,3,2,shell → wait/control → shell,6743,0.04872743564914512,138382
vendor,ALL,codex,same_prompt,tool_family,3,3,shell → shell → wait/control,5264,0.03803962943157347,138382
vendor,ALL,codex,same_prompt,tool_family,3,4,wait/control → shell → shell,5017,0.0362547152086254,138382
vendor,ALL,codex,same_prompt,tool_family,3,5,wait/control → wait/control → wait/control,4772,0.034484253732421845,138382
vendor,ALL,codex,same_prompt,tool_family,3,6,edit → shell → shell,3699,0.026730355103987514,138382
vendor,ALL,codex,same_prompt,tool_family,3,7,shell → shell → edit,3624,0.02618837710106806,138382
vendor,ALL,codex,same_prompt,tool_family,3,8,wait/control → shell → wait/control,3348,0.024193898050324465,138382
vendor,ALL,codex,same_prompt,tool_family,3,9,coordination → coordination → coordination,2597,0.018766891647757657,138382
vendor,ALL,codex,same_prompt,tool_family,3,10,edit → edit → edit,2539,0.01834776199216661,138382
vendor,ALL,codex,same_prompt,tool_family,3,11,shell → edit → shell,2488,0.01797921695018138,138382
vendor,ALL,codex,same_prompt,tool_family,3,12,shell → wait/control → wait/control,1882,0.013600034686592186,138382
vendor,ALL,codex,same_prompt,tool_family,3,13,edit → edit → shell,1815,0.013115867670650807,138382
vendor,ALL,codex,same_prompt,tool_family,3,14,shell → edit → edit,1761,0.0127256435085488,138382
vendor,ALL,codex,same_prompt,tool_family,3,15,wait/control → wait/control → shell,1691,0.012219797372490642,138382
vendor,ALL,codex,same_prompt,tool_family,3,16,coordination → shell → shell,1527,0.0110346721394401,138382
vendor,ALL,codex,same_prompt,tool_family,3,17,shell → shell → coordination,1525,0.011020219392695582,138382
vendor,ALL,codex,same_prompt,tool_family,3,18,coordination → coordination → shell,1103,0.007970689829602116,138382
vendor,ALL,codex,same_prompt,tool_family,3,19,shell → coordination → shell,1081,0.007811709615412409,138382
vendor,ALL,codex,same_prompt,tool_family,3,20,plan/goal → shell → shell,1026,0.007414259079938142,138382
vendor,ALL,codex,same_prompt,tool_family,3,21,shell → coordination → coordination,999,0.007219146998887139,138382
vendor,ALL,codex,same_prompt,tool_family,3,22,shell → shell → plan/goal,898,0.006489283288288939,138382
vendor,ALL,codex,same_prompt,tool_family,3,23,edit → shell → edit,684,0.004942839386625428,138382
vendor,ALL,codex,same_prompt,tool_family,3,24,coordination → shell → coordination,677,0.004892254773019612,138382
vendor,ALL,codex,same_prompt,tool_family,3,25,shell → plan/goal → shell,658,0.004754953678946684,138382
vendor,ALL,codex,same_prompt,tool_family,3,26,shell → shell → task,461,0.0033313581246115823,138382
vendor,ALL,codex,same_prompt,tool_family,3,27,task → shell → shell,339,0.0024497405731959358,138382
vendor,ALL,codex,same_prompt,tool_family,3,28,shell → task → shell,285,0.0020595164110939284,138382
vendor,ALL,codex,same_prompt,tool_family,3,29,edit → shell → wait/control,210,0.0015175384081744735,138382
vendor,ALL,codex,same_prompt,tool_family,3,30,wait/control → edit → shell,193,0.0013946900608460637,138382
vendor,ALL,codex,same_prompt,tool_family,4,1,shell → shell → shell → shell,65723,0.48446138196399874,135662
vendor,ALL,codex,same_prompt,tool_family,4,2,wait/control → wait/control → wait/control → wait/control,3864,0.028482552225383675,135662
vendor,ALL,codex,same_prompt,tool_family,4,3,shell → shell → wait/control → shell,3819,0.02815084548362843,135662
vendor,ALL,codex,same_prompt,tool_family,4,4,shell → wait/control → shell → shell,3817,0.02813610296177264,135662
vendor,ALL,codex,same_prompt,tool_family,4,5,shell → shell → shell → wait/control,3105,0.02288776518111188,135662
vendor,ALL,codex,same_prompt,tool_family,4,6,wait/control → shell → shell → shell,3014,0.022216980436673497,135662
vendor,ALL,codex,same_prompt,tool_family,4,7,shell → shell → shell → edit,2960,0.021818932346567205,135662
vendor,ALL,codex,same_prompt,tool_family,4,8,edit → shell → shell → shell,2869,0.02114814760212882,135662
vendor,ALL,codex,same_prompt,tool_family,4,9,shell → wait/control → shell → wait/control,2804,0.02066901564181569,135662
vendor,ALL,codex,same_prompt,tool_family,4,10,wait/control → shell → wait/control → shell,2745,0.020234111247069923,135662
vendor,ALL,codex,same_prompt,tool_family,4,11,shell → shell → edit → shell,2028,0.014948917161769692,135662
vendor,ALL,codex,same_prompt,tool_family,4,12,shell → edit → shell → shell,1991,0.014676180507437603,135662
vendor,ALL,codex,same_prompt,tool_family,4,13,coordination → coordination → coordination → coordination,1919,0.01414544972062921,135662
vendor,ALL,codex,same_prompt,tool_family,4,14,wait/control → shell → shell → wait/control,1857,0.013688431543099762,135662
vendor,ALL,codex,same_prompt,tool_family,4,15,edit → edit → edit → edit,1564,0.011528652091226724,135662
vendor,ALL,codex,same_prompt,tool_family,4,16,edit → edit → shell → shell,1430,0.010540903126888886,135662
vendor,ALL,codex,same_prompt,tool_family,4,17,shell → shell → edit → edit,1430,0.010540903126888886,135662
vendor,ALL,codex,same_prompt,tool_family,4,18,shell → shell → wait/control → wait/control,1183,0.008720201677698988,135662
vendor,ALL,codex,same_prompt,tool_family,4,19,coordination → shell → shell → shell,1180,0.008698087894915304,135662
vendor,ALL,codex,same_prompt,tool_family,4,20,shell → shell → shell → coordination,1173,0.008646489068420044,135662
vendor,ALL,codex,same_prompt,tool_family,4,21,wait/control → wait/control → shell → shell,1107,0.008159985847179018,135662
vendor,ALL,codex,same_prompt,tool_family,4,22,plan/goal → shell → shell → shell,980,0.007223835709336439,135662
vendor,ALL,codex,same_prompt,tool_family,4,23,edit → edit → edit → shell,936,0.006899500228509089,135662
vendor,ALL,codex,same_prompt,tool_family,4,24,shell → edit → edit → edit,907,0.006685733661600153,135662
vendor,ALL,codex,same_prompt,tool_family,4,25,shell → wait/control → wait/control → wait/control,880,0.006486709616547006,135662
vendor,ALL,codex,same_prompt,tool_family,4,26,shell → wait/control → wait/control → shell,870,0.006412997007268063,135662
vendor,ALL,codex,same_prompt,tool_family,4,27,shell → shell → shell → plan/goal,826,0.006088661526440713,135662
vendor,ALL,codex,same_prompt,tool_family,4,28,shell → edit → edit → shell,812,0.005985463873450192,135662
vendor,ALL,codex,same_prompt,tool_family,4,29,wait/control → wait/control → wait/control → shell,794,0.005852781176748095,135662
vendor,ALL,codex,same_prompt,tool_family,4,30,shell → shell → coordination → shell,791,0.005830667393964412,135662
vendor,ALL,gemini,full_stream,hybrid_shell,2,1,read → read,10,0.24390243902439024,41
vendor,ALL,gemini,full_stream,hybrid_shell,2,2,search → search,8,0.1951219512195122,41
vendor,ALL,gemini,full_stream,hybrid_shell,2,3,search → read,6,0.14634146341463414,41
vendor,ALL,gemini,full_stream,hybrid_shell,2,4,read → search,4,0.0975609756097561,41
vendor,ALL,gemini,full_stream,hybrid_shell,2,5,other → read,3,0.07317073170731707,41
vendor,ALL,gemini,full_stream,hybrid_shell,2,6,read → other,3,0.07317073170731707,41
vendor,ALL,gemini,full_stream,hybrid_shell,2,7,read → write,2,0.04878048780487805,41
vendor,ALL,gemini,full_stream,hybrid_shell,2,8,shell:search/text → search,2,0.04878048780487805,41
vendor,ALL,gemini,full_stream,hybrid_shell,2,9,write → write,2,0.04878048780487805,41
vendor,ALL,gemini,full_stream,hybrid_shell,2,10,write → read,1,0.024390243902439025,41
vendor,ALL,gemini,full_stream,hybrid_shell,3,1,search → search → search,5,0.13157894736842105,38
vendor,ALL,gemini,full_stream,hybrid_shell,3,2,read → other → read,3,0.07894736842105263,38
vendor,ALL,gemini,full_stream,hybrid_shell,3,3,read → read → other,3,0.07894736842105263,38
vendor,ALL,gemini,full_stream,hybrid_shell,3,4,read → read → read,3,0.07894736842105263,38
vendor,ALL,gemini,full_stream,hybrid_shell,3,5,search → read → read,3,0.07894736842105263,38
vendor,ALL,gemini,full_stream,hybrid_shell,3,6,search → search → read,3,0.07894736842105263,38
vendor,ALL,gemini,full_stream,hybrid_shell,3,7,other → read → read,2,0.05263157894736842,38
vendor,ALL,gemini,full_stream,hybrid_shell,3,8,read → read → search,2,0.05263157894736842,38
vendor,ALL,gemini,full_stream,hybrid_shell,3,9,read → read → write,2,0.05263157894736842,38
vendor,ALL,gemini,full_stream,hybrid_shell,3,10,read → search → read,2,0.05263157894736842,38
vendor,ALL,gemini,full_stream,hybrid_shell,3,11,read → search → search,2,0.05263157894736842,38
vendor,ALL,gemini,full_stream,hybrid_shell,3,12,search → read → search,2,0.05263157894736842,38
vendor,ALL,gemini,full_stream,hybrid_shell,3,13,read → write → write,1,0.02631578947368421,38
vendor,ALL,gemini,full_stream,hybrid_shell,3,14,shell:search/text → search → read,1,0.02631578947368421,38
vendor,ALL,gemini,full_stream,hybrid_shell,3,15,shell:search/text → search → search,1,0.02631578947368421,38
vendor,ALL,gemini,full_stream,hybrid_shell,3,16,write → read → read,1,0.02631578947368421,38
vendor,ALL,gemini,full_stream,hybrid_shell,3,17,write → write → read,1,0.02631578947368421,38
vendor,ALL,gemini,full_stream,hybrid_shell,3,18,write → write → write,1,0.02631578947368421,38
vendor,ALL,gemini,full_stream,hybrid_shell,4,1,read → read → other → read,3,0.08571428571428572,35
vendor,ALL,gemini,full_stream,hybrid_shell,4,2,search → search → search → search,3,0.08571428571428572,35
vendor,ALL,gemini,full_stream,hybrid_shell,4,3,read → other → read → read,2,0.05714285714285714,35
vendor,ALL,gemini,full_stream,hybrid_shell,4,4,read → read → read → read,2,0.05714285714285714,35
vendor,ALL,gemini,full_stream,hybrid_shell,4,5,read → search → search → search,2,0.05714285714285714,35
vendor,ALL,gemini,full_stream,hybrid_shell,4,6,search → read → read → search,2,0.05714285714285714,35
vendor,ALL,gemini,full_stream,hybrid_shell,4,7,search → search → search → read,2,0.05714285714285714,35
vendor,ALL,gemini,full_stream,hybrid_shell,4,8,other → read → read → other,1,0.02857142857142857,35
vendor,ALL,gemini,full_stream,hybrid_shell,4,9,other → read → read → write,1,0.02857142857142857,35
vendor,ALL,gemini,full_stream,hybrid_shell,4,10,read → read → read → other,1,0.02857142857142857,35
vendor,ALL,gemini,full_stream,hybrid_shell,4,11,read → read → search → read,1,0.02857142857142857,35
vendor,ALL,gemini,full_stream,hybrid_shell,4,12,read → read → search → search,1,0.02857142857142857,35
vendor,ALL,gemini,full_stream,hybrid_shell,4,13,read → read → write → write,1,0.02857142857142857,35
vendor,ALL,gemini,full_stream,hybrid_shell,4,14,read → search → read → read,1,0.02857142857142857,35
vendor,ALL,gemini,full_stream,hybrid_shell,4,15,read → search → read → search,1,0.02857142857142857,35
vendor,ALL,gemini,full_stream,hybrid_shell,4,16,read → write → write → write,1,0.02857142857142857,35
vendor,ALL,gemini,full_stream,hybrid_shell,4,17,search → read → read → other,1,0.02857142857142857,35
vendor,ALL,gemini,full_stream,hybrid_shell,4,18,search → read → search → read,1,0.02857142857142857,35
vendor,ALL,gemini,full_stream,hybrid_shell,4,19,search → read → search → search,1,0.02857142857142857,35
vendor,ALL,gemini,full_stream,hybrid_shell,4,20,search → search → read → read,1,0.02857142857142857,35
vendor,ALL,gemini,full_stream,hybrid_shell,4,21,search → search → read → search,1,0.02857142857142857,35
vendor,ALL,gemini,full_stream,hybrid_shell,4,22,shell:search/text → search → read → read,1,0.02857142857142857,35
vendor,ALL,gemini,full_stream,hybrid_shell,4,23,shell:search/text → search → search → read,1,0.02857142857142857,35
vendor,ALL,gemini,full_stream,hybrid_shell,4,24,write → read → read → write,1,0.02857142857142857,35
vendor,ALL,gemini,full_stream,hybrid_shell,4,25,write → write → read → read,1,0.02857142857142857,35
vendor,ALL,gemini,full_stream,hybrid_shell,4,26,write → write → write → read,1,0.02857142857142857,35
vendor,ALL,gemini,full_stream,tool_family,2,1,read → read,10,0.24390243902439024,41
vendor,ALL,gemini,full_stream,tool_family,2,2,search → search,8,0.1951219512195122,41
vendor,ALL,gemini,full_stream,tool_family,2,3,search → read,6,0.14634146341463414,41
vendor,ALL,gemini,full_stream,tool_family,2,4,read → search,4,0.0975609756097561,41
vendor,ALL,gemini,full_stream,tool_family,2,5,other → read,3,0.07317073170731707,41
vendor,ALL,gemini,full_stream,tool_family,2,6,read → other,3,0.07317073170731707,41
vendor,ALL,gemini,full_stream,tool_family,2,7,read → write,2,0.04878048780487805,41
vendor,ALL,gemini,full_stream,tool_family,2,8,shell → search,2,0.04878048780487805,41
vendor,ALL,gemini,full_stream,tool_family,2,9,write → write,2,0.04878048780487805,41
vendor,ALL,gemini,full_stream,tool_family,2,10,write → read,1,0.024390243902439025,41
vendor,ALL,gemini,full_stream,tool_family,3,1,search → search → search,5,0.13157894736842105,38
vendor,ALL,gemini,full_stream,tool_family,3,2,read → other → read,3,0.07894736842105263,38
vendor,ALL,gemini,full_stream,tool_family,3,3,read → read → other,3,0.07894736842105263,38
vendor,ALL,gemini,full_stream,tool_family,3,4,read → read → read,3,0.07894736842105263,38
vendor,ALL,gemini,full_stream,tool_family,3,5,search → read → read,3,0.07894736842105263,38
vendor,ALL,gemini,full_stream,tool_family,3,6,search → search → read,3,0.07894736842105263,38
vendor,ALL,gemini,full_stream,tool_family,3,7,other → read → read,2,0.05263157894736842,38
vendor,ALL,gemini,full_stream,tool_family,3,8,read → read → search,2,0.05263157894736842,38
vendor,ALL,gemini,full_stream,tool_family,3,9,read → read → write,2,0.05263157894736842,38
vendor,ALL,gemini,full_stream,tool_family,3,10,read → search → read,2,0.05263157894736842,38
vendor,ALL,gemini,full_stream,tool_family,3,11,read → search → search,2,0.05263157894736842,38
vendor,ALL,gemini,full_stream,tool_family,3,12,search → read → search,2,0.05263157894736842,38
vendor,ALL,gemini,full_stream,tool_family,3,13,read → write → write,1,0.02631578947368421,38
vendor,ALL,gemini,full_stream,tool_family,3,14,shell → search → read,1,0.02631578947368421,38
vendor,ALL,gemini,full_stream,tool_family,3,15,shell → search → search,1,0.02631578947368421,38
vendor,ALL,gemini,full_stream,tool_family,3,16,write → read → read,1,0.02631578947368421,38
vendor,ALL,gemini,full_stream,tool_family,3,17,write → write → read,1,0.02631578947368421,38
vendor,ALL,gemini,full_stream,tool_family,3,18,write → write → write,1,0.02631578947368421,38
vendor,ALL,gemini,full_stream,tool_family,4,1,read → read → other → read,3,0.08571428571428572,35
vendor,ALL,gemini,full_stream,tool_family,4,2,search → search → search → search,3,0.08571428571428572,35
vendor,ALL,gemini,full_stream,tool_family,4,3,read → other → read → read,2,0.05714285714285714,35
vendor,ALL,gemini,full_stream,tool_family,4,4,read → read → read → read,2,0.05714285714285714,35
vendor,ALL,gemini,full_stream,tool_family,4,5,read → search → search → search,2,0.05714285714285714,35
vendor,ALL,gemini,full_stream,tool_family,4,6,search → read → read → search,2,0.05714285714285714,35
vendor,ALL,gemini,full_stream,tool_family,4,7,search → search → search → read,2,0.05714285714285714,35
vendor,ALL,gemini,full_stream,tool_family,4,8,other → read → read → other,1,0.02857142857142857,35
vendor,ALL,gemini,full_stream,tool_family,4,9,other → read → read → write,1,0.02857142857142857,35
vendor,ALL,gemini,full_stream,tool_family,4,10,read → read → read → other,1,0.02857142857142857,35
vendor,ALL,gemini,full_stream,tool_family,4,11,read → read → search → read,1,0.02857142857142857,35
vendor,ALL,gemini,full_stream,tool_family,4,12,read → read → search → search,1,0.02857142857142857,35
vendor,ALL,gemini,full_stream,tool_family,4,13,read → read → write → write,1,0.02857142857142857,35
vendor,ALL,gemini,full_stream,tool_family,4,14,read → search → read → read,1,0.02857142857142857,35
vendor,ALL,gemini,full_stream,tool_family,4,15,read → search → read → search,1,0.02857142857142857,35
vendor,ALL,gemini,full_stream,tool_family,4,16,read → write → write → write,1,0.02857142857142857,35
vendor,ALL,gemini,full_stream,tool_family,4,17,search → read → read → other,1,0.02857142857142857,35
vendor,ALL,gemini,full_stream,tool_family,4,18,search → read → search → read,1,0.02857142857142857,35
vendor,ALL,gemini,full_stream,tool_family,4,19,search → read → search → search,1,0.02857142857142857,35
vendor,ALL,gemini,full_stream,tool_family,4,20,search → search → read → read,1,0.02857142857142857,35
vendor,ALL,gemini,full_stream,tool_family,4,21,search → search → read → search,1,0.02857142857142857,35
vendor,ALL,gemini,full_stream,tool_family,4,22,shell → search → read → read,1,0.02857142857142857,35
vendor,ALL,gemini,full_stream,tool_family,4,23,shell → search → search → read,1,0.02857142857142857,35
vendor,ALL,gemini,full_stream,tool_family,4,24,write → read → read → write,1,0.02857142857142857,35
vendor,ALL,gemini,full_stream,tool_family,4,25,write → write → read → read,1,0.02857142857142857,35
vendor,ALL,gemini,full_stream,tool_family,4,26,write → write → write → read,1,0.02857142857142857,35
vendor,ALL,gemini,same_prompt,hybrid_shell,2,1,read → read,10,0.2564102564102564,39
vendor,ALL,gemini,same_prompt,hybrid_shell,2,2,search → search,8,0.20512820512820512,39
vendor,ALL,gemini,same_prompt,hybrid_shell,2,3,search → read,6,0.15384615384615385,39
vendor,ALL,gemini,same_prompt,hybrid_shell,2,4,read → search,4,0.10256410256410256,39
vendor,ALL,gemini,same_prompt,hybrid_shell,2,5,other → read,3,0.07692307692307693,39
vendor,ALL,gemini,same_prompt,hybrid_shell,2,6,read → other,3,0.07692307692307693,39
vendor,ALL,gemini,same_prompt,hybrid_shell,2,7,read → write,2,0.05128205128205128,39
vendor,ALL,gemini,same_prompt,hybrid_shell,2,8,shell:search/text → search,2,0.05128205128205128,39
vendor,ALL,gemini,same_prompt,hybrid_shell,2,9,write → write,1,0.02564102564102564,39
vendor,ALL,gemini,same_prompt,hybrid_shell,3,1,search → search → search,5,0.14285714285714285,35
vendor,ALL,gemini,same_prompt,hybrid_shell,3,2,read → other → read,3,0.08571428571428572,35
vendor,ALL,gemini,same_prompt,hybrid_shell,3,3,read → read → other,3,0.08571428571428572,35
vendor,ALL,gemini,same_prompt,hybrid_shell,3,4,read → read → read,3,0.08571428571428572,35
vendor,ALL,gemini,same_prompt,hybrid_shell,3,5,search → read → read,3,0.08571428571428572,35
vendor,ALL,gemini,same_prompt,hybrid_shell,3,6,search → search → read,3,0.08571428571428572,35
vendor,ALL,gemini,same_prompt,hybrid_shell,3,7,other → read → read,2,0.05714285714285714,35
vendor,ALL,gemini,same_prompt,hybrid_shell,3,8,read → read → search,2,0.05714285714285714,35
vendor,ALL,gemini,same_prompt,hybrid_shell,3,9,read → read → write,2,0.05714285714285714,35
vendor,ALL,gemini,same_prompt,hybrid_shell,3,10,read → search → read,2,0.05714285714285714,35
vendor,ALL,gemini,same_prompt,hybrid_shell,3,11,read → search → search,2,0.05714285714285714,35
vendor,ALL,gemini,same_prompt,hybrid_shell,3,12,search → read → search,2,0.05714285714285714,35
vendor,ALL,gemini,same_prompt,hybrid_shell,3,13,read → write → write,1,0.02857142857142857,35
vendor,ALL,gemini,same_prompt,hybrid_shell,3,14,shell:search/text → search → read,1,0.02857142857142857,35
vendor,ALL,gemini,same_prompt,hybrid_shell,3,15,shell:search/text → search → search,1,0.02857142857142857,35
vendor,ALL,gemini,same_prompt,hybrid_shell,4,1,read → read → other → read,3,0.0967741935483871,31
vendor,ALL,gemini,same_prompt,hybrid_shell,4,2,search → search → search → search,3,0.0967741935483871,31
vendor,ALL,gemini,same_prompt,hybrid_shell,4,3,read → other → read → read,2,0.06451612903225806,31
vendor,ALL,gemini,same_prompt,hybrid_shell,4,4,read → read → read → read,2,0.06451612903225806,31
vendor,ALL,gemini,same_prompt,hybrid_shell,4,5,read → search → search → search,2,0.06451612903225806,31
vendor,ALL,gemini,same_prompt,hybrid_shell,4,6,search → read → read → search,2,0.06451612903225806,31
vendor,ALL,gemini,same_prompt,hybrid_shell,4,7,search → search → search → read,2,0.06451612903225806,31
vendor,ALL,gemini,same_prompt,hybrid_shell,4,8,other → read → read → other,1,0.03225806451612903,31
vendor,ALL,gemini,same_prompt,hybrid_shell,4,9,other → read → read → write,1,0.03225806451612903,31
vendor,ALL,gemini,same_prompt,hybrid_shell,4,10,read → read → read → other,1,0.03225806451612903,31
vendor,ALL,gemini,same_prompt,hybrid_shell,4,11,read → read → search → read,1,0.03225806451612903,31
vendor,ALL,gemini,same_prompt,hybrid_shell,4,12,read → read → search → search,1,0.03225806451612903,31
vendor,ALL,gemini,same_prompt,hybrid_shell,4,13,read → read → write → write,1,0.03225806451612903,31
vendor,ALL,gemini,same_prompt,hybrid_shell,4,14,read → search → read → read,1,0.03225806451612903,31
vendor,ALL,gemini,same_prompt,hybrid_shell,4,15,read → search → read → search,1,0.03225806451612903,31
vendor,ALL,gemini,same_prompt,hybrid_shell,4,16,search → read → read → other,1,0.03225806451612903,31
vendor,ALL,gemini,same_prompt,hybrid_shell,4,17,search → read → search → read,1,0.03225806451612903,31
vendor,ALL,gemini,same_prompt,hybrid_shell,4,18,search → read → search → search,1,0.03225806451612903,31
vendor,ALL,gemini,same_prompt,hybrid_shell,4,19,search → search → read → read,1,0.03225806451612903,31
vendor,ALL,gemini,same_prompt,hybrid_shell,4,20,search → search → read → search,1,0.03225806451612903,31
vendor,ALL,gemini,same_prompt,hybrid_shell,4,21,shell:search/text → search → read → read,1,0.03225806451612903,31
vendor,ALL,gemini,same_prompt,hybrid_shell,4,22,shell:search/text → search → search → read,1,0.03225806451612903,31
vendor,ALL,gemini,same_prompt,tool_family,2,1,read → read,10,0.2564102564102564,39
vendor,ALL,gemini,same_prompt,tool_family,2,2,search → search,8,0.20512820512820512,39
vendor,ALL,gemini,same_prompt,tool_family,2,3,search → read,6,0.15384615384615385,39
vendor,ALL,gemini,same_prompt,tool_family,2,4,read → search,4,0.10256410256410256,39
vendor,ALL,gemini,same_prompt,tool_family,2,5,other → read,3,0.07692307692307693,39
vendor,ALL,gemini,same_prompt,tool_family,2,6,read → other,3,0.07692307692307693,39
vendor,ALL,gemini,same_prompt,tool_family,2,7,read → write,2,0.05128205128205128,39
vendor,ALL,gemini,same_prompt,tool_family,2,8,shell → search,2,0.05128205128205128,39
vendor,ALL,gemini,same_prompt,tool_family,2,9,write → write,1,0.02564102564102564,39
vendor,ALL,gemini,same_prompt,tool_family,3,1,search → search → search,5,0.14285714285714285,35
vendor,ALL,gemini,same_prompt,tool_family,3,2,read → other → read,3,0.08571428571428572,35
vendor,ALL,gemini,same_prompt,tool_family,3,3,read → read → other,3,0.08571428571428572,35
vendor,ALL,gemini,same_prompt,tool_family,3,4,read → read → read,3,0.08571428571428572,35
vendor,ALL,gemini,same_prompt,tool_family,3,5,search → read → read,3,0.08571428571428572,35
vendor,ALL,gemini,same_prompt,tool_family,3,6,search → search → read,3,0.08571428571428572,35
vendor,ALL,gemini,same_prompt,tool_family,3,7,other → read → read,2,0.05714285714285714,35
vendor,ALL,gemini,same_prompt,tool_family,3,8,read → read → search,2,0.05714285714285714,35
vendor,ALL,gemini,same_prompt,tool_family,3,9,read → read → write,2,0.05714285714285714,35
vendor,ALL,gemini,same_prompt,tool_family,3,10,read → search → read,2,0.05714285714285714,35
vendor,ALL,gemini,same_prompt,tool_family,3,11,read → search → search,2,0.05714285714285714,35
vendor,ALL,gemini,same_prompt,tool_family,3,12,search → read → search,2,0.05714285714285714,35
vendor,ALL,gemini,same_prompt,tool_family,3,13,read → write → write,1,0.02857142857142857,35
vendor,ALL,gemini,same_prompt,tool_family,3,14,shell → search → read,1,0.02857142857142857,35
vendor,ALL,gemini,same_prompt,tool_family,3,15,shell → search → search,1,0.02857142857142857,35
vendor,ALL,gemini,same_prompt,tool_family,4,1,read → read → other → read,3,0.0967741935483871,31
vendor,ALL,gemini,same_prompt,tool_family,4,2,search → search → search → search,3,0.0967741935483871,31
vendor,ALL,gemini,same_prompt,tool_family,4,3,read → other → read → read,2,0.06451612903225806,31
vendor,ALL,gemini,same_prompt,tool_family,4,4,read → read → read → read,2,0.06451612903225806,31
vendor,ALL,gemini,same_prompt,tool_family,4,5,read → search → search → search,2,0.06451612903225806,31
vendor,ALL,gemini,same_prompt,tool_family,4,6,search → read → read → search,2,0.06451612903225806,31
vendor,ALL,gemini,same_prompt,tool_family,4,7,search → search → search → read,2,0.06451612903225806,31
vendor,ALL,gemini,same_prompt,tool_family,4,8,other → read → read → other,1,0.03225806451612903,31
vendor,ALL,gemini,same_prompt,tool_family,4,9,other → read → read → write,1,0.03225806451612903,31
vendor,ALL,gemini,same_prompt,tool_family,4,10,read → read → read → other,1,0.03225806451612903,31
vendor,ALL,gemini,same_prompt,tool_family,4,11,read → read → search → read,1,0.03225806451612903,31
vendor,ALL,gemini,same_prompt,tool_family,4,12,read → read → search → search,1,0.03225806451612903,31
vendor,ALL,gemini,same_prompt,tool_family,4,13,read → read → write → write,1,0.03225806451612903,31
vendor,ALL,gemini,same_prompt,tool_family,4,14,read → search → read → read,1,0.03225806451612903,31
vendor,ALL,gemini,same_prompt,tool_family,4,15,read → search → read → search,1,0.03225806451612903,31
vendor,ALL,gemini,same_prompt,tool_family,4,16,search → read → read → other,1,0.03225806451612903,31
vendor,ALL,gemini,same_prompt,tool_family,4,17,search → read → search → read,1,0.03225806451612903,31
vendor,ALL,gemini,same_prompt,tool_family,4,18,search → read → search → search,1,0.03225806451612903,31
vendor,ALL,gemini,same_prompt,tool_family,4,19,search → search → read → read,1,0.03225806451612903,31
vendor,ALL,gemini,same_prompt,tool_family,4,20,search → search → read → search,1,0.03225806451612903,31
vendor,ALL,gemini,same_prompt,tool_family,4,21,shell → search → read → read,1,0.03225806451612903,31
vendor,ALL,gemini,same_prompt,tool_family,4,22,shell → search → search → read,1,0.03225806451612903,31
project,ActPlane,ALL,full_stream,hybrid_shell,2,1,shell:search/text → shell:search/text,12768,0.1942994536849634,65713
project,ActPlane,ALL,full_stream,hybrid_shell,2,2,edit → edit,4730,0.07197966916744024,65713
project,ActPlane,ALL,full_stream,hybrid_shell,2,3,wait/control → wait/control,3879,0.059029415792917685,65713
project,ActPlane,ALL,full_stream,hybrid_shell,2,4,shell:git/repository → shell:git/repository,2898,0.044100862842968665,65713
project,ActPlane,ALL,full_stream,hybrid_shell,2,5,read → read,1911,0.029081003758769194,65713
project,ActPlane,ALL,full_stream,hybrid_shell,2,6,shell:search/text → edit,1571,0.02390698948457687,65713
project,ActPlane,ALL,full_stream,hybrid_shell,2,7,wait/control → shell:search/text,1495,0.022750445117404473,65713
project,ActPlane,ALL,full_stream,hybrid_shell,2,8,read → edit,1468,0.022339567513277432,65713
project,ActPlane,ALL,full_stream,hybrid_shell,2,9,edit → shell:search/text,1342,0.020422138694017926,65713
project,ActPlane,ALL,full_stream,hybrid_shell,2,10,shell:data/analysis/runtime → shell:data/analysis/runtime,1310,0.01993517264468218,65713
project,ActPlane,ALL,full_stream,hybrid_shell,2,11,shell:search/text → wait/control,1069,0.016267709585622327,65713
project,ActPlane,ALL,full_stream,hybrid_shell,2,12,edit → read,1009,0.0153546482431178,65713
project,ActPlane,ALL,full_stream,hybrid_shell,2,13,shell:git/repository → shell:search/text,952,0.0144872399677385,65713
project,ActPlane,ALL,full_stream,hybrid_shell,2,14,shell:data/analysis/runtime → shell:search/text,890,0.013543743247150488,65713
project,ActPlane,ALL,full_stream,hybrid_shell,2,15,shell:data/analysis/runtime → wait/control,867,0.01319373639919042,65713
project,ActPlane,ALL,full_stream,hybrid_shell,2,16,wait/control → shell:data/analysis/runtime,860,0.013087212575898224,65713
project,ActPlane,ALL,full_stream,hybrid_shell,2,17,search → search,845,0.012858947240272093,65713
project,ActPlane,ALL,full_stream,hybrid_shell,2,18,shell:search/text → shell:data/analysis/runtime,802,0.012204586611477181,65713
project,ActPlane,ALL,full_stream,hybrid_shell,2,19,shell:search/text → shell:git/repository,796,0.01211328047722673,65713
project,ActPlane,ALL,full_stream,hybrid_shell,2,20,shell:container/orchestration → wait/control,787,0.011976321275851048,65713
project,ActPlane,ALL,full_stream,hybrid_shell,2,21,wait/control → shell:container/orchestration,743,0.011306742958014395,65713
project,ActPlane,ALL,full_stream,hybrid_shell,2,22,shell:search/text → read,691,0.010515423127843806,65713
project,ActPlane,ALL,full_stream,hybrid_shell,2,23,shell:other → shell:other,679,0.0103328108593429,65713
project,ActPlane,ALL,full_stream,hybrid_shell,2,24,shell:other → wait/control,627,0.00954149102917231,65713
project,ActPlane,ALL,full_stream,hybrid_shell,2,25,shell:search/text → shell:container/orchestration,582,0.008856695022293914,65713
project,ActPlane,ALL,full_stream,hybrid_shell,2,26,shell:container/orchestration → shell:container/orchestration,560,0.008521905863375588,65713
project,ActPlane,ALL,full_stream,hybrid_shell,2,27,shell:test → shell:test,546,0.008308858216791198,65713
project,ActPlane,ALL,full_stream,hybrid_shell,2,28,shell:search/text → shell:filesystem/navigation,536,0.008156681326373778,65713
project,ActPlane,ALL,full_stream,hybrid_shell,2,29,shell:filesystem/navigation → shell:search/text,530,0.008065375192123324,65713
project,ActPlane,ALL,full_stream,hybrid_shell,2,30,edit → shell:data/analysis/runtime,518,0.007882762923622418,65713
project,ActPlane,ALL,full_stream,hybrid_shell,3,1,shell:search/text → shell:search/text → shell:search/text,8992,0.13789930528930944,65207
project,ActPlane,ALL,full_stream,hybrid_shell,3,2,edit → edit → edit,3199,0.04905915009124787,65207
project,ActPlane,ALL,full_stream,hybrid_shell,3,3,wait/control → wait/control → wait/control,2725,0.04178999187203828,65207
project,ActPlane,ALL,full_stream,hybrid_shell,3,4,shell:git/repository → shell:git/repository → shell:git/repository,1880,0.028831260447497967,65207
project,ActPlane,ALL,full_stream,hybrid_shell,3,5,read → read → read,1128,0.01729875626849878,65207
project,ActPlane,ALL,full_stream,hybrid_shell,3,6,shell:search/text → shell:search/text → edit,1001,0.01535111261060929,65207
project,ActPlane,ALL,full_stream,hybrid_shell,3,7,wait/control → shell:search/text → shell:search/text,817,0.012529329673194596,65207
project,ActPlane,ALL,full_stream,hybrid_shell,3,8,edit → read → edit,705,0.010811722667811738,65207
project,ActPlane,ALL,full_stream,hybrid_shell,3,9,shell:search/text → edit → edit,661,0.010136948487125616,65207
project,ActPlane,ALL,full_stream,hybrid_shell,3,10,edit → shell:search/text → shell:search/text,635,0.009738218289447452,65207
project,ActPlane,ALL,full_stream,hybrid_shell,3,11,search → search → search,626,0.009600196297943472,65207
project,ActPlane,ALL,full_stream,hybrid_shell,3,12,read → edit → edit,591,0.00906344410876133,65207
project,ActPlane,ALL,full_stream,hybrid_shell,3,13,shell:git/repository → shell:search/text → shell:search/text,574,0.008802735902587146,65207
project,ActPlane,ALL,full_stream,hybrid_shell,3,14,edit → edit → shell:search/text,571,0.00875672857208582,65207
project,ActPlane,ALL,full_stream,hybrid_shell,3,15,shell:data/analysis/runtime → shell:data/analysis/runtime → shell:data/analysis/runtime,544,0.00834266259757388,65207
project,ActPlane,ALL,full_stream,hybrid_shell,3,16,shell:search/text → wait/control → shell:search/text,543,0.008327326820740104,65207
project,ActPlane,ALL,full_stream,hybrid_shell,3,17,read → edit → read,536,0.008219976382903676,65207
project,ActPlane,ALL,full_stream,hybrid_shell,3,18,shell:search/text → shell:search/text → wait/control,461,0.007069793120370513,65207
project,ActPlane,ALL,full_stream,hybrid_shell,3,19,shell:git/repository → shell:git/repository → shell:search/text,418,0.006410354716518165,65207
project,ActPlane,ALL,full_stream,hybrid_shell,3,20,shell:data/analysis/runtime → wait/control → wait/control,417,0.00639501893968439,65207
project,ActPlane,ALL,full_stream,hybrid_shell,3,21,shell:search/text → shell:search/text → shell:git/repository,410,0.006287668501847961,65207
project,ActPlane,ALL,full_stream,hybrid_shell,3,22,edit → edit → read,406,0.0062263253945128594,65207
project,ActPlane,ALL,full_stream,hybrid_shell,3,23,shell:search/text → edit → shell:search/text,393,0.006026960295673778,65207
project,ActPlane,ALL,full_stream,hybrid_shell,3,24,read → read → edit,385,0.005904274081003573,65207
project,ActPlane,ALL,full_stream,hybrid_shell,3,25,shell:search/text → shell:search/text → shell:data/analysis/runtime,374,0.0057355805358320425,65207
project,ActPlane,ALL,full_stream,hybrid_shell,3,26,shell:other → shell:other → shell:other,363,0.005566886990660512,65207
project,ActPlane,ALL,full_stream,hybrid_shell,3,27,shell:container/orchestration → wait/control → shell:container/orchestration,350,0.00536752189182143,65207
project,ActPlane,ALL,full_stream,hybrid_shell,3,28,shell:data/analysis/runtime → shell:search/text → shell:search/text,350,0.00536752189182143,65207
project,ActPlane,ALL,full_stream,hybrid_shell,3,29,edit → shell:search/text → edit,332,0.005091477908813471,65207
project,ActPlane,ALL,full_stream,hybrid_shell,3,30,shell:container/orchestration → shell:container/orchestration → wait/control,326,0.004999463247810818,65207
project,ActPlane,ALL,full_stream,hybrid_shell,4,1,shell:search/text → shell:search/text → shell:search/text → shell:search/text,6930,0.10709153003353371,64711
project,ActPlane,ALL,full_stream,hybrid_shell,4,2,edit → edit → edit → edit,2415,0.037319775617746596,64711
project,ActPlane,ALL,full_stream,hybrid_shell,4,3,wait/control → wait/control → wait/control → wait/control,2221,0.03432183090973714,64711
project,ActPlane,ALL,full_stream,hybrid_shell,4,4,shell:git/repository → shell:git/repository → shell:git/repository → shell:git/repository,1311,0.02025930676391958,64711
project,ActPlane,ALL,full_stream,hybrid_shell,4,5,read → read → read → read,735,0.011358192579314181,64711
project,ActPlane,ALL,full_stream,hybrid_shell,4,6,shell:search/text → shell:search/text → shell:search/text → edit,694,0.010724606326590534,64711
project,ActPlane,ALL,full_stream,hybrid_shell,4,7,search → search → search → search,499,0.007711208295343914,64711
project,ActPlane,ALL,full_stream,hybrid_shell,4,8,shell:search/text → shell:search/text → edit → edit,445,0.006876728840537158,64711
project,ActPlane,ALL,full_stream,hybrid_shell,4,9,shell:git/repository → shell:search/text → shell:search/text → shell:search/text,414,0.006397675820185131,64711
project,ActPlane,ALL,full_stream,hybrid_shell,4,10,read → edit → read → edit,379,0.0058568095068844556,64711
project,ActPlane,ALL,full_stream,hybrid_shell,4,11,shell:search/text → wait/control → shell:search/text → shell:search/text,361,0.005578649688615537,64711
project,ActPlane,ALL,full_stream,hybrid_shell,4,12,shell:search/text → edit → edit → edit,353,0.00545502310271824,64711
project,ActPlane,ALL,full_stream,hybrid_shell,4,13,shell:search/text → shell:search/text → wait/control → shell:search/text,348,0.005377756486532429,64711
project,ActPlane,ALL,full_stream,hybrid_shell,4,14,edit → read → edit → read,343,0.005300489870346618,64711
project,ActPlane,ALL,full_stream,hybrid_shell,4,15,edit → shell:search/text → shell:search/text → shell:search/text,341,0.0052695832238722935,64711
project,ActPlane,ALL,full_stream,hybrid_shell,4,16,edit → edit → edit → shell:search/text,324,0.005006876728840537,64711
project,ActPlane,ALL,full_stream,hybrid_shell,4,17,read → edit → edit → edit,312,0.004821436849994591,64711
project,ActPlane,ALL,full_stream,hybrid_shell,4,18,edit → edit → read → edit,285,0.0044041971225912135,64711
project,ActPlane,ALL,full_stream,hybrid_shell,4,19,edit → edit → shell:search/text → shell:search/text,279,0.00431147718316824,64711
project,ActPlane,ALL,full_stream,hybrid_shell,4,20,shell:data/analysis/runtime → shell:data/analysis/runtime → shell:data/analysis/runtime → shell:data/analysis/runtime,278,0.004296023859931078,64711
project,ActPlane,ALL,full_stream,hybrid_shell,4,21,wait/control → shell:search/text → shell:search/text → shell:search/text,258,0.003986957395187835,64711
project,ActPlane,ALL,full_stream,hybrid_shell,4,22,shell:search/text → shell:search/text → shell:search/text → shell:data/analysis/runtime,252,0.003894237455764862,64711
project,ActPlane,ALL,full_stream,hybrid_shell,4,23,shell:search/text → shell:search/text → edit → shell:search/text,247,0.0038169708395790515,64711
project,ActPlane,ALL,full_stream,hybrid_shell,4,24,edit → read → edit → edit,245,0.003786064193104727,64711
project,ActPlane,ALL,full_stream,hybrid_shell,4,25,shell:git/repository → shell:git/repository → shell:search/text → shell:search/text,243,0.0037551575466304027,64711
project,ActPlane,ALL,full_stream,hybrid_shell,4,26,wait/control → shell:container/orchestration → shell:container/orchestration → wait/control,237,0.00366243760720743,64711
project,ActPlane,ALL,full_stream,hybrid_shell,4,27,wait/control → shell:search/text → shell:search/text → wait/control,227,0.0035079043748358083,64711
project,ActPlane,ALL,full_stream,hybrid_shell,4,28,read → read → edit → edit,217,0.003353371142464187,64711
project,ActPlane,ALL,full_stream,hybrid_shell,4,29,shell:git/repository → shell:git/repository → shell:git/repository → shell:search/text,215,0.0033224644959898627,64711
project,ActPlane,ALL,full_stream,hybrid_shell,4,30,shell:search/text → shell:search/text → shell:search/text → shell:git/repository,214,0.0033070111727527005,64711
project,ActPlane,ALL,full_stream,tool_family,2,1,shell → shell,32276,0.4911661315112687,65713
project,ActPlane,ALL,full_stream,tool_family,2,2,edit → edit,4730,0.07197966916744024,65713
project,ActPlane,ALL,full_stream,tool_family,2,3,shell → wait/control,4191,0.06377733477394124,65713
project,ActPlane,ALL,full_stream,tool_family,2,4,wait/control → shell,3944,0.06001856558063093,65713
project,ActPlane,ALL,full_stream,tool_family,2,5,wait/control → wait/control,3879,0.059029415792917685,65713
project,ActPlane,ALL,full_stream,tool_family,2,6,edit → shell,2851,0.043385631458006786,65713
project,ActPlane,ALL,full_stream,tool_family,2,7,shell → edit,2285,0.034772419460380746,65713
project,ActPlane,ALL,full_stream,tool_family,2,8,read → read,1911,0.029081003758769194,65713
project,ActPlane,ALL,full_stream,tool_family,2,9,read → edit,1468,0.022339567513277432,65713
project,ActPlane,ALL,full_stream,tool_family,2,10,shell → read,1052,0.01600900887191271,65713
project,ActPlane,ALL,full_stream,tool_family,2,11,edit → read,1009,0.0153546482431178,65713
project,ActPlane,ALL,full_stream,tool_family,2,12,search → search,845,0.012858947240272093,65713
project,ActPlane,ALL,full_stream,tool_family,2,13,read → shell,616,0.009374096449713147,65713
project,ActPlane,ALL,full_stream,tool_family,2,14,plan/goal → shell,588,0.008948001156544367,65713
project,ActPlane,ALL,full_stream,tool_family,2,15,shell → plan/goal,484,0.007365361496203187,65713
project,ActPlane,ALL,full_stream,tool_family,2,16,fetch → fetch,474,0.007213184605785765,65713
project,ActPlane,ALL,full_stream,tool_family,2,17,search → fetch,208,0.0031652793206823613,65713
project,ActPlane,ALL,full_stream,tool_family,2,18,fetch → search,203,0.0030891908754736505,65713
project,ActPlane,ALL,full_stream,tool_family,2,19,task → task,185,0.0028152724727222925,65713
project,ActPlane,ALL,full_stream,tool_family,2,20,coordination → shell,176,0.0026783132713466135,65713
project,ActPlane,ALL,full_stream,tool_family,2,21,wait/control → edit,175,0.0026630955823048713,65713
project,ActPlane,ALL,full_stream,tool_family,2,22,write → shell,172,0.002617442515179645,65713
project,ActPlane,ALL,full_stream,tool_family,2,23,shell → coordination,164,0.002495701002845708,65713
project,ActPlane,ALL,full_stream,tool_family,2,24,write → write,135,0.002054388020635186,65713
project,ActPlane,ALL,full_stream,tool_family,2,25,read → write,110,0.0016739457945916334,65713
project,ActPlane,ALL,full_stream,tool_family,2,26,shell → write,110,0.0016739457945916334,65713
project,ActPlane,ALL,full_stream,tool_family,2,27,tool discovery → search,104,0.0015826396603411807,65713
project,ActPlane,ALL,full_stream,tool_family,2,28,task → shell,92,0.0014000273918402752,65713
project,ActPlane,ALL,full_stream,tool_family,2,29,shell → task,89,0.0013543743247150487,65713
project,ActPlane,ALL,full_stream,tool_family,2,30,edit → plan/goal,83,0.0012630681904645961,65713
project,ActPlane,ALL,full_stream,tool_family,3,1,shell → shell → shell,25899,0.39718128421795207,65207
project,ActPlane,ALL,full_stream,tool_family,3,2,edit → edit → edit,3199,0.04905915009124787,65207
project,ActPlane,ALL,full_stream,tool_family,3,3,shell → shell → wait/control,3021,0.046329381814835834,65207
project,ActPlane,ALL,full_stream,tool_family,3,4,wait/control → shell → shell,2898,0.04444308126428144,65207
project,ActPlane,ALL,full_stream,tool_family,3,5,shell → wait/control → shell,2888,0.044289723495943685,65207
project,ActPlane,ALL,full_stream,tool_family,3,6,wait/control → wait/control → wait/control,2725,0.04178999187203828,65207
project,ActPlane,ALL,full_stream,tool_family,3,7,edit → shell → shell,2084,0.03195975892158817,65207
project,ActPlane,ALL,full_stream,tool_family,3,8,shell → shell → edit,1758,0.026960295673777356,65207
project,ActPlane,ALL,full_stream,tool_family,3,9,shell → edit → shell,1301,0.019951845660741947,65207
project,ActPlane,ALL,full_stream,tool_family,3,10,shell → wait/control → wait/control,1147,0.017590136028340517,65207
project,ActPlane,ALL,full_stream,tool_family,3,11,read → read → read,1128,0.01729875626849878,65207
project,ActPlane,ALL,full_stream,tool_family,3,12,edit → edit → shell,1060,0.016255923443802046,65207
project,ActPlane,ALL,full_stream,tool_family,3,13,wait/control → wait/control → shell,1029,0.015780514361955003,65207
project,ActPlane,ALL,full_stream,tool_family,3,14,wait/control → shell → wait/control,988,0.015151747511770208,65207
project,ActPlane,ALL,full_stream,tool_family,3,15,shell → edit → edit,871,0.013357461622218474,65207
project,ActPlane,ALL,full_stream,tool_family,3,16,edit → read → edit,705,0.010811722667811738,65207
project,ActPlane,ALL,full_stream,tool_family,3,17,search → search → search,626,0.009600196297943472,65207
project,ActPlane,ALL,full_stream,tool_family,3,18,read → edit → edit,591,0.00906344410876133,65207
project,ActPlane,ALL,full_stream,tool_family,3,19,shell → shell → read,589,0.009032772555093778,65207
project,ActPlane,ALL,full_stream,tool_family,3,20,read → edit → read,536,0.008219976382903676,65207
project,ActPlane,ALL,full_stream,tool_family,3,21,plan/goal → shell → shell,520,0.007974603953563269,65207
project,ActPlane,ALL,full_stream,tool_family,3,22,shell → shell → plan/goal,447,0.0068550922446976555,65207
project,ActPlane,ALL,full_stream,tool_family,3,23,shell → read → read,424,0.0065023693775208185,65207
project,ActPlane,ALL,full_stream,tool_family,3,24,edit → edit → read,406,0.0062263253945128594,65207
project,ActPlane,ALL,full_stream,tool_family,3,25,edit → shell → edit,399,0.00611897495667643,65207
project,ActPlane,ALL,full_stream,tool_family,3,26,read → read → edit,385,0.005904274081003573,65207
project,ActPlane,ALL,full_stream,tool_family,3,27,shell → plan/goal → shell,350,0.00536752189182143,65207
project,ActPlane,ALL,full_stream,tool_family,3,28,read → shell → shell,340,0.005214164123483675,65207
project,ActPlane,ALL,full_stream,tool_family,3,29,shell → read → edit,328,0.005030134801478369,65207
project,ActPlane,ALL,full_stream,tool_family,3,30,read → edit → shell,312,0.004784762372137961,65207
project,ActPlane,ALL,full_stream,tool_family,4,1,shell → shell → shell → shell,21508,0.33237007618488357,64711
project,ActPlane,ALL,full_stream,tool_family,4,2,edit → edit → edit → edit,2415,0.037319775617746596,64711
project,ActPlane,ALL,full_stream,tool_family,4,3,wait/control → wait/control → wait/control → wait/control,2221,0.03432183090973714,64711
project,ActPlane,ALL,full_stream,tool_family,4,4,shell → wait/control → shell → shell,2153,0.03327100492961011,64711
project,ActPlane,ALL,full_stream,tool_family,4,5,shell → shell → wait/control → shell,2148,0.0331937383134243,64711
project,ActPlane,ALL,full_stream,tool_family,4,6,shell → shell → shell → wait/control,1749,0.027027862341796605,64711
project,ActPlane,ALL,full_stream,tool_family,4,7,wait/control → shell → shell → shell,1723,0.02662607593763039,64711
project,ActPlane,ALL,full_stream,tool_family,4,8,edit → shell → shell → shell,1565,0.024184450866158766,64711
project,ActPlane,ALL,full_stream,tool_family,4,9,shell → shell → shell → edit,1425,0.022020985612956068,64711
project,ActPlane,ALL,full_stream,tool_family,4,10,wait/control → shell → shell → wait/control,1120,0.01730772202562161,64711
project,ActPlane,ALL,full_stream,tool_family,4,11,shell → shell → edit → shell,1034,0.015978736227225666,64711
project,ActPlane,ALL,full_stream,tool_family,4,12,shell → edit → shell → shell,1019,0.015746936378668232,64711
project,ActPlane,ALL,full_stream,tool_family,4,13,edit → edit → shell → shell,768,0.011868152246140533,64711
project,ActPlane,ALL,full_stream,tool_family,4,14,shell → shell → wait/control → wait/control,752,0.011620899074345938,64711
project,ActPlane,ALL,full_stream,tool_family,4,15,read → read → read → read,735,0.011358192579314181,64711
project,ActPlane,ALL,full_stream,tool_family,4,16,wait/control → wait/control → shell → shell,718,0.011095486084282425,64711
project,ActPlane,ALL,full_stream,tool_family,4,17,shell → wait/control → shell → wait/control,702,0.010848232912487831,64711
project,ActPlane,ALL,full_stream,tool_family,4,18,wait/control → shell → wait/control → shell,672,0.010384633215372967,64711
project,ActPlane,ALL,full_stream,tool_family,4,19,shell → shell → edit → edit,658,0.010168286690052696,64711
project,ActPlane,ALL,full_stream,tool_family,4,20,shell → wait/control → wait/control → shell,568,0.008777487598708103,64711
project,ActPlane,ALL,full_stream,tool_family,4,21,edit → edit → edit → shell,547,0.008452967810727697,64711
project,ActPlane,ALL,full_stream,tool_family,4,22,shell → wait/control → wait/control → wait/control,502,0.0077575682650554,64711
project,ActPlane,ALL,full_stream,tool_family,4,23,search → search → search → search,499,0.007711208295343914,64711
project,ActPlane,ALL,full_stream,tool_family,4,24,plan/goal → shell → shell → shell,486,0.007510315093260805,64711
project,ActPlane,ALL,full_stream,tool_family,4,25,wait/control → wait/control → wait/control → shell,456,0.007046715396145941,64711
project,ActPlane,ALL,full_stream,tool_family,4,26,shell → edit → edit → edit,441,0.006814915547588509,64711
project,ActPlane,ALL,full_stream,tool_family,4,27,shell → shell → shell → plan/goal,409,0.00632040920399932,64711
project,ActPlane,ALL,full_stream,tool_family,4,28,shell → edit → edit → shell,387,0.005980436092781752,64711
project,ActPlane,ALL,full_stream,tool_family,4,29,read → edit → read → edit,379,0.0058568095068844556,64711
project,ActPlane,ALL,full_stream,tool_family,4,30,shell → shell → shell → read,366,0.005655916304801348,64711
project,ActPlane,ALL,same_prompt,hybrid_shell,2,1,shell:search/text → shell:search/text,12480,0.2008723784384104,62129
project,ActPlane,ALL,same_prompt,hybrid_shell,2,2,edit → edit,4411,0.0709974408086401,62129
project,ActPlane,ALL,same_prompt,hybrid_shell,2,3,wait/control → wait/control,3865,0.062209274251959636,62129
project,ActPlane,ALL,same_prompt,hybrid_shell,2,4,shell:git/repository → shell:git/repository,2825,0.0454699093820921,62129
project,ActPlane,ALL,same_prompt,hybrid_shell,2,5,read → read,1660,0.026718601619211642,62129
project,ActPlane,ALL,same_prompt,hybrid_shell,2,6,wait/control → shell:search/text,1489,0.02396626374156996,62129
project,ActPlane,ALL,same_prompt,hybrid_shell,2,7,shell:search/text → edit,1454,0.02340291973152634,62129
project,ActPlane,ALL,same_prompt,hybrid_shell,2,8,shell:data/analysis/runtime → shell:data/analysis/runtime,1243,0.020006760128120523,62129
project,ActPlane,ALL,same_prompt,hybrid_shell,2,9,read → edit,1234,0.019861900239823593,62129
project,ActPlane,ALL,same_prompt,hybrid_shell,2,10,edit → shell:search/text,1187,0.019105409712050735,62129
project,ActPlane,ALL,same_prompt,hybrid_shell,2,11,shell:search/text → wait/control,1065,0.017141753448470118,62129
project,ActPlane,ALL,same_prompt,hybrid_shell,2,12,shell:data/analysis/runtime → wait/control,861,0.013858262647073025,62129
project,ActPlane,ALL,same_prompt,hybrid_shell,2,13,shell:git/repository → shell:search/text,855,0.013761689388208405,62129
project,ActPlane,ALL,same_prompt,hybrid_shell,2,14,wait/control → shell:data/analysis/runtime,855,0.013761689388208405,62129
project,ActPlane,ALL,same_prompt,hybrid_shell,2,15,search → search,844,0.013584638413623267,62129
project,ActPlane,ALL,same_prompt,hybrid_shell,2,16,shell:data/analysis/runtime → shell:search/text,832,0.013391491895894028,62129
project,ActPlane,ALL,same_prompt,hybrid_shell,2,17,shell:container/orchestration → wait/control,787,0.012667192454409374,62129
project,ActPlane,ALL,same_prompt,hybrid_shell,2,18,shell:search/text → shell:data/analysis/runtime,771,0.012409663764103719,62129
project,ActPlane,ALL,same_prompt,hybrid_shell,2,19,shell:search/text → shell:git/repository,758,0.012200421703230376,62129
project,ActPlane,ALL,same_prompt,hybrid_shell,2,20,wait/control → shell:container/orchestration,742,0.011942893012924722,62129
project,ActPlane,ALL,same_prompt,hybrid_shell,2,21,shell:other → shell:other,676,0.010880587165413897,62129
project,ActPlane,ALL,same_prompt,hybrid_shell,2,22,edit → read,651,0.010478198586811312,62129
project,ActPlane,ALL,same_prompt,hybrid_shell,2,23,shell:other → wait/control,627,0.01009190555135283,62129
project,ActPlane,ALL,same_prompt,hybrid_shell,2,24,shell:search/text → shell:container/orchestration,580,0.009335415023579971,62129
project,ActPlane,ALL,same_prompt,hybrid_shell,2,25,shell:search/text → read,557,0.008965217531265593,62129
project,ActPlane,ALL,same_prompt,hybrid_shell,2,26,shell:container/orchestration → shell:container/orchestration,553,0.008900835358689178,62129
project,ActPlane,ALL,same_prompt,hybrid_shell,2,27,shell:test → shell:test,545,0.008772071013536352,62129
project,ActPlane,ALL,same_prompt,hybrid_shell,2,28,shell:search/text → shell:filesystem/navigation,495,0.007967293856331182,62129
project,ActPlane,ALL,same_prompt,hybrid_shell,2,29,shell:process/system → wait/control,492,0.007919007226898872,62129
project,ActPlane,ALL,same_prompt,hybrid_shell,2,30,shell:filesystem/navigation → shell:search/text,488,0.007854625054322458,62129
project,ActPlane,ALL,same_prompt,hybrid_shell,3,1,shell:search/text → shell:search/text → shell:search/text,8628,0.14608624980951898,59061
project,ActPlane,ALL,same_prompt,hybrid_shell,3,2,edit → edit → edit,2967,0.05023619647483111,59061
project,ActPlane,ALL,same_prompt,hybrid_shell,3,3,wait/control → wait/control → wait/control,2718,0.04602021638644791,59061
project,ActPlane,ALL,same_prompt,hybrid_shell,3,4,shell:git/repository → shell:git/repository → shell:git/repository,1789,0.030290716377982085,59061
project,ActPlane,ALL,same_prompt,hybrid_shell,3,5,shell:search/text → shell:search/text → edit,944,0.015983474712585294,59061
project,ActPlane,ALL,same_prompt,hybrid_shell,3,6,read → read → read,934,0.015814158243172314,59061
project,ActPlane,ALL,same_prompt,hybrid_shell,3,7,wait/control → shell:search/text → shell:search/text,813,0.013765428963275258,59061
project,ActPlane,ALL,same_prompt,hybrid_shell,3,8,search → search → search,625,0.010582279338311238,59061
project,ActPlane,ALL,same_prompt,hybrid_shell,3,9,shell:search/text → edit → edit,603,0.010209783105602681,59061
project,ActPlane,ALL,same_prompt,hybrid_shell,3,10,shell:search/text → wait/control → shell:search/text,542,0.009176952642183505,59061
project,ActPlane,ALL,same_prompt,hybrid_shell,3,11,edit → shell:search/text → shell:search/text,527,0.008922977938064035,59061
project,ActPlane,ALL,same_prompt,hybrid_shell,3,12,edit → edit → shell:search/text,499,0.008448891823707692,59061
project,ActPlane,ALL,same_prompt,hybrid_shell,3,13,shell:git/repository → shell:search/text → shell:search/text,492,0.008330370295118607,59061
project,ActPlane,ALL,same_prompt,hybrid_shell,3,14,shell:data/analysis/runtime → shell:data/analysis/runtime → shell:data/analysis/runtime,480,0.008127190531823031,59061
project,ActPlane,ALL,same_prompt,hybrid_shell,3,15,shell:search/text → shell:search/text → wait/control,461,0.007805489239938369,59061
project,ActPlane,ALL,same_prompt,hybrid_shell,3,16,edit → read → edit,456,0.007720831005231879,59061
project,ActPlane,ALL,same_prompt,hybrid_shell,3,17,shell:data/analysis/runtime → wait/control → wait/control,413,0.006992770186756066,59061
project,ActPlane,ALL,same_prompt,hybrid_shell,3,18,read → edit → edit,404,0.006840385364284384,59061
project,ActPlane,ALL,same_prompt,hybrid_shell,3,19,shell:search/text → shell:search/text → shell:git/repository,376,0.006366299249928041,59061
project,ActPlane,ALL,same_prompt,hybrid_shell,3,20,shell:git/repository → shell:git/repository → shell:search/text,362,0.006129256192749869,59061
project,ActPlane,ALL,same_prompt,hybrid_shell,3,21,shell:other → shell:other → shell:other,361,0.006112324545808571,59061
project,ActPlane,ALL,same_prompt,hybrid_shell,3,22,shell:container/orchestration → wait/control → shell:container/orchestration,350,0.005926076429454293,59061
project,ActPlane,ALL,same_prompt,hybrid_shell,3,23,shell:search/text → shell:search/text → shell:data/analysis/runtime,348,0.005892213135571697,59061
project,ActPlane,ALL,same_prompt,hybrid_shell,3,24,shell:container/orchestration → shell:container/orchestration → wait/control,326,0.005519716902863142,59061
project,ActPlane,ALL,same_prompt,hybrid_shell,3,25,shell:search/text → edit → shell:search/text,313,0.005299605492626268,59061
project,ActPlane,ALL,same_prompt,hybrid_shell,3,26,read → edit → read,304,0.0051472206701545856,59061
project,ActPlane,ALL,same_prompt,hybrid_shell,3,27,shell:data/analysis/runtime → shell:search/text → shell:search/text,304,0.0051472206701545856,59061
project,ActPlane,ALL,same_prompt,hybrid_shell,3,28,wait/control → wait/control → shell:data/analysis/runtime,303,0.005130289023213288,59061
project,ActPlane,ALL,same_prompt,hybrid_shell,3,29,wait/control → shell:container/orchestration → shell:container/orchestration,298,0.005045630788506798,59061
project,ActPlane,ALL,same_prompt,hybrid_shell,3,30,shell:search/text → shell:git/repository → shell:git/repository,294,0.0049779042007416065,59061
project,ActPlane,ALL,same_prompt,hybrid_shell,4,1,shell:search/text → shell:search/text → shell:search/text → shell:search/text,6554,0.11574597343882452,56624
project,ActPlane,ALL,same_prompt,hybrid_shell,4,2,edit → edit → edit → edit,2231,0.03940025430912687,56624
project,ActPlane,ALL,same_prompt,hybrid_shell,4,3,wait/control → wait/control → wait/control → wait/control,2216,0.03913534896863521,56624
project,ActPlane,ALL,same_prompt,hybrid_shell,4,4,shell:git/repository → shell:git/repository → shell:git/repository → shell:git/repository,1223,0.02159861542808703,56624
project,ActPlane,ALL,same_prompt,hybrid_shell,4,5,shell:search/text → shell:search/text → shell:search/text → edit,654,0.011549872845436564,56624
project,ActPlane,ALL,same_prompt,hybrid_shell,4,6,read → read → read → read,598,0.010560892907601017,56624
project,ActPlane,ALL,same_prompt,hybrid_shell,4,7,search → search → search → search,499,0.008812517660356033,56624
project,ActPlane,ALL,same_prompt,hybrid_shell,4,8,shell:search/text → shell:search/text → edit → edit,415,0.007329047753602712,56624
project,ActPlane,ALL,same_prompt,hybrid_shell,4,9,shell:search/text → wait/control → shell:search/text → shell:search/text,360,0.006357728171799943,56624
project,ActPlane,ALL,same_prompt,hybrid_shell,4,10,shell:git/repository → shell:search/text → shell:search/text → shell:search/text,348,0.006145803899406612,56624
project,ActPlane,ALL,same_prompt,hybrid_shell,4,11,shell:search/text → shell:search/text → wait/control → shell:search/text,348,0.006145803899406612,56624
project,ActPlane,ALL,same_prompt,hybrid_shell,4,12,shell:search/text → edit → edit → edit,327,0.005774936422718282,56624
project,ActPlane,ALL,same_prompt,hybrid_shell,4,13,edit → edit → edit → shell:search/text,280,0.004944899689177734,56624
project,ActPlane,ALL,same_prompt,hybrid_shell,4,14,edit → shell:search/text → shell:search/text → shell:search/text,268,0.0047329754167844025,56624
project,ActPlane,ALL,same_prompt,hybrid_shell,4,15,wait/control → shell:search/text → shell:search/text → shell:search/text,257,0.004538711500423848,56624
project,ActPlane,ALL,same_prompt,hybrid_shell,4,16,wait/control → shell:container/orchestration → shell:container/orchestration → wait/control,237,0.004185504379768296,56624
project,ActPlane,ALL,same_prompt,hybrid_shell,4,17,shell:data/analysis/runtime → shell:data/analysis/runtime → shell:data/analysis/runtime → shell:data/analysis/runtime,236,0.004167844023735518,56624
project,ActPlane,ALL,same_prompt,hybrid_shell,4,18,edit → edit → shell:search/text → shell:search/text,234,0.004132523311669963,56624
project,ActPlane,ALL,same_prompt,hybrid_shell,4,19,read → edit → read → edit,228,0.004026561175473298,56624
project,ActPlane,ALL,same_prompt,hybrid_shell,4,20,shell:search/text → shell:search/text → shell:search/text → shell:data/analysis/runtime,227,0.00400890081944052,56624
project,ActPlane,ALL,same_prompt,hybrid_shell,4,21,wait/control → shell:search/text → shell:search/text → wait/control,227,0.00400890081944052,56624
project,ActPlane,ALL,same_prompt,hybrid_shell,4,22,read → edit → edit → edit,209,0.0036910144108505227,56624
project,ActPlane,ALL,same_prompt,hybrid_shell,4,23,shell:search/text → shell:search/text → edit → shell:search/text,209,0.0036910144108505227,56624
project,ActPlane,ALL,same_prompt,hybrid_shell,4,24,shell:data/analysis/runtime → wait/control → wait/control → wait/control,206,0.00363803334275219,56624
project,ActPlane,ALL,same_prompt,hybrid_shell,4,25,shell:other → shell:other → shell:other → shell:other,206,0.00363803334275219,56624
project,ActPlane,ALL,same_prompt,hybrid_shell,4,26,shell:git/repository → shell:git/repository → shell:search/text → shell:search/text,203,0.003585052274653857,56624
project,ActPlane,ALL,same_prompt,hybrid_shell,4,27,fetch → fetch → fetch → fetch,200,0.0035320712065555243,56624
project,ActPlane,ALL,same_prompt,hybrid_shell,4,28,shell:search/text → shell:search/text → shell:search/text → shell:git/repository,186,0.0032848262220966373,56624
project,ActPlane,ALL,same_prompt,hybrid_shell,4,29,edit → read → edit → read,185,0.0032671658660638598,56624
project,ActPlane,ALL,same_prompt,hybrid_shell,4,30,shell:search/text → shell:search/text → shell:search/text → wait/control,185,0.0032671658660638598,56624
project,ActPlane,ALL,same_prompt,tool_family,2,1,shell → shell,31239,0.502808672278646,62129
project,ActPlane,ALL,same_prompt,tool_family,2,2,edit → edit,4411,0.0709974408086401,62129
project,ActPlane,ALL,same_prompt,tool_family,2,3,shell → wait/control,4179,0.0672632747992081,62129
project,ActPlane,ALL,same_prompt,tool_family,2,4,wait/control → shell,3914,0.0629979558660207,62129
project,ActPlane,ALL,same_prompt,tool_family,2,5,wait/control → wait/control,3865,0.062209274251959636,62129
project,ActPlane,ALL,same_prompt,tool_family,2,6,edit → shell,2581,0.04154259685493087,62129
project,ActPlane,ALL,same_prompt,tool_family,2,7,shell → edit,2106,0.033897213861481756,62129
project,ActPlane,ALL,same_prompt,tool_family,2,8,read → read,1660,0.026718601619211642,62129
project,ActPlane,ALL,same_prompt,tool_family,2,9,read → edit,1234,0.019861900239823593,62129
project,ActPlane,ALL,same_prompt,tool_family,2,10,search → search,844,0.013584638413623267,62129
project,ActPlane,ALL,same_prompt,tool_family,2,11,shell → read,825,0.013278823093885303,62129
project,ActPlane,ALL,same_prompt,tool_family,2,12,edit → read,651,0.010478198586811312,62129
project,ActPlane,ALL,same_prompt,tool_family,2,13,plan/goal → shell,540,0.008691593297815835,62129
project,ActPlane,ALL,same_prompt,tool_family,2,14,read → shell,511,0.008224822546636836,62129
project,ActPlane,ALL,same_prompt,tool_family,2,15,fetch → fetch,474,0.0076292874503050105,62129
project,ActPlane,ALL,same_prompt,tool_family,2,16,shell → plan/goal,414,0.006663554861658806,62129
project,ActPlane,ALL,same_prompt,tool_family,2,17,search → fetch,208,0.003347872973973507,62129
project,ActPlane,ALL,same_prompt,tool_family,2,18,fetch → search,203,0.00326739525825299,62129
project,ActPlane,ALL,same_prompt,tool_family,2,19,coordination → shell,174,0.002800624507073991,62129
project,ActPlane,ALL,same_prompt,tool_family,2,20,wait/control → edit,173,0.002784528963929888,62129
project,ActPlane,ALL,same_prompt,tool_family,2,21,shell → coordination,163,0.002623573532488854,62129
project,ActPlane,ALL,same_prompt,tool_family,2,22,task → task,154,0.0024787136441919233,62129
project,ActPlane,ALL,same_prompt,tool_family,2,23,write → shell,139,0.0022372804970303725,62129
project,ActPlane,ALL,same_prompt,tool_family,2,24,write → write,119,0.0019153696341483043,62129
project,ActPlane,ALL,same_prompt,tool_family,2,25,tool discovery → search,104,0.0016739364869867534,62129
project,ActPlane,ALL,same_prompt,tool_family,2,26,shell → write,89,0.0014325033398252024,62129
project,ActPlane,ALL,same_prompt,tool_family,2,27,read → write,87,0.0014003122535369956,62129
project,ActPlane,ALL,same_prompt,tool_family,2,28,coordination → coordination,81,0.0013037389946723753,62129
project,ActPlane,ALL,same_prompt,tool_family,2,29,tool discovery → fetch,75,0.0012071657358077548,62129
project,ActPlane,ALL,same_prompt,tool_family,2,30,wait/control → plan/goal,70,0.001126688020087238,62129
project,ActPlane,ALL,same_prompt,tool_family,3,1,shell → shell → shell,24254,0.41066016491424123,59061
project,ActPlane,ALL,same_prompt,tool_family,3,2,shell → shell → wait/control,3006,0.050896530705541725,59061
project,ActPlane,ALL,same_prompt,tool_family,3,3,edit → edit → edit,2967,0.05023619647483111,59061
project,ActPlane,ALL,same_prompt,tool_family,3,4,wait/control → shell → shell,2864,0.04849223683987741,59061
project,ActPlane,ALL,same_prompt,tool_family,3,5,shell → wait/control → shell,2862,0.04845837354599482,59061
project,ActPlane,ALL,same_prompt,tool_family,3,6,wait/control → wait/control → wait/control,2718,0.04602021638644791,59061
project,ActPlane,ALL,same_prompt,tool_family,3,7,edit → shell → shell,1846,0.031255820253636074,59061
project,ActPlane,ALL,same_prompt,tool_family,3,8,shell → shell → edit,1623,0.02748006298572662,59061
project,ActPlane,ALL,same_prompt,tool_family,3,9,shell → edit → shell,1137,0.019251282572255803,59061
project,ActPlane,ALL,same_prompt,tool_family,3,10,shell → wait/control → wait/control,1135,0.019217419278373206,59061
project,ActPlane,ALL,same_prompt,tool_family,3,11,wait/control → wait/control → shell,1005,0.01701630517600447,59061
project,ActPlane,ALL,same_prompt,tool_family,3,12,wait/control → shell → wait/control,984,0.016660740590237214,59061
project,ActPlane,ALL,same_prompt,tool_family,3,13,read → read → read,934,0.015814158243172314,59061
project,ActPlane,ALL,same_prompt,tool_family,3,14,edit → edit → shell,923,0.015627910126818037,59061
project,ActPlane,ALL,same_prompt,tool_family,3,15,shell → edit → edit,788,0.013342137789742808,59061
project,ActPlane,ALL,same_prompt,tool_family,3,16,search → search → search,625,0.010582279338311238,59061
project,ActPlane,ALL,same_prompt,tool_family,3,17,plan/goal → shell → shell,474,0.008025600650175243,59061
project,ActPlane,ALL,same_prompt,tool_family,3,18,edit → read → edit,456,0.007720831005231879,59061
project,ActPlane,ALL,same_prompt,tool_family,3,19,shell → shell → read,415,0.007026633480638662,59061
project,ActPlane,ALL,same_prompt,tool_family,3,20,read → edit → edit,404,0.006840385364284384,59061
project,ActPlane,ALL,same_prompt,tool_family,3,21,shell → shell → plan/goal,381,0.006450957484634531,59061
project,ActPlane,ALL,same_prompt,tool_family,3,22,read → edit → read,304,0.0051472206701545856,59061
project,ActPlane,ALL,same_prompt,tool_family,3,23,edit → shell → edit,294,0.0049779042007416065,59061
project,ActPlane,ALL,same_prompt,tool_family,3,24,fetch → fetch → fetch,293,0.004960972553800308,59061
project,ActPlane,ALL,same_prompt,tool_family,3,25,shell → read → read,280,0.0047408611435634344,59061
project,ActPlane,ALL,same_prompt,tool_family,3,26,read → shell → shell,265,0.0044868864394439645,59061
project,ActPlane,ALL,same_prompt,tool_family,3,27,shell → plan/goal → shell,264,0.004469954792502667,59061
project,ActPlane,ALL,same_prompt,tool_family,3,28,read → read → edit,237,0.004012800325087621,59061
project,ActPlane,ALL,same_prompt,tool_family,3,29,edit → edit → read,229,0.0038773471495572374,59061
project,ActPlane,ALL,same_prompt,tool_family,3,30,read → read → shell,210,0.003555645857672576,59061
project,ActPlane,ALL,same_prompt,tool_family,4,1,shell → shell → shell → shell,19519,0.3447124894037864,56624
project,ActPlane,ALL,same_prompt,tool_family,4,2,edit → edit → edit → edit,2231,0.03940025430912687,56624
project,ActPlane,ALL,same_prompt,tool_family,4,3,wait/control → wait/control → wait/control → wait/control,2216,0.03913534896863521,56624
project,ActPlane,ALL,same_prompt,tool_family,4,4,shell → shell → wait/control → shell,2129,0.037598897993783555,56624
project,ActPlane,ALL,same_prompt,tool_family,4,5,shell → wait/control → shell → shell,2123,0.03749293585758689,56624
project,ActPlane,ALL,same_prompt,tool_family,4,6,shell → shell → shell → wait/control,1732,0.03058773664877084,56624
project,ActPlane,ALL,same_prompt,tool_family,4,7,wait/control → shell → shell → shell,1682,0.02970471884713196,56624
project,ActPlane,ALL,same_prompt,tool_family,4,8,edit → shell → shell → shell,1353,0.02389446171234812,56624
project,ActPlane,ALL,same_prompt,tool_family,4,9,shell → shell → shell → edit,1286,0.02271121785815202,56624
project,ActPlane,ALL,same_prompt,tool_family,4,10,wait/control → shell → shell → wait/control,1119,0.019761938400678157,56624
project,ActPlane,ALL,same_prompt,tool_family,4,11,shell → shell → edit → shell,915,0.016159225769991525,56624
project,ActPlane,ALL,same_prompt,tool_family,4,12,shell → edit → shell → shell,895,0.015806018649335972,56624
project,ActPlane,ALL,same_prompt,tool_family,4,13,shell → shell → wait/control → wait/control,738,0.013033342752189885,56624
project,ActPlane,ALL,same_prompt,tool_family,4,14,shell → wait/control → shell → wait/control,699,0.012344588866911557,56624
project,ActPlane,ALL,same_prompt,tool_family,4,15,wait/control → wait/control → shell → shell,696,0.012291607798813223,56624
project,ActPlane,ALL,same_prompt,tool_family,4,16,wait/control → shell → wait/control → shell,662,0.011691155693698784,56624
project,ActPlane,ALL,same_prompt,tool_family,4,17,edit → edit → shell → shell,658,0.011620514269567674,56624
project,ActPlane,ALL,same_prompt,tool_family,4,18,read → read → read → read,598,0.010560892907601017,56624
project,ActPlane,ALL,same_prompt,tool_family,4,19,shell → shell → edit → edit,596,0.010525572195535461,56624
project,ActPlane,ALL,same_prompt,tool_family,4,20,shell → wait/control → wait/control → shell,554,0.009783837242158802,56624
project,ActPlane,ALL,same_prompt,tool_family,4,21,search → search → search → search,499,0.008812517660356033,56624
project,ActPlane,ALL,same_prompt,tool_family,4,22,shell → wait/control → wait/control → wait/control,497,0.008777196948290478,56624
project,ActPlane,ALL,same_prompt,tool_family,4,23,edit → edit → edit → shell,472,0.008335688047471037,56624
project,ActPlane,ALL,same_prompt,tool_family,4,24,plan/goal → shell → shell → shell,446,0.00787651879061882,56624
project,ActPlane,ALL,same_prompt,tool_family,4,25,wait/control → wait/control → wait/control → shell,444,0.007841198078553263,56624
project,ActPlane,ALL,same_prompt,tool_family,4,26,shell → edit → edit → edit,404,0.007134783837242159,56624
project,ActPlane,ALL,same_prompt,tool_family,4,27,shell → shell → shell → plan/goal,350,0.006181124611472168,56624
project,ActPlane,ALL,same_prompt,tool_family,4,28,shell → edit → edit → shell,341,0.006022181407177168,56624
project,ActPlane,ALL,same_prompt,tool_family,4,29,wait/control → shell → wait/control → wait/control,294,0.0051921446736366205,56624
project,ActPlane,ALL,same_prompt,tool_family,4,30,wait/control → wait/control → shell → wait/control,283,0.004997880757276067,56624
project_vendor,ActPlane,claude,full_stream,hybrid_shell,2,1,edit → edit,3114,0.17685143116765106,17608
project_vendor,ActPlane,claude,full_stream,hybrid_shell,2,2,read → read,1911,0.10853021353930031,17608
project_vendor,ActPlane,claude,full_stream,hybrid_shell,2,3,read → edit,1468,0.0833711949114039,17608
project_vendor,ActPlane,claude,full_stream,hybrid_shell,2,4,shell:search/text → shell:search/text,1342,0.07621535665606542,17608
project_vendor,ActPlane,claude,full_stream,hybrid_shell,2,5,edit → read,1009,0.05730349840981372,17608
project_vendor,ActPlane,claude,full_stream,hybrid_shell,2,6,search → search,845,0.04798955020445252,17608
project_vendor,ActPlane,claude,full_stream,hybrid_shell,2,7,shell:search/text → read,691,0.03924352567014993,17608
project_vendor,ActPlane,claude,full_stream,hybrid_shell,2,8,shell:git/repository → shell:git/repository,579,0.0328827805542935,17608
project_vendor,ActPlane,claude,full_stream,hybrid_shell,2,9,edit → shell:search/text,526,0.02987278509768287,17608
project_vendor,ActPlane,claude,full_stream,hybrid_shell,2,10,fetch → fetch,474,0.0269195820081781,17608
project_vendor,ActPlane,claude,full_stream,hybrid_shell,2,11,shell:filesystem/navigation → shell:filesystem/navigation,405,0.023000908677873695,17608
project_vendor,ActPlane,claude,full_stream,hybrid_shell,2,12,read → shell:search/text,395,0.022432985006815086,17608
project_vendor,ActPlane,claude,full_stream,hybrid_shell,2,13,shell:search/text → edit,257,0.01459563834620627,17608
project_vendor,ActPlane,claude,full_stream,hybrid_shell,2,14,shell:filesystem/navigation → shell:search/text,237,0.01345979100408905,17608
project_vendor,ActPlane,claude,full_stream,hybrid_shell,2,15,shell:search/text → shell:filesystem/navigation,226,0.01283507496592458,17608
project_vendor,ActPlane,claude,full_stream,hybrid_shell,2,16,search → fetch,208,0.011812812358019082,17608
project_vendor,ActPlane,claude,full_stream,hybrid_shell,2,17,fetch → search,203,0.011528850522489777,17608
project_vendor,ActPlane,claude,full_stream,hybrid_shell,2,18,shell:filesystem/navigation → read,202,0.011472058155383916,17608
project_vendor,ActPlane,claude,full_stream,hybrid_shell,2,19,read → shell:filesystem/navigation,165,0.00937074057246706,17608
project_vendor,ActPlane,claude,full_stream,hybrid_shell,2,20,shell:search/text → shell:data/analysis/runtime,151,0.008575647432985006,17608
project_vendor,ActPlane,claude,full_stream,hybrid_shell,2,21,task → task,146,0.008291685597455701,17608
project_vendor,ActPlane,claude,full_stream,hybrid_shell,2,22,shell:data/analysis/runtime → shell:data/analysis/runtime,142,0.008064516129032258,17608
project_vendor,ActPlane,claude,full_stream,hybrid_shell,2,23,write → write,135,0.007666969559291231,17608
project_vendor,ActPlane,claude,full_stream,hybrid_shell,2,24,write → shell:search/text,115,0.006531122217174012,17608
project_vendor,ActPlane,claude,full_stream,hybrid_shell,2,25,read → write,110,0.006247160381644707,17608
project_vendor,ActPlane,claude,full_stream,hybrid_shell,2,26,tool discovery → search,104,0.005906406179009541,17608
project_vendor,ActPlane,claude,full_stream,hybrid_shell,2,27,shell:data/analysis/runtime → shell:search/text,101,0.005736029077691958,17608
project_vendor,ActPlane,claude,full_stream,hybrid_shell,2,28,edit → shell:filesystem/navigation,100,0.005679236710586098,17608
project_vendor,ActPlane,claude,full_stream,hybrid_shell,2,29,shell:git/repository → shell:filesystem/navigation,90,0.005111313039527487,17608
project_vendor,ActPlane,claude,full_stream,hybrid_shell,2,30,shell:filesystem/navigation → shell:git/repository,83,0.004713766469786461,17608
project_vendor,ActPlane,claude,full_stream,hybrid_shell,3,1,edit → edit → edit,2343,0.13595218753626553,17234
project_vendor,ActPlane,claude,full_stream,hybrid_shell,3,2,read → read → read,1128,0.06545201346176163,17234
project_vendor,ActPlane,claude,full_stream,hybrid_shell,3,3,shell:search/text → shell:search/text → shell:search/text,766,0.04444702332598352,17234
project_vendor,ActPlane,claude,full_stream,hybrid_shell,3,4,edit → read → edit,705,0.040907508413601024,17234
project_vendor,ActPlane,claude,full_stream,hybrid_shell,3,5,search → search → search,626,0.036323546477892536,17234
project_vendor,ActPlane,claude,full_stream,hybrid_shell,3,6,read → edit → edit,591,0.03429267726586979,17234
project_vendor,ActPlane,claude,full_stream,hybrid_shell,3,7,read → edit → read,536,0.03110131136126262,17234
project_vendor,ActPlane,claude,full_stream,hybrid_shell,3,8,edit → edit → read,406,0.023558082859463852,17234
project_vendor,ActPlane,claude,full_stream,hybrid_shell,3,9,shell:git/repository → shell:git/repository → shell:git/repository,400,0.023209933851688524,17234
project_vendor,ActPlane,claude,full_stream,hybrid_shell,3,10,read → read → edit,385,0.022339561332250204,17234
project_vendor,ActPlane,claude,full_stream,hybrid_shell,3,11,fetch → fetch → fetch,293,0.017001276546361844,17234
project_vendor,ActPlane,claude,full_stream,hybrid_shell,3,12,shell:search/text → read → read,256,0.014854357665080654,17234
project_vendor,ActPlane,claude,full_stream,hybrid_shell,3,13,shell:search/text → shell:search/text → read,252,0.01462225832656377,17234
project_vendor,ActPlane,claude,full_stream,hybrid_shell,3,14,shell:search/text → read → edit,244,0.014158059649529998,17234
project_vendor,ActPlane,claude,full_stream,hybrid_shell,3,15,edit → read → read,225,0.013055587791574794,17234
project_vendor,ActPlane,claude,full_stream,hybrid_shell,3,16,edit → edit → shell:search/text,222,0.01288151328768713,17234
project_vendor,ActPlane,claude,full_stream,hybrid_shell,3,17,read → edit → shell:search/text,207,0.01201114076824881,17234
project_vendor,ActPlane,claude,full_stream,hybrid_shell,3,18,read → read → shell:search/text,192,0.01114076824881049,17234
project_vendor,ActPlane,claude,full_stream,hybrid_shell,3,19,shell:filesystem/navigation → shell:filesystem/navigation → shell:filesystem/navigation,181,0.010502495067889056,17234
project_vendor,ActPlane,claude,full_stream,hybrid_shell,3,20,edit → shell:search/text → read,165,0.009574097713821516,17234
project_vendor,ActPlane,claude,full_stream,hybrid_shell,3,21,read → shell:search/text → shell:search/text,165,0.009574097713821516,17234
project_vendor,ActPlane,claude,full_stream,hybrid_shell,3,22,edit → shell:search/text → shell:search/text,158,0.009167923871416966,17234
project_vendor,ActPlane,claude,full_stream,hybrid_shell,3,23,edit → shell:search/text → edit,149,0.008645700359753974,17234
project_vendor,ActPlane,claude,full_stream,hybrid_shell,3,24,search → fetch → fetch,136,0.007891377509574098,17234
project_vendor,ActPlane,claude,full_stream,hybrid_shell,3,25,search → search → fetch,126,0.007311129163281885,17234
project_vendor,ActPlane,claude,full_stream,hybrid_shell,3,26,shell:search/text → edit → edit,124,0.007195079494023442,17234
project_vendor,ActPlane,claude,full_stream,hybrid_shell,3,27,read → shell:search/text → read,122,0.007079029824764999,17234
project_vendor,ActPlane,claude,full_stream,hybrid_shell,3,28,shell:search/text → read → shell:search/text,114,0.006614831147731229,17234
project_vendor,ActPlane,claude,full_stream,hybrid_shell,3,29,fetch → fetch → search,112,0.006498781478472786,17234
project_vendor,ActPlane,claude,full_stream,hybrid_shell,3,30,write → write → write,103,0.005976557966809795,17234
project_vendor,ActPlane,claude,full_stream,hybrid_shell,4,1,edit → edit → edit → edit,1925,0.11411464817120161,16869
project_vendor,ActPlane,claude,full_stream,hybrid_shell,4,2,read → read → read → read,735,0.04357104748354971,16869
project_vendor,ActPlane,claude,full_stream,hybrid_shell,4,3,search → search → search → search,499,0.02958088801944395,16869
project_vendor,ActPlane,claude,full_stream,hybrid_shell,4,4,shell:search/text → shell:search/text → shell:search/text → shell:search/text,496,0.02940304700930701,16869
project_vendor,ActPlane,claude,full_stream,hybrid_shell,4,5,read → edit → read → edit,379,0.022467247613966446,16869
project_vendor,ActPlane,claude,full_stream,hybrid_shell,4,6,edit → read → edit → read,343,0.020333155492323195,16869
project_vendor,ActPlane,claude,full_stream,hybrid_shell,4,7,read → edit → edit → edit,312,0.01849546505424151,16869
project_vendor,ActPlane,claude,full_stream,hybrid_shell,4,8,shell:git/repository → shell:git/repository → shell:git/repository → shell:git/repository,293,0.01736913865670757,16869
project_vendor,ActPlane,claude,full_stream,hybrid_shell,4,9,edit → edit → read → edit,285,0.01689489596300907,16869
project_vendor,ActPlane,claude,full_stream,hybrid_shell,4,10,edit → read → edit → edit,245,0.01452368249451657,16869
project_vendor,ActPlane,claude,full_stream,hybrid_shell,4,11,read → read → edit → edit,217,0.012863833066571817,16869
project_vendor,ActPlane,claude,full_stream,hybrid_shell,4,12,edit → edit → edit → read,212,0.012567431383010256,16869
project_vendor,ActPlane,claude,full_stream,hybrid_shell,4,13,fetch → fetch → fetch → fetch,200,0.011856067342462506,16869
project_vendor,ActPlane,claude,full_stream,hybrid_shell,4,14,read → edit → edit → read,168,0.009959096567668505,16869
project_vendor,ActPlane,claude,full_stream,hybrid_shell,4,15,read → read → read → edit,167,0.009899816230956192,16869
project_vendor,ActPlane,claude,full_stream,hybrid_shell,4,16,edit → edit → edit → shell:search/text,135,0.008002845456162191,16869
project_vendor,ActPlane,claude,full_stream,hybrid_shell,4,17,shell:search/text → read → read → read,128,0.0075878830991760035,16869
project_vendor,ActPlane,claude,full_stream,hybrid_shell,4,18,shell:search/text → shell:search/text → shell:search/text → read,121,0.007172920742189816,16869
project_vendor,ActPlane,claude,full_stream,hybrid_shell,4,19,read → edit → read → read,120,0.007113640405477503,16869
project_vendor,ActPlane,claude,full_stream,hybrid_shell,4,20,edit → read → read → edit,116,0.006876519058628253,16869
project_vendor,ActPlane,claude,full_stream,hybrid_shell,4,21,read → read → read → shell:search/text,112,0.006639397711779003,16869
project_vendor,ActPlane,claude,full_stream,hybrid_shell,4,22,edit → shell:search/text → read → edit,107,0.006342996028217441,16869
project_vendor,ActPlane,claude,full_stream,hybrid_shell,4,23,shell:search/text → shell:search/text → read → read,105,0.006224435354792815,16869
project_vendor,ActPlane,claude,full_stream,hybrid_shell,4,24,read → read → edit → read,101,0.005987314007943565,16869
project_vendor,ActPlane,claude,full_stream,hybrid_shell,4,25,read → edit → shell:search/text → read,96,0.005690912324382002,16869
project_vendor,ActPlane,claude,full_stream,hybrid_shell,4,26,shell:filesystem/navigation → shell:filesystem/navigation → shell:filesystem/navigation → shell:filesystem/navigation,92,0.005453790977532753,16869
project_vendor,ActPlane,claude,full_stream,hybrid_shell,4,27,edit → edit → read → read,91,0.00539451064082044,16869
project_vendor,ActPlane,claude,full_stream,hybrid_shell,4,28,search → search → fetch → fetch,91,0.00539451064082044,16869
project_vendor,ActPlane,claude,full_stream,hybrid_shell,4,29,edit → read → read → read,87,0.0051573892939711895,16869
project_vendor,ActPlane,claude,full_stream,hybrid_shell,4,30,write → write → write → write,85,0.005038828620546565,16869
project_vendor,ActPlane,claude,full_stream,tool_family,2,1,shell → shell,4055,0.23029304861426625,17608
project_vendor,ActPlane,claude,full_stream,tool_family,2,2,edit → edit,3114,0.17685143116765106,17608
project_vendor,ActPlane,claude,full_stream,tool_family,2,3,read → read,1911,0.10853021353930031,17608
project_vendor,ActPlane,claude,full_stream,tool_family,2,4,read → edit,1468,0.0833711949114039,17608
project_vendor,ActPlane,claude,full_stream,tool_family,2,5,shell → read,1052,0.05974557019536574,17608
project_vendor,ActPlane,claude,full_stream,tool_family,2,6,edit → read,1009,0.05730349840981372,17608
project_vendor,ActPlane,claude,full_stream,tool_family,2,7,search → search,845,0.04798955020445252,17608
project_vendor,ActPlane,claude,full_stream,tool_family,2,8,edit → shell,775,0.04401408450704225,17608
project_vendor,ActPlane,claude,full_stream,tool_family,2,9,read → shell,616,0.03498409813721036,17608
project_vendor,ActPlane,claude,full_stream,tool_family,2,10,fetch → fetch,474,0.0269195820081781,17608
project_vendor,ActPlane,claude,full_stream,tool_family,2,11,shell → edit,362,0.020558836892321672,17608
project_vendor,ActPlane,claude,full_stream,tool_family,2,12,search → fetch,208,0.011812812358019082,17608
project_vendor,ActPlane,claude,full_stream,tool_family,2,13,fetch → search,203,0.011528850522489777,17608
project_vendor,ActPlane,claude,full_stream,tool_family,2,14,write → shell,172,0.009768287142208088,17608
project_vendor,ActPlane,claude,full_stream,tool_family,2,15,task → task,146,0.008291685597455701,17608
project_vendor,ActPlane,claude,full_stream,tool_family,2,16,write → write,135,0.007666969559291231,17608
project_vendor,ActPlane,claude,full_stream,tool_family,2,17,read → write,110,0.006247160381644707,17608
project_vendor,ActPlane,claude,full_stream,tool_family,2,18,shell → write,110,0.006247160381644707,17608
project_vendor,ActPlane,claude,full_stream,tool_family,2,19,tool discovery → search,104,0.005906406179009541,17608
project_vendor,ActPlane,claude,full_stream,tool_family,2,20,tool discovery → fetch,76,0.004316219900045434,17608
project_vendor,ActPlane,claude,full_stream,tool_family,2,21,task → read,64,0.003634711494775102,17608
project_vendor,ActPlane,claude,full_stream,tool_family,2,22,task → shell,62,0.0035211267605633804,17608
project_vendor,ActPlane,claude,full_stream,tool_family,2,23,shell → task,59,0.0033507496592457974,17608
project_vendor,ActPlane,claude,full_stream,tool_family,2,24,edit → task,41,0.0023284870513403,17608
project_vendor,ActPlane,claude,full_stream,tool_family,2,25,write → read,40,0.002271694684234439,17608
project_vendor,ActPlane,claude,full_stream,tool_family,2,26,read → task,36,0.002044525215810995,17608
project_vendor,ActPlane,claude,full_stream,tool_family,2,27,search → tool discovery,30,0.0017037710131758291,17608
project_vendor,ActPlane,claude,full_stream,tool_family,2,28,fetch → other,29,0.0016469786460699683,17608
project_vendor,ActPlane,claude,full_stream,tool_family,2,29,search → other,17,0.0009654702407996365,17608
project_vendor,ActPlane,claude,full_stream,tool_family,2,30,search → shell,17,0.0009654702407996365,17608
project_vendor,ActPlane,claude,full_stream,tool_family,3,1,shell → shell → shell,3068,0.17802019264245098,17234
project_vendor,ActPlane,claude,full_stream,tool_family,3,2,edit → edit → edit,2343,0.13595218753626553,17234
project_vendor,ActPlane,claude,full_stream,tool_family,3,3,read → read → read,1128,0.06545201346176163,17234
project_vendor,ActPlane,claude,full_stream,tool_family,3,4,edit → read → edit,705,0.040907508413601024,17234
project_vendor,ActPlane,claude,full_stream,tool_family,3,5,search → search → search,626,0.036323546477892536,17234
project_vendor,ActPlane,claude,full_stream,tool_family,3,6,read → edit → edit,591,0.03429267726586979,17234
project_vendor,ActPlane,claude,full_stream,tool_family,3,7,shell → shell → read,589,0.03417662759661135,17234
project_vendor,ActPlane,claude,full_stream,tool_family,3,8,read → edit → read,536,0.03110131136126262,17234
project_vendor,ActPlane,claude,full_stream,tool_family,3,9,shell → read → read,424,0.024602529882789836,17234
project_vendor,ActPlane,claude,full_stream,tool_family,3,10,edit → edit → read,406,0.023558082859463852,17234
project_vendor,ActPlane,claude,full_stream,tool_family,3,11,read → read → edit,385,0.022339561332250204,17234
project_vendor,ActPlane,claude,full_stream,tool_family,3,12,edit → shell → shell,377,0.021875362655216432,17234
project_vendor,ActPlane,claude,full_stream,tool_family,3,13,read → shell → shell,340,0.019728443773935244,17234
project_vendor,ActPlane,claude,full_stream,tool_family,3,14,shell → read → edit,328,0.019032145758384588,17234
project_vendor,ActPlane,claude,full_stream,tool_family,3,15,edit → edit → shell,323,0.018742021585238484,17234
project_vendor,ActPlane,claude,full_stream,tool_family,3,16,read → edit → shell,312,0.018103748404317048,17234
project_vendor,ActPlane,claude,full_stream,tool_family,3,17,fetch → fetch → fetch,293,0.017001276546361844,17234
project_vendor,ActPlane,claude,full_stream,tool_family,3,18,read → read → shell,273,0.015840779853777416,17234
project_vendor,ActPlane,claude,full_stream,tool_family,3,19,shell → read → shell,230,0.0133457119647209,17234
project_vendor,ActPlane,claude,full_stream,tool_family,3,20,edit → read → read,225,0.013055587791574794,17234
project_vendor,ActPlane,claude,full_stream,tool_family,3,21,edit → shell → read,197,0.011430892421956598,17234
project_vendor,ActPlane,claude,full_stream,tool_family,3,22,read → shell → read,184,0.01067656957177672,17234
project_vendor,ActPlane,claude,full_stream,tool_family,3,23,edit → shell → edit,173,0.010038296390855286,17234
project_vendor,ActPlane,claude,full_stream,tool_family,3,24,shell → edit → edit,165,0.009574097713821516,17234
project_vendor,ActPlane,claude,full_stream,tool_family,3,25,search → fetch → fetch,136,0.007891377509574098,17234
project_vendor,ActPlane,claude,full_stream,tool_family,3,26,shell → edit → shell,136,0.007891377509574098,17234
project_vendor,ActPlane,claude,full_stream,tool_family,3,27,shell → shell → edit,130,0.00754322850179877,17234
project_vendor,ActPlane,claude,full_stream,tool_family,3,28,search → search → fetch,126,0.007311129163281885,17234
project_vendor,ActPlane,claude,full_stream,tool_family,3,29,write → shell → shell,114,0.006614831147731229,17234
project_vendor,ActPlane,claude,full_stream,tool_family,3,30,fetch → fetch → search,112,0.006498781478472786,17234
project_vendor,ActPlane,claude,full_stream,tool_family,4,1,shell → shell → shell → shell,2434,0.14428833955776868,16869
project_vendor,ActPlane,claude,full_stream,tool_family,4,2,edit → edit → edit → edit,1925,0.11411464817120161,16869
project_vendor,ActPlane,claude,full_stream,tool_family,4,3,read → read → read → read,735,0.04357104748354971,16869
project_vendor,ActPlane,claude,full_stream,tool_family,4,4,search → search → search → search,499,0.02958088801944395,16869
project_vendor,ActPlane,claude,full_stream,tool_family,4,5,read → edit → read → edit,379,0.022467247613966446,16869
project_vendor,ActPlane,claude,full_stream,tool_family,4,6,shell → shell → shell → read,366,0.021696603236706385,16869
project_vendor,ActPlane,claude,full_stream,tool_family,4,7,edit → read → edit → read,343,0.020333155492323195,16869
project_vendor,ActPlane,claude,full_stream,tool_family,4,8,read → edit → edit → edit,312,0.01849546505424151,16869
project_vendor,ActPlane,claude,full_stream,tool_family,4,9,edit → edit → read → edit,285,0.01689489596300907,16869
project_vendor,ActPlane,claude,full_stream,tool_family,4,10,shell → shell → read → read,256,0.015175766198352007,16869
project_vendor,ActPlane,claude,full_stream,tool_family,4,11,edit → read → edit → edit,245,0.01452368249451657,16869
project_vendor,ActPlane,claude,full_stream,tool_family,4,12,edit → shell → shell → shell,245,0.01452368249451657,16869
project_vendor,ActPlane,claude,full_stream,tool_family,4,13,read → read → edit → edit,217,0.012863833066571817,16869
project_vendor,ActPlane,claude,full_stream,tool_family,4,14,shell → read → read → read,217,0.012863833066571817,16869
project_vendor,ActPlane,claude,full_stream,tool_family,4,15,edit → edit → edit → read,212,0.012567431383010256,16869
project_vendor,ActPlane,claude,full_stream,tool_family,4,16,read → shell → shell → shell,204,0.012093188689311755,16869
project_vendor,ActPlane,claude,full_stream,tool_family,4,17,fetch → fetch → fetch → fetch,200,0.011856067342462506,16869
project_vendor,ActPlane,claude,full_stream,tool_family,4,18,edit → edit → edit → shell,185,0.010966862291777818,16869
project_vendor,ActPlane,claude,full_stream,tool_family,4,19,read → edit → edit → read,168,0.009959096567668505,16869
project_vendor,ActPlane,claude,full_stream,tool_family,4,20,read → read → read → edit,167,0.009899816230956192,16869
project_vendor,ActPlane,claude,full_stream,tool_family,4,21,edit → edit → shell → shell,162,0.009603414547394629,16869
project_vendor,ActPlane,claude,full_stream,tool_family,4,22,read → read → read → shell,158,0.009366293200545378,16869
project_vendor,ActPlane,claude,full_stream,tool_family,4,23,shell → shell → read → edit,156,0.009247732527120755,16869
project_vendor,ActPlane,claude,full_stream,tool_family,4,24,read → read → shell → shell,155,0.009188452190408442,16869
project_vendor,ActPlane,claude,full_stream,tool_family,4,25,read → edit → shell → shell,150,0.008892050506846879,16869
project_vendor,ActPlane,claude,full_stream,tool_family,4,26,shell → shell → read → shell,145,0.008595648823285316,16869
project_vendor,ActPlane,claude,full_stream,tool_family,4,27,shell → read → edit → shell,134,0.007943565119449878,16869
project_vendor,ActPlane,claude,full_stream,tool_family,4,28,shell → read → shell → shell,126,0.007469322425751378,16869
project_vendor,ActPlane,claude,full_stream,tool_family,4,29,read → edit → read → read,120,0.007113640405477503,16869
project_vendor,ActPlane,claude,full_stream,tool_family,4,30,edit → shell → read → edit,119,0.0070543600687651906,16869
project_vendor,ActPlane,claude,same_prompt,hybrid_shell,2,1,edit → edit,2824,0.18856837606837606,14976
project_vendor,ActPlane,claude,same_prompt,hybrid_shell,2,2,read → read,1660,0.11084401709401709,14976
project_vendor,ActPlane,claude,same_prompt,hybrid_shell,2,3,read → edit,1234,0.08239850427350427,14976
project_vendor,ActPlane,claude,same_prompt,hybrid_shell,2,4,shell:search/text → shell:search/text,1209,0.08072916666666667,14976
project_vendor,ActPlane,claude,same_prompt,hybrid_shell,2,5,search → search,844,0.05635683760683761,14976
project_vendor,ActPlane,claude,same_prompt,hybrid_shell,2,6,edit → read,651,0.04346955128205128,14976
project_vendor,ActPlane,claude,same_prompt,hybrid_shell,2,7,shell:search/text → read,557,0.03719284188034188,14976
project_vendor,ActPlane,claude,same_prompt,hybrid_shell,2,8,shell:git/repository → shell:git/repository,527,0.03518963675213675,14976
project_vendor,ActPlane,claude,same_prompt,hybrid_shell,2,9,fetch → fetch,474,0.031650641025641024,14976
project_vendor,ActPlane,claude,same_prompt,hybrid_shell,2,10,edit → shell:search/text,420,0.028044871794871796,14976
project_vendor,ActPlane,claude,same_prompt,hybrid_shell,2,11,shell:filesystem/navigation → shell:filesystem/navigation,362,0.024172008547008548,14976
project_vendor,ActPlane,claude,same_prompt,hybrid_shell,2,12,read → shell:search/text,332,0.02216880341880342,14976
project_vendor,ActPlane,claude,same_prompt,hybrid_shell,2,13,search → fetch,208,0.013888888888888888,14976
project_vendor,ActPlane,claude,same_prompt,hybrid_shell,2,14,shell:filesystem/navigation → shell:search/text,204,0.013621794871794872,14976
project_vendor,ActPlane,claude,same_prompt,hybrid_shell,2,15,fetch → search,203,0.013555021367521368,14976
project_vendor,ActPlane,claude,same_prompt,hybrid_shell,2,16,shell:search/text → shell:filesystem/navigation,194,0.01295405982905983,14976
project_vendor,ActPlane,claude,same_prompt,hybrid_shell,2,17,shell:search/text → edit,178,0.01188568376068376,14976
project_vendor,ActPlane,claude,same_prompt,hybrid_shell,2,18,shell:filesystem/navigation → read,161,0.010750534188034188,14976
project_vendor,ActPlane,claude,same_prompt,hybrid_shell,2,19,read → shell:filesystem/navigation,139,0.009281517094017094,14976
project_vendor,ActPlane,claude,same_prompt,hybrid_shell,2,20,shell:search/text → shell:data/analysis/runtime,137,0.009147970085470086,14976
project_vendor,ActPlane,claude,same_prompt,hybrid_shell,2,21,write → write,119,0.007946047008547008,14976
project_vendor,ActPlane,claude,same_prompt,hybrid_shell,2,22,task → task,116,0.007745726495726496,14976
project_vendor,ActPlane,claude,same_prompt,hybrid_shell,2,23,shell:data/analysis/runtime → shell:data/analysis/runtime,114,0.007612179487179487,14976
project_vendor,ActPlane,claude,same_prompt,hybrid_shell,2,24,tool discovery → search,104,0.006944444444444444,14976
project_vendor,ActPlane,claude,same_prompt,hybrid_shell,2,25,write → shell:search/text,96,0.00641025641025641,14976
project_vendor,ActPlane,claude,same_prompt,hybrid_shell,2,26,read → write,87,0.005809294871794872,14976
project_vendor,ActPlane,claude,same_prompt,hybrid_shell,2,27,shell:data/analysis/runtime → shell:search/text,83,0.005542200854700855,14976
project_vendor,ActPlane,claude,same_prompt,hybrid_shell,2,28,tool discovery → fetch,75,0.005008012820512821,14976
project_vendor,ActPlane,claude,same_prompt,hybrid_shell,2,29,shell:filesystem/navigation → shell:git/repository,69,0.004607371794871795,14976
project_vendor,ActPlane,claude,same_prompt,hybrid_shell,2,30,shell:git/repository → shell:filesystem/navigation,67,0.004473824786324786,14976
project_vendor,ActPlane,claude,same_prompt,hybrid_shell,3,1,edit → edit → edit,2122,0.1642923505729328,12916
project_vendor,ActPlane,claude,same_prompt,hybrid_shell,3,2,read → read → read,934,0.07231340972437288,12916
project_vendor,ActPlane,claude,same_prompt,hybrid_shell,3,3,shell:search/text → shell:search/text → shell:search/text,645,0.049938061319293896,12916
project_vendor,ActPlane,claude,same_prompt,hybrid_shell,3,4,search → search → search,625,0.04838959430164137,12916
project_vendor,ActPlane,claude,same_prompt,hybrid_shell,3,5,edit → read → edit,456,0.035305048002477545,12916
project_vendor,ActPlane,claude,same_prompt,hybrid_shell,3,6,read → edit → edit,404,0.03127903375658098,12916
project_vendor,ActPlane,claude,same_prompt,hybrid_shell,3,7,shell:git/repository → shell:git/repository → shell:git/repository,337,0.02609166924744503,12916
project_vendor,ActPlane,claude,same_prompt,hybrid_shell,3,8,read → edit → read,304,0.023536698668318364,12916
project_vendor,ActPlane,claude,same_prompt,hybrid_shell,3,9,fetch → fetch → fetch,293,0.022685041808609478,12916
project_vendor,ActPlane,claude,same_prompt,hybrid_shell,3,10,read → read → edit,237,0.01834933415918241,12916
project_vendor,ActPlane,claude,same_prompt,hybrid_shell,3,11,edit → edit → read,229,0.0177299473521214,12916
project_vendor,ActPlane,claude,same_prompt,hybrid_shell,3,12,shell:search/text → shell:search/text → read,188,0.014555589965933726,12916
project_vendor,ActPlane,claude,same_prompt,hybrid_shell,3,13,edit → edit → shell:search/text,173,0.013394239702694332,12916
project_vendor,ActPlane,claude,same_prompt,hybrid_shell,3,14,shell:search/text → read → read,169,0.013084546299163828,12916
project_vendor,ActPlane,claude,same_prompt,hybrid_shell,3,15,shell:filesystem/navigation → shell:filesystem/navigation → shell:filesystem/navigation,157,0.012155466088572313,12916
project_vendor,ActPlane,claude,same_prompt,hybrid_shell,3,16,shell:search/text → read → edit,155,0.012000619386807061,12916
project_vendor,ActPlane,claude,same_prompt,hybrid_shell,3,17,read → read → shell:search/text,151,0.011690925983276557,12916
project_vendor,ActPlane,claude,same_prompt,hybrid_shell,3,18,read → edit → shell:search/text,143,0.011071539176215547,12916
project_vendor,ActPlane,claude,same_prompt,hybrid_shell,3,19,search → fetch → fetch,136,0.010529575720037163,12916
project_vendor,ActPlane,claude,same_prompt,hybrid_shell,3,20,read → shell:search/text → shell:search/text,135,0.010452152369154538,12916
project_vendor,ActPlane,claude,same_prompt,hybrid_shell,3,21,search → search → fetch,126,0.009755342211210901,12916
project_vendor,ActPlane,claude,same_prompt,hybrid_shell,3,22,fetch → fetch → search,112,0.008671415298854134,12916
project_vendor,ActPlane,claude,same_prompt,hybrid_shell,3,23,fetch → search → search,100,0.00774233508826262,12916
project_vendor,ActPlane,claude,same_prompt,hybrid_shell,3,24,tool discovery → search → search,100,0.00774233508826262,12916
project_vendor,ActPlane,claude,same_prompt,hybrid_shell,3,25,edit → read → read,98,0.007587488386497368,12916
project_vendor,ActPlane,claude,same_prompt,hybrid_shell,3,26,shell:search/text → read → shell:search/text,96,0.007432641684732115,12916
project_vendor,ActPlane,claude,same_prompt,hybrid_shell,3,27,read → shell:search/text → read,95,0.007355218333849489,12916
project_vendor,ActPlane,claude,same_prompt,hybrid_shell,3,28,edit → shell:search/text → shell:search/text,92,0.00712294828120161,12916
project_vendor,ActPlane,claude,same_prompt,hybrid_shell,3,29,write → write → write,92,0.00712294828120161,12916
project_vendor,ActPlane,claude,same_prompt,hybrid_shell,3,30,edit → shell:search/text → read,90,0.006968101579436358,12916
project_vendor,ActPlane,claude,same_prompt,hybrid_shell,4,1,edit → edit → edit → edit,1747,0.15300402872657207,11418
project_vendor,ActPlane,claude,same_prompt,hybrid_shell,4,2,read → read → read → read,598,0.05237344543702925,11418
project_vendor,ActPlane,claude,same_prompt,hybrid_shell,4,3,search → search → search → search,499,0.04370292520581538,11418
project_vendor,ActPlane,claude,same_prompt,hybrid_shell,4,4,shell:search/text → shell:search/text → shell:search/text → shell:search/text,398,0.0348572429497285,11418
project_vendor,ActPlane,claude,same_prompt,hybrid_shell,4,5,shell:git/repository → shell:git/repository → shell:git/repository → shell:git/repository,238,0.020844280959887895,11418
project_vendor,ActPlane,claude,same_prompt,hybrid_shell,4,6,read → edit → read → edit,228,0.019968470835522858,11418
project_vendor,ActPlane,claude,same_prompt,hybrid_shell,4,7,read → edit → edit → edit,209,0.018304431599229287,11418
project_vendor,ActPlane,claude,same_prompt,hybrid_shell,4,8,fetch → fetch → fetch → fetch,200,0.017516202487300753,11418
project_vendor,ActPlane,claude,same_prompt,hybrid_shell,4,9,edit → read → edit → read,185,0.016202487300753198,11418
project_vendor,ActPlane,claude,same_prompt,hybrid_shell,4,10,edit → edit → read → edit,161,0.014100543002277106,11418
project_vendor,ActPlane,claude,same_prompt,hybrid_shell,4,11,read → read → edit → edit,131,0.011473112629181994,11418
project_vendor,ActPlane,claude,same_prompt,hybrid_shell,4,12,edit → read → edit → edit,126,0.011035207566999475,11418
project_vendor,ActPlane,claude,same_prompt,hybrid_shell,4,13,edit → edit → edit → read,116,0.010159397442634437,11418
project_vendor,ActPlane,claude,same_prompt,hybrid_shell,4,14,edit → edit → edit → shell:search/text,104,0.009108425293396392,11418
project_vendor,ActPlane,claude,same_prompt,hybrid_shell,4,15,search → search → fetch → fetch,91,0.007969872131721843,11418
project_vendor,ActPlane,claude,same_prompt,hybrid_shell,4,16,read → read → read → edit,87,0.0076195480819758275,11418
project_vendor,ActPlane,claude,same_prompt,hybrid_shell,4,17,read → edit → edit → read,86,0.007531967069539324,11418
project_vendor,ActPlane,claude,same_prompt,hybrid_shell,4,18,read → read → read → shell:search/text,86,0.007531967069539324,11418
project_vendor,ActPlane,claude,same_prompt,hybrid_shell,4,19,shell:search/text → shell:search/text → shell:search/text → read,83,0.007269224032229813,11418
project_vendor,ActPlane,claude,same_prompt,hybrid_shell,4,20,shell:filesystem/navigation → shell:filesystem/navigation → shell:filesystem/navigation → shell:filesystem/navigation,80,0.007006480994920301,11418
project_vendor,ActPlane,claude,same_prompt,hybrid_shell,4,21,shell:search/text → read → read → read,79,0.0069188999824837975,11418
project_vendor,ActPlane,claude,same_prompt,hybrid_shell,4,22,tool discovery → search → search → search,76,0.006656156945174286,11418
project_vendor,ActPlane,claude,same_prompt,hybrid_shell,4,23,write → write → write → write,76,0.006656156945174286,11418
project_vendor,ActPlane,claude,same_prompt,hybrid_shell,4,24,search → fetch → fetch → fetch,72,0.006305832895428271,11418
project_vendor,ActPlane,claude,same_prompt,hybrid_shell,4,25,fetch → fetch → fetch → search,63,0.005517603783499738,11418
project_vendor,ActPlane,claude,same_prompt,hybrid_shell,4,26,read → read → shell:search/text → shell:search/text,63,0.005517603783499738,11418
project_vendor,ActPlane,claude,same_prompt,hybrid_shell,4,27,search → search → search → fetch,63,0.005517603783499738,11418
project_vendor,ActPlane,claude,same_prompt,hybrid_shell,4,28,shell:search/text → shell:search/text → read → read,61,0.00534244175862673,11418
project_vendor,ActPlane,claude,same_prompt,hybrid_shell,4,29,shell:search/text → edit → edit → edit,59,0.005167279733753722,11418
project_vendor,ActPlane,claude,same_prompt,hybrid_shell,4,30,edit → shell:search/text → read → edit,55,0.004816955684007707,11418
project_vendor,ActPlane,claude,same_prompt,tool_family,2,1,shell → shell,3552,0.23717948717948717,14976
project_vendor,ActPlane,claude,same_prompt,tool_family,2,2,edit → edit,2824,0.18856837606837606,14976
project_vendor,ActPlane,claude,same_prompt,tool_family,2,3,read → read,1660,0.11084401709401709,14976
project_vendor,ActPlane,claude,same_prompt,tool_family,2,4,read → edit,1234,0.08239850427350427,14976
project_vendor,ActPlane,claude,same_prompt,tool_family,2,5,search → search,844,0.05635683760683761,14976
project_vendor,ActPlane,claude,same_prompt,tool_family,2,6,shell → read,825,0.055088141025641024,14976
project_vendor,ActPlane,claude,same_prompt,tool_family,2,7,edit → read,651,0.04346955128205128,14976
project_vendor,ActPlane,claude,same_prompt,tool_family,2,8,edit → shell,588,0.03926282051282051,14976
project_vendor,ActPlane,claude,same_prompt,tool_family,2,9,read → shell,511,0.03412126068376068,14976
project_vendor,ActPlane,claude,same_prompt,tool_family,2,10,fetch → fetch,474,0.031650641025641024,14976
project_vendor,ActPlane,claude,same_prompt,tool_family,2,11,shell → edit,256,0.017094017094017096,14976
project_vendor,ActPlane,claude,same_prompt,tool_family,2,12,search → fetch,208,0.013888888888888888,14976
project_vendor,ActPlane,claude,same_prompt,tool_family,2,13,fetch → search,203,0.013555021367521368,14976
project_vendor,ActPlane,claude,same_prompt,tool_family,2,14,write → shell,139,0.009281517094017094,14976
project_vendor,ActPlane,claude,same_prompt,tool_family,2,15,write → write,119,0.007946047008547008,14976
project_vendor,ActPlane,claude,same_prompt,tool_family,2,16,task → task,116,0.007745726495726496,14976
project_vendor,ActPlane,claude,same_prompt,tool_family,2,17,tool discovery → search,104,0.006944444444444444,14976
project_vendor,ActPlane,claude,same_prompt,tool_family,2,18,shell → write,89,0.00594284188034188,14976
project_vendor,ActPlane,claude,same_prompt,tool_family,2,19,read → write,87,0.005809294871794872,14976
project_vendor,ActPlane,claude,same_prompt,tool_family,2,20,tool discovery → fetch,75,0.005008012820512821,14976
project_vendor,ActPlane,claude,same_prompt,tool_family,2,21,shell → task,33,0.002203525641025641,14976
project_vendor,ActPlane,claude,same_prompt,tool_family,2,22,fetch → other,29,0.001936431623931624,14976
project_vendor,ActPlane,claude,same_prompt,tool_family,2,23,search → tool discovery,29,0.001936431623931624,14976
project_vendor,ActPlane,claude,same_prompt,tool_family,2,24,write → read,24,0.0016025641025641025,14976
project_vendor,ActPlane,claude,same_prompt,tool_family,2,25,task → read,21,0.0014022435897435897,14976
project_vendor,ActPlane,claude,same_prompt,tool_family,2,26,task → shell,20,0.0013354700854700855,14976
project_vendor,ActPlane,claude,same_prompt,tool_family,2,27,search → other,17,0.0011351495726495727,14976
project_vendor,ActPlane,claude,same_prompt,tool_family,2,28,search → shell,16,0.0010683760683760685,14976
project_vendor,ActPlane,claude,same_prompt,tool_family,2,29,edit → task,15,0.001001602564102564,14976
project_vendor,ActPlane,claude,same_prompt,tool_family,2,30,shell → multimodal,13,0.0008680555555555555,14976
project_vendor,ActPlane,claude,same_prompt,tool_family,3,1,shell → shell → shell,2406,0.18628058222359864,12916
project_vendor,ActPlane,claude,same_prompt,tool_family,3,2,edit → edit → edit,2122,0.1642923505729328,12916
project_vendor,ActPlane,claude,same_prompt,tool_family,3,3,read → read → read,934,0.07231340972437288,12916
project_vendor,ActPlane,claude,same_prompt,tool_family,3,4,search → search → search,625,0.04838959430164137,12916
project_vendor,ActPlane,claude,same_prompt,tool_family,3,5,edit → read → edit,456,0.035305048002477545,12916
project_vendor,ActPlane,claude,same_prompt,tool_family,3,6,shell → shell → read,415,0.03213069061628987,12916
project_vendor,ActPlane,claude,same_prompt,tool_family,3,7,read → edit → edit,404,0.03127903375658098,12916
project_vendor,ActPlane,claude,same_prompt,tool_family,3,8,read → edit → read,304,0.023536698668318364,12916
project_vendor,ActPlane,claude,same_prompt,tool_family,3,9,fetch → fetch → fetch,293,0.022685041808609478,12916
project_vendor,ActPlane,claude,same_prompt,tool_family,3,10,shell → read → read,280,0.021678538247135337,12916
project_vendor,ActPlane,claude,same_prompt,tool_family,3,11,read → shell → shell,265,0.020517187983895943,12916
project_vendor,ActPlane,claude,same_prompt,tool_family,3,12,read → read → edit,237,0.01834933415918241,12916
project_vendor,ActPlane,claude,same_prompt,tool_family,3,13,edit → edit → read,229,0.0177299473521214,12916
project_vendor,ActPlane,claude,same_prompt,tool_family,3,14,edit → shell → shell,228,0.017652524001238772,12916
project_vendor,ActPlane,claude,same_prompt,tool_family,3,15,edit → edit → shell,224,0.01734283059770827,12916
project_vendor,ActPlane,claude,same_prompt,tool_family,3,16,read → read → shell,210,0.016258903685351503,12916
project_vendor,ActPlane,claude,same_prompt,tool_family,3,17,read → edit → shell,206,0.015949210281820995,12916
project_vendor,ActPlane,claude,same_prompt,tool_family,3,18,shell → read → edit,202,0.01563951687829049,12916
project_vendor,ActPlane,claude,same_prompt,tool_family,3,19,shell → read → shell,185,0.014323319913285847,12916
project_vendor,ActPlane,claude,same_prompt,tool_family,3,20,read → shell → read,147,0.011381232579746051,12916
project_vendor,ActPlane,claude,same_prompt,tool_family,3,21,search → fetch → fetch,136,0.010529575720037163,12916
project_vendor,ActPlane,claude,same_prompt,tool_family,3,22,search → search → fetch,126,0.009755342211210901,12916
project_vendor,ActPlane,claude,same_prompt,tool_family,3,23,shell → edit → edit,116,0.00898110870238464,12916
project_vendor,ActPlane,claude,same_prompt,tool_family,3,24,fetch → fetch → search,112,0.008671415298854134,12916
project_vendor,ActPlane,claude,same_prompt,tool_family,3,25,fetch → search → search,100,0.00774233508826262,12916
project_vendor,ActPlane,claude,same_prompt,tool_family,3,26,tool discovery → search → search,100,0.00774233508826262,12916
project_vendor,ActPlane,claude,same_prompt,tool_family,3,27,edit → shell → read,99,0.007664911737379994,12916
project_vendor,ActPlane,claude,same_prompt,tool_family,3,28,edit → read → read,98,0.007587488386497368,12916
project_vendor,ActPlane,claude,same_prompt,tool_family,3,29,write → write → write,92,0.00712294828120161,12916
project_vendor,ActPlane,claude,same_prompt,tool_family,3,30,write → shell → shell,87,0.0067358315267884794,12916
project_vendor,ActPlane,claude,same_prompt,tool_family,4,1,edit → edit → edit → edit,1747,0.15300402872657207,11418
project_vendor,ActPlane,claude,same_prompt,tool_family,4,2,shell → shell → shell → shell,1747,0.15300402872657207,11418
project_vendor,ActPlane,claude,same_prompt,tool_family,4,3,read → read → read → read,598,0.05237344543702925,11418
project_vendor,ActPlane,claude,same_prompt,tool_family,4,4,search → search → search → search,499,0.04370292520581538,11418
project_vendor,ActPlane,claude,same_prompt,tool_family,4,5,read → edit → read → edit,228,0.019968470835522858,11418
project_vendor,ActPlane,claude,same_prompt,tool_family,4,6,shell → shell → shell → read,219,0.019180241723594324,11418
project_vendor,ActPlane,claude,same_prompt,tool_family,4,7,read → edit → edit → edit,209,0.018304431599229287,11418
project_vendor,ActPlane,claude,same_prompt,tool_family,4,8,fetch → fetch → fetch → fetch,200,0.017516202487300753,11418
project_vendor,ActPlane,claude,same_prompt,tool_family,4,9,edit → read → edit → read,185,0.016202487300753198,11418
project_vendor,ActPlane,claude,same_prompt,tool_family,4,10,edit → edit → read → edit,161,0.014100543002277106,11418
project_vendor,ActPlane,claude,same_prompt,tool_family,4,11,shell → shell → read → read,159,0.013925380977404098,11418
project_vendor,ActPlane,claude,same_prompt,tool_family,4,12,read → shell → shell → shell,143,0.012524084778420038,11418
project_vendor,ActPlane,claude,same_prompt,tool_family,4,13,edit → shell → shell → shell,137,0.011998598703801017,11418
project_vendor,ActPlane,claude,same_prompt,tool_family,4,14,shell → read → read → read,134,0.011735855666491504,11418
project_vendor,ActPlane,claude,same_prompt,tool_family,4,15,read → read → edit → edit,131,0.011473112629181994,11418
project_vendor,ActPlane,claude,same_prompt,tool_family,4,16,edit → edit → edit → shell,128,0.011210369591872483,11418
project_vendor,ActPlane,claude,same_prompt,tool_family,4,17,edit → read → edit → edit,126,0.011035207566999475,11418
project_vendor,ActPlane,claude,same_prompt,tool_family,4,18,read → read → read → shell,117,0.010246978455070941,11418
project_vendor,ActPlane,claude,same_prompt,tool_family,4,19,edit → edit → edit → read,116,0.010159397442634437,11418
project_vendor,ActPlane,claude,same_prompt,tool_family,4,20,read → read → shell → shell,115,0.010071816430197934,11418
project_vendor,ActPlane,claude,same_prompt,tool_family,4,21,shell → shell → read → shell,110,0.009633911368015413,11418
project_vendor,ActPlane,claude,same_prompt,tool_family,4,22,shell → read → shell → shell,93,0.00814503415659485,11418
project_vendor,ActPlane,claude,same_prompt,tool_family,4,23,edit → edit → shell → shell,91,0.007969872131721843,11418
project_vendor,ActPlane,claude,same_prompt,tool_family,4,24,search → search → fetch → fetch,91,0.007969872131721843,11418
project_vendor,ActPlane,claude,same_prompt,tool_family,4,25,read → read → read → edit,87,0.0076195480819758275,11418
project_vendor,ActPlane,claude,same_prompt,tool_family,4,26,read → edit → edit → read,86,0.007531967069539324,11418
project_vendor,ActPlane,claude,same_prompt,tool_family,4,27,shell → shell → read → edit,86,0.007531967069539324,11418
project_vendor,ActPlane,claude,same_prompt,tool_family,4,28,shell → read → edit → shell,78,0.006831318970047294,11418
project_vendor,ActPlane,claude,same_prompt,tool_family,4,29,read → shell → shell → read,76,0.006656156945174286,11418
project_vendor,ActPlane,claude,same_prompt,tool_family,4,30,tool discovery → search → search → search,76,0.006656156945174286,11418
project_vendor,ActPlane,codex,full_stream,hybrid_shell,2,1,shell:search/text → shell:search/text,11426,0.23752208710113293,48105
project_vendor,ActPlane,codex,full_stream,hybrid_shell,2,2,wait/control → wait/control,3879,0.08063610851262862,48105
project_vendor,ActPlane,codex,full_stream,hybrid_shell,2,3,shell:git/repository → shell:git/repository,2319,0.04820704708450265,48105
project_vendor,ActPlane,codex,full_stream,hybrid_shell,2,4,edit → edit,1616,0.033593181581956136,48105
project_vendor,ActPlane,codex,full_stream,hybrid_shell,2,5,wait/control → shell:search/text,1495,0.03107785053528739,48105
project_vendor,ActPlane,codex,full_stream,hybrid_shell,2,6,shell:search/text → edit,1314,0.027315247895229187,48105
project_vendor,ActPlane,codex,full_stream,hybrid_shell,2,7,shell:data/analysis/runtime → shell:data/analysis/runtime,1168,0.024280220351314833,48105
project_vendor,ActPlane,codex,full_stream,hybrid_shell,2,8,shell:search/text → wait/control,1069,0.022222222222222223,48105
project_vendor,ActPlane,codex,full_stream,hybrid_shell,2,9,shell:git/repository → shell:search/text,901,0.01872986176073173,48105
project_vendor,ActPlane,codex,full_stream,hybrid_shell,2,10,shell:data/analysis/runtime → wait/control,867,0.018023074524477704,48105
project_vendor,ActPlane,codex,full_stream,hybrid_shell,2,11,wait/control → shell:data/analysis/runtime,860,0.017877559505248934,48105
project_vendor,ActPlane,codex,full_stream,hybrid_shell,2,12,edit → shell:search/text,816,0.016962893670096662,48105
project_vendor,ActPlane,codex,full_stream,hybrid_shell,2,13,shell:data/analysis/runtime → shell:search/text,789,0.016401621453071405,48105
project_vendor,ActPlane,codex,full_stream,hybrid_shell,2,14,shell:container/orchestration → wait/control,787,0.016360045733291757,48105
project_vendor,ActPlane,codex,full_stream,hybrid_shell,2,15,shell:search/text → shell:git/repository,750,0.015590894917368257,48105
project_vendor,ActPlane,codex,full_stream,hybrid_shell,2,16,wait/control → shell:container/orchestration,743,0.015445379898139487,48105
project_vendor,ActPlane,codex,full_stream,hybrid_shell,2,17,shell:other → shell:other,663,0.01378235110695354,48105
project_vendor,ActPlane,codex,full_stream,hybrid_shell,2,18,shell:search/text → shell:data/analysis/runtime,651,0.013532896788275647,48105
project_vendor,ActPlane,codex,full_stream,hybrid_shell,2,19,shell:other → wait/control,627,0.013033988150919863,48105
project_vendor,ActPlane,codex,full_stream,hybrid_shell,2,20,shell:search/text → shell:container/orchestration,580,0.01205695873609812,48105
project_vendor,ActPlane,codex,full_stream,hybrid_shell,2,21,shell:container/orchestration → shell:container/orchestration,548,0.01139174721962374,48105
project_vendor,ActPlane,codex,full_stream,hybrid_shell,2,22,shell:test → shell:test,529,0.010996777881717077,48105
project_vendor,ActPlane,codex,full_stream,hybrid_shell,2,23,shell:process/system → wait/control,492,0.010227627065793577,48105
project_vendor,ActPlane,codex,full_stream,hybrid_shell,2,24,edit → shell:data/analysis/runtime,487,0.010123687766344454,48105
project_vendor,ActPlane,codex,full_stream,hybrid_shell,2,25,shell:container/orchestration → shell:search/text,425,0.008834840453175346,48105
project_vendor,ActPlane,codex,full_stream,hybrid_shell,2,26,shell:search/text → shell:other,414,0.008606173994387277,48105
project_vendor,ActPlane,codex,full_stream,hybrid_shell,2,27,shell:search/text → shell:process/system,411,0.008543810414717804,48105
project_vendor,ActPlane,codex,full_stream,hybrid_shell,2,28,shell:other → shell:search/text,354,0.007358902400997817,48105
project_vendor,ActPlane,codex,full_stream,hybrid_shell,2,29,shell:lint/format → shell:test,339,0.007047084502650452,48105
project_vendor,ActPlane,codex,full_stream,hybrid_shell,2,30,edit → shell:lint/format,317,0.006589751585074317,48105
project_vendor,ActPlane,codex,full_stream,hybrid_shell,3,1,shell:search/text → shell:search/text → shell:search/text,8226,0.17147145269213931,47973
project_vendor,ActPlane,codex,full_stream,hybrid_shell,3,2,wait/control → wait/control → wait/control,2725,0.05680278489983949,47973
project_vendor,ActPlane,codex,full_stream,hybrid_shell,3,3,shell:git/repository → shell:git/repository → shell:git/repository,1480,0.030850686844683468,47973
project_vendor,ActPlane,codex,full_stream,hybrid_shell,3,4,shell:search/text → shell:search/text → edit,933,0.01944843974735789,47973
project_vendor,ActPlane,codex,full_stream,hybrid_shell,3,5,edit → edit → edit,856,0.017843370229087194,47973
project_vendor,ActPlane,codex,full_stream,hybrid_shell,3,6,wait/control → shell:search/text → shell:search/text,817,0.017030412940612426,47973
project_vendor,ActPlane,codex,full_stream,hybrid_shell,3,7,shell:git/repository → shell:search/text → shell:search/text,548,0.011423092156004419,47973
project_vendor,ActPlane,codex,full_stream,hybrid_shell,3,8,shell:search/text → wait/control → shell:search/text,543,0.011318866862610218,47973
project_vendor,ActPlane,codex,full_stream,hybrid_shell,3,9,shell:search/text → edit → edit,537,0.011193796510537177,47973
project_vendor,ActPlane,codex,full_stream,hybrid_shell,3,10,shell:data/analysis/runtime → shell:data/analysis/runtime → shell:data/analysis/runtime,487,0.010151543576595168,47973
project_vendor,ActPlane,codex,full_stream,hybrid_shell,3,11,edit → shell:search/text → shell:search/text,477,0.009943092989806767,47973
project_vendor,ActPlane,codex,full_stream,hybrid_shell,3,12,shell:search/text → shell:search/text → wait/control,461,0.009609572050945323,47973
project_vendor,ActPlane,codex,full_stream,hybrid_shell,3,13,shell:data/analysis/runtime → wait/control → wait/control,417,0.008692389469076356,47973
project_vendor,ActPlane,codex,full_stream,hybrid_shell,3,14,shell:git/repository → shell:git/repository → shell:search/text,392,0.00817126300210535,47973
project_vendor,ActPlane,codex,full_stream,hybrid_shell,3,15,shell:search/text → shell:search/text → shell:git/repository,392,0.00817126300210535,47973
project_vendor,ActPlane,codex,full_stream,hybrid_shell,3,16,shell:other → shell:other → shell:other,357,0.007441685948345944,47973
project_vendor,ActPlane,codex,full_stream,hybrid_shell,3,17,shell:container/orchestration → wait/control → shell:container/orchestration,350,0.007295770537594063,47973
project_vendor,ActPlane,codex,full_stream,hybrid_shell,3,18,edit → edit → shell:search/text,349,0.007274925478915223,47973
project_vendor,ActPlane,codex,full_stream,hybrid_shell,3,19,shell:container/orchestration → shell:container/orchestration → wait/control,326,0.006795489129301899,47973
project_vendor,ActPlane,codex,full_stream,hybrid_shell,3,20,shell:data/analysis/runtime → shell:search/text → shell:search/text,326,0.006795489129301899,47973
project_vendor,ActPlane,codex,full_stream,hybrid_shell,3,21,shell:search/text → shell:search/text → shell:data/analysis/runtime,323,0.006732953953265379,47973
project_vendor,ActPlane,codex,full_stream,hybrid_shell,3,22,shell:search/text → edit → shell:search/text,316,0.006587038542513498,47973
project_vendor,ActPlane,codex,full_stream,hybrid_shell,3,23,wait/control → wait/control → shell:data/analysis/runtime,311,0.006482813249119296,47973
project_vendor,ActPlane,codex,full_stream,hybrid_shell,3,24,shell:search/text → shell:git/repository → shell:git/repository,303,0.006316052779688575,47973
project_vendor,ActPlane,codex,full_stream,hybrid_shell,3,25,wait/control → shell:container/orchestration → shell:container/orchestration,299,0.006232672544973214,47973
project_vendor,ActPlane,codex,full_stream,hybrid_shell,3,26,wait/control → shell:search/text → shell:container/orchestration,288,0.006003376899505972,47973
project_vendor,ActPlane,codex,full_stream,hybrid_shell,3,27,wait/control → shell:data/analysis/runtime → wait/control,287,0.005982531840827132,47973
project_vendor,ActPlane,codex,full_stream,hybrid_shell,3,28,wait/control → wait/control → shell:search/text,284,0.005919996664790612,47973
project_vendor,ActPlane,codex,full_stream,hybrid_shell,3,29,shell:search/text → shell:git/repository → shell:search/text,248,0.005169574552352365,47973
project_vendor,ActPlane,codex,full_stream,hybrid_shell,3,30,shell:data/analysis/runtime → shell:data/analysis/runtime → wait/control,246,0.0051278844349946845,47973
project_vendor,ActPlane,codex,full_stream,hybrid_shell,4,1,shell:search/text → shell:search/text → shell:search/text → shell:search/text,6434,0.13448434429998746,47842
project_vendor,ActPlane,codex,full_stream,hybrid_shell,4,2,wait/control → wait/control → wait/control → wait/control,2221,0.04642364449646754,47842
project_vendor,ActPlane,codex,full_stream,hybrid_shell,4,3,shell:git/repository → shell:git/repository → shell:git/repository → shell:git/repository,1018,0.021278374649889218,47842
project_vendor,ActPlane,codex,full_stream,hybrid_shell,4,4,shell:search/text → shell:search/text → shell:search/text → edit,660,0.013795409890890849,47842
project_vendor,ActPlane,codex,full_stream,hybrid_shell,4,5,edit → edit → edit → edit,490,0.01024204673717654,47842
project_vendor,ActPlane,codex,full_stream,hybrid_shell,4,6,shell:search/text → shell:search/text → edit → edit,411,0.008590777977509302,47842
project_vendor,ActPlane,codex,full_stream,hybrid_shell,4,7,shell:git/repository → shell:search/text → shell:search/text → shell:search/text,399,0.008339952343129467,47842
project_vendor,ActPlane,codex,full_stream,hybrid_shell,4,8,shell:search/text → wait/control → shell:search/text → shell:search/text,361,0.007545671167593328,47842
project_vendor,ActPlane,codex,full_stream,hybrid_shell,4,9,shell:search/text → shell:search/text → wait/control → shell:search/text,348,0.007273943397015175,47842
project_vendor,ActPlane,codex,full_stream,hybrid_shell,4,10,shell:search/text → edit → edit → edit,276,0.005768989590736173,47842
project_vendor,ActPlane,codex,full_stream,hybrid_shell,4,11,edit → shell:search/text → shell:search/text → shell:search/text,264,0.00551816395635634,47842
project_vendor,ActPlane,codex,full_stream,hybrid_shell,4,12,wait/control → shell:search/text → shell:search/text → shell:search/text,258,0.005392751139166423,47842
project_vendor,ActPlane,codex,full_stream,hybrid_shell,4,13,shell:data/analysis/runtime → shell:data/analysis/runtime → shell:data/analysis/runtime → shell:data/analysis/runtime,254,0.005309142594373145,47842
project_vendor,ActPlane,codex,full_stream,hybrid_shell,4,14,wait/control → shell:container/orchestration → shell:container/orchestration → wait/control,237,0.004953806279001714,47842
project_vendor,ActPlane,codex,full_stream,hybrid_shell,4,15,shell:search/text → shell:search/text → edit → shell:search/text,231,0.004828393461811797,47842
project_vendor,ActPlane,codex,full_stream,hybrid_shell,4,16,shell:git/repository → shell:git/repository → shell:search/text → shell:search/text,230,0.004807491325613478,47842
project_vendor,ActPlane,codex,full_stream,hybrid_shell,4,17,wait/control → shell:search/text → shell:search/text → wait/control,227,0.0047447849170185194,47842
project_vendor,ActPlane,codex,full_stream,hybrid_shell,4,18,shell:search/text → shell:search/text → shell:search/text → shell:data/analysis/runtime,226,0.0047238827808202,47842
project_vendor,ActPlane,codex,full_stream,hybrid_shell,4,19,shell:data/analysis/runtime → wait/control → wait/control → wait/control,209,0.004368546465448769,47842
project_vendor,ActPlane,codex,full_stream,hybrid_shell,4,20,shell:search/text → shell:search/text → shell:search/text → shell:git/repository,205,0.004284937920655491,47842
project_vendor,ActPlane,codex,full_stream,hybrid_shell,4,21,shell:other → shell:other → shell:other → shell:other,204,0.004264035784457171,47842
project_vendor,ActPlane,codex,full_stream,hybrid_shell,4,22,edit → edit → shell:search/text → shell:search/text,203,0.0042431336482588525,47842
project_vendor,ActPlane,codex,full_stream,hybrid_shell,4,23,shell:git/repository → shell:git/repository → shell:git/repository → shell:search/text,200,0.004180427239663893,47842
project_vendor,ActPlane,codex,full_stream,hybrid_shell,4,24,shell:data/analysis/runtime → shell:search/text → shell:search/text → shell:search/text,194,0.004055014422473977,47842
project_vendor,ActPlane,codex,full_stream,hybrid_shell,4,25,shell:search/text → edit → shell:search/text → shell:search/text,190,0.003971405877680699,47842
project_vendor,ActPlane,codex,full_stream,hybrid_shell,4,26,edit → edit → edit → shell:search/text,189,0.003950503741482379,47842
project_vendor,ActPlane,codex,full_stream,hybrid_shell,4,27,shell:search/text → shell:search/text → shell:search/text → wait/control,186,0.003887797332887421,47842
project_vendor,ActPlane,codex,full_stream,hybrid_shell,4,28,plan/goal → shell:search/text → shell:search/text → shell:search/text,184,0.0038459930604907823,47842
project_vendor,ActPlane,codex,full_stream,hybrid_shell,4,29,wait/control → shell:container/orchestration → wait/control → shell:container/orchestration,176,0.0036787759709042264,47842
project_vendor,ActPlane,codex,full_stream,hybrid_shell,4,30,shell:search/text → shell:git/repository → shell:search/text → shell:search/text,171,0.003574265289912629,47842
project_vendor,ActPlane,codex,full_stream,tool_family,2,1,shell → shell,28221,0.5866541939507328,48105
project_vendor,ActPlane,codex,full_stream,tool_family,2,2,shell → wait/control,4191,0.08712192079825382,48105
project_vendor,ActPlane,codex,full_stream,tool_family,2,3,wait/control → shell,3944,0.0819873194054672,48105
project_vendor,ActPlane,codex,full_stream,tool_family,2,4,wait/control → wait/control,3879,0.08063610851262862,48105
project_vendor,ActPlane,codex,full_stream,tool_family,2,5,edit → shell,2076,0.043155597131275335,48105
project_vendor,ActPlane,codex,full_stream,tool_family,2,6,shell → edit,1923,0.03997505456813221,48105
project_vendor,ActPlane,codex,full_stream,tool_family,2,7,edit → edit,1616,0.033593181581956136,48105
project_vendor,ActPlane,codex,full_stream,tool_family,2,8,plan/goal → shell,585,0.01216089803554724,48105
project_vendor,ActPlane,codex,full_stream,tool_family,2,9,shell → plan/goal,483,0.010040536326785157,48105
project_vendor,ActPlane,codex,full_stream,tool_family,2,10,coordination → shell,176,0.0036586633406090843,48105
project_vendor,ActPlane,codex,full_stream,tool_family,2,11,wait/control → edit,175,0.00363787548071926,48105
project_vendor,ActPlane,codex,full_stream,tool_family,2,12,shell → coordination,164,0.0034092090219311924,48105
project_vendor,ActPlane,codex,full_stream,tool_family,2,13,coordination → coordination,82,0.0017046045109655962,48105
project_vendor,ActPlane,codex,full_stream,tool_family,2,14,plan/goal → plan/goal,78,0.0016214530714062988,48105
project_vendor,ActPlane,codex,full_stream,tool_family,2,15,edit → plan/goal,77,0.0016006652115164743,48105
project_vendor,ActPlane,codex,full_stream,tool_family,2,16,wait/control → plan/goal,73,0.001517513771957177,48105
project_vendor,ActPlane,codex,full_stream,tool_family,2,17,plan/goal → edit,50,0.0010393929944912171,48105
project_vendor,ActPlane,codex,full_stream,tool_family,2,18,task → task,39,0.0008107265357031494,48105
project_vendor,ActPlane,codex,full_stream,tool_family,2,19,shell → multimodal,37,0.0007691508159235007,48105
project_vendor,ActPlane,codex,full_stream,tool_family,2,20,wait/control → coordination,34,0.0007067872362540277,48105
project_vendor,ActPlane,codex,full_stream,tool_family,2,21,shell → task,30,0.0006236357966947302,48105
project_vendor,ActPlane,codex,full_stream,tool_family,2,22,task → shell,30,0.0006236357966947302,48105
project_vendor,ActPlane,codex,full_stream,tool_family,2,23,plan/goal → wait/control,19,0.0003949693379066625,48105
project_vendor,ActPlane,codex,full_stream,tool_family,2,24,multimodal → shell,17,0.00035339361812701384,48105
project_vendor,ActPlane,codex,full_stream,tool_family,2,25,multimodal → edit,16,0.0003326057582371895,48105
project_vendor,ActPlane,codex,full_stream,tool_family,2,26,edit → wait/control,13,0.00027024217856771646,48105
project_vendor,ActPlane,codex,full_stream,tool_family,2,27,multimodal → multimodal,13,0.00027024217856771646,48105
project_vendor,ActPlane,codex,full_stream,tool_family,2,28,coordination → edit,9,0.00018709073900841907,48105
project_vendor,ActPlane,codex,full_stream,tool_family,2,29,coordination → plan/goal,7,0.0001455150192287704,48105
project_vendor,ActPlane,codex,full_stream,tool_family,2,30,other → shell,7,0.0001455150192287704,48105
project_vendor,ActPlane,codex,full_stream,tool_family,3,1,shell → shell → shell,22831,0.4759135346966002,47973
project_vendor,ActPlane,codex,full_stream,tool_family,3,2,shell → shell → wait/control,3021,0.06297292226877618,47973
project_vendor,ActPlane,codex,full_stream,tool_family,3,3,wait/control → shell → shell,2898,0.06040898005127884,47973
project_vendor,ActPlane,codex,full_stream,tool_family,3,4,shell → wait/control → shell,2888,0.06020052946449044,47973
project_vendor,ActPlane,codex,full_stream,tool_family,3,5,wait/control → wait/control → wait/control,2725,0.05680278489983949,47973
project_vendor,ActPlane,codex,full_stream,tool_family,3,6,edit → shell → shell,1707,0.03558251516478019,47973
project_vendor,ActPlane,codex,full_stream,tool_family,3,7,shell → shell → edit,1628,0.03393575552915182,47973
project_vendor,ActPlane,codex,full_stream,tool_family,3,8,shell → edit → shell,1165,0.02428449336084881,47973
project_vendor,ActPlane,codex,full_stream,tool_family,3,9,shell → wait/control → wait/control,1147,0.023909282304629687,47973
project_vendor,ActPlane,codex,full_stream,tool_family,3,10,wait/control → wait/control → shell,1029,0.021449565380526545,47973
project_vendor,ActPlane,codex,full_stream,tool_family,3,11,wait/control → shell → wait/control,988,0.020594917974694097,47973
project_vendor,ActPlane,codex,full_stream,tool_family,3,12,edit → edit → edit,856,0.017843370229087194,47973
project_vendor,ActPlane,codex,full_stream,tool_family,3,13,edit → edit → shell,737,0.015362808246305213,47973
project_vendor,ActPlane,codex,full_stream,tool_family,3,14,shell → edit → edit,706,0.014716611427261168,47973
project_vendor,ActPlane,codex,full_stream,tool_family,3,15,plan/goal → shell → shell,517,0.010776895336960374,47973
project_vendor,ActPlane,codex,full_stream,tool_family,3,16,shell → shell → plan/goal,446,0.00929689617076272,47973
project_vendor,ActPlane,codex,full_stream,tool_family,3,17,shell → plan/goal → shell,350,0.007295770537594063,47973
project_vendor,ActPlane,codex,full_stream,tool_family,3,18,edit → shell → edit,226,0.004710983261417881,47973
project_vendor,ActPlane,codex,full_stream,tool_family,3,19,wait/control → edit → shell,136,0.0028349279803222644,47973
project_vendor,ActPlane,codex,full_stream,tool_family,3,20,shell → shell → coordination,127,0.002647322452212703,47973
project_vendor,ActPlane,codex,full_stream,tool_family,3,21,coordination → shell → shell,119,0.0024805619827819817,47973
project_vendor,ActPlane,codex,full_stream,tool_family,3,22,edit → shell → wait/control,118,0.0024597169241031415,47973
project_vendor,ActPlane,codex,full_stream,tool_family,3,23,shell → coordination → shell,109,0.0022721113959935798,47973
project_vendor,ActPlane,codex,full_stream,tool_family,3,24,shell → wait/control → edit,88,0.0018343651637379359,47973
project_vendor,ActPlane,codex,full_stream,tool_family,3,25,wait/control → wait/control → edit,86,0.0017926750463802556,47973
project_vendor,ActPlane,codex,full_stream,tool_family,3,26,shell → plan/goal → plan/goal,70,0.0014591541075188127,47973
project_vendor,ActPlane,codex,full_stream,tool_family,3,27,edit → plan/goal → shell,69,0.0014383090488399725,47973
project_vendor,ActPlane,codex,full_stream,tool_family,3,28,plan/goal → plan/goal → shell,65,0.0013549288141246117,47973
project_vendor,ActPlane,codex,full_stream,tool_family,3,29,wait/control → plan/goal → shell,61,0.001271548579409251,47973
project_vendor,ActPlane,codex,full_stream,tool_family,3,30,wait/control → shell → edit,45,0.0009380276405478082,47973
project_vendor,ActPlane,codex,full_stream,tool_family,4,1,shell → shell → shell → shell,19074,0.39868734584674553,47842
project_vendor,ActPlane,codex,full_stream,tool_family,4,2,wait/control → wait/control → wait/control → wait/control,2221,0.04642364449646754,47842
project_vendor,ActPlane,codex,full_stream,tool_family,4,3,shell → wait/control → shell → shell,2153,0.045002299234981814,47842
project_vendor,ActPlane,codex,full_stream,tool_family,4,4,shell → shell → wait/control → shell,2148,0.044897788553990216,47842
project_vendor,ActPlane,codex,full_stream,tool_family,4,5,shell → shell → shell → wait/control,1749,0.03655783621086075,47842
project_vendor,ActPlane,codex,full_stream,tool_family,4,6,wait/control → shell → shell → shell,1723,0.03601438066970444,47842
project_vendor,ActPlane,codex,full_stream,tool_family,4,7,shell → shell → shell → edit,1347,0.028155177459136323,47842
project_vendor,ActPlane,codex,full_stream,tool_family,4,8,edit → shell → shell → shell,1320,0.027590819781781697,47842
project_vendor,ActPlane,codex,full_stream,tool_family,4,9,wait/control → shell → shell → wait/control,1120,0.023410392542117804,47842
project_vendor,ActPlane,codex,full_stream,tool_family,4,10,shell → shell → edit → shell,987,0.020630408427741314,47842
project_vendor,ActPlane,codex,full_stream,tool_family,4,11,shell → edit → shell → shell,956,0.01998244220559341,47842
project_vendor,ActPlane,codex,full_stream,tool_family,4,12,shell → shell → wait/control → wait/control,752,0.01571840642113624,47842
project_vendor,ActPlane,codex,full_stream,tool_family,4,13,wait/control → wait/control → shell → shell,718,0.015007733790393378,47842
project_vendor,ActPlane,codex,full_stream,tool_family,4,14,shell → wait/control → shell → wait/control,702,0.014673299611220266,47842
project_vendor,ActPlane,codex,full_stream,tool_family,4,15,wait/control → shell → wait/control → shell,672,0.014046235525270684,47842
project_vendor,ActPlane,codex,full_stream,tool_family,4,16,edit → edit → shell → shell,606,0.012666694536181598,47842
project_vendor,ActPlane,codex,full_stream,tool_family,4,17,shell → shell → edit → edit,598,0.012499477446595042,47842
project_vendor,ActPlane,codex,full_stream,tool_family,4,18,shell → wait/control → wait/control → shell,568,0.011872413360645458,47842
project_vendor,ActPlane,codex,full_stream,tool_family,4,19,shell → wait/control → wait/control → wait/control,502,0.010492872371556373,47842
project_vendor,ActPlane,codex,full_stream,tool_family,4,20,edit → edit → edit → edit,490,0.01024204673717654,47842
project_vendor,ActPlane,codex,full_stream,tool_family,4,21,plan/goal → shell → shell → shell,484,0.010116633919986623,47842
project_vendor,ActPlane,codex,full_stream,tool_family,4,22,wait/control → wait/control → wait/control → shell,456,0.009531374106433678,47842
project_vendor,ActPlane,codex,full_stream,tool_family,4,23,shell → shell → shell → plan/goal,408,0.008528071568914343,47842
project_vendor,ActPlane,codex,full_stream,tool_family,4,24,edit → edit → edit → shell,362,0.007566573303791647,47842
project_vendor,ActPlane,codex,full_stream,tool_family,4,25,shell → edit → edit → shell,346,0.007232139124618536,47842
project_vendor,ActPlane,codex,full_stream,tool_family,4,26,shell → edit → edit → edit,342,0.007148530579825258,47842
project_vendor,ActPlane,codex,full_stream,tool_family,4,27,shell → shell → plan/goal → shell,322,0.006730487855858868,47842
project_vendor,ActPlane,codex,full_stream,tool_family,4,28,shell → plan/goal → shell → shell,306,0.006396053676685757,47842
project_vendor,ActPlane,codex,full_stream,tool_family,4,29,wait/control → shell → wait/control → wait/control,296,0.006187032314702563,47842
project_vendor,ActPlane,codex,full_stream,tool_family,4,30,wait/control → wait/control → shell → wait/control,286,0.0059780109527193676,47842
project_vendor,ActPlane,codex,same_prompt,hybrid_shell,2,1,shell:search/text → shell:search/text,11271,0.23903039043114965,47153
project_vendor,ActPlane,codex,same_prompt,hybrid_shell,2,2,wait/control → wait/control,3865,0.08196721311475409,47153
project_vendor,ActPlane,codex,same_prompt,hybrid_shell,2,3,shell:git/repository → shell:git/repository,2298,0.048734969143002564,47153
project_vendor,ActPlane,codex,same_prompt,hybrid_shell,2,4,edit → edit,1587,0.03365639513922762,47153
project_vendor,ActPlane,codex,same_prompt,hybrid_shell,2,5,wait/control → shell:search/text,1489,0.031578054418594785,47153
project_vendor,ActPlane,codex,same_prompt,hybrid_shell,2,6,shell:search/text → edit,1276,0.027060844484974447,47153
project_vendor,ActPlane,codex,same_prompt,hybrid_shell,2,7,shell:data/analysis/runtime → shell:data/analysis/runtime,1129,0.023943333404025196,47153
project_vendor,ActPlane,codex,same_prompt,hybrid_shell,2,8,shell:search/text → wait/control,1065,0.02258604966810171,47153
project_vendor,ActPlane,codex,same_prompt,hybrid_shell,2,9,shell:data/analysis/runtime → wait/control,861,0.01825970775984561,47153
project_vendor,ActPlane,codex,same_prompt,hybrid_shell,2,10,wait/control → shell:data/analysis/runtime,855,0.01813246240960278,47153
project_vendor,ActPlane,codex,same_prompt,hybrid_shell,2,11,shell:git/repository → shell:search/text,825,0.017496235658388648,47153
project_vendor,ActPlane,codex,same_prompt,hybrid_shell,2,12,shell:container/orchestration → wait/control,787,0.01669034844018408,47153
project_vendor,ActPlane,codex,same_prompt,hybrid_shell,2,13,edit → shell:search/text,767,0.016266197272707995,47153
project_vendor,ActPlane,codex,same_prompt,hybrid_shell,2,14,shell:data/analysis/runtime → shell:search/text,749,0.015884461221979514,47153
project_vendor,ActPlane,codex,same_prompt,hybrid_shell,2,15,wait/control → shell:container/orchestration,742,0.015736008313362883,47153
project_vendor,ActPlane,codex,same_prompt,hybrid_shell,2,16,shell:search/text → shell:git/repository,721,0.01529064958751299,47153
project_vendor,ActPlane,codex,same_prompt,hybrid_shell,2,17,shell:other → shell:other,662,0.014039403643458528,47153
project_vendor,ActPlane,codex,same_prompt,hybrid_shell,2,18,shell:search/text → shell:data/analysis/runtime,634,0.013445592008992004,47153
project_vendor,ActPlane,codex,same_prompt,hybrid_shell,2,19,shell:other → wait/control,627,0.013297139100375374,47153
project_vendor,ActPlane,codex,same_prompt,hybrid_shell,2,20,shell:search/text → shell:container/orchestration,580,0.012300383856806566,47153
project_vendor,ActPlane,codex,same_prompt,hybrid_shell,2,21,shell:container/orchestration → shell:container/orchestration,547,0.011600534430471019,47153
project_vendor,ActPlane,codex,same_prompt,hybrid_shell,2,22,shell:test → shell:test,528,0.011197590821368736,47153
project_vendor,ActPlane,codex,same_prompt,hybrid_shell,2,23,shell:process/system → wait/control,492,0.010434118719911777,47153
project_vendor,ActPlane,codex,same_prompt,hybrid_shell,2,24,edit → shell:data/analysis/runtime,467,0.009903929760566666,47153
project_vendor,ActPlane,codex,same_prompt,hybrid_shell,2,25,shell:container/orchestration → shell:search/text,423,0.008970797192119271,47153
project_vendor,ActPlane,codex,same_prompt,hybrid_shell,2,26,shell:search/text → shell:other,412,0.008737514050007422,47153
project_vendor,ActPlane,codex,same_prompt,hybrid_shell,2,27,shell:search/text → shell:process/system,398,0.008440608232774162,47153
project_vendor,ActPlane,codex,same_prompt,hybrid_shell,2,28,shell:lint/format → shell:test,339,0.0071893622887196995,47153
project_vendor,ActPlane,codex,same_prompt,hybrid_shell,2,29,shell:other → shell:search/text,335,0.007104532055224482,47153
project_vendor,ActPlane,codex,same_prompt,hybrid_shell,2,30,edit → shell:lint/format,317,0.006722796004496002,47153
project_vendor,ActPlane,codex,same_prompt,hybrid_shell,3,1,shell:search/text → shell:search/text → shell:search/text,7983,0.17299815798027957,46145
project_vendor,ActPlane,codex,same_prompt,hybrid_shell,3,2,wait/control → wait/control → wait/control,2718,0.05890128941380431,46145
project_vendor,ActPlane,codex,same_prompt,hybrid_shell,3,3,shell:git/repository → shell:git/repository → shell:git/repository,1452,0.03146603098927295,46145
project_vendor,ActPlane,codex,same_prompt,hybrid_shell,3,4,shell:search/text → shell:search/text → edit,899,0.019482067396250947,46145
project_vendor,ActPlane,codex,same_prompt,hybrid_shell,3,5,edit → edit → edit,845,0.01831184310326146,46145
project_vendor,ActPlane,codex,same_prompt,hybrid_shell,3,6,wait/control → shell:search/text → shell:search/text,813,0.017618376855563982,46145
project_vendor,ActPlane,codex,same_prompt,hybrid_shell,3,7,shell:search/text → wait/control → shell:search/text,542,0.01174558457037599,46145
project_vendor,ActPlane,codex,same_prompt,hybrid_shell,3,8,shell:search/text → edit → edit,515,0.011160472423881244,46145
project_vendor,ActPlane,codex,same_prompt,hybrid_shell,3,9,shell:git/repository → shell:search/text → shell:search/text,479,0.010380322895221583,46145
project_vendor,ActPlane,codex,same_prompt,hybrid_shell,3,10,shell:search/text → shell:search/text → wait/control,461,0.009990248130891754,46145
project_vendor,ActPlane,codex,same_prompt,hybrid_shell,3,11,shell:data/analysis/runtime → shell:data/analysis/runtime → shell:data/analysis/runtime,446,0.009665185827283563,46145
project_vendor,ActPlane,codex,same_prompt,hybrid_shell,3,12,edit → shell:search/text → shell:search/text,435,0.009426806804637556,46145
project_vendor,ActPlane,codex,same_prompt,hybrid_shell,3,13,shell:data/analysis/runtime → wait/control → wait/control,413,0.008950048759345542,46145
project_vendor,ActPlane,codex,same_prompt,hybrid_shell,3,14,shell:search/text → shell:search/text → shell:git/repository,360,0.0078014952865965975,46145
project_vendor,ActPlane,codex,same_prompt,hybrid_shell,3,15,shell:other → shell:other → shell:other,356,0.007714812005634414,46145
project_vendor,ActPlane,codex,same_prompt,hybrid_shell,3,16,shell:container/orchestration → wait/control → shell:container/orchestration,350,0.007584787084191137,46145
project_vendor,ActPlane,codex,same_prompt,hybrid_shell,3,17,shell:git/repository → shell:git/repository → shell:search/text,349,0.0075631162639505905,46145
project_vendor,ActPlane,codex,same_prompt,hybrid_shell,3,18,edit → edit → shell:search/text,326,0.00706468739841803,46145
project_vendor,ActPlane,codex,same_prompt,hybrid_shell,3,19,shell:container/orchestration → shell:container/orchestration → wait/control,326,0.00706468739841803,46145
project_vendor,ActPlane,codex,same_prompt,hybrid_shell,3,20,shell:search/text → shell:search/text → shell:data/analysis/runtime,307,0.006652941813847654,46145
project_vendor,ActPlane,codex,same_prompt,hybrid_shell,3,21,wait/control → wait/control → shell:data/analysis/runtime,303,0.006566258532885469,46145
project_vendor,ActPlane,codex,same_prompt,hybrid_shell,3,22,wait/control → shell:container/orchestration → shell:container/orchestration,298,0.0064579044316827395,46145
project_vendor,ActPlane,codex,same_prompt,hybrid_shell,3,23,wait/control → shell:search/text → shell:container/orchestration,288,0.006241196229277278,46145
project_vendor,ActPlane,codex,same_prompt,hybrid_shell,3,24,shell:data/analysis/runtime → shell:search/text → shell:search/text,286,0.006197854588796186,46145
project_vendor,ActPlane,codex,same_prompt,hybrid_shell,3,25,shell:search/text → shell:git/repository → shell:git/repository,285,0.00617618376855564,46145
project_vendor,ActPlane,codex,same_prompt,hybrid_shell,3,26,wait/control → shell:data/analysis/runtime → wait/control,285,0.00617618376855564,46145
project_vendor,ActPlane,codex,same_prompt,hybrid_shell,3,27,shell:search/text → edit → shell:search/text,280,0.006067829667352909,46145
project_vendor,ActPlane,codex,same_prompt,hybrid_shell,3,28,wait/control → wait/control → shell:search/text,279,0.006046158847112363,46145
project_vendor,ActPlane,codex,same_prompt,hybrid_shell,3,29,shell:data/analysis/runtime → shell:data/analysis/runtime → wait/control,243,0.005266009318452704,46145
project_vendor,ActPlane,codex,same_prompt,hybrid_shell,3,30,wait/control → shell:container/orchestration → wait/control,241,0.005222667677971611,46145
project_vendor,ActPlane,codex,same_prompt,hybrid_shell,4,1,shell:search/text → shell:search/text → shell:search/text → shell:search/text,6156,0.13617661372384196,45206
project_vendor,ActPlane,codex,same_prompt,hybrid_shell,4,2,wait/control → wait/control → wait/control → wait/control,2216,0.0490200415873999,45206
project_vendor,ActPlane,codex,same_prompt,hybrid_shell,4,3,shell:git/repository → shell:git/repository → shell:git/repository → shell:git/repository,985,0.021789143034110517,45206
project_vendor,ActPlane,codex,same_prompt,hybrid_shell,4,4,shell:search/text → shell:search/text → shell:search/text → edit,631,0.013958324116267752,45206
project_vendor,ActPlane,codex,same_prompt,hybrid_shell,4,5,edit → edit → edit → edit,484,0.010706543379197452,45206
project_vendor,ActPlane,codex,same_prompt,hybrid_shell,4,6,shell:search/text → shell:search/text → edit → edit,393,0.008693536256249171,45206
project_vendor,ActPlane,codex,same_prompt,hybrid_shell,4,7,shell:search/text → wait/control → shell:search/text → shell:search/text,360,0.00796354466221298,45206
project_vendor,ActPlane,codex,same_prompt,hybrid_shell,4,8,shell:search/text → shell:search/text → wait/control → shell:search/text,348,0.0076980931734725476,45206
project_vendor,ActPlane,codex,same_prompt,hybrid_shell,4,9,shell:git/repository → shell:search/text → shell:search/text → shell:search/text,341,0.007543246471707296,45206
project_vendor,ActPlane,codex,same_prompt,hybrid_shell,4,10,shell:search/text → edit → edit → edit,268,0.005928416581869663,45206
project_vendor,ActPlane,codex,same_prompt,hybrid_shell,4,11,wait/control → shell:search/text → shell:search/text → shell:search/text,257,0.005685086050524267,45206
project_vendor,ActPlane,codex,same_prompt,hybrid_shell,4,12,wait/control → shell:container/orchestration → shell:container/orchestration → wait/control,237,0.005242666902623545,45206
project_vendor,ActPlane,codex,same_prompt,hybrid_shell,4,13,edit → shell:search/text → shell:search/text → shell:search/text,228,0.005043578286068221,45206
project_vendor,ActPlane,codex,same_prompt,hybrid_shell,4,14,wait/control → shell:search/text → shell:search/text → wait/control,227,0.005021457328673185,45206
project_vendor,ActPlane,codex,same_prompt,hybrid_shell,4,15,shell:data/analysis/runtime → shell:data/analysis/runtime → shell:data/analysis/runtime → shell:data/analysis/runtime,225,0.004977215413883113,45206
project_vendor,ActPlane,codex,same_prompt,hybrid_shell,4,16,shell:search/text → shell:search/text → shell:search/text → shell:data/analysis/runtime,209,0.004623280095562536,45206
project_vendor,ActPlane,codex,same_prompt,hybrid_shell,4,17,shell:data/analysis/runtime → wait/control → wait/control → wait/control,206,0.004556917223377427,45206
project_vendor,ActPlane,codex,same_prompt,hybrid_shell,4,18,shell:other → shell:other → shell:other → shell:other,203,0.00449055435119232,45206
project_vendor,ActPlane,codex,same_prompt,hybrid_shell,4,19,shell:search/text → shell:search/text → edit → shell:search/text,200,0.0044241914790072116,45206
project_vendor,ActPlane,codex,same_prompt,hybrid_shell,4,20,shell:git/repository → shell:git/repository → shell:search/text → shell:search/text,198,0.004379949564217139,45206
project_vendor,ActPlane,codex,same_prompt,hybrid_shell,4,21,shell:search/text → shell:search/text → shell:search/text → wait/control,185,0.004092377118081671,45206
project_vendor,ActPlane,codex,same_prompt,hybrid_shell,4,22,edit → edit → shell:search/text → shell:search/text,184,0.0040702561606866345,45206
project_vendor,ActPlane,codex,same_prompt,hybrid_shell,4,23,shell:search/text → shell:search/text → shell:search/text → shell:git/repository,177,0.003915409458921382,45206
project_vendor,ActPlane,codex,same_prompt,hybrid_shell,4,24,edit → edit → edit → shell:search/text,176,0.003893288501526346,45206
project_vendor,ActPlane,codex,same_prompt,hybrid_shell,4,25,wait/control → shell:container/orchestration → wait/control → shell:container/orchestration,176,0.003893288501526346,45206
project_vendor,ActPlane,codex,same_prompt,hybrid_shell,4,26,plan/goal → shell:search/text → shell:search/text → shell:search/text,173,0.003826925629341238,45206
project_vendor,ActPlane,codex,same_prompt,hybrid_shell,4,27,shell:git/repository → shell:git/repository → shell:git/repository → shell:search/text,171,0.003782683714551166,45206
project_vendor,ActPlane,codex,same_prompt,hybrid_shell,4,28,shell:container/orchestration → wait/control → shell:container/orchestration → wait/control,169,0.0037384417997610936,45206
project_vendor,ActPlane,codex,same_prompt,hybrid_shell,4,29,shell:data/analysis/runtime → shell:search/text → shell:search/text → shell:search/text,161,0.003561474140600805,45206
project_vendor,ActPlane,codex,same_prompt,hybrid_shell,4,30,shell:search/text → edit → shell:search/text → shell:search/text,159,0.0035172322258107333,45206
project_vendor,ActPlane,codex,same_prompt,tool_family,2,1,shell → shell,27687,0.5871736686955231,47153
project_vendor,ActPlane,codex,same_prompt,tool_family,2,2,shell → wait/control,4179,0.0886263864441287,47153
project_vendor,ActPlane,codex,same_prompt,tool_family,2,3,wait/control → shell,3914,0.08300638347507051,47153
project_vendor,ActPlane,codex,same_prompt,tool_family,2,4,wait/control → wait/control,3865,0.08196721311475409,47153
project_vendor,ActPlane,codex,same_prompt,tool_family,2,5,edit → shell,1993,0.04226666383899222,47153
project_vendor,ActPlane,codex,same_prompt,tool_family,2,6,shell → edit,1850,0.039233982991538185,47153
project_vendor,ActPlane,codex,same_prompt,tool_family,2,7,edit → edit,1587,0.03365639513922762,47153
project_vendor,ActPlane,codex,same_prompt,tool_family,2,8,plan/goal → shell,538,0.01140966640510678,47153
project_vendor,ActPlane,codex,same_prompt,tool_family,2,9,shell → plan/goal,413,0.008758721608381228,47153
project_vendor,ActPlane,codex,same_prompt,tool_family,2,10,coordination → shell,174,0.0036901151570419696,47153
project_vendor,ActPlane,codex,same_prompt,tool_family,2,11,wait/control → edit,173,0.0036689075986681653,47153
project_vendor,ActPlane,codex,same_prompt,tool_family,2,12,shell → coordination,163,0.003456832014930121,47153
project_vendor,ActPlane,codex,same_prompt,tool_family,2,13,coordination → coordination,81,0.0017178122282781583,47153
project_vendor,ActPlane,codex,same_prompt,tool_family,2,14,wait/control → plan/goal,70,0.0014845290861663096,47153
project_vendor,ActPlane,codex,same_prompt,tool_family,2,15,edit → plan/goal,62,0.0013148686191758743,47153
project_vendor,ActPlane,codex,same_prompt,tool_family,2,16,plan/goal → plan/goal,59,0.001251245944054461,47153
project_vendor,ActPlane,codex,same_prompt,tool_family,2,17,plan/goal → edit,49,0.0010391703603164167,47153
project_vendor,ActPlane,codex,same_prompt,tool_family,2,18,task → task,38,0.0008058872182045682,47153
project_vendor,ActPlane,codex,same_prompt,tool_family,2,19,shell → multimodal,36,0.0007634721014569592,47153
project_vendor,ActPlane,codex,same_prompt,tool_family,2,20,wait/control → coordination,34,0.0007210569847093504,47153
project_vendor,ActPlane,codex,same_prompt,tool_family,2,21,task → shell,30,0.0006362267512141327,47153
project_vendor,ActPlane,codex,same_prompt,tool_family,2,22,shell → task,28,0.0005938116344665239,47153
project_vendor,ActPlane,codex,same_prompt,tool_family,2,23,plan/goal → wait/control,19,0.0004029436091022841,47153
project_vendor,ActPlane,codex,same_prompt,tool_family,2,24,multimodal → shell,14,0.00029690581723326194,47153
project_vendor,ActPlane,codex,same_prompt,tool_family,2,25,edit → wait/control,13,0.0002756982588594575,47153
project_vendor,ActPlane,codex,same_prompt,tool_family,2,26,multimodal → multimodal,13,0.0002756982588594575,47153
project_vendor,ActPlane,codex,same_prompt,tool_family,2,27,coordination → edit,9,0.0001908680253642398,47153
project_vendor,ActPlane,codex,same_prompt,tool_family,2,28,multimodal → edit,9,0.0001908680253642398,47153
project_vendor,ActPlane,codex,same_prompt,tool_family,2,29,coordination → plan/goal,7,0.00014845290861663097,47153
project_vendor,ActPlane,codex,same_prompt,tool_family,2,30,other → shell,7,0.00014845290861663097,47153
project_vendor,ActPlane,codex,same_prompt,tool_family,3,1,shell → shell → shell,21848,0.4734640806154513,46145
project_vendor,ActPlane,codex,same_prompt,tool_family,3,2,shell → shell → wait/control,3006,0.06514248564308159,46145
project_vendor,ActPlane,codex,same_prompt,tool_family,3,3,wait/control → shell → shell,2864,0.06206522916892404,46145
project_vendor,ActPlane,codex,same_prompt,tool_family,3,4,shell → wait/control → shell,2862,0.062021887528442954,46145
project_vendor,ActPlane,codex,same_prompt,tool_family,3,5,wait/control → wait/control → wait/control,2718,0.05890128941380431,46145
project_vendor,ActPlane,codex,same_prompt,tool_family,3,6,edit → shell → shell,1618,0.035063387149203595,46145
project_vendor,ActPlane,codex,same_prompt,tool_family,3,7,shell → shell → edit,1541,0.03339473399068155,46145
project_vendor,ActPlane,codex,same_prompt,tool_family,3,8,shell → wait/control → wait/control,1135,0.02459638097301983,46145
project_vendor,ActPlane,codex,same_prompt,tool_family,3,9,shell → edit → shell,1065,0.023079423556181602,46145
project_vendor,ActPlane,codex,same_prompt,tool_family,3,10,wait/control → wait/control → shell,1005,0.021779174341748836,46145
project_vendor,ActPlane,codex,same_prompt,tool_family,3,11,wait/control → shell → wait/control,984,0.021324087116697366,46145
project_vendor,ActPlane,codex,same_prompt,tool_family,3,12,edit → edit → edit,845,0.01831184310326146,46145
project_vendor,ActPlane,codex,same_prompt,tool_family,3,13,edit → edit → shell,699,0.015147903348141728,46145
project_vendor,ActPlane,codex,same_prompt,tool_family,3,14,shell → edit → edit,672,0.014562791201646982,46145
project_vendor,ActPlane,codex,same_prompt,tool_family,3,15,plan/goal → shell → shell,473,0.010250297973778308,46145
project_vendor,ActPlane,codex,same_prompt,tool_family,3,16,shell → shell → plan/goal,380,0.008234911691407519,46145
project_vendor,ActPlane,codex,same_prompt,tool_family,3,17,shell → plan/goal → shell,264,0.0057210965435041715,46145
project_vendor,ActPlane,codex,same_prompt,tool_family,3,18,edit → shell → edit,216,0.004680897171957959,46145
project_vendor,ActPlane,codex,same_prompt,tool_family,3,19,wait/control → edit → shell,135,0.0029255607324737243,46145
project_vendor,ActPlane,codex,same_prompt,tool_family,3,20,shell → shell → coordination,126,0.002730523350308809,46145
project_vendor,ActPlane,codex,same_prompt,tool_family,3,21,edit → shell → wait/control,118,0.0025571567883844403,46145
project_vendor,ActPlane,codex,same_prompt,tool_family,3,22,coordination → shell → shell,117,0.002535485968143894,46145
project_vendor,ActPlane,codex,same_prompt,tool_family,3,23,shell → coordination → shell,107,0.0023187777657384333,46145
project_vendor,ActPlane,codex,same_prompt,tool_family,3,24,shell → wait/control → edit,87,0.001885361360927511,46145
project_vendor,ActPlane,codex,same_prompt,tool_family,3,25,wait/control → wait/control → edit,85,0.001842019720446419,46145
project_vendor,ActPlane,codex,same_prompt,tool_family,3,26,wait/control → plan/goal → shell,58,0.001256907573951674,46145
project_vendor,ActPlane,codex,same_prompt,tool_family,3,27,edit → plan/goal → shell,56,0.0012135659334705819,46145
project_vendor,ActPlane,codex,same_prompt,tool_family,3,28,shell → plan/goal → plan/goal,53,0.0011485534727489436,46145
project_vendor,ActPlane,codex,same_prompt,tool_family,3,29,wait/control → shell → edit,43,0.0009318452703434825,46145
project_vendor,ActPlane,codex,same_prompt,tool_family,3,30,coordination → coordination → shell,40,0.0008668328096218442,46145
project_vendor,ActPlane,codex,same_prompt,tool_family,4,1,shell → shell → shell → shell,17772,0.3931336548245808,45206
project_vendor,ActPlane,codex,same_prompt,tool_family,4,2,wait/control → wait/control → wait/control → wait/control,2216,0.0490200415873999,45206
project_vendor,ActPlane,codex,same_prompt,tool_family,4,3,shell → shell → wait/control → shell,2129,0.04709551829403177,45206
project_vendor,ActPlane,codex,same_prompt,tool_family,4,4,shell → wait/control → shell → shell,2123,0.04696279254966155,45206
project_vendor,ActPlane,codex,same_prompt,tool_family,4,5,shell → shell → shell → wait/control,1732,0.03831349820820245,45206
project_vendor,ActPlane,codex,same_prompt,tool_family,4,6,wait/control → shell → shell → shell,1682,0.037207450338450646,45206
project_vendor,ActPlane,codex,same_prompt,tool_family,4,7,shell → shell → shell → edit,1239,0.027407866212449675,45206
project_vendor,ActPlane,codex,same_prompt,tool_family,4,8,edit → shell → shell → shell,1216,0.026899084192363844,45206
project_vendor,ActPlane,codex,same_prompt,tool_family,4,9,wait/control → shell → shell → wait/control,1119,0.024753351325045348,45206
project_vendor,ActPlane,codex,same_prompt,tool_family,4,10,shell → shell → edit → shell,885,0.019577047294606912,45206
project_vendor,ActPlane,codex,same_prompt,tool_family,4,11,shell → edit → shell → shell,855,0.01891341857275583,45206
project_vendor,ActPlane,codex,same_prompt,tool_family,4,12,shell → shell → wait/control → wait/control,738,0.01632526655753661,45206
project_vendor,ActPlane,codex,same_prompt,tool_family,4,13,shell → wait/control → shell → wait/control,699,0.015462549219130204,45206
project_vendor,ActPlane,codex,same_prompt,tool_family,4,14,wait/control → wait/control → shell → shell,696,0.015396186346945095,45206
project_vendor,ActPlane,codex,same_prompt,tool_family,4,15,wait/control → shell → wait/control → shell,662,0.01464407379551387,45206
project_vendor,ActPlane,codex,same_prompt,tool_family,4,16,edit → edit → shell → shell,567,0.012542582842985444,45206
project_vendor,ActPlane,codex,same_prompt,tool_family,4,17,shell → shell → edit → edit,562,0.012431978056010264,45206
project_vendor,ActPlane,codex,same_prompt,tool_family,4,18,shell → wait/control → wait/control → shell,554,0.012255010396849975,45206
project_vendor,ActPlane,codex,same_prompt,tool_family,4,19,shell → wait/control → wait/control → wait/control,497,0.01099411582533292,45206
project_vendor,ActPlane,codex,same_prompt,tool_family,4,20,edit → edit → edit → edit,484,0.010706543379197452,45206
project_vendor,ActPlane,codex,same_prompt,tool_family,4,21,plan/goal → shell → shell → shell,445,0.009843826040791046,45206
project_vendor,ActPlane,codex,same_prompt,tool_family,4,22,wait/control → wait/control → wait/control → shell,444,0.009821705083396009,45206
project_vendor,ActPlane,codex,same_prompt,tool_family,4,23,shell → shell → shell → plan/goal,349,0.007720214130867584,45206
project_vendor,ActPlane,codex,same_prompt,tool_family,4,24,edit → edit → edit → shell,344,0.007609609343892404,45206
project_vendor,ActPlane,codex,same_prompt,tool_family,4,25,shell → edit → edit → edit,330,0.007299915940361899,45206
project_vendor,ActPlane,codex,same_prompt,tool_family,4,26,shell → edit → edit → shell,319,0.007056585409016502,45206
project_vendor,ActPlane,codex,same_prompt,tool_family,4,27,wait/control → shell → wait/control → wait/control,294,0.006503561474140601,45206
project_vendor,ActPlane,codex,same_prompt,tool_family,4,28,wait/control → wait/control → shell → wait/control,283,0.006260230942795204,45206
project_vendor,ActPlane,codex,same_prompt,tool_family,4,29,shell → shell → plan/goal → shell,240,0.005309029774808654,45206
project_vendor,ActPlane,codex,same_prompt,tool_family,4,30,shell → plan/goal → shell → shell,226,0.004999336371278149,45206
project,academic-writing-skills,ALL,full_stream,hybrid_shell,2,1,edit → edit,332,0.35969664138678226,923
project,academic-writing-skills,ALL,full_stream,hybrid_shell,2,2,read → read,138,0.1495124593716143,923
project,academic-writing-skills,ALL,full_stream,hybrid_shell,2,3,shell:filesystem/navigation → shell:filesystem/navigation,86,0.09317443120260022,923
project,academic-writing-skills,ALL,full_stream,hybrid_shell,2,4,shell:git/repository → shell:git/repository,41,0.044420368364030335,923
project,academic-writing-skills,ALL,full_stream,hybrid_shell,2,5,read → edit,33,0.035752979414951244,923
project,academic-writing-skills,ALL,full_stream,hybrid_shell,2,6,shell:search/text → shell:search/text,24,0.02600216684723727,923
project,academic-writing-skills,ALL,full_stream,hybrid_shell,2,7,shell:search/text → read,21,0.02275189599133261,923
project,academic-writing-skills,ALL,full_stream,hybrid_shell,2,8,shell:filesystem/navigation → read,20,0.021668472372697724,923
project,academic-writing-skills,ALL,full_stream,hybrid_shell,2,9,edit → read,19,0.020585048754062838,923
project,academic-writing-skills,ALL,full_stream,hybrid_shell,2,10,edit → shell:search/text,16,0.01733477789815818,923
project,academic-writing-skills,ALL,full_stream,hybrid_shell,2,11,read → shell:filesystem/navigation,16,0.01733477789815818,923
project,academic-writing-skills,ALL,full_stream,hybrid_shell,2,12,read → shell:search/text,13,0.014084507042253521,923
project,academic-writing-skills,ALL,full_stream,hybrid_shell,2,13,shell:search/text → shell:filesystem/navigation,13,0.014084507042253521,923
project,academic-writing-skills,ALL,full_stream,hybrid_shell,2,14,shell:filesystem/navigation → shell:search/text,12,0.013001083423618635,923
project,academic-writing-skills,ALL,full_stream,hybrid_shell,2,15,edit → shell:filesystem/navigation,10,0.010834236186348862,923
project,academic-writing-skills,ALL,full_stream,hybrid_shell,2,16,read → shell:git/repository,9,0.009750812567713976,923
project,academic-writing-skills,ALL,full_stream,hybrid_shell,2,17,shell:git/repository → read,9,0.009750812567713976,923
project,academic-writing-skills,ALL,full_stream,hybrid_shell,2,18,shell:git/repository → shell:search/text,9,0.009750812567713976,923
project,academic-writing-skills,ALL,full_stream,hybrid_shell,2,19,shell:search/text → edit,8,0.00866738894907909,923
project,academic-writing-skills,ALL,full_stream,hybrid_shell,2,20,shell:filesystem/navigation → edit,7,0.007583965330444204,923
project,academic-writing-skills,ALL,full_stream,hybrid_shell,2,21,shell:filesystem/navigation → shell:git/repository,7,0.007583965330444204,923
project,academic-writing-skills,ALL,full_stream,hybrid_shell,2,22,shell:git/repository → shell:filesystem/navigation,6,0.0065005417118093175,923
project,academic-writing-skills,ALL,full_stream,hybrid_shell,2,23,shell:search/text → shell:git/repository,6,0.0065005417118093175,923
project,academic-writing-skills,ALL,full_stream,hybrid_shell,2,24,edit → write,5,0.005417118093174431,923
project,academic-writing-skills,ALL,full_stream,hybrid_shell,2,25,task → task,5,0.005417118093174431,923
project,academic-writing-skills,ALL,full_stream,hybrid_shell,2,26,write → edit,5,0.005417118093174431,923
project,academic-writing-skills,ALL,full_stream,hybrid_shell,2,27,write → write,5,0.005417118093174431,923
project,academic-writing-skills,ALL,full_stream,hybrid_shell,2,28,edit → shell:git/repository,3,0.0032502708559046588,923
project,academic-writing-skills,ALL,full_stream,hybrid_shell,2,29,shell:git/repository → edit,3,0.0032502708559046588,923
project,academic-writing-skills,ALL,full_stream,hybrid_shell,2,30,write → read,3,0.0032502708559046588,923
project,academic-writing-skills,ALL,full_stream,hybrid_shell,3,1,edit → edit → edit,280,0.311804008908686,898
project,academic-writing-skills,ALL,full_stream,hybrid_shell,3,2,read → read → read,92,0.10244988864142539,898
project,academic-writing-skills,ALL,full_stream,hybrid_shell,3,3,shell:filesystem/navigation → shell:filesystem/navigation → shell:filesystem/navigation,61,0.06792873051224944,898
project,academic-writing-skills,ALL,full_stream,hybrid_shell,3,4,read → edit → edit,31,0.034521158129175944,898
project,academic-writing-skills,ALL,full_stream,hybrid_shell,3,5,shell:git/repository → shell:git/repository → shell:git/repository,21,0.02338530066815145,898
project,academic-writing-skills,ALL,full_stream,hybrid_shell,3,6,edit → edit → read,16,0.017817371937639197,898
project,academic-writing-skills,ALL,full_stream,hybrid_shell,3,7,read → read → edit,16,0.017817371937639197,898
project,academic-writing-skills,ALL,full_stream,hybrid_shell,3,8,edit → edit → shell:search/text,15,0.01670378619153675,898
project,academic-writing-skills,ALL,full_stream,hybrid_shell,3,9,shell:filesystem/navigation → read → read,14,0.015590200445434299,898
project,academic-writing-skills,ALL,full_stream,hybrid_shell,3,10,shell:filesystem/navigation → shell:filesystem/navigation → read,13,0.014476614699331848,898
project,academic-writing-skills,ALL,full_stream,hybrid_shell,3,11,shell:search/text → read → read,13,0.014476614699331848,898
project,academic-writing-skills,ALL,full_stream,hybrid_shell,3,12,read → read → shell:filesystem/navigation,12,0.013363028953229399,898
project,academic-writing-skills,ALL,full_stream,hybrid_shell,3,13,edit → read → edit,10,0.011135857461024499,898
project,academic-writing-skills,ALL,full_stream,hybrid_shell,3,14,edit → edit → shell:filesystem/navigation,9,0.01002227171492205,898
project,academic-writing-skills,ALL,full_stream,hybrid_shell,3,15,read → shell:filesystem/navigation → shell:filesystem/navigation,9,0.01002227171492205,898
project,academic-writing-skills,ALL,full_stream,hybrid_shell,3,16,shell:search/text → shell:filesystem/navigation → shell:filesystem/navigation,8,0.008908685968819599,898
project,academic-writing-skills,ALL,full_stream,hybrid_shell,3,17,shell:search/text → shell:search/text → shell:filesystem/navigation,8,0.008908685968819599,898
project,academic-writing-skills,ALL,full_stream,hybrid_shell,3,18,edit → read → read,7,0.0077951002227171495,898
project,academic-writing-skills,ALL,full_stream,hybrid_shell,3,19,shell:git/repository → shell:git/repository → shell:search/text,7,0.0077951002227171495,898
project,academic-writing-skills,ALL,full_stream,hybrid_shell,3,20,shell:search/text → edit → edit,7,0.0077951002227171495,898
project,academic-writing-skills,ALL,full_stream,hybrid_shell,3,21,read → read → shell:search/text,6,0.0066815144766146995,898
project,academic-writing-skills,ALL,full_stream,hybrid_shell,3,22,shell:filesystem/navigation → edit → edit,6,0.0066815144766146995,898
project,academic-writing-skills,ALL,full_stream,hybrid_shell,3,23,shell:filesystem/navigation → shell:search/text → shell:search/text,6,0.0066815144766146995,898
project,academic-writing-skills,ALL,full_stream,hybrid_shell,3,24,shell:git/repository → read → read,6,0.0066815144766146995,898
project,academic-writing-skills,ALL,full_stream,hybrid_shell,3,25,shell:git/repository → shell:git/repository → read,6,0.0066815144766146995,898
project,academic-writing-skills,ALL,full_stream,hybrid_shell,3,26,shell:search/text → shell:search/text → shell:search/text,6,0.0066815144766146995,898
project,academic-writing-skills,ALL,full_stream,hybrid_shell,3,27,edit → edit → write,5,0.005567928730512249,898
project,academic-writing-skills,ALL,full_stream,hybrid_shell,3,28,read → read → shell:git/repository,5,0.005567928730512249,898
project,academic-writing-skills,ALL,full_stream,hybrid_shell,3,29,read → shell:git/repository → shell:git/repository,5,0.005567928730512249,898
project,academic-writing-skills,ALL,full_stream,hybrid_shell,3,30,shell:git/repository → shell:search/text → read,5,0.005567928730512249,898
project,academic-writing-skills,ALL,full_stream,hybrid_shell,4,1,edit → edit → edit → edit,236,0.26971428571428574,875
project,academic-writing-skills,ALL,full_stream,hybrid_shell,4,2,read → read → read → read,67,0.07657142857142857,875
project,academic-writing-skills,ALL,full_stream,hybrid_shell,4,3,shell:filesystem/navigation → shell:filesystem/navigation → shell:filesystem/navigation → shell:filesystem/navigation,42,0.048,875
project,academic-writing-skills,ALL,full_stream,hybrid_shell,4,4,read → edit → edit → edit,29,0.03314285714285714,875
project,academic-writing-skills,ALL,full_stream,hybrid_shell,4,5,shell:git/repository → shell:git/repository → shell:git/repository → shell:git/repository,16,0.018285714285714287,875
project,academic-writing-skills,ALL,full_stream,hybrid_shell,4,6,edit → edit → edit → read,14,0.016,875
project,academic-writing-skills,ALL,full_stream,hybrid_shell,4,7,read → read → edit → edit,14,0.016,875
project,academic-writing-skills,ALL,full_stream,hybrid_shell,4,8,edit → edit → edit → shell:search/text,11,0.012571428571428572,875
project,academic-writing-skills,ALL,full_stream,hybrid_shell,4,9,edit → edit → read → edit,10,0.011428571428571429,875
project,academic-writing-skills,ALL,full_stream,hybrid_shell,4,10,edit → read → edit → edit,10,0.011428571428571429,875
project,academic-writing-skills,ALL,full_stream,hybrid_shell,4,11,shell:filesystem/navigation → shell:filesystem/navigation → read → read,10,0.011428571428571429,875
project,academic-writing-skills,ALL,full_stream,hybrid_shell,4,12,shell:filesystem/navigation → shell:filesystem/navigation → shell:filesystem/navigation → read,10,0.011428571428571429,875
project,academic-writing-skills,ALL,full_stream,hybrid_shell,4,13,read → read → read → shell:filesystem/navigation,9,0.010285714285714285,875
project,academic-writing-skills,ALL,full_stream,hybrid_shell,4,14,shell:filesystem/navigation → read → read → read,9,0.010285714285714285,875
project,academic-writing-skills,ALL,full_stream,hybrid_shell,4,15,shell:search/text → read → read → read,9,0.010285714285714285,875
project,academic-writing-skills,ALL,full_stream,hybrid_shell,4,16,edit → edit → edit → shell:filesystem/navigation,7,0.008,875
project,academic-writing-skills,ALL,full_stream,hybrid_shell,4,17,shell:search/text → shell:filesystem/navigation → shell:filesystem/navigation → shell:filesystem/navigation,7,0.008,875
project,academic-writing-skills,ALL,full_stream,hybrid_shell,4,18,read → read → shell:filesystem/navigation → shell:filesystem/navigation,6,0.006857142857142857,875
project,academic-writing-skills,ALL,full_stream,hybrid_shell,4,19,read → shell:filesystem/navigation → shell:filesystem/navigation → shell:filesystem/navigation,6,0.006857142857142857,875
project,academic-writing-skills,ALL,full_stream,hybrid_shell,4,20,shell:search/text → shell:search/text → shell:filesystem/navigation → shell:filesystem/navigation,6,0.006857142857142857,875
project,academic-writing-skills,ALL,full_stream,hybrid_shell,4,21,edit → edit → edit → write,5,0.005714285714285714,875
project,academic-writing-skills,ALL,full_stream,hybrid_shell,4,22,edit → edit → read → read,5,0.005714285714285714,875
project,academic-writing-skills,ALL,full_stream,hybrid_shell,4,23,edit → read → read → edit,5,0.005714285714285714,875
project,academic-writing-skills,ALL,full_stream,hybrid_shell,4,24,read → read → read → edit,5,0.005714285714285714,875
project,academic-writing-skills,ALL,full_stream,hybrid_shell,4,25,read → read → read → shell:search/text,5,0.005714285714285714,875
project,academic-writing-skills,ALL,full_stream,hybrid_shell,4,26,shell:search/text → edit → edit → edit,5,0.005714285714285714,875
project,academic-writing-skills,ALL,full_stream,hybrid_shell,4,27,edit → edit → shell:search/text → read,4,0.004571428571428572,875
project,academic-writing-skills,ALL,full_stream,hybrid_shell,4,28,read → read → read → shell:git/repository,4,0.004571428571428572,875
project,academic-writing-skills,ALL,full_stream,hybrid_shell,4,29,shell:filesystem/navigation → shell:search/text → shell:search/text → shell:filesystem/navigation,4,0.004571428571428572,875
project,academic-writing-skills,ALL,full_stream,hybrid_shell,4,30,shell:git/repository → shell:git/repository → read → read,4,0.004571428571428572,875
project,academic-writing-skills,ALL,full_stream,tool_family,2,1,edit → edit,332,0.35969664138678226,923
project,academic-writing-skills,ALL,full_stream,tool_family,2,2,shell → shell,209,0.22643553629469124,923
project,academic-writing-skills,ALL,full_stream,tool_family,2,3,read → read,138,0.1495124593716143,923
project,academic-writing-skills,ALL,full_stream,tool_family,2,4,shell → read,50,0.05417118093174431,923
project,academic-writing-skills,ALL,full_stream,tool_family,2,5,read → shell,38,0.041170097508125676,923
project,academic-writing-skills,ALL,full_stream,tool_family,2,6,read → edit,33,0.035752979414951244,923
project,academic-writing-skills,ALL,full_stream,tool_family,2,7,edit → shell,29,0.0314192849404117,923
project,academic-writing-skills,ALL,full_stream,tool_family,2,8,edit → read,19,0.020585048754062838,923
project,academic-writing-skills,ALL,full_stream,tool_family,2,9,shell → edit,19,0.020585048754062838,923
project,academic-writing-skills,ALL,full_stream,tool_family,2,10,edit → write,5,0.005417118093174431,923
project,academic-writing-skills,ALL,full_stream,tool_family,2,11,shell → write,5,0.005417118093174431,923
project,academic-writing-skills,ALL,full_stream,tool_family,2,12,task → task,5,0.005417118093174431,923
project,academic-writing-skills,ALL,full_stream,tool_family,2,13,write → edit,5,0.005417118093174431,923
project,academic-writing-skills,ALL,full_stream,tool_family,2,14,write → write,5,0.005417118093174431,923
project,academic-writing-skills,ALL,full_stream,tool_family,2,15,write → read,3,0.0032502708559046588,923
project,academic-writing-skills,ALL,full_stream,tool_family,2,16,write → shell,3,0.0032502708559046588,923
project,academic-writing-skills,ALL,full_stream,tool_family,2,17,edit → tool discovery,2,0.0021668472372697724,923
project,academic-writing-skills,ALL,full_stream,tool_family,2,18,other → other,2,0.0021668472372697724,923
project,academic-writing-skills,ALL,full_stream,tool_family,2,19,search → search,2,0.0021668472372697724,923
project,academic-writing-skills,ALL,full_stream,tool_family,2,20,shell → task,2,0.0021668472372697724,923
project,academic-writing-skills,ALL,full_stream,tool_family,2,21,task → shell,2,0.0021668472372697724,923
project,academic-writing-skills,ALL,full_stream,tool_family,2,22,tool discovery → search,2,0.0021668472372697724,923
project,academic-writing-skills,ALL,full_stream,tool_family,2,23,edit → other,1,0.0010834236186348862,923
project,academic-writing-skills,ALL,full_stream,tool_family,2,24,fetch → edit,1,0.0010834236186348862,923
project,academic-writing-skills,ALL,full_stream,tool_family,2,25,fetch → fetch,1,0.0010834236186348862,923
project,academic-writing-skills,ALL,full_stream,tool_family,2,26,other → shell,1,0.0010834236186348862,923
project,academic-writing-skills,ALL,full_stream,tool_family,2,27,read → task,1,0.0010834236186348862,923
project,academic-writing-skills,ALL,full_stream,tool_family,2,28,read → write,1,0.0010834236186348862,923
project,academic-writing-skills,ALL,full_stream,tool_family,2,29,search → edit,1,0.0010834236186348862,923
project,academic-writing-skills,ALL,full_stream,tool_family,2,30,search → shell,1,0.0010834236186348862,923
project,academic-writing-skills,ALL,full_stream,tool_family,3,1,edit → edit → edit,280,0.311804008908686,898
project,academic-writing-skills,ALL,full_stream,tool_family,3,2,shell → shell → shell,150,0.16703786191536749,898
project,academic-writing-skills,ALL,full_stream,tool_family,3,3,read → read → read,92,0.10244988864142539,898
project,academic-writing-skills,ALL,full_stream,tool_family,3,4,shell → read → read,33,0.036748329621380846,898
project,academic-writing-skills,ALL,full_stream,tool_family,3,5,read → edit → edit,31,0.034521158129175944,898
project,academic-writing-skills,ALL,full_stream,tool_family,3,6,shell → shell → read,31,0.034521158129175944,898
project,academic-writing-skills,ALL,full_stream,tool_family,3,7,edit → edit → shell,26,0.028953229398663696,898
project,academic-writing-skills,ALL,full_stream,tool_family,3,8,read → shell → shell,26,0.028953229398663696,898
project,academic-writing-skills,ALL,full_stream,tool_family,3,9,read → read → shell,23,0.025612472160356347,898
project,academic-writing-skills,ALL,full_stream,tool_family,3,10,edit → edit → read,16,0.017817371937639197,898
project,academic-writing-skills,ALL,full_stream,tool_family,3,11,edit → shell → shell,16,0.017817371937639197,898
project,academic-writing-skills,ALL,full_stream,tool_family,3,12,read → read → edit,16,0.017817371937639197,898
project,academic-writing-skills,ALL,full_stream,tool_family,3,13,shell → edit → edit,16,0.017817371937639197,898
project,academic-writing-skills,ALL,full_stream,tool_family,3,14,shell → shell → edit,12,0.013363028953229399,898
project,academic-writing-skills,ALL,full_stream,tool_family,3,15,edit → read → edit,10,0.011135857461024499,898
project,academic-writing-skills,ALL,full_stream,tool_family,3,16,shell → read → shell,10,0.011135857461024499,898
project,academic-writing-skills,ALL,full_stream,tool_family,3,17,edit → read → read,7,0.0077951002227171495,898
project,academic-writing-skills,ALL,full_stream,tool_family,3,18,read → shell → read,7,0.0077951002227171495,898
project,academic-writing-skills,ALL,full_stream,tool_family,3,19,edit → shell → edit,6,0.0066815144766146995,898
project,academic-writing-skills,ALL,full_stream,tool_family,3,20,edit → edit → write,5,0.005567928730512249,898
project,academic-writing-skills,ALL,full_stream,tool_family,3,21,edit → shell → read,5,0.005567928730512249,898
project,academic-writing-skills,ALL,full_stream,tool_family,3,22,shell → read → edit,5,0.005567928730512249,898
project,academic-writing-skills,ALL,full_stream,tool_family,3,23,shell → shell → write,4,0.004454342984409799,898
project,academic-writing-skills,ALL,full_stream,tool_family,3,24,task → task → task,3,0.0033407572383073497,898
project,academic-writing-skills,ALL,full_stream,tool_family,3,25,write → edit → edit,3,0.0033407572383073497,898
project,academic-writing-skills,ALL,full_stream,tool_family,3,26,write → shell → shell,3,0.0033407572383073497,898
project,academic-writing-skills,ALL,full_stream,tool_family,3,27,edit → read → shell,2,0.0022271714922048997,898
project,academic-writing-skills,ALL,full_stream,tool_family,3,28,edit → tool discovery → search,2,0.0022271714922048997,898
project,academic-writing-skills,ALL,full_stream,tool_family,3,29,edit → write → edit,2,0.0022271714922048997,898
project,academic-writing-skills,ALL,full_stream,tool_family,3,30,edit → write → shell,2,0.0022271714922048997,898
project,academic-writing-skills,ALL,full_stream,tool_family,4,1,edit → edit → edit → edit,236,0.26971428571428574,875
project,academic-writing-skills,ALL,full_stream,tool_family,4,2,shell → shell → shell → shell,111,0.12685714285714286,875
project,academic-writing-skills,ALL,full_stream,tool_family,4,3,read → read → read → read,67,0.07657142857142857,875
project,academic-writing-skills,ALL,full_stream,tool_family,4,4,read → edit → edit → edit,29,0.03314285714285714,875
project,academic-writing-skills,ALL,full_stream,tool_family,4,5,shell → shell → read → read,21,0.024,875
project,academic-writing-skills,ALL,full_stream,tool_family,4,6,shell → shell → shell → read,21,0.024,875
project,academic-writing-skills,ALL,full_stream,tool_family,4,7,edit → edit → edit → shell,20,0.022857142857142857,875
project,academic-writing-skills,ALL,full_stream,tool_family,4,8,shell → read → read → read,20,0.022857142857142857,875
project,academic-writing-skills,ALL,full_stream,tool_family,4,9,read → read → read → shell,18,0.02057142857142857,875
project,academic-writing-skills,ALL,full_stream,tool_family,4,10,read → shell → shell → shell,17,0.019428571428571427,875
project,academic-writing-skills,ALL,full_stream,tool_family,4,11,edit → edit → edit → read,14,0.016,875
project,academic-writing-skills,ALL,full_stream,tool_family,4,12,read → read → edit → edit,14,0.016,875
project,academic-writing-skills,ALL,full_stream,tool_family,4,13,read → read → shell → shell,14,0.016,875
project,academic-writing-skills,ALL,full_stream,tool_family,4,14,edit → edit → shell → shell,13,0.014857142857142857,875
project,academic-writing-skills,ALL,full_stream,tool_family,4,15,shell → edit → edit → edit,11,0.012571428571428572,875
project,academic-writing-skills,ALL,full_stream,tool_family,4,16,edit → edit → read → edit,10,0.011428571428571429,875
project,academic-writing-skills,ALL,full_stream,tool_family,4,17,edit → read → edit → edit,10,0.011428571428571429,875
project,academic-writing-skills,ALL,full_stream,tool_family,4,18,edit → shell → shell → shell,9,0.010285714285714285,875
project,academic-writing-skills,ALL,full_stream,tool_family,4,19,shell → shell → edit → edit,9,0.010285714285714285,875
project,academic-writing-skills,ALL,full_stream,tool_family,4,20,shell → shell → read → shell,8,0.009142857142857144,875
project,academic-writing-skills,ALL,full_stream,tool_family,4,21,read → shell → shell → read,7,0.008,875
project,academic-writing-skills,ALL,full_stream,tool_family,4,22,shell → read → shell → shell,7,0.008,875
project,academic-writing-skills,ALL,full_stream,tool_family,4,23,edit → edit → shell → edit,6,0.006857142857142857,875
project,academic-writing-skills,ALL,full_stream,tool_family,4,24,edit → shell → edit → edit,6,0.006857142857142857,875
project,academic-writing-skills,ALL,full_stream,tool_family,4,25,read → read → shell → read,6,0.006857142857142857,875
project,academic-writing-skills,ALL,full_stream,tool_family,4,26,shell → read → read → edit,6,0.006857142857142857,875
project,academic-writing-skills,ALL,full_stream,tool_family,4,27,edit → edit → edit → write,5,0.005714285714285714,875
project,academic-writing-skills,ALL,full_stream,tool_family,4,28,edit → edit → read → read,5,0.005714285714285714,875
project,academic-writing-skills,ALL,full_stream,tool_family,4,29,edit → edit → shell → read,5,0.005714285714285714,875
project,academic-writing-skills,ALL,full_stream,tool_family,4,30,edit → read → read → edit,5,0.005714285714285714,875
project,academic-writing-skills,ALL,same_prompt,hybrid_shell,2,1,edit → edit,310,0.3813038130381304,813
project,academic-writing-skills,ALL,same_prompt,hybrid_shell,2,2,read → read,134,0.16482164821648215,813
project,academic-writing-skills,ALL,same_prompt,hybrid_shell,2,3,shell:filesystem/navigation → shell:filesystem/navigation,81,0.0996309963099631,813
project,academic-writing-skills,ALL,same_prompt,hybrid_shell,2,4,shell:git/repository → shell:git/repository,39,0.04797047970479705,813
project,academic-writing-skills,ALL,same_prompt,hybrid_shell,2,5,read → edit,25,0.03075030750307503,813
project,academic-writing-skills,ALL,same_prompt,hybrid_shell,2,6,shell:search/text → shell:search/text,21,0.025830258302583026,813
project,academic-writing-skills,ALL,same_prompt,hybrid_shell,2,7,read → shell:filesystem/navigation,16,0.01968019680196802,813
project,academic-writing-skills,ALL,same_prompt,hybrid_shell,2,8,shell:filesystem/navigation → read,16,0.01968019680196802,813
project,academic-writing-skills,ALL,same_prompt,hybrid_shell,2,9,edit → shell:search/text,15,0.01845018450184502,813
project,academic-writing-skills,ALL,same_prompt,hybrid_shell,2,10,shell:search/text → read,15,0.01845018450184502,813
project,academic-writing-skills,ALL,same_prompt,hybrid_shell,2,11,edit → read,13,0.015990159901599015,813
project,academic-writing-skills,ALL,same_prompt,hybrid_shell,2,12,shell:search/text → shell:filesystem/navigation,13,0.015990159901599015,813
project,academic-writing-skills,ALL,same_prompt,hybrid_shell,2,13,shell:filesystem/navigation → shell:search/text,12,0.014760147601476014,813
project,academic-writing-skills,ALL,same_prompt,hybrid_shell,2,14,read → shell:search/text,11,0.013530135301353014,813
project,academic-writing-skills,ALL,same_prompt,hybrid_shell,2,15,shell:git/repository → shell:search/text,7,0.008610086100861008,813
project,academic-writing-skills,ALL,same_prompt,hybrid_shell,2,16,edit → shell:filesystem/navigation,6,0.007380073800738007,813
project,academic-writing-skills,ALL,same_prompt,hybrid_shell,2,17,shell:search/text → edit,6,0.007380073800738007,813
project,academic-writing-skills,ALL,same_prompt,hybrid_shell,2,18,read → shell:git/repository,5,0.006150061500615006,813
project,academic-writing-skills,ALL,same_prompt,hybrid_shell,2,19,shell:filesystem/navigation → edit,5,0.006150061500615006,813
project,academic-writing-skills,ALL,same_prompt,hybrid_shell,2,20,shell:filesystem/navigation → shell:git/repository,5,0.006150061500615006,813
project,academic-writing-skills,ALL,same_prompt,hybrid_shell,2,21,shell:git/repository → read,5,0.006150061500615006,813
project,academic-writing-skills,ALL,same_prompt,hybrid_shell,2,22,task → task,5,0.006150061500615006,813
project,academic-writing-skills,ALL,same_prompt,hybrid_shell,2,23,write → write,5,0.006150061500615006,813
project,academic-writing-skills,ALL,same_prompt,hybrid_shell,2,24,edit → write,3,0.0036900369003690036,813
project,academic-writing-skills,ALL,same_prompt,hybrid_shell,2,25,shell:git/repository → shell:filesystem/navigation,3,0.0036900369003690036,813
project,academic-writing-skills,ALL,same_prompt,hybrid_shell,2,26,shell:search/text → shell:git/repository,3,0.0036900369003690036,813
project,academic-writing-skills,ALL,same_prompt,hybrid_shell,2,27,other → other,2,0.0024600246002460025,813
project,academic-writing-skills,ALL,same_prompt,hybrid_shell,2,28,search → search,2,0.0024600246002460025,813
project,academic-writing-skills,ALL,same_prompt,hybrid_shell,2,29,shell:search/text → shell:other,2,0.0024600246002460025,813
project,academic-writing-skills,ALL,same_prompt,hybrid_shell,2,30,shell:search/text → write,2,0.0024600246002460025,813
project,academic-writing-skills,ALL,same_prompt,hybrid_shell,3,1,edit → edit → edit,242,0.34522111269614836,701
project,academic-writing-skills,ALL,same_prompt,hybrid_shell,3,2,read → read → read,87,0.12410841654778887,701
project,academic-writing-skills,ALL,same_prompt,hybrid_shell,3,3,shell:filesystem/navigation → shell:filesystem/navigation → shell:filesystem/navigation,58,0.08273894436519258,701
project,academic-writing-skills,ALL,same_prompt,hybrid_shell,3,4,read → edit → edit,23,0.03281027104136947,701
project,academic-writing-skills,ALL,same_prompt,hybrid_shell,3,5,shell:git/repository → shell:git/repository → shell:git/repository,20,0.028530670470756064,701
project,academic-writing-skills,ALL,same_prompt,hybrid_shell,3,6,edit → edit → shell:search/text,14,0.019971469329529243,701
project,academic-writing-skills,ALL,same_prompt,hybrid_shell,3,7,read → read → shell:filesystem/navigation,12,0.017118402282453638,701
project,academic-writing-skills,ALL,same_prompt,hybrid_shell,3,8,shell:filesystem/navigation → read → read,12,0.017118402282453638,701
project,academic-writing-skills,ALL,same_prompt,hybrid_shell,3,9,shell:filesystem/navigation → shell:filesystem/navigation → read,12,0.017118402282453638,701
project,academic-writing-skills,ALL,same_prompt,hybrid_shell,3,10,edit → edit → read,11,0.015691868758915834,701
project,academic-writing-skills,ALL,same_prompt,hybrid_shell,3,11,read → read → edit,9,0.012838801711840228,701
project,academic-writing-skills,ALL,same_prompt,hybrid_shell,3,12,shell:search/text → read → read,9,0.012838801711840228,701
project,academic-writing-skills,ALL,same_prompt,hybrid_shell,3,13,read → shell:filesystem/navigation → shell:filesystem/navigation,8,0.011412268188302425,701
project,academic-writing-skills,ALL,same_prompt,hybrid_shell,3,14,shell:search/text → shell:filesystem/navigation → shell:filesystem/navigation,8,0.011412268188302425,701
project,academic-writing-skills,ALL,same_prompt,hybrid_shell,3,15,edit → read → edit,6,0.008559201141226819,701
project,academic-writing-skills,ALL,same_prompt,hybrid_shell,3,16,shell:filesystem/navigation → shell:search/text → shell:search/text,6,0.008559201141226819,701
project,academic-writing-skills,ALL,same_prompt,hybrid_shell,3,17,shell:search/text → shell:search/text → shell:filesystem/navigation,6,0.008559201141226819,701
project,academic-writing-skills,ALL,same_prompt,hybrid_shell,3,18,shell:search/text → shell:search/text → shell:search/text,6,0.008559201141226819,701
project,academic-writing-skills,ALL,same_prompt,hybrid_shell,3,19,edit → edit → shell:filesystem/navigation,5,0.007132667617689016,701
project,academic-writing-skills,ALL,same_prompt,hybrid_shell,3,20,edit → read → read,5,0.007132667617689016,701
project,academic-writing-skills,ALL,same_prompt,hybrid_shell,3,21,read → read → shell:search/text,5,0.007132667617689016,701
project,academic-writing-skills,ALL,same_prompt,hybrid_shell,3,22,shell:git/repository → shell:git/repository → shell:search/text,5,0.007132667617689016,701
project,academic-writing-skills,ALL,same_prompt,hybrid_shell,3,23,shell:search/text → edit → edit,5,0.007132667617689016,701
project,academic-writing-skills,ALL,same_prompt,hybrid_shell,3,24,read → read → shell:git/repository,4,0.005706134094151213,701
project,academic-writing-skills,ALL,same_prompt,hybrid_shell,3,25,shell:filesystem/navigation → edit → edit,4,0.005706134094151213,701
project,academic-writing-skills,ALL,same_prompt,hybrid_shell,3,26,shell:git/repository → shell:git/repository → read,4,0.005706134094151213,701
project,academic-writing-skills,ALL,same_prompt,hybrid_shell,3,27,edit → edit → write,3,0.0042796005706134095,701
project,academic-writing-skills,ALL,same_prompt,hybrid_shell,3,28,edit → shell:search/text → shell:search/text,3,0.0042796005706134095,701
project,academic-writing-skills,ALL,same_prompt,hybrid_shell,3,29,read → shell:filesystem/navigation → read,3,0.0042796005706134095,701
project,academic-writing-skills,ALL,same_prompt,hybrid_shell,3,30,read → shell:search/text → read,3,0.0042796005706134095,701
project,academic-writing-skills,ALL,same_prompt,hybrid_shell,4,1,edit → edit → edit → edit,195,0.31451612903225806,620
project,academic-writing-skills,ALL,same_prompt,hybrid_shell,4,2,read → read → read → read,65,0.10483870967741936,620
project,academic-writing-skills,ALL,same_prompt,hybrid_shell,4,3,shell:filesystem/navigation → shell:filesystem/navigation → shell:filesystem/navigation → shell:filesystem/navigation,41,0.06612903225806452,620
project,academic-writing-skills,ALL,same_prompt,hybrid_shell,4,4,read → edit → edit → edit,19,0.03064516129032258,620
project,academic-writing-skills,ALL,same_prompt,hybrid_shell,4,5,shell:git/repository → shell:git/repository → shell:git/repository → shell:git/repository,16,0.025806451612903226,620
project,academic-writing-skills,ALL,same_prompt,hybrid_shell,4,6,edit → edit → edit → read,10,0.016129032258064516,620
project,academic-writing-skills,ALL,same_prompt,hybrid_shell,4,7,shell:filesystem/navigation → shell:filesystem/navigation → read → read,10,0.016129032258064516,620
project,academic-writing-skills,ALL,same_prompt,hybrid_shell,4,8,edit → edit → edit → shell:search/text,9,0.014516129032258065,620
project,academic-writing-skills,ALL,same_prompt,hybrid_shell,4,9,read → read → read → shell:filesystem/navigation,9,0.014516129032258065,620
project,academic-writing-skills,ALL,same_prompt,hybrid_shell,4,10,shell:filesystem/navigation → shell:filesystem/navigation → shell:filesystem/navigation → read,9,0.014516129032258065,620
project,academic-writing-skills,ALL,same_prompt,hybrid_shell,4,11,read → read → edit → edit,8,0.012903225806451613,620
project,academic-writing-skills,ALL,same_prompt,hybrid_shell,4,12,shell:filesystem/navigation → read → read → read,7,0.01129032258064516,620
project,academic-writing-skills,ALL,same_prompt,hybrid_shell,4,13,shell:search/text → shell:filesystem/navigation → shell:filesystem/navigation → shell:filesystem/navigation,7,0.01129032258064516,620
project,academic-writing-skills,ALL,same_prompt,hybrid_shell,4,14,edit → edit → read → edit,6,0.00967741935483871,620
project,academic-writing-skills,ALL,same_prompt,hybrid_shell,4,15,edit → read → edit → edit,6,0.00967741935483871,620
project,academic-writing-skills,ALL,same_prompt,hybrid_shell,4,16,read → read → shell:filesystem/navigation → shell:filesystem/navigation,5,0.008064516129032258,620
project,academic-writing-skills,ALL,same_prompt,hybrid_shell,4,17,read → shell:filesystem/navigation → shell:filesystem/navigation → shell:filesystem/navigation,5,0.008064516129032258,620
project,academic-writing-skills,ALL,same_prompt,hybrid_shell,4,18,shell:search/text → shell:search/text → shell:filesystem/navigation → shell:filesystem/navigation,5,0.008064516129032258,620
project,academic-writing-skills,ALL,same_prompt,hybrid_shell,4,19,edit → edit → edit → shell:filesystem/navigation,4,0.0064516129032258064,620
project,academic-writing-skills,ALL,same_prompt,hybrid_shell,4,20,edit → edit → read → read,4,0.0064516129032258064,620
project,academic-writing-skills,ALL,same_prompt,hybrid_shell,4,21,read → read → read → shell:git/repository,4,0.0064516129032258064,620
project,academic-writing-skills,ALL,same_prompt,hybrid_shell,4,22,read → read → read → shell:search/text,4,0.0064516129032258064,620
project,academic-writing-skills,ALL,same_prompt,hybrid_shell,4,23,shell:filesystem/navigation → shell:search/text → shell:search/text → shell:filesystem/navigation,4,0.0064516129032258064,620
project,academic-writing-skills,ALL,same_prompt,hybrid_shell,4,24,shell:search/text → read → read → read,4,0.0064516129032258064,620
project,academic-writing-skills,ALL,same_prompt,hybrid_shell,4,25,edit → edit → edit → write,3,0.004838709677419355,620
project,academic-writing-skills,ALL,same_prompt,hybrid_shell,4,26,read → read → shell:filesystem/navigation → read,3,0.004838709677419355,620
project,academic-writing-skills,ALL,same_prompt,hybrid_shell,4,27,read → read → shell:search/text → read,3,0.004838709677419355,620
project,academic-writing-skills,ALL,same_prompt,hybrid_shell,4,28,read → shell:search/text → read → read,3,0.004838709677419355,620
project,academic-writing-skills,ALL,same_prompt,hybrid_shell,4,29,shell:filesystem/navigation → edit → edit → edit,3,0.004838709677419355,620
project,academic-writing-skills,ALL,same_prompt,hybrid_shell,4,30,shell:search/text → edit → edit → edit,3,0.004838709677419355,620
project,academic-writing-skills,ALL,same_prompt,tool_family,2,1,edit → edit,310,0.3813038130381304,813
project,academic-writing-skills,ALL,same_prompt,tool_family,2,2,shell → shell,189,0.23247232472324722,813
project,academic-writing-skills,ALL,same_prompt,tool_family,2,3,read → read,134,0.16482164821648215,813
project,academic-writing-skills,ALL,same_prompt,tool_family,2,4,shell → read,36,0.04428044280442804,813
project,academic-writing-skills,ALL,same_prompt,tool_family,2,5,read → shell,32,0.03936039360393604,813
project,academic-writing-skills,ALL,same_prompt,tool_family,2,6,read → edit,25,0.03075030750307503,813
project,academic-writing-skills,ALL,same_prompt,tool_family,2,7,edit → shell,22,0.02706027060270603,813
project,academic-writing-skills,ALL,same_prompt,tool_family,2,8,edit → read,13,0.015990159901599015,813
project,academic-writing-skills,ALL,same_prompt,tool_family,2,9,shell → edit,12,0.014760147601476014,813
project,academic-writing-skills,ALL,same_prompt,tool_family,2,10,task → task,5,0.006150061500615006,813
project,academic-writing-skills,ALL,same_prompt,tool_family,2,11,write → write,5,0.006150061500615006,813
project,academic-writing-skills,ALL,same_prompt,tool_family,2,12,edit → write,3,0.0036900369003690036,813
project,academic-writing-skills,ALL,same_prompt,tool_family,2,13,shell → write,3,0.0036900369003690036,813
project,academic-writing-skills,ALL,same_prompt,tool_family,2,14,other → other,2,0.0024600246002460025,813
project,academic-writing-skills,ALL,same_prompt,tool_family,2,15,search → search,2,0.0024600246002460025,813
project,academic-writing-skills,ALL,same_prompt,tool_family,2,16,shell → task,2,0.0024600246002460025,813
project,academic-writing-skills,ALL,same_prompt,tool_family,2,17,tool discovery → search,2,0.0024600246002460025,813
project,academic-writing-skills,ALL,same_prompt,tool_family,2,18,write → edit,2,0.0024600246002460025,813
project,academic-writing-skills,ALL,same_prompt,tool_family,2,19,write → read,2,0.0024600246002460025,813
project,academic-writing-skills,ALL,same_prompt,tool_family,2,20,write → shell,2,0.0024600246002460025,813
project,academic-writing-skills,ALL,same_prompt,tool_family,2,21,edit → other,1,0.0012300123001230013,813
project,academic-writing-skills,ALL,same_prompt,tool_family,2,22,fetch → edit,1,0.0012300123001230013,813
project,academic-writing-skills,ALL,same_prompt,tool_family,2,23,fetch → fetch,1,0.0012300123001230013,813
project,academic-writing-skills,ALL,same_prompt,tool_family,2,24,read → task,1,0.0012300123001230013,813
project,academic-writing-skills,ALL,same_prompt,tool_family,2,25,search → edit,1,0.0012300123001230013,813
project,academic-writing-skills,ALL,same_prompt,tool_family,2,26,search → tool discovery,1,0.0012300123001230013,813
project,academic-writing-skills,ALL,same_prompt,tool_family,2,27,shell → search,1,0.0012300123001230013,813
project,academic-writing-skills,ALL,same_prompt,tool_family,2,28,shell → skill,1,0.0012300123001230013,813
project,academic-writing-skills,ALL,same_prompt,tool_family,2,29,skill → shell,1,0.0012300123001230013,813
project,academic-writing-skills,ALL,same_prompt,tool_family,2,30,tool discovery → fetch,1,0.0012300123001230013,813
project,academic-writing-skills,ALL,same_prompt,tool_family,3,1,edit → edit → edit,242,0.34522111269614836,701
project,academic-writing-skills,ALL,same_prompt,tool_family,3,2,shell → shell → shell,129,0.1840228245363766,701
project,academic-writing-skills,ALL,same_prompt,tool_family,3,3,read → read → read,87,0.12410841654778887,701
project,academic-writing-skills,ALL,same_prompt,tool_family,3,4,shell → read → read,24,0.034236804564907276,701
project,academic-writing-skills,ALL,same_prompt,tool_family,3,5,read → edit → edit,23,0.03281027104136947,701
project,academic-writing-skills,ALL,same_prompt,tool_family,3,6,shell → shell → read,22,0.03138373751783167,701
project,academic-writing-skills,ALL,same_prompt,tool_family,3,7,read → read → shell,21,0.029957203994293864,701
project,academic-writing-skills,ALL,same_prompt,tool_family,3,8,edit → edit → shell,20,0.028530670470756064,701
project,academic-writing-skills,ALL,same_prompt,tool_family,3,9,read → shell → shell,18,0.025677603423680456,701
project,academic-writing-skills,ALL,same_prompt,tool_family,3,10,edit → edit → read,11,0.015691868758915834,701
project,academic-writing-skills,ALL,same_prompt,tool_family,3,11,shell → edit → edit,10,0.014265335235378032,701
project,academic-writing-skills,ALL,same_prompt,tool_family,3,12,edit → shell → shell,9,0.012838801711840228,701
project,academic-writing-skills,ALL,same_prompt,tool_family,3,13,read → read → edit,9,0.012838801711840228,701
project,academic-writing-skills,ALL,same_prompt,tool_family,3,14,edit → read → edit,6,0.008559201141226819,701
project,academic-writing-skills,ALL,same_prompt,tool_family,3,15,read → shell → read,6,0.008559201141226819,701
project,academic-writing-skills,ALL,same_prompt,tool_family,3,16,shell → read → shell,6,0.008559201141226819,701
project,academic-writing-skills,ALL,same_prompt,tool_family,3,17,shell → shell → edit,6,0.008559201141226819,701
project,academic-writing-skills,ALL,same_prompt,tool_family,3,18,edit → read → read,5,0.007132667617689016,701
project,academic-writing-skills,ALL,same_prompt,tool_family,3,19,edit → edit → write,3,0.0042796005706134095,701
project,academic-writing-skills,ALL,same_prompt,tool_family,3,20,edit → shell → edit,3,0.0042796005706134095,701
project,academic-writing-skills,ALL,same_prompt,tool_family,3,21,task → task → task,3,0.0042796005706134095,701
project,academic-writing-skills,ALL,same_prompt,tool_family,3,22,edit → shell → read,2,0.0028530670470756064,701
project,academic-writing-skills,ALL,same_prompt,tool_family,3,23,edit → write → shell,2,0.0028530670470756064,701
project,academic-writing-skills,ALL,same_prompt,tool_family,3,24,shell → shell → write,2,0.0028530670470756064,701
project,academic-writing-skills,ALL,same_prompt,tool_family,3,25,shell → write → read,2,0.0028530670470756064,701
project,academic-writing-skills,ALL,same_prompt,tool_family,3,26,tool discovery → search → search,2,0.0028530670470756064,701
project,academic-writing-skills,ALL,same_prompt,tool_family,3,27,write → write → write,2,0.0028530670470756064,701
project,academic-writing-skills,ALL,same_prompt,tool_family,3,28,edit → edit → other,1,0.0014265335235378032,701
project,academic-writing-skills,ALL,same_prompt,tool_family,3,29,edit → write → write,1,0.0014265335235378032,701
project,academic-writing-skills,ALL,same_prompt,tool_family,3,30,fetch → edit → edit,1,0.0014265335235378032,701
project,academic-writing-skills,ALL,same_prompt,tool_family,4,1,edit → edit → edit → edit,195,0.31451612903225806,620
project,academic-writing-skills,ALL,same_prompt,tool_family,4,2,shell → shell → shell → shell,98,0.15806451612903225,620
project,academic-writing-skills,ALL,same_prompt,tool_family,4,3,read → read → read → read,65,0.10483870967741936,620
project,academic-writing-skills,ALL,same_prompt,tool_family,4,4,read → edit → edit → edit,19,0.03064516129032258,620
project,academic-writing-skills,ALL,same_prompt,tool_family,4,5,read → read → read → shell,17,0.027419354838709678,620
project,academic-writing-skills,ALL,same_prompt,tool_family,4,6,shell → shell → read → read,15,0.024193548387096774,620
project,academic-writing-skills,ALL,same_prompt,tool_family,4,7,edit → edit → edit → shell,14,0.02258064516129032,620
project,academic-writing-skills,ALL,same_prompt,tool_family,4,8,shell → shell → shell → read,13,0.020967741935483872,620
project,academic-writing-skills,ALL,same_prompt,tool_family,4,9,shell → read → read → read,12,0.01935483870967742,620
project,academic-writing-skills,ALL,same_prompt,tool_family,4,10,read → read → shell → shell,11,0.017741935483870968,620
project,academic-writing-skills,ALL,same_prompt,tool_family,4,11,edit → edit → edit → read,10,0.016129032258064516,620
project,academic-writing-skills,ALL,same_prompt,tool_family,4,12,read → shell → shell → shell,9,0.014516129032258065,620
project,academic-writing-skills,ALL,same_prompt,tool_family,4,13,read → read → edit → edit,8,0.012903225806451613,620
project,academic-writing-skills,ALL,same_prompt,tool_family,4,14,edit → edit → shell → shell,7,0.01129032258064516,620
project,academic-writing-skills,ALL,same_prompt,tool_family,4,15,shell → edit → edit → edit,7,0.01129032258064516,620
project,academic-writing-skills,ALL,same_prompt,tool_family,4,16,edit → edit → read → edit,6,0.00967741935483871,620
project,academic-writing-skills,ALL,same_prompt,tool_family,4,17,edit → read → edit → edit,6,0.00967741935483871,620
project,academic-writing-skills,ALL,same_prompt,tool_family,4,18,read → read → shell → read,6,0.00967741935483871,620
project,academic-writing-skills,ALL,same_prompt,tool_family,4,19,shell → shell → read → shell,6,0.00967741935483871,620
project,academic-writing-skills,ALL,same_prompt,tool_family,4,20,read → shell → read → read,5,0.008064516129032258,620
project,academic-writing-skills,ALL,same_prompt,tool_family,4,21,shell → shell → edit → edit,5,0.008064516129032258,620
project,academic-writing-skills,ALL,same_prompt,tool_family,4,22,edit → edit → read → read,4,0.0064516129032258064,620
project,academic-writing-skills,ALL,same_prompt,tool_family,4,23,shell → read → read → edit,4,0.0064516129032258064,620
project,academic-writing-skills,ALL,same_prompt,tool_family,4,24,shell → read → shell → shell,4,0.0064516129032258064,620
project,academic-writing-skills,ALL,same_prompt,tool_family,4,25,edit → edit → edit → write,3,0.004838709677419355,620
project,academic-writing-skills,ALL,same_prompt,tool_family,4,26,edit → edit → shell → edit,3,0.004838709677419355,620
project,academic-writing-skills,ALL,same_prompt,tool_family,4,27,edit → shell → edit → edit,3,0.004838709677419355,620
project,academic-writing-skills,ALL,same_prompt,tool_family,4,28,edit → shell → shell → shell,3,0.004838709677419355,620
project,academic-writing-skills,ALL,same_prompt,tool_family,4,29,read → shell → shell → read,3,0.004838709677419355,620
project,academic-writing-skills,ALL,same_prompt,tool_family,4,30,shell → read → read → shell,3,0.004838709677419355,620
project_vendor,academic-writing-skills,claude,full_stream,hybrid_shell,2,1,edit → edit,332,0.35969664138678226,923
project_vendor,academic-writing-skills,claude,full_stream,hybrid_shell,2,2,read → read,138,0.1495124593716143,923
project_vendor,academic-writing-skills,claude,full_stream,hybrid_shell,2,3,shell:filesystem/navigation → shell:filesystem/navigation,86,0.09317443120260022,923
project_vendor,academic-writing-skills,claude,full_stream,hybrid_shell,2,4,shell:git/repository → shell:git/repository,41,0.044420368364030335,923
project_vendor,academic-writing-skills,claude,full_stream,hybrid_shell,2,5,read → edit,33,0.035752979414951244,923
project_vendor,academic-writing-skills,claude,full_stream,hybrid_shell,2,6,shell:search/text → shell:search/text,24,0.02600216684723727,923
project_vendor,academic-writing-skills,claude,full_stream,hybrid_shell,2,7,shell:search/text → read,21,0.02275189599133261,923
project_vendor,academic-writing-skills,claude,full_stream,hybrid_shell,2,8,shell:filesystem/navigation → read,20,0.021668472372697724,923
project_vendor,academic-writing-skills,claude,full_stream,hybrid_shell,2,9,edit → read,19,0.020585048754062838,923
project_vendor,academic-writing-skills,claude,full_stream,hybrid_shell,2,10,edit → shell:search/text,16,0.01733477789815818,923
project_vendor,academic-writing-skills,claude,full_stream,hybrid_shell,2,11,read → shell:filesystem/navigation,16,0.01733477789815818,923
project_vendor,academic-writing-skills,claude,full_stream,hybrid_shell,2,12,read → shell:search/text,13,0.014084507042253521,923
project_vendor,academic-writing-skills,claude,full_stream,hybrid_shell,2,13,shell:search/text → shell:filesystem/navigation,13,0.014084507042253521,923
project_vendor,academic-writing-skills,claude,full_stream,hybrid_shell,2,14,shell:filesystem/navigation → shell:search/text,12,0.013001083423618635,923
project_vendor,academic-writing-skills,claude,full_stream,hybrid_shell,2,15,edit → shell:filesystem/navigation,10,0.010834236186348862,923
project_vendor,academic-writing-skills,claude,full_stream,hybrid_shell,2,16,read → shell:git/repository,9,0.009750812567713976,923
project_vendor,academic-writing-skills,claude,full_stream,hybrid_shell,2,17,shell:git/repository → read,9,0.009750812567713976,923
project_vendor,academic-writing-skills,claude,full_stream,hybrid_shell,2,18,shell:git/repository → shell:search/text,9,0.009750812567713976,923
project_vendor,academic-writing-skills,claude,full_stream,hybrid_shell,2,19,shell:search/text → edit,8,0.00866738894907909,923
project_vendor,academic-writing-skills,claude,full_stream,hybrid_shell,2,20,shell:filesystem/navigation → edit,7,0.007583965330444204,923
project_vendor,academic-writing-skills,claude,full_stream,hybrid_shell,2,21,shell:filesystem/navigation → shell:git/repository,7,0.007583965330444204,923
project_vendor,academic-writing-skills,claude,full_stream,hybrid_shell,2,22,shell:git/repository → shell:filesystem/navigation,6,0.0065005417118093175,923
project_vendor,academic-writing-skills,claude,full_stream,hybrid_shell,2,23,shell:search/text → shell:git/repository,6,0.0065005417118093175,923
project_vendor,academic-writing-skills,claude,full_stream,hybrid_shell,2,24,edit → write,5,0.005417118093174431,923
project_vendor,academic-writing-skills,claude,full_stream,hybrid_shell,2,25,task → task,5,0.005417118093174431,923
project_vendor,academic-writing-skills,claude,full_stream,hybrid_shell,2,26,write → edit,5,0.005417118093174431,923
project_vendor,academic-writing-skills,claude,full_stream,hybrid_shell,2,27,write → write,5,0.005417118093174431,923
project_vendor,academic-writing-skills,claude,full_stream,hybrid_shell,2,28,edit → shell:git/repository,3,0.0032502708559046588,923
project_vendor,academic-writing-skills,claude,full_stream,hybrid_shell,2,29,shell:git/repository → edit,3,0.0032502708559046588,923
project_vendor,academic-writing-skills,claude,full_stream,hybrid_shell,2,30,write → read,3,0.0032502708559046588,923
project_vendor,academic-writing-skills,claude,full_stream,hybrid_shell,3,1,edit → edit → edit,280,0.311804008908686,898
project_vendor,academic-writing-skills,claude,full_stream,hybrid_shell,3,2,read → read → read,92,0.10244988864142539,898
project_vendor,academic-writing-skills,claude,full_stream,hybrid_shell,3,3,shell:filesystem/navigation → shell:filesystem/navigation → shell:filesystem/navigation,61,0.06792873051224944,898
project_vendor,academic-writing-skills,claude,full_stream,hybrid_shell,3,4,read → edit → edit,31,0.034521158129175944,898
project_vendor,academic-writing-skills,claude,full_stream,hybrid_shell,3,5,shell:git/repository → shell:git/repository → shell:git/repository,21,0.02338530066815145,898
project_vendor,academic-writing-skills,claude,full_stream,hybrid_shell,3,6,edit → edit → read,16,0.017817371937639197,898
project_vendor,academic-writing-skills,claude,full_stream,hybrid_shell,3,7,read → read → edit,16,0.017817371937639197,898
project_vendor,academic-writing-skills,claude,full_stream,hybrid_shell,3,8,edit → edit → shell:search/text,15,0.01670378619153675,898
project_vendor,academic-writing-skills,claude,full_stream,hybrid_shell,3,9,shell:filesystem/navigation → read → read,14,0.015590200445434299,898
project_vendor,academic-writing-skills,claude,full_stream,hybrid_shell,3,10,shell:filesystem/navigation → shell:filesystem/navigation → read,13,0.014476614699331848,898
project_vendor,academic-writing-skills,claude,full_stream,hybrid_shell,3,11,shell:search/text → read → read,13,0.014476614699331848,898
project_vendor,academic-writing-skills,claude,full_stream,hybrid_shell,3,12,read → read → shell:filesystem/navigation,12,0.013363028953229399,898
project_vendor,academic-writing-skills,claude,full_stream,hybrid_shell,3,13,edit → read → edit,10,0.011135857461024499,898
project_vendor,academic-writing-skills,claude,full_stream,hybrid_shell,3,14,edit → edit → shell:filesystem/navigation,9,0.01002227171492205,898
project_vendor,academic-writing-skills,claude,full_stream,hybrid_shell,3,15,read → shell:filesystem/navigation → shell:filesystem/navigation,9,0.01002227171492205,898
project_vendor,academic-writing-skills,claude,full_stream,hybrid_shell,3,16,shell:search/text → shell:filesystem/navigation → shell:filesystem/navigation,8,0.008908685968819599,898
project_vendor,academic-writing-skills,claude,full_stream,hybrid_shell,3,17,shell:search/text → shell:search/text → shell:filesystem/navigation,8,0.008908685968819599,898
project_vendor,academic-writing-skills,claude,full_stream,hybrid_shell,3,18,edit → read → read,7,0.0077951002227171495,898
project_vendor,academic-writing-skills,claude,full_stream,hybrid_shell,3,19,shell:git/repository → shell:git/repository → shell:search/text,7,0.0077951002227171495,898
project_vendor,academic-writing-skills,claude,full_stream,hybrid_shell,3,20,shell:search/text → edit → edit,7,0.0077951002227171495,898
project_vendor,academic-writing-skills,claude,full_stream,hybrid_shell,3,21,read → read → shell:search/text,6,0.0066815144766146995,898
project_vendor,academic-writing-skills,claude,full_stream,hybrid_shell,3,22,shell:filesystem/navigation → edit → edit,6,0.0066815144766146995,898
project_vendor,academic-writing-skills,claude,full_stream,hybrid_shell,3,23,shell:filesystem/navigation → shell:search/text → shell:search/text,6,0.0066815144766146995,898
project_vendor,academic-writing-skills,claude,full_stream,hybrid_shell,3,24,shell:git/repository → read → read,6,0.0066815144766146995,898
project_vendor,academic-writing-skills,claude,full_stream,hybrid_shell,3,25,shell:git/repository → shell:git/repository → read,6,0.0066815144766146995,898
project_vendor,academic-writing-skills,claude,full_stream,hybrid_shell,3,26,shell:search/text → shell:search/text → shell:search/text,6,0.0066815144766146995,898
project_vendor,academic-writing-skills,claude,full_stream,hybrid_shell,3,27,edit → edit → write,5,0.005567928730512249,898
project_vendor,academic-writing-skills,claude,full_stream,hybrid_shell,3,28,read → read → shell:git/repository,5,0.005567928730512249,898
project_vendor,academic-writing-skills,claude,full_stream,hybrid_shell,3,29,read → shell:git/repository → shell:git/repository,5,0.005567928730512249,898
project_vendor,academic-writing-skills,claude,full_stream,hybrid_shell,3,30,shell:git/repository → shell:search/text → read,5,0.005567928730512249,898
project_vendor,academic-writing-skills,claude,full_stream,hybrid_shell,4,1,edit → edit → edit → edit,236,0.26971428571428574,875
project_vendor,academic-writing-skills,claude,full_stream,hybrid_shell,4,2,read → read → read → read,67,0.07657142857142857,875
project_vendor,academic-writing-skills,claude,full_stream,hybrid_shell,4,3,shell:filesystem/navigation → shell:filesystem/navigation → shell:filesystem/navigation → shell:filesystem/navigation,42,0.048,875
project_vendor,academic-writing-skills,claude,full_stream,hybrid_shell,4,4,read → edit → edit → edit,29,0.03314285714285714,875
project_vendor,academic-writing-skills,claude,full_stream,hybrid_shell,4,5,shell:git/repository → shell:git/repository → shell:git/repository → shell:git/repository,16,0.018285714285714287,875
project_vendor,academic-writing-skills,claude,full_stream,hybrid_shell,4,6,edit → edit → edit → read,14,0.016,875
project_vendor,academic-writing-skills,claude,full_stream,hybrid_shell,4,7,read → read → edit → edit,14,0.016,875
project_vendor,academic-writing-skills,claude,full_stream,hybrid_shell,4,8,edit → edit → edit → shell:search/text,11,0.012571428571428572,875
project_vendor,academic-writing-skills,claude,full_stream,hybrid_shell,4,9,edit → edit → read → edit,10,0.011428571428571429,875
project_vendor,academic-writing-skills,claude,full_stream,hybrid_shell,4,10,edit → read → edit → edit,10,0.011428571428571429,875
project_vendor,academic-writing-skills,claude,full_stream,hybrid_shell,4,11,shell:filesystem/navigation → shell:filesystem/navigation → read → read,10,0.011428571428571429,875
project_vendor,academic-writing-skills,claude,full_stream,hybrid_shell,4,12,shell:filesystem/navigation → shell:filesystem/navigation → shell:filesystem/navigation → read,10,0.011428571428571429,875
project_vendor,academic-writing-skills,claude,full_stream,hybrid_shell,4,13,read → read → read → shell:filesystem/navigation,9,0.010285714285714285,875
project_vendor,academic-writing-skills,claude,full_stream,hybrid_shell,4,14,shell:filesystem/navigation → read → read → read,9,0.010285714285714285,875
project_vendor,academic-writing-skills,claude,full_stream,hybrid_shell,4,15,shell:search/text → read → read → read,9,0.010285714285714285,875
project_vendor,academic-writing-skills,claude,full_stream,hybrid_shell,4,16,edit → edit → edit → shell:filesystem/navigation,7,0.008,875
project_vendor,academic-writing-skills,claude,full_stream,hybrid_shell,4,17,shell:search/text → shell:filesystem/navigation → shell:filesystem/navigation → shell:filesystem/navigation,7,0.008,875
project_vendor,academic-writing-skills,claude,full_stream,hybrid_shell,4,18,read → read → shell:filesystem/navigation → shell:filesystem/navigation,6,0.006857142857142857,875
project_vendor,academic-writing-skills,claude,full_stream,hybrid_shell,4,19,read → shell:filesystem/navigation → shell:filesystem/navigation → shell:filesystem/navigation,6,0.006857142857142857,875
project_vendor,academic-writing-skills,claude,full_stream,hybrid_shell,4,20,shell:search/text → shell:search/text → shell:filesystem/navigation → shell:filesystem/navigation,6,0.006857142857142857,875
project_vendor,academic-writing-skills,claude,full_stream,hybrid_shell,4,21,edit → edit → edit → write,5,0.005714285714285714,875
project_vendor,academic-writing-skills,claude,full_stream,hybrid_shell,4,22,edit → edit → read → read,5,0.005714285714285714,875
project_vendor,academic-writing-skills,claude,full_stream,hybrid_shell,4,23,edit → read → read → edit,5,0.005714285714285714,875
project_vendor,academic-writing-skills,claude,full_stream,hybrid_shell,4,24,read → read → read → edit,5,0.005714285714285714,875
project_vendor,academic-writing-skills,claude,full_stream,hybrid_shell,4,25,read → read → read → shell:search/text,5,0.005714285714285714,875
project_vendor,academic-writing-skills,claude,full_stream,hybrid_shell,4,26,shell:search/text → edit → edit → edit,5,0.005714285714285714,875
project_vendor,academic-writing-skills,claude,full_stream,hybrid_shell,4,27,edit → edit → shell:search/text → read,4,0.004571428571428572,875
project_vendor,academic-writing-skills,claude,full_stream,hybrid_shell,4,28,read → read → read → shell:git/repository,4,0.004571428571428572,875
project_vendor,academic-writing-skills,claude,full_stream,hybrid_shell,4,29,shell:filesystem/navigation → shell:search/text → shell:search/text → shell:filesystem/navigation,4,0.004571428571428572,875
project_vendor,academic-writing-skills,claude,full_stream,hybrid_shell,4,30,shell:git/repository → shell:git/repository → read → read,4,0.004571428571428572,875
project_vendor,academic-writing-skills,claude,full_stream,tool_family,2,1,edit → edit,332,0.35969664138678226,923
project_vendor,academic-writing-skills,claude,full_stream,tool_family,2,2,shell → shell,209,0.22643553629469124,923
project_vendor,academic-writing-skills,claude,full_stream,tool_family,2,3,read → read,138,0.1495124593716143,923
project_vendor,academic-writing-skills,claude,full_stream,tool_family,2,4,shell → read,50,0.05417118093174431,923
project_vendor,academic-writing-skills,claude,full_stream,tool_family,2,5,read → shell,38,0.041170097508125676,923
project_vendor,academic-writing-skills,claude,full_stream,tool_family,2,6,read → edit,33,0.035752979414951244,923
project_vendor,academic-writing-skills,claude,full_stream,tool_family,2,7,edit → shell,29,0.0314192849404117,923
project_vendor,academic-writing-skills,claude,full_stream,tool_family,2,8,edit → read,19,0.020585048754062838,923
project_vendor,academic-writing-skills,claude,full_stream,tool_family,2,9,shell → edit,19,0.020585048754062838,923
project_vendor,academic-writing-skills,claude,full_stream,tool_family,2,10,edit → write,5,0.005417118093174431,923
project_vendor,academic-writing-skills,claude,full_stream,tool_family,2,11,shell → write,5,0.005417118093174431,923
project_vendor,academic-writing-skills,claude,full_stream,tool_family,2,12,task → task,5,0.005417118093174431,923
project_vendor,academic-writing-skills,claude,full_stream,tool_family,2,13,write → edit,5,0.005417118093174431,923
project_vendor,academic-writing-skills,claude,full_stream,tool_family,2,14,write → write,5,0.005417118093174431,923
project_vendor,academic-writing-skills,claude,full_stream,tool_family,2,15,write → read,3,0.0032502708559046588,923
project_vendor,academic-writing-skills,claude,full_stream,tool_family,2,16,write → shell,3,0.0032502708559046588,923
project_vendor,academic-writing-skills,claude,full_stream,tool_family,2,17,edit → tool discovery,2,0.0021668472372697724,923
project_vendor,academic-writing-skills,claude,full_stream,tool_family,2,18,other → other,2,0.0021668472372697724,923
project_vendor,academic-writing-skills,claude,full_stream,tool_family,2,19,search → search,2,0.0021668472372697724,923
project_vendor,academic-writing-skills,claude,full_stream,tool_family,2,20,shell → task,2,0.0021668472372697724,923
project_vendor,academic-writing-skills,claude,full_stream,tool_family,2,21,task → shell,2,0.0021668472372697724,923
project_vendor,academic-writing-skills,claude,full_stream,tool_family,2,22,tool discovery → search,2,0.0021668472372697724,923
project_vendor,academic-writing-skills,claude,full_stream,tool_family,2,23,edit → other,1,0.0010834236186348862,923
project_vendor,academic-writing-skills,claude,full_stream,tool_family,2,24,fetch → edit,1,0.0010834236186348862,923
project_vendor,academic-writing-skills,claude,full_stream,tool_family,2,25,fetch → fetch,1,0.0010834236186348862,923
project_vendor,academic-writing-skills,claude,full_stream,tool_family,2,26,other → shell,1,0.0010834236186348862,923
project_vendor,academic-writing-skills,claude,full_stream,tool_family,2,27,read → task,1,0.0010834236186348862,923
project_vendor,academic-writing-skills,claude,full_stream,tool_family,2,28,read → write,1,0.0010834236186348862,923
project_vendor,academic-writing-skills,claude,full_stream,tool_family,2,29,search → edit,1,0.0010834236186348862,923
project_vendor,academic-writing-skills,claude,full_stream,tool_family,2,30,search → shell,1,0.0010834236186348862,923
project_vendor,academic-writing-skills,claude,full_stream,tool_family,3,1,edit → edit → edit,280,0.311804008908686,898
project_vendor,academic-writing-skills,claude,full_stream,tool_family,3,2,shell → shell → shell,150,0.16703786191536749,898
project_vendor,academic-writing-skills,claude,full_stream,tool_family,3,3,read → read → read,92,0.10244988864142539,898
project_vendor,academic-writing-skills,claude,full_stream,tool_family,3,4,shell → read → read,33,0.036748329621380846,898
project_vendor,academic-writing-skills,claude,full_stream,tool_family,3,5,read → edit → edit,31,0.034521158129175944,898
project_vendor,academic-writing-skills,claude,full_stream,tool_family,3,6,shell → shell → read,31,0.034521158129175944,898
project_vendor,academic-writing-skills,claude,full_stream,tool_family,3,7,edit → edit → shell,26,0.028953229398663696,898
project_vendor,academic-writing-skills,claude,full_stream,tool_family,3,8,read → shell → shell,26,0.028953229398663696,898
project_vendor,academic-writing-skills,claude,full_stream,tool_family,3,9,read → read → shell,23,0.025612472160356347,898
project_vendor,academic-writing-skills,claude,full_stream,tool_family,3,10,edit → edit → read,16,0.017817371937639197,898
project_vendor,academic-writing-skills,claude,full_stream,tool_family,3,11,edit → shell → shell,16,0.017817371937639197,898
project_vendor,academic-writing-skills,claude,full_stream,tool_family,3,12,read → read → edit,16,0.017817371937639197,898
project_vendor,academic-writing-skills,claude,full_stream,tool_family,3,13,shell → edit → edit,16,0.017817371937639197,898
project_vendor,academic-writing-skills,claude,full_stream,tool_family,3,14,shell → shell → edit,12,0.013363028953229399,898
project_vendor,academic-writing-skills,claude,full_stream,tool_family,3,15,edit → read → edit,10,0.011135857461024499,898
project_vendor,academic-writing-skills,claude,full_stream,tool_family,3,16,shell → read → shell,10,0.011135857461024499,898
project_vendor,academic-writing-skills,claude,full_stream,tool_family,3,17,edit → read → read,7,0.0077951002227171495,898
project_vendor,academic-writing-skills,claude,full_stream,tool_family,3,18,read → shell → read,7,0.0077951002227171495,898
project_vendor,academic-writing-skills,claude,full_stream,tool_family,3,19,edit → shell → edit,6,0.0066815144766146995,898
project_vendor,academic-writing-skills,claude,full_stream,tool_family,3,20,edit → edit → write,5,0.005567928730512249,898
project_vendor,academic-writing-skills,claude,full_stream,tool_family,3,21,edit → shell → read,5,0.005567928730512249,898
project_vendor,academic-writing-skills,claude,full_stream,tool_family,3,22,shell → read → edit,5,0.005567928730512249,898
project_vendor,academic-writing-skills,claude,full_stream,tool_family,3,23,shell → shell → write,4,0.004454342984409799,898
project_vendor,academic-writing-skills,claude,full_stream,tool_family,3,24,task → task → task,3,0.0033407572383073497,898
project_vendor,academic-writing-skills,claude,full_stream,tool_family,3,25,write → edit → edit,3,0.0033407572383073497,898
project_vendor,academic-writing-skills,claude,full_stream,tool_family,3,26,write → shell → shell,3,0.0033407572383073497,898
project_vendor,academic-writing-skills,claude,full_stream,tool_family,3,27,edit → read → shell,2,0.0022271714922048997,898
project_vendor,academic-writing-skills,claude,full_stream,tool_family,3,28,edit → tool discovery → search,2,0.0022271714922048997,898
project_vendor,academic-writing-skills,claude,full_stream,tool_family,3,29,edit → write → edit,2,0.0022271714922048997,898
project_vendor,academic-writing-skills,claude,full_stream,tool_family,3,30,edit → write → shell,2,0.0022271714922048997,898
project_vendor,academic-writing-skills,claude,full_stream,tool_family,4,1,edit → edit → edit → edit,236,0.26971428571428574,875
project_vendor,academic-writing-skills,claude,full_stream,tool_family,4,2,shell → shell → shell → shell,111,0.12685714285714286,875
project_vendor,academic-writing-skills,claude,full_stream,tool_family,4,3,read → read → read → read,67,0.07657142857142857,875
project_vendor,academic-writing-skills,claude,full_stream,tool_family,4,4,read → edit → edit → edit,29,0.03314285714285714,875
project_vendor,academic-writing-skills,claude,full_stream,tool_family,4,5,shell → shell → read → read,21,0.024,875
project_vendor,academic-writing-skills,claude,full_stream,tool_family,4,6,shell → shell → shell → read,21,0.024,875
project_vendor,academic-writing-skills,claude,full_stream,tool_family,4,7,edit → edit → edit → shell,20,0.022857142857142857,875
project_vendor,academic-writing-skills,claude,full_stream,tool_family,4,8,shell → read → read → read,20,0.022857142857142857,875
project_vendor,academic-writing-skills,claude,full_stream,tool_family,4,9,read → read → read → shell,18,0.02057142857142857,875
project_vendor,academic-writing-skills,claude,full_stream,tool_family,4,10,read → shell → shell → shell,17,0.019428571428571427,875
project_vendor,academic-writing-skills,claude,full_stream,tool_family,4,11,edit → edit → edit → read,14,0.016,875
project_vendor,academic-writing-skills,claude,full_stream,tool_family,4,12,read → read → edit → edit,14,0.016,875
project_vendor,academic-writing-skills,claude,full_stream,tool_family,4,13,read → read → shell → shell,14,0.016,875
project_vendor,academic-writing-skills,claude,full_stream,tool_family,4,14,edit → edit → shell → shell,13,0.014857142857142857,875
project_vendor,academic-writing-skills,claude,full_stream,tool_family,4,15,shell → edit → edit → edit,11,0.012571428571428572,875
project_vendor,academic-writing-skills,claude,full_stream,tool_family,4,16,edit → edit → read → edit,10,0.011428571428571429,875
project_vendor,academic-writing-skills,claude,full_stream,tool_family,4,17,edit → read → edit → edit,10,0.011428571428571429,875
project_vendor,academic-writing-skills,claude,full_stream,tool_family,4,18,edit → shell → shell → shell,9,0.010285714285714285,875
project_vendor,academic-writing-skills,claude,full_stream,tool_family,4,19,shell → shell → edit → edit,9,0.010285714285714285,875
project_vendor,academic-writing-skills,claude,full_stream,tool_family,4,20,shell → shell → read → shell,8,0.009142857142857144,875
project_vendor,academic-writing-skills,claude,full_stream,tool_family,4,21,read → shell → shell → read,7,0.008,875
project_vendor,academic-writing-skills,claude,full_stream,tool_family,4,22,shell → read → shell → shell,7,0.008,875
project_vendor,academic-writing-skills,claude,full_stream,tool_family,4,23,edit → edit → shell → edit,6,0.006857142857142857,875
project_vendor,academic-writing-skills,claude,full_stream,tool_family,4,24,edit → shell → edit → edit,6,0.006857142857142857,875
project_vendor,academic-writing-skills,claude,full_stream,tool_family,4,25,read → read → shell → read,6,0.006857142857142857,875
project_vendor,academic-writing-skills,claude,full_stream,tool_family,4,26,shell → read → read → edit,6,0.006857142857142857,875
project_vendor,academic-writing-skills,claude,full_stream,tool_family,4,27,edit → edit → edit → write,5,0.005714285714285714,875
project_vendor,academic-writing-skills,claude,full_stream,tool_family,4,28,edit → edit → read → read,5,0.005714285714285714,875
project_vendor,academic-writing-skills,claude,full_stream,tool_family,4,29,edit → edit → shell → read,5,0.005714285714285714,875
project_vendor,academic-writing-skills,claude,full_stream,tool_family,4,30,edit → read → read → edit,5,0.005714285714285714,875
project_vendor,academic-writing-skills,claude,same_prompt,hybrid_shell,2,1,edit → edit,310,0.3813038130381304,813
project_vendor,academic-writing-skills,claude,same_prompt,hybrid_shell,2,2,read → read,134,0.16482164821648215,813
project_vendor,academic-writing-skills,claude,same_prompt,hybrid_shell,2,3,shell:filesystem/navigation → shell:filesystem/navigation,81,0.0996309963099631,813
project_vendor,academic-writing-skills,claude,same_prompt,hybrid_shell,2,4,shell:git/repository → shell:git/repository,39,0.04797047970479705,813
project_vendor,academic-writing-skills,claude,same_prompt,hybrid_shell,2,5,read → edit,25,0.03075030750307503,813
project_vendor,academic-writing-skills,claude,same_prompt,hybrid_shell,2,6,shell:search/text → shell:search/text,21,0.025830258302583026,813
project_vendor,academic-writing-skills,claude,same_prompt,hybrid_shell,2,7,read → shell:filesystem/navigation,16,0.01968019680196802,813
project_vendor,academic-writing-skills,claude,same_prompt,hybrid_shell,2,8,shell:filesystem/navigation → read,16,0.01968019680196802,813
project_vendor,academic-writing-skills,claude,same_prompt,hybrid_shell,2,9,edit → shell:search/text,15,0.01845018450184502,813
project_vendor,academic-writing-skills,claude,same_prompt,hybrid_shell,2,10,shell:search/text → read,15,0.01845018450184502,813
project_vendor,academic-writing-skills,claude,same_prompt,hybrid_shell,2,11,edit → read,13,0.015990159901599015,813
project_vendor,academic-writing-skills,claude,same_prompt,hybrid_shell,2,12,shell:search/text → shell:filesystem/navigation,13,0.015990159901599015,813
project_vendor,academic-writing-skills,claude,same_prompt,hybrid_shell,2,13,shell:filesystem/navigation → shell:search/text,12,0.014760147601476014,813
project_vendor,academic-writing-skills,claude,same_prompt,hybrid_shell,2,14,read → shell:search/text,11,0.013530135301353014,813
project_vendor,academic-writing-skills,claude,same_prompt,hybrid_shell,2,15,shell:git/repository → shell:search/text,7,0.008610086100861008,813
project_vendor,academic-writing-skills,claude,same_prompt,hybrid_shell,2,16,edit → shell:filesystem/navigation,6,0.007380073800738007,813
project_vendor,academic-writing-skills,claude,same_prompt,hybrid_shell,2,17,shell:search/text → edit,6,0.007380073800738007,813
project_vendor,academic-writing-skills,claude,same_prompt,hybrid_shell,2,18,read → shell:git/repository,5,0.006150061500615006,813
project_vendor,academic-writing-skills,claude,same_prompt,hybrid_shell,2,19,shell:filesystem/navigation → edit,5,0.006150061500615006,813
project_vendor,academic-writing-skills,claude,same_prompt,hybrid_shell,2,20,shell:filesystem/navigation → shell:git/repository,5,0.006150061500615006,813
project_vendor,academic-writing-skills,claude,same_prompt,hybrid_shell,2,21,shell:git/repository → read,5,0.006150061500615006,813
project_vendor,academic-writing-skills,claude,same_prompt,hybrid_shell,2,22,task → task,5,0.006150061500615006,813
project_vendor,academic-writing-skills,claude,same_prompt,hybrid_shell,2,23,write → write,5,0.006150061500615006,813
project_vendor,academic-writing-skills,claude,same_prompt,hybrid_shell,2,24,edit → write,3,0.0036900369003690036,813
project_vendor,academic-writing-skills,claude,same_prompt,hybrid_shell,2,25,shell:git/repository → shell:filesystem/navigation,3,0.0036900369003690036,813
project_vendor,academic-writing-skills,claude,same_prompt,hybrid_shell,2,26,shell:search/text → shell:git/repository,3,0.0036900369003690036,813
project_vendor,academic-writing-skills,claude,same_prompt,hybrid_shell,2,27,other → other,2,0.0024600246002460025,813
project_vendor,academic-writing-skills,claude,same_prompt,hybrid_shell,2,28,search → search,2,0.0024600246002460025,813
project_vendor,academic-writing-skills,claude,same_prompt,hybrid_shell,2,29,shell:search/text → shell:other,2,0.0024600246002460025,813
project_vendor,academic-writing-skills,claude,same_prompt,hybrid_shell,2,30,shell:search/text → write,2,0.0024600246002460025,813
project_vendor,academic-writing-skills,claude,same_prompt,hybrid_shell,3,1,edit → edit → edit,242,0.34522111269614836,701
project_vendor,academic-writing-skills,claude,same_prompt,hybrid_shell,3,2,read → read → read,87,0.12410841654778887,701
project_vendor,academic-writing-skills,claude,same_prompt,hybrid_shell,3,3,shell:filesystem/navigation → shell:filesystem/navigation → shell:filesystem/navigation,58,0.08273894436519258,701
project_vendor,academic-writing-skills,claude,same_prompt,hybrid_shell,3,4,read → edit → edit,23,0.03281027104136947,701
project_vendor,academic-writing-skills,claude,same_prompt,hybrid_shell,3,5,shell:git/repository → shell:git/repository → shell:git/repository,20,0.028530670470756064,701
project_vendor,academic-writing-skills,claude,same_prompt,hybrid_shell,3,6,edit → edit → shell:search/text,14,0.019971469329529243,701
project_vendor,academic-writing-skills,claude,same_prompt,hybrid_shell,3,7,read → read → shell:filesystem/navigation,12,0.017118402282453638,701
project_vendor,academic-writing-skills,claude,same_prompt,hybrid_shell,3,8,shell:filesystem/navigation → read → read,12,0.017118402282453638,701
project_vendor,academic-writing-skills,claude,same_prompt,hybrid_shell,3,9,shell:filesystem/navigation → shell:filesystem/navigation → read,12,0.017118402282453638,701
project_vendor,academic-writing-skills,claude,same_prompt,hybrid_shell,3,10,edit → edit → read,11,0.015691868758915834,701
project_vendor,academic-writing-skills,claude,same_prompt,hybrid_shell,3,11,read → read → edit,9,0.012838801711840228,701
project_vendor,academic-writing-skills,claude,same_prompt,hybrid_shell,3,12,shell:search/text → read → read,9,0.012838801711840228,701
project_vendor,academic-writing-skills,claude,same_prompt,hybrid_shell,3,13,read → shell:filesystem/navigation → shell:filesystem/navigation,8,0.011412268188302425,701
project_vendor,academic-writing-skills,claude,same_prompt,hybrid_shell,3,14,shell:search/text → shell:filesystem/navigation → shell:filesystem/navigation,8,0.011412268188302425,701
project_vendor,academic-writing-skills,claude,same_prompt,hybrid_shell,3,15,edit → read → edit,6,0.008559201141226819,701
project_vendor,academic-writing-skills,claude,same_prompt,hybrid_shell,3,16,shell:filesystem/navigation → shell:search/text → shell:search/text,6,0.008559201141226819,701
project_vendor,academic-writing-skills,claude,same_prompt,hybrid_shell,3,17,shell:search/text → shell:search/text → shell:filesystem/navigation,6,0.008559201141226819,701
project_vendor,academic-writing-skills,claude,same_prompt,hybrid_shell,3,18,shell:search/text → shell:search/text → shell:search/text,6,0.008559201141226819,701
project_vendor,academic-writing-skills,claude,same_prompt,hybrid_shell,3,19,edit → edit → shell:filesystem/navigation,5,0.007132667617689016,701
project_vendor,academic-writing-skills,claude,same_prompt,hybrid_shell,3,20,edit → read → read,5,0.007132667617689016,701
project_vendor,academic-writing-skills,claude,same_prompt,hybrid_shell,3,21,read → read → shell:search/text,5,0.007132667617689016,701
project_vendor,academic-writing-skills,claude,same_prompt,hybrid_shell,3,22,shell:git/repository → shell:git/repository → shell:search/text,5,0.007132667617689016,701
project_vendor,academic-writing-skills,claude,same_prompt,hybrid_shell,3,23,shell:search/text → edit → edit,5,0.007132667617689016,701
project_vendor,academic-writing-skills,claude,same_prompt,hybrid_shell,3,24,read → read → shell:git/repository,4,0.005706134094151213,701
project_vendor,academic-writing-skills,claude,same_prompt,hybrid_shell,3,25,shell:filesystem/navigation → edit → edit,4,0.005706134094151213,701
project_vendor,academic-writing-skills,claude,same_prompt,hybrid_shell,3,26,shell:git/repository → shell:git/repository → read,4,0.005706134094151213,701
project_vendor,academic-writing-skills,claude,same_prompt,hybrid_shell,3,27,edit → edit → write,3,0.0042796005706134095,701
project_vendor,academic-writing-skills,claude,same_prompt,hybrid_shell,3,28,edit → shell:search/text → shell:search/text,3,0.0042796005706134095,701
project_vendor,academic-writing-skills,claude,same_prompt,hybrid_shell,3,29,read → shell:filesystem/navigation → read,3,0.0042796005706134095,701
project_vendor,academic-writing-skills,claude,same_prompt,hybrid_shell,3,30,read → shell:search/text → read,3,0.0042796005706134095,701
project_vendor,academic-writing-skills,claude,same_prompt,hybrid_shell,4,1,edit → edit → edit → edit,195,0.31451612903225806,620
project_vendor,academic-writing-skills,claude,same_prompt,hybrid_shell,4,2,read → read → read → read,65,0.10483870967741936,620
project_vendor,academic-writing-skills,claude,same_prompt,hybrid_shell,4,3,shell:filesystem/navigation → shell:filesystem/navigation → shell:filesystem/navigation → shell:filesystem/navigation,41,0.06612903225806452,620
project_vendor,academic-writing-skills,claude,same_prompt,hybrid_shell,4,4,read → edit → edit → edit,19,0.03064516129032258,620
project_vendor,academic-writing-skills,claude,same_prompt,hybrid_shell,4,5,shell:git/repository → shell:git/repository → shell:git/repository → shell:git/repository,16,0.025806451612903226,620
project_vendor,academic-writing-skills,claude,same_prompt,hybrid_shell,4,6,edit → edit → edit → read,10,0.016129032258064516,620
project_vendor,academic-writing-skills,claude,same_prompt,hybrid_shell,4,7,shell:filesystem/navigation → shell:filesystem/navigation → read → read,10,0.016129032258064516,620
project_vendor,academic-writing-skills,claude,same_prompt,hybrid_shell,4,8,edit → edit → edit → shell:search/text,9,0.014516129032258065,620
project_vendor,academic-writing-skills,claude,same_prompt,hybrid_shell,4,9,read → read → read → shell:filesystem/navigation,9,0.014516129032258065,620
project_vendor,academic-writing-skills,claude,same_prompt,hybrid_shell,4,10,shell:filesystem/navigation → shell:filesystem/navigation → shell:filesystem/navigation → read,9,0.014516129032258065,620
project_vendor,academic-writing-skills,claude,same_prompt,hybrid_shell,4,11,read → read → edit → edit,8,0.012903225806451613,620
project_vendor,academic-writing-skills,claude,same_prompt,hybrid_shell,4,12,shell:filesystem/navigation → read → read → read,7,0.01129032258064516,620
project_vendor,academic-writing-skills,claude,same_prompt,hybrid_shell,4,13,shell:search/text → shell:filesystem/navigation → shell:filesystem/navigation → shell:filesystem/navigation,7,0.01129032258064516,620
project_vendor,academic-writing-skills,claude,same_prompt,hybrid_shell,4,14,edit → edit → read → edit,6,0.00967741935483871,620
project_vendor,academic-writing-skills,claude,same_prompt,hybrid_shell,4,15,edit → read → edit → edit,6,0.00967741935483871,620
project_vendor,academic-writing-skills,claude,same_prompt,hybrid_shell,4,16,read → read → shell:filesystem/navigation → shell:filesystem/navigation,5,0.008064516129032258,620
project_vendor,academic-writing-skills,claude,same_prompt,hybrid_shell,4,17,read → shell:filesystem/navigation → shell:filesystem/navigation → shell:filesystem/navigation,5,0.008064516129032258,620
project_vendor,academic-writing-skills,claude,same_prompt,hybrid_shell,4,18,shell:search/text → shell:search/text → shell:filesystem/navigation → shell:filesystem/navigation,5,0.008064516129032258,620
project_vendor,academic-writing-skills,claude,same_prompt,hybrid_shell,4,19,edit → edit → edit → shell:filesystem/navigation,4,0.0064516129032258064,620
project_vendor,academic-writing-skills,claude,same_prompt,hybrid_shell,4,20,edit → edit → read → read,4,0.0064516129032258064,620
project_vendor,academic-writing-skills,claude,same_prompt,hybrid_shell,4,21,read → read → read → shell:git/repository,4,0.0064516129032258064,620
project_vendor,academic-writing-skills,claude,same_prompt,hybrid_shell,4,22,read → read → read → shell:search/text,4,0.0064516129032258064,620
project_vendor,academic-writing-skills,claude,same_prompt,hybrid_shell,4,23,shell:filesystem/navigation → shell:search/text → shell:search/text → shell:filesystem/navigation,4,0.0064516129032258064,620
project_vendor,academic-writing-skills,claude,same_prompt,hybrid_shell,4,24,shell:search/text → read → read → read,4,0.0064516129032258064,620
project_vendor,academic-writing-skills,claude,same_prompt,hybrid_shell,4,25,edit → edit → edit → write,3,0.004838709677419355,620
project_vendor,academic-writing-skills,claude,same_prompt,hybrid_shell,4,26,read → read → shell:filesystem/navigation → read,3,0.004838709677419355,620
project_vendor,academic-writing-skills,claude,same_prompt,hybrid_shell,4,27,read → read → shell:search/text → read,3,0.004838709677419355,620
project_vendor,academic-writing-skills,claude,same_prompt,hybrid_shell,4,28,read → shell:search/text → read → read,3,0.004838709677419355,620
project_vendor,academic-writing-skills,claude,same_prompt,hybrid_shell,4,29,shell:filesystem/navigation → edit → edit → edit,3,0.004838709677419355,620
project_vendor,academic-writing-skills,claude,same_prompt,hybrid_shell,4,30,shell:search/text → edit → edit → edit,3,0.004838709677419355,620
project_vendor,academic-writing-skills,claude,same_prompt,tool_family,2,1,edit → edit,310,0.3813038130381304,813
project_vendor,academic-writing-skills,claude,same_prompt,tool_family,2,2,shell → shell,189,0.23247232472324722,813
project_vendor,academic-writing-skills,claude,same_prompt,tool_family,2,3,read → read,134,0.16482164821648215,813
project_vendor,academic-writing-skills,claude,same_prompt,tool_family,2,4,shell → read,36,0.04428044280442804,813
project_vendor,academic-writing-skills,claude,same_prompt,tool_family,2,5,read → shell,32,0.03936039360393604,813
project_vendor,academic-writing-skills,claude,same_prompt,tool_family,2,6,read → edit,25,0.03075030750307503,813
project_vendor,academic-writing-skills,claude,same_prompt,tool_family,2,7,edit → shell,22,0.02706027060270603,813
project_vendor,academic-writing-skills,claude,same_prompt,tool_family,2,8,edit → read,13,0.015990159901599015,813
project_vendor,academic-writing-skills,claude,same_prompt,tool_family,2,9,shell → edit,12,0.014760147601476014,813
project_vendor,academic-writing-skills,claude,same_prompt,tool_family,2,10,task → task,5,0.006150061500615006,813
project_vendor,academic-writing-skills,claude,same_prompt,tool_family,2,11,write → write,5,0.006150061500615006,813
project_vendor,academic-writing-skills,claude,same_prompt,tool_family,2,12,edit → write,3,0.0036900369003690036,813
project_vendor,academic-writing-skills,claude,same_prompt,tool_family,2,13,shell → write,3,0.0036900369003690036,813
project_vendor,academic-writing-skills,claude,same_prompt,tool_family,2,14,other → other,2,0.0024600246002460025,813
project_vendor,academic-writing-skills,claude,same_prompt,tool_family,2,15,search → search,2,0.0024600246002460025,813
project_vendor,academic-writing-skills,claude,same_prompt,tool_family,2,16,shell → task,2,0.0024600246002460025,813
project_vendor,academic-writing-skills,claude,same_prompt,tool_family,2,17,tool discovery → search,2,0.0024600246002460025,813
project_vendor,academic-writing-skills,claude,same_prompt,tool_family,2,18,write → edit,2,0.0024600246002460025,813
project_vendor,academic-writing-skills,claude,same_prompt,tool_family,2,19,write → read,2,0.0024600246002460025,813
project_vendor,academic-writing-skills,claude,same_prompt,tool_family,2,20,write → shell,2,0.0024600246002460025,813
project_vendor,academic-writing-skills,claude,same_prompt,tool_family,2,21,edit → other,1,0.0012300123001230013,813
project_vendor,academic-writing-skills,claude,same_prompt,tool_family,2,22,fetch → edit,1,0.0012300123001230013,813
project_vendor,academic-writing-skills,claude,same_prompt,tool_family,2,23,fetch → fetch,1,0.0012300123001230013,813
project_vendor,academic-writing-skills,claude,same_prompt,tool_family,2,24,read → task,1,0.0012300123001230013,813
project_vendor,academic-writing-skills,claude,same_prompt,tool_family,2,25,search → edit,1,0.0012300123001230013,813
project_vendor,academic-writing-skills,claude,same_prompt,tool_family,2,26,search → tool discovery,1,0.0012300123001230013,813
project_vendor,academic-writing-skills,claude,same_prompt,tool_family,2,27,shell → search,1,0.0012300123001230013,813
project_vendor,academic-writing-skills,claude,same_prompt,tool_family,2,28,shell → skill,1,0.0012300123001230013,813
project_vendor,academic-writing-skills,claude,same_prompt,tool_family,2,29,skill → shell,1,0.0012300123001230013,813
project_vendor,academic-writing-skills,claude,same_prompt,tool_family,2,30,tool discovery → fetch,1,0.0012300123001230013,813
project_vendor,academic-writing-skills,claude,same_prompt,tool_family,3,1,edit → edit → edit,242,0.34522111269614836,701
project_vendor,academic-writing-skills,claude,same_prompt,tool_family,3,2,shell → shell → shell,129,0.1840228245363766,701
project_vendor,academic-writing-skills,claude,same_prompt,tool_family,3,3,read → read → read,87,0.12410841654778887,701
project_vendor,academic-writing-skills,claude,same_prompt,tool_family,3,4,shell → read → read,24,0.034236804564907276,701
project_vendor,academic-writing-skills,claude,same_prompt,tool_family,3,5,read → edit → edit,23,0.03281027104136947,701
project_vendor,academic-writing-skills,claude,same_prompt,tool_family,3,6,shell → shell → read,22,0.03138373751783167,701
project_vendor,academic-writing-skills,claude,same_prompt,tool_family,3,7,read → read → shell,21,0.029957203994293864,701
project_vendor,academic-writing-skills,claude,same_prompt,tool_family,3,8,edit → edit → shell,20,0.028530670470756064,701
project_vendor,academic-writing-skills,claude,same_prompt,tool_family,3,9,read → shell → shell,18,0.025677603423680456,701
project_vendor,academic-writing-skills,claude,same_prompt,tool_family,3,10,edit → edit → read,11,0.015691868758915834,701
project_vendor,academic-writing-skills,claude,same_prompt,tool_family,3,11,shell → edit → edit,10,0.014265335235378032,701
project_vendor,academic-writing-skills,claude,same_prompt,tool_family,3,12,edit → shell → shell,9,0.012838801711840228,701
project_vendor,academic-writing-skills,claude,same_prompt,tool_family,3,13,read → read → edit,9,0.012838801711840228,701
project_vendor,academic-writing-skills,claude,same_prompt,tool_family,3,14,edit → read → edit,6,0.008559201141226819,701
project_vendor,academic-writing-skills,claude,same_prompt,tool_family,3,15,read → shell → read,6,0.008559201141226819,701
project_vendor,academic-writing-skills,claude,same_prompt,tool_family,3,16,shell → read → shell,6,0.008559201141226819,701
project_vendor,academic-writing-skills,claude,same_prompt,tool_family,3,17,shell → shell → edit,6,0.008559201141226819,701
project_vendor,academic-writing-skills,claude,same_prompt,tool_family,3,18,edit → read → read,5,0.007132667617689016,701
project_vendor,academic-writing-skills,claude,same_prompt,tool_family,3,19,edit → edit → write,3,0.0042796005706134095,701
project_vendor,academic-writing-skills,claude,same_prompt,tool_family,3,20,edit → shell → edit,3,0.0042796005706134095,701
project_vendor,academic-writing-skills,claude,same_prompt,tool_family,3,21,task → task → task,3,0.0042796005706134095,701
project_vendor,academic-writing-skills,claude,same_prompt,tool_family,3,22,edit → shell → read,2,0.0028530670470756064,701
project_vendor,academic-writing-skills,claude,same_prompt,tool_family,3,23,edit → write → shell,2,0.0028530670470756064,701
project_vendor,academic-writing-skills,claude,same_prompt,tool_family,3,24,shell → shell → write,2,0.0028530670470756064,701
project_vendor,academic-writing-skills,claude,same_prompt,tool_family,3,25,shell → write → read,2,0.0028530670470756064,701
project_vendor,academic-writing-skills,claude,same_prompt,tool_family,3,26,tool discovery → search → search,2,0.0028530670470756064,701
project_vendor,academic-writing-skills,claude,same_prompt,tool_family,3,27,write → write → write,2,0.0028530670470756064,701
project_vendor,academic-writing-skills,claude,same_prompt,tool_family,3,28,edit → edit → other,1,0.0014265335235378032,701
project_vendor,academic-writing-skills,claude,same_prompt,tool_family,3,29,edit → write → write,1,0.0014265335235378032,701
project_vendor,academic-writing-skills,claude,same_prompt,tool_family,3,30,fetch → edit → edit,1,0.0014265335235378032,701
project_vendor,academic-writing-skills,claude,same_prompt,tool_family,4,1,edit → edit → edit → edit,195,0.31451612903225806,620
project_vendor,academic-writing-skills,claude,same_prompt,tool_family,4,2,shell → shell → shell → shell,98,0.15806451612903225,620
project_vendor,academic-writing-skills,claude,same_prompt,tool_family,4,3,read → read → read → read,65,0.10483870967741936,620
project_vendor,academic-writing-skills,claude,same_prompt,tool_family,4,4,read → edit → edit → edit,19,0.03064516129032258,620
project_vendor,academic-writing-skills,claude,same_prompt,tool_family,4,5,read → read → read → shell,17,0.027419354838709678,620
project_vendor,academic-writing-skills,claude,same_prompt,tool_family,4,6,shell → shell → read → read,15,0.024193548387096774,620
project_vendor,academic-writing-skills,claude,same_prompt,tool_family,4,7,edit → edit → edit → shell,14,0.02258064516129032,620
project_vendor,academic-writing-skills,claude,same_prompt,tool_family,4,8,shell → shell → shell → read,13,0.020967741935483872,620
project_vendor,academic-writing-skills,claude,same_prompt,tool_family,4,9,shell → read → read → read,12,0.01935483870967742,620
project_vendor,academic-writing-skills,claude,same_prompt,tool_family,4,10,read → read → shell → shell,11,0.017741935483870968,620
project_vendor,academic-writing-skills,claude,same_prompt,tool_family,4,11,edit → edit → edit → read,10,0.016129032258064516,620
project_vendor,academic-writing-skills,claude,same_prompt,tool_family,4,12,read → shell → shell → shell,9,0.014516129032258065,620
project_vendor,academic-writing-skills,claude,same_prompt,tool_family,4,13,read → read → edit → edit,8,0.012903225806451613,620
project_vendor,academic-writing-skills,claude,same_prompt,tool_family,4,14,edit → edit → shell → shell,7,0.01129032258064516,620
project_vendor,academic-writing-skills,claude,same_prompt,tool_family,4,15,shell → edit → edit → edit,7,0.01129032258064516,620
project_vendor,academic-writing-skills,claude,same_prompt,tool_family,4,16,edit → edit → read → edit,6,0.00967741935483871,620
project_vendor,academic-writing-skills,claude,same_prompt,tool_family,4,17,edit → read → edit → edit,6,0.00967741935483871,620
project_vendor,academic-writing-skills,claude,same_prompt,tool_family,4,18,read → read → shell → read,6,0.00967741935483871,620
project_vendor,academic-writing-skills,claude,same_prompt,tool_family,4,19,shell → shell → read → shell,6,0.00967741935483871,620
project_vendor,academic-writing-skills,claude,same_prompt,tool_family,4,20,read → shell → read → read,5,0.008064516129032258,620
project_vendor,academic-writing-skills,claude,same_prompt,tool_family,4,21,shell → shell → edit → edit,5,0.008064516129032258,620
project_vendor,academic-writing-skills,claude,same_prompt,tool_family,4,22,edit → edit → read → read,4,0.0064516129032258064,620
project_vendor,academic-writing-skills,claude,same_prompt,tool_family,4,23,shell → read → read → edit,4,0.0064516129032258064,620
project_vendor,academic-writing-skills,claude,same_prompt,tool_family,4,24,shell → read → shell → shell,4,0.0064516129032258064,620
project_vendor,academic-writing-skills,claude,same_prompt,tool_family,4,25,edit → edit → edit → write,3,0.004838709677419355,620
project_vendor,academic-writing-skills,claude,same_prompt,tool_family,4,26,edit → edit → shell → edit,3,0.004838709677419355,620
project_vendor,academic-writing-skills,claude,same_prompt,tool_family,4,27,edit → shell → edit → edit,3,0.004838709677419355,620
project_vendor,academic-writing-skills,claude,same_prompt,tool_family,4,28,edit → shell → shell → shell,3,0.004838709677419355,620
project_vendor,academic-writing-skills,claude,same_prompt,tool_family,4,29,read → shell → shell → read,3,0.004838709677419355,620
project_vendor,academic-writing-skills,claude,same_prompt,tool_family,4,30,shell → read → read → shell,3,0.004838709677419355,620
project,agentsight,ALL,full_stream,hybrid_shell,2,1,shell:search/text → shell:search/text,25403,0.26341003121143935,96439
project,agentsight,ALL,full_stream,hybrid_shell,2,2,shell:git/repository → shell:git/repository,6642,0.06887255156109043,96439
project,agentsight,ALL,full_stream,hybrid_shell,2,3,coordination → coordination,3641,0.03775443544624063,96439
project,agentsight,ALL,full_stream,hybrid_shell,2,4,edit → edit,3535,0.03665529505697902,96439
project,agentsight,ALL,full_stream,hybrid_shell,2,5,shell:other → shell:other,2643,0.027405924988853057,96439
project,agentsight,ALL,full_stream,hybrid_shell,2,6,shell:git/repository → shell:search/text,2572,0.026669708313026886,96439
project,agentsight,ALL,full_stream,hybrid_shell,2,7,shell:other → wait/control,2477,0.025684629662273563,96439
project,agentsight,ALL,full_stream,hybrid_shell,2,8,shell:search/text → shell:git/repository,2331,0.02417071931480003,96439
project,agentsight,ALL,full_stream,hybrid_shell,2,9,shell:search/text → shell:other,2306,0.023911488090917574,96439
project,agentsight,ALL,full_stream,hybrid_shell,2,10,shell:search/text → edit,1936,0.02007486597745725,96439
project,agentsight,ALL,full_stream,hybrid_shell,2,11,wait/control → shell:other,1792,0.018581694127894316,96439
project,agentsight,ALL,full_stream,hybrid_shell,2,12,read → read,1623,0.016829291054448928,96439
project,agentsight,ALL,full_stream,hybrid_shell,2,13,shell:other → shell:search/text,1610,0.01669449081803005,96439
project,agentsight,ALL,full_stream,hybrid_shell,2,14,edit → shell:search/text,1494,0.015491657939215463,96439
project,agentsight,ALL,full_stream,hybrid_shell,2,15,shell:data/analysis/runtime → shell:data/analysis/runtime,1196,0.012401621750536608,96439
project,agentsight,ALL,full_stream,hybrid_shell,2,16,shell:data/analysis/runtime → shell:search/text,1050,0.010887711403063076,96439
project,agentsight,ALL,full_stream,hybrid_shell,2,17,shell:search/text → shell:data/analysis/runtime,1023,0.010607741681270025,96439
project,agentsight,ALL,full_stream,hybrid_shell,2,18,coordination → shell:search/text,1018,0.010555895436493535,96439
project,agentsight,ALL,full_stream,hybrid_shell,2,19,shell:filesystem/navigation → shell:search/text,966,0.01001669449081803,96439
project,agentsight,ALL,full_stream,hybrid_shell,2,20,shell:search/text → coordination,954,0.009892263503354452,96439
project,agentsight,ALL,full_stream,hybrid_shell,2,21,shell:search/text → shell:filesystem/navigation,941,0.009757463266935575,96439
project,agentsight,ALL,full_stream,hybrid_shell,2,22,wait/control → wait/control,931,0.009653770777382595,96439
project,agentsight,ALL,full_stream,hybrid_shell,2,23,wait/control → shell:search/text,890,0.009228631570215369,96439
project,agentsight,ALL,full_stream,hybrid_shell,2,24,read → edit,739,0.007662874977965346,96439
project,agentsight,ALL,full_stream,hybrid_shell,2,25,shell:filesystem/navigation → shell:filesystem/navigation,733,0.007600659484233557,96439
project,agentsight,ALL,full_stream,hybrid_shell,2,26,shell:search/text → read,692,0.007175520277066332,96439
project,agentsight,ALL,full_stream,hybrid_shell,2,27,read → shell:search/text,550,0.005703086925413992,96439
project,agentsight,ALL,full_stream,hybrid_shell,2,28,shell:test → shell:test,517,0.005360901709889153,96439
project,agentsight,ALL,full_stream,hybrid_shell,2,29,shell:other → shell:git/repository,515,0.0053401632119785564,96439
project,agentsight,ALL,full_stream,hybrid_shell,2,30,edit → shell:lint/format,456,0.004728377523615965,96439
project,agentsight,ALL,full_stream,hybrid_shell,3,1,shell:search/text → shell:search/text → shell:search/text,18928,0.1983838341491023,95411
project,agentsight,ALL,full_stream,hybrid_shell,3,2,shell:git/repository → shell:git/repository → shell:git/repository,4372,0.045822808690821816,95411
project,agentsight,ALL,full_stream,hybrid_shell,3,3,coordination → coordination → coordination,2544,0.02666359224827326,95411
project,agentsight,ALL,full_stream,hybrid_shell,3,4,edit → edit → edit,2142,0.02245024158639989,95411
project,agentsight,ALL,full_stream,hybrid_shell,3,5,wait/control → shell:other → wait/control,1553,0.016276949198729705,95411
project,agentsight,ALL,full_stream,hybrid_shell,3,6,shell:other → wait/control → shell:other,1527,0.016004443932041378,95411
project,agentsight,ALL,full_stream,hybrid_shell,3,7,shell:git/repository → shell:search/text → shell:search/text,1488,0.015595686032008888,95411
project,agentsight,ALL,full_stream,hybrid_shell,3,8,shell:other → shell:other → shell:other,1333,0.01397113540367463,95411
project,agentsight,ALL,full_stream,hybrid_shell,3,9,shell:search/text → shell:search/text → edit,1250,0.013101214744631122,95411
project,agentsight,ALL,full_stream,hybrid_shell,3,10,shell:search/text → shell:search/text → shell:git/repository,1196,0.012535242267663057,95411
project,agentsight,ALL,full_stream,hybrid_shell,3,11,read → read → read,1006,0.010543857626479127,95411
project,agentsight,ALL,full_stream,hybrid_shell,3,12,shell:git/repository → shell:git/repository → shell:search/text,968,0.01014558069824234,95411
project,agentsight,ALL,full_stream,hybrid_shell,3,13,shell:search/text → edit → edit,910,0.009537684334091457,95411
project,agentsight,ALL,full_stream,hybrid_shell,3,14,shell:search/text → shell:search/text → shell:other,905,0.009485279475112933,95411
project,agentsight,ALL,full_stream,hybrid_shell,3,15,shell:search/text → shell:git/repository → shell:search/text,861,0.009024116716101918,95411
project,agentsight,ALL,full_stream,hybrid_shell,3,16,shell:search/text → shell:git/repository → shell:git/repository,854,0.008950749913531982,95411
project,agentsight,ALL,full_stream,hybrid_shell,3,17,shell:other → shell:search/text → shell:search/text,756,0.007923614677552903,95411
project,agentsight,ALL,full_stream,hybrid_shell,3,18,edit → shell:search/text → shell:search/text,708,0.007420528031359067,95411
project,agentsight,ALL,full_stream,hybrid_shell,3,19,edit → edit → shell:search/text,704,0.007378604144176248,95411
project,agentsight,ALL,full_stream,hybrid_shell,3,20,shell:search/text → shell:other → shell:other,682,0.00714802276467074,95411
project,agentsight,ALL,full_stream,hybrid_shell,3,21,shell:filesystem/navigation → shell:search/text → shell:search/text,586,0.00614184947228307,95411
project,agentsight,ALL,full_stream,hybrid_shell,3,22,shell:search/text → shell:search/text → shell:data/analysis/runtime,578,0.006058001697917431,95411
project,agentsight,ALL,full_stream,hybrid_shell,3,23,shell:other → shell:other → shell:search/text,573,0.006005596838938906,95411
project,agentsight,ALL,full_stream,hybrid_shell,3,24,shell:other → wait/control → shell:search/text,570,0.005974153923551792,95411
project,agentsight,ALL,full_stream,hybrid_shell,3,25,shell:data/analysis/runtime → shell:search/text → shell:search/text,563,0.0059007871209818576,95411
project,agentsight,ALL,full_stream,hybrid_shell,3,26,shell:search/text → shell:other → shell:search/text,545,0.00571212962865917,95411
project,agentsight,ALL,full_stream,hybrid_shell,3,27,shell:search/text → shell:search/text → shell:filesystem/navigation,539,0.0056492437978849395,95411
project,agentsight,ALL,full_stream,hybrid_shell,3,28,shell:search/text → edit → shell:search/text,516,0.005408181446583727,95411
project,agentsight,ALL,full_stream,hybrid_shell,3,29,coordination → coordination → shell:search/text,499,0.005230004926056744,95411
project,agentsight,ALL,full_stream,hybrid_shell,3,30,wait/control → wait/control → wait/control,497,0.0052090429824653344,95411
project,agentsight,ALL,full_stream,hybrid_shell,4,1,shell:search/text → shell:search/text → shell:search/text → shell:search/text,14883,0.15763885946701692,94412
project,agentsight,ALL,full_stream,hybrid_shell,4,2,shell:git/repository → shell:git/repository → shell:git/repository → shell:git/repository,3090,0.032728890395288736,94412
project,agentsight,ALL,full_stream,hybrid_shell,4,3,coordination → coordination → coordination → coordination,1888,0.01999745795026056,94412
project,agentsight,ALL,full_stream,hybrid_shell,4,4,edit → edit → edit → edit,1405,0.014881582849637759,94412
project,agentsight,ALL,full_stream,hybrid_shell,4,5,shell:other → wait/control → shell:other → wait/control,1366,0.014468499766978773,94412
project,agentsight,ALL,full_stream,hybrid_shell,4,6,wait/control → shell:other → wait/control → shell:other,1092,0.011566326314451553,94412
project,agentsight,ALL,full_stream,hybrid_shell,4,7,shell:git/repository → shell:search/text → shell:search/text → shell:search/text,1021,0.010814303266533916,94412
project,agentsight,ALL,full_stream,hybrid_shell,4,8,shell:search/text → shell:search/text → shell:search/text → edit,860,0.009109011566326314,94412
project,agentsight,ALL,full_stream,hybrid_shell,4,9,shell:other → shell:other → shell:other → shell:other,769,0.008145151040122018,94412
project,agentsight,ALL,full_stream,hybrid_shell,4,10,read → read → read → read,704,0.007456679235690379,94412
project,agentsight,ALL,full_stream,hybrid_shell,4,11,shell:search/text → shell:search/text → shell:search/text → shell:git/repository,678,0.0071812905139177225,94412
project,agentsight,ALL,full_stream,hybrid_shell,4,12,shell:search/text → shell:search/text → edit → edit,640,0.006778799305173071,94412
project,agentsight,ALL,full_stream,hybrid_shell,4,13,shell:search/text → shell:git/repository → shell:search/text → shell:search/text,574,0.006079735626827098,94412
project,agentsight,ALL,full_stream,hybrid_shell,4,14,shell:search/text → shell:search/text → shell:git/repository → shell:search/text,536,0.005677244418082447,94412
project,agentsight,ALL,full_stream,hybrid_shell,4,15,shell:git/repository → shell:git/repository → shell:git/repository → shell:search/text,532,0.005634876922425115,94412
project,agentsight,ALL,full_stream,hybrid_shell,4,16,shell:search/text → shell:search/text → shell:search/text → shell:other,528,0.005592509426767784,94412
project,agentsight,ALL,full_stream,hybrid_shell,4,17,shell:git/repository → shell:git/repository → shell:search/text → shell:search/text,521,0.005518366309367453,94412
project,agentsight,ALL,full_stream,hybrid_shell,4,18,shell:search/text → edit → edit → edit,507,0.005370080074566792,94412
project,agentsight,ALL,full_stream,hybrid_shell,4,19,shell:search/text → shell:git/repository → shell:git/repository → shell:git/repository,460,0.004872262000593145,94412
project,agentsight,ALL,full_stream,hybrid_shell,4,20,shell:other → shell:search/text → shell:search/text → shell:search/text,456,0.004829894504935813,94412
project,agentsight,ALL,full_stream,hybrid_shell,4,21,shell:other → wait/control → shell:search/text → shell:other,416,0.004406219548362496,94412
project,agentsight,ALL,full_stream,hybrid_shell,4,22,shell:filesystem/navigation → shell:search/text → shell:search/text → shell:search/text,404,0.004279117061390501,94412
project,agentsight,ALL,full_stream,hybrid_shell,4,23,edit → edit → edit → shell:search/text,398,0.004215565817904504,94412
project,agentsight,ALL,full_stream,hybrid_shell,4,24,wait/control → shell:search/text → shell:other → wait/control,395,0.004183790196161505,94412
project,agentsight,ALL,full_stream,hybrid_shell,4,25,shell:search/text → shell:search/text → shell:search/text → shell:data/analysis/runtime,382,0.004046095835275177,94412
project,agentsight,ALL,full_stream,hybrid_shell,4,26,edit → shell:search/text → shell:search/text → shell:search/text,361,0.0038236664830741856,94412
project,agentsight,ALL,full_stream,hybrid_shell,4,27,edit → edit → shell:search/text → shell:search/text,358,0.0037918908613311865,94412
project,agentsight,ALL,full_stream,hybrid_shell,4,28,shell:search/text → shell:search/text → shell:search/text → shell:filesystem/navigation,352,0.0037283396178451893,94412
project,agentsight,ALL,full_stream,hybrid_shell,4,29,shell:search/text → shell:search/text → shell:git/repository → shell:git/repository,346,0.0036647883743591916,94412
project,agentsight,ALL,full_stream,hybrid_shell,4,30,shell:search/text → shell:search/text → shell:other → shell:other,342,0.00362242087870186,94412
project,agentsight,ALL,full_stream,tool_family,2,1,shell → shell,62222,0.6451954084965625,96439
project,agentsight,ALL,full_stream,tool_family,2,2,shell → wait/control,3771,0.039102437810429394,96439
project,agentsight,ALL,full_stream,tool_family,2,3,wait/control → shell,3642,0.03776480469519593,96439
project,agentsight,ALL,full_stream,tool_family,2,4,coordination → coordination,3641,0.03775443544624063,96439
project,agentsight,ALL,full_stream,tool_family,2,5,edit → edit,3535,0.03665529505697902,96439
project,agentsight,ALL,full_stream,tool_family,2,6,edit → shell,2998,0.031087008367983907,96439
project,agentsight,ALL,full_stream,tool_family,2,7,shell → edit,2630,0.02727112475243418,96439
project,agentsight,ALL,full_stream,tool_family,2,8,coordination → shell,2066,0.021422868341646015,96439
project,agentsight,ALL,full_stream,tool_family,2,9,shell → coordination,2049,0.021246591109405945,96439
project,agentsight,ALL,full_stream,tool_family,2,10,read → read,1623,0.016829291054448928,96439
project,agentsight,ALL,full_stream,tool_family,2,11,shell → read,989,0.010255187216789887,96439
project,agentsight,ALL,full_stream,tool_family,2,12,wait/control → wait/control,931,0.009653770777382595,96439
project,agentsight,ALL,full_stream,tool_family,2,13,read → shell,767,0.007953213948713695,96439
project,agentsight,ALL,full_stream,tool_family,2,14,read → edit,739,0.007662874977965346,96439
project,agentsight,ALL,full_stream,tool_family,2,15,plan/goal → shell,599,0.006211180124223602,96439
project,agentsight,ALL,full_stream,tool_family,2,16,shell → plan/goal,582,0.006034902891983534,96439
project,agentsight,ALL,full_stream,tool_family,2,17,shell → task,555,0.0057549331701904835,96439
project,agentsight,ALL,full_stream,tool_family,2,18,task → shell,456,0.004728377523615965,96439
project,agentsight,ALL,full_stream,tool_family,2,19,edit → read,451,0.0046765312788394735,96439
project,agentsight,ALL,full_stream,tool_family,2,20,search → search,234,0.0024264042555397713,96439
project,agentsight,ALL,full_stream,tool_family,2,21,task → task,234,0.0024264042555397713,96439
project,agentsight,ALL,full_stream,tool_family,2,22,task → coordination,196,0.002032372795238441,96439
project,agentsight,ALL,full_stream,tool_family,2,23,coordination → task,104,0.0010784018913510094,96439
project,agentsight,ALL,full_stream,tool_family,2,24,fetch → fetch,104,0.0010784018913510094,96439
project,agentsight,ALL,full_stream,tool_family,2,25,wait/control → coordination,96,0.000995447899708624,96439
project,agentsight,ALL,full_stream,tool_family,2,26,task → read,94,0.0009747094017980277,96439
project,agentsight,ALL,full_stream,tool_family,2,27,plan/goal → plan/goal,62,0.0006428934352284863,96439
project,agentsight,ALL,full_stream,tool_family,2,28,plan/goal → edit,61,0.0006325241862731883,96439
project,agentsight,ALL,full_stream,tool_family,2,29,wait/control → edit,57,0.0005910471904519956,96439
project,agentsight,ALL,full_stream,tool_family,2,30,edit → plan/goal,52,0.0005392009456755047,96439
project,agentsight,ALL,full_stream,tool_family,3,1,shell → shell → shell,54566,0.5719047070044334,95411
project,agentsight,ALL,full_stream,tool_family,3,2,shell → wait/control → shell,3229,0.033843057928331116,95411
project,agentsight,ALL,full_stream,tool_family,3,3,coordination → coordination → coordination,2544,0.02666359224827326,95411
project,agentsight,ALL,full_stream,tool_family,3,4,edit → shell → shell,2252,0.02360314848392743,95411
project,agentsight,ALL,full_stream,tool_family,3,5,edit → edit → edit,2142,0.02245024158639989,95411
project,agentsight,ALL,full_stream,tool_family,3,6,shell → shell → edit,2048,0.02146503023760363,95411
project,agentsight,ALL,full_stream,tool_family,3,7,shell → shell → wait/control,1843,0.019316431019484128,95411
project,agentsight,ALL,full_stream,tool_family,3,8,wait/control → shell → wait/control,1807,0.01893911603483875,95411
project,agentsight,ALL,full_stream,tool_family,3,9,wait/control → shell → shell,1765,0.018498915219419144,95411
project,agentsight,ALL,full_stream,tool_family,3,10,shell → edit → shell,1443,0.015124042301202168,95411
project,agentsight,ALL,full_stream,tool_family,3,11,coordination → shell → shell,1351,0.014159792895997317,95411
project,agentsight,ALL,full_stream,tool_family,3,12,shell → shell → coordination,1304,0.013667187221599186,95411
project,agentsight,ALL,full_stream,tool_family,3,13,edit → edit → shell,1229,0.01288111433692132,95411
project,agentsight,ALL,full_stream,tool_family,3,14,shell → edit → edit,1106,0.011591954806049617,95411
project,agentsight,ALL,full_stream,tool_family,3,15,coordination → coordination → shell,1035,0.010847805808554569,95411
project,agentsight,ALL,full_stream,tool_family,3,16,read → read → read,1006,0.010543857626479127,95411
project,agentsight,ALL,full_stream,tool_family,3,17,shell → coordination → coordination,932,0.009768265713596964,95411
project,agentsight,ALL,full_stream,tool_family,3,18,shell → coordination → shell,916,0.009600570164865686,95411
project,agentsight,ALL,full_stream,tool_family,3,19,coordination → shell → coordination,627,0.006571569315906971,95411
project,agentsight,ALL,full_stream,tool_family,3,20,shell → shell → read,594,0.006225697246648709,95411
project,agentsight,ALL,full_stream,tool_family,3,21,plan/goal → shell → shell,568,0.005953191979960382,95411
project,agentsight,ALL,full_stream,tool_family,3,22,shell → shell → plan/goal,560,0.005869344205594743,95411
project,agentsight,ALL,full_stream,tool_family,3,23,edit → shell → edit,519,0.005439624361970842,95411
project,agentsight,ALL,full_stream,tool_family,3,24,wait/control → wait/control → wait/control,497,0.0052090429824653344,95411
project,agentsight,ALL,full_stream,tool_family,3,25,read → shell → shell,467,0.004894613828594187,95411
project,agentsight,ALL,full_stream,tool_family,3,26,shell → shell → task,465,0.004873651885002777,95411
project,agentsight,ALL,full_stream,tool_family,3,27,shell → plan/goal → shell,458,0.004800285082432843,95411
project,agentsight,ALL,full_stream,tool_family,3,28,shell → wait/control → wait/control,411,0.004307679408034713,95411
project,agentsight,ALL,full_stream,tool_family,3,29,shell → read → read,405,0.0042447935772604835,95411
project,agentsight,ALL,full_stream,tool_family,3,30,wait/control → wait/control → shell,382,0.004003731225959271,95411
project,agentsight,ALL,full_stream,tool_family,4,1,shell → shell → shell → shell,48707,0.5158984027454138,94412
project,agentsight,ALL,full_stream,tool_family,4,2,coordination → coordination → coordination → coordination,1888,0.01999745795026056,94412
project,agentsight,ALL,full_stream,tool_family,4,3,edit → shell → shell → shell,1786,0.0189170868109986,94412
project,agentsight,ALL,full_stream,tool_family,4,4,wait/control → shell → wait/control → shell,1689,0.017889675041308308,94412
project,agentsight,ALL,full_stream,tool_family,4,5,shell → wait/control → shell → wait/control,1683,0.01782612379782231,94412
project,agentsight,ALL,full_stream,tool_family,4,6,shell → shell → shell → edit,1680,0.017794348176079312,94412
project,agentsight,ALL,full_stream,tool_family,4,7,shell → wait/control → shell → shell,1488,0.01576070838452739,94412
project,agentsight,ALL,full_stream,tool_family,4,8,shell → shell → wait/control → shell,1473,0.015601830275812396,94412
project,agentsight,ALL,full_stream,tool_family,4,9,edit → edit → edit → edit,1405,0.014881582849637759,94412
project,agentsight,ALL,full_stream,tool_family,4,10,shell → edit → shell → shell,1146,0.01213828750582553,94412
project,agentsight,ALL,full_stream,tool_family,4,11,shell → shell → edit → shell,1132,0.01199000127102487,94412
project,agentsight,ALL,full_stream,tool_family,4,12,shell → shell → shell → wait/control,1090,0.011545142566622887,94412
project,agentsight,ALL,full_stream,tool_family,4,13,wait/control → shell → shell → shell,1065,0.011280345718764564,94412
project,agentsight,ALL,full_stream,tool_family,4,14,coordination → shell → shell → shell,1053,0.011153243231792568,94412
project,agentsight,ALL,full_stream,tool_family,4,15,shell → shell → shell → coordination,997,0.010560098292589925,94412
project,agentsight,ALL,full_stream,tool_family,4,16,edit → edit → shell → shell,914,0.009680972757700293,94412
project,agentsight,ALL,full_stream,tool_family,4,17,shell → shell → edit → edit,862,0.00913019531415498,94412
project,agentsight,ALL,full_stream,tool_family,4,18,read → read → read → read,704,0.007456679235690379,94412
project,agentsight,ALL,full_stream,tool_family,4,19,coordination → coordination → shell → shell,665,0.007043596153031394,94412
project,agentsight,ALL,full_stream,tool_family,4,20,shell → shell → coordination → shell,654,0.006927085539973732,94412
project,agentsight,ALL,full_stream,tool_family,4,21,edit → edit → edit → shell,646,0.006842350548659068,94412
project,agentsight,ALL,full_stream,tool_family,4,22,wait/control → shell → shell → wait/control,637,0.0067470236834300725,94412
project,agentsight,ALL,full_stream,tool_family,4,23,coordination → coordination → coordination → shell,625,0.006619921196458077,94412
project,agentsight,ALL,full_stream,tool_family,4,24,shell → coordination → shell → shell,616,0.006524594331229081,94412
project,agentsight,ALL,full_stream,tool_family,4,25,shell → edit → edit → edit,583,0.006175062492056095,94412
project,agentsight,ALL,full_stream,tool_family,4,26,plan/goal → shell → shell → shell,551,0.005836122526797441,94412
project,agentsight,ALL,full_stream,tool_family,4,27,shell → coordination → coordination → coordination,537,0.00568783629199678,94412
project,agentsight,ALL,full_stream,tool_family,4,28,shell → shell → shell → plan/goal,514,0.0054442231919671225,94412
project,agentsight,ALL,full_stream,tool_family,4,29,shell → edit → edit → shell,503,0.00532771257890946,94412
project,agentsight,ALL,full_stream,tool_family,4,30,shell → shell → coordination → coordination,479,0.005073507604965471,94412
project,agentsight,ALL,same_prompt,hybrid_shell,2,1,shell:search/text → shell:search/text,25146,0.2664194522434709,94385
project,agentsight,ALL,same_prompt,hybrid_shell,2,2,shell:git/repository → shell:git/repository,6497,0.06883509032155533,94385
project,agentsight,ALL,same_prompt,hybrid_shell,2,3,coordination → coordination,3635,0.03851247549928485,94385
project,agentsight,ALL,same_prompt,hybrid_shell,2,4,edit → edit,3434,0.036382899825184084,94385
project,agentsight,ALL,same_prompt,hybrid_shell,2,5,shell:other → shell:other,2624,0.02780102770567357,94385
project,agentsight,ALL,same_prompt,hybrid_shell,2,6,shell:other → wait/control,2474,0.02621179212798644,94385
project,agentsight,ALL,same_prompt,hybrid_shell,2,7,shell:git/repository → shell:search/text,2456,0.026021083858663984,94385
project,agentsight,ALL,same_prompt,hybrid_shell,2,8,shell:search/text → shell:other,2290,0.02426232981935689,94385
project,agentsight,ALL,same_prompt,hybrid_shell,2,9,shell:search/text → shell:git/repository,2270,0.02405043174233194,94385
project,agentsight,ALL,same_prompt,hybrid_shell,2,10,shell:search/text → edit,1915,0.02028924087513906,94385
project,agentsight,ALL,same_prompt,hybrid_shell,2,11,wait/control → shell:other,1789,0.018954282989881867,94385
project,agentsight,ALL,same_prompt,hybrid_shell,2,12,shell:other → shell:search/text,1582,0.016761137892673625,94385
project,agentsight,ALL,same_prompt,hybrid_shell,2,13,read → read,1533,0.016241987603962494,94385
project,agentsight,ALL,same_prompt,hybrid_shell,2,14,edit → shell:search/text,1431,0.015161307411135245,94385
project,agentsight,ALL,same_prompt,hybrid_shell,2,15,shell:data/analysis/runtime → shell:data/analysis/runtime,1193,0.012639720294538328,94385
project,agentsight,ALL,same_prompt,hybrid_shell,2,16,shell:data/analysis/runtime → shell:search/text,1038,0.010997510197594956,94385
project,agentsight,ALL,same_prompt,hybrid_shell,2,17,shell:search/text → shell:data/analysis/runtime,1021,0.010817396832123748,94385
project,agentsight,ALL,same_prompt,hybrid_shell,2,18,coordination → shell:search/text,1001,0.010605498755098797,94385
project,agentsight,ALL,same_prompt,hybrid_shell,2,19,shell:search/text → coordination,954,0.010107538274090163,94385
project,agentsight,ALL,same_prompt,hybrid_shell,2,20,shell:filesystem/navigation → shell:search/text,934,0.009895640197065212,94385
project,agentsight,ALL,same_prompt,hybrid_shell,2,21,wait/control → wait/control,924,0.009789691158552737,94385
project,agentsight,ALL,same_prompt,hybrid_shell,2,22,shell:search/text → shell:filesystem/navigation,916,0.009704931927742756,94385
project,agentsight,ALL,same_prompt,hybrid_shell,2,23,wait/control → shell:search/text,884,0.009365895004502835,94385
project,agentsight,ALL,same_prompt,hybrid_shell,2,24,shell:filesystem/navigation → shell:filesystem/navigation,716,0.0075859511574932455,94385
project,agentsight,ALL,same_prompt,hybrid_shell,2,25,read → edit,654,0.006929067118715898,94385
project,agentsight,ALL,same_prompt,hybrid_shell,2,26,shell:search/text → read,623,0.006600625099327223,94385
project,agentsight,ALL,same_prompt,hybrid_shell,2,27,read → shell:search/text,524,0.005551729618053716,94385
project,agentsight,ALL,same_prompt,hybrid_shell,2,28,shell:test → shell:test,516,0.005466970387243736,94385
project,agentsight,ALL,same_prompt,hybrid_shell,2,29,shell:other → shell:git/repository,511,0.005413995867987498,94385
project,agentsight,ALL,same_prompt,hybrid_shell,2,30,edit → shell:lint/format,454,0.0048100863484663876,94385
project,agentsight,ALL,same_prompt,hybrid_shell,3,1,shell:search/text → shell:search/text → shell:search/text,18633,0.20325726503185268,91672
project,agentsight,ALL,same_prompt,hybrid_shell,3,2,shell:git/repository → shell:git/repository → shell:git/repository,4177,0.04556462169473776,91672
project,agentsight,ALL,same_prompt,hybrid_shell,3,3,coordination → coordination → coordination,2538,0.027685661925124356,91672
project,agentsight,ALL,same_prompt,hybrid_shell,3,4,edit → edit → edit,2057,0.02243869447595776,91672
project,agentsight,ALL,same_prompt,hybrid_shell,3,5,wait/control → shell:other → wait/control,1552,0.016929924077144602,91672
project,agentsight,ALL,same_prompt,hybrid_shell,3,6,shell:other → wait/control → shell:other,1524,0.01662448730255694,91672
project,agentsight,ALL,same_prompt,hybrid_shell,3,7,shell:git/repository → shell:search/text → shell:search/text,1386,0.015119120342089188,91672
project,agentsight,ALL,same_prompt,hybrid_shell,3,8,shell:other → shell:other → shell:other,1325,0.014453704511737499,91672
project,agentsight,ALL,same_prompt,hybrid_shell,3,9,shell:search/text → shell:search/text → edit,1227,0.013384675800680687,91672
project,agentsight,ALL,same_prompt,hybrid_shell,3,10,shell:search/text → shell:search/text → shell:git/repository,1128,0.012304738633388603,91672
project,agentsight,ALL,same_prompt,hybrid_shell,3,11,read → read → read,933,0.010177589667510254,91672
project,agentsight,ALL,same_prompt,hybrid_shell,3,12,shell:search/text → edit → edit,893,0.00974125141809931,91672
project,agentsight,ALL,same_prompt,hybrid_shell,3,13,shell:search/text → shell:search/text → shell:other,890,0.00970852604939349,91672
project,agentsight,ALL,same_prompt,hybrid_shell,3,14,shell:git/repository → shell:git/repository → shell:search/text,882,0.009621258399511301,91672
project,agentsight,ALL,same_prompt,hybrid_shell,3,15,shell:search/text → shell:git/repository → shell:git/repository,812,0.00885766646304215,91672
project,agentsight,ALL,same_prompt,hybrid_shell,3,16,shell:search/text → shell:git/repository → shell:search/text,808,0.008814032638101056,91672
project,agentsight,ALL,same_prompt,hybrid_shell,3,17,shell:other → shell:search/text → shell:search/text,735,0.008017715332926084,91672
project,agentsight,ALL,same_prompt,hybrid_shell,3,18,edit → edit → shell:search/text,681,0.007428658696221311,91672
project,agentsight,ALL,same_prompt,hybrid_shell,3,19,shell:search/text → shell:other → shell:other,671,0.007319574133868575,91672
project,agentsight,ALL,same_prompt,hybrid_shell,3,20,edit → shell:search/text → shell:search/text,661,0.0072104895715158395,91672
project,agentsight,ALL,same_prompt,hybrid_shell,3,21,shell:search/text → shell:search/text → shell:data/analysis/runtime,573,0.006250545422811764,91672
project,agentsight,ALL,same_prompt,hybrid_shell,3,22,shell:other → wait/control → shell:search/text,569,0.0062069115978706695,91672
project,agentsight,ALL,same_prompt,hybrid_shell,3,23,shell:filesystem/navigation → shell:search/text → shell:search/text,560,0.006108735491753207,91672
project,agentsight,ALL,same_prompt,hybrid_shell,3,24,shell:other → shell:other → shell:search/text,554,0.006043284754341565,91672
project,agentsight,ALL,same_prompt,hybrid_shell,3,25,shell:data/analysis/runtime → shell:search/text → shell:search/text,550,0.005999650929400471,91672
project,agentsight,ALL,same_prompt,hybrid_shell,3,26,shell:search/text → shell:other → shell:search/text,533,0.005814207173400821,91672
project,agentsight,ALL,same_prompt,hybrid_shell,3,27,shell:search/text → shell:search/text → shell:filesystem/navigation,518,0.005650580329871716,91672
project,agentsight,ALL,same_prompt,hybrid_shell,3,28,shell:search/text → edit → shell:search/text,491,0.00535605201151933,91672
project,agentsight,ALL,same_prompt,hybrid_shell,3,29,wait/control → wait/control → wait/control,490,0.005345143555284056,91672
project,agentsight,ALL,same_prompt,hybrid_shell,3,30,coordination → coordination → shell:search/text,489,0.005334235099048783,91672
project,agentsight,ALL,same_prompt,hybrid_shell,4,1,shell:search/text → shell:search/text → shell:search/text → shell:search/text,14576,0.1632397079245621,89292
project,agentsight,ALL,same_prompt,hybrid_shell,4,2,shell:git/repository → shell:git/repository → shell:git/repository → shell:git/repository,2896,0.03243291672266273,89292
project,agentsight,ALL,same_prompt,hybrid_shell,4,3,coordination → coordination → coordination → coordination,1882,0.021076916185100568,89292
project,agentsight,ALL,same_prompt,hybrid_shell,4,4,shell:other → wait/control → shell:other → wait/control,1365,0.01528692380056444,89292
project,agentsight,ALL,same_prompt,hybrid_shell,4,5,edit → edit → edit → edit,1330,0.014894951395421763,89292
project,agentsight,ALL,same_prompt,hybrid_shell,4,6,wait/control → shell:other → wait/control → shell:other,1088,0.012184742194149532,89292
project,agentsight,ALL,same_prompt,hybrid_shell,4,7,shell:git/repository → shell:search/text → shell:search/text → shell:search/text,944,0.0105720557272768,89292
project,agentsight,ALL,same_prompt,hybrid_shell,4,8,shell:search/text → shell:search/text → shell:search/text → edit,846,0.009474532992877302,89292
project,agentsight,ALL,same_prompt,hybrid_shell,4,9,shell:other → shell:other → shell:other → shell:other,764,0.008556197643685884,89292
project,agentsight,ALL,same_prompt,hybrid_shell,4,10,read → read → read → read,653,0.00731308515880482,89292
project,agentsight,ALL,same_prompt,hybrid_shell,4,11,shell:search/text → shell:search/text → edit → edit,629,0.007044304080992698,89292
project,agentsight,ALL,same_prompt,hybrid_shell,4,12,shell:search/text → shell:search/text → shell:search/text → shell:git/repository,619,0.006932311965237648,89292
project,agentsight,ALL,same_prompt,hybrid_shell,4,13,shell:search/text → shell:git/repository → shell:search/text → shell:search/text,522,0.005845988442413654,89292
project,agentsight,ALL,same_prompt,hybrid_shell,4,14,shell:search/text → shell:search/text → shell:search/text → shell:other,515,0.005767593961385119,89292
project,agentsight,ALL,same_prompt,hybrid_shell,4,15,shell:search/text → shell:search/text → shell:git/repository → shell:search/text,495,0.005543609729875017,89292
project,agentsight,ALL,same_prompt,hybrid_shell,4,16,shell:search/text → edit → edit → edit,491,0.0054988128835729965,89292
project,agentsight,ALL,same_prompt,hybrid_shell,4,17,shell:git/repository → shell:git/repository → shell:git/repository → shell:search/text,473,0.005297227075213905,89292
project,agentsight,ALL,same_prompt,hybrid_shell,4,18,shell:git/repository → shell:git/repository → shell:search/text → shell:search/text,463,0.005185234959458854,89292
project,agentsight,ALL,same_prompt,hybrid_shell,4,19,shell:other → shell:search/text → shell:search/text → shell:search/text,438,0.004905254670071227,89292
project,agentsight,ALL,same_prompt,hybrid_shell,4,20,shell:search/text → shell:git/repository → shell:git/repository → shell:git/repository,424,0.0047484657080141554,89292
project,agentsight,ALL,same_prompt,hybrid_shell,4,21,shell:other → wait/control → shell:search/text → shell:other,416,0.0046588720154101156,89292
project,agentsight,ALL,same_prompt,hybrid_shell,4,22,wait/control → shell:search/text → shell:other → wait/control,394,0.004412489360749003,89292
project,agentsight,ALL,same_prompt,hybrid_shell,4,23,shell:filesystem/navigation → shell:search/text → shell:search/text → shell:search/text,388,0.004345294091295973,89292
project,agentsight,ALL,same_prompt,hybrid_shell,4,24,edit → edit → edit → shell:search/text,384,0.0043004972449939526,89292
project,agentsight,ALL,same_prompt,hybrid_shell,4,25,shell:search/text → shell:search/text → shell:search/text → shell:data/analysis/runtime,378,0.0042333019755409216,89292
project,agentsight,ALL,same_prompt,hybrid_shell,4,26,edit → edit → shell:search/text → shell:search/text,345,0.003863727993549254,89292
project,agentsight,ALL,same_prompt,hybrid_shell,4,27,shell:search/text → shell:search/text → shell:search/text → shell:filesystem/navigation,339,0.0037965327240962236,89292
project,agentsight,ALL,same_prompt,hybrid_shell,4,28,edit → shell:search/text → shell:search/text → shell:search/text,333,0.003729337454643193,89292
project,agentsight,ALL,same_prompt,hybrid_shell,4,29,shell:search/text → shell:search/text → shell:other → shell:other,333,0.003729337454643193,89292
project,agentsight,ALL,same_prompt,hybrid_shell,4,30,wait/control → wait/control → wait/control → wait/control,332,0.003718138243067688,89292
project,agentsight,ALL,same_prompt,tool_family,2,1,shell → shell,61282,0.6492768978121524,94385
project,agentsight,ALL,same_prompt,tool_family,2,2,shell → wait/control,3758,0.03981564867298829,94385
project,agentsight,ALL,same_prompt,tool_family,2,3,coordination → coordination,3635,0.03851247549928485,94385
project,agentsight,ALL,same_prompt,tool_family,2,4,wait/control → shell,3624,0.03839593155692112,94385
project,agentsight,ALL,same_prompt,tool_family,2,5,edit → edit,3434,0.036382899825184084,94385
project,agentsight,ALL,same_prompt,tool_family,2,6,edit → shell,2891,0.030629867033956665,94385
project,agentsight,ALL,same_prompt,tool_family,2,7,shell → edit,2587,0.027409016263177412,94385
project,agentsight,ALL,same_prompt,tool_family,2,8,shell → coordination,2046,0.021677173279652486,94385
project,agentsight,ALL,same_prompt,tool_family,2,9,coordination → shell,2038,0.021592414048842507,94385
project,agentsight,ALL,same_prompt,tool_family,2,10,read → read,1533,0.016241987603962494,94385
project,agentsight,ALL,same_prompt,tool_family,2,11,wait/control → wait/control,924,0.009789691158552737,94385
project,agentsight,ALL,same_prompt,tool_family,2,12,shell → read,862,0.009132807119775387,94385
project,agentsight,ALL,same_prompt,tool_family,2,13,read → shell,721,0.007638925676749483,94385
project,agentsight,ALL,same_prompt,tool_family,2,14,read → edit,654,0.006929067118715898,94385
project,agentsight,ALL,same_prompt,tool_family,2,15,plan/goal → shell,563,0.00596493086825237,94385
project,agentsight,ALL,same_prompt,tool_family,2,16,shell → task,528,0.005594109233458706,94385
project,agentsight,ALL,same_prompt,tool_family,2,17,shell → plan/goal,525,0.005562324521904964,94385
project,agentsight,ALL,same_prompt,tool_family,2,18,task → shell,428,0.0045346188483339515,94385
project,agentsight,ALL,same_prompt,tool_family,2,19,edit → read,345,0.0036552418286804047,94385
project,agentsight,ALL,same_prompt,tool_family,2,20,search → search,233,0.0024686125973406793,94385
project,agentsight,ALL,same_prompt,tool_family,2,21,task → task,229,0.002426232981935689,94385
project,agentsight,ALL,same_prompt,tool_family,2,22,task → coordination,194,0.002055411347142025,94385
project,agentsight,ALL,same_prompt,tool_family,2,23,coordination → task,104,0.001101870000529745,94385
project,agentsight,ALL,same_prompt,tool_family,2,24,fetch → fetch,103,0.0010912750966784977,94385
project,agentsight,ALL,same_prompt,tool_family,2,25,wait/control → coordination,95,0.0010065158658685172,94385
project,agentsight,ALL,same_prompt,tool_family,2,26,plan/goal → edit,59,0.0006250993272236055,94385
project,agentsight,ALL,same_prompt,tool_family,2,27,wait/control → edit,57,0.0006039095195211104,94385
project,agentsight,ALL,same_prompt,tool_family,2,28,task → read,55,0.0005827197118186152,94385
project,agentsight,ALL,same_prompt,tool_family,2,29,plan/goal → plan/goal,50,0.0005297451925623775,94385
project,agentsight,ALL,same_prompt,tool_family,2,30,edit → plan/goal,48,0.0005085553848598824,94385
project,agentsight,ALL,same_prompt,tool_family,3,1,shell → shell → shell,52997,0.5781154551007941,91672
project,agentsight,ALL,same_prompt,tool_family,3,2,shell → wait/control → shell,3211,0.035027052971463475,91672
project,agentsight,ALL,same_prompt,tool_family,3,3,coordination → coordination → coordination,2538,0.027685661925124356,91672
project,agentsight,ALL,same_prompt,tool_family,3,4,edit → shell → shell,2146,0.02340954708089711,91672
project,agentsight,ALL,same_prompt,tool_family,3,5,edit → edit → edit,2057,0.02243869447595776,91672
project,agentsight,ALL,same_prompt,tool_family,3,6,shell → shell → edit,1998,0.02179509555807662,91672
project,agentsight,ALL,same_prompt,tool_family,3,7,shell → shell → wait/control,1827,0.019929749541844836,91672
project,agentsight,ALL,same_prompt,tool_family,3,8,wait/control → shell → wait/control,1802,0.019657038135963,91672
project,agentsight,ALL,same_prompt,tool_family,3,9,wait/control → shell → shell,1742,0.019002530761846582,91672
project,agentsight,ALL,same_prompt,tool_family,3,10,shell → edit → shell,1386,0.015119120342089188,91672
project,agentsight,ALL,same_prompt,tool_family,3,11,coordination → shell → shell,1318,0.014377345318090583,91672
project,agentsight,ALL,same_prompt,tool_family,3,12,shell → shell → coordination,1301,0.014191901562090933,91672
project,agentsight,ALL,same_prompt,tool_family,3,13,edit → edit → shell,1184,0.012915612182563924,91672
project,agentsight,ALL,same_prompt,tool_family,3,14,shell → edit → edit,1083,0.011813858102801292,91672
project,agentsight,ALL,same_prompt,tool_family,3,15,coordination → coordination → shell,1023,0.011159350728684876,91672
project,agentsight,ALL,same_prompt,tool_family,3,16,read → read → read,933,0.010177589667510254,91672
project,agentsight,ALL,same_prompt,tool_family,3,17,shell → coordination → coordination,932,0.01016668121127498,91672
project,agentsight,ALL,same_prompt,tool_family,3,18,shell → coordination → shell,895,0.009763068330569858,91672
project,agentsight,ALL,same_prompt,tool_family,3,19,coordination → shell → coordination,624,0.006806876690810717,91672
project,agentsight,ALL,same_prompt,tool_family,3,20,plan/goal → shell → shell,535,0.005836024085871368,91672
project,agentsight,ALL,same_prompt,tool_family,3,21,shell → shell → plan/goal,506,0.005519678855048433,91672
project,agentsight,ALL,same_prompt,tool_family,3,22,edit → shell → edit,503,0.005486953486342613,91672
project,agentsight,ALL,same_prompt,tool_family,3,23,wait/control → wait/control → wait/control,490,0.005345143555284056,91672
project,agentsight,ALL,same_prompt,tool_family,3,24,shell → shell → read,474,0.0051706082555196785,91672
project,agentsight,ALL,same_prompt,tool_family,3,25,shell → shell → task,443,0.004832446112226198,91672
project,agentsight,ALL,same_prompt,tool_family,3,26,read → shell → shell,414,0.004516100881403264,91672
project,agentsight,ALL,same_prompt,tool_family,3,27,shell → wait/control → wait/control,404,0.004407016319050528,91672
project,agentsight,ALL,same_prompt,tool_family,3,28,shell → plan/goal → shell,386,0.0042106641068156035,91672
project,agentsight,ALL,same_prompt,tool_family,3,29,wait/control → wait/control → shell,373,0.004068854175757047,91672
project,agentsight,ALL,same_prompt,tool_family,3,30,shell → read → read,343,0.0037416004886988395,91672
project,agentsight,ALL,same_prompt,tool_family,4,1,shell → shell → shell → shell,46676,0.5227343994982753,89292
project,agentsight,ALL,same_prompt,tool_family,4,2,coordination → coordination → coordination → coordination,1882,0.021076916185100568,89292
project,agentsight,ALL,same_prompt,tool_family,4,3,edit → shell → shell → shell,1684,0.01885947229315056,89292
project,agentsight,ALL,same_prompt,tool_family,4,4,shell → wait/control → shell → wait/control,1679,0.018803476235273037,89292
project,agentsight,ALL,same_prompt,tool_family,4,5,wait/control → shell → wait/control → shell,1679,0.018803476235273037,89292
project,agentsight,ALL,same_prompt,tool_family,4,6,shell → shell → shell → edit,1636,0.018321910137526317,89292
project,agentsight,ALL,same_prompt,tool_family,4,7,shell → wait/control → shell → shell,1467,0.01642924338126596,89292
project,agentsight,ALL,same_prompt,tool_family,4,8,shell → shell → wait/control → shell,1457,0.01631725126551091,89292
project,agentsight,ALL,same_prompt,tool_family,4,9,edit → edit → edit → edit,1330,0.014894951395421763,89292
project,agentsight,ALL,same_prompt,tool_family,4,10,shell → edit → shell → shell,1093,0.012240738252027056,89292
project,agentsight,ALL,same_prompt,tool_family,4,11,shell → shell → edit → shell,1077,0.012061550866818977,89292
project,agentsight,ALL,same_prompt,tool_family,4,12,shell → shell → shell → wait/control,1075,0.012039152443667966,89292
project,agentsight,ALL,same_prompt,tool_family,4,13,wait/control → shell → shell → shell,1039,0.011635980826949784,89292
project,agentsight,ALL,same_prompt,tool_family,4,14,coordination → shell → shell → shell,1020,0.011423195807015186,89292
project,agentsight,ALL,same_prompt,tool_family,4,15,shell → shell → shell → coordination,994,0.011132016306052053,89292
project,agentsight,ALL,same_prompt,tool_family,4,16,edit → edit → shell → shell,875,0.009799310128566949,89292
project,agentsight,ALL,same_prompt,tool_family,4,17,shell → shell → edit → edit,842,0.00942973614657528,89292
project,agentsight,ALL,same_prompt,tool_family,4,18,read → read → read → read,653,0.00731308515880482,89292
project,agentsight,ALL,same_prompt,tool_family,4,19,coordination → coordination → shell → shell,649,0.0072682883125028,89292
project,agentsight,ALL,same_prompt,tool_family,4,20,shell → shell → coordination → shell,641,0.007178694619898759,89292
project,agentsight,ALL,same_prompt,tool_family,4,21,wait/control → shell → shell → wait/control,635,0.007111499350445728,89292
project,agentsight,ALL,same_prompt,tool_family,4,22,coordination → coordination → coordination → shell,621,0.006954710388388657,89292
project,agentsight,ALL,same_prompt,tool_family,4,23,edit → edit → edit → shell,621,0.006954710388388657,89292
project,agentsight,ALL,same_prompt,tool_family,4,24,shell → coordination → shell → shell,595,0.006663530887425525,89292
project,agentsight,ALL,same_prompt,tool_family,4,25,shell → edit → edit → edit,566,0.0063387537517358775,89292
project,agentsight,ALL,same_prompt,tool_family,4,26,shell → coordination → coordination → coordination,537,0.00601397661604623,89292
project,agentsight,ALL,same_prompt,tool_family,4,27,plan/goal → shell → shell → shell,518,0.005801191596111634,89292
project,agentsight,ALL,same_prompt,tool_family,4,28,shell → edit → edit → shell,488,0.0054652152488464814,89292
project,agentsight,ALL,same_prompt,tool_family,4,29,shell → shell → coordination → coordination,478,0.00535322313309143,89292
project,agentsight,ALL,same_prompt,tool_family,4,30,shell → shell → shell → plan/goal,465,0.0052076333826098645,89292
project_vendor,agentsight,claude,full_stream,hybrid_shell,2,1,shell:search/text → shell:search/text,1963,0.16055946343857352,12226
project_vendor,agentsight,claude,full_stream,hybrid_shell,2,2,read → read,1620,0.13250449860952068,12226
project_vendor,agentsight,claude,full_stream,hybrid_shell,2,3,shell:git/repository → shell:git/repository,936,0.07655815475216751,12226
project_vendor,agentsight,claude,full_stream,hybrid_shell,2,4,edit → edit,919,0.07516767544577131,12226
project_vendor,agentsight,claude,full_stream,hybrid_shell,2,5,read → edit,739,0.060444953378046784,12226
project_vendor,agentsight,claude,full_stream,hybrid_shell,2,6,shell:search/text → read,692,0.05660068706036316,12226
project_vendor,agentsight,claude,full_stream,hybrid_shell,2,7,read → shell:search/text,550,0.044986095206936035,12226
project_vendor,agentsight,claude,full_stream,hybrid_shell,2,8,edit → read,451,0.03688859806968755,12226
project_vendor,agentsight,claude,full_stream,hybrid_shell,2,9,shell:filesystem/navigation → shell:filesystem/navigation,381,0.03116309504335024,12226
project_vendor,agentsight,claude,full_stream,hybrid_shell,2,10,edit → shell:search/text,278,0.02273842630459676,12226
project_vendor,agentsight,claude,full_stream,hybrid_shell,2,11,search → search,226,0.0184851954850319,12226
project_vendor,agentsight,claude,full_stream,hybrid_shell,2,12,shell:filesystem/navigation → shell:search/text,186,0.015213479469982005,12226
project_vendor,agentsight,claude,full_stream,hybrid_shell,2,13,shell:search/text → shell:filesystem/navigation,186,0.015213479469982005,12226
project_vendor,agentsight,claude,full_stream,hybrid_shell,2,14,task → task,150,0.012268935056437101,12226
project_vendor,agentsight,claude,full_stream,hybrid_shell,2,15,shell:filesystem/navigation → read,142,0.011614591853427123,12226
project_vendor,agentsight,claude,full_stream,hybrid_shell,2,16,shell:search/text → edit,139,0.01136921315229838,12226
project_vendor,agentsight,claude,full_stream,hybrid_shell,2,17,read → shell:filesystem/navigation,135,0.01104204155079339,12226
project_vendor,agentsight,claude,full_stream,hybrid_shell,2,18,edit → shell:build/check,126,0.010305905447407166,12226
project_vendor,agentsight,claude,full_stream,hybrid_shell,2,19,shell:git/repository → shell:search/text,102,0.008342875838377228,12226
project_vendor,agentsight,claude,full_stream,hybrid_shell,2,20,fetch → fetch,100,0.008179290037624734,12226
project_vendor,agentsight,claude,full_stream,hybrid_shell,2,21,task → read,94,0.00768853263536725,12226
project_vendor,agentsight,claude,full_stream,hybrid_shell,2,22,shell:filesystem/navigation → shell:git/repository,74,0.006052674627842303,12226
project_vendor,agentsight,claude,full_stream,hybrid_shell,2,23,shell:git/repository → read,74,0.006052674627842303,12226
project_vendor,agentsight,claude,full_stream,hybrid_shell,2,24,shell:git/repository → shell:filesystem/navigation,74,0.006052674627842303,12226
project_vendor,agentsight,claude,full_stream,hybrid_shell,2,25,shell:search/text → shell:git/repository,73,0.005970881727466056,12226
project_vendor,agentsight,claude,full_stream,hybrid_shell,2,26,read → shell:git/repository,50,0.004089645018812367,12226
project_vendor,agentsight,claude,full_stream,hybrid_shell,2,27,write → write,48,0.003926059218059872,12226
project_vendor,agentsight,claude,full_stream,hybrid_shell,2,28,edit → shell:filesystem/navigation,45,0.0036806805169311303,12226
project_vendor,agentsight,claude,full_stream,hybrid_shell,2,29,shell:test → shell:search/text,42,0.0034353018158023883,12226
project_vendor,agentsight,claude,full_stream,hybrid_shell,2,30,shell:build/check → shell:search/text,41,0.003353508915426141,12226
project_vendor,agentsight,claude,full_stream,hybrid_shell,3,1,shell:search/text → shell:search/text → shell:search/text,1322,0.1106276150627615,11950
project_vendor,agentsight,claude,full_stream,hybrid_shell,3,2,read → read → read,1006,0.08418410041841004,11950
project_vendor,agentsight,claude,full_stream,hybrid_shell,3,3,shell:git/repository → shell:git/repository → shell:git/repository,732,0.06125523012552301,11950
project_vendor,agentsight,claude,full_stream,hybrid_shell,3,4,edit → edit → edit,602,0.0503765690376569,11950
project_vendor,agentsight,claude,full_stream,hybrid_shell,3,5,shell:search/text → shell:search/text → read,329,0.027531380753138074,11950
project_vendor,agentsight,claude,full_stream,hybrid_shell,3,6,edit → read → edit,316,0.026443514644351466,11950
project_vendor,agentsight,claude,full_stream,hybrid_shell,3,7,read → edit → read,291,0.024351464435146443,11950
project_vendor,agentsight,claude,full_stream,hybrid_shell,3,8,shell:search/text → read → read,282,0.023598326359832635,11950
project_vendor,agentsight,claude,full_stream,hybrid_shell,3,9,read → shell:search/text → shell:search/text,281,0.023514644351464435,11950
project_vendor,agentsight,claude,full_stream,hybrid_shell,3,10,read → read → shell:search/text,254,0.021255230125523012,11950
project_vendor,agentsight,claude,full_stream,hybrid_shell,3,11,shell:search/text → read → shell:search/text,212,0.017740585774058577,11950
project_vendor,agentsight,claude,full_stream,hybrid_shell,3,12,read → shell:search/text → read,204,0.01707112970711297,11950
project_vendor,agentsight,claude,full_stream,hybrid_shell,3,13,read → edit → edit,201,0.01682008368200837,11950
project_vendor,agentsight,claude,full_stream,hybrid_shell,3,14,read → read → edit,195,0.016317991631799162,11950
project_vendor,agentsight,claude,full_stream,hybrid_shell,3,15,shell:filesystem/navigation → shell:filesystem/navigation → shell:filesystem/navigation,188,0.015732217573221758,11950
project_vendor,agentsight,claude,full_stream,hybrid_shell,3,16,search → search → search,181,0.015146443514644352,11950
project_vendor,agentsight,claude,full_stream,hybrid_shell,3,17,shell:search/text → read → edit,126,0.010543933054393306,11950
project_vendor,agentsight,claude,full_stream,hybrid_shell,3,18,edit → edit → read,125,0.010460251046025104,11950
project_vendor,agentsight,claude,full_stream,hybrid_shell,3,19,read → edit → shell:search/text,117,0.009790794979079498,11950
project_vendor,agentsight,claude,full_stream,hybrid_shell,3,20,edit → read → read,103,0.008619246861924687,11950
project_vendor,agentsight,claude,full_stream,hybrid_shell,3,21,edit → edit → shell:search/text,99,0.008284518828451883,11950
project_vendor,agentsight,claude,full_stream,hybrid_shell,3,22,edit → shell:search/text → shell:search/text,95,0.007949790794979079,11950
project_vendor,agentsight,claude,full_stream,hybrid_shell,3,23,task → task → task,95,0.007949790794979079,11950
project_vendor,agentsight,claude,full_stream,hybrid_shell,3,24,shell:search/text → shell:search/text → shell:filesystem/navigation,89,0.007447698744769874,11950
project_vendor,agentsight,claude,full_stream,hybrid_shell,3,25,shell:filesystem/navigation → shell:search/text → shell:search/text,88,0.007364016736401673,11950
project_vendor,agentsight,claude,full_stream,hybrid_shell,3,26,edit → shell:search/text → read,81,0.0067782426778242675,11950
project_vendor,agentsight,claude,full_stream,hybrid_shell,3,27,shell:git/repository → shell:git/repository → shell:search/text,68,0.005690376569037657,11950
project_vendor,agentsight,claude,full_stream,hybrid_shell,3,28,fetch → fetch → fetch,67,0.005606694560669456,11950
project_vendor,agentsight,claude,full_stream,hybrid_shell,3,29,shell:filesystem/navigation → read → read,64,0.005355648535564854,11950
project_vendor,agentsight,claude,full_stream,hybrid_shell,3,30,read → edit → shell:build/check,61,0.005104602510460251,11950
project_vendor,agentsight,claude,full_stream,hybrid_shell,4,1,shell:search/text → shell:search/text → shell:search/text → shell:search/text,970,0.08303372710152371,11682
project_vendor,agentsight,claude,full_stream,hybrid_shell,4,2,read → read → read → read,704,0.060263653483992465,11682
project_vendor,agentsight,claude,full_stream,hybrid_shell,4,3,shell:git/repository → shell:git/repository → shell:git/repository → shell:git/repository,594,0.05084745762711865,11682
project_vendor,agentsight,claude,full_stream,hybrid_shell,4,4,edit → edit → edit → edit,425,0.03638075671973977,11682
project_vendor,agentsight,claude,full_stream,hybrid_shell,4,5,read → edit → read → edit,218,0.018661188152713577,11682
project_vendor,agentsight,claude,full_stream,hybrid_shell,4,6,shell:search/text → shell:search/text → shell:search/text → read,177,0.015151515151515152,11682
project_vendor,agentsight,claude,full_stream,hybrid_shell,4,7,read → shell:search/text → shell:search/text → shell:search/text,170,0.014552302687895908,11682
project_vendor,agentsight,claude,full_stream,hybrid_shell,4,8,edit → read → edit → read,155,0.013268275980140387,11682
project_vendor,agentsight,claude,full_stream,hybrid_shell,4,9,search → search → search → search,147,0.012583461736004109,11682
project_vendor,agentsight,claude,full_stream,hybrid_shell,4,10,shell:search/text → read → read → read,146,0.012497859955487075,11682
project_vendor,agentsight,claude,full_stream,hybrid_shell,4,11,read → read → read → shell:search/text,137,0.011727443930833761,11682
project_vendor,agentsight,claude,full_stream,hybrid_shell,4,12,shell:search/text → shell:search/text → read → read,136,0.011641842150316727,11682
project_vendor,agentsight,claude,full_stream,hybrid_shell,4,13,read → read → shell:search/text → shell:search/text,128,0.010957027906180448,11682
project_vendor,agentsight,claude,full_stream,hybrid_shell,4,14,shell:search/text → shell:search/text → read → shell:search/text,119,0.010186611881527136,11682
project_vendor,agentsight,claude,full_stream,hybrid_shell,4,15,shell:search/text → read → shell:search/text → shell:search/text,115,0.009844204759458996,11682
project_vendor,agentsight,claude,full_stream,hybrid_shell,4,16,read → edit → edit → edit,105,0.008988186954288649,11682
project_vendor,agentsight,claude,full_stream,hybrid_shell,4,17,read → read → shell:search/text → read,104,0.008902585173771614,11682
project_vendor,agentsight,claude,full_stream,hybrid_shell,4,18,shell:filesystem/navigation → shell:filesystem/navigation → shell:filesystem/navigation → shell:filesystem/navigation,101,0.00864577983222051,11682
project_vendor,agentsight,claude,full_stream,hybrid_shell,4,19,read → shell:search/text → read → read,98,0.008388974490669407,11682
project_vendor,agentsight,claude,full_stream,hybrid_shell,4,20,shell:search/text → read → read → shell:search/text,81,0.006933744221879815,11682
project_vendor,agentsight,claude,full_stream,hybrid_shell,4,21,read → shell:search/text → shell:search/text → read,80,0.00684814244136278,11682
project_vendor,agentsight,claude,full_stream,hybrid_shell,4,22,read → read → edit → edit,78,0.00667693888032871,11682
project_vendor,agentsight,claude,full_stream,hybrid_shell,4,23,edit → edit → read → edit,74,0.0063345317582605715,11682
project_vendor,agentsight,claude,full_stream,hybrid_shell,4,24,edit → read → read → edit,72,0.0061633281972265025,11682
project_vendor,agentsight,claude,full_stream,hybrid_shell,4,25,read → read → edit → read,68,0.005820921075158364,11682
project_vendor,agentsight,claude,full_stream,hybrid_shell,4,26,read → shell:search/text → read → shell:search/text,68,0.005820921075158364,11682
project_vendor,agentsight,claude,full_stream,hybrid_shell,4,27,shell:search/text → read → shell:search/text → read,68,0.005820921075158364,11682
project_vendor,agentsight,claude,full_stream,hybrid_shell,4,28,edit → edit → edit → read,67,0.005735319294641329,11682
project_vendor,agentsight,claude,full_stream,hybrid_shell,4,29,read → read → read → edit,66,0.005649717514124294,11682
project_vendor,agentsight,claude,full_stream,hybrid_shell,4,30,task → task → task → task,61,0.00522170861153912,11682
project_vendor,agentsight,claude,full_stream,tool_family,2,1,shell → shell,4730,0.3868804187796499,12226
project_vendor,agentsight,claude,full_stream,tool_family,2,2,read → read,1620,0.13250449860952068,12226
project_vendor,agentsight,claude,full_stream,tool_family,2,3,shell → read,989,0.08089317847210863,12226
project_vendor,agentsight,claude,full_stream,tool_family,2,4,edit → edit,919,0.07516767544577131,12226
project_vendor,agentsight,claude,full_stream,tool_family,2,5,read → shell,767,0.06273515458858171,12226
project_vendor,agentsight,claude,full_stream,tool_family,2,6,read → edit,739,0.060444953378046784,12226
project_vendor,agentsight,claude,full_stream,tool_family,2,7,edit → shell,512,0.04187796499263864,12226
project_vendor,agentsight,claude,full_stream,tool_family,2,8,edit → read,451,0.03688859806968755,12226
project_vendor,agentsight,claude,full_stream,tool_family,2,9,search → search,226,0.0184851954850319,12226
project_vendor,agentsight,claude,full_stream,tool_family,2,10,shell → edit,210,0.017176509079011942,12226
project_vendor,agentsight,claude,full_stream,tool_family,2,11,task → task,150,0.012268935056437101,12226
project_vendor,agentsight,claude,full_stream,tool_family,2,12,fetch → fetch,100,0.008179290037624734,12226
project_vendor,agentsight,claude,full_stream,tool_family,2,13,task → read,94,0.00768853263536725,12226
project_vendor,agentsight,claude,full_stream,tool_family,2,14,shell → task,79,0.00646163912972354,12226
project_vendor,agentsight,claude,full_stream,tool_family,2,15,task → shell,52,0.0042532308195648615,12226
project_vendor,agentsight,claude,full_stream,tool_family,2,16,write → write,48,0.003926059218059872,12226
project_vendor,agentsight,claude,full_stream,tool_family,2,17,shell → write,42,0.0034353018158023883,12226
project_vendor,agentsight,claude,full_stream,tool_family,2,18,search → fetch,39,0.0031899231146736463,12226
project_vendor,agentsight,claude,full_stream,tool_family,2,19,fetch → search,35,0.002862751513168657,12226
project_vendor,agentsight,claude,full_stream,tool_family,2,20,write → shell,35,0.002862751513168657,12226
project_vendor,agentsight,claude,full_stream,tool_family,2,21,read → write,34,0.0027809586127924097,12226
project_vendor,agentsight,claude,full_stream,tool_family,2,22,write → task,22,0.0017994438082774415,12226
project_vendor,agentsight,claude,full_stream,tool_family,2,23,tool discovery → search,20,0.0016358580075249468,12226
project_vendor,agentsight,claude,full_stream,tool_family,2,24,skill → read,19,0.0015540651071486995,12226
project_vendor,agentsight,claude,full_stream,tool_family,2,25,task → edit,17,0.0013904793063962049,12226
project_vendor,agentsight,claude,full_stream,tool_family,2,26,search → read,15,0.0012268935056437102,12226
project_vendor,agentsight,claude,full_stream,tool_family,2,27,task → skill,14,0.0011451006052674627,12226
project_vendor,agentsight,claude,full_stream,tool_family,2,28,write → read,12,0.000981514804514968,12226
project_vendor,agentsight,claude,full_stream,tool_family,2,29,edit → task,11,0.0008997219041387207,12226
project_vendor,agentsight,claude,full_stream,tool_family,2,30,fetch → shell,11,0.0008997219041387207,12226
project_vendor,agentsight,claude,full_stream,tool_family,3,1,shell → shell → shell,3802,0.31815899581589957,11950
project_vendor,agentsight,claude,full_stream,tool_family,3,2,read → read → read,1006,0.08418410041841004,11950
project_vendor,agentsight,claude,full_stream,tool_family,3,3,edit → edit → edit,602,0.0503765690376569,11950
project_vendor,agentsight,claude,full_stream,tool_family,3,4,shell → shell → read,594,0.049707112970711294,11950
project_vendor,agentsight,claude,full_stream,tool_family,3,5,read → shell → shell,467,0.03907949790794979,11950
project_vendor,agentsight,claude,full_stream,tool_family,3,6,shell → read → read,405,0.033891213389121336,11950
project_vendor,agentsight,claude,full_stream,tool_family,3,7,shell → read → shell,358,0.0299581589958159,11950
project_vendor,agentsight,claude,full_stream,tool_family,3,8,read → read → shell,339,0.028368200836820085,11950
project_vendor,agentsight,claude,full_stream,tool_family,3,9,edit → read → edit,316,0.026443514644351466,11950
project_vendor,agentsight,claude,full_stream,tool_family,3,10,read → edit → read,291,0.024351464435146443,11950
project_vendor,agentsight,claude,full_stream,tool_family,3,11,edit → shell → shell,263,0.02200836820083682,11950
project_vendor,agentsight,claude,full_stream,tool_family,3,12,read → shell → read,245,0.020502092050209204,11950
project_vendor,agentsight,claude,full_stream,tool_family,3,13,read → edit → shell,238,0.0199163179916318,11950
project_vendor,agentsight,claude,full_stream,tool_family,3,14,read → edit → edit,201,0.01682008368200837,11950
project_vendor,agentsight,claude,full_stream,tool_family,3,15,read → read → edit,195,0.016317991631799162,11950
project_vendor,agentsight,claude,full_stream,tool_family,3,16,shell → read → edit,187,0.015648535564853558,11950
project_vendor,agentsight,claude,full_stream,tool_family,3,17,search → search → search,181,0.015146443514644352,11950
project_vendor,agentsight,claude,full_stream,tool_family,3,18,edit → edit → shell,177,0.014811715481171548,11950
project_vendor,agentsight,claude,full_stream,tool_family,3,19,edit → edit → read,125,0.010460251046025104,11950
project_vendor,agentsight,claude,full_stream,tool_family,3,20,edit → shell → read,115,0.009623430962343096,11950
project_vendor,agentsight,claude,full_stream,tool_family,3,21,edit → read → read,103,0.008619246861924687,11950
project_vendor,agentsight,claude,full_stream,tool_family,3,22,shell → shell → edit,102,0.008535564853556485,11950
project_vendor,agentsight,claude,full_stream,tool_family,3,23,task → task → task,95,0.007949790794979079,11950
project_vendor,agentsight,claude,full_stream,tool_family,3,24,shell → edit → shell,89,0.007447698744769874,11950
project_vendor,agentsight,claude,full_stream,tool_family,3,25,shell → edit → edit,87,0.007280334728033473,11950
project_vendor,agentsight,claude,full_stream,tool_family,3,26,edit → shell → edit,82,0.0068619246861924684,11950
project_vendor,agentsight,claude,full_stream,tool_family,3,27,fetch → fetch → fetch,67,0.005606694560669456,11950
project_vendor,agentsight,claude,full_stream,tool_family,3,28,task → read → read,42,0.003514644351464435,11950
project_vendor,agentsight,claude,full_stream,tool_family,3,29,shell → shell → task,37,0.003096234309623431,11950
project_vendor,agentsight,claude,full_stream,tool_family,3,30,task → shell → shell,36,0.0030125523012552303,11950
project_vendor,agentsight,claude,full_stream,tool_family,4,1,shell → shell → shell → shell,3170,0.27135764423900016,11682
project_vendor,agentsight,claude,full_stream,tool_family,4,2,read → read → read → read,704,0.060263653483992465,11682
project_vendor,agentsight,claude,full_stream,tool_family,4,3,edit → edit → edit → edit,425,0.03638075671973977,11682
project_vendor,agentsight,claude,full_stream,tool_family,4,4,shell → shell → shell → read,405,0.03466872110939907,11682
project_vendor,agentsight,claude,full_stream,tool_family,4,5,read → shell → shell → shell,313,0.02679335730183188,11682
project_vendor,agentsight,claude,full_stream,tool_family,4,6,shell → shell → read → read,240,0.02054442732408834,11682
project_vendor,agentsight,claude,full_stream,tool_family,4,7,shell → shell → read → shell,234,0.020030816640986132,11682
project_vendor,agentsight,claude,full_stream,tool_family,4,8,shell → read → shell → shell,232,0.019859613079952064,11682
project_vendor,agentsight,claude,full_stream,tool_family,4,9,read → edit → read → edit,218,0.018661188152713577,11682
project_vendor,agentsight,claude,full_stream,tool_family,4,10,shell → read → read → read,208,0.01780517034754323,11682
project_vendor,agentsight,claude,full_stream,tool_family,4,11,read → read → shell → shell,194,0.01660674542030474,11682
project_vendor,agentsight,claude,full_stream,tool_family,4,12,read → read → read → shell,185,0.015836329395651428,11682
project_vendor,agentsight,claude,full_stream,tool_family,4,13,edit → shell → shell → shell,173,0.014809108029447012,11682
project_vendor,agentsight,claude,full_stream,tool_family,4,14,edit → read → edit → read,155,0.013268275980140387,11682
project_vendor,agentsight,claude,full_stream,tool_family,4,15,search → search → search → search,147,0.012583461736004109,11682
project_vendor,agentsight,claude,full_stream,tool_family,4,16,shell → read → read → shell,130,0.011128231467214518,11682
project_vendor,agentsight,claude,full_stream,tool_family,4,17,read → read → shell → read,125,0.010700222564629344,11682
project_vendor,agentsight,claude,full_stream,tool_family,4,18,read → edit → shell → shell,124,0.01061462078411231,11682
project_vendor,agentsight,claude,full_stream,tool_family,4,19,read → shell → read → read,120,0.01027221366204417,11682
project_vendor,agentsight,claude,full_stream,tool_family,4,20,read → shell → shell → read,117,0.010015408320493066,11682
project_vendor,agentsight,claude,full_stream,tool_family,4,21,read → edit → edit → edit,105,0.008988186954288649,11682
project_vendor,agentsight,claude,full_stream,tool_family,4,22,read → shell → read → shell,102,0.008731381612737545,11682
project_vendor,agentsight,claude,full_stream,tool_family,4,23,edit → read → edit → shell,100,0.008560178051703475,11682
project_vendor,agentsight,claude,full_stream,tool_family,4,24,edit → edit → edit → shell,98,0.008388974490669407,11682
project_vendor,agentsight,claude,full_stream,tool_family,4,25,shell → read → shell → read,97,0.00830337271015237,11682
project_vendor,agentsight,claude,full_stream,tool_family,4,26,shell → shell → read → edit,95,0.008132169149118301,11682
project_vendor,agentsight,claude,full_stream,tool_family,4,27,edit → edit → shell → shell,84,0.007190549563430919,11682
project_vendor,agentsight,claude,full_stream,tool_family,4,28,shell → read → edit → shell,84,0.007190549563430919,11682
project_vendor,agentsight,claude,full_stream,tool_family,4,29,read → read → edit → edit,78,0.00667693888032871,11682
project_vendor,agentsight,claude,full_stream,tool_family,4,30,edit → edit → read → edit,74,0.0063345317582605715,11682
project_vendor,agentsight,claude,same_prompt,hybrid_shell,2,1,shell:search/text → shell:search/text,1890,0.17070086705202311,11072
project_vendor,agentsight,claude,same_prompt,hybrid_shell,2,2,read → read,1530,0.1381864161849711,11072
project_vendor,agentsight,claude,same_prompt,hybrid_shell,2,3,shell:git/repository → shell:git/repository,859,0.07758309248554913,11072
project_vendor,agentsight,claude,same_prompt,hybrid_shell,2,4,edit → edit,826,0.07460260115606937,11072
project_vendor,agentsight,claude,same_prompt,hybrid_shell,2,5,read → edit,654,0.05906791907514451,11072
project_vendor,agentsight,claude,same_prompt,hybrid_shell,2,6,shell:search/text → read,623,0.05626806358381503,11072
project_vendor,agentsight,claude,same_prompt,hybrid_shell,2,7,read → shell:search/text,524,0.04732658959537572,11072
project_vendor,agentsight,claude,same_prompt,hybrid_shell,2,8,shell:filesystem/navigation → shell:filesystem/navigation,366,0.03305635838150289,11072
project_vendor,agentsight,claude,same_prompt,hybrid_shell,2,9,edit → read,345,0.031159682080924855,11072
project_vendor,agentsight,claude,same_prompt,hybrid_shell,2,10,edit → shell:search/text,237,0.02140534682080925,11072
project_vendor,agentsight,claude,same_prompt,hybrid_shell,2,11,search → search,225,0.020321531791907516,11072
project_vendor,agentsight,claude,same_prompt,hybrid_shell,2,12,shell:search/text → shell:filesystem/navigation,168,0.015173410404624277,11072
project_vendor,agentsight,claude,same_prompt,hybrid_shell,2,13,shell:filesystem/navigation → shell:search/text,167,0.015083092485549133,11072
project_vendor,agentsight,claude,same_prompt,hybrid_shell,2,14,task → task,145,0.013096098265895953,11072
project_vendor,agentsight,claude,same_prompt,hybrid_shell,2,15,shell:filesystem/navigation → read,132,0.011921965317919074,11072
project_vendor,agentsight,claude,same_prompt,hybrid_shell,2,16,read → shell:filesystem/navigation,127,0.011470375722543353,11072
project_vendor,agentsight,claude,same_prompt,hybrid_shell,2,17,shell:search/text → edit,127,0.011470375722543353,11072
project_vendor,agentsight,claude,same_prompt,hybrid_shell,2,18,edit → shell:build/check,117,0.010567196531791908,11072
project_vendor,agentsight,claude,same_prompt,hybrid_shell,2,19,fetch → fetch,99,0.008941473988439306,11072
project_vendor,agentsight,claude,same_prompt,hybrid_shell,2,20,shell:git/repository → shell:search/text,87,0.007857658959537573,11072
project_vendor,agentsight,claude,same_prompt,hybrid_shell,2,21,shell:git/repository → shell:filesystem/navigation,67,0.006051300578034682,11072
project_vendor,agentsight,claude,same_prompt,hybrid_shell,2,22,shell:filesystem/navigation → shell:git/repository,66,0.005960982658959537,11072
project_vendor,agentsight,claude,same_prompt,hybrid_shell,2,23,shell:search/text → shell:git/repository,63,0.005690028901734104,11072
project_vendor,agentsight,claude,same_prompt,hybrid_shell,2,24,shell:git/repository → read,60,0.00541907514450867,11072
project_vendor,agentsight,claude,same_prompt,hybrid_shell,2,25,task → read,55,0.004967485549132948,11072
project_vendor,agentsight,claude,same_prompt,hybrid_shell,2,26,write → write,46,0.004154624277456647,11072
project_vendor,agentsight,claude,same_prompt,hybrid_shell,2,27,read → shell:git/repository,45,0.004064306358381503,11072
project_vendor,agentsight,claude,same_prompt,hybrid_shell,2,28,search → fetch,38,0.0034320809248554913,11072
project_vendor,agentsight,claude,same_prompt,hybrid_shell,2,29,shell:filesystem/navigation → shell:test,37,0.003341763005780347,11072
project_vendor,agentsight,claude,same_prompt,hybrid_shell,2,30,edit → shell:filesystem/navigation,35,0.003161127167630058,11072
project_vendor,agentsight,claude,same_prompt,hybrid_shell,3,1,shell:search/text → shell:search/text → shell:search/text,1269,0.12775596496526728,9933
project_vendor,agentsight,claude,same_prompt,hybrid_shell,3,2,read → read → read,933,0.09392932648746602,9933
project_vendor,agentsight,claude,same_prompt,hybrid_shell,3,3,shell:git/repository → shell:git/repository → shell:git/repository,637,0.06412966878083157,9933
project_vendor,agentsight,claude,same_prompt,hybrid_shell,3,4,edit → edit → edit,523,0.05265277358300614,9933
project_vendor,agentsight,claude,same_prompt,hybrid_shell,3,5,shell:search/text → shell:search/text → read,279,0.028088190878888555,9933
project_vendor,agentsight,claude,same_prompt,hybrid_shell,3,6,read → shell:search/text → shell:search/text,257,0.025873351454746802,9933
project_vendor,agentsight,claude,same_prompt,hybrid_shell,3,7,shell:search/text → read → read,249,0.02506795530051344,9933
project_vendor,agentsight,claude,same_prompt,hybrid_shell,3,8,read → read → shell:search/text,241,0.024262559146280078,9933
project_vendor,agentsight,claude,same_prompt,hybrid_shell,3,9,edit → read → edit,229,0.02305446491493003,9933
project_vendor,agentsight,claude,same_prompt,hybrid_shell,3,10,read → edit → read,192,0.019329507701600725,9933
project_vendor,agentsight,claude,same_prompt,hybrid_shell,3,11,read → shell:search/text → read,191,0.019228833182321554,9933
project_vendor,agentsight,claude,same_prompt,hybrid_shell,3,12,shell:search/text → read → shell:search/text,191,0.019228833182321554,9933
project_vendor,agentsight,claude,same_prompt,hybrid_shell,3,13,shell:filesystem/navigation → shell:filesystem/navigation → shell:filesystem/navigation,186,0.018725460585925703,9933
project_vendor,agentsight,claude,same_prompt,hybrid_shell,3,14,search → search → search,179,0.018020738950971508,9933
project_vendor,agentsight,claude,same_prompt,hybrid_shell,3,15,read → edit → edit,149,0.015000503372596397,9933
project_vendor,agentsight,claude,same_prompt,hybrid_shell,3,16,read → read → edit,146,0.014698479814758884,9933
project_vendor,agentsight,claude,same_prompt,hybrid_shell,3,17,read → edit → shell:search/text,92,0.009262055773683681,9933
project_vendor,agentsight,claude,same_prompt,hybrid_shell,3,18,shell:search/text → read → edit,92,0.009262055773683681,9933
project_vendor,agentsight,claude,same_prompt,hybrid_shell,3,19,task → task → task,88,0.008859357696566999,9933
project_vendor,agentsight,claude,same_prompt,hybrid_shell,3,20,edit → edit → shell:search/text,82,0.008255310580891977,9933
project_vendor,agentsight,claude,same_prompt,hybrid_shell,3,21,edit → edit → read,80,0.008053961542333635,9933
project_vendor,agentsight,claude,same_prompt,hybrid_shell,3,22,shell:search/text → shell:search/text → shell:filesystem/navigation,76,0.007651263465216954,9933
project_vendor,agentsight,claude,same_prompt,hybrid_shell,3,23,shell:filesystem/navigation → shell:search/text → shell:search/text,73,0.007349239907379442,9933
project_vendor,agentsight,claude,same_prompt,hybrid_shell,3,24,edit → read → read,69,0.00694654183026276,9933
project_vendor,agentsight,claude,same_prompt,hybrid_shell,3,25,edit → shell:search/text → shell:search/text,66,0.006644518272425249,9933
project_vendor,agentsight,claude,same_prompt,hybrid_shell,3,26,fetch → fetch → fetch,66,0.006644518272425249,9933
project_vendor,agentsight,claude,same_prompt,hybrid_shell,3,27,shell:filesystem/navigation → read → read,58,0.0058391221181918855,9933
project_vendor,agentsight,claude,same_prompt,hybrid_shell,3,28,edit → shell:search/text → read,55,0.005537098560354375,9933
project_vendor,agentsight,claude,same_prompt,hybrid_shell,3,29,shell:search/text → shell:filesystem/navigation → shell:filesystem/navigation,52,0.005235075002516863,9933
project_vendor,agentsight,claude,same_prompt,hybrid_shell,3,30,edit → shell:search/text → edit,50,0.005033725963958522,9933
project_vendor,agentsight,claude,same_prompt,hybrid_shell,4,1,shell:search/text → shell:search/text → shell:search/text → shell:search/text,929,0.10257259578226786,9057
project_vendor,agentsight,claude,same_prompt,hybrid_shell,4,2,read → read → read → read,653,0.07209892900518935,9057
project_vendor,agentsight,claude,same_prompt,hybrid_shell,4,3,shell:git/repository → shell:git/repository → shell:git/repository → shell:git/repository,518,0.057193331125096614,9057
project_vendor,agentsight,claude,same_prompt,hybrid_shell,4,4,edit → edit → edit → edit,355,0.03919620183283648,9057
project_vendor,agentsight,claude,same_prompt,hybrid_shell,4,5,read → shell:search/text → shell:search/text → shell:search/text,158,0.017445070111515956,9057
project_vendor,agentsight,claude,same_prompt,hybrid_shell,4,6,shell:search/text → shell:search/text → shell:search/text → read,147,0.016230539913878766,9057
project_vendor,agentsight,claude,same_prompt,hybrid_shell,4,7,search → search → search → search,145,0.0160097162415811,9057
project_vendor,agentsight,claude,same_prompt,hybrid_shell,4,8,read → edit → read → edit,144,0.015899304405432264,9057
project_vendor,agentsight,claude,same_prompt,hybrid_shell,4,9,read → read → read → shell:search/text,130,0.01435353869934857,9057
project_vendor,agentsight,claude,same_prompt,hybrid_shell,4,10,shell:search/text → read → read → read,127,0.014022303190902065,9057
project_vendor,agentsight,claude,same_prompt,hybrid_shell,4,11,read → read → shell:search/text → shell:search/text,120,0.013249420337860219,9057
project_vendor,agentsight,claude,same_prompt,hybrid_shell,4,12,shell:search/text → shell:search/text → read → read,116,0.012807772993264879,9057
project_vendor,agentsight,claude,same_prompt,hybrid_shell,4,13,shell:filesystem/navigation → shell:filesystem/navigation → shell:filesystem/navigation → shell:filesystem/navigation,101,0.01115159545103235,9057
project_vendor,agentsight,claude,same_prompt,hybrid_shell,4,14,shell:search/text → shell:search/text → read → shell:search/text,101,0.01115159545103235,9057
project_vendor,agentsight,claude,same_prompt,hybrid_shell,4,15,read → read → shell:search/text → read,100,0.011041183614883515,9057
project_vendor,agentsight,claude,same_prompt,hybrid_shell,4,16,shell:search/text → read → shell:search/text → shell:search/text,100,0.011041183614883515,9057
project_vendor,agentsight,claude,same_prompt,hybrid_shell,4,17,edit → read → edit → read,99,0.01093077177873468,9057
project_vendor,agentsight,claude,same_prompt,hybrid_shell,4,18,read → shell:search/text → read → read,87,0.009605829744948658,9057
project_vendor,agentsight,claude,same_prompt,hybrid_shell,4,19,read → edit → edit → edit,76,0.008391299547311472,9057
project_vendor,agentsight,claude,same_prompt,hybrid_shell,4,20,shell:search/text → read → read → shell:search/text,76,0.008391299547311472,9057
project_vendor,agentsight,claude,same_prompt,hybrid_shell,4,21,read → shell:search/text → shell:search/text → read,69,0.0076184166942696255,9057
project_vendor,agentsight,claude,same_prompt,hybrid_shell,4,22,read → shell:search/text → read → shell:search/text,64,0.00706635751352545,9057
project_vendor,agentsight,claude,same_prompt,hybrid_shell,4,23,shell:search/text → read → shell:search/text → read,60,0.006624710168930109,9057
project_vendor,agentsight,claude,same_prompt,hybrid_shell,4,24,read → read → edit → edit,58,0.006403886496632439,9057
project_vendor,agentsight,claude,same_prompt,hybrid_shell,4,25,task → task → task → task,54,0.0059622391520370984,9057
project_vendor,agentsight,claude,same_prompt,hybrid_shell,4,26,edit → read → read → edit,51,0.005631003643590593,9057
project_vendor,agentsight,claude,same_prompt,hybrid_shell,4,27,edit → edit → edit → read,48,0.005299768135144088,9057
project_vendor,agentsight,claude,same_prompt,hybrid_shell,4,28,shell:search/text → shell:search/text → shell:search/text → shell:filesystem/navigation,48,0.005299768135144088,9057
project_vendor,agentsight,claude,same_prompt,hybrid_shell,4,29,edit → edit → read → edit,45,0.004968532626697582,9057
project_vendor,agentsight,claude,same_prompt,hybrid_shell,4,30,edit → edit → edit → shell:search/text,44,0.004858120790548747,9057
project_vendor,agentsight,claude,same_prompt,tool_family,2,1,shell → shell,4417,0.3989342485549133,11072
project_vendor,agentsight,claude,same_prompt,tool_family,2,2,read → read,1530,0.1381864161849711,11072
project_vendor,agentsight,claude,same_prompt,tool_family,2,3,shell → read,862,0.07785404624277456,11072
project_vendor,agentsight,claude,same_prompt,tool_family,2,4,edit → edit,826,0.07460260115606937,11072
project_vendor,agentsight,claude,same_prompt,tool_family,2,5,read → shell,721,0.0651192196531792,11072
project_vendor,agentsight,claude,same_prompt,tool_family,2,6,read → edit,654,0.05906791907514451,11072
project_vendor,agentsight,claude,same_prompt,tool_family,2,7,edit → shell,444,0.04010115606936416,11072
project_vendor,agentsight,claude,same_prompt,tool_family,2,8,edit → read,345,0.031159682080924855,11072
project_vendor,agentsight,claude,same_prompt,tool_family,2,9,search → search,225,0.020321531791907516,11072
project_vendor,agentsight,claude,same_prompt,tool_family,2,10,shell → edit,185,0.016708815028901734,11072
project_vendor,agentsight,claude,same_prompt,tool_family,2,11,task → task,145,0.013096098265895953,11072
project_vendor,agentsight,claude,same_prompt,tool_family,2,12,fetch → fetch,99,0.008941473988439306,11072
project_vendor,agentsight,claude,same_prompt,tool_family,2,13,shell → task,61,0.005509393063583815,11072
project_vendor,agentsight,claude,same_prompt,tool_family,2,14,task → read,55,0.004967485549132948,11072
project_vendor,agentsight,claude,same_prompt,tool_family,2,15,write → write,46,0.004154624277456647,11072
project_vendor,agentsight,claude,same_prompt,tool_family,2,16,search → fetch,38,0.0034320809248554913,11072
project_vendor,agentsight,claude,same_prompt,tool_family,2,17,shell → write,36,0.0032514450867052024,11072
project_vendor,agentsight,claude,same_prompt,tool_family,2,18,fetch → search,35,0.003161127167630058,11072
project_vendor,agentsight,claude,same_prompt,tool_family,2,19,write → shell,31,0.0027998554913294797,11072
project_vendor,agentsight,claude,same_prompt,tool_family,2,20,read → write,29,0.0026192196531791907,11072
project_vendor,agentsight,claude,same_prompt,tool_family,2,21,task → shell,24,0.002167630057803468,11072
project_vendor,agentsight,claude,same_prompt,tool_family,2,22,tool discovery → search,20,0.0018063583815028901,11072
project_vendor,agentsight,claude,same_prompt,tool_family,2,23,write → task,20,0.0018063583815028901,11072
project_vendor,agentsight,claude,same_prompt,tool_family,2,24,skill → read,18,0.0016257225433526012,11072
project_vendor,agentsight,claude,same_prompt,tool_family,2,25,task → skill,13,0.0011741329479768787,11072
project_vendor,agentsight,claude,same_prompt,tool_family,2,26,search → read,11,0.0009934971098265895,11072
project_vendor,agentsight,claude,same_prompt,tool_family,2,27,write → read,11,0.0009934971098265895,11072
project_vendor,agentsight,claude,same_prompt,tool_family,2,28,shell → multimodal,10,0.0009031791907514451,11072
project_vendor,agentsight,claude,same_prompt,tool_family,2,29,read → search,9,0.0008128612716763006,11072
project_vendor,agentsight,claude,same_prompt,tool_family,2,30,shell → search,9,0.0008128612716763006,11072
project_vendor,agentsight,claude,same_prompt,tool_family,3,1,shell → shell → shell,3389,0.34118594583710865,9933
project_vendor,agentsight,claude,same_prompt,tool_family,3,2,read → read → read,933,0.09392932648746602,9933
project_vendor,agentsight,claude,same_prompt,tool_family,3,3,edit → edit → edit,523,0.05265277358300614,9933
project_vendor,agentsight,claude,same_prompt,tool_family,3,4,shell → shell → read,474,0.04771972213832679,9933
project_vendor,agentsight,claude,same_prompt,tool_family,3,5,read → shell → shell,414,0.041679250981576564,9933
project_vendor,agentsight,claude,same_prompt,tool_family,3,6,shell → read → read,343,0.03453136011275546,9933
project_vendor,agentsight,claude,same_prompt,tool_family,3,7,shell → read → shell,317,0.03191382261149703,9933
project_vendor,agentsight,claude,same_prompt,tool_family,3,8,read → read → shell,311,0.031309775495822006,9933
project_vendor,agentsight,claude,same_prompt,tool_family,3,9,edit → read → edit,229,0.02305446491493003,9933
project_vendor,agentsight,claude,same_prompt,tool_family,3,10,read → shell → read,226,0.02275244135709252,9933
project_vendor,agentsight,claude,same_prompt,tool_family,3,11,edit → shell → shell,198,0.019933554817275746,9933
project_vendor,agentsight,claude,same_prompt,tool_family,3,12,read → edit → read,192,0.019329507701600725,9933
project_vendor,agentsight,claude,same_prompt,tool_family,3,13,read → edit → shell,185,0.018624786066646533,9933
project_vendor,agentsight,claude,same_prompt,tool_family,3,14,search → search → search,179,0.018020738950971508,9933
project_vendor,agentsight,claude,same_prompt,tool_family,3,15,read → edit → edit,149,0.015000503372596397,9933
project_vendor,agentsight,claude,same_prompt,tool_family,3,16,read → read → edit,146,0.014698479814758884,9933
project_vendor,agentsight,claude,same_prompt,tool_family,3,17,edit → edit → shell,144,0.014497130776200544,9933
project_vendor,agentsight,claude,same_prompt,tool_family,3,18,shell → read → edit,127,0.012785663948454646,9933
project_vendor,agentsight,claude,same_prompt,tool_family,3,19,task → task → task,88,0.008859357696566999,9933
project_vendor,agentsight,claude,same_prompt,tool_family,3,20,edit → edit → read,80,0.008053961542333635,9933
project_vendor,agentsight,claude,same_prompt,tool_family,3,21,shell → shell → edit,75,0.007550588945937783,9933
project_vendor,agentsight,claude,same_prompt,tool_family,3,22,shell → edit → edit,73,0.007349239907379442,9933
project_vendor,agentsight,claude,same_prompt,tool_family,3,23,shell → edit → shell,72,0.007248565388100272,9933
project_vendor,agentsight,claude,same_prompt,tool_family,3,24,edit → read → read,69,0.00694654183026276,9933
project_vendor,agentsight,claude,same_prompt,tool_family,3,25,edit → shell → edit,67,0.00674519279170442,9933
project_vendor,agentsight,claude,same_prompt,tool_family,3,26,fetch → fetch → fetch,66,0.006644518272425249,9933
project_vendor,agentsight,claude,same_prompt,tool_family,3,27,edit → shell → read,65,0.006543843753146079,9933
project_vendor,agentsight,claude,same_prompt,tool_family,3,28,write → write → write,33,0.0033222591362126247,9933
project_vendor,agentsight,claude,same_prompt,tool_family,3,29,task → read → read,31,0.0031209100976542837,9933
project_vendor,agentsight,claude,same_prompt,tool_family,3,30,search → search → fetch,26,0.0026175375012584315,9933
project_vendor,agentsight,claude,same_prompt,tool_family,4,1,shell → shell → shell → shell,2757,0.3044054322623385,9057
project_vendor,agentsight,claude,same_prompt,tool_family,4,2,read → read → read → read,653,0.07209892900518935,9057
project_vendor,agentsight,claude,same_prompt,tool_family,4,3,edit → edit → edit → edit,355,0.03919620183283648,9057
project_vendor,agentsight,claude,same_prompt,tool_family,4,4,shell → shell → shell → read,289,0.03190902064701336,9057
project_vendor,agentsight,claude,same_prompt,tool_family,4,5,read → shell → shell → shell,277,0.030584078613227338,9057
project_vendor,agentsight,claude,same_prompt,tool_family,4,6,shell → read → shell → shell,196,0.021640719885171692,9057
project_vendor,agentsight,claude,same_prompt,tool_family,4,7,shell → shell → read → read,190,0.02097824886827868,9057
project_vendor,agentsight,claude,same_prompt,tool_family,4,8,shell → shell → read → shell,188,0.02075742519598101,9057
project_vendor,agentsight,claude,same_prompt,tool_family,4,9,shell → read → read → read,171,0.01888042398145081,9057
project_vendor,agentsight,claude,same_prompt,tool_family,4,10,read → read → read → shell,170,0.018770012145301978,9057
project_vendor,agentsight,claude,same_prompt,tool_family,4,11,read → read → shell → shell,169,0.018659600309153142,9057
project_vendor,agentsight,claude,same_prompt,tool_family,4,12,search → search → search → search,145,0.0160097162415811,9057
project_vendor,agentsight,claude,same_prompt,tool_family,4,13,read → edit → read → edit,144,0.015899304405432264,9057
project_vendor,agentsight,claude,same_prompt,tool_family,4,14,edit → shell → shell → shell,117,0.012918184829413714,9057
project_vendor,agentsight,claude,same_prompt,tool_family,4,15,read → read → shell → read,117,0.012918184829413714,9057
project_vendor,agentsight,claude,same_prompt,tool_family,4,16,shell → read → read → shell,115,0.012697361157116043,9057
project_vendor,agentsight,claude,same_prompt,tool_family,4,17,read → shell → read → read,107,0.011814066467925361,9057
project_vendor,agentsight,claude,same_prompt,tool_family,4,18,edit → read → edit → read,99,0.01093077177873468,9057
project_vendor,agentsight,claude,same_prompt,tool_family,4,19,read → shell → shell → read,98,0.010820359942585846,9057
project_vendor,agentsight,claude,same_prompt,tool_family,4,20,read → shell → read → shell,94,0.010378712597990504,9057
project_vendor,agentsight,claude,same_prompt,tool_family,4,21,read → edit → shell → shell,86,0.009495417908799823,9057
project_vendor,agentsight,claude,same_prompt,tool_family,4,22,shell → read → shell → read,84,0.009274594236502154,9057
project_vendor,agentsight,claude,same_prompt,tool_family,4,23,edit → edit → edit → shell,79,0.008722535055757978,9057
project_vendor,agentsight,claude,same_prompt,tool_family,4,24,read → edit → edit → edit,76,0.008391299547311472,9057
project_vendor,agentsight,claude,same_prompt,tool_family,4,25,edit → read → edit → shell,65,0.007176769349674285,9057
project_vendor,agentsight,claude,same_prompt,tool_family,4,26,shell → read → edit → shell,59,0.006514298332781274,9057
project_vendor,agentsight,claude,same_prompt,tool_family,4,27,shell → shell → read → edit,59,0.006514298332781274,9057
project_vendor,agentsight,claude,same_prompt,tool_family,4,28,edit → edit → shell → shell,58,0.006403886496632439,9057
project_vendor,agentsight,claude,same_prompt,tool_family,4,29,read → read → edit → edit,58,0.006403886496632439,9057
project_vendor,agentsight,claude,same_prompt,tool_family,4,30,task → task → task → task,54,0.0059622391520370984,9057
project_vendor,agentsight,codex,full_stream,hybrid_shell,2,1,shell:search/text → shell:search/text,23440,0.2784244785480116,84188
project_vendor,agentsight,codex,full_stream,hybrid_shell,2,2,shell:git/repository → shell:git/repository,5706,0.06777688031548439,84188
project_vendor,agentsight,codex,full_stream,hybrid_shell,2,3,coordination → coordination,3641,0.043248443958758966,84188
project_vendor,agentsight,codex,full_stream,hybrid_shell,2,4,edit → edit,2616,0.03107331211098969,84188
project_vendor,agentsight,codex,full_stream,hybrid_shell,2,5,shell:other → shell:other,2616,0.03107331211098969,84188
project_vendor,agentsight,codex,full_stream,hybrid_shell,2,6,shell:other → wait/control,2477,0.029422245450658052,84188
project_vendor,agentsight,codex,full_stream,hybrid_shell,2,7,shell:git/repository → shell:search/text,2470,0.029339098208770845,84188
project_vendor,agentsight,codex,full_stream,hybrid_shell,2,8,shell:search/text → shell:other,2292,0.027224782629353354,84188
project_vendor,agentsight,codex,full_stream,hybrid_shell,2,9,shell:search/text → shell:git/repository,2258,0.026820924597329786,84188
project_vendor,agentsight,codex,full_stream,hybrid_shell,2,10,shell:search/text → edit,1797,0.021345084810186724,84188
project_vendor,agentsight,codex,full_stream,hybrid_shell,2,11,wait/control → shell:other,1792,0.021285693923124436,84188
project_vendor,agentsight,codex,full_stream,hybrid_shell,2,12,shell:other → shell:search/text,1599,0.018993205682520074,84188
project_vendor,agentsight,codex,full_stream,hybrid_shell,2,13,edit → shell:search/text,1216,0.014443863733548725,84188
project_vendor,agentsight,codex,full_stream,hybrid_shell,2,14,shell:data/analysis/runtime → shell:data/analysis/runtime,1173,0.013933102104813038,84188
project_vendor,agentsight,codex,full_stream,hybrid_shell,2,15,shell:data/analysis/runtime → shell:search/text,1032,0.012258279089656482,84188
project_vendor,agentsight,codex,full_stream,hybrid_shell,2,16,coordination → shell:search/text,1018,0.012091984605882074,84188
project_vendor,agentsight,codex,full_stream,hybrid_shell,2,17,shell:search/text → shell:data/analysis/runtime,1005,0.011937568299520121,84188
project_vendor,agentsight,codex,full_stream,hybrid_shell,2,18,shell:search/text → coordination,954,0.011331781251484771,84188
project_vendor,agentsight,codex,full_stream,hybrid_shell,2,19,wait/control → wait/control,931,0.011058583170998242,84188
project_vendor,agentsight,codex,full_stream,hybrid_shell,2,20,wait/control → shell:search/text,890,0.01057157789708747,84188
project_vendor,agentsight,codex,full_stream,hybrid_shell,2,21,shell:filesystem/navigation → shell:search/text,780,0.00926497838171711,84188
project_vendor,agentsight,codex,full_stream,hybrid_shell,2,22,shell:search/text → shell:filesystem/navigation,755,0.008968023946405664,84188
project_vendor,agentsight,codex,full_stream,hybrid_shell,2,23,shell:other → shell:git/repository,511,0.006069748657765953,84188
project_vendor,agentsight,codex,full_stream,hybrid_shell,2,24,shell:test → shell:test,482,0.005725281512804675,84188
project_vendor,agentsight,codex,full_stream,hybrid_shell,2,25,edit → shell:lint/format,434,0.0051551289970066996,84188
project_vendor,agentsight,codex,full_stream,hybrid_shell,2,26,shell:git/repository → wait/control,426,0.0050601035777070365,84188
project_vendor,agentsight,codex,full_stream,hybrid_shell,2,27,shell:git/repository → shell:other,424,0.005036347222882121,84188
project_vendor,agentsight,codex,full_stream,hybrid_shell,2,28,shell:search/text → shell:process/system,401,0.0047631491423955905,84188
project_vendor,agentsight,codex,full_stream,hybrid_shell,2,29,shell:build/check → shell:search/text,387,0.004596854658621181,84188
project_vendor,agentsight,codex,full_stream,hybrid_shell,2,30,wait/control → shell:git/repository,373,0.004430560174846772,84188
project_vendor,agentsight,codex,full_stream,hybrid_shell,3,1,shell:search/text → shell:search/text → shell:search/text,17606,0.2110069752390997,83438
project_vendor,agentsight,codex,full_stream,hybrid_shell,3,2,shell:git/repository → shell:git/repository → shell:git/repository,3640,0.04362520674033414,83438
project_vendor,agentsight,codex,full_stream,hybrid_shell,3,3,coordination → coordination → coordination,2544,0.030489704930607157,83438
project_vendor,agentsight,codex,full_stream,hybrid_shell,3,4,wait/control → shell:other → wait/control,1553,0.01861262254608212,83438
project_vendor,agentsight,codex,full_stream,hybrid_shell,3,5,edit → edit → edit,1540,0.018456818236295212,83438
project_vendor,agentsight,codex,full_stream,hybrid_shell,3,6,shell:other → wait/control → shell:other,1527,0.018301013926508305,83438
project_vendor,agentsight,codex,full_stream,hybrid_shell,3,7,shell:git/repository → shell:search/text → shell:search/text,1434,0.01718641386418658,83438
project_vendor,agentsight,codex,full_stream,hybrid_shell,3,8,shell:other → shell:other → shell:other,1321,0.015832114863731154,83438
project_vendor,agentsight,codex,full_stream,hybrid_shell,3,9,shell:search/text → shell:search/text → edit,1201,0.01439392123492893,83438
project_vendor,agentsight,codex,full_stream,hybrid_shell,3,10,shell:search/text → shell:search/text → shell:git/repository,1157,0.01386658357103478,83438
project_vendor,agentsight,codex,full_stream,hybrid_shell,3,11,shell:git/repository → shell:git/repository → shell:search/text,900,0.010786452216016684,83438
project_vendor,agentsight,codex,full_stream,hybrid_shell,3,12,shell:search/text → shell:search/text → shell:other,898,0.010762482322203313,83438
project_vendor,agentsight,codex,full_stream,hybrid_shell,3,13,shell:search/text → edit → edit,851,0.010199189817589108,83438
project_vendor,agentsight,codex,full_stream,hybrid_shell,3,14,shell:search/text → shell:git/repository → shell:search/text,845,0.010127280136148997,83438
project_vendor,agentsight,codex,full_stream,hybrid_shell,3,15,shell:search/text → shell:git/repository → shell:git/repository,816,0.009779716675855126,83438
project_vendor,agentsight,codex,full_stream,hybrid_shell,3,16,shell:other → shell:search/text → shell:search/text,748,0.008964740286200533,83438
project_vendor,agentsight,codex,full_stream,hybrid_shell,3,17,shell:search/text → shell:other → shell:other,680,0.008149763896545939,83438
project_vendor,agentsight,codex,full_stream,hybrid_shell,3,18,edit → shell:search/text → shell:search/text,613,0.00734677245379803,83438
project_vendor,agentsight,codex,full_stream,hybrid_shell,3,19,edit → edit → shell:search/text,605,0.007250892878544548,83438
project_vendor,agentsight,codex,full_stream,hybrid_shell,3,20,shell:other → shell:other → shell:search/text,571,0.006843404683717251,83438
project_vendor,agentsight,codex,full_stream,hybrid_shell,3,21,shell:other → wait/control → shell:search/text,570,0.006831419736810566,83438
project_vendor,agentsight,codex,full_stream,hybrid_shell,3,22,shell:search/text → shell:search/text → shell:data/analysis/runtime,569,0.006819434789903881,83438
project_vendor,agentsight,codex,full_stream,hybrid_shell,3,23,shell:data/analysis/runtime → shell:search/text → shell:search/text,556,0.006663630480116973,83438
project_vendor,agentsight,codex,full_stream,hybrid_shell,3,24,shell:search/text → shell:other → shell:search/text,543,0.0065078261703300656,83438
project_vendor,agentsight,codex,full_stream,hybrid_shell,3,25,coordination → coordination → shell:search/text,499,0.005980488506435917,83438
project_vendor,agentsight,codex,full_stream,hybrid_shell,3,26,shell:filesystem/navigation → shell:search/text → shell:search/text,498,0.005968503559529231,83438
project_vendor,agentsight,codex,full_stream,hybrid_shell,3,27,wait/control → wait/control → wait/control,497,0.0059565186126225465,83438
project_vendor,agentsight,codex,full_stream,hybrid_shell,3,28,shell:search/text → edit → shell:search/text,470,0.0056329250461420455,83438
project_vendor,agentsight,codex,full_stream,hybrid_shell,3,29,shell:search/text → shell:other → wait/control,465,0.00557300031160862,83438
project_vendor,agentsight,codex,full_stream,hybrid_shell,3,30,shell:other → shell:search/text → shell:other,453,0.0054291809487283975,83438
project_vendor,agentsight,codex,full_stream,hybrid_shell,4,1,shell:search/text → shell:search/text → shell:search/text → shell:search/text,13913,0.16821627634235695,82709
project_vendor,agentsight,codex,full_stream,hybrid_shell,4,2,shell:git/repository → shell:git/repository → shell:git/repository → shell:git/repository,2496,0.03017809428236347,82709
project_vendor,agentsight,codex,full_stream,hybrid_shell,4,3,coordination → coordination → coordination → coordination,1888,0.02282702003409544,82709
project_vendor,agentsight,codex,full_stream,hybrid_shell,4,4,shell:other → wait/control → shell:other → wait/control,1366,0.016515735893312698,82709
project_vendor,agentsight,codex,full_stream,hybrid_shell,4,5,wait/control → shell:other → wait/control → shell:other,1092,0.013202916248534017,82709
project_vendor,agentsight,codex,full_stream,hybrid_shell,4,6,shell:git/repository → shell:search/text → shell:search/text → shell:search/text,988,0.011945495653435539,82709
project_vendor,agentsight,codex,full_stream,hybrid_shell,4,7,edit → edit → edit → edit,980,0.011848770992274117,82709
project_vendor,agentsight,codex,full_stream,hybrid_shell,4,8,shell:search/text → shell:search/text → shell:search/text → edit,846,0.010228632917820309,82709
project_vendor,agentsight,codex,full_stream,hybrid_shell,4,9,shell:other → shell:other → shell:other → shell:other,763,0.009225114558270563,82709
project_vendor,agentsight,codex,full_stream,hybrid_shell,4,10,shell:search/text → shell:search/text → shell:search/text → shell:git/repository,652,0.007883059884655841,82709
project_vendor,agentsight,codex,full_stream,hybrid_shell,4,11,shell:search/text → shell:search/text → edit → edit,621,0.007508251822655334,82709
project_vendor,agentsight,codex,full_stream,hybrid_shell,4,12,shell:search/text → shell:git/repository → shell:search/text → shell:search/text,566,0.006843269777170562,82709
project_vendor,agentsight,codex,full_stream,hybrid_shell,4,13,shell:search/text → shell:search/text → shell:git/repository → shell:search/text,525,0.006347555888718277,82709
project_vendor,agentsight,codex,full_stream,hybrid_shell,4,14,shell:search/text → shell:search/text → shell:search/text → shell:other,523,0.006323374723427922,82709
project_vendor,agentsight,codex,full_stream,hybrid_shell,4,15,shell:git/repository → shell:git/repository → shell:git/repository → shell:search/text,488,0.005900204330846703,82709
project_vendor,agentsight,codex,full_stream,hybrid_shell,4,16,shell:git/repository → shell:git/repository → shell:search/text → shell:search/text,484,0.005851842000265992,82709
project_vendor,agentsight,codex,full_stream,hybrid_shell,4,17,shell:search/text → edit → edit → edit,471,0.005694664425878683,82709
project_vendor,agentsight,codex,full_stream,hybrid_shell,4,18,shell:other → shell:search/text → shell:search/text → shell:search/text,451,0.0054528527729751294,82709
project_vendor,agentsight,codex,full_stream,hybrid_shell,4,19,shell:search/text → shell:git/repository → shell:git/repository → shell:git/repository,440,0.005319856363878175,82709
project_vendor,agentsight,codex,full_stream,hybrid_shell,4,20,shell:other → wait/control → shell:search/text → shell:other,416,0.005029682380393911,82709
project_vendor,agentsight,codex,full_stream,hybrid_shell,4,21,wait/control → shell:search/text → shell:other → wait/control,395,0.00477578014484518,82709
project_vendor,agentsight,codex,full_stream,hybrid_shell,4,22,shell:search/text → shell:search/text → shell:search/text → shell:data/analysis/runtime,376,0.0045460590745868045,82709
project_vendor,agentsight,codex,full_stream,hybrid_shell,4,23,shell:filesystem/navigation → shell:search/text → shell:search/text → shell:search/text,362,0.004376790917554317,82709
project_vendor,agentsight,codex,full_stream,hybrid_shell,4,24,edit → edit → edit → shell:search/text,344,0.004159160429941119,82709
project_vendor,agentsight,codex,full_stream,hybrid_shell,4,25,shell:search/text → shell:search/text → shell:other → shell:other,342,0.0041349792646507635,82709
project_vendor,agentsight,codex,full_stream,hybrid_shell,4,26,wait/control → wait/control → wait/control → wait/control,335,0.00405034518613452,82709
project_vendor,agentsight,codex,full_stream,hybrid_shell,4,27,shell:data/analysis/runtime → shell:search/text → shell:search/text → shell:search/text,334,0.0040382546034893425,82709
project_vendor,agentsight,codex,full_stream,hybrid_shell,4,28,edit → edit → shell:search/text → shell:search/text,331,0.0040019828555538095,82709
project_vendor,agentsight,codex,full_stream,hybrid_shell,4,29,edit → shell:search/text → shell:search/text → shell:search/text,323,0.0039052581943923876,82709
project_vendor,agentsight,codex,full_stream,hybrid_shell,4,30,shell:search/text → shell:search/text → shell:git/repository → shell:git/repository,323,0.0039052581943923876,82709
project_vendor,agentsight,codex,full_stream,tool_family,2,1,shell → shell,57492,0.6829001757970257,84188
project_vendor,agentsight,codex,full_stream,tool_family,2,2,shell → wait/control,3770,0.044780728844966027,84188
project_vendor,agentsight,codex,full_stream,tool_family,2,3,coordination → coordination,3641,0.043248443958758966,84188
project_vendor,agentsight,codex,full_stream,tool_family,2,4,wait/control → shell,3640,0.04323656578134651,84188
project_vendor,agentsight,codex,full_stream,tool_family,2,5,edit → edit,2616,0.03107331211098969,84188
project_vendor,agentsight,codex,full_stream,tool_family,2,6,edit → shell,2486,0.02952914904737017,84188
project_vendor,agentsight,codex,full_stream,tool_family,2,7,shell → edit,2420,0.028745189338147955,84188
project_vendor,agentsight,codex,full_stream,tool_family,2,8,coordination → shell,2066,0.02454031453413788,84188
project_vendor,agentsight,codex,full_stream,tool_family,2,9,shell → coordination,2049,0.024338385518126098,84188
project_vendor,agentsight,codex,full_stream,tool_family,2,10,wait/control → wait/control,931,0.011058583170998242,84188
project_vendor,agentsight,codex,full_stream,tool_family,2,11,plan/goal → shell,598,0.007103150092649784,84188
project_vendor,agentsight,codex,full_stream,tool_family,2,12,shell → plan/goal,582,0.006913099254050458,84188
project_vendor,agentsight,codex,full_stream,tool_family,2,13,shell → task,476,0.005654012448329929,84188
project_vendor,agentsight,codex,full_stream,tool_family,2,14,task → shell,404,0.004798783674632964,84188
project_vendor,agentsight,codex,full_stream,tool_family,2,15,task → coordination,195,0.0023162445954292774,84188
project_vendor,agentsight,codex,full_stream,tool_family,2,16,coordination → task,104,0.0012353304508956147,84188
project_vendor,agentsight,codex,full_stream,tool_family,2,17,wait/control → coordination,96,0.0011403050315959519,84188
project_vendor,agentsight,codex,full_stream,tool_family,2,18,task → task,84,0.000997766902646458,84188
project_vendor,agentsight,codex,full_stream,tool_family,2,19,plan/goal → plan/goal,62,0.0007364469995723857,84188
project_vendor,agentsight,codex,full_stream,tool_family,2,20,plan/goal → edit,60,0.0007126906447474699,84188
project_vendor,agentsight,codex,full_stream,tool_family,2,21,wait/control → edit,57,0.0006770561125100965,84188
project_vendor,agentsight,codex,full_stream,tool_family,2,22,edit → plan/goal,52,0.0006176652254478073,84188
project_vendor,agentsight,codex,full_stream,tool_family,2,23,coordination → wait/control,43,0.0005107616287356868,84188
project_vendor,agentsight,codex,full_stream,tool_family,2,24,coordination → plan/goal,39,0.00046324891908585547,84188
project_vendor,agentsight,codex,full_stream,tool_family,2,25,shell → multimodal,24,0.00028507625789898797,84188
project_vendor,agentsight,codex,full_stream,tool_family,2,26,coordination → edit,22,0.0002613199030740723,84188
project_vendor,agentsight,codex,full_stream,tool_family,2,27,multimodal → shell,22,0.0002613199030740723,84188
project_vendor,agentsight,codex,full_stream,tool_family,2,28,plan/goal → task,18,0.00021380719342424097,84188
project_vendor,agentsight,codex,full_stream,tool_family,2,29,wait/control → task,16,0.00019005083859932533,84188
project_vendor,agentsight,codex,full_stream,tool_family,2,30,shell → other,15,0.00017817266118686748,84188
project_vendor,agentsight,codex,full_stream,tool_family,3,1,shell → shell → shell,50764,0.6084038447709677,83438
project_vendor,agentsight,codex,full_stream,tool_family,3,2,shell → wait/control → shell,3228,0.03868740861477984,83438
project_vendor,agentsight,codex,full_stream,tool_family,3,3,coordination → coordination → coordination,2544,0.030489704930607157,83438
project_vendor,agentsight,codex,full_stream,tool_family,3,4,edit → shell → shell,1989,0.02383805939739687,83438
project_vendor,agentsight,codex,full_stream,tool_family,3,5,shell → shell → edit,1946,0.023322706680409405,83438
project_vendor,agentsight,codex,full_stream,tool_family,3,6,shell → shell → wait/control,1842,0.022076272202114146,83438
project_vendor,agentsight,codex,full_stream,tool_family,3,7,wait/control → shell → wait/control,1807,0.021656799060380164,83438
project_vendor,agentsight,codex,full_stream,tool_family,3,8,wait/control → shell → shell,1764,0.021141446343392697,83438
project_vendor,agentsight,codex,full_stream,tool_family,3,9,edit → edit → edit,1540,0.018456818236295212,83438
project_vendor,agentsight,codex,full_stream,tool_family,3,10,shell → edit → shell,1354,0.016227618111651767,83438
project_vendor,agentsight,codex,full_stream,tool_family,3,11,coordination → shell → shell,1351,0.01619166327093171,83438
project_vendor,agentsight,codex,full_stream,tool_family,3,12,shell → shell → coordination,1304,0.015628370766317505,83438
project_vendor,agentsight,codex,full_stream,tool_family,3,13,edit → edit → shell,1052,0.012608164145832833,83438
project_vendor,agentsight,codex,full_stream,tool_family,3,14,coordination → coordination → shell,1035,0.012404420048419185,83438
project_vendor,agentsight,codex,full_stream,tool_family,3,15,shell → edit → edit,1019,0.012212660897912222,83438
project_vendor,agentsight,codex,full_stream,tool_family,3,16,shell → coordination → coordination,932,0.011169970517030609,83438
project_vendor,agentsight,codex,full_stream,tool_family,3,17,shell → coordination → shell,916,0.010978211366523646,83438
project_vendor,agentsight,codex,full_stream,tool_family,3,18,coordination → shell → coordination,627,0.0075145617104916225,83438
project_vendor,agentsight,codex,full_stream,tool_family,3,19,plan/goal → shell → shell,568,0.006807449842997196,83438
project_vendor,agentsight,codex,full_stream,tool_family,3,20,shell → shell → plan/goal,560,0.0067115702677437135,83438
project_vendor,agentsight,codex,full_stream,tool_family,3,21,wait/control → wait/control → wait/control,497,0.0059565186126225465,83438
project_vendor,agentsight,codex,full_stream,tool_family,3,22,shell → plan/goal → shell,458,0.005489105683261823,83438
project_vendor,agentsight,codex,full_stream,tool_family,3,23,edit → shell → edit,437,0.005237421798221434,83438
project_vendor,agentsight,codex,full_stream,tool_family,3,24,shell → shell → task,428,0.0051295572760612675,83438
project_vendor,agentsight,codex,full_stream,tool_family,3,25,shell → wait/control → wait/control,411,0.004925813178647619,83438
project_vendor,agentsight,codex,full_stream,tool_family,3,26,wait/control → wait/control → shell,382,0.0045782497183537475,83438
project_vendor,agentsight,codex,full_stream,tool_family,3,27,task → shell → shell,298,0.0035715141781921906,83438
project_vendor,agentsight,codex,full_stream,tool_family,3,28,shell → task → shell,269,0.0032239507178983195,83438
project_vendor,agentsight,codex,full_stream,tool_family,3,29,task → coordination → coordination,148,0.00177377214218941,83438
project_vendor,agentsight,codex,full_stream,tool_family,3,30,shell → task → coordination,139,0.0016659076200292433,83438
project_vendor,agentsight,codex,full_stream,tool_family,4,1,shell → shell → shell → shell,45537,0.5505688619134556,82709
project_vendor,agentsight,codex,full_stream,tool_family,4,2,coordination → coordination → coordination → coordination,1888,0.02282702003409544,82709
project_vendor,agentsight,codex,full_stream,tool_family,4,3,wait/control → shell → wait/control → shell,1689,0.020420994087705088,82709
project_vendor,agentsight,codex,full_stream,tool_family,4,4,shell → wait/control → shell → wait/control,1683,0.02034845059183402,82709
project_vendor,agentsight,codex,full_stream,tool_family,4,5,shell → shell → shell → edit,1631,0.01971974029428478,82709
project_vendor,agentsight,codex,full_stream,tool_family,4,6,edit → shell → shell → shell,1613,0.019502109806671584,82709
project_vendor,agentsight,codex,full_stream,tool_family,4,7,shell → wait/control → shell → shell,1487,0.017978696393379196,82709
project_vendor,agentsight,codex,full_stream,tool_family,4,8,shell → shell → wait/control → shell,1472,0.01779733765370153,82709
project_vendor,agentsight,codex,full_stream,tool_family,4,9,shell → edit → shell → shell,1096,0.013251278579114727,82709
project_vendor,agentsight,codex,full_stream,tool_family,4,10,shell → shell → edit → shell,1089,0.013166644500598484,82709
project_vendor,agentsight,codex,full_stream,tool_family,4,11,shell → shell → shell → wait/control,1089,0.013166644500598484,82709
project_vendor,agentsight,codex,full_stream,tool_family,4,12,wait/control → shell → shell → shell,1064,0.012864379934469043,82709
project_vendor,agentsight,codex,full_stream,tool_family,4,13,coordination → shell → shell → shell,1053,0.012731383525372088,82709
project_vendor,agentsight,codex,full_stream,tool_family,4,14,shell → shell → shell → coordination,997,0.012054310897242139,82709
project_vendor,agentsight,codex,full_stream,tool_family,4,15,edit → edit → edit → edit,980,0.011848770992274117,82709
project_vendor,agentsight,codex,full_stream,tool_family,4,16,edit → edit → shell → shell,830,0.010035183595497467,82709
project_vendor,agentsight,codex,full_stream,tool_family,4,17,shell → shell → edit → edit,821,0.009926368351690869,82709
project_vendor,agentsight,codex,full_stream,tool_family,4,18,coordination → coordination → shell → shell,665,0.008040237459043151,82709
project_vendor,agentsight,codex,full_stream,tool_family,4,19,shell → shell → coordination → shell,654,0.007907241049946197,82709
project_vendor,agentsight,codex,full_stream,tool_family,4,20,wait/control → shell → shell → wait/control,637,0.007701701144978176,82709
project_vendor,agentsight,codex,full_stream,tool_family,4,21,coordination → coordination → coordination → shell,625,0.007556614153236044,82709
project_vendor,agentsight,codex,full_stream,tool_family,4,22,shell → coordination → shell → shell,616,0.007447798909429445,82709
project_vendor,agentsight,codex,full_stream,tool_family,4,23,plan/goal → shell → shell → shell,551,0.006661911037492897,82709
project_vendor,agentsight,codex,full_stream,tool_family,4,24,edit → edit → edit → shell,548,0.006625639289557363,82709
project_vendor,agentsight,codex,full_stream,tool_family,4,25,shell → coordination → coordination → coordination,537,0.006492642880460409,82709
project_vendor,agentsight,codex,full_stream,tool_family,4,26,shell → edit → edit → edit,532,0.006432189967234521,82709
project_vendor,agentsight,codex,full_stream,tool_family,4,27,shell → shell → shell → plan/goal,514,0.006214559479621323,82709
project_vendor,agentsight,codex,full_stream,tool_family,4,28,shell → shell → coordination → coordination,479,0.005791389087040104,82709
project_vendor,agentsight,codex,full_stream,tool_family,4,29,shell → edit → edit → shell,478,0.005779298504394926,82709
project_vendor,agentsight,codex,full_stream,tool_family,4,30,shell → shell → plan/goal → shell,439,0.0053077657812329974,82709
project_vendor,agentsight,codex,same_prompt,hybrid_shell,2,1,shell:search/text → shell:search/text,23256,0.2792238978004034,83288
project_vendor,agentsight,codex,same_prompt,hybrid_shell,2,2,shell:git/repository → shell:git/repository,5638,0.06769282489674383,83288
project_vendor,agentsight,codex,same_prompt,hybrid_shell,2,3,coordination → coordination,3635,0.04364374219575449,83288
project_vendor,agentsight,codex,same_prompt,hybrid_shell,2,4,edit → edit,2608,0.031313034290654115,83288
project_vendor,agentsight,codex,same_prompt,hybrid_shell,2,5,shell:other → shell:other,2600,0.031216982038228796,83288
project_vendor,agentsight,codex,same_prompt,hybrid_shell,2,6,shell:other → wait/control,2474,0.029704159062530017,83288
project_vendor,agentsight,codex,same_prompt,hybrid_shell,2,7,shell:git/repository → shell:search/text,2369,0.0284434732494477,83288
project_vendor,agentsight,codex,same_prompt,hybrid_shell,2,8,shell:search/text → shell:other,2278,0.02735087887810969,83288
project_vendor,agentsight,codex,same_prompt,hybrid_shell,2,9,shell:search/text → shell:git/repository,2207,0.026498415137834984,83288
project_vendor,agentsight,codex,same_prompt,hybrid_shell,2,10,wait/control → shell:other,1789,0.021479684948612045,83288
project_vendor,agentsight,codex,same_prompt,hybrid_shell,2,11,shell:search/text → edit,1788,0.02146767841705888,83288
project_vendor,agentsight,codex,same_prompt,hybrid_shell,2,12,shell:other → shell:search/text,1572,0.01887426760157526,83288
project_vendor,agentsight,codex,same_prompt,hybrid_shell,2,13,edit → shell:search/text,1194,0.014335798674478916,83288
project_vendor,agentsight,codex,same_prompt,hybrid_shell,2,14,shell:data/analysis/runtime → shell:data/analysis/runtime,1172,0.014071654980309288,83288
project_vendor,agentsight,codex,same_prompt,hybrid_shell,2,15,shell:data/analysis/runtime → shell:search/text,1021,0.012258668715781386,83288
project_vendor,agentsight,codex,same_prompt,hybrid_shell,2,16,shell:search/text → shell:data/analysis/runtime,1003,0.012042551147824416,83288
project_vendor,agentsight,codex,same_prompt,hybrid_shell,2,17,coordination → shell:search/text,1001,0.012018538084718087,83288
project_vendor,agentsight,codex,same_prompt,hybrid_shell,2,18,shell:search/text → coordination,954,0.011454231101719335,83288
project_vendor,agentsight,codex,same_prompt,hybrid_shell,2,19,wait/control → wait/control,924,0.011094035155124388,83288
project_vendor,agentsight,codex,same_prompt,hybrid_shell,2,20,wait/control → shell:search/text,884,0.01061377389299779,83288
project_vendor,agentsight,codex,same_prompt,hybrid_shell,2,21,shell:filesystem/navigation → shell:search/text,767,0.009209009701277495,83288
project_vendor,agentsight,codex,same_prompt,hybrid_shell,2,22,shell:search/text → shell:filesystem/navigation,748,0.00898088560176736,83288
project_vendor,agentsight,codex,same_prompt,hybrid_shell,2,23,shell:other → shell:git/repository,507,0.0060873114974546155,83288
project_vendor,agentsight,codex,same_prompt,hybrid_shell,2,24,shell:test → shell:test,481,0.005775141677072327,83288
project_vendor,agentsight,codex,same_prompt,hybrid_shell,2,25,edit → shell:lint/format,432,0.005186821630967246,83288
project_vendor,agentsight,codex,same_prompt,hybrid_shell,2,26,shell:git/repository → wait/control,420,0.005042743252329267,83288
project_vendor,agentsight,codex,same_prompt,hybrid_shell,2,27,shell:git/repository → shell:other,417,0.005006723657669772,83288
project_vendor,agentsight,codex,same_prompt,hybrid_shell,2,28,shell:search/text → shell:process/system,394,0.004730573431946979,83288
project_vendor,agentsight,codex,same_prompt,hybrid_shell,2,29,shell:build/check → shell:search/text,380,0.00456248199020267,83288
project_vendor,agentsight,codex,same_prompt,hybrid_shell,2,30,shell:data/analysis/runtime → shell:other,369,0.004430410143117856,83288
project_vendor,agentsight,codex,same_prompt,hybrid_shell,3,1,shell:search/text → shell:search/text → shell:search/text,17364,0.21249204562142052,81716
project_vendor,agentsight,codex,same_prompt,hybrid_shell,3,2,shell:git/repository → shell:git/repository → shell:git/repository,3540,0.043320769494346274,81716
project_vendor,agentsight,codex,same_prompt,hybrid_shell,3,3,coordination → coordination → coordination,2538,0.03105878897645504,81716
project_vendor,agentsight,codex,same_prompt,hybrid_shell,3,4,wait/control → shell:other → wait/control,1552,0.018992608546673846,81716
project_vendor,agentsight,codex,same_prompt,hybrid_shell,3,5,edit → edit → edit,1534,0.01877233344755005,81716
project_vendor,agentsight,codex,same_prompt,hybrid_shell,3,6,shell:other → wait/control → shell:other,1524,0.018649958392481278,81716
project_vendor,agentsight,codex,same_prompt,hybrid_shell,3,7,shell:git/repository → shell:search/text → shell:search/text,1343,0.016434969895736454,81716
project_vendor,agentsight,codex,same_prompt,hybrid_shell,3,8,shell:other → shell:other → shell:other,1315,0.016092319741543883,81716
project_vendor,agentsight,codex,same_prompt,hybrid_shell,3,9,shell:search/text → shell:search/text → edit,1190,0.0145626315531842,81716
project_vendor,agentsight,codex,same_prompt,hybrid_shell,3,10,shell:search/text → shell:search/text → shell:git/repository,1096,0.013412306035537716,81716
project_vendor,agentsight,codex,same_prompt,hybrid_shell,3,11,shell:search/text → shell:search/text → shell:other,885,0.010830192373586569,81716
project_vendor,agentsight,codex,same_prompt,hybrid_shell,3,12,shell:search/text → edit → edit,844,0.010328454647804592,81716
project_vendor,agentsight,codex,same_prompt,hybrid_shell,3,13,shell:git/repository → shell:git/repository → shell:search/text,837,0.01024279210925645,81716
project_vendor,agentsight,codex,same_prompt,hybrid_shell,3,14,shell:search/text → shell:git/repository → shell:search/text,794,0.009716579372460718,81716
project_vendor,agentsight,codex,same_prompt,hybrid_shell,3,15,shell:search/text → shell:git/repository → shell:git/repository,784,0.009594204317391943,81716
project_vendor,agentsight,codex,same_prompt,hybrid_shell,3,16,shell:other → shell:search/text → shell:search/text,728,0.008908904009006804,81716
project_vendor,agentsight,codex,same_prompt,hybrid_shell,3,17,shell:search/text → shell:other → shell:other,671,0.008211366195114788,81716
project_vendor,agentsight,codex,same_prompt,hybrid_shell,3,18,edit → edit → shell:search/text,599,0.0073302657986196096,81716
project_vendor,agentsight,codex,same_prompt,hybrid_shell,3,19,edit → shell:search/text → shell:search/text,595,0.0072813157765921,81716
project_vendor,agentsight,codex,same_prompt,hybrid_shell,3,20,shell:other → wait/control → shell:search/text,569,0.006963140633413285,81716
project_vendor,agentsight,codex,same_prompt,hybrid_shell,3,21,shell:search/text → shell:search/text → shell:data/analysis/runtime,565,0.006914190611385775,81716
project_vendor,agentsight,codex,same_prompt,hybrid_shell,3,22,shell:other → shell:other → shell:search/text,552,0.006755103039796368,81716
project_vendor,agentsight,codex,same_prompt,hybrid_shell,3,23,shell:data/analysis/runtime → shell:search/text → shell:search/text,543,0.00664496549023447,81716
project_vendor,agentsight,codex,same_prompt,hybrid_shell,3,24,shell:search/text → shell:other → shell:search/text,531,0.006498115424151941,81716
project_vendor,agentsight,codex,same_prompt,hybrid_shell,3,25,wait/control → wait/control → wait/control,490,0.005996377698369964,81716
project_vendor,agentsight,codex,same_prompt,hybrid_shell,3,26,coordination → coordination → shell:search/text,489,0.005984140192863086,81716
project_vendor,agentsight,codex,same_prompt,hybrid_shell,3,27,shell:filesystem/navigation → shell:search/text → shell:search/text,487,0.005959665181849332,81716
project_vendor,agentsight,codex,same_prompt,hybrid_shell,3,28,shell:search/text → shell:other → wait/control,462,0.005653727544177395,81716
project_vendor,agentsight,codex,same_prompt,hybrid_shell,3,29,shell:search/text → edit → shell:search/text,454,0.005555827500122375,81716
project_vendor,agentsight,codex,same_prompt,hybrid_shell,3,30,shell:other → shell:search/text → shell:other,449,0.0054946399725879875,81716
project_vendor,agentsight,codex,same_prompt,hybrid_shell,4,1,shell:search/text → shell:search/text → shell:search/text → shell:search/text,13647,0.170132395841125,80214
project_vendor,agentsight,codex,same_prompt,hybrid_shell,4,2,shell:git/repository → shell:git/repository → shell:git/repository → shell:git/repository,2378,0.02964569775849602,80214
project_vendor,agentsight,codex,same_prompt,hybrid_shell,4,3,coordination → coordination → coordination → coordination,1882,0.02346223851198045,80214
project_vendor,agentsight,codex,same_prompt,hybrid_shell,4,4,shell:other → wait/control → shell:other → wait/control,1365,0.017016979579624506,80214
project_vendor,agentsight,codex,same_prompt,hybrid_shell,4,5,wait/control → shell:other → wait/control → shell:other,1088,0.013563717056872865,80214
project_vendor,agentsight,codex,same_prompt,hybrid_shell,4,6,edit → edit → edit → edit,975,0.012154985414017503,80214
project_vendor,agentsight,codex,same_prompt,hybrid_shell,4,7,shell:git/repository → shell:search/text → shell:search/text → shell:search/text,918,0.01144438626673648,80214
project_vendor,agentsight,codex,same_prompt,hybrid_shell,4,8,shell:search/text → shell:search/text → shell:search/text → edit,836,0.010422120826788341,80214
project_vendor,agentsight,codex,same_prompt,hybrid_shell,4,9,shell:other → shell:other → shell:other → shell:other,758,0.009449721993666942,80214
project_vendor,agentsight,codex,same_prompt,hybrid_shell,4,10,shell:search/text → shell:search/text → edit → edit,614,0.007654524147904356,80214
project_vendor,agentsight,codex,same_prompt,hybrid_shell,4,11,shell:search/text → shell:search/text → shell:search/text → shell:git/repository,598,0.007455057720597402,80214
project_vendor,agentsight,codex,same_prompt,hybrid_shell,4,12,shell:search/text → shell:git/repository → shell:search/text → shell:search/text,515,0.006420325628942579,80214
project_vendor,agentsight,codex,same_prompt,hybrid_shell,4,13,shell:search/text → shell:search/text → shell:search/text → shell:other,511,0.00637045902211584,80214
project_vendor,agentsight,codex,same_prompt,hybrid_shell,4,14,shell:search/text → shell:search/text → shell:git/repository → shell:search/text,486,0.006058792729448725,80214
project_vendor,agentsight,codex,same_prompt,hybrid_shell,4,15,shell:search/text → edit → edit → edit,466,0.0058094596953150324,80214
project_vendor,agentsight,codex,same_prompt,hybrid_shell,4,16,shell:git/repository → shell:git/repository → shell:git/repository → shell:search/text,445,0.005547660009474656,80214
project_vendor,agentsight,codex,same_prompt,hybrid_shell,4,17,shell:git/repository → shell:git/repository → shell:search/text → shell:search/text,442,0.005510260054354601,80214
project_vendor,agentsight,codex,same_prompt,hybrid_shell,4,18,shell:other → shell:search/text → shell:search/text → shell:search/text,434,0.005410526840701125,80214
project_vendor,agentsight,codex,same_prompt,hybrid_shell,4,19,shell:other → wait/control → shell:search/text → shell:other,416,0.005186127109980801,80214
project_vendor,agentsight,codex,same_prompt,hybrid_shell,4,20,shell:search/text → shell:git/repository → shell:git/repository → shell:git/repository,411,0.0051237938514473785,80214
project_vendor,agentsight,codex,same_prompt,hybrid_shell,4,21,wait/control → shell:search/text → shell:other → wait/control,394,0.00491186077243374,80214
project_vendor,agentsight,codex,same_prompt,hybrid_shell,4,22,shell:search/text → shell:search/text → shell:search/text → shell:data/analysis/runtime,373,0.004650061086593363,80214
project_vendor,agentsight,codex,same_prompt,hybrid_shell,4,23,shell:filesystem/navigation → shell:search/text → shell:search/text → shell:search/text,352,0.0043882614007529856,80214
project_vendor,agentsight,codex,same_prompt,hybrid_shell,4,24,edit → edit → edit → shell:search/text,340,0.00423866158027277,80214
project_vendor,agentsight,codex,same_prompt,hybrid_shell,4,25,shell:search/text → shell:search/text → shell:other → shell:other,333,0.004151395018325978,80214
project_vendor,agentsight,codex,same_prompt,hybrid_shell,4,26,wait/control → wait/control → wait/control → wait/control,332,0.004138928366619293,80214
project_vendor,agentsight,codex,same_prompt,hybrid_shell,4,27,edit → edit → shell:search/text → shell:search/text,326,0.0040641284563791855,80214
project_vendor,agentsight,codex,same_prompt,hybrid_shell,4,28,shell:data/analysis/runtime → shell:search/text → shell:search/text → shell:search/text,323,0.004026728501259132,80214
project_vendor,agentsight,codex,same_prompt,hybrid_shell,4,29,coordination → coordination → coordination → shell:search/text,310,0.0038646620290722316,80214
project_vendor,agentsight,codex,same_prompt,hybrid_shell,4,30,edit → shell:search/text → shell:search/text → shell:search/text,310,0.0038646620290722316,80214
project_vendor,agentsight,codex,same_prompt,tool_family,2,1,shell → shell,56865,0.6827514167707233,83288
project_vendor,agentsight,codex,same_prompt,tool_family,2,2,shell → wait/control,3757,0.04510853904524061,83288
project_vendor,agentsight,codex,same_prompt,tool_family,2,3,coordination → coordination,3635,0.04364374219575449,83288
project_vendor,agentsight,codex,same_prompt,tool_family,2,4,wait/control → shell,3623,0.043499663817116514,83288
project_vendor,agentsight,codex,same_prompt,tool_family,2,5,edit → edit,2608,0.031313034290654115,83288
project_vendor,agentsight,codex,same_prompt,tool_family,2,6,edit → shell,2447,0.029379982710594565,83288
project_vendor,agentsight,codex,same_prompt,tool_family,2,7,shell → edit,2402,0.02883968879070214,83288
project_vendor,agentsight,codex,same_prompt,tool_family,2,8,shell → coordination,2046,0.02456536355777543,83288
project_vendor,agentsight,codex,same_prompt,tool_family,2,9,coordination → shell,2038,0.02446931130535011,83288
project_vendor,agentsight,codex,same_prompt,tool_family,2,10,wait/control → wait/control,924,0.011094035155124388,83288
project_vendor,agentsight,codex,same_prompt,tool_family,2,11,plan/goal → shell,562,0.006747670732878686,83288
project_vendor,agentsight,codex,same_prompt,tool_family,2,12,shell → plan/goal,525,0.006303429065411584,83288
project_vendor,agentsight,codex,same_prompt,tool_family,2,13,shell → task,467,0.005607050235328018,83288
project_vendor,agentsight,codex,same_prompt,tool_family,2,14,task → shell,404,0.0048506387474786285,83288
project_vendor,agentsight,codex,same_prompt,tool_family,2,15,task → coordination,194,0.0023292671213139948,83288
project_vendor,agentsight,codex,same_prompt,tool_family,2,16,coordination → task,104,0.001248679281529152,83288
project_vendor,agentsight,codex,same_prompt,tool_family,2,17,wait/control → coordination,95,0.0011406204975506675,83288
project_vendor,agentsight,codex,same_prompt,tool_family,2,18,task → task,84,0.0010085486504658534,83288
project_vendor,agentsight,codex,same_prompt,tool_family,2,19,plan/goal → edit,58,0.0006963788300835655,83288
project_vendor,agentsight,codex,same_prompt,tool_family,2,20,wait/control → edit,57,0.0006843722985304005,83288
project_vendor,agentsight,codex,same_prompt,tool_family,2,21,plan/goal → plan/goal,50,0.0006003265776582461,83288
project_vendor,agentsight,codex,same_prompt,tool_family,2,22,edit → plan/goal,48,0.0005763135145519162,83288
project_vendor,agentsight,codex,same_prompt,tool_family,2,23,coordination → wait/control,41,0.0004922677936797618,83288
project_vendor,agentsight,codex,same_prompt,tool_family,2,24,coordination → plan/goal,39,0.00046825473057343197,83288
project_vendor,agentsight,codex,same_prompt,tool_family,2,25,shell → multimodal,23,0.0002761502257227932,83288
project_vendor,agentsight,codex,same_prompt,tool_family,2,26,coordination → edit,21,0.00025213716261646336,83288
project_vendor,agentsight,codex,same_prompt,tool_family,2,27,multimodal → shell,18,0.00021611756795696858,83288
project_vendor,agentsight,codex,same_prompt,tool_family,2,28,plan/goal → task,17,0.00020411103640380368,83288
project_vendor,agentsight,codex,same_prompt,tool_family,2,29,wait/control → task,16,0.00019210450485063874,83288
project_vendor,agentsight,codex,same_prompt,tool_family,2,30,shell → other,15,0.00018009797329747383,83288
project_vendor,agentsight,codex,same_prompt,tool_family,3,1,shell → shell → shell,49608,0.607078173185178,81716
project_vendor,agentsight,codex,same_prompt,tool_family,3,2,shell → wait/control → shell,3210,0.039282392677076707,81716
project_vendor,agentsight,codex,same_prompt,tool_family,3,3,coordination → coordination → coordination,2538,0.03105878897645504,81716
project_vendor,agentsight,codex,same_prompt,tool_family,3,4,edit → shell → shell,1948,0.023838660727397327,81716
project_vendor,agentsight,codex,same_prompt,tool_family,3,5,shell → shell → edit,1923,0.02353272308972539,81716
project_vendor,agentsight,codex,same_prompt,tool_family,3,6,shell → shell → wait/control,1826,0.022345685055558274,81716
project_vendor,agentsight,codex,same_prompt,tool_family,3,7,wait/control → shell → wait/control,1802,0.022051984923393216,81716
project_vendor,agentsight,codex,same_prompt,tool_family,3,8,wait/control → shell → shell,1741,0.021305497087473688,81716
project_vendor,agentsight,codex,same_prompt,tool_family,3,9,edit → edit → edit,1534,0.01877233344755005,81716
project_vendor,agentsight,codex,same_prompt,tool_family,3,10,coordination → shell → shell,1318,0.016129032258064516,81716
project_vendor,agentsight,codex,same_prompt,tool_family,3,11,shell → edit → shell,1314,0.016080082236037005,81716
project_vendor,agentsight,codex,same_prompt,tool_family,3,12,shell → shell → coordination,1301,0.0159209946644476,81716
project_vendor,agentsight,codex,same_prompt,tool_family,3,13,edit → edit → shell,1040,0.012727005727152577,81716
project_vendor,agentsight,codex,same_prompt,tool_family,3,14,coordination → coordination → shell,1023,0.01251896813353566,81716
project_vendor,agentsight,codex,same_prompt,tool_family,3,15,shell → edit → edit,1010,0.012359880561946254,81716
project_vendor,agentsight,codex,same_prompt,tool_family,3,16,shell → coordination → coordination,932,0.01140535513240981,81716
project_vendor,agentsight,codex,same_prompt,tool_family,3,17,shell → coordination → shell,895,0.010952567428655344,81716
project_vendor,agentsight,codex,same_prompt,tool_family,3,18,coordination → shell → coordination,624,0.0076362034362915466,81716
project_vendor,agentsight,codex,same_prompt,tool_family,3,19,plan/goal → shell → shell,535,0.0065470654461794505,81716
project_vendor,agentsight,codex,same_prompt,tool_family,3,20,shell → shell → plan/goal,506,0.006192177786480004,81716
project_vendor,agentsight,codex,same_prompt,tool_family,3,21,wait/control → wait/control → wait/control,490,0.005996377698369964,81716
project_vendor,agentsight,codex,same_prompt,tool_family,3,22,edit → shell → edit,436,0.00533555240099858,81716
project_vendor,agentsight,codex,same_prompt,tool_family,3,23,shell → shell → task,418,0.005115277301874786,81716
project_vendor,agentsight,codex,same_prompt,tool_family,3,24,shell → wait/control → wait/control,404,0.004943952224778501,81716
project_vendor,agentsight,codex,same_prompt,tool_family,3,25,shell → plan/goal → shell,386,0.004723677125654706,81716
project_vendor,agentsight,codex,same_prompt,tool_family,3,26,wait/control → wait/control → shell,373,0.0045645895540653,81716
project_vendor,agentsight,codex,same_prompt,tool_family,3,27,task → shell → shell,297,0.003634539135542611,81716
project_vendor,agentsight,codex,same_prompt,tool_family,3,28,shell → task → shell,265,0.003242938959322532,81716
project_vendor,agentsight,codex,same_prompt,tool_family,3,29,task → coordination → coordination,146,0.0017866758040041117,81716
project_vendor,agentsight,codex,same_prompt,tool_family,3,30,shell → task → coordination,138,0.001688775759949092,81716
project_vendor,agentsight,codex,same_prompt,tool_family,4,1,shell → shell → shell → shell,43919,0.5475228763058818,80214
project_vendor,agentsight,codex,same_prompt,tool_family,4,2,coordination → coordination → coordination → coordination,1882,0.02346223851198045,80214
project_vendor,agentsight,codex,same_prompt,tool_family,4,3,shell → wait/control → shell → wait/control,1679,0.020931508215523476,80214
project_vendor,agentsight,codex,same_prompt,tool_family,4,4,wait/control → shell → wait/control → shell,1679,0.020931508215523476,80214
project_vendor,agentsight,codex,same_prompt,tool_family,4,5,shell → shell → shell → edit,1605,0.020008975989228812,80214
project_vendor,agentsight,codex,same_prompt,tool_family,4,6,edit → shell → shell → shell,1567,0.019535243224374797,80214
project_vendor,agentsight,codex,same_prompt,tool_family,4,7,shell → wait/control → shell → shell,1466,0.01827611140199965,80214
project_vendor,agentsight,codex,same_prompt,tool_family,4,8,shell → shell → wait/control → shell,1456,0.018151444884932803,80214
project_vendor,agentsight,codex,same_prompt,tool_family,4,9,shell → shell → shell → wait/control,1074,0.01338918393297928,80214
project_vendor,agentsight,codex,same_prompt,tool_family,4,10,shell → edit → shell → shell,1057,0.013177250853965643,80214
project_vendor,agentsight,codex,same_prompt,tool_family,4,11,shell → shell → edit → shell,1048,0.01306505098860548,80214
project_vendor,agentsight,codex,same_prompt,tool_family,4,12,wait/control → shell → shell → shell,1038,0.012940384471538634,80214
project_vendor,agentsight,codex,same_prompt,tool_family,4,13,coordination → shell → shell → shell,1020,0.01271598474081831,80214
project_vendor,agentsight,codex,same_prompt,tool_family,4,14,shell → shell → shell → coordination,994,0.012391851796444512,80214
project_vendor,agentsight,codex,same_prompt,tool_family,4,15,edit → edit → edit → edit,975,0.012154985414017503,80214
project_vendor,agentsight,codex,same_prompt,tool_family,4,16,edit → edit → shell → shell,817,0.010185254444361334,80214
project_vendor,agentsight,codex,same_prompt,tool_family,4,17,shell → shell → edit → edit,812,0.01012292118582791,80214
project_vendor,agentsight,codex,same_prompt,tool_family,4,18,coordination → coordination → shell → shell,649,0.008090856957638318,80214
project_vendor,agentsight,codex,same_prompt,tool_family,4,19,shell → shell → coordination → shell,641,0.00799112374398484,80214
project_vendor,agentsight,codex,same_prompt,tool_family,4,20,wait/control → shell → shell → wait/control,635,0.007916323833744732,80214
project_vendor,agentsight,codex,same_prompt,tool_family,4,21,coordination → coordination → coordination → shell,621,0.0077417907098511485,80214
project_vendor,agentsight,codex,same_prompt,tool_family,4,22,shell → coordination → shell → shell,595,0.007417657765477348,80214
project_vendor,agentsight,codex,same_prompt,tool_family,4,23,edit → edit → edit → shell,542,0.006756925225023063,80214
project_vendor,agentsight,codex,same_prompt,tool_family,4,24,shell → coordination → coordination → coordination,537,0.00669459196648964,80214
project_vendor,agentsight,codex,same_prompt,tool_family,4,25,shell → edit → edit → edit,527,0.006569925449422794,80214
project_vendor,agentsight,codex,same_prompt,tool_family,4,26,plan/goal → shell → shell → shell,518,0.0064577255840626326,80214
project_vendor,agentsight,codex,same_prompt,tool_family,4,27,shell → shell → coordination → coordination,478,0.005959059515795248,80214
project_vendor,agentsight,codex,same_prompt,tool_family,4,28,shell → edit → edit → shell,469,0.005846859650435086,80214
project_vendor,agentsight,codex,same_prompt,tool_family,4,29,shell → shell → shell → plan/goal,465,0.005796993043608347,80214
project_vendor,agentsight,codex,same_prompt,tool_family,4,30,coordination → shell → coordination → coordination,384,0.004787194255366893,80214
project_vendor,agentsight,gemini,full_stream,hybrid_shell,2,1,search → search,8,0.32,25
project_vendor,agentsight,gemini,full_stream,hybrid_shell,2,2,search → read,6,0.24,25
project_vendor,agentsight,gemini,full_stream,hybrid_shell,2,3,read → search,4,0.16,25
project_vendor,agentsight,gemini,full_stream,hybrid_shell,2,4,read → read,3,0.12,25
project_vendor,agentsight,gemini,full_stream,hybrid_shell,2,5,shell:search/text → search,2,0.08,25
project_vendor,agentsight,gemini,full_stream,hybrid_shell,2,6,other → read,1,0.04,25
project_vendor,agentsight,gemini,full_stream,hybrid_shell,2,7,read → other,1,0.04,25
project_vendor,agentsight,gemini,full_stream,hybrid_shell,3,1,search → search → search,5,0.21739130434782608,23
project_vendor,agentsight,gemini,full_stream,hybrid_shell,3,2,search → read → read,3,0.13043478260869565,23
project_vendor,agentsight,gemini,full_stream,hybrid_shell,3,3,search → search → read,3,0.13043478260869565,23
project_vendor,agentsight,gemini,full_stream,hybrid_shell,3,4,read → read → search,2,0.08695652173913043,23
project_vendor,agentsight,gemini,full_stream,hybrid_shell,3,5,read → search → read,2,0.08695652173913043,23
project_vendor,agentsight,gemini,full_stream,hybrid_shell,3,6,read → search → search,2,0.08695652173913043,23
project_vendor,agentsight,gemini,full_stream,hybrid_shell,3,7,search → read → search,2,0.08695652173913043,23
project_vendor,agentsight,gemini,full_stream,hybrid_shell,3,8,read → other → read,1,0.043478260869565216,23
project_vendor,agentsight,gemini,full_stream,hybrid_shell,3,9,read → read → other,1,0.043478260869565216,23
project_vendor,agentsight,gemini,full_stream,hybrid_shell,3,10,shell:search/text → search → read,1,0.043478260869565216,23
project_vendor,agentsight,gemini,full_stream,hybrid_shell,3,11,shell:search/text → search → search,1,0.043478260869565216,23
project_vendor,agentsight,gemini,full_stream,hybrid_shell,4,1,search → search → search → search,3,0.14285714285714285,21
project_vendor,agentsight,gemini,full_stream,hybrid_shell,4,2,read → search → search → search,2,0.09523809523809523,21
project_vendor,agentsight,gemini,full_stream,hybrid_shell,4,3,search → read → read → search,2,0.09523809523809523,21
project_vendor,agentsight,gemini,full_stream,hybrid_shell,4,4,search → search → search → read,2,0.09523809523809523,21
project_vendor,agentsight,gemini,full_stream,hybrid_shell,4,5,read → read → other → read,1,0.047619047619047616,21
project_vendor,agentsight,gemini,full_stream,hybrid_shell,4,6,read → read → search → read,1,0.047619047619047616,21
project_vendor,agentsight,gemini,full_stream,hybrid_shell,4,7,read → read → search → search,1,0.047619047619047616,21
project_vendor,agentsight,gemini,full_stream,hybrid_shell,4,8,read → search → read → read,1,0.047619047619047616,21
project_vendor,agentsight,gemini,full_stream,hybrid_shell,4,9,read → search → read → search,1,0.047619047619047616,21
project_vendor,agentsight,gemini,full_stream,hybrid_shell,4,10,search → read → read → other,1,0.047619047619047616,21
project_vendor,agentsight,gemini,full_stream,hybrid_shell,4,11,search → read → search → read,1,0.047619047619047616,21
project_vendor,agentsight,gemini,full_stream,hybrid_shell,4,12,search → read → search → search,1,0.047619047619047616,21
project_vendor,agentsight,gemini,full_stream,hybrid_shell,4,13,search → search → read → read,1,0.047619047619047616,21
project_vendor,agentsight,gemini,full_stream,hybrid_shell,4,14,search → search → read → search,1,0.047619047619047616,21
project_vendor,agentsight,gemini,full_stream,hybrid_shell,4,15,shell:search/text → search → read → read,1,0.047619047619047616,21
project_vendor,agentsight,gemini,full_stream,hybrid_shell,4,16,shell:search/text → search → search → read,1,0.047619047619047616,21
project_vendor,agentsight,gemini,full_stream,tool_family,2,1,search → search,8,0.32,25
project_vendor,agentsight,gemini,full_stream,tool_family,2,2,search → read,6,0.24,25
project_vendor,agentsight,gemini,full_stream,tool_family,2,3,read → search,4,0.16,25
project_vendor,agentsight,gemini,full_stream,tool_family,2,4,read → read,3,0.12,25
project_vendor,agentsight,gemini,full_stream,tool_family,2,5,shell → search,2,0.08,25
project_vendor,agentsight,gemini,full_stream,tool_family,2,6,other → read,1,0.04,25
project_vendor,agentsight,gemini,full_stream,tool_family,2,7,read → other,1,0.04,25
project_vendor,agentsight,gemini,full_stream,tool_family,3,1,search → search → search,5,0.21739130434782608,23
project_vendor,agentsight,gemini,full_stream,tool_family,3,2,search → read → read,3,0.13043478260869565,23
project_vendor,agentsight,gemini,full_stream,tool_family,3,3,search → search → read,3,0.13043478260869565,23
project_vendor,agentsight,gemini,full_stream,tool_family,3,4,read → read → search,2,0.08695652173913043,23
project_vendor,agentsight,gemini,full_stream,tool_family,3,5,read → search → read,2,0.08695652173913043,23
project_vendor,agentsight,gemini,full_stream,tool_family,3,6,read → search → search,2,0.08695652173913043,23
project_vendor,agentsight,gemini,full_stream,tool_family,3,7,search → read → search,2,0.08695652173913043,23
project_vendor,agentsight,gemini,full_stream,tool_family,3,8,read → other → read,1,0.043478260869565216,23
project_vendor,agentsight,gemini,full_stream,tool_family,3,9,read → read → other,1,0.043478260869565216,23
project_vendor,agentsight,gemini,full_stream,tool_family,3,10,shell → search → read,1,0.043478260869565216,23
project_vendor,agentsight,gemini,full_stream,tool_family,3,11,shell → search → search,1,0.043478260869565216,23
project_vendor,agentsight,gemini,full_stream,tool_family,4,1,search → search → search → search,3,0.14285714285714285,21
project_vendor,agentsight,gemini,full_stream,tool_family,4,2,read → search → search → search,2,0.09523809523809523,21
project_vendor,agentsight,gemini,full_stream,tool_family,4,3,search → read → read → search,2,0.09523809523809523,21
project_vendor,agentsight,gemini,full_stream,tool_family,4,4,search → search → search → read,2,0.09523809523809523,21
project_vendor,agentsight,gemini,full_stream,tool_family,4,5,read → read → other → read,1,0.047619047619047616,21
project_vendor,agentsight,gemini,full_stream,tool_family,4,6,read → read → search → read,1,0.047619047619047616,21
project_vendor,agentsight,gemini,full_stream,tool_family,4,7,read → read → search → search,1,0.047619047619047616,21
project_vendor,agentsight,gemini,full_stream,tool_family,4,8,read → search → read → read,1,0.047619047619047616,21
project_vendor,agentsight,gemini,full_stream,tool_family,4,9,read → search → read → search,1,0.047619047619047616,21
project_vendor,agentsight,gemini,full_stream,tool_family,4,10,search → read → read → other,1,0.047619047619047616,21
project_vendor,agentsight,gemini,full_stream,tool_family,4,11,search → read → search → read,1,0.047619047619047616,21
project_vendor,agentsight,gemini,full_stream,tool_family,4,12,search → read → search → search,1,0.047619047619047616,21
project_vendor,agentsight,gemini,full_stream,tool_family,4,13,search → search → read → read,1,0.047619047619047616,21
project_vendor,agentsight,gemini,full_stream,tool_family,4,14,search → search → read → search,1,0.047619047619047616,21
project_vendor,agentsight,gemini,full_stream,tool_family,4,15,shell → search → read → read,1,0.047619047619047616,21
project_vendor,agentsight,gemini,full_stream,tool_family,4,16,shell → search → search → read,1,0.047619047619047616,21
project_vendor,agentsight,gemini,same_prompt,hybrid_shell,2,1,search → search,8,0.32,25
project_vendor,agentsight,gemini,same_prompt,hybrid_shell,2,2,search → read,6,0.24,25
project_vendor,agentsight,gemini,same_prompt,hybrid_shell,2,3,read → search,4,0.16,25
project_vendor,agentsight,gemini,same_prompt,hybrid_shell,2,4,read → read,3,0.12,25
project_vendor,agentsight,gemini,same_prompt,hybrid_shell,2,5,shell:search/text → search,2,0.08,25
project_vendor,agentsight,gemini,same_prompt,hybrid_shell,2,6,other → read,1,0.04,25
project_vendor,agentsight,gemini,same_prompt,hybrid_shell,2,7,read → other,1,0.04,25
project_vendor,agentsight,gemini,same_prompt,hybrid_shell,3,1,search → search → search,5,0.21739130434782608,23
project_vendor,agentsight,gemini,same_prompt,hybrid_shell,3,2,search → read → read,3,0.13043478260869565,23
project_vendor,agentsight,gemini,same_prompt,hybrid_shell,3,3,search → search → read,3,0.13043478260869565,23
project_vendor,agentsight,gemini,same_prompt,hybrid_shell,3,4,read → read → search,2,0.08695652173913043,23
project_vendor,agentsight,gemini,same_prompt,hybrid_shell,3,5,read → search → read,2,0.08695652173913043,23
project_vendor,agentsight,gemini,same_prompt,hybrid_shell,3,6,read → search → search,2,0.08695652173913043,23
project_vendor,agentsight,gemini,same_prompt,hybrid_shell,3,7,search → read → search,2,0.08695652173913043,23
project_vendor,agentsight,gemini,same_prompt,hybrid_shell,3,8,read → other → read,1,0.043478260869565216,23
project_vendor,agentsight,gemini,same_prompt,hybrid_shell,3,9,read → read → other,1,0.043478260869565216,23
project_vendor,agentsight,gemini,same_prompt,hybrid_shell,3,10,shell:search/text → search → read,1,0.043478260869565216,23
project_vendor,agentsight,gemini,same_prompt,hybrid_shell,3,11,shell:search/text → search → search,1,0.043478260869565216,23
project_vendor,agentsight,gemini,same_prompt,hybrid_shell,4,1,search → search → search → search,3,0.14285714285714285,21
project_vendor,agentsight,gemini,same_prompt,hybrid_shell,4,2,read → search → search → search,2,0.09523809523809523,21
project_vendor,agentsight,gemini,same_prompt,hybrid_shell,4,3,search → read → read → search,2,0.09523809523809523,21
project_vendor,agentsight,gemini,same_prompt,hybrid_shell,4,4,search → search → search → read,2,0.09523809523809523,21
project_vendor,agentsight,gemini,same_prompt,hybrid_shell,4,5,read → read → other → read,1,0.047619047619047616,21
project_vendor,agentsight,gemini,same_prompt,hybrid_shell,4,6,read → read → search → read,1,0.047619047619047616,21
project_vendor,agentsight,gemini,same_prompt,hybrid_shell,4,7,read → read → search → search,1,0.047619047619047616,21
project_vendor,agentsight,gemini,same_prompt,hybrid_shell,4,8,read → search → read → read,1,0.047619047619047616,21
project_vendor,agentsight,gemini,same_prompt,hybrid_shell,4,9,read → search → read → search,1,0.047619047619047616,21
project_vendor,agentsight,gemini,same_prompt,hybrid_shell,4,10,search → read → read → other,1,0.047619047619047616,21
project_vendor,agentsight,gemini,same_prompt,hybrid_shell,4,11,search → read → search → read,1,0.047619047619047616,21
project_vendor,agentsight,gemini,same_prompt,hybrid_shell,4,12,search → read → search → search,1,0.047619047619047616,21
project_vendor,agentsight,gemini,same_prompt,hybrid_shell,4,13,search → search → read → read,1,0.047619047619047616,21
project_vendor,agentsight,gemini,same_prompt,hybrid_shell,4,14,search → search → read → search,1,0.047619047619047616,21
project_vendor,agentsight,gemini,same_prompt,hybrid_shell,4,15,shell:search/text → search → read → read,1,0.047619047619047616,21
project_vendor,agentsight,gemini,same_prompt,hybrid_shell,4,16,shell:search/text → search → search → read,1,0.047619047619047616,21
project_vendor,agentsight,gemini,same_prompt,tool_family,2,1,search → search,8,0.32,25
project_vendor,agentsight,gemini,same_prompt,tool_family,2,2,search → read,6,0.24,25
project_vendor,agentsight,gemini,same_prompt,tool_family,2,3,read → search,4,0.16,25
project_vendor,agentsight,gemini,same_prompt,tool_family,2,4,read → read,3,0.12,25
project_vendor,agentsight,gemini,same_prompt,tool_family,2,5,shell → search,2,0.08,25
project_vendor,agentsight,gemini,same_prompt,tool_family,2,6,other → read,1,0.04,25
project_vendor,agentsight,gemini,same_prompt,tool_family,2,7,read → other,1,0.04,25
project_vendor,agentsight,gemini,same_prompt,tool_family,3,1,search → search → search,5,0.21739130434782608,23
project_vendor,agentsight,gemini,same_prompt,tool_family,3,2,search → read → read,3,0.13043478260869565,23
project_vendor,agentsight,gemini,same_prompt,tool_family,3,3,search → search → read,3,0.13043478260869565,23
project_vendor,agentsight,gemini,same_prompt,tool_family,3,4,read → read → search,2,0.08695652173913043,23
project_vendor,agentsight,gemini,same_prompt,tool_family,3,5,read → search → read,2,0.08695652173913043,23
project_vendor,agentsight,gemini,same_prompt,tool_family,3,6,read → search → search,2,0.08695652173913043,23
project_vendor,agentsight,gemini,same_prompt,tool_family,3,7,search → read → search,2,0.08695652173913043,23
project_vendor,agentsight,gemini,same_prompt,tool_family,3,8,read → other → read,1,0.043478260869565216,23
project_vendor,agentsight,gemini,same_prompt,tool_family,3,9,read → read → other,1,0.043478260869565216,23
project_vendor,agentsight,gemini,same_prompt,tool_family,3,10,shell → search → read,1,0.043478260869565216,23
project_vendor,agentsight,gemini,same_prompt,tool_family,3,11,shell → search → search,1,0.043478260869565216,23
project_vendor,agentsight,gemini,same_prompt,tool_family,4,1,search → search → search → search,3,0.14285714285714285,21
project_vendor,agentsight,gemini,same_prompt,tool_family,4,2,read → search → search → search,2,0.09523809523809523,21
project_vendor,agentsight,gemini,same_prompt,tool_family,4,3,search → read → read → search,2,0.09523809523809523,21
project_vendor,agentsight,gemini,same_prompt,tool_family,4,4,search → search → search → read,2,0.09523809523809523,21
project_vendor,agentsight,gemini,same_prompt,tool_family,4,5,read → read → other → read,1,0.047619047619047616,21
project_vendor,agentsight,gemini,same_prompt,tool_family,4,6,read → read → search → read,1,0.047619047619047616,21
project_vendor,agentsight,gemini,same_prompt,tool_family,4,7,read → read → search → search,1,0.047619047619047616,21
project_vendor,agentsight,gemini,same_prompt,tool_family,4,8,read → search → read → read,1,0.047619047619047616,21
project_vendor,agentsight,gemini,same_prompt,tool_family,4,9,read → search → read → search,1,0.047619047619047616,21
project_vendor,agentsight,gemini,same_prompt,tool_family,4,10,search → read → read → other,1,0.047619047619047616,21
project_vendor,agentsight,gemini,same_prompt,tool_family,4,11,search → read → search → read,1,0.047619047619047616,21
project_vendor,agentsight,gemini,same_prompt,tool_family,4,12,search → read → search → search,1,0.047619047619047616,21
project_vendor,agentsight,gemini,same_prompt,tool_family,4,13,search → search → read → read,1,0.047619047619047616,21
project_vendor,agentsight,gemini,same_prompt,tool_family,4,14,search → search → read → search,1,0.047619047619047616,21
project_vendor,agentsight,gemini,same_prompt,tool_family,4,15,shell → search → read → read,1,0.047619047619047616,21
project_vendor,agentsight,gemini,same_prompt,tool_family,4,16,shell → search → search → read,1,0.047619047619047616,21
project,agentskill-observability-paper,ALL,full_stream,hybrid_shell,2,1,read → read,153,0.16020942408376965,955
project,agentskill-observability-paper,ALL,full_stream,hybrid_shell,2,2,read → edit,132,0.1382198952879581,955
project,agentskill-observability-paper,ALL,full_stream,hybrid_shell,2,3,edit → edit,110,0.11518324607329843,955
project,agentskill-observability-paper,ALL,full_stream,hybrid_shell,2,4,shell:search/text → shell:search/text,107,0.11204188481675392,955
project,agentskill-observability-paper,ALL,full_stream,hybrid_shell,2,5,edit → read,86,0.09005235602094241,955
project,agentskill-observability-paper,ALL,full_stream,hybrid_shell,2,6,edit → shell:search/text,47,0.049214659685863874,955
project,agentskill-observability-paper,ALL,full_stream,hybrid_shell,2,7,shell:search/text → read,43,0.04502617801047121,955
project,agentskill-observability-paper,ALL,full_stream,hybrid_shell,2,8,search → search,38,0.039790575916230364,955
project,agentskill-observability-paper,ALL,full_stream,hybrid_shell,2,9,read → shell:search/text,18,0.018848167539267015,955
project,agentskill-observability-paper,ALL,full_stream,hybrid_shell,2,10,task → read,15,0.015706806282722512,955
project,agentskill-observability-paper,ALL,full_stream,hybrid_shell,2,11,shell:search/text → edit,14,0.014659685863874346,955
project,agentskill-observability-paper,ALL,full_stream,hybrid_shell,2,12,write → task,13,0.013612565445026177,955
project,agentskill-observability-paper,ALL,full_stream,hybrid_shell,2,13,shell:filesystem/navigation → read,12,0.012565445026178011,955
project,agentskill-observability-paper,ALL,full_stream,hybrid_shell,2,14,shell:search/text → write,12,0.012565445026178011,955
project,agentskill-observability-paper,ALL,full_stream,hybrid_shell,2,15,edit → shell:filesystem/navigation,11,0.011518324607329843,955
project,agentskill-observability-paper,ALL,full_stream,hybrid_shell,2,16,read → shell:filesystem/navigation,10,0.010471204188481676,955
project,agentskill-observability-paper,ALL,full_stream,hybrid_shell,2,17,skill → read,10,0.010471204188481676,955
project,agentskill-observability-paper,ALL,full_stream,hybrid_shell,2,18,read → skill,8,0.008376963350785341,955
project,agentskill-observability-paper,ALL,full_stream,hybrid_shell,2,19,shell:filesystem/navigation → shell:search/text,7,0.007329842931937173,955
project,agentskill-observability-paper,ALL,full_stream,hybrid_shell,2,20,shell:search/text → shell:filesystem/navigation,6,0.0062827225130890054,955
project,agentskill-observability-paper,ALL,full_stream,hybrid_shell,2,21,fetch → fetch,5,0.005235602094240838,955
project,agentskill-observability-paper,ALL,full_stream,hybrid_shell,2,22,search → fetch,5,0.005235602094240838,955
project,agentskill-observability-paper,ALL,full_stream,hybrid_shell,2,23,shell:filesystem/navigation → task,5,0.005235602094240838,955
project,agentskill-observability-paper,ALL,full_stream,hybrid_shell,2,24,shell:git/repository → shell:git/repository,5,0.005235602094240838,955
project,agentskill-observability-paper,ALL,full_stream,hybrid_shell,2,25,edit → shell:build/check,4,0.004188481675392671,955
project,agentskill-observability-paper,ALL,full_stream,hybrid_shell,2,26,shell:filesystem/navigation → shell:filesystem/navigation,4,0.004188481675392671,955
project,agentskill-observability-paper,ALL,full_stream,hybrid_shell,2,27,task → task,4,0.004188481675392671,955
project,agentskill-observability-paper,ALL,full_stream,hybrid_shell,2,28,tool discovery → search,4,0.004188481675392671,955
project,agentskill-observability-paper,ALL,full_stream,hybrid_shell,2,29,fetch → search,3,0.0031413612565445027,955
project,agentskill-observability-paper,ALL,full_stream,hybrid_shell,2,30,task → edit,3,0.0031413612565445027,955
project,agentskill-observability-paper,ALL,full_stream,hybrid_shell,3,1,shell:search/text → shell:search/text → shell:search/text,75,0.08125677139761647,923
project,agentskill-observability-paper,ALL,full_stream,hybrid_shell,3,2,read → read → read,73,0.0790899241603467,923
project,agentskill-observability-paper,ALL,full_stream,hybrid_shell,3,3,edit → edit → edit,63,0.06825568797399784,923
project,agentskill-observability-paper,ALL,full_stream,hybrid_shell,3,4,read → edit → read,62,0.06717226435536294,923
project,agentskill-observability-paper,ALL,full_stream,hybrid_shell,3,5,edit → read → edit,59,0.06392199349945829,923
project,agentskill-observability-paper,ALL,full_stream,hybrid_shell,3,6,read → read → edit,42,0.04550379198266522,923
project,agentskill-observability-paper,ALL,full_stream,hybrid_shell,3,7,read → edit → edit,34,0.03683640303358613,923
project,agentskill-observability-paper,ALL,full_stream,hybrid_shell,3,8,search → search → search,31,0.03358613217768147,923
project,agentskill-observability-paper,ALL,full_stream,hybrid_shell,3,9,read → edit → shell:search/text,27,0.02925243770314193,923
project,agentskill-observability-paper,ALL,full_stream,hybrid_shell,3,10,edit → read → read,22,0.023835319609967497,923
project,agentskill-observability-paper,ALL,full_stream,hybrid_shell,3,11,edit → shell:search/text → read,22,0.023835319609967497,923
project,agentskill-observability-paper,ALL,full_stream,hybrid_shell,3,12,edit → edit → read,20,0.021668472372697724,923
project,agentskill-observability-paper,ALL,full_stream,hybrid_shell,3,13,edit → edit → shell:search/text,19,0.020585048754062838,923
project,agentskill-observability-paper,ALL,full_stream,hybrid_shell,3,14,shell:search/text → read → read,17,0.018418201516793065,923
project,agentskill-observability-paper,ALL,full_stream,hybrid_shell,3,15,shell:search/text → read → edit,15,0.016251354279523293,923
project,agentskill-observability-paper,ALL,full_stream,hybrid_shell,3,16,read → shell:search/text → shell:search/text,13,0.014084507042253521,923
project,agentskill-observability-paper,ALL,full_stream,hybrid_shell,3,17,edit → shell:search/text → shell:search/text,10,0.010834236186348862,923
project,agentskill-observability-paper,ALL,full_stream,hybrid_shell,3,18,shell:search/text → shell:search/text → read,10,0.010834236186348862,923
project,agentskill-observability-paper,ALL,full_stream,hybrid_shell,3,19,read → read → shell:search/text,9,0.009750812567713976,923
project,agentskill-observability-paper,ALL,full_stream,hybrid_shell,3,20,shell:search/text → edit → edit,9,0.009750812567713976,923
project,agentskill-observability-paper,ALL,full_stream,hybrid_shell,3,21,skill → read → read,9,0.009750812567713976,923
project,agentskill-observability-paper,ALL,full_stream,hybrid_shell,3,22,task → read → edit,9,0.009750812567713976,923
project,agentskill-observability-paper,ALL,full_stream,hybrid_shell,3,23,write → task → read,9,0.009750812567713976,923
project,agentskill-observability-paper,ALL,full_stream,hybrid_shell,3,24,edit → shell:search/text → edit,8,0.00866738894907909,923
project,agentskill-observability-paper,ALL,full_stream,hybrid_shell,3,25,shell:search/text → write → task,8,0.00866738894907909,923
project,agentskill-observability-paper,ALL,full_stream,hybrid_shell,3,26,read → read → shell:filesystem/navigation,7,0.007583965330444204,923
project,agentskill-observability-paper,ALL,full_stream,hybrid_shell,3,27,edit → shell:search/text → write,6,0.0065005417118093175,923
project,agentskill-observability-paper,ALL,full_stream,hybrid_shell,3,28,read → read → skill,6,0.0065005417118093175,923
project,agentskill-observability-paper,ALL,full_stream,hybrid_shell,3,29,read → skill → read,6,0.0065005417118093175,923
project,agentskill-observability-paper,ALL,full_stream,hybrid_shell,3,30,shell:filesystem/navigation → read → read,6,0.0065005417118093175,923
project,agentskill-observability-paper,ALL,full_stream,hybrid_shell,4,1,shell:search/text → shell:search/text → shell:search/text → shell:search/text,57,0.06361607142857142,896
project,agentskill-observability-paper,ALL,full_stream,hybrid_shell,4,2,read → edit → read → edit,46,0.05133928571428571,896
project,agentskill-observability-paper,ALL,full_stream,hybrid_shell,4,3,read → read → read → read,41,0.04575892857142857,896
project,agentskill-observability-paper,ALL,full_stream,hybrid_shell,4,4,edit → edit → edit → edit,38,0.04241071428571429,896
project,agentskill-observability-paper,ALL,full_stream,hybrid_shell,4,5,edit → read → edit → read,26,0.029017857142857144,896
project,agentskill-observability-paper,ALL,full_stream,hybrid_shell,4,6,search → search → search → search,25,0.027901785714285716,896
project,agentskill-observability-paper,ALL,full_stream,hybrid_shell,4,7,read → edit → edit → edit,19,0.021205357142857144,896
project,agentskill-observability-paper,ALL,full_stream,hybrid_shell,4,8,read → read → edit → read,19,0.021205357142857144,896
project,agentskill-observability-paper,ALL,full_stream,hybrid_shell,4,9,edit → read → read → edit,15,0.016741071428571428,896
project,agentskill-observability-paper,ALL,full_stream,hybrid_shell,4,10,read → edit → read → read,15,0.016741071428571428,896
project,agentskill-observability-paper,ALL,full_stream,hybrid_shell,4,11,edit → read → edit → shell:search/text,14,0.015625,896
project,agentskill-observability-paper,ALL,full_stream,hybrid_shell,4,12,read → edit → shell:search/text → read,14,0.015625,896
project,agentskill-observability-paper,ALL,full_stream,hybrid_shell,4,13,read → read → edit → edit,14,0.015625,896
project,agentskill-observability-paper,ALL,full_stream,hybrid_shell,4,14,edit → read → edit → edit,13,0.014508928571428572,896
project,agentskill-observability-paper,ALL,full_stream,hybrid_shell,4,15,read → read → read → edit,13,0.014508928571428572,896
project,agentskill-observability-paper,ALL,full_stream,hybrid_shell,4,16,edit → edit → edit → read,11,0.012276785714285714,896
project,agentskill-observability-paper,ALL,full_stream,hybrid_shell,4,17,edit → edit → edit → shell:search/text,11,0.012276785714285714,896
project,agentskill-observability-paper,ALL,full_stream,hybrid_shell,4,18,edit → edit → read → edit,11,0.012276785714285714,896
project,agentskill-observability-paper,ALL,full_stream,hybrid_shell,4,19,edit → shell:search/text → read → edit,10,0.011160714285714286,896
project,agentskill-observability-paper,ALL,full_stream,hybrid_shell,4,20,shell:search/text → read → read → edit,10,0.011160714285714286,896
project,agentskill-observability-paper,ALL,full_stream,hybrid_shell,4,21,edit → shell:search/text → read → read,9,0.010044642857142858,896
project,agentskill-observability-paper,ALL,full_stream,hybrid_shell,4,22,read → shell:search/text → shell:search/text → shell:search/text,9,0.010044642857142858,896
project,agentskill-observability-paper,ALL,full_stream,hybrid_shell,4,23,edit → edit → shell:search/text → read,8,0.008928571428571428,896
project,agentskill-observability-paper,ALL,full_stream,hybrid_shell,4,24,read → edit → edit → read,8,0.008928571428571428,896
project,agentskill-observability-paper,ALL,full_stream,hybrid_shell,4,25,read → read → edit → shell:search/text,7,0.0078125,896
project,agentskill-observability-paper,ALL,full_stream,hybrid_shell,4,26,read → read → shell:search/text → shell:search/text,7,0.0078125,896
project,agentskill-observability-paper,ALL,full_stream,hybrid_shell,4,27,shell:search/text → write → task → read,7,0.0078125,896
project,agentskill-observability-paper,ALL,full_stream,hybrid_shell,4,28,task → read → edit → read,7,0.0078125,896
project,agentskill-observability-paper,ALL,full_stream,hybrid_shell,4,29,write → task → read → edit,7,0.0078125,896
project,agentskill-observability-paper,ALL,full_stream,hybrid_shell,4,30,edit → edit → read → read,6,0.006696428571428571,896
project,agentskill-observability-paper,ALL,full_stream,tool_family,2,1,read → read,153,0.16020942408376965,955
project,agentskill-observability-paper,ALL,full_stream,tool_family,2,2,shell → shell,137,0.14345549738219895,955
project,agentskill-observability-paper,ALL,full_stream,tool_family,2,3,read → edit,132,0.1382198952879581,955
project,agentskill-observability-paper,ALL,full_stream,tool_family,2,4,edit → edit,110,0.11518324607329843,955
project,agentskill-observability-paper,ALL,full_stream,tool_family,2,5,edit → read,86,0.09005235602094241,955
project,agentskill-observability-paper,ALL,full_stream,tool_family,2,6,edit → shell,63,0.06596858638743455,955
project,agentskill-observability-paper,ALL,full_stream,tool_family,2,7,shell → read,56,0.05863874345549738,955
project,agentskill-observability-paper,ALL,full_stream,tool_family,2,8,search → search,38,0.039790575916230364,955
project,agentskill-observability-paper,ALL,full_stream,tool_family,2,9,read → shell,29,0.030366492146596858,955
project,agentskill-observability-paper,ALL,full_stream,tool_family,2,10,shell → edit,15,0.015706806282722512,955
project,agentskill-observability-paper,ALL,full_stream,tool_family,2,11,shell → write,15,0.015706806282722512,955
project,agentskill-observability-paper,ALL,full_stream,tool_family,2,12,task → read,15,0.015706806282722512,955
project,agentskill-observability-paper,ALL,full_stream,tool_family,2,13,write → task,13,0.013612565445026177,955
project,agentskill-observability-paper,ALL,full_stream,tool_family,2,14,skill → read,10,0.010471204188481676,955
project,agentskill-observability-paper,ALL,full_stream,tool_family,2,15,shell → task,9,0.009424083769633508,955
project,agentskill-observability-paper,ALL,full_stream,tool_family,2,16,read → skill,8,0.008376963350785341,955
project,agentskill-observability-paper,ALL,full_stream,tool_family,2,17,fetch → fetch,5,0.005235602094240838,955
project,agentskill-observability-paper,ALL,full_stream,tool_family,2,18,search → fetch,5,0.005235602094240838,955
project,agentskill-observability-paper,ALL,full_stream,tool_family,2,19,task → task,4,0.004188481675392671,955
project,agentskill-observability-paper,ALL,full_stream,tool_family,2,20,tool discovery → search,4,0.004188481675392671,955
project,agentskill-observability-paper,ALL,full_stream,tool_family,2,21,fetch → search,3,0.0031413612565445027,955
project,agentskill-observability-paper,ALL,full_stream,tool_family,2,22,task → edit,3,0.0031413612565445027,955
project,agentskill-observability-paper,ALL,full_stream,tool_family,2,23,task → shell,3,0.0031413612565445027,955
project,agentskill-observability-paper,ALL,full_stream,tool_family,2,24,task → write,3,0.0031413612565445027,955
project,agentskill-observability-paper,ALL,full_stream,tool_family,2,25,coordination → tool discovery,2,0.0020942408376963353,955
project,agentskill-observability-paper,ALL,full_stream,tool_family,2,26,edit → task,2,0.0020942408376963353,955
project,agentskill-observability-paper,ALL,full_stream,tool_family,2,27,read → other,2,0.0020942408376963353,955
project,agentskill-observability-paper,ALL,full_stream,tool_family,2,28,shell → search,2,0.0020942408376963353,955
project,agentskill-observability-paper,ALL,full_stream,tool_family,2,29,task → coordination,2,0.0020942408376963353,955
project,agentskill-observability-paper,ALL,full_stream,tool_family,2,30,write → edit,2,0.0020942408376963353,955
project,agentskill-observability-paper,ALL,full_stream,tool_family,3,1,shell → shell → shell,96,0.10400866738894908,923
project,agentskill-observability-paper,ALL,full_stream,tool_family,3,2,read → read → read,73,0.0790899241603467,923
project,agentskill-observability-paper,ALL,full_stream,tool_family,3,3,edit → edit → edit,63,0.06825568797399784,923
project,agentskill-observability-paper,ALL,full_stream,tool_family,3,4,read → edit → read,62,0.06717226435536294,923
project,agentskill-observability-paper,ALL,full_stream,tool_family,3,5,edit → read → edit,59,0.06392199349945829,923
project,agentskill-observability-paper,ALL,full_stream,tool_family,3,6,read → read → edit,42,0.04550379198266522,923
project,agentskill-observability-paper,ALL,full_stream,tool_family,3,7,read → edit → edit,34,0.03683640303358613,923
project,agentskill-observability-paper,ALL,full_stream,tool_family,3,8,read → edit → shell,33,0.035752979414951244,923
project,agentskill-observability-paper,ALL,full_stream,tool_family,3,9,search → search → search,31,0.03358613217768147,923
project,agentskill-observability-paper,ALL,full_stream,tool_family,3,10,edit → shell → read,27,0.02925243770314193,923
project,agentskill-observability-paper,ALL,full_stream,tool_family,3,11,edit → edit → shell,25,0.027085590465872156,923
project,agentskill-observability-paper,ALL,full_stream,tool_family,3,12,shell → read → read,23,0.024918743228602384,923
project,agentskill-observability-paper,ALL,full_stream,tool_family,3,13,edit → read → read,22,0.023835319609967497,923
project,agentskill-observability-paper,ALL,full_stream,tool_family,3,14,edit → edit → read,20,0.021668472372697724,923
project,agentskill-observability-paper,ALL,full_stream,tool_family,3,15,read → shell → shell,19,0.020585048754062838,923
project,agentskill-observability-paper,ALL,full_stream,tool_family,3,16,shell → read → edit,19,0.020585048754062838,923
project,agentskill-observability-paper,ALL,full_stream,tool_family,3,17,shell → shell → read,19,0.020585048754062838,923
project,agentskill-observability-paper,ALL,full_stream,tool_family,3,18,read → read → shell,16,0.01733477789815818,923
project,agentskill-observability-paper,ALL,full_stream,tool_family,3,19,edit → shell → shell,14,0.015167930660888408,923
project,agentskill-observability-paper,ALL,full_stream,tool_family,3,20,shell → edit → edit,10,0.010834236186348862,923
project,agentskill-observability-paper,ALL,full_stream,tool_family,3,21,shell → read → shell,10,0.010834236186348862,923
project,agentskill-observability-paper,ALL,full_stream,tool_family,3,22,shell → write → task,10,0.010834236186348862,923
project,agentskill-observability-paper,ALL,full_stream,tool_family,3,23,edit → shell → write,9,0.009750812567713976,923
project,agentskill-observability-paper,ALL,full_stream,tool_family,3,24,skill → read → read,9,0.009750812567713976,923
project,agentskill-observability-paper,ALL,full_stream,tool_family,3,25,task → read → edit,9,0.009750812567713976,923
project,agentskill-observability-paper,ALL,full_stream,tool_family,3,26,write → task → read,9,0.009750812567713976,923
project,agentskill-observability-paper,ALL,full_stream,tool_family,3,27,edit → shell → edit,8,0.00866738894907909,923
project,agentskill-observability-paper,ALL,full_stream,tool_family,3,28,shell → shell → edit,7,0.007583965330444204,923
project,agentskill-observability-paper,ALL,full_stream,tool_family,3,29,read → read → skill,6,0.0065005417118093175,923
project,agentskill-observability-paper,ALL,full_stream,tool_family,3,30,read → skill → read,6,0.0065005417118093175,923
project,agentskill-observability-paper,ALL,full_stream,tool_family,4,1,shell → shell → shell → shell,71,0.07924107142857142,896
project,agentskill-observability-paper,ALL,full_stream,tool_family,4,2,read → edit → read → edit,46,0.05133928571428571,896
project,agentskill-observability-paper,ALL,full_stream,tool_family,4,3,read → read → read → read,41,0.04575892857142857,896
project,agentskill-observability-paper,ALL,full_stream,tool_family,4,4,edit → edit → edit → edit,38,0.04241071428571429,896
project,agentskill-observability-paper,ALL,full_stream,tool_family,4,5,edit → read → edit → read,26,0.029017857142857144,896
project,agentskill-observability-paper,ALL,full_stream,tool_family,4,6,search → search → search → search,25,0.027901785714285716,896
project,agentskill-observability-paper,ALL,full_stream,tool_family,4,7,edit → read → edit → shell,19,0.021205357142857144,896
project,agentskill-observability-paper,ALL,full_stream,tool_family,4,8,read → edit → edit → edit,19,0.021205357142857144,896
project,agentskill-observability-paper,ALL,full_stream,tool_family,4,9,read → read → edit → read,19,0.021205357142857144,896
project,agentskill-observability-paper,ALL,full_stream,tool_family,4,10,read → edit → shell → read,16,0.017857142857142856,896
project,agentskill-observability-paper,ALL,full_stream,tool_family,4,11,edit → read → read → edit,15,0.016741071428571428,896
project,agentskill-observability-paper,ALL,full_stream,tool_family,4,12,read → edit → read → read,15,0.016741071428571428,896
project,agentskill-observability-paper,ALL,full_stream,tool_family,4,13,read → read → edit → edit,14,0.015625,896
project,agentskill-observability-paper,ALL,full_stream,tool_family,4,14,edit → edit → edit → shell,13,0.014508928571428572,896
project,agentskill-observability-paper,ALL,full_stream,tool_family,4,15,edit → read → edit → edit,13,0.014508928571428572,896
project,agentskill-observability-paper,ALL,full_stream,tool_family,4,16,read → read → read → edit,13,0.014508928571428572,896
project,agentskill-observability-paper,ALL,full_stream,tool_family,4,17,edit → shell → read → edit,12,0.013392857142857142,896
project,agentskill-observability-paper,ALL,full_stream,tool_family,4,18,read → shell → shell → shell,12,0.013392857142857142,896
project,agentskill-observability-paper,ALL,full_stream,tool_family,4,19,shell → shell → shell → read,12,0.013392857142857142,896
project,agentskill-observability-paper,ALL,full_stream,tool_family,4,20,edit → edit → edit → read,11,0.012276785714285714,896
project,agentskill-observability-paper,ALL,full_stream,tool_family,4,21,edit → edit → read → edit,11,0.012276785714285714,896
project,agentskill-observability-paper,ALL,full_stream,tool_family,4,22,edit → shell → read → read,11,0.012276785714285714,896
project,agentskill-observability-paper,ALL,full_stream,tool_family,4,23,edit → edit → shell → read,10,0.011160714285714286,896
project,agentskill-observability-paper,ALL,full_stream,tool_family,4,24,read → read → shell → shell,10,0.011160714285714286,896
project,agentskill-observability-paper,ALL,full_stream,tool_family,4,25,shell → read → read → edit,10,0.011160714285714286,896
project,agentskill-observability-paper,ALL,full_stream,tool_family,4,26,shell → shell → read → read,10,0.011160714285714286,896
project,agentskill-observability-paper,ALL,full_stream,tool_family,4,27,read → read → read → shell,9,0.010044642857142858,896
project,agentskill-observability-paper,ALL,full_stream,tool_family,4,28,shell → read → read → read,9,0.010044642857142858,896
project,agentskill-observability-paper,ALL,full_stream,tool_family,4,29,edit → shell → shell → shell,8,0.008928571428571428,896
project,agentskill-observability-paper,ALL,full_stream,tool_family,4,30,read → edit → edit → read,8,0.008928571428571428,896
project,agentskill-observability-paper,ALL,same_prompt,hybrid_shell,2,1,read → read,128,0.15667074663402691,817
project,agentskill-observability-paper,ALL,same_prompt,hybrid_shell,2,2,read → edit,113,0.1383108935128519,817
project,agentskill-observability-paper,ALL,same_prompt,hybrid_shell,2,3,edit → edit,104,0.12729498164014688,817
project,agentskill-observability-paper,ALL,same_prompt,hybrid_shell,2,4,shell:search/text → shell:search/text,103,0.12607099143206854,817
project,agentskill-observability-paper,ALL,same_prompt,hybrid_shell,2,5,edit → read,70,0.08567931456548347,817
project,agentskill-observability-paper,ALL,same_prompt,hybrid_shell,2,6,search → search,38,0.046511627906976744,817
project,agentskill-observability-paper,ALL,same_prompt,hybrid_shell,2,7,edit → shell:search/text,37,0.04528763769889841,817
project,agentskill-observability-paper,ALL,same_prompt,hybrid_shell,2,8,shell:search/text → read,28,0.03427172582619339,817
project,agentskill-observability-paper,ALL,same_prompt,hybrid_shell,2,9,read → shell:search/text,13,0.01591187270501836,817
project,agentskill-observability-paper,ALL,same_prompt,hybrid_shell,2,10,write → task,13,0.01591187270501836,817
project,agentskill-observability-paper,ALL,same_prompt,hybrid_shell,2,11,shell:search/text → write,12,0.014687882496940025,817
project,agentskill-observability-paper,ALL,same_prompt,hybrid_shell,2,12,edit → shell:filesystem/navigation,10,0.012239902080783354,817
project,agentskill-observability-paper,ALL,same_prompt,hybrid_shell,2,13,shell:search/text → edit,10,0.012239902080783354,817
project,agentskill-observability-paper,ALL,same_prompt,hybrid_shell,2,14,skill → read,10,0.012239902080783354,817
project,agentskill-observability-paper,ALL,same_prompt,hybrid_shell,2,15,read → shell:filesystem/navigation,9,0.011015911872705019,817
project,agentskill-observability-paper,ALL,same_prompt,hybrid_shell,2,16,shell:filesystem/navigation → read,9,0.011015911872705019,817
project,agentskill-observability-paper,ALL,same_prompt,hybrid_shell,2,17,read → skill,7,0.008567931456548347,817
project,agentskill-observability-paper,ALL,same_prompt,hybrid_shell,2,18,shell:filesystem/navigation → shell:search/text,7,0.008567931456548347,817
project,agentskill-observability-paper,ALL,same_prompt,hybrid_shell,2,19,task → read,7,0.008567931456548347,817
project,agentskill-observability-paper,ALL,same_prompt,hybrid_shell,2,20,fetch → fetch,5,0.006119951040391677,817
project,agentskill-observability-paper,ALL,same_prompt,hybrid_shell,2,21,search → fetch,5,0.006119951040391677,817
project,agentskill-observability-paper,ALL,same_prompt,hybrid_shell,2,22,shell:filesystem/navigation → task,5,0.006119951040391677,817
project,agentskill-observability-paper,ALL,same_prompt,hybrid_shell,2,23,shell:git/repository → shell:git/repository,5,0.006119951040391677,817
project,agentskill-observability-paper,ALL,same_prompt,hybrid_shell,2,24,shell:search/text → shell:filesystem/navigation,5,0.006119951040391677,817
project,agentskill-observability-paper,ALL,same_prompt,hybrid_shell,2,25,edit → shell:build/check,4,0.004895960832313341,817
project,agentskill-observability-paper,ALL,same_prompt,hybrid_shell,2,26,shell:filesystem/navigation → shell:filesystem/navigation,4,0.004895960832313341,817
project,agentskill-observability-paper,ALL,same_prompt,hybrid_shell,2,27,task → task,4,0.004895960832313341,817
project,agentskill-observability-paper,ALL,same_prompt,hybrid_shell,2,28,tool discovery → search,4,0.004895960832313341,817
project,agentskill-observability-paper,ALL,same_prompt,hybrid_shell,2,29,fetch → search,3,0.0036719706242350062,817
project,agentskill-observability-paper,ALL,same_prompt,hybrid_shell,2,30,shell:filesystem/navigation → write,2,0.0024479804161566705,817
project,agentskill-observability-paper,ALL,same_prompt,hybrid_shell,3,1,shell:search/text → shell:search/text → shell:search/text,73,0.10473457675753228,697
project,agentskill-observability-paper,ALL,same_prompt,hybrid_shell,3,2,edit → edit → edit,60,0.08608321377331421,697
project,agentskill-observability-paper,ALL,same_prompt,hybrid_shell,3,3,read → read → read,55,0.07890961262553801,697
project,agentskill-observability-paper,ALL,same_prompt,hybrid_shell,3,4,edit → read → edit,47,0.06743185078909612,697
project,agentskill-observability-paper,ALL,same_prompt,hybrid_shell,3,5,read → edit → read,45,0.06456241032998565,697
project,agentskill-observability-paper,ALL,same_prompt,hybrid_shell,3,6,search → search → search,31,0.04447632711621234,697
project,agentskill-observability-paper,ALL,same_prompt,hybrid_shell,3,7,read → edit → edit,30,0.043041606886657105,697
project,agentskill-observability-paper,ALL,same_prompt,hybrid_shell,3,8,read → read → edit,23,0.03299856527977044,697
project,agentskill-observability-paper,ALL,same_prompt,hybrid_shell,3,9,edit → read → read,18,0.02582496413199426,697
project,agentskill-observability-paper,ALL,same_prompt,hybrid_shell,3,10,read → edit → shell:search/text,18,0.02582496413199426,697
project,agentskill-observability-paper,ALL,same_prompt,hybrid_shell,3,11,edit → edit → read,15,0.021520803443328552,697
project,agentskill-observability-paper,ALL,same_prompt,hybrid_shell,3,12,edit → edit → shell:search/text,14,0.020086083213773313,697
project,agentskill-observability-paper,ALL,same_prompt,hybrid_shell,3,13,read → shell:search/text → shell:search/text,9,0.01291248206599713,697
project,agentskill-observability-paper,ALL,same_prompt,hybrid_shell,3,14,shell:search/text → read → read,9,0.01291248206599713,697
project,agentskill-observability-paper,ALL,same_prompt,hybrid_shell,3,15,skill → read → read,9,0.01291248206599713,697
project,agentskill-observability-paper,ALL,same_prompt,hybrid_shell,3,16,edit → shell:search/text → shell:search/text,8,0.011477761836441894,697
project,agentskill-observability-paper,ALL,same_prompt,hybrid_shell,3,17,shell:search/text → read → edit,8,0.011477761836441894,697
project,agentskill-observability-paper,ALL,same_prompt,hybrid_shell,3,18,shell:search/text → write → task,8,0.011477761836441894,697
project,agentskill-observability-paper,ALL,same_prompt,hybrid_shell,3,19,shell:search/text → shell:search/text → read,7,0.010043041606886656,697
project,agentskill-observability-paper,ALL,same_prompt,hybrid_shell,3,20,edit → shell:search/text → write,6,0.00860832137733142,697
project,agentskill-observability-paper,ALL,same_prompt,hybrid_shell,3,21,read → read → shell:search/text,6,0.00860832137733142,697
project,agentskill-observability-paper,ALL,same_prompt,hybrid_shell,3,22,shell:search/text → edit → edit,6,0.00860832137733142,697
project,agentskill-observability-paper,ALL,same_prompt,hybrid_shell,3,23,shell:search/text → shell:search/text → write,6,0.00860832137733142,697
project,agentskill-observability-paper,ALL,same_prompt,hybrid_shell,3,24,edit → edit → shell:filesystem/navigation,5,0.007173601147776184,697
project,agentskill-observability-paper,ALL,same_prompt,hybrid_shell,3,25,edit → shell:search/text → edit,5,0.007173601147776184,697
project,agentskill-observability-paper,ALL,same_prompt,hybrid_shell,3,26,read → read → shell:filesystem/navigation,5,0.007173601147776184,697
project,agentskill-observability-paper,ALL,same_prompt,hybrid_shell,3,27,read → read → skill,5,0.007173601147776184,697
project,agentskill-observability-paper,ALL,same_prompt,hybrid_shell,3,28,read → skill → read,5,0.007173601147776184,697
project,agentskill-observability-paper,ALL,same_prompt,hybrid_shell,3,29,search → search → fetch,5,0.007173601147776184,697
project,agentskill-observability-paper,ALL,same_prompt,hybrid_shell,3,30,shell:filesystem/navigation → read → read,5,0.007173601147776184,697
project,agentskill-observability-paper,ALL,same_prompt,hybrid_shell,4,1,shell:search/text → shell:search/text → shell:search/text → shell:search/text,56,0.09195402298850575,609
project,agentskill-observability-paper,ALL,same_prompt,hybrid_shell,4,2,edit → edit → edit → edit,38,0.06239737274220033,609
project,agentskill-observability-paper,ALL,same_prompt,hybrid_shell,4,3,read → edit → read → edit,33,0.054187192118226604,609
project,agentskill-observability-paper,ALL,same_prompt,hybrid_shell,4,4,read → read → read → read,29,0.047619047619047616,609
project,agentskill-observability-paper,ALL,same_prompt,hybrid_shell,4,5,search → search → search → search,25,0.041050903119868636,609
project,agentskill-observability-paper,ALL,same_prompt,hybrid_shell,4,6,edit → read → edit → read,19,0.031198686371100164,609
project,agentskill-observability-paper,ALL,same_prompt,hybrid_shell,4,7,read → edit → edit → edit,14,0.022988505747126436,609
project,agentskill-observability-paper,ALL,same_prompt,hybrid_shell,4,8,edit → read → read → edit,12,0.019704433497536946,609
project,agentskill-observability-paper,ALL,same_prompt,hybrid_shell,4,9,edit → read → edit → shell:search/text,11,0.0180623973727422,609
project,agentskill-observability-paper,ALL,same_prompt,hybrid_shell,4,10,read → read → edit → read,11,0.0180623973727422,609
project,agentskill-observability-paper,ALL,same_prompt,hybrid_shell,4,11,read → edit → read → read,10,0.016420361247947456,609
project,agentskill-observability-paper,ALL,same_prompt,hybrid_shell,4,12,edit → edit → edit → shell:search/text,9,0.014778325123152709,609
project,agentskill-observability-paper,ALL,same_prompt,hybrid_shell,4,13,edit → read → edit → edit,9,0.014778325123152709,609
project,agentskill-observability-paper,ALL,same_prompt,hybrid_shell,4,14,edit → edit → read → edit,8,0.013136288998357963,609
project,agentskill-observability-paper,ALL,same_prompt,hybrid_shell,4,15,read → edit → edit → read,8,0.013136288998357963,609
project,agentskill-observability-paper,ALL,same_prompt,hybrid_shell,4,16,read → read → edit → edit,8,0.013136288998357963,609
project,agentskill-observability-paper,ALL,same_prompt,hybrid_shell,4,17,edit → edit → edit → read,7,0.011494252873563218,609
project,agentskill-observability-paper,ALL,same_prompt,hybrid_shell,4,18,edit → shell:search/text → shell:search/text → shell:search/text,6,0.009852216748768473,609
project,agentskill-observability-paper,ALL,same_prompt,hybrid_shell,4,19,read → shell:search/text → shell:search/text → shell:search/text,6,0.009852216748768473,609
project,agentskill-observability-paper,ALL,same_prompt,hybrid_shell,4,20,shell:search/text → read → read → edit,6,0.009852216748768473,609
project,agentskill-observability-paper,ALL,same_prompt,hybrid_shell,4,21,edit → edit → read → read,5,0.008210180623973728,609
project,agentskill-observability-paper,ALL,same_prompt,hybrid_shell,4,22,edit → shell:search/text → write → task,5,0.008210180623973728,609
project,agentskill-observability-paper,ALL,same_prompt,hybrid_shell,4,23,read → edit → shell:search/text → shell:search/text,5,0.008210180623973728,609
project,agentskill-observability-paper,ALL,same_prompt,hybrid_shell,4,24,read → read → shell:search/text → shell:search/text,5,0.008210180623973728,609
project,agentskill-observability-paper,ALL,same_prompt,hybrid_shell,4,25,read → skill → read → read,5,0.008210180623973728,609
project,agentskill-observability-paper,ALL,same_prompt,hybrid_shell,4,26,skill → read → read → read,5,0.008210180623973728,609
project,agentskill-observability-paper,ALL,same_prompt,hybrid_shell,4,27,edit → edit → shell:search/text → write,4,0.006568144499178982,609
project,agentskill-observability-paper,ALL,same_prompt,hybrid_shell,4,28,read → read → read → edit,4,0.006568144499178982,609
project,agentskill-observability-paper,ALL,same_prompt,hybrid_shell,4,29,search → search → search → fetch,4,0.006568144499178982,609
project,agentskill-observability-paper,ALL,same_prompt,hybrid_shell,4,30,shell:search/text → write → task → read,4,0.006568144499178982,609
project,agentskill-observability-paper,ALL,same_prompt,tool_family,2,1,shell → shell,132,0.16156670746634028,817
project,agentskill-observability-paper,ALL,same_prompt,tool_family,2,2,read → read,128,0.15667074663402691,817
project,agentskill-observability-paper,ALL,same_prompt,tool_family,2,3,read → edit,113,0.1383108935128519,817
project,agentskill-observability-paper,ALL,same_prompt,tool_family,2,4,edit → edit,104,0.12729498164014688,817
project,agentskill-observability-paper,ALL,same_prompt,tool_family,2,5,edit → read,70,0.08567931456548347,817
project,agentskill-observability-paper,ALL,same_prompt,tool_family,2,6,edit → shell,52,0.06364749082007344,817
project,agentskill-observability-paper,ALL,same_prompt,tool_family,2,7,search → search,38,0.046511627906976744,817
project,agentskill-observability-paper,ALL,same_prompt,tool_family,2,8,shell → read,37,0.04528763769889841,817
project,agentskill-observability-paper,ALL,same_prompt,tool_family,2,9,read → shell,23,0.028151774785801713,817
project,agentskill-observability-paper,ALL,same_prompt,tool_family,2,10,shell → write,15,0.01835985312117503,817
project,agentskill-observability-paper,ALL,same_prompt,tool_family,2,11,write → task,13,0.01591187270501836,817
project,agentskill-observability-paper,ALL,same_prompt,tool_family,2,12,shell → edit,11,0.01346389228886169,817
project,agentskill-observability-paper,ALL,same_prompt,tool_family,2,13,skill → read,10,0.012239902080783354,817
project,agentskill-observability-paper,ALL,same_prompt,tool_family,2,14,read → skill,7,0.008567931456548347,817
project,agentskill-observability-paper,ALL,same_prompt,tool_family,2,15,shell → task,7,0.008567931456548347,817
project,agentskill-observability-paper,ALL,same_prompt,tool_family,2,16,task → read,7,0.008567931456548347,817
project,agentskill-observability-paper,ALL,same_prompt,tool_family,2,17,fetch → fetch,5,0.006119951040391677,817
project,agentskill-observability-paper,ALL,same_prompt,tool_family,2,18,search → fetch,5,0.006119951040391677,817
project,agentskill-observability-paper,ALL,same_prompt,tool_family,2,19,task → task,4,0.004895960832313341,817
project,agentskill-observability-paper,ALL,same_prompt,tool_family,2,20,tool discovery → search,4,0.004895960832313341,817
project,agentskill-observability-paper,ALL,same_prompt,tool_family,2,21,fetch → search,3,0.0036719706242350062,817
project,agentskill-observability-paper,ALL,same_prompt,tool_family,2,22,task → shell,3,0.0036719706242350062,817
project,agentskill-observability-paper,ALL,same_prompt,tool_family,2,23,task → edit,2,0.0024479804161566705,817
project,agentskill-observability-paper,ALL,same_prompt,tool_family,2,24,task → write,2,0.0024479804161566705,817
project,agentskill-observability-paper,ALL,same_prompt,tool_family,2,25,write → multimodal,2,0.0024479804161566705,817
project,agentskill-observability-paper,ALL,same_prompt,tool_family,2,26,write → shell,2,0.0024479804161566705,817
project,agentskill-observability-paper,ALL,same_prompt,tool_family,2,27,edit → task,1,0.0012239902080783353,817
project,agentskill-observability-paper,ALL,same_prompt,tool_family,2,28,fetch → edit,1,0.0012239902080783353,817
project,agentskill-observability-paper,ALL,same_prompt,tool_family,2,29,fetch → read,1,0.0012239902080783353,817
project,agentskill-observability-paper,ALL,same_prompt,tool_family,2,30,other → edit,1,0.0012239902080783353,817
project,agentskill-observability-paper,ALL,same_prompt,tool_family,3,1,shell → shell → shell,93,0.133428981348637,697
project,agentskill-observability-paper,ALL,same_prompt,tool_family,3,2,edit → edit → edit,60,0.08608321377331421,697
project,agentskill-observability-paper,ALL,same_prompt,tool_family,3,3,read → read → read,55,0.07890961262553801,697
project,agentskill-observability-paper,ALL,same_prompt,tool_family,3,4,edit → read → edit,47,0.06743185078909612,697
project,agentskill-observability-paper,ALL,same_prompt,tool_family,3,5,read → edit → read,45,0.06456241032998565,697
project,agentskill-observability-paper,ALL,same_prompt,tool_family,3,6,search → search → search,31,0.04447632711621234,697
project,agentskill-observability-paper,ALL,same_prompt,tool_family,3,7,read → edit → edit,30,0.043041606886657105,697
project,agentskill-observability-paper,ALL,same_prompt,tool_family,3,8,read → read → edit,23,0.03299856527977044,697
project,agentskill-observability-paper,ALL,same_prompt,tool_family,3,9,read → edit → shell,22,0.03156384505021521,697
project,agentskill-observability-paper,ALL,same_prompt,tool_family,3,10,edit → edit → shell,20,0.028694404591104734,697
project,agentskill-observability-paper,ALL,same_prompt,tool_family,3,11,edit → read → read,18,0.02582496413199426,697
project,agentskill-observability-paper,ALL,same_prompt,tool_family,3,12,edit → edit → read,15,0.021520803443328552,697
project,agentskill-observability-paper,ALL,same_prompt,tool_family,3,13,read → shell → shell,15,0.021520803443328552,697
project,agentskill-observability-paper,ALL,same_prompt,tool_family,3,14,shell → read → read,14,0.020086083213773313,697
project,agentskill-observability-paper,ALL,same_prompt,tool_family,3,15,edit → shell → shell,12,0.01721664275466284,697
project,agentskill-observability-paper,ALL,same_prompt,tool_family,3,16,shell → shell → read,12,0.01721664275466284,697
project,agentskill-observability-paper,ALL,same_prompt,tool_family,3,17,read → read → shell,11,0.015781922525107604,697
project,agentskill-observability-paper,ALL,same_prompt,tool_family,3,18,shell → read → edit,10,0.014347202295552367,697
project,agentskill-observability-paper,ALL,same_prompt,tool_family,3,19,shell → write → task,10,0.014347202295552367,697
project,agentskill-observability-paper,ALL,same_prompt,tool_family,3,20,edit → shell → write,9,0.01291248206599713,697
project,agentskill-observability-paper,ALL,same_prompt,tool_family,3,21,skill → read → read,9,0.01291248206599713,697
project,agentskill-observability-paper,ALL,same_prompt,tool_family,3,22,edit → shell → read,7,0.010043041606886656,697
project,agentskill-observability-paper,ALL,same_prompt,tool_family,3,23,shell → edit → edit,7,0.010043041606886656,697
project,agentskill-observability-paper,ALL,same_prompt,tool_family,3,24,shell → shell → write,6,0.00860832137733142,697
project,agentskill-observability-paper,ALL,same_prompt,tool_family,3,25,edit → shell → edit,5,0.007173601147776184,697
project,agentskill-observability-paper,ALL,same_prompt,tool_family,3,26,read → read → skill,5,0.007173601147776184,697
project,agentskill-observability-paper,ALL,same_prompt,tool_family,3,27,read → skill → read,5,0.007173601147776184,697
project,agentskill-observability-paper,ALL,same_prompt,tool_family,3,28,search → search → fetch,5,0.007173601147776184,697
project,agentskill-observability-paper,ALL,same_prompt,tool_family,3,29,shell → read → shell,5,0.007173601147776184,697
project,agentskill-observability-paper,ALL,same_prompt,tool_family,3,30,shell → shell → edit,5,0.007173601147776184,697
project,agentskill-observability-paper,ALL,same_prompt,tool_family,4,1,shell → shell → shell → shell,69,0.11330049261083744,609
project,agentskill-observability-paper,ALL,same_prompt,tool_family,4,2,edit → edit → edit → edit,38,0.06239737274220033,609
project,agentskill-observability-paper,ALL,same_prompt,tool_family,4,3,read → edit → read → edit,33,0.054187192118226604,609
project,agentskill-observability-paper,ALL,same_prompt,tool_family,4,4,read → read → read → read,29,0.047619047619047616,609
project,agentskill-observability-paper,ALL,same_prompt,tool_family,4,5,search → search → search → search,25,0.041050903119868636,609
project,agentskill-observability-paper,ALL,same_prompt,tool_family,4,6,edit → read → edit → read,19,0.031198686371100164,609
project,agentskill-observability-paper,ALL,same_prompt,tool_family,4,7,edit → read → edit → shell,15,0.024630541871921183,609
project,agentskill-observability-paper,ALL,same_prompt,tool_family,4,8,read → edit → edit → edit,14,0.022988505747126436,609
project,agentskill-observability-paper,ALL,same_prompt,tool_family,4,9,edit → read → read → edit,12,0.019704433497536946,609
project,agentskill-observability-paper,ALL,same_prompt,tool_family,4,10,edit → edit → edit → shell,11,0.0180623973727422,609
project,agentskill-observability-paper,ALL,same_prompt,tool_family,4,11,read → read → edit → read,11,0.0180623973727422,609
project,agentskill-observability-paper,ALL,same_prompt,tool_family,4,12,read → edit → read → read,10,0.016420361247947456,609
project,agentskill-observability-paper,ALL,same_prompt,tool_family,4,13,edit → read → edit → edit,9,0.014778325123152709,609
project,agentskill-observability-paper,ALL,same_prompt,tool_family,4,14,read → shell → shell → shell,9,0.014778325123152709,609
project,agentskill-observability-paper,ALL,same_prompt,tool_family,4,15,edit → edit → read → edit,8,0.013136288998357963,609
project,agentskill-observability-paper,ALL,same_prompt,tool_family,4,16,edit → shell → shell → shell,8,0.013136288998357963,609
project,agentskill-observability-paper,ALL,same_prompt,tool_family,4,17,read → edit → edit → read,8,0.013136288998357963,609
project,agentskill-observability-paper,ALL,same_prompt,tool_family,4,18,read → read → edit → edit,8,0.013136288998357963,609
project,agentskill-observability-paper,ALL,same_prompt,tool_family,4,19,edit → edit → edit → read,7,0.011494252873563218,609
project,agentskill-observability-paper,ALL,same_prompt,tool_family,4,20,edit → shell → write → task,7,0.011494252873563218,609
project,agentskill-observability-paper,ALL,same_prompt,tool_family,4,21,read → edit → shell → shell,7,0.011494252873563218,609
project,agentskill-observability-paper,ALL,same_prompt,tool_family,4,22,read → read → shell → shell,7,0.011494252873563218,609
project,agentskill-observability-paper,ALL,same_prompt,tool_family,4,23,shell → shell → shell → read,7,0.011494252873563218,609
project,agentskill-observability-paper,ALL,same_prompt,tool_family,4,24,shell → read → read → edit,6,0.009852216748768473,609
project,agentskill-observability-paper,ALL,same_prompt,tool_family,4,25,shell → shell → read → read,6,0.009852216748768473,609
project,agentskill-observability-paper,ALL,same_prompt,tool_family,4,26,edit → edit → read → read,5,0.008210180623973728,609
project,agentskill-observability-paper,ALL,same_prompt,tool_family,4,27,read → read → read → shell,5,0.008210180623973728,609
project,agentskill-observability-paper,ALL,same_prompt,tool_family,4,28,read → skill → read → read,5,0.008210180623973728,609
project,agentskill-observability-paper,ALL,same_prompt,tool_family,4,29,shell → write → task → read,5,0.008210180623973728,609
project,agentskill-observability-paper,ALL,same_prompt,tool_family,4,30,skill → read → read → read,5,0.008210180623973728,609
project_vendor,agentskill-observability-paper,claude,full_stream,hybrid_shell,2,1,read → read,153,0.16020942408376965,955
project_vendor,agentskill-observability-paper,claude,full_stream,hybrid_shell,2,2,read → edit,132,0.1382198952879581,955
project_vendor,agentskill-observability-paper,claude,full_stream,hybrid_shell,2,3,edit → edit,110,0.11518324607329843,955
project_vendor,agentskill-observability-paper,claude,full_stream,hybrid_shell,2,4,shell:search/text → shell:search/text,107,0.11204188481675392,955
project_vendor,agentskill-observability-paper,claude,full_stream,hybrid_shell,2,5,edit → read,86,0.09005235602094241,955
project_vendor,agentskill-observability-paper,claude,full_stream,hybrid_shell,2,6,edit → shell:search/text,47,0.049214659685863874,955
project_vendor,agentskill-observability-paper,claude,full_stream,hybrid_shell,2,7,shell:search/text → read,43,0.04502617801047121,955
project_vendor,agentskill-observability-paper,claude,full_stream,hybrid_shell,2,8,search → search,38,0.039790575916230364,955
project_vendor,agentskill-observability-paper,claude,full_stream,hybrid_shell,2,9,read → shell:search/text,18,0.018848167539267015,955
project_vendor,agentskill-observability-paper,claude,full_stream,hybrid_shell,2,10,task → read,15,0.015706806282722512,955
project_vendor,agentskill-observability-paper,claude,full_stream,hybrid_shell,2,11,shell:search/text → edit,14,0.014659685863874346,955
project_vendor,agentskill-observability-paper,claude,full_stream,hybrid_shell,2,12,write → task,13,0.013612565445026177,955
project_vendor,agentskill-observability-paper,claude,full_stream,hybrid_shell,2,13,shell:filesystem/navigation → read,12,0.012565445026178011,955
project_vendor,agentskill-observability-paper,claude,full_stream,hybrid_shell,2,14,shell:search/text → write,12,0.012565445026178011,955
project_vendor,agentskill-observability-paper,claude,full_stream,hybrid_shell,2,15,edit → shell:filesystem/navigation,11,0.011518324607329843,955
project_vendor,agentskill-observability-paper,claude,full_stream,hybrid_shell,2,16,read → shell:filesystem/navigation,10,0.010471204188481676,955
project_vendor,agentskill-observability-paper,claude,full_stream,hybrid_shell,2,17,skill → read,10,0.010471204188481676,955
project_vendor,agentskill-observability-paper,claude,full_stream,hybrid_shell,2,18,read → skill,8,0.008376963350785341,955
project_vendor,agentskill-observability-paper,claude,full_stream,hybrid_shell,2,19,shell:filesystem/navigation → shell:search/text,7,0.007329842931937173,955
project_vendor,agentskill-observability-paper,claude,full_stream,hybrid_shell,2,20,shell:search/text → shell:filesystem/navigation,6,0.0062827225130890054,955
project_vendor,agentskill-observability-paper,claude,full_stream,hybrid_shell,2,21,fetch → fetch,5,0.005235602094240838,955
project_vendor,agentskill-observability-paper,claude,full_stream,hybrid_shell,2,22,search → fetch,5,0.005235602094240838,955
project_vendor,agentskill-observability-paper,claude,full_stream,hybrid_shell,2,23,shell:filesystem/navigation → task,5,0.005235602094240838,955
project_vendor,agentskill-observability-paper,claude,full_stream,hybrid_shell,2,24,shell:git/repository → shell:git/repository,5,0.005235602094240838,955
project_vendor,agentskill-observability-paper,claude,full_stream,hybrid_shell,2,25,edit → shell:build/check,4,0.004188481675392671,955
project_vendor,agentskill-observability-paper,claude,full_stream,hybrid_shell,2,26,shell:filesystem/navigation → shell:filesystem/navigation,4,0.004188481675392671,955
project_vendor,agentskill-observability-paper,claude,full_stream,hybrid_shell,2,27,task → task,4,0.004188481675392671,955
project_vendor,agentskill-observability-paper,claude,full_stream,hybrid_shell,2,28,tool discovery → search,4,0.004188481675392671,955
project_vendor,agentskill-observability-paper,claude,full_stream,hybrid_shell,2,29,fetch → search,3,0.0031413612565445027,955
project_vendor,agentskill-observability-paper,claude,full_stream,hybrid_shell,2,30,task → edit,3,0.0031413612565445027,955
project_vendor,agentskill-observability-paper,claude,full_stream,hybrid_shell,3,1,shell:search/text → shell:search/text → shell:search/text,75,0.08125677139761647,923
project_vendor,agentskill-observability-paper,claude,full_stream,hybrid_shell,3,2,read → read → read,73,0.0790899241603467,923
project_vendor,agentskill-observability-paper,claude,full_stream,hybrid_shell,3,3,edit → edit → edit,63,0.06825568797399784,923
project_vendor,agentskill-observability-paper,claude,full_stream,hybrid_shell,3,4,read → edit → read,62,0.06717226435536294,923
project_vendor,agentskill-observability-paper,claude,full_stream,hybrid_shell,3,5,edit → read → edit,59,0.06392199349945829,923
project_vendor,agentskill-observability-paper,claude,full_stream,hybrid_shell,3,6,read → read → edit,42,0.04550379198266522,923
project_vendor,agentskill-observability-paper,claude,full_stream,hybrid_shell,3,7,read → edit → edit,34,0.03683640303358613,923
project_vendor,agentskill-observability-paper,claude,full_stream,hybrid_shell,3,8,search → search → search,31,0.03358613217768147,923
project_vendor,agentskill-observability-paper,claude,full_stream,hybrid_shell,3,9,read → edit → shell:search/text,27,0.02925243770314193,923
project_vendor,agentskill-observability-paper,claude,full_stream,hybrid_shell,3,10,edit → read → read,22,0.023835319609967497,923
project_vendor,agentskill-observability-paper,claude,full_stream,hybrid_shell,3,11,edit → shell:search/text → read,22,0.023835319609967497,923
project_vendor,agentskill-observability-paper,claude,full_stream,hybrid_shell,3,12,edit → edit → read,20,0.021668472372697724,923
project_vendor,agentskill-observability-paper,claude,full_stream,hybrid_shell,3,13,edit → edit → shell:search/text,19,0.020585048754062838,923
project_vendor,agentskill-observability-paper,claude,full_stream,hybrid_shell,3,14,shell:search/text → read → read,17,0.018418201516793065,923
project_vendor,agentskill-observability-paper,claude,full_stream,hybrid_shell,3,15,shell:search/text → read → edit,15,0.016251354279523293,923
project_vendor,agentskill-observability-paper,claude,full_stream,hybrid_shell,3,16,read → shell:search/text → shell:search/text,13,0.014084507042253521,923
project_vendor,agentskill-observability-paper,claude,full_stream,hybrid_shell,3,17,edit → shell:search/text → shell:search/text,10,0.010834236186348862,923
project_vendor,agentskill-observability-paper,claude,full_stream,hybrid_shell,3,18,shell:search/text → shell:search/text → read,10,0.010834236186348862,923
project_vendor,agentskill-observability-paper,claude,full_stream,hybrid_shell,3,19,read → read → shell:search/text,9,0.009750812567713976,923
project_vendor,agentskill-observability-paper,claude,full_stream,hybrid_shell,3,20,shell:search/text → edit → edit,9,0.009750812567713976,923
project_vendor,agentskill-observability-paper,claude,full_stream,hybrid_shell,3,21,skill → read → read,9,0.009750812567713976,923
project_vendor,agentskill-observability-paper,claude,full_stream,hybrid_shell,3,22,task → read → edit,9,0.009750812567713976,923
project_vendor,agentskill-observability-paper,claude,full_stream,hybrid_shell,3,23,write → task → read,9,0.009750812567713976,923
project_vendor,agentskill-observability-paper,claude,full_stream,hybrid_shell,3,24,edit → shell:search/text → edit,8,0.00866738894907909,923
project_vendor,agentskill-observability-paper,claude,full_stream,hybrid_shell,3,25,shell:search/text → write → task,8,0.00866738894907909,923
project_vendor,agentskill-observability-paper,claude,full_stream,hybrid_shell,3,26,read → read → shell:filesystem/navigation,7,0.007583965330444204,923
project_vendor,agentskill-observability-paper,claude,full_stream,hybrid_shell,3,27,edit → shell:search/text → write,6,0.0065005417118093175,923
project_vendor,agentskill-observability-paper,claude,full_stream,hybrid_shell,3,28,read → read → skill,6,0.0065005417118093175,923
project_vendor,agentskill-observability-paper,claude,full_stream,hybrid_shell,3,29,read → skill → read,6,0.0065005417118093175,923
project_vendor,agentskill-observability-paper,claude,full_stream,hybrid_shell,3,30,shell:filesystem/navigation → read → read,6,0.0065005417118093175,923
project_vendor,agentskill-observability-paper,claude,full_stream,hybrid_shell,4,1,shell:search/text → shell:search/text → shell:search/text → shell:search/text,57,0.06361607142857142,896
project_vendor,agentskill-observability-paper,claude,full_stream,hybrid_shell,4,2,read → edit → read → edit,46,0.05133928571428571,896
project_vendor,agentskill-observability-paper,claude,full_stream,hybrid_shell,4,3,read → read → read → read,41,0.04575892857142857,896
project_vendor,agentskill-observability-paper,claude,full_stream,hybrid_shell,4,4,edit → edit → edit → edit,38,0.04241071428571429,896
project_vendor,agentskill-observability-paper,claude,full_stream,hybrid_shell,4,5,edit → read → edit → read,26,0.029017857142857144,896
project_vendor,agentskill-observability-paper,claude,full_stream,hybrid_shell,4,6,search → search → search → search,25,0.027901785714285716,896
project_vendor,agentskill-observability-paper,claude,full_stream,hybrid_shell,4,7,read → edit → edit → edit,19,0.021205357142857144,896
project_vendor,agentskill-observability-paper,claude,full_stream,hybrid_shell,4,8,read → read → edit → read,19,0.021205357142857144,896
project_vendor,agentskill-observability-paper,claude,full_stream,hybrid_shell,4,9,edit → read → read → edit,15,0.016741071428571428,896
project_vendor,agentskill-observability-paper,claude,full_stream,hybrid_shell,4,10,read → edit → read → read,15,0.016741071428571428,896
project_vendor,agentskill-observability-paper,claude,full_stream,hybrid_shell,4,11,edit → read → edit → shell:search/text,14,0.015625,896
project_vendor,agentskill-observability-paper,claude,full_stream,hybrid_shell,4,12,read → edit → shell:search/text → read,14,0.015625,896
project_vendor,agentskill-observability-paper,claude,full_stream,hybrid_shell,4,13,read → read → edit → edit,14,0.015625,896
project_vendor,agentskill-observability-paper,claude,full_stream,hybrid_shell,4,14,edit → read → edit → edit,13,0.014508928571428572,896
project_vendor,agentskill-observability-paper,claude,full_stream,hybrid_shell,4,15,read → read → read → edit,13,0.014508928571428572,896
project_vendor,agentskill-observability-paper,claude,full_stream,hybrid_shell,4,16,edit → edit → edit → read,11,0.012276785714285714,896
project_vendor,agentskill-observability-paper,claude,full_stream,hybrid_shell,4,17,edit → edit → edit → shell:search/text,11,0.012276785714285714,896
project_vendor,agentskill-observability-paper,claude,full_stream,hybrid_shell,4,18,edit → edit → read → edit,11,0.012276785714285714,896
project_vendor,agentskill-observability-paper,claude,full_stream,hybrid_shell,4,19,edit → shell:search/text → read → edit,10,0.011160714285714286,896
project_vendor,agentskill-observability-paper,claude,full_stream,hybrid_shell,4,20,shell:search/text → read → read → edit,10,0.011160714285714286,896
project_vendor,agentskill-observability-paper,claude,full_stream,hybrid_shell,4,21,edit → shell:search/text → read → read,9,0.010044642857142858,896
project_vendor,agentskill-observability-paper,claude,full_stream,hybrid_shell,4,22,read → shell:search/text → shell:search/text → shell:search/text,9,0.010044642857142858,896
project_vendor,agentskill-observability-paper,claude,full_stream,hybrid_shell,4,23,edit → edit → shell:search/text → read,8,0.008928571428571428,896
project_vendor,agentskill-observability-paper,claude,full_stream,hybrid_shell,4,24,read → edit → edit → read,8,0.008928571428571428,896
project_vendor,agentskill-observability-paper,claude,full_stream,hybrid_shell,4,25,read → read → edit → shell:search/text,7,0.0078125,896
project_vendor,agentskill-observability-paper,claude,full_stream,hybrid_shell,4,26,read → read → shell:search/text → shell:search/text,7,0.0078125,896
project_vendor,agentskill-observability-paper,claude,full_stream,hybrid_shell,4,27,shell:search/text → write → task → read,7,0.0078125,896
project_vendor,agentskill-observability-paper,claude,full_stream,hybrid_shell,4,28,task → read → edit → read,7,0.0078125,896
project_vendor,agentskill-observability-paper,claude,full_stream,hybrid_shell,4,29,write → task → read → edit,7,0.0078125,896
project_vendor,agentskill-observability-paper,claude,full_stream,hybrid_shell,4,30,edit → edit → read → read,6,0.006696428571428571,896
project_vendor,agentskill-observability-paper,claude,full_stream,tool_family,2,1,read → read,153,0.16020942408376965,955
project_vendor,agentskill-observability-paper,claude,full_stream,tool_family,2,2,shell → shell,137,0.14345549738219895,955
project_vendor,agentskill-observability-paper,claude,full_stream,tool_family,2,3,read → edit,132,0.1382198952879581,955
project_vendor,agentskill-observability-paper,claude,full_stream,tool_family,2,4,edit → edit,110,0.11518324607329843,955
project_vendor,agentskill-observability-paper,claude,full_stream,tool_family,2,5,edit → read,86,0.09005235602094241,955
project_vendor,agentskill-observability-paper,claude,full_stream,tool_family,2,6,edit → shell,63,0.06596858638743455,955
project_vendor,agentskill-observability-paper,claude,full_stream,tool_family,2,7,shell → read,56,0.05863874345549738,955
project_vendor,agentskill-observability-paper,claude,full_stream,tool_family,2,8,search → search,38,0.039790575916230364,955
project_vendor,agentskill-observability-paper,claude,full_stream,tool_family,2,9,read → shell,29,0.030366492146596858,955
project_vendor,agentskill-observability-paper,claude,full_stream,tool_family,2,10,shell → edit,15,0.015706806282722512,955
project_vendor,agentskill-observability-paper,claude,full_stream,tool_family,2,11,shell → write,15,0.015706806282722512,955
project_vendor,agentskill-observability-paper,claude,full_stream,tool_family,2,12,task → read,15,0.015706806282722512,955
project_vendor,agentskill-observability-paper,claude,full_stream,tool_family,2,13,write → task,13,0.013612565445026177,955
project_vendor,agentskill-observability-paper,claude,full_stream,tool_family,2,14,skill → read,10,0.010471204188481676,955
project_vendor,agentskill-observability-paper,claude,full_stream,tool_family,2,15,shell → task,9,0.009424083769633508,955
project_vendor,agentskill-observability-paper,claude,full_stream,tool_family,2,16,read → skill,8,0.008376963350785341,955
project_vendor,agentskill-observability-paper,claude,full_stream,tool_family,2,17,fetch → fetch,5,0.005235602094240838,955
project_vendor,agentskill-observability-paper,claude,full_stream,tool_family,2,18,search → fetch,5,0.005235602094240838,955
project_vendor,agentskill-observability-paper,claude,full_stream,tool_family,2,19,task → task,4,0.004188481675392671,955
project_vendor,agentskill-observability-paper,claude,full_stream,tool_family,2,20,tool discovery → search,4,0.004188481675392671,955
project_vendor,agentskill-observability-paper,claude,full_stream,tool_family,2,21,fetch → search,3,0.0031413612565445027,955
project_vendor,agentskill-observability-paper,claude,full_stream,tool_family,2,22,task → edit,3,0.0031413612565445027,955
project_vendor,agentskill-observability-paper,claude,full_stream,tool_family,2,23,task → shell,3,0.0031413612565445027,955
project_vendor,agentskill-observability-paper,claude,full_stream,tool_family,2,24,task → write,3,0.0031413612565445027,955
project_vendor,agentskill-observability-paper,claude,full_stream,tool_family,2,25,coordination → tool discovery,2,0.0020942408376963353,955
project_vendor,agentskill-observability-paper,claude,full_stream,tool_family,2,26,edit → task,2,0.0020942408376963353,955
project_vendor,agentskill-observability-paper,claude,full_stream,tool_family,2,27,read → other,2,0.0020942408376963353,955
project_vendor,agentskill-observability-paper,claude,full_stream,tool_family,2,28,shell → search,2,0.0020942408376963353,955
project_vendor,agentskill-observability-paper,claude,full_stream,tool_family,2,29,task → coordination,2,0.0020942408376963353,955
project_vendor,agentskill-observability-paper,claude,full_stream,tool_family,2,30,write → edit,2,0.0020942408376963353,955
project_vendor,agentskill-observability-paper,claude,full_stream,tool_family,3,1,shell → shell → shell,96,0.10400866738894908,923
project_vendor,agentskill-observability-paper,claude,full_stream,tool_family,3,2,read → read → read,73,0.0790899241603467,923
project_vendor,agentskill-observability-paper,claude,full_stream,tool_family,3,3,edit → edit → edit,63,0.06825568797399784,923
project_vendor,agentskill-observability-paper,claude,full_stream,tool_family,3,4,read → edit → read,62,0.06717226435536294,923
project_vendor,agentskill-observability-paper,claude,full_stream,tool_family,3,5,edit → read → edit,59,0.06392199349945829,923
project_vendor,agentskill-observability-paper,claude,full_stream,tool_family,3,6,read → read → edit,42,0.04550379198266522,923
project_vendor,agentskill-observability-paper,claude,full_stream,tool_family,3,7,read → edit → edit,34,0.03683640303358613,923
project_vendor,agentskill-observability-paper,claude,full_stream,tool_family,3,8,read → edit → shell,33,0.035752979414951244,923
project_vendor,agentskill-observability-paper,claude,full_stream,tool_family,3,9,search → search → search,31,0.03358613217768147,923
project_vendor,agentskill-observability-paper,claude,full_stream,tool_family,3,10,edit → shell → read,27,0.02925243770314193,923
project_vendor,agentskill-observability-paper,claude,full_stream,tool_family,3,11,edit → edit → shell,25,0.027085590465872156,923
project_vendor,agentskill-observability-paper,claude,full_stream,tool_family,3,12,shell → read → read,23,0.024918743228602384,923
project_vendor,agentskill-observability-paper,claude,full_stream,tool_family,3,13,edit → read → read,22,0.023835319609967497,923
project_vendor,agentskill-observability-paper,claude,full_stream,tool_family,3,14,edit → edit → read,20,0.021668472372697724,923
project_vendor,agentskill-observability-paper,claude,full_stream,tool_family,3,15,read → shell → shell,19,0.020585048754062838,923
project_vendor,agentskill-observability-paper,claude,full_stream,tool_family,3,16,shell → read → edit,19,0.020585048754062838,923
project_vendor,agentskill-observability-paper,claude,full_stream,tool_family,3,17,shell → shell → read,19,0.020585048754062838,923
project_vendor,agentskill-observability-paper,claude,full_stream,tool_family,3,18,read → read → shell,16,0.01733477789815818,923
project_vendor,agentskill-observability-paper,claude,full_stream,tool_family,3,19,edit → shell → shell,14,0.015167930660888408,923
project_vendor,agentskill-observability-paper,claude,full_stream,tool_family,3,20,shell → edit → edit,10,0.010834236186348862,923
project_vendor,agentskill-observability-paper,claude,full_stream,tool_family,3,21,shell → read → shell,10,0.010834236186348862,923
project_vendor,agentskill-observability-paper,claude,full_stream,tool_family,3,22,shell → write → task,10,0.010834236186348862,923
project_vendor,agentskill-observability-paper,claude,full_stream,tool_family,3,23,edit → shell → write,9,0.009750812567713976,923
project_vendor,agentskill-observability-paper,claude,full_stream,tool_family,3,24,skill → read → read,9,0.009750812567713976,923
project_vendor,agentskill-observability-paper,claude,full_stream,tool_family,3,25,task → read → edit,9,0.009750812567713976,923
project_vendor,agentskill-observability-paper,claude,full_stream,tool_family,3,26,write → task → read,9,0.009750812567713976,923
project_vendor,agentskill-observability-paper,claude,full_stream,tool_family,3,27,edit → shell → edit,8,0.00866738894907909,923
project_vendor,agentskill-observability-paper,claude,full_stream,tool_family,3,28,shell → shell → edit,7,0.007583965330444204,923
project_vendor,agentskill-observability-paper,claude,full_stream,tool_family,3,29,read → read → skill,6,0.0065005417118093175,923
project_vendor,agentskill-observability-paper,claude,full_stream,tool_family,3,30,read → skill → read,6,0.0065005417118093175,923
project_vendor,agentskill-observability-paper,claude,full_stream,tool_family,4,1,shell → shell → shell → shell,71,0.07924107142857142,896
project_vendor,agentskill-observability-paper,claude,full_stream,tool_family,4,2,read → edit → read → edit,46,0.05133928571428571,896
project_vendor,agentskill-observability-paper,claude,full_stream,tool_family,4,3,read → read → read → read,41,0.04575892857142857,896
project_vendor,agentskill-observability-paper,claude,full_stream,tool_family,4,4,edit → edit → edit → edit,38,0.04241071428571429,896
project_vendor,agentskill-observability-paper,claude,full_stream,tool_family,4,5,edit → read → edit → read,26,0.029017857142857144,896
project_vendor,agentskill-observability-paper,claude,full_stream,tool_family,4,6,search → search → search → search,25,0.027901785714285716,896
project_vendor,agentskill-observability-paper,claude,full_stream,tool_family,4,7,edit → read → edit → shell,19,0.021205357142857144,896
project_vendor,agentskill-observability-paper,claude,full_stream,tool_family,4,8,read → edit → edit → edit,19,0.021205357142857144,896
project_vendor,agentskill-observability-paper,claude,full_stream,tool_family,4,9,read → read → edit → read,19,0.021205357142857144,896
project_vendor,agentskill-observability-paper,claude,full_stream,tool_family,4,10,read → edit → shell → read,16,0.017857142857142856,896
project_vendor,agentskill-observability-paper,claude,full_stream,tool_family,4,11,edit → read → read → edit,15,0.016741071428571428,896
project_vendor,agentskill-observability-paper,claude,full_stream,tool_family,4,12,read → edit → read → read,15,0.016741071428571428,896
project_vendor,agentskill-observability-paper,claude,full_stream,tool_family,4,13,read → read → edit → edit,14,0.015625,896
project_vendor,agentskill-observability-paper,claude,full_stream,tool_family,4,14,edit → edit → edit → shell,13,0.014508928571428572,896
project_vendor,agentskill-observability-paper,claude,full_stream,tool_family,4,15,edit → read → edit → edit,13,0.014508928571428572,896
project_vendor,agentskill-observability-paper,claude,full_stream,tool_family,4,16,read → read → read → edit,13,0.014508928571428572,896
project_vendor,agentskill-observability-paper,claude,full_stream,tool_family,4,17,edit → shell → read → edit,12,0.013392857142857142,896
project_vendor,agentskill-observability-paper,claude,full_stream,tool_family,4,18,read → shell → shell → shell,12,0.013392857142857142,896
project_vendor,agentskill-observability-paper,claude,full_stream,tool_family,4,19,shell → shell → shell → read,12,0.013392857142857142,896
project_vendor,agentskill-observability-paper,claude,full_stream,tool_family,4,20,edit → edit → edit → read,11,0.012276785714285714,896
project_vendor,agentskill-observability-paper,claude,full_stream,tool_family,4,21,edit → edit → read → edit,11,0.012276785714285714,896
project_vendor,agentskill-observability-paper,claude,full_stream,tool_family,4,22,edit → shell → read → read,11,0.012276785714285714,896
project_vendor,agentskill-observability-paper,claude,full_stream,tool_family,4,23,edit → edit → shell → read,10,0.011160714285714286,896
project_vendor,agentskill-observability-paper,claude,full_stream,tool_family,4,24,read → read → shell → shell,10,0.011160714285714286,896
project_vendor,agentskill-observability-paper,claude,full_stream,tool_family,4,25,shell → read → read → edit,10,0.011160714285714286,896
project_vendor,agentskill-observability-paper,claude,full_stream,tool_family,4,26,shell → shell → read → read,10,0.011160714285714286,896
project_vendor,agentskill-observability-paper,claude,full_stream,tool_family,4,27,read → read → read → shell,9,0.010044642857142858,896
project_vendor,agentskill-observability-paper,claude,full_stream,tool_family,4,28,shell → read → read → read,9,0.010044642857142858,896
project_vendor,agentskill-observability-paper,claude,full_stream,tool_family,4,29,edit → shell → shell → shell,8,0.008928571428571428,896
project_vendor,agentskill-observability-paper,claude,full_stream,tool_family,4,30,read → edit → edit → read,8,0.008928571428571428,896
project_vendor,agentskill-observability-paper,claude,same_prompt,hybrid_shell,2,1,read → read,128,0.15667074663402691,817
project_vendor,agentskill-observability-paper,claude,same_prompt,hybrid_shell,2,2,read → edit,113,0.1383108935128519,817
project_vendor,agentskill-observability-paper,claude,same_prompt,hybrid_shell,2,3,edit → edit,104,0.12729498164014688,817
project_vendor,agentskill-observability-paper,claude,same_prompt,hybrid_shell,2,4,shell:search/text → shell:search/text,103,0.12607099143206854,817
project_vendor,agentskill-observability-paper,claude,same_prompt,hybrid_shell,2,5,edit → read,70,0.08567931456548347,817
project_vendor,agentskill-observability-paper,claude,same_prompt,hybrid_shell,2,6,search → search,38,0.046511627906976744,817
project_vendor,agentskill-observability-paper,claude,same_prompt,hybrid_shell,2,7,edit → shell:search/text,37,0.04528763769889841,817
project_vendor,agentskill-observability-paper,claude,same_prompt,hybrid_shell,2,8,shell:search/text → read,28,0.03427172582619339,817
project_vendor,agentskill-observability-paper,claude,same_prompt,hybrid_shell,2,9,read → shell:search/text,13,0.01591187270501836,817
project_vendor,agentskill-observability-paper,claude,same_prompt,hybrid_shell,2,10,write → task,13,0.01591187270501836,817
project_vendor,agentskill-observability-paper,claude,same_prompt,hybrid_shell,2,11,shell:search/text → write,12,0.014687882496940025,817
project_vendor,agentskill-observability-paper,claude,same_prompt,hybrid_shell,2,12,edit → shell:filesystem/navigation,10,0.012239902080783354,817
project_vendor,agentskill-observability-paper,claude,same_prompt,hybrid_shell,2,13,shell:search/text → edit,10,0.012239902080783354,817
project_vendor,agentskill-observability-paper,claude,same_prompt,hybrid_shell,2,14,skill → read,10,0.012239902080783354,817
project_vendor,agentskill-observability-paper,claude,same_prompt,hybrid_shell,2,15,read → shell:filesystem/navigation,9,0.011015911872705019,817
project_vendor,agentskill-observability-paper,claude,same_prompt,hybrid_shell,2,16,shell:filesystem/navigation → read,9,0.011015911872705019,817
project_vendor,agentskill-observability-paper,claude,same_prompt,hybrid_shell,2,17,read → skill,7,0.008567931456548347,817
project_vendor,agentskill-observability-paper,claude,same_prompt,hybrid_shell,2,18,shell:filesystem/navigation → shell:search/text,7,0.008567931456548347,817
project_vendor,agentskill-observability-paper,claude,same_prompt,hybrid_shell,2,19,task → read,7,0.008567931456548347,817
project_vendor,agentskill-observability-paper,claude,same_prompt,hybrid_shell,2,20,fetch → fetch,5,0.006119951040391677,817
project_vendor,agentskill-observability-paper,claude,same_prompt,hybrid_shell,2,21,search → fetch,5,0.006119951040391677,817
project_vendor,agentskill-observability-paper,claude,same_prompt,hybrid_shell,2,22,shell:filesystem/navigation → task,5,0.006119951040391677,817
project_vendor,agentskill-observability-paper,claude,same_prompt,hybrid_shell,2,23,shell:git/repository → shell:git/repository,5,0.006119951040391677,817
project_vendor,agentskill-observability-paper,claude,same_prompt,hybrid_shell,2,24,shell:search/text → shell:filesystem/navigation,5,0.006119951040391677,817
project_vendor,agentskill-observability-paper,claude,same_prompt,hybrid_shell,2,25,edit → shell:build/check,4,0.004895960832313341,817
project_vendor,agentskill-observability-paper,claude,same_prompt,hybrid_shell,2,26,shell:filesystem/navigation → shell:filesystem/navigation,4,0.004895960832313341,817
project_vendor,agentskill-observability-paper,claude,same_prompt,hybrid_shell,2,27,task → task,4,0.004895960832313341,817
project_vendor,agentskill-observability-paper,claude,same_prompt,hybrid_shell,2,28,tool discovery → search,4,0.004895960832313341,817
project_vendor,agentskill-observability-paper,claude,same_prompt,hybrid_shell,2,29,fetch → search,3,0.0036719706242350062,817
project_vendor,agentskill-observability-paper,claude,same_prompt,hybrid_shell,2,30,shell:filesystem/navigation → write,2,0.0024479804161566705,817
project_vendor,agentskill-observability-paper,claude,same_prompt,hybrid_shell,3,1,shell:search/text → shell:search/text → shell:search/text,73,0.10473457675753228,697
project_vendor,agentskill-observability-paper,claude,same_prompt,hybrid_shell,3,2,edit → edit → edit,60,0.08608321377331421,697
project_vendor,agentskill-observability-paper,claude,same_prompt,hybrid_shell,3,3,read → read → read,55,0.07890961262553801,697
project_vendor,agentskill-observability-paper,claude,same_prompt,hybrid_shell,3,4,edit → read → edit,47,0.06743185078909612,697
project_vendor,agentskill-observability-paper,claude,same_prompt,hybrid_shell,3,5,read → edit → read,45,0.06456241032998565,697
project_vendor,agentskill-observability-paper,claude,same_prompt,hybrid_shell,3,6,search → search → search,31,0.04447632711621234,697
project_vendor,agentskill-observability-paper,claude,same_prompt,hybrid_shell,3,7,read → edit → edit,30,0.043041606886657105,697
project_vendor,agentskill-observability-paper,claude,same_prompt,hybrid_shell,3,8,read → read → edit,23,0.03299856527977044,697
project_vendor,agentskill-observability-paper,claude,same_prompt,hybrid_shell,3,9,edit → read → read,18,0.02582496413199426,697
project_vendor,agentskill-observability-paper,claude,same_prompt,hybrid_shell,3,10,read → edit → shell:search/text,18,0.02582496413199426,697
project_vendor,agentskill-observability-paper,claude,same_prompt,hybrid_shell,3,11,edit → edit → read,15,0.021520803443328552,697
project_vendor,agentskill-observability-paper,claude,same_prompt,hybrid_shell,3,12,edit → edit → shell:search/text,14,0.020086083213773313,697
project_vendor,agentskill-observability-paper,claude,same_prompt,hybrid_shell,3,13,read → shell:search/text → shell:search/text,9,0.01291248206599713,697
project_vendor,agentskill-observability-paper,claude,same_prompt,hybrid_shell,3,14,shell:search/text → read → read,9,0.01291248206599713,697
project_vendor,agentskill-observability-paper,claude,same_prompt,hybrid_shell,3,15,skill → read → read,9,0.01291248206599713,697
project_vendor,agentskill-observability-paper,claude,same_prompt,hybrid_shell,3,16,edit → shell:search/text → shell:search/text,8,0.011477761836441894,697
project_vendor,agentskill-observability-paper,claude,same_prompt,hybrid_shell,3,17,shell:search/text → read → edit,8,0.011477761836441894,697
project_vendor,agentskill-observability-paper,claude,same_prompt,hybrid_shell,3,18,shell:search/text → write → task,8,0.011477761836441894,697
project_vendor,agentskill-observability-paper,claude,same_prompt,hybrid_shell,3,19,shell:search/text → shell:search/text → read,7,0.010043041606886656,697
project_vendor,agentskill-observability-paper,claude,same_prompt,hybrid_shell,3,20,edit → shell:search/text → write,6,0.00860832137733142,697
project_vendor,agentskill-observability-paper,claude,same_prompt,hybrid_shell,3,21,read → read → shell:search/text,6,0.00860832137733142,697
project_vendor,agentskill-observability-paper,claude,same_prompt,hybrid_shell,3,22,shell:search/text → edit → edit,6,0.00860832137733142,697
project_vendor,agentskill-observability-paper,claude,same_prompt,hybrid_shell,3,23,shell:search/text → shell:search/text → write,6,0.00860832137733142,697
project_vendor,agentskill-observability-paper,claude,same_prompt,hybrid_shell,3,24,edit → edit → shell:filesystem/navigation,5,0.007173601147776184,697
project_vendor,agentskill-observability-paper,claude,same_prompt,hybrid_shell,3,25,edit → shell:search/text → edit,5,0.007173601147776184,697
project_vendor,agentskill-observability-paper,claude,same_prompt,hybrid_shell,3,26,read → read → shell:filesystem/navigation,5,0.007173601147776184,697
project_vendor,agentskill-observability-paper,claude,same_prompt,hybrid_shell,3,27,read → read → skill,5,0.007173601147776184,697
project_vendor,agentskill-observability-paper,claude,same_prompt,hybrid_shell,3,28,read → skill → read,5,0.007173601147776184,697
project_vendor,agentskill-observability-paper,claude,same_prompt,hybrid_shell,3,29,search → search → fetch,5,0.007173601147776184,697
project_vendor,agentskill-observability-paper,claude,same_prompt,hybrid_shell,3,30,shell:filesystem/navigation → read → read,5,0.007173601147776184,697
project_vendor,agentskill-observability-paper,claude,same_prompt,hybrid_shell,4,1,shell:search/text → shell:search/text → shell:search/text → shell:search/text,56,0.09195402298850575,609
project_vendor,agentskill-observability-paper,claude,same_prompt,hybrid_shell,4,2,edit → edit → edit → edit,38,0.06239737274220033,609
project_vendor,agentskill-observability-paper,claude,same_prompt,hybrid_shell,4,3,read → edit → read → edit,33,0.054187192118226604,609
project_vendor,agentskill-observability-paper,claude,same_prompt,hybrid_shell,4,4,read → read → read → read,29,0.047619047619047616,609
project_vendor,agentskill-observability-paper,claude,same_prompt,hybrid_shell,4,5,search → search → search → search,25,0.041050903119868636,609
project_vendor,agentskill-observability-paper,claude,same_prompt,hybrid_shell,4,6,edit → read → edit → read,19,0.031198686371100164,609
project_vendor,agentskill-observability-paper,claude,same_prompt,hybrid_shell,4,7,read → edit → edit → edit,14,0.022988505747126436,609
project_vendor,agentskill-observability-paper,claude,same_prompt,hybrid_shell,4,8,edit → read → read → edit,12,0.019704433497536946,609
project_vendor,agentskill-observability-paper,claude,same_prompt,hybrid_shell,4,9,edit → read → edit → shell:search/text,11,0.0180623973727422,609
project_vendor,agentskill-observability-paper,claude,same_prompt,hybrid_shell,4,10,read → read → edit → read,11,0.0180623973727422,609
project_vendor,agentskill-observability-paper,claude,same_prompt,hybrid_shell,4,11,read → edit → read → read,10,0.016420361247947456,609
project_vendor,agentskill-observability-paper,claude,same_prompt,hybrid_shell,4,12,edit → edit → edit → shell:search/text,9,0.014778325123152709,609
project_vendor,agentskill-observability-paper,claude,same_prompt,hybrid_shell,4,13,edit → read → edit → edit,9,0.014778325123152709,609
project_vendor,agentskill-observability-paper,claude,same_prompt,hybrid_shell,4,14,edit → edit → read → edit,8,0.013136288998357963,609
project_vendor,agentskill-observability-paper,claude,same_prompt,hybrid_shell,4,15,read → edit → edit → read,8,0.013136288998357963,609
project_vendor,agentskill-observability-paper,claude,same_prompt,hybrid_shell,4,16,read → read → edit → edit,8,0.013136288998357963,609
project_vendor,agentskill-observability-paper,claude,same_prompt,hybrid_shell,4,17,edit → edit → edit → read,7,0.011494252873563218,609
project_vendor,agentskill-observability-paper,claude,same_prompt,hybrid_shell,4,18,edit → shell:search/text → shell:search/text → shell:search/text,6,0.009852216748768473,609
project_vendor,agentskill-observability-paper,claude,same_prompt,hybrid_shell,4,19,read → shell:search/text → shell:search/text → shell:search/text,6,0.009852216748768473,609
project_vendor,agentskill-observability-paper,claude,same_prompt,hybrid_shell,4,20,shell:search/text → read → read → edit,6,0.009852216748768473,609
project_vendor,agentskill-observability-paper,claude,same_prompt,hybrid_shell,4,21,edit → edit → read → read,5,0.008210180623973728,609
project_vendor,agentskill-observability-paper,claude,same_prompt,hybrid_shell,4,22,edit → shell:search/text → write → task,5,0.008210180623973728,609
project_vendor,agentskill-observability-paper,claude,same_prompt,hybrid_shell,4,23,read → edit → shell:search/text → shell:search/text,5,0.008210180623973728,609
project_vendor,agentskill-observability-paper,claude,same_prompt,hybrid_shell,4,24,read → read → shell:search/text → shell:search/text,5,0.008210180623973728,609
project_vendor,agentskill-observability-paper,claude,same_prompt,hybrid_shell,4,25,read → skill → read → read,5,0.008210180623973728,609
project_vendor,agentskill-observability-paper,claude,same_prompt,hybrid_shell,4,26,skill → read → read → read,5,0.008210180623973728,609
project_vendor,agentskill-observability-paper,claude,same_prompt,hybrid_shell,4,27,edit → edit → shell:search/text → write,4,0.006568144499178982,609
project_vendor,agentskill-observability-paper,claude,same_prompt,hybrid_shell,4,28,read → read → read → edit,4,0.006568144499178982,609
project_vendor,agentskill-observability-paper,claude,same_prompt,hybrid_shell,4,29,search → search → search → fetch,4,0.006568144499178982,609
project_vendor,agentskill-observability-paper,claude,same_prompt,hybrid_shell,4,30,shell:search/text → write → task → read,4,0.006568144499178982,609
project_vendor,agentskill-observability-paper,claude,same_prompt,tool_family,2,1,shell → shell,132,0.16156670746634028,817
project_vendor,agentskill-observability-paper,claude,same_prompt,tool_family,2,2,read → read,128,0.15667074663402691,817
project_vendor,agentskill-observability-paper,claude,same_prompt,tool_family,2,3,read → edit,113,0.1383108935128519,817
project_vendor,agentskill-observability-paper,claude,same_prompt,tool_family,2,4,edit → edit,104,0.12729498164014688,817
project_vendor,agentskill-observability-paper,claude,same_prompt,tool_family,2,5,edit → read,70,0.08567931456548347,817
project_vendor,agentskill-observability-paper,claude,same_prompt,tool_family,2,6,edit → shell,52,0.06364749082007344,817
project_vendor,agentskill-observability-paper,claude,same_prompt,tool_family,2,7,search → search,38,0.046511627906976744,817
project_vendor,agentskill-observability-paper,claude,same_prompt,tool_family,2,8,shell → read,37,0.04528763769889841,817
project_vendor,agentskill-observability-paper,claude,same_prompt,tool_family,2,9,read → shell,23,0.028151774785801713,817
project_vendor,agentskill-observability-paper,claude,same_prompt,tool_family,2,10,shell → write,15,0.01835985312117503,817
project_vendor,agentskill-observability-paper,claude,same_prompt,tool_family,2,11,write → task,13,0.01591187270501836,817
project_vendor,agentskill-observability-paper,claude,same_prompt,tool_family,2,12,shell → edit,11,0.01346389228886169,817
project_vendor,agentskill-observability-paper,claude,same_prompt,tool_family,2,13,skill → read,10,0.012239902080783354,817
project_vendor,agentskill-observability-paper,claude,same_prompt,tool_family,2,14,read → skill,7,0.008567931456548347,817
project_vendor,agentskill-observability-paper,claude,same_prompt,tool_family,2,15,shell → task,7,0.008567931456548347,817
project_vendor,agentskill-observability-paper,claude,same_prompt,tool_family,2,16,task → read,7,0.008567931456548347,817
project_vendor,agentskill-observability-paper,claude,same_prompt,tool_family,2,17,fetch → fetch,5,0.006119951040391677,817
project_vendor,agentskill-observability-paper,claude,same_prompt,tool_family,2,18,search → fetch,5,0.006119951040391677,817
project_vendor,agentskill-observability-paper,claude,same_prompt,tool_family,2,19,task → task,4,0.004895960832313341,817
project_vendor,agentskill-observability-paper,claude,same_prompt,tool_family,2,20,tool discovery → search,4,0.004895960832313341,817
project_vendor,agentskill-observability-paper,claude,same_prompt,tool_family,2,21,fetch → search,3,0.0036719706242350062,817
project_vendor,agentskill-observability-paper,claude,same_prompt,tool_family,2,22,task → shell,3,0.0036719706242350062,817
project_vendor,agentskill-observability-paper,claude,same_prompt,tool_family,2,23,task → edit,2,0.0024479804161566705,817
project_vendor,agentskill-observability-paper,claude,same_prompt,tool_family,2,24,task → write,2,0.0024479804161566705,817
project_vendor,agentskill-observability-paper,claude,same_prompt,tool_family,2,25,write → multimodal,2,0.0024479804161566705,817
project_vendor,agentskill-observability-paper,claude,same_prompt,tool_family,2,26,write → shell,2,0.0024479804161566705,817
project_vendor,agentskill-observability-paper,claude,same_prompt,tool_family,2,27,edit → task,1,0.0012239902080783353,817
project_vendor,agentskill-observability-paper,claude,same_prompt,tool_family,2,28,fetch → edit,1,0.0012239902080783353,817
project_vendor,agentskill-observability-paper,claude,same_prompt,tool_family,2,29,fetch → read,1,0.0012239902080783353,817
project_vendor,agentskill-observability-paper,claude,same_prompt,tool_family,2,30,other → edit,1,0.0012239902080783353,817
project_vendor,agentskill-observability-paper,claude,same_prompt,tool_family,3,1,shell → shell → shell,93,0.133428981348637,697
project_vendor,agentskill-observability-paper,claude,same_prompt,tool_family,3,2,edit → edit → edit,60,0.08608321377331421,697
project_vendor,agentskill-observability-paper,claude,same_prompt,tool_family,3,3,read → read → read,55,0.07890961262553801,697
project_vendor,agentskill-observability-paper,claude,same_prompt,tool_family,3,4,edit → read → edit,47,0.06743185078909612,697
project_vendor,agentskill-observability-paper,claude,same_prompt,tool_family,3,5,read → edit → read,45,0.06456241032998565,697
project_vendor,agentskill-observability-paper,claude,same_prompt,tool_family,3,6,search → search → search,31,0.04447632711621234,697
project_vendor,agentskill-observability-paper,claude,same_prompt,tool_family,3,7,read → edit → edit,30,0.043041606886657105,697
project_vendor,agentskill-observability-paper,claude,same_prompt,tool_family,3,8,read → read → edit,23,0.03299856527977044,697
project_vendor,agentskill-observability-paper,claude,same_prompt,tool_family,3,9,read → edit → shell,22,0.03156384505021521,697
project_vendor,agentskill-observability-paper,claude,same_prompt,tool_family,3,10,edit → edit → shell,20,0.028694404591104734,697
project_vendor,agentskill-observability-paper,claude,same_prompt,tool_family,3,11,edit → read → read,18,0.02582496413199426,697
project_vendor,agentskill-observability-paper,claude,same_prompt,tool_family,3,12,edit → edit → read,15,0.021520803443328552,697
project_vendor,agentskill-observability-paper,claude,same_prompt,tool_family,3,13,read → shell → shell,15,0.021520803443328552,697
project_vendor,agentskill-observability-paper,claude,same_prompt,tool_family,3,14,shell → read → read,14,0.020086083213773313,697
project_vendor,agentskill-observability-paper,claude,same_prompt,tool_family,3,15,edit → shell → shell,12,0.01721664275466284,697
project_vendor,agentskill-observability-paper,claude,same_prompt,tool_family,3,16,shell → shell → read,12,0.01721664275466284,697
project_vendor,agentskill-observability-paper,claude,same_prompt,tool_family,3,17,read → read → shell,11,0.015781922525107604,697
project_vendor,agentskill-observability-paper,claude,same_prompt,tool_family,3,18,shell → read → edit,10,0.014347202295552367,697
project_vendor,agentskill-observability-paper,claude,same_prompt,tool_family,3,19,shell → write → task,10,0.014347202295552367,697
project_vendor,agentskill-observability-paper,claude,same_prompt,tool_family,3,20,edit → shell → write,9,0.01291248206599713,697
project_vendor,agentskill-observability-paper,claude,same_prompt,tool_family,3,21,skill → read → read,9,0.01291248206599713,697
project_vendor,agentskill-observability-paper,claude,same_prompt,tool_family,3,22,edit → shell → read,7,0.010043041606886656,697
project_vendor,agentskill-observability-paper,claude,same_prompt,tool_family,3,23,shell → edit → edit,7,0.010043041606886656,697
project_vendor,agentskill-observability-paper,claude,same_prompt,tool_family,3,24,shell → shell → write,6,0.00860832137733142,697
project_vendor,agentskill-observability-paper,claude,same_prompt,tool_family,3,25,edit → shell → edit,5,0.007173601147776184,697
project_vendor,agentskill-observability-paper,claude,same_prompt,tool_family,3,26,read → read → skill,5,0.007173601147776184,697
project_vendor,agentskill-observability-paper,claude,same_prompt,tool_family,3,27,read → skill → read,5,0.007173601147776184,697
project_vendor,agentskill-observability-paper,claude,same_prompt,tool_family,3,28,search → search → fetch,5,0.007173601147776184,697
project_vendor,agentskill-observability-paper,claude,same_prompt,tool_family,3,29,shell → read → shell,5,0.007173601147776184,697
project_vendor,agentskill-observability-paper,claude,same_prompt,tool_family,3,30,shell → shell → edit,5,0.007173601147776184,697
project_vendor,agentskill-observability-paper,claude,same_prompt,tool_family,4,1,shell → shell → shell → shell,69,0.11330049261083744,609
project_vendor,agentskill-observability-paper,claude,same_prompt,tool_family,4,2,edit → edit → edit → edit,38,0.06239737274220033,609
project_vendor,agentskill-observability-paper,claude,same_prompt,tool_family,4,3,read → edit → read → edit,33,0.054187192118226604,609
project_vendor,agentskill-observability-paper,claude,same_prompt,tool_family,4,4,read → read → read → read,29,0.047619047619047616,609
project_vendor,agentskill-observability-paper,claude,same_prompt,tool_family,4,5,search → search → search → search,25,0.041050903119868636,609
project_vendor,agentskill-observability-paper,claude,same_prompt,tool_family,4,6,edit → read → edit → read,19,0.031198686371100164,609
project_vendor,agentskill-observability-paper,claude,same_prompt,tool_family,4,7,edit → read → edit → shell,15,0.024630541871921183,609
project_vendor,agentskill-observability-paper,claude,same_prompt,tool_family,4,8,read → edit → edit → edit,14,0.022988505747126436,609
project_vendor,agentskill-observability-paper,claude,same_prompt,tool_family,4,9,edit → read → read → edit,12,0.019704433497536946,609
project_vendor,agentskill-observability-paper,claude,same_prompt,tool_family,4,10,edit → edit → edit → shell,11,0.0180623973727422,609
project_vendor,agentskill-observability-paper,claude,same_prompt,tool_family,4,11,read → read → edit → read,11,0.0180623973727422,609
project_vendor,agentskill-observability-paper,claude,same_prompt,tool_family,4,12,read → edit → read → read,10,0.016420361247947456,609
project_vendor,agentskill-observability-paper,claude,same_prompt,tool_family,4,13,edit → read → edit → edit,9,0.014778325123152709,609
project_vendor,agentskill-observability-paper,claude,same_prompt,tool_family,4,14,read → shell → shell → shell,9,0.014778325123152709,609
project_vendor,agentskill-observability-paper,claude,same_prompt,tool_family,4,15,edit → edit → read → edit,8,0.013136288998357963,609
project_vendor,agentskill-observability-paper,claude,same_prompt,tool_family,4,16,edit → shell → shell → shell,8,0.013136288998357963,609
project_vendor,agentskill-observability-paper,claude,same_prompt,tool_family,4,17,read → edit → edit → read,8,0.013136288998357963,609
project_vendor,agentskill-observability-paper,claude,same_prompt,tool_family,4,18,read → read → edit → edit,8,0.013136288998357963,609
project_vendor,agentskill-observability-paper,claude,same_prompt,tool_family,4,19,edit → edit → edit → read,7,0.011494252873563218,609
project_vendor,agentskill-observability-paper,claude,same_prompt,tool_family,4,20,edit → shell → write → task,7,0.011494252873563218,609
project_vendor,agentskill-observability-paper,claude,same_prompt,tool_family,4,21,read → edit → shell → shell,7,0.011494252873563218,609
project_vendor,agentskill-observability-paper,claude,same_prompt,tool_family,4,22,read → read → shell → shell,7,0.011494252873563218,609
project_vendor,agentskill-observability-paper,claude,same_prompt,tool_family,4,23,shell → shell → shell → read,7,0.011494252873563218,609
project_vendor,agentskill-observability-paper,claude,same_prompt,tool_family,4,24,shell → read → read → edit,6,0.009852216748768473,609
project_vendor,agentskill-observability-paper,claude,same_prompt,tool_family,4,25,shell → shell → read → read,6,0.009852216748768473,609
project_vendor,agentskill-observability-paper,claude,same_prompt,tool_family,4,26,edit → edit → read → read,5,0.008210180623973728,609
project_vendor,agentskill-observability-paper,claude,same_prompt,tool_family,4,27,read → read → read → shell,5,0.008210180623973728,609
project_vendor,agentskill-observability-paper,claude,same_prompt,tool_family,4,28,read → skill → read → read,5,0.008210180623973728,609
project_vendor,agentskill-observability-paper,claude,same_prompt,tool_family,4,29,shell → write → task → read,5,0.008210180623973728,609
project_vendor,agentskill-observability-paper,claude,same_prompt,tool_family,4,30,skill → read → read → read,5,0.008210180623973728,609
project,bpf-developer-tutorial,ALL,full_stream,hybrid_shell,2,1,read → read,310,0.19183168316831684,1616
project,bpf-developer-tutorial,ALL,full_stream,hybrid_shell,2,2,shell:search/text → shell:search/text,307,0.18997524752475248,1616
project,bpf-developer-tutorial,ALL,full_stream,hybrid_shell,2,3,edit → edit,196,0.12128712871287128,1616
project,bpf-developer-tutorial,ALL,full_stream,hybrid_shell,2,4,shell:git/repository → shell:git/repository,157,0.09715346534653466,1616
project,bpf-developer-tutorial,ALL,full_stream,hybrid_shell,2,5,shell:git/repository → shell:search/text,40,0.024752475247524754,1616
project,bpf-developer-tutorial,ALL,full_stream,hybrid_shell,2,6,shell:other → wait/control,35,0.021658415841584157,1616
project,bpf-developer-tutorial,ALL,full_stream,hybrid_shell,2,7,wait/control → shell:other,28,0.017326732673267328,1616
project,bpf-developer-tutorial,ALL,full_stream,hybrid_shell,2,8,read → edit,27,0.01670792079207921,1616
project,bpf-developer-tutorial,ALL,full_stream,hybrid_shell,2,9,read → write,25,0.01547029702970297,1616
project,bpf-developer-tutorial,ALL,full_stream,hybrid_shell,2,10,shell:other → shell:search/text,25,0.01547029702970297,1616
project,bpf-developer-tutorial,ALL,full_stream,hybrid_shell,2,11,write → write,25,0.01547029702970297,1616
project,bpf-developer-tutorial,ALL,full_stream,hybrid_shell,2,12,edit → shell:git/repository,22,0.013613861386138614,1616
project,bpf-developer-tutorial,ALL,full_stream,hybrid_shell,2,13,shell:search/text → shell:git/repository,22,0.013613861386138614,1616
project,bpf-developer-tutorial,ALL,full_stream,hybrid_shell,2,14,shell:search/text → shell:other,20,0.012376237623762377,1616
project,bpf-developer-tutorial,ALL,full_stream,hybrid_shell,2,15,shell:filesystem/navigation → shell:search/text,15,0.009282178217821782,1616
project,bpf-developer-tutorial,ALL,full_stream,hybrid_shell,2,16,shell:search/text → edit,15,0.009282178217821782,1616
project,bpf-developer-tutorial,ALL,full_stream,hybrid_shell,2,17,shell:search/text → shell:filesystem/navigation,15,0.009282178217821782,1616
project,bpf-developer-tutorial,ALL,full_stream,hybrid_shell,2,18,shell:search/text → read,14,0.008663366336633664,1616
project,bpf-developer-tutorial,ALL,full_stream,hybrid_shell,2,19,shell:other → shell:other,13,0.008044554455445545,1616
project,bpf-developer-tutorial,ALL,full_stream,hybrid_shell,2,20,read → shell:search/text,12,0.007425742574257425,1616
project,bpf-developer-tutorial,ALL,full_stream,hybrid_shell,2,21,shell:filesystem/navigation → read,12,0.007425742574257425,1616
project,bpf-developer-tutorial,ALL,full_stream,hybrid_shell,2,22,shell:git/repository → shell:other,12,0.007425742574257425,1616
project,bpf-developer-tutorial,ALL,full_stream,hybrid_shell,2,23,edit → shell:build/check,11,0.006806930693069307,1616
project,bpf-developer-tutorial,ALL,full_stream,hybrid_shell,2,24,read → shell:filesystem/navigation,11,0.006806930693069307,1616
project,bpf-developer-tutorial,ALL,full_stream,hybrid_shell,2,25,read → shell:git/repository,11,0.006806930693069307,1616
project,bpf-developer-tutorial,ALL,full_stream,hybrid_shell,2,26,shell:git/repository → read,11,0.006806930693069307,1616
project,bpf-developer-tutorial,ALL,full_stream,hybrid_shell,2,27,shell:other → shell:git/repository,10,0.006188118811881188,1616
project,bpf-developer-tutorial,ALL,full_stream,hybrid_shell,2,28,wait/control → shell:git/repository,10,0.006188118811881188,1616
project,bpf-developer-tutorial,ALL,full_stream,hybrid_shell,2,29,shell:build/check → shell:other,9,0.005569306930693069,1616
project,bpf-developer-tutorial,ALL,full_stream,hybrid_shell,2,30,write → read,9,0.005569306930693069,1616
project,bpf-developer-tutorial,ALL,full_stream,hybrid_shell,3,1,shell:search/text → shell:search/text → shell:search/text,242,0.15433673469387754,1568
project,bpf-developer-tutorial,ALL,full_stream,hybrid_shell,3,2,read → read → read,237,0.15114795918367346,1568
project,bpf-developer-tutorial,ALL,full_stream,hybrid_shell,3,3,edit → edit → edit,162,0.10331632653061225,1568
project,bpf-developer-tutorial,ALL,full_stream,hybrid_shell,3,4,shell:git/repository → shell:git/repository → shell:git/repository,101,0.06441326530612244,1568
project,bpf-developer-tutorial,ALL,full_stream,hybrid_shell,3,5,shell:git/repository → shell:search/text → shell:search/text,26,0.016581632653061226,1568
project,bpf-developer-tutorial,ALL,full_stream,hybrid_shell,3,6,shell:other → wait/control → shell:other,25,0.01594387755102041,1568
project,bpf-developer-tutorial,ALL,full_stream,hybrid_shell,3,7,read → edit → edit,24,0.015306122448979591,1568
project,bpf-developer-tutorial,ALL,full_stream,hybrid_shell,3,8,read → read → edit,24,0.015306122448979591,1568
project,bpf-developer-tutorial,ALL,full_stream,hybrid_shell,3,9,wait/control → shell:other → wait/control,24,0.015306122448979591,1568
project,bpf-developer-tutorial,ALL,full_stream,hybrid_shell,3,10,read → read → write,20,0.012755102040816327,1568
project,bpf-developer-tutorial,ALL,full_stream,hybrid_shell,3,11,edit → edit → shell:git/repository,18,0.011479591836734694,1568
project,bpf-developer-tutorial,ALL,full_stream,hybrid_shell,3,12,shell:git/repository → shell:git/repository → shell:search/text,14,0.008928571428571428,1568
project,bpf-developer-tutorial,ALL,full_stream,hybrid_shell,3,13,write → write → write,14,0.008928571428571428,1568
project,bpf-developer-tutorial,ALL,full_stream,hybrid_shell,3,14,shell:search/text → shell:search/text → shell:git/repository,13,0.008290816326530613,1568
project,bpf-developer-tutorial,ALL,full_stream,hybrid_shell,3,15,shell:other → shell:search/text → shell:search/text,12,0.007653061224489796,1568
project,bpf-developer-tutorial,ALL,full_stream,hybrid_shell,3,16,shell:search/text → shell:search/text → edit,12,0.007653061224489796,1568
project,bpf-developer-tutorial,ALL,full_stream,hybrid_shell,3,17,edit → shell:git/repository → shell:git/repository,11,0.00701530612244898,1568
project,bpf-developer-tutorial,ALL,full_stream,hybrid_shell,3,18,edit → shell:git/repository → shell:search/text,11,0.00701530612244898,1568
project,bpf-developer-tutorial,ALL,full_stream,hybrid_shell,3,19,shell:filesystem/navigation → shell:search/text → shell:search/text,11,0.00701530612244898,1568
project,bpf-developer-tutorial,ALL,full_stream,hybrid_shell,3,20,read → write → write,10,0.006377551020408163,1568
project,bpf-developer-tutorial,ALL,full_stream,hybrid_shell,3,21,shell:git/repository → shell:git/repository → read,10,0.006377551020408163,1568
project,bpf-developer-tutorial,ALL,full_stream,hybrid_shell,3,22,shell:search/text → shell:search/text → shell:other,10,0.006377551020408163,1568
project,bpf-developer-tutorial,ALL,full_stream,hybrid_shell,3,23,edit → shell:build/check → shell:other,9,0.005739795918367347,1568
project,bpf-developer-tutorial,ALL,full_stream,hybrid_shell,3,24,shell:git/repository → read → read,9,0.005739795918367347,1568
project,bpf-developer-tutorial,ALL,full_stream,hybrid_shell,3,25,shell:search/text → shell:git/repository → shell:git/repository,9,0.005739795918367347,1568
project,bpf-developer-tutorial,ALL,full_stream,hybrid_shell,3,26,shell:search/text → shell:search/text → shell:filesystem/navigation,9,0.005739795918367347,1568
project,bpf-developer-tutorial,ALL,full_stream,hybrid_shell,3,27,read → read → shell:filesystem/navigation,8,0.00510204081632653,1568
project,bpf-developer-tutorial,ALL,full_stream,hybrid_shell,3,28,read → shell:git/repository → shell:git/repository,8,0.00510204081632653,1568
project,bpf-developer-tutorial,ALL,full_stream,hybrid_shell,3,29,read → shell:search/text → shell:search/text,8,0.00510204081632653,1568
project,bpf-developer-tutorial,ALL,full_stream,hybrid_shell,3,30,shell:other → shell:other → shell:search/text,8,0.00510204081632653,1568
project,bpf-developer-tutorial,ALL,full_stream,hybrid_shell,4,1,shell:search/text → shell:search/text → shell:search/text → shell:search/text,197,0.12943495400788435,1522
project,bpf-developer-tutorial,ALL,full_stream,hybrid_shell,4,2,read → read → read → read,194,0.12746386333771353,1522
project,bpf-developer-tutorial,ALL,full_stream,hybrid_shell,4,3,edit → edit → edit → edit,141,0.09264126149802891,1522
project,bpf-developer-tutorial,ALL,full_stream,hybrid_shell,4,4,shell:git/repository → shell:git/repository → shell:git/repository → shell:git/repository,69,0.04533508541392904,1522
project,bpf-developer-tutorial,ALL,full_stream,hybrid_shell,4,5,shell:other → wait/control → shell:other → wait/control,23,0.015111695137976347,1522
project,bpf-developer-tutorial,ALL,full_stream,hybrid_shell,4,6,read → read → edit → edit,22,0.01445466491458607,1522
project,bpf-developer-tutorial,ALL,full_stream,hybrid_shell,4,7,shell:git/repository → shell:search/text → shell:search/text → shell:search/text,19,0.012483574244415242,1522
project,bpf-developer-tutorial,ALL,full_stream,hybrid_shell,4,8,wait/control → shell:other → wait/control → shell:other,19,0.012483574244415242,1522
project,bpf-developer-tutorial,ALL,full_stream,hybrid_shell,4,9,read → edit → edit → edit,14,0.009198423127463863,1522
project,bpf-developer-tutorial,ALL,full_stream,hybrid_shell,4,10,read → read → read → write,14,0.009198423127463863,1522
project,bpf-developer-tutorial,ALL,full_stream,hybrid_shell,4,11,read → read → read → edit,11,0.007227332457293035,1522
project,bpf-developer-tutorial,ALL,full_stream,hybrid_shell,4,12,shell:search/text → shell:search/text → shell:search/text → edit,11,0.007227332457293035,1522
project,bpf-developer-tutorial,ALL,full_stream,hybrid_shell,4,13,shell:search/text → shell:search/text → shell:search/text → shell:git/repository,11,0.007227332457293035,1522
project,bpf-developer-tutorial,ALL,full_stream,hybrid_shell,4,14,edit → edit → edit → shell:git/repository,9,0.005913272010512484,1522
project,bpf-developer-tutorial,ALL,full_stream,hybrid_shell,4,15,edit → edit → shell:git/repository → shell:git/repository,9,0.005913272010512484,1522
project,bpf-developer-tutorial,ALL,full_stream,hybrid_shell,4,16,edit → edit → shell:git/repository → shell:search/text,9,0.005913272010512484,1522
project,bpf-developer-tutorial,ALL,full_stream,hybrid_shell,4,17,shell:filesystem/navigation → shell:search/text → shell:search/text → shell:search/text,9,0.005913272010512484,1522
project,bpf-developer-tutorial,ALL,full_stream,hybrid_shell,4,18,write → write → write → write,9,0.005913272010512484,1522
project,bpf-developer-tutorial,ALL,full_stream,hybrid_shell,4,19,edit → shell:git/repository → shell:search/text → shell:search/text,8,0.005256241787122208,1522
project,bpf-developer-tutorial,ALL,full_stream,hybrid_shell,4,20,read → edit → edit → shell:git/repository,8,0.005256241787122208,1522
project,bpf-developer-tutorial,ALL,full_stream,hybrid_shell,4,21,shell:git/repository → shell:git/repository → read → read,8,0.005256241787122208,1522
project,bpf-developer-tutorial,ALL,full_stream,hybrid_shell,4,22,edit → edit → edit → read,7,0.0045992115637319315,1522
project,bpf-developer-tutorial,ALL,full_stream,hybrid_shell,4,23,read → read → read → shell:filesystem/navigation,7,0.0045992115637319315,1522
project,bpf-developer-tutorial,ALL,full_stream,hybrid_shell,4,24,shell:git/repository → shell:git/repository → shell:git/repository → read,7,0.0045992115637319315,1522
project,bpf-developer-tutorial,ALL,full_stream,hybrid_shell,4,25,shell:git/repository → shell:git/repository → shell:git/repository → shell:search/text,7,0.0045992115637319315,1522
project,bpf-developer-tutorial,ALL,full_stream,hybrid_shell,4,26,shell:git/repository → shell:git/repository → shell:search/text → shell:search/text,7,0.0045992115637319315,1522
project,bpf-developer-tutorial,ALL,full_stream,hybrid_shell,4,27,shell:other → shell:search/text → shell:search/text → shell:search/text,7,0.0045992115637319315,1522
project,bpf-developer-tutorial,ALL,full_stream,hybrid_shell,4,28,shell:search/text → shell:git/repository → shell:git/repository → shell:git/repository,7,0.0045992115637319315,1522
project,bpf-developer-tutorial,ALL,full_stream,hybrid_shell,4,29,read → read → shell:git/repository → shell:git/repository,6,0.003942181340341655,1522
project,bpf-developer-tutorial,ALL,full_stream,hybrid_shell,4,30,read → read → write → write,6,0.003942181340341655,1522
project,bpf-developer-tutorial,ALL,full_stream,tool_family,2,1,shell → shell,708,0.4381188118811881,1616
project,bpf-developer-tutorial,ALL,full_stream,tool_family,2,2,read → read,310,0.19183168316831684,1616
project,bpf-developer-tutorial,ALL,full_stream,tool_family,2,3,edit → edit,196,0.12128712871287128,1616
project,bpf-developer-tutorial,ALL,full_stream,tool_family,2,4,shell → wait/control,48,0.0297029702970297,1616
project,bpf-developer-tutorial,ALL,full_stream,tool_family,2,5,wait/control → shell,45,0.027846534653465347,1616
project,bpf-developer-tutorial,ALL,full_stream,tool_family,2,6,shell → read,37,0.022896039603960396,1616
project,bpf-developer-tutorial,ALL,full_stream,tool_family,2,7,edit → shell,36,0.022277227722772276,1616
project,bpf-developer-tutorial,ALL,full_stream,tool_family,2,8,read → shell,35,0.021658415841584157,1616
project,bpf-developer-tutorial,ALL,full_stream,tool_family,2,9,read → edit,27,0.01670792079207921,1616
project,bpf-developer-tutorial,ALL,full_stream,tool_family,2,10,read → write,25,0.01547029702970297,1616
project,bpf-developer-tutorial,ALL,full_stream,tool_family,2,11,write → write,25,0.01547029702970297,1616
project,bpf-developer-tutorial,ALL,full_stream,tool_family,2,12,shell → edit,23,0.014232673267326733,1616
project,bpf-developer-tutorial,ALL,full_stream,tool_family,2,13,coordination → shell,9,0.005569306930693069,1616
project,bpf-developer-tutorial,ALL,full_stream,tool_family,2,14,write → read,9,0.005569306930693069,1616
project,bpf-developer-tutorial,ALL,full_stream,tool_family,2,15,task → task,8,0.0049504950495049506,1616
project,bpf-developer-tutorial,ALL,full_stream,tool_family,2,16,edit → read,7,0.004331683168316832,1616
project,bpf-developer-tutorial,ALL,full_stream,tool_family,2,17,shell → coordination,5,0.003094059405940594,1616
project,bpf-developer-tutorial,ALL,full_stream,tool_family,2,18,shell → task,5,0.003094059405940594,1616
project,bpf-developer-tutorial,ALL,full_stream,tool_family,2,19,write → shell,5,0.003094059405940594,1616
project,bpf-developer-tutorial,ALL,full_stream,tool_family,2,20,shell → write,4,0.0024752475247524753,1616
project,bpf-developer-tutorial,ALL,full_stream,tool_family,2,21,wait/control → coordination,4,0.0024752475247524753,1616
project,bpf-developer-tutorial,ALL,full_stream,tool_family,2,22,wait/control → wait/control,4,0.0024752475247524753,1616
project,bpf-developer-tutorial,ALL,full_stream,tool_family,2,23,search → read,3,0.0018564356435643563,1616
project,bpf-developer-tutorial,ALL,full_stream,tool_family,2,24,shell → search,3,0.0018564356435643563,1616
project,bpf-developer-tutorial,ALL,full_stream,tool_family,2,25,skill → read,3,0.0018564356435643563,1616
project,bpf-developer-tutorial,ALL,full_stream,tool_family,2,26,task → shell,3,0.0018564356435643563,1616
project,bpf-developer-tutorial,ALL,full_stream,tool_family,2,27,tool discovery → tool discovery,3,0.0018564356435643563,1616
project,bpf-developer-tutorial,ALL,full_stream,tool_family,2,28,coordination → coordination,2,0.0012376237623762376,1616
project,bpf-developer-tutorial,ALL,full_stream,tool_family,2,29,other → read,2,0.0012376237623762376,1616
project,bpf-developer-tutorial,ALL,full_stream,tool_family,2,30,plan/goal → shell,2,0.0012376237623762376,1616
project,bpf-developer-tutorial,ALL,full_stream,tool_family,3,1,shell → shell → shell,606,0.3864795918367347,1568
project,bpf-developer-tutorial,ALL,full_stream,tool_family,3,2,read → read → read,237,0.15114795918367346,1568
project,bpf-developer-tutorial,ALL,full_stream,tool_family,3,3,edit → edit → edit,162,0.10331632653061225,1568
project,bpf-developer-tutorial,ALL,full_stream,tool_family,3,4,shell → wait/control → shell,41,0.02614795918367347,1568
project,bpf-developer-tutorial,ALL,full_stream,tool_family,3,5,edit → shell → shell,36,0.02295918367346939,1568
project,bpf-developer-tutorial,ALL,full_stream,tool_family,3,6,shell → shell → read,25,0.01594387755102041,1568
project,bpf-developer-tutorial,ALL,full_stream,tool_family,3,7,read → edit → edit,24,0.015306122448979591,1568
project,bpf-developer-tutorial,ALL,full_stream,tool_family,3,8,read → read → edit,24,0.015306122448979591,1568
project,bpf-developer-tutorial,ALL,full_stream,tool_family,3,9,shell → shell → wait/control,24,0.015306122448979591,1568
project,bpf-developer-tutorial,ALL,full_stream,tool_family,3,10,wait/control → shell → wait/control,24,0.015306122448979591,1568
project,bpf-developer-tutorial,ALL,full_stream,tool_family,3,11,read → shell → shell,23,0.014668367346938776,1568
project,bpf-developer-tutorial,ALL,full_stream,tool_family,3,12,shell → shell → edit,23,0.014668367346938776,1568
project,bpf-developer-tutorial,ALL,full_stream,tool_family,3,13,read → read → shell,21,0.013392857142857142,1568
project,bpf-developer-tutorial,ALL,full_stream,tool_family,3,14,shell → read → read,21,0.013392857142857142,1568
project,bpf-developer-tutorial,ALL,full_stream,tool_family,3,15,edit → edit → shell,20,0.012755102040816327,1568
project,bpf-developer-tutorial,ALL,full_stream,tool_family,3,16,read → read → write,20,0.012755102040816327,1568
project,bpf-developer-tutorial,ALL,full_stream,tool_family,3,17,wait/control → shell → shell,20,0.012755102040816327,1568
project,bpf-developer-tutorial,ALL,full_stream,tool_family,3,18,shell → edit → shell,15,0.009566326530612245,1568
project,bpf-developer-tutorial,ALL,full_stream,tool_family,3,19,write → write → write,14,0.008928571428571428,1568
project,bpf-developer-tutorial,ALL,full_stream,tool_family,3,20,shell → read → shell,12,0.007653061224489796,1568
project,bpf-developer-tutorial,ALL,full_stream,tool_family,3,21,read → shell → read,10,0.006377551020408163,1568
project,bpf-developer-tutorial,ALL,full_stream,tool_family,3,22,read → write → write,10,0.006377551020408163,1568
project,bpf-developer-tutorial,ALL,full_stream,tool_family,3,23,coordination → shell → shell,8,0.00510204081632653,1568
project,bpf-developer-tutorial,ALL,full_stream,tool_family,3,24,shell → edit → edit,8,0.00510204081632653,1568
project,bpf-developer-tutorial,ALL,full_stream,tool_family,3,25,edit → edit → read,7,0.004464285714285714,1568
project,bpf-developer-tutorial,ALL,full_stream,tool_family,3,26,write → read → read,7,0.004464285714285714,1568
project,bpf-developer-tutorial,ALL,full_stream,tool_family,3,27,read → write → read,5,0.0031887755102040817,1568
project,bpf-developer-tutorial,ALL,full_stream,tool_family,3,28,shell → shell → coordination,5,0.0031887755102040817,1568
project,bpf-developer-tutorial,ALL,full_stream,tool_family,3,29,shell → read → write,4,0.002551020408163265,1568
project,bpf-developer-tutorial,ALL,full_stream,tool_family,3,30,shell → shell → task,4,0.002551020408163265,1568
project,bpf-developer-tutorial,ALL,full_stream,tool_family,4,1,shell → shell → shell → shell,529,0.347568988173456,1522
project,bpf-developer-tutorial,ALL,full_stream,tool_family,4,2,read → read → read → read,194,0.12746386333771353,1522
project,bpf-developer-tutorial,ALL,full_stream,tool_family,4,3,edit → edit → edit → edit,141,0.09264126149802891,1522
project,bpf-developer-tutorial,ALL,full_stream,tool_family,4,4,edit → shell → shell → shell,24,0.01576872536136662,1522
project,bpf-developer-tutorial,ALL,full_stream,tool_family,4,5,wait/control → shell → wait/control → shell,24,0.01576872536136662,1522
project,bpf-developer-tutorial,ALL,full_stream,tool_family,4,6,shell → wait/control → shell → wait/control,23,0.015111695137976347,1522
project,bpf-developer-tutorial,ALL,full_stream,tool_family,4,7,read → read → edit → edit,22,0.01445466491458607,1522
project,bpf-developer-tutorial,ALL,full_stream,tool_family,4,8,shell → shell → shell → wait/control,21,0.013797634691195795,1522
project,bpf-developer-tutorial,ALL,full_stream,tool_family,4,9,edit → edit → shell → shell,20,0.013140604467805518,1522
project,bpf-developer-tutorial,ALL,full_stream,tool_family,4,10,shell → shell → shell → read,19,0.012483574244415242,1522
project,bpf-developer-tutorial,ALL,full_stream,tool_family,4,11,shell → shell → shell → edit,18,0.011826544021024968,1522
project,bpf-developer-tutorial,ALL,full_stream,tool_family,4,12,read → shell → shell → shell,17,0.011169513797634692,1522
project,bpf-developer-tutorial,ALL,full_stream,tool_family,4,13,shell → shell → wait/control → shell,17,0.011169513797634692,1522
project,bpf-developer-tutorial,ALL,full_stream,tool_family,4,14,shell → wait/control → shell → shell,17,0.011169513797634692,1522
project,bpf-developer-tutorial,ALL,full_stream,tool_family,4,15,wait/control → shell → shell → shell,17,0.011169513797634692,1522
project,bpf-developer-tutorial,ALL,full_stream,tool_family,4,16,shell → edit → shell → shell,15,0.00985545335085414,1522
project,bpf-developer-tutorial,ALL,full_stream,tool_family,4,17,shell → shell → edit → shell,15,0.00985545335085414,1522
project,bpf-developer-tutorial,ALL,full_stream,tool_family,4,18,shell → shell → read → read,15,0.00985545335085414,1522
project,bpf-developer-tutorial,ALL,full_stream,tool_family,4,19,read → edit → edit → edit,14,0.009198423127463863,1522
project,bpf-developer-tutorial,ALL,full_stream,tool_family,4,20,read → read → read → write,14,0.009198423127463863,1522
project,bpf-developer-tutorial,ALL,full_stream,tool_family,4,21,read → read → read → shell,13,0.008541392904073587,1522
project,bpf-developer-tutorial,ALL,full_stream,tool_family,4,22,read → read → shell → shell,13,0.008541392904073587,1522
project,bpf-developer-tutorial,ALL,full_stream,tool_family,4,23,read → read → read → edit,11,0.007227332457293035,1522
project,bpf-developer-tutorial,ALL,full_stream,tool_family,4,24,shell → read → read → read,10,0.006570302233902759,1522
project,bpf-developer-tutorial,ALL,full_stream,tool_family,4,25,edit → edit → edit → shell,9,0.005913272010512484,1522
project,bpf-developer-tutorial,ALL,full_stream,tool_family,4,26,shell → shell → read → shell,9,0.005913272010512484,1522
project,bpf-developer-tutorial,ALL,full_stream,tool_family,4,27,write → write → write → write,9,0.005913272010512484,1522
project,bpf-developer-tutorial,ALL,full_stream,tool_family,4,28,read → edit → edit → shell,8,0.005256241787122208,1522
project,bpf-developer-tutorial,ALL,full_stream,tool_family,4,29,shell → read → shell → shell,8,0.005256241787122208,1522
project,bpf-developer-tutorial,ALL,full_stream,tool_family,4,30,shell → shell → edit → edit,8,0.005256241787122208,1522
project,bpf-developer-tutorial,ALL,same_prompt,hybrid_shell,2,1,shell:search/text → shell:search/text,305,0.20171957671957672,1512
project,bpf-developer-tutorial,ALL,same_prompt,hybrid_shell,2,2,read → read,296,0.19576719576719576,1512
project,bpf-developer-tutorial,ALL,same_prompt,hybrid_shell,2,3,edit → edit,187,0.12367724867724868,1512
project,bpf-developer-tutorial,ALL,same_prompt,hybrid_shell,2,4,shell:git/repository → shell:git/repository,145,0.0958994708994709,1512
project,bpf-developer-tutorial,ALL,same_prompt,hybrid_shell,2,5,shell:git/repository → shell:search/text,39,0.025793650793650792,1512
project,bpf-developer-tutorial,ALL,same_prompt,hybrid_shell,2,6,shell:other → wait/control,35,0.023148148148148147,1512
project,bpf-developer-tutorial,ALL,same_prompt,hybrid_shell,2,7,wait/control → shell:other,28,0.018518518518518517,1512
project,bpf-developer-tutorial,ALL,same_prompt,hybrid_shell,2,8,shell:other → shell:search/text,24,0.015873015873015872,1512
project,bpf-developer-tutorial,ALL,same_prompt,hybrid_shell,2,9,shell:search/text → shell:git/repository,22,0.01455026455026455,1512
project,bpf-developer-tutorial,ALL,same_prompt,hybrid_shell,2,10,write → write,21,0.013888888888888888,1512
project,bpf-developer-tutorial,ALL,same_prompt,hybrid_shell,2,11,read → edit,19,0.012566137566137565,1512
project,bpf-developer-tutorial,ALL,same_prompt,hybrid_shell,2,12,read → write,19,0.012566137566137565,1512
project,bpf-developer-tutorial,ALL,same_prompt,hybrid_shell,2,13,shell:search/text → shell:other,19,0.012566137566137565,1512
project,bpf-developer-tutorial,ALL,same_prompt,hybrid_shell,2,14,edit → shell:git/repository,16,0.010582010582010581,1512
project,bpf-developer-tutorial,ALL,same_prompt,hybrid_shell,2,15,shell:filesystem/navigation → shell:search/text,15,0.00992063492063492,1512
project,bpf-developer-tutorial,ALL,same_prompt,hybrid_shell,2,16,shell:search/text → shell:filesystem/navigation,15,0.00992063492063492,1512
project,bpf-developer-tutorial,ALL,same_prompt,hybrid_shell,2,17,shell:search/text → edit,14,0.009259259259259259,1512
project,bpf-developer-tutorial,ALL,same_prompt,hybrid_shell,2,18,shell:other → shell:other,13,0.008597883597883597,1512
project,bpf-developer-tutorial,ALL,same_prompt,hybrid_shell,2,19,read → shell:search/text,12,0.007936507936507936,1512
project,bpf-developer-tutorial,ALL,same_prompt,hybrid_shell,2,20,shell:git/repository → shell:other,12,0.007936507936507936,1512
project,bpf-developer-tutorial,ALL,same_prompt,hybrid_shell,2,21,shell:search/text → read,12,0.007936507936507936,1512
project,bpf-developer-tutorial,ALL,same_prompt,hybrid_shell,2,22,edit → shell:build/check,11,0.007275132275132275,1512
project,bpf-developer-tutorial,ALL,same_prompt,hybrid_shell,2,23,read → shell:filesystem/navigation,10,0.006613756613756613,1512
project,bpf-developer-tutorial,ALL,same_prompt,hybrid_shell,2,24,read → shell:git/repository,10,0.006613756613756613,1512
project,bpf-developer-tutorial,ALL,same_prompt,hybrid_shell,2,25,shell:filesystem/navigation → read,10,0.006613756613756613,1512
project,bpf-developer-tutorial,ALL,same_prompt,hybrid_shell,2,26,shell:build/check → shell:other,9,0.005952380952380952,1512
project,bpf-developer-tutorial,ALL,same_prompt,hybrid_shell,2,27,wait/control → shell:git/repository,9,0.005952380952380952,1512
project,bpf-developer-tutorial,ALL,same_prompt,hybrid_shell,2,28,shell:other → shell:git/repository,8,0.005291005291005291,1512
project,bpf-developer-tutorial,ALL,same_prompt,hybrid_shell,2,29,task → task,8,0.005291005291005291,1512
project,bpf-developer-tutorial,ALL,same_prompt,hybrid_shell,2,30,edit → read,7,0.004629629629629629,1512
project,bpf-developer-tutorial,ALL,same_prompt,hybrid_shell,3,1,shell:search/text → shell:search/text → shell:search/text,240,0.1736613603473227,1382
project,bpf-developer-tutorial,ALL,same_prompt,hybrid_shell,3,2,read → read → read,211,0.15267727930535455,1382
project,bpf-developer-tutorial,ALL,same_prompt,hybrid_shell,3,3,edit → edit → edit,148,0.10709117221418235,1382
project,bpf-developer-tutorial,ALL,same_prompt,hybrid_shell,3,4,shell:git/repository → shell:git/repository → shell:git/repository,85,0.06150506512301013,1382
project,bpf-developer-tutorial,ALL,same_prompt,hybrid_shell,3,5,shell:git/repository → shell:search/text → shell:search/text,25,0.01808972503617945,1382
project,bpf-developer-tutorial,ALL,same_prompt,hybrid_shell,3,6,shell:other → wait/control → shell:other,25,0.01808972503617945,1382
project,bpf-developer-tutorial,ALL,same_prompt,hybrid_shell,3,7,wait/control → shell:other → wait/control,24,0.017366136034732273,1382
project,bpf-developer-tutorial,ALL,same_prompt,hybrid_shell,3,8,read → edit → edit,19,0.013748191027496382,1382
project,bpf-developer-tutorial,ALL,same_prompt,hybrid_shell,3,9,read → read → edit,17,0.012301013024602027,1382
project,bpf-developer-tutorial,ALL,same_prompt,hybrid_shell,3,10,read → read → write,16,0.011577424023154847,1382
project,bpf-developer-tutorial,ALL,same_prompt,hybrid_shell,3,11,shell:git/repository → shell:git/repository → shell:search/text,13,0.009406657018813314,1382
project,bpf-developer-tutorial,ALL,same_prompt,hybrid_shell,3,12,shell:search/text → shell:search/text → shell:git/repository,12,0.008683068017366137,1382
project,bpf-developer-tutorial,ALL,same_prompt,hybrid_shell,3,13,edit → edit → shell:git/repository,11,0.007959479015918957,1382
project,bpf-developer-tutorial,ALL,same_prompt,hybrid_shell,3,14,shell:filesystem/navigation → shell:search/text → shell:search/text,11,0.007959479015918957,1382
project,bpf-developer-tutorial,ALL,same_prompt,hybrid_shell,3,15,shell:other → shell:search/text → shell:search/text,11,0.007959479015918957,1382
project,bpf-developer-tutorial,ALL,same_prompt,hybrid_shell,3,16,shell:search/text → shell:search/text → edit,11,0.007959479015918957,1382
project,bpf-developer-tutorial,ALL,same_prompt,hybrid_shell,3,17,write → write → write,11,0.007959479015918957,1382
project,bpf-developer-tutorial,ALL,same_prompt,hybrid_shell,3,18,edit → shell:build/check → shell:other,9,0.006512301013024602,1382
project,bpf-developer-tutorial,ALL,same_prompt,hybrid_shell,3,19,edit → shell:git/repository → shell:git/repository,9,0.006512301013024602,1382
project,bpf-developer-tutorial,ALL,same_prompt,hybrid_shell,3,20,shell:search/text → shell:git/repository → shell:git/repository,9,0.006512301013024602,1382
project,bpf-developer-tutorial,ALL,same_prompt,hybrid_shell,3,21,shell:search/text → shell:search/text → shell:filesystem/navigation,9,0.006512301013024602,1382
project,bpf-developer-tutorial,ALL,same_prompt,hybrid_shell,3,22,shell:search/text → shell:search/text → shell:other,9,0.006512301013024602,1382
project,bpf-developer-tutorial,ALL,same_prompt,hybrid_shell,3,23,read → shell:search/text → shell:search/text,8,0.005788712011577424,1382
project,bpf-developer-tutorial,ALL,same_prompt,hybrid_shell,3,24,read → write → write,8,0.005788712011577424,1382
project,bpf-developer-tutorial,ALL,same_prompt,hybrid_shell,3,25,shell:other → shell:other → shell:search/text,8,0.005788712011577424,1382
project,bpf-developer-tutorial,ALL,same_prompt,hybrid_shell,3,26,shell:search/text → shell:git/repository → shell:search/text,8,0.005788712011577424,1382
project,bpf-developer-tutorial,ALL,same_prompt,hybrid_shell,3,27,edit → edit → read,7,0.005065123010130246,1382
project,bpf-developer-tutorial,ALL,same_prompt,hybrid_shell,3,28,edit → shell:git/repository → shell:search/text,7,0.005065123010130246,1382
project,bpf-developer-tutorial,ALL,same_prompt,hybrid_shell,3,29,read → read → shell:filesystem/navigation,7,0.005065123010130246,1382
project,bpf-developer-tutorial,ALL,same_prompt,hybrid_shell,3,30,read → shell:git/repository → shell:git/repository,7,0.005065123010130246,1382
project,bpf-developer-tutorial,ALL,same_prompt,hybrid_shell,4,1,shell:search/text → shell:search/text → shell:search/text → shell:search/text,197,0.15438871473354232,1276
project,bpf-developer-tutorial,ALL,same_prompt,hybrid_shell,4,2,read → read → read → read,164,0.12852664576802508,1276
project,bpf-developer-tutorial,ALL,same_prompt,hybrid_shell,4,3,edit → edit → edit → edit,125,0.09796238244514106,1276
project,bpf-developer-tutorial,ALL,same_prompt,hybrid_shell,4,4,shell:git/repository → shell:git/repository → shell:git/repository → shell:git/repository,51,0.039968652037617555,1276
project,bpf-developer-tutorial,ALL,same_prompt,hybrid_shell,4,5,shell:other → wait/control → shell:other → wait/control,23,0.018025078369905956,1276
project,bpf-developer-tutorial,ALL,same_prompt,hybrid_shell,4,6,wait/control → shell:other → wait/control → shell:other,19,0.014890282131661442,1276
project,bpf-developer-tutorial,ALL,same_prompt,hybrid_shell,4,7,read → read → edit → edit,17,0.013322884012539185,1276
project,bpf-developer-tutorial,ALL,same_prompt,hybrid_shell,4,8,shell:git/repository → shell:search/text → shell:search/text → shell:search/text,17,0.013322884012539185,1276
project,bpf-developer-tutorial,ALL,same_prompt,hybrid_shell,4,9,read → edit → edit → edit,11,0.008620689655172414,1276
project,bpf-developer-tutorial,ALL,same_prompt,hybrid_shell,4,10,shell:search/text → shell:search/text → shell:search/text → edit,10,0.007836990595611285,1276
project,bpf-developer-tutorial,ALL,same_prompt,hybrid_shell,4,11,shell:search/text → shell:search/text → shell:search/text → shell:git/repository,10,0.007836990595611285,1276
project,bpf-developer-tutorial,ALL,same_prompt,hybrid_shell,4,12,read → read → read → edit,9,0.007053291536050157,1276
project,bpf-developer-tutorial,ALL,same_prompt,hybrid_shell,4,13,read → read → read → write,9,0.007053291536050157,1276
project,bpf-developer-tutorial,ALL,same_prompt,hybrid_shell,4,14,shell:filesystem/navigation → shell:search/text → shell:search/text → shell:search/text,9,0.007053291536050157,1276
project,bpf-developer-tutorial,ALL,same_prompt,hybrid_shell,4,15,write → write → write → write,8,0.006269592476489028,1276
project,bpf-developer-tutorial,ALL,same_prompt,hybrid_shell,4,16,edit → edit → edit → read,7,0.0054858934169279,1276
project,bpf-developer-tutorial,ALL,same_prompt,hybrid_shell,4,17,shell:git/repository → shell:git/repository → shell:git/repository → shell:search/text,7,0.0054858934169279,1276
project,bpf-developer-tutorial,ALL,same_prompt,hybrid_shell,4,18,shell:git/repository → shell:git/repository → shell:search/text → shell:search/text,7,0.0054858934169279,1276
project,bpf-developer-tutorial,ALL,same_prompt,hybrid_shell,4,19,shell:other → shell:search/text → shell:search/text → shell:search/text,7,0.0054858934169279,1276
project,bpf-developer-tutorial,ALL,same_prompt,hybrid_shell,4,20,shell:search/text → shell:git/repository → shell:git/repository → shell:git/repository,7,0.0054858934169279,1276
project,bpf-developer-tutorial,ALL,same_prompt,hybrid_shell,4,21,edit → edit → edit → shell:git/repository,6,0.004702194357366771,1276
project,bpf-developer-tutorial,ALL,same_prompt,hybrid_shell,4,22,edit → edit → shell:git/repository → shell:git/repository,6,0.004702194357366771,1276
project,bpf-developer-tutorial,ALL,same_prompt,hybrid_shell,4,23,edit → shell:git/repository → shell:search/text → shell:search/text,6,0.004702194357366771,1276
project,bpf-developer-tutorial,ALL,same_prompt,hybrid_shell,4,24,read → read → read → shell:filesystem/navigation,6,0.004702194357366771,1276
project,bpf-developer-tutorial,ALL,same_prompt,hybrid_shell,4,25,shell:search/text → edit → shell:build/check → shell:other,6,0.004702194357366771,1276
project,bpf-developer-tutorial,ALL,same_prompt,hybrid_shell,4,26,shell:search/text → shell:filesystem/navigation → shell:search/text → shell:search/text,6,0.004702194357366771,1276
project,bpf-developer-tutorial,ALL,same_prompt,hybrid_shell,4,27,shell:search/text → shell:git/repository → shell:search/text → shell:search/text,6,0.004702194357366771,1276
project,bpf-developer-tutorial,ALL,same_prompt,hybrid_shell,4,28,shell:search/text → shell:search/text → shell:search/text → shell:filesystem/navigation,6,0.004702194357366771,1276
project,bpf-developer-tutorial,ALL,same_prompt,hybrid_shell,4,29,edit → edit → shell:git/repository → shell:search/text,5,0.003918495297805642,1276
project,bpf-developer-tutorial,ALL,same_prompt,hybrid_shell,4,30,read → read → shell:git/repository → shell:git/repository,5,0.003918495297805642,1276
project,bpf-developer-tutorial,ALL,same_prompt,tool_family,2,1,shell → shell,688,0.455026455026455,1512
project,bpf-developer-tutorial,ALL,same_prompt,tool_family,2,2,read → read,296,0.19576719576719576,1512
project,bpf-developer-tutorial,ALL,same_prompt,tool_family,2,3,edit → edit,187,0.12367724867724868,1512
project,bpf-developer-tutorial,ALL,same_prompt,tool_family,2,4,shell → wait/control,48,0.031746031746031744,1512
project,bpf-developer-tutorial,ALL,same_prompt,tool_family,2,5,wait/control → shell,44,0.0291005291005291,1512
project,bpf-developer-tutorial,ALL,same_prompt,tool_family,2,6,read → shell,33,0.021825396825396824,1512
project,bpf-developer-tutorial,ALL,same_prompt,tool_family,2,7,edit → shell,30,0.01984126984126984,1512
project,bpf-developer-tutorial,ALL,same_prompt,tool_family,2,8,shell → read,29,0.01917989417989418,1512
project,bpf-developer-tutorial,ALL,same_prompt,tool_family,2,9,write → write,21,0.013888888888888888,1512
project,bpf-developer-tutorial,ALL,same_prompt,tool_family,2,10,read → edit,19,0.012566137566137565,1512
project,bpf-developer-tutorial,ALL,same_prompt,tool_family,2,11,read → write,19,0.012566137566137565,1512
project,bpf-developer-tutorial,ALL,same_prompt,tool_family,2,12,shell → edit,18,0.011904761904761904,1512
project,bpf-developer-tutorial,ALL,same_prompt,tool_family,2,13,coordination → shell,8,0.005291005291005291,1512
project,bpf-developer-tutorial,ALL,same_prompt,tool_family,2,14,task → task,8,0.005291005291005291,1512
project,bpf-developer-tutorial,ALL,same_prompt,tool_family,2,15,edit → read,7,0.004629629629629629,1512
project,bpf-developer-tutorial,ALL,same_prompt,tool_family,2,16,shell → coordination,5,0.0033068783068783067,1512
project,bpf-developer-tutorial,ALL,same_prompt,tool_family,2,17,wait/control → coordination,4,0.0026455026455026454,1512
project,bpf-developer-tutorial,ALL,same_prompt,tool_family,2,18,wait/control → wait/control,4,0.0026455026455026454,1512
project,bpf-developer-tutorial,ALL,same_prompt,tool_family,2,19,write → shell,4,0.0026455026455026454,1512
project,bpf-developer-tutorial,ALL,same_prompt,tool_family,2,20,search → read,3,0.001984126984126984,1512
project,bpf-developer-tutorial,ALL,same_prompt,tool_family,2,21,shell → write,3,0.001984126984126984,1512
project,bpf-developer-tutorial,ALL,same_prompt,tool_family,2,22,skill → read,3,0.001984126984126984,1512
project,bpf-developer-tutorial,ALL,same_prompt,tool_family,2,23,tool discovery → tool discovery,3,0.001984126984126984,1512
project,bpf-developer-tutorial,ALL,same_prompt,tool_family,2,24,coordination → coordination,2,0.0013227513227513227,1512
project,bpf-developer-tutorial,ALL,same_prompt,tool_family,2,25,other → read,2,0.0013227513227513227,1512
project,bpf-developer-tutorial,ALL,same_prompt,tool_family,2,26,plan/goal → shell,2,0.0013227513227513227,1512
project,bpf-developer-tutorial,ALL,same_prompt,tool_family,2,27,read → other,2,0.0013227513227513227,1512
project,bpf-developer-tutorial,ALL,same_prompt,tool_family,2,28,shell → plan/goal,2,0.0013227513227513227,1512
project,bpf-developer-tutorial,ALL,same_prompt,tool_family,2,29,shell → task,2,0.0013227513227513227,1512
project,bpf-developer-tutorial,ALL,same_prompt,tool_family,2,30,shell → tool discovery,2,0.0013227513227513227,1512
project,bpf-developer-tutorial,ALL,same_prompt,tool_family,3,1,shell → shell → shell,571,0.41316931982633864,1382
project,bpf-developer-tutorial,ALL,same_prompt,tool_family,3,2,read → read → read,211,0.15267727930535455,1382
project,bpf-developer-tutorial,ALL,same_prompt,tool_family,3,3,edit → edit → edit,148,0.10709117221418235,1382
project,bpf-developer-tutorial,ALL,same_prompt,tool_family,3,4,shell → wait/control → shell,40,0.02894356005788712,1382
project,bpf-developer-tutorial,ALL,same_prompt,tool_family,3,5,edit → shell → shell,30,0.02170767004341534,1382
project,bpf-developer-tutorial,ALL,same_prompt,tool_family,3,6,shell → shell → wait/control,24,0.017366136034732273,1382
project,bpf-developer-tutorial,ALL,same_prompt,tool_family,3,7,wait/control → shell → wait/control,24,0.017366136034732273,1382
project,bpf-developer-tutorial,ALL,same_prompt,tool_family,3,8,read → shell → shell,22,0.015918958031837915,1382
project,bpf-developer-tutorial,ALL,same_prompt,tool_family,3,9,wait/control → shell → shell,20,0.01447178002894356,1382
project,bpf-developer-tutorial,ALL,same_prompt,tool_family,3,10,read → edit → edit,19,0.013748191027496382,1382
project,bpf-developer-tutorial,ALL,same_prompt,tool_family,3,11,read → read → shell,19,0.013748191027496382,1382
project,bpf-developer-tutorial,ALL,same_prompt,tool_family,3,12,shell → shell → edit,18,0.013024602026049204,1382
project,bpf-developer-tutorial,ALL,same_prompt,tool_family,3,13,read → read → edit,17,0.012301013024602027,1382
project,bpf-developer-tutorial,ALL,same_prompt,tool_family,3,14,read → read → write,16,0.011577424023154847,1382
project,bpf-developer-tutorial,ALL,same_prompt,tool_family,3,15,shell → shell → read,15,0.01085383502170767,1382
project,bpf-developer-tutorial,ALL,same_prompt,tool_family,3,16,shell → edit → shell,14,0.010130246020260492,1382
project,bpf-developer-tutorial,ALL,same_prompt,tool_family,3,17,shell → read → read,14,0.010130246020260492,1382
project,bpf-developer-tutorial,ALL,same_prompt,tool_family,3,18,edit → edit → shell,13,0.009406657018813314,1382
project,bpf-developer-tutorial,ALL,same_prompt,tool_family,3,19,shell → read → shell,11,0.007959479015918957,1382
project,bpf-developer-tutorial,ALL,same_prompt,tool_family,3,20,write → write → write,11,0.007959479015918957,1382
project,bpf-developer-tutorial,ALL,same_prompt,tool_family,3,21,read → shell → read,9,0.006512301013024602,1382
project,bpf-developer-tutorial,ALL,same_prompt,tool_family,3,22,read → write → write,8,0.005788712011577424,1382
project,bpf-developer-tutorial,ALL,same_prompt,tool_family,3,23,coordination → shell → shell,7,0.005065123010130246,1382
project,bpf-developer-tutorial,ALL,same_prompt,tool_family,3,24,edit → edit → read,7,0.005065123010130246,1382
project,bpf-developer-tutorial,ALL,same_prompt,tool_family,3,25,shell → shell → coordination,5,0.00361794500723589,1382
project,bpf-developer-tutorial,ALL,same_prompt,tool_family,3,26,shell → edit → edit,4,0.002894356005788712,1382
project,bpf-developer-tutorial,ALL,same_prompt,tool_family,3,27,task → task → task,4,0.002894356005788712,1382
project,bpf-developer-tutorial,ALL,same_prompt,tool_family,3,28,edit → read → read,3,0.002170767004341534,1382
project,bpf-developer-tutorial,ALL,same_prompt,tool_family,3,29,search → read → read,3,0.002170767004341534,1382
project,bpf-developer-tutorial,ALL,same_prompt,tool_family,3,30,shell → wait/control → coordination,3,0.002170767004341534,1382
project,bpf-developer-tutorial,ALL,same_prompt,tool_family,4,1,shell → shell → shell → shell,488,0.3824451410658307,1276
project,bpf-developer-tutorial,ALL,same_prompt,tool_family,4,2,read → read → read → read,164,0.12852664576802508,1276
project,bpf-developer-tutorial,ALL,same_prompt,tool_family,4,3,edit → edit → edit → edit,125,0.09796238244514106,1276
project,bpf-developer-tutorial,ALL,same_prompt,tool_family,4,4,wait/control → shell → wait/control → shell,24,0.018808777429467086,1276
project,bpf-developer-tutorial,ALL,same_prompt,tool_family,4,5,shell → wait/control → shell → wait/control,23,0.018025078369905956,1276
project,bpf-developer-tutorial,ALL,same_prompt,tool_family,4,6,shell → shell → shell → wait/control,21,0.016457680250783698,1276
project,bpf-developer-tutorial,ALL,same_prompt,tool_family,4,7,edit → shell → shell → shell,18,0.014106583072100314,1276
project,bpf-developer-tutorial,ALL,same_prompt,tool_family,4,8,read → read → edit → edit,17,0.013322884012539185,1276
project,bpf-developer-tutorial,ALL,same_prompt,tool_family,4,9,shell → wait/control → shell → shell,17,0.013322884012539185,1276
project,bpf-developer-tutorial,ALL,same_prompt,tool_family,4,10,wait/control → shell → shell → shell,17,0.013322884012539185,1276
project,bpf-developer-tutorial,ALL,same_prompt,tool_family,4,11,read → shell → shell → shell,16,0.012539184952978056,1276
project,bpf-developer-tutorial,ALL,same_prompt,tool_family,4,12,shell → shell → wait/control → shell,16,0.012539184952978056,1276
project,bpf-developer-tutorial,ALL,same_prompt,tool_family,4,13,shell → shell → shell → edit,15,0.011755485893416929,1276
project,bpf-developer-tutorial,ALL,same_prompt,tool_family,4,14,shell → edit → shell → shell,14,0.0109717868338558,1276
project,bpf-developer-tutorial,ALL,same_prompt,tool_family,4,15,shell → shell → edit → shell,14,0.0109717868338558,1276
project,bpf-developer-tutorial,ALL,same_prompt,tool_family,4,16,edit → edit → shell → shell,13,0.01018808777429467,1276
project,bpf-developer-tutorial,ALL,same_prompt,tool_family,4,17,read → read → shell → shell,12,0.009404388714733543,1276
project,bpf-developer-tutorial,ALL,same_prompt,tool_family,4,18,read → edit → edit → edit,11,0.008620689655172414,1276
project,bpf-developer-tutorial,ALL,same_prompt,tool_family,4,19,read → read → read → shell,11,0.008620689655172414,1276
project,bpf-developer-tutorial,ALL,same_prompt,tool_family,4,20,shell → shell → shell → read,10,0.007836990595611285,1276
project,bpf-developer-tutorial,ALL,same_prompt,tool_family,4,21,read → read → read → edit,9,0.007053291536050157,1276
project,bpf-developer-tutorial,ALL,same_prompt,tool_family,4,22,read → read → read → write,9,0.007053291536050157,1276
project,bpf-developer-tutorial,ALL,same_prompt,tool_family,4,23,shell → read → shell → shell,8,0.006269592476489028,1276
project,bpf-developer-tutorial,ALL,same_prompt,tool_family,4,24,shell → shell → read → read,8,0.006269592476489028,1276
project,bpf-developer-tutorial,ALL,same_prompt,tool_family,4,25,write → write → write → write,8,0.006269592476489028,1276
project,bpf-developer-tutorial,ALL,same_prompt,tool_family,4,26,edit → edit → edit → read,7,0.0054858934169279,1276
project,bpf-developer-tutorial,ALL,same_prompt,tool_family,4,27,shell → read → read → read,7,0.0054858934169279,1276
project,bpf-developer-tutorial,ALL,same_prompt,tool_family,4,28,shell → shell → read → shell,7,0.0054858934169279,1276
project,bpf-developer-tutorial,ALL,same_prompt,tool_family,4,29,edit → edit → edit → shell,6,0.004702194357366771,1276
project,bpf-developer-tutorial,ALL,same_prompt,tool_family,4,30,read → read → shell → read,6,0.004702194357366771,1276
project_vendor,bpf-developer-tutorial,claude,full_stream,hybrid_shell,2,1,read → read,303,0.3002973240832507,1009
project_vendor,bpf-developer-tutorial,claude,full_stream,hybrid_shell,2,2,edit → edit,194,0.19226957383548068,1009
project_vendor,bpf-developer-tutorial,claude,full_stream,hybrid_shell,2,3,shell:git/repository → shell:git/repository,105,0.10406342913776016,1009
project_vendor,bpf-developer-tutorial,claude,full_stream,hybrid_shell,2,4,shell:search/text → shell:search/text,98,0.09712586719524281,1009
project_vendor,bpf-developer-tutorial,claude,full_stream,hybrid_shell,2,5,read → edit,27,0.026759167492566897,1009
project_vendor,bpf-developer-tutorial,claude,full_stream,hybrid_shell,2,6,shell:git/repository → shell:search/text,25,0.024777006937561942,1009
project_vendor,bpf-developer-tutorial,claude,full_stream,hybrid_shell,2,7,read → write,23,0.022794846382556987,1009
project_vendor,bpf-developer-tutorial,claude,full_stream,hybrid_shell,2,8,write → write,23,0.022794846382556987,1009
project_vendor,bpf-developer-tutorial,claude,full_stream,hybrid_shell,2,9,edit → shell:git/repository,20,0.019821605550049554,1009
project_vendor,bpf-developer-tutorial,claude,full_stream,hybrid_shell,2,10,shell:search/text → read,14,0.013875123885034688,1009
project_vendor,bpf-developer-tutorial,claude,full_stream,hybrid_shell,2,11,shell:search/text → shell:git/repository,13,0.01288404360753221,1009
project_vendor,bpf-developer-tutorial,claude,full_stream,hybrid_shell,2,12,read → shell:search/text,12,0.011892963330029732,1009
project_vendor,bpf-developer-tutorial,claude,full_stream,hybrid_shell,2,13,shell:filesystem/navigation → read,12,0.011892963330029732,1009
project_vendor,bpf-developer-tutorial,claude,full_stream,hybrid_shell,2,14,read → shell:filesystem/navigation,11,0.010901883052527254,1009
project_vendor,bpf-developer-tutorial,claude,full_stream,hybrid_shell,2,15,read → shell:git/repository,11,0.010901883052527254,1009
project_vendor,bpf-developer-tutorial,claude,full_stream,hybrid_shell,2,16,shell:git/repository → read,11,0.010901883052527254,1009
project_vendor,bpf-developer-tutorial,claude,full_stream,hybrid_shell,2,17,shell:search/text → shell:filesystem/navigation,8,0.007928642220019821,1009
project_vendor,bpf-developer-tutorial,claude,full_stream,hybrid_shell,2,18,task → task,8,0.007928642220019821,1009
project_vendor,bpf-developer-tutorial,claude,full_stream,hybrid_shell,2,19,write → read,8,0.007928642220019821,1009
project_vendor,bpf-developer-tutorial,claude,full_stream,hybrid_shell,2,20,edit → read,7,0.006937561942517344,1009
project_vendor,bpf-developer-tutorial,claude,full_stream,hybrid_shell,2,21,shell:filesystem/navigation → shell:search/text,7,0.006937561942517344,1009
project_vendor,bpf-developer-tutorial,claude,full_stream,hybrid_shell,2,22,shell:git/repository → edit,5,0.004955401387512388,1009
project_vendor,bpf-developer-tutorial,claude,full_stream,hybrid_shell,2,23,shell:filesystem/navigation → shell:git/repository,4,0.003964321110009911,1009
project_vendor,bpf-developer-tutorial,claude,full_stream,hybrid_shell,2,24,shell:git/repository → shell:filesystem/navigation,4,0.003964321110009911,1009
project_vendor,bpf-developer-tutorial,claude,full_stream,hybrid_shell,2,25,search → read,3,0.002973240832507433,1009
project_vendor,bpf-developer-tutorial,claude,full_stream,hybrid_shell,2,26,shell:filesystem/navigation → shell:filesystem/navigation,3,0.002973240832507433,1009
project_vendor,bpf-developer-tutorial,claude,full_stream,hybrid_shell,2,27,shell:git/repository → task,3,0.002973240832507433,1009
project_vendor,bpf-developer-tutorial,claude,full_stream,hybrid_shell,2,28,skill → read,3,0.002973240832507433,1009
project_vendor,bpf-developer-tutorial,claude,full_stream,hybrid_shell,2,29,tool discovery → tool discovery,3,0.002973240832507433,1009
project_vendor,bpf-developer-tutorial,claude,full_stream,hybrid_shell,2,30,write → shell:search/text,3,0.002973240832507433,1009
project_vendor,bpf-developer-tutorial,claude,full_stream,hybrid_shell,3,1,read → read → read,234,0.2422360248447205,966
project_vendor,bpf-developer-tutorial,claude,full_stream,hybrid_shell,3,2,edit → edit → edit,162,0.16770186335403728,966
project_vendor,bpf-developer-tutorial,claude,full_stream,hybrid_shell,3,3,shell:git/repository → shell:git/repository → shell:git/repository,69,0.07142857142857142,966
project_vendor,bpf-developer-tutorial,claude,full_stream,hybrid_shell,3,4,shell:search/text → shell:search/text → shell:search/text,67,0.06935817805383022,966
project_vendor,bpf-developer-tutorial,claude,full_stream,hybrid_shell,3,5,read → edit → edit,24,0.024844720496894408,966
project_vendor,bpf-developer-tutorial,claude,full_stream,hybrid_shell,3,6,read → read → edit,24,0.024844720496894408,966
project_vendor,bpf-developer-tutorial,claude,full_stream,hybrid_shell,3,7,edit → edit → shell:git/repository,18,0.018633540372670808,966
project_vendor,bpf-developer-tutorial,claude,full_stream,hybrid_shell,3,8,read → read → write,18,0.018633540372670808,966
project_vendor,bpf-developer-tutorial,claude,full_stream,hybrid_shell,3,9,shell:git/repository → shell:search/text → shell:search/text,18,0.018633540372670808,966
project_vendor,bpf-developer-tutorial,claude,full_stream,hybrid_shell,3,10,write → write → write,13,0.013457556935817806,966
project_vendor,bpf-developer-tutorial,claude,full_stream,hybrid_shell,3,11,edit → shell:git/repository → shell:git/repository,11,0.011387163561076604,966
project_vendor,bpf-developer-tutorial,claude,full_stream,hybrid_shell,3,12,shell:git/repository → shell:git/repository → read,10,0.010351966873706004,966
project_vendor,bpf-developer-tutorial,claude,full_stream,hybrid_shell,3,13,shell:search/text → shell:search/text → shell:git/repository,10,0.010351966873706004,966
project_vendor,bpf-developer-tutorial,claude,full_stream,hybrid_shell,3,14,edit → shell:git/repository → shell:search/text,9,0.009316770186335404,966
project_vendor,bpf-developer-tutorial,claude,full_stream,hybrid_shell,3,15,read → write → write,9,0.009316770186335404,966
project_vendor,bpf-developer-tutorial,claude,full_stream,hybrid_shell,3,16,shell:git/repository → read → read,9,0.009316770186335404,966
project_vendor,bpf-developer-tutorial,claude,full_stream,hybrid_shell,3,17,read → read → shell:filesystem/navigation,8,0.008281573498964804,966
project_vendor,bpf-developer-tutorial,claude,full_stream,hybrid_shell,3,18,read → shell:git/repository → shell:git/repository,8,0.008281573498964804,966
project_vendor,bpf-developer-tutorial,claude,full_stream,hybrid_shell,3,19,read → shell:search/text → shell:search/text,8,0.008281573498964804,966
project_vendor,bpf-developer-tutorial,claude,full_stream,hybrid_shell,3,20,shell:search/text → shell:search/text → read,8,0.008281573498964804,966
project_vendor,bpf-developer-tutorial,claude,full_stream,hybrid_shell,3,21,edit → edit → read,7,0.007246376811594203,966
project_vendor,bpf-developer-tutorial,claude,full_stream,hybrid_shell,3,22,read → read → shell:git/repository,7,0.007246376811594203,966
project_vendor,bpf-developer-tutorial,claude,full_stream,hybrid_shell,3,23,read → shell:filesystem/navigation → read,7,0.007246376811594203,966
project_vendor,bpf-developer-tutorial,claude,full_stream,hybrid_shell,3,24,shell:git/repository → shell:git/repository → shell:search/text,7,0.007246376811594203,966
project_vendor,bpf-developer-tutorial,claude,full_stream,hybrid_shell,3,25,read → read → shell:search/text,6,0.006211180124223602,966
project_vendor,bpf-developer-tutorial,claude,full_stream,hybrid_shell,3,26,shell:filesystem/navigation → read → read,6,0.006211180124223602,966
project_vendor,bpf-developer-tutorial,claude,full_stream,hybrid_shell,3,27,shell:search/text → read → read,6,0.006211180124223602,966
project_vendor,bpf-developer-tutorial,claude,full_stream,hybrid_shell,3,28,write → read → read,6,0.006211180124223602,966
project_vendor,bpf-developer-tutorial,claude,full_stream,hybrid_shell,3,29,read → write → read,5,0.005175983436853002,966
project_vendor,bpf-developer-tutorial,claude,full_stream,hybrid_shell,3,30,shell:search/text → read → shell:search/text,5,0.005175983436853002,966
project_vendor,bpf-developer-tutorial,claude,full_stream,hybrid_shell,4,1,read → read → read → read,192,0.20756756756756756,925
project_vendor,bpf-developer-tutorial,claude,full_stream,hybrid_shell,4,2,edit → edit → edit → edit,141,0.15243243243243243,925
project_vendor,bpf-developer-tutorial,claude,full_stream,hybrid_shell,4,3,shell:git/repository → shell:git/repository → shell:git/repository → shell:git/repository,49,0.05297297297297297,925
project_vendor,bpf-developer-tutorial,claude,full_stream,hybrid_shell,4,4,shell:search/text → shell:search/text → shell:search/text → shell:search/text,45,0.04864864864864865,925
project_vendor,bpf-developer-tutorial,claude,full_stream,hybrid_shell,4,5,read → read → edit → edit,22,0.023783783783783784,925
project_vendor,bpf-developer-tutorial,claude,full_stream,hybrid_shell,4,6,read → edit → edit → edit,14,0.015135135135135135,925
project_vendor,bpf-developer-tutorial,claude,full_stream,hybrid_shell,4,7,read → read → read → write,14,0.015135135135135135,925
project_vendor,bpf-developer-tutorial,claude,full_stream,hybrid_shell,4,8,shell:git/repository → shell:search/text → shell:search/text → shell:search/text,14,0.015135135135135135,925
project_vendor,bpf-developer-tutorial,claude,full_stream,hybrid_shell,4,9,read → read → read → edit,11,0.011891891891891892,925
project_vendor,bpf-developer-tutorial,claude,full_stream,hybrid_shell,4,10,edit → edit → edit → shell:git/repository,9,0.00972972972972973,925
project_vendor,bpf-developer-tutorial,claude,full_stream,hybrid_shell,4,11,edit → edit → shell:git/repository → shell:git/repository,9,0.00972972972972973,925
project_vendor,bpf-developer-tutorial,claude,full_stream,hybrid_shell,4,12,edit → edit → shell:git/repository → shell:search/text,9,0.00972972972972973,925
project_vendor,bpf-developer-tutorial,claude,full_stream,hybrid_shell,4,13,shell:search/text → shell:search/text → shell:search/text → shell:git/repository,9,0.00972972972972973,925
project_vendor,bpf-developer-tutorial,claude,full_stream,hybrid_shell,4,14,write → write → write → write,9,0.00972972972972973,925
project_vendor,bpf-developer-tutorial,claude,full_stream,hybrid_shell,4,15,read → edit → edit → shell:git/repository,8,0.008648648648648649,925
project_vendor,bpf-developer-tutorial,claude,full_stream,hybrid_shell,4,16,shell:git/repository → shell:git/repository → read → read,8,0.008648648648648649,925
project_vendor,bpf-developer-tutorial,claude,full_stream,hybrid_shell,4,17,edit → edit → edit → read,7,0.0075675675675675675,925
project_vendor,bpf-developer-tutorial,claude,full_stream,hybrid_shell,4,18,read → read → read → shell:filesystem/navigation,7,0.0075675675675675675,925
project_vendor,bpf-developer-tutorial,claude,full_stream,hybrid_shell,4,19,shell:git/repository → shell:git/repository → shell:git/repository → read,7,0.0075675675675675675,925
project_vendor,bpf-developer-tutorial,claude,full_stream,hybrid_shell,4,20,edit → shell:git/repository → shell:search/text → shell:search/text,6,0.006486486486486486,925
project_vendor,bpf-developer-tutorial,claude,full_stream,hybrid_shell,4,21,read → read → shell:git/repository → shell:git/repository,6,0.006486486486486486,925
project_vendor,bpf-developer-tutorial,claude,full_stream,hybrid_shell,4,22,shell:filesystem/navigation → read → read → read,6,0.006486486486486486,925
project_vendor,bpf-developer-tutorial,claude,full_stream,hybrid_shell,4,23,read → read → shell:filesystem/navigation → read,5,0.005405405405405406,925
project_vendor,bpf-developer-tutorial,claude,full_stream,hybrid_shell,4,24,read → read → write → read,5,0.005405405405405406,925
project_vendor,bpf-developer-tutorial,claude,full_stream,hybrid_shell,4,25,read → read → write → write,5,0.005405405405405406,925
project_vendor,bpf-developer-tutorial,claude,full_stream,hybrid_shell,4,26,shell:git/repository → read → read → edit,5,0.005405405405405406,925
project_vendor,bpf-developer-tutorial,claude,full_stream,hybrid_shell,4,27,shell:git/repository → shell:git/repository → shell:search/text → shell:search/text,5,0.005405405405405406,925
project_vendor,bpf-developer-tutorial,claude,full_stream,hybrid_shell,4,28,shell:search/text → shell:search/text → shell:git/repository → shell:search/text,5,0.005405405405405406,925
project_vendor,bpf-developer-tutorial,claude,full_stream,hybrid_shell,4,29,shell:search/text → shell:search/text → shell:search/text → read,5,0.005405405405405406,925
project_vendor,bpf-developer-tutorial,claude,full_stream,hybrid_shell,4,30,write → read → read → read,5,0.005405405405405406,925
project_vendor,bpf-developer-tutorial,claude,full_stream,tool_family,2,1,read → read,303,0.3002973240832507,1009
project_vendor,bpf-developer-tutorial,claude,full_stream,tool_family,2,2,shell → shell,276,0.27353815659068387,1009
project_vendor,bpf-developer-tutorial,claude,full_stream,tool_family,2,3,edit → edit,194,0.19226957383548068,1009
project_vendor,bpf-developer-tutorial,claude,full_stream,tool_family,2,4,shell → read,37,0.036669970267591674,1009
project_vendor,bpf-developer-tutorial,claude,full_stream,tool_family,2,5,read → shell,35,0.03468780971258672,1009
project_vendor,bpf-developer-tutorial,claude,full_stream,tool_family,2,6,read → edit,27,0.026759167492566897,1009
project_vendor,bpf-developer-tutorial,claude,full_stream,tool_family,2,7,read → write,23,0.022794846382556987,1009
project_vendor,bpf-developer-tutorial,claude,full_stream,tool_family,2,8,write → write,23,0.022794846382556987,1009
project_vendor,bpf-developer-tutorial,claude,full_stream,tool_family,2,9,edit → shell,20,0.019821605550049554,1009
project_vendor,bpf-developer-tutorial,claude,full_stream,tool_family,2,10,task → task,8,0.007928642220019821,1009
project_vendor,bpf-developer-tutorial,claude,full_stream,tool_family,2,11,write → read,8,0.007928642220019821,1009
project_vendor,bpf-developer-tutorial,claude,full_stream,tool_family,2,12,edit → read,7,0.006937561942517344,1009
project_vendor,bpf-developer-tutorial,claude,full_stream,tool_family,2,13,shell → edit,7,0.006937561942517344,1009
project_vendor,bpf-developer-tutorial,claude,full_stream,tool_family,2,14,write → shell,5,0.004955401387512388,1009
project_vendor,bpf-developer-tutorial,claude,full_stream,tool_family,2,15,shell → write,4,0.003964321110009911,1009
project_vendor,bpf-developer-tutorial,claude,full_stream,tool_family,2,16,search → read,3,0.002973240832507433,1009
project_vendor,bpf-developer-tutorial,claude,full_stream,tool_family,2,17,shell → search,3,0.002973240832507433,1009
project_vendor,bpf-developer-tutorial,claude,full_stream,tool_family,2,18,shell → task,3,0.002973240832507433,1009
project_vendor,bpf-developer-tutorial,claude,full_stream,tool_family,2,19,skill → read,3,0.002973240832507433,1009
project_vendor,bpf-developer-tutorial,claude,full_stream,tool_family,2,20,tool discovery → tool discovery,3,0.002973240832507433,1009
project_vendor,bpf-developer-tutorial,claude,full_stream,tool_family,2,21,shell → tool discovery,2,0.0019821605550049554,1009
project_vendor,bpf-developer-tutorial,claude,full_stream,tool_family,2,22,task → read,2,0.0019821605550049554,1009
project_vendor,bpf-developer-tutorial,claude,full_stream,tool_family,2,23,task → shell,2,0.0019821605550049554,1009
project_vendor,bpf-developer-tutorial,claude,full_stream,tool_family,2,24,tool discovery → shell,2,0.0019821605550049554,1009
project_vendor,bpf-developer-tutorial,claude,full_stream,tool_family,2,25,read → search,1,0.0009910802775024777,1009
project_vendor,bpf-developer-tutorial,claude,full_stream,tool_family,2,26,read → skill,1,0.0009910802775024777,1009
project_vendor,bpf-developer-tutorial,claude,full_stream,tool_family,2,27,search → edit,1,0.0009910802775024777,1009
project_vendor,bpf-developer-tutorial,claude,full_stream,tool_family,2,28,search → search,1,0.0009910802775024777,1009
project_vendor,bpf-developer-tutorial,claude,full_stream,tool_family,2,29,shell → wait/control,1,0.0009910802775024777,1009
project_vendor,bpf-developer-tutorial,claude,full_stream,tool_family,2,30,wait/control → shell,1,0.0009910802775024777,1009
project_vendor,bpf-developer-tutorial,claude,full_stream,tool_family,3,1,read → read → read,234,0.2422360248447205,966
project_vendor,bpf-developer-tutorial,claude,full_stream,tool_family,3,2,shell → shell → shell,223,0.2308488612836439,966
project_vendor,bpf-developer-tutorial,claude,full_stream,tool_family,3,3,edit → edit → edit,162,0.16770186335403728,966
project_vendor,bpf-developer-tutorial,claude,full_stream,tool_family,3,4,shell → shell → read,25,0.025879917184265012,966
project_vendor,bpf-developer-tutorial,claude,full_stream,tool_family,3,5,read → edit → edit,24,0.024844720496894408,966
project_vendor,bpf-developer-tutorial,claude,full_stream,tool_family,3,6,read → read → edit,24,0.024844720496894408,966
project_vendor,bpf-developer-tutorial,claude,full_stream,tool_family,3,7,read → shell → shell,23,0.023809523809523808,966
project_vendor,bpf-developer-tutorial,claude,full_stream,tool_family,3,8,read → read → shell,21,0.021739130434782608,966
project_vendor,bpf-developer-tutorial,claude,full_stream,tool_family,3,9,shell → read → read,21,0.021739130434782608,966
project_vendor,bpf-developer-tutorial,claude,full_stream,tool_family,3,10,edit → shell → shell,20,0.020703933747412008,966
project_vendor,bpf-developer-tutorial,claude,full_stream,tool_family,3,11,edit → edit → shell,18,0.018633540372670808,966
project_vendor,bpf-developer-tutorial,claude,full_stream,tool_family,3,12,read → read → write,18,0.018633540372670808,966
project_vendor,bpf-developer-tutorial,claude,full_stream,tool_family,3,13,write → write → write,13,0.013457556935817806,966
project_vendor,bpf-developer-tutorial,claude,full_stream,tool_family,3,14,shell → read → shell,12,0.012422360248447204,966
project_vendor,bpf-developer-tutorial,claude,full_stream,tool_family,3,15,read → shell → read,10,0.010351966873706004,966
project_vendor,bpf-developer-tutorial,claude,full_stream,tool_family,3,16,read → write → write,9,0.009316770186335404,966
project_vendor,bpf-developer-tutorial,claude,full_stream,tool_family,3,17,edit → edit → read,7,0.007246376811594203,966
project_vendor,bpf-developer-tutorial,claude,full_stream,tool_family,3,18,shell → shell → edit,7,0.007246376811594203,966
project_vendor,bpf-developer-tutorial,claude,full_stream,tool_family,3,19,shell → edit → edit,6,0.006211180124223602,966
project_vendor,bpf-developer-tutorial,claude,full_stream,tool_family,3,20,write → read → read,6,0.006211180124223602,966
project_vendor,bpf-developer-tutorial,claude,full_stream,tool_family,3,21,read → write → read,5,0.005175983436853002,966
project_vendor,bpf-developer-tutorial,claude,full_stream,tool_family,3,22,shell → read → write,4,0.004140786749482402,966
project_vendor,bpf-developer-tutorial,claude,full_stream,tool_family,3,23,task → task → task,4,0.004140786749482402,966
project_vendor,bpf-developer-tutorial,claude,full_stream,tool_family,3,24,edit → read → read,3,0.003105590062111801,966
project_vendor,bpf-developer-tutorial,claude,full_stream,tool_family,3,25,search → read → read,3,0.003105590062111801,966
project_vendor,bpf-developer-tutorial,claude,full_stream,tool_family,3,26,shell → shell → search,3,0.003105590062111801,966
project_vendor,bpf-developer-tutorial,claude,full_stream,tool_family,3,27,shell → task → task,3,0.003105590062111801,966
project_vendor,bpf-developer-tutorial,claude,full_stream,tool_family,3,28,skill → read → read,3,0.003105590062111801,966
project_vendor,bpf-developer-tutorial,claude,full_stream,tool_family,3,29,write → write → read,3,0.003105590062111801,966
project_vendor,bpf-developer-tutorial,claude,full_stream,tool_family,3,30,write → write → shell,3,0.003105590062111801,966
project_vendor,bpf-developer-tutorial,claude,full_stream,tool_family,4,1,read → read → read → read,192,0.20756756756756756,925
project_vendor,bpf-developer-tutorial,claude,full_stream,tool_family,4,2,shell → shell → shell → shell,188,0.20324324324324325,925
project_vendor,bpf-developer-tutorial,claude,full_stream,tool_family,4,3,edit → edit → edit → edit,141,0.15243243243243243,925
project_vendor,bpf-developer-tutorial,claude,full_stream,tool_family,4,4,read → read → edit → edit,22,0.023783783783783784,925
project_vendor,bpf-developer-tutorial,claude,full_stream,tool_family,4,5,shell → shell → shell → read,19,0.02054054054054054,925
project_vendor,bpf-developer-tutorial,claude,full_stream,tool_family,4,6,edit → edit → shell → shell,18,0.01945945945945946,925
project_vendor,bpf-developer-tutorial,claude,full_stream,tool_family,4,7,read → shell → shell → shell,17,0.018378378378378378,925
project_vendor,bpf-developer-tutorial,claude,full_stream,tool_family,4,8,shell → shell → read → read,15,0.016216216216216217,925
project_vendor,bpf-developer-tutorial,claude,full_stream,tool_family,4,9,read → edit → edit → edit,14,0.015135135135135135,925
project_vendor,bpf-developer-tutorial,claude,full_stream,tool_family,4,10,read → read → read → write,14,0.015135135135135135,925
project_vendor,bpf-developer-tutorial,claude,full_stream,tool_family,4,11,read → read → read → shell,13,0.014054054054054054,925
project_vendor,bpf-developer-tutorial,claude,full_stream,tool_family,4,12,read → read → shell → shell,13,0.014054054054054054,925
project_vendor,bpf-developer-tutorial,claude,full_stream,tool_family,4,13,read → read → read → edit,11,0.011891891891891892,925
project_vendor,bpf-developer-tutorial,claude,full_stream,tool_family,4,14,edit → shell → shell → shell,10,0.010810810810810811,925
project_vendor,bpf-developer-tutorial,claude,full_stream,tool_family,4,15,shell → read → read → read,10,0.010810810810810811,925
project_vendor,bpf-developer-tutorial,claude,full_stream,tool_family,4,16,edit → edit → edit → shell,9,0.00972972972972973,925
project_vendor,bpf-developer-tutorial,claude,full_stream,tool_family,4,17,shell → shell → read → shell,9,0.00972972972972973,925
project_vendor,bpf-developer-tutorial,claude,full_stream,tool_family,4,18,write → write → write → write,9,0.00972972972972973,925
project_vendor,bpf-developer-tutorial,claude,full_stream,tool_family,4,19,read → edit → edit → shell,8,0.008648648648648649,925
project_vendor,bpf-developer-tutorial,claude,full_stream,tool_family,4,20,shell → read → shell → shell,8,0.008648648648648649,925
project_vendor,bpf-developer-tutorial,claude,full_stream,tool_family,4,21,edit → edit → edit → read,7,0.0075675675675675675,925
project_vendor,bpf-developer-tutorial,claude,full_stream,tool_family,4,22,read → read → shell → read,7,0.0075675675675675675,925
project_vendor,bpf-developer-tutorial,claude,full_stream,tool_family,4,23,shell → read → read → edit,7,0.0075675675675675675,925
project_vendor,bpf-developer-tutorial,claude,full_stream,tool_family,4,24,shell → shell → edit → edit,6,0.006486486486486486,925
project_vendor,bpf-developer-tutorial,claude,full_stream,tool_family,4,25,read → read → write → read,5,0.005405405405405406,925
project_vendor,bpf-developer-tutorial,claude,full_stream,tool_family,4,26,read → read → write → write,5,0.005405405405405406,925
project_vendor,bpf-developer-tutorial,claude,full_stream,tool_family,4,27,shell → edit → edit → edit,5,0.005405405405405406,925
project_vendor,bpf-developer-tutorial,claude,full_stream,tool_family,4,28,write → read → read → read,5,0.005405405405405406,925
project_vendor,bpf-developer-tutorial,claude,full_stream,tool_family,4,29,read → shell → read → read,4,0.004324324324324324,925
project_vendor,bpf-developer-tutorial,claude,full_stream,tool_family,4,30,read → write → write → write,4,0.004324324324324324,925
project_vendor,bpf-developer-tutorial,claude,same_prompt,hybrid_shell,2,1,read → read,289,0.3161925601750547,914
project_vendor,bpf-developer-tutorial,claude,same_prompt,hybrid_shell,2,2,edit → edit,185,0.2024070021881838,914
project_vendor,bpf-developer-tutorial,claude,same_prompt,hybrid_shell,2,3,shell:search/text → shell:search/text,96,0.1050328227571116,914
project_vendor,bpf-developer-tutorial,claude,same_prompt,hybrid_shell,2,4,shell:git/repository → shell:git/repository,94,0.10284463894967177,914
project_vendor,bpf-developer-tutorial,claude,same_prompt,hybrid_shell,2,5,shell:git/repository → shell:search/text,25,0.02735229759299781,914
project_vendor,bpf-developer-tutorial,claude,same_prompt,hybrid_shell,2,6,write → write,20,0.02188183807439825,914
project_vendor,bpf-developer-tutorial,claude,same_prompt,hybrid_shell,2,7,read → edit,19,0.020787746170678335,914
project_vendor,bpf-developer-tutorial,claude,same_prompt,hybrid_shell,2,8,read → write,17,0.018599562363238512,914
project_vendor,bpf-developer-tutorial,claude,same_prompt,hybrid_shell,2,9,edit → shell:git/repository,14,0.015317286652078774,914
project_vendor,bpf-developer-tutorial,claude,same_prompt,hybrid_shell,2,10,shell:search/text → shell:git/repository,13,0.014223194748358862,914
project_vendor,bpf-developer-tutorial,claude,same_prompt,hybrid_shell,2,11,read → shell:search/text,12,0.01312910284463895,914
project_vendor,bpf-developer-tutorial,claude,same_prompt,hybrid_shell,2,12,shell:search/text → read,12,0.01312910284463895,914
project_vendor,bpf-developer-tutorial,claude,same_prompt,hybrid_shell,2,13,read → shell:filesystem/navigation,10,0.010940919037199124,914
project_vendor,bpf-developer-tutorial,claude,same_prompt,hybrid_shell,2,14,read → shell:git/repository,10,0.010940919037199124,914
project_vendor,bpf-developer-tutorial,claude,same_prompt,hybrid_shell,2,15,shell:filesystem/navigation → read,10,0.010940919037199124,914
project_vendor,bpf-developer-tutorial,claude,same_prompt,hybrid_shell,2,16,shell:search/text → shell:filesystem/navigation,8,0.0087527352297593,914
project_vendor,bpf-developer-tutorial,claude,same_prompt,hybrid_shell,2,17,task → task,8,0.0087527352297593,914
project_vendor,bpf-developer-tutorial,claude,same_prompt,hybrid_shell,2,18,edit → read,7,0.007658643326039387,914
project_vendor,bpf-developer-tutorial,claude,same_prompt,hybrid_shell,2,19,shell:filesystem/navigation → shell:search/text,7,0.007658643326039387,914
project_vendor,bpf-developer-tutorial,claude,same_prompt,hybrid_shell,2,20,shell:git/repository → read,7,0.007658643326039387,914
project_vendor,bpf-developer-tutorial,claude,same_prompt,hybrid_shell,2,21,shell:filesystem/navigation → shell:git/repository,4,0.00437636761487965,914
project_vendor,bpf-developer-tutorial,claude,same_prompt,hybrid_shell,2,22,shell:git/repository → shell:filesystem/navigation,4,0.00437636761487965,914
project_vendor,bpf-developer-tutorial,claude,same_prompt,hybrid_shell,2,23,search → read,3,0.0032822757111597373,914
project_vendor,bpf-developer-tutorial,claude,same_prompt,hybrid_shell,2,24,skill → read,3,0.0032822757111597373,914
project_vendor,bpf-developer-tutorial,claude,same_prompt,hybrid_shell,2,25,tool discovery → tool discovery,3,0.0032822757111597373,914
project_vendor,bpf-developer-tutorial,claude,same_prompt,hybrid_shell,2,26,shell:data/analysis/runtime → shell:git/repository,2,0.002188183807439825,914
project_vendor,bpf-developer-tutorial,claude,same_prompt,hybrid_shell,2,27,shell:filesystem/navigation → shell:filesystem/navigation,2,0.002188183807439825,914
project_vendor,bpf-developer-tutorial,claude,same_prompt,hybrid_shell,2,28,write → read,2,0.002188183807439825,914
project_vendor,bpf-developer-tutorial,claude,same_prompt,hybrid_shell,2,29,write → shell:search/text,2,0.002188183807439825,914
project_vendor,bpf-developer-tutorial,claude,same_prompt,hybrid_shell,2,30,read → shell:other,1,0.0010940919037199124,914
project_vendor,bpf-developer-tutorial,claude,same_prompt,hybrid_shell,3,1,read → read → read,208,0.2613065326633166,796
project_vendor,bpf-developer-tutorial,claude,same_prompt,hybrid_shell,3,2,edit → edit → edit,148,0.18592964824120603,796
project_vendor,bpf-developer-tutorial,claude,same_prompt,hybrid_shell,3,3,shell:search/text → shell:search/text → shell:search/text,65,0.08165829145728644,796
project_vendor,bpf-developer-tutorial,claude,same_prompt,hybrid_shell,3,4,shell:git/repository → shell:git/repository → shell:git/repository,53,0.06658291457286432,796
project_vendor,bpf-developer-tutorial,claude,same_prompt,hybrid_shell,3,5,read → edit → edit,19,0.02386934673366834,796
project_vendor,bpf-developer-tutorial,claude,same_prompt,hybrid_shell,3,6,read → read → edit,17,0.02135678391959799,796
project_vendor,bpf-developer-tutorial,claude,same_prompt,hybrid_shell,3,7,shell:git/repository → shell:search/text → shell:search/text,17,0.02135678391959799,796
project_vendor,bpf-developer-tutorial,claude,same_prompt,hybrid_shell,3,8,read → read → write,14,0.017587939698492462,796
project_vendor,bpf-developer-tutorial,claude,same_prompt,hybrid_shell,3,9,edit → edit → shell:git/repository,11,0.013819095477386936,796
project_vendor,bpf-developer-tutorial,claude,same_prompt,hybrid_shell,3,10,write → write → write,11,0.013819095477386936,796
project_vendor,bpf-developer-tutorial,claude,same_prompt,hybrid_shell,3,11,edit → shell:git/repository → shell:git/repository,9,0.011306532663316583,796
project_vendor,bpf-developer-tutorial,claude,same_prompt,hybrid_shell,3,12,shell:search/text → shell:search/text → shell:git/repository,9,0.011306532663316583,796
project_vendor,bpf-developer-tutorial,claude,same_prompt,hybrid_shell,3,13,read → shell:search/text → shell:search/text,8,0.010050251256281407,796
project_vendor,bpf-developer-tutorial,claude,same_prompt,hybrid_shell,3,14,edit → edit → read,7,0.008793969849246231,796
project_vendor,bpf-developer-tutorial,claude,same_prompt,hybrid_shell,3,15,read → read → shell:filesystem/navigation,7,0.008793969849246231,796
project_vendor,bpf-developer-tutorial,claude,same_prompt,hybrid_shell,3,16,read → shell:git/repository → shell:git/repository,7,0.008793969849246231,796
project_vendor,bpf-developer-tutorial,claude,same_prompt,hybrid_shell,3,17,read → write → write,7,0.008793969849246231,796
project_vendor,bpf-developer-tutorial,claude,same_prompt,hybrid_shell,3,18,shell:git/repository → shell:git/repository → shell:search/text,7,0.008793969849246231,796
project_vendor,bpf-developer-tutorial,claude,same_prompt,hybrid_shell,3,19,shell:search/text → shell:search/text → read,7,0.008793969849246231,796
project_vendor,bpf-developer-tutorial,claude,same_prompt,hybrid_shell,3,20,read → read → shell:git/repository,6,0.007537688442211055,796
project_vendor,bpf-developer-tutorial,claude,same_prompt,hybrid_shell,3,21,read → read → shell:search/text,6,0.007537688442211055,796
project_vendor,bpf-developer-tutorial,claude,same_prompt,hybrid_shell,3,22,read → shell:filesystem/navigation → read,6,0.007537688442211055,796
project_vendor,bpf-developer-tutorial,claude,same_prompt,hybrid_shell,3,23,edit → shell:git/repository → shell:search/text,5,0.00628140703517588,796
project_vendor,bpf-developer-tutorial,claude,same_prompt,hybrid_shell,3,24,shell:filesystem/navigation → read → read,5,0.00628140703517588,796
project_vendor,bpf-developer-tutorial,claude,same_prompt,hybrid_shell,3,25,shell:git/repository → read → read,5,0.00628140703517588,796
project_vendor,bpf-developer-tutorial,claude,same_prompt,hybrid_shell,3,26,shell:git/repository → shell:git/repository → read,5,0.00628140703517588,796
project_vendor,bpf-developer-tutorial,claude,same_prompt,hybrid_shell,3,27,shell:search/text → read → shell:search/text,5,0.00628140703517588,796
project_vendor,bpf-developer-tutorial,claude,same_prompt,hybrid_shell,3,28,shell:search/text → shell:git/repository → shell:git/repository,5,0.00628140703517588,796
project_vendor,bpf-developer-tutorial,claude,same_prompt,hybrid_shell,3,29,shell:search/text → shell:git/repository → shell:search/text,5,0.00628140703517588,796
project_vendor,bpf-developer-tutorial,claude,same_prompt,hybrid_shell,3,30,shell:search/text → shell:search/text → shell:filesystem/navigation,5,0.00628140703517588,796
project_vendor,bpf-developer-tutorial,claude,same_prompt,hybrid_shell,4,1,read → read → read → read,162,0.23109843081312412,701
project_vendor,bpf-developer-tutorial,claude,same_prompt,hybrid_shell,4,2,edit → edit → edit → edit,125,0.1783166904422254,701
project_vendor,bpf-developer-tutorial,claude,same_prompt,hybrid_shell,4,3,shell:search/text → shell:search/text → shell:search/text → shell:search/text,45,0.06419400855920114,701
project_vendor,bpf-developer-tutorial,claude,same_prompt,hybrid_shell,4,4,shell:git/repository → shell:git/repository → shell:git/repository → shell:git/repository,31,0.0442225392296719,701
project_vendor,bpf-developer-tutorial,claude,same_prompt,hybrid_shell,4,5,read → read → edit → edit,17,0.024251069900142655,701
project_vendor,bpf-developer-tutorial,claude,same_prompt,hybrid_shell,4,6,shell:git/repository → shell:search/text → shell:search/text → shell:search/text,12,0.017118402282453638,701
project_vendor,bpf-developer-tutorial,claude,same_prompt,hybrid_shell,4,7,read → edit → edit → edit,11,0.015691868758915834,701
project_vendor,bpf-developer-tutorial,claude,same_prompt,hybrid_shell,4,8,read → read → read → edit,9,0.012838801711840228,701
project_vendor,bpf-developer-tutorial,claude,same_prompt,hybrid_shell,4,9,read → read → read → write,9,0.012838801711840228,701
project_vendor,bpf-developer-tutorial,claude,same_prompt,hybrid_shell,4,10,shell:search/text → shell:search/text → shell:search/text → shell:git/repository,8,0.011412268188302425,701
project_vendor,bpf-developer-tutorial,claude,same_prompt,hybrid_shell,4,11,write → write → write → write,8,0.011412268188302425,701
project_vendor,bpf-developer-tutorial,claude,same_prompt,hybrid_shell,4,12,edit → edit → edit → read,7,0.009985734664764621,701
project_vendor,bpf-developer-tutorial,claude,same_prompt,hybrid_shell,4,13,edit → edit → edit → shell:git/repository,6,0.008559201141226819,701
project_vendor,bpf-developer-tutorial,claude,same_prompt,hybrid_shell,4,14,edit → edit → shell:git/repository → shell:git/repository,6,0.008559201141226819,701
project_vendor,bpf-developer-tutorial,claude,same_prompt,hybrid_shell,4,15,read → read → read → shell:filesystem/navigation,6,0.008559201141226819,701
project_vendor,bpf-developer-tutorial,claude,same_prompt,hybrid_shell,4,16,edit → edit → shell:git/repository → shell:search/text,5,0.007132667617689016,701
project_vendor,bpf-developer-tutorial,claude,same_prompt,hybrid_shell,4,17,read → read → shell:git/repository → shell:git/repository,5,0.007132667617689016,701
project_vendor,bpf-developer-tutorial,claude,same_prompt,hybrid_shell,4,18,shell:filesystem/navigation → read → read → read,5,0.007132667617689016,701
project_vendor,bpf-developer-tutorial,claude,same_prompt,hybrid_shell,4,19,shell:git/repository → shell:git/repository → shell:search/text → shell:search/text,5,0.007132667617689016,701
project_vendor,bpf-developer-tutorial,claude,same_prompt,hybrid_shell,4,20,edit → shell:git/repository → shell:search/text → shell:search/text,4,0.005706134094151213,701
project_vendor,bpf-developer-tutorial,claude,same_prompt,hybrid_shell,4,21,read → read → shell:filesystem/navigation → read,4,0.005706134094151213,701
project_vendor,bpf-developer-tutorial,claude,same_prompt,hybrid_shell,4,22,read → read → shell:search/text → shell:search/text,4,0.005706134094151213,701
project_vendor,bpf-developer-tutorial,claude,same_prompt,hybrid_shell,4,23,read → read → write → write,4,0.005706134094151213,701
project_vendor,bpf-developer-tutorial,claude,same_prompt,hybrid_shell,4,24,read → shell:search/text → shell:search/text → shell:search/text,4,0.005706134094151213,701
project_vendor,bpf-developer-tutorial,claude,same_prompt,hybrid_shell,4,25,shell:git/repository → shell:git/repository → read → read,4,0.005706134094151213,701
project_vendor,bpf-developer-tutorial,claude,same_prompt,hybrid_shell,4,26,shell:search/text → read → shell:search/text → shell:search/text,4,0.005706134094151213,701
project_vendor,bpf-developer-tutorial,claude,same_prompt,hybrid_shell,4,27,shell:search/text → shell:git/repository → shell:git/repository → shell:git/repository,4,0.005706134094151213,701
project_vendor,bpf-developer-tutorial,claude,same_prompt,hybrid_shell,4,28,shell:search/text → shell:git/repository → shell:search/text → shell:search/text,4,0.005706134094151213,701
project_vendor,bpf-developer-tutorial,claude,same_prompt,hybrid_shell,4,29,shell:search/text → shell:search/text → shell:git/repository → shell:search/text,4,0.005706134094151213,701
project_vendor,bpf-developer-tutorial,claude,same_prompt,hybrid_shell,4,30,shell:search/text → shell:search/text → shell:search/text → read,4,0.005706134094151213,701
project_vendor,bpf-developer-tutorial,claude,same_prompt,tool_family,2,1,read → read,289,0.3161925601750547,914
project_vendor,bpf-developer-tutorial,claude,same_prompt,tool_family,2,2,shell → shell,262,0.28665207877461707,914
project_vendor,bpf-developer-tutorial,claude,same_prompt,tool_family,2,3,edit → edit,185,0.2024070021881838,914
project_vendor,bpf-developer-tutorial,claude,same_prompt,tool_family,2,4,read → shell,33,0.036105032822757115,914
project_vendor,bpf-developer-tutorial,claude,same_prompt,tool_family,2,5,shell → read,29,0.03172866520787746,914
project_vendor,bpf-developer-tutorial,claude,same_prompt,tool_family,2,6,write → write,20,0.02188183807439825,914
project_vendor,bpf-developer-tutorial,claude,same_prompt,tool_family,2,7,read → edit,19,0.020787746170678335,914
project_vendor,bpf-developer-tutorial,claude,same_prompt,tool_family,2,8,read → write,17,0.018599562363238512,914
project_vendor,bpf-developer-tutorial,claude,same_prompt,tool_family,2,9,edit → shell,14,0.015317286652078774,914
project_vendor,bpf-developer-tutorial,claude,same_prompt,tool_family,2,10,task → task,8,0.0087527352297593,914
project_vendor,bpf-developer-tutorial,claude,same_prompt,tool_family,2,11,edit → read,7,0.007658643326039387,914
project_vendor,bpf-developer-tutorial,claude,same_prompt,tool_family,2,12,write → shell,4,0.00437636761487965,914
project_vendor,bpf-developer-tutorial,claude,same_prompt,tool_family,2,13,search → read,3,0.0032822757111597373,914
project_vendor,bpf-developer-tutorial,claude,same_prompt,tool_family,2,14,shell → write,3,0.0032822757111597373,914
project_vendor,bpf-developer-tutorial,claude,same_prompt,tool_family,2,15,skill → read,3,0.0032822757111597373,914
project_vendor,bpf-developer-tutorial,claude,same_prompt,tool_family,2,16,tool discovery → tool discovery,3,0.0032822757111597373,914
project_vendor,bpf-developer-tutorial,claude,same_prompt,tool_family,2,17,shell → edit,2,0.002188183807439825,914
project_vendor,bpf-developer-tutorial,claude,same_prompt,tool_family,2,18,shell → tool discovery,2,0.002188183807439825,914
project_vendor,bpf-developer-tutorial,claude,same_prompt,tool_family,2,19,tool discovery → shell,2,0.002188183807439825,914
project_vendor,bpf-developer-tutorial,claude,same_prompt,tool_family,2,20,write → read,2,0.002188183807439825,914
project_vendor,bpf-developer-tutorial,claude,same_prompt,tool_family,2,21,read → skill,1,0.0010940919037199124,914
project_vendor,bpf-developer-tutorial,claude,same_prompt,tool_family,2,22,search → edit,1,0.0010940919037199124,914
project_vendor,bpf-developer-tutorial,claude,same_prompt,tool_family,2,23,shell → search,1,0.0010940919037199124,914
project_vendor,bpf-developer-tutorial,claude,same_prompt,tool_family,2,24,shell → wait/control,1,0.0010940919037199124,914
project_vendor,bpf-developer-tutorial,claude,same_prompt,tool_family,2,25,task → read,1,0.0010940919037199124,914
project_vendor,bpf-developer-tutorial,claude,same_prompt,tool_family,2,26,task → shell,1,0.0010940919037199124,914
project_vendor,bpf-developer-tutorial,claude,same_prompt,tool_family,2,27,write → tool discovery,1,0.0010940919037199124,914
project_vendor,bpf-developer-tutorial,claude,same_prompt,tool_family,3,1,read → read → read,208,0.2613065326633166,796
project_vendor,bpf-developer-tutorial,claude,same_prompt,tool_family,3,2,shell → shell → shell,199,0.25,796
project_vendor,bpf-developer-tutorial,claude,same_prompt,tool_family,3,3,edit → edit → edit,148,0.18592964824120603,796
project_vendor,bpf-developer-tutorial,claude,same_prompt,tool_family,3,4,read → shell → shell,22,0.02763819095477387,796
project_vendor,bpf-developer-tutorial,claude,same_prompt,tool_family,3,5,read → edit → edit,19,0.02386934673366834,796
project_vendor,bpf-developer-tutorial,claude,same_prompt,tool_family,3,6,read → read → shell,19,0.02386934673366834,796
project_vendor,bpf-developer-tutorial,claude,same_prompt,tool_family,3,7,read → read → edit,17,0.02135678391959799,796
project_vendor,bpf-developer-tutorial,claude,same_prompt,tool_family,3,8,shell → shell → read,15,0.018844221105527637,796
project_vendor,bpf-developer-tutorial,claude,same_prompt,tool_family,3,9,edit → shell → shell,14,0.017587939698492462,796
project_vendor,bpf-developer-tutorial,claude,same_prompt,tool_family,3,10,read → read → write,14,0.017587939698492462,796
project_vendor,bpf-developer-tutorial,claude,same_prompt,tool_family,3,11,shell → read → read,14,0.017587939698492462,796
project_vendor,bpf-developer-tutorial,claude,same_prompt,tool_family,3,12,edit → edit → shell,11,0.013819095477386936,796
project_vendor,bpf-developer-tutorial,claude,same_prompt,tool_family,3,13,shell → read → shell,11,0.013819095477386936,796
project_vendor,bpf-developer-tutorial,claude,same_prompt,tool_family,3,14,write → write → write,11,0.013819095477386936,796
project_vendor,bpf-developer-tutorial,claude,same_prompt,tool_family,3,15,read → shell → read,9,0.011306532663316583,796
project_vendor,bpf-developer-tutorial,claude,same_prompt,tool_family,3,16,edit → edit → read,7,0.008793969849246231,796
project_vendor,bpf-developer-tutorial,claude,same_prompt,tool_family,3,17,read → write → write,7,0.008793969849246231,796
project_vendor,bpf-developer-tutorial,claude,same_prompt,tool_family,3,18,task → task → task,4,0.005025125628140704,796
project_vendor,bpf-developer-tutorial,claude,same_prompt,tool_family,3,19,edit → read → read,3,0.0037688442211055275,796
project_vendor,bpf-developer-tutorial,claude,same_prompt,tool_family,3,20,search → read → read,3,0.0037688442211055275,796
project_vendor,bpf-developer-tutorial,claude,same_prompt,tool_family,3,21,write → write → shell,3,0.0037688442211055275,796
project_vendor,bpf-developer-tutorial,claude,same_prompt,tool_family,3,22,edit → read → edit,2,0.002512562814070352,796
project_vendor,bpf-developer-tutorial,claude,same_prompt,tool_family,3,23,edit → read → shell,2,0.002512562814070352,796
project_vendor,bpf-developer-tutorial,claude,same_prompt,tool_family,3,24,shell → edit → edit,2,0.002512562814070352,796
project_vendor,bpf-developer-tutorial,claude,same_prompt,tool_family,3,25,shell → read → write,2,0.002512562814070352,796
project_vendor,bpf-developer-tutorial,claude,same_prompt,tool_family,3,26,shell → shell → edit,2,0.002512562814070352,796
project_vendor,bpf-developer-tutorial,claude,same_prompt,tool_family,3,27,shell → shell → write,2,0.002512562814070352,796
project_vendor,bpf-developer-tutorial,claude,same_prompt,tool_family,3,28,skill → read → read,2,0.002512562814070352,796
project_vendor,bpf-developer-tutorial,claude,same_prompt,tool_family,3,29,tool discovery → tool discovery → tool discovery,2,0.002512562814070352,796
project_vendor,bpf-developer-tutorial,claude,same_prompt,tool_family,3,30,read → skill → read,1,0.001256281407035176,796
project_vendor,bpf-developer-tutorial,claude,same_prompt,tool_family,4,1,read → read → read → read,162,0.23109843081312412,701
project_vendor,bpf-developer-tutorial,claude,same_prompt,tool_family,4,2,shell → shell → shell → shell,160,0.2282453637660485,701
project_vendor,bpf-developer-tutorial,claude,same_prompt,tool_family,4,3,edit → edit → edit → edit,125,0.1783166904422254,701
project_vendor,bpf-developer-tutorial,claude,same_prompt,tool_family,4,4,read → read → edit → edit,17,0.024251069900142655,701
project_vendor,bpf-developer-tutorial,claude,same_prompt,tool_family,4,5,read → shell → shell → shell,16,0.02282453637660485,701
project_vendor,bpf-developer-tutorial,claude,same_prompt,tool_family,4,6,read → read → shell → shell,12,0.017118402282453638,701
project_vendor,bpf-developer-tutorial,claude,same_prompt,tool_family,4,7,edit → edit → shell → shell,11,0.015691868758915834,701
project_vendor,bpf-developer-tutorial,claude,same_prompt,tool_family,4,8,read → edit → edit → edit,11,0.015691868758915834,701
project_vendor,bpf-developer-tutorial,claude,same_prompt,tool_family,4,9,read → read → read → shell,11,0.015691868758915834,701
project_vendor,bpf-developer-tutorial,claude,same_prompt,tool_family,4,10,shell → shell → shell → read,10,0.014265335235378032,701
project_vendor,bpf-developer-tutorial,claude,same_prompt,tool_family,4,11,read → read → read → edit,9,0.012838801711840228,701
project_vendor,bpf-developer-tutorial,claude,same_prompt,tool_family,4,12,read → read → read → write,9,0.012838801711840228,701
project_vendor,bpf-developer-tutorial,claude,same_prompt,tool_family,4,13,shell → read → shell → shell,8,0.011412268188302425,701
project_vendor,bpf-developer-tutorial,claude,same_prompt,tool_family,4,14,shell → shell → read → read,8,0.011412268188302425,701
project_vendor,bpf-developer-tutorial,claude,same_prompt,tool_family,4,15,write → write → write → write,8,0.011412268188302425,701
project_vendor,bpf-developer-tutorial,claude,same_prompt,tool_family,4,16,edit → edit → edit → read,7,0.009985734664764621,701
project_vendor,bpf-developer-tutorial,claude,same_prompt,tool_family,4,17,shell → read → read → read,7,0.009985734664764621,701
project_vendor,bpf-developer-tutorial,claude,same_prompt,tool_family,4,18,shell → shell → read → shell,7,0.009985734664764621,701
project_vendor,bpf-developer-tutorial,claude,same_prompt,tool_family,4,19,edit → edit → edit → shell,6,0.008559201141226819,701
project_vendor,bpf-developer-tutorial,claude,same_prompt,tool_family,4,20,edit → shell → shell → shell,6,0.008559201141226819,701
project_vendor,bpf-developer-tutorial,claude,same_prompt,tool_family,4,21,read → read → shell → read,6,0.008559201141226819,701
project_vendor,bpf-developer-tutorial,claude,same_prompt,tool_family,4,22,read → read → write → write,4,0.005706134094151213,701
project_vendor,bpf-developer-tutorial,claude,same_prompt,tool_family,4,23,shell → read → read → shell,4,0.005706134094151213,701
project_vendor,bpf-developer-tutorial,claude,same_prompt,tool_family,4,24,edit → edit → read → read,3,0.0042796005706134095,701
project_vendor,bpf-developer-tutorial,claude,same_prompt,tool_family,4,25,read → edit → edit → shell,3,0.0042796005706134095,701
project_vendor,bpf-developer-tutorial,claude,same_prompt,tool_family,4,26,read → shell → read → read,3,0.0042796005706134095,701
project_vendor,bpf-developer-tutorial,claude,same_prompt,tool_family,4,27,read → shell → read → shell,3,0.0042796005706134095,701
project_vendor,bpf-developer-tutorial,claude,same_prompt,tool_family,4,28,read → write → write → write,3,0.0042796005706134095,701
project_vendor,bpf-developer-tutorial,claude,same_prompt,tool_family,4,29,edit → edit → read → edit,2,0.0028530670470756064,701
project_vendor,bpf-developer-tutorial,claude,same_prompt,tool_family,4,30,edit → edit → read → shell,2,0.0028530670470756064,701
project_vendor,bpf-developer-tutorial,codex,full_stream,hybrid_shell,2,1,shell:search/text → shell:search/text,209,0.3536379018612521,591
project_vendor,bpf-developer-tutorial,codex,full_stream,hybrid_shell,2,2,shell:git/repository → shell:git/repository,52,0.08798646362098139,591
project_vendor,bpf-developer-tutorial,codex,full_stream,hybrid_shell,2,3,shell:other → wait/control,35,0.05922165820642978,591
project_vendor,bpf-developer-tutorial,codex,full_stream,hybrid_shell,2,4,wait/control → shell:other,28,0.047377326565143825,591
project_vendor,bpf-developer-tutorial,codex,full_stream,hybrid_shell,2,5,shell:other → shell:search/text,24,0.04060913705583756,591
project_vendor,bpf-developer-tutorial,codex,full_stream,hybrid_shell,2,6,shell:search/text → shell:other,20,0.0338409475465313,591
project_vendor,bpf-developer-tutorial,codex,full_stream,hybrid_shell,2,7,shell:git/repository → shell:search/text,15,0.025380710659898477,591
project_vendor,bpf-developer-tutorial,codex,full_stream,hybrid_shell,2,8,shell:other → shell:other,13,0.021996615905245348,591
project_vendor,bpf-developer-tutorial,codex,full_stream,hybrid_shell,2,9,shell:search/text → edit,13,0.021996615905245348,591
project_vendor,bpf-developer-tutorial,codex,full_stream,hybrid_shell,2,10,shell:git/repository → shell:other,12,0.02030456852791878,591
project_vendor,bpf-developer-tutorial,codex,full_stream,hybrid_shell,2,11,edit → shell:build/check,11,0.018612521150592216,591
project_vendor,bpf-developer-tutorial,codex,full_stream,hybrid_shell,2,12,shell:other → shell:git/repository,10,0.01692047377326565,591
project_vendor,bpf-developer-tutorial,codex,full_stream,hybrid_shell,2,13,shell:build/check → shell:other,9,0.015228426395939087,591
project_vendor,bpf-developer-tutorial,codex,full_stream,hybrid_shell,2,14,shell:search/text → shell:git/repository,9,0.015228426395939087,591
project_vendor,bpf-developer-tutorial,codex,full_stream,hybrid_shell,2,15,wait/control → shell:git/repository,9,0.015228426395939087,591
project_vendor,bpf-developer-tutorial,codex,full_stream,hybrid_shell,2,16,shell:filesystem/navigation → shell:search/text,8,0.01353637901861252,591
project_vendor,bpf-developer-tutorial,codex,full_stream,hybrid_shell,2,17,shell:search/text → shell:filesystem/navigation,7,0.011844331641285956,591
project_vendor,bpf-developer-tutorial,codex,full_stream,hybrid_shell,2,18,coordination → shell:git/repository,5,0.008460236886632826,591
project_vendor,bpf-developer-tutorial,codex,full_stream,hybrid_shell,2,19,shell:other → shell:filesystem/navigation,5,0.008460236886632826,591
project_vendor,bpf-developer-tutorial,codex,full_stream,hybrid_shell,2,20,shell:search/text → wait/control,5,0.008460236886632826,591
project_vendor,bpf-developer-tutorial,codex,full_stream,hybrid_shell,2,21,shell:filesystem/navigation → shell:filesystem/navigation,4,0.00676818950930626,591
project_vendor,bpf-developer-tutorial,codex,full_stream,hybrid_shell,2,22,shell:filesystem/navigation → shell:other,4,0.00676818950930626,591
project_vendor,bpf-developer-tutorial,codex,full_stream,hybrid_shell,2,23,shell:git/repository → wait/control,4,0.00676818950930626,591
project_vendor,bpf-developer-tutorial,codex,full_stream,hybrid_shell,2,24,wait/control → coordination,4,0.00676818950930626,591
project_vendor,bpf-developer-tutorial,codex,full_stream,hybrid_shell,2,25,wait/control → shell:search/text,4,0.00676818950930626,591
project_vendor,bpf-developer-tutorial,codex,full_stream,hybrid_shell,2,26,wait/control → wait/control,4,0.00676818950930626,591
project_vendor,bpf-developer-tutorial,codex,full_stream,hybrid_shell,2,27,edit → shell:search/text,3,0.005076142131979695,591
project_vendor,bpf-developer-tutorial,codex,full_stream,hybrid_shell,2,28,shell:build/check → shell:git/repository,3,0.005076142131979695,591
project_vendor,bpf-developer-tutorial,codex,full_stream,hybrid_shell,2,29,shell:git/repository → coordination,3,0.005076142131979695,591
project_vendor,bpf-developer-tutorial,codex,full_stream,hybrid_shell,2,30,shell:git/repository → shell:test,3,0.005076142131979695,591
project_vendor,bpf-developer-tutorial,codex,full_stream,hybrid_shell,3,1,shell:search/text → shell:search/text → shell:search/text,175,0.2981260647359455,587
project_vendor,bpf-developer-tutorial,codex,full_stream,hybrid_shell,3,2,shell:git/repository → shell:git/repository → shell:git/repository,32,0.054514480408858604,587
project_vendor,bpf-developer-tutorial,codex,full_stream,hybrid_shell,3,3,shell:other → wait/control → shell:other,25,0.04258943781942078,587
project_vendor,bpf-developer-tutorial,codex,full_stream,hybrid_shell,3,4,wait/control → shell:other → wait/control,24,0.04088586030664395,587
project_vendor,bpf-developer-tutorial,codex,full_stream,hybrid_shell,3,5,shell:other → shell:search/text → shell:search/text,12,0.020442930153321975,587
project_vendor,bpf-developer-tutorial,codex,full_stream,hybrid_shell,3,6,shell:search/text → shell:search/text → edit,10,0.017035775127768313,587
project_vendor,bpf-developer-tutorial,codex,full_stream,hybrid_shell,3,7,shell:search/text → shell:search/text → shell:other,10,0.017035775127768313,587
project_vendor,bpf-developer-tutorial,codex,full_stream,hybrid_shell,3,8,edit → shell:build/check → shell:other,9,0.015332197614991482,587
project_vendor,bpf-developer-tutorial,codex,full_stream,hybrid_shell,3,9,shell:git/repository → shell:search/text → shell:search/text,8,0.013628620102214651,587
project_vendor,bpf-developer-tutorial,codex,full_stream,hybrid_shell,3,10,shell:other → shell:other → shell:search/text,8,0.013628620102214651,587
project_vendor,bpf-developer-tutorial,codex,full_stream,hybrid_shell,3,11,shell:filesystem/navigation → shell:search/text → shell:search/text,7,0.01192504258943782,587
project_vendor,bpf-developer-tutorial,codex,full_stream,hybrid_shell,3,12,shell:git/repository → shell:git/repository → shell:search/text,7,0.01192504258943782,587
project_vendor,bpf-developer-tutorial,codex,full_stream,hybrid_shell,3,13,shell:other → shell:search/text → shell:other,7,0.01192504258943782,587
project_vendor,bpf-developer-tutorial,codex,full_stream,hybrid_shell,3,14,shell:search/text → edit → shell:build/check,7,0.01192504258943782,587
project_vendor,bpf-developer-tutorial,codex,full_stream,hybrid_shell,3,15,shell:search/text → shell:other → shell:other,6,0.010221465076660987,587
project_vendor,bpf-developer-tutorial,codex,full_stream,hybrid_shell,3,16,shell:other → wait/control → shell:git/repository,5,0.008517887563884156,587
project_vendor,bpf-developer-tutorial,codex,full_stream,hybrid_shell,3,17,shell:search/text → shell:other → shell:search/text,5,0.008517887563884156,587
project_vendor,bpf-developer-tutorial,codex,full_stream,hybrid_shell,3,18,wait/control → shell:git/repository → shell:git/repository,5,0.008517887563884156,587
project_vendor,bpf-developer-tutorial,codex,full_stream,hybrid_shell,3,19,shell:build/check → shell:other → shell:search/text,4,0.0068143100511073255,587
project_vendor,bpf-developer-tutorial,codex,full_stream,hybrid_shell,3,20,shell:git/repository → shell:other → shell:search/text,4,0.0068143100511073255,587
project_vendor,bpf-developer-tutorial,codex,full_stream,hybrid_shell,3,21,shell:git/repository → shell:other → wait/control,4,0.0068143100511073255,587
project_vendor,bpf-developer-tutorial,codex,full_stream,hybrid_shell,3,22,shell:other → shell:git/repository → shell:git/repository,4,0.0068143100511073255,587
project_vendor,bpf-developer-tutorial,codex,full_stream,hybrid_shell,3,23,shell:search/text → shell:git/repository → shell:git/repository,4,0.0068143100511073255,587
project_vendor,bpf-developer-tutorial,codex,full_stream,hybrid_shell,3,24,shell:search/text → shell:other → wait/control,4,0.0068143100511073255,587
project_vendor,bpf-developer-tutorial,codex,full_stream,hybrid_shell,3,25,shell:search/text → shell:search/text → shell:filesystem/navigation,4,0.0068143100511073255,587
project_vendor,bpf-developer-tutorial,codex,full_stream,hybrid_shell,3,26,shell:git/repository → shell:git/repository → shell:other,3,0.005110732538330494,587
project_vendor,bpf-developer-tutorial,codex,full_stream,hybrid_shell,3,27,shell:git/repository → shell:git/repository → shell:test,3,0.005110732538330494,587
project_vendor,bpf-developer-tutorial,codex,full_stream,hybrid_shell,3,28,shell:other → shell:git/repository → shell:other,3,0.005110732538330494,587
project_vendor,bpf-developer-tutorial,codex,full_stream,hybrid_shell,3,29,shell:other → shell:other → shell:git/repository,3,0.005110732538330494,587
project_vendor,bpf-developer-tutorial,codex,full_stream,hybrid_shell,3,30,shell:search/text → shell:filesystem/navigation → shell:search/text,3,0.005110732538330494,587
project_vendor,bpf-developer-tutorial,codex,full_stream,hybrid_shell,4,1,shell:search/text → shell:search/text → shell:search/text → shell:search/text,152,0.2607204116638079,583
project_vendor,bpf-developer-tutorial,codex,full_stream,hybrid_shell,4,2,shell:other → wait/control → shell:other → wait/control,23,0.03945111492281304,583
project_vendor,bpf-developer-tutorial,codex,full_stream,hybrid_shell,4,3,shell:git/repository → shell:git/repository → shell:git/repository → shell:git/repository,20,0.03430531732418525,583
project_vendor,bpf-developer-tutorial,codex,full_stream,hybrid_shell,4,4,wait/control → shell:other → wait/control → shell:other,19,0.032590051457975985,583
project_vendor,bpf-developer-tutorial,codex,full_stream,hybrid_shell,4,5,shell:search/text → shell:search/text → shell:search/text → edit,9,0.015437392795883362,583
project_vendor,bpf-developer-tutorial,codex,full_stream,hybrid_shell,4,6,shell:other → shell:search/text → shell:search/text → shell:search/text,7,0.012006861063464836,583
project_vendor,bpf-developer-tutorial,codex,full_stream,hybrid_shell,4,7,shell:filesystem/navigation → shell:search/text → shell:search/text → shell:search/text,6,0.010291595197255575,583
project_vendor,bpf-developer-tutorial,codex,full_stream,hybrid_shell,4,8,shell:search/text → edit → shell:build/check → shell:other,6,0.010291595197255575,583
project_vendor,bpf-developer-tutorial,codex,full_stream,hybrid_shell,4,9,shell:git/repository → shell:search/text → shell:search/text → shell:search/text,5,0.008576329331046312,583
project_vendor,bpf-developer-tutorial,codex,full_stream,hybrid_shell,4,10,shell:search/text → shell:search/text → edit → shell:build/check,5,0.008576329331046312,583
project_vendor,bpf-developer-tutorial,codex,full_stream,hybrid_shell,4,11,shell:search/text → shell:search/text → shell:search/text → shell:other,5,0.008576329331046312,583
project_vendor,bpf-developer-tutorial,codex,full_stream,hybrid_shell,4,12,edit → shell:build/check → shell:other → shell:search/text,4,0.00686106346483705,583
project_vendor,bpf-developer-tutorial,codex,full_stream,hybrid_shell,4,13,shell:git/repository → shell:git/repository → shell:git/repository → shell:search/text,4,0.00686106346483705,583
project_vendor,bpf-developer-tutorial,codex,full_stream,hybrid_shell,4,14,shell:other → shell:git/repository → shell:git/repository → shell:git/repository,4,0.00686106346483705,583
project_vendor,bpf-developer-tutorial,codex,full_stream,hybrid_shell,4,15,shell:other → shell:other → shell:search/text → shell:search/text,4,0.00686106346483705,583
project_vendor,bpf-developer-tutorial,codex,full_stream,hybrid_shell,4,16,shell:other → shell:search/text → shell:search/text → shell:other,4,0.00686106346483705,583
project_vendor,bpf-developer-tutorial,codex,full_stream,hybrid_shell,4,17,shell:search/text → shell:other → shell:other → shell:search/text,4,0.00686106346483705,583
project_vendor,bpf-developer-tutorial,codex,full_stream,hybrid_shell,4,18,shell:search/text → shell:other → shell:search/text → shell:other,4,0.00686106346483705,583
project_vendor,bpf-developer-tutorial,codex,full_stream,hybrid_shell,4,19,wait/control → shell:other → wait/control → shell:git/repository,4,0.00686106346483705,583
project_vendor,bpf-developer-tutorial,codex,full_stream,hybrid_shell,4,20,shell:build/check → shell:other → shell:search/text → shell:search/text,3,0.005145797598627788,583
project_vendor,bpf-developer-tutorial,codex,full_stream,hybrid_shell,4,21,shell:git/repository → shell:other → shell:search/text → shell:search/text,3,0.005145797598627788,583
project_vendor,bpf-developer-tutorial,codex,full_stream,hybrid_shell,4,22,shell:git/repository → shell:other → wait/control → shell:other,3,0.005145797598627788,583
project_vendor,bpf-developer-tutorial,codex,full_stream,hybrid_shell,4,23,shell:other → shell:other → shell:search/text → shell:other,3,0.005145797598627788,583
project_vendor,bpf-developer-tutorial,codex,full_stream,hybrid_shell,4,24,shell:other → shell:search/text → shell:other → shell:search/text,3,0.005145797598627788,583
project_vendor,bpf-developer-tutorial,codex,full_stream,hybrid_shell,4,25,shell:search/text → shell:filesystem/navigation → shell:search/text → shell:search/text,3,0.005145797598627788,583
project_vendor,bpf-developer-tutorial,codex,full_stream,hybrid_shell,4,26,shell:search/text → shell:git/repository → shell:git/repository → shell:git/repository,3,0.005145797598627788,583
project_vendor,bpf-developer-tutorial,codex,full_stream,hybrid_shell,4,27,shell:search/text → shell:search/text → shell:other → shell:other,3,0.005145797598627788,583
project_vendor,bpf-developer-tutorial,codex,full_stream,hybrid_shell,4,28,shell:search/text → shell:search/text → shell:search/text → shell:filesystem/navigation,3,0.005145797598627788,583
project_vendor,bpf-developer-tutorial,codex,full_stream,hybrid_shell,4,29,edit → shell:build/check → shell:other → shell:git/repository,2,0.003430531732418525,583
project_vendor,bpf-developer-tutorial,codex,full_stream,hybrid_shell,4,30,edit → shell:git/repository → shell:search/text → shell:search/text,2,0.003430531732418525,583
project_vendor,bpf-developer-tutorial,codex,full_stream,tool_family,2,1,shell → shell,432,0.7309644670050761,591
project_vendor,bpf-developer-tutorial,codex,full_stream,tool_family,2,2,shell → wait/control,47,0.07952622673434856,591
project_vendor,bpf-developer-tutorial,codex,full_stream,tool_family,2,3,wait/control → shell,44,0.07445008460236886,591
project_vendor,bpf-developer-tutorial,codex,full_stream,tool_family,2,4,edit → shell,16,0.02707275803722504,591
project_vendor,bpf-developer-tutorial,codex,full_stream,tool_family,2,5,shell → edit,16,0.02707275803722504,591
project_vendor,bpf-developer-tutorial,codex,full_stream,tool_family,2,6,coordination → shell,9,0.015228426395939087,591
project_vendor,bpf-developer-tutorial,codex,full_stream,tool_family,2,7,shell → coordination,5,0.008460236886632826,591
project_vendor,bpf-developer-tutorial,codex,full_stream,tool_family,2,8,wait/control → coordination,4,0.00676818950930626,591
project_vendor,bpf-developer-tutorial,codex,full_stream,tool_family,2,9,wait/control → wait/control,4,0.00676818950930626,591
project_vendor,bpf-developer-tutorial,codex,full_stream,tool_family,2,10,coordination → coordination,2,0.00338409475465313,591
project_vendor,bpf-developer-tutorial,codex,full_stream,tool_family,2,11,edit → edit,2,0.00338409475465313,591
project_vendor,bpf-developer-tutorial,codex,full_stream,tool_family,2,12,plan/goal → shell,2,0.00338409475465313,591
project_vendor,bpf-developer-tutorial,codex,full_stream,tool_family,2,13,shell → plan/goal,2,0.00338409475465313,591
project_vendor,bpf-developer-tutorial,codex,full_stream,tool_family,2,14,shell → task,2,0.00338409475465313,591
project_vendor,bpf-developer-tutorial,codex,full_stream,tool_family,2,15,coordination → wait/control,1,0.001692047377326565,591
project_vendor,bpf-developer-tutorial,codex,full_stream,tool_family,2,16,plan/goal → plan/goal,1,0.001692047377326565,591
project_vendor,bpf-developer-tutorial,codex,full_stream,tool_family,2,17,task → shell,1,0.001692047377326565,591
project_vendor,bpf-developer-tutorial,codex,full_stream,tool_family,2,18,task → wait/control,1,0.001692047377326565,591
project_vendor,bpf-developer-tutorial,codex,full_stream,tool_family,3,1,shell → shell → shell,383,0.6524701873935264,587
project_vendor,bpf-developer-tutorial,codex,full_stream,tool_family,3,2,shell → wait/control → shell,40,0.06814310051107325,587
project_vendor,bpf-developer-tutorial,codex,full_stream,tool_family,3,3,wait/control → shell → wait/control,24,0.04088586030664395,587
project_vendor,bpf-developer-tutorial,codex,full_stream,tool_family,3,4,shell → shell → wait/control,23,0.039182282793867124,587
project_vendor,bpf-developer-tutorial,codex,full_stream,tool_family,3,5,wait/control → shell → shell,20,0.034071550255536626,587
project_vendor,bpf-developer-tutorial,codex,full_stream,tool_family,3,6,edit → shell → shell,16,0.027257240204429302,587
project_vendor,bpf-developer-tutorial,codex,full_stream,tool_family,3,7,shell → shell → edit,16,0.027257240204429302,587
project_vendor,bpf-developer-tutorial,codex,full_stream,tool_family,3,8,shell → edit → shell,14,0.02385008517887564,587
project_vendor,bpf-developer-tutorial,codex,full_stream,tool_family,3,9,coordination → shell → shell,8,0.013628620102214651,587
project_vendor,bpf-developer-tutorial,codex,full_stream,tool_family,3,10,shell → shell → coordination,5,0.008517887563884156,587
project_vendor,bpf-developer-tutorial,codex,full_stream,tool_family,3,11,wait/control → coordination → shell,4,0.0068143100511073255,587
project_vendor,bpf-developer-tutorial,codex,full_stream,tool_family,3,12,shell → wait/control → coordination,3,0.005110732538330494,587
project_vendor,bpf-developer-tutorial,codex,full_stream,tool_family,3,13,shell → wait/control → wait/control,3,0.005110732538330494,587
project_vendor,bpf-developer-tutorial,codex,full_stream,tool_family,3,14,coordination → coordination → shell,2,0.0034071550255536627,587
project_vendor,bpf-developer-tutorial,codex,full_stream,tool_family,3,15,edit → edit → shell,2,0.0034071550255536627,587
project_vendor,bpf-developer-tutorial,codex,full_stream,tool_family,3,16,plan/goal → shell → shell,2,0.0034071550255536627,587
project_vendor,bpf-developer-tutorial,codex,full_stream,tool_family,3,17,shell → coordination → coordination,2,0.0034071550255536627,587
project_vendor,bpf-developer-tutorial,codex,full_stream,tool_family,3,18,shell → coordination → shell,2,0.0034071550255536627,587
project_vendor,bpf-developer-tutorial,codex,full_stream,tool_family,3,19,shell → edit → edit,2,0.0034071550255536627,587
project_vendor,bpf-developer-tutorial,codex,full_stream,tool_family,3,20,shell → shell → plan/goal,2,0.0034071550255536627,587
project_vendor,bpf-developer-tutorial,codex,full_stream,tool_family,3,21,shell → shell → task,2,0.0034071550255536627,587
project_vendor,bpf-developer-tutorial,codex,full_stream,tool_family,3,22,wait/control → wait/control → shell,2,0.0034071550255536627,587
project_vendor,bpf-developer-tutorial,codex,full_stream,tool_family,3,23,coordination → wait/control → shell,1,0.0017035775127768314,587
project_vendor,bpf-developer-tutorial,codex,full_stream,tool_family,3,24,shell → coordination → wait/control,1,0.0017035775127768314,587
project_vendor,bpf-developer-tutorial,codex,full_stream,tool_family,3,25,shell → plan/goal → plan/goal,1,0.0017035775127768314,587
project_vendor,bpf-developer-tutorial,codex,full_stream,tool_family,3,26,shell → plan/goal → shell,1,0.0017035775127768314,587
project_vendor,bpf-developer-tutorial,codex,full_stream,tool_family,3,27,shell → task → shell,1,0.0017035775127768314,587
project_vendor,bpf-developer-tutorial,codex,full_stream,tool_family,3,28,shell → task → wait/control,1,0.0017035775127768314,587
project_vendor,bpf-developer-tutorial,codex,full_stream,tool_family,3,29,task → shell → shell,1,0.0017035775127768314,587
project_vendor,bpf-developer-tutorial,codex,full_stream,tool_family,3,30,task → wait/control → shell,1,0.0017035775127768314,587
project_vendor,bpf-developer-tutorial,codex,full_stream,tool_family,4,1,shell → shell → shell → shell,341,0.5849056603773585,583
project_vendor,bpf-developer-tutorial,codex,full_stream,tool_family,4,2,wait/control → shell → wait/control → shell,24,0.0411663807890223,583
project_vendor,bpf-developer-tutorial,codex,full_stream,tool_family,4,3,shell → wait/control → shell → wait/control,23,0.03945111492281304,583
project_vendor,bpf-developer-tutorial,codex,full_stream,tool_family,4,4,shell → shell → shell → wait/control,20,0.03430531732418525,583
project_vendor,bpf-developer-tutorial,codex,full_stream,tool_family,4,5,shell → wait/control → shell → shell,17,0.029159519725557463,583
project_vendor,bpf-developer-tutorial,codex,full_stream,tool_family,4,6,wait/control → shell → shell → shell,17,0.029159519725557463,583
project_vendor,bpf-developer-tutorial,codex,full_stream,tool_family,4,7,shell → shell → wait/control → shell,16,0.0274442538593482,583
project_vendor,bpf-developer-tutorial,codex,full_stream,tool_family,4,8,edit → shell → shell → shell,14,0.024013722126929673,583
project_vendor,bpf-developer-tutorial,codex,full_stream,tool_family,4,9,shell → edit → shell → shell,14,0.024013722126929673,583
project_vendor,bpf-developer-tutorial,codex,full_stream,tool_family,4,10,shell → shell → edit → shell,14,0.024013722126929673,583
project_vendor,bpf-developer-tutorial,codex,full_stream,tool_family,4,11,shell → shell → shell → edit,14,0.024013722126929673,583
project_vendor,bpf-developer-tutorial,codex,full_stream,tool_family,4,12,coordination → shell → shell → shell,6,0.010291595197255575,583
project_vendor,bpf-developer-tutorial,codex,full_stream,tool_family,4,13,shell → shell → shell → coordination,3,0.005145797598627788,583
project_vendor,bpf-developer-tutorial,codex,full_stream,tool_family,4,14,shell → shell → wait/control → coordination,3,0.005145797598627788,583
project_vendor,bpf-developer-tutorial,codex,full_stream,tool_family,4,15,shell → shell → wait/control → wait/control,3,0.005145797598627788,583
project_vendor,bpf-developer-tutorial,codex,full_stream,tool_family,4,16,shell → wait/control → coordination → shell,3,0.005145797598627788,583
project_vendor,bpf-developer-tutorial,codex,full_stream,tool_family,4,17,wait/control → coordination → shell → shell,3,0.005145797598627788,583
project_vendor,bpf-developer-tutorial,codex,full_stream,tool_family,4,18,wait/control → shell → shell → wait/control,3,0.005145797598627788,583
project_vendor,bpf-developer-tutorial,codex,full_stream,tool_family,4,19,coordination → coordination → shell → shell,2,0.003430531732418525,583
project_vendor,bpf-developer-tutorial,codex,full_stream,tool_family,4,20,coordination → shell → shell → coordination,2,0.003430531732418525,583
project_vendor,bpf-developer-tutorial,codex,full_stream,tool_family,4,21,edit → edit → shell → shell,2,0.003430531732418525,583
project_vendor,bpf-developer-tutorial,codex,full_stream,tool_family,4,22,edit → shell → shell → edit,2,0.003430531732418525,583
project_vendor,bpf-developer-tutorial,codex,full_stream,tool_family,4,23,plan/goal → shell → shell → shell,2,0.003430531732418525,583
project_vendor,bpf-developer-tutorial,codex,full_stream,tool_family,4,24,shell → coordination → coordination → shell,2,0.003430531732418525,583
project_vendor,bpf-developer-tutorial,codex,full_stream,tool_family,4,25,shell → coordination → shell → shell,2,0.003430531732418525,583
project_vendor,bpf-developer-tutorial,codex,full_stream,tool_family,4,26,shell → edit → edit → shell,2,0.003430531732418525,583
project_vendor,bpf-developer-tutorial,codex,full_stream,tool_family,4,27,shell → shell → coordination → coordination,2,0.003430531732418525,583
project_vendor,bpf-developer-tutorial,codex,full_stream,tool_family,4,28,shell → shell → coordination → shell,2,0.003430531732418525,583
project_vendor,bpf-developer-tutorial,codex,full_stream,tool_family,4,29,shell → shell → edit → edit,2,0.003430531732418525,583
project_vendor,bpf-developer-tutorial,codex,full_stream,tool_family,4,30,shell → shell → shell → plan/goal,2,0.003430531732418525,583
project_vendor,bpf-developer-tutorial,codex,same_prompt,hybrid_shell,2,1,shell:search/text → shell:search/text,209,0.3578767123287671,584
project_vendor,bpf-developer-tutorial,codex,same_prompt,hybrid_shell,2,2,shell:git/repository → shell:git/repository,51,0.08732876712328767,584
project_vendor,bpf-developer-tutorial,codex,same_prompt,hybrid_shell,2,3,shell:other → wait/control,35,0.059931506849315065,584
project_vendor,bpf-developer-tutorial,codex,same_prompt,hybrid_shell,2,4,wait/control → shell:other,28,0.04794520547945205,584
project_vendor,bpf-developer-tutorial,codex,same_prompt,hybrid_shell,2,5,shell:other → shell:search/text,23,0.039383561643835614,584
project_vendor,bpf-developer-tutorial,codex,same_prompt,hybrid_shell,2,6,shell:search/text → shell:other,19,0.032534246575342464,584
project_vendor,bpf-developer-tutorial,codex,same_prompt,hybrid_shell,2,7,shell:git/repository → shell:search/text,14,0.023972602739726026,584
project_vendor,bpf-developer-tutorial,codex,same_prompt,hybrid_shell,2,8,shell:other → shell:other,13,0.02226027397260274,584
project_vendor,bpf-developer-tutorial,codex,same_prompt,hybrid_shell,2,9,shell:search/text → edit,13,0.02226027397260274,584
project_vendor,bpf-developer-tutorial,codex,same_prompt,hybrid_shell,2,10,shell:git/repository → shell:other,12,0.02054794520547945,584
project_vendor,bpf-developer-tutorial,codex,same_prompt,hybrid_shell,2,11,edit → shell:build/check,11,0.018835616438356163,584
project_vendor,bpf-developer-tutorial,codex,same_prompt,hybrid_shell,2,12,shell:build/check → shell:other,9,0.015410958904109588,584
project_vendor,bpf-developer-tutorial,codex,same_prompt,hybrid_shell,2,13,shell:search/text → shell:git/repository,9,0.015410958904109588,584
project_vendor,bpf-developer-tutorial,codex,same_prompt,hybrid_shell,2,14,wait/control → shell:git/repository,9,0.015410958904109588,584
project_vendor,bpf-developer-tutorial,codex,same_prompt,hybrid_shell,2,15,shell:filesystem/navigation → shell:search/text,8,0.0136986301369863,584
project_vendor,bpf-developer-tutorial,codex,same_prompt,hybrid_shell,2,16,shell:other → shell:git/repository,8,0.0136986301369863,584
project_vendor,bpf-developer-tutorial,codex,same_prompt,hybrid_shell,2,17,shell:search/text → shell:filesystem/navigation,7,0.011986301369863013,584
project_vendor,bpf-developer-tutorial,codex,same_prompt,hybrid_shell,2,18,shell:other → shell:filesystem/navigation,5,0.008561643835616438,584
project_vendor,bpf-developer-tutorial,codex,same_prompt,hybrid_shell,2,19,shell:search/text → wait/control,5,0.008561643835616438,584
project_vendor,bpf-developer-tutorial,codex,same_prompt,hybrid_shell,2,20,coordination → shell:git/repository,4,0.00684931506849315,584
project_vendor,bpf-developer-tutorial,codex,same_prompt,hybrid_shell,2,21,shell:filesystem/navigation → shell:filesystem/navigation,4,0.00684931506849315,584
project_vendor,bpf-developer-tutorial,codex,same_prompt,hybrid_shell,2,22,shell:filesystem/navigation → shell:other,4,0.00684931506849315,584
project_vendor,bpf-developer-tutorial,codex,same_prompt,hybrid_shell,2,23,shell:git/repository → wait/control,4,0.00684931506849315,584
project_vendor,bpf-developer-tutorial,codex,same_prompt,hybrid_shell,2,24,wait/control → coordination,4,0.00684931506849315,584
project_vendor,bpf-developer-tutorial,codex,same_prompt,hybrid_shell,2,25,wait/control → shell:search/text,4,0.00684931506849315,584
project_vendor,bpf-developer-tutorial,codex,same_prompt,hybrid_shell,2,26,wait/control → wait/control,4,0.00684931506849315,584
project_vendor,bpf-developer-tutorial,codex,same_prompt,hybrid_shell,2,27,edit → shell:search/text,3,0.005136986301369863,584
project_vendor,bpf-developer-tutorial,codex,same_prompt,hybrid_shell,2,28,shell:build/check → shell:git/repository,3,0.005136986301369863,584
project_vendor,bpf-developer-tutorial,codex,same_prompt,hybrid_shell,2,29,shell:git/repository → coordination,3,0.005136986301369863,584
project_vendor,bpf-developer-tutorial,codex,same_prompt,hybrid_shell,2,30,shell:git/repository → shell:test,3,0.005136986301369863,584
project_vendor,bpf-developer-tutorial,codex,same_prompt,hybrid_shell,3,1,shell:search/text → shell:search/text → shell:search/text,175,0.3048780487804878,574
project_vendor,bpf-developer-tutorial,codex,same_prompt,hybrid_shell,3,2,shell:git/repository → shell:git/repository → shell:git/repository,32,0.05574912891986063,574
project_vendor,bpf-developer-tutorial,codex,same_prompt,hybrid_shell,3,3,shell:other → wait/control → shell:other,25,0.04355400696864112,574
project_vendor,bpf-developer-tutorial,codex,same_prompt,hybrid_shell,3,4,wait/control → shell:other → wait/control,24,0.041811846689895474,574
project_vendor,bpf-developer-tutorial,codex,same_prompt,hybrid_shell,3,5,shell:other → shell:search/text → shell:search/text,11,0.01916376306620209,574
project_vendor,bpf-developer-tutorial,codex,same_prompt,hybrid_shell,3,6,shell:search/text → shell:search/text → edit,10,0.017421602787456445,574
project_vendor,bpf-developer-tutorial,codex,same_prompt,hybrid_shell,3,7,edit → shell:build/check → shell:other,9,0.0156794425087108,574
project_vendor,bpf-developer-tutorial,codex,same_prompt,hybrid_shell,3,8,shell:search/text → shell:search/text → shell:other,9,0.0156794425087108,574
project_vendor,bpf-developer-tutorial,codex,same_prompt,hybrid_shell,3,9,shell:git/repository → shell:search/text → shell:search/text,8,0.013937282229965157,574
project_vendor,bpf-developer-tutorial,codex,same_prompt,hybrid_shell,3,10,shell:other → shell:other → shell:search/text,8,0.013937282229965157,574
project_vendor,bpf-developer-tutorial,codex,same_prompt,hybrid_shell,3,11,shell:filesystem/navigation → shell:search/text → shell:search/text,7,0.012195121951219513,574
project_vendor,bpf-developer-tutorial,codex,same_prompt,hybrid_shell,3,12,shell:other → shell:search/text → shell:other,7,0.012195121951219513,574
project_vendor,bpf-developer-tutorial,codex,same_prompt,hybrid_shell,3,13,shell:search/text → edit → shell:build/check,7,0.012195121951219513,574
project_vendor,bpf-developer-tutorial,codex,same_prompt,hybrid_shell,3,14,shell:git/repository → shell:git/repository → shell:search/text,6,0.010452961672473868,574
project_vendor,bpf-developer-tutorial,codex,same_prompt,hybrid_shell,3,15,shell:search/text → shell:other → shell:other,6,0.010452961672473868,574
project_vendor,bpf-developer-tutorial,codex,same_prompt,hybrid_shell,3,16,shell:other → wait/control → shell:git/repository,5,0.008710801393728223,574
project_vendor,bpf-developer-tutorial,codex,same_prompt,hybrid_shell,3,17,shell:search/text → shell:other → shell:search/text,5,0.008710801393728223,574
project_vendor,bpf-developer-tutorial,codex,same_prompt,hybrid_shell,3,18,wait/control → shell:git/repository → shell:git/repository,5,0.008710801393728223,574
project_vendor,bpf-developer-tutorial,codex,same_prompt,hybrid_shell,3,19,shell:git/repository → shell:other → shell:search/text,4,0.006968641114982578,574
project_vendor,bpf-developer-tutorial,codex,same_prompt,hybrid_shell,3,20,shell:git/repository → shell:other → wait/control,4,0.006968641114982578,574
project_vendor,bpf-developer-tutorial,codex,same_prompt,hybrid_shell,3,21,shell:search/text → shell:git/repository → shell:git/repository,4,0.006968641114982578,574
project_vendor,bpf-developer-tutorial,codex,same_prompt,hybrid_shell,3,22,shell:search/text → shell:other → wait/control,4,0.006968641114982578,574
project_vendor,bpf-developer-tutorial,codex,same_prompt,hybrid_shell,3,23,shell:search/text → shell:search/text → shell:filesystem/navigation,4,0.006968641114982578,574
project_vendor,bpf-developer-tutorial,codex,same_prompt,hybrid_shell,3,24,shell:build/check → shell:other → shell:search/text,3,0.005226480836236934,574
project_vendor,bpf-developer-tutorial,codex,same_prompt,hybrid_shell,3,25,shell:git/repository → shell:git/repository → shell:other,3,0.005226480836236934,574
project_vendor,bpf-developer-tutorial,codex,same_prompt,hybrid_shell,3,26,shell:git/repository → shell:git/repository → shell:test,3,0.005226480836236934,574
project_vendor,bpf-developer-tutorial,codex,same_prompt,hybrid_shell,3,27,shell:other → shell:git/repository → shell:other,3,0.005226480836236934,574
project_vendor,bpf-developer-tutorial,codex,same_prompt,hybrid_shell,3,28,shell:other → shell:other → shell:git/repository,3,0.005226480836236934,574
project_vendor,bpf-developer-tutorial,codex,same_prompt,hybrid_shell,3,29,shell:search/text → shell:filesystem/navigation → shell:search/text,3,0.005226480836236934,574
project_vendor,bpf-developer-tutorial,codex,same_prompt,hybrid_shell,3,30,shell:search/text → shell:git/repository → shell:search/text,3,0.005226480836236934,574
project_vendor,bpf-developer-tutorial,codex,same_prompt,hybrid_shell,4,1,shell:search/text → shell:search/text → shell:search/text → shell:search/text,152,0.26902654867256637,565
project_vendor,bpf-developer-tutorial,codex,same_prompt,hybrid_shell,4,2,shell:other → wait/control → shell:other → wait/control,23,0.04070796460176991,565
project_vendor,bpf-developer-tutorial,codex,same_prompt,hybrid_shell,4,3,shell:git/repository → shell:git/repository → shell:git/repository → shell:git/repository,20,0.035398230088495575,565
project_vendor,bpf-developer-tutorial,codex,same_prompt,hybrid_shell,4,4,wait/control → shell:other → wait/control → shell:other,19,0.033628318584070796,565
project_vendor,bpf-developer-tutorial,codex,same_prompt,hybrid_shell,4,5,shell:search/text → shell:search/text → shell:search/text → edit,9,0.01592920353982301,565
project_vendor,bpf-developer-tutorial,codex,same_prompt,hybrid_shell,4,6,shell:other → shell:search/text → shell:search/text → shell:search/text,7,0.012389380530973451,565
project_vendor,bpf-developer-tutorial,codex,same_prompt,hybrid_shell,4,7,shell:filesystem/navigation → shell:search/text → shell:search/text → shell:search/text,6,0.010619469026548672,565
project_vendor,bpf-developer-tutorial,codex,same_prompt,hybrid_shell,4,8,shell:search/text → edit → shell:build/check → shell:other,6,0.010619469026548672,565
project_vendor,bpf-developer-tutorial,codex,same_prompt,hybrid_shell,4,9,shell:git/repository → shell:search/text → shell:search/text → shell:search/text,5,0.008849557522123894,565
project_vendor,bpf-developer-tutorial,codex,same_prompt,hybrid_shell,4,10,shell:search/text → shell:search/text → edit → shell:build/check,5,0.008849557522123894,565
project_vendor,bpf-developer-tutorial,codex,same_prompt,hybrid_shell,4,11,shell:search/text → shell:search/text → shell:search/text → shell:other,5,0.008849557522123894,565
project_vendor,bpf-developer-tutorial,codex,same_prompt,hybrid_shell,4,12,shell:git/repository → shell:git/repository → shell:git/repository → shell:search/text,4,0.007079646017699115,565
project_vendor,bpf-developer-tutorial,codex,same_prompt,hybrid_shell,4,13,shell:other → shell:other → shell:search/text → shell:search/text,4,0.007079646017699115,565
project_vendor,bpf-developer-tutorial,codex,same_prompt,hybrid_shell,4,14,shell:search/text → shell:other → shell:other → shell:search/text,4,0.007079646017699115,565
project_vendor,bpf-developer-tutorial,codex,same_prompt,hybrid_shell,4,15,shell:search/text → shell:other → shell:search/text → shell:other,4,0.007079646017699115,565
project_vendor,bpf-developer-tutorial,codex,same_prompt,hybrid_shell,4,16,wait/control → shell:other → wait/control → shell:git/repository,4,0.007079646017699115,565
project_vendor,bpf-developer-tutorial,codex,same_prompt,hybrid_shell,4,17,edit → shell:build/check → shell:other → shell:search/text,3,0.005309734513274336,565
project_vendor,bpf-developer-tutorial,codex,same_prompt,hybrid_shell,4,18,shell:git/repository → shell:other → shell:search/text → shell:search/text,3,0.005309734513274336,565
project_vendor,bpf-developer-tutorial,codex,same_prompt,hybrid_shell,4,19,shell:git/repository → shell:other → wait/control → shell:other,3,0.005309734513274336,565
project_vendor,bpf-developer-tutorial,codex,same_prompt,hybrid_shell,4,20,shell:other → shell:other → shell:search/text → shell:other,3,0.005309734513274336,565
project_vendor,bpf-developer-tutorial,codex,same_prompt,hybrid_shell,4,21,shell:other → shell:search/text → shell:other → shell:search/text,3,0.005309734513274336,565
project_vendor,bpf-developer-tutorial,codex,same_prompt,hybrid_shell,4,22,shell:other → shell:search/text → shell:search/text → shell:other,3,0.005309734513274336,565
project_vendor,bpf-developer-tutorial,codex,same_prompt,hybrid_shell,4,23,shell:search/text → shell:filesystem/navigation → shell:search/text → shell:search/text,3,0.005309734513274336,565
project_vendor,bpf-developer-tutorial,codex,same_prompt,hybrid_shell,4,24,shell:search/text → shell:git/repository → shell:git/repository → shell:git/repository,3,0.005309734513274336,565
project_vendor,bpf-developer-tutorial,codex,same_prompt,hybrid_shell,4,25,shell:search/text → shell:search/text → shell:other → shell:other,3,0.005309734513274336,565
project_vendor,bpf-developer-tutorial,codex,same_prompt,hybrid_shell,4,26,shell:search/text → shell:search/text → shell:search/text → shell:filesystem/navigation,3,0.005309734513274336,565
project_vendor,bpf-developer-tutorial,codex,same_prompt,hybrid_shell,4,27,edit → shell:git/repository → shell:search/text → shell:search/text,2,0.0035398230088495575,565
project_vendor,bpf-developer-tutorial,codex,same_prompt,hybrid_shell,4,28,edit → shell:search/text → shell:search/text → shell:search/text,2,0.0035398230088495575,565
project_vendor,bpf-developer-tutorial,codex,same_prompt,hybrid_shell,4,29,plan/goal → shell:search/text → shell:search/text → shell:search/text,2,0.0035398230088495575,565
project_vendor,bpf-developer-tutorial,codex,same_prompt,hybrid_shell,4,30,shell:build/check → shell:other → shell:search/text → shell:search/text,2,0.0035398230088495575,565
project_vendor,bpf-developer-tutorial,codex,same_prompt,tool_family,2,1,shell → shell,426,0.7294520547945206,584
project_vendor,bpf-developer-tutorial,codex,same_prompt,tool_family,2,2,shell → wait/control,47,0.08047945205479452,584
project_vendor,bpf-developer-tutorial,codex,same_prompt,tool_family,2,3,wait/control → shell,44,0.07534246575342465,584
project_vendor,bpf-developer-tutorial,codex,same_prompt,tool_family,2,4,edit → shell,16,0.0273972602739726,584
project_vendor,bpf-developer-tutorial,codex,same_prompt,tool_family,2,5,shell → edit,16,0.0273972602739726,584
project_vendor,bpf-developer-tutorial,codex,same_prompt,tool_family,2,6,coordination → shell,8,0.0136986301369863,584
project_vendor,bpf-developer-tutorial,codex,same_prompt,tool_family,2,7,shell → coordination,5,0.008561643835616438,584
project_vendor,bpf-developer-tutorial,codex,same_prompt,tool_family,2,8,wait/control → coordination,4,0.00684931506849315,584
project_vendor,bpf-developer-tutorial,codex,same_prompt,tool_family,2,9,wait/control → wait/control,4,0.00684931506849315,584
project_vendor,bpf-developer-tutorial,codex,same_prompt,tool_family,2,10,coordination → coordination,2,0.003424657534246575,584
project_vendor,bpf-developer-tutorial,codex,same_prompt,tool_family,2,11,edit → edit,2,0.003424657534246575,584
project_vendor,bpf-developer-tutorial,codex,same_prompt,tool_family,2,12,plan/goal → shell,2,0.003424657534246575,584
project_vendor,bpf-developer-tutorial,codex,same_prompt,tool_family,2,13,shell → plan/goal,2,0.003424657534246575,584
project_vendor,bpf-developer-tutorial,codex,same_prompt,tool_family,2,14,shell → task,2,0.003424657534246575,584
project_vendor,bpf-developer-tutorial,codex,same_prompt,tool_family,2,15,coordination → wait/control,1,0.0017123287671232876,584
project_vendor,bpf-developer-tutorial,codex,same_prompt,tool_family,2,16,plan/goal → plan/goal,1,0.0017123287671232876,584
project_vendor,bpf-developer-tutorial,codex,same_prompt,tool_family,2,17,task → shell,1,0.0017123287671232876,584
project_vendor,bpf-developer-tutorial,codex,same_prompt,tool_family,2,18,task → wait/control,1,0.0017123287671232876,584
project_vendor,bpf-developer-tutorial,codex,same_prompt,tool_family,3,1,shell → shell → shell,372,0.6480836236933798,574
project_vendor,bpf-developer-tutorial,codex,same_prompt,tool_family,3,2,shell → wait/control → shell,40,0.06968641114982578,574
project_vendor,bpf-developer-tutorial,codex,same_prompt,tool_family,3,3,wait/control → shell → wait/control,24,0.041811846689895474,574
project_vendor,bpf-developer-tutorial,codex,same_prompt,tool_family,3,4,shell → shell → wait/control,23,0.04006968641114982,574
project_vendor,bpf-developer-tutorial,codex,same_prompt,tool_family,3,5,wait/control → shell → shell,20,0.03484320557491289,574
project_vendor,bpf-developer-tutorial,codex,same_prompt,tool_family,3,6,edit → shell → shell,16,0.027874564459930314,574
project_vendor,bpf-developer-tutorial,codex,same_prompt,tool_family,3,7,shell → shell → edit,16,0.027874564459930314,574
project_vendor,bpf-developer-tutorial,codex,same_prompt,tool_family,3,8,shell → edit → shell,14,0.024390243902439025,574
project_vendor,bpf-developer-tutorial,codex,same_prompt,tool_family,3,9,coordination → shell → shell,7,0.012195121951219513,574
project_vendor,bpf-developer-tutorial,codex,same_prompt,tool_family,3,10,shell → shell → coordination,5,0.008710801393728223,574
project_vendor,bpf-developer-tutorial,codex,same_prompt,tool_family,3,11,shell → wait/control → coordination,3,0.005226480836236934,574
project_vendor,bpf-developer-tutorial,codex,same_prompt,tool_family,3,12,shell → wait/control → wait/control,3,0.005226480836236934,574
project_vendor,bpf-developer-tutorial,codex,same_prompt,tool_family,3,13,wait/control → coordination → shell,3,0.005226480836236934,574
project_vendor,bpf-developer-tutorial,codex,same_prompt,tool_family,3,14,coordination → coordination → shell,2,0.003484320557491289,574
project_vendor,bpf-developer-tutorial,codex,same_prompt,tool_family,3,15,edit → edit → shell,2,0.003484320557491289,574
project_vendor,bpf-developer-tutorial,codex,same_prompt,tool_family,3,16,plan/goal → shell → shell,2,0.003484320557491289,574
project_vendor,bpf-developer-tutorial,codex,same_prompt,tool_family,3,17,shell → coordination → coordination,2,0.003484320557491289,574
project_vendor,bpf-developer-tutorial,codex,same_prompt,tool_family,3,18,shell → coordination → shell,2,0.003484320557491289,574
project_vendor,bpf-developer-tutorial,codex,same_prompt,tool_family,3,19,shell → edit → edit,2,0.003484320557491289,574
project_vendor,bpf-developer-tutorial,codex,same_prompt,tool_family,3,20,shell → shell → plan/goal,2,0.003484320557491289,574
project_vendor,bpf-developer-tutorial,codex,same_prompt,tool_family,3,21,shell → shell → task,2,0.003484320557491289,574
project_vendor,bpf-developer-tutorial,codex,same_prompt,tool_family,3,22,wait/control → wait/control → shell,2,0.003484320557491289,574
project_vendor,bpf-developer-tutorial,codex,same_prompt,tool_family,3,23,coordination → wait/control → shell,1,0.0017421602787456446,574
project_vendor,bpf-developer-tutorial,codex,same_prompt,tool_family,3,24,shell → coordination → wait/control,1,0.0017421602787456446,574
project_vendor,bpf-developer-tutorial,codex,same_prompt,tool_family,3,25,shell → plan/goal → plan/goal,1,0.0017421602787456446,574
project_vendor,bpf-developer-tutorial,codex,same_prompt,tool_family,3,26,shell → plan/goal → shell,1,0.0017421602787456446,574
project_vendor,bpf-developer-tutorial,codex,same_prompt,tool_family,3,27,shell → task → shell,1,0.0017421602787456446,574
project_vendor,bpf-developer-tutorial,codex,same_prompt,tool_family,3,28,shell → task → wait/control,1,0.0017421602787456446,574
project_vendor,bpf-developer-tutorial,codex,same_prompt,tool_family,3,29,task → shell → shell,1,0.0017421602787456446,574
project_vendor,bpf-developer-tutorial,codex,same_prompt,tool_family,3,30,task → wait/control → shell,1,0.0017421602787456446,574
project_vendor,bpf-developer-tutorial,codex,same_prompt,tool_family,4,1,shell → shell → shell → shell,328,0.5805309734513274,565
project_vendor,bpf-developer-tutorial,codex,same_prompt,tool_family,4,2,wait/control → shell → wait/control → shell,24,0.04247787610619469,565
project_vendor,bpf-developer-tutorial,codex,same_prompt,tool_family,4,3,shell → wait/control → shell → wait/control,23,0.04070796460176991,565
project_vendor,bpf-developer-tutorial,codex,same_prompt,tool_family,4,4,shell → shell → shell → wait/control,20,0.035398230088495575,565
project_vendor,bpf-developer-tutorial,codex,same_prompt,tool_family,4,5,shell → wait/control → shell → shell,17,0.03008849557522124,565
project_vendor,bpf-developer-tutorial,codex,same_prompt,tool_family,4,6,wait/control → shell → shell → shell,17,0.03008849557522124,565
project_vendor,bpf-developer-tutorial,codex,same_prompt,tool_family,4,7,shell → shell → wait/control → shell,16,0.02831858407079646,565
project_vendor,bpf-developer-tutorial,codex,same_prompt,tool_family,4,8,shell → edit → shell → shell,14,0.024778761061946902,565
project_vendor,bpf-developer-tutorial,codex,same_prompt,tool_family,4,9,shell → shell → edit → shell,14,0.024778761061946902,565
project_vendor,bpf-developer-tutorial,codex,same_prompt,tool_family,4,10,shell → shell → shell → edit,14,0.024778761061946902,565
project_vendor,bpf-developer-tutorial,codex,same_prompt,tool_family,4,11,edit → shell → shell → shell,12,0.021238938053097345,565
project_vendor,bpf-developer-tutorial,codex,same_prompt,tool_family,4,12,coordination → shell → shell → shell,5,0.008849557522123894,565
project_vendor,bpf-developer-tutorial,codex,same_prompt,tool_family,4,13,shell → shell → shell → coordination,3,0.005309734513274336,565
project_vendor,bpf-developer-tutorial,codex,same_prompt,tool_family,4,14,shell → shell → wait/control → coordination,3,0.005309734513274336,565
project_vendor,bpf-developer-tutorial,codex,same_prompt,tool_family,4,15,shell → shell → wait/control → wait/control,3,0.005309734513274336,565
project_vendor,bpf-developer-tutorial,codex,same_prompt,tool_family,4,16,shell → wait/control → coordination → shell,3,0.005309734513274336,565
project_vendor,bpf-developer-tutorial,codex,same_prompt,tool_family,4,17,wait/control → shell → shell → wait/control,3,0.005309734513274336,565
project_vendor,bpf-developer-tutorial,codex,same_prompt,tool_family,4,18,coordination → coordination → shell → shell,2,0.0035398230088495575,565
project_vendor,bpf-developer-tutorial,codex,same_prompt,tool_family,4,19,coordination → shell → shell → coordination,2,0.0035398230088495575,565
project_vendor,bpf-developer-tutorial,codex,same_prompt,tool_family,4,20,edit → edit → shell → shell,2,0.0035398230088495575,565
project_vendor,bpf-developer-tutorial,codex,same_prompt,tool_family,4,21,edit → shell → shell → edit,2,0.0035398230088495575,565
project_vendor,bpf-developer-tutorial,codex,same_prompt,tool_family,4,22,plan/goal → shell → shell → shell,2,0.0035398230088495575,565
project_vendor,bpf-developer-tutorial,codex,same_prompt,tool_family,4,23,shell → coordination → coordination → shell,2,0.0035398230088495575,565
project_vendor,bpf-developer-tutorial,codex,same_prompt,tool_family,4,24,shell → coordination → shell → shell,2,0.0035398230088495575,565
project_vendor,bpf-developer-tutorial,codex,same_prompt,tool_family,4,25,shell → edit → edit → shell,2,0.0035398230088495575,565
project_vendor,bpf-developer-tutorial,codex,same_prompt,tool_family,4,26,shell → shell → coordination → coordination,2,0.0035398230088495575,565
project_vendor,bpf-developer-tutorial,codex,same_prompt,tool_family,4,27,shell → shell → coordination → shell,2,0.0035398230088495575,565
project_vendor,bpf-developer-tutorial,codex,same_prompt,tool_family,4,28,shell → shell → edit → edit,2,0.0035398230088495575,565
project_vendor,bpf-developer-tutorial,codex,same_prompt,tool_family,4,29,shell → shell → shell → plan/goal,2,0.0035398230088495575,565
project_vendor,bpf-developer-tutorial,codex,same_prompt,tool_family,4,30,shell → shell → shell → task,2,0.0035398230088495575,565
project_vendor,bpf-developer-tutorial,gemini,full_stream,hybrid_shell,2,1,read → read,7,0.4375,16
project_vendor,bpf-developer-tutorial,gemini,full_stream,hybrid_shell,2,2,other → read,2,0.125,16
project_vendor,bpf-developer-tutorial,gemini,full_stream,hybrid_shell,2,3,read → other,2,0.125,16
project_vendor,bpf-developer-tutorial,gemini,full_stream,hybrid_shell,2,4,read → write,2,0.125,16
project_vendor,bpf-developer-tutorial,gemini,full_stream,hybrid_shell,2,5,write → write,2,0.125,16
project_vendor,bpf-developer-tutorial,gemini,full_stream,hybrid_shell,2,6,write → read,1,0.0625,16
project_vendor,bpf-developer-tutorial,gemini,full_stream,hybrid_shell,3,1,read → read → read,3,0.2,15
project_vendor,bpf-developer-tutorial,gemini,full_stream,hybrid_shell,3,2,other → read → read,2,0.13333333333333333,15
project_vendor,bpf-developer-tutorial,gemini,full_stream,hybrid_shell,3,3,read → other → read,2,0.13333333333333333,15
project_vendor,bpf-developer-tutorial,gemini,full_stream,hybrid_shell,3,4,read → read → other,2,0.13333333333333333,15
project_vendor,bpf-developer-tutorial,gemini,full_stream,hybrid_shell,3,5,read → read → write,2,0.13333333333333333,15
project_vendor,bpf-developer-tutorial,gemini,full_stream,hybrid_shell,3,6,read → write → write,1,0.06666666666666667,15
project_vendor,bpf-developer-tutorial,gemini,full_stream,hybrid_shell,3,7,write → read → read,1,0.06666666666666667,15
project_vendor,bpf-developer-tutorial,gemini,full_stream,hybrid_shell,3,8,write → write → read,1,0.06666666666666667,15
project_vendor,bpf-developer-tutorial,gemini,full_stream,hybrid_shell,3,9,write → write → write,1,0.06666666666666667,15
project_vendor,bpf-developer-tutorial,gemini,full_stream,hybrid_shell,4,1,read → other → read → read,2,0.14285714285714285,14
project_vendor,bpf-developer-tutorial,gemini,full_stream,hybrid_shell,4,2,read → read → other → read,2,0.14285714285714285,14
project_vendor,bpf-developer-tutorial,gemini,full_stream,hybrid_shell,4,3,read → read → read → read,2,0.14285714285714285,14
project_vendor,bpf-developer-tutorial,gemini,full_stream,hybrid_shell,4,4,other → read → read → other,1,0.07142857142857142,14
project_vendor,bpf-developer-tutorial,gemini,full_stream,hybrid_shell,4,5,other → read → read → write,1,0.07142857142857142,14
project_vendor,bpf-developer-tutorial,gemini,full_stream,hybrid_shell,4,6,read → read → read → other,1,0.07142857142857142,14
project_vendor,bpf-developer-tutorial,gemini,full_stream,hybrid_shell,4,7,read → read → write → write,1,0.07142857142857142,14
project_vendor,bpf-developer-tutorial,gemini,full_stream,hybrid_shell,4,8,read → write → write → write,1,0.07142857142857142,14
project_vendor,bpf-developer-tutorial,gemini,full_stream,hybrid_shell,4,9,write → read → read → write,1,0.07142857142857142,14
project_vendor,bpf-developer-tutorial,gemini,full_stream,hybrid_shell,4,10,write → write → read → read,1,0.07142857142857142,14
project_vendor,bpf-developer-tutorial,gemini,full_stream,hybrid_shell,4,11,write → write → write → read,1,0.07142857142857142,14
project_vendor,bpf-developer-tutorial,gemini,full_stream,tool_family,2,1,read → read,7,0.4375,16
project_vendor,bpf-developer-tutorial,gemini,full_stream,tool_family,2,2,other → read,2,0.125,16
project_vendor,bpf-developer-tutorial,gemini,full_stream,tool_family,2,3,read → other,2,0.125,16
project_vendor,bpf-developer-tutorial,gemini,full_stream,tool_family,2,4,read → write,2,0.125,16
project_vendor,bpf-developer-tutorial,gemini,full_stream,tool_family,2,5,write → write,2,0.125,16
project_vendor,bpf-developer-tutorial,gemini,full_stream,tool_family,2,6,write → read,1,0.0625,16
project_vendor,bpf-developer-tutorial,gemini,full_stream,tool_family,3,1,read → read → read,3,0.2,15
project_vendor,bpf-developer-tutorial,gemini,full_stream,tool_family,3,2,other → read → read,2,0.13333333333333333,15
project_vendor,bpf-developer-tutorial,gemini,full_stream,tool_family,3,3,read → other → read,2,0.13333333333333333,15
project_vendor,bpf-developer-tutorial,gemini,full_stream,tool_family,3,4,read → read → other,2,0.13333333333333333,15
project_vendor,bpf-developer-tutorial,gemini,full_stream,tool_family,3,5,read → read → write,2,0.13333333333333333,15
project_vendor,bpf-developer-tutorial,gemini,full_stream,tool_family,3,6,read → write → write,1,0.06666666666666667,15
project_vendor,bpf-developer-tutorial,gemini,full_stream,tool_family,3,7,write → read → read,1,0.06666666666666667,15
project_vendor,bpf-developer-tutorial,gemini,full_stream,tool_family,3,8,write → write → read,1,0.06666666666666667,15
project_vendor,bpf-developer-tutorial,gemini,full_stream,tool_family,3,9,write → write → write,1,0.06666666666666667,15
project_vendor,bpf-developer-tutorial,gemini,full_stream,tool_family,4,1,read → other → read → read,2,0.14285714285714285,14
project_vendor,bpf-developer-tutorial,gemini,full_stream,tool_family,4,2,read → read → other → read,2,0.14285714285714285,14
project_vendor,bpf-developer-tutorial,gemini,full_stream,tool_family,4,3,read → read → read → read,2,0.14285714285714285,14
project_vendor,bpf-developer-tutorial,gemini,full_stream,tool_family,4,4,other → read → read → other,1,0.07142857142857142,14
project_vendor,bpf-developer-tutorial,gemini,full_stream,tool_family,4,5,other → read → read → write,1,0.07142857142857142,14
project_vendor,bpf-developer-tutorial,gemini,full_stream,tool_family,4,6,read → read → read → other,1,0.07142857142857142,14
project_vendor,bpf-developer-tutorial,gemini,full_stream,tool_family,4,7,read → read → write → write,1,0.07142857142857142,14
project_vendor,bpf-developer-tutorial,gemini,full_stream,tool_family,4,8,read → write → write → write,1,0.07142857142857142,14
project_vendor,bpf-developer-tutorial,gemini,full_stream,tool_family,4,9,write → read → read → write,1,0.07142857142857142,14
project_vendor,bpf-developer-tutorial,gemini,full_stream,tool_family,4,10,write → write → read → read,1,0.07142857142857142,14
project_vendor,bpf-developer-tutorial,gemini,full_stream,tool_family,4,11,write → write → write → read,1,0.07142857142857142,14
project_vendor,bpf-developer-tutorial,gemini,same_prompt,hybrid_shell,2,1,read → read,7,0.5,14
project_vendor,bpf-developer-tutorial,gemini,same_prompt,hybrid_shell,2,2,other → read,2,0.14285714285714285,14
project_vendor,bpf-developer-tutorial,gemini,same_prompt,hybrid_shell,2,3,read → other,2,0.14285714285714285,14
project_vendor,bpf-developer-tutorial,gemini,same_prompt,hybrid_shell,2,4,read → write,2,0.14285714285714285,14
project_vendor,bpf-developer-tutorial,gemini,same_prompt,hybrid_shell,2,5,write → write,1,0.07142857142857142,14
project_vendor,bpf-developer-tutorial,gemini,same_prompt,hybrid_shell,3,1,read → read → read,3,0.25,12
project_vendor,bpf-developer-tutorial,gemini,same_prompt,hybrid_shell,3,2,other → read → read,2,0.16666666666666666,12
project_vendor,bpf-developer-tutorial,gemini,same_prompt,hybrid_shell,3,3,read → other → read,2,0.16666666666666666,12
project_vendor,bpf-developer-tutorial,gemini,same_prompt,hybrid_shell,3,4,read → read → other,2,0.16666666666666666,12
project_vendor,bpf-developer-tutorial,gemini,same_prompt,hybrid_shell,3,5,read → read → write,2,0.16666666666666666,12
project_vendor,bpf-developer-tutorial,gemini,same_prompt,hybrid_shell,3,6,read → write → write,1,0.08333333333333333,12
project_vendor,bpf-developer-tutorial,gemini,same_prompt,hybrid_shell,4,1,read → other → read → read,2,0.2,10
project_vendor,bpf-developer-tutorial,gemini,same_prompt,hybrid_shell,4,2,read → read → other → read,2,0.2,10
project_vendor,bpf-developer-tutorial,gemini,same_prompt,hybrid_shell,4,3,read → read → read → read,2,0.2,10
project_vendor,bpf-developer-tutorial,gemini,same_prompt,hybrid_shell,4,4,other → read → read → other,1,0.1,10
project_vendor,bpf-developer-tutorial,gemini,same_prompt,hybrid_shell,4,5,other → read → read → write,1,0.1,10
project_vendor,bpf-developer-tutorial,gemini,same_prompt,hybrid_shell,4,6,read → read → read → other,1,0.1,10
project_vendor,bpf-developer-tutorial,gemini,same_prompt,hybrid_shell,4,7,read → read → write → write,1,0.1,10
project_vendor,bpf-developer-tutorial,gemini,same_prompt,tool_family,2,1,read → read,7,0.5,14
project_vendor,bpf-developer-tutorial,gemini,same_prompt,tool_family,2,2,other → read,2,0.14285714285714285,14
project_vendor,bpf-developer-tutorial,gemini,same_prompt,tool_family,2,3,read → other,2,0.14285714285714285,14
project_vendor,bpf-developer-tutorial,gemini,same_prompt,tool_family,2,4,read → write,2,0.14285714285714285,14
project_vendor,bpf-developer-tutorial,gemini,same_prompt,tool_family,2,5,write → write,1,0.07142857142857142,14
project_vendor,bpf-developer-tutorial,gemini,same_prompt,tool_family,3,1,read → read → read,3,0.25,12
project_vendor,bpf-developer-tutorial,gemini,same_prompt,tool_family,3,2,other → read → read,2,0.16666666666666666,12
project_vendor,bpf-developer-tutorial,gemini,same_prompt,tool_family,3,3,read → other → read,2,0.16666666666666666,12
project_vendor,bpf-developer-tutorial,gemini,same_prompt,tool_family,3,4,read → read → other,2,0.16666666666666666,12
project_vendor,bpf-developer-tutorial,gemini,same_prompt,tool_family,3,5,read → read → write,2,0.16666666666666666,12
project_vendor,bpf-developer-tutorial,gemini,same_prompt,tool_family,3,6,read → write → write,1,0.08333333333333333,12
project_vendor,bpf-developer-tutorial,gemini,same_prompt,tool_family,4,1,read → other → read → read,2,0.2,10
project_vendor,bpf-developer-tutorial,gemini,same_prompt,tool_family,4,2,read → read → other → read,2,0.2,10
project_vendor,bpf-developer-tutorial,gemini,same_prompt,tool_family,4,3,read → read → read → read,2,0.2,10
project_vendor,bpf-developer-tutorial,gemini,same_prompt,tool_family,4,4,other → read → read → other,1,0.1,10
project_vendor,bpf-developer-tutorial,gemini,same_prompt,tool_family,4,5,other → read → read → write,1,0.1,10
project_vendor,bpf-developer-tutorial,gemini,same_prompt,tool_family,4,6,read → read → read → other,1,0.1,10
project_vendor,bpf-developer-tutorial,gemini,same_prompt,tool_family,4,7,read → read → write → write,1,0.1,10
project,eunomia.dev,ALL,full_stream,hybrid_shell,2,1,wait/control → wait/control,1937,0.14098551568527548,13739
project,eunomia.dev,ALL,full_stream,hybrid_shell,2,2,shell:search/text → shell:search/text,1892,0.1377101681345076,13739
project,eunomia.dev,ALL,full_stream,hybrid_shell,2,3,shell:git/repository → shell:git/repository,1089,0.07926341072858287,13739
project,eunomia.dev,ALL,full_stream,hybrid_shell,2,4,edit → edit,663,0.0482567872479802,13739
project,eunomia.dev,ALL,full_stream,hybrid_shell,2,5,shell:other → wait/control,651,0.047383361234442097,13739
project,eunomia.dev,ALL,full_stream,hybrid_shell,2,6,wait/control → shell:other,532,0.03872188660018924,13739
project,eunomia.dev,ALL,full_stream,hybrid_shell,2,7,shell:other → shell:other,430,0.03129776548511536,13739
project,eunomia.dev,ALL,full_stream,hybrid_shell,2,8,search → search,314,0.022854647354247033,13739
project,eunomia.dev,ALL,full_stream,hybrid_shell,2,9,shell:git/repository → shell:search/text,310,0.022563505349734333,13739
project,eunomia.dev,ALL,full_stream,hybrid_shell,2,10,shell:search/text → shell:git/repository,307,0.02234514884634981,13739
project,eunomia.dev,ALL,full_stream,hybrid_shell,2,11,fetch → fetch,243,0.01768687677414659,13739
project,eunomia.dev,ALL,full_stream,hybrid_shell,2,12,read → read,240,0.017468520270762063,13739
project,eunomia.dev,ALL,full_stream,hybrid_shell,2,13,shell:filesystem/navigation → shell:filesystem/navigation,236,0.017177378266249363,13739
project,eunomia.dev,ALL,full_stream,hybrid_shell,2,14,shell:git/repository → shell:other,199,0.014484314724506878,13739
project,eunomia.dev,ALL,full_stream,hybrid_shell,2,15,wait/control → shell:git/repository,190,0.013829245214353301,13739
project,eunomia.dev,ALL,full_stream,hybrid_shell,2,16,shell:search/text → shell:other,175,0.012737462697430672,13739
project,eunomia.dev,ALL,full_stream,hybrid_shell,2,17,shell:search/text → edit,173,0.012591891695174322,13739
project,eunomia.dev,ALL,full_stream,hybrid_shell,2,18,shell:other → shell:git/repository,160,0.011645680180508043,13739
project,eunomia.dev,ALL,full_stream,hybrid_shell,2,19,shell:git/repository → wait/control,138,0.010044399155688187,13739
project,eunomia.dev,ALL,full_stream,hybrid_shell,2,20,shell:other → shell:search/text,138,0.010044399155688187,13739
project,eunomia.dev,ALL,full_stream,hybrid_shell,2,21,edit → shell:search/text,128,0.009316544144406434,13739
project,eunomia.dev,ALL,full_stream,hybrid_shell,2,22,shell:filesystem/navigation → shell:search/text,112,0.008151976126355629,13739
project,eunomia.dev,ALL,full_stream,hybrid_shell,2,23,shell:search/text → shell:filesystem/navigation,96,0.006987408108304826,13739
project,eunomia.dev,ALL,full_stream,hybrid_shell,2,24,wait/control → shell:search/text,94,0.0068418371060484755,13739
project,eunomia.dev,ALL,full_stream,hybrid_shell,2,25,read → edit,83,0.006041196593638548,13739
project,eunomia.dev,ALL,full_stream,hybrid_shell,2,26,shell:network/remote → shell:network/remote,80,0.005822840090254021,13739
project,eunomia.dev,ALL,full_stream,hybrid_shell,2,27,shell:filesystem/navigation → read,71,0.005167770580100444,13739
project,eunomia.dev,ALL,full_stream,hybrid_shell,2,28,coordination → coordination,70,0.005094985078972269,13739
project,eunomia.dev,ALL,full_stream,hybrid_shell,2,29,shell:git/repository → shell:filesystem/navigation,70,0.005094985078972269,13739
project,eunomia.dev,ALL,full_stream,hybrid_shell,2,30,shell:search/text → read,63,0.004585486571075042,13739
project,eunomia.dev,ALL,full_stream,hybrid_shell,3,1,wait/control → wait/control → wait/control,1589,0.11681246783797691,13603
project,eunomia.dev,ALL,full_stream,hybrid_shell,3,2,shell:search/text → shell:search/text → shell:search/text,1392,0.10233036830111004,13603
project,eunomia.dev,ALL,full_stream,hybrid_shell,3,3,shell:git/repository → shell:git/repository → shell:git/repository,658,0.04837168271704771,13603
project,eunomia.dev,ALL,full_stream,hybrid_shell,3,4,edit → edit → edit,501,0.036830111004925385,13603
project,eunomia.dev,ALL,full_stream,hybrid_shell,3,5,wait/control → shell:other → wait/control,446,0.03278688524590164,13603
project,eunomia.dev,ALL,full_stream,hybrid_shell,3,6,shell:other → wait/control → shell:other,380,0.027935014335073144,13603
project,eunomia.dev,ALL,full_stream,hybrid_shell,3,7,search → search → search,250,0.018378298904653385,13603
project,eunomia.dev,ALL,full_stream,hybrid_shell,3,8,shell:other → shell:other → shell:other,246,0.018084246122178932,13603
project,eunomia.dev,ALL,full_stream,hybrid_shell,3,9,fetch → fetch → fetch,190,0.013967507167536572,13603
project,eunomia.dev,ALL,full_stream,hybrid_shell,3,10,shell:other → wait/control → wait/control,164,0.01205616408145262,13603
project,eunomia.dev,ALL,full_stream,hybrid_shell,3,11,shell:git/repository → shell:search/text → shell:search/text,155,0.011394545320885099,13603
project,eunomia.dev,ALL,full_stream,hybrid_shell,3,12,shell:filesystem/navigation → shell:filesystem/navigation → shell:filesystem/navigation,142,0.010438873777843123,13603
project,eunomia.dev,ALL,full_stream,hybrid_shell,3,13,read → read → read,140,0.010291847386605896,13603
project,eunomia.dev,ALL,full_stream,hybrid_shell,3,14,shell:git/repository → shell:git/repository → shell:search/text,139,0.010218334190987282,13603
project,eunomia.dev,ALL,full_stream,hybrid_shell,3,15,shell:search/text → shell:git/repository → shell:git/repository,128,0.009409689039182533,13603
project,eunomia.dev,ALL,full_stream,hybrid_shell,3,16,shell:search/text → shell:search/text → shell:git/repository,118,0.008674557082996397,13603
project,eunomia.dev,ALL,full_stream,hybrid_shell,3,17,wait/control → wait/control → shell:other,111,0.008159964713666102,13603
project,eunomia.dev,ALL,full_stream,hybrid_shell,3,18,shell:search/text → shell:search/text → edit,102,0.007498345953098581,13603
project,eunomia.dev,ALL,full_stream,hybrid_shell,3,19,wait/control → shell:git/repository → shell:git/repository,99,0.0072778063662427405,13603
project,eunomia.dev,ALL,full_stream,hybrid_shell,3,20,shell:search/text → edit → edit,85,0.006248621627582151,13603
project,eunomia.dev,ALL,full_stream,hybrid_shell,3,21,shell:search/text → shell:search/text → shell:other,84,0.006175108431963537,13603
project,eunomia.dev,ALL,full_stream,hybrid_shell,3,22,shell:git/repository → shell:git/repository → wait/control,82,0.00602808204072631,13603
project,eunomia.dev,ALL,full_stream,hybrid_shell,3,23,shell:search/text → shell:git/repository → shell:search/text,76,0.005587002867014629,13603
project,eunomia.dev,ALL,full_stream,hybrid_shell,3,24,wait/control → wait/control → shell:git/repository,76,0.005587002867014629,13603
project,eunomia.dev,ALL,full_stream,hybrid_shell,3,25,shell:git/repository → shell:search/text → shell:git/repository,75,0.005513489671396016,13603
project,eunomia.dev,ALL,full_stream,hybrid_shell,3,26,edit → edit → shell:search/text,73,0.005366463280158789,13603
project,eunomia.dev,ALL,full_stream,hybrid_shell,3,27,shell:git/repository → shell:git/repository → shell:other,71,0.005219436888921561,13603
project,eunomia.dev,ALL,full_stream,hybrid_shell,3,28,shell:filesystem/navigation → shell:search/text → shell:search/text,64,0.004704844519591266,13603
project,eunomia.dev,ALL,full_stream,hybrid_shell,3,29,shell:other → shell:other → wait/control,63,0.004631331323972653,13603
project,eunomia.dev,ALL,full_stream,hybrid_shell,3,30,shell:git/repository → shell:other → wait/control,61,0.004484304932735426,13603
project,eunomia.dev,ALL,full_stream,hybrid_shell,4,1,wait/control → wait/control → wait/control → wait/control,1344,0.09979950991312096,13467
project,eunomia.dev,ALL,full_stream,hybrid_shell,4,2,shell:search/text → shell:search/text → shell:search/text → shell:search/text,1090,0.08093859062894483,13467
project,eunomia.dev,ALL,full_stream,hybrid_shell,4,3,shell:git/repository → shell:git/repository → shell:git/repository → shell:git/repository,423,0.03141011361104923,13467
project,eunomia.dev,ALL,full_stream,hybrid_shell,4,4,edit → edit → edit → edit,397,0.02947946832999183,13467
project,eunomia.dev,ALL,full_stream,hybrid_shell,4,5,shell:other → wait/control → shell:other → wait/control,341,0.025321155416945126,13467
project,eunomia.dev,ALL,full_stream,hybrid_shell,4,6,wait/control → shell:other → wait/control → shell:other,303,0.022499443083092003,13467
project,eunomia.dev,ALL,full_stream,hybrid_shell,4,7,search → search → search → search,208,0.015445162248459196,13467
project,eunomia.dev,ALL,full_stream,hybrid_shell,4,8,shell:other → shell:other → shell:other → shell:other,171,0.01269770550233905,13467
project,eunomia.dev,ALL,full_stream,hybrid_shell,4,9,fetch → fetch → fetch → fetch,150,0.011138338159946536,13467
project,eunomia.dev,ALL,full_stream,hybrid_shell,4,10,shell:other → wait/control → wait/control → wait/control,108,0.008019603475161506,13467
project,eunomia.dev,ALL,full_stream,hybrid_shell,4,11,read → read → read → read,94,0.0069800252468998295,13467
project,eunomia.dev,ALL,full_stream,hybrid_shell,4,12,shell:git/repository → shell:search/text → shell:search/text → shell:search/text,92,0.006831514071433876,13467
project,eunomia.dev,ALL,full_stream,hybrid_shell,4,13,shell:filesystem/navigation → shell:filesystem/navigation → shell:filesystem/navigation → shell:filesystem/navigation,90,0.006683002895967922,13467
project,eunomia.dev,ALL,full_stream,hybrid_shell,4,14,wait/control → shell:other → wait/control → wait/control,83,0.006163213781837084,13467
project,eunomia.dev,ALL,full_stream,hybrid_shell,4,15,wait/control → wait/control → shell:other → wait/control,83,0.006163213781837084,13467
project,eunomia.dev,ALL,full_stream,hybrid_shell,4,16,wait/control → wait/control → wait/control → shell:other,74,0.005494913492240291,13467
project,eunomia.dev,ALL,full_stream,hybrid_shell,4,17,shell:git/repository → shell:git/repository → shell:git/repository → shell:search/text,73,0.005420657904507314,13467
project,eunomia.dev,ALL,full_stream,hybrid_shell,4,18,shell:search/text → shell:git/repository → shell:git/repository → shell:git/repository,70,0.005197891141308384,13467
project,eunomia.dev,ALL,full_stream,hybrid_shell,4,19,shell:search/text → shell:search/text → shell:search/text → shell:git/repository,69,0.0051236355535754065,13467
project,eunomia.dev,ALL,full_stream,hybrid_shell,4,20,shell:search/text → shell:search/text → shell:search/text → edit,68,0.00504937996584243,13467
project,eunomia.dev,ALL,full_stream,hybrid_shell,4,21,shell:git/repository → shell:git/repository → shell:search/text → shell:search/text,63,0.004678102027177545,13467
project,eunomia.dev,ALL,full_stream,hybrid_shell,4,22,wait/control → shell:git/repository → shell:git/repository → shell:git/repository,60,0.0044553352639786145,13467
project,eunomia.dev,ALL,full_stream,hybrid_shell,4,23,shell:git/repository → shell:git/repository → shell:git/repository → wait/control,54,0.004009801737580753,13467
project,eunomia.dev,ALL,full_stream,hybrid_shell,4,24,shell:search/text → edit → edit → edit,54,0.004009801737580753,13467
project,eunomia.dev,ALL,full_stream,hybrid_shell,4,25,shell:search/text → shell:search/text → edit → edit,52,0.003861290562114799,13467
project,eunomia.dev,ALL,full_stream,hybrid_shell,4,26,edit → edit → edit → shell:search/text,50,0.003712779386648845,13467
project,eunomia.dev,ALL,full_stream,hybrid_shell,4,27,wait/control → wait/control → wait/control → shell:git/repository,49,0.0036385237989158686,13467
project,eunomia.dev,ALL,full_stream,hybrid_shell,4,28,shell:search/text → shell:search/text → shell:search/text → shell:other,46,0.003415757035716938,13467
project,eunomia.dev,ALL,full_stream,hybrid_shell,4,29,shell:search/text → shell:git/repository → shell:search/text → shell:search/text,45,0.003341501447983961,13467
project,eunomia.dev,ALL,full_stream,hybrid_shell,4,30,shell:filesystem/navigation → shell:search/text → shell:search/text → shell:search/text,44,0.003267245860250984,13467
project,eunomia.dev,ALL,full_stream,tool_family,2,1,shell → shell,6386,0.4648082102045273,13739
project,eunomia.dev,ALL,full_stream,tool_family,2,2,wait/control → wait/control,1937,0.14098551568527548,13739
project,eunomia.dev,ALL,full_stream,tool_family,2,3,shell → wait/control,1029,0.07489628066089235,13739
project,eunomia.dev,ALL,full_stream,tool_family,2,4,wait/control → shell,984,0.07162093311012446,13739
project,eunomia.dev,ALL,full_stream,tool_family,2,5,edit → edit,663,0.0482567872479802,13739
project,eunomia.dev,ALL,full_stream,tool_family,2,6,search → search,314,0.022854647354247033,13739
project,eunomia.dev,ALL,full_stream,tool_family,2,7,edit → shell,286,0.020816653322658127,13739
project,eunomia.dev,ALL,full_stream,tool_family,2,8,shell → edit,244,0.017759662275274764,13739
project,eunomia.dev,ALL,full_stream,tool_family,2,9,fetch → fetch,243,0.01768687677414659,13739
project,eunomia.dev,ALL,full_stream,tool_family,2,10,read → read,240,0.017468520270762063,13739
project,eunomia.dev,ALL,full_stream,tool_family,2,11,shell → read,157,0.011427323677123517,13739
project,eunomia.dev,ALL,full_stream,tool_family,2,12,read → shell,136,0.009898828153431837,13739
project,eunomia.dev,ALL,full_stream,tool_family,2,13,coordination → shell,130,0.009462115146662784,13739
project,eunomia.dev,ALL,full_stream,tool_family,2,14,shell → coordination,125,0.009098187641021908,13739
project,eunomia.dev,ALL,full_stream,tool_family,2,15,read → edit,83,0.006041196593638548,13739
project,eunomia.dev,ALL,full_stream,tool_family,2,16,coordination → coordination,70,0.005094985078972269,13739
project,eunomia.dev,ALL,full_stream,tool_family,2,17,search → fetch,57,0.0041487735643059905,13739
project,eunomia.dev,ALL,full_stream,tool_family,2,18,edit → read,53,0.0038576315597932892,13739
project,eunomia.dev,ALL,full_stream,tool_family,2,19,task → task,47,0.0034209185530242377,13739
project,eunomia.dev,ALL,full_stream,tool_family,2,20,fetch → search,45,0.003275347550767887,13739
project,eunomia.dev,ALL,full_stream,tool_family,2,21,task → shell,36,0.0026202780406143094,13739
project,eunomia.dev,ALL,full_stream,tool_family,2,22,shell → task,30,0.002183565033845258,13739
project,eunomia.dev,ALL,full_stream,tool_family,2,23,write → shell,27,0.001965208530460732,13739
project,eunomia.dev,ALL,full_stream,tool_family,2,24,plan/goal → shell,23,0.001674066525948031,13739
project,eunomia.dev,ALL,full_stream,tool_family,2,25,tool discovery → search,22,0.0016012810248198558,13739
project,eunomia.dev,ALL,full_stream,tool_family,2,26,shell → write,21,0.0015284955236916807,13739
project,eunomia.dev,ALL,full_stream,tool_family,2,27,read → write,20,0.0014557100225635054,13739
project,eunomia.dev,ALL,full_stream,tool_family,2,28,wait/control → edit,19,0.00138292452143533,13739
project,eunomia.dev,ALL,full_stream,tool_family,2,29,wait/control → coordination,17,0.0012373535191789796,13739
project,eunomia.dev,ALL,full_stream,tool_family,2,30,shell → plan/goal,16,0.0011645680180508043,13739
project,eunomia.dev,ALL,full_stream,tool_family,3,1,shell → shell → shell,5453,0.4008674557082996,13603
project,eunomia.dev,ALL,full_stream,tool_family,3,2,wait/control → wait/control → wait/control,1589,0.11681246783797691,13603
project,eunomia.dev,ALL,full_stream,tool_family,3,3,shell → wait/control → shell,651,0.047857090347717415,13603
project,eunomia.dev,ALL,full_stream,tool_family,3,4,wait/control → shell → wait/control,542,0.039844152025288536,13603
project,eunomia.dev,ALL,full_stream,tool_family,3,5,edit → edit → edit,501,0.036830111004925385,13603
project,eunomia.dev,ALL,full_stream,tool_family,3,6,wait/control → shell → shell,431,0.03168418731162244,13603
project,eunomia.dev,ALL,full_stream,tool_family,3,7,shell → shell → wait/control,425,0.031243108137910754,13603
project,eunomia.dev,ALL,full_stream,tool_family,3,8,shell → wait/control → wait/control,344,0.02528853929280306,13603
project,eunomia.dev,ALL,full_stream,tool_family,3,9,wait/control → wait/control → shell,324,0.023818275380430787,13603
project,eunomia.dev,ALL,full_stream,tool_family,3,10,search → search → search,250,0.018378298904653385,13603
project,eunomia.dev,ALL,full_stream,tool_family,3,11,fetch → fetch → fetch,190,0.013967507167536572,13603
project,eunomia.dev,ALL,full_stream,tool_family,3,12,shell → shell → edit,182,0.013379401602587665,13603
project,eunomia.dev,ALL,full_stream,tool_family,3,13,edit → shell → shell,179,0.013158862015731824,13603
project,eunomia.dev,ALL,full_stream,tool_family,3,14,read → read → read,140,0.010291847386605896,13603
project,eunomia.dev,ALL,full_stream,tool_family,3,15,edit → edit → shell,128,0.009409689039182533,13603
project,eunomia.dev,ALL,full_stream,tool_family,3,16,shell → edit → shell,118,0.008674557082996397,13603
project,eunomia.dev,ALL,full_stream,tool_family,3,17,shell → edit → edit,112,0.008233477909284716,13603
project,eunomia.dev,ALL,full_stream,tool_family,3,18,shell → shell → read,98,0.007204293170624127,13603
project,eunomia.dev,ALL,full_stream,tool_family,3,19,shell → shell → coordination,94,0.006910240388149673,13603
project,eunomia.dev,ALL,full_stream,tool_family,3,20,coordination → shell → shell,91,0.006689700801293832,13603
project,eunomia.dev,ALL,full_stream,tool_family,3,21,shell → coordination → shell,79,0.00580754245387047,13603
project,eunomia.dev,ALL,full_stream,tool_family,3,22,read → shell → shell,78,0.005734029258251856,13603
project,eunomia.dev,ALL,full_stream,tool_family,3,23,shell → read → read,66,0.004851870910828494,13603
project,eunomia.dev,ALL,full_stream,tool_family,3,24,shell → read → shell,65,0.0047783577152098805,13603
project,eunomia.dev,ALL,full_stream,tool_family,3,25,read → read → shell,59,0.004337278541498199,13603
project,eunomia.dev,ALL,full_stream,tool_family,3,26,search → search → fetch,48,0.00352863338969345,13603
project,eunomia.dev,ALL,full_stream,tool_family,3,27,edit → shell → edit,47,0.0034551201940748364,13603
project,eunomia.dev,ALL,full_stream,tool_family,3,28,search → fetch → fetch,44,0.003234580607218996,13603
project,eunomia.dev,ALL,full_stream,tool_family,3,29,edit → shell → wait/control,41,0.003014041020363155,13603
project,eunomia.dev,ALL,full_stream,tool_family,3,30,coordination → coordination → shell,40,0.002940527824744542,13603
project,eunomia.dev,ALL,full_stream,tool_family,4,1,shell → shell → shell → shell,4758,0.35330808643350414,13467
project,eunomia.dev,ALL,full_stream,tool_family,4,2,wait/control → wait/control → wait/control → wait/control,1344,0.09979950991312096,13467
project,eunomia.dev,ALL,full_stream,tool_family,4,3,shell → wait/control → shell → wait/control,405,0.030073513031855646,13467
project,eunomia.dev,ALL,full_stream,tool_family,4,4,edit → edit → edit → edit,397,0.02947946832999183,13467
project,eunomia.dev,ALL,full_stream,tool_family,4,5,wait/control → shell → wait/control → shell,386,0.028662656864929085,13467
project,eunomia.dev,ALL,full_stream,tool_family,4,6,wait/control → shell → shell → shell,317,0.02353902131135368,13467
project,eunomia.dev,ALL,full_stream,tool_family,4,7,shell → shell → shell → wait/control,298,0.022128165144427118,13467
project,eunomia.dev,ALL,full_stream,tool_family,4,8,shell → wait/control → wait/control → wait/control,241,0.017895596643647434,13467
project,eunomia.dev,ALL,full_stream,tool_family,4,9,shell → wait/control → shell → shell,240,0.017821341055914458,13467
project,eunomia.dev,ALL,full_stream,tool_family,4,10,shell → shell → wait/control → shell,235,0.017450063117249573,13467
project,eunomia.dev,ALL,full_stream,tool_family,4,11,wait/control → wait/control → wait/control → shell,227,0.016856018415385757,13467
project,eunomia.dev,ALL,full_stream,tool_family,4,12,search → search → search → search,208,0.015445162248459196,13467
project,eunomia.dev,ALL,full_stream,tool_family,4,13,wait/control → wait/control → shell → shell,185,0.013737283730600727,13467
project,eunomia.dev,ALL,full_stream,tool_family,4,14,shell → shell → wait/control → wait/control,171,0.01269770550233905,13467
project,eunomia.dev,ALL,full_stream,tool_family,4,15,fetch → fetch → fetch → fetch,150,0.011138338159946536,13467
project,eunomia.dev,ALL,full_stream,tool_family,4,16,wait/control → shell → wait/control → wait/control,141,0.010470037870349743,13467
project,eunomia.dev,ALL,full_stream,tool_family,4,17,shell → shell → shell → edit,136,0.01009875993168486,13467
project,eunomia.dev,ALL,full_stream,tool_family,4,18,wait/control → wait/control → shell → wait/control,135,0.010024504343951883,13467
project,eunomia.dev,ALL,full_stream,tool_family,4,19,edit → shell → shell → shell,124,0.009207692878889137,13467
project,eunomia.dev,ALL,full_stream,tool_family,4,20,wait/control → shell → shell → wait/control,104,0.007722581124229598,13467
project,eunomia.dev,ALL,full_stream,tool_family,4,21,shell → shell → edit → shell,100,0.00742555877329769,13467
project,eunomia.dev,ALL,full_stream,tool_family,4,22,shell → wait/control → wait/control → shell,97,0.00720279201009876,13467
project,eunomia.dev,ALL,full_stream,tool_family,4,23,read → read → read → read,94,0.0069800252468998295,13467
project,eunomia.dev,ALL,full_stream,tool_family,4,24,edit → edit → edit → shell,85,0.006311724957303037,13467
project,eunomia.dev,ALL,full_stream,tool_family,4,25,shell → edit → shell → shell,82,0.006088958194104106,13467
project,eunomia.dev,ALL,full_stream,tool_family,4,26,edit → edit → shell → shell,80,0.005940447018638152,13467
project,eunomia.dev,ALL,full_stream,tool_family,4,27,shell → shell → shell → coordination,77,0.005717680255439222,13467
project,eunomia.dev,ALL,full_stream,tool_family,4,28,shell → shell → edit → edit,74,0.005494913492240291,13467
project,eunomia.dev,ALL,full_stream,tool_family,4,29,shell → shell → shell → read,74,0.005494913492240291,13467
project,eunomia.dev,ALL,full_stream,tool_family,4,30,coordination → shell → shell → shell,69,0.0051236355535754065,13467
project,eunomia.dev,ALL,same_prompt,hybrid_shell,2,1,wait/control → wait/control,1921,0.1458396598846037,13172
project,eunomia.dev,ALL,same_prompt,hybrid_shell,2,2,shell:search/text → shell:search/text,1865,0.14158821743091407,13172
project,eunomia.dev,ALL,same_prompt,hybrid_shell,2,3,shell:git/repository → shell:git/repository,1047,0.07948679016094747,13172
project,eunomia.dev,ALL,same_prompt,hybrid_shell,2,4,shell:other → wait/control,647,0.04911934406316429,13172
project,eunomia.dev,ALL,same_prompt,hybrid_shell,2,5,edit → edit,635,0.048208320680230794,13172
project,eunomia.dev,ALL,same_prompt,hybrid_shell,2,6,wait/control → shell:other,529,0.04016094746431825,13172
project,eunomia.dev,ALL,same_prompt,hybrid_shell,2,7,shell:other → shell:other,416,0.0315821439416945,13172
project,eunomia.dev,ALL,same_prompt,hybrid_shell,2,8,search → search,314,0.023838445186759795,13172
project,eunomia.dev,ALL,same_prompt,hybrid_shell,2,9,shell:search/text → shell:git/repository,296,0.02247191011235955,13172
project,eunomia.dev,ALL,same_prompt,hybrid_shell,2,10,shell:git/repository → shell:search/text,269,0.020422107500759186,13172
project,eunomia.dev,ALL,same_prompt,hybrid_shell,2,11,fetch → fetch,243,0.01844822350440328,13172
project,eunomia.dev,ALL,same_prompt,hybrid_shell,2,12,read → read,223,0.01692985119951412,13172
project,eunomia.dev,ALL,same_prompt,hybrid_shell,2,13,shell:filesystem/navigation → shell:filesystem/navigation,218,0.01655025812329183,13172
project,eunomia.dev,ALL,same_prompt,hybrid_shell,2,14,shell:git/repository → shell:other,192,0.014576374126935925,13172
project,eunomia.dev,ALL,same_prompt,hybrid_shell,2,15,wait/control → shell:git/repository,187,0.014196781050713635,13172
project,eunomia.dev,ALL,same_prompt,hybrid_shell,2,16,shell:search/text → shell:other,167,0.012678408745824475,13172
project,eunomia.dev,ALL,same_prompt,hybrid_shell,2,17,shell:search/text → edit,166,0.012602490130580018,13172
project,eunomia.dev,ALL,same_prompt,hybrid_shell,2,18,shell:other → shell:git/repository,157,0.011919222593379897,13172
project,eunomia.dev,ALL,same_prompt,hybrid_shell,2,19,shell:git/repository → wait/control,132,0.010021257212268448,13172
project,eunomia.dev,ALL,same_prompt,hybrid_shell,2,20,shell:other → shell:search/text,119,0.009034315214090495,13172
project,eunomia.dev,ALL,same_prompt,hybrid_shell,2,21,edit → shell:search/text,111,0.008426966292134831,13172
project,eunomia.dev,ALL,same_prompt,hybrid_shell,2,22,shell:filesystem/navigation → shell:search/text,101,0.007667780139690252,13172
project,eunomia.dev,ALL,same_prompt,hybrid_shell,2,23,shell:search/text → shell:filesystem/navigation,88,0.006680838141512299,13172
project,eunomia.dev,ALL,same_prompt,hybrid_shell,2,24,wait/control → shell:search/text,83,0.006301245065290009,13172
project,eunomia.dev,ALL,same_prompt,hybrid_shell,2,25,shell:network/remote → shell:network/remote,78,0.005921651989067719,13172
project,eunomia.dev,ALL,same_prompt,hybrid_shell,2,26,coordination → coordination,69,0.005238384451867598,13172
project,eunomia.dev,ALL,same_prompt,hybrid_shell,2,27,read → edit,69,0.005238384451867598,13172
project,eunomia.dev,ALL,same_prompt,hybrid_shell,2,28,shell:filesystem/navigation → read,67,0.005086547221378682,13172
project,eunomia.dev,ALL,same_prompt,hybrid_shell,2,29,shell:data/analysis/runtime → shell:data/analysis/runtime,61,0.004631035529911934,13172
project,eunomia.dev,ALL,same_prompt,hybrid_shell,2,30,shell:git/repository → shell:filesystem/navigation,60,0.004555116914667477,13172
project,eunomia.dev,ALL,same_prompt,hybrid_shell,3,1,wait/control → wait/control → wait/control,1563,0.12422508345255126,12582
project,eunomia.dev,ALL,same_prompt,hybrid_shell,3,2,shell:search/text → shell:search/text → shell:search/text,1358,0.10793196630106501,12582
project,eunomia.dev,ALL,same_prompt,hybrid_shell,3,3,shell:git/repository → shell:git/repository → shell:git/repository,608,0.048323001112700686,12582
project,eunomia.dev,ALL,same_prompt,hybrid_shell,3,4,edit → edit → edit,472,0.03751390875854395,12582
project,eunomia.dev,ALL,same_prompt,hybrid_shell,3,5,wait/control → shell:other → wait/control,443,0.03520902877126053,12582
project,eunomia.dev,ALL,same_prompt,hybrid_shell,3,6,shell:other → wait/control → shell:other,376,0.02988396121443332,12582
project,eunomia.dev,ALL,same_prompt,hybrid_shell,3,7,search → search → search,250,0.01986965506278811,12582
project,eunomia.dev,ALL,same_prompt,hybrid_shell,3,8,shell:other → shell:other → shell:other,235,0.018677475759020824,12582
project,eunomia.dev,ALL,same_prompt,hybrid_shell,3,9,fetch → fetch → fetch,190,0.015100937847718963,12582
project,eunomia.dev,ALL,same_prompt,hybrid_shell,3,10,shell:other → wait/control → wait/control,164,0.013034493721189,12582
project,eunomia.dev,ALL,same_prompt,hybrid_shell,3,11,shell:git/repository → shell:search/text → shell:search/text,135,0.01072961373390558,12582
project,eunomia.dev,ALL,same_prompt,hybrid_shell,3,12,read → read → read,125,0.009934827531394056,12582
project,eunomia.dev,ALL,same_prompt,hybrid_shell,3,13,shell:filesystem/navigation → shell:filesystem/navigation → shell:filesystem/navigation,125,0.009934827531394056,12582
project,eunomia.dev,ALL,same_prompt,hybrid_shell,3,14,shell:search/text → shell:git/repository → shell:git/repository,117,0.009298998569384835,12582
project,eunomia.dev,ALL,same_prompt,hybrid_shell,3,15,shell:git/repository → shell:git/repository → shell:search/text,112,0.008901605468129074,12582
project,eunomia.dev,ALL,same_prompt,hybrid_shell,3,16,shell:search/text → shell:search/text → shell:git/repository,112,0.008901605468129074,12582
project,eunomia.dev,ALL,same_prompt,hybrid_shell,3,17,wait/control → wait/control → shell:other,110,0.008742648227626769,12582
project,eunomia.dev,ALL,same_prompt,hybrid_shell,3,18,shell:search/text → shell:search/text → edit,98,0.007788904784612939,12582
project,eunomia.dev,ALL,same_prompt,hybrid_shell,3,19,wait/control → shell:git/repository → shell:git/repository,97,0.0077094261643617865,12582
project,eunomia.dev,ALL,same_prompt,hybrid_shell,3,20,shell:search/text → edit → edit,81,0.006437768240343348,12582
project,eunomia.dev,ALL,same_prompt,hybrid_shell,3,21,shell:git/repository → shell:git/repository → wait/control,80,0.006358289620092195,12582
project,eunomia.dev,ALL,same_prompt,hybrid_shell,3,22,shell:search/text → shell:search/text → shell:other,80,0.006358289620092195,12582
project,eunomia.dev,ALL,same_prompt,hybrid_shell,3,23,wait/control → wait/control → shell:git/repository,75,0.005960896518836433,12582
project,eunomia.dev,ALL,same_prompt,hybrid_shell,3,24,shell:git/repository → shell:git/repository → shell:other,69,0.005484024797329518,12582
project,eunomia.dev,ALL,same_prompt,hybrid_shell,3,25,shell:search/text → shell:git/repository → shell:search/text,66,0.005245588936576061,12582
project,eunomia.dev,ALL,same_prompt,hybrid_shell,3,26,edit → edit → shell:search/text,65,0.005166110316324909,12582
project,eunomia.dev,ALL,same_prompt,hybrid_shell,3,27,shell:git/repository → shell:other → wait/control,61,0.004848195835320299,12582
project,eunomia.dev,ALL,same_prompt,hybrid_shell,3,28,shell:git/repository → shell:search/text → shell:git/repository,61,0.004848195835320299,12582
project,eunomia.dev,ALL,same_prompt,hybrid_shell,3,29,shell:other → shell:other → wait/control,61,0.004848195835320299,12582
project,eunomia.dev,ALL,same_prompt,hybrid_shell,3,30,shell:other → shell:git/repository → shell:git/repository,59,0.0046892385948179936,12582
project,eunomia.dev,ALL,same_prompt,hybrid_shell,4,1,wait/control → wait/control → wait/control → wait/control,1316,0.10898550724637682,12075
project,eunomia.dev,ALL,same_prompt,hybrid_shell,4,2,shell:search/text → shell:search/text → shell:search/text → shell:search/text,1056,0.08745341614906832,12075
project,eunomia.dev,ALL,same_prompt,hybrid_shell,4,3,shell:git/repository → shell:git/repository → shell:git/repository → shell:git/repository,372,0.03080745341614907,12075
project,eunomia.dev,ALL,same_prompt,hybrid_shell,4,4,edit → edit → edit → edit,371,0.03072463768115942,12075
project,eunomia.dev,ALL,same_prompt,hybrid_shell,4,5,shell:other → wait/control → shell:other → wait/control,339,0.028074534161490684,12075
project,eunomia.dev,ALL,same_prompt,hybrid_shell,4,6,wait/control → shell:other → wait/control → shell:other,301,0.024927536231884057,12075
project,eunomia.dev,ALL,same_prompt,hybrid_shell,4,7,search → search → search → search,208,0.01722567287784679,12075
project,eunomia.dev,ALL,same_prompt,hybrid_shell,4,8,shell:other → shell:other → shell:other → shell:other,164,0.013581780538302278,12075
project,eunomia.dev,ALL,same_prompt,hybrid_shell,4,9,fetch → fetch → fetch → fetch,150,0.012422360248447204,12075
project,eunomia.dev,ALL,same_prompt,hybrid_shell,4,10,shell:other → wait/control → wait/control → wait/control,107,0.00886128364389234,12075
project,eunomia.dev,ALL,same_prompt,hybrid_shell,4,11,wait/control → shell:other → wait/control → wait/control,82,0.006790890269151139,12075
project,eunomia.dev,ALL,same_prompt,hybrid_shell,4,12,wait/control → wait/control → shell:other → wait/control,82,0.006790890269151139,12075
project,eunomia.dev,ALL,same_prompt,hybrid_shell,4,13,read → read → read → read,80,0.006625258799171843,12075
project,eunomia.dev,ALL,same_prompt,hybrid_shell,4,14,shell:filesystem/navigation → shell:filesystem/navigation → shell:filesystem/navigation → shell:filesystem/navigation,78,0.006459627329192546,12075
project,eunomia.dev,ALL,same_prompt,hybrid_shell,4,15,shell:git/repository → shell:search/text → shell:search/text → shell:search/text,78,0.006459627329192546,12075
project,eunomia.dev,ALL,same_prompt,hybrid_shell,4,16,wait/control → wait/control → wait/control → shell:other,73,0.006045548654244307,12075
project,eunomia.dev,ALL,same_prompt,hybrid_shell,4,17,shell:search/text → shell:search/text → shell:search/text → shell:git/repository,64,0.005300207039337474,12075
project,eunomia.dev,ALL,same_prompt,hybrid_shell,4,18,shell:search/text → shell:git/repository → shell:git/repository → shell:git/repository,62,0.005134575569358178,12075
project,eunomia.dev,ALL,same_prompt,hybrid_shell,4,19,shell:search/text → shell:search/text → shell:search/text → edit,61,0.00505175983436853,12075
project,eunomia.dev,ALL,same_prompt,hybrid_shell,4,20,wait/control → shell:git/repository → shell:git/repository → shell:git/repository,57,0.004720496894409938,12075
project,eunomia.dev,ALL,same_prompt,hybrid_shell,4,21,shell:git/repository → shell:git/repository → shell:git/repository → shell:search/text,52,0.004306418219461697,12075
project,eunomia.dev,ALL,same_prompt,hybrid_shell,4,22,shell:git/repository → shell:git/repository → shell:git/repository → wait/control,52,0.004306418219461697,12075
project,eunomia.dev,ALL,same_prompt,hybrid_shell,4,23,shell:git/repository → shell:git/repository → shell:search/text → shell:search/text,51,0.00422360248447205,12075
project,eunomia.dev,ALL,same_prompt,hybrid_shell,4,24,shell:search/text → edit → edit → edit,51,0.00422360248447205,12075
project,eunomia.dev,ALL,same_prompt,hybrid_shell,4,25,shell:search/text → shell:search/text → edit → edit,49,0.004057971014492754,12075
project,eunomia.dev,ALL,same_prompt,hybrid_shell,4,26,wait/control → wait/control → wait/control → shell:git/repository,49,0.004057971014492754,12075
project,eunomia.dev,ALL,same_prompt,hybrid_shell,4,27,edit → edit → edit → shell:search/text,46,0.0038095238095238095,12075
project,eunomia.dev,ALL,same_prompt,hybrid_shell,4,28,shell:search/text → shell:search/text → shell:search/text → shell:other,44,0.0036438923395445133,12075
project,eunomia.dev,ALL,same_prompt,hybrid_shell,4,29,shell:filesystem/navigation → shell:search/text → shell:search/text → shell:search/text,40,0.0033126293995859213,12075
project,eunomia.dev,ALL,same_prompt,hybrid_shell,4,30,shell:search/text → shell:git/repository → shell:search/text → shell:search/text,40,0.0033126293995859213,12075
project,eunomia.dev,ALL,same_prompt,tool_family,2,1,shell → shell,6117,0.4643941694503492,13172
project,eunomia.dev,ALL,same_prompt,tool_family,2,2,wait/control → wait/control,1921,0.1458396598846037,13172
project,eunomia.dev,ALL,same_prompt,tool_family,2,3,shell → wait/control,1018,0.07728515031885819,13172
project,eunomia.dev,ALL,same_prompt,tool_family,2,4,wait/control → shell,963,0.073109626480413,13172
project,eunomia.dev,ALL,same_prompt,tool_family,2,5,edit → edit,635,0.048208320680230794,13172
project,eunomia.dev,ALL,same_prompt,tool_family,2,6,search → search,314,0.023838445186759795,13172
project,eunomia.dev,ALL,same_prompt,tool_family,2,7,edit → shell,256,0.019435165502581234,13172
project,eunomia.dev,ALL,same_prompt,tool_family,2,8,fetch → fetch,243,0.01844822350440328,13172
project,eunomia.dev,ALL,same_prompt,tool_family,2,9,read → read,223,0.01692985119951412,13172
project,eunomia.dev,ALL,same_prompt,tool_family,2,10,shell → edit,223,0.01692985119951412,13172
project,eunomia.dev,ALL,same_prompt,tool_family,2,11,shell → read,142,0.010780443364713028,13172
project,eunomia.dev,ALL,same_prompt,tool_family,2,12,read → shell,126,0.009565745520801701,13172
project,eunomia.dev,ALL,same_prompt,tool_family,2,13,coordination → shell,125,0.009489826905557242,13172
project,eunomia.dev,ALL,same_prompt,tool_family,2,14,shell → coordination,121,0.009186152444579411,13172
project,eunomia.dev,ALL,same_prompt,tool_family,2,15,coordination → coordination,69,0.005238384451867598,13172
project,eunomia.dev,ALL,same_prompt,tool_family,2,16,read → edit,69,0.005238384451867598,13172
project,eunomia.dev,ALL,same_prompt,tool_family,2,17,search → fetch,57,0.004327361068934102,13172
project,eunomia.dev,ALL,same_prompt,tool_family,2,18,edit → read,44,0.0033404190707561495,13172
project,eunomia.dev,ALL,same_prompt,tool_family,2,19,fetch → search,44,0.0033404190707561495,13172
project,eunomia.dev,ALL,same_prompt,tool_family,2,20,task → task,43,0.0032645004555116913,13172
project,eunomia.dev,ALL,same_prompt,tool_family,2,21,task → shell,32,0.0024293956878226543,13172
project,eunomia.dev,ALL,same_prompt,tool_family,2,22,shell → task,25,0.0018979653811114485,13172
project,eunomia.dev,ALL,same_prompt,tool_family,2,23,tool discovery → search,22,0.0016702095353780747,13172
project,eunomia.dev,ALL,same_prompt,tool_family,2,24,plan/goal → shell,21,0.0015942909201336168,13172
project,eunomia.dev,ALL,same_prompt,tool_family,2,25,wait/control → edit,19,0.001442453689644701,13172
project,eunomia.dev,ALL,same_prompt,tool_family,2,26,wait/control → coordination,17,0.001290616459155785,13172
project,eunomia.dev,ALL,same_prompt,tool_family,2,27,write → shell,17,0.001290616459155785,13172
project,eunomia.dev,ALL,same_prompt,tool_family,2,28,shell → write,15,0.0011387792286668692,13172
project,eunomia.dev,ALL,same_prompt,tool_family,2,29,read → write,14,0.0010628606134224113,13172
project,eunomia.dev,ALL,same_prompt,tool_family,2,30,tool discovery → task,14,0.0010628606134224113,13172
project,eunomia.dev,ALL,same_prompt,tool_family,3,1,shell → shell → shell,5018,0.39882371642028297,12582
project,eunomia.dev,ALL,same_prompt,tool_family,3,2,wait/control → wait/control → wait/control,1563,0.12422508345255126,12582
project,eunomia.dev,ALL,same_prompt,tool_family,3,3,shell → wait/control → shell,634,0.05038944523923065,12582
project,eunomia.dev,ALL,same_prompt,tool_family,3,4,wait/control → shell → wait/control,538,0.04275949769512001,12582
project,eunomia.dev,ALL,same_prompt,tool_family,3,5,edit → edit → edit,472,0.03751390875854395,12582
project,eunomia.dev,ALL,same_prompt,tool_family,3,6,shell → shell → wait/control,413,0.03282467016372596,12582
project,eunomia.dev,ALL,same_prompt,tool_family,3,7,wait/control → shell → shell,394,0.03131457637895406,12582
project,eunomia.dev,ALL,same_prompt,tool_family,3,8,shell → wait/control → wait/control,340,0.02702273088539183,12582
project,eunomia.dev,ALL,same_prompt,tool_family,3,9,wait/control → wait/control → shell,311,0.02471785089810841,12582
project,eunomia.dev,ALL,same_prompt,tool_family,3,10,search → search → search,250,0.01986965506278811,12582
project,eunomia.dev,ALL,same_prompt,tool_family,3,11,fetch → fetch → fetch,190,0.015100937847718963,12582
project,eunomia.dev,ALL,same_prompt,tool_family,3,12,shell → shell → edit,161,0.012796057860435544,12582
project,eunomia.dev,ALL,same_prompt,tool_family,3,13,edit → shell → shell,148,0.011762835797170561,12582
project,eunomia.dev,ALL,same_prompt,tool_family,3,14,read → read → read,125,0.009934827531394056,12582
project,eunomia.dev,ALL,same_prompt,tool_family,3,15,edit → edit → shell,108,0.008583690987124463,12582
project,eunomia.dev,ALL,same_prompt,tool_family,3,16,shell → edit → shell,105,0.008345255126371007,12582
project,eunomia.dev,ALL,same_prompt,tool_family,3,17,shell → edit → edit,101,0.008027340645366397,12582
project,eunomia.dev,ALL,same_prompt,tool_family,3,18,shell → shell → coordination,93,0.007391511683357177,12582
project,eunomia.dev,ALL,same_prompt,tool_family,3,19,coordination → shell → shell,86,0.006835161341599109,12582
project,eunomia.dev,ALL,same_prompt,tool_family,3,20,shell → shell → read,79,0.0062788109998410425,12582
project,eunomia.dev,ALL,same_prompt,tool_family,3,21,shell → coordination → shell,77,0.0061198537593387375,12582
project,eunomia.dev,ALL,same_prompt,tool_family,3,22,read → shell → shell,67,0.005325067556827214,12582
project,eunomia.dev,ALL,same_prompt,tool_family,3,23,shell → read → shell,58,0.004609759974566842,12582
project,eunomia.dev,ALL,same_prompt,tool_family,3,24,shell → read → read,55,0.004371324113813384,12582
project,eunomia.dev,ALL,same_prompt,tool_family,3,25,read → read → shell,52,0.004132888253059927,12582
project,eunomia.dev,ALL,same_prompt,tool_family,3,26,search → search → fetch,48,0.003814973772055317,12582
project,eunomia.dev,ALL,same_prompt,tool_family,3,27,search → fetch → fetch,44,0.0034970592910507073,12582
project,eunomia.dev,ALL,same_prompt,tool_family,3,28,edit → shell → wait/control,41,0.00325862343029725,12582
project,eunomia.dev,ALL,same_prompt,tool_family,3,29,read → shell → read,39,0.003099666189794945,12582
project,eunomia.dev,ALL,same_prompt,tool_family,3,30,coordination → coordination → shell,38,0.003020187569543793,12582
project,eunomia.dev,ALL,same_prompt,tool_family,4,1,shell → shell → shell → shell,4225,0.3498964803312629,12075
project,eunomia.dev,ALL,same_prompt,tool_family,4,2,wait/control → wait/control → wait/control → wait/control,1316,0.10898550724637682,12075
project,eunomia.dev,ALL,same_prompt,tool_family,4,3,shell → wait/control → shell → wait/control,403,0.03337474120082816,12075
project,eunomia.dev,ALL,same_prompt,tool_family,4,4,wait/control → shell → wait/control → shell,380,0.03146997929606625,12075
project,eunomia.dev,ALL,same_prompt,tool_family,4,5,edit → edit → edit → edit,371,0.03072463768115942,12075
project,eunomia.dev,ALL,same_prompt,tool_family,4,6,shell → shell → shell → wait/control,282,0.023354037267080744,12075
project,eunomia.dev,ALL,same_prompt,tool_family,4,7,wait/control → shell → shell → shell,279,0.0231055900621118,12075
project,eunomia.dev,ALL,same_prompt,tool_family,4,8,shell → wait/control → wait/control → wait/control,237,0.019627329192546585,12075
project,eunomia.dev,ALL,same_prompt,tool_family,4,9,shell → shell → wait/control → shell,221,0.018302277432712215,12075
project,eunomia.dev,ALL,same_prompt,tool_family,4,10,shell → wait/control → shell → shell,213,0.01763975155279503,12075
project,eunomia.dev,ALL,same_prompt,tool_family,4,11,wait/control → wait/control → wait/control → shell,211,0.017474120082815736,12075
project,eunomia.dev,ALL,same_prompt,tool_family,4,12,search → search → search → search,208,0.01722567287784679,12075
project,eunomia.dev,ALL,same_prompt,tool_family,4,13,wait/control → wait/control → shell → shell,168,0.01391304347826087,12075
project,eunomia.dev,ALL,same_prompt,tool_family,4,14,shell → shell → wait/control → wait/control,166,0.013747412008281574,12075
project,eunomia.dev,ALL,same_prompt,tool_family,4,15,fetch → fetch → fetch → fetch,150,0.012422360248447204,12075
project,eunomia.dev,ALL,same_prompt,tool_family,4,16,wait/control → shell → wait/control → wait/control,140,0.011594202898550725,12075
project,eunomia.dev,ALL,same_prompt,tool_family,4,17,wait/control → wait/control → shell → wait/control,132,0.01093167701863354,12075
project,eunomia.dev,ALL,same_prompt,tool_family,4,18,shell → shell → shell → edit,111,0.009192546583850932,12075
project,eunomia.dev,ALL,same_prompt,tool_family,4,19,wait/control → shell → shell → wait/control,100,0.008281573498964804,12075
project,eunomia.dev,ALL,same_prompt,tool_family,4,20,edit → shell → shell → shell,96,0.007950310559006211,12075
project,eunomia.dev,ALL,same_prompt,tool_family,4,21,shell → wait/control → wait/control → shell,93,0.007701863354037267,12075
project,eunomia.dev,ALL,same_prompt,tool_family,4,22,shell → shell → edit → shell,86,0.007122153209109731,12075
project,eunomia.dev,ALL,same_prompt,tool_family,4,23,read → read → read → read,80,0.006625258799171843,12075
project,eunomia.dev,ALL,same_prompt,tool_family,4,24,shell → shell → shell → coordination,76,0.00629399585921325,12075
project,eunomia.dev,ALL,same_prompt,tool_family,4,25,edit → edit → edit → shell,72,0.005962732919254659,12075
project,eunomia.dev,ALL,same_prompt,tool_family,4,26,shell → edit → shell → shell,71,0.0058799171842650105,12075
project,eunomia.dev,ALL,same_prompt,tool_family,4,27,coordination → shell → shell → shell,67,0.005548654244306418,12075
project,eunomia.dev,ALL,same_prompt,tool_family,4,28,shell → edit → edit → edit,63,0.0052173913043478265,12075
project,eunomia.dev,ALL,same_prompt,tool_family,4,29,shell → shell → edit → edit,63,0.0052173913043478265,12075
project,eunomia.dev,ALL,same_prompt,tool_family,4,30,edit → edit → shell → shell,61,0.00505175983436853,12075
project_vendor,eunomia.dev,claude,full_stream,hybrid_shell,2,1,edit → edit,418,0.12953207313294082,3227
project_vendor,eunomia.dev,claude,full_stream,hybrid_shell,2,2,search → search,314,0.09730399752091726,3227
project_vendor,eunomia.dev,claude,full_stream,hybrid_shell,2,3,read → read,240,0.07437248218159281,3227
project_vendor,eunomia.dev,claude,full_stream,hybrid_shell,2,4,fetch → fetch,238,0.0737527114967462,3227
project_vendor,eunomia.dev,claude,full_stream,hybrid_shell,2,5,shell:git/repository → shell:git/repository,233,0.07220328478462969,3227
project_vendor,eunomia.dev,claude,full_stream,hybrid_shell,2,6,shell:filesystem/navigation → shell:filesystem/navigation,218,0.06755500464828014,3227
project_vendor,eunomia.dev,claude,full_stream,hybrid_shell,2,7,shell:search/text → shell:search/text,175,0.05422993492407809,3227
project_vendor,eunomia.dev,claude,full_stream,hybrid_shell,2,8,read → edit,83,0.025720483421134182,3227
project_vendor,eunomia.dev,claude,full_stream,hybrid_shell,2,9,shell:filesystem/navigation → read,71,0.02200185931205454,3227
project_vendor,eunomia.dev,claude,full_stream,hybrid_shell,2,10,shell:search/text → read,63,0.019522776572668113,3227
project_vendor,eunomia.dev,claude,full_stream,hybrid_shell,2,11,read → shell:filesystem/navigation,62,0.01921289123024481,3227
project_vendor,eunomia.dev,claude,full_stream,hybrid_shell,2,12,read → shell:search/text,57,0.017663464518128294,3227
project_vendor,eunomia.dev,claude,full_stream,hybrid_shell,2,13,search → fetch,57,0.017663464518128294,3227
project_vendor,eunomia.dev,claude,full_stream,hybrid_shell,2,14,shell:other → shell:other,54,0.01673380849085838,3227
project_vendor,eunomia.dev,claude,full_stream,hybrid_shell,2,15,edit → read,53,0.01642392314843508,3227
project_vendor,eunomia.dev,claude,full_stream,hybrid_shell,2,16,fetch → search,45,0.013944840409048653,3227
project_vendor,eunomia.dev,claude,full_stream,hybrid_shell,2,17,shell:filesystem/navigation → shell:search/text,40,0.012395413696932134,3227
project_vendor,eunomia.dev,claude,full_stream,hybrid_shell,2,18,shell:git/repository → shell:filesystem/navigation,39,0.012085528354508832,3227
project_vendor,eunomia.dev,claude,full_stream,hybrid_shell,2,19,shell:search/text → shell:filesystem/navigation,38,0.011775643012085528,3227
project_vendor,eunomia.dev,claude,full_stream,hybrid_shell,2,20,task → task,37,0.011465757669662225,3227
project_vendor,eunomia.dev,claude,full_stream,hybrid_shell,2,21,edit → shell:filesystem/navigation,32,0.009916330957545709,3227
project_vendor,eunomia.dev,claude,full_stream,hybrid_shell,2,22,shell:filesystem/navigation → shell:git/repository,28,0.008676789587852495,3227
project_vendor,eunomia.dev,claude,full_stream,hybrid_shell,2,23,edit → shell:search/text,27,0.00836690424542919,3227
project_vendor,eunomia.dev,claude,full_stream,hybrid_shell,2,24,shell:filesystem/navigation → edit,27,0.00836690424542919,3227
project_vendor,eunomia.dev,claude,full_stream,hybrid_shell,2,25,shell:search/text → shell:git/repository,26,0.008057018903005888,3227
project_vendor,eunomia.dev,claude,full_stream,hybrid_shell,2,26,shell:git/repository → shell:search/text,23,0.007127362875735978,3227
project_vendor,eunomia.dev,claude,full_stream,hybrid_shell,2,27,shell:network/remote → shell:network/remote,23,0.007127362875735978,3227
project_vendor,eunomia.dev,claude,full_stream,hybrid_shell,2,28,tool discovery → search,22,0.006817477533312674,3227
project_vendor,eunomia.dev,claude,full_stream,hybrid_shell,2,29,read → write,20,0.006197706848466067,3227
project_vendor,eunomia.dev,claude,full_stream,hybrid_shell,2,30,shell:search/text → edit,18,0.005577936163619461,3227
project_vendor,eunomia.dev,claude,full_stream,hybrid_shell,3,1,edit → edit → edit,339,0.1079961771264734,3139
project_vendor,eunomia.dev,claude,full_stream,hybrid_shell,3,2,search → search → search,250,0.07964319847085059,3139
project_vendor,eunomia.dev,claude,full_stream,hybrid_shell,3,3,fetch → fetch → fetch,187,0.05957311245619624,3139
project_vendor,eunomia.dev,claude,full_stream,hybrid_shell,3,4,shell:git/repository → shell:git/repository → shell:git/repository,186,0.05925453966231284,3139
project_vendor,eunomia.dev,claude,full_stream,hybrid_shell,3,5,read → read → read,140,0.04460019114367633,3139
project_vendor,eunomia.dev,claude,full_stream,hybrid_shell,3,6,shell:filesystem/navigation → shell:filesystem/navigation → shell:filesystem/navigation,133,0.042370181586492514,3139
project_vendor,eunomia.dev,claude,full_stream,hybrid_shell,3,7,shell:search/text → shell:search/text → shell:search/text,109,0.034724434533290854,3139
project_vendor,eunomia.dev,claude,full_stream,hybrid_shell,3,8,search → search → fetch,48,0.015291494106403312,3139
project_vendor,eunomia.dev,claude,full_stream,hybrid_shell,3,9,shell:other → shell:other → shell:other,46,0.014654348518636508,3139
project_vendor,eunomia.dev,claude,full_stream,hybrid_shell,3,10,search → fetch → fetch,44,0.014017202930869704,3139
project_vendor,eunomia.dev,claude,full_stream,hybrid_shell,3,11,read → edit → edit,39,0.012424338961452692,3139
project_vendor,eunomia.dev,claude,full_stream,hybrid_shell,3,12,shell:filesystem/navigation → read → read,36,0.011468620579802484,3139
project_vendor,eunomia.dev,claude,full_stream,hybrid_shell,3,13,fetch → fetch → search,35,0.011150047785919083,3139
project_vendor,eunomia.dev,claude,full_stream,hybrid_shell,3,14,read → read → shell:filesystem/navigation,33,0.010512902198152279,3139
project_vendor,eunomia.dev,claude,full_stream,hybrid_shell,3,15,edit → read → edit,32,0.010194329404268876,3139
project_vendor,eunomia.dev,claude,full_stream,hybrid_shell,3,16,fetch → search → search,32,0.010194329404268876,3139
project_vendor,eunomia.dev,claude,full_stream,hybrid_shell,3,17,shell:search/text → shell:search/text → read,29,0.009238611022618668,3139
project_vendor,eunomia.dev,claude,full_stream,hybrid_shell,3,18,read → edit → read,27,0.008601465434851864,3139
project_vendor,eunomia.dev,claude,full_stream,hybrid_shell,3,19,shell:filesystem/navigation → shell:filesystem/navigation → read,27,0.008601465434851864,3139
project_vendor,eunomia.dev,claude,full_stream,hybrid_shell,3,20,edit → edit → read,24,0.007645747053201656,3139
project_vendor,eunomia.dev,claude,full_stream,hybrid_shell,3,21,read → shell:filesystem/navigation → read,24,0.007645747053201656,3139
project_vendor,eunomia.dev,claude,full_stream,hybrid_shell,3,22,shell:search/text → read → read,24,0.007645747053201656,3139
project_vendor,eunomia.dev,claude,full_stream,hybrid_shell,3,23,read → read → edit,23,0.007327174259318254,3139
project_vendor,eunomia.dev,claude,full_stream,hybrid_shell,3,24,read → shell:filesystem/navigation → shell:filesystem/navigation,22,0.007008601465434852,3139
project_vendor,eunomia.dev,claude,full_stream,hybrid_shell,3,25,tool discovery → search → search,22,0.007008601465434852,3139
project_vendor,eunomia.dev,claude,full_stream,hybrid_shell,3,26,edit → edit → shell:filesystem/navigation,21,0.00669002867155145,3139
project_vendor,eunomia.dev,claude,full_stream,hybrid_shell,3,27,read → read → shell:search/text,21,0.00669002867155145,3139
project_vendor,eunomia.dev,claude,full_stream,hybrid_shell,3,28,read → shell:search/text → shell:search/text,21,0.00669002867155145,3139
project_vendor,eunomia.dev,claude,full_stream,hybrid_shell,3,29,edit → edit → shell:search/text,19,0.006052883083784644,3139
project_vendor,eunomia.dev,claude,full_stream,hybrid_shell,3,30,shell:filesystem/navigation → edit → edit,18,0.005734310289901242,3139
project_vendor,eunomia.dev,claude,full_stream,hybrid_shell,4,1,edit → edit → edit → edit,290,0.09505080301540479,3051
project_vendor,eunomia.dev,claude,full_stream,hybrid_shell,4,2,search → search → search → search,208,0.06817436905932481,3051
project_vendor,eunomia.dev,claude,full_stream,hybrid_shell,4,3,shell:git/repository → shell:git/repository → shell:git/repository → shell:git/repository,155,0.050803015404785316,3051
project_vendor,eunomia.dev,claude,full_stream,hybrid_shell,4,4,fetch → fetch → fetch → fetch,149,0.04883644706653556,3051
project_vendor,eunomia.dev,claude,full_stream,hybrid_shell,4,5,read → read → read → read,94,0.030809570632579483,3051
project_vendor,eunomia.dev,claude,full_stream,hybrid_shell,4,6,shell:filesystem/navigation → shell:filesystem/navigation → shell:filesystem/navigation → shell:filesystem/navigation,86,0.028187479514913145,3051
project_vendor,eunomia.dev,claude,full_stream,hybrid_shell,4,7,shell:search/text → shell:search/text → shell:search/text → shell:search/text,74,0.024254342838413635,3051
project_vendor,eunomia.dev,claude,full_stream,hybrid_shell,4,8,shell:other → shell:other → shell:other → shell:other,40,0.013110455588331694,3051
project_vendor,eunomia.dev,claude,full_stream,hybrid_shell,4,9,search → search → fetch → fetch,38,0.01245493280891511,3051
project_vendor,eunomia.dev,claude,full_stream,hybrid_shell,4,10,search → search → search → fetch,33,0.010816125860373648,3051
project_vendor,eunomia.dev,claude,full_stream,hybrid_shell,4,11,search → fetch → fetch → fetch,32,0.010488364470665356,3051
project_vendor,eunomia.dev,claude,full_stream,hybrid_shell,4,12,read → edit → edit → edit,29,0.00950508030154048,3051
project_vendor,eunomia.dev,claude,full_stream,hybrid_shell,4,13,fetch → fetch → fetch → search,28,0.009177318911832186,3051
project_vendor,eunomia.dev,claude,full_stream,hybrid_shell,4,14,fetch → fetch → search → search,25,0.00819403474270731,3051
project_vendor,eunomia.dev,claude,full_stream,hybrid_shell,4,15,read → edit → read → edit,19,0.006227466404457555,3051
project_vendor,eunomia.dev,claude,full_stream,hybrid_shell,4,16,tool discovery → search → search → search,19,0.006227466404457555,3051
project_vendor,eunomia.dev,claude,full_stream,hybrid_shell,4,17,fetch → search → search → search,16,0.005244182235332678,3051
project_vendor,eunomia.dev,claude,full_stream,hybrid_shell,4,18,shell:filesystem/navigation → shell:filesystem/navigation → shell:filesystem/navigation → read,16,0.005244182235332678,3051
project_vendor,eunomia.dev,claude,full_stream,hybrid_shell,4,19,edit → edit → edit → read,15,0.004916420845624385,3051
project_vendor,eunomia.dev,claude,full_stream,hybrid_shell,4,20,edit → read → edit → read,15,0.004916420845624385,3051
project_vendor,eunomia.dev,claude,full_stream,hybrid_shell,4,21,read → read → read → shell:filesystem/navigation,15,0.004916420845624385,3051
project_vendor,eunomia.dev,claude,full_stream,hybrid_shell,4,22,shell:filesystem/navigation → read → read → read,15,0.004916420845624385,3051
project_vendor,eunomia.dev,claude,full_stream,hybrid_shell,4,23,read → read → shell:filesystem/navigation → read,14,0.004588659455916093,3051
project_vendor,eunomia.dev,claude,full_stream,hybrid_shell,4,24,shell:filesystem/navigation → shell:filesystem/navigation → read → read,14,0.004588659455916093,3051
project_vendor,eunomia.dev,claude,full_stream,hybrid_shell,4,25,edit → edit → edit → shell:filesystem/navigation,13,0.0042608980662078005,3051
project_vendor,eunomia.dev,claude,full_stream,hybrid_shell,4,26,edit → read → edit → edit,13,0.0042608980662078005,3051
project_vendor,eunomia.dev,claude,full_stream,hybrid_shell,4,27,fetch → search → search → fetch,13,0.0042608980662078005,3051
project_vendor,eunomia.dev,claude,full_stream,hybrid_shell,4,28,shell:search/text → read → read → read,13,0.0042608980662078005,3051
project_vendor,eunomia.dev,claude,full_stream,hybrid_shell,4,29,shell:search/text → shell:search/text → read → read,13,0.0042608980662078005,3051
project_vendor,eunomia.dev,claude,full_stream,hybrid_shell,4,30,shell:search/text → shell:search/text → shell:search/text → read,13,0.0042608980662078005,3051
project_vendor,eunomia.dev,claude,full_stream,tool_family,2,1,shell → shell,984,0.30492717694453053,3227
project_vendor,eunomia.dev,claude,full_stream,tool_family,2,2,edit → edit,418,0.12953207313294082,3227
project_vendor,eunomia.dev,claude,full_stream,tool_family,2,3,search → search,314,0.09730399752091726,3227
project_vendor,eunomia.dev,claude,full_stream,tool_family,2,4,read → read,240,0.07437248218159281,3227
project_vendor,eunomia.dev,claude,full_stream,tool_family,2,5,fetch → fetch,238,0.0737527114967462,3227
project_vendor,eunomia.dev,claude,full_stream,tool_family,2,6,shell → read,157,0.04865199876045863,3227
project_vendor,eunomia.dev,claude,full_stream,tool_family,2,7,read → shell,136,0.04214440656956926,3227
project_vendor,eunomia.dev,claude,full_stream,tool_family,2,8,read → edit,83,0.025720483421134182,3227
project_vendor,eunomia.dev,claude,full_stream,tool_family,2,9,edit → shell,82,0.025410598078710878,3227
project_vendor,eunomia.dev,claude,full_stream,tool_family,2,10,search → fetch,57,0.017663464518128294,3227
project_vendor,eunomia.dev,claude,full_stream,tool_family,2,11,shell → edit,54,0.01673380849085838,3227
project_vendor,eunomia.dev,claude,full_stream,tool_family,2,12,edit → read,53,0.01642392314843508,3227
project_vendor,eunomia.dev,claude,full_stream,tool_family,2,13,fetch → search,45,0.013944840409048653,3227
project_vendor,eunomia.dev,claude,full_stream,tool_family,2,14,task → task,37,0.011465757669662225,3227
project_vendor,eunomia.dev,claude,full_stream,tool_family,2,15,write → shell,27,0.00836690424542919,3227
project_vendor,eunomia.dev,claude,full_stream,tool_family,2,16,tool discovery → search,22,0.006817477533312674,3227
project_vendor,eunomia.dev,claude,full_stream,tool_family,2,17,shell → write,21,0.006507592190889371,3227
project_vendor,eunomia.dev,claude,full_stream,tool_family,2,18,task → shell,21,0.006507592190889371,3227
project_vendor,eunomia.dev,claude,full_stream,tool_family,2,19,read → write,20,0.006197706848466067,3227
project_vendor,eunomia.dev,claude,full_stream,tool_family,2,20,shell → task,16,0.004958165478772854,3227
project_vendor,eunomia.dev,claude,full_stream,tool_family,2,21,tool discovery → task,15,0.004648280136349551,3227
project_vendor,eunomia.dev,claude,full_stream,tool_family,2,22,task → read,13,0.004028509451502944,3227
project_vendor,eunomia.dev,claude,full_stream,tool_family,2,23,write → write,13,0.004028509451502944,3227
project_vendor,eunomia.dev,claude,full_stream,tool_family,2,24,shell → tool discovery,12,0.0037186241090796405,3227
project_vendor,eunomia.dev,claude,full_stream,tool_family,2,25,shell → search,8,0.002479082739386427,3227
project_vendor,eunomia.dev,claude,full_stream,tool_family,2,26,write → edit,8,0.002479082739386427,3227
project_vendor,eunomia.dev,claude,full_stream,tool_family,2,27,write → read,8,0.002479082739386427,3227
project_vendor,eunomia.dev,claude,full_stream,tool_family,2,28,fetch → shell,7,0.0021691973969631237,3227
project_vendor,eunomia.dev,claude,full_stream,tool_family,2,29,task → tool discovery,7,0.0021691973969631237,3227
project_vendor,eunomia.dev,claude,full_stream,tool_family,2,30,write → task,7,0.0021691973969631237,3227
project_vendor,eunomia.dev,claude,full_stream,tool_family,3,1,shell → shell → shell,785,0.25007964319847087,3139
project_vendor,eunomia.dev,claude,full_stream,tool_family,3,2,edit → edit → edit,339,0.1079961771264734,3139
project_vendor,eunomia.dev,claude,full_stream,tool_family,3,3,search → search → search,250,0.07964319847085059,3139
project_vendor,eunomia.dev,claude,full_stream,tool_family,3,4,fetch → fetch → fetch,187,0.05957311245619624,3139
project_vendor,eunomia.dev,claude,full_stream,tool_family,3,5,read → read → read,140,0.04460019114367633,3139
project_vendor,eunomia.dev,claude,full_stream,tool_family,3,6,shell → shell → read,98,0.03122013380057343,3139
project_vendor,eunomia.dev,claude,full_stream,tool_family,3,7,read → shell → shell,78,0.024848677922905384,3139
project_vendor,eunomia.dev,claude,full_stream,tool_family,3,8,shell → read → read,66,0.021025804396304557,3139
project_vendor,eunomia.dev,claude,full_stream,tool_family,3,9,shell → read → shell,65,0.020707231602421154,3139
project_vendor,eunomia.dev,claude,full_stream,tool_family,3,10,read → read → shell,59,0.01879579483912074,3139
project_vendor,eunomia.dev,claude,full_stream,tool_family,3,11,edit → edit → shell,49,0.015610066900286716,3139
project_vendor,eunomia.dev,claude,full_stream,tool_family,3,12,edit → shell → shell,49,0.015610066900286716,3139
project_vendor,eunomia.dev,claude,full_stream,tool_family,3,13,search → search → fetch,48,0.015291494106403312,3139
project_vendor,eunomia.dev,claude,full_stream,tool_family,3,14,search → fetch → fetch,44,0.014017202930869704,3139
project_vendor,eunomia.dev,claude,full_stream,tool_family,3,15,read → edit → edit,39,0.012424338961452692,3139
project_vendor,eunomia.dev,claude,full_stream,tool_family,3,16,read → shell → read,39,0.012424338961452692,3139
project_vendor,eunomia.dev,claude,full_stream,tool_family,3,17,fetch → fetch → search,35,0.011150047785919083,3139
project_vendor,eunomia.dev,claude,full_stream,tool_family,3,18,edit → read → edit,32,0.010194329404268876,3139
project_vendor,eunomia.dev,claude,full_stream,tool_family,3,19,fetch → search → search,32,0.010194329404268876,3139
project_vendor,eunomia.dev,claude,full_stream,tool_family,3,20,shell → edit → edit,32,0.010194329404268876,3139
project_vendor,eunomia.dev,claude,full_stream,tool_family,3,21,shell → shell → edit,30,0.009557183816502071,3139
project_vendor,eunomia.dev,claude,full_stream,tool_family,3,22,read → edit → read,27,0.008601465434851864,3139
project_vendor,eunomia.dev,claude,full_stream,tool_family,3,23,edit → edit → read,24,0.007645747053201656,3139
project_vendor,eunomia.dev,claude,full_stream,tool_family,3,24,read → read → edit,23,0.007327174259318254,3139
project_vendor,eunomia.dev,claude,full_stream,tool_family,3,25,tool discovery → search → search,22,0.007008601465434852,3139
project_vendor,eunomia.dev,claude,full_stream,tool_family,3,26,shell → read → edit,17,0.00541573749601784,3139
project_vendor,eunomia.dev,claude,full_stream,tool_family,3,27,read → edit → shell,16,0.005097164702134438,3139
project_vendor,eunomia.dev,claude,full_stream,tool_family,3,28,task → shell → shell,16,0.005097164702134438,3139
project_vendor,eunomia.dev,claude,full_stream,tool_family,3,29,write → shell → shell,16,0.005097164702134438,3139
project_vendor,eunomia.dev,claude,full_stream,tool_family,3,30,edit → shell → edit,14,0.004460019114367633,3139
project_vendor,eunomia.dev,claude,full_stream,tool_family,4,1,shell → shell → shell → shell,643,0.210750573582432,3051
project_vendor,eunomia.dev,claude,full_stream,tool_family,4,2,edit → edit → edit → edit,290,0.09505080301540479,3051
project_vendor,eunomia.dev,claude,full_stream,tool_family,4,3,search → search → search → search,208,0.06817436905932481,3051
project_vendor,eunomia.dev,claude,full_stream,tool_family,4,4,fetch → fetch → fetch → fetch,149,0.04883644706653556,3051
project_vendor,eunomia.dev,claude,full_stream,tool_family,4,5,read → read → read → read,94,0.030809570632579483,3051
project_vendor,eunomia.dev,claude,full_stream,tool_family,4,6,shell → shell → shell → read,74,0.024254342838413635,3051
project_vendor,eunomia.dev,claude,full_stream,tool_family,4,7,read → shell → shell → shell,56,0.018354637823664373,3051
project_vendor,eunomia.dev,claude,full_stream,tool_family,4,8,shell → shell → read → shell,45,0.014749262536873156,3051
project_vendor,eunomia.dev,claude,full_stream,tool_family,4,9,shell → read → shell → shell,41,0.013438216978039987,3051
project_vendor,eunomia.dev,claude,full_stream,tool_family,4,10,search → search → fetch → fetch,38,0.01245493280891511,3051
project_vendor,eunomia.dev,claude,full_stream,tool_family,4,11,shell → shell → read → read,38,0.01245493280891511,3051
project_vendor,eunomia.dev,claude,full_stream,tool_family,4,12,edit → shell → shell → shell,37,0.012127171419206818,3051
project_vendor,eunomia.dev,claude,full_stream,tool_family,4,13,search → search → search → fetch,33,0.010816125860373648,3051
project_vendor,eunomia.dev,claude,full_stream,tool_family,4,14,search → fetch → fetch → fetch,32,0.010488364470665356,3051
project_vendor,eunomia.dev,claude,full_stream,tool_family,4,15,edit → edit → edit → shell,31,0.010160603080957063,3051
project_vendor,eunomia.dev,claude,full_stream,tool_family,4,16,edit → edit → shell → shell,31,0.010160603080957063,3051
project_vendor,eunomia.dev,claude,full_stream,tool_family,4,17,shell → read → read → read,30,0.00983284169124877,3051
project_vendor,eunomia.dev,claude,full_stream,tool_family,4,18,read → edit → edit → edit,29,0.00950508030154048,3051
project_vendor,eunomia.dev,claude,full_stream,tool_family,4,19,read → read → shell → shell,29,0.00950508030154048,3051
project_vendor,eunomia.dev,claude,full_stream,tool_family,4,20,fetch → fetch → fetch → search,28,0.009177318911832186,3051
project_vendor,eunomia.dev,claude,full_stream,tool_family,4,21,read → read → read → shell,28,0.009177318911832186,3051
project_vendor,eunomia.dev,claude,full_stream,tool_family,4,22,fetch → fetch → search → search,25,0.00819403474270731,3051
project_vendor,eunomia.dev,claude,full_stream,tool_family,4,23,shell → read → read → shell,24,0.007866273352999017,3051
project_vendor,eunomia.dev,claude,full_stream,tool_family,4,24,read → read → shell → read,22,0.007210750573582432,3051
project_vendor,eunomia.dev,claude,full_stream,tool_family,4,25,read → edit → read → edit,19,0.006227466404457555,3051
project_vendor,eunomia.dev,claude,full_stream,tool_family,4,26,tool discovery → search → search → search,19,0.006227466404457555,3051
project_vendor,eunomia.dev,claude,full_stream,tool_family,4,27,shell → shell → shell → edit,18,0.0058997050147492625,3051
project_vendor,eunomia.dev,claude,full_stream,tool_family,4,28,read → shell → read → read,17,0.005571943625040971,3051
project_vendor,eunomia.dev,claude,full_stream,tool_family,4,29,read → shell → read → shell,17,0.005571943625040971,3051
project_vendor,eunomia.dev,claude,full_stream,tool_family,4,30,shell → edit → edit → edit,17,0.005571943625040971,3051
project_vendor,eunomia.dev,claude,same_prompt,hybrid_shell,2,1,edit → edit,391,0.13321976149914821,2935
project_vendor,eunomia.dev,claude,same_prompt,hybrid_shell,2,2,search → search,314,0.10698466780238501,2935
project_vendor,eunomia.dev,claude,same_prompt,hybrid_shell,2,3,fetch → fetch,238,0.08109028960817717,2935
project_vendor,eunomia.dev,claude,same_prompt,hybrid_shell,2,4,read → read,223,0.07597955706984667,2935
project_vendor,eunomia.dev,claude,same_prompt,hybrid_shell,2,5,shell:git/repository → shell:git/repository,215,0.07325383304940375,2935
project_vendor,eunomia.dev,claude,same_prompt,hybrid_shell,2,6,shell:filesystem/navigation → shell:filesystem/navigation,200,0.06814310051107325,2935
project_vendor,eunomia.dev,claude,same_prompt,hybrid_shell,2,7,shell:search/text → shell:search/text,168,0.057240204429301535,2935
project_vendor,eunomia.dev,claude,same_prompt,hybrid_shell,2,8,read → edit,69,0.023509369676320273,2935
project_vendor,eunomia.dev,claude,same_prompt,hybrid_shell,2,9,shell:filesystem/navigation → read,67,0.02282793867120954,2935
project_vendor,eunomia.dev,claude,same_prompt,hybrid_shell,2,10,read → shell:filesystem/navigation,57,0.019420783645655876,2935
project_vendor,eunomia.dev,claude,same_prompt,hybrid_shell,2,11,search → fetch,57,0.019420783645655876,2935
project_vendor,eunomia.dev,claude,same_prompt,hybrid_shell,2,12,shell:search/text → read,57,0.019420783645655876,2935
project_vendor,eunomia.dev,claude,same_prompt,hybrid_shell,2,13,shell:other → shell:other,54,0.018398637137989778,2935
project_vendor,eunomia.dev,claude,same_prompt,hybrid_shell,2,14,read → shell:search/text,53,0.01805792163543441,2935
project_vendor,eunomia.dev,claude,same_prompt,hybrid_shell,2,15,edit → read,44,0.014991482112436116,2935
project_vendor,eunomia.dev,claude,same_prompt,hybrid_shell,2,16,fetch → search,44,0.014991482112436116,2935
project_vendor,eunomia.dev,claude,same_prompt,hybrid_shell,2,17,shell:git/repository → shell:filesystem/navigation,34,0.011584327086882453,2935
project_vendor,eunomia.dev,claude,same_prompt,hybrid_shell,2,18,task → task,33,0.011243611584327087,2935
project_vendor,eunomia.dev,claude,same_prompt,hybrid_shell,2,19,shell:filesystem/navigation → shell:search/text,32,0.01090289608177172,2935
project_vendor,eunomia.dev,claude,same_prompt,hybrid_shell,2,20,shell:search/text → shell:filesystem/navigation,32,0.01090289608177172,2935
project_vendor,eunomia.dev,claude,same_prompt,hybrid_shell,2,21,shell:filesystem/navigation → shell:git/repository,25,0.008517887563884156,2935
project_vendor,eunomia.dev,claude,same_prompt,hybrid_shell,2,22,edit → shell:filesystem/navigation,24,0.008177172061328791,2935
project_vendor,eunomia.dev,claude,same_prompt,hybrid_shell,2,23,shell:search/text → shell:git/repository,24,0.008177172061328791,2935
project_vendor,eunomia.dev,claude,same_prompt,hybrid_shell,2,24,edit → shell:search/text,22,0.007495741056218058,2935
project_vendor,eunomia.dev,claude,same_prompt,hybrid_shell,2,25,tool discovery → search,22,0.007495741056218058,2935
project_vendor,eunomia.dev,claude,same_prompt,hybrid_shell,2,26,shell:network/remote → shell:network/remote,21,0.007155025553662692,2935
project_vendor,eunomia.dev,claude,same_prompt,hybrid_shell,2,27,shell:filesystem/navigation → edit,18,0.006132879045996593,2935
project_vendor,eunomia.dev,claude,same_prompt,hybrid_shell,2,28,shell:search/text → edit,15,0.005110732538330494,2935
project_vendor,eunomia.dev,claude,same_prompt,hybrid_shell,2,29,read → write,14,0.004770017035775128,2935
project_vendor,eunomia.dev,claude,same_prompt,hybrid_shell,2,30,shell:git/repository → shell:search/text,14,0.004770017035775128,2935
project_vendor,eunomia.dev,claude,same_prompt,hybrid_shell,3,1,edit → edit → edit,312,0.11840607210626186,2635
project_vendor,eunomia.dev,claude,same_prompt,hybrid_shell,3,2,search → search → search,250,0.09487666034155598,2635
project_vendor,eunomia.dev,claude,same_prompt,hybrid_shell,3,3,fetch → fetch → fetch,187,0.07096774193548387,2635
project_vendor,eunomia.dev,claude,same_prompt,hybrid_shell,3,4,shell:git/repository → shell:git/repository → shell:git/repository,162,0.06148007590132827,2635
project_vendor,eunomia.dev,claude,same_prompt,hybrid_shell,3,5,read → read → read,125,0.04743833017077799,2635
project_vendor,eunomia.dev,claude,same_prompt,hybrid_shell,3,6,shell:filesystem/navigation → shell:filesystem/navigation → shell:filesystem/navigation,116,0.04402277039848197,2635
project_vendor,eunomia.dev,claude,same_prompt,hybrid_shell,3,7,shell:search/text → shell:search/text → shell:search/text,102,0.03870967741935484,2635
project_vendor,eunomia.dev,claude,same_prompt,hybrid_shell,3,8,search → search → fetch,48,0.018216318785578747,2635
project_vendor,eunomia.dev,claude,same_prompt,hybrid_shell,3,9,shell:other → shell:other → shell:other,46,0.0174573055028463,2635
project_vendor,eunomia.dev,claude,same_prompt,hybrid_shell,3,10,search → fetch → fetch,44,0.01669829222011385,2635
project_vendor,eunomia.dev,claude,same_prompt,hybrid_shell,3,11,fetch → fetch → search,34,0.012903225806451613,2635
project_vendor,eunomia.dev,claude,same_prompt,hybrid_shell,3,12,fetch → search → search,31,0.011764705882352941,2635
project_vendor,eunomia.dev,claude,same_prompt,hybrid_shell,3,13,read → edit → edit,31,0.011764705882352941,2635
project_vendor,eunomia.dev,claude,same_prompt,hybrid_shell,3,14,read → read → shell:filesystem/navigation,30,0.011385199240986717,2635
project_vendor,eunomia.dev,claude,same_prompt,hybrid_shell,3,15,shell:filesystem/navigation → read → read,29,0.011005692599620493,2635
project_vendor,eunomia.dev,claude,same_prompt,hybrid_shell,3,16,edit → read → edit,25,0.009487666034155597,2635
project_vendor,eunomia.dev,claude,same_prompt,hybrid_shell,3,17,read → shell:filesystem/navigation → read,24,0.009108159392789373,2635
project_vendor,eunomia.dev,claude,same_prompt,hybrid_shell,3,18,shell:filesystem/navigation → shell:filesystem/navigation → read,24,0.009108159392789373,2635
project_vendor,eunomia.dev,claude,same_prompt,hybrid_shell,3,19,shell:search/text → shell:search/text → read,24,0.009108159392789373,2635
project_vendor,eunomia.dev,claude,same_prompt,hybrid_shell,3,20,tool discovery → search → search,22,0.008349146110056925,2635
project_vendor,eunomia.dev,claude,same_prompt,hybrid_shell,3,21,shell:search/text → read → read,21,0.007969639468690701,2635
project_vendor,eunomia.dev,claude,same_prompt,hybrid_shell,3,22,read → edit → read,20,0.007590132827324478,2635
project_vendor,eunomia.dev,claude,same_prompt,hybrid_shell,3,23,read → shell:search/text → shell:search/text,20,0.007590132827324478,2635
project_vendor,eunomia.dev,claude,same_prompt,hybrid_shell,3,24,edit → edit → read,19,0.007210626185958254,2635
project_vendor,eunomia.dev,claude,same_prompt,hybrid_shell,3,25,read → shell:filesystem/navigation → shell:filesystem/navigation,19,0.007210626185958254,2635
project_vendor,eunomia.dev,claude,same_prompt,hybrid_shell,3,26,read → read → shell:search/text,17,0.0064516129032258064,2635
project_vendor,eunomia.dev,claude,same_prompt,hybrid_shell,3,27,shell:search/text → read → shell:search/text,17,0.0064516129032258064,2635
project_vendor,eunomia.dev,claude,same_prompt,hybrid_shell,3,28,edit → edit → shell:search/text,16,0.0060721062618595825,2635
project_vendor,eunomia.dev,claude,same_prompt,hybrid_shell,3,29,read → read → edit,16,0.0060721062618595825,2635
project_vendor,eunomia.dev,claude,same_prompt,hybrid_shell,3,30,shell:filesystem/navigation → read → shell:filesystem/navigation,15,0.0056925996204933585,2635
project_vendor,eunomia.dev,claude,same_prompt,hybrid_shell,4,1,edit → edit → edit → edit,266,0.11092577147623019,2398
project_vendor,eunomia.dev,claude,same_prompt,hybrid_shell,4,2,search → search → search → search,208,0.08673894912427023,2398
project_vendor,eunomia.dev,claude,same_prompt,hybrid_shell,4,3,fetch → fetch → fetch → fetch,149,0.06213511259382819,2398
project_vendor,eunomia.dev,claude,same_prompt,hybrid_shell,4,4,shell:git/repository → shell:git/repository → shell:git/repository → shell:git/repository,128,0.05337781484570475,2398
project_vendor,eunomia.dev,claude,same_prompt,hybrid_shell,4,5,read → read → read → read,80,0.03336113427856547,2398
project_vendor,eunomia.dev,claude,same_prompt,hybrid_shell,4,6,shell:filesystem/navigation → shell:filesystem/navigation → shell:filesystem/navigation → shell:filesystem/navigation,74,0.030859049207673062,2398
project_vendor,eunomia.dev,claude,same_prompt,hybrid_shell,4,7,shell:search/text → shell:search/text → shell:search/text → shell:search/text,69,0.028773978315262717,2398
project_vendor,eunomia.dev,claude,same_prompt,hybrid_shell,4,8,shell:other → shell:other → shell:other → shell:other,40,0.016680567139282735,2398
project_vendor,eunomia.dev,claude,same_prompt,hybrid_shell,4,9,search → search → fetch → fetch,38,0.0158465387823186,2398
project_vendor,eunomia.dev,claude,same_prompt,hybrid_shell,4,10,search → search → search → fetch,33,0.013761467889908258,2398
project_vendor,eunomia.dev,claude,same_prompt,hybrid_shell,4,11,search → fetch → fetch → fetch,32,0.013344453711426188,2398
project_vendor,eunomia.dev,claude,same_prompt,hybrid_shell,4,12,fetch → fetch → fetch → search,27,0.011259382819015847,2398
project_vendor,eunomia.dev,claude,same_prompt,hybrid_shell,4,13,fetch → fetch → search → search,24,0.010008340283569641,2398
project_vendor,eunomia.dev,claude,same_prompt,hybrid_shell,4,14,read → edit → edit → edit,21,0.008757297748123435,2398
project_vendor,eunomia.dev,claude,same_prompt,hybrid_shell,4,15,tool discovery → search → search → search,19,0.0079232693911593,2398
project_vendor,eunomia.dev,claude,same_prompt,hybrid_shell,4,16,fetch → search → search → search,15,0.006255212677231026,2398
project_vendor,eunomia.dev,claude,same_prompt,hybrid_shell,4,17,read → read → shell:filesystem/navigation → read,14,0.005838198498748957,2398
project_vendor,eunomia.dev,claude,same_prompt,hybrid_shell,4,18,fetch → search → search → fetch,13,0.005421184320266889,2398
project_vendor,eunomia.dev,claude,same_prompt,hybrid_shell,4,19,shell:filesystem/navigation → shell:filesystem/navigation → shell:filesystem/navigation → read,13,0.005421184320266889,2398
project_vendor,eunomia.dev,claude,same_prompt,hybrid_shell,4,20,edit → edit → edit → read,12,0.0050041701417848205,2398
project_vendor,eunomia.dev,claude,same_prompt,hybrid_shell,4,21,edit → read → edit → read,12,0.0050041701417848205,2398
project_vendor,eunomia.dev,claude,same_prompt,hybrid_shell,4,22,read → edit → read → edit,12,0.0050041701417848205,2398
project_vendor,eunomia.dev,claude,same_prompt,hybrid_shell,4,23,shell:filesystem/navigation → read → read → read,12,0.0050041701417848205,2398
project_vendor,eunomia.dev,claude,same_prompt,hybrid_shell,4,24,shell:filesystem/navigation → shell:filesystem/navigation → read → read,12,0.0050041701417848205,2398
project_vendor,eunomia.dev,claude,same_prompt,hybrid_shell,4,25,shell:search/text → shell:search/text → read → read,11,0.0045871559633027525,2398
project_vendor,eunomia.dev,claude,same_prompt,hybrid_shell,4,26,edit → edit → edit → shell:search/text,10,0.004170141784820684,2398
project_vendor,eunomia.dev,claude,same_prompt,hybrid_shell,4,27,read → read → read → shell:filesystem/navigation,10,0.004170141784820684,2398
project_vendor,eunomia.dev,claude,same_prompt,hybrid_shell,4,28,shell:search/text → read → read → read,10,0.004170141784820684,2398
project_vendor,eunomia.dev,claude,same_prompt,hybrid_shell,4,29,shell:search/text → shell:search/text → shell:search/text → read,10,0.004170141784820684,2398
project_vendor,eunomia.dev,claude,same_prompt,hybrid_shell,4,30,edit → edit → read → edit,9,0.0037531276063386154,2398
project_vendor,eunomia.dev,claude,same_prompt,tool_family,2,1,shell → shell,902,0.30732538330494036,2935
project_vendor,eunomia.dev,claude,same_prompt,tool_family,2,2,edit → edit,391,0.13321976149914821,2935
project_vendor,eunomia.dev,claude,same_prompt,tool_family,2,3,search → search,314,0.10698466780238501,2935
project_vendor,eunomia.dev,claude,same_prompt,tool_family,2,4,fetch → fetch,238,0.08109028960817717,2935
project_vendor,eunomia.dev,claude,same_prompt,tool_family,2,5,read → read,223,0.07597955706984667,2935
project_vendor,eunomia.dev,claude,same_prompt,tool_family,2,6,shell → read,142,0.04838160136286201,2935
project_vendor,eunomia.dev,claude,same_prompt,tool_family,2,7,read → shell,126,0.04293015332197615,2935
project_vendor,eunomia.dev,claude,same_prompt,tool_family,2,8,read → edit,69,0.023509369676320273,2935
project_vendor,eunomia.dev,claude,same_prompt,tool_family,2,9,edit → shell,65,0.022146507666098807,2935
project_vendor,eunomia.dev,claude,same_prompt,tool_family,2,10,search → fetch,57,0.019420783645655876,2935
project_vendor,eunomia.dev,claude,same_prompt,tool_family,2,11,edit → read,44,0.014991482112436116,2935
project_vendor,eunomia.dev,claude,same_prompt,tool_family,2,12,fetch → search,44,0.014991482112436116,2935
project_vendor,eunomia.dev,claude,same_prompt,tool_family,2,13,shell → edit,40,0.013628620102214651,2935
project_vendor,eunomia.dev,claude,same_prompt,tool_family,2,14,task → task,33,0.011243611584327087,2935
project_vendor,eunomia.dev,claude,same_prompt,tool_family,2,15,tool discovery → search,22,0.007495741056218058,2935
project_vendor,eunomia.dev,claude,same_prompt,tool_family,2,16,task → shell,17,0.005792163543441226,2935
project_vendor,eunomia.dev,claude,same_prompt,tool_family,2,17,write → shell,17,0.005792163543441226,2935
project_vendor,eunomia.dev,claude,same_prompt,tool_family,2,18,shell → write,15,0.005110732538330494,2935
project_vendor,eunomia.dev,claude,same_prompt,tool_family,2,19,read → write,14,0.004770017035775128,2935
project_vendor,eunomia.dev,claude,same_prompt,tool_family,2,20,tool discovery → task,14,0.004770017035775128,2935
project_vendor,eunomia.dev,claude,same_prompt,tool_family,2,21,write → write,13,0.004429301533219762,2935
project_vendor,eunomia.dev,claude,same_prompt,tool_family,2,22,shell → task,11,0.003747870528109029,2935
project_vendor,eunomia.dev,claude,same_prompt,tool_family,2,23,shell → tool discovery,9,0.0030664395229982964,2935
project_vendor,eunomia.dev,claude,same_prompt,tool_family,2,24,fetch → shell,7,0.002385008517887564,2935
project_vendor,eunomia.dev,claude,same_prompt,tool_family,2,25,shell → search,7,0.002385008517887564,2935
project_vendor,eunomia.dev,claude,same_prompt,tool_family,2,26,write → edit,7,0.002385008517887564,2935
project_vendor,eunomia.dev,claude,same_prompt,tool_family,2,27,task → search,6,0.0020442930153321977,2935
project_vendor,eunomia.dev,claude,same_prompt,tool_family,2,28,tool discovery → coordination,6,0.0020442930153321977,2935
project_vendor,eunomia.dev,claude,same_prompt,tool_family,2,29,tool discovery → fetch,6,0.0020442930153321977,2935
project_vendor,eunomia.dev,claude,same_prompt,tool_family,2,30,search → shell,5,0.0017035775127768314,2935
project_vendor,eunomia.dev,claude,same_prompt,tool_family,3,1,shell → shell → shell,670,0.25426944971537,2635
project_vendor,eunomia.dev,claude,same_prompt,tool_family,3,2,edit → edit → edit,312,0.11840607210626186,2635
project_vendor,eunomia.dev,claude,same_prompt,tool_family,3,3,search → search → search,250,0.09487666034155598,2635
project_vendor,eunomia.dev,claude,same_prompt,tool_family,3,4,fetch → fetch → fetch,187,0.07096774193548387,2635
project_vendor,eunomia.dev,claude,same_prompt,tool_family,3,5,read → read → read,125,0.04743833017077799,2635
project_vendor,eunomia.dev,claude,same_prompt,tool_family,3,6,shell → shell → read,79,0.029981024667931688,2635
project_vendor,eunomia.dev,claude,same_prompt,tool_family,3,7,read → shell → shell,67,0.025426944971537004,2635
project_vendor,eunomia.dev,claude,same_prompt,tool_family,3,8,shell → read → shell,58,0.022011385199240986,2635
project_vendor,eunomia.dev,claude,same_prompt,tool_family,3,9,shell → read → read,55,0.020872865275142316,2635
project_vendor,eunomia.dev,claude,same_prompt,tool_family,3,10,read → read → shell,52,0.019734345351043642,2635
project_vendor,eunomia.dev,claude,same_prompt,tool_family,3,11,search → search → fetch,48,0.018216318785578747,2635
project_vendor,eunomia.dev,claude,same_prompt,tool_family,3,12,search → fetch → fetch,44,0.01669829222011385,2635
project_vendor,eunomia.dev,claude,same_prompt,tool_family,3,13,read → shell → read,39,0.014800759013282733,2635
project_vendor,eunomia.dev,claude,same_prompt,tool_family,3,14,edit → edit → shell,34,0.012903225806451613,2635
project_vendor,eunomia.dev,claude,same_prompt,tool_family,3,15,fetch → fetch → search,34,0.012903225806451613,2635
project_vendor,eunomia.dev,claude,same_prompt,tool_family,3,16,edit → shell → shell,31,0.011764705882352941,2635
project_vendor,eunomia.dev,claude,same_prompt,tool_family,3,17,fetch → search → search,31,0.011764705882352941,2635
project_vendor,eunomia.dev,claude,same_prompt,tool_family,3,18,read → edit → edit,31,0.011764705882352941,2635
project_vendor,eunomia.dev,claude,same_prompt,tool_family,3,19,edit → read → edit,25,0.009487666034155597,2635
project_vendor,eunomia.dev,claude,same_prompt,tool_family,3,20,shell → edit → edit,24,0.009108159392789373,2635
project_vendor,eunomia.dev,claude,same_prompt,tool_family,3,21,tool discovery → search → search,22,0.008349146110056925,2635
project_vendor,eunomia.dev,claude,same_prompt,tool_family,3,22,read → edit → read,20,0.007590132827324478,2635
project_vendor,eunomia.dev,claude,same_prompt,tool_family,3,23,edit → edit → read,19,0.007210626185958254,2635
project_vendor,eunomia.dev,claude,same_prompt,tool_family,3,24,shell → shell → edit,17,0.0064516129032258064,2635
project_vendor,eunomia.dev,claude,same_prompt,tool_family,3,25,read → read → edit,16,0.0060721062618595825,2635
project_vendor,eunomia.dev,claude,same_prompt,tool_family,3,26,shell → read → edit,13,0.004933586337760911,2635
project_vendor,eunomia.dev,claude,same_prompt,tool_family,3,27,task → task → task,12,0.004554079696394687,2635
project_vendor,eunomia.dev,claude,same_prompt,tool_family,3,28,task → shell → shell,11,0.004174573055028463,2635
project_vendor,eunomia.dev,claude,same_prompt,tool_family,3,29,read → edit → shell,10,0.003795066413662239,2635
project_vendor,eunomia.dev,claude,same_prompt,tool_family,3,30,search → fetch → search,10,0.003795066413662239,2635
project_vendor,eunomia.dev,claude,same_prompt,tool_family,4,1,shell → shell → shell → shell,521,0.21726438698915762,2398
project_vendor,eunomia.dev,claude,same_prompt,tool_family,4,2,edit → edit → edit → edit,266,0.11092577147623019,2398
project_vendor,eunomia.dev,claude,same_prompt,tool_family,4,3,search → search → search → search,208,0.08673894912427023,2398
project_vendor,eunomia.dev,claude,same_prompt,tool_family,4,4,fetch → fetch → fetch → fetch,149,0.06213511259382819,2398
project_vendor,eunomia.dev,claude,same_prompt,tool_family,4,5,read → read → read → read,80,0.03336113427856547,2398
project_vendor,eunomia.dev,claude,same_prompt,tool_family,4,6,shell → shell → shell → read,55,0.022935779816513763,2398
project_vendor,eunomia.dev,claude,same_prompt,tool_family,4,7,read → shell → shell → shell,44,0.01834862385321101,2398
project_vendor,eunomia.dev,claude,same_prompt,tool_family,4,8,search → search → fetch → fetch,38,0.0158465387823186,2398
project_vendor,eunomia.dev,claude,same_prompt,tool_family,4,9,shell → shell → read → shell,37,0.015429524603836531,2398
project_vendor,eunomia.dev,claude,same_prompt,tool_family,4,10,search → search → search → fetch,33,0.013761467889908258,2398
project_vendor,eunomia.dev,claude,same_prompt,tool_family,4,11,shell → read → shell → shell,33,0.013761467889908258,2398
project_vendor,eunomia.dev,claude,same_prompt,tool_family,4,12,search → fetch → fetch → fetch,32,0.013344453711426188,2398
project_vendor,eunomia.dev,claude,same_prompt,tool_family,4,13,shell → shell → read → read,30,0.012510425354462052,2398
project_vendor,eunomia.dev,claude,same_prompt,tool_family,4,14,fetch → fetch → fetch → search,27,0.011259382819015847,2398
project_vendor,eunomia.dev,claude,same_prompt,tool_family,4,15,read → read → shell → shell,25,0.010425354462051709,2398
project_vendor,eunomia.dev,claude,same_prompt,tool_family,4,16,fetch → fetch → search → search,24,0.010008340283569641,2398
project_vendor,eunomia.dev,claude,same_prompt,tool_family,4,17,shell → read → read → read,23,0.009591326105087573,2398
project_vendor,eunomia.dev,claude,same_prompt,tool_family,4,18,edit → edit → edit → shell,22,0.009174311926605505,2398
project_vendor,eunomia.dev,claude,same_prompt,tool_family,4,19,edit → shell → shell → shell,22,0.009174311926605505,2398
project_vendor,eunomia.dev,claude,same_prompt,tool_family,4,20,read → read → shell → read,22,0.009174311926605505,2398
project_vendor,eunomia.dev,claude,same_prompt,tool_family,4,21,read → edit → edit → edit,21,0.008757297748123435,2398
project_vendor,eunomia.dev,claude,same_prompt,tool_family,4,22,read → read → read → shell,21,0.008757297748123435,2398
project_vendor,eunomia.dev,claude,same_prompt,tool_family,4,23,shell → read → read → shell,21,0.008757297748123435,2398
project_vendor,eunomia.dev,claude,same_prompt,tool_family,4,24,tool discovery → search → search → search,19,0.0079232693911593,2398
project_vendor,eunomia.dev,claude,same_prompt,tool_family,4,25,edit → edit → shell → shell,17,0.007089241034195163,2398
project_vendor,eunomia.dev,claude,same_prompt,tool_family,4,26,read → shell → read → shell,16,0.006672226855713094,2398
project_vendor,eunomia.dev,claude,same_prompt,tool_family,4,27,shell → read → shell → read,16,0.006672226855713094,2398
project_vendor,eunomia.dev,claude,same_prompt,tool_family,4,28,fetch → search → search → search,15,0.006255212677231026,2398
project_vendor,eunomia.dev,claude,same_prompt,tool_family,4,29,read → shell → read → read,15,0.006255212677231026,2398
project_vendor,eunomia.dev,claude,same_prompt,tool_family,4,30,fetch → search → search → fetch,13,0.005421184320266889,2398
project_vendor,eunomia.dev,codex,full_stream,hybrid_shell,2,1,wait/control → wait/control,1937,0.184265601217656,10512
project_vendor,eunomia.dev,codex,full_stream,hybrid_shell,2,2,shell:search/text → shell:search/text,1717,0.1633371385083714,10512
project_vendor,eunomia.dev,codex,full_stream,hybrid_shell,2,3,shell:git/repository → shell:git/repository,856,0.08143074581430745,10512
project_vendor,eunomia.dev,codex,full_stream,hybrid_shell,2,4,shell:other → wait/control,651,0.06192922374429224,10512
project_vendor,eunomia.dev,codex,full_stream,hybrid_shell,2,5,wait/control → shell:other,531,0.05051369863013699,10512
project_vendor,eunomia.dev,codex,full_stream,hybrid_shell,2,6,shell:other → shell:other,376,0.03576864535768645,10512
project_vendor,eunomia.dev,codex,full_stream,hybrid_shell,2,7,shell:git/repository → shell:search/text,287,0.027302130898021307,10512
project_vendor,eunomia.dev,codex,full_stream,hybrid_shell,2,8,shell:search/text → shell:git/repository,281,0.026731354642313545,10512
project_vendor,eunomia.dev,codex,full_stream,hybrid_shell,2,9,edit → edit,245,0.02330669710806697,10512
project_vendor,eunomia.dev,codex,full_stream,hybrid_shell,2,10,shell:git/repository → shell:other,199,0.018930745814307457,10512
project_vendor,eunomia.dev,codex,full_stream,hybrid_shell,2,11,wait/control → shell:git/repository,190,0.018074581430745813,10512
project_vendor,eunomia.dev,codex,full_stream,hybrid_shell,2,12,shell:search/text → shell:other,170,0.016171993911719938,10512
project_vendor,eunomia.dev,codex,full_stream,hybrid_shell,2,13,shell:other → shell:git/repository,158,0.015030441400304413,10512
project_vendor,eunomia.dev,codex,full_stream,hybrid_shell,2,14,shell:search/text → edit,155,0.014745053272450532,10512
project_vendor,eunomia.dev,codex,full_stream,hybrid_shell,2,15,shell:git/repository → wait/control,138,0.013127853881278538,10512
project_vendor,eunomia.dev,codex,full_stream,hybrid_shell,2,16,shell:other → shell:search/text,133,0.01265220700152207,10512
project_vendor,eunomia.dev,codex,full_stream,hybrid_shell,2,17,edit → shell:search/text,101,0.00960806697108067,10512
project_vendor,eunomia.dev,codex,full_stream,hybrid_shell,2,18,wait/control → shell:search/text,93,0.00884703196347032,10512
project_vendor,eunomia.dev,codex,full_stream,hybrid_shell,2,19,shell:filesystem/navigation → shell:search/text,72,0.00684931506849315,10512
project_vendor,eunomia.dev,codex,full_stream,hybrid_shell,2,20,coordination → coordination,70,0.006659056316590563,10512
project_vendor,eunomia.dev,codex,full_stream,hybrid_shell,2,21,shell:search/text → shell:data/analysis/runtime,61,0.005802891933028919,10512
project_vendor,eunomia.dev,codex,full_stream,hybrid_shell,2,22,shell:data/analysis/runtime → shell:data/analysis/runtime,60,0.005707762557077625,10512
project_vendor,eunomia.dev,codex,full_stream,hybrid_shell,2,23,shell:build/check → wait/control,58,0.005517503805175038,10512
project_vendor,eunomia.dev,codex,full_stream,hybrid_shell,2,24,shell:search/text → shell:filesystem/navigation,58,0.005517503805175038,10512
project_vendor,eunomia.dev,codex,full_stream,hybrid_shell,2,25,shell:network/remote → shell:network/remote,57,0.005422374429223744,10512
project_vendor,eunomia.dev,codex,full_stream,hybrid_shell,2,26,shell:data/analysis/runtime → shell:search/text,54,0.005136986301369863,10512
project_vendor,eunomia.dev,codex,full_stream,hybrid_shell,2,27,shell:git/repository → coordination,52,0.004946727549467275,10512
project_vendor,eunomia.dev,codex,full_stream,hybrid_shell,2,28,coordination → shell:git/repository,50,0.004756468797564688,10512
project_vendor,eunomia.dev,codex,full_stream,hybrid_shell,2,29,shell:data/analysis/runtime → wait/control,47,0.0044710806697108064,10512
project_vendor,eunomia.dev,codex,full_stream,hybrid_shell,2,30,shell:search/text → shell:build/check,47,0.0044710806697108064,10512
project_vendor,eunomia.dev,codex,full_stream,hybrid_shell,3,1,wait/control → wait/control → wait/control,1589,0.1518539755351682,10464
project_vendor,eunomia.dev,codex,full_stream,hybrid_shell,3,2,shell:search/text → shell:search/text → shell:search/text,1283,0.12261085626911315,10464
project_vendor,eunomia.dev,codex,full_stream,hybrid_shell,3,3,shell:git/repository → shell:git/repository → shell:git/repository,472,0.04510703363914373,10464
project_vendor,eunomia.dev,codex,full_stream,hybrid_shell,3,4,wait/control → shell:other → wait/control,446,0.0426223241590214,10464
project_vendor,eunomia.dev,codex,full_stream,hybrid_shell,3,5,shell:other → wait/control → shell:other,380,0.03631498470948012,10464
project_vendor,eunomia.dev,codex,full_stream,hybrid_shell,3,6,shell:other → shell:other → shell:other,200,0.0191131498470948,10464
project_vendor,eunomia.dev,codex,full_stream,hybrid_shell,3,7,shell:other → wait/control → wait/control,164,0.015672782874617736,10464
project_vendor,eunomia.dev,codex,full_stream,hybrid_shell,3,8,edit → edit → edit,162,0.01548165137614679,10464
project_vendor,eunomia.dev,codex,full_stream,hybrid_shell,3,9,shell:git/repository → shell:search/text → shell:search/text,149,0.014239296636085627,10464
project_vendor,eunomia.dev,codex,full_stream,hybrid_shell,3,10,shell:git/repository → shell:git/repository → shell:search/text,129,0.012327981651376147,10464
project_vendor,eunomia.dev,codex,full_stream,hybrid_shell,3,11,shell:search/text → shell:git/repository → shell:git/repository,117,0.01118119266055046,10464
project_vendor,eunomia.dev,codex,full_stream,hybrid_shell,3,12,shell:search/text → shell:search/text → shell:git/repository,112,0.010703363914373088,10464
project_vendor,eunomia.dev,codex,full_stream,hybrid_shell,3,13,wait/control → wait/control → shell:other,111,0.010607798165137615,10464
project_vendor,eunomia.dev,codex,full_stream,hybrid_shell,3,14,wait/control → shell:git/repository → shell:git/repository,99,0.009461009174311927,10464
project_vendor,eunomia.dev,codex,full_stream,hybrid_shell,3,15,shell:search/text → shell:search/text → edit,96,0.009174311926605505,10464
project_vendor,eunomia.dev,codex,full_stream,hybrid_shell,3,16,shell:git/repository → shell:git/repository → wait/control,82,0.007836391437308868,10464
project_vendor,eunomia.dev,codex,full_stream,hybrid_shell,3,17,shell:search/text → shell:search/text → shell:other,82,0.007836391437308868,10464
project_vendor,eunomia.dev,codex,full_stream,hybrid_shell,3,18,wait/control → wait/control → shell:git/repository,76,0.007262996941896025,10464
project_vendor,eunomia.dev,codex,full_stream,hybrid_shell,3,19,shell:search/text → edit → edit,74,0.007071865443425076,10464
project_vendor,eunomia.dev,codex,full_stream,hybrid_shell,3,20,shell:search/text → shell:git/repository → shell:search/text,72,0.006880733944954129,10464
project_vendor,eunomia.dev,codex,full_stream,hybrid_shell,3,21,shell:git/repository → shell:git/repository → shell:other,71,0.006785168195718654,10464
project_vendor,eunomia.dev,codex,full_stream,hybrid_shell,3,22,shell:git/repository → shell:search/text → shell:git/repository,65,0.00621177370030581,10464
project_vendor,eunomia.dev,codex,full_stream,hybrid_shell,3,23,shell:other → shell:other → wait/control,63,0.006020642201834863,10464
project_vendor,eunomia.dev,codex,full_stream,hybrid_shell,3,24,shell:git/repository → shell:other → wait/control,61,0.005829510703363914,10464
project_vendor,eunomia.dev,codex,full_stream,hybrid_shell,3,25,shell:other → shell:git/repository → shell:git/repository,60,0.005733944954128441,10464
project_vendor,eunomia.dev,codex,full_stream,hybrid_shell,3,26,shell:git/repository → wait/control → wait/control,55,0.00525611620795107,10464
project_vendor,eunomia.dev,codex,full_stream,hybrid_shell,3,27,edit → edit → shell:search/text,54,0.005160550458715597,10464
project_vendor,eunomia.dev,codex,full_stream,hybrid_shell,3,28,shell:other → wait/control → shell:git/repository,54,0.005160550458715597,10464
project_vendor,eunomia.dev,codex,full_stream,hybrid_shell,3,29,shell:git/repository → shell:other → shell:git/repository,52,0.004969418960244648,10464
project_vendor,eunomia.dev,codex,full_stream,hybrid_shell,3,30,wait/control → wait/control → shell:search/text,52,0.004969418960244648,10464
project_vendor,eunomia.dev,codex,full_stream,hybrid_shell,4,1,wait/control → wait/control → wait/control → wait/control,1344,0.12903225806451613,10416
project_vendor,eunomia.dev,codex,full_stream,hybrid_shell,4,2,shell:search/text → shell:search/text → shell:search/text → shell:search/text,1016,0.09754224270353302,10416
project_vendor,eunomia.dev,codex,full_stream,hybrid_shell,4,3,shell:other → wait/control → shell:other → wait/control,341,0.03273809523809524,10416
project_vendor,eunomia.dev,codex,full_stream,hybrid_shell,4,4,wait/control → shell:other → wait/control → shell:other,303,0.029089861751152073,10416
project_vendor,eunomia.dev,codex,full_stream,hybrid_shell,4,5,shell:git/repository → shell:git/repository → shell:git/repository → shell:git/repository,268,0.02572964669738863,10416
project_vendor,eunomia.dev,codex,full_stream,hybrid_shell,4,6,shell:other → shell:other → shell:other → shell:other,131,0.012576804915514593,10416
project_vendor,eunomia.dev,codex,full_stream,hybrid_shell,4,7,shell:other → wait/control → wait/control → wait/control,108,0.010368663594470046,10416
project_vendor,eunomia.dev,codex,full_stream,hybrid_shell,4,8,edit → edit → edit → edit,107,0.010272657450076805,10416
project_vendor,eunomia.dev,codex,full_stream,hybrid_shell,4,9,shell:git/repository → shell:search/text → shell:search/text → shell:search/text,90,0.008640552995391706,10416
project_vendor,eunomia.dev,codex,full_stream,hybrid_shell,4,10,wait/control → shell:other → wait/control → wait/control,83,0.007968509984639017,10416
project_vendor,eunomia.dev,codex,full_stream,hybrid_shell,4,11,wait/control → wait/control → shell:other → wait/control,83,0.007968509984639017,10416
project_vendor,eunomia.dev,codex,full_stream,hybrid_shell,4,12,wait/control → wait/control → wait/control → shell:other,74,0.007104454685099846,10416
project_vendor,eunomia.dev,codex,full_stream,hybrid_shell,4,13,shell:git/repository → shell:git/repository → shell:git/repository → shell:search/text,66,0.006336405529953917,10416
project_vendor,eunomia.dev,codex,full_stream,hybrid_shell,4,14,shell:search/text → shell:search/text → shell:search/text → shell:git/repository,66,0.006336405529953917,10416
project_vendor,eunomia.dev,codex,full_stream,hybrid_shell,4,15,shell:search/text → shell:search/text → shell:search/text → edit,64,0.006144393241167435,10416
project_vendor,eunomia.dev,codex,full_stream,hybrid_shell,4,16,shell:search/text → shell:git/repository → shell:git/repository → shell:git/repository,62,0.005952380952380952,10416
project_vendor,eunomia.dev,codex,full_stream,hybrid_shell,4,17,shell:git/repository → shell:git/repository → shell:search/text → shell:search/text,61,0.005856374807987712,10416
project_vendor,eunomia.dev,codex,full_stream,hybrid_shell,4,18,wait/control → shell:git/repository → shell:git/repository → shell:git/repository,60,0.00576036866359447,10416
project_vendor,eunomia.dev,codex,full_stream,hybrid_shell,4,19,shell:git/repository → shell:git/repository → shell:git/repository → wait/control,54,0.005184331797235023,10416
project_vendor,eunomia.dev,codex,full_stream,hybrid_shell,4,20,wait/control → wait/control → wait/control → shell:git/repository,49,0.004704301075268817,10416
project_vendor,eunomia.dev,codex,full_stream,hybrid_shell,4,21,shell:search/text → edit → edit → edit,48,0.004608294930875576,10416
project_vendor,eunomia.dev,codex,full_stream,hybrid_shell,4,22,shell:search/text → shell:search/text → edit → edit,48,0.004608294930875576,10416
project_vendor,eunomia.dev,codex,full_stream,hybrid_shell,4,23,shell:search/text → shell:git/repository → shell:search/text → shell:search/text,44,0.004224270353302612,10416
project_vendor,eunomia.dev,codex,full_stream,hybrid_shell,4,24,shell:search/text → shell:search/text → shell:search/text → shell:other,44,0.004224270353302612,10416
project_vendor,eunomia.dev,codex,full_stream,hybrid_shell,4,25,shell:search/text → shell:search/text → shell:git/repository → shell:search/text,42,0.004032258064516129,10416
project_vendor,eunomia.dev,codex,full_stream,hybrid_shell,4,26,edit → edit → edit → shell:search/text,40,0.0038402457757296467,10416
project_vendor,eunomia.dev,codex,full_stream,hybrid_shell,4,27,wait/control → wait/control → shell:git/repository → shell:git/repository,40,0.0038402457757296467,10416
project_vendor,eunomia.dev,codex,full_stream,hybrid_shell,4,28,wait/control → wait/control → wait/control → shell:search/text,40,0.0038402457757296467,10416
project_vendor,eunomia.dev,codex,full_stream,hybrid_shell,4,29,wait/control → shell:other → wait/control → shell:git/repository,37,0.003552227342549923,10416
project_vendor,eunomia.dev,codex,full_stream,hybrid_shell,4,30,shell:filesystem/navigation → shell:search/text → shell:search/text → shell:search/text,36,0.0034562211981566822,10416
project_vendor,eunomia.dev,codex,full_stream,tool_family,2,1,shell → shell,5402,0.5138888888888888,10512
project_vendor,eunomia.dev,codex,full_stream,tool_family,2,2,wait/control → wait/control,1937,0.184265601217656,10512
project_vendor,eunomia.dev,codex,full_stream,tool_family,2,3,shell → wait/control,1025,0.0975076103500761,10512
project_vendor,eunomia.dev,codex,full_stream,tool_family,2,4,wait/control → shell,980,0.09322678843226788,10512
project_vendor,eunomia.dev,codex,full_stream,tool_family,2,5,edit → edit,245,0.02330669710806697,10512
project_vendor,eunomia.dev,codex,full_stream,tool_family,2,6,edit → shell,204,0.019406392694063926,10512
project_vendor,eunomia.dev,codex,full_stream,tool_family,2,7,shell → edit,190,0.018074581430745813,10512
project_vendor,eunomia.dev,codex,full_stream,tool_family,2,8,coordination → shell,127,0.012081430745814307,10512
project_vendor,eunomia.dev,codex,full_stream,tool_family,2,9,shell → coordination,123,0.011700913242009132,10512
project_vendor,eunomia.dev,codex,full_stream,tool_family,2,10,coordination → coordination,70,0.006659056316590563,10512
project_vendor,eunomia.dev,codex,full_stream,tool_family,2,11,plan/goal → shell,23,0.0021879756468797563,10512
project_vendor,eunomia.dev,codex,full_stream,tool_family,2,12,wait/control → edit,19,0.0018074581430745813,10512
project_vendor,eunomia.dev,codex,full_stream,tool_family,2,13,wait/control → coordination,17,0.0016171993911719938,10512
project_vendor,eunomia.dev,codex,full_stream,tool_family,2,14,shell → plan/goal,16,0.0015220700152207,10512
project_vendor,eunomia.dev,codex,full_stream,tool_family,2,15,task → shell,15,0.0014269406392694063,10512
project_vendor,eunomia.dev,codex,full_stream,tool_family,2,16,shell → task,14,0.0013318112633181126,10512
project_vendor,eunomia.dev,codex,full_stream,tool_family,2,17,wait/control → multimodal,14,0.0013318112633181126,10512
project_vendor,eunomia.dev,codex,full_stream,tool_family,2,18,multimodal → multimodal,12,0.001141552511415525,10512
project_vendor,eunomia.dev,codex,full_stream,tool_family,2,19,task → task,10,0.0009512937595129375,10512
project_vendor,eunomia.dev,codex,full_stream,tool_family,2,20,multimodal → shell,9,0.0008561643835616438,10512
project_vendor,eunomia.dev,codex,full_stream,tool_family,2,21,other → shell,7,0.0006659056316590563,10512
project_vendor,eunomia.dev,codex,full_stream,tool_family,2,22,shell → other,7,0.0006659056316590563,10512
project_vendor,eunomia.dev,codex,full_stream,tool_family,2,23,edit → plan/goal,5,0.00047564687975646877,10512
project_vendor,eunomia.dev,codex,full_stream,tool_family,2,24,fetch → fetch,5,0.00047564687975646877,10512
project_vendor,eunomia.dev,codex,full_stream,tool_family,2,25,coordination → wait/control,4,0.000380517503805175,10512
project_vendor,eunomia.dev,codex,full_stream,tool_family,2,26,multimodal → wait/control,4,0.000380517503805175,10512
project_vendor,eunomia.dev,codex,full_stream,tool_family,2,27,coordination → task,3,0.00028538812785388126,10512
project_vendor,eunomia.dev,codex,full_stream,tool_family,2,28,edit → wait/control,3,0.00028538812785388126,10512
project_vendor,eunomia.dev,codex,full_stream,tool_family,2,29,multimodal → edit,3,0.00028538812785388126,10512
project_vendor,eunomia.dev,codex,full_stream,tool_family,2,30,wait/control → plan/goal,3,0.00028538812785388126,10512
project_vendor,eunomia.dev,codex,full_stream,tool_family,3,1,shell → shell → shell,4668,0.4461009174311927,10464
project_vendor,eunomia.dev,codex,full_stream,tool_family,3,2,wait/control → wait/control → wait/control,1589,0.1518539755351682,10464
project_vendor,eunomia.dev,codex,full_stream,tool_family,3,3,shell → wait/control → shell,648,0.06192660550458716,10464
project_vendor,eunomia.dev,codex,full_stream,tool_family,3,4,wait/control → shell → wait/control,542,0.05179663608562691,10464
project_vendor,eunomia.dev,codex,full_stream,tool_family,3,5,wait/control → shell → shell,429,0.040997706422018346,10464
project_vendor,eunomia.dev,codex,full_stream,tool_family,3,6,shell → shell → wait/control,421,0.040233180428134556,10464
project_vendor,eunomia.dev,codex,full_stream,tool_family,3,7,shell → wait/control → wait/control,344,0.03287461773700306,10464
project_vendor,eunomia.dev,codex,full_stream,tool_family,3,8,wait/control → wait/control → shell,324,0.03096330275229358,10464
project_vendor,eunomia.dev,codex,full_stream,tool_family,3,9,edit → edit → edit,162,0.01548165137614679,10464
project_vendor,eunomia.dev,codex,full_stream,tool_family,3,10,shell → shell → edit,152,0.01452599388379205,10464
project_vendor,eunomia.dev,codex,full_stream,tool_family,3,11,edit → shell → shell,130,0.01242354740061162,10464
project_vendor,eunomia.dev,codex,full_stream,tool_family,3,12,shell → edit → shell,105,0.010034403669724771,10464
project_vendor,eunomia.dev,codex,full_stream,tool_family,3,13,shell → shell → coordination,93,0.008887614678899083,10464
project_vendor,eunomia.dev,codex,full_stream,tool_family,3,14,coordination → shell → shell,88,0.008409785932721712,10464
project_vendor,eunomia.dev,codex,full_stream,tool_family,3,15,shell → edit → edit,80,0.00764525993883792,10464
project_vendor,eunomia.dev,codex,full_stream,tool_family,3,16,edit → edit → shell,79,0.007549694189602447,10464
project_vendor,eunomia.dev,codex,full_stream,tool_family,3,17,shell → coordination → shell,79,0.007549694189602447,10464
project_vendor,eunomia.dev,codex,full_stream,tool_family,3,18,edit → shell → wait/control,41,0.003918195718654434,10464
project_vendor,eunomia.dev,codex,full_stream,tool_family,3,19,coordination → coordination → shell,40,0.00382262996941896,10464
project_vendor,eunomia.dev,codex,full_stream,tool_family,3,20,edit → shell → edit,33,0.0031536697247706424,10464
project_vendor,eunomia.dev,codex,full_stream,tool_family,3,21,shell → coordination → coordination,32,0.0030581039755351682,10464
project_vendor,eunomia.dev,codex,full_stream,tool_family,3,22,coordination → coordination → coordination,29,0.002771406727828746,10464
project_vendor,eunomia.dev,codex,full_stream,tool_family,3,23,coordination → shell → coordination,26,0.002484709480122324,10464
project_vendor,eunomia.dev,codex,full_stream,tool_family,3,24,plan/goal → shell → shell,18,0.0017201834862385322,10464
project_vendor,eunomia.dev,codex,full_stream,tool_family,3,25,wait/control → edit → shell,16,0.0015290519877675841,10464
project_vendor,eunomia.dev,codex,full_stream,tool_family,3,26,shell → shell → plan/goal,15,0.0014334862385321102,10464
project_vendor,eunomia.dev,codex,full_stream,tool_family,3,27,task → shell → shell,15,0.0014334862385321102,10464
project_vendor,eunomia.dev,codex,full_stream,tool_family,3,28,shell → shell → task,14,0.001337920489296636,10464
project_vendor,eunomia.dev,codex,full_stream,tool_family,3,29,shell → plan/goal → shell,13,0.001242354740061162,10464
project_vendor,eunomia.dev,codex,full_stream,tool_family,3,30,coordination → shell → wait/control,12,0.0011467889908256881,10464
project_vendor,eunomia.dev,codex,full_stream,tool_family,4,1,shell → shell → shell → shell,4115,0.3950652841781874,10416
project_vendor,eunomia.dev,codex,full_stream,tool_family,4,2,wait/control → wait/control → wait/control → wait/control,1344,0.12903225806451613,10416
project_vendor,eunomia.dev,codex,full_stream,tool_family,4,3,shell → wait/control → shell → wait/control,405,0.03888248847926267,10416
project_vendor,eunomia.dev,codex,full_stream,tool_family,4,4,wait/control → shell → wait/control → shell,386,0.03705837173579109,10416
project_vendor,eunomia.dev,codex,full_stream,tool_family,4,5,wait/control → shell → shell → shell,315,0.03024193548387097,10416
project_vendor,eunomia.dev,codex,full_stream,tool_family,4,6,shell → shell → shell → wait/control,295,0.028321812596006146,10416
project_vendor,eunomia.dev,codex,full_stream,tool_family,4,7,shell → wait/control → wait/control → wait/control,241,0.02313748079877112,10416
project_vendor,eunomia.dev,codex,full_stream,tool_family,4,8,shell → wait/control → shell → shell,238,0.0228494623655914,10416
project_vendor,eunomia.dev,codex,full_stream,tool_family,4,9,shell → shell → wait/control → shell,232,0.02227342549923195,10416
project_vendor,eunomia.dev,codex,full_stream,tool_family,4,10,wait/control → wait/control → wait/control → shell,227,0.021793394777265745,10416
project_vendor,eunomia.dev,codex,full_stream,tool_family,4,11,wait/control → wait/control → shell → shell,185,0.017761136712749617,10416
project_vendor,eunomia.dev,codex,full_stream,tool_family,4,12,shell → shell → wait/control → wait/control,171,0.016417050691244238,10416
project_vendor,eunomia.dev,codex,full_stream,tool_family,4,13,wait/control → shell → wait/control → wait/control,141,0.013536866359447005,10416
project_vendor,eunomia.dev,codex,full_stream,tool_family,4,14,wait/control → wait/control → shell → wait/control,135,0.012960829493087557,10416
project_vendor,eunomia.dev,codex,full_stream,tool_family,4,15,shell → shell → shell → edit,118,0.011328725038402458,10416
project_vendor,eunomia.dev,codex,full_stream,tool_family,4,16,edit → edit → edit → edit,107,0.010272657450076805,10416
project_vendor,eunomia.dev,codex,full_stream,tool_family,4,17,wait/control → shell → shell → wait/control,104,0.009984639016897081,10416
project_vendor,eunomia.dev,codex,full_stream,tool_family,4,18,shell → wait/control → wait/control → shell,97,0.009312596006144393,10416
project_vendor,eunomia.dev,codex,full_stream,tool_family,4,19,shell → shell → edit → shell,92,0.008832565284178187,10416
project_vendor,eunomia.dev,codex,full_stream,tool_family,4,20,edit → shell → shell → shell,87,0.008352534562211982,10416
project_vendor,eunomia.dev,codex,full_stream,tool_family,4,21,shell → shell → shell → coordination,76,0.007296466973886329,10416
project_vendor,eunomia.dev,codex,full_stream,tool_family,4,22,shell → edit → shell → shell,74,0.007104454685099846,10416
project_vendor,eunomia.dev,codex,full_stream,tool_family,4,23,coordination → shell → shell → shell,68,0.006528417818740399,10416
project_vendor,eunomia.dev,codex,full_stream,tool_family,4,24,shell → shell → coordination → shell,62,0.005952380952380952,10416
project_vendor,eunomia.dev,codex,full_stream,tool_family,4,25,shell → shell → edit → edit,57,0.005472350230414746,10416
project_vendor,eunomia.dev,codex,full_stream,tool_family,4,26,shell → coordination → shell → shell,55,0.0052803379416282645,10416
project_vendor,eunomia.dev,codex,full_stream,tool_family,4,27,edit → edit → edit → shell,54,0.005184331797235023,10416
project_vendor,eunomia.dev,codex,full_stream,tool_family,4,28,shell → edit → edit → edit,52,0.0049923195084485405,10416
project_vendor,eunomia.dev,codex,full_stream,tool_family,4,29,edit → edit → shell → shell,49,0.004704301075268817,10416
project_vendor,eunomia.dev,codex,full_stream,tool_family,4,30,coordination → coordination → shell → shell,29,0.002784178187403994,10416
project_vendor,eunomia.dev,codex,same_prompt,hybrid_shell,2,1,wait/control → wait/control,1921,0.18765263260720913,10237
project_vendor,eunomia.dev,codex,same_prompt,hybrid_shell,2,2,shell:search/text → shell:search/text,1697,0.16577122203770636,10237
project_vendor,eunomia.dev,codex,same_prompt,hybrid_shell,2,3,shell:git/repository → shell:git/repository,832,0.08127381068672462,10237
project_vendor,eunomia.dev,codex,same_prompt,hybrid_shell,2,4,shell:other → wait/control,647,0.06320210999316206,10237
project_vendor,eunomia.dev,codex,same_prompt,hybrid_shell,2,5,wait/control → shell:other,528,0.0515776106281137,10237
project_vendor,eunomia.dev,codex,same_prompt,hybrid_shell,2,6,shell:other → shell:other,362,0.03536192243821432,10237
project_vendor,eunomia.dev,codex,same_prompt,hybrid_shell,2,7,shell:search/text → shell:git/repository,272,0.026570284262967668,10237
project_vendor,eunomia.dev,codex,same_prompt,hybrid_shell,2,8,shell:git/repository → shell:search/text,255,0.024909641496532187,10237
project_vendor,eunomia.dev,codex,same_prompt,hybrid_shell,2,9,edit → edit,244,0.02383510794177982,10237
project_vendor,eunomia.dev,codex,same_prompt,hybrid_shell,2,10,shell:git/repository → shell:other,192,0.01875549477385953,10237
project_vendor,eunomia.dev,codex,same_prompt,hybrid_shell,2,11,wait/control → shell:git/repository,187,0.01826707043079027,10237
project_vendor,eunomia.dev,codex,same_prompt,hybrid_shell,2,12,shell:search/text → shell:other,162,0.015824948715443977,10237
project_vendor,eunomia.dev,codex,same_prompt,hybrid_shell,2,13,shell:other → shell:git/repository,156,0.015238839503760867,10237
project_vendor,eunomia.dev,codex,same_prompt,hybrid_shell,2,14,shell:search/text → edit,151,0.014750415160691609,10237
project_vendor,eunomia.dev,codex,same_prompt,hybrid_shell,2,15,shell:git/repository → wait/control,132,0.012894402657028426,10237
project_vendor,eunomia.dev,codex,same_prompt,hybrid_shell,2,16,shell:other → shell:search/text,115,0.011233759890592948,10237
project_vendor,eunomia.dev,codex,same_prompt,hybrid_shell,2,17,edit → shell:search/text,89,0.008693953306632803,10237
project_vendor,eunomia.dev,codex,same_prompt,hybrid_shell,2,18,wait/control → shell:search/text,82,0.00801015922633584,10237
project_vendor,eunomia.dev,codex,same_prompt,hybrid_shell,2,19,coordination → coordination,69,0.006740255934355769,10237
project_vendor,eunomia.dev,codex,same_prompt,hybrid_shell,2,20,shell:filesystem/navigation → shell:search/text,69,0.006740255934355769,10237
project_vendor,eunomia.dev,codex,same_prompt,hybrid_shell,2,21,shell:data/analysis/runtime → shell:data/analysis/runtime,60,0.005861092116831103,10237
project_vendor,eunomia.dev,codex,same_prompt,hybrid_shell,2,22,shell:search/text → shell:data/analysis/runtime,60,0.005861092116831103,10237
project_vendor,eunomia.dev,codex,same_prompt,hybrid_shell,2,23,shell:build/check → wait/control,58,0.0056657223796034,10237
project_vendor,eunomia.dev,codex,same_prompt,hybrid_shell,2,24,shell:network/remote → shell:network/remote,57,0.005568037510989548,10237
project_vendor,eunomia.dev,codex,same_prompt,hybrid_shell,2,25,shell:search/text → shell:filesystem/navigation,56,0.005470352642375696,10237
project_vendor,eunomia.dev,codex,same_prompt,hybrid_shell,2,26,shell:data/analysis/runtime → shell:search/text,51,0.004981928299306437,10237
project_vendor,eunomia.dev,codex,same_prompt,hybrid_shell,2,27,coordination → shell:git/repository,50,0.004884243430692586,10237
project_vendor,eunomia.dev,codex,same_prompt,hybrid_shell,2,28,shell:git/repository → coordination,50,0.004884243430692586,10237
project_vendor,eunomia.dev,codex,same_prompt,hybrid_shell,2,29,shell:data/analysis/runtime → wait/control,47,0.004591188824851031,10237
project_vendor,eunomia.dev,codex,same_prompt,hybrid_shell,2,30,shell:search/text → shell:build/check,47,0.004591188824851031,10237
project_vendor,eunomia.dev,codex,same_prompt,hybrid_shell,3,1,wait/control → wait/control → wait/control,1563,0.15713280386046044,9947
project_vendor,eunomia.dev,codex,same_prompt,hybrid_shell,3,2,shell:search/text → shell:search/text → shell:search/text,1256,0.1262692269025837,9947
project_vendor,eunomia.dev,codex,same_prompt,hybrid_shell,3,3,shell:git/repository → shell:git/repository → shell:git/repository,446,0.04483763948929326,9947
project_vendor,eunomia.dev,codex,same_prompt,hybrid_shell,3,4,wait/control → shell:other → wait/control,443,0.044536041017392176,9947
project_vendor,eunomia.dev,codex,same_prompt,hybrid_shell,3,5,shell:other → wait/control → shell:other,376,0.03780034181160149,9947
project_vendor,eunomia.dev,codex,same_prompt,hybrid_shell,3,6,shell:other → shell:other → shell:other,189,0.019000703729767768,9947
project_vendor,eunomia.dev,codex,same_prompt,hybrid_shell,3,7,shell:other → wait/control → wait/control,164,0.01648738313059214,9947
project_vendor,eunomia.dev,codex,same_prompt,hybrid_shell,3,8,edit → edit → edit,160,0.016085251834724038,9947
project_vendor,eunomia.dev,codex,same_prompt,hybrid_shell,3,9,shell:git/repository → shell:search/text → shell:search/text,131,0.013169799939680305,9947
project_vendor,eunomia.dev,codex,same_prompt,hybrid_shell,3,10,wait/control → wait/control → shell:other,110,0.011058610636372776,9947
project_vendor,eunomia.dev,codex,same_prompt,hybrid_shell,3,11,shell:search/text → shell:git/repository → shell:git/repository,109,0.01095807781240575,9947
project_vendor,eunomia.dev,codex,same_prompt,hybrid_shell,3,12,shell:git/repository → shell:git/repository → shell:search/text,107,0.0107570121644717,9947
project_vendor,eunomia.dev,codex,same_prompt,hybrid_shell,3,13,shell:search/text → shell:search/text → shell:git/repository,106,0.010656479340504675,9947
project_vendor,eunomia.dev,codex,same_prompt,hybrid_shell,3,14,wait/control → shell:git/repository → shell:git/repository,97,0.009751683924801448,9947
project_vendor,eunomia.dev,codex,same_prompt,hybrid_shell,3,15,shell:search/text → shell:search/text → edit,93,0.009349552628933347,9947
project_vendor,eunomia.dev,codex,same_prompt,hybrid_shell,3,16,shell:git/repository → shell:git/repository → wait/control,80,0.008042625917362019,9947
project_vendor,eunomia.dev,codex,same_prompt,hybrid_shell,3,17,shell:search/text → shell:search/text → shell:other,78,0.007841560269427969,9947
project_vendor,eunomia.dev,codex,same_prompt,hybrid_shell,3,18,wait/control → wait/control → shell:git/repository,75,0.007539961797526892,9947
project_vendor,eunomia.dev,codex,same_prompt,hybrid_shell,3,19,shell:search/text → edit → edit,72,0.0072383633256258165,9947
project_vendor,eunomia.dev,codex,same_prompt,hybrid_shell,3,20,shell:git/repository → shell:git/repository → shell:other,69,0.006936764853724741,9947
project_vendor,eunomia.dev,codex,same_prompt,hybrid_shell,3,21,shell:search/text → shell:git/repository → shell:search/text,64,0.006434100733889615,9947
project_vendor,eunomia.dev,codex,same_prompt,hybrid_shell,3,22,shell:git/repository → shell:other → wait/control,61,0.006132502261988539,9947
project_vendor,eunomia.dev,codex,same_prompt,hybrid_shell,3,23,shell:other → shell:other → wait/control,61,0.006132502261988539,9947
project_vendor,eunomia.dev,codex,same_prompt,hybrid_shell,3,24,shell:other → shell:git/repository → shell:git/repository,59,0.005931436614054489,9947
project_vendor,eunomia.dev,codex,same_prompt,hybrid_shell,3,25,shell:git/repository → shell:search/text → shell:git/repository,54,0.005428772494219363,9947
project_vendor,eunomia.dev,codex,same_prompt,hybrid_shell,3,26,shell:other → wait/control → shell:git/repository,53,0.005328239670252337,9947
project_vendor,eunomia.dev,codex,same_prompt,hybrid_shell,3,27,shell:git/repository → wait/control → wait/control,52,0.005227706846285312,9947
project_vendor,eunomia.dev,codex,same_prompt,hybrid_shell,3,28,edit → edit → shell:search/text,49,0.0049261083743842365,9947
project_vendor,eunomia.dev,codex,same_prompt,hybrid_shell,3,29,shell:git/repository → shell:other → shell:git/repository,49,0.0049261083743842365,9947
project_vendor,eunomia.dev,codex,same_prompt,hybrid_shell,3,30,shell:search/text → shell:other → shell:other,47,0.004725042726450186,9947
project_vendor,eunomia.dev,codex,same_prompt,hybrid_shell,4,1,wait/control → wait/control → wait/control → wait/control,1316,0.13599255967758603,9677
project_vendor,eunomia.dev,codex,same_prompt,hybrid_shell,4,2,shell:search/text → shell:search/text → shell:search/text → shell:search/text,987,0.10199441975818953,9677
project_vendor,eunomia.dev,codex,same_prompt,hybrid_shell,4,3,shell:other → wait/control → shell:other → wait/control,339,0.03503151803244807,9677
project_vendor,eunomia.dev,codex,same_prompt,hybrid_shell,4,4,wait/control → shell:other → wait/control → shell:other,301,0.031104681202852123,9677
project_vendor,eunomia.dev,codex,same_prompt,hybrid_shell,4,5,shell:git/repository → shell:git/repository → shell:git/repository → shell:git/repository,244,0.0252144259584582,9677
project_vendor,eunomia.dev,codex,same_prompt,hybrid_shell,4,6,shell:other → shell:other → shell:other → shell:other,124,0.012813888601839412,9677
project_vendor,eunomia.dev,codex,same_prompt,hybrid_shell,4,7,shell:other → wait/control → wait/control → wait/control,107,0.011057145809651751,9677
project_vendor,eunomia.dev,codex,same_prompt,hybrid_shell,4,8,edit → edit → edit → edit,105,0.010850470187041439,9677
project_vendor,eunomia.dev,codex,same_prompt,hybrid_shell,4,9,wait/control → shell:other → wait/control → wait/control,82,0.008473700527022838,9677
project_vendor,eunomia.dev,codex,same_prompt,hybrid_shell,4,10,wait/control → wait/control → shell:other → wait/control,82,0.008473700527022838,9677
project_vendor,eunomia.dev,codex,same_prompt,hybrid_shell,4,11,shell:git/repository → shell:search/text → shell:search/text → shell:search/text,77,0.007957011470497054,9677
project_vendor,eunomia.dev,codex,same_prompt,hybrid_shell,4,12,wait/control → wait/control → wait/control → shell:other,73,0.007543660225276428,9677
project_vendor,eunomia.dev,codex,same_prompt,hybrid_shell,4,13,shell:search/text → shell:search/text → shell:search/text → shell:git/repository,61,0.00630360648961455,9677
project_vendor,eunomia.dev,codex,same_prompt,hybrid_shell,4,14,shell:search/text → shell:search/text → shell:search/text → edit,58,0.00599359305569908,9677
project_vendor,eunomia.dev,codex,same_prompt,hybrid_shell,4,15,wait/control → shell:git/repository → shell:git/repository → shell:git/repository,57,0.005890255244393924,9677
project_vendor,eunomia.dev,codex,same_prompt,hybrid_shell,4,16,shell:search/text → shell:git/repository → shell:git/repository → shell:git/repository,56,0.005786917433088767,9677
project_vendor,eunomia.dev,codex,same_prompt,hybrid_shell,4,17,shell:git/repository → shell:git/repository → shell:git/repository → wait/control,52,0.005373566187868141,9677
project_vendor,eunomia.dev,codex,same_prompt,hybrid_shell,4,18,shell:git/repository → shell:git/repository → shell:search/text → shell:search/text,50,0.005166890565257828,9677
project_vendor,eunomia.dev,codex,same_prompt,hybrid_shell,4,19,wait/control → wait/control → wait/control → shell:git/repository,49,0.005063552753952671,9677
project_vendor,eunomia.dev,codex,same_prompt,hybrid_shell,4,20,shell:git/repository → shell:git/repository → shell:git/repository → shell:search/text,48,0.004960214942647515,9677
project_vendor,eunomia.dev,codex,same_prompt,hybrid_shell,4,21,shell:search/text → shell:search/text → edit → edit,47,0.004856877131342358,9677
project_vendor,eunomia.dev,codex,same_prompt,hybrid_shell,4,22,shell:search/text → edit → edit → edit,46,0.004753539320037202,9677
project_vendor,eunomia.dev,codex,same_prompt,hybrid_shell,4,23,shell:search/text → shell:search/text → shell:search/text → shell:other,42,0.004340188074816576,9677
project_vendor,eunomia.dev,codex,same_prompt,hybrid_shell,4,24,shell:search/text → shell:git/repository → shell:search/text → shell:search/text,39,0.004030174640901106,9677
project_vendor,eunomia.dev,codex,same_prompt,hybrid_shell,4,25,wait/control → wait/control → shell:git/repository → shell:git/repository,38,0.003926836829595949,9677
project_vendor,eunomia.dev,codex,same_prompt,hybrid_shell,4,26,shell:search/text → shell:search/text → shell:git/repository → shell:search/text,37,0.0038234990182907927,9677
project_vendor,eunomia.dev,codex,same_prompt,hybrid_shell,4,27,edit → edit → edit → shell:search/text,36,0.003720161206985636,9677
project_vendor,eunomia.dev,codex,same_prompt,hybrid_shell,4,28,wait/control → shell:other → wait/control → shell:git/repository,36,0.003720161206985636,9677
project_vendor,eunomia.dev,codex,same_prompt,hybrid_shell,4,29,shell:git/repository → wait/control → wait/control → wait/control,35,0.0036168233956804796,9677
project_vendor,eunomia.dev,codex,same_prompt,hybrid_shell,4,30,shell:test → wait/control → wait/control → wait/control,35,0.0036168233956804796,9677
project_vendor,eunomia.dev,codex,same_prompt,tool_family,2,1,shell → shell,5215,0.5094265898212367,10237
project_vendor,eunomia.dev,codex,same_prompt,tool_family,2,2,wait/control → wait/control,1921,0.18765263260720913,10237
project_vendor,eunomia.dev,codex,same_prompt,tool_family,2,3,shell → wait/control,1014,0.09905245677444564,10237
project_vendor,eunomia.dev,codex,same_prompt,tool_family,2,4,wait/control → shell,959,0.0936797890006838,10237
project_vendor,eunomia.dev,codex,same_prompt,tool_family,2,5,edit → edit,244,0.02383510794177982,10237
project_vendor,eunomia.dev,codex,same_prompt,tool_family,2,6,edit → shell,191,0.018657809905245678,10237
project_vendor,eunomia.dev,codex,same_prompt,tool_family,2,7,shell → edit,183,0.017876330956334865,10237
project_vendor,eunomia.dev,codex,same_prompt,tool_family,2,8,coordination → shell,124,0.012112923708117613,10237
project_vendor,eunomia.dev,codex,same_prompt,tool_family,2,9,shell → coordination,120,0.011722184233662206,10237
project_vendor,eunomia.dev,codex,same_prompt,tool_family,2,10,coordination → coordination,69,0.006740255934355769,10237
project_vendor,eunomia.dev,codex,same_prompt,tool_family,2,11,plan/goal → shell,21,0.002051382240890886,10237
project_vendor,eunomia.dev,codex,same_prompt,tool_family,2,12,wait/control → edit,19,0.0018560125036631825,10237
project_vendor,eunomia.dev,codex,same_prompt,tool_family,2,13,wait/control → coordination,17,0.0016606427664354793,10237
project_vendor,eunomia.dev,codex,same_prompt,tool_family,2,14,task → shell,15,0.0014652730292077757,10237
project_vendor,eunomia.dev,codex,same_prompt,tool_family,2,15,shell → task,14,0.001367588160593924,10237
project_vendor,eunomia.dev,codex,same_prompt,tool_family,2,16,wait/control → multimodal,14,0.001367588160593924,10237
project_vendor,eunomia.dev,codex,same_prompt,tool_family,2,17,multimodal → multimodal,12,0.0011722184233662206,10237
project_vendor,eunomia.dev,codex,same_prompt,tool_family,2,18,shell → plan/goal,11,0.001074533554752369,10237
project_vendor,eunomia.dev,codex,same_prompt,tool_family,2,19,task → task,10,0.000976848686138517,10237
project_vendor,eunomia.dev,codex,same_prompt,tool_family,2,20,multimodal → shell,7,0.000683794080296962,10237
project_vendor,eunomia.dev,codex,same_prompt,tool_family,2,21,other → shell,7,0.000683794080296962,10237
project_vendor,eunomia.dev,codex,same_prompt,tool_family,2,22,shell → other,7,0.000683794080296962,10237
project_vendor,eunomia.dev,codex,same_prompt,tool_family,2,23,fetch → fetch,5,0.0004884243430692585,10237
project_vendor,eunomia.dev,codex,same_prompt,tool_family,2,24,coordination → wait/control,4,0.00039073947445540685,10237
project_vendor,eunomia.dev,codex,same_prompt,tool_family,2,25,edit → plan/goal,4,0.00039073947445540685,10237
project_vendor,eunomia.dev,codex,same_prompt,tool_family,2,26,multimodal → wait/control,4,0.00039073947445540685,10237
project_vendor,eunomia.dev,codex,same_prompt,tool_family,2,27,coordination → task,3,0.00029305460584155515,10237
project_vendor,eunomia.dev,codex,same_prompt,tool_family,2,28,edit → wait/control,3,0.00029305460584155515,10237
project_vendor,eunomia.dev,codex,same_prompt,tool_family,2,29,multimodal → edit,3,0.00029305460584155515,10237
project_vendor,eunomia.dev,codex,same_prompt,tool_family,2,30,edit → coordination,2,0.00019536973722770342,10237
project_vendor,eunomia.dev,codex,same_prompt,tool_family,3,1,shell → shell → shell,4348,0.4371167186086257,9947
project_vendor,eunomia.dev,codex,same_prompt,tool_family,3,2,wait/control → wait/control → wait/control,1563,0.15713280386046044,9947
project_vendor,eunomia.dev,codex,same_prompt,tool_family,3,3,shell → wait/control → shell,631,0.06343621192319292,9947
project_vendor,eunomia.dev,codex,same_prompt,tool_family,3,4,wait/control → shell → wait/control,538,0.05408665929425958,9947
project_vendor,eunomia.dev,codex,same_prompt,tool_family,3,5,shell → shell → wait/control,409,0.04111792500251332,9947
project_vendor,eunomia.dev,codex,same_prompt,tool_family,3,6,wait/control → shell → shell,392,0.03940886699507389,9947
project_vendor,eunomia.dev,codex,same_prompt,tool_family,3,7,shell → wait/control → wait/control,340,0.03418116014878858,9947
project_vendor,eunomia.dev,codex,same_prompt,tool_family,3,8,wait/control → wait/control → shell,311,0.03126570825374485,9947
project_vendor,eunomia.dev,codex,same_prompt,tool_family,3,9,edit → edit → edit,160,0.016085251834724038,9947
project_vendor,eunomia.dev,codex,same_prompt,tool_family,3,10,shell → shell → edit,144,0.014476726651251633,9947
project_vendor,eunomia.dev,codex,same_prompt,tool_family,3,11,edit → shell → shell,117,0.011762340404141952,9947
project_vendor,eunomia.dev,codex,same_prompt,tool_family,3,12,shell → edit → shell,95,0.009550618276867397,9947
project_vendor,eunomia.dev,codex,same_prompt,tool_family,3,13,shell → shell → coordination,93,0.009349552628933347,9947
project_vendor,eunomia.dev,codex,same_prompt,tool_family,3,14,coordination → shell → shell,85,0.008545290037197145,9947
project_vendor,eunomia.dev,codex,same_prompt,tool_family,3,15,shell → coordination → shell,77,0.007741027445460943,9947
project_vendor,eunomia.dev,codex,same_prompt,tool_family,3,16,shell → edit → edit,77,0.007741027445460943,9947
project_vendor,eunomia.dev,codex,same_prompt,tool_family,3,17,edit → edit → shell,74,0.007439428973559867,9947
project_vendor,eunomia.dev,codex,same_prompt,tool_family,3,18,edit → shell → wait/control,41,0.004121845782648035,9947
project_vendor,eunomia.dev,codex,same_prompt,tool_family,3,19,coordination → coordination → shell,38,0.0038202473107469587,9947
project_vendor,eunomia.dev,codex,same_prompt,tool_family,3,20,edit → shell → edit,32,0.0032170503669448074,9947
project_vendor,eunomia.dev,codex,same_prompt,tool_family,3,21,shell → coordination → coordination,30,0.003015984719010757,9947
project_vendor,eunomia.dev,codex,same_prompt,tool_family,3,22,coordination → coordination → coordination,28,0.0028149190710767065,9947
project_vendor,eunomia.dev,codex,same_prompt,tool_family,3,23,coordination → shell → coordination,23,0.0023122549512415804,9947
project_vendor,eunomia.dev,codex,same_prompt,tool_family,3,24,plan/goal → shell → shell,16,0.0016085251834724037,9947
project_vendor,eunomia.dev,codex,same_prompt,tool_family,3,25,wait/control → edit → shell,16,0.0016085251834724037,9947
project_vendor,eunomia.dev,codex,same_prompt,tool_family,3,26,shell → shell → task,14,0.0014074595355383533,9947
project_vendor,eunomia.dev,codex,same_prompt,tool_family,3,27,task → shell → shell,14,0.0014074595355383533,9947
project_vendor,eunomia.dev,codex,same_prompt,tool_family,3,28,coordination → shell → wait/control,12,0.0012063938876043028,9947
project_vendor,eunomia.dev,codex,same_prompt,tool_family,3,29,shell → wait/control → coordination,11,0.0011058610636372776,9947
project_vendor,eunomia.dev,codex,same_prompt,tool_family,3,30,shell → wait/control → multimodal,11,0.0011058610636372776,9947
project_vendor,eunomia.dev,codex,same_prompt,tool_family,4,1,shell → shell → shell → shell,3704,0.38276325307429987,9677
project_vendor,eunomia.dev,codex,same_prompt,tool_family,4,2,wait/control → wait/control → wait/control → wait/control,1316,0.13599255967758603,9677
project_vendor,eunomia.dev,codex,same_prompt,tool_family,4,3,shell → wait/control → shell → wait/control,403,0.041645137955978094,9677
project_vendor,eunomia.dev,codex,same_prompt,tool_family,4,4,wait/control → shell → wait/control → shell,380,0.03926836829595949,9677
project_vendor,eunomia.dev,codex,same_prompt,tool_family,4,5,shell → shell → shell → wait/control,279,0.02883124935413868,9677
project_vendor,eunomia.dev,codex,same_prompt,tool_family,4,6,wait/control → shell → shell → shell,277,0.028624573731528366,9677
project_vendor,eunomia.dev,codex,same_prompt,tool_family,4,7,shell → wait/control → wait/control → wait/control,237,0.024491061279322105,9677
project_vendor,eunomia.dev,codex,same_prompt,tool_family,4,8,shell → shell → wait/control → shell,218,0.02252764286452413,9677
project_vendor,eunomia.dev,codex,same_prompt,tool_family,4,9,shell → wait/control → shell → shell,211,0.021804278185388035,9677
project_vendor,eunomia.dev,codex,same_prompt,tool_family,4,10,wait/control → wait/control → wait/control → shell,211,0.021804278185388035,9677
project_vendor,eunomia.dev,codex,same_prompt,tool_family,4,11,wait/control → wait/control → shell → shell,168,0.017360752299266303,9677
project_vendor,eunomia.dev,codex,same_prompt,tool_family,4,12,shell → shell → wait/control → wait/control,166,0.01715407667665599,9677
project_vendor,eunomia.dev,codex,same_prompt,tool_family,4,13,wait/control → shell → wait/control → wait/control,140,0.014467293582721918,9677
project_vendor,eunomia.dev,codex,same_prompt,tool_family,4,14,wait/control → wait/control → shell → wait/control,132,0.013640591092280666,9677
project_vendor,eunomia.dev,codex,same_prompt,tool_family,4,15,edit → edit → edit → edit,105,0.010850470187041439,9677
project_vendor,eunomia.dev,codex,same_prompt,tool_family,4,16,shell → shell → shell → edit,102,0.010540456753125968,9677
project_vendor,eunomia.dev,codex,same_prompt,tool_family,4,17,wait/control → shell → shell → wait/control,100,0.010333781130515656,9677
project_vendor,eunomia.dev,codex,same_prompt,tool_family,4,18,shell → wait/control → wait/control → shell,93,0.00961041645137956,9677
project_vendor,eunomia.dev,codex,same_prompt,tool_family,4,19,shell → shell → edit → shell,81,0.00837036271571768,9677
project_vendor,eunomia.dev,codex,same_prompt,tool_family,4,20,shell → shell → shell → coordination,76,0.007853673659191897,9677
project_vendor,eunomia.dev,codex,same_prompt,tool_family,4,21,edit → shell → shell → shell,74,0.007646998036581585,9677
project_vendor,eunomia.dev,codex,same_prompt,tool_family,4,22,coordination → shell → shell → shell,66,0.006820295546140333,9677
project_vendor,eunomia.dev,codex,same_prompt,tool_family,4,23,shell → edit → shell → shell,65,0.006716957734835176,9677
project_vendor,eunomia.dev,codex,same_prompt,tool_family,4,24,shell → shell → coordination → shell,61,0.00630360648961455,9677
project_vendor,eunomia.dev,codex,same_prompt,tool_family,4,25,shell → coordination → shell → shell,54,0.005580241810478454,9677
project_vendor,eunomia.dev,codex,same_prompt,tool_family,4,26,shell → shell → edit → edit,54,0.005580241810478454,9677
project_vendor,eunomia.dev,codex,same_prompt,tool_family,4,27,edit → edit → edit → shell,50,0.005166890565257828,9677
project_vendor,eunomia.dev,codex,same_prompt,tool_family,4,28,shell → edit → edit → edit,50,0.005166890565257828,9677
project_vendor,eunomia.dev,codex,same_prompt,tool_family,4,29,edit → edit → shell → shell,44,0.004546863697426889,9677
project_vendor,eunomia.dev,codex,same_prompt,tool_family,4,30,coordination → coordination → shell → shell,27,0.002790120905239227,9677
