project,worktree_id,interval_type,start_event_id,end_event_id,start_action_rank,end_action_rank,action_length,duration_ms,distinct_sessions,mutation_rows,mutated_artifacts,failed_attempts,observed_unknown_attempts,ending_co_observed_mutation_rows
agentsight,e58fce112c6e,left_censored,0630761f9a0109ed,9706fecc824f7f88,1,20,20,209313,1,0,0,0,0,0
agentsight,e58fce112c6e,complete,9706fecc824f7f88,3b4f7a2cec825645,20,30,10,88283,1,0,0,0,0,0
agentsight,e58fce112c6e,complete,3b4f7a2cec825645,c4e01a4c45bd6f06,30,31,1,4,1,0,0,0,0,0
agentsight,e58fce112c6e,complete,c4e01a4c45bd6f06,68a95cc5223bcf33,31,32,1,181,1,0,0,0,0,0
agentsight,e58fce112c6e,complete,68a95cc5223bcf33,9064e6f986b78694,32,33,1,4609,1,0,0,0,0,0
agentsight,e58fce112c6e,complete,9064e6f986b78694,28379fa2051746ad,33,282,249,7073933516,2,0,0,4,10,0
agentsight,e58fce112c6e,complete,28379fa2051746ad,d167d67a39667995,282,293,11,71296,1,0,0,0,1,0
agentsight,e58fce112c6e,complete,d167d67a39667995,bc6e88ccb6b0f875,293,341,48,287605,1,0,0,1,1,0
agentsight,e58fce112c6e,complete,bc6e88ccb6b0f875,3d53bd60875825c8,341,352,11,47215,1,0,0,0,1,0
agentsight,e58fce112c6e,complete,3d53bd60875825c8,2c77dce7f6df343c,352,363,11,53379,1,0,0,0,1,0
agentsight,e58fce112c6e,complete,2c77dce7f6df343c,fc0f54a4566d08ec,363,364,1,5453,1,0,0,0,0,0
agentsight,e58fce112c6e,complete,fc0f54a4566d08ec,9c25b9bc294f679e,364,393,29,160724,1,0,0,0,1,0
agentsight,e58fce112c6e,complete,9c25b9bc294f679e,e9e63bb14f1857c0,393,488,95,2492366,1,0,0,1,2,0
agentsight,e58fce112c6e,complete,e9e63bb14f1857c0,4b51e9a3e98eca18,488,550,62,378210,1,0,0,1,2,0
agentsight,e58fce112c6e,complete,4b51e9a3e98eca18,218bb346521e7ae4,550,608,58,195058,1,0,0,0,1,0
agentsight,e58fce112c6e,complete,218bb346521e7ae4,1b264c4ee36ab2ec,608,609,1,42,1,0,0,0,0,0
agentsight,e58fce112c6e,complete,1b264c4ee36ab2ec,4433076d27811cb1,609,630,21,127625,1,0,0,1,0,0
agentsight,e58fce112c6e,complete,4433076d27811cb1,ff0c8f9d56e33aea,630,684,54,362904,1,0,0,1,3,0
agentsight,e58fce112c6e,complete,ff0c8f9d56e33aea,09be6e3670d447c4,684,685,1,36,1,0,0,0,0,0
agentsight,e58fce112c6e,complete,09be6e3670d447c4,4a2c6c340af4fc85,685,686,1,0,1,0,0,0,0,0
agentsight,e58fce112c6e,complete,4a2c6c340af4fc85,c838f04e855db6b2,686,688,2,5302,1,0,0,1,0,0
agentsight,e58fce112c6e,complete,c838f04e855db6b2,946f75c3a77aae1b,688,755,67,3068878,1,0,0,1,4,0
agentsight,e58fce112c6e,complete,946f75c3a77aae1b,4229b001a986a7c0,755,761,6,13738,1,0,0,0,0,0
agentsight,e58fce112c6e,complete,4229b001a986a7c0,d562e4eb4435f554,761,782,21,525594,1,0,0,0,0,0
agentsight,e58fce112c6e,complete,d562e4eb4435f554,058348c700113c17,782,783,1,6436,1,0,0,0,0,0
agentsight,e58fce112c6e,complete,058348c700113c17,6541354e4d036873,783,933,150,1033430,1,0,0,1,6,0
agentsight,e58fce112c6e,complete,6541354e4d036873,228e4de2f9cb03b0,933,935,2,4138,1,0,0,0,0,0
agentsight,e58fce112c6e,complete,228e4de2f9cb03b0,ffe4c9ad25510233,935,1000,65,530532,1,0,0,1,8,0
agentsight,e58fce112c6e,complete,ffe4c9ad25510233,83e4095586e09757,1000,1193,193,5864077,1,0,0,3,9,0
agentsight,e58fce112c6e,complete,83e4095586e09757,4c440d9b64ff9ca9,1193,1225,32,301412,1,0,0,1,2,0
agentsight,e58fce112c6e,complete,4c440d9b64ff9ca9,2bfd6a963675eed2,1225,1226,1,0,1,0,0,0,0,0
agentsight,e58fce112c6e,complete,2bfd6a963675eed2,838beead7b8a9945,1226,1245,19,177602,1,0,0,0,2,0
agentsight,e58fce112c6e,complete,838beead7b8a9945,ecaa05c497b1d90f,1245,1689,444,447066664,4,0,0,3,16,0
agentsight,e58fce112c6e,complete,ecaa05c497b1d90f,306303197d3e56f0,1689,1720,31,227747,1,3,2,0,0,0
agentsight,e58fce112c6e,complete,306303197d3e56f0,ca9cfb0e55397dc0,1720,1721,1,13506,1,0,0,0,0,0
agentsight,e58fce112c6e,complete,ca9cfb0e55397dc0,1e4bb8bf833b0f88,1721,1722,1,729,1,0,0,0,0,0
agentsight,e58fce112c6e,complete,1e4bb8bf833b0f88,228251949b0a86e4,1722,1728,6,46488,1,1,1,0,0,0
agentsight,e58fce112c6e,complete,228251949b0a86e4,2c7016c95f65adc3,1728,1730,2,13236,1,1,1,0,0,0
agentsight,e58fce112c6e,complete,2c7016c95f65adc3,4f807065fe1c2d25,1730,1731,1,10324,1,0,0,0,0,0
agentsight,e58fce112c6e,complete,4f807065fe1c2d25,014b97caf319e0e8,1731,1737,6,40748,1,0,0,0,0,0
agentsight,e58fce112c6e,complete,014b97caf319e0e8,9f1d9e35d2d58799,1737,1762,25,497662,1,3,3,0,0,0
agentsight,e58fce112c6e,complete,9f1d9e35d2d58799,3d065d7bff8e21be,1762,1769,7,45678,1,3,1,0,0,0
agentsight,e58fce112c6e,complete,3d065d7bff8e21be,9cc4ee9b0ece9aca,1769,1771,2,8951,1,1,1,0,0,0
agentsight,e58fce112c6e,complete,9cc4ee9b0ece9aca,e1696dde2af657e4,1771,1772,1,5425,1,0,0,0,0,0
agentsight,e58fce112c6e,complete,e1696dde2af657e4,65385550617a439a,1772,1776,4,88276,1,1,1,0,0,0
agentsight,e58fce112c6e,complete,65385550617a439a,c46e8b116266fc15,1776,1785,9,411357,1,1,1,0,0,0
agentsight,e58fce112c6e,complete,c46e8b116266fc15,11a58ff51f71103d,1785,1791,6,49306,1,1,1,0,0,0
agentsight,e58fce112c6e,complete,11a58ff51f71103d,9595edf13f7e730b,1791,1938,147,1395091,1,2,2,0,0,0
agentsight,e58fce112c6e,complete,9595edf13f7e730b,c8f13da24abd2d56,1938,1939,1,5423,1,0,0,0,0,0
agentsight,e58fce112c6e,complete,c8f13da24abd2d56,107aa68a3e824d2c,1939,1940,1,6847,1,0,0,0,0,0
agentsight,e58fce112c6e,complete,107aa68a3e824d2c,b21b7d862558e825,1940,1950,10,75536,1,0,0,0,0,0
agentsight,e58fce112c6e,complete,b21b7d862558e825,f2431d5c7328dca6,1950,1978,28,1428786,1,4,1,0,0,0
agentsight,e58fce112c6e,complete,f2431d5c7328dca6,27e13379c6028faf,1978,1982,4,20143,1,2,1,1,0,0
agentsight,e58fce112c6e,complete,27e13379c6028faf,85351c2193dc91eb,1982,1983,1,5695,1,0,0,0,0,0
agentsight,e58fce112c6e,complete,85351c2193dc91eb,06d191a01e31ac3f,1983,2021,38,397253,1,8,1,0,0,0
agentsight,e58fce112c6e,complete,06d191a01e31ac3f,1f1e011e174560e2,2021,2026,5,26234,1,2,1,1,0,0
agentsight,e58fce112c6e,complete,1f1e011e174560e2,a4cb3a324fd715b2,2026,2027,1,4820,1,0,0,0,0,0
agentsight,e58fce112c6e,complete,a4cb3a324fd715b2,282c3c3c9aa1f4cf,2027,2033,6,22530,1,0,0,0,0,0
agentsight,e58fce112c6e,complete,282c3c3c9aa1f4cf,51937574bff43781,2033,2035,2,26508,1,0,0,0,0,0
agentsight,e58fce112c6e,complete,51937574bff43781,03b38c5660203979,2035,2083,48,1297233,1,10,1,0,0,0
agentsight,e58fce112c6e,complete,03b38c5660203979,8a3de9756a977fce,2083,2095,12,981606,1,2,1,0,0,0
agentsight,e58fce112c6e,complete,8a3de9756a977fce,f35941688936102f,2095,2102,7,27487,1,2,1,0,0,0
agentsight,e58fce112c6e,complete,f35941688936102f,f4f646e2fac1d5c7,2102,2105,3,13655,1,1,1,0,0,0
agentsight,e58fce112c6e,complete,f4f646e2fac1d5c7,bc4c5c148f025571,2105,2106,1,17224,1,0,0,0,0,0
agentsight,e58fce112c6e,complete,bc4c5c148f025571,31c472e2364c69c4,2106,2107,1,6411,1,0,0,0,0,0
agentsight,e58fce112c6e,complete,31c472e2364c69c4,e8b0cbb2e6076b9b,2107,2108,1,5737,1,0,0,0,0,0
agentsight,e58fce112c6e,complete,e8b0cbb2e6076b9b,ee04dd6a1b8206f3,2108,2109,1,5929,1,0,0,0,0,0
agentsight,e58fce112c6e,complete,ee04dd6a1b8206f3,c7fe645daf7dc676,2109,2114,5,22359,1,2,1,0,0,0
agentsight,e58fce112c6e,complete,c7fe645daf7dc676,9b88891404241748,2114,2115,1,7004,1,0,0,0,0,0
agentsight,e58fce112c6e,complete,9b88891404241748,347a7653432bfe19,2115,2150,35,477370,1,9,4,1,0,0
agentsight,e58fce112c6e,complete,347a7653432bfe19,0c9b579c629b64eb,2150,2151,1,6804,1,0,0,0,0,0
agentsight,e58fce112c6e,complete,0c9b579c629b64eb,3b0a938f3f084295,2151,2152,1,5669,1,0,0,0,0,0
agentsight,e58fce112c6e,complete,3b0a938f3f084295,b2390a74adfc57db,2152,2153,1,6884,1,0,0,0,0,0
agentsight,e58fce112c6e,complete,b2390a74adfc57db,d38280f418b78dd3,2153,2154,1,10141,1,0,0,0,0,0
agentsight,e58fce112c6e,complete,d38280f418b78dd3,052b4d993787ebcf,2154,2163,9,41765,1,6,1,0,0,0
agentsight,e58fce112c6e,complete,052b4d993787ebcf,b98d8956ec62effa,2163,2164,1,6915,1,0,0,0,0,0
agentsight,e58fce112c6e,complete,b98d8956ec62effa,c950580a676e86e9,2164,2166,2,18731,1,0,0,0,0,0
agentsight,e58fce112c6e,complete,c950580a676e86e9,75370bc3289fb7d3,2166,2172,6,1712833,1,2,1,0,0,0
agentsight,e58fce112c6e,complete,75370bc3289fb7d3,d399a257f3b71c82,2172,2173,1,7210,1,0,0,0,0,0
agentsight,e58fce112c6e,complete,d399a257f3b71c82,f01bbf5a6d5cf38b,2173,2174,1,5969,1,0,0,0,0,0
agentsight,e58fce112c6e,complete,f01bbf5a6d5cf38b,dc079f6c484c6145,2174,2181,7,34824,1,3,1,0,0,0
agentsight,e58fce112c6e,complete,dc079f6c484c6145,c11e845e7317d1f8,2181,2184,3,21049,1,0,0,0,0,0
agentsight,e58fce112c6e,complete,c11e845e7317d1f8,7a98d377e8dcf32e,2184,2185,1,7021,1,0,0,0,0,0
agentsight,e58fce112c6e,complete,7a98d377e8dcf32e,219fd76c8be568ec,2185,2186,1,7105,1,0,0,0,0,0
agentsight,e58fce112c6e,complete,219fd76c8be568ec,fb3e24f8b7b1bd01,2186,2190,4,23135,1,3,1,0,0,0
agentsight,e58fce112c6e,complete,fb3e24f8b7b1bd01,4ccad7637e9e33fb,2190,2203,13,361450,1,3,2,0,0,0
agentsight,e58fce112c6e,complete,4ccad7637e9e33fb,564a739342002a82,2203,2204,1,5466,1,0,0,0,0,0
agentsight,e58fce112c6e,complete,564a739342002a82,97d6d469fee7d88c,2204,2206,2,12762,1,1,1,0,0,0
agentsight,e58fce112c6e,complete,97d6d469fee7d88c,635c1e939bcf8ef1,2206,2211,5,39561,1,1,1,0,0,0
agentsight,e58fce112c6e,complete,635c1e939bcf8ef1,9f7e02482e644503,2211,2213,2,14778,1,0,0,0,0,0
agentsight,e58fce112c6e,complete,9f7e02482e644503,32def772bf9f8a8a,2213,2270,57,1260128,1,11,5,1,0,0
agentsight,e58fce112c6e,complete,32def772bf9f8a8a,7da7bd5b5a1aacec,2270,2271,1,6182,1,0,0,0,0,0
agentsight,e58fce112c6e,complete,7da7bd5b5a1aacec,4bf88c0b00b65055,2271,2272,1,6525,1,0,0,0,0,0
agentsight,e58fce112c6e,complete,4bf88c0b00b65055,9a1a9c966bbe7b90,2272,2273,1,11464,1,0,0,0,0,0
agentsight,e58fce112c6e,complete,9a1a9c966bbe7b90,cf6954ca440729b4,2273,2280,7,64686,1,0,0,0,0,0
agentsight,e58fce112c6e,complete,cf6954ca440729b4,ab72f0e6efb44748,2280,2291,11,52377,1,1,1,0,0,0
agentsight,e58fce112c6e,complete,ab72f0e6efb44748,f03e325404548e22,2291,2301,10,55616,1,2,2,0,0,0
agentsight,e58fce112c6e,complete,f03e325404548e22,f093f883061564eb,2301,2315,14,72983,1,2,2,0,0,0
agentsight,e58fce112c6e,complete,f093f883061564eb,72a893d2a5092e91,2315,2316,1,8290,1,0,0,0,0,0
agentsight,e58fce112c6e,complete,72a893d2a5092e91,af729984ad7ef79c,2316,2319,3,191307,1,0,0,0,0,0
agentsight,e58fce112c6e,complete,af729984ad7ef79c,77b7879747492918,2319,2329,10,51611,1,3,1,0,0,0
agentsight,e58fce112c6e,complete,77b7879747492918,53fa6ac97ff563bd,2329,2358,29,29196544,2,0,0,0,0,0
agentsight,e58fce112c6e,complete,53fa6ac97ff563bd,07dfda3a0ec92e77,2358,2580,222,30333118,8,0,0,0,0,0
agentsight,e58fce112c6e,complete,07dfda3a0ec92e77,7d4a236a6551c423,2580,2598,18,189391,5,0,0,0,0,0
agentsight,e58fce112c6e,complete,7d4a236a6551c423,84690bcc911bcaaf,2598,2631,33,218458,5,0,0,0,0,0
agentsight,e58fce112c6e,complete,84690bcc911bcaaf,dca45dc6c2af08a4,2631,2843,212,11653930,5,0,0,0,0,0
agentsight,e58fce112c6e,complete,dca45dc6c2af08a4,090a19caf4d0ca2c,2843,2932,89,532939,2,0,0,0,0,0
agentsight,e58fce112c6e,complete,090a19caf4d0ca2c,e4e092ee53672e5b,2932,2979,47,409162,2,0,0,6,0,0
agentsight,e58fce112c6e,complete,e4e092ee53672e5b,947824072cd50e9f,2979,2982,3,9486,1,0,0,2,0,0
agentsight,e58fce112c6e,complete,947824072cd50e9f,895eddb36079aa75,2982,2984,2,14735,1,0,0,0,0,0
agentsight,e58fce112c6e,complete,895eddb36079aa75,3ab291e7464052ff,2984,2985,1,10,1,0,0,0,0,0
agentsight,e58fce112c6e,complete,3ab291e7464052ff,f04f60a33ea8a8ce,2985,2986,1,20309,1,0,0,0,0,0
agentsight,e58fce112c6e,complete,f04f60a33ea8a8ce,d554bf5b95eb86d1,2986,2987,1,0,1,0,0,0,0,0
agentsight,e58fce112c6e,complete,d554bf5b95eb86d1,68dabaab0f15d590,2987,2988,1,14,1,0,0,0,0,0
agentsight,e58fce112c6e,complete,68dabaab0f15d590,112c815da66ec8e4,2988,2989,1,1,1,0,0,0,0,0
agentsight,e58fce112c6e,complete,112c815da66ec8e4,1749ce264cff443f,2989,3008,19,380070,1,0,0,0,0,0
agentsight,e58fce112c6e,complete,1749ce264cff443f,1b84206b556860c7,3008,3010,2,12554,1,0,0,1,0,0
agentsight,e58fce112c6e,complete,1b84206b556860c7,394f47307826549e,3010,3011,1,20,1,0,0,0,0,0
agentsight,e58fce112c6e,complete,394f47307826549e,092b05e7df04d158,3011,3012,1,0,1,0,0,0,0,0
agentsight,e58fce112c6e,complete,092b05e7df04d158,961dfcc9a1cd0063,3012,3013,1,0,1,0,0,0,0,0
agentsight,e58fce112c6e,complete,961dfcc9a1cd0063,1cc8303c232abdea,3013,3022,9,69674,1,0,0,0,0,0
agentsight,e58fce112c6e,complete,1cc8303c232abdea,f42a538d376c1aea,3022,3039,17,94401,1,0,0,0,0,0
agentsight,e58fce112c6e,complete,f42a538d376c1aea,37c5c8b5c01a5344,3039,3074,35,306303,1,0,0,1,0,0
agentsight,e58fce112c6e,complete,37c5c8b5c01a5344,18447485058383e0,3074,3141,67,416461,1,0,0,1,0,0
agentsight,e58fce112c6e,complete,18447485058383e0,ea08b514050626a5,3141,3142,1,7423,1,0,0,0,0,0
agentsight,e58fce112c6e,complete,ea08b514050626a5,34bc251e30d750b6,3142,3193,51,288887,2,0,0,0,0,0
agentsight,e58fce112c6e,complete,34bc251e30d750b6,85e87e2981d5be7a,3193,3194,1,0,1,0,0,0,0,0
agentsight,e58fce112c6e,complete,85e87e2981d5be7a,d0ddab5327e872ba,3194,3215,21,85231,2,0,0,0,0,0
agentsight,e58fce112c6e,complete,d0ddab5327e872ba,c817509006e02334,3215,3231,16,92101,2,0,0,0,0,0
agentsight,e58fce112c6e,complete,c817509006e02334,38c83977f672fbbd,3231,3275,44,170058,2,0,0,0,0,0
agentsight,e58fce112c6e,complete,38c83977f672fbbd,04b6d3a56f6d8128,3275,3277,2,12735,1,0,0,0,0,0
agentsight,e58fce112c6e,complete,04b6d3a56f6d8128,5c11df640ffe2610,3277,3297,20,111743,2,0,0,0,0,0
agentsight,e58fce112c6e,complete,5c11df640ffe2610,6451f6a2b188741c,3297,3307,10,17964,2,0,0,0,0,0
agentsight,e58fce112c6e,complete,6451f6a2b188741c,e26ee522fd74368f,3307,3309,2,4773,1,0,0,0,0,0
agentsight,e58fce112c6e,complete,e26ee522fd74368f,57e50ffa355670c5,3309,3338,29,631560,2,0,0,0,0,0
agentsight,e58fce112c6e,complete,57e50ffa355670c5,03b50fd8fe231c8b,3338,3343,5,22098,1,0,0,0,0,0
agentsight,e58fce112c6e,complete,03b50fd8fe231c8b,15b520102b20cc97,3343,3348,5,18947,1,0,0,0,0,0
agentsight,e58fce112c6e,complete,15b520102b20cc97,5b0c547a09b042f5,3348,3463,115,1250474,2,0,0,0,0,0
agentsight,e58fce112c6e,complete,5b0c547a09b042f5,4ba1a226bf467498,3463,3465,2,6605,1,0,0,0,0,0
agentsight,e58fce112c6e,complete,4ba1a226bf467498,50d46351b5f2913c,3465,3472,7,35816,1,0,0,0,0,0
agentsight,e58fce112c6e,complete,50d46351b5f2913c,9bdf7760df428aeb,3472,3525,53,325361,2,0,0,0,0,0
agentsight,e58fce112c6e,complete,9bdf7760df428aeb,11933fed8da6dee4,3525,3533,8,34372,1,0,0,0,0,0
agentsight,e58fce112c6e,complete,11933fed8da6dee4,3dde4fa6bf937352,3533,3537,4,22833,1,0,0,0,0,0
agentsight,e58fce112c6e,complete,3dde4fa6bf937352,4e194322e9097076,3537,3540,3,21593,1,0,0,0,0,0
agentsight,e58fce112c6e,complete,4e194322e9097076,c68fe0bd8c736793,3540,3581,41,36747644,2,0,0,0,0,0
agentsight,e58fce112c6e,complete,c68fe0bd8c736793,e33c18c1f649b04f,3581,3642,61,755687,2,0,0,2,0,0
agentsight,e58fce112c6e,complete,e33c18c1f649b04f,ec97b489fe2a24e1,3642,3655,13,65535,1,0,0,0,0,0
agentsight,e58fce112c6e,complete,ec97b489fe2a24e1,d1ba9bb7a2c08cad,3655,3656,1,1,1,0,0,0,0,0
agentsight,e58fce112c6e,complete,d1ba9bb7a2c08cad,0b15db10a980af20,3656,3666,10,66499,1,0,0,0,0,0
agentsight,e58fce112c6e,complete,0b15db10a980af20,88505bc828a44705,3666,3673,7,50114,1,0,0,0,0,0
agentsight,e58fce112c6e,complete,88505bc828a44705,48c09a0781a49b27,3673,3682,9,22227,2,0,0,0,0,0
agentsight,e58fce112c6e,complete,48c09a0781a49b27,4504a1eb188a3a01,3682,3683,1,1,1,0,0,0,0,0
agentsight,e58fce112c6e,complete,4504a1eb188a3a01,00c22bb38fba8dc2,3683,3726,43,478717,2,3,3,0,0,0
agentsight,e58fce112c6e,complete,00c22bb38fba8dc2,4ae47222ad75669a,3726,3803,77,725547,2,1,1,0,0,0
agentsight,e58fce112c6e,complete,4ae47222ad75669a,a7dd4f39376968ea,3803,3947,144,11970729,3,0,0,1,0,0
agentsight,e58fce112c6e,complete,a7dd4f39376968ea,e2229ec63c993f61,3947,3994,47,152571,2,0,0,1,0,0
agentsight,e58fce112c6e,complete,e2229ec63c993f61,167bbe559d97a054,3994,3997,3,11931,2,0,0,0,0,0
agentsight,e58fce112c6e,complete,167bbe559d97a054,c6518a9e5e6c5323,3997,3998,1,8,1,0,0,0,0,0
agentsight,e58fce112c6e,complete,c6518a9e5e6c5323,bc20c153f9d0cfce,3998,3999,1,10998,1,0,0,0,0,0
agentsight,e58fce112c6e,complete,bc20c153f9d0cfce,3e4753a074795e18,3999,4030,31,128870,2,0,0,0,0,0
agentsight,e58fce112c6e,complete,3e4753a074795e18,d668eec3a6257c3f,4030,4032,2,13557,1,0,0,0,0,0
agentsight,e58fce112c6e,complete,d668eec3a6257c3f,c9f4613953ec3b9a,4032,4033,1,0,1,0,0,0,0,0
agentsight,e58fce112c6e,complete,c9f4613953ec3b9a,6e84e00dfab337db,4033,4037,4,13731,2,0,0,0,0,0
agentsight,e58fce112c6e,complete,6e84e00dfab337db,823b05f04017a1c7,4037,4039,2,13350,1,0,0,0,0,0
agentsight,e58fce112c6e,complete,823b05f04017a1c7,e40d71d18390d0a4,4039,4040,1,0,1,0,0,0,0,0
agentsight,e58fce112c6e,complete,e40d71d18390d0a4,b7c3cf795c94d84d,4040,4096,56,966010,2,0,0,1,0,0
agentsight,e58fce112c6e,complete,b7c3cf795c94d84d,279b1e5e79064032,4096,4109,13,78038,2,0,0,0,0,0
agentsight,e58fce112c6e,complete,279b1e5e79064032,5be6408365e43287,4109,4134,25,160834,1,0,0,1,0,0
agentsight,e58fce112c6e,complete,5be6408365e43287,5cdfa8e56ac698a6,4134,4141,7,83833,1,0,0,0,0,0
agentsight,e58fce112c6e,complete,5cdfa8e56ac698a6,73d9466ea2eb20b3,4141,4149,8,32538,1,0,0,0,0,0
agentsight,e58fce112c6e,complete,73d9466ea2eb20b3,964fc5aa4c712017,4149,4150,1,1,1,0,0,0,0,0
agentsight,e58fce112c6e,complete,964fc5aa4c712017,2fe0656be76f6601,4150,4151,1,39,1,0,0,0,0,0
agentsight,e58fce112c6e,complete,2fe0656be76f6601,2a4275903506f468,4151,4159,8,42240,1,0,0,1,0,0
agentsight,e58fce112c6e,complete,2a4275903506f468,bc849ccb39de9aab,4159,4160,1,1,1,0,0,0,0,0
agentsight,e58fce112c6e,complete,bc849ccb39de9aab,c661f5b4540a0095,4160,4164,4,23260,1,0,0,0,0,0
agentsight,e58fce112c6e,complete,c661f5b4540a0095,3cc8503b9a285e5c,4164,4165,1,43,1,0,0,0,0,0
agentsight,e58fce112c6e,complete,3cc8503b9a285e5c,2066a8dcd461e995,4165,4166,1,0,1,0,0,0,0,0
agentsight,e58fce112c6e,complete,2066a8dcd461e995,103d4a1b508d3315,4166,4226,60,1187371,2,0,0,2,0,0
agentsight,e58fce112c6e,complete,103d4a1b508d3315,25243a8990dd753c,4226,4229,3,16205,1,0,0,0,0,0
agentsight,e58fce112c6e,complete,25243a8990dd753c,ea008d3275248716,4229,4230,1,43,1,0,0,0,0,0
agentsight,e58fce112c6e,complete,ea008d3275248716,fbbb5813a1193142,4230,4234,4,26779,1,0,0,0,0,0
agentsight,e58fce112c6e,complete,fbbb5813a1193142,9c54b859a5a23814,4234,4237,3,20028,1,0,0,0,0,0
agentsight,e58fce112c6e,complete,9c54b859a5a23814,41c935b721c29548,4237,4238,1,0,1,0,0,0,0,0
agentsight,e58fce112c6e,complete,41c935b721c29548,c92a6850244018b1,4238,4242,4,13931,1,0,0,0,0,0
agentsight,e58fce112c6e,complete,c92a6850244018b1,b1e8edfde3ae2bcd,4242,4319,77,623490,2,0,0,1,0,0
agentsight,e58fce112c6e,complete,b1e8edfde3ae2bcd,489cb7c9a753e146,4319,4320,1,7096,1,0,0,0,0,0
agentsight,e58fce112c6e,complete,489cb7c9a753e146,cfa981d3857b91f3,4320,4321,1,8063,1,0,0,0,0,0
agentsight,e58fce112c6e,complete,cfa981d3857b91f3,2a6cfa04f2c8ce4e,4321,4333,12,88849,1,0,0,0,0,0
agentsight,e58fce112c6e,complete,2a6cfa04f2c8ce4e,bca07bcd98f5bcfd,4333,4334,1,0,1,0,0,0,0,0
agentsight,e58fce112c6e,complete,bca07bcd98f5bcfd,17e9f94b00b680a2,4334,4335,1,8713,1,0,0,0,0,0
agentsight,e58fce112c6e,complete,17e9f94b00b680a2,bfeb1666209f5ea8,4335,4337,2,10878,1,0,0,0,0,0
agentsight,e58fce112c6e,complete,bfeb1666209f5ea8,3a798bde88afa4ea,4337,4357,20,91600,1,0,0,0,0,0
agentsight,e58fce112c6e,complete,3a798bde88afa4ea,1cfd21f09b3d7156,4357,4358,1,0,1,0,0,0,0,0
agentsight,e58fce112c6e,complete,1cfd21f09b3d7156,bba923bad01a5f52,4358,4359,1,10352,1,0,0,0,0,0
agentsight,e58fce112c6e,complete,bba923bad01a5f52,6ce28b6ee683144c,4359,4360,1,2,1,0,0,0,0,0
agentsight,e58fce112c6e,complete,6ce28b6ee683144c,b3dd98e68ae83625,4360,4501,141,1421527,2,0,0,1,0,0
agentsight,e58fce112c6e,complete,b3dd98e68ae83625,593ea126b61c6a33,4501,4549,48,160341,2,0,0,5,0,0
agentsight,e58fce112c6e,complete,593ea126b61c6a33,df47e40b0d3abe6a,4549,4561,12,54619,2,0,0,1,0,0
agentsight,e58fce112c6e,complete,df47e40b0d3abe6a,9713c7959b7b0631,4561,4583,22,123691,2,0,0,4,0,0
agentsight,e58fce112c6e,complete,9713c7959b7b0631,33340c671252aa26,4583,4601,18,29564,2,0,0,1,0,0
agentsight,e58fce112c6e,complete,33340c671252aa26,c23cf41476973498,4601,4605,4,9714,2,0,0,0,0,0
agentsight,e58fce112c6e,complete,c23cf41476973498,86fd2201187d6a5a,4605,4612,7,35028,2,0,0,0,0,0
agentsight,e58fce112c6e,complete,86fd2201187d6a5a,8f814615a4af745f,4612,4618,6,11747,2,0,0,0,0,0
agentsight,e58fce112c6e,complete,8f814615a4af745f,e4466afb33925a2e,4618,4620,2,33,1,0,0,1,0,0
agentsight,e58fce112c6e,complete,e4466afb33925a2e,0084900f49268643,4620,4628,8,29358,2,0,0,1,0,0
agentsight,e58fce112c6e,complete,0084900f49268643,3e96d67026a83633,4628,4629,1,10180,1,0,0,0,0,0
agentsight,e58fce112c6e,complete,3e96d67026a83633,07ced1085da47452,4629,4643,14,33520,2,0,0,0,0,0
agentsight,e58fce112c6e,complete,07ced1085da47452,760b0c56e4196d5e,4643,4645,2,8209,1,0,0,0,0,0
agentsight,e58fce112c6e,complete,760b0c56e4196d5e,1b844c56f65107ec,4645,4648,3,4959,1,0,0,0,0,0
agentsight,e58fce112c6e,complete,1b844c56f65107ec,fe2c76cc6816b3a0,4648,4649,1,2430,1,0,0,0,0,0
agentsight,e58fce112c6e,complete,fe2c76cc6816b3a0,aff736298bbf1e99,4649,4662,13,35658,2,0,0,0,0,0
agentsight,e58fce112c6e,complete,aff736298bbf1e99,22ce51745a42561d,4662,4687,25,101005,2,0,0,0,0,0
agentsight,e58fce112c6e,complete,22ce51745a42561d,92f2ada3363170ad,4687,4688,1,0,1,0,0,0,0,0
agentsight,e58fce112c6e,complete,92f2ada3363170ad,ba7de2739e7a0d2c,4688,4757,69,499230,2,0,0,0,0,0
agentsight,e58fce112c6e,complete,ba7de2739e7a0d2c,97e72f9210325bc7,4757,4897,140,914541,2,0,0,0,0,0
agentsight,e58fce112c6e,complete,97e72f9210325bc7,0a825a9d45ca8153,4897,4901,4,19432,2,0,0,0,0,0
agentsight,e58fce112c6e,complete,0a825a9d45ca8153,0524719a44757605,4901,5066,165,875968,2,4,4,0,0,0
agentsight,e58fce112c6e,complete,0524719a44757605,f894ff48219593c2,5066,5072,6,17690,1,0,0,0,0,0
agentsight,e58fce112c6e,complete,f894ff48219593c2,4725b8c937fd6e3d,5072,5076,4,23024,2,0,0,0,0,0
agentsight,e58fce112c6e,complete,4725b8c937fd6e3d,f0e73964e09139df,5076,5077,1,14493,1,0,0,0,0,0
agentsight,e58fce112c6e,complete,f0e73964e09139df,4383460073ff794e,5077,5080,3,36829,2,0,0,0,0,0
agentsight,e58fce112c6e,complete,4383460073ff794e,fcc3b16fccf89cc2,5080,5088,8,76811,2,0,0,0,0,0
agentsight,e58fce112c6e,complete,fcc3b16fccf89cc2,e83f489d34d4396a,5088,5118,30,164187,2,3,3,0,0,0
agentsight,e58fce112c6e,complete,e83f489d34d4396a,cfad745c64436e52,5118,5119,1,5090,1,0,0,0,0,0
agentsight,e58fce112c6e,complete,cfad745c64436e52,fb02394ff52f7bb2,5119,5132,13,46240,2,3,3,0,0,0
agentsight,e58fce112c6e,complete,fb02394ff52f7bb2,be1d982b6e2797f0,5132,5133,1,3784,1,0,0,0,0,0
agentsight,e58fce112c6e,complete,be1d982b6e2797f0,30f9e21b1558e8aa,5133,5156,23,420029,2,3,3,0,0,0
agentsight,e58fce112c6e,complete,30f9e21b1558e8aa,e5c01d4fc2843a4b,5156,5221,65,1118270,2,3,3,0,0,0
agentsight,e58fce112c6e,complete,e5c01d4fc2843a4b,ff96d887175b8f7a,5221,5222,1,0,1,0,0,0,0,0
agentsight,e58fce112c6e,complete,ff96d887175b8f7a,564f1895c85b26d9,5222,5223,1,0,1,0,0,0,0,0
agentsight,e58fce112c6e,complete,564f1895c85b26d9,5790ecaa40aefe40,5223,5224,1,38655,1,0,0,0,0,0
agentsight,e58fce112c6e,complete,5790ecaa40aefe40,3104e98d7a9bdc28,5224,5225,1,0,1,0,0,0,0,0
agentsight,e58fce112c6e,complete,3104e98d7a9bdc28,267bdf4cfd3543ea,5225,5254,29,187068,2,3,3,0,0,0
agentsight,e58fce112c6e,complete,267bdf4cfd3543ea,2bcc8354f393bd22,5254,5256,2,9343,1,0,0,1,0,0
agentsight,e58fce112c6e,complete,2bcc8354f393bd22,cc52a2ab975994b1,5256,5257,1,0,1,0,0,0,0,0
agentsight,e58fce112c6e,complete,cc52a2ab975994b1,e401014b71cdb72d,5257,5259,2,17621,1,0,0,0,0,0
agentsight,e58fce112c6e,complete,e401014b71cdb72d,01b899caff91a809,5259,5260,1,3,1,0,0,0,0,0
agentsight,e58fce112c6e,complete,01b899caff91a809,b8363fd9d749b443,5260,5325,65,8788362,2,3,3,1,1,0
agentsight,e58fce112c6e,complete,b8363fd9d749b443,049aa94e17868e15,5325,5326,1,10,1,0,0,0,0,0
agentsight,e58fce112c6e,complete,049aa94e17868e15,aa527cf84c8b18da,5326,5327,1,1,1,0,0,0,0,0
agentsight,e58fce112c6e,complete,aa527cf84c8b18da,99ed2a284244c750,5327,5350,23,143370,2,0,0,0,0,0
agentsight,e58fce112c6e,complete,99ed2a284244c750,be0f56972b9914bb,5350,5397,47,314632,3,0,0,0,0,0
agentsight,e58fce112c6e,complete,be0f56972b9914bb,c2a0d1f51e424dd9,5397,5447,50,99366,2,0,0,0,0,0
agentsight,e58fce112c6e,complete,c2a0d1f51e424dd9,6ddc418d5cbb9169,5447,5495,48,155259,2,0,0,0,0,0
agentsight,e58fce112c6e,complete,6ddc418d5cbb9169,c5253acbded0da15,5495,5501,6,48520,2,0,0,0,0,0
agentsight,e58fce112c6e,complete,c5253acbded0da15,25ce3be05986c0fd,5501,5502,1,8,1,0,0,0,0,0
agentsight,e58fce112c6e,complete,25ce3be05986c0fd,a3e8868bc979f58c,5502,5514,12,44786,2,0,0,3,0,0
agentsight,e58fce112c6e,complete,a3e8868bc979f58c,3f9acdd1d3d6f229,5514,5516,2,15521,1,0,0,0,0,0
agentsight,e58fce112c6e,complete,3f9acdd1d3d6f229,52ee3d020a78c78e,5516,5522,6,39371,2,0,0,0,0,0
agentsight,e58fce112c6e,complete,52ee3d020a78c78e,ca2a35a3dc0a9bef,5522,5541,19,111396,2,0,0,0,0,0
agentsight,e58fce112c6e,complete,ca2a35a3dc0a9bef,d774a8ffec6c679b,5541,5569,28,203631,1,1,1,0,0,0
agentsight,e58fce112c6e,complete,d774a8ffec6c679b,d378c089c30b0418,5569,5571,2,92051,1,0,0,0,0,0
agentsight,e58fce112c6e,complete,d378c089c30b0418,4b5b2ffebbdb5ed9,5571,5638,67,267222,2,0,0,1,0,0
agentsight,e58fce112c6e,complete,4b5b2ffebbdb5ed9,56638924c9a7e55d,5638,5654,16,59170,2,0,0,2,0,0
agentsight,e58fce112c6e,complete,56638924c9a7e55d,fb42c7ef6ed9abdd,5654,5711,57,279566,2,1,1,0,0,0
agentsight,e58fce112c6e,complete,fb42c7ef6ed9abdd,74f5d7444d2e2284,5711,5750,39,369868,2,0,0,0,1,0
agentsight,e58fce112c6e,complete,74f5d7444d2e2284,e37d4d1fa1092615,5750,5752,2,32211,1,0,0,0,0,0
agentsight,e58fce112c6e,complete,e37d4d1fa1092615,3f61b0238269e8d6,5752,5753,1,10,1,0,0,0,0,0
agentsight,e58fce112c6e,complete,3f61b0238269e8d6,8642e9981a10f38c,5753,5886,133,6310659,2,9,8,1,0,0
agentsight,e58fce112c6e,complete,8642e9981a10f38c,f5c29481c4fb8c4c,5886,5888,2,22694,1,0,0,0,0,0
agentsight,e58fce112c6e,complete,f5c29481c4fb8c4c,72e0a8d16bd7fcac,5888,5899,11,94473,1,0,0,0,0,0
agentsight,e58fce112c6e,complete,72e0a8d16bd7fcac,e86da44c2c5f94b2,5899,5900,1,0,1,0,0,0,0,0
agentsight,e58fce112c6e,complete,e86da44c2c5f94b2,061b64b0382bcc8d,5900,6119,219,2246929,2,0,0,0,0,0
agentsight,e58fce112c6e,complete,061b64b0382bcc8d,10ae276611f9b00f,6119,6124,5,28392,1,0,0,1,0,0
agentsight,e58fce112c6e,complete,10ae276611f9b00f,aa84f98f9d51b717,6124,6142,18,145518,1,0,0,0,0,0
agentsight,e58fce112c6e,complete,aa84f98f9d51b717,ab3302601c522c6d,6142,6143,1,23777,1,0,0,0,0,0
agentsight,e58fce112c6e,complete,ab3302601c522c6d,cf81bbe686aea71a,6143,6152,9,65405,1,0,0,1,0,0
agentsight,e58fce112c6e,complete,cf81bbe686aea71a,93bf13f39b9ead9c,6152,6154,2,19499,1,0,0,0,0,0
agentsight,e58fce112c6e,complete,93bf13f39b9ead9c,90a37936a4cebaca,6154,6190,36,298026,1,0,0,1,0,0
agentsight,e58fce112c6e,complete,90a37936a4cebaca,5d4dafa63f998874,6190,6191,1,2,1,0,0,0,0,0
agentsight,e58fce112c6e,complete,5d4dafa63f998874,5343387255f0f890,6191,6203,12,116237,1,0,0,1,0,0
agentsight,e58fce112c6e,complete,5343387255f0f890,49eb9c55e390bf61,6203,6210,7,76028,1,0,0,0,0,0
agentsight,e58fce112c6e,complete,49eb9c55e390bf61,f35dff8234764b3a,6210,6251,41,715637,2,0,0,0,0,0
agentsight,e58fce112c6e,complete,f35dff8234764b3a,ece90a393a2e6f47,6251,6374,123,1130741,1,0,0,1,0,0
agentsight,e58fce112c6e,complete,ece90a393a2e6f47,6117da40c2334e01,6374,6379,5,47014,1,0,0,1,0,0
agentsight,e58fce112c6e,complete,6117da40c2334e01,fa4ab49603bd7f40,6379,6384,5,45485,1,0,0,0,0,0
agentsight,e58fce112c6e,complete,fa4ab49603bd7f40,d9acecae148b08ba,6384,6387,3,35486,1,0,0,0,0,0
agentsight,e58fce112c6e,complete,d9acecae148b08ba,ddf6ddf2b6922c82,6387,6506,119,1342694,1,0,0,0,0,0
agentsight,e58fce112c6e,complete,ddf6ddf2b6922c82,8172245d5f7d8c47,6506,6507,1,15091,1,0,0,0,0,0
agentsight,e58fce112c6e,complete,8172245d5f7d8c47,6e00fd647f0c9d91,6507,6508,1,22043,1,0,0,0,0,0
agentsight,e58fce112c6e,complete,6e00fd647f0c9d91,ced90032b700a6f2,6508,6531,23,219805,1,0,0,0,1,0
agentsight,e58fce112c6e,complete,ced90032b700a6f2,2578601fcf73f5aa,6531,6553,22,185977,1,0,0,0,0,0
agentsight,e58fce112c6e,complete,2578601fcf73f5aa,034d703eddfcae52,6553,6554,1,0,1,0,0,0,0,0
agentsight,e58fce112c6e,complete,034d703eddfcae52,d4a959f90f5003ce,6554,6555,1,8,1,0,0,0,0,0
agentsight,e58fce112c6e,complete,d4a959f90f5003ce,bd43116ba3c7b3bf,6555,6574,19,156576,1,0,0,0,0,0
agentsight,e58fce112c6e,complete,bd43116ba3c7b3bf,d6a3420dedb5b32b,6574,6607,33,244202,1,0,0,1,0,0
agentsight,e58fce112c6e,complete,d6a3420dedb5b32b,50084d8f13c40056,6607,6608,1,0,1,0,0,0,0,0
agentsight,e58fce112c6e,complete,50084d8f13c40056,1c47820db517c04f,6608,6609,1,9264,1,0,0,0,0,0
agentsight,e58fce112c6e,complete,1c47820db517c04f,2dcc4020f3b21520,6609,6626,17,133508,1,0,0,0,0,0
agentsight,e58fce112c6e,complete,2dcc4020f3b21520,9bdb30c8d1f98c05,6626,6641,15,219330,1,0,0,0,0,0
agentsight,e58fce112c6e,complete,9bdb30c8d1f98c05,02893975eb279610,6641,6642,1,13356,1,0,0,0,0,0
agentsight,e58fce112c6e,complete,02893975eb279610,f608c319e466773e,6642,6670,28,360678,1,0,0,0,0,0
agentsight,e58fce112c6e,complete,f608c319e466773e,fc88b44b51d5bdc0,6670,6695,25,275592,4,0,0,0,0,0
agentsight,e58fce112c6e,complete,fc88b44b51d5bdc0,546a3585ce03bad7,6695,6696,1,10147,1,0,0,0,0,0
agentsight,e58fce112c6e,complete,546a3585ce03bad7,c4a44270b8206baf,6696,6719,23,234655,2,0,0,0,0,0
agentsight,e58fce112c6e,complete,c4a44270b8206baf,ba44a5e40e843e1f,6719,6720,1,8641,1,0,0,0,0,0
agentsight,e58fce112c6e,complete,ba44a5e40e843e1f,109781e3627a91f7,6720,6724,4,109869,1,0,0,0,1,0
agentsight,e58fce112c6e,complete,109781e3627a91f7,bc531992ad1f7f4b,6724,6764,40,307889,1,0,0,0,0,0
agentsight,e58fce112c6e,complete,bc531992ad1f7f4b,81a5210688d2157e,6764,6772,8,48020,1,0,0,0,0,0
agentsight,e58fce112c6e,complete,81a5210688d2157e,ba1263c5299ab525,6772,6782,10,78301,1,0,0,0,0,0
agentsight,e58fce112c6e,complete,ba1263c5299ab525,de7e147d416fbfa5,6782,6813,31,179718,1,0,0,0,0,0
agentsight,e58fce112c6e,complete,de7e147d416fbfa5,560b243c7f7f0432,6813,6814,1,8524,1,0,0,0,0,0
agentsight,e58fce112c6e,complete,560b243c7f7f0432,93d8817f98c9771f,6814,6835,21,208642,1,0,0,0,1,0
agentsight,e58fce112c6e,complete,93d8817f98c9771f,6df937708d1f4213,6835,6836,1,9755,1,0,0,0,0,0
agentsight,e58fce112c6e,complete,6df937708d1f4213,31817acd6595187b,6836,6914,78,26842383,4,0,0,0,0,0
agentsight,e58fce112c6e,complete,31817acd6595187b,473b9915eda378bf,6914,6916,2,207,1,0,0,0,0,0
agentsight,e58fce112c6e,complete,473b9915eda378bf,a5653bae6066882f,6916,7122,206,1315787,2,0,0,0,0,0
agentsight,e58fce112c6e,complete,a5653bae6066882f,ee97ad715fc9d4ed,7122,7126,4,22737,1,0,0,0,0,0
agentsight,e58fce112c6e,complete,ee97ad715fc9d4ed,592e1b8053596eca,7126,7128,2,24855,1,0,0,0,0,0
agentsight,e58fce112c6e,complete,592e1b8053596eca,6632ea9128321056,7128,7129,1,47,1,0,0,0,0,0
agentsight,e58fce112c6e,complete,6632ea9128321056,c8337bb39975a813,7129,7145,16,165274,1,0,0,0,0,0
agentsight,e58fce112c6e,complete,c8337bb39975a813,ac0cff757bfb6741,7145,7146,1,5776,1,0,0,0,0,0
agentsight,e58fce112c6e,complete,ac0cff757bfb6741,66c6a78f604054d7,7146,7183,37,549187,2,0,0,0,0,0
agentsight,e58fce112c6e,complete,66c6a78f604054d7,7e853b975d31b5ab,7183,7184,1,10861,1,0,0,0,0,0
agentsight,e58fce112c6e,complete,7e853b975d31b5ab,0429cf4feabbb801,7184,7274,90,1581007,1,0,0,3,0,0
agentsight,e58fce112c6e,complete,0429cf4feabbb801,6342f76f56d31dd9,7274,7309,35,254423,1,0,0,0,0,0
agentsight,e58fce112c6e,complete,6342f76f56d31dd9,f7adb33bdef2207e,7309,7323,14,62260,1,0,0,0,0,0
agentsight,e58fce112c6e,complete,f7adb33bdef2207e,0d8617008329eeb1,7323,7335,12,64629,1,0,0,0,0,0
agentsight,e58fce112c6e,complete,0d8617008329eeb1,c073ec140235cc76,7335,7374,39,392717,1,0,0,0,0,0
agentsight,e58fce112c6e,complete,c073ec140235cc76,4c89566efefde8c9,7374,7498,124,521920,2,0,0,0,0,0
agentsight,e58fce112c6e,complete,4c89566efefde8c9,3bc915f05913087b,7498,7527,29,192041,2,0,0,0,0,0
agentsight,e58fce112c6e,complete,3bc915f05913087b,d51ce2e33ba6abea,7527,7575,48,846927,2,0,0,0,0,0
agentsight,e58fce112c6e,complete,d51ce2e33ba6abea,18989573245d7e9f,7575,7674,99,3387974,3,2,1,0,0,0
agentsight,e58fce112c6e,complete,18989573245d7e9f,e872ba749218fda9,7674,7686,12,129246,1,0,0,2,0,0
agentsight,e58fce112c6e,complete,e872ba749218fda9,c09cfa1e6b73c0f7,7686,7751,65,190022,1,0,0,0,0,0
agentsight,e58fce112c6e,complete,c09cfa1e6b73c0f7,fa346a7a23c0c1f9,7751,7767,16,36279,1,0,0,0,0,0
agentsight,e58fce112c6e,complete,fa346a7a23c0c1f9,fa157c8daaeab586,7767,7799,32,188970,1,0,0,0,0,0
agentsight,e58fce112c6e,complete,fa157c8daaeab586,3be88ce748727606,7799,7807,8,64297,1,0,0,0,0,0
agentsight,e58fce112c6e,complete,3be88ce748727606,dc3717d1e75594fb,7807,7835,28,217986,1,0,0,0,0,0
agentsight,e58fce112c6e,complete,dc3717d1e75594fb,a561a52c2cf23a4f,7835,7838,3,20421,1,0,0,0,0,0
agentsight,e58fce112c6e,complete,a561a52c2cf23a4f,f1f77191025ab571,7838,7843,5,65791,1,0,0,1,0,0
agentsight,e58fce112c6e,complete,f1f77191025ab571,0a42fd63fc92ea14,7843,7854,11,38087,1,0,0,0,0,0
agentsight,e58fce112c6e,complete,0a42fd63fc92ea14,5b74a0a50c0c0f73,7854,7858,4,33160,1,0,0,0,0,0
agentsight,e58fce112c6e,complete,5b74a0a50c0c0f73,0e6ee5ae0a6b8f0c,7858,7864,6,36745,1,0,0,0,0,0
agentsight,e58fce112c6e,complete,0e6ee5ae0a6b8f0c,dee2d2db0c528e5d,7864,7892,28,491306,1,0,0,1,0,0
agentsight,e58fce112c6e,complete,dee2d2db0c528e5d,1247f3f215334771,7892,7893,1,11063,1,0,0,0,0,0
agentsight,e58fce112c6e,complete,1247f3f215334771,92ea3080c8b8a19c,7893,7952,59,477379,1,0,0,2,0,0
agentsight,e58fce112c6e,complete,92ea3080c8b8a19c,04b166f063e40458,7952,7958,6,76793,1,0,0,0,0,0
agentsight,e58fce112c6e,complete,04b166f063e40458,74bba82e630f841a,7958,7965,7,59625,1,0,0,0,0,0
agentsight,e58fce112c6e,complete,74bba82e630f841a,848188ca116e964e,7965,7973,8,70919,1,0,0,0,0,0
agentsight,e58fce112c6e,complete,848188ca116e964e,5164343be79df0f3,7973,7988,15,100012,1,0,0,1,0,0
agentsight,e58fce112c6e,complete,5164343be79df0f3,73f0fd0b9fc783b1,7988,8003,15,583633,2,0,0,0,0,0
agentsight,e58fce112c6e,complete,73f0fd0b9fc783b1,d1cf949abcf52d00,8003,8004,1,2323,1,0,0,0,0,0
agentsight,e58fce112c6e,complete,d1cf949abcf52d00,d7aea777eff86fb9,8004,8007,3,227997,1,0,0,0,0,0
agentsight,e58fce112c6e,complete,d7aea777eff86fb9,97c1e0f5e7771415,8007,8008,1,23283,1,0,0,0,0,0
agentsight,e58fce112c6e,complete,97c1e0f5e7771415,0b5b9b64cc7ce603,8008,8009,1,47,1,0,0,0,0,0
agentsight,e58fce112c6e,complete,0b5b9b64cc7ce603,22cbdc07e7c151e0,8009,8010,1,0,1,0,0,0,0,0
agentsight,e58fce112c6e,complete,22cbdc07e7c151e0,807606b57770d0d3,8010,8026,16,146945,1,2,2,1,0,0
agentsight,e58fce112c6e,complete,807606b57770d0d3,0a1dcedda989d95b,8026,8034,8,46413,1,2,2,0,0,0
agentsight,e58fce112c6e,complete,0a1dcedda989d95b,154e44e2e0865404,8034,8040,6,45003,1,1,1,0,0,0
agentsight,e58fce112c6e,complete,154e44e2e0865404,cd2305b4d38d7496,8040,8051,11,122578,1,0,0,1,0,0
agentsight,e58fce112c6e,complete,cd2305b4d38d7496,9f3dcc4971d9662b,8051,8057,6,42470,1,0,0,0,0,0
agentsight,e58fce112c6e,complete,9f3dcc4971d9662b,034dcf2e501388f7,8057,8076,19,256248,1,0,0,0,0,0
agentsight,e58fce112c6e,complete,034dcf2e501388f7,79aa795d4336179d,8076,8079,3,15113,1,0,0,0,0,0
agentsight,e58fce112c6e,complete,79aa795d4336179d,bbe923a9f3a8656f,8079,8106,27,258999,1,0,0,0,0,0
agentsight,e58fce112c6e,complete,bbe923a9f3a8656f,46fb8944b1ab7585,8106,8118,12,82722,1,0,0,0,0,0
agentsight,e58fce112c6e,complete,46fb8944b1ab7585,062c3fca74e59657,8118,8135,17,133839,1,0,0,1,0,0
agentsight,e58fce112c6e,complete,062c3fca74e59657,c7fbbbdf5e394e67,8135,8138,3,16162,1,0,0,0,0,0
agentsight,e58fce112c6e,complete,c7fbbbdf5e394e67,f2b04c20b9fc6aa3,8138,8144,6,29340,1,0,0,0,0,0
agentsight,e58fce112c6e,complete,f2b04c20b9fc6aa3,62b043bf41ebeb66,8144,8151,7,40112,1,0,0,2,0,0
agentsight,e58fce112c6e,complete,62b043bf41ebeb66,6b4158c4352b1e4f,8151,8152,1,8,1,0,0,0,0,0
agentsight,e58fce112c6e,complete,6b4158c4352b1e4f,1d5a40f79c5a752a,8152,8153,1,0,1,0,0,0,0,0
agentsight,e58fce112c6e,complete,1d5a40f79c5a752a,893679d101816501,8153,8154,1,21011,1,0,0,0,0,0
agentsight,e58fce112c6e,complete,893679d101816501,7690896c80dccdcd,8154,8155,1,0,1,0,0,0,0,0
agentsight,e58fce112c6e,complete,7690896c80dccdcd,d9b7c840097763a4,8155,8156,1,15,1,0,0,0,0,0
agentsight,e58fce112c6e,complete,d9b7c840097763a4,dead183fbde85a0d,8156,8293,137,4218514,2,0,0,0,0,0
agentsight,e58fce112c6e,complete,dead183fbde85a0d,2aa3f3a90be72fc5,8293,8355,62,47823,2,0,0,0,0,0
agentsight,e58fce112c6e,complete,2aa3f3a90be72fc5,f28130fa760d526d,8355,8357,2,2232,1,0,0,0,0,0
agentsight,e58fce112c6e,complete,f28130fa760d526d,17533e428facef2c,8357,8358,1,1106,1,0,0,0,0,0
agentsight,e58fce112c6e,complete,17533e428facef2c,6b8090998b1cb8c6,8358,8370,12,18100,2,0,0,0,0,0
agentsight,e58fce112c6e,complete,6b8090998b1cb8c6,c783d5731b50809a,8370,8385,15,19850,2,0,0,0,0,0
agentsight,e58fce112c6e,complete,c783d5731b50809a,d18af326752bd7cd,8385,8397,12,16105,2,0,0,0,0,0
agentsight,e58fce112c6e,complete,d18af326752bd7cd,d9403548c7fccc7b,8397,8403,6,2943,2,0,0,0,0,0
agentsight,e58fce112c6e,complete,d9403548c7fccc7b,dc22fee278f9604c,8403,8404,1,2933,1,0,0,0,0,0
agentsight,e58fce112c6e,complete,dc22fee278f9604c,6b3cbd14a0a06458,8404,8407,3,4898,2,0,0,0,0,0
agentsight,e58fce112c6e,complete,6b3cbd14a0a06458,34f63132e9055890,8407,8408,1,3269,1,0,0,0,0,0
agentsight,e58fce112c6e,complete,34f63132e9055890,7a10afa8d3d7ed78,8408,8409,1,2569,1,0,0,0,0,0
agentsight,e58fce112c6e,complete,7a10afa8d3d7ed78,9bdd9276f460a0fc,8409,8411,2,3302,2,0,0,0,0,0
agentsight,e58fce112c6e,complete,9bdd9276f460a0fc,4d0919aa175e4e56,8411,8415,4,16269,2,0,0,1,0,0
agentsight,e58fce112c6e,complete,4d0919aa175e4e56,a4e0e2596476839a,8415,8416,1,0,1,0,0,0,0,0
agentsight,e58fce112c6e,complete,a4e0e2596476839a,1b246e483ca9997c,8416,8425,9,24711,2,0,0,0,0,0
agentsight,e58fce112c6e,complete,1b246e483ca9997c,492a2da2d3e5f5c2,8425,8437,12,31341,2,0,0,0,0,0
agentsight,e58fce112c6e,complete,492a2da2d3e5f5c2,d76491661d91102b,8437,8463,26,123012,2,0,0,0,0,0
agentsight,e58fce112c6e,complete,d76491661d91102b,fd5bff97abda71cc,8463,8539,76,288623,2,0,0,0,0,0
agentsight,e58fce112c6e,complete,fd5bff97abda71cc,32b46b7a37e27640,8539,8546,7,130499,1,0,0,0,0,0
agentsight,e58fce112c6e,complete,32b46b7a37e27640,0a0b1380c53afeda,8546,8550,4,78773,1,0,0,0,0,0
agentsight,e58fce112c6e,complete,0a0b1380c53afeda,576c15cb8a70a5c0,8550,8555,5,24067,1,0,0,0,0,0
agentsight,e58fce112c6e,complete,576c15cb8a70a5c0,8813e11ab443d0d8,8555,8588,33,446203,1,0,0,0,0,0
agentsight,e58fce112c6e,complete,8813e11ab443d0d8,5398c35237f309db,8588,8595,7,60336,1,0,0,0,0,0
agentsight,e58fce112c6e,complete,5398c35237f309db,7b8df2f8500c4aea,8595,8615,20,85122,1,0,0,0,0,0
agentsight,e58fce112c6e,complete,7b8df2f8500c4aea,5c4a1960709e6e01,8615,8628,13,60814,1,0,0,0,0,0
agentsight,e58fce112c6e,complete,5c4a1960709e6e01,ce701f6dab58610e,8628,8638,10,101479,1,0,0,0,0,0
agentsight,e58fce112c6e,complete,ce701f6dab58610e,2584c10aa3430c16,8638,8652,14,139725,1,0,0,0,0,0
agentsight,e58fce112c6e,complete,2584c10aa3430c16,32f1680d505698e7,8652,8671,19,162465,1,0,0,0,0,0
agentsight,e58fce112c6e,complete,32f1680d505698e7,3280a7a8b831162f,8671,8673,2,18629,1,0,0,0,0,0
agentsight,e58fce112c6e,complete,3280a7a8b831162f,4e4e696e714f2b33,8673,8676,3,13484,1,0,0,0,0,0
agentsight,e58fce112c6e,complete,4e4e696e714f2b33,5f6d63fd6dedb8f9,8676,8692,16,86470,1,0,0,1,0,0
agentsight,e58fce112c6e,complete,5f6d63fd6dedb8f9,17e5b6334833c1f0,8692,8696,4,34916,1,0,0,2,0,0
agentsight,e58fce112c6e,complete,17e5b6334833c1f0,a108bbfd566e60a4,8696,8699,3,24996,1,0,0,1,0,0
agentsight,e58fce112c6e,complete,a108bbfd566e60a4,f67c2e55c2d8da17,8699,8700,1,7342,1,0,0,0,0,0
agentsight,e58fce112c6e,complete,f67c2e55c2d8da17,5ab403c2019c68da,8700,8701,1,10219,1,0,0,0,0,0
agentsight,e58fce112c6e,complete,5ab403c2019c68da,58330ed60f91fdba,8701,8702,1,0,1,0,0,0,0,0
agentsight,e58fce112c6e,complete,58330ed60f91fdba,187e8b1fea80b1f1,8702,8703,1,10116,1,0,0,0,0,0
agentsight,e58fce112c6e,complete,187e8b1fea80b1f1,3e296fdc9893a4ff,8703,8704,1,3751,1,0,0,0,0,0
agentsight,e58fce112c6e,complete,3e296fdc9893a4ff,9dfa923d12acacc3,8704,8705,1,6407,1,0,0,0,0,0
agentsight,e58fce112c6e,complete,9dfa923d12acacc3,2086718733851e28,8705,8734,29,177850,1,0,0,0,0,0
agentsight,e58fce112c6e,complete,2086718733851e28,e48a429574a92fad,8734,8736,2,7903,1,0,0,0,0,0
agentsight,e58fce112c6e,complete,e48a429574a92fad,4b5dcbdecc55fa3a,8736,8737,1,0,1,0,0,0,0,0
agentsight,e58fce112c6e,complete,4b5dcbdecc55fa3a,298d15616f21ebf5,8737,8749,12,103925,1,0,0,0,0,0
agentsight,e58fce112c6e,complete,298d15616f21ebf5,be24c3a50f035c0f,8749,8751,2,7284,1,0,0,0,0,0
agentsight,e58fce112c6e,complete,be24c3a50f035c0f,ce700299802bc37a,8751,8755,4,17421,1,0,0,1,0,0
agentsight,e58fce112c6e,complete,ce700299802bc37a,7207b18d2e934931,8755,8756,1,4,1,0,0,0,0,0
agentsight,e58fce112c6e,complete,7207b18d2e934931,2710f72c83bd7e6b,8756,8757,1,5813,1,0,0,0,0,0
agentsight,e58fce112c6e,complete,2710f72c83bd7e6b,274e1563df7ae632,8757,8758,1,11221,1,0,0,0,0,0
agentsight,e58fce112c6e,complete,274e1563df7ae632,ee29466d1425e4a2,8758,8759,1,195,1,0,0,0,0,0
agentsight,e58fce112c6e,complete,ee29466d1425e4a2,2256bac815d29e11,8759,8834,75,454811,2,0,0,1,0,0
agentsight,e58fce112c6e,complete,2256bac815d29e11,510ff337fd7af52b,8834,8849,15,114960,1,0,0,0,0,0
agentsight,e58fce112c6e,complete,510ff337fd7af52b,46a220badeb4a106,8849,8863,14,101915,1,0,0,0,0,0
agentsight,e58fce112c6e,complete,46a220badeb4a106,0857a030df0f6cba,8863,8876,13,95824,1,0,0,1,0,0
agentsight,e58fce112c6e,complete,0857a030df0f6cba,e4e1d3670618b295,8876,8884,8,55946,1,0,0,0,0,0
agentsight,e58fce112c6e,complete,e4e1d3670618b295,0eeaeb14571a8104,8884,8893,9,70140,1,0,0,0,0,0
agentsight,e58fce112c6e,complete,0eeaeb14571a8104,1edf560ceca3d5cc,8893,8901,8,44715,1,0,0,2,0,0
agentsight,e58fce112c6e,complete,1edf560ceca3d5cc,923e90d94884b49a,8901,8902,1,0,1,0,0,0,0,0
agentsight,e58fce112c6e,complete,923e90d94884b49a,d396fc5043580d0a,8902,8903,1,7839,1,0,0,0,0,0
agentsight,e58fce112c6e,complete,d396fc5043580d0a,c87f02b3450943ed,8903,8904,1,14167,1,0,0,0,0,0
agentsight,e58fce112c6e,complete,c87f02b3450943ed,c35933d13034285c,8904,8905,1,32,1,0,0,0,0,0
agentsight,e58fce112c6e,complete,c35933d13034285c,a63c210e4aae775a,8905,8906,1,8551,1,0,0,0,0,0
agentsight,e58fce112c6e,complete,a63c210e4aae775a,cab5552628b9ad12,8906,8907,1,33,1,0,0,0,0,0
agentsight,e58fce112c6e,complete,cab5552628b9ad12,d640c4b9f3563b4e,8907,8908,1,0,1,0,0,0,0,0
agentsight,e58fce112c6e,complete,d640c4b9f3563b4e,cef3e9ee8b28a702,8908,8921,13,118262,1,0,0,0,0,0
agentsight,e58fce112c6e,complete,cef3e9ee8b28a702,aa43febe5d4c1cd8,8921,8970,49,462676,1,0,0,0,0,0
agentsight,e58fce112c6e,complete,aa43febe5d4c1cd8,7a4e6f5a4923326a,8970,8971,1,13969,1,0,0,0,0,0
agentsight,e58fce112c6e,complete,7a4e6f5a4923326a,1754cc44f47b1e7c,8971,8972,1,1,1,0,0,0,0,0
agentsight,e58fce112c6e,complete,1754cc44f47b1e7c,78d4e8bd0dfbdd2e,8972,8975,3,17383,1,0,0,0,0,0
agentsight,e58fce112c6e,complete,78d4e8bd0dfbdd2e,cee6a96552a8c6cc,8975,8978,3,14800,1,0,0,0,0,0
agentsight,e58fce112c6e,complete,cee6a96552a8c6cc,2ce4d1cc83e1d2e2,8978,8979,1,37,1,0,0,0,0,0
agentsight,e58fce112c6e,complete,2ce4d1cc83e1d2e2,2a484df8db34840b,8979,9000,21,158210,1,0,0,0,0,0
agentsight,e58fce112c6e,complete,2a484df8db34840b,b8bbf82608285063,9000,9001,1,45,1,0,0,0,0,0
agentsight,e58fce112c6e,complete,b8bbf82608285063,eb21396eebe7524d,9001,9005,4,17212,1,0,0,1,0,0
agentsight,e58fce112c6e,complete,eb21396eebe7524d,46177156b83a4e4d,9005,9006,1,1,1,0,0,0,0,0
agentsight,e58fce112c6e,complete,46177156b83a4e4d,f4f8ec98cb2b08e6,9006,9007,1,0,1,0,0,0,0,0
agentsight,e58fce112c6e,complete,f4f8ec98cb2b08e6,576f24a445d3e27f,9007,9009,2,12211,1,0,0,0,0,0
agentsight,e58fce112c6e,complete,576f24a445d3e27f,001b368827751bc4,9009,9010,1,0,1,0,0,0,0,0
agentsight,e58fce112c6e,complete,001b368827751bc4,325ffdf8bb14099b,9010,9011,1,49,1,0,0,0,0,0
agentsight,e58fce112c6e,complete,325ffdf8bb14099b,cda0144e0c2f6f0c,9011,9031,20,242131,1,0,0,0,0,0
agentsight,e58fce112c6e,complete,cda0144e0c2f6f0c,780ba770c4a92eaa,9031,9047,16,89215,1,0,0,0,0,0
agentsight,e58fce112c6e,complete,780ba770c4a92eaa,538b5400a76a52cb,9047,9050,3,11209,1,0,0,1,0,0
agentsight,e58fce112c6e,complete,538b5400a76a52cb,d2dcb9222207abdc,9050,9053,3,16715,1,0,0,0,0,0
agentsight,e58fce112c6e,complete,d2dcb9222207abdc,6d569da0356309ae,9053,9054,1,1,1,0,0,0,0,0
agentsight,e58fce112c6e,complete,6d569da0356309ae,961604bb3ea3ba8d,9054,9055,1,0,1,0,0,0,0,0
agentsight,e58fce112c6e,complete,961604bb3ea3ba8d,4494ad1f9b2a3471,9055,9057,2,19475,1,0,0,0,0,0
agentsight,e58fce112c6e,complete,4494ad1f9b2a3471,6f2b203078c073d8,9057,9058,1,46,1,0,0,0,0,0
agentsight,e58fce112c6e,complete,6f2b203078c073d8,40f17acc58288da0,9058,9112,54,240382,2,0,0,0,0,0
agentsight,e58fce112c6e,complete,40f17acc58288da0,d306a9c8df7dec37,9112,9160,48,631153,2,0,0,0,0,0
agentsight,e58fce112c6e,complete,d306a9c8df7dec37,64035be26c1cc879,9160,9168,8,112528,1,0,0,0,0,0
agentsight,e58fce112c6e,complete,64035be26c1cc879,05f81dfadca3c1af,9168,9179,11,80128,1,0,0,0,0,0
agentsight,e58fce112c6e,complete,05f81dfadca3c1af,be204aea6e7b2126,9179,9191,12,39986,1,0,0,3,0,0
agentsight,e58fce112c6e,complete,be204aea6e7b2126,ce383d577ef28540,9191,9194,3,16242,1,0,0,1,0,0
agentsight,e58fce112c6e,complete,ce383d577ef28540,a52ebf74a190865b,9194,9195,1,1,1,0,0,0,0,0
agentsight,e58fce112c6e,complete,a52ebf74a190865b,239a525fe85e499f,9195,9213,18,100284,1,0,0,1,0,0
agentsight,e58fce112c6e,complete,239a525fe85e499f,c2f395ed2d263197,9213,9214,1,8992,1,0,0,0,0,0
agentsight,e58fce112c6e,complete,c2f395ed2d263197,113d34c0cd27cd1a,9214,9221,7,36349,1,0,0,0,0,0
agentsight,e58fce112c6e,complete,113d34c0cd27cd1a,9f9c75e3a573f4f6,9221,9222,1,12,1,0,0,0,0,0
agentsight,e58fce112c6e,complete,9f9c75e3a573f4f6,38a56a0499f41050,9222,9224,2,11017,1,0,0,0,0,0
agentsight,e58fce112c6e,complete,38a56a0499f41050,11c19afa820619ed,9224,9225,1,40,1,0,0,0,0,0
agentsight,e58fce112c6e,complete,11c19afa820619ed,db1d944565d652ae,9225,9227,2,16611,1,0,0,1,0,0
agentsight,e58fce112c6e,complete,db1d944565d652ae,ebe55f7f868e7467,9227,9228,1,30,1,0,0,0,0,0
agentsight,e58fce112c6e,complete,ebe55f7f868e7467,0b38e4884c910e99,9228,9229,1,0,1,0,0,0,0,0
agentsight,e58fce112c6e,complete,0b38e4884c910e99,2c89390ade5b4bcc,9229,9251,22,140392,1,0,0,0,0,0
agentsight,e58fce112c6e,complete,2c89390ade5b4bcc,d892ec4eacabdc50,9251,9252,1,1,1,0,0,0,0,0
agentsight,e58fce112c6e,complete,d892ec4eacabdc50,92289f691bc22943,9252,9254,2,13698,1,0,0,0,0,0
agentsight,e58fce112c6e,complete,92289f691bc22943,e57ef503be6d329e,9254,9255,1,25,1,0,0,0,0,0
agentsight,e58fce112c6e,complete,e57ef503be6d329e,305f01efc1f890a6,9255,9256,1,0,1,0,0,0,0,0
agentsight,e58fce112c6e,complete,305f01efc1f890a6,1ca9925d11851362,9256,9267,11,75676,1,0,0,0,0,0
agentsight,e58fce112c6e,complete,1ca9925d11851362,f2cda0b8aa58a05d,9267,9268,1,30,1,0,0,0,0,0
agentsight,e58fce112c6e,complete,f2cda0b8aa58a05d,79b049e7d5faa417,9268,9269,1,0,1,0,0,0,0,0
agentsight,e58fce112c6e,complete,79b049e7d5faa417,c9d2689fcd43a86b,9269,9271,2,9346,1,0,0,0,0,0
agentsight,e58fce112c6e,complete,c9d2689fcd43a86b,8ab1187a9f18e17f,9271,9272,1,34,1,0,0,0,0,0
agentsight,e58fce112c6e,complete,8ab1187a9f18e17f,3151e7d30a337775,9272,9273,1,1,1,0,0,0,0,0
agentsight,e58fce112c6e,complete,3151e7d30a337775,8c0ef3788fa5dcfa,9273,9274,1,13253,1,0,0,0,0,0
agentsight,e58fce112c6e,complete,8c0ef3788fa5dcfa,79234501d8f55edc,9274,9275,1,30,1,0,0,0,0,0
agentsight,e58fce112c6e,complete,79234501d8f55edc,a387b6fc7baa45f2,9275,9276,1,1,1,0,0,0,0,0
agentsight,e58fce112c6e,complete,a387b6fc7baa45f2,9f0a9158cd68652e,9276,9369,93,894344,3,5,2,1,0,0
agentsight,e58fce112c6e,complete,9f0a9158cd68652e,8f2fbbeb1cf2b67a,9369,9374,5,7197,2,0,0,0,0,0
agentsight,e58fce112c6e,complete,8f2fbbeb1cf2b67a,54292bed4e0a57dd,9374,9467,93,683451,2,0,0,1,0,0
agentsight,e58fce112c6e,complete,54292bed4e0a57dd,eee624de329292f2,9467,9472,5,27728,1,0,0,0,0,0
agentsight,e58fce112c6e,complete,eee624de329292f2,6bb6a6ad569c9759,9472,9473,1,36,1,0,0,0,0,0
agentsight,e58fce112c6e,complete,6bb6a6ad569c9759,396611d7ae5cec17,9473,9475,2,15124,1,0,0,0,0,0
agentsight,e58fce112c6e,complete,396611d7ae5cec17,c23712eacfebc416,9475,9476,1,4,1,0,0,0,0,0
agentsight,e58fce112c6e,complete,c23712eacfebc416,03679a21ca10cec9,9476,9477,1,34,1,0,0,0,0,0
agentsight,e58fce112c6e,complete,03679a21ca10cec9,780f154d34704f14,9477,9479,2,18514,1,0,0,0,0,0
agentsight,e58fce112c6e,complete,780f154d34704f14,2916812e2a050cec,9479,9480,1,0,1,0,0,0,0,0
agentsight,e58fce112c6e,complete,2916812e2a050cec,ed263e2c9f20979a,9480,9481,1,32,1,0,0,0,0,0
agentsight,e58fce112c6e,complete,ed263e2c9f20979a,e76efac416d49ce9,9481,9499,18,63658,2,0,0,0,0,0
agentsight,e58fce112c6e,complete,e76efac416d49ce9,80c699e457b5a56e,9499,9508,9,17924,2,0,0,0,0,0
agentsight,e58fce112c6e,complete,80c699e457b5a56e,ffc22e13f94e6737,9508,9522,14,140990,2,0,0,0,0,0
agentsight,e58fce112c6e,complete,ffc22e13f94e6737,6587a364bec0d72d,9522,9546,24,86975,2,8,2,0,0,0
agentsight,e58fce112c6e,complete,6587a364bec0d72d,b71fc3acd62df342,9546,9547,1,6372,1,0,0,0,0,0
agentsight,e58fce112c6e,complete,b71fc3acd62df342,48ee8330ee933262,9547,9548,1,9664,1,0,0,0,0,0
agentsight,e58fce112c6e,complete,48ee8330ee933262,93b888e57fc48ff5,9548,9567,19,446237,1,0,0,1,0,0
agentsight,e58fce112c6e,complete,93b888e57fc48ff5,48f30b9147849dbf,9567,9604,37,243433,1,0,0,2,0,0
agentsight,e58fce112c6e,complete,48f30b9147849dbf,e71d50d98ddd8f38,9604,9613,9,28425,1,0,0,1,0,0
agentsight,e58fce112c6e,complete,e71d50d98ddd8f38,f5cbc449691f2888,9613,9615,2,23,1,0,0,1,0,0
agentsight,e58fce112c6e,complete,f5cbc449691f2888,b132e6455a14f370,9615,9625,10,84600,1,0,0,0,0,0
agentsight,e58fce112c6e,complete,b132e6455a14f370,742f5fcb744b0e16,9625,9627,2,32,1,0,0,1,0,0
agentsight,e58fce112c6e,complete,742f5fcb744b0e16,2aa3f9d19c82b366,9627,9630,3,26465,1,0,0,0,0,0
agentsight,e58fce112c6e,complete,2aa3f9d19c82b366,1c474c9097d04753,9630,9632,2,225,1,0,0,1,0,0
agentsight,e58fce112c6e,complete,1c474c9097d04753,8cd24fe510f8583a,9632,9635,3,16278,1,0,0,1,0,0
agentsight,e58fce112c6e,complete,8cd24fe510f8583a,336fa75a3797c4f2,9635,9636,1,73,1,0,0,0,0,0
agentsight,e58fce112c6e,complete,336fa75a3797c4f2,95886fea159a5d9f,9636,9638,2,20370,1,0,0,0,0,0
agentsight,e58fce112c6e,complete,95886fea159a5d9f,e80e5910f7a3ea37,9638,9639,1,0,1,0,0,0,0,0
agentsight,e58fce112c6e,complete,e80e5910f7a3ea37,da290b14ea5312f2,9639,9640,1,1,1,0,0,0,0,0
agentsight,e58fce112c6e,complete,da290b14ea5312f2,1c66d204e3c5f285,9640,9653,13,53777,1,0,0,0,0,0
agentsight,e58fce112c6e,complete,1c66d204e3c5f285,b3e9ca1ff12a4127,9653,9667,14,66558,1,0,0,0,0,0
agentsight,e58fce112c6e,complete,b3e9ca1ff12a4127,09523ffb783f25af,9667,9672,5,27571,1,0,0,0,0,0
agentsight,e58fce112c6e,complete,09523ffb783f25af,09bea95eba5ae0fe,9672,9673,1,2,1,0,0,0,0,0
agentsight,e58fce112c6e,complete,09bea95eba5ae0fe,f1886bcb717d6ed5,9673,9674,1,126,1,0,0,0,0,0
agentsight,e58fce112c6e,complete,f1886bcb717d6ed5,8d5723f1e3e9b3bf,9674,9757,83,635076,2,0,0,1,0,0
agentsight,e58fce112c6e,complete,8d5723f1e3e9b3bf,f0c438a0bf93ee96,9757,9771,14,79915,1,0,0,0,0,0
agentsight,e58fce112c6e,complete,f0c438a0bf93ee96,978154cbc0a51280,9771,9784,13,96747,1,0,0,1,0,0
agentsight,e58fce112c6e,complete,978154cbc0a51280,eaa21334add0dedf,9784,9789,5,37153,1,0,0,1,0,0
agentsight,e58fce112c6e,complete,eaa21334add0dedf,2241adacbfbdf26a,9789,9790,1,42,1,0,0,0,0,0
agentsight,e58fce112c6e,complete,2241adacbfbdf26a,9cf101bf3cefeee9,9790,9805,15,99334,1,0,0,0,0,0
agentsight,e58fce112c6e,complete,9cf101bf3cefeee9,8edc1ec533801ac0,9805,9806,1,0,1,0,0,0,0,0
agentsight,e58fce112c6e,complete,8edc1ec533801ac0,bba287a7bd0d886f,9806,9807,1,0,1,0,0,0,0,0
agentsight,e58fce112c6e,complete,bba287a7bd0d886f,c50e218af0d49b4a,9807,9809,2,18042,1,0,0,0,0,0
agentsight,e58fce112c6e,complete,c50e218af0d49b4a,8e1b449278c5ab78,9809,9810,1,2,1,0,0,0,0,0
agentsight,e58fce112c6e,complete,8e1b449278c5ab78,a5687a4ec3919056,9810,9811,1,75,1,0,0,0,0,0
agentsight,e58fce112c6e,complete,a5687a4ec3919056,aff1fa0a826a9d04,9811,9854,43,253843,1,0,0,0,0,0
agentsight,e58fce112c6e,complete,aff1fa0a826a9d04,d7c056f48c982327,9854,9862,8,25587,1,0,0,0,0,0
agentsight,e58fce112c6e,complete,d7c056f48c982327,1ee057fd6cf21505,9862,9866,4,23195,1,0,0,0,0,0
agentsight,e58fce112c6e,complete,1ee057fd6cf21505,c5f44310b9c6d898,9866,9867,1,1,1,0,0,0,0,0
agentsight,e58fce112c6e,complete,c5f44310b9c6d898,7b6a24a992e27bbb,9867,9868,1,22,1,0,0,0,0,0
agentsight,e58fce112c6e,complete,7b6a24a992e27bbb,32c1e5539fe96ee7,9868,9869,1,17311,1,0,0,0,0,0
agentsight,e58fce112c6e,complete,32c1e5539fe96ee7,25c21c6c58742d01,9869,9870,1,0,1,0,0,0,0,0
agentsight,e58fce112c6e,complete,25c21c6c58742d01,54b73564cd64c682,9870,9871,1,43,1,0,0,0,0,0
agentsight,e58fce112c6e,complete,54b73564cd64c682,8faef6d25b51a3c8,9871,9895,24,116229,1,0,0,0,0,0
agentsight,e58fce112c6e,complete,8faef6d25b51a3c8,bf664d3e79052251,9895,9896,1,1,1,0,0,0,0,0
agentsight,e58fce112c6e,complete,bf664d3e79052251,521cd98b0faea410,9896,9897,1,21,1,0,0,0,0,0
agentsight,e58fce112c6e,complete,521cd98b0faea410,b33660d6720632a9,9897,9898,1,15757,1,0,0,0,0,0
agentsight,e58fce112c6e,complete,b33660d6720632a9,b037f76157dd96c7,9898,9899,1,0,1,0,0,0,0,0
agentsight,e58fce112c6e,complete,b037f76157dd96c7,254d9e8efc2efdea,9899,9900,1,20,1,0,0,0,0,0
agentsight,e58fce112c6e,complete,254d9e8efc2efdea,b34d89e31361550b,9900,9915,15,61294,1,0,0,1,0,0
agentsight,e58fce112c6e,complete,b34d89e31361550b,7660055ed1dc198c,9915,9916,1,21,1,0,0,0,0,0
agentsight,e58fce112c6e,complete,7660055ed1dc198c,cc4f7334d01e0608,9916,9918,2,17995,1,0,0,0,0,0
agentsight,e58fce112c6e,complete,cc4f7334d01e0608,77f306cb413df5e1,9918,9919,1,1,1,0,0,0,0,0
agentsight,e58fce112c6e,complete,77f306cb413df5e1,35906a3bfded28ff,9919,9920,1,25,1,0,0,0,0,0
agentsight,e58fce112c6e,complete,35906a3bfded28ff,9525e474ce05153d,9920,9921,1,11762,1,0,0,0,0,0
agentsight,e58fce112c6e,complete,9525e474ce05153d,922178d4bc679e39,9921,9922,1,4,1,0,0,0,0,0
agentsight,e58fce112c6e,complete,922178d4bc679e39,f85bc4e02727c31c,9922,9923,1,32,1,0,0,0,0,0
agentsight,e58fce112c6e,complete,f85bc4e02727c31c,88d99d99de3486de,9923,9990,67,2663614,3,0,0,1,0,0
agentsight,e58fce112c6e,complete,88d99d99de3486de,389eb5a6248f78e4,9990,10004,14,38113,1,0,0,0,0,0
agentsight,e58fce112c6e,complete,389eb5a6248f78e4,27e866785d490979,10004,10006,2,13041,1,0,0,0,0,0
agentsight,e58fce112c6e,complete,27e866785d490979,12689af6d8b90570,10006,10029,23,1174370,1,0,0,2,0,0
agentsight,e58fce112c6e,complete,12689af6d8b90570,7556f211f62a634b,10029,10030,1,0,1,0,0,0,0,0
agentsight,e58fce112c6e,complete,7556f211f62a634b,a58a8721ef73e508,10030,10045,15,109260,1,0,0,1,0,0
agentsight,e58fce112c6e,complete,a58a8721ef73e508,f6e4f6a485c9783f,10045,10047,2,18808,1,0,0,0,0,0
agentsight,e58fce112c6e,complete,f6e4f6a485c9783f,3bb8db09a5cc3d69,10047,10048,1,45,1,0,0,0,0,0
agentsight,e58fce112c6e,complete,3bb8db09a5cc3d69,5531f8f4aa61edb7,10048,10056,8,43674,1,0,0,1,0,0
agentsight,e58fce112c6e,complete,5531f8f4aa61edb7,800c60961b3f6729,10056,10057,1,0,1,0,0,0,0,0
agentsight,e58fce112c6e,complete,800c60961b3f6729,cbd75f7a8c3d710c,10057,10058,1,44,1,0,0,0,0,0
agentsight,e58fce112c6e,complete,cbd75f7a8c3d710c,32dc1903d74717e9,10058,10063,5,103526,1,0,0,0,0,0
agentsight,e58fce112c6e,complete,32dc1903d74717e9,a2ed8d3110a312ed,10063,10068,5,30217,1,0,0,0,0,0
agentsight,e58fce112c6e,complete,a2ed8d3110a312ed,689ecf5eafa3d60b,10068,10083,15,111951,1,0,0,0,0,0
agentsight,e58fce112c6e,complete,689ecf5eafa3d60b,e823e5872f65773c,10083,10084,1,0,1,0,0,0,0,0
agentsight,e58fce112c6e,complete,e823e5872f65773c,6889d76e92e232d3,10084,10085,1,46,1,0,0,0,0,0
agentsight,e58fce112c6e,complete,6889d76e92e232d3,140f39ebd17aec38,10085,10086,1,12,1,0,0,0,0,0
agentsight,e58fce112c6e,complete,140f39ebd17aec38,7a9de30e53426467,10086,10245,159,2086451,1,0,0,1,0,0
agentsight,e58fce112c6e,complete,7a9de30e53426467,cea8603e9ced59b0,10245,10249,4,8004,1,0,0,1,0,0
agentsight,e58fce112c6e,complete,cea8603e9ced59b0,407c183125a71f60,10249,10253,4,35491,1,0,0,0,0,0
agentsight,e58fce112c6e,complete,407c183125a71f60,983bb3c9b7cff51e,10253,10254,1,20,1,0,0,0,0,0
agentsight,e58fce112c6e,complete,983bb3c9b7cff51e,766f1be13f72885a,10254,10255,1,11316,1,0,0,0,0,0
agentsight,e58fce112c6e,complete,766f1be13f72885a,9761f2719764366d,10255,10265,10,36702,1,0,0,0,0,0
agentsight,e58fce112c6e,complete,9761f2719764366d,b578ff33b16786df,10265,10266,1,13669,1,0,0,0,0,0
agentsight,e58fce112c6e,complete,b578ff33b16786df,edee9e0a28a0cfc3,10266,10267,1,0,1,0,0,0,0,0
agentsight,e58fce112c6e,complete,edee9e0a28a0cfc3,d78169b44b070e4e,10267,10281,14,85056,1,0,0,0,0,0
agentsight,e58fce112c6e,complete,d78169b44b070e4e,1a08c8d1bdedf3bc,10281,10282,1,37,1,0,0,0,0,0
agentsight,e58fce112c6e,complete,1a08c8d1bdedf3bc,d2a4639fc489086d,10282,10283,1,22012,1,0,0,0,0,0
agentsight,e58fce112c6e,complete,d2a4639fc489086d,762961864075cf2e,10283,10284,1,0,1,0,0,0,0,0
agentsight,e58fce112c6e,complete,762961864075cf2e,d2f6fbca64de7ce2,10284,10349,65,1986839,2,0,0,0,0,0
agentsight,e58fce112c6e,complete,d2f6fbca64de7ce2,6271d716d061a8e7,10349,10350,1,1,1,0,0,0,0,0
agentsight,e58fce112c6e,complete,6271d716d061a8e7,81965a0da671ac07,10350,10355,5,40826,1,0,0,0,0,0
agentsight,e58fce112c6e,complete,81965a0da671ac07,9f13e89081ba1a8c,10355,10363,8,94887,1,0,0,0,0,0
agentsight,e58fce112c6e,complete,9f13e89081ba1a8c,784d98c62deb9b2f,10363,10372,9,82687,1,0,0,0,0,0
agentsight,e58fce112c6e,complete,784d98c62deb9b2f,f94768362c4a3c8d,10372,10382,10,101057,1,0,0,0,0,0
agentsight,e58fce112c6e,complete,f94768362c4a3c8d,b81974b31b6b55f7,10382,10383,1,1,1,0,0,0,0,0
agentsight,e58fce112c6e,complete,b81974b31b6b55f7,0289089709ab31a0,10383,10393,10,71040,1,0,0,1,0,0
agentsight,e58fce112c6e,complete,0289089709ab31a0,1a6355527a3e8e33,10393,10394,1,1,1,0,0,0,0,0
agentsight,e58fce112c6e,complete,1a6355527a3e8e33,18085575921e337c,10394,10396,2,25845,1,0,0,0,0,0
agentsight,e58fce112c6e,complete,18085575921e337c,faada3958aad473f,10396,10397,1,49,1,0,0,0,0,0
agentsight,e58fce112c6e,complete,faada3958aad473f,b5bbd2e0b04521e2,10397,10400,3,29283,1,0,0,0,0,0
agentsight,e58fce112c6e,complete,b5bbd2e0b04521e2,2edc08c26e5f6e69,10400,10413,13,1014972,2,0,0,0,0,0
agentsight,e58fce112c6e,complete,2edc08c26e5f6e69,d64d7ec8d7bfc413,10413,10438,25,115816,2,0,0,0,0,0
agentsight,e58fce112c6e,complete,d64d7ec8d7bfc413,da995fe2803e2488,10438,10439,1,41,1,0,0,0,0,0
agentsight,e58fce112c6e,complete,da995fe2803e2488,2092d2dd16355921,10439,10443,4,45746,1,0,0,0,0,0
agentsight,e58fce112c6e,complete,2092d2dd16355921,92ab149062e0b25a,10443,10454,11,82967,1,0,0,1,0,0
agentsight,e58fce112c6e,complete,92ab149062e0b25a,cb2a65ef0f427a05,10454,10455,1,1,1,0,0,0,0,0
agentsight,e58fce112c6e,complete,cb2a65ef0f427a05,e224c9ffb4ef88d2,10455,10509,54,458006,1,0,0,2,0,0
agentsight,e58fce112c6e,complete,e224c9ffb4ef88d2,df58d99360b659a3,10509,10512,3,47032,1,0,0,0,0,0
agentsight,e58fce112c6e,complete,df58d99360b659a3,24f67528d5714c10,10512,10513,1,7935,1,0,0,0,0,0
agentsight,e58fce112c6e,complete,24f67528d5714c10,722e25c409eec95d,10513,10574,61,392001,1,0,0,0,0,0
agentsight,e58fce112c6e,complete,722e25c409eec95d,5e37c506fd6df84e,10574,10575,1,0,1,0,0,0,0,0
agentsight,e58fce112c6e,complete,5e37c506fd6df84e,7ae90f9a2f940cf6,10575,10578,3,19739,1,0,0,0,0,0
agentsight,e58fce112c6e,complete,7ae90f9a2f940cf6,fbb704ff6355a390,10578,10591,13,82642,1,0,0,0,0,0
agentsight,e58fce112c6e,complete,fbb704ff6355a390,1d8ab2a5fa7952bf,10591,10592,1,4,1,0,0,0,0,0
agentsight,e58fce112c6e,complete,1d8ab2a5fa7952bf,59cf01567e2ec25f,10592,10595,3,21453,1,0,0,0,0,0
agentsight,e58fce112c6e,complete,59cf01567e2ec25f,7ec5516fc5422ee4,10595,10596,1,12,1,0,0,0,0,0
agentsight,e58fce112c6e,complete,7ec5516fc5422ee4,d1a8868e6ff727e6,10596,10597,1,0,1,0,0,0,0,0
agentsight,e58fce112c6e,complete,d1a8868e6ff727e6,0568a93bc5fad55b,10597,10649,52,1482497,2,0,0,1,0,0
agentsight,e58fce112c6e,complete,0568a93bc5fad55b,a5e232be62d4f74c,10649,10653,4,27285,1,0,0,0,0,0
agentsight,e58fce112c6e,complete,a5e232be62d4f74c,eb512f4c60a28403,10653,10664,11,67844,1,0,0,0,0,0
agentsight,e58fce112c6e,complete,eb512f4c60a28403,2e6ce4ce2fdb5ebb,10664,10665,1,0,1,0,0,0,0,0
agentsight,e58fce112c6e,complete,2e6ce4ce2fdb5ebb,5bfe40cb3147790c,10665,10682,17,125576,1,0,0,0,0,0
agentsight,e58fce112c6e,complete,5bfe40cb3147790c,72ddf2d27789b1a1,10682,10683,1,1,1,0,0,0,0,0
agentsight,e58fce112c6e,complete,72ddf2d27789b1a1,56f533589352a3dd,10683,10694,11,85895,1,0,0,1,0,0
agentsight,e58fce112c6e,complete,56f533589352a3dd,82213c4df3cbc8c0,10694,10695,1,1,1,0,0,0,0,0
agentsight,e58fce112c6e,complete,82213c4df3cbc8c0,300b550d29b0249c,10695,10698,3,22851,1,0,0,0,0,0
agentsight,e58fce112c6e,complete,300b550d29b0249c,056751c46e087e54,10698,10699,1,45,1,0,0,0,0,0
agentsight,e58fce112c6e,complete,056751c46e087e54,400e8d24be4d3b54,10699,10765,66,343861,1,0,0,0,0,0
agentsight,e58fce112c6e,complete,400e8d24be4d3b54,be892881d9284d44,10765,10766,1,0,1,0,0,0,0,0
agentsight,e58fce112c6e,complete,be892881d9284d44,84a09b5b0c045062,10766,10768,2,20343,1,0,0,0,0,0
agentsight,e58fce112c6e,complete,84a09b5b0c045062,9fa9c6bb3abb220a,10768,10772,4,37660,1,0,0,0,0,0
agentsight,e58fce112c6e,complete,9fa9c6bb3abb220a,b03eb751732f2e1f,10772,10773,1,46,1,0,0,0,0,0
agentsight,e58fce112c6e,complete,b03eb751732f2e1f,94f2e1d25acb30d8,10773,10775,2,19359,1,0,0,0,0,0
agentsight,e58fce112c6e,complete,94f2e1d25acb30d8,f4c46a941aec4d6e,10775,10883,108,931367,2,0,0,0,0,0
agentsight,e58fce112c6e,complete,f4c46a941aec4d6e,ecd9c5c400dcfaa2,10883,10901,18,67815,1,0,0,2,0,0
agentsight,e58fce112c6e,complete,ecd9c5c400dcfaa2,a579345d30f03d12,10901,10902,1,10,1,0,0,0,0,0
agentsight,e58fce112c6e,complete,a579345d30f03d12,119e332b15b05e87,10902,10903,1,1,1,0,0,0,0,0
agentsight,e58fce112c6e,complete,119e332b15b05e87,dea80a908d23a956,10903,10905,2,28874,1,0,0,0,0,0
agentsight,e58fce112c6e,complete,dea80a908d23a956,bc4f1a72b2e08611,10905,11055,150,1158121,2,0,0,0,0,0
agentsight,e58fce112c6e,complete,bc4f1a72b2e08611,be62e5d966bd5942,11055,11067,12,67206,1,0,0,1,0,0
agentsight,e58fce112c6e,complete,be62e5d966bd5942,0b174c2b498c17b9,11067,11156,89,711653,1,1,1,1,0,0
agentsight,e58fce112c6e,complete,0b174c2b498c17b9,13375f1589dbbe2b,11156,11157,1,13,1,0,0,0,0,0
agentsight,e58fce112c6e,complete,13375f1589dbbe2b,eb210fa3e02d8531,11157,11176,19,154200,1,0,0,0,0,0
agentsight,e58fce112c6e,complete,eb210fa3e02d8531,96fa44c481acfb10,11176,11177,1,0,1,0,0,0,0,0
agentsight,e58fce112c6e,complete,96fa44c481acfb10,8c58971200eb243b,11177,11180,3,29834,1,0,0,0,0,0
agentsight,e58fce112c6e,complete,8c58971200eb243b,95b419621259717d,11180,11181,1,17,1,0,0,0,0,0
agentsight,e58fce112c6e,complete,95b419621259717d,dccaf88a36403316,11181,11183,2,24291,1,1,1,0,0,0
agentsight,e58fce112c6e,complete,dccaf88a36403316,9f8eb440cbcff812,11183,11232,49,155000,1,0,0,0,0,0
agentsight,e58fce112c6e,complete,9f8eb440cbcff812,f2ae8d381bab219d,11232,11237,5,14418,1,0,0,0,0,0
agentsight,e58fce112c6e,complete,f2ae8d381bab219d,748686f0b46ca4d7,11237,11293,56,410337,1,0,0,0,0,0
agentsight,e58fce112c6e,complete,748686f0b46ca4d7,29b867497aff9978,11293,11294,1,0,1,0,0,0,0,0
agentsight,e58fce112c6e,complete,29b867497aff9978,378075f860e578d1,11294,11295,1,62,1,0,0,0,0,0
agentsight,e58fce112c6e,complete,378075f860e578d1,5829bc2135056824,11295,11300,5,23652,1,0,0,0,0,0
agentsight,e58fce112c6e,complete,5829bc2135056824,b3bd3799262bf29d,11300,11301,1,1,1,0,0,0,0,0
agentsight,e58fce112c6e,complete,b3bd3799262bf29d,a27546c07931264c,11301,11313,12,65567,1,1,1,0,0,0
agentsight,e58fce112c6e,complete,a27546c07931264c,8eb60539578800e6,11313,11316,3,8720,1,0,0,0,0,0
agentsight,e58fce112c6e,complete,8eb60539578800e6,765888209889e266,11316,11317,1,23,1,0,0,0,0,0
agentsight,e58fce112c6e,complete,765888209889e266,9a86c6c6415a5914,11317,11318,1,1,1,0,0,0,0,0
agentsight,e58fce112c6e,complete,9a86c6c6415a5914,1a313f09a5aa03dd,11318,11422,104,407990,2,1,1,0,1,0
agentsight,e58fce112c6e,complete,1a313f09a5aa03dd,404fef4b664109bb,11422,11425,3,82387,1,0,0,0,0,0
agentsight,e58fce112c6e,complete,404fef4b664109bb,65cf280dcb21d1e1,11425,11426,1,1,1,0,0,0,0,0
agentsight,e58fce112c6e,complete,65cf280dcb21d1e1,fc8892d2db09be66,11426,11433,7,78727,1,0,0,1,0,0
agentsight,e58fce112c6e,complete,fc8892d2db09be66,2e5046b90e55604c,11433,11438,5,69527,1,0,0,0,1,0
agentsight,e58fce112c6e,complete,2e5046b90e55604c,9f03c7c08ad77938,11438,11444,6,26325,1,1,1,0,0,0
agentsight,e58fce112c6e,complete,9f03c7c08ad77938,09970b1282715056,11444,11445,1,35,1,0,0,0,0,0
agentsight,e58fce112c6e,complete,09970b1282715056,fd3aeae7d55021c4,11445,11539,94,2249293,3,5,2,0,0,0
agentsight,e58fce112c6e,complete,fd3aeae7d55021c4,b3379bb9eb601bf4,11539,11544,5,6587,2,0,0,0,0,0
agentsight,e58fce112c6e,complete,b3379bb9eb601bf4,5c766105df22f2cc,11544,11665,121,1078249,3,0,0,0,0,0
agentsight,e58fce112c6e,complete,5c766105df22f2cc,648b2e4d385177e7,11665,11670,5,21473,1,0,0,0,0,0
agentsight,e58fce112c6e,complete,648b2e4d385177e7,b153f53380745267,11670,11679,9,71284,1,0,0,2,0,0
agentsight,e58fce112c6e,complete,b153f53380745267,aa93e4e5bd151328,11679,11680,1,8065,1,0,0,0,0,0
agentsight,e58fce112c6e,complete,aa93e4e5bd151328,47c0cc638f97a966,11680,11689,9,53849,1,0,0,0,0,0
agentsight,e58fce112c6e,complete,47c0cc638f97a966,6774d2814d18c517,11689,11690,1,9158,1,0,0,0,0,0
agentsight,e58fce112c6e,complete,6774d2814d18c517,4fd9571ef2e04e52,11690,11702,12,86992,1,0,0,0,0,0
agentsight,e58fce112c6e,complete,4fd9571ef2e04e52,4230dc7111b249b4,11702,11707,5,29016,1,0,0,0,0,0
agentsight,e58fce112c6e,complete,4230dc7111b249b4,5728ebb0fc91cda6,11707,11712,5,27933,1,0,0,0,0,0
agentsight,e58fce112c6e,complete,5728ebb0fc91cda6,49eb7a5757e2943d,11712,11803,91,490316,2,0,0,0,0,0
agentsight,e58fce112c6e,complete,49eb7a5757e2943d,814ed31722b99954,11803,11804,1,5697,1,0,0,0,0,0
agentsight,e58fce112c6e,complete,814ed31722b99954,71f4dda8f48d0eca,11804,11812,8,54971,1,0,0,0,0,0
agentsight,e58fce112c6e,complete,71f4dda8f48d0eca,c7d567496baf92d6,11812,11847,35,1427451,2,1,1,0,0,0
agentsight,e58fce112c6e,complete,c7d567496baf92d6,d49a7ac022e8ee9f,11847,11848,1,4437,1,0,0,0,0,0
agentsight,e58fce112c6e,complete,d49a7ac022e8ee9f,22a33cbe8937dd84,11848,11852,4,7063,2,0,0,0,0,0
agentsight,e58fce112c6e,complete,22a33cbe8937dd84,b115dd48da9b9e16,11852,11853,1,5564,1,0,0,0,0,0
agentsight,e58fce112c6e,complete,b115dd48da9b9e16,a79a0a61949f66a4,11853,11854,1,5440,1,0,0,0,0,0
agentsight,e58fce112c6e,complete,a79a0a61949f66a4,d7a206a70d7bb75b,11854,11856,2,5889,2,0,0,0,0,0
agentsight,e58fce112c6e,complete,d7a206a70d7bb75b,ffcf219eea595a22,11856,11858,2,5863,1,0,0,0,0,0
agentsight,e58fce112c6e,complete,ffcf219eea595a22,52271e8aa730b88f,11858,11859,1,2646,1,0,0,0,0,0
agentsight,e58fce112c6e,complete,52271e8aa730b88f,2453552c3efdcba2,11859,11860,1,8620,1,0,0,0,0,0
agentsight,e58fce112c6e,complete,2453552c3efdcba2,15c88337808f15d7,11860,11861,1,2769,1,0,0,0,0,0
agentsight,e58fce112c6e,complete,15c88337808f15d7,461520f9c657a453,11861,11863,2,20266,1,0,0,0,0,0
agentsight,e58fce112c6e,complete,461520f9c657a453,5c360945319383fd,11863,11873,10,76055,1,0,0,0,0,0
agentsight,e58fce112c6e,complete,5c360945319383fd,e92925488ea1ca76,11873,12106,233,1884815,2,0,0,1,0,0
agentsight,e58fce112c6e,complete,e92925488ea1ca76,fe24041499f07327,12106,12107,1,9362,1,0,0,0,0,0
agentsight,e58fce112c6e,complete,fe24041499f07327,5ccf04fc124d332a,12107,12110,3,7024,1,0,0,0,0,0
agentsight,e58fce112c6e,complete,5ccf04fc124d332a,55d3aed2beac6382,12110,12128,18,75610,1,0,0,0,0,0
agentsight,e58fce112c6e,complete,55d3aed2beac6382,d7086a2dd0805922,12128,12129,1,28,1,0,0,0,0,0
agentsight,e58fce112c6e,complete,d7086a2dd0805922,222e56c61cd1a40b,12129,12130,1,9450,1,0,0,0,0,0
agentsight,e58fce112c6e,complete,222e56c61cd1a40b,ec404bac2d414b03,12130,12167,37,523519,1,0,0,1,0,0
agentsight,e58fce112c6e,complete,ec404bac2d414b03,bd7e7c5cbd689c74,12167,12168,1,0,1,0,0,0,0,0
agentsight,e58fce112c6e,complete,bd7e7c5cbd689c74,da9d4ccece345fcc,12168,12175,7,51230,1,0,0,0,0,0
agentsight,e58fce112c6e,complete,da9d4ccece345fcc,dd276d2168e75113,12175,12176,1,35,1,0,0,0,0,0
agentsight,e58fce112c6e,complete,dd276d2168e75113,2bfe3099b318d102,12176,12179,3,32218,1,0,0,0,0,0
agentsight,e58fce112c6e,complete,2bfe3099b318d102,645367b4dca4fb2d,12179,12180,1,3,1,0,0,0,0,0
agentsight,e58fce112c6e,complete,645367b4dca4fb2d,cbfe3011b6a58c64,12180,12181,1,11688,1,0,0,0,0,0
agentsight,e58fce112c6e,complete,cbfe3011b6a58c64,37ea7fe32a821cb6,12181,12209,28,196850,1,0,0,2,0,0
agentsight,e58fce112c6e,complete,37ea7fe32a821cb6,c0b524b629229001,12209,12210,1,34,1,0,0,0,0,0
agentsight,e58fce112c6e,complete,c0b524b629229001,e593214dc7966bc8,12210,12218,8,51449,1,0,0,0,0,0
agentsight,e58fce112c6e,complete,e593214dc7966bc8,3a4d098575536ced,12218,12219,1,37,1,0,0,0,0,0
agentsight,e58fce112c6e,complete,3a4d098575536ced,894ee2f5b96a1bcb,12219,12295,76,287065,2,0,0,0,0,0
agentsight,e58fce112c6e,complete,894ee2f5b96a1bcb,4430710b44c0484d,12295,12296,1,0,1,0,0,0,0,0
agentsight,e58fce112c6e,complete,4430710b44c0484d,08b6c47e9fa82786,12296,12360,64,239597,2,0,0,0,0,0
agentsight,e58fce112c6e,complete,08b6c47e9fa82786,51dc4357651b791a,12360,12384,24,160929,1,0,0,0,0,0
agentsight,e58fce112c6e,complete,51dc4357651b791a,0880e2ef7e79add5,12384,12385,1,0,1,0,0,0,0,0
agentsight,e58fce112c6e,complete,0880e2ef7e79add5,4be475b5149e55fe,12385,12408,23,113910,1,0,0,0,0,0
agentsight,e58fce112c6e,complete,4be475b5149e55fe,f82cfce9b87edf2a,12408,12411,3,25048,1,0,0,0,0,0
agentsight,e58fce112c6e,complete,f82cfce9b87edf2a,f721bf5d0d0ea387,12411,12412,1,0,1,0,0,0,0,0
agentsight,e58fce112c6e,complete,f721bf5d0d0ea387,94d8d3721ea55490,12412,12646,234,2111511,2,19,9,0,0,0
agentsight,e58fce112c6e,complete,94d8d3721ea55490,b0fc6914fffc64a1,12646,12658,12,51780,1,10,3,0,0,0
agentsight,e58fce112c6e,complete,b0fc6914fffc64a1,21f700c265e9c5be,12658,12662,4,17468,1,2,2,0,0,0
agentsight,e58fce112c6e,complete,21f700c265e9c5be,16fe40ec4bbadcf5,12662,12663,1,4846,1,0,0,0,0,0
agentsight,e58fce112c6e,complete,16fe40ec4bbadcf5,68fa465e29867d7c,12663,12671,8,36744,1,7,3,0,0,0
agentsight,e58fce112c6e,complete,68fa465e29867d7c,7213fc68c7793aee,12671,12695,24,85464,1,9,7,0,0,0
agentsight,e58fce112c6e,complete,7213fc68c7793aee,c939d0b6bff31c75,12695,12698,3,11744,1,1,1,0,0,0
agentsight,e58fce112c6e,complete,c939d0b6bff31c75,0ed57dac19e57981,12698,12704,6,8533,1,0,0,0,0,0
agentsight,e58fce112c6e,complete,0ed57dac19e57981,85302c58e9727241,12704,12722,18,2025753,2,0,0,0,0,0
agentsight,e58fce112c6e,complete,85302c58e9727241,dea2cdc00b27c2bd,12722,12851,129,113854,2,0,0,0,0,0
agentsight,e58fce112c6e,complete,dea2cdc00b27c2bd,8ff8dcf68ff993a3,12851,12906,55,129126,2,0,0,0,0,0
agentsight,e58fce112c6e,complete,8ff8dcf68ff993a3,9f67d7c58936dfa8,12906,13024,118,562913,2,0,0,0,0,0
agentsight,e58fce112c6e,complete,9f67d7c58936dfa8,0d9745577f8e0d3e,13024,13058,34,493318,1,1,1,0,0,0
agentsight,e58fce112c6e,complete,0d9745577f8e0d3e,4b985eeb18384f55,13058,13062,4,43478,1,1,1,0,0,0
agentsight,e58fce112c6e,complete,4b985eeb18384f55,2b3d899c0cc329be,13062,13064,2,23036,1,0,0,0,0,0
agentsight,e58fce112c6e,complete,2b3d899c0cc329be,c19ed1780f9f991a,13064,13131,67,1272862,1,21,5,0,0,0
agentsight,e58fce112c6e,complete,c19ed1780f9f991a,824eaaba97956ed8,13131,13133,2,19648,1,1,1,0,0,0
agentsight,e58fce112c6e,complete,824eaaba97956ed8,3f824ea532bbc33a,13133,13134,1,19087,1,0,0,0,0,0
agentsight,e58fce112c6e,complete,3f824ea532bbc33a,897709ab35cfd4d9,13134,13141,7,45557,1,1,1,0,0,0
agentsight,e58fce112c6e,complete,897709ab35cfd4d9,1510bc5e06bdf438,13141,13142,1,2609,1,0,0,0,0,0
agentsight,e58fce112c6e,complete,1510bc5e06bdf438,3c45270543687572,13142,13144,2,7163,1,0,0,0,0,0
agentsight,e58fce112c6e,complete,3c45270543687572,0af8dfb996d3cdee,13144,13145,1,3436,1,0,0,0,0,0
agentsight,e58fce112c6e,complete,0af8dfb996d3cdee,17ee0cea35dfd4eb,13145,13146,1,3103,1,0,0,0,0,0
agentsight,e58fce112c6e,complete,17ee0cea35dfd4eb,a97722017bd759d4,13146,13147,1,6346,1,0,0,0,0,0
agentsight,e58fce112c6e,complete,a97722017bd759d4,c9185fb081535485,13147,13151,4,777494,1,1,1,0,0,0
agentsight,e58fce112c6e,complete,c9185fb081535485,4d1e84047cf47d87,13151,13154,3,37143,1,1,1,0,0,0
agentsight,e58fce112c6e,complete,4d1e84047cf47d87,444132e68513c75e,13154,13155,1,17470,1,0,0,0,0,0
agentsight,e58fce112c6e,complete,444132e68513c75e,726da13141e74bbd,13155,13157,2,13107,1,1,1,0,0,0
agentsight,e58fce112c6e,complete,726da13141e74bbd,25c7bcc96b736c3b,13157,13166,9,128263,1,4,2,0,0,0
agentsight,e58fce112c6e,complete,25c7bcc96b736c3b,7a7ab3365c6e9831,13166,13185,19,540113,2,3,1,0,0,0
agentsight,e58fce112c6e,complete,7a7ab3365c6e9831,032fbbded144a8c7,13185,13188,3,18391,1,1,1,0,0,0
agentsight,e58fce112c6e,complete,032fbbded144a8c7,bfa45953404a433b,13188,13189,1,9870,1,0,0,0,0,0
agentsight,e58fce112c6e,complete,bfa45953404a433b,383cbb07e6ac1884,13189,13217,28,178627,2,4,2,0,0,0
agentsight,e58fce112c6e,complete,383cbb07e6ac1884,0b4133a6d47d3267,13217,13228,11,74254,2,3,2,0,0,0
agentsight,e58fce112c6e,complete,0b4133a6d47d3267,ccb3740c2ca772c1,13228,13229,1,10033,1,0,0,0,0,0
agentsight,e58fce112c6e,complete,ccb3740c2ca772c1,69c6e8d17eb508d0,13229,13253,24,215043,2,0,0,0,0,0
agentsight,e58fce112c6e,complete,69c6e8d17eb508d0,3141d6b823535a9b,13253,13263,10,52279,1,0,0,0,0,0
agentsight,e58fce112c6e,complete,3141d6b823535a9b,10f5aec81701f65b,13263,13269,6,46358,1,0,0,0,0,0
agentsight,e58fce112c6e,complete,10f5aec81701f65b,72ff02628df48987,13269,13270,1,8,1,0,0,0,0,0
agentsight,e58fce112c6e,complete,72ff02628df48987,00a1151a79a72d75,13270,13317,47,141413,2,8,2,0,0,0
agentsight,e58fce112c6e,complete,00a1151a79a72d75,b0581b4e0daf7878,13317,13326,9,10079,2,0,0,0,0,0
agentsight,e58fce112c6e,complete,b0581b4e0daf7878,e4b766b095f22e3b,13326,13349,23,52266,2,2,2,0,0,0
agentsight,e58fce112c6e,complete,e4b766b095f22e3b,e3c17a3a5da578c0,13349,13351,2,4506,1,1,1,0,0,0
agentsight,e58fce112c6e,complete,e3c17a3a5da578c0,90b2f8ec2ca5f06a,13351,13355,4,11650,1,0,0,0,0,0
agentsight,e58fce112c6e,complete,90b2f8ec2ca5f06a,15e1ebfeefc929f3,13355,13366,11,40987,2,2,1,0,0,0
agentsight,e58fce112c6e,complete,15e1ebfeefc929f3,c43f3034596b0800,13366,13403,37,134037,2,10,4,0,0,0
agentsight,e58fce112c6e,complete,c43f3034596b0800,d4711a800b13ec29,13403,13404,1,13115,1,0,0,0,0,0
agentsight,e58fce112c6e,complete,d4711a800b13ec29,228b497755edb5aa,13404,13457,53,25704342,2,5,5,2,0,0
agentsight,e58fce112c6e,complete,228b497755edb5aa,2a55d26301524904,13457,13505,48,329376,1,2,2,0,0,0
agentsight,e58fce112c6e,complete,2a55d26301524904,db7604e44dfa11e6,13505,13508,3,35415,1,0,0,0,0,0
agentsight,e58fce112c6e,complete,db7604e44dfa11e6,de685d9752ffb76d,13508,13509,1,0,1,0,0,0,0,0
agentsight,e58fce112c6e,complete,de685d9752ffb76d,58fcf71bf80dc06c,13509,13510,1,9792,1,0,0,0,0,0
agentsight,e58fce112c6e,complete,58fcf71bf80dc06c,ab63e106edb862a6,13510,13511,1,0,1,0,0,0,0,0
agentsight,e58fce112c6e,complete,ab63e106edb862a6,f1bc2910fb177361,13511,13531,20,2291077,1,0,0,0,0,0
agentsight,e58fce112c6e,complete,f1bc2910fb177361,24996755784a70c2,13531,13543,12,49819,1,0,0,0,0,0
agentsight,e58fce112c6e,complete,24996755784a70c2,aa62c897f02714d3,13543,13544,1,17,1,0,0,0,0,0
agentsight,e58fce112c6e,complete,aa62c897f02714d3,ff98630ccebf583f,13544,13780,236,3474880,2,11,6,0,0,0
agentsight,e58fce112c6e,complete,ff98630ccebf583f,47744e2a864c1355,13780,13790,10,108499,1,3,2,0,0,0
agentsight,e58fce112c6e,complete,47744e2a864c1355,db3c5ff68fdd088d,13790,13791,1,6454,1,0,0,0,0,0
agentsight,e58fce112c6e,complete,db3c5ff68fdd088d,c777d184648254e4,13791,13797,6,105129,1,1,1,0,0,0
agentsight,e58fce112c6e,complete,c777d184648254e4,741ecff965928bcf,13797,13798,1,4340,1,0,0,0,0,0
agentsight,e58fce112c6e,complete,741ecff965928bcf,6ea376740f28cc15,13798,13804,6,30435,1,0,0,0,0,0
agentsight,e58fce112c6e,complete,6ea376740f28cc15,bf9f5b5143e12687,13804,13814,10,75803,1,0,0,0,0,0
agentsight,e58fce112c6e,complete,bf9f5b5143e12687,291f7fb160290d46,13814,13886,72,2029342,1,21,12,0,0,0
agentsight,e58fce112c6e,complete,291f7fb160290d46,1fa027f50a349aaa,13886,13888,2,8533,1,0,0,0,0,0
agentsight,e58fce112c6e,complete,1fa027f50a349aaa,c5d81cb6852c8b02,13888,13897,9,58861,1,3,1,0,0,0
agentsight,e58fce112c6e,complete,c5d81cb6852c8b02,47a99813c84cd5fe,13897,13898,1,4209,1,0,0,0,0,0
agentsight,e58fce112c6e,complete,47a99813c84cd5fe,200038c8856413a5,13898,13906,8,139231,1,3,3,0,0,0
agentsight,e58fce112c6e,complete,200038c8856413a5,38f1a86d5cb21718,13906,13933,27,240920,1,12,3,0,0,0
agentsight,e58fce112c6e,complete,38f1a86d5cb21718,90c4973f94b0a849,13933,13938,5,21349,1,2,2,1,0,0
agentsight,e58fce112c6e,complete,90c4973f94b0a849,73a30ec48d9ce580,13938,13946,8,2900214,1,0,0,0,0,0
agentsight,e58fce112c6e,complete,73a30ec48d9ce580,5ab4bcee12cde78e,13946,13950,4,27027,1,0,0,1,0,0
agentsight,e58fce112c6e,complete,5ab4bcee12cde78e,193ea499775d8163,13950,13951,1,13903,1,0,0,0,0,0
agentsight,e58fce112c6e,complete,193ea499775d8163,aea1bbfc7e581338,13951,14142,191,1356610,2,0,0,0,0,0
agentsight,e58fce112c6e,complete,aea1bbfc7e581338,090af887cf19e809,14142,14145,3,43146,1,0,0,0,0,0
agentsight,e58fce112c6e,complete,090af887cf19e809,fb4bfed1d11f94e5,14145,14152,7,21911,1,0,0,2,0,0
agentsight,e58fce112c6e,complete,fb4bfed1d11f94e5,2d2a189f7c813a21,14152,14154,2,21,1,0,0,1,0,0
agentsight,e58fce112c6e,complete,2d2a189f7c813a21,bd6dc33eb7950bf3,14154,14155,1,22476,1,0,0,0,0,0
agentsight,e58fce112c6e,complete,bd6dc33eb7950bf3,3b91a3836deae370,14155,14156,1,40,1,0,0,0,0,0
agentsight,e58fce112c6e,complete,3b91a3836deae370,ccf862fac6ccfb52,14156,14157,1,0,1,0,0,0,0,0
agentsight,e58fce112c6e,complete,ccf862fac6ccfb52,3c7c1da07403014c,14157,14159,2,10045,1,0,0,0,0,0
agentsight,e58fce112c6e,complete,3c7c1da07403014c,307ec5505f29d334,14159,14160,1,35,1,0,0,0,0,0
agentsight,e58fce112c6e,complete,307ec5505f29d334,008715c7f76d927f,14160,14161,1,0,1,0,0,0,0,0
agentsight,e58fce112c6e,complete,008715c7f76d927f,c223e455d097d40d,14161,14162,1,1,1,0,0,0,0,0
agentsight,e58fce112c6e,complete,c223e455d097d40d,ff9f8e5cd3e3fe36,14162,14163,1,9831,1,0,0,0,0,0
agentsight,e58fce112c6e,complete,ff9f8e5cd3e3fe36,f545b4c842e744ea,14163,14175,12,32944,1,0,0,0,0,0
agentsight,e58fce112c6e,complete,f545b4c842e744ea,d2b60fbe36bf9214,14175,14176,1,8101,1,0,0,0,0,0
agentsight,e58fce112c6e,complete,d2b60fbe36bf9214,9554a892e22a2140,14176,14199,23,63203,1,0,0,1,0,0
agentsight,e58fce112c6e,complete,9554a892e22a2140,abf1746e04b9edb2,14199,14204,5,33549,1,0,0,0,0,0
agentsight,e58fce112c6e,complete,abf1746e04b9edb2,4812b8233e6fe778,14204,14206,2,7994,1,0,0,1,0,0
agentsight,e58fce112c6e,complete,4812b8233e6fe778,930740015067f37b,14206,14207,1,0,1,0,0,0,0,0
agentsight,e58fce112c6e,complete,930740015067f37b,26e9ab7dc55330f0,14207,14248,41,366118,1,0,0,0,0,0
agentsight,e58fce112c6e,complete,26e9ab7dc55330f0,1e8d069ce640ae3c,14248,14249,1,37,1,0,0,0,0,0
agentsight,e58fce112c6e,complete,1e8d069ce640ae3c,b39eda9db0d172de,14249,14251,2,14830,1,0,0,1,0,0
agentsight,e58fce112c6e,complete,b39eda9db0d172de,700e99961dc1e4a4,14251,14252,1,35,1,0,0,0,0,0
agentsight,e58fce112c6e,complete,700e99961dc1e4a4,29c2e2db9e8c7ff1,14252,14253,1,1,1,0,0,0,0,0
agentsight,e58fce112c6e,complete,29c2e2db9e8c7ff1,71112ae37d202147,14253,14254,1,0,1,0,0,0,0,0
agentsight,e58fce112c6e,complete,71112ae37d202147,157adedb17c01242,14254,14273,19,83782,1,0,0,0,0,0
agentsight,e58fce112c6e,complete,157adedb17c01242,fd405c72cf4d331d,14273,14274,1,0,1,0,0,0,0,0
agentsight,e58fce112c6e,complete,fd405c72cf4d331d,dc54ac4291a36f95,14274,14301,27,261974,1,0,0,0,0,0
agentsight,e58fce112c6e,complete,dc54ac4291a36f95,04c34cf5572c85ee,14301,14307,6,25204,1,0,0,2,0,0
agentsight,e58fce112c6e,complete,04c34cf5572c85ee,21ce8cf7340f4363,14307,14308,1,30,1,0,0,0,0,0
agentsight,e58fce112c6e,complete,21ce8cf7340f4363,d1c4db2d1e69f11a,14308,14309,1,1,1,0,0,0,0,0
agentsight,e58fce112c6e,complete,d1c4db2d1e69f11a,120a95a6f820dc23,14309,14310,1,10254,1,0,0,0,0,0
agentsight,e58fce112c6e,complete,120a95a6f820dc23,547ef7be3104969c,14310,14311,1,0,1,0,0,0,0,0
agentsight,e58fce112c6e,complete,547ef7be3104969c,60a3fa9de63feed3,14311,14312,1,20,1,0,0,0,0,0
agentsight,e58fce112c6e,complete,60a3fa9de63feed3,f5d893b0a0c2404f,14312,14313,1,0,1,0,0,0,0,0
agentsight,e58fce112c6e,complete,f5d893b0a0c2404f,9b618b216fd728fa,14313,14330,17,43070,1,0,0,0,0,0
agentsight,e58fce112c6e,complete,9b618b216fd728fa,18a000307cca2059,14330,14335,5,43679,1,0,0,2,0,0
agentsight,e58fce112c6e,complete,18a000307cca2059,4b8332b316873828,14335,14336,1,2,1,0,0,0,0,0
agentsight,e58fce112c6e,complete,4b8332b316873828,abb1e9cb562b6804,14336,14337,1,0,1,0,0,0,0,0
agentsight,e58fce112c6e,complete,abb1e9cb562b6804,5887acc51d13c943,14337,14338,1,0,1,0,0,0,0,0
agentsight,e58fce112c6e,complete,5887acc51d13c943,0679ae67841deee3,14338,14347,9,146893,1,0,0,0,0,0
agentsight,e58fce112c6e,complete,0679ae67841deee3,96ecbddf7f45fb4d,14347,14348,1,1,1,0,0,0,0,0
agentsight,e58fce112c6e,complete,96ecbddf7f45fb4d,85d6e57f50b62ffb,14348,14349,1,0,1,0,0,0,0,0
agentsight,e58fce112c6e,complete,85d6e57f50b62ffb,00877f65035cd98b,14349,14350,1,13082,1,0,0,0,0,0
agentsight,e58fce112c6e,complete,00877f65035cd98b,4d84191d89e8e032,14350,14351,1,45,1,0,0,0,0,0
agentsight,e58fce112c6e,complete,4d84191d89e8e032,cf26c6f14b2e5f63,14351,14352,1,0,1,0,0,0,0,0
agentsight,e58fce112c6e,complete,cf26c6f14b2e5f63,b4868539415ed6f7,14352,14353,1,0,1,0,0,0,0,0
agentsight,e58fce112c6e,complete,b4868539415ed6f7,f54dc2ee367ebf94,14353,14368,15,80253,1,0,0,0,0,0
agentsight,e58fce112c6e,complete,f54dc2ee367ebf94,3f7d0b5cd33d4551,14368,14369,1,1,1,0,0,0,0,0
agentsight,e58fce112c6e,complete,3f7d0b5cd33d4551,c7d74dd9feb1bb2c,14369,14370,1,0,1,0,0,0,0,0
agentsight,e58fce112c6e,complete,c7d74dd9feb1bb2c,2b22fd19c52ba449,14370,14377,7,70626,1,0,0,0,0,0
agentsight,e58fce112c6e,complete,2b22fd19c52ba449,3a92d40d81d3c89f,14377,14378,1,0,1,0,0,0,0,0
agentsight,e58fce112c6e,complete,3a92d40d81d3c89f,23b2c8c025942701,14378,14379,1,38,1,0,0,0,0,0
agentsight,e58fce112c6e,complete,23b2c8c025942701,28488f9dcbd1feae,14379,14380,1,9306,1,0,0,0,0,0
agentsight,e58fce112c6e,complete,28488f9dcbd1feae,6b6e0c932c5da23f,14380,14381,1,1,1,0,0,0,0,0
agentsight,e58fce112c6e,complete,6b6e0c932c5da23f,cd95d54a577665f8,14381,14382,1,42,1,0,0,0,0,0
agentsight,e58fce112c6e,complete,cd95d54a577665f8,2b9562a0038139ba,14382,14383,1,0,1,0,0,0,0,0
agentsight,e58fce112c6e,complete,2b9562a0038139ba,8e4aea2019e08a24,14383,14394,11,43322,1,0,0,0,0,0
agentsight,e58fce112c6e,complete,8e4aea2019e08a24,be7a3f82163446b7,14394,14395,1,2,1,0,0,0,0,0
agentsight,e58fce112c6e,complete,be7a3f82163446b7,ab7333c77d3a59ef,14395,14396,1,16,1,0,0,0,0,0
agentsight,e58fce112c6e,complete,ab7333c77d3a59ef,a35ff6a9d5dd04e7,14396,14433,37,491651,1,0,0,1,0,0
agentsight,e58fce112c6e,complete,a35ff6a9d5dd04e7,28c14187b1a69555,14433,14434,1,8257,1,0,0,0,0,0
agentsight,e58fce112c6e,complete,28c14187b1a69555,907d0eaecb8dd648,14434,14435,1,0,1,0,0,0,0,0
agentsight,e58fce112c6e,complete,907d0eaecb8dd648,b73d40fa7418ac5e,14435,14436,1,0,1,0,0,0,0,0
agentsight,e58fce112c6e,complete,b73d40fa7418ac5e,d3d472ed3465a87a,14436,14437,1,0,1,0,0,0,0,0
agentsight,e58fce112c6e,complete,d3d472ed3465a87a,173d691ded243379,14437,14457,20,79882,1,0,0,0,0,0
agentsight,e58fce112c6e,complete,173d691ded243379,1e5bde2590aacce1,14457,14458,1,0,1,0,0,0,0,0
agentsight,e58fce112c6e,complete,1e5bde2590aacce1,d5b77262050b1ab6,14458,14459,1,0,1,0,0,0,0,0
agentsight,e58fce112c6e,complete,d5b77262050b1ab6,4c16d8b4d4d31108,14459,14460,1,0,1,0,0,0,0,0
agentsight,e58fce112c6e,complete,4c16d8b4d4d31108,5f1927654d0c1231,14460,14478,18,154858,1,0,0,0,0,0
agentsight,e58fce112c6e,complete,5f1927654d0c1231,01e9eb2b5bdf32dc,14478,14479,1,1,1,0,0,0,0,0
agentsight,e58fce112c6e,complete,01e9eb2b5bdf32dc,4892821b31435609,14479,14480,1,0,1,0,0,0,0,0
agentsight,e58fce112c6e,complete,4892821b31435609,39ed2be0be61deef,14480,14481,1,10154,1,0,0,0,0,0
agentsight,e58fce112c6e,complete,39ed2be0be61deef,62f239589afd564f,14481,14482,1,3,1,0,0,0,0,0
agentsight,e58fce112c6e,complete,62f239589afd564f,26677d771ddf475f,14482,14483,1,0,1,0,0,0,0,0
agentsight,e58fce112c6e,complete,26677d771ddf475f,c0a0544ea6b6145d,14483,14498,15,46927,1,0,0,0,0,0
agentsight,e58fce112c6e,complete,c0a0544ea6b6145d,2641428b568aede1,14498,14499,1,0,1,0,0,0,0,0
agentsight,e58fce112c6e,complete,2641428b568aede1,2aafe07f6e739c76,14499,14500,1,0,1,0,0,0,0,0
agentsight,e58fce112c6e,complete,2aafe07f6e739c76,cef1e34cd2eddd0c,14500,14501,1,0,1,0,0,0,0,0
agentsight,e58fce112c6e,complete,cef1e34cd2eddd0c,4ff46691692f72da,14501,14508,7,2096072,2,0,0,0,0,0
agentsight,e58fce112c6e,complete,4ff46691692f72da,3eb5397d10f79ffb,14508,14509,1,5467,1,0,0,0,0,0
agentsight,e58fce112c6e,complete,3eb5397d10f79ffb,98c1a7224cd21127,14509,14597,88,2235359,2,0,0,0,0,0
agentsight,e58fce112c6e,complete,98c1a7224cd21127,efe9b67c556ee38d,14597,14601,4,26031,1,0,0,0,0,0
agentsight,e58fce112c6e,complete,efe9b67c556ee38d,a3c404f904221e22,14601,14602,1,1,1,0,0,0,0,0
agentsight,e58fce112c6e,complete,a3c404f904221e22,4fbbcfbc52f073c0,14602,14603,1,0,1,0,0,0,0,0
agentsight,e58fce112c6e,complete,4fbbcfbc52f073c0,74a719f47372cd09,14603,14607,4,49231,1,0,0,0,0,0
agentsight,e58fce112c6e,complete,74a719f47372cd09,2da7aaa4e4b4c339,14607,14608,1,2,1,0,0,0,0,0
agentsight,e58fce112c6e,complete,2da7aaa4e4b4c339,423f8c52c30bbf08,14608,14609,1,0,1,0,0,0,0,0
agentsight,e58fce112c6e,complete,423f8c52c30bbf08,849b2cfde49934de,14609,14610,1,5,1,0,0,0,0,0
agentsight,e58fce112c6e,complete,849b2cfde49934de,e48c2ce1876dbd32,14610,14666,56,81296,2,0,0,0,0,0
agentsight,e58fce112c6e,complete,e48c2ce1876dbd32,c78798b83eb988ad,14666,14815,149,284470,2,0,0,3,0,0
agentsight,e58fce112c6e,complete,c78798b83eb988ad,84240de62ad73ecc,14815,14820,5,11378,2,0,0,0,0,0
agentsight,e58fce112c6e,complete,84240de62ad73ecc,17d3ba0bc2049ef9,14820,14821,1,0,1,0,0,0,0,0
agentsight,e58fce112c6e,complete,17d3ba0bc2049ef9,a77bf6ba2b2bca07,14821,14822,1,0,1,0,0,0,0,0
agentsight,e58fce112c6e,complete,a77bf6ba2b2bca07,13598e76dd112c3b,14822,14823,1,8437,1,0,0,0,0,0
agentsight,e58fce112c6e,complete,13598e76dd112c3b,64f350138a8288dc,14823,14874,51,375897,2,0,0,2,0,0
agentsight,e58fce112c6e,complete,64f350138a8288dc,ba0c85fd166c1bba,14874,14879,5,19368,1,0,0,2,0,0
agentsight,e58fce112c6e,complete,ba0c85fd166c1bba,2cd0c10be7f9754c,14879,14880,1,19,1,0,0,0,0,0
agentsight,e58fce112c6e,complete,2cd0c10be7f9754c,6d56d447a54a7882,14880,14881,1,29,1,0,0,0,0,0
agentsight,e58fce112c6e,complete,6d56d447a54a7882,c461f2bf2e069b43,14881,14882,1,11092,1,0,0,0,0,0
agentsight,e58fce112c6e,complete,c461f2bf2e069b43,0eb32504ff47bf93,14882,14895,13,41754,1,0,0,0,0,0
agentsight,e58fce112c6e,complete,0eb32504ff47bf93,c8daa8f041979b7e,14895,14897,2,22977,1,0,0,0,0,0
agentsight,e58fce112c6e,complete,c8daa8f041979b7e,13dbe9866a84fbd4,14897,14929,32,57488,2,0,0,0,0,0
agentsight,e58fce112c6e,complete,13dbe9866a84fbd4,f57ff877217b322c,14929,14982,53,91306,2,7,6,1,0,0
agentsight,e58fce112c6e,complete,f57ff877217b322c,119836b2f861c2f2,14982,15009,27,270313,1,0,0,0,0,0
agentsight,e58fce112c6e,complete,119836b2f861c2f2,078b9d0b1a683a5d,15009,15010,1,0,1,0,0,0,0,0
agentsight,e58fce112c6e,complete,078b9d0b1a683a5d,53e7c914f96888d7,15010,15011,1,8,1,0,0,0,0,0
agentsight,e58fce112c6e,complete,53e7c914f96888d7,d3d503da39272dc8,15011,15016,5,55770,1,0,0,0,0,0
agentsight,e58fce112c6e,complete,d3d503da39272dc8,26c7288b9a0f8f59,15016,15017,1,10,1,0,0,0,0,0
agentsight,e58fce112c6e,complete,26c7288b9a0f8f59,7707008fc76336c1,15017,15018,1,17,1,0,0,0,0,0
agentsight,e58fce112c6e,complete,7707008fc76336c1,e2fbbce48ba0cfb4,15018,15019,1,18655,1,0,0,0,0,0
agentsight,e58fce112c6e,complete,e2fbbce48ba0cfb4,2bb9fa65570e51df,15019,15041,22,103020,1,0,0,0,0,0
agentsight,e58fce112c6e,complete,2bb9fa65570e51df,6d81ac395dca4333,15041,15151,110,228402,2,0,0,1,0,0
agentsight,e58fce112c6e,complete,6d81ac395dca4333,5d7a7e564d908468,15151,15152,1,10,1,0,0,0,0,0
agentsight,e58fce112c6e,complete,5d7a7e564d908468,93378692cf74c372,15152,15190,38,49225,2,0,0,1,0,0
agentsight,e58fce112c6e,complete,93378692cf74c372,2fa586c80f20b403,15190,15205,15,42623,2,0,0,1,0,0
agentsight,e58fce112c6e,complete,2fa586c80f20b403,d41687c0b13f5935,15205,15236,31,474999,1,0,0,0,0,0
agentsight,e58fce112c6e,complete,d41687c0b13f5935,e86f82f0df043083,15236,15283,47,93830,2,0,0,0,0,0
agentsight,e58fce112c6e,complete,e86f82f0df043083,9cc45fd891e0b742,15283,15291,8,8796,2,0,0,0,0,0
agentsight,e58fce112c6e,complete,9cc45fd891e0b742,591609dd8ef54d14,15291,15353,62,152908,2,0,0,0,0,0
agentsight,e58fce112c6e,complete,591609dd8ef54d14,747000a8c17ac26f,15353,15354,1,0,1,0,0,0,0,0
agentsight,e58fce112c6e,complete,747000a8c17ac26f,ec1069874194e841,15354,15392,38,99792,2,0,0,0,0,0
agentsight,e58fce112c6e,complete,ec1069874194e841,2487bb04002d4d7a,15392,15495,103,422953,2,0,0,0,0,0
agentsight,e58fce112c6e,complete,2487bb04002d4d7a,389e7dbd060084f2,15495,15496,1,4779,1,0,0,0,0,0
agentsight,e58fce112c6e,complete,389e7dbd060084f2,efcb6bfcbe3ea878,15496,15521,25,61842,1,0,0,0,0,0
agentsight,e58fce112c6e,complete,efcb6bfcbe3ea878,0fdb7b1a76ec9e25,15521,15531,10,121275,1,0,0,0,0,0
agentsight,e58fce112c6e,complete,0fdb7b1a76ec9e25,d4ef9ab1d0348246,15531,15532,1,3766,1,0,0,0,0,0
agentsight,e58fce112c6e,complete,d4ef9ab1d0348246,653044846f175bfd,15532,15578,46,918585,2,5,3,0,0,0
agentsight,e58fce112c6e,complete,653044846f175bfd,f0c3ced838e4edb7,15578,15579,1,3680,1,0,0,0,0,0
agentsight,e58fce112c6e,complete,f0c3ced838e4edb7,b78d5aa0d09fbb28,15579,15584,5,65449,1,1,1,0,0,0
agentsight,e58fce112c6e,complete,b78d5aa0d09fbb28,8db525e30aa184a6,15584,15587,3,8247,1,2,1,0,0,0
agentsight,e58fce112c6e,complete,8db525e30aa184a6,8f05b8dc911bf42a,15587,15589,2,12149,1,0,0,0,0,0
agentsight,e58fce112c6e,complete,8f05b8dc911bf42a,a5ce9e417eead2b8,15589,15811,222,1227076,3,17,5,0,0,0
agentsight,e58fce112c6e,complete,a5ce9e417eead2b8,6e2a07514b7f0964,15811,15836,25,145662,1,5,1,0,0,0
agentsight,e58fce112c6e,complete,6e2a07514b7f0964,070cc3d0facfbb87,15836,15843,7,52691,1,1,1,0,0,0
agentsight,e58fce112c6e,complete,070cc3d0facfbb87,21e4ea1acf917807,15843,15844,1,9763,1,0,0,0,0,0
agentsight,e58fce112c6e,complete,21e4ea1acf917807,94652d7829632ed1,15844,15851,7,78493,1,0,0,0,0,0
agentsight,e58fce112c6e,complete,94652d7829632ed1,ab2e6961572a9136,15851,15912,61,412938,2,2,1,0,0,0
agentsight,e58fce112c6e,complete,ab2e6961572a9136,40c604e2e2637dd1,15912,15913,1,0,1,0,0,0,0,0
agentsight,e58fce112c6e,complete,40c604e2e2637dd1,5422e4e378cbdd12,15913,15978,65,515367,2,8,1,0,0,0
agentsight,e58fce112c6e,complete,5422e4e378cbdd12,15f4e0c40d53e4c4,15978,15983,5,10780,2,0,0,0,0,0
agentsight,e58fce112c6e,complete,15f4e0c40d53e4c4,4f68dff58b77a9f7,15983,16001,18,40139,2,0,0,0,0,0
agentsight,e58fce112c6e,complete,4f68dff58b77a9f7,d47ae625dd8dbade,16001,16024,23,52448,2,0,0,0,0,0
agentsight,e58fce112c6e,complete,d47ae625dd8dbade,6a94a1f7a837ad83,16024,16053,29,151970,2,5,3,0,0,0
agentsight,e58fce112c6e,complete,6a94a1f7a837ad83,bb97a6c23746de9d,16053,16054,1,6700,1,0,0,0,0,0
agentsight,e58fce112c6e,complete,bb97a6c23746de9d,285a18145a7aae12,16054,16055,1,7078,1,0,0,0,0,0
agentsight,e58fce112c6e,complete,285a18145a7aae12,fefd1bb9715d69f3,16055,16056,1,7264,1,0,0,0,0,0
agentsight,e58fce112c6e,complete,fefd1bb9715d69f3,242586c28a57cb1c,16056,16057,1,7326,1,0,0,0,0,0
agentsight,e58fce112c6e,complete,242586c28a57cb1c,984c7bb4c0be5dd5,16057,16063,6,34214,1,2,2,0,0,0
agentsight,e58fce112c6e,complete,984c7bb4c0be5dd5,51235da72430a4f6,16063,16064,1,6010,1,0,0,0,0,0
agentsight,e58fce112c6e,complete,51235da72430a4f6,d30d31f7eb1f1c28,16064,16065,1,6745,1,0,0,0,0,0
agentsight,e58fce112c6e,complete,d30d31f7eb1f1c28,d3cb527306844479,16065,16068,3,14476,1,1,1,0,0,0
agentsight,e58fce112c6e,complete,d3cb527306844479,b1f7fa7c41e62d29,16068,16069,1,7800,1,0,0,0,0,0
agentsight,e58fce112c6e,complete,b1f7fa7c41e62d29,d8f6ac20dc9983e7,16069,16409,340,5858081,1,8,5,0,0,0
agentsight,e58fce112c6e,complete,d8f6ac20dc9983e7,2cd27ecddfc060a3,16409,16637,228,3735360,2,9,5,0,0,0
agentsight,e58fce112c6e,complete,2cd27ecddfc060a3,95dc23c928882521,16637,16676,39,168218,2,0,0,2,0,0
agentsight,e58fce112c6e,complete,95dc23c928882521,d46ffb69bb0386dd,16676,16677,1,10017,1,0,0,0,0,0
agentsight,e58fce112c6e,complete,d46ffb69bb0386dd,abf94ae4ba514170,16677,16679,2,6773,1,0,0,0,0,0
agentsight,e58fce112c6e,complete,abf94ae4ba514170,a0b741d0e53995a1,16679,16716,37,107447,2,0,0,0,0,0
agentsight,e58fce112c6e,complete,a0b741d0e53995a1,f063dbcf03a03e3a,16716,16729,13,35706,2,0,0,0,0,0
agentsight,e58fce112c6e,complete,f063dbcf03a03e3a,169467b24401508c,16729,16737,8,23184,2,0,0,0,0,0
agentsight,e58fce112c6e,complete,169467b24401508c,f28abe3d8c7a5761,16737,16738,1,1,1,0,0,0,0,0
agentsight,e58fce112c6e,complete,f28abe3d8c7a5761,22e70fe070726e6c,16738,16784,46,88431,2,0,0,0,0,0
agentsight,e58fce112c6e,complete,22e70fe070726e6c,c16e25828972451c,16784,16785,1,0,1,0,0,0,0,0
agentsight,e58fce112c6e,complete,c16e25828972451c,534d866ec65b88e1,16785,16789,4,7827,2,0,0,0,0,0
agentsight,e58fce112c6e,complete,534d866ec65b88e1,763d9c2a9e63ba5c,16789,16983,194,1156176,2,1,1,1,0,0
agentsight,e58fce112c6e,complete,763d9c2a9e63ba5c,7ef8ba29dd0b21c5,16983,16989,6,30171,1,0,0,0,0,0
agentsight,e58fce112c6e,complete,7ef8ba29dd0b21c5,40f694c2fed5196b,16989,16990,1,9196,1,0,0,0,0,0
agentsight,e58fce112c6e,complete,40f694c2fed5196b,100d1c6bb4419c03,16990,16991,1,0,1,0,0,0,0,0
agentsight,e58fce112c6e,complete,100d1c6bb4419c03,d7566462d1f8bd5d,16991,17027,36,532911,2,0,0,0,0,0
agentsight,e58fce112c6e,complete,d7566462d1f8bd5d,e322cb3141037fcf,17027,17028,1,0,1,0,0,0,0,0
agentsight,e58fce112c6e,complete,e322cb3141037fcf,3b598d946f8ec195,17028,17031,3,11531,2,0,0,0,0,0
agentsight,e58fce112c6e,complete,3b598d946f8ec195,8b84d77579c7eb73,17031,17041,10,51323,2,0,0,0,0,0
agentsight,e58fce112c6e,complete,8b84d77579c7eb73,e66e1fc21c2afadc,17041,17042,1,8862,1,0,0,0,0,0
agentsight,e58fce112c6e,complete,e66e1fc21c2afadc,77904da583b77c51,17042,17047,5,36738,1,1,1,0,0,0
agentsight,e58fce112c6e,complete,77904da583b77c51,b199ca4d9994b0b3,17047,17120,73,3026171,1,0,0,0,0,0
agentsight,e58fce112c6e,complete,b199ca4d9994b0b3,14b1af1db0bc991a,17120,17125,5,97919,1,0,0,0,0,0
agentsight,e58fce112c6e,complete,14b1af1db0bc991a,6c63f82a4828e3d5,17125,17130,5,149466,2,1,1,0,0,1
agentsight,e58fce112c6e,complete,6c63f82a4828e3d5,7227ea7b76a2df36,17130,17134,4,63042,1,1,1,0,0,0
agentsight,e58fce112c6e,complete,7227ea7b76a2df36,7ba956c5d029def4,17134,17138,4,35990,1,0,0,0,0,0
agentsight,e58fce112c6e,complete,7ba956c5d029def4,4124be96baf8c4c5,17138,17146,8,82566,1,1,1,0,0,0
agentsight,e58fce112c6e,complete,4124be96baf8c4c5,76f6bfa93556aab7,17146,17219,73,98559327,2,3,3,0,0,0
agentsight,e58fce112c6e,complete,76f6bfa93556aab7,152869faf30c2d43,17219,17230,11,61831,1,0,0,0,0,0
agentsight,e58fce112c6e,complete,152869faf30c2d43,c4494d28e1dd5495,17230,17231,1,36,1,0,0,0,0,0
agentsight,e58fce112c6e,complete,c4494d28e1dd5495,f7a712495c9abd32,17231,17234,3,43003,1,0,0,0,0,0
agentsight,e58fce112c6e,complete,f7a712495c9abd32,aa6a83c3c913bb61,17234,17278,44,244221134,2,2,2,0,0,0
agentsight,e58fce112c6e,complete,aa6a83c3c913bb61,5779c4fdd0220dd8,17278,17280,2,17333,1,0,0,0,0,0
agentsight,e58fce112c6e,complete,5779c4fdd0220dd8,d64d8ae53a13d849,17280,17344,64,420693,3,0,0,0,0,0
agentsight,e58fce112c6e,complete,d64d8ae53a13d849,1748ddeb25a31207,17344,17345,1,59,1,0,0,0,0,0
agentsight,e58fce112c6e,complete,1748ddeb25a31207,5a90546b9549ba9a,17345,17348,3,22596,1,0,0,0,0,0
agentsight,e58fce112c6e,complete,5a90546b9549ba9a,a0325493103a16d1,17348,17362,14,99265,1,0,0,0,0,0
agentsight,e58fce112c6e,complete,a0325493103a16d1,3a302ccdd5401ca2,17362,17369,7,47773,1,0,0,0,0,0
agentsight,e58fce112c6e,complete,3a302ccdd5401ca2,55ab08effeb1ce45,17369,17370,1,81,1,0,0,0,0,0
agentsight,e58fce112c6e,complete,55ab08effeb1ce45,e076eb839b74bc7a,17370,17409,39,542231,1,0,0,0,0,0
agentsight,e58fce112c6e,complete,e076eb839b74bc7a,190a7d2e0423d86c,17409,17446,37,336088,1,0,0,1,0,0
agentsight,e58fce112c6e,complete,190a7d2e0423d86c,e4021befdb910cb5,17446,17447,1,7679,1,0,0,0,0,0
agentsight,e58fce112c6e,complete,e4021befdb910cb5,7d74a81c42d4b210,17447,17453,6,63676,1,0,0,0,0,0
agentsight,e58fce112c6e,complete,7d74a81c42d4b210,6eb0058e0d7ab4ec,17453,17454,1,117,1,0,0,0,0,0
agentsight,e58fce112c6e,complete,6eb0058e0d7ab4ec,23d9d450a9c38802,17454,17459,5,44030,1,0,0,0,0,0
agentsight,e58fce112c6e,complete,23d9d450a9c38802,b5ef084b9e5e8adb,17459,17460,1,137,1,0,0,0,0,0
agentsight,e58fce112c6e,complete,b5ef084b9e5e8adb,af71e74a0c7d31a4,17460,17465,5,45094,1,0,0,0,0,0
agentsight,e58fce112c6e,complete,af71e74a0c7d31a4,62057c3f2b16fe76,17465,17513,48,382922,1,0,0,0,0,0
agentsight,e58fce112c6e,complete,62057c3f2b16fe76,0a756da396061f8b,17513,17544,31,270564,2,0,0,0,1,0
agentsight,e58fce112c6e,complete,0a756da396061f8b,0ab4653a4637b91b,17544,17545,1,21,1,0,0,0,0,0
agentsight,e58fce112c6e,complete,0ab4653a4637b91b,ee97598d53679268,17545,17547,2,71290,1,0,0,0,0,0
agentsight,e58fce112c6e,complete,ee97598d53679268,23e39a834883def9,17547,17548,1,0,1,0,0,0,0,0
agentsight,e58fce112c6e,complete,23e39a834883def9,693ee0f6141488bf,17548,17549,1,27,1,0,0,0,0,0
agentsight,e58fce112c6e,complete,693ee0f6141488bf,3d3f831f6d62665e,17549,17551,2,27845,1,0,0,0,0,0
agentsight,e58fce112c6e,complete,3d3f831f6d62665e,b4c8e55cf3601908,17551,17563,12,84429,1,0,0,0,0,0
agentsight,e58fce112c6e,complete,b4c8e55cf3601908,97101edf8fef64a7,17563,17564,1,32,1,0,0,0,0,0
agentsight,e58fce112c6e,complete,97101edf8fef64a7,3a3fa7a770eb1ea7,17564,17565,1,14294,1,0,0,0,0,0
agentsight,e58fce112c6e,complete,3a3fa7a770eb1ea7,d04ef5ed8f7856ed,17565,17589,24,107419,1,0,0,0,0,0
agentsight,e58fce112c6e,complete,d04ef5ed8f7856ed,35f916f74cd8598c,17589,17590,1,19698,1,0,0,0,0,0
agentsight,e58fce112c6e,complete,35f916f74cd8598c,e3f8db75c953c6c5,17590,17602,12,1557092,1,0,0,0,0,0
agentsight,e58fce112c6e,complete,e3f8db75c953c6c5,c962610247630de1,17602,17797,195,14326436,3,2,2,0,1,0
agentsight,e58fce112c6e,complete,c962610247630de1,91014681a30ab0dd,17797,17816,19,61664,1,0,0,0,0,0
agentsight,e58fce112c6e,complete,91014681a30ab0dd,96ce83dac8583022,17816,17837,21,44471,1,0,0,0,0,0
agentsight,e58fce112c6e,complete,96ce83dac8583022,5d97ddcddd454337,17837,17845,8,16616,1,0,0,0,0,0
agentsight,e58fce112c6e,complete,5d97ddcddd454337,420508523e3e749e,17845,17864,19,163424,1,0,0,0,0,0
agentsight,e58fce112c6e,complete,420508523e3e749e,020b0e52832d53d3,17864,17906,42,335386,1,0,0,0,1,0
agentsight,e58fce112c6e,complete,020b0e52832d53d3,e637e1aa5641aa35,17906,17910,4,17915,1,0,0,0,0,0
agentsight,e58fce112c6e,complete,e637e1aa5641aa35,044cd24d81873979,17910,17921,11,102411,1,0,0,1,0,0
agentsight,e58fce112c6e,complete,044cd24d81873979,6783322cd2eb74a6,17921,17928,7,41993,1,0,0,0,0,0
agentsight,e58fce112c6e,complete,6783322cd2eb74a6,bbaff77adcc30567,17928,17989,61,849059,1,0,0,0,0,0
agentsight,e58fce112c6e,complete,bbaff77adcc30567,43190fa58a8d7ddc,17989,18016,27,127909,1,0,0,0,0,0
agentsight,e58fce112c6e,complete,43190fa58a8d7ddc,8704350ad56db41f,18016,18024,8,64795,1,0,0,1,0,0
agentsight,e58fce112c6e,complete,8704350ad56db41f,0ded63112a2e7d69,18024,18025,1,6846,1,0,0,0,0,0
agentsight,e58fce112c6e,complete,0ded63112a2e7d69,ea43cff6a95647be,18025,18048,23,139783,1,0,0,0,0,0
agentsight,e58fce112c6e,complete,ea43cff6a95647be,d7c86562f3348f8d,18048,18104,56,425511,1,0,0,0,0,0
agentsight,e58fce112c6e,complete,d7c86562f3348f8d,b27c43dfc5422d0b,18104,18176,72,39077890,1,0,0,2,0,0
agentsight,e58fce112c6e,complete,b27c43dfc5422d0b,2ec9b1c47ca17d41,18176,18179,3,319700,1,0,0,0,0,0
agentsight,e58fce112c6e,complete,2ec9b1c47ca17d41,73946a08165bacc4,18179,18203,24,26110740,2,0,0,0,0,0
agentsight,e58fce112c6e,complete,73946a08165bacc4,5539ed69c714b779,18203,18224,21,108755,1,0,0,0,0,0
agentsight,e58fce112c6e,complete,5539ed69c714b779,5fd0edc168648947,18224,18247,23,154625,1,0,0,0,0,0
agentsight,e58fce112c6e,complete,5fd0edc168648947,5543736544d9fed1,18247,18267,20,773818,1,0,0,0,0,0
agentsight,e58fce112c6e,complete,5543736544d9fed1,d19b737e44c1819a,18267,18268,1,10946,1,0,0,0,0,0
agentsight,e58fce112c6e,complete,d19b737e44c1819a,e745e5139509436d,18268,18303,35,1192192,3,4,4,0,0,0
agentsight,e58fce112c6e,complete,e745e5139509436d,da2289ea2a149d23,18303,18304,1,8661,1,0,0,0,0,0
agentsight,e58fce112c6e,complete,da2289ea2a149d23,9dccb81a4ea93355,18304,18325,21,307565,2,2,2,0,0,0
agentsight,e58fce112c6e,complete,9dccb81a4ea93355,c92133e5ec7ca8dc,18325,18330,5,30067,1,0,0,1,0,0
agentsight,e58fce112c6e,complete,c92133e5ec7ca8dc,6e19eb8954aacb71,18330,18331,1,0,1,0,0,0,0,0
agentsight,e58fce112c6e,complete,6e19eb8954aacb71,f97864145daa1a9d,18331,18332,1,40,1,0,0,0,0,0
agentsight,e58fce112c6e,complete,f97864145daa1a9d,f33362593db92282,18332,18337,5,23982,1,0,0,1,0,0
agentsight,e58fce112c6e,complete,f33362593db92282,05a5884e4b623373,18337,18338,1,7170,1,0,0,0,0,0
agentsight,e58fce112c6e,complete,05a5884e4b623373,7418616580024e92,18338,18356,18,297640,1,0,0,0,0,0
agentsight,e58fce112c6e,complete,7418616580024e92,d4590c97a541a5e8,18356,18358,2,8728,1,0,0,0,0,0
agentsight,e58fce112c6e,complete,d4590c97a541a5e8,7f0b1195ede72ef7,18358,18359,1,17739,1,0,0,0,0,0
agentsight,e58fce112c6e,complete,7f0b1195ede72ef7,1bb0e1a669206a81,18359,18373,14,372852,1,0,0,0,0,0
agentsight,e58fce112c6e,complete,1bb0e1a669206a81,94c1ca786056a332,18373,18374,1,75,1,0,0,0,0,0
agentsight,e58fce112c6e,complete,94c1ca786056a332,2aeebe507cc10592,18374,18375,1,14945,1,0,0,0,0,0
agentsight,e58fce112c6e,complete,2aeebe507cc10592,2a5fb8ed6048caaf,18375,18406,31,375656,1,0,0,0,0,0
agentsight,e58fce112c6e,complete,2a5fb8ed6048caaf,b0859728b260d1ff,18406,18422,16,293920,1,0,0,0,0,0
agentsight,e58fce112c6e,complete,b0859728b260d1ff,fc238049bfacada1,18422,18450,28,3296295,1,0,0,0,0,0
agentsight,e58fce112c6e,complete,fc238049bfacada1,3ba9278dd7b56085,18450,18451,1,73,1,0,0,0,0,0
agentsight,e58fce112c6e,complete,3ba9278dd7b56085,3bd339240126f7fd,18451,18513,62,631652,1,0,0,0,0,0
agentsight,e58fce112c6e,complete,3bd339240126f7fd,2b273e9c675b1e11,18513,18533,20,90418,1,0,0,0,0,0
agentsight,e58fce112c6e,complete,2b273e9c675b1e11,048f51057f87e2d0,18533,18534,1,33,1,0,0,0,0,0
agentsight,e58fce112c6e,complete,048f51057f87e2d0,4ca10d21d7398d60,18534,18598,64,531591,1,3,3,1,0,0
agentsight,e58fce112c6e,complete,4ca10d21d7398d60,5a4e47271ddbb439,18598,18599,1,2104,1,0,0,0,0,0
agentsight,e58fce112c6e,complete,5a4e47271ddbb439,951cd80a3907bef3,18599,18604,5,20200,1,0,0,0,0,0
agentsight,e58fce112c6e,complete,951cd80a3907bef3,bccc845083171f27,18604,18614,10,48729,1,0,0,0,0,0
agentsight,e58fce112c6e,complete,bccc845083171f27,dbd7db07fbd10450,18614,18632,18,141485,1,0,0,1,0,0
agentsight,e58fce112c6e,complete,dbd7db07fbd10450,d00a4982e8b17c6a,18632,18679,47,634424,1,0,0,1,3,0
agentsight,e58fce112c6e,complete,d00a4982e8b17c6a,8910e0c5cd7bb8ac,18679,18692,13,68991,1,1,1,0,0,0
agentsight,e58fce112c6e,complete,8910e0c5cd7bb8ac,7fd44103760b1992,18692,18693,1,181,1,0,0,0,0,0
agentsight,e58fce112c6e,complete,7fd44103760b1992,d705e0cf80c4c1f0,18693,18694,1,12688,1,0,0,0,0,0
agentsight,e58fce112c6e,complete,d705e0cf80c4c1f0,22dd17a9b9096d42,18694,18737,43,342521,1,0,0,1,1,0
agentsight,e58fce112c6e,complete,22dd17a9b9096d42,d0e4c54b5ffb190f,18737,18743,6,60633,1,0,0,0,0,0
agentsight,e58fce112c6e,complete,d0e4c54b5ffb190f,09394bd2aaada1e8,18743,18745,2,78198,1,0,0,0,0,0
agentsight,e58fce112c6e,complete,09394bd2aaada1e8,2da7a5db0c2ac240,18745,18752,7,96736,1,0,0,1,0,0
agentsight,e58fce112c6e,complete,2da7a5db0c2ac240,5940344680f5d613,18752,18756,4,36668,1,0,0,0,0,0
agentsight,e58fce112c6e,complete,5940344680f5d613,f02ba7b7db424004,18756,18758,2,45039,1,0,0,0,0,0
agentsight,e58fce112c6e,complete,f02ba7b7db424004,4269fd198cd3008a,18758,18766,8,64738,1,0,0,0,0,0
agentsight,e58fce112c6e,complete,4269fd198cd3008a,4b61719c46b6a6d4,18766,18767,1,106,1,0,0,0,0,0
agentsight,e58fce112c6e,complete,4b61719c46b6a6d4,e29f508b88bfc342,18767,18768,1,17841,1,0,0,0,0,0
agentsight,e58fce112c6e,complete,e29f508b88bfc342,7a30790a755aa5e1,18768,18772,4,31091,1,0,0,0,0,0
agentsight,e58fce112c6e,complete,7a30790a755aa5e1,84a190308fbc6b36,18772,18950,178,7394836,2,1,1,0,0,0
agentsight,e58fce112c6e,complete,84a190308fbc6b36,c67acdaba950af4f,18950,18990,40,294750,1,15,5,0,0,0
agentsight,e58fce112c6e,complete,c67acdaba950af4f,8d527a52744f767a,18990,18991,1,21732,1,0,0,0,0,0
agentsight,e58fce112c6e,complete,8d527a52744f767a,8430056e7e5b81db,18991,19022,31,658961,1,14,13,0,0,0
agentsight,e58fce112c6e,complete,8430056e7e5b81db,a674cde4e1f01ccd,19022,19023,1,8920,1,0,0,0,0,0
agentsight,e58fce112c6e,complete,a674cde4e1f01ccd,51ac5c7d6ebeefff,19023,19028,5,31589,1,4,2,0,0,0
agentsight,e58fce112c6e,complete,51ac5c7d6ebeefff,18a5c178fc64e11e,19028,19031,3,19964,1,2,1,0,0,0
agentsight,e58fce112c6e,complete,18a5c178fc64e11e,240ee25c94115ec1,19031,19032,1,11661,1,0,0,0,0,0
agentsight,e58fce112c6e,complete,240ee25c94115ec1,0596dfd85b674ccd,19032,19034,2,11477,1,1,1,0,0,0
agentsight,e58fce112c6e,complete,0596dfd85b674ccd,f1c7cff6c85ac5e4,19034,19046,12,178209,1,3,3,0,0,0
agentsight,e58fce112c6e,complete,f1c7cff6c85ac5e4,c9bef7573111eb75,19046,19073,27,273377,1,15,13,0,0,0
agentsight,e58fce112c6e,complete,c9bef7573111eb75,468194d7d4f546d1,19073,19083,10,180416,1,4,4,0,0,0
agentsight,e58fce112c6e,complete,468194d7d4f546d1,1ea5d3d8f7700697,19083,19093,10,110319,1,0,0,0,0,0
agentsight,e58fce112c6e,complete,1ea5d3d8f7700697,1b604b1529002b05,19093,19123,30,27734607,1,9,5,0,0,0
agentsight,e58fce112c6e,complete,1b604b1529002b05,9e846eec2add85b9,19123,19181,58,322503,1,37,11,0,0,0
agentsight,e58fce112c6e,complete,9e846eec2add85b9,90942f14e8d1b89b,19181,19185,4,21565,1,1,1,0,0,0
agentsight,e58fce112c6e,complete,90942f14e8d1b89b,6018f2f38ecea999,19185,19186,1,4962,1,0,0,0,0,0
agentsight,e58fce112c6e,complete,6018f2f38ecea999,9cb68ed4d695ce75,19186,19187,1,4790,1,0,0,0,0,0
agentsight,e58fce112c6e,complete,9cb68ed4d695ce75,b9ac6bf5773988dd,19187,19188,1,4232,1,0,0,0,0,0
agentsight,e58fce112c6e,complete,b9ac6bf5773988dd,b2cb4e1f1d3e68f1,19188,19196,8,62187,1,10,9,0,0,0
agentsight,e58fce112c6e,complete,b2cb4e1f1d3e68f1,2eca5e5eb26b52df,19196,19199,3,8387,1,2,1,0,0,0
agentsight,e58fce112c6e,complete,2eca5e5eb26b52df,8fb9623fd34ff827,19199,19200,1,8291,1,0,0,0,0,0
agentsight,e58fce112c6e,complete,8fb9623fd34ff827,04ecc2b6b674c6ab,19200,19202,2,7595,1,0,0,0,0,0
agentsight,e58fce112c6e,complete,04ecc2b6b674c6ab,e828f0c78958840d,19202,19204,2,6722,1,0,0,0,0,0
agentsight,e58fce112c6e,complete,e828f0c78958840d,37d8cdf5b473d63a,19204,19211,7,152573,1,1,1,0,0,0
agentsight,e58fce112c6e,complete,37d8cdf5b473d63a,828aee509ff31f97,19211,19262,51,784234,1,26,5,0,0,0
agentsight,e58fce112c6e,complete,828aee509ff31f97,79d741dae3e861b0,19262,19263,1,7343,1,0,0,0,0,0
agentsight,e58fce112c6e,complete,79d741dae3e861b0,1869e1edd380efc2,19263,19264,1,5980,1,0,0,0,0,0
agentsight,e58fce112c6e,complete,1869e1edd380efc2,c6519589b4f02dbf,19264,19292,28,184177,1,7,6,0,0,0
agentsight,e58fce112c6e,complete,c6519589b4f02dbf,941dc59f875542d4,19292,19295,3,18372,1,0,0,0,0,0
agentsight,e58fce112c6e,complete,941dc59f875542d4,e872c2d96be99dd5,19295,19302,7,58706,1,3,2,0,0,0
agentsight,e58fce112c6e,complete,e872c2d96be99dd5,3d0e67ad0fccb5f5,19302,19303,1,5225,1,0,0,0,0,0
agentsight,e58fce112c6e,complete,3d0e67ad0fccb5f5,1c05cd82b920e999,19303,19308,5,35014,1,1,1,0,0,0
agentsight,e58fce112c6e,complete,1c05cd82b920e999,adc3f64723133240,19308,19310,2,42441,1,0,0,0,0,0
agentsight,e58fce112c6e,complete,adc3f64723133240,91fa86ca8a771ce2,19310,19345,35,213444305,2,1,1,0,0,0
agentsight,e58fce112c6e,complete,91fa86ca8a771ce2,d813f86e6c2d13f7,19345,19346,1,30,1,0,0,0,0,0
agentsight,e58fce112c6e,complete,d813f86e6c2d13f7,9e3fda25d96843ca,19346,19446,100,2150501,1,0,0,0,0,0
agentsight,e58fce112c6e,complete,9e3fda25d96843ca,e85beb22fb2a6b54,19446,19447,1,0,1,0,0,0,0,0
agentsight,e58fce112c6e,complete,e85beb22fb2a6b54,7c6a11042100c33e,19447,19536,89,2266373,1,0,0,0,0,0
agentsight,e58fce112c6e,complete,7c6a11042100c33e,029dce508782e402,19536,19537,1,26,1,0,0,0,0,0
agentsight,e58fce112c6e,complete,029dce508782e402,cf57c25315a62a75,19537,19596,59,1654313,1,0,0,0,0,0
agentsight,e58fce112c6e,complete,cf57c25315a62a75,21a0657320ebd745,19596,19602,6,46842,1,0,0,0,0,0
agentsight,e58fce112c6e,complete,21a0657320ebd745,14d3294f58bac99b,19602,19609,7,37941,1,0,0,0,0,0
agentsight,e58fce112c6e,complete,14d3294f58bac99b,9bc5462b50702ce5,19609,19613,4,24773,1,0,0,0,0,0
agentsight,e58fce112c6e,complete,9bc5462b50702ce5,ad1581aa5828f5d5,19613,19618,5,22787,1,0,0,0,0,0
agentsight,e58fce112c6e,complete,ad1581aa5828f5d5,1c9e06f31346d8af,19618,19621,3,7957,1,0,0,0,0,0
agentsight,e58fce112c6e,complete,1c9e06f31346d8af,0e035362c76d5a59,19621,19629,8,21496,1,0,0,0,0,0
agentsight,e58fce112c6e,complete,0e035362c76d5a59,ad9239615767d97b,19629,19661,32,229416,1,0,0,1,0,0
agentsight,e58fce112c6e,complete,ad9239615767d97b,334f08e7cde3f22f,19661,19662,1,0,1,0,0,0,0,0
agentsight,e58fce112c6e,complete,334f08e7cde3f22f,63ee5a19837fae56,19662,19663,1,33,1,0,0,0,0,0
agentsight,e58fce112c6e,complete,63ee5a19837fae56,ca4054bfa3d3b808,19663,19673,10,143936,1,0,0,1,0,0
agentsight,e58fce112c6e,complete,ca4054bfa3d3b808,44e069404a51fcc7,19673,19679,6,23999,1,0,0,3,0,0
agentsight,e58fce112c6e,complete,44e069404a51fcc7,332f973b675622fe,19679,19680,1,138,1,0,0,0,0,0
agentsight,e58fce112c6e,complete,332f973b675622fe,8df5289ea564e0f9,19680,19683,3,19166,1,0,0,0,0,0
agentsight,e58fce112c6e,complete,8df5289ea564e0f9,e4ebafbd3afcf3a2,19683,19684,1,71,1,0,0,0,0,0
agentsight,e58fce112c6e,complete,e4ebafbd3afcf3a2,5dfcd2c5e45b0b9d,19684,19702,18,203491,1,0,0,2,0,0
agentsight,e58fce112c6e,complete,5dfcd2c5e45b0b9d,5507446f4bbffdde,19702,19706,4,27554,1,0,0,0,0,0
agentsight,e58fce112c6e,complete,5507446f4bbffdde,0ec59bd5a4d12a7e,19706,19707,1,38,1,0,0,0,0,0
agentsight,e58fce112c6e,complete,0ec59bd5a4d12a7e,b69183c436aef157,19707,19821,114,766787,1,0,0,0,0,0
agentsight,e58fce112c6e,complete,b69183c436aef157,46050fc30e7d6c81,19821,19823,2,9403,1,0,0,1,0,0
agentsight,e58fce112c6e,complete,46050fc30e7d6c81,84ebb48d2df9d44e,19823,19824,1,76,1,0,0,0,0,0
agentsight,e58fce112c6e,complete,84ebb48d2df9d44e,017c64537c9cb3bb,19824,19831,7,88918,1,0,0,0,0,0
agentsight,e58fce112c6e,complete,017c64537c9cb3bb,e8832b599bb04329,19831,19865,34,160716,1,0,0,1,0,0
agentsight,e58fce112c6e,complete,e8832b599bb04329,62f3175328df72ab,19865,19877,12,116547,1,0,0,0,0,0
agentsight,e58fce112c6e,complete,62f3175328df72ab,a1e73d8f91602d6a,19877,19878,1,4367,1,0,0,0,0,0
agentsight,e58fce112c6e,complete,a1e73d8f91602d6a,dd2c8e658367059d,19878,19887,9,72753,1,0,0,0,0,0
agentsight,e58fce112c6e,complete,dd2c8e658367059d,315de2c51cdb1641,19887,19888,1,3882,1,0,0,0,0,0
agentsight,e58fce112c6e,complete,315de2c51cdb1641,9dccc19572af8279,19888,19967,79,6479790,1,0,0,0,0,0
agentsight,e58fce112c6e,complete,9dccc19572af8279,253d09f8f5094c35,19967,20116,149,33184602,3,0,0,1,0,0
agentsight,e58fce112c6e,complete,253d09f8f5094c35,bec899ca4c5581e9,20116,20122,6,27051,1,0,0,0,0,0
agentsight,e58fce112c6e,complete,bec899ca4c5581e9,a4932732f7bbd4b5,20122,20123,1,11428,1,0,0,0,0,0
agentsight,e58fce112c6e,complete,a4932732f7bbd4b5,07eb564220ff934b,20123,20145,22,112534,1,0,0,0,0,0
agentsight,e58fce112c6e,complete,07eb564220ff934b,0f62548609e94a1f,20145,20146,1,10054,1,0,0,0,0,0
agentsight,e58fce112c6e,complete,0f62548609e94a1f,601033d653f03c08,20146,20246,100,22014800,2,0,0,2,2,0
agentsight,e58fce112c6e,complete,601033d653f03c08,45a78df649933e3e,20246,20427,181,9882071,1,0,0,1,0,0
agentsight,e58fce112c6e,complete,45a78df649933e3e,91f5fae2ed319dc5,20427,20432,5,43370,1,0,0,0,0,0
agentsight,e58fce112c6e,complete,91f5fae2ed319dc5,efd33cef72ffe737,20432,20439,7,37443,1,0,0,0,0,0
agentsight,e58fce112c6e,complete,efd33cef72ffe737,164c06a8aa66d386,20439,20447,8,46446,1,0,0,0,0,0
agentsight,e58fce112c6e,complete,164c06a8aa66d386,e895c497bafc3b6c,20447,20486,39,250887,1,0,0,0,0,0
agentsight,e58fce112c6e,complete,e895c497bafc3b6c,679f7c4a91e862ca,20486,20492,6,87186,1,1,1,0,0,0
agentsight,e58fce112c6e,complete,679f7c4a91e862ca,a02fd4457634541c,20492,20510,18,177187,1,4,4,0,0,0
agentsight,e58fce112c6e,complete,a02fd4457634541c,ad7657d0195acf71,20510,20531,21,160393,1,2,2,0,0,0
agentsight,e58fce112c6e,complete,ad7657d0195acf71,5c1aed9bb60db2be,20531,20575,44,380971,1,0,0,0,0,0
agentsight,e58fce112c6e,complete,5c1aed9bb60db2be,0d9f789cdf086dfb,20575,20585,10,130433,1,2,2,0,0,0
agentsight,e58fce112c6e,complete,0d9f789cdf086dfb,2409e9c77c8c136b,20585,20586,1,112,1,0,0,0,0,0
agentsight,e58fce112c6e,complete,2409e9c77c8c136b,c18ee602bb13c846,20586,20646,60,581642,1,0,0,0,0,0
agentsight,e58fce112c6e,complete,c18ee602bb13c846,b4dbea96aaa122c2,20646,20647,1,44,1,0,0,0,0,0
agentsight,e58fce112c6e,complete,b4dbea96aaa122c2,e2972ffca866264b,20647,20680,33,304167,1,0,0,0,0,0
agentsight,e58fce112c6e,complete,e2972ffca866264b,c3116fd05b4e97d1,20680,20685,5,90540,1,2,2,0,0,0
agentsight,e58fce112c6e,complete,c3116fd05b4e97d1,61f9a0abd04f054b,20685,20711,26,96922,1,0,0,0,0,0
agentsight,e58fce112c6e,complete,61f9a0abd04f054b,c1fba7dff8059584,20711,20734,23,95961,1,0,0,0,0,0
agentsight,e58fce112c6e,complete,c1fba7dff8059584,d6752b8438d916b8,20734,20745,11,157346,1,2,2,0,0,0
agentsight,e58fce112c6e,complete,d6752b8438d916b8,1c3d241329d838b2,20745,20755,10,26573,1,0,0,0,0,0
agentsight,e58fce112c6e,complete,1c3d241329d838b2,92b60e3362607b7d,20755,20772,17,103819,1,0,0,0,0,0
agentsight,e58fce112c6e,complete,92b60e3362607b7d,2ce04f4dfc51f58b,20772,20796,24,341992,1,0,0,0,0,0
agentsight,e58fce112c6e,complete,2ce04f4dfc51f58b,56bb49d47b4e68da,20796,20797,1,0,1,0,0,0,0,0
agentsight,e58fce112c6e,complete,56bb49d47b4e68da,7a4db947b2a62287,20797,20817,20,229516,1,1,1,0,0,0
agentsight,e58fce112c6e,complete,7a4db947b2a62287,c6433fff0b2eb5bf,20817,20818,1,0,1,0,0,0,0,0
agentsight,e58fce112c6e,complete,c6433fff0b2eb5bf,67d01e8a7cc29ddf,20818,20849,31,102489,1,0,0,0,0,0
agentsight,e58fce112c6e,complete,67d01e8a7cc29ddf,d7d8ca04f61ebd91,20849,20896,47,215342,1,0,0,0,0,0
agentsight,e58fce112c6e,complete,d7d8ca04f61ebd91,b5749f7be2c06137,20896,20897,1,3885,1,0,0,0,0,0
agentsight,e58fce112c6e,complete,b5749f7be2c06137,e39394c53db03d33,20897,20907,10,220378,1,0,0,0,0,0
agentsight,e58fce112c6e,complete,e39394c53db03d33,7449a2d276c89636,20907,20908,1,72,1,0,0,0,0,0
agentsight,e58fce112c6e,complete,7449a2d276c89636,d61dbea11f18162c,20908,20914,6,114713,1,0,0,0,1,0
agentsight,e58fce112c6e,complete,d61dbea11f18162c,cdde0069a639962b,20914,20916,2,18787,1,0,0,0,0,0
agentsight,e58fce112c6e,complete,cdde0069a639962b,553cc89eeb51b655,20916,20917,1,0,1,0,0,0,0,0
agentsight,e58fce112c6e,complete,553cc89eeb51b655,25ce292ee23c2030,20917,20918,1,0,1,0,0,0,0,0
agentsight,e58fce112c6e,complete,25ce292ee23c2030,80778b43f85bf390,20918,20927,9,37880,1,0,0,0,0,0
agentsight,e58fce112c6e,complete,80778b43f85bf390,20d3479fe1c7cd8f,20927,20928,1,0,1,0,0,0,0,0
agentsight,e58fce112c6e,complete,20d3479fe1c7cd8f,0d0ba898de342325,20928,20929,1,24,1,0,0,0,0,0
agentsight,e58fce112c6e,complete,0d0ba898de342325,210de1c708eaa5f4,20929,20939,10,39682,1,0,0,0,0,0
agentsight,e58fce112c6e,complete,210de1c708eaa5f4,44109e5dd2b04a26,20939,20964,25,258178,1,0,0,0,0,0
agentsight,e58fce112c6e,complete,44109e5dd2b04a26,425b6d94015db777,20964,20965,1,33,1,0,0,0,0,0
agentsight,e58fce112c6e,complete,425b6d94015db777,a2a68203cc23e6a3,20965,21004,39,83456,1,0,0,0,0,0
agentsight,e58fce112c6e,complete,a2a68203cc23e6a3,bfd57e5530cc33bb,21004,21005,1,17,1,0,0,0,0,0
agentsight,e58fce112c6e,complete,bfd57e5530cc33bb,be46323bc92ebf97,21005,21006,1,17,1,0,0,0,0,0
agentsight,e58fce112c6e,complete,be46323bc92ebf97,f366ce4b531b676a,21006,21016,10,170560,1,0,0,0,0,0
agentsight,e58fce112c6e,complete,f366ce4b531b676a,915cf863bca4d9b5,21016,21021,5,18298,1,0,0,1,0,0
agentsight,e58fce112c6e,complete,915cf863bca4d9b5,8c9d97fbb5adb56c,21021,21022,1,0,1,0,0,0,0,0
agentsight,e58fce112c6e,complete,8c9d97fbb5adb56c,c60b9336382ffd9b,21022,21047,25,99816,1,0,0,0,0,0
agentsight,e58fce112c6e,complete,c60b9336382ffd9b,451acda13e1ec9f6,21047,21094,47,422353,1,0,0,0,0,0
agentsight,e58fce112c6e,complete,451acda13e1ec9f6,acb8c33a47fdac8c,21094,21095,1,21,1,0,0,0,0,0
agentsight,e58fce112c6e,complete,acb8c33a47fdac8c,8172d375dbb0888c,21095,21097,2,11697,1,0,0,0,0,0
agentsight,e58fce112c6e,complete,8172d375dbb0888c,7566cb6bbef01f95,21097,21114,17,55064,1,0,0,0,0,0
agentsight,e58fce112c6e,complete,7566cb6bbef01f95,7c83ec5a4b98b178,21114,21115,1,30,1,0,0,0,0,0
agentsight,e58fce112c6e,complete,7c83ec5a4b98b178,dca2e7c6c64262e9,21115,21120,5,5893,1,0,0,0,0,0
agentsight,e58fce112c6e,complete,dca2e7c6c64262e9,5e7719f44f4cf596,21120,21142,22,52050,1,0,0,0,0,0
agentsight,e58fce112c6e,complete,5e7719f44f4cf596,6ed10d249c75feec,21142,21155,13,258172,1,0,0,0,0,0
agentsight,e58fce112c6e,complete,6ed10d249c75feec,a128bdd14f986bf8,21155,21156,1,78,1,0,0,0,0,0
agentsight,e58fce112c6e,complete,a128bdd14f986bf8,dd48b73de830443d,21156,21158,2,7525,1,0,0,0,0,0
agentsight,e58fce112c6e,complete,dd48b73de830443d,ec613610bfef1f00,21158,21168,10,33979,1,0,0,0,0,0
agentsight,e58fce112c6e,complete,ec613610bfef1f00,942f23b85995c63a,21168,21169,1,4861,1,0,0,0,0,0
agentsight,e58fce112c6e,complete,942f23b85995c63a,cb66401b2953287c,21169,21184,15,60643,1,0,0,0,0,0
agentsight,e58fce112c6e,complete,cb66401b2953287c,300b82fca8522abd,21184,21186,2,6745,1,0,0,0,0,0
agentsight,e58fce112c6e,complete,300b82fca8522abd,23a489cd6406563f,21186,21187,1,19,1,0,0,0,0,0
agentsight,e58fce112c6e,complete,23a489cd6406563f,f31bd56b527fb180,21187,21217,30,217294,1,0,0,0,0,0
agentsight,e58fce112c6e,complete,f31bd56b527fb180,aa9b7a56a7df61e3,21217,21227,10,99456,1,0,0,0,0,0
agentsight,e58fce112c6e,complete,aa9b7a56a7df61e3,da4af026a6ca9fec,21227,21229,2,6729,1,0,0,0,0,0
agentsight,e58fce112c6e,complete,da4af026a6ca9fec,d4c60adb028e9cc5,21229,21239,10,56504,1,0,0,0,0,0
agentsight,e58fce112c6e,complete,d4c60adb028e9cc5,61cf7f5710e08671,21239,21240,1,18,1,0,0,0,0,0
agentsight,e58fce112c6e,complete,61cf7f5710e08671,e7d6298af67bb370,21240,21250,10,6050462,1,0,0,0,0,0
agentsight,e58fce112c6e,complete,e7d6298af67bb370,46bb66e0d2b48e5b,21250,21251,1,0,1,0,0,0,0,0
agentsight,e58fce112c6e,complete,46bb66e0d2b48e5b,b6ad0509a56de82b,21251,21252,1,122,1,0,0,0,0,0
agentsight,e58fce112c6e,complete,b6ad0509a56de82b,c90afa9a49df473b,21252,21271,19,75525,1,0,0,0,0,0
agentsight,e58fce112c6e,complete,c90afa9a49df473b,89c5d8740f39da19,21271,21272,1,0,1,0,0,0,0,0
agentsight,e58fce112c6e,complete,89c5d8740f39da19,28744c17d6c47a89,21272,21307,35,5914185,1,0,0,0,0,0
agentsight,e58fce112c6e,complete,28744c17d6c47a89,3ce47ddd5fb6b199,21307,21308,1,0,1,0,0,0,0,0
agentsight,e58fce112c6e,complete,3ce47ddd5fb6b199,73b84455363face2,21308,21311,3,8694,1,0,0,0,0,0
agentsight,e58fce112c6e,complete,73b84455363face2,6379a9c39e846202,21311,21333,22,494177,1,0,0,0,0,0
agentsight,e58fce112c6e,complete,6379a9c39e846202,5c080b5a029d3f1b,21333,21426,93,1390520,1,0,0,1,0,0
agentsight,e58fce112c6e,complete,5c080b5a029d3f1b,846f37d06cf3a339,21426,21427,1,0,1,0,0,0,0,0
agentsight,e58fce112c6e,complete,846f37d06cf3a339,7fa298ad33f63d1c,21427,21489,62,416987,1,0,0,0,0,0
agentsight,e58fce112c6e,complete,7fa298ad33f63d1c,be66c7d3f48add9d,21489,21490,1,0,1,0,0,0,0,0
agentsight,e58fce112c6e,complete,be66c7d3f48add9d,44ba074af4a0eca9,21490,21506,16,50145,1,2,2,0,0,0
agentsight,e58fce112c6e,complete,44ba074af4a0eca9,0955938cad472368,21506,21507,1,20,1,0,0,0,0,0
agentsight,e58fce112c6e,complete,0955938cad472368,068e928840713ab0,21507,21521,14,756651,1,0,0,0,0,0
agentsight,e58fce112c6e,complete,068e928840713ab0,ef12eaef10f3d18a,21521,21575,54,1691803,1,0,0,0,0,0
agentsight,e58fce112c6e,complete,ef12eaef10f3d18a,d8777bfec349ce22,21575,21611,36,413087,1,0,0,0,0,0
agentsight,e58fce112c6e,complete,d8777bfec349ce22,6c58f77fbdf809a7,21611,21697,86,482552,1,1,1,0,0,0
agentsight,e58fce112c6e,complete,6c58f77fbdf809a7,d9c8ecf1092b970f,21697,21815,118,31060181,1,0,0,1,0,0
agentsight,e58fce112c6e,complete,d9c8ecf1092b970f,14d3c4636a20c995,21815,21823,8,28205,1,0,0,0,0,0
agentsight,e58fce112c6e,complete,14d3c4636a20c995,0f6ca9a71ac29085,21823,21838,15,88600,1,0,0,0,0,0
agentsight,e58fce112c6e,complete,0f6ca9a71ac29085,4a9e0a780d23d498,21838,21849,11,54950,1,0,0,0,0,0
agentsight,e58fce112c6e,complete,4a9e0a780d23d498,ec56b30baa156810,21849,21866,17,127501,1,0,0,2,0,0
agentsight,e58fce112c6e,complete,ec56b30baa156810,cf5326f96e46bca0,21866,21869,3,9509,1,0,0,0,0,0
agentsight,e58fce112c6e,complete,cf5326f96e46bca0,3897b4beb516250b,21869,21886,17,97247,1,0,0,0,0,0
agentsight,e58fce112c6e,complete,3897b4beb516250b,19482c608c6ea279,21886,21888,2,8595,1,0,0,0,0,0
agentsight,e58fce112c6e,complete,19482c608c6ea279,21f5b5357bd7ff95,21888,21893,5,52581,1,0,0,0,0,0
agentsight,e58fce112c6e,complete,21f5b5357bd7ff95,a8f1f3c147197337,21893,21895,2,11770,1,0,0,0,0,0
agentsight,e58fce112c6e,complete,a8f1f3c147197337,5e7857a9267a2826,21895,21915,20,121661,1,0,0,1,0,0
agentsight,e58fce112c6e,complete,5e7857a9267a2826,c6bba02bd9650a32,21915,21937,22,136607,1,0,0,0,0,0
agentsight,e58fce112c6e,complete,c6bba02bd9650a32,9d366d30d574b385,21937,21939,2,10020,1,0,0,0,0,0
agentsight,e58fce112c6e,complete,9d366d30d574b385,56e28c72c7c012eb,21939,21941,2,25152,1,0,0,0,0,0
agentsight,e58fce112c6e,complete,56e28c72c7c012eb,10d11de5180b4ffd,21941,21943,2,7089,1,0,0,0,0,0
agentsight,e58fce112c6e,complete,10d11de5180b4ffd,feb5dfd6b7ed73d6,21943,21945,2,21235,1,0,0,0,0,0
agentsight,e58fce112c6e,complete,feb5dfd6b7ed73d6,1092e8fef66ce990,21945,21963,18,106073,1,0,0,1,0,0
agentsight,e58fce112c6e,complete,1092e8fef66ce990,2bea4940755b72f5,21963,21964,1,40,1,0,0,0,0,0
agentsight,e58fce112c6e,complete,2bea4940755b72f5,6e8b13e9fee5bf1e,21964,21982,18,103077,1,0,0,1,0,0
agentsight,e58fce112c6e,complete,6e8b13e9fee5bf1e,55dda5eecfc5ef31,21982,22039,57,6341613,1,0,0,0,0,0
agentsight,e58fce112c6e,complete,55dda5eecfc5ef31,bbed3a59e4b87e04,22039,22071,32,160848,1,0,0,0,0,0
agentsight,e58fce112c6e,complete,bbed3a59e4b87e04,4786fc5a7e5cd7fe,22071,22207,136,1450281,1,1,1,0,0,0
agentsight,e58fce112c6e,complete,4786fc5a7e5cd7fe,bf2ae4cdb154921d,22207,22208,1,1,1,0,0,0,0,0
agentsight,e58fce112c6e,complete,bf2ae4cdb154921d,5b586d63abbfe8eb,22208,22253,45,267790,1,1,1,0,0,0
agentsight,e58fce112c6e,complete,5b586d63abbfe8eb,bd534606fe33065b,22253,22254,1,3,1,0,0,0,0,0
agentsight,e58fce112c6e,complete,bd534606fe33065b,3679b2f3e1232719,22254,22262,8,36989,1,0,0,0,0,0
agentsight,e58fce112c6e,complete,3679b2f3e1232719,88e6e53ac4d1b58a,22262,22314,52,278104,1,1,1,5,0,0
agentsight,e58fce112c6e,complete,88e6e53ac4d1b58a,8eca123a093b1f4b,22314,22315,1,0,1,0,0,0,0,0
agentsight,e58fce112c6e,complete,8eca123a093b1f4b,294362ba56194477,22315,22316,1,52,1,0,0,0,0,0
agentsight,e58fce112c6e,complete,294362ba56194477,2ca91a5054efcb8d,22316,22318,2,32622,1,0,0,0,0,0
agentsight,e58fce112c6e,complete,2ca91a5054efcb8d,ffee2273e686df1c,22318,22319,1,0,1,0,0,0,0,0
agentsight,e58fce112c6e,complete,ffee2273e686df1c,e8e40a0174bfd17f,22319,22320,1,32,1,0,0,0,0,0
agentsight,e58fce112c6e,complete,e8e40a0174bfd17f,65b2b4a90715f96e,22320,22324,4,28773,1,0,0,0,0,0
agentsight,e58fce112c6e,complete,65b2b4a90715f96e,625421709ebdedf5,22324,22325,1,0,1,0,0,0,0,0
agentsight,e58fce112c6e,complete,625421709ebdedf5,ba890eb2759f0b00,22325,22326,1,37,1,0,0,0,0,0
agentsight,e58fce112c6e,complete,ba890eb2759f0b00,6668c6cd595190ef,22326,22380,54,497169,1,0,0,0,0,0
agentsight,e58fce112c6e,complete,6668c6cd595190ef,1c123a13e156cc7f,22380,22381,1,0,1,0,0,0,0,0
agentsight,e58fce112c6e,complete,1c123a13e156cc7f,713a6f01614dce95,22381,22382,1,126,1,0,0,0,0,0
agentsight,e58fce112c6e,complete,713a6f01614dce95,05e37af64317aec1,22382,22391,9,63270,1,0,0,0,0,0
agentsight,e58fce112c6e,complete,05e37af64317aec1,6b71c8d002b89d28,22391,22393,2,6540,1,0,0,0,0,0
agentsight,e58fce112c6e,complete,6b71c8d002b89d28,ae29ec7a870dcd7d,22393,22447,54,313145,1,1,1,0,0,0
agentsight,e58fce112c6e,complete,ae29ec7a870dcd7d,950eaca98e1ff4cf,22447,22481,34,246461,1,0,0,0,0,0
agentsight,e58fce112c6e,complete,950eaca98e1ff4cf,977238eb34064f86,22481,22482,1,21,1,0,0,0,0,0
agentsight,e58fce112c6e,complete,977238eb34064f86,0c2bfb42582c21bf,22482,22483,1,46,1,0,0,0,0,0
agentsight,e58fce112c6e,complete,0c2bfb42582c21bf,74f7ddac270d2f7c,22483,22550,67,324051,1,1,1,0,0,0
agentsight,e58fce112c6e,complete,74f7ddac270d2f7c,cae069bec7a96da7,22550,22555,5,52237,1,0,0,1,0,0
agentsight,e58fce112c6e,complete,cae069bec7a96da7,c5cb9b6d4dab63d5,22555,22590,35,504349,1,0,0,0,0,0
agentsight,e58fce112c6e,complete,c5cb9b6d4dab63d5,cc3c069074ac88d0,22590,22599,9,50917,1,0,0,0,0,0
agentsight,e58fce112c6e,complete,cc3c069074ac88d0,d9af35a00d02012b,22599,22618,19,175223,1,0,0,0,0,0
agentsight,e58fce112c6e,complete,d9af35a00d02012b,feb4d7273122b37e,22618,22619,1,9,1,0,0,0,0,0
agentsight,e58fce112c6e,complete,feb4d7273122b37e,839be76086821a46,22619,22620,1,5,1,0,0,0,0,0
agentsight,e58fce112c6e,complete,839be76086821a46,4269253be070ae64,22620,22622,2,24527,1,1,1,0,0,0
agentsight,e58fce112c6e,complete,4269253be070ae64,01ff394db2398d1b,22622,22680,58,8364593,1,0,0,1,0,0
agentsight,e58fce112c6e,complete,01ff394db2398d1b,5c850bae1aeff17a,22680,22682,2,27515,1,0,0,0,0,0
agentsight,e58fce112c6e,complete,5c850bae1aeff17a,04ba530eeff47ad1,22682,22687,5,50466,1,0,0,0,0,0
agentsight,e58fce112c6e,complete,04ba530eeff47ad1,d06466bbf6025967,22687,22688,1,37334,1,0,0,0,0,0
agentsight,e58fce112c6e,complete,d06466bbf6025967,f5efa1fe495ccfc7,22688,22726,38,493003,1,0,0,0,0,0
agentsight,e58fce112c6e,complete,f5efa1fe495ccfc7,3a22b5c1faab23b8,22726,22735,9,104587,1,0,0,0,0,0
agentsight,e58fce112c6e,complete,3a22b5c1faab23b8,49dfa7fbe6d1ce37,22735,22736,1,25,1,0,0,0,0,0
agentsight,e58fce112c6e,complete,49dfa7fbe6d1ce37,2adc3574125c3e5f,22736,22737,1,24,1,0,0,0,0,0
agentsight,e58fce112c6e,complete,2adc3574125c3e5f,6908f73193978dfd,22737,22854,117,696017,1,1,1,0,0,0
agentsight,e58fce112c6e,complete,6908f73193978dfd,3f7c14f7908344f3,22854,22884,30,280360,1,0,0,0,0,0
agentsight,e58fce112c6e,complete,3f7c14f7908344f3,de4ae349f5bc33c0,22884,22915,31,358441,1,0,0,0,0,0
agentsight,e58fce112c6e,complete,de4ae349f5bc33c0,fd3514b6ba6ef12e,22915,22916,1,0,1,0,0,0,0,0
agentsight,e58fce112c6e,complete,fd3514b6ba6ef12e,279756e9b43b592d,22916,22917,1,72,1,0,0,0,0,0
agentsight,e58fce112c6e,complete,279756e9b43b592d,9d7daa9fe0f29b50,22917,22961,44,278560,1,1,1,0,0,0
agentsight,e58fce112c6e,complete,9d7daa9fe0f29b50,96e8f5f04c45fe43,22961,22962,1,23234,1,0,0,0,0,0
agentsight,e58fce112c6e,complete,96e8f5f04c45fe43,9cd29d1612380b29,22962,22963,1,0,1,0,0,0,0,0
agentsight,e58fce112c6e,complete,9cd29d1612380b29,c49ee7b76fc9c897,22963,22965,2,16984,1,0,0,0,0,0
agentsight,e58fce112c6e,complete,c49ee7b76fc9c897,d47c30d05b0d76a1,22965,23007,42,552245,6,0,0,0,0,0
agentsight,e58fce112c6e,complete,d47c30d05b0d76a1,9bffcccacf764e53,23007,23008,1,0,1,0,0,0,0,0
agentsight,e58fce112c6e,complete,9bffcccacf764e53,77b3d54551544a18,23008,23120,112,359124,6,1,1,0,0,0
agentsight,e58fce112c6e,complete,77b3d54551544a18,3b494e8933407942,23120,23150,30,198834,1,0,0,0,0,0
agentsight,e58fce112c6e,complete,3b494e8933407942,c051b9c8731ade5b,23150,23151,1,0,1,0,0,0,0,0
agentsight,e58fce112c6e,complete,c051b9c8731ade5b,de35dae333304312,23151,23153,2,9753,1,0,0,1,0,0
agentsight,e58fce112c6e,complete,de35dae333304312,e792249b799457cc,23153,23155,2,41,1,0,0,0,1,0
agentsight,e58fce112c6e,complete,e792249b799457cc,fe03d1cab116461c,23155,23157,2,59976,1,0,0,0,0,0
agentsight,e58fce112c6e,complete,fe03d1cab116461c,1ce595038e739842,23157,23200,43,418210,6,0,0,0,0,0
agentsight,e58fce112c6e,complete,1ce595038e739842,ed17263f86da89de,23200,23245,45,371507,6,0,0,0,0,0
agentsight,e58fce112c6e,complete,ed17263f86da89de,9d1dbf44695e7d5d,23245,23246,1,3,1,0,0,0,0,0
agentsight,e58fce112c6e,complete,9d1dbf44695e7d5d,47284a70797e541c,23246,23247,1,44,1,0,0,0,0,0
agentsight,e58fce112c6e,complete,47284a70797e541c,b8913e023a3ab9af,23247,23250,3,14305,1,0,0,0,0,0
agentsight,e58fce112c6e,complete,b8913e023a3ab9af,694a9416041864c3,23250,23253,3,18225,1,0,0,1,0,0
agentsight,e58fce112c6e,complete,694a9416041864c3,204b288af128fc0b,23253,23257,4,16407,1,0,0,0,0,0
agentsight,e58fce112c6e,complete,204b288af128fc0b,56cf3df483897f85,23257,23258,1,71,1,0,0,0,0,0
agentsight,e58fce112c6e,complete,56cf3df483897f85,f4b3995c981e8eb3,23258,23267,9,51990,1,1,1,0,0,0
agentsight,e58fce112c6e,complete,f4b3995c981e8eb3,eb16488832a335d6,23267,23268,1,256,1,0,0,0,0,0
agentsight,e58fce112c6e,complete,eb16488832a335d6,1bacb862921b3798,23268,23281,13,263266,1,0,0,0,0,0
agentsight,e58fce112c6e,complete,1bacb862921b3798,1c1d93b4eb91a721,23281,23282,1,50,1,0,0,0,0,0
agentsight,e58fce112c6e,complete,1c1d93b4eb91a721,4a875a0e2e0e2e36,23282,23309,27,266122,1,0,0,1,0,0
agentsight,e58fce112c6e,complete,4a875a0e2e0e2e36,d6044741b8c8c5e5,23309,23310,1,1,1,0,0,0,0,0
agentsight,e58fce112c6e,complete,d6044741b8c8c5e5,e4c41696f81d42f1,23310,23311,1,0,1,0,0,0,0,0
agentsight,e58fce112c6e,complete,e4c41696f81d42f1,c4be1d6dfbd9c164,23311,23313,2,34078,1,0,0,0,0,0
agentsight,e58fce112c6e,complete,c4be1d6dfbd9c164,1c219420c76d68c6,23313,23340,27,336552,6,0,0,0,0,0
agentsight,e58fce112c6e,complete,1c219420c76d68c6,b95f11fdeeaecd42,23340,23344,4,11173,1,0,0,0,0,0
agentsight,e58fce112c6e,complete,b95f11fdeeaecd42,225de2e9f737da80,23344,23345,1,41,1,0,0,0,0,0
agentsight,e58fce112c6e,complete,225de2e9f737da80,e6b38eb2a283ebb2,23345,23347,2,13899,1,0,0,0,0,0
agentsight,e58fce112c6e,complete,e6b38eb2a283ebb2,efd32e60cd852955,23347,23348,1,42,1,0,0,0,0,0
agentsight,e58fce112c6e,complete,efd32e60cd852955,628c7e68fbdae438,23348,23414,66,511379,1,1,1,0,0,0
agentsight,e58fce112c6e,complete,628c7e68fbdae438,157bfc0ee786b9e0,23414,23459,45,552088,1,0,0,0,0,0
agentsight,e58fce112c6e,complete,157bfc0ee786b9e0,29d46b98c38ea21b,23459,23461,2,47,1,0,0,0,0,0
agentsight,e58fce112c6e,complete,29d46b98c38ea21b,9ac59ea0ceb5fc78,23461,23462,1,15569,1,0,0,0,0,0
agentsight,e58fce112c6e,complete,9ac59ea0ceb5fc78,a5459fad20052f95,23462,23466,4,86524,2,0,0,0,0,0
agentsight,e58fce112c6e,complete,a5459fad20052f95,b43b3aea699adb21,23466,23468,2,5200,1,0,0,0,0,0
agentsight,e58fce112c6e,complete,b43b3aea699adb21,175eafbc663869ac,23468,23482,14,225660,2,0,0,0,0,0
agentsight,e58fce112c6e,complete,175eafbc663869ac,1e5830d53bdccc9f,23482,23483,1,0,1,0,0,0,0,0
agentsight,e58fce112c6e,complete,1e5830d53bdccc9f,8f16b7711a3aac48,23483,23484,1,0,1,0,0,0,0,0
agentsight,e58fce112c6e,complete,8f16b7711a3aac48,d8b0e0ef50464a0a,23484,23526,42,330627,1,0,0,1,0,0
agentsight,e58fce112c6e,complete,d8b0e0ef50464a0a,38b118b76a0c7e1a,23526,23528,2,18427,1,0,0,0,0,0
agentsight,e58fce112c6e,complete,38b118b76a0c7e1a,a09d7ebd680e2582,23528,23529,1,48,1,0,0,0,0,0
agentsight,e58fce112c6e,complete,a09d7ebd680e2582,40d5843219ecd10d,23529,23530,1,6907,1,0,0,0,0,0
agentsight,e58fce112c6e,complete,40d5843219ecd10d,bdaa85c305c6ce58,23530,23536,6,49274,2,0,0,0,0,0
agentsight,e58fce112c6e,complete,bdaa85c305c6ce58,3b108cf903e9ba0b,23536,23538,2,7605,1,0,0,0,0,0
agentsight,e58fce112c6e,complete,3b108cf903e9ba0b,1edc3dd8fa6eae11,23538,23568,30,305556,2,0,0,0,0,0
agentsight,e58fce112c6e,complete,1edc3dd8fa6eae11,d3a58cbc6d195638,23568,23570,2,32602,1,0,0,0,0,0
agentsight,e58fce112c6e,complete,d3a58cbc6d195638,324faef38c9ecca2,23570,23571,1,22,1,0,0,0,0,0
agentsight,e58fce112c6e,complete,324faef38c9ecca2,78849dc4ce3c74bc,23571,23572,1,6993,1,0,0,0,0,0
agentsight,e58fce112c6e,complete,78849dc4ce3c74bc,6ae75436203cd0d6,23572,23575,3,16149,1,0,0,0,1,0
agentsight,e58fce112c6e,complete,6ae75436203cd0d6,34eb7714c28c046a,23575,23601,26,193470,2,0,0,0,0,0
agentsight,e58fce112c6e,complete,34eb7714c28c046a,83ea4916b5f0ecab,23601,23602,1,5,1,0,0,0,0,0
agentsight,e58fce112c6e,complete,83ea4916b5f0ecab,14c0d704fb887163,23602,23603,1,1,1,0,0,0,0,0
agentsight,e58fce112c6e,complete,14c0d704fb887163,062588693c0ce437,23603,23638,35,325710,13,0,0,1,0,0
agentsight,e58fce112c6e,complete,062588693c0ce437,7be93a515ce884bf,23638,23639,1,47,1,0,0,0,0,0
agentsight,e58fce112c6e,complete,7be93a515ce884bf,6ec3ac85418b6ecb,23639,23641,2,35182,1,0,0,0,0,0
agentsight,e58fce112c6e,complete,6ec3ac85418b6ecb,cc0e171d0730a7de,23641,23648,7,62667,1,0,0,0,0,0
agentsight,e58fce112c6e,complete,cc0e171d0730a7de,33323ca087886277,23648,23649,1,28,1,0,0,0,0,0
agentsight,e58fce112c6e,complete,33323ca087886277,5460f881c648f142,23649,23650,1,17678,1,0,0,0,0,0
agentsight,e58fce112c6e,complete,5460f881c648f142,d8dd01614d599453,23650,23660,10,98836,1,0,0,0,0,0
agentsight,e58fce112c6e,complete,d8dd01614d599453,75e4098e6aaf69a1,23660,23710,50,575121,13,0,0,0,0,0
agentsight,e58fce112c6e,complete,75e4098e6aaf69a1,bf9949bd6e35bfd7,23710,23742,32,274294,1,0,0,0,0,0
agentsight,e58fce112c6e,complete,bf9949bd6e35bfd7,58597d1bb3412a53,23742,23743,1,27,1,0,0,0,0,0
agentsight,e58fce112c6e,complete,58597d1bb3412a53,bb45d8f2be2879ba,23743,23744,1,30,1,0,0,0,0,0
agentsight,e58fce112c6e,complete,bb45d8f2be2879ba,72b59bddd2d89785,23744,23784,40,308270,1,0,0,1,0,0
agentsight,e58fce112c6e,complete,72b59bddd2d89785,efcd5e29c6cedfc8,23784,23785,1,365,1,0,0,0,0,0
agentsight,e58fce112c6e,complete,efcd5e29c6cedfc8,f7e30031fc1032b5,23785,23824,39,465258,13,0,0,0,0,0
agentsight,e58fce112c6e,complete,f7e30031fc1032b5,a0e1957ac66d734b,23824,23922,98,1115206,31,0,0,0,1,0
agentsight,e58fce112c6e,complete,a0e1957ac66d734b,6da53b5f6a83fee8,23922,23923,1,27,1,0,0,0,0,0
agentsight,e58fce112c6e,complete,6da53b5f6a83fee8,84353782a1f4c1d0,23923,23925,2,432,1,0,0,0,0,0
agentsight,e58fce112c6e,complete,84353782a1f4c1d0,cd6092f79a7d39a5,23925,23953,28,155973,1,0,0,1,0,0
agentsight,e58fce112c6e,complete,cd6092f79a7d39a5,35146d62d0c2d661,23953,23954,1,7,1,0,0,0,0,0
agentsight,e58fce112c6e,complete,35146d62d0c2d661,b34d5741dccd7fc9,23954,23998,44,321666,1,0,0,1,0,0
agentsight,e58fce112c6e,complete,b34d5741dccd7fc9,16a959707d2a0e7f,23998,23999,1,33,1,0,0,0,0,0
agentsight,e58fce112c6e,complete,16a959707d2a0e7f,b5a23c61e540a763,23999,24004,5,17709,1,0,0,0,0,0
agentsight,e58fce112c6e,complete,b5a23c61e540a763,c8674107943c7700,24004,24034,30,256314,1,0,0,0,0,0
agentsight,e58fce112c6e,complete,c8674107943c7700,ab8a16daba507032,24034,24035,1,2,1,0,0,0,0,0
agentsight,e58fce112c6e,complete,ab8a16daba507032,1191d011ef65aa26,24035,24057,22,61042,1,0,0,0,0,0
agentsight,e58fce112c6e,complete,1191d011ef65aa26,0e4988e9fd7466ac,24057,24058,1,48,1,0,0,0,0,0
agentsight,e58fce112c6e,complete,0e4988e9fd7466ac,2e667874dfb4208b,24058,24059,1,5718,1,0,0,0,0,0
agentsight,e58fce112c6e,complete,2e667874dfb4208b,b2811243f8fbf170,24059,24071,12,32379,1,0,0,0,0,0
agentsight,e58fce112c6e,complete,b2811243f8fbf170,cd43c035bd4a446b,24071,24081,10,107132,1,0,0,0,0,0
agentsight,e58fce112c6e,complete,cd43c035bd4a446b,fa6d51edb9d8e37c,24081,24082,1,0,1,0,0,0,0,0
agentsight,e58fce112c6e,complete,fa6d51edb9d8e37c,51022a9c26ff82f3,24082,24084,2,6337,1,0,0,0,0,0
agentsight,e58fce112c6e,complete,51022a9c26ff82f3,4b2da4c3c6d9c2de,24084,24090,6,59609,1,0,0,0,0,0
agentsight,e58fce112c6e,complete,4b2da4c3c6d9c2de,13d564506502803f,24090,24120,30,148054,1,0,0,1,0,0
agentsight,e58fce112c6e,complete,13d564506502803f,9f744edd8ca939dd,24120,24121,1,4944,1,0,0,0,0,0
agentsight,e58fce112c6e,complete,9f744edd8ca939dd,03c422eddf4e12ff,24121,24132,11,152911,1,0,0,0,0,0
agentsight,e58fce112c6e,complete,03c422eddf4e12ff,60be170ee59665ae,24132,24158,26,1116925,1,0,0,0,0,0
agentsight,e58fce112c6e,complete,60be170ee59665ae,fb010249245b91ef,24158,24165,7,54641,1,0,0,0,0,0
agentsight,e58fce112c6e,complete,fb010249245b91ef,25db0b6fb276c061,24165,24167,2,8667,1,0,0,0,0,0
agentsight,e58fce112c6e,complete,25db0b6fb276c061,bb929778e8a2e2e0,24167,24182,15,176852,1,0,0,0,0,0
agentsight,e58fce112c6e,complete,bb929778e8a2e2e0,940afadf2e3f91cb,24182,24193,11,4841040,1,0,0,0,0,0
agentsight,e58fce112c6e,complete,940afadf2e3f91cb,a911e92d77b1e202,24193,24268,75,382275,1,0,0,0,0,0
agentsight,e58fce112c6e,complete,a911e92d77b1e202,ef3d645b4708641e,24268,24271,3,272259,1,0,0,0,0,0
agentsight,e58fce112c6e,complete,ef3d645b4708641e,e2fc88270045e8d0,24271,24280,9,134134,1,0,0,0,0,0
agentsight,e58fce112c6e,complete,e2fc88270045e8d0,eaf1d020506a823a,24280,24551,271,1997851,1,2,2,0,0,0
agentsight,e58fce112c6e,complete,eaf1d020506a823a,f80a0181f85a095d,24551,24594,43,226837,1,0,0,0,0,0
agentsight,e58fce112c6e,complete,f80a0181f85a095d,8b067078cd75c857,24594,24599,5,9859,1,0,0,1,0,0
agentsight,e58fce112c6e,complete,8b067078cd75c857,ef3dd81f45068d01,24599,24648,49,242037,1,0,0,0,0,0
agentsight,e58fce112c6e,complete,ef3dd81f45068d01,8b461c46587c16c6,24648,24677,29,358983,1,0,0,2,0,0
agentsight,e58fce112c6e,complete,8b461c46587c16c6,51c827404e62a04a,24677,24682,5,18241,1,0,0,1,1,0
agentsight,e58fce112c6e,complete,51c827404e62a04a,2423ac914144b7fe,24682,24690,8,38266,1,0,0,0,0,0
agentsight,e58fce112c6e,complete,2423ac914144b7fe,e673efabb83b3b12,24690,24693,3,23723,1,0,0,0,0,0
agentsight,e58fce112c6e,complete,e673efabb83b3b12,89638d9d89d046ed,24693,24712,19,161373,1,0,0,0,0,0
agentsight,e58fce112c6e,complete,89638d9d89d046ed,cd5a2adbc793ca5d,24712,24713,1,1,1,0,0,0,0,0
agentsight,e58fce112c6e,complete,cd5a2adbc793ca5d,6a1fc423a1ec7b47,24713,24730,17,66408,1,0,0,0,0,0
agentsight,e58fce112c6e,complete,6a1fc423a1ec7b47,cf7551ed1ef48e72,24730,24756,26,188484,1,0,0,0,0,0
agentsight,e58fce112c6e,complete,cf7551ed1ef48e72,e8ab815af0442b6b,24756,24757,1,31,1,0,0,0,0,0
agentsight,e58fce112c6e,complete,e8ab815af0442b6b,05c40977670e065c,24757,24760,3,27579,1,0,0,0,0,0
agentsight,e58fce112c6e,complete,05c40977670e065c,9d549d94030dd5c0,24760,24766,6,26197,1,0,0,0,0,0
agentsight,e58fce112c6e,complete,9d549d94030dd5c0,4bf5b0278357fb9b,24766,24775,9,46061,1,0,0,0,0,0
agentsight,e58fce112c6e,complete,4bf5b0278357fb9b,d88e7a61286a606b,24775,24810,35,378878,1,0,0,0,0,0
agentsight,e58fce112c6e,complete,d88e7a61286a606b,2641d10da1f6f885,24810,24811,1,0,1,0,0,0,0,0
agentsight,e58fce112c6e,complete,2641d10da1f6f885,dcc36b2e8cbfca2e,24811,24828,17,235744,1,0,0,0,0,0
agentsight,e58fce112c6e,complete,dcc36b2e8cbfca2e,af5c56e16fed5933,24828,24857,29,201606,1,0,0,0,0,0
agentsight,e58fce112c6e,complete,af5c56e16fed5933,bf8477ebcf2bce61,24857,24882,25,198049,1,0,0,0,0,0
agentsight,e58fce112c6e,complete,bf8477ebcf2bce61,2090b69a4224d2af,24882,24937,55,435918,1,0,0,0,0,0
agentsight,e58fce112c6e,complete,2090b69a4224d2af,2d1198873eafc831,24937,24964,27,237431,1,0,0,2,0,0
agentsight,e58fce112c6e,complete,2d1198873eafc831,b2c35fb4390855cf,24964,24983,19,68971,1,0,0,0,0,0
agentsight,e58fce112c6e,complete,b2c35fb4390855cf,16b47523593e0036,24983,24988,5,11797,1,0,0,0,0,0
agentsight,e58fce112c6e,complete,16b47523593e0036,63ee3b3e3c968214,24988,25050,62,650980,1,0,0,0,1,0
agentsight,e58fce112c6e,complete,63ee3b3e3c968214,8d470295e0ccd4e2,25050,25061,11,390656,1,0,0,0,0,0
agentsight,e58fce112c6e,complete,8d470295e0ccd4e2,031441dfa56a6092,25061,25103,42,924541,1,0,0,0,0,0
agentsight,e58fce112c6e,complete,031441dfa56a6092,91e0da590ac5dc6a,25103,25153,50,274662,1,1,1,0,0,0
agentsight,e58fce112c6e,complete,91e0da590ac5dc6a,b13a0f28285c45b2,25153,25188,35,276393,1,0,0,0,0,0
agentsight,e58fce112c6e,complete,b13a0f28285c45b2,8147a85e02f69b6e,25188,25209,21,222457,1,0,0,0,0,0
agentsight,e58fce112c6e,complete,8147a85e02f69b6e,9b5c66fc76ad6011,25209,25290,81,736798,1,0,0,0,0,0
agentsight,e58fce112c6e,complete,9b5c66fc76ad6011,1897c7b921372ab7,25290,25291,1,37,1,0,0,0,0,0
agentsight,e58fce112c6e,complete,1897c7b921372ab7,8de31aa33b63da52,25291,25313,22,190330,1,0,0,0,0,0
agentsight,e58fce112c6e,complete,8de31aa33b63da52,4ec91a082551b8bc,25313,25317,4,24609,1,0,0,0,0,0
agentsight,e58fce112c6e,complete,4ec91a082551b8bc,68e83b787556dce8,25317,25322,5,31665,1,0,0,0,0,0
agentsight,e58fce112c6e,complete,68e83b787556dce8,99a523082aeb7f46,25322,25352,30,293735,1,0,0,0,0,0
agentsight,e58fce112c6e,complete,99a523082aeb7f46,45532565528c5308,25352,25407,55,464074,1,0,0,1,0,0
agentsight,e58fce112c6e,complete,45532565528c5308,9c0634792da56aa7,25407,25412,5,45125,1,0,0,0,0,0
agentsight,e58fce112c6e,complete,9c0634792da56aa7,925a7a1619ce90fc,25412,25416,4,22198,1,0,0,1,0,0
agentsight,e58fce112c6e,complete,925a7a1619ce90fc,18c71c3d1d0ae621,25416,25417,1,0,1,0,0,0,0,0
agentsight,e58fce112c6e,complete,18c71c3d1d0ae621,a4b9b07bfc85c04e,25417,25420,3,13929,1,0,0,0,0,0
agentsight,e58fce112c6e,complete,a4b9b07bfc85c04e,9c5e8450cffb9b5e,25420,25441,21,113336,1,0,0,0,0,0
agentsight,e58fce112c6e,complete,9c5e8450cffb9b5e,5969f32062f166aa,25441,25447,6,749363,1,0,0,1,1,0
agentsight,e58fce112c6e,complete,5969f32062f166aa,29ae7d1ab2c16b02,25447,25448,1,1,1,0,0,0,0,0
agentsight,e58fce112c6e,complete,29ae7d1ab2c16b02,8288e339c86d774d,25448,25449,1,1,1,0,0,0,0,0
agentsight,e58fce112c6e,complete,8288e339c86d774d,25ea033ad5a2e0a2,25449,25453,4,37641,1,0,0,1,0,0
agentsight,e58fce112c6e,complete,25ea033ad5a2e0a2,6edfe6bae32817cd,25453,25454,1,6,1,0,0,0,0,0
agentsight,e58fce112c6e,complete,6edfe6bae32817cd,2f66607b4f1174b5,25454,25460,6,93476,1,0,0,0,1,0
agentsight,e58fce112c6e,complete,2f66607b4f1174b5,a06fe4918421e4e6,25460,25483,23,143200,1,0,0,0,0,0
agentsight,e58fce112c6e,complete,a06fe4918421e4e6,318c9c54641d3d71,25483,25504,21,164393,1,0,0,0,0,0
agentsight,e58fce112c6e,complete,318c9c54641d3d71,1fe6a1e09b598d23,25504,25505,1,0,1,0,0,0,0,0
agentsight,e58fce112c6e,complete,1fe6a1e09b598d23,80736d830eb2f44d,25505,25531,26,321370,1,1,1,0,0,0
agentsight,e58fce112c6e,complete,80736d830eb2f44d,bfa1ce1f34495951,25531,25541,10,77534,1,1,1,0,0,0
agentsight,e58fce112c6e,complete,bfa1ce1f34495951,dd8ab51d59d2b8cc,25541,25578,37,342322,1,0,0,0,0,0
agentsight,e58fce112c6e,complete,dd8ab51d59d2b8cc,768fe2881b192c4b,25578,25579,1,0,1,0,0,0,0,0
agentsight,e58fce112c6e,complete,768fe2881b192c4b,03c56e050d7a0ec7,25579,25580,1,35,1,0,0,0,0,0
agentsight,e58fce112c6e,complete,03c56e050d7a0ec7,a1f686e823f34a4c,25580,25647,67,504435,1,1,1,0,0,0
agentsight,e58fce112c6e,complete,a1f686e823f34a4c,50e1d9d083c7d4b0,25647,25667,20,226737,1,0,0,0,0,0
agentsight,e58fce112c6e,complete,50e1d9d083c7d4b0,995668f56821f10d,25667,25668,1,2,1,0,0,0,0,0
agentsight,e58fce112c6e,complete,995668f56821f10d,6eb9ba90a0a9ef97,25668,25669,1,54,1,0,0,0,0,0
agentsight,e58fce112c6e,complete,6eb9ba90a0a9ef97,071b35cdefbf8d0e,25669,25767,98,820524,1,1,1,0,0,0
agentsight,e58fce112c6e,complete,071b35cdefbf8d0e,bdad2be8b03bdfa5,25767,25768,1,1,1,0,0,0,0,0
agentsight,e58fce112c6e,complete,bdad2be8b03bdfa5,a0c9141a9de6b761,25768,25819,51,344002,1,1,1,0,0,0
agentsight,e58fce112c6e,complete,a0c9141a9de6b761,3eae4119210a8e3b,25819,25827,8,42595,1,0,0,0,0,0
agentsight,e58fce112c6e,complete,3eae4119210a8e3b,dff0baacc7fb4f40,25827,25828,1,1,1,0,0,0,0,0
agentsight,e58fce112c6e,complete,dff0baacc7fb4f40,690c31985601c51b,25828,25869,41,490792,1,0,0,0,0,0
agentsight,e58fce112c6e,complete,690c31985601c51b,663415ee48ee87da,25869,25876,7,50096,1,0,0,0,0,0
agentsight,e58fce112c6e,complete,663415ee48ee87da,151e87394af09b9a,25876,25882,6,28758,1,0,0,0,0,0
agentsight,e58fce112c6e,complete,151e87394af09b9a,764d201dc1ff5752,25882,25883,1,1,1,0,0,0,0,0
agentsight,e58fce112c6e,complete,764d201dc1ff5752,46048464e9e973b7,25883,25892,9,49295,1,1,1,0,0,0
agentsight,e58fce112c6e,complete,46048464e9e973b7,8ac50b7cce202839,25892,25893,1,290,1,0,0,0,0,0
agentsight,e58fce112c6e,complete,8ac50b7cce202839,4ec2b92345521699,25893,25903,10,100625,1,0,0,0,0,0
agentsight,e58fce112c6e,complete,4ec2b92345521699,57eaed713e70a90f,25903,25904,1,1,1,0,0,0,0,0
agentsight,e58fce112c6e,complete,57eaed713e70a90f,62899f4c5fdb8fd7,25904,25981,77,282098,1,0,0,0,0,0
agentsight,e58fce112c6e,complete,62899f4c5fdb8fd7,fcca902ea3123297,25981,26036,55,482795,1,0,0,0,0,0
agentsight,e58fce112c6e,complete,fcca902ea3123297,6bcdcf11d43581f4,26036,26039,3,14129,1,0,0,0,0,0
agentsight,e58fce112c6e,complete,6bcdcf11d43581f4,ab24c00a72a5c3b2,26039,26040,1,0,1,0,0,0,0,0
agentsight,e58fce112c6e,complete,ab24c00a72a5c3b2,d5fe71122580b3c0,26040,26119,79,755936,1,1,1,0,0,0
agentsight,e58fce112c6e,complete,d5fe71122580b3c0,4f4dea1ef1b4cfdd,26119,26120,1,0,1,0,0,0,0,0
agentsight,e58fce112c6e,complete,4f4dea1ef1b4cfdd,896d29014c48f471,26120,26121,1,30,1,0,0,0,0,0
agentsight,e58fce112c6e,complete,896d29014c48f471,a3804177e6eb973e,26121,26131,10,72676,1,0,0,0,0,0
agentsight,e58fce112c6e,complete,a3804177e6eb973e,b000d17e703ab49d,26131,26132,1,17,1,0,0,0,0,0
agentsight,e58fce112c6e,complete,b000d17e703ab49d,13b7a0337f2ce22d,26132,26188,56,240000,1,0,0,0,0,0
agentsight,e58fce112c6e,complete,13b7a0337f2ce22d,fdeee2955d0e2190,26188,26254,66,1040997,1,0,0,0,0,0
agentsight,e58fce112c6e,complete,fdeee2955d0e2190,796ec671b15c3509,26254,26255,1,51,1,0,0,0,0,0
agentsight,e58fce112c6e,complete,796ec671b15c3509,04a0dfdb7f1e1a9b,26255,26256,1,54,1,0,0,0,0,0
agentsight,e58fce112c6e,complete,04a0dfdb7f1e1a9b,d3bbafc87c5ba735,26256,26301,45,335825,1,0,0,0,0,0
agentsight,e58fce112c6e,complete,d3bbafc87c5ba735,4003dab9b36b369d,26301,26302,1,1,1,0,0,0,0,0
agentsight,e58fce112c6e,complete,4003dab9b36b369d,57f9102a5309c2cd,26302,26303,1,27,1,0,0,0,0,0
agentsight,e58fce112c6e,complete,57f9102a5309c2cd,9dd2bdbf0ecbb37b,26303,26388,85,724571,1,0,0,0,1,0
agentsight,e58fce112c6e,complete,9dd2bdbf0ecbb37b,abd0e6b2c9eec3af,26388,26389,1,0,1,0,0,0,0,0
agentsight,e58fce112c6e,complete,abd0e6b2c9eec3af,c8dfc7a177b5a3b5,26389,26390,1,3,1,0,0,0,0,0
agentsight,e58fce112c6e,complete,c8dfc7a177b5a3b5,9235c9d02266f245,26390,26415,25,352907,1,1,1,0,0,0
agentsight,e58fce112c6e,complete,9235c9d02266f245,fed4178ecd6309a4,26415,26416,1,0,1,0,0,0,0,0
agentsight,e58fce112c6e,complete,fed4178ecd6309a4,45130058a0fd0a83,26416,26417,1,0,1,0,0,0,0,0
agentsight,e58fce112c6e,complete,45130058a0fd0a83,a42352a8b5a00365,26417,26479,62,434367,1,1,1,0,0,0
agentsight,e58fce112c6e,complete,a42352a8b5a00365,61b6cba4bb5910cf,26479,26505,26,140619,1,0,0,0,0,0
agentsight,e58fce112c6e,complete,61b6cba4bb5910cf,d779ffa02f7d8571,26505,26506,1,29,1,0,0,0,0,0
agentsight,e58fce112c6e,complete,d779ffa02f7d8571,3feaa624cff96359,26506,26507,1,6570,1,0,0,0,0,0
agentsight,e58fce112c6e,complete,3feaa624cff96359,b2292b8dfb7aaa6b,26507,26565,58,566748,1,0,0,0,0,0
agentsight,e58fce112c6e,complete,b2292b8dfb7aaa6b,eee0b168a63369bf,26565,26566,1,31,1,0,0,0,0,0
agentsight,e58fce112c6e,complete,eee0b168a63369bf,018a6893b36a514c,26566,26567,1,36,1,0,0,0,0,0
agentsight,e58fce112c6e,complete,018a6893b36a514c,f6c2528bd1ed3604,26567,26568,1,115,1,0,0,0,0,0
agentsight,e58fce112c6e,complete,f6c2528bd1ed3604,9b14c44d5a175df4,26568,26602,34,167132,1,2,2,0,0,0
agentsight,e58fce112c6e,complete,9b14c44d5a175df4,3d5b14a4d9742cd2,26602,26603,1,0,1,0,0,0,0,0
agentsight,e58fce112c6e,complete,3d5b14a4d9742cd2,1bedfab5cc4efb56,26603,26604,1,35,1,0,0,0,0,0
agentsight,e58fce112c6e,complete,1bedfab5cc4efb56,9a9f4e9ec8a707db,26604,26691,87,870036,1,0,0,0,1,0
agentsight,e58fce112c6e,complete,9a9f4e9ec8a707db,b8b3fcba1f28593d,26691,26692,1,31,1,0,0,0,0,0
agentsight,e58fce112c6e,complete,b8b3fcba1f28593d,325076f224c701a5,26692,26738,46,339296,1,2,2,2,0,0
agentsight,e58fce112c6e,complete,325076f224c701a5,fc938d30af12059f,26738,26815,77,669849,1,0,0,0,0,0
agentsight,e58fce112c6e,complete,fc938d30af12059f,9d2ab3f8c9500c4c,26815,26816,1,0,1,0,0,0,0,0
agentsight,e58fce112c6e,complete,9d2ab3f8c9500c4c,f50349f29644b647,26816,26817,1,0,1,0,0,0,0,0
agentsight,e58fce112c6e,complete,f50349f29644b647,d00f7ee1eb5cdae2,26817,26831,14,82522,1,0,0,0,0,0
agentsight,e58fce112c6e,complete,d00f7ee1eb5cdae2,af3297103d281850,26831,26832,1,0,1,0,0,0,0,0
agentsight,e58fce112c6e,complete,af3297103d281850,9525e339221f78e3,26832,26833,1,0,1,0,0,0,0,0
agentsight,e58fce112c6e,complete,9525e339221f78e3,e0ee809c47f68201,26833,26920,87,556563,1,0,0,0,0,0
agentsight,e58fce112c6e,complete,e0ee809c47f68201,27e96602c4fc6606,26920,26921,1,0,1,0,0,0,0,0
agentsight,e58fce112c6e,complete,27e96602c4fc6606,72aa597927a84299,26921,26922,1,0,1,0,0,0,0,0
agentsight,e58fce112c6e,complete,72aa597927a84299,4d0ef4db8632629e,26922,26931,9,58812,1,1,1,0,0,0
agentsight,e58fce112c6e,complete,4d0ef4db8632629e,0d621548f775c0ea,26931,26932,1,2,1,0,0,0,0,0
agentsight,e58fce112c6e,complete,0d621548f775c0ea,f40a5ad724eea425,26932,27000,68,596068,1,0,0,0,0,0
agentsight,e58fce112c6e,complete,f40a5ad724eea425,4e870e8797fc5a31,27000,27001,1,1,1,0,0,0,0,0
agentsight,e58fce112c6e,complete,4e870e8797fc5a31,f9dcf7564aea415d,27001,27002,1,51,1,0,0,0,0,0
agentsight,e58fce112c6e,complete,f9dcf7564aea415d,e48ca470c94fc140,27002,27020,18,87940,1,0,0,0,0,0
agentsight,e58fce112c6e,complete,e48ca470c94fc140,1bc4191fc4e34506,27020,27021,1,298,1,0,0,0,0,0
agentsight,e58fce112c6e,complete,1bc4191fc4e34506,47c8de0ad52dcfb7,27021,27022,1,4614,1,0,0,0,0,0
agentsight,e58fce112c6e,complete,47c8de0ad52dcfb7,3e04b7709a73e277,27022,27086,64,428314,1,0,0,0,0,0
agentsight,e58fce112c6e,complete,3e04b7709a73e277,dd9ef80431b352ff,27086,27087,1,0,1,0,0,0,0,0
agentsight,e58fce112c6e,complete,dd9ef80431b352ff,83ca5ff4b338f1bd,27087,27088,1,0,1,0,0,0,0,0
agentsight,e58fce112c6e,complete,83ca5ff4b338f1bd,c0c59c07658ca9e6,27088,27204,116,23161316,1,1,1,0,0,0
agentsight,e58fce112c6e,complete,c0c59c07658ca9e6,3a91790702cd89cf,27204,27205,1,0,1,0,0,0,0,0
agentsight,e58fce112c6e,complete,3a91790702cd89cf,895f1427d67ed970,27205,27225,20,121951,1,1,1,0,0,0
agentsight,e58fce112c6e,complete,895f1427d67ed970,c8f56aecf63f36d7,27225,27226,1,0,1,0,0,0,0,0
agentsight,e58fce112c6e,complete,c8f56aecf63f36d7,fae3b92d66b065ae,27226,27274,48,444268,1,0,0,0,0,0
agentsight,e58fce112c6e,complete,fae3b92d66b065ae,c5274459da9ef324,27274,27275,1,0,1,0,0,0,0,0
agentsight,e58fce112c6e,complete,c5274459da9ef324,c6f8247a7a924334,27275,27310,35,620624,1,1,1,0,0,0
agentsight,e58fce112c6e,complete,c6f8247a7a924334,76988a48f94367c1,27310,27311,1,36,1,0,0,0,0,0
agentsight,e58fce112c6e,complete,76988a48f94367c1,6b275b996a8170ed,27311,27336,25,303779,1,1,1,0,0,0
agentsight,e58fce112c6e,complete,6b275b996a8170ed,47a34b3e40dd3958,27336,27386,50,405990,1,0,0,0,0,0
agentsight,e58fce112c6e,complete,47a34b3e40dd3958,f8b945d410279814,27386,27387,1,24,1,0,0,0,0,0
agentsight,e58fce112c6e,complete,f8b945d410279814,2e60a5c1f94506e2,27387,27481,94,785876,1,1,1,0,0,0
agentsight,e58fce112c6e,complete,2e60a5c1f94506e2,b5bcf79830ad958b,27481,27482,1,133,1,0,0,0,0,0
agentsight,e58fce112c6e,complete,b5bcf79830ad958b,c8184b4393c60d9f,27482,27513,31,371042,1,0,0,0,0,0
agentsight,e58fce112c6e,complete,c8184b4393c60d9f,fc609d6d9805cdc1,27513,27514,1,132,1,0,0,0,0,0
agentsight,e58fce112c6e,complete,fc609d6d9805cdc1,854f3f15757def0f,27514,27570,56,533813,1,0,0,0,0,0
agentsight,e58fce112c6e,complete,854f3f15757def0f,1068cded8dc7cd5c,27570,27571,1,25,1,0,0,0,0,0
agentsight,e58fce112c6e,complete,1068cded8dc7cd5c,895ddadfdfa14cf5,27571,27595,24,358860,1,0,0,0,0,0
agentsight,e58fce112c6e,complete,895ddadfdfa14cf5,508c18fa1bb38c6e,27595,27655,60,325282,1,1,1,0,0,0
agentsight,e58fce112c6e,complete,508c18fa1bb38c6e,50ac9d6a6d346632,27655,27656,1,7,1,0,0,0,0,0
agentsight,e58fce112c6e,complete,50ac9d6a6d346632,c0c66cef095e7c83,27656,27657,1,50,1,0,0,0,0,0
agentsight,e58fce112c6e,complete,c0c66cef095e7c83,2306d86335c1d7f6,27657,27686,29,295820,1,0,0,0,0,0
agentsight,e58fce112c6e,complete,2306d86335c1d7f6,2054df33fbd65e45,27686,27687,1,65,1,0,0,0,0,0
agentsight,e58fce112c6e,complete,2054df33fbd65e45,b68ca6be79bfa373,27687,27737,50,510533,1,0,0,0,0,0
agentsight,e58fce112c6e,complete,b68ca6be79bfa373,4e6b2ae430ca8527,27737,27738,1,47,1,0,0,0,0,0
agentsight,e58fce112c6e,complete,4e6b2ae430ca8527,1cf5c6bb71a14bb2,27738,27740,2,24272,1,0,0,0,0,0
agentsight,e58fce112c6e,complete,1cf5c6bb71a14bb2,f8bec41c5952991a,27740,27798,58,242408,1,0,0,0,0,0
agentsight,e58fce112c6e,complete,f8bec41c5952991a,c7bc68550cc354d5,27798,27799,1,8,1,0,0,0,0,0
agentsight,e58fce112c6e,complete,c7bc68550cc354d5,8551dc14b740450e,27799,27800,1,25514,1,0,0,0,0,0
agentsight,e58fce112c6e,complete,8551dc14b740450e,5f03cf5503dc7ec2,27800,27846,46,298797,1,0,0,0,0,0
agentsight,e58fce112c6e,complete,5f03cf5503dc7ec2,5ff6c1f2054a16e6,27846,27847,1,34,1,0,0,0,0,0
agentsight,e58fce112c6e,complete,5ff6c1f2054a16e6,061c13d8e19afdbe,27847,27848,1,10696,1,0,0,0,0,0
agentsight,e58fce112c6e,complete,061c13d8e19afdbe,e213dc3256fab807,27848,27854,6,35811,1,0,0,0,0,0
agentsight,e58fce112c6e,complete,e213dc3256fab807,015c766593865f8e,27854,27855,1,82,1,0,0,0,0,0
agentsight,e58fce112c6e,complete,015c766593865f8e,fef8bb9197e2ddcc,27855,27856,1,12780,1,0,0,0,0,0
agentsight,e58fce112c6e,complete,fef8bb9197e2ddcc,aab4ca39cbfdfa2b,27856,27859,3,182,1,0,0,0,0,0
agentsight,e58fce112c6e,complete,aab4ca39cbfdfa2b,7f5eaecebedbcbdc,27859,27893,34,278065,1,0,0,1,0,0
agentsight,e58fce112c6e,complete,7f5eaecebedbcbdc,46135bc34e3226bd,27893,27895,2,52,1,0,0,0,0,0
agentsight,e58fce112c6e,complete,46135bc34e3226bd,ca4c66373a5e2f9e,27895,27896,1,4698,1,0,0,0,0,0
agentsight,e58fce112c6e,complete,ca4c66373a5e2f9e,e70a2f6065f7403a,27896,27930,34,360775,1,0,0,0,0,0
agentsight,e58fce112c6e,complete,e70a2f6065f7403a,f6862895f8261321,27930,27932,2,3602,1,0,0,0,0,0
agentsight,e58fce112c6e,complete,f6862895f8261321,414e09703fa2f87e,27932,27933,1,20954,1,0,0,0,0,0
agentsight,e58fce112c6e,complete,414e09703fa2f87e,8cad4f407e9715a5,27933,27935,2,10544,1,0,0,0,0,0
agentsight,e58fce112c6e,complete,8cad4f407e9715a5,2c3105a882b1920d,27935,27945,10,48350,1,1,1,0,0,0
agentsight,e58fce112c6e,complete,2c3105a882b1920d,e64a5acf9064831a,27945,27984,39,161195,1,0,0,0,0,0
agentsight,e58fce112c6e,complete,e64a5acf9064831a,fe66a0b97a95218e,27984,27985,1,0,1,0,0,0,0,0
agentsight,e58fce112c6e,complete,fe66a0b97a95218e,a8a4dee5c5c8a7ad,27985,27986,1,57,1,0,0,0,0,0
agentsight,e58fce112c6e,complete,a8a4dee5c5c8a7ad,c7268b3644aca8e3,27986,27990,4,43046,1,1,1,0,0,0
agentsight,e58fce112c6e,complete,c7268b3644aca8e3,75bbc4fcd3b037d3,27990,28046,56,723983,1,0,0,0,0,0
agentsight,e58fce112c6e,complete,75bbc4fcd3b037d3,963a656d41ea8a50,28046,28047,1,1,1,0,0,0,0,0
agentsight,e58fce112c6e,complete,963a656d41ea8a50,63c9ee3b69889473,28047,28049,2,23019,1,0,0,0,0,0
agentsight,e58fce112c6e,complete,63c9ee3b69889473,ee5131fc2b50c9db,28049,28070,21,63661,1,2,2,0,0,0
agentsight,e58fce112c6e,complete,ee5131fc2b50c9db,505629fc2b00ab54,28070,28129,59,295840,1,0,0,0,0,0
agentsight,e58fce112c6e,complete,505629fc2b00ab54,de41d1fbfdf98dd8,28129,28130,1,1,1,0,0,0,0,0
agentsight,e58fce112c6e,complete,de41d1fbfdf98dd8,24697b6330cb021e,28130,28131,1,2,1,0,0,0,0,0
agentsight,e58fce112c6e,complete,24697b6330cb021e,23cb2517ee0eef76,28131,28157,26,259444,1,2,2,0,0,0
agentsight,e58fce112c6e,complete,23cb2517ee0eef76,0bcc8ff21497f2ed,28157,28159,2,18748,1,0,0,0,0,0
agentsight,e58fce112c6e,complete,0bcc8ff21497f2ed,596317e6fac5d957,28159,28160,1,35,1,0,0,0,0,0
agentsight,e58fce112c6e,complete,596317e6fac5d957,2c7b695a86beb0b3,28160,28161,1,21099,1,0,0,0,0,0
agentsight,e58fce112c6e,complete,2c7b695a86beb0b3,be55cb7014060d7d,28161,28199,38,448687,1,0,0,0,0,0
agentsight,e58fce112c6e,complete,be55cb7014060d7d,c607254eb73187dd,28199,28200,1,44,1,0,0,0,0,0
agentsight,e58fce112c6e,complete,c607254eb73187dd,89ffe103e128898c,28200,28201,1,27663,1,0,0,0,0,0
agentsight,e58fce112c6e,complete,89ffe103e128898c,a0a694fe8c62b062,28201,28248,47,547171,1,2,2,0,0,0
agentsight,e58fce112c6e,complete,a0a694fe8c62b062,52273b49316ca189,28248,28249,1,11217,1,0,0,0,0,0
agentsight,e58fce112c6e,complete,52273b49316ca189,e81f9868668af5bb,28249,28250,1,1,1,0,0,0,0,0
agentsight,e58fce112c6e,complete,e81f9868668af5bb,04969991d89876bd,28250,28251,1,0,1,0,0,0,0,0
agentsight,e58fce112c6e,complete,04969991d89876bd,992068a42ac15b5d,28251,28259,8,47160,1,2,2,0,0,0
agentsight,e58fce112c6e,complete,992068a42ac15b5d,b85cc84b252026d9,28259,28277,18,251111,1,0,0,0,0,0
agentsight,e58fce112c6e,complete,b85cc84b252026d9,e87ec3d2c355ead1,28277,28278,1,0,1,0,0,0,0,0
agentsight,e58fce112c6e,complete,e87ec3d2c355ead1,c1979a98579532b3,28278,28317,39,421559,1,0,0,0,0,0
agentsight,e58fce112c6e,complete,c1979a98579532b3,35a7ff30f02486ed,28317,28318,1,26,1,0,0,0,0,0
agentsight,e58fce112c6e,complete,35a7ff30f02486ed,c5f5b6f2efd1770a,28318,28319,1,1,1,0,0,0,0,0
agentsight,e58fce112c6e,complete,c5f5b6f2efd1770a,dfb7309280efb27b,28319,28379,60,632171,1,2,2,0,0,0
agentsight,e58fce112c6e,complete,dfb7309280efb27b,a5d0f07a74492e9a,28379,28380,1,25,1,0,0,0,0,0
agentsight,e58fce112c6e,complete,a5d0f07a74492e9a,425e8554318b6f36,28380,28422,42,397575,1,0,0,0,0,0
agentsight,e58fce112c6e,complete,425e8554318b6f36,bde59c89ca3b39a1,28422,28423,1,0,1,0,0,0,0,0
agentsight,e58fce112c6e,complete,bde59c89ca3b39a1,e44ff7660aff241e,28423,28424,1,0,1,0,0,0,0,0
agentsight,e58fce112c6e,complete,e44ff7660aff241e,ed215dd94dbdb4f3,28424,28456,32,208934,1,2,2,0,0,0
agentsight,e58fce112c6e,complete,ed215dd94dbdb4f3,d55162a22153ec1a,28456,28543,87,660965,1,0,0,0,0,0
agentsight,e58fce112c6e,complete,d55162a22153ec1a,77f06a5c5304259e,28543,28544,1,3,1,0,0,0,0,0
agentsight,e58fce112c6e,complete,77f06a5c5304259e,6089c6cbfaa580bf,28544,28551,7,41885,1,0,0,0,0,0
agentsight,e58fce112c6e,complete,6089c6cbfaa580bf,3e500cc721830823,28551,28552,1,67,1,0,0,0,0,0
agentsight,e58fce112c6e,complete,3e500cc721830823,1ebac41247f15ab7,28552,28593,41,8705626,1,0,0,1,0,0
agentsight,e58fce112c6e,complete,1ebac41247f15ab7,a6e1a08a079bf22e,28593,28634,41,539741,1,0,0,0,0,0
agentsight,e58fce112c6e,complete,a6e1a08a079bf22e,ddc0058179c338d4,28634,28635,1,0,1,0,0,0,0,0
agentsight,e58fce112c6e,complete,ddc0058179c338d4,1b8fbd4464daff76,28635,28659,24,80492,1,0,0,0,0,0
agentsight,e58fce112c6e,complete,1b8fbd4464daff76,6c7b70b46cbdb1e8,28659,28666,7,30797,1,0,0,0,0,0
agentsight,e58fce112c6e,complete,6c7b70b46cbdb1e8,a4002611866bae9b,28666,28667,1,64,1,0,0,0,0,0
agentsight,e58fce112c6e,complete,a4002611866bae9b,344aeb0f202da440,28667,28698,31,295437,1,0,0,0,0,0
agentsight,e58fce112c6e,complete,344aeb0f202da440,e454e868c304f216,28698,28699,1,0,1,0,0,0,0,0
agentsight,e58fce112c6e,complete,e454e868c304f216,71e47490c597d1e4,28699,28705,6,45965,1,0,0,0,0,0
agentsight,e58fce112c6e,complete,71e47490c597d1e4,aa86efa79b84dffd,28705,28706,1,1,1,0,0,0,0,0
agentsight,e58fce112c6e,complete,aa86efa79b84dffd,83b71c79d6589882,28706,28718,12,78716,1,0,0,0,0,0
agentsight,e58fce112c6e,complete,83b71c79d6589882,87a1bc51342f06e2,28718,28719,1,0,1,0,0,0,0,0
agentsight,e58fce112c6e,complete,87a1bc51342f06e2,dc6127ded0cf96a2,28719,28745,26,196719,1,0,0,0,0,0
agentsight,e58fce112c6e,complete,dc6127ded0cf96a2,7741eb9ff8f2be3e,28745,28746,1,1,1,0,0,0,0,0
agentsight,e58fce112c6e,complete,7741eb9ff8f2be3e,039ae42fab69228d,28746,28793,47,376788,1,0,0,0,0,0
agentsight,e58fce112c6e,complete,039ae42fab69228d,88b71177e21dfd03,28793,28794,1,1,1,0,0,0,0,0
agentsight,e58fce112c6e,complete,88b71177e21dfd03,d83fe0c1ed2dae62,28794,28851,57,725670,1,0,0,0,0,0
agentsight,e58fce112c6e,complete,d83fe0c1ed2dae62,e16152a877e64b2e,28851,28852,1,10,1,0,0,0,0,0
agentsight,e58fce112c6e,complete,e16152a877e64b2e,ceaa2439d30b3c4a,28852,28908,56,445276,1,0,0,0,0,0
agentsight,e58fce112c6e,complete,ceaa2439d30b3c4a,52f527ae27159e99,28908,28909,1,0,1,0,0,0,0,0
agentsight,e58fce112c6e,complete,52f527ae27159e99,66e2f51f7407f852,28909,28946,37,218614,1,0,0,0,0,0
agentsight,e58fce112c6e,complete,66e2f51f7407f852,34e930af87fea6bc,28946,28947,1,28,1,0,0,0,0,0
agentsight,e58fce112c6e,complete,34e930af87fea6bc,cbb6e1d79ff8affb,28947,28974,27,386007,1,1,1,0,0,0
agentsight,e58fce112c6e,complete,cbb6e1d79ff8affb,8baed2f046bfd5c2,28974,28975,1,25,1,0,0,0,0,0
agentsight,e58fce112c6e,complete,8baed2f046bfd5c2,32abecb3b571815d,28975,28981,6,42317,1,0,0,0,0,0
agentsight,e58fce112c6e,complete,32abecb3b571815d,0980705d1b442391,28981,29035,54,553660,1,0,0,0,0,0
agentsight,e58fce112c6e,complete,0980705d1b442391,c5905e597c2fced7,29035,29086,51,731499,1,0,0,0,0,0
agentsight,e58fce112c6e,complete,c5905e597c2fced7,1d5b57675f508f87,29086,29087,1,4672,1,0,0,0,0,0
agentsight,e58fce112c6e,complete,1d5b57675f508f87,306c69186f69199d,29087,29090,3,34120,1,0,0,0,0,0
agentsight,e58fce112c6e,complete,306c69186f69199d,8f1f03905ec6d6e5,29090,29095,5,82163,1,1,1,0,0,0
agentsight,e58fce112c6e,complete,8f1f03905ec6d6e5,2da872683f6f1349,29095,29096,1,5,1,0,0,0,0,0
agentsight,e58fce112c6e,complete,2da872683f6f1349,f9ce9d86afb39d8a,29096,29131,35,148076,1,0,0,0,0,0
agentsight,e58fce112c6e,complete,f9ce9d86afb39d8a,8b37f1b1b54e12b5,29131,29174,43,463761,1,0,0,0,0,0
agentsight,e58fce112c6e,complete,8b37f1b1b54e12b5,592e24dc01fb8ea6,29174,29175,1,24637,1,0,0,0,0,0
agentsight,e58fce112c6e,complete,592e24dc01fb8ea6,6725235bf24c06c8,29175,29241,66,750939,1,1,1,0,0,0
agentsight,e58fce112c6e,complete,6725235bf24c06c8,a356daceb2e997bc,29241,29242,1,58,1,0,0,0,0,0
agentsight,e58fce112c6e,complete,a356daceb2e997bc,50acd0b4739d76e5,29242,29244,2,31897,1,0,0,0,0,0
agentsight,e58fce112c6e,complete,50acd0b4739d76e5,f7c48802d0935aa4,29244,29260,16,202955,1,0,0,0,0,0
agentsight,e58fce112c6e,complete,f7c48802d0935aa4,267baa244dec302e,29260,29359,99,572078,1,1,1,0,2,0
agentsight,e58fce112c6e,complete,267baa244dec302e,416f394fa6cff347,29359,29424,65,687470,1,1,1,0,1,0
agentsight,e58fce112c6e,complete,416f394fa6cff347,fc562ee5cb4ff3bb,29424,29441,17,233189,1,1,1,0,0,0
agentsight,e58fce112c6e,complete,fc562ee5cb4ff3bb,ae904bc39ec0bf65,29441,29442,1,48,1,0,0,0,0,0
agentsight,e58fce112c6e,complete,ae904bc39ec0bf65,bee8f752390b1642,29442,29585,143,4618194,2,1,1,0,0,0
agentsight,e58fce112c6e,complete,bee8f752390b1642,c78449b3adae2841,29585,29586,1,70,1,0,0,0,0,0
agentsight,e58fce112c6e,complete,c78449b3adae2841,0a3a169b29b8b690,29586,29609,23,271883,2,1,1,0,0,0
agentsight,e58fce112c6e,complete,0a3a169b29b8b690,2417885509ee3504,29609,29615,6,32671,1,0,0,0,0,0
agentsight,e58fce112c6e,complete,2417885509ee3504,63074aa4bd631c1e,29615,29619,4,63178,1,0,0,0,0,0
agentsight,e58fce112c6e,complete,63074aa4bd631c1e,44db3dedecda2373,29619,29620,1,71,1,0,0,0,0,0
agentsight,e58fce112c6e,complete,44db3dedecda2373,2ea0540a96af83d9,29620,29635,15,320598,1,0,0,0,0,0
agentsight,e58fce112c6e,complete,2ea0540a96af83d9,411ad6279361f2ac,29635,29636,1,0,1,0,0,0,0,0
agentsight,e58fce112c6e,complete,411ad6279361f2ac,ebd9dede75d74a70,29636,29668,32,135941,1,1,1,0,0,0
agentsight,e58fce112c6e,complete,ebd9dede75d74a70,f821053dcf5dcc22,29668,29669,1,67,1,0,0,0,0,0
agentsight,e58fce112c6e,complete,f821053dcf5dcc22,a1db6335be56fd1c,29669,29716,47,297117,1,0,0,0,0,0
agentsight,e58fce112c6e,complete,a1db6335be56fd1c,4b841978cb91a772,29716,29764,48,743687,1,0,0,0,0,0
agentsight,e58fce112c6e,complete,4b841978cb91a772,970f7f1b5c513a70,29764,29765,1,76,1,0,0,0,0,0
agentsight,e58fce112c6e,complete,970f7f1b5c513a70,3d3fd0d88d280428,29765,29823,58,220335,1,2,2,0,2,0
agentsight,e58fce112c6e,complete,3d3fd0d88d280428,6fc4c88653140e29,29823,29824,1,4534,1,0,0,0,0,0
agentsight,e58fce112c6e,complete,6fc4c88653140e29,d9bb4e704bcf2546,29824,29841,17,161000,1,0,0,0,0,0
agentsight,e58fce112c6e,complete,d9bb4e704bcf2546,c1e60a8d4eec1978,29841,29842,1,17,1,0,0,0,0,0
agentsight,e58fce112c6e,complete,c1e60a8d4eec1978,11849b45d357bc32,29842,29854,12,89152,1,0,0,0,0,0
agentsight,e58fce112c6e,complete,11849b45d357bc32,e5466e133ed127f4,29854,29859,5,200202,1,0,0,0,0,0
agentsight,e58fce112c6e,complete,e5466e133ed127f4,1d8fca39c91f3377,29859,29916,57,602649,1,0,0,0,0,0
agentsight,e58fce112c6e,complete,1d8fca39c91f3377,9c5bc1811a9b6c30,29916,29917,1,14,1,0,0,0,0,0
agentsight,e58fce112c6e,complete,9c5bc1811a9b6c30,6b650c0bdb44d64a,29917,29919,2,22894,1,0,0,0,0,0
agentsight,e58fce112c6e,complete,6b650c0bdb44d64a,8eb62ec00ad7b152,29919,29973,54,183667,1,2,2,0,0,0
agentsight,e58fce112c6e,complete,8eb62ec00ad7b152,686b506aa0b085a4,29973,29976,3,9030,1,0,0,0,0,0
agentsight,e58fce112c6e,complete,686b506aa0b085a4,e684fcc39a653947,29976,29995,19,224907,1,0,0,0,0,0
agentsight,e58fce112c6e,complete,e684fcc39a653947,4aeb309e175e8ef1,29995,29996,1,6238,1,0,0,0,0,0
agentsight,e58fce112c6e,complete,4aeb309e175e8ef1,7d15774b1229df67,29996,29997,1,0,1,0,0,0,0,0
agentsight,e58fce112c6e,complete,7d15774b1229df67,42b4c8bc1e19f9fd,29997,29998,1,62,1,0,0,0,0,0
agentsight,e58fce112c6e,complete,42b4c8bc1e19f9fd,a60c3d4399c05498,29998,30018,20,117089,1,2,2,0,0,0
agentsight,e58fce112c6e,complete,a60c3d4399c05498,967ed62f610788b7,30018,30054,36,408796,1,0,0,0,0,0
agentsight,e58fce112c6e,complete,967ed62f610788b7,a37cb08a6ebfefc0,30054,30063,9,99574,1,0,0,0,0,0
agentsight,e58fce112c6e,complete,a37cb08a6ebfefc0,e35d601bf09b8b26,30063,30109,46,735294,1,0,0,0,0,0
agentsight,e58fce112c6e,complete,e35d601bf09b8b26,fcf6a7cdf84c791c,30109,30110,1,14,1,0,0,0,0,0
agentsight,e58fce112c6e,complete,fcf6a7cdf84c791c,198e5f3afd2d322c,30110,30111,1,26286,1,0,0,0,0,0
agentsight,e58fce112c6e,complete,198e5f3afd2d322c,ff5321bf2eef8b58,30111,30159,48,291310,1,2,2,0,0,0
agentsight,e58fce112c6e,complete,ff5321bf2eef8b58,5ba502c191c5b83b,30159,30163,4,57360,1,0,0,0,0,0
agentsight,e58fce112c6e,complete,5ba502c191c5b83b,f1a1d15298ae64a4,30163,30164,1,2,1,0,0,0,0,0
agentsight,e58fce112c6e,complete,f1a1d15298ae64a4,50c3fcdae2ca7675,30164,30234,70,776477,1,0,0,1,3,0
agentsight,e58fce112c6e,complete,50c3fcdae2ca7675,143976db71320514,30234,30235,1,139,1,0,0,0,0,0
agentsight,e58fce112c6e,complete,143976db71320514,b2851ab48a14d30d,30235,30290,55,820864,1,0,0,0,0,0
agentsight,e58fce112c6e,complete,b2851ab48a14d30d,fae260eba36e5b07,30290,30291,1,46,1,0,0,0,0,0
agentsight,e58fce112c6e,complete,fae260eba36e5b07,342fe7dbe61a63ce,30291,30292,1,209,1,0,0,0,0,0
agentsight,e58fce112c6e,complete,342fe7dbe61a63ce,5dcd3d9657570fd9,30292,30349,57,227152,1,2,2,0,0,0
agentsight,e58fce112c6e,complete,5dcd3d9657570fd9,a420936370bf76d5,30349,30350,1,0,1,0,0,0,0,0
agentsight,e58fce112c6e,complete,a420936370bf76d5,410e24c431c4ff3f,30350,30357,7,54919,1,0,0,0,0,0
agentsight,e58fce112c6e,complete,410e24c431c4ff3f,2e1a1f27930db14d,30357,30358,1,0,1,0,0,0,0,0
agentsight,e58fce112c6e,complete,2e1a1f27930db14d,44162d265a09df4d,30358,30428,70,789583,1,0,0,0,0,0
agentsight,e58fce112c6e,complete,44162d265a09df4d,af5910187ab13e2d,30428,30429,1,1,1,0,0,0,0,0
agentsight,e58fce112c6e,complete,af5910187ab13e2d,de9574fc1fb35a99,30429,30501,72,262857,1,2,2,0,1,0
agentsight,e58fce112c6e,complete,de9574fc1fb35a99,a2a7b648812c4a6e,30501,30503,2,4619,1,0,0,0,0,0
agentsight,e58fce112c6e,complete,a2a7b648812c4a6e,f37fa71c99e758d7,30503,30520,17,223979,1,0,0,0,0,0
agentsight,e58fce112c6e,complete,f37fa71c99e758d7,93c42cf33e452e30,30520,30521,1,3,1,0,0,0,0,0
agentsight,e58fce112c6e,complete,93c42cf33e452e30,7ff3f08a5949d712,30521,30577,56,550632,1,0,0,0,0,0
agentsight,e58fce112c6e,complete,7ff3f08a5949d712,db0300fb4a944a8f,30577,30600,23,234014,1,0,0,0,0,0
agentsight,e58fce112c6e,complete,db0300fb4a944a8f,37ccb71ffbdcaba6,30600,30603,3,27410,1,0,0,1,0,0
agentsight,e58fce112c6e,complete,37ccb71ffbdcaba6,da7b50d634a3e8b4,30603,30604,1,6681,1,0,0,0,0,0
agentsight,e58fce112c6e,complete,da7b50d634a3e8b4,5c66123059322738,30604,30608,4,74447,1,0,0,0,1,0
agentsight,e58fce112c6e,complete,5c66123059322738,dfc1e38ff2fae730,30608,30609,1,21,1,0,0,0,0,0
agentsight,e58fce112c6e,complete,dfc1e38ff2fae730,e10c11e470b76010,30609,30650,41,152757,1,2,2,0,0,0
agentsight,e58fce112c6e,complete,e10c11e470b76010,548edee3d69fcbc4,30650,30682,32,252564,1,0,0,0,1,0
agentsight,e58fce112c6e,complete,548edee3d69fcbc4,810ef5eb963bd881,30682,30683,1,2,1,0,0,0,0,0
agentsight,e58fce112c6e,complete,810ef5eb963bd881,d2fe6278fc482fdd,30683,30711,28,667975,1,0,0,1,0,0
agentsight,e58fce112c6e,complete,d2fe6278fc482fdd,401c0aa22c57df5c,30711,30721,10,206870,1,0,0,0,0,0
agentsight,e58fce112c6e,complete,401c0aa22c57df5c,708a1904d419d546,30721,30722,1,30,1,0,0,0,0,0
agentsight,e58fce112c6e,complete,708a1904d419d546,bd91a97b64ee41fb,30722,30751,29,818509,1,0,0,0,0,0
agentsight,e58fce112c6e,complete,bd91a97b64ee41fb,a330d095da88deb0,30751,30753,2,22456,1,0,0,0,0,0
agentsight,e58fce112c6e,complete,a330d095da88deb0,7ac805241824299f,30753,30778,25,1222872,1,0,0,0,0,0
agentsight,e58fce112c6e,complete,7ac805241824299f,41a5f3c99ff1e28f,30778,30783,5,58407,1,0,0,0,0,0
agentsight,e58fce112c6e,complete,41a5f3c99ff1e28f,17be4f5a52005fc9,30783,30789,6,147621,1,0,0,0,0,0
agentsight,e58fce112c6e,complete,17be4f5a52005fc9,88648af91f243819,30789,30806,17,1796188,1,0,0,0,0,0
agentsight,e58fce112c6e,complete,88648af91f243819,db1ce9c6a83f42e9,30806,30821,15,427205,1,0,0,0,0,0
agentsight,e58fce112c6e,complete,db1ce9c6a83f42e9,137eb6602fce5da9,30821,30822,1,42,1,0,0,0,0,0
agentsight,e58fce112c6e,complete,137eb6602fce5da9,184c5a73c288b336,30822,31092,270,54309854,1,0,0,0,0,0
agentsight,e58fce112c6e,complete,184c5a73c288b336,c4f2404b9a7a17e9,31092,31203,111,6512014,1,1,1,0,0,0
agentsight,e58fce112c6e,complete,c4f2404b9a7a17e9,107bd17c0b1517be,31203,31207,4,67662,1,0,0,0,0,0
agentsight,e58fce112c6e,complete,107bd17c0b1517be,cee7c772f77e6890,31207,31213,6,60974,1,0,0,0,0,0
agentsight,e58fce112c6e,complete,cee7c772f77e6890,18e44f4397c3a6db,31213,31216,3,51621,1,0,0,0,0,0
agentsight,e58fce112c6e,complete,18e44f4397c3a6db,30e5511b178ce16d,31216,31218,2,29907,1,0,0,0,0,0
agentsight,e58fce112c6e,complete,30e5511b178ce16d,cbe5fec453f721d9,31218,31238,20,74719,1,0,0,0,0,0
agentsight,e58fce112c6e,complete,cbe5fec453f721d9,7569e34100851704,31238,31245,7,49832,1,0,0,0,0,0
agentsight,e58fce112c6e,complete,7569e34100851704,6f74c045239a5059,31245,31343,98,5356253,2,0,0,1,0,0
agentsight,e58fce112c6e,complete,6f74c045239a5059,523acec897ef5938,31343,31346,3,23113,1,0,0,0,0,0
agentsight,e58fce112c6e,complete,523acec897ef5938,73d41b6f54205727,31346,31348,2,13511,1,0,0,0,0,0
agentsight,e58fce112c6e,complete,73d41b6f54205727,4f5304173cd3ed0b,31348,31373,25,268879,2,0,0,1,0,0
agentsight,e58fce112c6e,complete,4f5304173cd3ed0b,9f695da39425bc05,31373,31376,3,28016,1,0,0,0,0,0
agentsight,e58fce112c6e,complete,9f695da39425bc05,123b23398350045c,31376,31378,2,7818,1,0,0,0,0,0
agentsight,e58fce112c6e,complete,123b23398350045c,a99f578130cdf751,31378,31389,11,65008,2,0,0,0,0,0
agentsight,e58fce112c6e,complete,a99f578130cdf751,2f9a489d71d0f5d6,31389,31455,66,101278882,2,0,0,1,0,0
agentsight,e58fce112c6e,complete,2f9a489d71d0f5d6,434c089de3fb782a,31455,31468,13,89281,1,0,0,1,0,0
agentsight,e58fce112c6e,complete,434c089de3fb782a,95d857ab014a1215,31468,31484,16,1183495,1,0,0,0,0,0
agentsight,e58fce112c6e,complete,95d857ab014a1215,2c6ca0dd11deb3be,31484,31867,383,45021915,1,7,7,0,0,0
agentsight,e58fce112c6e,complete,2c6ca0dd11deb3be,01f5e3931c2a4d06,31867,31882,15,183321,1,0,0,0,0,0
agentsight,e58fce112c6e,complete,01f5e3931c2a4d06,b4a8991d8ff9efe3,31882,31887,5,32889,1,0,0,0,0,0
agentsight,e58fce112c6e,complete,b4a8991d8ff9efe3,77f153de86705fe2,31887,31920,33,362640,1,0,0,0,0,0
agentsight,e58fce112c6e,complete,77f153de86705fe2,3209b7dcfbaee690,31920,31921,1,74,1,0,0,0,0,0
agentsight,e58fce112c6e,complete,3209b7dcfbaee690,3924a2dc2c628870,31921,31976,55,313876,1,1,1,0,0,0
agentsight,e58fce112c6e,complete,3924a2dc2c628870,3a15b860bb3279f1,31976,31980,4,29007,1,0,0,0,0,0
agentsight,e58fce112c6e,complete,3a15b860bb3279f1,804a4d22a4e5bbf1,31980,31995,15,204883,1,0,0,0,0,0
agentsight,e58fce112c6e,complete,804a4d22a4e5bbf1,e3e4df767017ecbf,31995,31996,1,32,1,0,0,0,0,0
agentsight,e58fce112c6e,complete,e3e4df767017ecbf,da40ddb3ec4dabab,31996,32057,61,302133,1,1,1,0,0,0
agentsight,e58fce112c6e,complete,da40ddb3ec4dabab,08878f382d10c4b0,32057,32085,28,151538,1,0,0,0,0,0
agentsight,e58fce112c6e,complete,08878f382d10c4b0,f3a642c7542c1639,32085,32095,10,56076,1,0,0,0,0,0
agentsight,e58fce112c6e,complete,f3a642c7542c1639,4012b1a393fc5fa1,32095,32101,6,44169,1,0,0,1,0,0
agentsight,e58fce112c6e,complete,4012b1a393fc5fa1,986bc1cbba48084c,32101,32104,3,43314,1,0,0,0,0,0
agentsight,e58fce112c6e,complete,986bc1cbba48084c,3ec135fe09267a8e,32104,32105,1,95,1,0,0,0,0,0
agentsight,e58fce112c6e,complete,3ec135fe09267a8e,12abec270fa4c531,32105,32108,3,89951,1,0,0,0,0,0
agentsight,e58fce112c6e,complete,12abec270fa4c531,5e4ea35d1c04c8e8,32108,32116,8,62634,1,0,0,1,0,0
agentsight,e58fce112c6e,complete,5e4ea35d1c04c8e8,99833593a00ab7bc,32116,32117,1,7344,1,0,0,0,0,0
agentsight,e58fce112c6e,complete,99833593a00ab7bc,df4502317caa3024,32117,32118,1,30,1,0,0,0,0,0
agentsight,e58fce112c6e,complete,df4502317caa3024,61a638a86fd8df54,32118,32158,40,550422,3,0,0,1,0,0
agentsight,e58fce112c6e,complete,61a638a86fd8df54,0d2b15942aac4bef,32158,32160,2,7712,1,0,0,0,0,0
agentsight,e58fce112c6e,complete,0d2b15942aac4bef,3ccd24fb839fb59d,32160,32184,24,264856,3,0,0,1,0,0
agentsight,e58fce112c6e,complete,3ccd24fb839fb59d,7f23c21b0739b662,32184,32186,2,7050,1,0,0,0,0,0
agentsight,e58fce112c6e,complete,7f23c21b0739b662,dc13da25969d5e6c,32186,32187,1,19,1,0,0,0,0,0
agentsight,e58fce112c6e,complete,dc13da25969d5e6c,a3d9ffb2c0408e8a,32187,32188,1,79,1,0,0,0,0,0
agentsight,e58fce112c6e,complete,a3d9ffb2c0408e8a,5ed9df9682b1c80d,32188,32198,10,52183,1,0,0,0,0,0
agentsight,e58fce112c6e,complete,5ed9df9682b1c80d,43a59fc3dcab1fbf,32198,32325,127,821443,1,0,0,0,0,0
agentsight,e58fce112c6e,complete,43a59fc3dcab1fbf,65c8b21e0aa7aa51,32325,32336,11,78990,3,0,0,2,0,0
agentsight,e58fce112c6e,complete,65c8b21e0aa7aa51,92ba0a6779f4b335,32336,32337,1,0,1,0,0,0,0,0
agentsight,e58fce112c6e,complete,92ba0a6779f4b335,f8572e13ea0fbe61,32337,32348,11,43733,1,1,1,0,0,0
agentsight,e58fce112c6e,complete,f8572e13ea0fbe61,836a43e1759bdeeb,32348,32580,232,1766311,2,3,3,0,0,0
agentsight,e58fce112c6e,complete,836a43e1759bdeeb,993138413ce2390c,32580,32584,4,15542,1,0,0,0,0,0
agentsight,e58fce112c6e,complete,993138413ce2390c,c9d2a5091e739688,32584,32830,246,1917319,1,7,7,0,0,0
agentsight,e58fce112c6e,complete,c9d2a5091e739688,c0a5744c0771d649,32830,32831,1,29348,1,0,0,0,0,0
agentsight,e58fce112c6e,complete,c0a5744c0771d649,85e156340301c7f0,32831,33005,174,1328543,1,8,8,0,0,0
agentsight,e58fce112c6e,complete,85e156340301c7f0,7de8b4c649787c6d,33005,33031,26,357684,1,0,0,0,0,0
agentsight,e58fce112c6e,complete,7de8b4c649787c6d,302c60b7e8d57c29,33031,33119,88,539580,1,4,4,0,0,0
agentsight,e58fce112c6e,complete,302c60b7e8d57c29,ba7234af96a6a46a,33119,33904,785,28768367,1,36,36,0,0,0
agentsight,e58fce112c6e,complete,ba7234af96a6a46a,197a642d2d74877f,33904,33913,9,62088,1,0,0,0,0,0
agentsight,e58fce112c6e,complete,197a642d2d74877f,524e083416a29abb,33913,33914,1,29683,1,0,0,0,0,0
agentsight,e58fce112c6e,complete,524e083416a29abb,686a87db6de5ee3e,33914,33920,6,59443,1,0,0,0,0,0
agentsight,e58fce112c6e,complete,686a87db6de5ee3e,a34195a59afa66bf,33920,33921,1,165,1,0,0,0,0,0
agentsight,e58fce112c6e,complete,a34195a59afa66bf,d6b96f19e810922b,33921,33922,1,5835,1,0,0,0,0,0
agentsight,e58fce112c6e,complete,d6b96f19e810922b,0094c51f86e19092,33922,33926,4,114037,1,0,0,0,1,0
agentsight,e58fce112c6e,complete,0094c51f86e19092,23666b5c97ec6dff,33926,33933,7,64853,1,0,0,0,0,0
agentsight,e58fce112c6e,complete,23666b5c97ec6dff,8b87bb12aeb57b03,33933,33934,1,94,1,0,0,0,0,0
agentsight,e58fce112c6e,complete,8b87bb12aeb57b03,79b065576dc78b5c,33934,33935,1,93,1,0,0,0,0,0
agentsight,e58fce112c6e,complete,79b065576dc78b5c,31ea8e12031bbe34,33935,33967,32,391938,1,0,0,0,1,0
agentsight,e58fce112c6e,complete,31ea8e12031bbe34,b7718b3aa8a5a5d1,33967,33991,24,192179,1,1,1,2,0,0
agentsight,e58fce112c6e,complete,b7718b3aa8a5a5d1,eb114af71ff4f22d,33991,34011,20,265361,1,0,0,1,0,0
agentsight,e58fce112c6e,complete,eb114af71ff4f22d,6baf9b8452ad4eab,34011,34021,10,73850,1,0,0,2,0,0
agentsight,e58fce112c6e,complete,6baf9b8452ad4eab,341fb6349d8b055a,34021,34033,12,180215,1,0,0,1,0,0
agentsight,e58fce112c6e,complete,341fb6349d8b055a,e4bb8a78e7f5e98a,34033,34049,16,214597,1,0,0,0,0,0
agentsight,e58fce112c6e,complete,e4bb8a78e7f5e98a,48c4a10dff15d6b5,34049,34173,124,1410430,1,0,0,0,0,0
agentsight,e58fce112c6e,complete,48c4a10dff15d6b5,743614e49fb01972,34173,34176,3,11320,1,0,0,0,0,0
agentsight,e58fce112c6e,complete,743614e49fb01972,26620c798cde0190,34176,34183,7,67182,1,0,0,0,0,0
agentsight,e58fce112c6e,complete,26620c798cde0190,fa487fd8f1e690bc,34183,34241,58,121765,1,1,1,0,0,0
agentsight,e58fce112c6e,complete,fa487fd8f1e690bc,65c2da8dbd9991e9,34241,34259,18,26962,1,0,0,0,0,0
agentsight,e58fce112c6e,complete,65c2da8dbd9991e9,883a30c38ab39648,34259,34354,95,934572,1,0,0,0,0,0
agentsight,e58fce112c6e,complete,883a30c38ab39648,a867a326b9d371b1,34354,34366,12,65391,1,1,1,0,0,0
agentsight,e58fce112c6e,complete,a867a326b9d371b1,2a8335a69ff979f9,34366,34370,4,29516,1,0,0,0,0,0
agentsight,e58fce112c6e,complete,2a8335a69ff979f9,5da4aebcbd39a66d,34370,34423,53,312594,1,0,0,0,0,0
agentsight,e58fce112c6e,complete,5da4aebcbd39a66d,55dd57cae1d6bc68,34423,34432,9,89217,1,0,0,2,0,0
agentsight,e58fce112c6e,complete,55dd57cae1d6bc68,2a140e3ba7694959,34432,34465,33,556239,1,0,0,0,0,0
agentsight,e58fce112c6e,complete,2a140e3ba7694959,a73d7b000cbc7043,34465,34469,4,12560,1,0,0,0,0,0
agentsight,e58fce112c6e,complete,a73d7b000cbc7043,249dfd4a48c42d96,34469,34470,1,34,1,0,0,0,0,0
agentsight,e58fce112c6e,complete,249dfd4a48c42d96,c4f2248ac62bd8ed,34470,34481,11,78189,1,2,2,1,0,0
agentsight,e58fce112c6e,complete,c4f2248ac62bd8ed,cf462eccd5f67aef,34481,34588,107,689485,1,0,0,0,0,0
agentsight,e58fce112c6e,complete,cf462eccd5f67aef,d51704d749c901e3,34588,34589,1,14,1,0,0,0,0,0
agentsight,e58fce112c6e,complete,d51704d749c901e3,4daca7fa41d28d20,34589,34590,1,50,1,0,0,0,0,0
agentsight,e58fce112c6e,complete,4daca7fa41d28d20,7d0d9910e83afac1,34590,34593,3,111573,1,0,0,0,0,0
agentsight,e58fce112c6e,complete,7d0d9910e83afac1,901561f203ef4f34,34593,34596,3,17452,1,0,0,0,0,0
agentsight,e58fce112c6e,complete,901561f203ef4f34,70548b7cae56e045,34596,34598,2,38,1,0,0,0,0,0
agentsight,e58fce112c6e,complete,70548b7cae56e045,8833ca1eed30c4d6,34598,34611,13,64964,1,1,1,0,1,0
agentsight,e58fce112c6e,complete,8833ca1eed30c4d6,0ec844c5cac70242,34611,34657,46,310385,1,0,0,0,0,0
agentsight,e58fce112c6e,complete,0ec844c5cac70242,8b86964c0dff8a22,34657,34658,1,42,1,0,0,0,0,0
agentsight,e58fce112c6e,complete,8b86964c0dff8a22,0b944e086e19fa41,34658,34664,6,24458,1,0,0,0,0,0
agentsight,e58fce112c6e,complete,0b944e086e19fa41,29a942c07489d71c,34664,34690,26,348225,1,0,0,0,0,0
agentsight,e58fce112c6e,complete,29a942c07489d71c,9e78b1fa294091a4,34690,34702,12,43458,1,1,1,0,0,0
agentsight,e58fce112c6e,complete,9e78b1fa294091a4,61dd84e043e4e011,34702,34708,6,46095,1,0,0,0,0,0
agentsight,e58fce112c6e,complete,61dd84e043e4e011,ce8f1ed247be9429,34708,34712,4,10176,1,0,0,0,0,0
agentsight,e58fce112c6e,complete,ce8f1ed247be9429,1fbc6810ceb62e05,34712,34719,7,25281,1,0,0,0,0,0
agentsight,e58fce112c6e,complete,1fbc6810ceb62e05,6ce42af27aa8ec91,34719,34888,169,1284716,1,1,1,0,0,0
agentsight,e58fce112c6e,complete,6ce42af27aa8ec91,1e7135e5fd747f60,34888,34889,1,87,1,0,0,0,0,0
agentsight,e58fce112c6e,complete,1e7135e5fd747f60,b3eba3b5c35a501d,34889,34890,1,14677,1,0,0,0,0,0
agentsight,e58fce112c6e,complete,b3eba3b5c35a501d,faf3dd5dd2e05df3,34890,34913,23,242244,1,0,0,0,0,0
agentsight,e58fce112c6e,complete,faf3dd5dd2e05df3,a17cae9857487c0b,34913,34914,1,0,1,0,0,0,0,0
agentsight,e58fce112c6e,complete,a17cae9857487c0b,809abeffb4299395,34914,34920,6,74212,1,0,0,0,0,0
agentsight,e58fce112c6e,complete,809abeffb4299395,0cc16f7fbe84c9f6,34920,34921,1,0,1,0,0,0,0,0
agentsight,e58fce112c6e,complete,0cc16f7fbe84c9f6,0f49f10d0d40fc70,34921,34938,17,53071,1,1,1,0,0,0
agentsight,e58fce112c6e,complete,0f49f10d0d40fc70,102ed0b45fdf588c,34938,34940,2,10043,1,0,0,0,0,0
agentsight,e58fce112c6e,complete,102ed0b45fdf588c,fa2102493cec6a25,34940,34941,1,0,1,0,0,0,0,0
agentsight,e58fce112c6e,complete,fa2102493cec6a25,fe878544d9084baf,34941,34944,3,4787,1,0,0,0,0,0
agentsight,e58fce112c6e,complete,fe878544d9084baf,2bc2150f132ae07b,34944,34951,7,18977,1,0,0,0,0,0
agentsight,e58fce112c6e,complete,2bc2150f132ae07b,b2f1a124b0b83915,34951,34967,16,92848,1,0,0,0,0,0
agentsight,e58fce112c6e,complete,b2f1a124b0b83915,78494657cfdff5b9,34967,34981,14,183708,1,0,0,0,0,0
agentsight,e58fce112c6e,complete,78494657cfdff5b9,b898f9e6fafc419e,34981,35044,63,458676,1,1,1,0,0,0
agentsight,e58fce112c6e,complete,b898f9e6fafc419e,ed4b1354bd3f1562,35044,35165,121,1046552,1,0,0,0,0,0
agentsight,e58fce112c6e,complete,ed4b1354bd3f1562,85b32f76562e8d9c,35165,35181,16,49473,1,1,1,0,0,0
agentsight,e58fce112c6e,complete,85b32f76562e8d9c,bcd372ed9a1a02a7,35181,35213,32,258597,1,0,0,0,0,0
agentsight,e58fce112c6e,complete,bcd372ed9a1a02a7,2bd2b7d5068e4ef8,35213,35233,20,184204,1,0,0,0,0,0
agentsight,e58fce112c6e,complete,2bd2b7d5068e4ef8,0e04f6e7628e02a5,35233,35234,1,1,1,0,0,0,0,0
agentsight,e58fce112c6e,complete,0e04f6e7628e02a5,d0fea57fbd19ab26,35234,35251,17,133449,1,1,1,0,0,0
agentsight,e58fce112c6e,complete,d0fea57fbd19ab26,bfde26e244b560c2,35251,35403,152,637740,1,1,1,0,0,0
agentsight,e58fce112c6e,complete,bfde26e244b560c2,d32a07fc8bf4feb6,35403,35429,26,307348,1,0,0,0,0,0
agentsight,e58fce112c6e,complete,d32a07fc8bf4feb6,495163859a112de6,35429,35430,1,17186,1,0,0,0,0,0
agentsight,e58fce112c6e,complete,495163859a112de6,d79784086562f6a2,35430,35431,1,33,1,0,0,0,0,0
agentsight,e58fce112c6e,complete,d79784086562f6a2,e1def034422f48d4,35431,35435,4,10415,1,0,0,0,0,0
agentsight,e58fce112c6e,complete,e1def034422f48d4,58a2581c6fea44f0,35435,35451,16,103045,1,1,1,0,0,0
agentsight,e58fce112c6e,complete,58a2581c6fea44f0,1893af489b74cafa,35451,35455,4,22979,1,0,0,0,0,0
agentsight,e58fce112c6e,complete,1893af489b74cafa,4a5f2a564e441dc3,35455,35461,6,99497,1,0,0,0,0,0
agentsight,e58fce112c6e,complete,4a5f2a564e441dc3,5f09bc06948fabe0,35461,35470,9,87366,1,0,0,0,0,0
agentsight,e58fce112c6e,complete,5f09bc06948fabe0,4ba155294afa249e,35470,35712,242,1434321,1,2,2,0,0,0
agentsight,e58fce112c6e,complete,4ba155294afa249e,b7b3a763ce2feebb,35712,35719,7,99500,1,0,0,0,0,0
agentsight,e58fce112c6e,complete,b7b3a763ce2feebb,975b65fd97a2dd3c,35719,35721,2,9562,1,0,0,0,0,0
agentsight,e58fce112c6e,complete,975b65fd97a2dd3c,3ea5f63f27f6171f,35721,35738,17,87646,1,1,1,0,0,0
agentsight,e58fce112c6e,complete,3ea5f63f27f6171f,921d7f80ff3b1230,35738,35741,3,22190,1,0,0,0,0,0
agentsight,e58fce112c6e,complete,921d7f80ff3b1230,7d651b219b15d709,35741,35746,5,26907,1,0,0,0,0,0
agentsight,e58fce112c6e,complete,7d651b219b15d709,de654282cba68cdf,35746,35818,72,27589778,1,1,1,0,0,0
agentsight,e58fce112c6e,complete,de654282cba68cdf,7837a7fd6c2926a9,35818,35886,68,622718,1,0,0,0,0,0
agentsight,e58fce112c6e,complete,7837a7fd6c2926a9,42c112b46cb2ce6b,35886,35887,1,8837,1,0,0,0,0,0
agentsight,e58fce112c6e,complete,42c112b46cb2ce6b,c0551f006771fa57,35887,35936,49,454718,1,0,0,0,0,0
agentsight,e58fce112c6e,complete,c0551f006771fa57,3a80aac7f6a52463,35936,35968,32,198188,1,2,2,0,0,0
agentsight,e58fce112c6e,complete,3a80aac7f6a52463,6a27834f8a92c45f,35968,36055,87,373471,1,0,0,0,0,0
agentsight,e58fce112c6e,complete,6a27834f8a92c45f,d259786ecf69b962,36055,36073,18,130489,1,2,2,0,0,0
agentsight,e58fce112c6e,complete,d259786ecf69b962,894da1938af963e3,36073,36113,40,320053,1,0,0,0,0,0
agentsight,e58fce112c6e,complete,894da1938af963e3,47f4c7c077b8d458,36113,36154,41,586359,1,0,0,0,0,0
agentsight,e58fce112c6e,complete,47f4c7c077b8d458,5ebee5ef172f4c49,36154,36159,5,24459,1,0,0,0,0,0
agentsight,e58fce112c6e,complete,5ebee5ef172f4c49,e7a5dbc134d9bcca,36159,36180,21,103212,1,1,1,0,0,0
agentsight,e58fce112c6e,complete,e7a5dbc134d9bcca,f2a92f0ffa413e82,36180,36217,37,68667,1,0,0,0,0,0
agentsight,e58fce112c6e,complete,f2a92f0ffa413e82,2a2cf6e924480682,36217,36262,45,465395,1,0,0,0,0,0
agentsight,e58fce112c6e,complete,2a2cf6e924480682,9d3b01ff12c90d66,36262,36281,19,180086,1,0,0,0,0,0
agentsight,e58fce112c6e,complete,9d3b01ff12c90d66,c817148ad7011f3a,36281,36323,42,326601,1,2,2,0,0,0
agentsight,e58fce112c6e,complete,c817148ad7011f3a,8d63993a1e310a38,36323,36327,4,8850,1,0,0,0,0,0
agentsight,e58fce112c6e,complete,8d63993a1e310a38,f6f113b5b5b06d6f,36327,36379,52,11607510,1,0,0,0,0,0
agentsight,e58fce112c6e,complete,f6f113b5b5b06d6f,78561f1c7b18e956,36379,36401,22,79485,1,1,1,0,0,0
agentsight,e58fce112c6e,complete,78561f1c7b18e956,bd721d09d6997e26,36401,36469,68,141669,1,0,0,0,0,0
agentsight,e58fce112c6e,complete,bd721d09d6997e26,390e9a141f452f08,36469,36532,63,391318,1,3,3,0,0,0
agentsight,e58fce112c6e,complete,390e9a141f452f08,aa9a9e96d391a6f4,36532,36573,41,487439,1,0,0,0,1,0
agentsight,e58fce112c6e,complete,aa9a9e96d391a6f4,7e6e2ab92c30714d,36573,36583,10,32928,1,0,0,0,0,0
agentsight,e58fce112c6e,complete,7e6e2ab92c30714d,c4d5a103f661e7d3,36583,36706,123,433155,1,1,1,0,0,0
agentsight,e58fce112c6e,complete,c4d5a103f661e7d3,11b65641b924d71d,36706,36723,17,96138,1,0,0,0,0,0
agentsight,e58fce112c6e,complete,11b65641b924d71d,f15aac068b93c2da,36723,36727,4,6092,1,0,0,0,0,0
agentsight,e58fce112c6e,complete,f15aac068b93c2da,1b0a82c58bf81726,36727,36781,54,299952,1,1,1,0,0,0
agentsight,e58fce112c6e,complete,1b0a82c58bf81726,203a5772173ea1c2,36781,36845,64,581907,1,0,0,0,0,0
agentsight,e58fce112c6e,complete,203a5772173ea1c2,1daf66ff80b4fd40,36845,36974,129,637939,1,1,1,0,0,0
agentsight,e58fce112c6e,complete,1daf66ff80b4fd40,f44b33fa46bc29ab,36974,36978,4,9175,1,0,0,0,0,0
agentsight,e58fce112c6e,complete,f44b33fa46bc29ab,b5daf4a18645ed67,36978,37024,46,481075,1,0,0,0,0,0
agentsight,e58fce112c6e,complete,b5daf4a18645ed67,e82562082e90b50b,37024,37025,1,1,1,0,0,0,0,0
agentsight,e58fce112c6e,complete,e82562082e90b50b,b3c2d91519a19450,37025,37027,2,52,1,0,0,0,0,0
agentsight,e58fce112c6e,complete,b3c2d91519a19450,a45ac246a0c619d3,37027,37094,67,280620,1,1,1,0,0,0
agentsight,e58fce112c6e,complete,a45ac246a0c619d3,829d8026a1abd19f,37094,37184,90,614946,1,0,0,0,0,0
agentsight,e58fce112c6e,complete,829d8026a1abd19f,7f80ae36290203f0,37184,37264,80,918799,1,0,0,0,0,0
agentsight,e58fce112c6e,complete,7f80ae36290203f0,b84e0b5baf80107e,37264,37374,110,1052256,1,1,1,0,0,0
agentsight,e58fce112c6e,complete,b84e0b5baf80107e,2ec720cefbad20db,37374,37757,383,7877466,1,5,5,0,0,0
agentsight,e58fce112c6e,complete,2ec720cefbad20db,11e6438f69788046,37757,37759,2,32,1,0,0,0,0,0
agentsight,e58fce112c6e,complete,11e6438f69788046,cd999b631564e535,37759,37889,130,953512,1,2,2,0,0,0
agentsight,e58fce112c6e,complete,cd999b631564e535,450788c9bec80f19,37889,37896,7,43202,1,0,0,1,0,0
agentsight,e58fce112c6e,complete,450788c9bec80f19,67def42519ffb773,37896,37897,1,27,1,0,0,0,0,0
agentsight,e58fce112c6e,complete,67def42519ffb773,de65aa016b865d6c,37897,37906,9,125825,1,0,0,0,0,0
agentsight,e58fce112c6e,complete,de65aa016b865d6c,c39dac3985552243,37906,37907,1,28,1,0,0,0,0,0
agentsight,e58fce112c6e,complete,c39dac3985552243,856b8df4c17550b8,37907,37910,3,96,1,0,0,0,0,0
agentsight,e58fce112c6e,complete,856b8df4c17550b8,05f1cc244c7cfb01,37910,37933,23,126977,1,1,1,0,0,0
agentsight,e58fce112c6e,complete,05f1cc244c7cfb01,484c17000cf7ee2c,37933,38013,80,666817,1,1,1,0,0,0
agentsight,e58fce112c6e,complete,484c17000cf7ee2c,6cc8f764dff07232,38013,38018,5,9536,1,0,0,0,0,0
agentsight,e58fce112c6e,complete,6cc8f764dff07232,43114c684be1fe25,38018,38196,178,1279702,1,3,3,0,0,0
agentsight,e58fce112c6e,complete,43114c684be1fe25,7d2c54a4564fedcb,38196,38204,8,32161,1,0,0,0,0,0
agentsight,e58fce112c6e,complete,7d2c54a4564fedcb,45712cacd5634d80,38204,38311,107,846219,1,1,1,0,0,0
agentsight,e58fce112c6e,complete,45712cacd5634d80,e6b1a68c91baa49a,38311,38390,79,649076,1,1,1,0,0,0
agentsight,e58fce112c6e,complete,e6b1a68c91baa49a,c3ac285213c9fe41,38390,38411,21,71593,1,4,4,0,0,0
agentsight,e58fce112c6e,complete,c3ac285213c9fe41,b826c7313b4af3e8,38411,38478,67,2614470,2,0,0,0,0,0
agentsight,e58fce112c6e,complete,b826c7313b4af3e8,21fbe8962262665d,38478,38500,22,248843,1,0,0,0,0,0
agentsight,e58fce112c6e,complete,21fbe8962262665d,92c8e9db0db66501,38500,38555,55,3313449,1,6,6,0,0,0
agentsight,e58fce112c6e,complete,92c8e9db0db66501,e944c6dcef4632f5,38555,38606,51,1834663,1,0,0,0,0,0
agentsight,e58fce112c6e,complete,e944c6dcef4632f5,24cbe03c8ec26f09,38606,38662,56,314169,2,0,0,0,0,0
agentsight,e58fce112c6e,complete,24cbe03c8ec26f09,204d2a7f3f8af670,38662,38663,1,0,1,0,0,0,0,0
agentsight,e58fce112c6e,complete,204d2a7f3f8af670,e8073226d2bd22f5,38663,38664,1,0,1,0,0,0,0,0
agentsight,e58fce112c6e,complete,e8073226d2bd22f5,d5616df38fd1f429,38664,38697,33,114504,2,0,0,0,0,0
agentsight,e58fce112c6e,complete,d5616df38fd1f429,50dbda965b1008a7,38697,38698,1,0,1,0,0,0,0,0
agentsight,e58fce112c6e,complete,50dbda965b1008a7,34f4ee8e6b6f5082,38698,38699,1,0,1,0,0,0,0,0
agentsight,e58fce112c6e,complete,34f4ee8e6b6f5082,01ed06589d23a68d,38699,38847,148,78861076,3,1,1,0,0,0
agentsight,e58fce112c6e,complete,01ed06589d23a68d,5e635b014fa85c8a,38847,38848,1,2,1,0,0,0,0,0
agentsight,e58fce112c6e,complete,5e635b014fa85c8a,e9e56cf0d249c37d,38848,38875,27,157264,2,0,0,0,0,0
agentsight,e58fce112c6e,complete,e9e56cf0d249c37d,a11133c8bfee6c0c,38875,38876,1,0,1,0,0,0,0,0
agentsight,e58fce112c6e,complete,a11133c8bfee6c0c,141db92a851b47a4,38876,38895,19,88583,2,0,0,0,0,0
agentsight,e58fce112c6e,complete,141db92a851b47a4,08ffad10d6635b42,38895,38896,1,35,1,0,0,0,0,0
agentsight,e58fce112c6e,complete,08ffad10d6635b42,3e382059b76a8376,38896,38936,40,743188,1,0,0,0,0,0
agentsight,e58fce112c6e,complete,3e382059b76a8376,e9b3338e3a996ed1,38936,38941,5,15167,2,0,0,0,0,0
agentsight,e58fce112c6e,complete,e9b3338e3a996ed1,ced0a24271996f67,38941,38985,44,534474,2,0,0,0,0,0
agentsight,e58fce112c6e,complete,ced0a24271996f67,45956abd758d5a8b,38985,38986,1,22,1,0,0,0,0,0
agentsight,e58fce112c6e,complete,45956abd758d5a8b,36cc83b43abc6b74,38986,38997,11,47660,1,0,0,0,0,0
agentsight,e58fce112c6e,complete,36cc83b43abc6b74,1613ef2a0206d893,38997,38998,1,0,1,0,0,0,0,0
agentsight,e58fce112c6e,complete,1613ef2a0206d893,46d49e985bfe7ae3,38998,39025,27,811935,3,0,0,0,0,0
agentsight,e58fce112c6e,complete,46d49e985bfe7ae3,983cb41095eed83e,39025,39034,9,20212,2,0,0,1,0,0
agentsight,e58fce112c6e,complete,983cb41095eed83e,9d9f2a152434f9a5,39034,39035,1,24,1,0,0,0,0,0
agentsight,e58fce112c6e,complete,9d9f2a152434f9a5,b6d029a653643d3e,39035,39060,25,3831527,3,0,0,0,0,0
agentsight,e58fce112c6e,complete,b6d029a653643d3e,1c5fdbce24435eb8,39060,39061,1,0,1,0,0,0,0,0
agentsight,e58fce112c6e,complete,1c5fdbce24435eb8,c426bd636ba45ca1,39061,39079,18,2652727,2,0,0,0,0,0
agentsight,e58fce112c6e,complete,c426bd636ba45ca1,6974fec7f8b63977,39079,39080,1,0,1,0,0,0,0,0
agentsight,e58fce112c6e,complete,6974fec7f8b63977,33aee84783b0f08e,39080,39100,20,42152,1,0,0,0,0,0
agentsight,e58fce112c6e,complete,33aee84783b0f08e,f81d31a9c271e142,39100,39111,11,52320,1,0,0,0,0,0
agentsight,e58fce112c6e,complete,f81d31a9c271e142,b9add9b2defe4085,39111,39126,15,342293,1,0,0,0,0,0
agentsight,e58fce112c6e,complete,b9add9b2defe4085,207e8947d8b3fa85,39126,39133,7,34876,1,0,0,0,0,0
agentsight,e58fce112c6e,complete,207e8947d8b3fa85,7f0227e96e8e2d75,39133,39167,34,4731420,3,0,0,0,0,0
agentsight,e58fce112c6e,complete,7f0227e96e8e2d75,8c4768fc15acedd3,39167,39168,1,2,1,0,0,0,0,0
agentsight,e58fce112c6e,complete,8c4768fc15acedd3,f408ca97c613d91b,39168,39196,28,113905,2,0,0,0,0,0
agentsight,e58fce112c6e,complete,f408ca97c613d91b,b760c9c9f51f71b9,39196,39214,18,133434,1,0,0,0,0,0
agentsight,e58fce112c6e,complete,b760c9c9f51f71b9,e8d82df45086741c,39214,39215,1,0,1,0,0,0,0,0
agentsight,e58fce112c6e,complete,e8d82df45086741c,cf20f6d132dcf9cd,39215,39251,36,155311,2,0,0,0,0,0
agentsight,e58fce112c6e,complete,cf20f6d132dcf9cd,fbe64338db531c0a,39251,39252,1,1,1,0,0,0,0,0
agentsight,e58fce112c6e,complete,fbe64338db531c0a,25348f6d00c0b2c8,39252,39279,27,74199,1,0,0,0,0,0
agentsight,e58fce112c6e,complete,25348f6d00c0b2c8,458d8c837698793d,39279,39364,85,1566928,1,0,0,0,0,0
agentsight,e58fce112c6e,complete,458d8c837698793d,9ffab806304f0e73,39364,39372,8,51637,1,1,1,0,0,0
agentsight,e58fce112c6e,complete,9ffab806304f0e73,07732ef94553e7a7,39372,39379,7,61440,1,0,0,0,0,0
agentsight,e58fce112c6e,complete,07732ef94553e7a7,975f35eb4910a875,39379,39390,11,35606802,1,0,0,0,0,0
agentsight,e58fce112c6e,complete,975f35eb4910a875,df28c808e235369c,39390,39391,1,18,1,0,0,0,0,0
agentsight,e58fce112c6e,complete,df28c808e235369c,a103836d173ce8b2,39391,39441,50,156938,1,0,0,0,0,0
agentsight,e58fce112c6e,complete,a103836d173ce8b2,35a5bc4ce66b6d10,39441,39442,1,0,1,0,0,0,0,0
agentsight,e58fce112c6e,complete,35a5bc4ce66b6d10,74256480436c1e4a,39442,39449,7,18070,1,0,0,0,0,0
agentsight,e58fce112c6e,complete,74256480436c1e4a,8922f34cdc9dad3c,39449,39479,30,300290,3,2,1,0,0,0
agentsight,e58fce112c6e,complete,8922f34cdc9dad3c,54d5df6b5a6859b4,39479,39500,21,94972,1,0,0,0,0,0
agentsight,e58fce112c6e,complete,54d5df6b5a6859b4,aa92fcb0e0cfc91d,39500,39507,7,50914,1,0,0,0,0,0
agentsight,e58fce112c6e,complete,aa92fcb0e0cfc91d,3ac6954d69ec4e4c,39507,39515,8,153202,1,0,0,0,0,0
agentsight,e58fce112c6e,complete,3ac6954d69ec4e4c,b281fdcc24c1de27,39515,39522,7,141838,1,0,0,0,0,0
agentsight,e58fce112c6e,complete,b281fdcc24c1de27,5a5806f8f152ee9a,39522,39527,5,60129,1,0,0,0,0,0
agentsight,e58fce112c6e,complete,5a5806f8f152ee9a,158436a55e4f8807,39527,39530,3,23870,1,0,0,0,0,0
agentsight,e58fce112c6e,complete,158436a55e4f8807,15b13c6cb21c9cfe,39530,39555,25,367127,1,0,0,0,0,0
agentsight,e58fce112c6e,complete,15b13c6cb21c9cfe,b37567e21ff42be7,39555,39562,7,28648,1,0,0,0,0,0
agentsight,e58fce112c6e,complete,b37567e21ff42be7,0d88c55d6b84f00a,39562,39634,72,455635,3,27,5,0,0,0
agentsight,e58fce112c6e,complete,0d88c55d6b84f00a,8749758ea4700150,39634,39642,8,68792,1,0,0,0,0,0
agentsight,e58fce112c6e,complete,8749758ea4700150,2122c95ff8b5f5c2,39642,39647,5,19769,1,0,0,0,0,0
agentsight,e58fce112c6e,complete,2122c95ff8b5f5c2,9288604313e3e290,39647,39656,9,1993625,1,0,0,0,0,0
agentsight,e58fce112c6e,complete,9288604313e3e290,2c5c536e846a10da,39656,39747,91,4944015,1,0,0,0,0,0
agentsight,e58fce112c6e,complete,2c5c536e846a10da,3af10daff309d219,39747,39748,1,0,1,0,0,0,0,0
agentsight,e58fce112c6e,complete,3af10daff309d219,913fcb8146271b5f,39748,39775,27,168775,1,0,0,0,0,0
agentsight,e58fce112c6e,complete,913fcb8146271b5f,772c2371c7b45a02,39775,39776,1,97333,1,0,0,0,0,0
agentsight,e58fce112c6e,complete,772c2371c7b45a02,2773382dc661ad67,39776,39786,10,48857,1,0,0,0,0,0
agentsight,e58fce112c6e,complete,2773382dc661ad67,3ac53224e9b12328,39786,39790,4,16618,1,0,0,0,0,0
agentsight,e58fce112c6e,complete,3ac53224e9b12328,d43d7bdbcfdfeb85,39790,39792,2,31715,1,0,0,0,0,0
agentsight,e58fce112c6e,complete,d43d7bdbcfdfeb85,8382edf918f92eeb,39792,39794,2,167666,1,0,0,0,0,0
agentsight,e58fce112c6e,complete,8382edf918f92eeb,277b2b0312870957,39794,39802,8,278072,1,0,0,0,0,0
agentsight,e58fce112c6e,complete,277b2b0312870957,ed59ace4afd25978,39802,39819,17,200998,1,0,0,0,0,0
agentsight,e58fce112c6e,complete,ed59ace4afd25978,109f34a12cfd5d93,39819,39837,18,324040,1,0,0,0,0,0
agentsight,e58fce112c6e,complete,109f34a12cfd5d93,710c08e8fe11979a,39837,39838,1,52,1,0,0,0,0,0
agentsight,e58fce112c6e,complete,710c08e8fe11979a,2790775b10239b35,39838,39891,53,26332348,2,0,0,0,0,0
agentsight,e58fce112c6e,complete,2790775b10239b35,2328c78db2ab474e,39891,39892,1,163,1,0,0,0,0,0
agentsight,e58fce112c6e,complete,2328c78db2ab474e,69813777bede84ee,39892,39910,18,1304214,1,0,0,0,0,0
agentsight,e58fce112c6e,complete,69813777bede84ee,8d6436fb436fc8ab,39910,39982,72,1074689,2,0,0,0,0,0
agentsight,e58fce112c6e,complete,8d6436fb436fc8ab,ba08847f86ef4e74,39982,40101,119,69733999,3,1,1,0,0,0
agentsight,e58fce112c6e,complete,ba08847f86ef4e74,acead86e766b864b,40101,40103,2,23338,1,0,0,1,0,0
agentsight,e58fce112c6e,complete,acead86e766b864b,0d40e7186032ff6f,40103,40107,4,46302,1,0,0,0,0,0
agentsight,e58fce112c6e,complete,0d40e7186032ff6f,a7d7c6b4d045f19b,40107,40108,1,71,1,0,0,0,0,0
agentsight,e58fce112c6e,complete,a7d7c6b4d045f19b,217be7e3f9eb8bcc,40108,40117,9,64435,1,0,0,0,0,0
agentsight,e58fce112c6e,complete,217be7e3f9eb8bcc,3aa9e6e71f924018,40117,40118,1,0,1,0,0,0,0,0
agentsight,e58fce112c6e,complete,3aa9e6e71f924018,96e01f250e6b38cb,40118,40141,23,93837,2,0,0,0,0,0
agentsight,e58fce112c6e,complete,96e01f250e6b38cb,b932c7c2fc0d4834,40141,40147,6,90370,1,0,0,0,0,0
agentsight,e58fce112c6e,complete,b932c7c2fc0d4834,aa2701ea8ca5d8ee,40147,40148,1,138,1,0,0,0,0,0
agentsight,e58fce112c6e,complete,aa2701ea8ca5d8ee,c6f4240c47e3dce7,40148,40168,20,301950,1,0,0,0,0,0
agentsight,e58fce112c6e,complete,c6f4240c47e3dce7,8ac564c84d82f9e4,40168,40169,1,31,1,0,0,0,0,0
agentsight,e58fce112c6e,complete,8ac564c84d82f9e4,e54f475fbe0dc53c,40169,40172,3,35280,1,0,0,0,0,0
agentsight,e58fce112c6e,complete,e54f475fbe0dc53c,d25622171286ca5a,40172,40173,1,70,1,0,0,0,0,0
agentsight,e58fce112c6e,complete,d25622171286ca5a,71c59bfb3180b881,40173,40178,5,32800,1,0,0,0,0,0
agentsight,e58fce112c6e,complete,71c59bfb3180b881,22eae6435525c5d5,40178,40179,1,25,1,0,0,0,0,0
agentsight,e58fce112c6e,complete,22eae6435525c5d5,97f2b2f6efacce78,40179,40182,3,26027,1,0,0,0,0,0
agentsight,e58fce112c6e,complete,97f2b2f6efacce78,2b224c965c8003af,40182,40183,1,0,1,0,0,0,0,0
agentsight,e58fce112c6e,complete,2b224c965c8003af,7004e256e16a78dc,40183,40201,18,80003,2,0,0,0,0,0
agentsight,e58fce112c6e,complete,7004e256e16a78dc,ac55c20c7bc43187,40201,40202,1,2438,1,0,0,0,0,0
agentsight,e58fce112c6e,complete,ac55c20c7bc43187,d19d78a5391964db,40202,40252,50,5940094,2,0,0,0,0,0
agentsight,e58fce112c6e,complete,d19d78a5391964db,48c4a20816e41b0f,40252,40270,18,343628,1,0,0,0,0,0
agentsight,e58fce112c6e,complete,48c4a20816e41b0f,b0e18191ebc3afec,40270,40271,1,157,1,0,0,0,0,0
agentsight,e58fce112c6e,complete,b0e18191ebc3afec,9ce48c5c9bfa3013,40271,40350,79,961917,3,0,0,1,0,0
agentsight,e58fce112c6e,complete,9ce48c5c9bfa3013,6007448da811ca32,40350,40351,1,1,1,0,0,0,0,0
agentsight,e58fce112c6e,complete,6007448da811ca32,8f0856c22575b4f8,40351,40485,134,3765391,3,14,8,1,0,0
agentsight,e58fce112c6e,complete,8f0856c22575b4f8,34291747a6b8c761,40485,40599,114,506160,3,7,3,0,0,0
agentsight,e58fce112c6e,complete,34291747a6b8c761,f400ed1881ddb370,40599,40629,30,930704,1,11,3,0,0,0
agentsight,e58fce112c6e,complete,f400ed1881ddb370,12a2f31b44ea0cfe,40629,40653,24,151789,1,10,2,0,0,0
agentsight,e58fce112c6e,complete,12a2f31b44ea0cfe,669e6b58d393c71d,40653,40661,8,59282,1,1,1,0,0,0
agentsight,e58fce112c6e,complete,669e6b58d393c71d,e8d692dea5c756af,40661,40665,4,43466,1,2,1,0,0,0
agentsight,e58fce112c6e,complete,e8d692dea5c756af,40ed8c40a131e422,40665,40678,13,734229,1,2,1,0,0,0
agentsight,e58fce112c6e,complete,40ed8c40a131e422,a7d777ea3783a8a6,40678,40697,19,574185,1,3,1,0,0,0
agentsight,e58fce112c6e,complete,a7d777ea3783a8a6,7086a746416bb2ea,40697,40725,28,340984,1,0,0,0,0,0
agentsight,e58fce112c6e,complete,7086a746416bb2ea,c01d0d481a14f1e2,40725,40858,133,10505486,3,10,2,0,0,0
agentsight,e58fce112c6e,complete,c01d0d481a14f1e2,213b0b60d49c5167,40858,40921,63,340833,2,11,9,0,0,0
agentsight,e58fce112c6e,complete,213b0b60d49c5167,f02c4f34fe56bff3,40921,40932,11,58154,1,3,1,0,0,0
agentsight,e58fce112c6e,complete,f02c4f34fe56bff3,fd8f57dad73cbd78,40932,40938,6,44023,2,0,0,0,0,0
agentsight,e58fce112c6e,complete,fd8f57dad73cbd78,abc18c3ebdfcf67c,40938,40941,3,15811,1,1,1,0,0,0
agentsight,e58fce112c6e,complete,abc18c3ebdfcf67c,8f8e32a57f17c426,40941,40947,6,31178,2,1,1,1,0,0
agentsight,e58fce112c6e,complete,8f8e32a57f17c426,0c9f9afff3ba32fa,40947,40951,4,21503,2,1,1,0,0,0
agentsight,e58fce112c6e,complete,0c9f9afff3ba32fa,39f092d28dbcc3bf,40951,40967,16,45969,2,3,1,0,0,0
agentsight,e58fce112c6e,complete,39f092d28dbcc3bf,8845eb64b23969f2,40967,40984,17,61490,2,4,2,0,0,0
agentsight,e58fce112c6e,complete,8845eb64b23969f2,b51cd7dee72ba57b,40984,40988,4,4422,2,0,0,0,0,0
agentsight,e58fce112c6e,complete,b51cd7dee72ba57b,3fb4bfb53bbd6d27,40988,41013,25,310789,2,4,4,0,0,0
agentsight,e58fce112c6e,complete,3fb4bfb53bbd6d27,c1719933ff88a6d3,41013,41067,54,531399,2,10,3,0,0,0
agentsight,e58fce112c6e,complete,c1719933ff88a6d3,5ffd2b82e2763acf,41067,41079,12,84479,2,3,3,0,0,0
agentsight,e58fce112c6e,complete,5ffd2b82e2763acf,da8776c0b34d22e5,41079,41098,19,178975,2,4,1,0,0,0
agentsight,e58fce112c6e,complete,da8776c0b34d22e5,70509b51bc1b4da7,41098,41099,1,3933,1,0,0,0,0,0
agentsight,e58fce112c6e,complete,70509b51bc1b4da7,764db9abed42936e,41099,41112,13,87969,1,3,1,0,0,0
agentsight,e58fce112c6e,complete,764db9abed42936e,b1b5d0d169610f71,41112,41131,19,107039,2,0,0,0,0,0
agentsight,e58fce112c6e,complete,b1b5d0d169610f71,1fdf5600d66cc1f4,41131,41136,5,20085,2,0,0,0,0,0
agentsight,e58fce112c6e,complete,1fdf5600d66cc1f4,4c2909ad2254d640,41136,41156,20,83720,2,0,0,0,0,0
agentsight,e58fce112c6e,complete,4c2909ad2254d640,4f0a3cee13d0b4f8,41156,41157,1,2517,1,0,0,0,0,0
agentsight,e58fce112c6e,complete,4f0a3cee13d0b4f8,c7562be44d7aba0a,41157,41174,17,106174,1,0,0,0,0,0
agentsight,e58fce112c6e,complete,c7562be44d7aba0a,2f100df2f29477bd,41174,41197,23,124436,2,3,1,0,0,0
agentsight,e58fce112c6e,complete,2f100df2f29477bd,bb558a225fccdc56,41197,41198,1,3049,1,0,0,0,0,0
agentsight,e58fce112c6e,complete,bb558a225fccdc56,a2c13e6a2c7ca79c,41198,41199,1,2849,1,0,0,0,0,0
agentsight,e58fce112c6e,complete,a2c13e6a2c7ca79c,95a47957220d4a04,41199,41200,1,3049,1,0,0,0,0,0
agentsight,e58fce112c6e,complete,95a47957220d4a04,47be59baa86b6f82,41200,41205,5,16355,1,1,1,0,0,0
agentsight,e58fce112c6e,complete,47be59baa86b6f82,9ec14157af8eb24a,41205,41224,19,128744,2,4,2,0,0,0
agentsight,e58fce112c6e,complete,9ec14157af8eb24a,a653b86dd4b8c7fc,41224,41236,12,73502,2,2,1,0,0,0
agentsight,e58fce112c6e,complete,a653b86dd4b8c7fc,60737dfe54fbbb14,41236,41237,1,2315,1,0,0,0,0,0
agentsight,e58fce112c6e,complete,60737dfe54fbbb14,2681e53727429b87,41237,41238,1,2951,1,0,0,0,0,0
agentsight,e58fce112c6e,complete,2681e53727429b87,bbd590e2d72e09c3,41238,41283,45,45329466,2,5,3,0,0,0
agentsight,e58fce112c6e,complete,bbd590e2d72e09c3,6a38d481577a434e,41283,41284,1,3151,1,0,0,0,0,0
agentsight,e58fce112c6e,complete,6a38d481577a434e,8cf1b85de3a82c6b,41284,41291,7,23801,1,2,1,0,0,0
agentsight,e58fce112c6e,complete,8cf1b85de3a82c6b,73df830a360b2134,41291,41292,1,3667,1,0,0,0,0,0
agentsight,e58fce112c6e,complete,73df830a360b2134,eadc59e1286a3e14,41292,41294,2,9384,1,1,1,0,0,0
agentsight,e58fce112c6e,complete,eadc59e1286a3e14,9831304bf829eacd,41294,41296,2,10746,1,1,1,0,0,0
agentsight,e58fce112c6e,complete,9831304bf829eacd,89feb4fb14454c6b,41296,41298,2,8079,1,0,0,0,0,0
agentsight,e58fce112c6e,complete,89feb4fb14454c6b,1ae8fb2678fa91d9,41298,41299,1,5000,1,0,0,0,0,0
agentsight,e58fce112c6e,complete,1ae8fb2678fa91d9,317a502ba273d9f0,41299,41324,25,324475,1,0,0,0,0,0
agentsight,e58fce112c6e,complete,317a502ba273d9f0,66b03593d565d1c2,41324,41352,28,411891,1,0,0,0,1,0
agentsight,e58fce112c6e,complete,66b03593d565d1c2,66eba74a3c9584ce,41352,41378,26,182218,1,0,0,0,4,0
agentsight,e58fce112c6e,complete,66eba74a3c9584ce,bb24158108a71206,41378,41379,1,0,1,0,0,0,0,0
agentsight,e58fce112c6e,complete,bb24158108a71206,3d8c19dc8309838c,41379,41382,3,43431,1,0,0,0,0,0
agentsight,e58fce112c6e,complete,3d8c19dc8309838c,87406921af32ddef,41382,41387,5,22369,1,0,0,0,0,0
agentsight,e58fce112c6e,complete,87406921af32ddef,3fa11d9dffe18060,41387,41388,1,1,1,0,0,0,0,0
agentsight,e58fce112c6e,complete,3fa11d9dffe18060,b074926a8d15e476,41388,41389,1,4,1,0,0,0,0,0
agentsight,e58fce112c6e,complete,b074926a8d15e476,50d42a87b15415e4,41389,41401,12,107997,1,0,0,0,0,0
agentsight,e58fce112c6e,complete,50d42a87b15415e4,c93c273cc9f78a53,41401,41408,7,54761,1,0,0,0,0,0
agentsight,e58fce112c6e,complete,c93c273cc9f78a53,f3a64f9f3cf0c3b3,41408,41422,14,72021,1,0,0,0,2,0
agentsight,e58fce112c6e,complete,f3a64f9f3cf0c3b3,14f34796f92901aa,41422,41423,1,0,1,0,0,0,0,0
agentsight,e58fce112c6e,complete,14f34796f92901aa,968593560a63fdc8,41423,41428,5,31429,1,0,0,0,0,0
agentsight,e58fce112c6e,complete,968593560a63fdc8,5436c8df0d867c94,41428,41447,19,78104,2,0,0,0,0,0
agentsight,e58fce112c6e,complete,5436c8df0d867c94,1ced4f8f67997aa2,41447,41456,9,41886,2,0,0,0,0,0
agentsight,e58fce112c6e,complete,1ced4f8f67997aa2,aba59dbcb16cfe00,41456,41460,4,10153,1,0,0,0,0,0
agentsight,e58fce112c6e,complete,aba59dbcb16cfe00,679684c0d117b785,41460,41481,21,119009,1,0,0,0,1,0
agentsight,e58fce112c6e,complete,679684c0d117b785,1dfc9feef2b0c44d,41481,41494,13,170742,2,0,0,0,1,0
agentsight,e58fce112c6e,complete,1dfc9feef2b0c44d,4087d5806718f3da,41494,41541,47,778097,2,0,0,0,0,0
agentsight,e58fce112c6e,complete,4087d5806718f3da,6a6406f0cdbadc0e,41541,41610,69,1653729,3,0,0,0,0,0
agentsight,e58fce112c6e,complete,6a6406f0cdbadc0e,3f540a0466482cce,41610,41612,2,7327,1,0,0,0,0,0
agentsight,e58fce112c6e,complete,3f540a0466482cce,f78dd1faada96be9,41612,41644,32,335027,3,1,1,0,0,0
agentsight,e58fce112c6e,complete,f78dd1faada96be9,985c9be506a636c2,41644,41655,11,34348,1,0,0,0,0,0
agentsight,e58fce112c6e,complete,985c9be506a636c2,89aec9ac276f2d95,41655,41656,1,0,1,0,0,0,0,0
agentsight,e58fce112c6e,complete,89aec9ac276f2d95,dea68ceb3b042534,41656,41657,1,51,1,0,0,0,0,0
agentsight,e58fce112c6e,complete,dea68ceb3b042534,be2941eec4c1d6d1,41657,41677,20,310946,1,0,0,0,0,0
agentsight,e58fce112c6e,complete,be2941eec4c1d6d1,78d46056ce2047b3,41677,41696,19,301155,2,0,0,0,0,0
agentsight,e58fce112c6e,complete,78d46056ce2047b3,f0812d47c7c1f03b,41696,41769,73,8704424,3,1,1,0,0,0
agentsight,e58fce112c6e,complete,f0812d47c7c1f03b,a76a14520ee66f59,41769,41770,1,5694,1,0,0,0,0,0
agentsight,e58fce112c6e,complete,a76a14520ee66f59,e43931b80c171f2b,41770,41786,16,295922,1,4,3,0,0,0
agentsight,e58fce112c6e,complete,e43931b80c171f2b,1d8ab994675f2ede,41786,41787,1,6662,1,0,0,0,0,0
agentsight,e58fce112c6e,complete,1d8ab994675f2ede,5f47e578b0d708a8,41787,41812,25,1017402,1,6,5,0,0,0
agentsight,e58fce112c6e,complete,5f47e578b0d708a8,545dbc7934b05b15,41812,41861,49,7409642,1,5,2,0,0,0
agentsight,e58fce112c6e,complete,545dbc7934b05b15,b3d1280663f6f92f,41861,41863,2,126888,1,0,0,0,0,0
agentsight,e58fce112c6e,complete,b3d1280663f6f92f,9db51880c232b01b,41863,41864,1,124075,1,0,0,0,0,0
agentsight,e58fce112c6e,complete,9db51880c232b01b,c5d7c3653eb8c70b,41864,41901,37,854844,1,6,3,0,0,0
agentsight,e58fce112c6e,complete,c5d7c3653eb8c70b,7c81ede28b38d5e6,41901,41922,21,1101936,1,7,3,0,0,0
agentsight,e58fce112c6e,complete,7c81ede28b38d5e6,d4d863cd52d62114,41922,41967,45,1979196,1,14,6,0,0,0
agentsight,e58fce112c6e,complete,d4d863cd52d62114,87d98c6500f84334,41967,41968,1,8768,1,0,0,0,0,0
agentsight,e58fce112c6e,complete,87d98c6500f84334,c1bca8f3c1ee4e89,41968,41971,3,9072,1,2,1,0,0,0
agentsight,e58fce112c6e,complete,c1bca8f3c1ee4e89,a7b2bb17f586a836,41971,41972,1,2463,1,0,0,0,0,0
agentsight,e58fce112c6e,complete,a7b2bb17f586a836,441bd7d7ad46e4b6,41972,41974,2,5840,1,1,1,0,0,0
agentsight,e58fce112c6e,complete,441bd7d7ad46e4b6,0559179b3bec76e7,41974,41975,1,2720,1,0,0,0,0,0
agentsight,e58fce112c6e,complete,0559179b3bec76e7,dbf47dc1bd005e47,41975,41979,4,15643,1,1,1,1,0,0
agentsight,e58fce112c6e,complete,dbf47dc1bd005e47,4a16f9613af2f762,41979,42001,22,347671,1,7,4,0,0,0
agentsight,e58fce112c6e,complete,4a16f9613af2f762,5de4be290c1a1375,42001,42008,7,145076,1,1,1,0,0,0
agentsight,e58fce112c6e,complete,5de4be290c1a1375,804a69b0dfdc1131,42008,42018,10,227470,1,2,2,0,0,0
agentsight,e58fce112c6e,complete,804a69b0dfdc1131,b8785923445a68d2,42018,42236,218,4250029,1,95,6,0,0,0
agentsight,e58fce112c6e,complete,b8785923445a68d2,6fca226d0a696d78,42236,42240,4,92324,1,0,0,0,0,0
agentsight,e58fce112c6e,complete,6fca226d0a696d78,f92c6eaf57543b69,42240,42270,30,796889,1,5,3,0,0,0
agentsight,e58fce112c6e,complete,f92c6eaf57543b69,1ccddcc6a392c484,42270,42282,12,286811,1,2,2,0,0,0
agentsight,e58fce112c6e,complete,1ccddcc6a392c484,054b1fbe275bd462,42282,42288,6,268086,1,0,0,0,0,0
agentsight,e58fce112c6e,complete,054b1fbe275bd462,61a954e65f3230f5,42288,42299,11,303137,1,1,1,0,0,0
agentsight,e58fce112c6e,complete,61a954e65f3230f5,5051db71b4b012a3,42299,42318,19,801638,1,4,2,0,0,0
agentsight,e58fce112c6e,complete,5051db71b4b012a3,e80c578ae99ee8f7,42318,42329,11,190751,1,3,3,0,0,0
agentsight,e58fce112c6e,complete,e80c578ae99ee8f7,41ecc735bb2296b4,42329,42380,51,1285590,2,11,3,0,0,0
agentsight,e58fce112c6e,complete,41ecc735bb2296b4,8c3f6cb9834e037d,42380,42384,4,14568,1,0,0,0,0,0
agentsight,e58fce112c6e,complete,8c3f6cb9834e037d,4c944fe1939b92be,42384,42385,1,0,1,0,0,0,0,0
agentsight,e58fce112c6e,complete,4c944fe1939b92be,3727a7a8ff134a96,42385,42462,77,1402941,2,0,0,0,0,0
agentsight,e58fce112c6e,complete,3727a7a8ff134a96,e16aebd8722a1a51,42462,42648,186,515245013,4,5,4,1,0,0
agentsight,e58fce112c6e,complete,e16aebd8722a1a51,3b4375437524c1e8,42648,42656,8,84549,1,0,0,0,0,0
agentsight,e58fce112c6e,complete,3b4375437524c1e8,918ec684c75ae7ab,42656,42669,13,128028,1,0,0,0,0,0
agentsight,e58fce112c6e,complete,918ec684c75ae7ab,f0690188ec8ce762,42669,42677,8,72998,1,0,0,0,0,0
agentsight,e58fce112c6e,complete,f0690188ec8ce762,f003efc5e2f0e990,42677,42683,6,59940,1,0,0,0,0,0
agentsight,e58fce112c6e,complete,f003efc5e2f0e990,7dd887c0756f3f08,42683,42688,5,34168,1,0,0,0,0,0
agentsight,e58fce112c6e,complete,7dd887c0756f3f08,18119ad93fabe84b,42688,42709,21,188725,1,0,0,0,0,0
agentsight,e58fce112c6e,complete,18119ad93fabe84b,9a4225328690f351,42709,42758,49,422516,1,0,0,0,0,0
agentsight,e58fce112c6e,complete,9a4225328690f351,9c381e638acb407e,42758,42759,1,4695,1,0,0,0,0,0
agentsight,e58fce112c6e,complete,9c381e638acb407e,4a8d27f9fad3c338,42759,42845,86,139568060,2,0,0,0,0,0
agentsight,e58fce112c6e,complete,4a8d27f9fad3c338,931fdc7abbe026e9,42845,42917,72,5524928,2,0,0,1,0,0
agentsight,e58fce112c6e,complete,931fdc7abbe026e9,9235ef45194aff1a,42917,42949,32,211691,1,0,0,0,0,0
agentsight,e58fce112c6e,complete,9235ef45194aff1a,4b74987118b1d36f,42949,42952,3,14511,1,0,0,0,0,0
agentsight,e58fce112c6e,complete,4b74987118b1d36f,dc934b7e8457a1a5,42952,42965,13,62368,1,0,0,0,0,0
agentsight,e58fce112c6e,complete,dc934b7e8457a1a5,183c7a603e57beb1,42965,42967,2,7016,1,0,0,0,0,0
agentsight,e58fce112c6e,complete,183c7a603e57beb1,9b0f3f761713e9cb,42967,42991,24,21759260,1,0,0,0,0,0
agentsight,e58fce112c6e,complete,9b0f3f761713e9cb,21a0cf45987bcc13,42991,43047,56,11162421,1,0,0,0,0,0
agentsight,e58fce112c6e,complete,21a0cf45987bcc13,7ea84929569875d9,43047,43065,18,90011,1,0,0,0,0,0
agentsight,e58fce112c6e,complete,7ea84929569875d9,edb592515d843156,43065,43070,5,14409,1,0,0,0,0,0
agentsight,e58fce112c6e,complete,edb592515d843156,6fee68954fc75c93,43070,43135,65,67455201,4,0,0,0,0,0
agentsight,e58fce112c6e,complete,6fee68954fc75c93,a81f796ca66b8e65,43135,43164,29,540067,2,0,0,0,0,0
agentsight,e58fce112c6e,complete,a81f796ca66b8e65,45913d1bd6bf5678,43164,43165,1,10697,1,0,0,0,0,0
agentsight,e58fce112c6e,complete,45913d1bd6bf5678,2e6f3fac27357b0c,43165,43172,7,406947,1,0,0,0,0,0
agentsight,e58fce112c6e,complete,2e6f3fac27357b0c,625cff9031be7fea,43172,43173,1,26,1,0,0,0,0,0
agentsight,e58fce112c6e,complete,625cff9031be7fea,92e0e988b74f6b25,43173,43323,150,344099655,4,42,5,0,0,0
agentsight,e58fce112c6e,complete,92e0e988b74f6b25,c1e351bda95dcf46,43323,43333,10,79455,1,0,0,0,0,0
agentsight,e58fce112c6e,complete,c1e351bda95dcf46,7f167422cc71c2a1,43333,43444,111,849455,1,1,1,1,0,0
agentsight,e58fce112c6e,complete,7f167422cc71c2a1,9dfd30a3718e0380,43444,43447,3,11778,1,0,0,0,0,0
agentsight,e58fce112c6e,complete,9dfd30a3718e0380,7b65ed0efc5d2473,43447,43469,22,102487,1,3,3,0,0,0
agentsight,e58fce112c6e,complete,7b65ed0efc5d2473,33c6a994171b2719,43469,43470,1,0,1,0,0,0,0,0
agentsight,e58fce112c6e,complete,33c6a994171b2719,f03f0472fe4077d0,43470,43486,16,73372,1,3,3,1,0,0
agentsight,e58fce112c6e,complete,f03f0472fe4077d0,4ef95fc6d5c6e993,43486,43487,1,0,1,0,0,0,0,0
agentsight,e58fce112c6e,complete,4ef95fc6d5c6e993,13551831d9746c2a,43487,43489,2,7717,1,0,0,0,0,0
agentsight,e58fce112c6e,complete,13551831d9746c2a,685839d36f6eb832,43489,43490,1,27,1,0,0,0,0,0
agentsight,e58fce112c6e,complete,685839d36f6eb832,8033ff14880e9528,43490,43544,54,377344,1,1,1,0,0,0
agentsight,e58fce112c6e,complete,8033ff14880e9528,7785b00cec2d4e4d,43544,43547,3,7864,1,0,0,0,0,0
agentsight,e58fce112c6e,complete,7785b00cec2d4e4d,cd8c904195f0c63e,43547,43548,1,0,1,0,0,0,0,0
agentsight,e58fce112c6e,complete,cd8c904195f0c63e,bd3a2109486eec28,43548,43550,2,25201,1,0,0,0,0,0
agentsight,e58fce112c6e,complete,bd3a2109486eec28,0bc74faa054e1388,43550,43562,12,48288,1,4,4,0,0,0
agentsight,e58fce112c6e,complete,0bc74faa054e1388,4fa80ac79f07a9e5,43562,43607,45,255349661,2,0,0,0,0,0
agentsight,e58fce112c6e,complete,4fa80ac79f07a9e5,05367a097ba99e59,43607,43678,71,99198974,2,0,0,1,0,0
agentsight,e58fce112c6e,complete,05367a097ba99e59,8dc72dd86bf7d4a3,43678,43803,125,1485885,2,0,0,1,1,0
agentsight,e58fce112c6e,complete,8dc72dd86bf7d4a3,02c0014774d267f7,43803,43805,2,21953,1,0,0,0,0,0
agentsight,e58fce112c6e,complete,02c0014774d267f7,d770ca2c4b1d2b5d,43805,43812,7,31840,2,0,0,1,0,0
agentsight,e58fce112c6e,complete,d770ca2c4b1d2b5d,cdfcc227324ee7b1,43812,43813,1,55,1,0,0,0,0,0
agentsight,e58fce112c6e,complete,cdfcc227324ee7b1,a5eae53582bd3ad9,43813,43821,8,55244,2,0,0,0,0,0
agentsight,e58fce112c6e,complete,a5eae53582bd3ad9,be4d0bc864b8a5d9,43821,44000,179,1665984,2,0,0,0,0,0
agentsight,e58fce112c6e,complete,be4d0bc864b8a5d9,4c66cbf48f2f6e58,44000,44200,200,3511120,2,0,0,0,1,0
agentsight,e58fce112c6e,complete,4c66cbf48f2f6e58,6aa0e6f1749005df,44200,44202,2,4986,1,0,0,1,0,0
agentsight,e58fce112c6e,complete,6aa0e6f1749005df,ef91f012479092a0,44202,44203,1,77,1,0,0,0,0,0
agentsight,e58fce112c6e,complete,ef91f012479092a0,34672e1150310938,44203,44305,102,539774,2,0,0,1,0,0
agentsight,e58fce112c6e,complete,34672e1150310938,8d7ebe723c9b0eff,44305,44306,1,0,1,0,0,0,0,0
agentsight,e58fce112c6e,complete,8d7ebe723c9b0eff,fbc09150fe0a3177,44306,44307,1,1,1,0,0,0,0,0
agentsight,e58fce112c6e,complete,fbc09150fe0a3177,6aaf6c34a64212ee,44307,44308,1,40,1,0,0,0,0,0
agentsight,e58fce112c6e,complete,6aaf6c34a64212ee,4b0611128c18d00f,44308,44312,4,23773,1,0,0,0,0,0
agentsight,e58fce112c6e,complete,4b0611128c18d00f,2ab6c038382e4704,44312,44313,1,104,1,0,0,0,0,0
agentsight,e58fce112c6e,complete,2ab6c038382e4704,5c399831d9af0f11,44313,44324,11,84641,1,0,0,1,0,0
agentsight,e58fce112c6e,complete,5c399831d9af0f11,595f35ffa76f5a17,44324,44325,1,123,1,0,0,0,0,0
agentsight,e58fce112c6e,complete,595f35ffa76f5a17,49e8fd96fc98e70b,44325,44326,1,7022,1,0,0,0,0,0
agentsight,e58fce112c6e,complete,49e8fd96fc98e70b,ee5234bd310b0e89,44326,44329,3,15467,1,0,0,0,0,0
agentsight,e58fce112c6e,complete,ee5234bd310b0e89,6dae2e48f27ebaa6,44329,44333,4,17984,1,0,0,0,0,0
agentsight,e58fce112c6e,complete,6dae2e48f27ebaa6,5b38b61d0c96bc09,44333,44372,39,334529,1,0,0,1,0,0
agentsight,e58fce112c6e,complete,5b38b61d0c96bc09,fb6e0683c21d2c7b,44372,44373,1,9957,1,0,0,0,0,0
agentsight,e58fce112c6e,complete,fb6e0683c21d2c7b,218b4afb6970e5f4,44373,44374,1,0,1,0,0,0,0,0
agentsight,e58fce112c6e,complete,218b4afb6970e5f4,7ce5a5f0c2c19a08,44374,44375,1,0,1,0,0,0,0,0
agentsight,e58fce112c6e,complete,7ce5a5f0c2c19a08,0fe8192f874085b6,44375,44376,1,12,1,0,0,0,0,0
agentsight,e58fce112c6e,complete,0fe8192f874085b6,aa812da3ebebf9d2,44376,44377,1,7214,1,0,0,0,0,0
agentsight,e58fce112c6e,complete,aa812da3ebebf9d2,97e9786425267877,44377,44384,7,79970,1,0,0,0,0,0
agentsight,e58fce112c6e,complete,97e9786425267877,7a29b814d29d1315,44384,44385,1,40,1,0,0,0,0,0
agentsight,e58fce112c6e,complete,7a29b814d29d1315,e503dde525d3ce7a,44385,44386,1,23653,1,0,0,0,0,0
agentsight,e58fce112c6e,complete,e503dde525d3ce7a,58986ebe2ead76ec,44386,44387,1,35,1,0,0,0,0,0
agentsight,e58fce112c6e,complete,58986ebe2ead76ec,cbcdf35cb322a8b1,44387,44404,17,84893,1,1,1,0,0,0
agentsight,e58fce112c6e,complete,cbcdf35cb322a8b1,2cd11e16a2ed91e9,44404,44405,1,74,1,0,0,0,0,0
agentsight,e58fce112c6e,complete,2cd11e16a2ed91e9,ab8d9eac49a7ee66,44405,44514,109,625844,2,0,0,0,0,0
agentsight,e58fce112c6e,complete,ab8d9eac49a7ee66,37fa9f9d21e37a53,44514,44516,2,1308,1,0,0,0,0,0
agentsight,e58fce112c6e,complete,37fa9f9d21e37a53,6ef999bfadf5ed33,44516,44521,5,9322,2,0,0,0,0,0
agentsight,e58fce112c6e,complete,6ef999bfadf5ed33,040240c664b6522b,44521,44547,26,302752,1,0,0,0,0,0
agentsight,e58fce112c6e,complete,040240c664b6522b,b14dd381aa1ad7be,44547,44549,2,43,1,0,0,1,0,0
agentsight,e58fce112c6e,complete,b14dd381aa1ad7be,c553783cd6f62e5b,44549,44552,3,16560,1,0,0,1,0,0
agentsight,e58fce112c6e,complete,c553783cd6f62e5b,dae6d5d317f46145,44552,44553,1,7144,1,0,0,0,0,0
agentsight,e58fce112c6e,complete,dae6d5d317f46145,bc4d00dd1e16f859,44553,44562,9,113087,1,0,0,0,0,0
agentsight,e58fce112c6e,complete,bc4d00dd1e16f859,8d941b322de7e275,44562,44563,1,40,1,0,0,0,0,0
agentsight,e58fce112c6e,complete,8d941b322de7e275,a30a8ac8e45a745e,44563,44764,201,3333379,2,0,0,0,0,0
agentsight,e58fce112c6e,complete,a30a8ac8e45a745e,b6d5ac1c1065d191,44764,44765,1,14919,1,0,0,0,0,0
agentsight,e58fce112c6e,complete,b6d5ac1c1065d191,59c0b4b4c515684c,44765,44766,1,1,1,0,0,0,0,0
agentsight,e58fce112c6e,complete,59c0b4b4c515684c,ab074a323023361c,44766,44767,1,16,1,0,0,0,0,0
agentsight,e58fce112c6e,complete,ab074a323023361c,d6c0756297747448,44767,44770,3,25722,2,0,0,0,0,0
agentsight,e58fce112c6e,complete,d6c0756297747448,03a3ab3de6d34332,44770,44771,1,1,1,0,0,0,0,0
agentsight,e58fce112c6e,complete,03a3ab3de6d34332,404bcaad822fe31e,44771,44784,13,72847,2,0,0,0,0,0
agentsight,e58fce112c6e,complete,404bcaad822fe31e,fbda1da346716686,44784,44785,1,77,1,0,0,0,0,0
agentsight,e58fce112c6e,complete,fbda1da346716686,6d5f39cf9b1ac38d,44785,44800,15,112600,1,0,0,0,0,0
agentsight,e58fce112c6e,complete,6d5f39cf9b1ac38d,f6bcb9eea5b91138,44800,44801,1,45,1,0,0,0,0,0
agentsight,e58fce112c6e,complete,f6bcb9eea5b91138,7db6e81618436c6e,44801,44843,42,162876,3,0,0,0,1,0
agentsight,e58fce112c6e,complete,7db6e81618436c6e,fc208a3d0d1ee92c,44843,44901,58,258492,3,0,0,1,0,0
agentsight,e58fce112c6e,complete,fc208a3d0d1ee92c,387acbad93a4254d,44901,45134,233,40863847,3,0,0,0,0,0
agentsight,e58fce112c6e,complete,387acbad93a4254d,05fafd554bb96d9d,45134,45135,1,4,1,0,0,0,0,0
agentsight,e58fce112c6e,complete,05fafd554bb96d9d,3c538185b72e2e90,45135,45136,1,61,1,0,0,0,0,0
agentsight,e58fce112c6e,complete,3c538185b72e2e90,16dcdf1e5bebbb88,45136,45137,1,9339,1,0,0,0,0,0
agentsight,e58fce112c6e,complete,16dcdf1e5bebbb88,8c3af02cca2378e4,45137,45138,1,0,1,0,0,0,0,0
agentsight,e58fce112c6e,complete,8c3af02cca2378e4,91137a0b6937320e,45138,45182,44,204240,3,0,0,0,0,0
agentsight,e58fce112c6e,complete,91137a0b6937320e,f70bd60b166c9687,45182,45183,1,49,1,0,0,0,0,0
agentsight,e58fce112c6e,complete,f70bd60b166c9687,e3b3c4221d152711,45183,45237,54,136727,4,0,0,1,0,0
agentsight,e58fce112c6e,complete,e3b3c4221d152711,5f200345ddee93b0,45237,45238,1,27,1,0,0,0,0,0
agentsight,e58fce112c6e,complete,5f200345ddee93b0,4ec50db8fc66a781,45238,45337,99,705858,2,0,0,1,0,0
agentsight,e58fce112c6e,complete,4ec50db8fc66a781,0df8223e3d382288,45337,45342,5,42121,1,0,0,0,0,0
agentsight,e58fce112c6e,complete,0df8223e3d382288,657c9a24f83e6b9b,45342,45346,4,46788,1,0,0,0,0,0
agentsight,e58fce112c6e,complete,657c9a24f83e6b9b,46606f53fb8fecf8,45346,45359,13,73992,1,0,0,1,0,0
agentsight,e58fce112c6e,complete,46606f53fb8fecf8,6733bac5aa8e7e45,45359,45360,1,8547,1,0,0,0,0,0
agentsight,e58fce112c6e,complete,6733bac5aa8e7e45,925c416c8b8887e0,45360,45361,1,35,1,0,0,0,0,0
agentsight,e58fce112c6e,complete,925c416c8b8887e0,da72f82d3c0b0f81,45361,45437,76,233987,2,0,0,0,0,0
agentsight,e58fce112c6e,complete,da72f82d3c0b0f81,6f1f75cad90a02a7,45437,45438,1,35,1,0,0,0,0,0
agentsight,e58fce112c6e,complete,6f1f75cad90a02a7,14f97331e68b6ed9,45438,45442,4,21020,2,0,0,0,0,0
agentsight,e58fce112c6e,complete,14f97331e68b6ed9,50ce4fa430e5245d,45442,45444,2,17909,2,0,0,0,0,0
agentsight,e58fce112c6e,complete,50ce4fa430e5245d,39016967fb6a82af,45444,45448,4,9028,2,0,0,0,0,0
agentsight,e58fce112c6e,complete,39016967fb6a82af,bc6793ca80979ac9,45448,45458,10,144072,1,0,0,0,0,0
agentsight,e58fce112c6e,complete,bc6793ca80979ac9,5331adff634ab9bc,45458,45459,1,551,1,0,0,0,0,0
agentsight,e58fce112c6e,complete,5331adff634ab9bc,83a3e600de775efd,45459,45468,9,39223,1,0,0,0,0,0
agentsight,e58fce112c6e,complete,83a3e600de775efd,1b13f59ed10dd536,45468,45543,75,212699,2,0,0,0,0,0
agentsight,e58fce112c6e,complete,1b13f59ed10dd536,8093c26093ae7b25,45543,45544,1,591,1,0,0,0,0,0
agentsight,e58fce112c6e,complete,8093c26093ae7b25,87bff45f88c7c768,45544,45547,3,4244,1,0,0,0,0,0
agentsight,e58fce112c6e,complete,87bff45f88c7c768,e0f23c50ec60a292,45547,45549,2,20935,1,0,0,0,0,0
agentsight,e58fce112c6e,complete,e0f23c50ec60a292,80c8eeb28e4df38d,45549,45575,26,168670,2,0,0,0,0,0
agentsight,e58fce112c6e,complete,80c8eeb28e4df38d,fc644294436ffd0b,45575,45576,1,0,1,0,0,0,0,0
agentsight,e58fce112c6e,complete,fc644294436ffd0b,8ff2b302570ebddc,45576,45577,1,43,1,0,0,0,0,0
agentsight,e58fce112c6e,complete,8ff2b302570ebddc,071dad67cfc30048,45577,45578,1,8016,1,0,0,0,0,0
agentsight,e58fce112c6e,complete,071dad67cfc30048,ad7a946ebea65e11,45578,45583,5,39352,1,0,0,2,0,0
agentsight,e58fce112c6e,complete,ad7a946ebea65e11,e553b108ba47ab31,45583,45624,41,136241,1,1,1,1,0,0
agentsight,e58fce112c6e,complete,e553b108ba47ab31,4a0631042bf044c0,45624,45626,2,3472,1,0,0,0,0,0
agentsight,e58fce112c6e,complete,4a0631042bf044c0,e3ae1ab27d7740ac,45626,45632,6,15062,1,0,0,0,0,0
agentsight,e58fce112c6e,complete,e3ae1ab27d7740ac,750ea42cfdbb9ca2,45632,45638,6,14034,1,0,0,1,0,0
agentsight,e58fce112c6e,complete,750ea42cfdbb9ca2,7d4287004d045e96,45638,45639,1,0,1,0,0,0,0,0
agentsight,e58fce112c6e,complete,7d4287004d045e96,739241d4d3193d9c,45639,45640,1,43,1,0,0,0,0,0
agentsight,e58fce112c6e,complete,739241d4d3193d9c,7fac269c400691a5,45640,45641,1,2428,1,0,0,0,0,0
agentsight,e58fce112c6e,complete,7fac269c400691a5,fc2bb3b28ae02af6,45641,45643,2,1779,1,0,0,0,0,0
agentsight,e58fce112c6e,complete,fc2bb3b28ae02af6,fc8e01b823ec6ef2,45643,45687,44,109673,2,1,1,0,0,0
agentsight,e58fce112c6e,complete,fc8e01b823ec6ef2,2804c71f7fcadc98,45687,45688,1,6,1,0,0,0,0,0
agentsight,e58fce112c6e,complete,2804c71f7fcadc98,a289c4226b681068,45688,45689,1,22,1,0,0,0,0,0
agentsight,e58fce112c6e,complete,a289c4226b681068,517b185ff793f2f5,45689,45690,1,11,1,0,0,0,0,0
agentsight,e58fce112c6e,complete,517b185ff793f2f5,b8b724b0eca26082,45690,45707,17,49632,2,0,0,0,0,0
agentsight,e58fce112c6e,complete,b8b724b0eca26082,589b27c628328702,45707,45770,63,545931,2,1,1,0,0,0
agentsight,e58fce112c6e,complete,589b27c628328702,e214f82c6c78377a,45770,45779,9,40996,1,0,0,0,0,0
agentsight,e58fce112c6e,complete,e214f82c6c78377a,a356dafab7de699b,45779,45824,45,227814,2,0,0,1,2,0
agentsight,e58fce112c6e,complete,a356dafab7de699b,21eae4ae65402b89,45824,45874,50,131668,4,0,0,1,0,0
agentsight,e58fce112c6e,complete,21eae4ae65402b89,dee67fc2fa5139f9,45874,46098,224,8863443,5,0,0,0,0,0
agentsight,e58fce112c6e,complete,dee67fc2fa5139f9,ccd2aec631d449cb,46098,46580,482,10445466,2,0,0,0,0,0
agentsight,e58fce112c6e,complete,ccd2aec631d449cb,023ff7d01b69b372,46580,47012,432,8199706,2,0,0,0,0,0
agentsight,e58fce112c6e,complete,023ff7d01b69b372,206b5e7104599eb3,47012,47797,785,17683857,3,0,0,1,0,0
agentsight,e58fce112c6e,complete,206b5e7104599eb3,c9d904b1adfee849,47797,47803,6,37315,1,0,0,0,0,0
agentsight,e58fce112c6e,complete,c9d904b1adfee849,5283880a4adeaea1,47803,47804,1,14042,1,0,0,0,0,0
agentsight,e58fce112c6e,complete,5283880a4adeaea1,af321d946b9b0627,47804,47809,5,23891,2,0,0,0,0,0
agentsight,e58fce112c6e,complete,af321d946b9b0627,21a44a3a06d1c7be,47809,47810,1,49,1,0,0,0,0,0
agentsight,e58fce112c6e,complete,21a44a3a06d1c7be,9f83e340c8f6b6be,47810,47928,118,663944,2,0,0,2,0,0
agentsight,e58fce112c6e,complete,9f83e340c8f6b6be,ad4f4bcd0347ffd6,47928,47930,2,12466,1,0,0,0,0,0
agentsight,e58fce112c6e,complete,ad4f4bcd0347ffd6,87d3855a13b52fc1,47930,47931,1,1,1,0,0,0,0,0
agentsight,e58fce112c6e,complete,87d3855a13b52fc1,5c198b224186bb62,47931,47932,1,0,1,0,0,0,0,0
agentsight,e58fce112c6e,complete,5c198b224186bb62,41d788d1b9e59ec4,47932,47936,4,61235,1,0,0,0,0,0
agentsight,e58fce112c6e,complete,41d788d1b9e59ec4,8e18c1c80f0e5e6a,47936,47937,1,0,1,0,0,0,0,0
agentsight,e58fce112c6e,complete,8e18c1c80f0e5e6a,f77feb18b0c30b5e,47937,47940,3,7904,1,0,0,0,0,0
agentsight,e58fce112c6e,complete,f77feb18b0c30b5e,0c0dfd01a261a85d,47940,48030,90,204435,3,0,0,1,0,0
agentsight,e58fce112c6e,complete,0c0dfd01a261a85d,30f0cdbba3cd2bf0,48030,48032,2,10602,2,0,0,0,0,0
agentsight,e58fce112c6e,complete,30f0cdbba3cd2bf0,3ae24dda59acce54,48032,48033,1,6366,1,0,0,0,0,0
agentsight,e58fce112c6e,complete,3ae24dda59acce54,c845f2df84ff92b7,48033,48034,1,2474,1,0,0,0,0,0
agentsight,e58fce112c6e,complete,c845f2df84ff92b7,daefec97511250ac,48034,48054,20,53506,3,0,0,0,0,0
agentsight,e58fce112c6e,complete,daefec97511250ac,6e2e15e787aa9689,48054,48056,2,0,1,0,0,1,0,0
agentsight,e58fce112c6e,complete,6e2e15e787aa9689,59346b1bf3435a12,48056,48065,9,19502,3,0,0,1,0,0
agentsight,e58fce112c6e,complete,59346b1bf3435a12,5215e9ee8e9d1504,48065,48066,1,1,1,0,0,0,0,0
agentsight,e58fce112c6e,complete,5215e9ee8e9d1504,21ba7310033d593c,48066,48067,1,1,1,0,0,0,0,0
agentsight,e58fce112c6e,complete,21ba7310033d593c,41abff65de08fb78,48067,48068,1,52,1,0,0,0,0,0
agentsight,e58fce112c6e,complete,41abff65de08fb78,d6188fd20de9e5f8,48068,48076,8,11795,2,0,0,0,0,0
agentsight,e58fce112c6e,complete,d6188fd20de9e5f8,01d5ef4cdff25fec,48076,48104,28,86786,3,0,0,0,0,0
agentsight,e58fce112c6e,complete,01d5ef4cdff25fec,1170a1adf1eefe04,48104,48105,1,1,1,0,0,0,0,0
agentsight,e58fce112c6e,complete,1170a1adf1eefe04,3b99d93c6b90ebbf,48105,48106,1,0,1,0,0,0,0,0
agentsight,e58fce112c6e,complete,3b99d93c6b90ebbf,fa18d748e6de80e5,48106,48154,48,258991,3,0,0,0,0,0
agentsight,e58fce112c6e,complete,fa18d748e6de80e5,039e1ea1aaab2d13,48154,48273,119,281003,3,0,0,1,0,0
agentsight,e58fce112c6e,complete,039e1ea1aaab2d13,bf0d57b0c70bff66,48273,48275,2,4357,2,0,0,0,0,0
agentsight,e58fce112c6e,complete,bf0d57b0c70bff66,8fa9c330975bd2a9,48275,48276,1,7534,1,0,0,0,0,0
agentsight,e58fce112c6e,complete,8fa9c330975bd2a9,3939216df38b5d44,48276,48278,2,3393,2,0,0,0,0,0
agentsight,e58fce112c6e,complete,3939216df38b5d44,6c2b4002e19c9068,48278,49420,1142,50244198,5,0,0,0,0,0
agentsight,e58fce112c6e,complete,6c2b4002e19c9068,0a46128fbf7b44cc,49420,49478,58,381830,2,0,0,0,0,0
agentsight,e58fce112c6e,complete,0a46128fbf7b44cc,0ab6c2d70146a9e0,49478,54061,4583,116628279,3,0,0,4,3,0
agentsight,e58fce112c6e,complete,0ab6c2d70146a9e0,3c2f15598dbf174a,54061,54062,1,13640,1,0,0,0,0,0
agentsight,e58fce112c6e,complete,3c2f15598dbf174a,56e6b79d03baddef,54062,54069,7,24767,1,0,0,0,0,0
agentsight,e58fce112c6e,complete,56e6b79d03baddef,4f20b7843d0137de,54069,54079,10,66540,2,0,0,0,0,0
agentsight,e58fce112c6e,complete,4f20b7843d0137de,45de0ae471bbb854,54079,54083,4,19885,2,0,0,0,0,0
agentsight,e58fce112c6e,complete,45de0ae471bbb854,a95d609ccc946fea,54083,54084,1,21544,1,0,0,0,0,0
agentsight,e58fce112c6e,complete,a95d609ccc946fea,997198acafe4923b,54084,54085,1,34,1,0,0,0,0,0
agentsight,e58fce112c6e,complete,997198acafe4923b,2ed8d172710f695e,54085,54087,2,238,1,0,0,0,0,0
agentsight,e58fce112c6e,complete,2ed8d172710f695e,51892200b925f81f,54087,54203,116,695350,2,0,0,0,0,0
agentsight,e58fce112c6e,complete,51892200b925f81f,c1c260c1c269a420,54203,54244,41,430228,2,4,4,0,0,0
agentsight,e58fce112c6e,complete,c1c260c1c269a420,a47fa26665d1cbb8,54244,54245,1,1,1,0,0,0,0,0
agentsight,e58fce112c6e,complete,a47fa26665d1cbb8,4fea44f920162ae6,54245,54246,1,0,1,0,0,0,0,0
agentsight,e58fce112c6e,complete,4fea44f920162ae6,2b3dc6b77999606c,54246,54247,1,100,1,0,0,0,0,0
agentsight,e58fce112c6e,complete,2b3dc6b77999606c,e624d1a5ec0d0b34,54247,54258,11,53233,2,1,1,0,0,0
agentsight,e58fce112c6e,complete,e624d1a5ec0d0b34,6db339c5c33cb129,54258,54315,57,204773,3,0,0,0,0,0
agentsight,e58fce112c6e,complete,6db339c5c33cb129,bb69f2d460844123,54315,54317,2,10028,1,0,0,0,0,0
agentsight,e58fce112c6e,complete,bb69f2d460844123,a1f364bdb60b242c,54317,54334,17,79525,3,1,1,0,0,0
agentsight,e58fce112c6e,complete,a1f364bdb60b242c,84c46339133061ef,54334,54336,2,4773,2,0,0,0,0,0
agentsight,e58fce112c6e,complete,84c46339133061ef,4edf3342daffdd5d,54336,54357,21,141290,3,0,0,0,0,0
agentsight,e58fce112c6e,complete,4edf3342daffdd5d,0435e6d3b2dc4f31,54357,54358,1,10071,1,0,0,0,0,0
agentsight,e58fce112c6e,complete,0435e6d3b2dc4f31,e57a0426b1ff3ec8,54358,54363,5,20036,2,0,0,1,0,0
agentsight,e58fce112c6e,complete,e57a0426b1ff3ec8,ec8ef38debd567c5,54363,54364,1,0,1,0,0,0,0,0
agentsight,e58fce112c6e,complete,ec8ef38debd567c5,ccfc6ba6099a70ea,54364,54405,41,147218,3,0,0,0,0,0
agentsight,e58fce112c6e,complete,ccfc6ba6099a70ea,1b77a75113ca1fdc,54405,54406,1,0,1,0,0,0,0,0
agentsight,e58fce112c6e,complete,1b77a75113ca1fdc,e86aa9e10ab248bd,54406,54452,46,144414,3,1,1,2,0,0
agentsight,e58fce112c6e,complete,e86aa9e10ab248bd,9e9c575337801e80,54452,54453,1,0,1,0,0,0,0,0
agentsight,e58fce112c6e,complete,9e9c575337801e80,a6e5a7bd37a818d5,54453,54454,1,109,1,0,0,0,0,0
agentsight,e58fce112c6e,complete,a6e5a7bd37a818d5,aa0339b2705a546c,54454,54466,12,30398,1,0,0,1,0,0
agentsight,e58fce112c6e,complete,aa0339b2705a546c,68a00a25936c3b42,54466,54497,31,174776,3,1,1,0,0,0
agentsight,e58fce112c6e,complete,68a00a25936c3b42,f5a05da944ae72ed,54497,54508,11,114126,3,0,0,0,1,0
agentsight,e58fce112c6e,complete,f5a05da944ae72ed,19881f4820896a74,54508,54510,2,11530,1,0,0,0,0,0
agentsight,e58fce112c6e,complete,19881f4820896a74,966106a86e0dfdac,54510,54540,30,281122,3,0,0,0,0,0
agentsight,e58fce112c6e,complete,966106a86e0dfdac,2634b29508ebbf34,54540,54634,94,1318062,3,1,1,1,0,0
agentsight,e58fce112c6e,complete,2634b29508ebbf34,39d067dcddef2e32,54634,54652,18,324976,2,0,0,0,0,0
agentsight,e58fce112c6e,complete,39d067dcddef2e32,2eba92efca43a153,54652,54653,1,1,1,0,0,0,0,0
agentsight,e58fce112c6e,complete,2eba92efca43a153,774bd5968096e814,54653,54656,3,29302,2,0,0,0,0,0
agentsight,e58fce112c6e,complete,774bd5968096e814,50bc4b577b9c2bcf,54656,54657,1,0,1,0,0,0,0,0
agentsight,e58fce112c6e,complete,50bc4b577b9c2bcf,a9e2390637bb8cb2,54657,54752,95,631987,3,0,0,1,0,0
agentsight,e58fce112c6e,complete,a9e2390637bb8cb2,0a76ab4aa808edd5,54752,54753,1,389,1,0,0,0,0,0
agentsight,e58fce112c6e,complete,0a76ab4aa808edd5,341728711957a8ce,54753,54755,2,9832,2,0,0,0,0,0
agentsight,e58fce112c6e,complete,341728711957a8ce,d23f2d9ea876c8ea,54755,54761,6,78176,1,0,0,1,0,0
agentsight,e58fce112c6e,complete,d23f2d9ea876c8ea,c80016dd000e2f24,54761,54762,1,484,1,0,0,0,0,0
agentsight,e58fce112c6e,complete,c80016dd000e2f24,27e80ca7cf5692de,54762,54763,1,10817,1,0,0,0,0,0
agentsight,e58fce112c6e,complete,27e80ca7cf5692de,6e5cb7f142bef60e,54763,54767,4,62178,2,0,0,0,0,0
agentsight,e58fce112c6e,complete,6e5cb7f142bef60e,52f81aa691643d39,54767,54780,13,138021,2,0,0,1,1,0
agentsight,e58fce112c6e,complete,52f81aa691643d39,7c38f8f61a442c5c,54780,54793,13,92879,2,0,0,0,1,0
agentsight,e58fce112c6e,complete,7c38f8f61a442c5c,a8e234d9475dffec,54793,54810,17,196455,2,0,0,0,2,0
agentsight,e58fce112c6e,complete,a8e234d9475dffec,ab33db55eb366e7a,54810,54811,1,6,1,0,0,0,0,0
agentsight,e58fce112c6e,complete,ab33db55eb366e7a,0153c3b991414622,54811,54821,10,84819,2,0,0,0,0,0
agentsight,e58fce112c6e,complete,0153c3b991414622,818f34cdfdaab23c,54821,54822,1,503,1,0,0,0,0,0
agentsight,e58fce112c6e,complete,818f34cdfdaab23c,38334d80178fec5a,54822,54836,14,159585,2,0,0,0,0,0
agentsight,e58fce112c6e,complete,38334d80178fec5a,a54865afbed35a2f,54836,54837,1,26,1,0,0,0,0,0
agentsight,e58fce112c6e,complete,a54865afbed35a2f,80ca7795b0dcac61,54837,54889,52,303177,2,4,4,0,0,0
agentsight,e58fce112c6e,complete,80ca7795b0dcac61,8b4b266ae4105020,54889,54890,1,0,1,0,0,0,0,0
agentsight,e58fce112c6e,complete,8b4b266ae4105020,0f952bd7d77b973d,54890,54913,23,170193,2,0,0,1,0,0
agentsight,e58fce112c6e,complete,0f952bd7d77b973d,16148b34dc1bad7c,54913,54920,7,29075,2,0,0,0,0,0
agentsight,e58fce112c6e,complete,16148b34dc1bad7c,3d528c751e77580e,54920,54928,8,48989,2,0,0,0,0,0
agentsight,e58fce112c6e,complete,3d528c751e77580e,12ad86b162db0db1,54928,54930,2,5606,1,0,0,0,0,0
agentsight,e58fce112c6e,complete,12ad86b162db0db1,e30c59eaf948b677,54930,54931,1,12527,1,0,0,0,0,0
agentsight,e58fce112c6e,complete,e30c59eaf948b677,81c9cfdfe378ea73,54931,54957,26,160524,2,0,0,0,0,0
agentsight,e58fce112c6e,complete,81c9cfdfe378ea73,b0905ba6b3adc7ca,54957,54958,1,11067,1,0,0,0,0,0
agentsight,e58fce112c6e,complete,b0905ba6b3adc7ca,2056df1b0ccfeb50,54958,54961,3,13320,2,0,0,0,0,0
agentsight,e58fce112c6e,complete,2056df1b0ccfeb50,27dbd9b87cda3061,54961,55097,136,466030,2,0,0,3,0,0
agentsight,e58fce112c6e,complete,27dbd9b87cda3061,d8046aaa72ec1178,55097,55098,1,6710,1,0,0,0,0,0
agentsight,e58fce112c6e,complete,d8046aaa72ec1178,6bd031473338086b,55098,55100,2,16472,1,0,0,0,0,0
agentsight,e58fce112c6e,complete,6bd031473338086b,6c9a881fd1d3af0c,55100,55137,37,145943,2,0,0,1,0,0
agentsight,e58fce112c6e,complete,6c9a881fd1d3af0c,e573236cd3fd9e8a,55137,55138,1,47,1,0,0,0,0,0
agentsight,e58fce112c6e,complete,e573236cd3fd9e8a,39a43a892f1ed0b8,55138,55142,4,11851,1,0,0,0,0,0
agentsight,e58fce112c6e,complete,39a43a892f1ed0b8,b6a1a81c7f0c41dc,55142,55143,1,7869,1,0,0,0,0,0
agentsight,e58fce112c6e,complete,b6a1a81c7f0c41dc,a69970322872337b,55143,55207,64,610114,2,0,0,2,1,0
agentsight,e58fce112c6e,complete,a69970322872337b,2dda19b88962ce34,55207,55220,13,123879,2,0,0,0,0,0
agentsight,e58fce112c6e,complete,2dda19b88962ce34,b5146544b6496aad,55220,55223,3,14774,2,0,0,0,0,0
agentsight,e58fce112c6e,complete,b5146544b6496aad,6e6dc1ee5063a353,55223,56387,1164,36266995,2,0,0,0,0,0
agentsight,e58fce112c6e,complete,6e6dc1ee5063a353,2fae89a21d3762d6,56387,56388,1,15159,1,0,0,0,0,0
agentsight,e58fce112c6e,complete,2fae89a21d3762d6,50b1c28fb81656cd,56388,56398,10,94770,2,0,0,0,0,0
agentsight,e58fce112c6e,complete,50b1c28fb81656cd,9f8bea83586966fb,56398,56420,22,234296,2,0,0,0,0,0
agentsight,e58fce112c6e,complete,9f8bea83586966fb,336eeb336dc53ca6,56420,56423,3,40199,1,0,0,0,0,0
agentsight,e58fce112c6e,complete,336eeb336dc53ca6,a0ea6aa5e6c8ac88,56423,56424,1,7721,1,0,0,0,0,0
agentsight,e58fce112c6e,complete,a0ea6aa5e6c8ac88,7a1e322df8a88831,56424,56457,33,124670,3,0,0,2,0,0
agentsight,e58fce112c6e,complete,7a1e322df8a88831,51817a6002487a90,56457,56458,1,0,1,0,0,0,0,0
agentsight,e58fce112c6e,complete,51817a6002487a90,0ee00902adbccce3,56458,56462,4,18259,2,0,0,0,0,0
agentsight,e58fce112c6e,complete,0ee00902adbccce3,2bffa0bd54b04d8c,56462,56491,29,125694,3,0,0,0,0,0
agentsight,e58fce112c6e,complete,2bffa0bd54b04d8c,c5dda9c5dc3f8a52,56491,56601,110,724991,4,0,0,0,0,0
agentsight,e58fce112c6e,complete,c5dda9c5dc3f8a52,844dbf070662cc64,56601,57089,488,33060703,4,0,0,1,0,0
agentsight,e58fce112c6e,complete,844dbf070662cc64,f8802444d48c24f2,57089,57185,96,388708,4,0,0,0,0,0
agentsight,e58fce112c6e,complete,f8802444d48c24f2,2a54253ce62a4471,57185,57186,1,5688,1,0,0,0,0,0
agentsight,e58fce112c6e,complete,2a54253ce62a4471,62978afa1eb647dd,57186,57207,21,154133,2,0,0,0,0,0
agentsight,e58fce112c6e,complete,62978afa1eb647dd,2ecff6d3547b4b2c,57207,57301,94,531582,3,0,0,2,0,0
agentsight,e58fce112c6e,complete,2ecff6d3547b4b2c,8ca9f8e3e69a7009,57301,57302,1,199,1,0,0,0,0,0
agentsight,e58fce112c6e,complete,8ca9f8e3e69a7009,e34e16ef95921ec4,57302,57305,3,17907,1,0,0,0,0,0
agentsight,e58fce112c6e,complete,e34e16ef95921ec4,d7640d7ec4ccfe5e,57305,57307,2,13310,1,0,0,0,0,0
agentsight,e58fce112c6e,complete,d7640d7ec4ccfe5e,74d4de642797bb3b,57307,57308,1,2,1,0,0,0,0,0
agentsight,e58fce112c6e,complete,74d4de642797bb3b,7808ebcad5efc743,57308,57311,3,11300,1,0,0,0,0,0
agentsight,e58fce112c6e,complete,7808ebcad5efc743,223b5c5d37db3fc4,57311,57312,1,19593,1,0,0,0,0,0
agentsight,e58fce112c6e,complete,223b5c5d37db3fc4,d5160ca55ed6c4e8,57312,57367,55,202899,3,0,0,3,0,0
agentsight,e58fce112c6e,complete,d5160ca55ed6c4e8,6901d9c41dacfe2b,57367,57368,1,12,1,0,0,0,0,0
agentsight,e58fce112c6e,complete,6901d9c41dacfe2b,62e53c1db461ee91,57368,57369,1,30,1,0,0,0,0,0
agentsight,e58fce112c6e,complete,62e53c1db461ee91,534f17858e95c043,57369,57371,2,5891,2,0,0,0,0,0
agentsight,e58fce112c6e,complete,534f17858e95c043,f754e85ab2a0d5ed,57371,57372,1,2,1,0,0,0,0,0
agentsight,e58fce112c6e,complete,f754e85ab2a0d5ed,17c4c1f685e59002,57372,57374,2,5494,1,0,0,0,0,0
agentsight,e58fce112c6e,complete,17c4c1f685e59002,f9c7504ea3431a96,57374,57436,62,230037,4,0,0,0,0,0
agentsight,e58fce112c6e,complete,f9c7504ea3431a96,c2004f4723a2e15b,57436,57437,1,78,1,0,0,0,0,0
agentsight,e58fce112c6e,complete,c2004f4723a2e15b,a724cffce9d92a81,57437,57444,7,39096,2,0,0,0,0,0
agentsight,e58fce112c6e,complete,a724cffce9d92a81,4168da81ff36897a,57444,57445,1,48,1,0,0,0,0,0
agentsight,e58fce112c6e,complete,4168da81ff36897a,74caaf9e00314e1d,57445,57495,50,155159,3,0,0,0,0,0
agentsight,e58fce112c6e,complete,74caaf9e00314e1d,79e0aefc17201ea9,57495,57496,1,0,1,0,0,0,0,0
agentsight,e58fce112c6e,complete,79e0aefc17201ea9,dbec84e7fa354f0a,57496,57497,1,30,1,0,0,0,0,0
agentsight,e58fce112c6e,complete,dbec84e7fa354f0a,2169f1c0081b2af6,57497,57503,6,20830,1,0,0,0,0,0
agentsight,e58fce112c6e,complete,2169f1c0081b2af6,ebeea5b4aad5b941,57503,57505,2,8060,1,0,0,1,0,0
agentsight,e58fce112c6e,complete,ebeea5b4aad5b941,579e9667a97e8868,57505,57506,1,15,1,0,0,0,0,0
agentsight,e58fce112c6e,complete,579e9667a97e8868,9b289d6cca525b2a,57506,57507,1,0,1,0,0,0,0,0
agentsight,e58fce112c6e,complete,9b289d6cca525b2a,238ea1abf9f592c0,57507,57569,62,422880,3,0,0,0,0,0
agentsight,e58fce112c6e,complete,238ea1abf9f592c0,ac93661d2f2677d9,57569,57570,1,0,1,0,0,0,0,0
agentsight,e58fce112c6e,complete,ac93661d2f2677d9,fc264b49d1c5bc94,57570,57571,1,63,1,0,0,0,0,0
agentsight,e58fce112c6e,complete,fc264b49d1c5bc94,152c8a0f06e43860,57571,57573,2,16888,2,0,0,0,0,0
agentsight,e58fce112c6e,complete,152c8a0f06e43860,594bd3866ff72013,57573,57619,46,171520,3,0,0,0,0,0
agentsight,e58fce112c6e,complete,594bd3866ff72013,8d8e0b4209638fba,57619,57620,1,5,1,0,0,0,0,0
agentsight,e58fce112c6e,complete,8d8e0b4209638fba,84f16345edc892bd,57620,57621,1,48,1,0,0,0,0,0
agentsight,e58fce112c6e,complete,84f16345edc892bd,d0fdf351cd890508,57621,57636,15,71810,3,0,0,0,0,0
agentsight,e58fce112c6e,complete,d0fdf351cd890508,3695bb480e846601,57636,57642,6,15480,2,0,0,0,0,0
agentsight,e58fce112c6e,complete,3695bb480e846601,c6db365a1067068e,57642,57643,1,6048,1,0,0,0,0,0
agentsight,e58fce112c6e,complete,c6db365a1067068e,10e6ae71347a6c8a,57643,57645,2,26189,2,0,0,0,0,0
agentsight,e58fce112c6e,complete,10e6ae71347a6c8a,570f0dc0d4d441b3,57645,57651,6,33582,2,0,0,0,0,0
agentsight,e58fce112c6e,complete,570f0dc0d4d441b3,320be4340fc0334a,57651,57672,21,81182,3,0,0,0,0,0
agentsight,e58fce112c6e,complete,320be4340fc0334a,e361802f407f2c02,57672,57754,82,528128,3,0,0,2,0,0
agentsight,e58fce112c6e,complete,e361802f407f2c02,bf00f6fc9098b990,57754,57755,1,0,1,0,0,0,0,0
agentsight,e58fce112c6e,complete,bf00f6fc9098b990,48b89b39c128f5ec,57755,57756,1,1,1,0,0,0,0,0
agentsight,e58fce112c6e,complete,48b89b39c128f5ec,8867468fbfa6e9c5,57756,57757,1,35,1,0,0,0,0,0
agentsight,e58fce112c6e,complete,8867468fbfa6e9c5,a84b5e4a25e30f48,57757,57772,15,63615,2,0,0,0,0,0
agentsight,e58fce112c6e,complete,a84b5e4a25e30f48,500bf75c9331c2c1,57772,57789,17,114110,2,0,0,2,0,0
agentsight,e58fce112c6e,complete,500bf75c9331c2c1,770b64de66cf6ff2,57789,57790,1,0,1,0,0,0,0,0
agentsight,e58fce112c6e,complete,770b64de66cf6ff2,4b58edbdb66cd927,57790,57795,5,22675,2,0,0,0,0,0
agentsight,e58fce112c6e,complete,4b58edbdb66cd927,55a18df30724f1d1,57795,57842,47,121908,3,0,0,0,0,0
agentsight,e58fce112c6e,complete,55a18df30724f1d1,4be723ec81e2a127,57842,57843,1,2,1,0,0,0,0,0
agentsight,e58fce112c6e,complete,4be723ec81e2a127,41206140c04cf899,57843,57855,12,26815,2,0,0,0,0,0
agentsight,e58fce112c6e,complete,41206140c04cf899,6420ea0ab26e7999,57855,57856,1,39,1,0,0,0,0,0
agentsight,e58fce112c6e,complete,6420ea0ab26e7999,d3a411d9dff63cec,57856,57869,13,42489,2,0,0,0,0,0
agentsight,e58fce112c6e,complete,d3a411d9dff63cec,69e06b0cea60d450,57869,57870,1,0,1,0,0,0,0,0
agentsight,e58fce112c6e,complete,69e06b0cea60d450,acfdcc2bf0b76867,57870,57871,1,0,1,0,0,0,0,0
agentsight,e58fce112c6e,complete,acfdcc2bf0b76867,5df5bcd6c6b4ccc4,57871,57896,25,55262,2,0,0,0,0,0
agentsight,e58fce112c6e,complete,5df5bcd6c6b4ccc4,1c72c547f5abc7d9,57896,57897,1,3,1,0,0,0,0,0
agentsight,e58fce112c6e,complete,1c72c547f5abc7d9,b0bd271da3dacb6e,57897,57900,3,3754,2,0,0,0,0,0
agentsight,e58fce112c6e,complete,b0bd271da3dacb6e,a1be74fc2bce5482,57900,57931,31,183371,3,2,2,0,0,0
agentsight,e58fce112c6e,complete,a1be74fc2bce5482,f29016b17c96d996,57931,58003,72,240922,4,0,0,0,0,0
agentsight,e58fce112c6e,complete,f29016b17c96d996,4e0d2bc89bc8d8b7,58003,58005,2,4,1,0,0,1,0,0
agentsight,e58fce112c6e,complete,4e0d2bc89bc8d8b7,88082bf8e0b0c1c3,58005,58010,5,10714,2,0,0,0,0,0
agentsight,e58fce112c6e,complete,88082bf8e0b0c1c3,876c41178d13a8ba,58010,58016,6,6944,2,0,0,0,0,0
agentsight,e58fce112c6e,complete,876c41178d13a8ba,f12219cede12059d,58016,58034,18,46677,4,0,0,0,0,0
agentsight,e58fce112c6e,complete,f12219cede12059d,0e04081fd9b4213f,58034,58035,1,0,1,0,0,0,0,0
agentsight,e58fce112c6e,complete,0e04081fd9b4213f,2203916eeb0158ed,58035,58057,22,100489,4,0,0,0,0,0
agentsight,e58fce112c6e,complete,2203916eeb0158ed,855a48463c7a7284,58057,58058,1,8973,1,0,0,0,0,0
agentsight,e58fce112c6e,complete,855a48463c7a7284,6113bb92a2703ff7,58058,58059,1,6207,1,0,0,0,0,0
agentsight,e58fce112c6e,complete,6113bb92a2703ff7,00b7ee490aa68ce2,58059,58106,47,1311674,6,0,0,0,0,0
agentsight,e58fce112c6e,complete,00b7ee490aa68ce2,3adf8288574fe495,58106,58112,6,21900,2,0,0,0,0,0
agentsight,e58fce112c6e,complete,3adf8288574fe495,d3b83d213989f729,58112,58168,56,291008,3,0,0,3,0,0
agentsight,e58fce112c6e,complete,d3b83d213989f729,d7f3e181ebb09bf9,58168,58169,1,40,1,0,0,0,0,0
agentsight,e58fce112c6e,complete,d7f3e181ebb09bf9,5d77a6facaaf975b,58169,58183,14,81352,3,0,0,1,0,0
agentsight,e58fce112c6e,complete,5d77a6facaaf975b,7800feb056f0a9b7,58183,58184,1,0,1,0,0,0,0,0
agentsight,e58fce112c6e,complete,7800feb056f0a9b7,9d234df5dd6a1c36,58184,58197,13,26301,3,0,0,0,0,0
agentsight,e58fce112c6e,complete,9d234df5dd6a1c36,5d5ce31346c1fd19,58197,58198,1,5,1,0,0,0,0,0
agentsight,e58fce112c6e,complete,5d5ce31346c1fd19,e5075c9c5a7e9e59,58198,58212,14,16587,2,0,0,0,0,0
agentsight,e58fce112c6e,complete,e5075c9c5a7e9e59,2da5948f09e821f7,58212,58248,36,25925,3,0,0,0,0,0
agentsight,e58fce112c6e,complete,2da5948f09e821f7,61799b0aab903a89,58248,58249,1,23,1,0,0,0,0,0
agentsight,e58fce112c6e,complete,61799b0aab903a89,dd7a56c891e75b7c,58249,58266,17,12344,2,0,0,0,0,0
agentsight,e58fce112c6e,complete,dd7a56c891e75b7c,c2d55e48f3fe7c76,58266,58458,192,144795,4,0,0,1,0,0
agentsight,e58fce112c6e,complete,c2d55e48f3fe7c76,8887159221625c13,58458,58459,1,9320,1,0,0,0,0,0
agentsight,e58fce112c6e,complete,8887159221625c13,925d239832570b80,58459,58516,57,319325,3,2,2,0,0,0
agentsight,e58fce112c6e,complete,925d239832570b80,6750c1c3487369b3,58516,58518,2,10288,1,0,0,0,0,0
agentsight,e58fce112c6e,complete,6750c1c3487369b3,d696f942579012a8,58518,58521,3,15331,2,0,0,0,0,0
agentsight,e58fce112c6e,complete,d696f942579012a8,3ffd858e5b09d84e,58521,58543,22,61914,3,0,0,0,0,0
agentsight,e58fce112c6e,complete,3ffd858e5b09d84e,d0f0177a206bef22,58543,58544,1,1,1,0,0,0,0,0
agentsight,e58fce112c6e,complete,d0f0177a206bef22,1672aaa9d35e7ac7,58544,58549,5,12039,3,0,0,0,0,0
agentsight,e58fce112c6e,complete,1672aaa9d35e7ac7,c87d76bcbc35ae7d,58549,58740,191,690689,3,1,1,1,0,0
agentsight,e58fce112c6e,complete,c87d76bcbc35ae7d,9066815723a1a5ad,58740,58741,1,0,1,0,0,0,0,0
agentsight,e58fce112c6e,complete,9066815723a1a5ad,5f0d8ee4b4d2a24c,58741,58744,3,5400,1,0,0,0,0,0
agentsight,e58fce112c6e,complete,5f0d8ee4b4d2a24c,0e969a89dc6f91b2,58744,59197,453,6688561,5,0,0,2,0,0
agentsight,e58fce112c6e,complete,0e969a89dc6f91b2,4b4c4c1653299697,59197,59206,9,59678,2,0,0,0,0,0
agentsight,e58fce112c6e,complete,4b4c4c1653299697,afc5cd31cd20898b,59206,59220,14,72137,2,0,0,1,0,0
agentsight,e58fce112c6e,complete,afc5cd31cd20898b,5f4d7b3322d4674e,59220,59221,1,0,1,0,0,0,0,0
agentsight,e58fce112c6e,complete,5f4d7b3322d4674e,3a42ed42680f7545,59221,59269,48,124107,3,0,0,0,0,0
agentsight,e58fce112c6e,complete,3a42ed42680f7545,da7f04a0635b306f,59269,59275,6,13091,1,0,0,2,0,0
agentsight,e58fce112c6e,complete,da7f04a0635b306f,ce082749010c817a,59275,59276,1,24,1,0,0,0,0,0
agentsight,e58fce112c6e,complete,ce082749010c817a,dec477a3291abf10,59276,59277,1,27,1,0,0,0,0,0
agentsight,e58fce112c6e,complete,dec477a3291abf10,7605ca71f750696d,59277,59280,3,15495,2,0,0,0,0,0
agentsight,e58fce112c6e,complete,7605ca71f750696d,ee194157e5bddc25,59280,59281,1,1,1,0,0,0,0,0
agentsight,e58fce112c6e,complete,ee194157e5bddc25,4acdce65d720e4d2,59281,59284,3,6453,2,0,0,0,0,0
agentsight,e58fce112c6e,complete,4acdce65d720e4d2,fff08349e17ae861,59284,59293,9,64394,3,0,0,0,0,0
agentsight,e58fce112c6e,complete,fff08349e17ae861,cca7716cabbb5603,59293,59485,192,848782,4,0,0,6,0,0
agentsight,e58fce112c6e,complete,cca7716cabbb5603,c5302a6c31cf9d92,59485,59486,1,1,1,0,0,0,0,0
agentsight,e58fce112c6e,complete,c5302a6c31cf9d92,b9e571e500611ae5,59486,59487,1,49,1,0,0,0,0,0
agentsight,e58fce112c6e,complete,b9e571e500611ae5,db9b3a232c604c33,59487,59513,26,97749,3,0,0,0,0,0
agentsight,e58fce112c6e,complete,db9b3a232c604c33,226898b47280b326,59513,59514,1,4923,1,0,0,0,0,0
agentsight,e58fce112c6e,complete,226898b47280b326,ed9878a6b7105a96,59514,59584,70,265286,4,0,0,0,0,0
agentsight,e58fce112c6e,complete,ed9878a6b7105a96,11344814e9b2e294,59584,59588,4,17447,2,0,0,0,0,0
agentsight,e58fce112c6e,complete,11344814e9b2e294,fc5cc0b6aa46a2b7,59588,59661,73,272540,4,0,0,0,0,0
agentsight,e58fce112c6e,complete,fc5cc0b6aa46a2b7,165000bef4ac9a52,59661,59662,1,24,1,0,0,0,0,0
agentsight,e58fce112c6e,complete,165000bef4ac9a52,50e4ee0f27d1f62d,59662,59663,1,2,1,0,0,0,0,0
agentsight,e58fce112c6e,complete,50e4ee0f27d1f62d,049315b893eb92bc,59663,59696,33,148309,4,0,0,0,0,0
agentsight,e58fce112c6e,complete,049315b893eb92bc,403289c63ea97bfd,59696,59698,2,7862,1,0,0,0,0,0
agentsight,e58fce112c6e,complete,403289c63ea97bfd,a2bbb7300719cedd,59698,59769,71,300968,4,1,1,0,0,0
agentsight,e58fce112c6e,complete,a2bbb7300719cedd,39010013810bae1f,59769,59771,2,9595,1,0,0,0,0,0
agentsight,e58fce112c6e,complete,39010013810bae1f,a8825e0a8c2dce1f,59771,59811,40,243537,4,0,0,0,0,0
agentsight,e58fce112c6e,complete,a8825e0a8c2dce1f,9fc611512bc761fd,59811,59812,1,0,1,0,0,0,0,0
agentsight,e58fce112c6e,complete,9fc611512bc761fd,ff234d2222349aba,59812,59813,1,0,1,0,0,0,0,0
agentsight,e58fce112c6e,complete,ff234d2222349aba,4eb22dcc7b6806ec,59813,59845,32,115752,3,0,0,0,0,0
agentsight,e58fce112c6e,complete,4eb22dcc7b6806ec,c95c0f197bc1c491,59845,59944,99,551936,3,0,0,0,0,0
agentsight,e58fce112c6e,complete,c95c0f197bc1c491,2aaaae212f5677f6,59944,59968,24,118711,2,0,0,0,0,0
agentsight,e58fce112c6e,complete,2aaaae212f5677f6,21517ede8ce7c21b,59968,59969,1,1,1,0,0,0,0,0
agentsight,e58fce112c6e,complete,21517ede8ce7c21b,c6a8beb934a80911,59969,59970,1,64,1,0,0,0,0,0
agentsight,e58fce112c6e,complete,c6a8beb934a80911,24c5dfb2fa83de67,59970,59971,1,12175,1,0,0,0,0,0
agentsight,e58fce112c6e,complete,24c5dfb2fa83de67,b87ec1beed0c21f8,59971,59982,11,29329,2,0,0,0,0,0
agentsight,e58fce112c6e,complete,b87ec1beed0c21f8,be2cd3652862f927,59982,59983,1,1,1,0,0,0,0,0
agentsight,e58fce112c6e,complete,be2cd3652862f927,8343198b7a4a485d,59983,60026,43,110835,3,0,0,0,0,0
agentsight,e58fce112c6e,complete,8343198b7a4a485d,6ed572f5078159fc,60026,60027,1,24,1,0,0,0,0,0
agentsight,e58fce112c6e,complete,6ed572f5078159fc,1c205ce9b7f033af,60027,60032,5,9687,2,0,0,0,0,0
agentsight,e58fce112c6e,complete,1c205ce9b7f033af,a31ddcf49c1ff268,60032,60056,24,27256,4,0,0,0,0,0
agentsight,e58fce112c6e,complete,a31ddcf49c1ff268,20a73467bf01ff58,60056,60057,1,4935,1,0,0,0,0,0
agentsight,e58fce112c6e,complete,20a73467bf01ff58,13a1b25e7ec3ad7a,60057,60217,160,547953,5,0,0,0,0,0
agentsight,e58fce112c6e,complete,13a1b25e7ec3ad7a,7e846a819c89523b,60217,60280,63,380308,4,0,0,0,0,0
agentsight,e58fce112c6e,complete,7e846a819c89523b,160a074467c1d29b,60280,60450,170,511464,5,9,9,0,0,0
agentsight,e58fce112c6e,complete,160a074467c1d29b,36814bdf9f185dae,60450,60509,59,260691,4,1,1,0,0,0
agentsight,e58fce112c6e,complete,36814bdf9f185dae,cb88c33739813b10,60509,60644,135,747794,4,0,0,4,0,0
agentsight,e58fce112c6e,complete,cb88c33739813b10,23855c95756561c2,60644,60645,1,0,1,0,0,0,0,0
agentsight,e58fce112c6e,complete,23855c95756561c2,f74e2acd221f66fa,60645,60646,1,0,1,0,0,0,0,0
agentsight,e58fce112c6e,complete,f74e2acd221f66fa,7db7a705828625a7,60646,60651,5,14421,2,0,0,0,0,0
agentsight,e58fce112c6e,complete,7db7a705828625a7,5d6a4c93b2c96eb3,60651,60653,2,9534,2,0,0,0,0,0
agentsight,e58fce112c6e,complete,5d6a4c93b2c96eb3,44c485f25fb86808,60653,60657,4,9598,2,0,0,1,0,0
agentsight,e58fce112c6e,complete,44c485f25fb86808,3b0970ba71e01fee,60657,60697,40,154347,2,0,0,1,0,0
agentsight,e58fce112c6e,complete,3b0970ba71e01fee,a4bf93512aaad019,60697,60698,1,6000,1,0,0,0,0,0
agentsight,e58fce112c6e,complete,a4bf93512aaad019,9bad9399c0f67462,60698,60726,28,124026,3,0,0,0,0,0
agentsight,e58fce112c6e,complete,9bad9399c0f67462,19c9d721adf65208,60726,60730,4,25575,2,0,0,0,0,0
agentsight,e58fce112c6e,complete,19c9d721adf65208,6fcc4a2426dfbfe8,60730,60734,4,4788,2,0,0,0,0,0
agentsight,e58fce112c6e,complete,6fcc4a2426dfbfe8,10dae4389574875f,60734,60735,1,5306,1,0,0,0,0,0
agentsight,e58fce112c6e,complete,10dae4389574875f,38f8b717dddc3988,60735,60736,1,6624,1,0,0,0,0,0
agentsight,e58fce112c6e,complete,38f8b717dddc3988,b0d81d17c31c65d4,60736,60784,48,153310,1,0,0,0,0,0
agentsight,e58fce112c6e,complete,b0d81d17c31c65d4,108e280bb83f38f1,60784,60834,50,129384,2,0,0,0,0,0
agentsight,e58fce112c6e,complete,108e280bb83f38f1,8d352226f7334c33,60834,60835,1,0,1,0,0,0,0,0
agentsight,e58fce112c6e,complete,8d352226f7334c33,8ab541af8c4287f6,60835,60838,3,4403,2,0,0,0,0,0
agentsight,e58fce112c6e,complete,8ab541af8c4287f6,9703b32b9eceae94,60838,60961,123,558090,3,2,2,0,1,0
agentsight,e58fce112c6e,complete,9703b32b9eceae94,94f6fecd88eebe66,60961,61085,124,511940,3,0,0,1,0,0
agentsight,e58fce112c6e,complete,94f6fecd88eebe66,9806ade9c654edd8,61085,61086,1,28,1,0,0,0,0,0
agentsight,e58fce112c6e,complete,9806ade9c654edd8,5c96340459febf0a,61086,61525,439,7682178,3,0,0,0,0,0
agentsight,e58fce112c6e,complete,5c96340459febf0a,d219d2ba80b640b3,61525,61595,70,1751231,2,0,0,0,0,0
agentsight,e58fce112c6e,complete,d219d2ba80b640b3,a9a95f8db17cf35f,61595,61892,297,25580903,7,0,0,0,0,0
agentsight,e58fce112c6e,complete,a9a95f8db17cf35f,db02ebafe09ce31d,61892,61918,26,158164,3,0,0,1,0,0
agentsight,e58fce112c6e,complete,db02ebafe09ce31d,1b3810048e642290,61918,61950,32,63323,3,0,0,0,0,0
agentsight,e58fce112c6e,complete,1b3810048e642290,e30dc2d47221c557,61950,61973,23,62877,3,0,0,0,0,0
agentsight,e58fce112c6e,complete,e30dc2d47221c557,723119444f95454b,61973,61996,23,148778,3,0,0,0,0,0
agentsight,e58fce112c6e,complete,723119444f95454b,c692635ef09f0d9b,61996,62031,35,82376,3,0,0,0,0,0
agentsight,e58fce112c6e,complete,c692635ef09f0d9b,cbff0a5a93e56f24,62031,62087,56,206373,4,0,0,0,0,0
agentsight,e58fce112c6e,complete,cbff0a5a93e56f24,65860612f98ca9a7,62087,62275,188,4964563,3,0,0,1,1,0
agentsight,e58fce112c6e,complete,65860612f98ca9a7,cbc38574b73d2c1f,62275,62277,2,10018,1,0,0,0,1,0
agentsight,e58fce112c6e,complete,cbc38574b73d2c1f,26f41231fbdb02a6,62277,62305,28,101803,2,0,0,1,0,0
agentsight,e58fce112c6e,complete,26f41231fbdb02a6,3d0f44a678b7149a,62305,62306,1,25,1,0,0,0,0,0
agentsight,e58fce112c6e,complete,3d0f44a678b7149a,8f5d58607714db05,62306,62330,24,158466,2,0,0,0,0,0
agentsight,e58fce112c6e,complete,8f5d58607714db05,6b7372e7990c7413,62330,62332,2,5028,1,0,0,1,0,0
agentsight,e58fce112c6e,complete,6b7372e7990c7413,e443403a3f656479,62332,62337,5,21495,2,0,0,0,0,0
agentsight,e58fce112c6e,complete,e443403a3f656479,429c33c4c2c7fe61,62337,62338,1,1,1,0,0,0,0,0
agentsight,e58fce112c6e,complete,429c33c4c2c7fe61,cd2bd34174ff1be6,62338,62340,2,8786,1,0,0,0,0,0
agentsight,e58fce112c6e,complete,cd2bd34174ff1be6,ce73769c768f78c7,62340,62402,62,145460,3,0,0,1,0,0
agentsight,e58fce112c6e,complete,ce73769c768f78c7,b1e11392d10b2f55,62402,62416,14,56339,2,0,0,0,0,0
agentsight,e58fce112c6e,complete,b1e11392d10b2f55,1312d590f3663d3d,62416,62417,1,8955,1,0,0,0,0,0
agentsight,e58fce112c6e,complete,1312d590f3663d3d,c783d4b4b0edec71,62417,62423,6,41759,3,0,0,0,0,0
agentsight,e58fce112c6e,complete,c783d4b4b0edec71,61ae4423984ceb6c,62423,62568,145,905643,3,0,0,0,0,0
agentsight,e58fce112c6e,complete,61ae4423984ceb6c,6669a723c2e8d21c,62568,62573,5,19225,2,0,0,1,0,0
agentsight,e58fce112c6e,complete,6669a723c2e8d21c,e76e34a1cf0f5467,62573,62574,1,0,1,0,0,0,0,0
agentsight,e58fce112c6e,complete,e76e34a1cf0f5467,8e95b6e07351e900,62574,62641,67,362788,3,2,1,0,0,0
agentsight,e58fce112c6e,complete,8e95b6e07351e900,175631f284d678d9,62641,62643,2,19563,2,0,0,0,0,0
agentsight,e58fce112c6e,complete,175631f284d678d9,97b4b931b7fc3d67,62643,62712,69,593801,3,4,2,0,0,0
agentsight,e58fce112c6e,complete,97b4b931b7fc3d67,bcd9123275590131,62712,62713,1,0,1,0,0,0,0,0
agentsight,e58fce112c6e,complete,bcd9123275590131,e75785855e2a7e4e,62713,62718,5,30303,2,0,0,0,0,0
agentsight,e58fce112c6e,complete,e75785855e2a7e4e,a5eb2fdbd50d29f0,62718,62719,1,1,1,0,0,0,0,0
agentsight,e58fce112c6e,complete,a5eb2fdbd50d29f0,620dbeff7e313cfd,62719,62768,49,172548,3,0,0,0,0,0
agentsight,e58fce112c6e,complete,620dbeff7e313cfd,26ad7313e549f6bb,62768,62784,16,62229,4,0,0,0,0,0
agentsight,e58fce112c6e,complete,26ad7313e549f6bb,d814d3a6b86f0257,62784,62786,2,10078,1,0,0,0,0,0
agentsight,e58fce112c6e,complete,d814d3a6b86f0257,b8becba398700eea,62786,62796,10,54283,3,0,0,0,0,0
agentsight,e58fce112c6e,complete,b8becba398700eea,9cbc4551bc29512d,62796,62799,3,8597,1,0,0,1,0,0
agentsight,e58fce112c6e,complete,9cbc4551bc29512d,d224c3bc33bf873f,62799,62811,12,42978,2,0,0,0,0,0
agentsight,e58fce112c6e,complete,d224c3bc33bf873f,cbe3b0f60c008d9b,62811,62820,9,26722,2,0,0,0,0,0
agentsight,e58fce112c6e,complete,cbe3b0f60c008d9b,12b313cc0fc2329f,62820,62880,60,158235,3,0,0,0,0,0
agentsight,e58fce112c6e,complete,12b313cc0fc2329f,c95034f42a545f14,62880,63055,175,8091229,4,6,6,1,0,0
agentsight,e58fce112c6e,complete,c95034f42a545f14,0a3aa968c00da1f1,63055,63060,5,19006,2,0,0,0,0,0
agentsight,e58fce112c6e,complete,0a3aa968c00da1f1,3e152869dc573c4c,63060,63061,1,4,1,0,0,0,0,0
agentsight,e58fce112c6e,complete,3e152869dc573c4c,95371e7c952cd0f7,63061,63083,22,176933,2,0,0,0,0,0
agentsight,e58fce112c6e,complete,95371e7c952cd0f7,7f39cf39e6db47ce,63083,63151,68,657529,2,0,0,1,0,0
agentsight,e58fce112c6e,complete,7f39cf39e6db47ce,07d7f0901e417b5c,63151,63152,1,15,1,0,0,0,0,0
agentsight,e58fce112c6e,complete,07d7f0901e417b5c,1cf702d3e2354b8f,63152,63154,2,9877,2,0,0,0,0,0
agentsight,e58fce112c6e,complete,1cf702d3e2354b8f,19c19758423ae9b2,63154,63155,1,12253,1,0,0,0,0,0
agentsight,e58fce112c6e,complete,19c19758423ae9b2,617804012e322158,63155,63172,17,75749,2,0,0,0,0,0
agentsight,e58fce112c6e,complete,617804012e322158,52f4bc35f9174a68,63172,63173,1,0,1,0,0,0,0,0
agentsight,e58fce112c6e,complete,52f4bc35f9174a68,f7431a1ec81663eb,63173,63237,64,337595,3,0,0,2,0,0
agentsight,e58fce112c6e,complete,f7431a1ec81663eb,0445b3364d404414,63237,63238,1,43,1,0,0,0,0,0
agentsight,e58fce112c6e,complete,0445b3364d404414,6e2ba4a4f92e5c4a,63238,63242,4,26375,2,0,0,0,0,0
agentsight,e58fce112c6e,complete,6e2ba4a4f92e5c4a,7a9b6f2eaf828c1c,63242,63243,1,1,1,0,0,0,0,0
agentsight,e58fce112c6e,complete,7a9b6f2eaf828c1c,bf232db2626adf30,63243,63244,1,0,1,0,0,0,0,0
agentsight,e58fce112c6e,complete,bf232db2626adf30,e63a063dd23e5936,63244,63245,1,24,1,0,0,0,0,0
agentsight,e58fce112c6e,complete,e63a063dd23e5936,231f867858fa78cf,63245,63343,98,871611,3,8,7,0,0,0
agentsight,e58fce112c6e,complete,231f867858fa78cf,a2224fe523e07b8e,63343,63407,64,442611,3,19,16,0,0,0
agentsight,e58fce112c6e,complete,a2224fe523e07b8e,7fb51fc8e8b6f01d,63407,63408,1,9932,1,0,0,0,0,0
agentsight,e58fce112c6e,complete,7fb51fc8e8b6f01d,35321b65cf367abb,63408,63418,10,60553,3,3,2,0,0,0
agentsight,e58fce112c6e,complete,35321b65cf367abb,6d21a2948a07b816,63418,63439,21,126167,3,0,0,0,0,0
agentsight,e58fce112c6e,complete,6d21a2948a07b816,1db99fefdef6b8f0,63439,63445,6,30946,2,0,0,0,0,0
agentsight,e58fce112c6e,complete,1db99fefdef6b8f0,12d6e0f402f3980a,63445,63449,4,18501,2,0,0,0,0,0
agentsight,e58fce112c6e,complete,12d6e0f402f3980a,f3fc07d27c75a2cb,63449,63514,65,664771,3,4,3,0,0,0
agentsight,e58fce112c6e,complete,f3fc07d27c75a2cb,57862bce678725f5,63514,63557,43,406721,2,1,1,0,0,0
agentsight,e58fce112c6e,complete,57862bce678725f5,b2ffea321f505253,63557,63624,67,842877,3,15,13,0,0,0
agentsight,e58fce112c6e,complete,b2ffea321f505253,18aeca80cf7e1146,63624,63627,3,28045,1,1,1,0,0,0
agentsight,e58fce112c6e,complete,18aeca80cf7e1146,c1cd6d67d146a86e,63627,63648,21,138751,2,0,0,0,0,0
agentsight,e58fce112c6e,complete,c1cd6d67d146a86e,9e3eb1e0fd1bea97,63648,63651,3,10763,2,0,0,0,0,0
agentsight,e58fce112c6e,complete,9e3eb1e0fd1bea97,6ec4c144537b0a5b,63651,63656,5,30361,2,0,0,0,0,0
agentsight,e58fce112c6e,complete,6ec4c144537b0a5b,f83878a31319d596,63656,63757,101,747953,2,2,2,0,0,0
agentsight,e58fce112c6e,complete,f83878a31319d596,1f283792d140bfd6,63757,64208,451,10057174,3,5,3,0,0,0
agentsight,e58fce112c6e,complete,1f283792d140bfd6,bd69579ab83a17dd,64208,64302,94,477248,3,7,5,0,0,0
agentsight,e58fce112c6e,complete,bd69579ab83a17dd,93f57f1855288b18,64302,64339,37,146231,3,0,0,0,0,0
agentsight,e58fce112c6e,complete,93f57f1855288b18,76d4cc3ea20031d9,64339,64343,4,14620,3,0,0,0,0,0
agentsight,e58fce112c6e,complete,76d4cc3ea20031d9,182cded54e4a1d42,64343,64373,30,125806,3,0,0,0,0,0
agentsight,e58fce112c6e,complete,182cded54e4a1d42,141220d33a54bbf7,64373,64375,2,6266,2,0,0,0,0,0
agentsight,e58fce112c6e,complete,141220d33a54bbf7,6173643220993885,64375,64379,4,8974,2,0,0,0,0,0
agentsight,e58fce112c6e,complete,6173643220993885,707974d7b3ff33b3,64379,64391,12,91616,2,0,0,0,0,0
agentsight,e58fce112c6e,complete,707974d7b3ff33b3,17836e6d330f410e,64391,64421,30,278670,3,4,4,0,0,0
agentsight,e58fce112c6e,complete,17836e6d330f410e,54232279f3b784e8,64421,64422,1,14214,1,0,0,0,0,0
agentsight,e58fce112c6e,complete,54232279f3b784e8,6d7d7506c58344f2,64422,64432,10,94214,2,1,1,0,0,0
agentsight,e58fce112c6e,complete,6d7d7506c58344f2,b836d19fc72c8886,64432,64439,7,46213,2,1,1,0,0,0
agentsight,e58fce112c6e,complete,b836d19fc72c8886,9efd1c31b7a315f4,64439,64441,2,10586,1,0,0,0,0,0
agentsight,e58fce112c6e,complete,9efd1c31b7a315f4,a8f58943718bf5d8,64441,64525,84,420187,3,3,3,0,0,0
agentsight,e58fce112c6e,complete,a8f58943718bf5d8,13c312d0846c3361,64525,64550,25,72163,3,1,1,0,0,0
agentsight,e58fce112c6e,complete,13c312d0846c3361,b5b539a0ddbe480c,64550,64555,5,8667,2,0,0,0,0,0
agentsight,e58fce112c6e,complete,b5b539a0ddbe480c,61d6ce351c77ea42,64555,64556,1,4375,1,0,0,0,0,0
agentsight,e58fce112c6e,complete,61d6ce351c77ea42,56f74a05307c5281,64556,64558,2,2722,2,0,0,0,0,0
agentsight,e58fce112c6e,complete,56f74a05307c5281,41e68510daaeacda,64558,64560,2,4035,2,0,0,0,0,0
agentsight,e58fce112c6e,complete,41e68510daaeacda,8a7bee42a888a446,64560,64662,102,737026,3,4,4,0,0,0
agentsight,e58fce112c6e,complete,8a7bee42a888a446,df4959b1244ffaec,64662,64678,16,208260,2,3,1,0,0,0
agentsight,e58fce112c6e,complete,df4959b1244ffaec,b8f41256b758237a,64678,64732,54,310597,3,0,0,0,0,0
agentsight,e58fce112c6e,complete,b8f41256b758237a,ebb6418baa5db9a6,64732,64747,15,79551,2,0,0,0,0,0
agentsight,e58fce112c6e,complete,ebb6418baa5db9a6,e869e581a6353689,64747,65689,942,60899036,3,27,16,0,2,0
agentsight,e58fce112c6e,complete,e869e581a6353689,ef0fdec39d61661d,65689,65720,31,404875,2,3,2,0,1,0
agentsight,e58fce112c6e,complete,ef0fdec39d61661d,1acb724b6acf7e14,65720,65751,31,450064,2,6,4,0,2,0
agentsight,e58fce112c6e,complete,1acb724b6acf7e14,66795207f16d1a92,65751,65752,1,21093,1,0,0,0,0,0
agentsight,e58fce112c6e,complete,66795207f16d1a92,4a7b40aa37c85d40,65752,65769,17,196475,2,0,0,0,0,0
agentsight,e58fce112c6e,complete,4a7b40aa37c85d40,92b46c11acdf9984,65769,65870,101,1106793,2,4,3,0,1,0
agentsight,e58fce112c6e,complete,92b46c11acdf9984,06d3b13155ecd28d,65870,65872,2,35161,1,0,0,0,0,0
agentsight,e58fce112c6e,complete,06d3b13155ecd28d,d5af5fd411da06e8,65872,65875,3,35311,2,0,0,0,0,0
agentsight,e58fce112c6e,complete,d5af5fd411da06e8,de7e23faab3cc49a,65875,65877,2,16978,1,0,0,0,0,0
agentsight,e58fce112c6e,complete,de7e23faab3cc49a,034cd5d0b70d6c9a,65877,67547,1670,253359509,4,2,2,0,0,0
agentsight,e58fce112c6e,complete,034cd5d0b70d6c9a,d8d8adc94ed383b4,67547,71229,3682,92797967,5,2,2,0,0,0
agentsight,e58fce112c6e,right_censored,d8d8adc94ed383b4,ca8d00a8a0d602d9,71229,73465,2236,107692869,2,0,0,0,0,0
agentsight,b5bc34dabe6a,left_censored,a89874ef05459d34,b4d8733da1722d52,1,26,26,436417,1,0,0,0,0,0
agentsight,b5bc34dabe6a,complete,b4d8733da1722d52,443c70a7704b8224,26,38,12,868377,1,0,0,0,0,0
agentsight,b5bc34dabe6a,complete,443c70a7704b8224,d7130d56c3d520d6,38,50,12,78065,1,0,0,0,0,0
agentsight,b5bc34dabe6a,complete,d7130d56c3d520d6,c7acbba911950eec,50,61,11,3833275,1,0,0,0,0,0
agentsight,b5bc34dabe6a,complete,c7acbba911950eec,3dd6731dd6919551,61,107,46,83673528,1,0,0,0,0,0
agentsight,b5bc34dabe6a,complete,3dd6731dd6919551,dcc10f647533e18d,107,128,21,113585,1,0,0,3,0,0
agentsight,b5bc34dabe6a,complete,dcc10f647533e18d,3c28efda2e9e7edc,128,162,34,695825,1,0,0,0,0,0
agentsight,b5bc34dabe6a,complete,3c28efda2e9e7edc,6c5884a50001e36c,162,312,150,1297209825,4,13,5,0,0,0
agentsight,b5bc34dabe6a,complete,6c5884a50001e36c,8432692b3abe37e2,312,323,11,90432,1,0,0,0,0,0
agentsight,b5bc34dabe6a,complete,8432692b3abe37e2,0e2231a3a94ba25d,323,1150,827,62328316,3,249,18,0,0,0
agentsight,b5bc34dabe6a,complete,0e2231a3a94ba25d,eb6ed400c195b060,1150,1386,236,2932173,1,61,7,0,0,1
agentsight,b5bc34dabe6a,complete,eb6ed400c195b060,0ca662e64992c623,1386,1403,17,548753,1,3,1,1,0,1
agentsight,b5bc34dabe6a,complete,0ca662e64992c623,9771ff6328e10b7b,1403,1404,1,4904,1,0,0,0,0,0
agentsight,b5bc34dabe6a,complete,9771ff6328e10b7b,cb2dc991c978ab1d,1404,1412,8,23158496,1,1,1,0,0,0
agentsight,b5bc34dabe6a,complete,cb2dc991c978ab1d,fda48a10eb10792e,1412,1413,1,46165,1,0,0,0,0,0
agentsight,b5bc34dabe6a,complete,fda48a10eb10792e,c175d8f6fd8abd86,1413,1414,1,9256,1,0,0,0,0,0
agentsight,b5bc34dabe6a,complete,c175d8f6fd8abd86,afaba881c61aaaef,1414,1415,1,5354,1,0,0,0,0,0
agentsight,b5bc34dabe6a,complete,afaba881c61aaaef,74e76a3ef5ea642f,1415,1416,1,7217,1,0,0,0,0,0
agentsight,b5bc34dabe6a,complete,74e76a3ef5ea642f,27593f1b176a3a12,1416,1417,1,7128,1,0,0,0,0,0
agentsight,b5bc34dabe6a,complete,27593f1b176a3a12,09637ea4db027f50,1417,1418,1,7282,1,0,0,0,0,0
agentsight,b5bc34dabe6a,complete,09637ea4db027f50,8b64614a7490dba7,1418,1419,1,6874,1,0,0,0,0,0
agentsight,b5bc34dabe6a,complete,8b64614a7490dba7,38ddef2b5de5d61c,1419,1420,1,10501,1,0,0,0,0,0
agentsight,b5bc34dabe6a,complete,38ddef2b5de5d61c,f847e62264b8a159,1420,1421,1,7765,1,0,0,0,0,0
agentsight,b5bc34dabe6a,complete,f847e62264b8a159,93de7709296418f8,1421,1424,3,23289,1,0,0,0,0,0
agentsight,b5bc34dabe6a,complete,93de7709296418f8,f27536fc91452e0b,1424,1425,1,40865,1,0,0,0,0,0
agentsight,b5bc34dabe6a,complete,f27536fc91452e0b,3f42b033b1d58329,1425,1426,1,13706,1,0,0,0,0,0
agentsight,b5bc34dabe6a,complete,3f42b033b1d58329,d954df525b0456f1,1426,1427,1,9511,1,0,0,0,0,0
agentsight,b5bc34dabe6a,complete,d954df525b0456f1,d8da38bdfc8e8877,1427,1429,2,66061,1,0,0,0,0,0
agentsight,b5bc34dabe6a,complete,d8da38bdfc8e8877,c2a6d339d2b48d5b,1429,1430,1,8404,1,0,0,0,0,0
agentsight,b5bc34dabe6a,complete,c2a6d339d2b48d5b,92505f02ff0f9c40,1430,1431,1,6465,1,0,0,0,0,0
agentsight,b5bc34dabe6a,complete,92505f02ff0f9c40,c91ac3109c737bc9,1431,1432,1,35046,1,0,0,0,0,0
agentsight,b5bc34dabe6a,complete,c91ac3109c737bc9,bf209445c843afe9,1432,1437,5,2987836,1,1,1,0,0,0
agentsight,b5bc34dabe6a,complete,bf209445c843afe9,48f65c332db9165c,1437,1438,1,7636,1,0,0,0,0,0
agentsight,b5bc34dabe6a,complete,48f65c332db9165c,405f1d001a54cbc4,1438,1452,14,252030,1,5,1,0,0,0
agentsight,b5bc34dabe6a,complete,405f1d001a54cbc4,89981d1ee44c5218,1452,1461,9,45131,1,4,1,0,0,0
agentsight,b5bc34dabe6a,complete,89981d1ee44c5218,c32111c85ca60508,1461,1462,1,37116,1,0,0,0,0,0
agentsight,b5bc34dabe6a,complete,c32111c85ca60508,06be2bee3d13cd7b,1462,1463,1,18885,1,0,0,0,0,0
agentsight,b5bc34dabe6a,complete,06be2bee3d13cd7b,d35f467a8473e0db,1463,1464,1,20710,1,0,0,0,0,0
agentsight,b5bc34dabe6a,complete,d35f467a8473e0db,f093480779ab7843,1464,1465,1,5983,1,0,0,0,0,0
agentsight,b5bc34dabe6a,complete,f093480779ab7843,d3aad017b31fa226,1465,1492,27,360720,1,7,3,0,0,0
agentsight,b5bc34dabe6a,complete,d3aad017b31fa226,1491470884d5a113,1492,1493,1,0,1,0,0,0,0,0
agentsight,b5bc34dabe6a,complete,1491470884d5a113,53d85907fb0f11db,1493,1541,48,318868,1,13,2,0,0,0
agentsight,b5bc34dabe6a,complete,53d85907fb0f11db,63a8dd5fdf1ad087,1541,2468,927,81311276,3,268,6,0,0,0
agentsight,b5bc34dabe6a,complete,63a8dd5fdf1ad087,cdaee2731f36730a,2468,2481,13,122202,1,0,0,0,0,0
agentsight,b5bc34dabe6a,complete,cdaee2731f36730a,76c0300db6384e37,2481,2482,1,3799,1,0,0,0,0,0
agentsight,b5bc34dabe6a,complete,76c0300db6384e37,6270f90e92406fe5,2482,2483,1,3436,1,0,0,0,0,0
agentsight,b5bc34dabe6a,complete,6270f90e92406fe5,9c9182fab9b25f86,2483,2487,4,4983,1,0,0,0,0,0
agentsight,b5bc34dabe6a,complete,9c9182fab9b25f86,9df7733055cb7380,2487,2490,3,3309,1,0,0,0,0,0
agentsight,b5bc34dabe6a,complete,9df7733055cb7380,81236fec5a9aba78,2490,2491,1,4410,1,0,0,0,0,0
agentsight,b5bc34dabe6a,complete,81236fec5a9aba78,d4c41f38ebacc9eb,2491,2494,3,13984,1,0,0,0,0,0
agentsight,b5bc34dabe6a,complete,d4c41f38ebacc9eb,b341872f564679c3,2494,2498,4,13072,1,0,0,0,0,0
agentsight,b5bc34dabe6a,complete,b341872f564679c3,c339d8d1448b4834,2498,2502,4,43960,1,0,0,0,0,0
agentsight,b5bc34dabe6a,complete,c339d8d1448b4834,e90fdfb1c322b159,2502,2507,5,40440,1,0,0,0,0,0
agentsight,b5bc34dabe6a,complete,e90fdfb1c322b159,8ee514509b96bf27,2507,2514,7,98494,1,5,1,0,0,0
agentsight,b5bc34dabe6a,complete,8ee514509b96bf27,6a8152c19258fb1c,2514,2532,18,168755,1,0,0,0,0,0
agentsight,b5bc34dabe6a,complete,6a8152c19258fb1c,ebbfa9df022485fe,2532,2533,1,18028,1,0,0,0,0,0
agentsight,b5bc34dabe6a,complete,ebbfa9df022485fe,04112148df406a70,2533,2534,1,7213,1,0,0,0,0,0
agentsight,b5bc34dabe6a,complete,04112148df406a70,3f416ca772299fb8,2534,2535,1,3786,1,0,0,0,0,0
agentsight,b5bc34dabe6a,complete,3f416ca772299fb8,749cd719c82cd6c9,2535,2537,2,15502,2,0,0,0,0,0
agentsight,b5bc34dabe6a,complete,749cd719c82cd6c9,8c1215f0893e73ea,2537,2554,17,96738,2,7,2,0,0,0
agentsight,b5bc34dabe6a,complete,8c1215f0893e73ea,393aabc2d84449ce,2554,2571,17,132421,2,7,1,1,0,0
agentsight,b5bc34dabe6a,complete,393aabc2d84449ce,5e8735a4acbbcfa6,2571,2577,6,98064,2,3,1,0,0,0
agentsight,b5bc34dabe6a,complete,5e8735a4acbbcfa6,7ba82d91a10fc7e7,2577,2579,2,51519,2,0,0,0,0,0
agentsight,b5bc34dabe6a,complete,7ba82d91a10fc7e7,fe5dd6f9a7496e0c,2579,2583,4,61435,2,1,1,0,0,0
agentsight,b5bc34dabe6a,complete,fe5dd6f9a7496e0c,66a34c2a64bae4ba,2583,2585,2,43381,2,1,1,0,0,0
agentsight,b5bc34dabe6a,complete,66a34c2a64bae4ba,a729f2358f8fd09f,2585,2589,4,58603,2,1,1,0,0,0
agentsight,b5bc34dabe6a,complete,a729f2358f8fd09f,0cb6ec27e149219e,2589,2745,156,954724,3,29,1,1,0,0
agentsight,b5bc34dabe6a,complete,0cb6ec27e149219e,9c7b0fa33622bd2c,2745,3707,962,141938235,7,291,3,1,0,0
agentsight,b5bc34dabe6a,complete,9c7b0fa33622bd2c,d482b60216b68340,3707,3889,182,92783224,1,25,6,0,0,0
agentsight,b5bc34dabe6a,complete,d482b60216b68340,6506798577ce2c2c,3889,3963,74,803123,1,10,5,0,0,0
agentsight,b5bc34dabe6a,complete,6506798577ce2c2c,0ebe7ad0d692d6c4,3963,4018,55,740222,1,4,2,0,1,0
agentsight,b5bc34dabe6a,complete,0ebe7ad0d692d6c4,e25d49aeedd3fe53,4018,4049,31,505952,1,1,1,0,0,0
agentsight,b5bc34dabe6a,complete,e25d49aeedd3fe53,294df71354917920,4049,4081,32,472369,1,10,1,0,0,0
agentsight,b5bc34dabe6a,complete,294df71354917920,b07674209e70208a,4081,4088,7,113257,1,0,0,0,0,0
agentsight,b5bc34dabe6a,complete,b07674209e70208a,787405fa3d666e96,4088,4104,16,166650,1,1,1,0,0,0
agentsight,b5bc34dabe6a,complete,787405fa3d666e96,3d5ed4957b79c4a7,4104,4110,6,126380,1,5,2,0,0,0
agentsight,b5bc34dabe6a,complete,3d5ed4957b79c4a7,85414b55028b01d1,4110,4126,16,505771,1,11,1,0,0,0
agentsight,b5bc34dabe6a,complete,85414b55028b01d1,64e647b432f85f52,4126,4128,2,24953,1,1,1,0,0,0
agentsight,b5bc34dabe6a,complete,64e647b432f85f52,9fbc8decbef48391,4128,4227,99,2398513,1,13,1,0,0,0
agentsight,b5bc34dabe6a,complete,9fbc8decbef48391,ded708030f7877ad,4227,4236,9,364452,1,4,1,0,0,0
agentsight,b5bc34dabe6a,complete,ded708030f7877ad,766731135b6c4357,4236,4582,346,7777006,1,51,13,0,1,0
agentsight,b5bc34dabe6a,complete,766731135b6c4357,6dca65cb525f3492,4582,4606,24,556517,1,10,5,0,0,0
agentsight,b5bc34dabe6a,complete,6dca65cb525f3492,8c920c56d2fef1aa,4606,4627,21,443084,1,7,1,0,0,0
agentsight,b5bc34dabe6a,complete,8c920c56d2fef1aa,b73842ff74c55ac5,4627,4640,13,405311,1,8,5,0,0,0
agentsight,b5bc34dabe6a,complete,b73842ff74c55ac5,04b0f87c477e398a,4640,4667,27,698390,1,6,3,0,0,0
agentsight,b5bc34dabe6a,complete,04b0f87c477e398a,04b0be9483c52cb3,4667,4688,21,490369,1,8,2,0,0,0
agentsight,b5bc34dabe6a,complete,04b0be9483c52cb3,dd242e2216bc68d6,4688,4706,18,420489,1,3,2,0,0,0
agentsight,b5bc34dabe6a,complete,dd242e2216bc68d6,e4d324fea2248720,4706,4738,32,783240,1,12,2,0,0,0
agentsight,b5bc34dabe6a,complete,e4d324fea2248720,525aca4d6b3ed2b3,4738,4753,15,395416,1,6,1,0,0,0
agentsight,b5bc34dabe6a,complete,525aca4d6b3ed2b3,5465b961a97c1a57,4753,4770,17,404321,1,9,1,0,0,0
agentsight,b5bc34dabe6a,complete,5465b961a97c1a57,91dd7c969b2723cd,4770,4783,13,212540,1,4,1,0,0,0
agentsight,b5bc34dabe6a,complete,91dd7c969b2723cd,485218534c3c5c5f,4783,4790,7,124579,1,1,1,0,0,0
agentsight,b5bc34dabe6a,complete,485218534c3c5c5f,ee0f305b6cc67461,4790,4821,31,333332,1,1,1,0,0,0
agentsight,b5bc34dabe6a,complete,ee0f305b6cc67461,3bf1d012ac7bda55,4821,4892,71,1631778,1,6,3,0,0,0
agentsight,b5bc34dabe6a,complete,3bf1d012ac7bda55,1b4a0bcf9dd92d56,4892,5140,248,3890161,1,101,14,0,0,0
agentsight,b5bc34dabe6a,complete,1b4a0bcf9dd92d56,1a08c5dc7a5f0e29,5140,5350,210,3915068,1,84,7,0,0,0
agentsight,b5bc34dabe6a,complete,1a08c5dc7a5f0e29,95caf74db6420c7e,5350,5527,177,2519814,1,91,3,0,0,0
agentsight,b5bc34dabe6a,complete,95caf74db6420c7e,9f747e21027c49aa,5527,5530,3,35734,1,1,1,0,0,0
agentsight,b5bc34dabe6a,complete,9f747e21027c49aa,cef1d624e28dd9b6,5530,5534,4,35470,1,1,1,0,0,0
agentsight,b5bc34dabe6a,complete,cef1d624e28dd9b6,0df7df389a0ef36f,5534,5538,4,47986,1,1,1,0,0,0
agentsight,b5bc34dabe6a,complete,0df7df389a0ef36f,7eafb2628da232f2,5538,5540,2,19897,1,1,1,0,0,0
agentsight,b5bc34dabe6a,complete,7eafb2628da232f2,54a29a68cf25bf68,5540,5542,2,18524,1,1,1,0,0,0
agentsight,b5bc34dabe6a,complete,54a29a68cf25bf68,fb52a763819dc2e7,5542,5544,2,16378,1,1,1,0,0,0
agentsight,b5bc34dabe6a,complete,fb52a763819dc2e7,9bb6d42fee00d478,5544,5547,3,36518,1,1,1,0,0,0
agentsight,b5bc34dabe6a,complete,9bb6d42fee00d478,928133ebb716ecb5,5547,5551,4,47065,1,1,1,0,0,0
agentsight,b5bc34dabe6a,complete,928133ebb716ecb5,cbd0987717098f70,5551,5566,15,208894,1,3,1,0,0,0
agentsight,b5bc34dabe6a,complete,cbd0987717098f70,1715cbd922f771ad,5566,5568,2,49332,1,1,1,0,0,0
agentsight,b5bc34dabe6a,complete,1715cbd922f771ad,8e3e7c0692737dd3,5568,5908,340,13898555,1,100,37,0,0,0
agentsight,b5bc34dabe6a,complete,8e3e7c0692737dd3,40e895472f08d9ea,5908,5922,14,201304,1,2,2,0,0,0
agentsight,b5bc34dabe6a,complete,40e895472f08d9ea,25f07c341075b346,5922,5926,4,25720,1,1,1,0,0,0
agentsight,b5bc34dabe6a,complete,25f07c341075b346,03d8ca353e758b97,5926,5947,21,632535,1,4,4,0,0,0
agentsight,b5bc34dabe6a,complete,03d8ca353e758b97,1bccba451377ff7c,5947,5985,38,699536,1,9,6,0,0,0
agentsight,b5bc34dabe6a,complete,1bccba451377ff7c,a8cf24421afdb62d,5985,6069,84,27263722,1,0,0,0,0,0
agentsight,b5bc34dabe6a,complete,a8cf24421afdb62d,0694bcace8958386,6069,6203,134,3532606,1,42,18,0,0,0
agentsight,b5bc34dabe6a,complete,0694bcace8958386,85053e4635d8fdc0,6203,6245,42,617446,1,14,2,0,0,0
agentsight,b5bc34dabe6a,complete,85053e4635d8fdc0,5d9e47e1245487d2,6245,6267,22,418513,1,6,2,0,0,0
agentsight,b5bc34dabe6a,complete,5d9e47e1245487d2,d271327a9f5cda7f,6267,6292,25,493293,1,12,3,0,0,0
agentsight,b5bc34dabe6a,complete,d271327a9f5cda7f,715a99ef6250ad0b,6292,6346,54,684991,1,16,5,0,0,0
agentsight,b5bc34dabe6a,complete,715a99ef6250ad0b,00174f3eaa131bbe,6346,6389,43,862626,1,16,5,0,0,0
agentsight,b5bc34dabe6a,complete,00174f3eaa131bbe,e9d52b39aca9f98b,6389,6416,27,399955,1,10,2,0,0,0
agentsight,b5bc34dabe6a,complete,e9d52b39aca9f98b,abca504b6d2dcdf9,6416,6466,50,727035,1,18,2,0,0,0
agentsight,b5bc34dabe6a,complete,abca504b6d2dcdf9,3a1b23c8b7e0b2eb,6466,6471,5,62890,1,2,1,0,0,0
agentsight,b5bc34dabe6a,complete,3a1b23c8b7e0b2eb,cd6a4c02e371b542,6471,6476,5,49802,1,2,1,0,0,0
agentsight,b5bc34dabe6a,complete,cd6a4c02e371b542,02a3087d34f838a7,6476,6480,4,35672,1,1,1,0,0,0
agentsight,b5bc34dabe6a,complete,02a3087d34f838a7,0b14110bdfb0f09b,6480,6483,3,28730,1,1,1,0,0,0
agentsight,b5bc34dabe6a,complete,0b14110bdfb0f09b,ab610a41240c7276,6483,6486,3,22764,1,1,1,0,0,0
agentsight,b5bc34dabe6a,complete,ab610a41240c7276,adc962f260ee292d,6486,6489,3,24263,1,1,1,0,0,0
agentsight,b5bc34dabe6a,complete,adc962f260ee292d,aa7809978e4f4c5e,6489,6492,3,23799,1,1,1,0,0,0
agentsight,b5bc34dabe6a,complete,aa7809978e4f4c5e,e1345565629da041,6492,6510,18,376029,1,11,2,0,0,0
agentsight,b5bc34dabe6a,complete,e1345565629da041,7f385b023038a9e0,6510,6577,67,1893421,1,22,5,0,5,0
agentsight,b5bc34dabe6a,complete,7f385b023038a9e0,5fe5413c32d2a222,6577,6580,3,66895,1,2,1,0,0,0
agentsight,b5bc34dabe6a,complete,5fe5413c32d2a222,d0e885e505cf9fcb,6580,6583,3,46398,1,1,1,0,0,0
agentsight,b5bc34dabe6a,complete,d0e885e505cf9fcb,37c559bdd1c245bb,6583,6585,2,32208,1,1,1,0,0,0
agentsight,b5bc34dabe6a,complete,37c559bdd1c245bb,4e58dc8d027d492e,6585,6634,49,459450,1,1,1,0,0,0
agentsight,b5bc34dabe6a,complete,4e58dc8d027d492e,f1546547e9f91736,6634,6678,44,620489,1,10,3,0,0,0
agentsight,b5bc34dabe6a,complete,f1546547e9f91736,3f9fabe565838672,6678,6691,13,156530,1,8,7,0,0,0
agentsight,b5bc34dabe6a,complete,3f9fabe565838672,cc2c9843554c121a,6691,6737,46,468600,1,3,3,0,1,0
agentsight,b5bc34dabe6a,complete,cc2c9843554c121a,64768d5001f65d80,6737,6866,129,3965262,1,43,27,0,0,0
agentsight,b5bc34dabe6a,complete,64768d5001f65d80,72ee46462570bd14,6866,6879,13,361679,1,5,2,0,0,0
agentsight,b5bc34dabe6a,complete,72ee46462570bd14,25a9f75219177b9d,6879,6896,17,319866,1,4,2,0,0,0
agentsight,b5bc34dabe6a,complete,25a9f75219177b9d,44dc524c9908c650,6896,6910,14,308099,1,7,2,0,0,0
agentsight,b5bc34dabe6a,complete,44dc524c9908c650,9a7d0af9f46abc78,6910,6918,8,113504,1,4,2,0,0,0
agentsight,b5bc34dabe6a,complete,9a7d0af9f46abc78,bcc29b3693408ba6,6918,6946,28,384937,1,8,2,0,0,0
agentsight,b5bc34dabe6a,complete,bcc29b3693408ba6,cd873e17c4bfe2b0,6946,6964,18,426606,1,8,2,0,0,0
agentsight,b5bc34dabe6a,complete,cd873e17c4bfe2b0,03fc965c7a11192b,6964,6986,22,433526,1,12,2,0,0,0
agentsight,b5bc34dabe6a,complete,03fc965c7a11192b,9492fcbb669a70fa,6986,7020,34,703258,1,12,2,0,0,0
agentsight,b5bc34dabe6a,complete,9492fcbb669a70fa,530f5cceb4a348b0,7020,7024,4,50845,1,2,1,0,0,0
agentsight,b5bc34dabe6a,complete,530f5cceb4a348b0,657309e105cd686c,7024,7045,21,373420,1,9,2,0,0,0
agentsight,b5bc34dabe6a,complete,657309e105cd686c,1230eb6ba60ba3a4,7045,7050,5,43367,1,2,1,0,0,0
agentsight,b5bc34dabe6a,complete,1230eb6ba60ba3a4,fc76624fcd52ab08,7050,7107,57,1591443,1,14,8,0,1,0
agentsight,b5bc34dabe6a,complete,fc76624fcd52ab08,1812c956e72d62ec,7107,7139,32,676378,1,9,7,0,0,0
agentsight,b5bc34dabe6a,complete,1812c956e72d62ec,09dce7e52e17a6c4,7139,7254,115,2038026,1,33,19,0,0,0
agentsight,b5bc34dabe6a,complete,09dce7e52e17a6c4,8c97343186bcb87a,7254,7255,1,5740,1,0,0,0,0,0
agentsight,b5bc34dabe6a,complete,8c97343186bcb87a,adda0764261f0472,7255,7261,6,103524,1,0,0,0,0,0
agentsight,b5bc34dabe6a,complete,adda0764261f0472,99c83c159bb1c17f,7261,7300,39,1370106,1,13,12,0,0,0
agentsight,b5bc34dabe6a,complete,99c83c159bb1c17f,48a7f4b8be9bffcb,7300,7318,18,430651,1,2,2,0,0,0
agentsight,b5bc34dabe6a,complete,48a7f4b8be9bffcb,79567b0c4ff20cb4,7318,7445,127,2345636,1,21,8,0,0,0
agentsight,b5bc34dabe6a,complete,79567b0c4ff20cb4,da9f3e016ecd3d2a,7445,7661,216,5985711,1,56,7,0,0,0
agentsight,b5bc34dabe6a,complete,da9f3e016ecd3d2a,9a6db0dc6b0ed4c2,7661,7706,45,899393,1,19,4,0,0,0
agentsight,b5bc34dabe6a,complete,9a6db0dc6b0ed4c2,8ee6b51dd5c4f248,7706,7710,4,500853,1,0,0,0,0,0
agentsight,b5bc34dabe6a,complete,8ee6b51dd5c4f248,a024dbc2e9694dd0,7710,7727,17,238303,1,5,2,0,0,0
agentsight,b5bc34dabe6a,complete,a024dbc2e9694dd0,edc38002d06ba61a,7727,7774,47,4986605,1,7,4,0,0,0
agentsight,b5bc34dabe6a,complete,edc38002d06ba61a,9df4c7ff9ebcef36,7774,7776,2,68963,1,0,0,0,0,0
agentsight,b5bc34dabe6a,complete,9df4c7ff9ebcef36,e09bb17edfe0c2a4,7776,7863,87,2838525,1,14,4,0,0,0
agentsight,b5bc34dabe6a,complete,e09bb17edfe0c2a4,ecc139584f7f2a7a,7863,7900,37,343881,1,4,2,0,0,0
agentsight,b5bc34dabe6a,complete,ecc139584f7f2a7a,f51b1a4f56870a2c,7900,7911,11,130558,1,0,0,0,0,0
agentsight,b5bc34dabe6a,complete,f51b1a4f56870a2c,480edf78b9730ca8,7911,7922,11,267651,1,0,0,0,0,0
agentsight,b5bc34dabe6a,complete,480edf78b9730ca8,f35dc423a3071256,7922,7938,16,416770,1,9,2,0,0,0
agentsight,b5bc34dabe6a,complete,f35dc423a3071256,1d729fa3bdd09105,7938,7944,6,68542,1,2,2,0,0,0
agentsight,b5bc34dabe6a,complete,1d729fa3bdd09105,54c7b98bfc542160,7944,8005,61,1884497,1,3,3,0,0,0
agentsight,b5bc34dabe6a,complete,54c7b98bfc542160,bf3845a66b6fff4e,8005,8105,100,2852117,1,27,19,0,0,0
agentsight,b5bc34dabe6a,complete,bf3845a66b6fff4e,016dadad48ac0449,8105,8107,2,8203,1,1,1,0,0,0
agentsight,b5bc34dabe6a,complete,016dadad48ac0449,728f7621db209827,8107,8108,1,17987,1,0,0,0,0,0
agentsight,b5bc34dabe6a,complete,728f7621db209827,109df47c1a62d868,8108,8125,17,130255,1,5,3,0,0,0
agentsight,b5bc34dabe6a,complete,109df47c1a62d868,1c2282b8abee81ba,8125,8138,13,105060,1,3,2,0,0,0
agentsight,b5bc34dabe6a,complete,1c2282b8abee81ba,57fa360213964074,8138,8152,14,276091,1,8,3,0,0,0
agentsight,b5bc34dabe6a,complete,57fa360213964074,9b40334a0ce56114,8152,8153,1,15849,1,0,0,0,0,0
agentsight,b5bc34dabe6a,complete,9b40334a0ce56114,b2d515baa5e17b33,8153,8476,323,6919950,1,72,25,0,0,0
agentsight,b5bc34dabe6a,complete,b2d515baa5e17b33,bf07a06568f01a80,8476,8496,20,756063,1,5,3,0,0,0
agentsight,b5bc34dabe6a,complete,bf07a06568f01a80,a5cff33eed9840e2,8496,8500,4,50894,1,2,2,0,0,0
agentsight,b5bc34dabe6a,complete,a5cff33eed9840e2,6ba838a8eba8020f,8500,8511,11,145009,1,2,1,0,0,0
agentsight,b5bc34dabe6a,complete,6ba838a8eba8020f,14ca5f88dfa4bff6,8511,8533,22,634442,1,4,3,0,0,0
agentsight,b5bc34dabe6a,complete,14ca5f88dfa4bff6,f652f7fdbc0bc349,8533,8591,58,2006685,1,11,6,0,0,0
agentsight,b5bc34dabe6a,complete,f652f7fdbc0bc349,59448f58e8c0e01f,8591,8618,27,808312,1,6,5,0,0,0
agentsight,b5bc34dabe6a,complete,59448f58e8c0e01f,56eaa006cf2fce60,8618,8620,2,38511,1,1,1,0,0,0
agentsight,b5bc34dabe6a,complete,56eaa006cf2fce60,0803cfeec46760ad,8620,8621,1,5241,1,0,0,0,0,0
agentsight,b5bc34dabe6a,complete,0803cfeec46760ad,e245454cf65245db,8621,8650,29,308661,1,2,2,0,0,0
agentsight,b5bc34dabe6a,complete,e245454cf65245db,8faf4df9250f45bb,8650,8688,38,827859,1,4,3,0,0,0
agentsight,b5bc34dabe6a,complete,8faf4df9250f45bb,a043d7893abc2beb,8688,8712,24,665772,1,2,2,0,0,0
agentsight,b5bc34dabe6a,complete,a043d7893abc2beb,e72bacdc40b5eefa,8712,8848,136,3185704,1,11,9,0,0,0
agentsight,b5bc34dabe6a,complete,e72bacdc40b5eefa,14f0adecb7cd3179,8848,8935,87,2120083,1,14,11,0,0,0
agentsight,b5bc34dabe6a,complete,14f0adecb7cd3179,761ab762b7aa2255,8935,8967,32,1243816,1,8,2,0,0,0
agentsight,b5bc34dabe6a,complete,761ab762b7aa2255,9b09d89119465c3e,8967,9059,92,2098720,1,24,5,0,0,0
agentsight,b5bc34dabe6a,complete,9b09d89119465c3e,bfeb01a267fd5164,9059,9061,2,33941,1,1,1,0,0,0
agentsight,b5bc34dabe6a,complete,bfeb01a267fd5164,15c2a3beef4aea18,9061,9086,25,586858,1,4,2,0,0,0
agentsight,b5bc34dabe6a,complete,15c2a3beef4aea18,96cb5a1d12ca07ea,9086,9188,102,2037305,1,16,7,0,4,0
agentsight,b5bc34dabe6a,complete,96cb5a1d12ca07ea,6ad67bd773936a5f,9188,9519,331,5597347,1,20,18,0,8,0
agentsight,b5bc34dabe6a,complete,6ad67bd773936a5f,6303e91dfd0349d9,9519,9896,377,6781789,1,50,20,0,0,0
agentsight,b5bc34dabe6a,complete,6303e91dfd0349d9,0edd4b5d3b35c589,9896,9898,2,10653,1,1,1,0,0,0
agentsight,b5bc34dabe6a,complete,0edd4b5d3b35c589,1c064c5275e532be,9898,9917,19,223695,1,9,4,0,0,0
agentsight,b5bc34dabe6a,complete,1c064c5275e532be,9f7f727f0bdc855d,9917,9918,1,5786,1,0,0,0,0,0
agentsight,b5bc34dabe6a,complete,9f7f727f0bdc855d,52183d26a1432af2,9918,9923,5,47304,1,2,1,0,0,0
agentsight,b5bc34dabe6a,complete,52183d26a1432af2,63078d113ca3b1db,9923,9925,2,61750,1,0,0,0,0,0
agentsight,b5bc34dabe6a,complete,63078d113ca3b1db,a536a692b523d825,9925,9944,19,118006,1,0,0,0,0,0
agentsight,b5bc34dabe6a,complete,a536a692b523d825,6a203fcd2a5e41f6,9944,9946,2,12410,1,0,0,0,0,0
agentsight,b5bc34dabe6a,complete,6a203fcd2a5e41f6,63b3b7a6ebdacab8,9946,9967,21,436420,1,1,1,0,0,0
agentsight,b5bc34dabe6a,complete,63b3b7a6ebdacab8,86f16a8f24e373f4,9967,9984,17,376947,1,2,2,0,0,0
agentsight,b5bc34dabe6a,complete,86f16a8f24e373f4,c2d01000c9a52a60,9984,10002,18,147288,1,1,1,0,0,0
agentsight,b5bc34dabe6a,complete,c2d01000c9a52a60,9e8845c2861cfe9e,10002,10005,3,64504,1,0,0,0,0,0
agentsight,b5bc34dabe6a,complete,9e8845c2861cfe9e,4d028ef4281fbf45,10005,10007,2,9227,1,2,2,0,0,0
agentsight,b5bc34dabe6a,complete,4d028ef4281fbf45,ec71d7acfd08419e,10007,10008,1,6950,1,0,0,0,0,0
agentsight,b5bc34dabe6a,complete,ec71d7acfd08419e,5226a2f65308b050,10008,10011,3,29365,1,0,0,0,0,0
agentsight,b5bc34dabe6a,complete,5226a2f65308b050,f70a552b172ffae5,10011,10015,4,74139,1,0,0,0,0,0
agentsight,b5bc34dabe6a,complete,f70a552b172ffae5,b9e1446f84dbd64b,10015,10018,3,16910,1,1,1,0,0,0
agentsight,b5bc34dabe6a,complete,b9e1446f84dbd64b,19a3aa41ed3d1196,10018,10024,6,159228,1,1,1,0,0,0
agentsight,b5bc34dabe6a,complete,19a3aa41ed3d1196,5816b1cdb4f0251b,10024,10033,9,127216,1,1,1,0,0,0
agentsight,b5bc34dabe6a,complete,5816b1cdb4f0251b,462cfaeeb9647bc6,10033,10041,8,108652,1,0,0,0,0,0
agentsight,b5bc34dabe6a,complete,462cfaeeb9647bc6,d713ebcdee4444d1,10041,10047,6,158790,1,1,1,0,0,0
agentsight,b5bc34dabe6a,complete,d713ebcdee4444d1,298902d05f7bf8a7,10047,10212,165,6081080,1,1,1,0,0,0
agentsight,b5bc34dabe6a,complete,298902d05f7bf8a7,880acb536f7f9f8a,10212,10213,1,10816,1,0,0,0,0,0
agentsight,b5bc34dabe6a,complete,880acb536f7f9f8a,56d269c0aeb579f3,10213,10219,6,27327,1,0,0,0,0,0
agentsight,b5bc34dabe6a,complete,56d269c0aeb579f3,9f85c5abae8aaaa8,10219,10228,9,18600,1,0,0,0,0,0
agentsight,b5bc34dabe6a,complete,9f85c5abae8aaaa8,4de04856e3faf153,10228,10234,6,31640,1,0,0,0,0,0
agentsight,b5bc34dabe6a,complete,4de04856e3faf153,93242844a4e88428,10234,10238,4,29719,1,0,0,0,0,0
agentsight,b5bc34dabe6a,complete,93242844a4e88428,112ce2676fb41c18,10238,10243,5,36736,1,0,0,0,0,0
agentsight,b5bc34dabe6a,complete,112ce2676fb41c18,cf713b33645f4f78,10243,10252,9,99039,1,0,0,0,1,0
agentsight,b5bc34dabe6a,complete,cf713b33645f4f78,8eedaa956dc4853e,10252,10253,1,13847,1,0,0,0,0,0
agentsight,b5bc34dabe6a,complete,8eedaa956dc4853e,bcd60e5c9374c949,10253,10255,2,22084,1,0,0,0,0,0
agentsight,b5bc34dabe6a,complete,bcd60e5c9374c949,94042a227efe52c0,10255,10566,311,5579106,1,40,30,0,2,0
agentsight,b5bc34dabe6a,complete,94042a227efe52c0,c3874facd9b3ca0f,10566,10658,92,2423776,1,26,4,0,0,0
agentsight,b5bc34dabe6a,complete,c3874facd9b3ca0f,f8189ee79f084330,10658,10753,95,1879067,1,11,3,0,0,0
agentsight,b5bc34dabe6a,complete,f8189ee79f084330,86ba287f093f511c,10753,10760,7,89844,1,0,0,0,0,0
agentsight,b5bc34dabe6a,complete,86ba287f093f511c,e6bf3db445f9f8ee,10760,10770,10,141628,1,3,2,0,0,0
agentsight,b5bc34dabe6a,complete,e6bf3db445f9f8ee,c0a02547e81a6fa3,10770,10833,63,1052474,1,1,1,0,0,0
agentsight,b5bc34dabe6a,complete,c0a02547e81a6fa3,ca5ad4a120dfb19d,10833,10840,7,189354,1,1,1,0,0,0
agentsight,b5bc34dabe6a,complete,ca5ad4a120dfb19d,237db9b654169a04,10840,11176,336,19644369,1,3,2,0,0,0
agentsight,b5bc34dabe6a,complete,237db9b654169a04,42f483ffea6d6720,11176,11457,281,5602249,1,43,22,0,0,0
agentsight,b5bc34dabe6a,complete,42f483ffea6d6720,04d2d6f5bf66419e,11457,11511,54,663578,1,7,7,0,0,0
agentsight,b5bc34dabe6a,complete,04d2d6f5bf66419e,e6cbe1d6528d8451,11511,11575,64,1299841,1,15,14,0,0,0
agentsight,b5bc34dabe6a,complete,e6cbe1d6528d8451,10029a84501c9a31,11575,11754,179,3390515,1,35,32,0,0,0
agentsight,b5bc34dabe6a,complete,10029a84501c9a31,a8a82378ec774f5c,11754,11978,224,3576644,1,70,17,0,0,0
agentsight,b5bc34dabe6a,complete,a8a82378ec774f5c,17ce9789e26168d3,11978,11985,7,103899,1,4,1,0,0,0
agentsight,b5bc34dabe6a,complete,17ce9789e26168d3,0fd5cb0c55b3a6d4,11985,11989,4,30178,1,1,1,0,0,0
agentsight,b5bc34dabe6a,complete,0fd5cb0c55b3a6d4,9be8ad85ba83ae27,11989,11992,3,18633,1,1,1,0,0,0
agentsight,b5bc34dabe6a,complete,9be8ad85ba83ae27,20e066ec799c6001,11992,11996,4,41397,1,1,1,0,0,0
agentsight,b5bc34dabe6a,complete,20e066ec799c6001,e7ea4986e12885b5,11996,12012,16,361145,1,5,2,0,0,0
agentsight,b5bc34dabe6a,complete,e7ea4986e12885b5,db210962aef5966b,12012,12040,28,312918,1,2,2,0,0,0
agentsight,b5bc34dabe6a,complete,db210962aef5966b,841a1930f34371be,12040,12056,16,313852,1,4,2,0,0,0
agentsight,b5bc34dabe6a,complete,841a1930f34371be,2228b3fb171c58ae,12056,12158,102,1654539,1,24,3,0,11,0
agentsight,b5bc34dabe6a,complete,2228b3fb171c58ae,8dfb6ca7c4be071a,12158,12293,135,1654623,1,19,19,0,0,0
agentsight,b5bc34dabe6a,complete,8dfb6ca7c4be071a,2092b2b072ab1f82,12293,12311,18,395608,1,8,8,0,0,0
agentsight,b5bc34dabe6a,complete,2092b2b072ab1f82,1c23d8ff054b59b0,12311,12407,96,1246987,15,4,3,0,2,0
agentsight,b5bc34dabe6a,complete,1c23d8ff054b59b0,c29a3b9338b3c1b3,12407,12496,89,1709984,1,27,9,0,0,0
agentsight,b5bc34dabe6a,complete,c29a3b9338b3c1b3,fc179dd938a14f14,12496,12516,20,334014,1,2,2,0,0,0
agentsight,b5bc34dabe6a,complete,fc179dd938a14f14,d16a59ae8d4cd71f,12516,12525,9,192764,1,3,3,0,0,0
agentsight,b5bc34dabe6a,complete,d16a59ae8d4cd71f,1eca5e5e026ca28b,12525,12550,25,438667,1,4,3,0,0,0
agentsight,b5bc34dabe6a,complete,1eca5e5e026ca28b,c6d24bcf7bc641b4,12550,12565,15,400365,1,2,2,0,0,0
agentsight,b5bc34dabe6a,complete,c6d24bcf7bc641b4,e520213f5ce027fa,12565,12583,18,427844,1,7,2,0,0,0
agentsight,b5bc34dabe6a,complete,e520213f5ce027fa,642f26d93ac5ddec,12583,12644,61,1167108,1,18,5,0,1,0
agentsight,b5bc34dabe6a,complete,642f26d93ac5ddec,2689253d4ba2d16f,12644,12675,31,313134,1,4,4,0,0,0
agentsight,b5bc34dabe6a,complete,2689253d4ba2d16f,aafb3d78145889d2,12675,12676,1,3522,1,0,0,0,0,0
agentsight,b5bc34dabe6a,complete,aafb3d78145889d2,80a18f546b7a419b,12676,12692,16,187507,1,2,2,0,0,0
agentsight,b5bc34dabe6a,complete,80a18f546b7a419b,0fceea52a148e0e6,12692,12693,1,5513,1,0,0,0,0,0
agentsight,b5bc34dabe6a,complete,0fceea52a148e0e6,90a0c6f9c2982335,12693,12779,86,1285015,1,20,4,0,0,0
agentsight,b5bc34dabe6a,complete,90a0c6f9c2982335,209f737bc9e798ca,12779,12803,24,382355,1,6,4,0,0,0
agentsight,b5bc34dabe6a,complete,209f737bc9e798ca,68b1beb0ee482984,12803,12884,81,720440,1,3,3,0,1,0
agentsight,b5bc34dabe6a,complete,68b1beb0ee482984,e740f24a63579392,12884,12991,107,1656584,1,21,13,0,0,0
agentsight,b5bc34dabe6a,complete,e740f24a63579392,ae165351dfe71381,12991,13000,9,170330,1,4,4,0,0,0
agentsight,b5bc34dabe6a,complete,ae165351dfe71381,df4ef62805eecdef,13000,13002,2,11280,1,0,0,0,0,0
agentsight,b5bc34dabe6a,complete,df4ef62805eecdef,1d66e92cc9937eda,13002,13021,19,364964,1,3,2,0,0,0
agentsight,b5bc34dabe6a,complete,1d66e92cc9937eda,cf88b8188a5300a0,13021,13037,16,330653,1,1,1,0,0,0
agentsight,b5bc34dabe6a,complete,cf88b8188a5300a0,ab9b652d85e589ff,13037,13062,25,357124,1,2,2,0,0,0
agentsight,b5bc34dabe6a,complete,ab9b652d85e589ff,f859031806f7153e,13062,13063,1,8203,1,0,0,0,0,0
agentsight,b5bc34dabe6a,complete,f859031806f7153e,824cbc38c026e5d0,13063,13064,1,17768,1,0,0,0,0,0
agentsight,b5bc34dabe6a,complete,824cbc38c026e5d0,edf9003ec07da31b,13064,13103,39,919851,1,12,11,0,0,0
agentsight,b5bc34dabe6a,complete,edf9003ec07da31b,66156fb42f7f5c8f,13103,13280,177,2978262,1,36,24,0,1,0
agentsight,b5bc34dabe6a,complete,66156fb42f7f5c8f,05f2ee6c3675473a,13280,13283,3,34437,1,1,1,0,0,0
agentsight,b5bc34dabe6a,complete,05f2ee6c3675473a,4b917997ae0e3cf2,13283,13285,2,22836,1,1,1,0,0,0
agentsight,b5bc34dabe6a,complete,4b917997ae0e3cf2,fe15ac561ca821ba,13285,13287,2,27847,1,1,1,0,0,0
agentsight,b5bc34dabe6a,complete,fe15ac561ca821ba,59a5ba8ee17ca150,13287,13291,4,37921,1,2,2,0,0,0
agentsight,b5bc34dabe6a,complete,59a5ba8ee17ca150,137be755292239f7,13291,13303,12,218808,1,3,3,0,0,0
agentsight,b5bc34dabe6a,complete,137be755292239f7,81dd8045249f6e50,13303,13489,186,2519562,1,23,22,0,0,0
agentsight,b5bc34dabe6a,complete,81dd8045249f6e50,f7f713a88fdfe699,13489,13543,54,799050,1,9,8,0,0,0
agentsight,b5bc34dabe6a,complete,f7f713a88fdfe699,71f83db059da8ee6,13543,13593,50,1052663,1,6,5,0,0,0
agentsight,b5bc34dabe6a,complete,71f83db059da8ee6,0f89bb7621b338ea,13593,13615,22,556387,1,2,2,0,0,0
agentsight,b5bc34dabe6a,complete,0f89bb7621b338ea,18aeeed5e03de150,13615,13673,58,949469,1,8,7,0,0,0
agentsight,b5bc34dabe6a,complete,18aeeed5e03de150,a0dcc1e3da9a58b1,13673,13775,102,9405561,1,17,13,0,0,0
agentsight,b5bc34dabe6a,complete,a0dcc1e3da9a58b1,c4746e2bb50a3371,13775,13871,96,1396752,1,16,6,0,0,0
agentsight,b5bc34dabe6a,complete,c4746e2bb50a3371,1eedc10786e8e0ae,13871,13876,5,54272,1,4,3,0,0,0
agentsight,b5bc34dabe6a,complete,1eedc10786e8e0ae,1035768e6e03f9ee,13876,13877,1,4383,1,0,0,0,0,0
agentsight,b5bc34dabe6a,complete,1035768e6e03f9ee,cb44573f0ec26b92,13877,13878,1,7670,1,0,0,0,0,0
agentsight,b5bc34dabe6a,complete,cb44573f0ec26b92,4d7c638747716627,13878,13882,4,149952,1,2,2,0,0,0
agentsight,b5bc34dabe6a,complete,4d7c638747716627,84321b95953b37ca,13882,13911,29,219190,1,9,6,0,0,0
agentsight,b5bc34dabe6a,complete,84321b95953b37ca,f9ed451625a08b8b,13911,13914,3,12330,1,0,0,0,0,0
agentsight,b5bc34dabe6a,complete,f9ed451625a08b8b,2fc94cd3b87aeccf,13914,13916,2,5212,1,0,0,0,0,0
agentsight,b5bc34dabe6a,complete,2fc94cd3b87aeccf,763d5e3f8cc50cff,13916,13939,23,125509,1,2,2,0,0,0
agentsight,b5bc34dabe6a,complete,763d5e3f8cc50cff,ad248fbfc2355bb6,13939,13953,14,123901,1,4,4,0,0,0
agentsight,b5bc34dabe6a,complete,ad248fbfc2355bb6,7dad8128806930db,13953,13964,11,84732,1,5,4,0,0,0
agentsight,b5bc34dabe6a,complete,7dad8128806930db,37ac19a5e176d3c9,13964,13967,3,13988,1,0,0,0,0,0
agentsight,b5bc34dabe6a,complete,37ac19a5e176d3c9,a634e38c47f296f1,13967,13974,7,170192,1,3,3,0,0,0
agentsight,b5bc34dabe6a,complete,a634e38c47f296f1,ff2a5c515fa2be74,13974,14027,53,822506,1,6,6,0,0,0
agentsight,b5bc34dabe6a,complete,ff2a5c515fa2be74,15368ca5c07a7b26,14027,14049,22,241688,1,6,5,0,0,0
agentsight,b5bc34dabe6a,complete,15368ca5c07a7b26,8b341310071a3dfb,14049,14052,3,34756,1,1,1,0,0,0
agentsight,b5bc34dabe6a,complete,8b341310071a3dfb,107f426edf579c27,14052,14054,2,17944,1,1,1,0,0,0
agentsight,b5bc34dabe6a,complete,107f426edf579c27,e7174a6fcbf49f13,14054,14056,2,20897,1,1,1,0,0,0
agentsight,b5bc34dabe6a,complete,e7174a6fcbf49f13,8b138bfcc55e3108,14056,14057,1,7825,1,0,0,0,0,0
agentsight,b5bc34dabe6a,complete,8b138bfcc55e3108,beab780278c25c8d,14057,14061,4,114423,1,1,1,0,0,0
agentsight,b5bc34dabe6a,complete,beab780278c25c8d,8be9cb980f9a9b32,14061,14175,114,1627092,1,13,7,0,0,0
agentsight,b5bc34dabe6a,complete,8be9cb980f9a9b32,fc284277f5de1ac1,14175,14176,1,15979,1,0,0,0,0,0
agentsight,b5bc34dabe6a,complete,fc284277f5de1ac1,dfeec19b3e72854a,14176,14187,11,136150,1,3,3,0,0,0
agentsight,b5bc34dabe6a,complete,dfeec19b3e72854a,298f7703090c6aa1,14187,14189,2,3400,1,0,0,0,0,0
agentsight,b5bc34dabe6a,complete,298f7703090c6aa1,215137a610581970,14189,14345,156,3033423,1,18,14,0,0,0
agentsight,b5bc34dabe6a,complete,215137a610581970,875b2d2b80b3f680,14345,14360,15,543137,1,8,5,0,0,0
agentsight,b5bc34dabe6a,complete,875b2d2b80b3f680,38e4bc8fb861120b,14360,14399,39,869262,1,4,3,0,0,0
agentsight,b5bc34dabe6a,complete,38e4bc8fb861120b,0a017d5598cfee53,14399,14411,12,169366,1,1,1,0,0,0
agentsight,b5bc34dabe6a,complete,0a017d5598cfee53,973878d9709f840c,14411,14414,3,76057,1,0,0,0,0,0
agentsight,b5bc34dabe6a,complete,973878d9709f840c,712c87862f6b77b3,14414,14431,17,256788,1,5,3,0,0,0
agentsight,b5bc34dabe6a,complete,712c87862f6b77b3,fa8b1637cba95d16,14431,14445,14,137324,1,7,5,0,0,0
agentsight,b5bc34dabe6a,complete,fa8b1637cba95d16,e3ada09dc37c4140,14445,14450,5,121982,1,3,1,0,0,0
agentsight,b5bc34dabe6a,complete,e3ada09dc37c4140,14b51b588b49aa1a,14450,14454,4,82024,1,2,1,0,0,0
agentsight,b5bc34dabe6a,complete,14b51b588b49aa1a,ab6c22d7882210fe,14454,14456,2,16935,1,1,1,0,0,0
agentsight,b5bc34dabe6a,complete,ab6c22d7882210fe,ade54b626e518a2d,14456,14458,2,20113,1,1,1,0,0,0
agentsight,b5bc34dabe6a,complete,ade54b626e518a2d,c425f6b52b2c0f76,14458,14462,4,53022,1,1,1,0,0,0
agentsight,b5bc34dabe6a,complete,c425f6b52b2c0f76,d3ad05fbb4e65cb4,14462,14465,3,56345,1,1,1,0,0,0
agentsight,b5bc34dabe6a,complete,d3ad05fbb4e65cb4,989ab66d4f708504,14465,14625,160,23915628,2,13,11,0,0,0
agentsight,b5bc34dabe6a,complete,989ab66d4f708504,4558a783a2513566,14625,14662,37,1096989,2,9,6,0,0,0
agentsight,b5bc34dabe6a,complete,4558a783a2513566,c4f66cdd4d2815b1,14662,14694,32,444332,1,1,1,0,0,0
agentsight,b5bc34dabe6a,complete,c4f66cdd4d2815b1,505ac9d04063d4b5,14694,14714,20,279996,1,2,2,0,0,0
agentsight,b5bc34dabe6a,complete,505ac9d04063d4b5,f2819255102b125d,14714,14734,20,272759,1,2,2,0,0,0
agentsight,b5bc34dabe6a,complete,f2819255102b125d,a8a5f819469a1545,14734,14784,50,2241594,2,13,5,0,0,0
agentsight,b5bc34dabe6a,complete,a8a5f819469a1545,ca2407930fdca8e4,14784,14786,2,17442,1,1,1,0,0,0
agentsight,b5bc34dabe6a,complete,ca2407930fdca8e4,9c24015b99f4955e,14786,14788,2,13387,1,1,1,0,0,0
agentsight,b5bc34dabe6a,complete,9c24015b99f4955e,ceda800ee23f99f5,14788,14794,6,113420,1,5,2,0,0,0
agentsight,b5bc34dabe6a,complete,ceda800ee23f99f5,26e4c997f9071aee,14794,14795,1,5176,1,0,0,0,0,0
agentsight,b5bc34dabe6a,complete,26e4c997f9071aee,358c947b0b4c17d0,14795,14798,3,54022,1,2,2,0,0,0
agentsight,b5bc34dabe6a,complete,358c947b0b4c17d0,8465ed15e587b7b5,14798,14800,2,14472,1,1,1,0,0,0
agentsight,b5bc34dabe6a,complete,8465ed15e587b7b5,7ac0970427e99c30,14800,14801,1,18084,1,0,0,0,0,0
agentsight,b5bc34dabe6a,complete,7ac0970427e99c30,696cc6f82a7f6c8c,14801,14805,4,38447,1,1,1,0,0,0
agentsight,b5bc34dabe6a,complete,696cc6f82a7f6c8c,3e2fca806a6f2060,14805,14807,2,35529,1,2,2,0,0,0
agentsight,b5bc34dabe6a,complete,3e2fca806a6f2060,af11a73b392a33f3,14807,14829,22,338771,1,4,3,0,0,0
agentsight,b5bc34dabe6a,complete,af11a73b392a33f3,346e869dd38dbd7e,14829,14833,4,38638,1,1,1,0,0,0
agentsight,b5bc34dabe6a,complete,346e869dd38dbd7e,c99050c1ea52d9af,14833,14835,2,102422,1,1,1,0,0,0
agentsight,b5bc34dabe6a,complete,c99050c1ea52d9af,707df73dde2e4433,14835,14838,3,78447,1,1,1,0,0,0
agentsight,b5bc34dabe6a,complete,707df73dde2e4433,344a45d5dcd6de02,14838,14858,20,217841,1,1,1,0,0,0
agentsight,b5bc34dabe6a,complete,344a45d5dcd6de02,a7c4a368bd3d0d6b,14858,14862,4,81269,1,0,0,0,0,0
agentsight,b5bc34dabe6a,complete,a7c4a368bd3d0d6b,01e447535e170ab6,14862,14865,3,58474,1,0,0,0,0,0
agentsight,b5bc34dabe6a,complete,01e447535e170ab6,21f9d95e5225a79c,14865,14892,27,496102,2,9,6,0,0,0
agentsight,b5bc34dabe6a,complete,21f9d95e5225a79c,381fafa13c3f9dc5,14892,14925,33,158488,1,5,3,0,0,0
agentsight,b5bc34dabe6a,complete,381fafa13c3f9dc5,f74442049447d708,14925,14949,24,237436,1,1,1,0,0,0
agentsight,b5bc34dabe6a,complete,f74442049447d708,62a82f66d180b49c,14949,14964,15,359048,1,6,3,0,0,0
agentsight,b5bc34dabe6a,complete,62a82f66d180b49c,98471317356c8168,14964,14966,2,17656,1,1,1,0,0,0
agentsight,b5bc34dabe6a,complete,98471317356c8168,c566d347b6fdae24,14966,14984,18,223183,1,1,1,0,0,0
agentsight,b5bc34dabe6a,complete,c566d347b6fdae24,788ae923e61bf6ce,14984,14988,4,89121,1,3,3,0,0,0
agentsight,b5bc34dabe6a,complete,788ae923e61bf6ce,db0affb540fe731e,14988,15053,65,1495775,1,9,5,0,0,0
agentsight,b5bc34dabe6a,complete,db0affb540fe731e,d48d3c34517fb200,15053,15058,5,140337,1,0,0,0,0,0
agentsight,b5bc34dabe6a,complete,d48d3c34517fb200,071a8d9451c905ca,15058,15064,6,104245,1,1,1,0,0,0
agentsight,b5bc34dabe6a,complete,071a8d9451c905ca,210f29d72f357bce,15064,15094,30,533862,1,2,2,0,0,0
agentsight,b5bc34dabe6a,complete,210f29d72f357bce,08518f96e8b8b371,15094,15095,1,60281,1,0,0,0,0,0
agentsight,b5bc34dabe6a,complete,08518f96e8b8b371,d14ec9d85fe4f698,15095,15097,2,64149,1,0,0,0,0,0
agentsight,b5bc34dabe6a,complete,d14ec9d85fe4f698,b4c2f2e8af751b08,15097,15142,45,610264,1,6,4,0,0,0
agentsight,b5bc34dabe6a,complete,b4c2f2e8af751b08,4bf7b24267bcf903,15142,15172,30,662783,1,18,12,0,0,0
agentsight,b5bc34dabe6a,complete,4bf7b24267bcf903,725846f6e6fb9fcd,15172,15181,9,91887,1,3,2,0,0,0
agentsight,b5bc34dabe6a,complete,725846f6e6fb9fcd,28fe6c3b777a4612,15181,15184,3,18350,1,1,1,0,0,0
agentsight,b5bc34dabe6a,complete,28fe6c3b777a4612,5c24e27a43bb5269,15184,15187,3,22901,1,1,1,0,0,0
agentsight,b5bc34dabe6a,complete,5c24e27a43bb5269,22bb00efa06a1277,15187,15197,10,86199,1,2,2,0,0,0
agentsight,b5bc34dabe6a,complete,22bb00efa06a1277,8b2c17333783e4aa,15197,15208,11,218023,1,2,2,0,0,0
agentsight,b5bc34dabe6a,complete,8b2c17333783e4aa,713a17caa841b7e5,15208,15281,73,1296791,1,16,11,0,0,0
agentsight,b5bc34dabe6a,complete,713a17caa841b7e5,61f6522c654cb993,15281,15319,38,753250,1,14,9,0,0,0
agentsight,b5bc34dabe6a,complete,61f6522c654cb993,e7c9d3e5159b1571,15319,15331,12,159239,1,3,2,0,0,0
agentsight,b5bc34dabe6a,complete,e7c9d3e5159b1571,52e6a681fa00652e,15331,15332,1,6492,1,0,0,0,0,0
agentsight,b5bc34dabe6a,complete,52e6a681fa00652e,c95f3ae8ae4094ff,15332,15340,8,53854,1,1,1,0,0,0
agentsight,b5bc34dabe6a,complete,c95f3ae8ae4094ff,e5d1d9455f94e3ae,15340,15346,6,76568,1,0,0,0,0,0
agentsight,b5bc34dabe6a,complete,e5d1d9455f94e3ae,9a4a26ef239e30b3,15346,15378,32,659583,1,15,10,0,0,0
agentsight,b5bc34dabe6a,complete,9a4a26ef239e30b3,44601da9b8e1d951,15378,15383,5,116399,1,2,1,0,0,0
agentsight,b5bc34dabe6a,complete,44601da9b8e1d951,7b072d19b7319398,15383,15408,25,657743,1,15,14,0,0,0
agentsight,b5bc34dabe6a,complete,7b072d19b7319398,75314ac2e8f3201e,15408,15409,1,12754,1,0,0,0,0,0
agentsight,b5bc34dabe6a,complete,75314ac2e8f3201e,9d682528ddca74aa,15409,15424,15,372762,1,4,4,0,0,0
agentsight,b5bc34dabe6a,complete,9d682528ddca74aa,bdae92ded205acdb,15424,15428,4,74046,1,0,0,0,0,0
agentsight,b5bc34dabe6a,complete,bdae92ded205acdb,f3e4a21eb15bf9a3,15428,15429,1,5257,1,0,0,0,0,0
agentsight,b5bc34dabe6a,complete,f3e4a21eb15bf9a3,9daa586671e0bb8e,15429,15575,146,2014679,1,23,11,0,2,0
agentsight,b5bc34dabe6a,complete,9daa586671e0bb8e,03606d660e0bfb9c,15575,15579,4,69662,1,1,1,0,0,0
agentsight,b5bc34dabe6a,complete,03606d660e0bfb9c,26622417cb646c16,15579,15584,5,83707,1,1,1,0,0,0
agentsight,b5bc34dabe6a,complete,26622417cb646c16,e8e2bf81c6337b3a,15584,15592,8,67763,1,0,0,0,0,0
agentsight,b5bc34dabe6a,complete,e8e2bf81c6337b3a,ab72dbdb8e782f3f,15592,15594,2,5860,1,0,0,0,0,0
agentsight,b5bc34dabe6a,complete,ab72dbdb8e782f3f,2d2924aa0bc98d31,15594,15612,18,286058,1,3,3,0,0,0
agentsight,b5bc34dabe6a,complete,2d2924aa0bc98d31,781ca545171b2c99,15612,15613,1,6004,1,0,0,0,0,0
agentsight,b5bc34dabe6a,complete,781ca545171b2c99,8452a75571afc638,15613,15652,39,558783,1,11,6,0,0,0
agentsight,b5bc34dabe6a,complete,8452a75571afc638,275470c6c46c1b8c,15652,15726,74,1652000,1,14,9,0,0,0
agentsight,b5bc34dabe6a,complete,275470c6c46c1b8c,42a597be7f1f6349,15726,15727,1,6138,1,0,0,0,0,0
agentsight,b5bc34dabe6a,complete,42a597be7f1f6349,2975d6bdcc17bc58,15727,15728,1,6261,1,0,0,0,0,0
agentsight,b5bc34dabe6a,complete,2975d6bdcc17bc58,e1d42fd02f1a30dc,15728,15734,6,142872,1,3,2,0,0,0
agentsight,b5bc34dabe6a,complete,e1d42fd02f1a30dc,730452a82e47866e,15734,15735,1,12887,1,0,0,0,0,0
agentsight,b5bc34dabe6a,complete,730452a82e47866e,5f9933e635b34cf7,15735,15739,4,66017,1,2,2,0,0,0
agentsight,b5bc34dabe6a,complete,5f9933e635b34cf7,908d42f12abcade5,15739,15740,1,4451,1,0,0,0,0,0
agentsight,b5bc34dabe6a,complete,908d42f12abcade5,1b6e59218f78b24d,15740,15754,14,138885,1,0,0,0,0,0
agentsight,b5bc34dabe6a,complete,1b6e59218f78b24d,2dae580b26716234,15754,15756,2,8449,1,0,0,0,0,0
agentsight,b5bc34dabe6a,complete,2dae580b26716234,5dfe9768852406c2,15756,15757,1,4830,1,0,0,0,0,0
agentsight,b5bc34dabe6a,complete,5dfe9768852406c2,5504a627ad5bfa0a,15757,15758,1,4660,1,0,0,0,0,0
agentsight,b5bc34dabe6a,complete,5504a627ad5bfa0a,edd423d3db2f4916,15758,15761,3,42071,1,0,0,0,0,0
agentsight,b5bc34dabe6a,complete,edd423d3db2f4916,cc4fb0563eeb4ec6,15761,15790,29,609775,1,4,3,0,0,0
agentsight,b5bc34dabe6a,complete,cc4fb0563eeb4ec6,7b9f5097fc2a1cb2,15790,15801,11,362723,1,8,8,0,0,0
agentsight,b5bc34dabe6a,complete,7b9f5097fc2a1cb2,3dcffede324f7e8a,15801,15853,52,1030821,1,8,6,0,0,0
agentsight,b5bc34dabe6a,complete,3dcffede324f7e8a,a58c1f8ae25610f2,15853,15990,137,3284175,1,43,17,0,0,0
agentsight,b5bc34dabe6a,complete,a58c1f8ae25610f2,5092083138f7a2ba,15990,15991,1,9092,1,0,0,0,0,0
agentsight,b5bc34dabe6a,complete,5092083138f7a2ba,1147c0ea2bb34607,15991,16000,9,185682,1,2,2,0,0,0
agentsight,b5bc34dabe6a,complete,1147c0ea2bb34607,416b727f94d5d1bb,16000,16012,12,390884,1,5,4,0,0,0
agentsight,b5bc34dabe6a,complete,416b727f94d5d1bb,39178d8d9df2e8b8,16012,16013,1,15605,1,0,0,0,0,0
agentsight,b5bc34dabe6a,complete,39178d8d9df2e8b8,88c5602089259bd5,16013,16024,11,118170,1,2,2,0,0,0
agentsight,b5bc34dabe6a,complete,88c5602089259bd5,b307dda4da0b4c34,16024,16027,3,30718,1,0,0,0,0,0
agentsight,b5bc34dabe6a,complete,b307dda4da0b4c34,ea1c6c31c4a1eae7,16027,16030,3,20328,1,0,0,0,0,0
agentsight,b5bc34dabe6a,complete,ea1c6c31c4a1eae7,3fa5fdbcb3cd29b5,16030,16031,1,4346,1,0,0,0,0,0
agentsight,b5bc34dabe6a,complete,3fa5fdbcb3cd29b5,da5a3f01f306ff37,16031,16032,1,7429,1,0,0,0,0,0
agentsight,b5bc34dabe6a,complete,da5a3f01f306ff37,700a8095aa0c853b,16032,16033,1,2015,1,0,0,0,0,0
agentsight,b5bc34dabe6a,complete,700a8095aa0c853b,bfc03cf048fbd860,16033,16036,3,105954,1,0,0,0,0,0
agentsight,b5bc34dabe6a,complete,bfc03cf048fbd860,5b7dd2576105b795,16036,16039,3,70364,1,0,0,0,0,0
agentsight,b5bc34dabe6a,complete,5b7dd2576105b795,0a73fe2cda7e008b,16039,16040,1,9600,1,0,0,0,0,0
agentsight,b5bc34dabe6a,complete,0a73fe2cda7e008b,6493826cd7e8067b,16040,16041,1,52635,1,0,0,0,0,0
agentsight,b5bc34dabe6a,complete,6493826cd7e8067b,e15474ffb9102f38,16041,16060,19,345811,1,5,5,0,0,0
agentsight,b5bc34dabe6a,complete,e15474ffb9102f38,866f3a3e2b0b2e43,16060,16073,13,205345,1,10,7,0,0,0
agentsight,b5bc34dabe6a,complete,866f3a3e2b0b2e43,476ef7971c09626d,16073,16094,21,343102,1,3,3,0,0,0
agentsight,b5bc34dabe6a,complete,476ef7971c09626d,8c431eee380dff02,16094,16099,5,257017,1,0,0,0,0,0
agentsight,b5bc34dabe6a,complete,8c431eee380dff02,0f0d5fabe7a51040,16099,16192,93,2289763,1,23,7,0,0,0
agentsight,b5bc34dabe6a,complete,0f0d5fabe7a51040,f1807f2ad34e0a04,16192,16206,14,339679,1,4,3,0,0,0
agentsight,b5bc34dabe6a,complete,f1807f2ad34e0a04,b38945acc88d4aa5,16206,16208,2,44356,1,1,1,0,0,0
agentsight,b5bc34dabe6a,complete,b38945acc88d4aa5,5167e1de9ca7d984,16208,16235,27,660790,1,4,4,0,0,0
agentsight,b5bc34dabe6a,complete,5167e1de9ca7d984,22bedc0a44231eac,16235,16241,6,120005,1,0,0,0,0,0
agentsight,b5bc34dabe6a,complete,22bedc0a44231eac,9a50212929b15e1a,16241,16242,1,8207,1,0,0,0,0,0
agentsight,b5bc34dabe6a,complete,9a50212929b15e1a,6823d4352b77e16e,16242,16258,16,18808802,1,0,0,0,0,0
agentsight,b5bc34dabe6a,complete,6823d4352b77e16e,8d83bd08650a6ae6,16258,16263,5,210717,1,0,0,0,0,0
agentsight,b5bc34dabe6a,complete,8d83bd08650a6ae6,3ada6329029bd35d,16263,16292,29,572497,1,13,3,0,0,0
agentsight,b5bc34dabe6a,complete,3ada6329029bd35d,8fb9a787668941fb,16292,16293,1,11321,1,0,0,0,0,0
agentsight,b5bc34dabe6a,complete,8fb9a787668941fb,0b3d0cbb2eca961b,16293,16303,10,151505,1,1,1,0,0,0
agentsight,b5bc34dabe6a,complete,0b3d0cbb2eca961b,b4a97a8a020002cf,16303,16308,5,108360,1,1,1,0,0,0
agentsight,b5bc34dabe6a,complete,b4a97a8a020002cf,f817e90a37c82669,16308,16318,10,512218,1,3,3,0,0,0
agentsight,b5bc34dabe6a,complete,f817e90a37c82669,fc480f680c70b0c0,16318,16349,31,3422240,1,0,0,0,0,0
agentsight,b5bc34dabe6a,complete,fc480f680c70b0c0,dcc85a1d97ba3ad3,16349,16352,3,110286,1,0,0,0,0,0
agentsight,b5bc34dabe6a,complete,dcc85a1d97ba3ad3,b09026faf057bf42,16352,16353,1,48470,1,0,0,0,0,0
agentsight,b5bc34dabe6a,complete,b09026faf057bf42,6853a1e23e0bc2e7,16353,16365,12,129003,1,4,4,0,0,0
agentsight,b5bc34dabe6a,complete,6853a1e23e0bc2e7,ecc515a6c0936410,16365,16393,28,257306,1,2,2,0,0,0
agentsight,b5bc34dabe6a,complete,ecc515a6c0936410,c51324326eb06ca2,16393,16400,7,177925,1,1,1,0,0,0
agentsight,b5bc34dabe6a,complete,c51324326eb06ca2,c8d370b5b295b1cb,16400,16477,77,1162387,1,6,4,0,0,0
agentsight,b5bc34dabe6a,complete,c8d370b5b295b1cb,b80f3320230ee09f,16477,16479,2,346921,1,1,1,0,0,0
agentsight,b5bc34dabe6a,complete,b80f3320230ee09f,ddd9601b5792b01d,16479,16493,14,93400,1,0,0,0,0,0
agentsight,b5bc34dabe6a,complete,ddd9601b5792b01d,670545ac27fd68a6,16493,16501,8,258552,1,2,2,0,0,0
agentsight,b5bc34dabe6a,complete,670545ac27fd68a6,cce8763023203946,16501,16515,14,198174,1,3,3,0,0,0
agentsight,b5bc34dabe6a,complete,cce8763023203946,d9e0425dc4cda499,16515,16524,9,1441065,1,1,1,0,0,0
agentsight,b5bc34dabe6a,complete,d9e0425dc4cda499,23e3f4d00b60438e,16524,16540,16,130135,1,1,1,0,0,0
agentsight,b5bc34dabe6a,complete,23e3f4d00b60438e,75785a9132af55ff,16540,16558,18,205242,1,0,0,0,0,0
agentsight,b5bc34dabe6a,complete,75785a9132af55ff,15548af9a659f698,16558,16559,1,59773,1,0,0,0,0,0
agentsight,b5bc34dabe6a,complete,15548af9a659f698,4e740aa096c2ab03,16559,16576,17,431768,1,9,5,0,0,0
agentsight,b5bc34dabe6a,complete,4e740aa096c2ab03,9e366bb5d9c901cb,16576,16577,1,4492,1,0,0,0,0,0
agentsight,b5bc34dabe6a,complete,9e366bb5d9c901cb,af61659dbefcd5ba,16577,16582,5,83894,1,2,2,0,0,0
agentsight,b5bc34dabe6a,complete,af61659dbefcd5ba,ba8d139fd3ad79a3,16582,16585,3,20964,1,1,1,0,0,0
agentsight,b5bc34dabe6a,complete,ba8d139fd3ad79a3,a643ca584705c42d,16585,16586,1,22102,1,0,0,0,0,0
agentsight,b5bc34dabe6a,complete,a643ca584705c42d,194f172bfb1819c9,16586,16597,11,497460,1,5,4,0,0,0
agentsight,b5bc34dabe6a,complete,194f172bfb1819c9,ebb9eed5bbdfc8cf,16597,16598,1,3819,1,0,0,0,0,0
agentsight,b5bc34dabe6a,complete,ebb9eed5bbdfc8cf,fac2e74b0b609dbc,16598,16634,36,432336,1,5,3,0,0,0
agentsight,b5bc34dabe6a,complete,fac2e74b0b609dbc,6bcb2b4c2f684920,16634,16655,21,286219,1,13,7,0,0,0
agentsight,b5bc34dabe6a,complete,6bcb2b4c2f684920,f6e764cdecdb4379,16655,16658,3,36443,1,0,0,0,0,0
agentsight,b5bc34dabe6a,complete,f6e764cdecdb4379,ac777d45f8b4fee4,16658,16913,255,4357436,1,36,17,0,0,0
agentsight,b5bc34dabe6a,complete,ac777d45f8b4fee4,7ca963b67f8dd0e7,16913,16914,1,6420,1,0,0,0,0,0
agentsight,b5bc34dabe6a,complete,7ca963b67f8dd0e7,a2c5a2625f8c4c7e,16914,16917,3,44706,1,3,3,0,0,0
agentsight,b5bc34dabe6a,complete,a2c5a2625f8c4c7e,fcceea97f4e4fdf1,16917,16922,5,136434,1,2,2,0,0,0
agentsight,b5bc34dabe6a,complete,fcceea97f4e4fdf1,61346bf249fea1a5,16922,16923,1,7965,1,0,0,0,0,0
agentsight,b5bc34dabe6a,complete,61346bf249fea1a5,c64d1b57d7861373,16923,16946,23,7462737,2,4,3,0,0,0
agentsight,b5bc34dabe6a,complete,c64d1b57d7861373,4ef8a72d3ea9e922,16946,17050,104,3387941,1,15,8,0,0,0
agentsight,b5bc34dabe6a,complete,4ef8a72d3ea9e922,fd0e0ebd2b314dcd,17050,17051,1,4811,1,0,0,0,0,0
agentsight,b5bc34dabe6a,complete,fd0e0ebd2b314dcd,2ad10fb2004fcc7d,17051,17054,3,66557,1,0,0,0,0,0
agentsight,b5bc34dabe6a,complete,2ad10fb2004fcc7d,0aaed0a8ffd16175,17054,17159,105,7743109,1,21,20,0,0,0
agentsight,b5bc34dabe6a,complete,0aaed0a8ffd16175,a118586c3b044a47,17159,17172,13,238825,1,1,1,0,0,0
agentsight,b5bc34dabe6a,complete,a118586c3b044a47,a0c410eb5431afb3,17172,17193,21,588720,1,4,3,0,0,0
agentsight,b5bc34dabe6a,complete,a0c410eb5431afb3,64dfaa16cb07ad7c,17193,17195,2,31205,1,1,1,0,0,0
agentsight,b5bc34dabe6a,complete,64dfaa16cb07ad7c,3a22d195893eb594,17195,17213,18,300299,1,2,2,0,0,0
agentsight,b5bc34dabe6a,complete,3a22d195893eb594,74810bda99934346,17213,17246,33,578951,1,7,7,0,0,0
agentsight,b5bc34dabe6a,complete,74810bda99934346,86525eb4b01d345d,17246,17247,1,5496,1,0,0,0,0,0
agentsight,b5bc34dabe6a,complete,86525eb4b01d345d,08bedb830fb0ef61,17247,17289,42,497264,1,0,0,0,0,0
agentsight,b5bc34dabe6a,complete,08bedb830fb0ef61,f31a3978cc95ac25,17289,17296,7,90515,1,0,0,0,0,0
agentsight,b5bc34dabe6a,complete,f31a3978cc95ac25,031e748e4311a71d,17296,17301,5,14188,1,0,0,0,0,0
agentsight,b5bc34dabe6a,complete,031e748e4311a71d,d70bfd34b288b7c5,17301,17302,1,4374,1,0,0,0,0,0
agentsight,b5bc34dabe6a,complete,d70bfd34b288b7c5,ec65b1228de6d6e1,17302,17304,2,76791,1,0,0,0,0,0
agentsight,b5bc34dabe6a,complete,ec65b1228de6d6e1,0f6f16643592332f,17304,17324,20,746120,1,3,3,0,0,0
agentsight,b5bc34dabe6a,complete,0f6f16643592332f,b7abc675eac6a7b5,17324,17490,166,54512070,1,21,12,0,0,0
agentsight,b5bc34dabe6a,complete,b7abc675eac6a7b5,69ee5ab2b5459e5c,17490,17536,46,639254,1,10,8,0,0,0
agentsight,b5bc34dabe6a,complete,69ee5ab2b5459e5c,67b438ad5398bfba,17536,17602,66,613593,1,1,1,0,0,0
agentsight,b5bc34dabe6a,complete,67b438ad5398bfba,3497b1883cc229da,17602,17675,73,1412761,1,22,16,0,0,0
agentsight,b5bc34dabe6a,complete,3497b1883cc229da,a8db67fb228e4cba,17675,17680,5,95166,1,0,0,0,0,0
agentsight,b5bc34dabe6a,complete,a8db67fb228e4cba,d108bfd1b5d6e5c3,17680,17689,9,109931,1,0,0,0,0,0
agentsight,b5bc34dabe6a,complete,d108bfd1b5d6e5c3,8d88417d516d8b9d,17689,17693,4,102875,1,0,0,0,0,0
agentsight,b5bc34dabe6a,complete,8d88417d516d8b9d,8cc7bd46bf1806a7,17693,17713,20,335799,1,3,3,0,0,0
agentsight,b5bc34dabe6a,complete,8cc7bd46bf1806a7,ec0746b72c1cadb7,17713,17734,21,233689,1,5,2,0,0,0
agentsight,b5bc34dabe6a,complete,ec0746b72c1cadb7,54c2c98e35a7ec24,17734,17755,21,455260,1,4,2,0,0,0
agentsight,b5bc34dabe6a,complete,54c2c98e35a7ec24,20b8e43f21b197c4,17755,17756,1,16547,1,0,0,0,0,0
agentsight,b5bc34dabe6a,complete,20b8e43f21b197c4,0bb3a59b6f7ba6fd,17756,17758,2,52068,1,0,0,0,0,0
agentsight,b5bc34dabe6a,complete,0bb3a59b6f7ba6fd,15b5bf25f85e1298,17758,17762,4,49545,1,0,0,0,0,0
agentsight,b5bc34dabe6a,complete,15b5bf25f85e1298,80501950e392e644,17762,17763,1,8544,1,0,0,0,0,0
agentsight,b5bc34dabe6a,complete,80501950e392e644,be1d5049bb0f3857,17763,17764,1,8530,1,0,0,0,0,0
agentsight,b5bc34dabe6a,complete,be1d5049bb0f3857,4fe8c974b52bd2d5,17764,17769,5,66031,1,0,0,0,0,0
agentsight,b5bc34dabe6a,complete,4fe8c974b52bd2d5,3675093cd7681a70,17769,17773,4,45805,1,0,0,0,0,0
agentsight,b5bc34dabe6a,complete,3675093cd7681a70,4887ff139fac78e7,17773,17834,61,1423219,1,12,9,0,0,0
agentsight,b5bc34dabe6a,complete,4887ff139fac78e7,cc73e26585640f2c,17834,17840,6,133100,1,2,1,0,0,0
agentsight,b5bc34dabe6a,complete,cc73e26585640f2c,d12878a731b335e6,17840,17842,2,20256,1,1,1,0,0,0
agentsight,b5bc34dabe6a,complete,d12878a731b335e6,6435024200949e06,17842,17844,2,36037,1,1,1,0,0,0
agentsight,b5bc34dabe6a,complete,6435024200949e06,f75e59f4e6378ce1,17844,17846,2,32255,1,1,1,0,0,0
agentsight,b5bc34dabe6a,complete,f75e59f4e6378ce1,c39ddb519c63fe15,17846,17849,3,55956,1,2,2,0,0,0
agentsight,b5bc34dabe6a,complete,c39ddb519c63fe15,a3413ce96c8d122e,17849,17908,59,1035037,1,9,7,0,0,0
agentsight,b5bc34dabe6a,complete,a3413ce96c8d122e,ce907b0530aa6596,17908,17980,72,1540580,1,9,5,0,0,0
agentsight,b5bc34dabe6a,complete,ce907b0530aa6596,d9ee88a885b9f99f,17980,18120,140,2768711,1,20,11,0,0,0
agentsight,b5bc34dabe6a,complete,d9ee88a885b9f99f,8c359207f8ecc55b,18120,18285,165,4117737,1,17,4,0,0,0
agentsight,b5bc34dabe6a,complete,8c359207f8ecc55b,6a7178b1c94d2705,18285,18332,47,767358,1,6,4,0,0,0
agentsight,b5bc34dabe6a,complete,6a7178b1c94d2705,c4c251a913e0855a,18332,18395,63,950988,1,3,3,0,1,0
agentsight,b5bc34dabe6a,complete,c4c251a913e0855a,855ee64f0ae4f667,18395,18484,89,1990357,1,22,8,0,0,0
agentsight,b5bc34dabe6a,complete,855ee64f0ae4f667,29aaee07a6071a7d,18484,18488,4,44218,1,1,1,0,0,0
agentsight,b5bc34dabe6a,complete,29aaee07a6071a7d,d1434f81da6382f8,18488,18504,16,618288,1,8,3,0,0,0
agentsight,b5bc34dabe6a,complete,d1434f81da6382f8,8947cb737d40b768,18504,18508,4,58753,1,1,1,0,0,0
agentsight,b5bc34dabe6a,complete,8947cb737d40b768,a9c26f24d431c9e7,18508,18582,74,1548131,1,27,4,0,0,0
agentsight,b5bc34dabe6a,complete,a9c26f24d431c9e7,9c47377e4cab0e16,18582,18679,97,1674878,1,32,4,0,0,0
agentsight,b5bc34dabe6a,complete,9c47377e4cab0e16,b0ec726e66cafb19,18679,18753,74,13888428,1,28,4,0,0,0
agentsight,b5bc34dabe6a,complete,b0ec726e66cafb19,49b6dbb4b4c69080,18753,19094,341,6765667,1,62,11,0,3,0
agentsight,b5bc34dabe6a,complete,49b6dbb4b4c69080,080b3b2ad5a83528,19094,19135,41,666890,1,1,1,0,0,0
agentsight,b5bc34dabe6a,complete,080b3b2ad5a83528,43c25fa1ea7b3b43,19135,19238,103,1873413,1,9,3,0,0,0
agentsight,b5bc34dabe6a,complete,43c25fa1ea7b3b43,b33ba702f61ce4da,19238,19243,5,73663,1,0,0,0,0,0
agentsight,b5bc34dabe6a,complete,b33ba702f61ce4da,528678c631e0464a,19243,19248,5,96045,1,0,0,0,0,0
agentsight,b5bc34dabe6a,complete,528678c631e0464a,5724f00bcc82c262,19248,19264,16,258657,1,0,0,0,0,0
agentsight,b5bc34dabe6a,complete,5724f00bcc82c262,c47a78ded9e39da8,19264,19367,103,2276576,1,8,3,0,0,0
agentsight,b5bc34dabe6a,complete,c47a78ded9e39da8,a06ca1bb894164c8,19367,19378,11,101890,1,0,0,0,0,0
agentsight,b5bc34dabe6a,complete,a06ca1bb894164c8,99e3e08a187014de,19378,19449,71,1760351,1,10,6,0,0,0
agentsight,b5bc34dabe6a,complete,99e3e08a187014de,02fc0612bbed66da,19449,19554,105,2184459,1,9,6,0,0,0
agentsight,b5bc34dabe6a,complete,02fc0612bbed66da,b3baecb83b30de92,19554,19568,14,474944,1,5,3,0,0,0
agentsight,b5bc34dabe6a,complete,b3baecb83b30de92,8eab15fff09e3e30,19568,19654,86,1637242,1,6,6,0,0,0
agentsight,b5bc34dabe6a,complete,8eab15fff09e3e30,fc949209fbbd9d00,19654,19678,24,388591,1,8,5,0,0,0
agentsight,b5bc34dabe6a,complete,fc949209fbbd9d00,e722fa47cba98e65,19678,19683,5,32255,1,1,1,0,0,0
agentsight,b5bc34dabe6a,complete,e722fa47cba98e65,8ad116baa3fa1f5a,19683,19686,3,14941,1,1,1,0,0,0
agentsight,b5bc34dabe6a,complete,8ad116baa3fa1f5a,1e6c2a2f77ae17fd,19686,19689,3,26735,1,1,1,0,0,0
agentsight,b5bc34dabe6a,complete,1e6c2a2f77ae17fd,ff4b746a2cd21cd7,19689,19780,91,2324623,1,10,8,0,0,0
agentsight,b5bc34dabe6a,complete,ff4b746a2cd21cd7,87bf6d5099edb7b9,19780,20153,373,23859652,1,81,20,0,1,0
agentsight,b5bc34dabe6a,complete,87bf6d5099edb7b9,c5ee8a140536cf59,20153,20165,12,55847,1,0,0,0,0,0
agentsight,b5bc34dabe6a,complete,c5ee8a140536cf59,c4a2352ee1c2fd75,20165,20173,8,77453,1,2,2,0,0,0
agentsight,b5bc34dabe6a,complete,c4a2352ee1c2fd75,2decb9e6cc084121,20173,20174,1,10802,1,0,0,0,0,0
agentsight,b5bc34dabe6a,complete,2decb9e6cc084121,342b23c50019685e,20174,20179,5,36972,1,0,0,0,0,0
agentsight,b5bc34dabe6a,complete,342b23c50019685e,2cf8072adefab386,20179,20554,375,189988420,3,40,21,0,0,0
agentsight,b5bc34dabe6a,complete,2cf8072adefab386,8ac34a2fb7d9a75d,20554,20559,5,57323,1,1,1,0,0,0
agentsight,b5bc34dabe6a,complete,8ac34a2fb7d9a75d,ccad21fc5aef123f,20559,20566,7,74156,1,1,1,0,0,0
agentsight,b5bc34dabe6a,complete,ccad21fc5aef123f,0bcfa8dbd460e97c,20566,20617,51,1892628,1,9,4,0,0,0
agentsight,b5bc34dabe6a,complete,0bcfa8dbd460e97c,81bee374e008b2a1,20617,20619,2,41430,1,0,0,0,0,0
agentsight,b5bc34dabe6a,complete,81bee374e008b2a1,a8b611ae3c09bc10,20619,20620,1,14054,1,0,0,0,0,0
agentsight,b5bc34dabe6a,complete,a8b611ae3c09bc10,5a885fd3f230f669,20620,20622,2,19284,1,1,1,0,0,0
agentsight,b5bc34dabe6a,complete,5a885fd3f230f669,a16baeb3f51bc867,20622,20627,5,153820,1,3,1,0,0,0
agentsight,b5bc34dabe6a,complete,a16baeb3f51bc867,c299deb51a1ac8f8,20627,20628,1,4126,1,0,0,0,0,0
agentsight,b5bc34dabe6a,complete,c299deb51a1ac8f8,e22b1853d4f0484d,20628,20668,40,246968,1,0,0,1,0,0
agentsight,b5bc34dabe6a,complete,e22b1853d4f0484d,91398053ba3ffb9c,20668,20669,1,4448,1,0,0,0,0,0
agentsight,b5bc34dabe6a,complete,91398053ba3ffb9c,a2cae99347f3f186,20669,20760,91,2542525,2,22,15,0,0,0
agentsight,b5bc34dabe6a,complete,a2cae99347f3f186,bc4096e9b41d4ac7,20760,20765,5,68105,1,1,1,0,0,0
agentsight,b5bc34dabe6a,complete,bc4096e9b41d4ac7,7415c997d8f47ba3,20765,20780,15,396204,1,1,1,0,0,0
agentsight,b5bc34dabe6a,complete,7415c997d8f47ba3,37ca1b903f0289b1,20780,20853,73,2697219,1,21,14,0,0,0
agentsight,b5bc34dabe6a,complete,37ca1b903f0289b1,1e05d0ea727aa612,20853,20881,28,1697215,1,10,8,0,0,0
agentsight,b5bc34dabe6a,complete,1e05d0ea727aa612,3a620f0399b09962,20881,20899,18,1718403,1,3,3,0,0,0
agentsight,b5bc34dabe6a,complete,3a620f0399b09962,46e96e8fda8885ab,20899,20965,66,974780,2,19,13,0,0,0
agentsight,b5bc34dabe6a,complete,46e96e8fda8885ab,e5df966e2136956e,20965,20982,17,323753,2,5,3,0,4,0
agentsight,b5bc34dabe6a,complete,e5df966e2136956e,d1d9264f18161784,20982,21000,18,263456,2,1,1,0,1,0
agentsight,b5bc34dabe6a,complete,d1d9264f18161784,fa11b7ba500ebd1d,21000,21022,22,528906,2,14,11,0,0,0
agentsight,b5bc34dabe6a,complete,fa11b7ba500ebd1d,2abbeae2b2042261,21022,21029,7,69210,1,0,0,0,0,0
agentsight,b5bc34dabe6a,complete,2abbeae2b2042261,00eab1c72f6934dc,21029,21031,2,34960,1,0,0,0,0,0
agentsight,b5bc34dabe6a,complete,00eab1c72f6934dc,14c9148f1d2b2195,21031,21047,16,185105,2,5,5,0,0,0
agentsight,b5bc34dabe6a,complete,14c9148f1d2b2195,f2a722709affe76a,21047,21063,16,449799,2,2,2,0,0,0
agentsight,b5bc34dabe6a,complete,f2a722709affe76a,60fc4f872ffd1311,21063,21110,47,834826,1,10,5,0,0,0
agentsight,b5bc34dabe6a,complete,60fc4f872ffd1311,a47e54906179dd4f,21110,21113,3,60131,2,0,0,0,0,0
agentsight,b5bc34dabe6a,complete,a47e54906179dd4f,64dc3823ad048501,21113,21145,32,383541,2,5,5,0,0,0
agentsight,b5bc34dabe6a,complete,64dc3823ad048501,327d2d84647be8f0,21145,21167,22,272781,2,3,2,0,0,0
agentsight,b5bc34dabe6a,complete,327d2d84647be8f0,c3c12ead68a5590e,21167,21171,4,34018,2,2,2,0,0,0
agentsight,b5bc34dabe6a,complete,c3c12ead68a5590e,d4efadb41cbdd77b,21171,21188,17,276645,2,2,2,0,0,0
agentsight,b5bc34dabe6a,complete,d4efadb41cbdd77b,eb35705bcf7cc751,21188,21191,3,30116,1,1,1,0,0,0
agentsight,b5bc34dabe6a,complete,eb35705bcf7cc751,413538ee68e8672f,21191,21204,13,280484,1,1,1,0,0,0
agentsight,b5bc34dabe6a,complete,413538ee68e8672f,fe389bc86982c212,21204,21257,53,721752,1,7,4,0,0,0
agentsight,b5bc34dabe6a,complete,fe389bc86982c212,7622d009a8866aa9,21257,21260,3,23830,1,1,1,0,0,0
agentsight,b5bc34dabe6a,complete,7622d009a8866aa9,288cfa3a061af677,21260,21262,2,28784,1,1,1,0,0,0
agentsight,b5bc34dabe6a,complete,288cfa3a061af677,841a87c38b5d2749,21262,21298,36,887576,1,4,3,0,0,0
agentsight,b5bc34dabe6a,complete,841a87c38b5d2749,a62a94683ab7c91a,21298,21313,15,368617,1,3,3,0,0,0
agentsight,b5bc34dabe6a,complete,a62a94683ab7c91a,7ed4b2bed1597235,21313,21326,13,242776,1,3,3,0,0,0
agentsight,b5bc34dabe6a,complete,7ed4b2bed1597235,96596fc4cdc856cf,21326,21513,187,3955348,2,17,15,0,3,0
agentsight,b5bc34dabe6a,complete,96596fc4cdc856cf,02c58f54b1da807d,21513,21521,8,117898,1,2,2,0,0,0
agentsight,b5bc34dabe6a,complete,02c58f54b1da807d,a4a84b0a74bac364,21521,21664,143,3182724,1,29,21,0,0,0
agentsight,b5bc34dabe6a,complete,a4a84b0a74bac364,cf98e4f1edfb7923,21664,21668,4,152580,1,1,1,0,0,0
agentsight,b5bc34dabe6a,complete,cf98e4f1edfb7923,f1e6c071fd82f03d,21668,21682,14,541588,1,5,5,0,0,0
agentsight,b5bc34dabe6a,complete,f1e6c071fd82f03d,e9474e55b898d1ad,21682,21695,13,478578,1,4,3,0,0,0
agentsight,b5bc34dabe6a,complete,e9474e55b898d1ad,1385785bb0e1b68c,21695,21706,11,160310,1,2,1,0,0,0
agentsight,b5bc34dabe6a,complete,1385785bb0e1b68c,16903bee455ddbb7,21706,21715,9,249278,1,7,4,0,0,0
agentsight,b5bc34dabe6a,complete,16903bee455ddbb7,487aede1d83ed971,21715,21717,2,15809,1,1,1,0,0,0
agentsight,b5bc34dabe6a,complete,487aede1d83ed971,a38d32a8dc293d44,21717,21724,7,215932,1,3,3,0,0,0
agentsight,b5bc34dabe6a,complete,a38d32a8dc293d44,0f45ae8cb984b7d8,21724,21744,20,699596,1,6,4,0,0,1
agentsight,b5bc34dabe6a,complete,0f45ae8cb984b7d8,c94b2503fa17940e,21744,21745,1,8415,1,0,0,0,0,0
agentsight,b5bc34dabe6a,complete,c94b2503fa17940e,57debcc2d582a294,21745,21753,8,342694,1,5,4,0,0,1
agentsight,b5bc34dabe6a,complete,57debcc2d582a294,c4528776d53ed5c4,21753,21755,2,29436,1,1,1,0,0,0
agentsight,b5bc34dabe6a,complete,c4528776d53ed5c4,1b4ff492a8ca0d2a,21755,21757,2,175430,1,2,2,0,0,1
agentsight,b5bc34dabe6a,complete,1b4ff492a8ca0d2a,d433ad0edece6630,21757,21758,1,6548,1,0,0,0,0,0
agentsight,b5bc34dabe6a,complete,d433ad0edece6630,a665a3ccaa431c7f,21758,21762,4,248578,1,5,4,0,0,1
agentsight,b5bc34dabe6a,complete,a665a3ccaa431c7f,20c671c7cee4feed,21762,21769,7,259996,1,1,1,0,0,0
agentsight,b5bc34dabe6a,complete,20c671c7cee4feed,9306817768522f92,21769,21779,10,558763,1,1,1,0,0,0
agentsight,b5bc34dabe6a,complete,9306817768522f92,f82df92d713fa1a1,21779,21805,26,4159260,1,1,1,0,0,0
agentsight,b5bc34dabe6a,complete,f82df92d713fa1a1,ff1c793c99811300,21805,21830,25,275229,1,1,1,0,0,0
agentsight,b5bc34dabe6a,complete,ff1c793c99811300,668dbab84369f542,21830,21908,78,2374048,1,19,11,0,0,0
agentsight,b5bc34dabe6a,complete,668dbab84369f542,d19ecedcf366b318,21908,21938,30,2184476,1,3,3,0,0,0
agentsight,b5bc34dabe6a,complete,d19ecedcf366b318,f5c184513dc5029e,21938,21948,10,364102,1,4,4,0,0,0
agentsight,b5bc34dabe6a,complete,f5c184513dc5029e,f8c54fa9048f977b,21948,21960,12,119012,1,0,0,0,0,0
agentsight,b5bc34dabe6a,complete,f8c54fa9048f977b,bc55c1b6a574e3f5,21960,21965,5,175172,1,1,1,0,0,0
agentsight,b5bc34dabe6a,complete,bc55c1b6a574e3f5,d78e3b2af94e4a17,21965,21997,32,969312,1,6,5,0,0,0
agentsight,b5bc34dabe6a,complete,d78e3b2af94e4a17,cb892a4f0804d62b,21997,21998,1,10280,1,0,0,0,0,0
agentsight,b5bc34dabe6a,complete,cb892a4f0804d62b,7220f078693c7fe7,21998,22024,26,1862943,1,2,2,0,0,0
agentsight,b5bc34dabe6a,complete,7220f078693c7fe7,a8d806d0704f3d64,22024,22048,24,527965,1,16,8,0,0,0
agentsight,b5bc34dabe6a,complete,a8d806d0704f3d64,6f67a7f9e6feb6ef,22048,22053,5,134300,1,2,2,0,0,0
agentsight,b5bc34dabe6a,complete,6f67a7f9e6feb6ef,0bd3ead16214780d,22053,22055,2,43091,1,1,1,0,0,0
agentsight,b5bc34dabe6a,complete,0bd3ead16214780d,3c12e41814c243eb,22055,22076,21,215713,1,0,0,0,0,0
agentsight,b5bc34dabe6a,complete,3c12e41814c243eb,e66d9b43abed94ea,22076,22077,1,18413,1,0,0,0,0,0
agentsight,b5bc34dabe6a,complete,e66d9b43abed94ea,c7b8d18b77f94cbc,22077,22120,43,578095,1,1,1,0,0,0
agentsight,b5bc34dabe6a,complete,c7b8d18b77f94cbc,70fd74ba7d6a1672,22120,22131,11,151597,1,0,0,0,2,0
agentsight,b5bc34dabe6a,complete,70fd74ba7d6a1672,31797975a1012312,22131,22146,15,577189,1,4,3,0,0,0
agentsight,b5bc34dabe6a,complete,31797975a1012312,d1a068b28fa76afd,22146,22154,8,80493,1,1,1,0,0,0
agentsight,b5bc34dabe6a,complete,d1a068b28fa76afd,b82df486115933f5,22154,22168,14,280363,1,1,1,0,0,0
agentsight,b5bc34dabe6a,complete,b82df486115933f5,e7aa5857d3a912af,22168,22204,36,2185341,1,6,6,0,0,0
agentsight,b5bc34dabe6a,complete,e7aa5857d3a912af,84eeb05aad5a3ecd,22204,22225,21,338795,1,1,1,0,0,0
agentsight,b5bc34dabe6a,complete,84eeb05aad5a3ecd,b442b8b33bae0375,22225,22232,7,195854,1,6,6,0,0,0
agentsight,b5bc34dabe6a,complete,b442b8b33bae0375,6efed3a7eb2212c7,22232,22290,58,1003058,1,4,4,0,0,0
agentsight,b5bc34dabe6a,complete,6efed3a7eb2212c7,a4717d2316523247,22290,22292,2,36459,1,0,0,0,0,0
agentsight,b5bc34dabe6a,complete,a4717d2316523247,253dd22cb981b833,22292,22319,27,764646,1,6,4,0,0,0
agentsight,b5bc34dabe6a,complete,253dd22cb981b833,ebebc70eb97411c6,22319,22321,2,224401,1,1,1,0,0,0
agentsight,b5bc34dabe6a,complete,ebebc70eb97411c6,64b88b208978ef9d,22321,22377,56,3143060,1,11,7,0,0,0
agentsight,b5bc34dabe6a,complete,64b88b208978ef9d,fc572da521d65634,22377,22409,32,776728,1,4,4,0,0,0
agentsight,b5bc34dabe6a,complete,fc572da521d65634,01fa207bd6efe80a,22409,22441,32,860048,1,12,6,0,0,0
agentsight,b5bc34dabe6a,complete,01fa207bd6efe80a,8c196a450f483a2c,22441,22448,7,149580,1,0,0,0,0,0
agentsight,b5bc34dabe6a,complete,8c196a450f483a2c,15f1c8d5675bf271,22448,22462,14,391682,1,8,6,0,0,0
agentsight,b5bc34dabe6a,complete,15f1c8d5675bf271,32d1fd24d9a5c57e,22462,22463,1,36665,1,0,0,0,0,0
agentsight,b5bc34dabe6a,complete,32d1fd24d9a5c57e,c62a6db12e0664fd,22463,22475,12,349587,1,4,4,0,0,0
agentsight,b5bc34dabe6a,complete,c62a6db12e0664fd,d034169bfbc46e65,22475,22525,50,3989632,1,17,11,0,0,0
agentsight,b5bc34dabe6a,complete,d034169bfbc46e65,28918287e23a2196,22525,22629,104,1900073,1,12,7,0,0,0
agentsight,b5bc34dabe6a,complete,28918287e23a2196,662b3ee95a699637,22629,22662,33,711398,1,9,3,0,0,0
agentsight,b5bc34dabe6a,complete,662b3ee95a699637,450184a7cc5a306b,22662,22910,248,6745695,1,62,20,0,0,0
agentsight,b5bc34dabe6a,complete,450184a7cc5a306b,38691c9307cd7e9e,22910,22937,27,459987,1,6,5,0,0,0
agentsight,b5bc34dabe6a,complete,38691c9307cd7e9e,4b9d7d59156926a7,22937,22981,44,1002528,1,6,5,0,0,0
agentsight,b5bc34dabe6a,complete,4b9d7d59156926a7,cbc857c9ef02a1fb,22981,22983,2,34324,1,0,0,0,0,0
agentsight,b5bc34dabe6a,complete,cbc857c9ef02a1fb,50e25e51bb5e14e5,22983,23011,28,204763,1,2,2,0,0,0
agentsight,b5bc34dabe6a,complete,50e25e51bb5e14e5,35e46303beaa5cd0,23011,23016,5,76659,1,1,1,0,0,0
agentsight,b5bc34dabe6a,complete,35e46303beaa5cd0,046a082b16981416,23016,23038,22,2253613,1,2,2,0,0,0
agentsight,b5bc34dabe6a,complete,046a082b16981416,30fb971d1517d387,23038,23039,1,77845,1,0,0,0,0,0
agentsight,b5bc34dabe6a,complete,30fb971d1517d387,760cd93827b627c7,23039,23120,81,1080836,1,22,10,0,0,0
agentsight,b5bc34dabe6a,complete,760cd93827b627c7,cc4a0ab81a43fc0a,23120,23235,115,2338468,1,13,3,0,0,0
agentsight,b5bc34dabe6a,complete,cc4a0ab81a43fc0a,f8235c3916103b33,23235,23245,10,93642,1,2,1,0,0,0
agentsight,b5bc34dabe6a,complete,f8235c3916103b33,5815b28e0a6a00b0,23245,23294,49,506299,1,9,2,0,0,0
agentsight,b5bc34dabe6a,complete,5815b28e0a6a00b0,e495921840a7c16f,23294,23431,137,7066615,1,12,9,0,2,0
agentsight,b5bc34dabe6a,complete,e495921840a7c16f,04117fcf473a1423,23431,23432,1,11734,1,0,0,0,0,0
agentsight,b5bc34dabe6a,complete,04117fcf473a1423,ddf176345ba0d142,23432,23493,61,848176,1,14,8,0,0,0
agentsight,b5bc34dabe6a,complete,ddf176345ba0d142,82ddfbab9066430e,23493,23777,284,6405188,1,48,19,0,0,0
agentsight,b5bc34dabe6a,complete,82ddfbab9066430e,3ca5387e171ad487,23777,23917,140,3178987,1,35,18,0,0,0
agentsight,b5bc34dabe6a,complete,3ca5387e171ad487,d8ad172292be79b6,23917,23923,6,241178,1,3,2,0,0,0
agentsight,b5bc34dabe6a,complete,d8ad172292be79b6,2657eb7fb5dd6bec,23923,23978,55,61462414,1,67,28,0,0,0
agentsight,b5bc34dabe6a,complete,2657eb7fb5dd6bec,44c4d9635937179e,23978,23979,1,15921,1,0,0,0,0,0
agentsight,b5bc34dabe6a,complete,44c4d9635937179e,59b53ae12fe3d585,23979,23980,1,16153,1,0,0,0,0,0
agentsight,b5bc34dabe6a,complete,59b53ae12fe3d585,d417980ec7b6cf93,23980,24014,34,1162605,1,13,5,0,0,0
agentsight,b5bc34dabe6a,complete,d417980ec7b6cf93,c315e93e76d1d694,24014,24016,2,25361,1,1,1,0,0,0
agentsight,b5bc34dabe6a,complete,c315e93e76d1d694,b641fb1e84cf7755,24016,24017,1,4450,1,0,0,0,0,0
agentsight,b5bc34dabe6a,complete,b641fb1e84cf7755,9193f8ade2d48295,24017,24020,3,24519,1,3,3,0,0,0
agentsight,b5bc34dabe6a,complete,9193f8ade2d48295,42dc85fd587a233b,24020,24049,29,375748,1,10,3,0,0,0
agentsight,b5bc34dabe6a,right_censored,42dc85fd587a233b,93477c4eab4ad42f,24049,24192,143,35471550,1,198,55,0,0,0
agentsight,f2407a7d66d5,left_censored,385c624042646589,279d240a5d6d6363,1,116,116,13149612,1,0,0,0,0,0
agentsight,f2407a7d66d5,complete,279d240a5d6d6363,349666f17ba65b4c,116,247,131,13042044,1,1,1,0,0,0
agentsight,f2407a7d66d5,complete,349666f17ba65b4c,c8340f8a8c2b517d,247,248,1,24323,1,0,0,0,0,0
agentsight,f2407a7d66d5,complete,c8340f8a8c2b517d,2e3c8682a5567cca,248,251,3,62629,1,0,0,0,0,0
agentsight,f2407a7d66d5,right_censored,2e3c8682a5567cca,cc6570f6f4999d0d,251,256,5,167664403,1,4,3,0,0,0
ActPlane,3dae89cd06ae,left_censored,594986bd0214001c,8ada11f8223178a2,1,68,68,3983285,2,0,0,0,1,0
ActPlane,3dae89cd06ae,complete,8ada11f8223178a2,d9276be03fbe0ba2,68,117,49,1569081,1,0,0,0,0,0
ActPlane,3dae89cd06ae,complete,d9276be03fbe0ba2,0312cac1887d9051,117,118,1,4210,1,0,0,0,0,0
ActPlane,3dae89cd06ae,complete,0312cac1887d9051,2b49612eebf0458c,118,122,4,17720,1,0,0,0,0,0
ActPlane,3dae89cd06ae,complete,2b49612eebf0458c,97187d47d8fdcb6f,122,123,1,2972,1,0,0,0,0,0
ActPlane,3dae89cd06ae,complete,97187d47d8fdcb6f,e7fa7b8923f18a4e,123,134,11,41786,1,0,0,0,0,0
ActPlane,3dae89cd06ae,complete,e7fa7b8923f18a4e,1db0ab2205e2b752,134,175,41,5375489,1,0,0,0,0,0
ActPlane,3dae89cd06ae,complete,1db0ab2205e2b752,cb736b073b989969,175,178,3,20500,1,0,0,0,0,0
ActPlane,3dae89cd06ae,complete,cb736b073b989969,937eda61341b8cea,178,394,216,45866411,1,33,33,0,1,0
ActPlane,3dae89cd06ae,complete,937eda61341b8cea,6e6c5aeefffe62b7,394,403,9,28226,1,0,0,0,0,0
ActPlane,3dae89cd06ae,complete,6e6c5aeefffe62b7,972ba99b97120628,403,453,50,2774314,1,6,6,0,0,0
ActPlane,3dae89cd06ae,complete,972ba99b97120628,b657a6099f97f5e7,453,454,1,1,1,0,0,0,0,0
ActPlane,3dae89cd06ae,complete,b657a6099f97f5e7,4c65edad6cdd377c,454,461,7,21732,1,0,0,0,0,0
ActPlane,3dae89cd06ae,complete,4c65edad6cdd377c,71a7e510cf91e7ce,461,495,34,300705,7,2,2,0,0,0
ActPlane,3dae89cd06ae,complete,71a7e510cf91e7ce,31426ac648eb07dc,495,496,1,33,1,0,0,0,0,0
ActPlane,3dae89cd06ae,complete,31426ac648eb07dc,18bb462a4c48337b,496,505,9,51038,1,0,0,0,0,0
ActPlane,3dae89cd06ae,complete,18bb462a4c48337b,00684c631df99d51,505,506,1,1,1,0,0,0,0,0
ActPlane,3dae89cd06ae,complete,00684c631df99d51,f92f88b8468b0e7f,506,550,44,2172420,2,1,1,0,0,0
ActPlane,3dae89cd06ae,complete,f92f88b8468b0e7f,a84d11c10f11ae15,550,551,1,47,1,0,0,0,0,0
ActPlane,3dae89cd06ae,complete,a84d11c10f11ae15,05f11ac722ce5228,551,651,100,1569434,1,0,0,0,3,0
ActPlane,3dae89cd06ae,complete,05f11ac722ce5228,7a8cba9842f0543e,651,652,1,0,1,0,0,0,0,0
ActPlane,3dae89cd06ae,complete,7a8cba9842f0543e,910eaa267b994851,652,681,29,209540,1,0,0,0,2,0
ActPlane,3dae89cd06ae,complete,910eaa267b994851,ed37a54129b0c33e,681,696,15,90925,1,0,0,0,1,0
ActPlane,3dae89cd06ae,complete,ed37a54129b0c33e,42d487864e8ca22d,696,703,7,42474,1,0,0,0,1,0
ActPlane,3dae89cd06ae,complete,42d487864e8ca22d,74cd5afa4289d755,703,766,63,663595,1,0,0,0,0,0
ActPlane,3dae89cd06ae,complete,74cd5afa4289d755,1626f5f154ab59b8,766,769,3,8102,1,0,0,0,1,0
ActPlane,3dae89cd06ae,complete,1626f5f154ab59b8,5466e9d78c113fa7,769,784,15,93793,1,0,0,0,0,0
ActPlane,3dae89cd06ae,complete,5466e9d78c113fa7,0536044b6150275c,784,785,1,2693,1,0,0,0,0,0
ActPlane,3dae89cd06ae,complete,0536044b6150275c,e736bb1d0c4b1d8e,785,786,1,5675,1,0,0,0,0,0
ActPlane,3dae89cd06ae,complete,e736bb1d0c4b1d8e,f133ebd57c975b16,786,799,13,55961,1,0,0,0,0,0
ActPlane,3dae89cd06ae,complete,f133ebd57c975b16,a87652f52864376f,799,802,3,10479,1,0,0,0,1,0
ActPlane,3dae89cd06ae,complete,a87652f52864376f,10187a7f152ecb0f,802,843,41,2636661,1,0,0,0,0,0
ActPlane,3dae89cd06ae,complete,10187a7f152ecb0f,7f682664551b6135,843,844,1,3,1,0,0,0,0,0
ActPlane,3dae89cd06ae,complete,7f682664551b6135,5d7fab03f0c83b24,844,845,1,6408,1,0,0,0,0,0
ActPlane,3dae89cd06ae,complete,5d7fab03f0c83b24,35578476b2ad4ca6,845,1126,281,27157555,3,2,2,0,0,0
ActPlane,3dae89cd06ae,complete,35578476b2ad4ca6,949f83a82daaab19,1126,1129,3,238874,1,0,0,0,0,0
ActPlane,3dae89cd06ae,complete,949f83a82daaab19,10ce3754b3601d8c,1129,1140,11,209690,1,0,0,0,0,0
ActPlane,3dae89cd06ae,complete,10ce3754b3601d8c,4cdf6265f9094e02,1140,1143,3,74069,1,0,0,0,0,0
ActPlane,3dae89cd06ae,complete,4cdf6265f9094e02,e69482c40ba48ee2,1143,1144,1,46094,1,0,0,0,0,0
ActPlane,3dae89cd06ae,complete,e69482c40ba48ee2,31cc39c463a9a435,1144,1145,1,13737,1,0,0,0,0,0
ActPlane,3dae89cd06ae,complete,31cc39c463a9a435,1f6e510860ad4274,1145,1147,2,154577,1,0,0,0,0,0
ActPlane,3dae89cd06ae,complete,1f6e510860ad4274,a4d9fe924b9aef88,1147,1154,7,836132,1,0,0,3,0,0
ActPlane,3dae89cd06ae,complete,a4d9fe924b9aef88,0afe30bdeea6c3b9,1154,1357,203,333633232,4,8,2,0,0,0
ActPlane,3dae89cd06ae,complete,0afe30bdeea6c3b9,4f796d0fcefe855e,1357,1358,1,25,1,0,0,0,0,0
ActPlane,3dae89cd06ae,complete,4f796d0fcefe855e,f93ef7b7b31be06a,1358,1368,10,49078,1,1,1,0,0,0
ActPlane,3dae89cd06ae,complete,f93ef7b7b31be06a,37d65565a7a06835,1368,1369,1,0,1,0,0,0,0,0
ActPlane,3dae89cd06ae,complete,37d65565a7a06835,00b361e810d03a58,1369,1370,1,3293,1,0,0,0,0,0
ActPlane,3dae89cd06ae,complete,00b361e810d03a58,0794e35dd8622852,1370,1371,1,6493,1,0,0,0,0,0
ActPlane,3dae89cd06ae,complete,0794e35dd8622852,215e1fd79bef5604,1371,1858,487,16969260,2,154,18,0,0,0
ActPlane,3dae89cd06ae,complete,215e1fd79bef5604,5ee0b10d8b0f8f78,1858,1867,9,242470,1,2,2,0,0,0
ActPlane,3dae89cd06ae,complete,5ee0b10d8b0f8f78,cd3854195ac08f78,1867,1871,4,296799,1,0,0,0,0,0
ActPlane,3dae89cd06ae,complete,cd3854195ac08f78,039b3e891b2805c4,1871,1873,2,57934,1,0,0,0,0,0
ActPlane,3dae89cd06ae,complete,039b3e891b2805c4,3cc6d1b2f37e2a39,1873,1875,2,77193,1,0,0,0,0,0
ActPlane,3dae89cd06ae,complete,3cc6d1b2f37e2a39,f93f36dedcc02e32,1875,1876,1,9915,1,0,0,0,0,0
ActPlane,3dae89cd06ae,complete,f93f36dedcc02e32,fa7fb939f9aefecc,1876,1906,30,1584296,1,17,2,0,0,0
ActPlane,3dae89cd06ae,complete,fa7fb939f9aefecc,0ca1bbe35fb5c560,1906,1909,3,57489,1,0,0,0,0,0
ActPlane,3dae89cd06ae,complete,0ca1bbe35fb5c560,7b1a847064cee5b0,1909,2125,216,29137695,2,64,29,0,0,0
ActPlane,3dae89cd06ae,complete,7b1a847064cee5b0,eb8723692841fc5f,2125,2145,20,459705,2,7,5,0,0,0
ActPlane,3dae89cd06ae,complete,eb8723692841fc5f,212a823a9d37c578,2145,2155,10,342334,1,6,5,0,0,0
ActPlane,3dae89cd06ae,complete,212a823a9d37c578,332775318a0a89b9,2155,2161,6,210489,2,2,2,0,0,0
ActPlane,3dae89cd06ae,complete,332775318a0a89b9,e4b75a9df208d7c0,2161,2215,54,305189,2,2,2,0,0,0
ActPlane,3dae89cd06ae,complete,e4b75a9df208d7c0,f2ac5d38b43940a0,2215,2224,9,8934,1,1,1,1,0,0
ActPlane,3dae89cd06ae,complete,f2ac5d38b43940a0,0effe410661caf8e,2224,2225,1,38,1,0,0,0,0,0
ActPlane,3dae89cd06ae,complete,0effe410661caf8e,c42d23182f58bc07,2225,2227,2,2288,1,0,0,0,0,0
ActPlane,3dae89cd06ae,complete,c42d23182f58bc07,18ea3cd381df642a,2227,2229,2,2779,1,0,0,0,0,0
ActPlane,3dae89cd06ae,complete,18ea3cd381df642a,40098e2d3bc6041c,2229,2231,2,2858,1,0,0,0,0,0
ActPlane,3dae89cd06ae,complete,40098e2d3bc6041c,377b07154e1e1e8f,2231,2232,1,2526,1,0,0,0,0,0
ActPlane,3dae89cd06ae,complete,377b07154e1e1e8f,72abe0c6f5b146cc,2232,2233,1,2560,1,0,0,0,0,0
ActPlane,3dae89cd06ae,complete,72abe0c6f5b146cc,8d4d5846699639d3,2233,2235,2,9220,1,0,0,0,0,0
ActPlane,3dae89cd06ae,complete,8d4d5846699639d3,395aa9c2b80de752,2235,2236,1,2815,1,0,0,0,0,0
ActPlane,3dae89cd06ae,complete,395aa9c2b80de752,f8e79c3d406b22d6,2236,2237,1,3517,1,0,0,0,0,0
ActPlane,3dae89cd06ae,complete,f8e79c3d406b22d6,43c4c1700ff1155f,2237,2244,7,31577,1,2,2,0,0,0
ActPlane,3dae89cd06ae,complete,43c4c1700ff1155f,41e39d52cd08e417,2244,2250,6,9141,1,0,0,1,0,0
ActPlane,3dae89cd06ae,complete,41e39d52cd08e417,4aab597d6d80bea8,2250,2262,12,31599,1,1,1,0,0,0
ActPlane,3dae89cd06ae,complete,4aab597d6d80bea8,c7e931b7b296ddaa,2262,2272,10,23634,1,1,1,0,0,0
ActPlane,3dae89cd06ae,complete,c7e931b7b296ddaa,b733ffe3c4336d8e,2272,2273,1,3084,1,0,0,0,0,0
ActPlane,3dae89cd06ae,complete,b733ffe3c4336d8e,a9788e8b68501c64,2273,2275,2,7821,1,0,0,1,0,0
ActPlane,3dae89cd06ae,complete,a9788e8b68501c64,5b285c1a406a4abe,2275,2278,3,10653,1,1,1,0,0,0
ActPlane,3dae89cd06ae,complete,5b285c1a406a4abe,66e47f2cdf886267,2278,2290,12,12155,1,0,0,1,0,0
ActPlane,3dae89cd06ae,complete,66e47f2cdf886267,8014f4f847ebdee0,2290,2297,7,13463,1,1,1,0,0,0
ActPlane,3dae89cd06ae,complete,8014f4f847ebdee0,08a4987b279982e5,2297,2302,5,7480,1,0,0,1,0,0
ActPlane,3dae89cd06ae,complete,08a4987b279982e5,a89c65ae578a36a1,2302,2344,42,55539,2,1,1,0,0,0
ActPlane,3dae89cd06ae,complete,a89c65ae578a36a1,f0146ee61be70660,2344,2348,4,18217,2,1,1,1,0,0
ActPlane,3dae89cd06ae,complete,f0146ee61be70660,df93eaedd1db69b7,2348,2415,67,65182,2,2,2,0,0,0
ActPlane,3dae89cd06ae,complete,df93eaedd1db69b7,b100dab2b55bb1e3,2415,2423,8,6557,1,1,1,1,0,0
ActPlane,3dae89cd06ae,complete,b100dab2b55bb1e3,a5990c2b4420b2a7,2423,2430,7,3958,1,0,0,0,0,0
ActPlane,3dae89cd06ae,complete,a5990c2b4420b2a7,867f818559d84f01,2430,2480,50,36330,1,4,2,1,0,0
ActPlane,3dae89cd06ae,complete,867f818559d84f01,a0ac6c297f979e29,2480,2484,4,2567,1,1,1,0,0,0
ActPlane,3dae89cd06ae,complete,a0ac6c297f979e29,8c05820c3ff434d3,2484,2491,7,5100,1,1,1,0,0,0
ActPlane,3dae89cd06ae,complete,8c05820c3ff434d3,30b0b2bf34f1df91,2491,2512,21,8932,1,4,2,1,0,0
ActPlane,3dae89cd06ae,complete,30b0b2bf34f1df91,9643edc45f2b8e6d,2512,2528,16,8502,1,3,2,0,0,0
ActPlane,3dae89cd06ae,complete,9643edc45f2b8e6d,de32c141e27868d3,2528,2533,5,3617,1,2,1,0,0,0
ActPlane,3dae89cd06ae,complete,de32c141e27868d3,162d8d2ea5a5c9e8,2533,2539,6,2954,1,2,2,1,0,0
ActPlane,3dae89cd06ae,complete,162d8d2ea5a5c9e8,6bca28a4f777236c,2539,2541,2,2207,1,0,0,0,0,0
ActPlane,3dae89cd06ae,complete,6bca28a4f777236c,c4ffb4bf15d4a91a,2541,2548,7,5846,1,2,1,1,0,0
ActPlane,3dae89cd06ae,complete,c4ffb4bf15d4a91a,70b407706d6ecea0,2548,2551,3,3141,1,1,1,0,0,0
ActPlane,3dae89cd06ae,complete,70b407706d6ecea0,8fb8ad0757b53235,2551,2564,13,18631,1,2,2,1,0,0
ActPlane,3dae89cd06ae,complete,8fb8ad0757b53235,f42d7b685b8b8700,2564,2565,1,137,1,0,0,0,0,0
ActPlane,3dae89cd06ae,complete,f42d7b685b8b8700,76942708e988d646,2565,2573,8,16822,2,1,1,2,0,0
ActPlane,3dae89cd06ae,complete,76942708e988d646,a2720627808ab4ac,2573,2574,1,115,1,0,0,0,0,0
ActPlane,3dae89cd06ae,complete,a2720627808ab4ac,c6fd63a6b92be3ca,2574,2575,1,583,1,0,0,0,0,0
ActPlane,3dae89cd06ae,complete,c6fd63a6b92be3ca,d318129d208bff58,2575,2577,2,3491,1,0,0,0,0,0
ActPlane,3dae89cd06ae,complete,d318129d208bff58,e8880539f2dd1ca8,2577,2581,4,10461,1,1,1,0,0,0
ActPlane,3dae89cd06ae,complete,e8880539f2dd1ca8,a57a57726775886d,2581,2584,3,8904,1,0,0,1,0,0
ActPlane,3dae89cd06ae,complete,a57a57726775886d,81ac435bf6ca896d,2584,2586,2,2488,1,1,1,0,0,0
ActPlane,3dae89cd06ae,complete,81ac435bf6ca896d,6c5350a8eb528c06,2586,2587,1,6074,1,0,0,0,0,0
ActPlane,3dae89cd06ae,complete,6c5350a8eb528c06,e22f43d14c75b94b,2587,2588,1,3947,1,0,0,0,0,0
ActPlane,3dae89cd06ae,complete,e22f43d14c75b94b,2781c274e8d64d43,2588,2589,1,8374,1,0,0,0,0,0
ActPlane,3dae89cd06ae,complete,2781c274e8d64d43,e050c8ef8a5e0467,2589,2592,3,5750,1,1,1,0,0,0
ActPlane,3dae89cd06ae,complete,e050c8ef8a5e0467,38034fb31d64b2b9,2592,2593,1,1423,1,0,0,0,0,0
ActPlane,3dae89cd06ae,complete,38034fb31d64b2b9,7c1f5610ba16de39,2593,2598,5,11796,2,2,2,0,0,0
ActPlane,3dae89cd06ae,complete,7c1f5610ba16de39,647f7ac7e9ac3cb8,2598,2601,3,3892,1,1,1,0,0,0
ActPlane,3dae89cd06ae,complete,647f7ac7e9ac3cb8,98dec4235cb48fad,2601,2602,1,585,1,0,0,0,0,0
ActPlane,3dae89cd06ae,complete,98dec4235cb48fad,fe88402d6209f12a,2602,2605,3,3270,1,0,0,0,0,0
ActPlane,3dae89cd06ae,complete,fe88402d6209f12a,e7b29a784fdff001,2605,2607,2,1212,1,1,1,0,0,0
ActPlane,3dae89cd06ae,complete,e7b29a784fdff001,253a15a805abb332,2607,2611,4,4317,1,0,0,2,0,0
ActPlane,3dae89cd06ae,complete,253a15a805abb332,0db5a70bf1cdc23b,2611,2614,3,4881,1,0,0,0,0,0
ActPlane,3dae89cd06ae,complete,0db5a70bf1cdc23b,e45677a675f3e7c3,2614,2615,1,3998,1,0,0,0,0,0
ActPlane,3dae89cd06ae,complete,e45677a675f3e7c3,bac90b89130d8833,2615,2620,5,13527,1,1,1,0,0,0
ActPlane,3dae89cd06ae,complete,bac90b89130d8833,850cc4cd02896421,2620,2626,6,8924,1,0,0,1,0,0
ActPlane,3dae89cd06ae,complete,850cc4cd02896421,7f250cf59e5df888,2626,2629,3,7451,1,0,0,0,0,0
ActPlane,3dae89cd06ae,complete,7f250cf59e5df888,3be5adb54b1f08fa,2629,2633,4,13535,1,1,1,0,0,0
ActPlane,3dae89cd06ae,complete,3be5adb54b1f08fa,682c4d4f2a7375c3,2633,2639,6,11315,1,2,2,0,0,0
ActPlane,3dae89cd06ae,complete,682c4d4f2a7375c3,f66005328065fc83,2639,2642,3,3092,1,1,1,0,0,0
ActPlane,3dae89cd06ae,complete,f66005328065fc83,04c63ed8d12dcad6,2642,2644,2,3018,1,0,0,1,0,0
ActPlane,3dae89cd06ae,complete,04c63ed8d12dcad6,08663ffd460bc166,2644,2645,1,508,1,0,0,0,0,0
ActPlane,3dae89cd06ae,complete,08663ffd460bc166,1302de2c2c6dcefe,2645,2651,6,6376,2,1,1,2,0,0
ActPlane,3dae89cd06ae,complete,1302de2c2c6dcefe,feed9a6a7eb19915,2651,2652,1,1152,1,0,0,0,0,0
ActPlane,3dae89cd06ae,complete,feed9a6a7eb19915,b86cf13625aa1482,2652,2655,3,4449,2,1,1,1,0,0
ActPlane,3dae89cd06ae,complete,b86cf13625aa1482,1a4685006b55bd3e,2655,2659,4,4966,1,3,3,0,0,0
ActPlane,3dae89cd06ae,complete,1a4685006b55bd3e,6e2ba645aba1beb9,2659,2660,1,62,1,0,0,0,0,0
ActPlane,3dae89cd06ae,complete,6e2ba645aba1beb9,f6a5cefad462afe5,2660,2661,1,19,1,0,0,0,0,0
ActPlane,3dae89cd06ae,complete,f6a5cefad462afe5,704a7f1950b5dcc8,2661,2662,1,2482,1,0,0,0,0,0
ActPlane,3dae89cd06ae,complete,704a7f1950b5dcc8,1a51d77dc8f6fd7f,2662,2663,1,6,1,0,0,0,0,0
ActPlane,3dae89cd06ae,complete,1a51d77dc8f6fd7f,b165be6e376c1612,2663,2664,1,1219,1,0,0,0,0,0
ActPlane,3dae89cd06ae,complete,b165be6e376c1612,cb3fdf59e6c3f5fe,2664,2669,5,3712,1,1,1,3,0,0
ActPlane,3dae89cd06ae,complete,cb3fdf59e6c3f5fe,c06126220fb2b82c,2669,2671,2,1532,1,0,0,0,0,0
ActPlane,3dae89cd06ae,complete,c06126220fb2b82c,bf603a3258c0914f,2671,2672,1,2351,1,0,0,0,0,0
ActPlane,3dae89cd06ae,complete,bf603a3258c0914f,3ffc7ba99955ecbf,2672,2674,2,2800,1,0,0,0,0,0
ActPlane,3dae89cd06ae,complete,3ffc7ba99955ecbf,5fcfd720bf5c134e,2674,2675,1,219,1,0,0,0,0,0
ActPlane,3dae89cd06ae,complete,5fcfd720bf5c134e,2e707ea6f403be12,2675,2678,3,7346,1,0,0,0,0,0
ActPlane,3dae89cd06ae,complete,2e707ea6f403be12,37dc65430893504c,2678,2680,2,4495,1,1,1,0,0,0
ActPlane,3dae89cd06ae,complete,37dc65430893504c,bf31591210e1a61e,2680,2685,5,7937,1,2,2,0,0,0
ActPlane,3dae89cd06ae,complete,bf31591210e1a61e,1b0b83400f447ec3,2685,2686,1,1720,1,0,0,0,0,0
ActPlane,3dae89cd06ae,complete,1b0b83400f447ec3,b1a820ca7ff128d4,2686,2687,1,440,1,0,0,0,0,0
ActPlane,3dae89cd06ae,complete,b1a820ca7ff128d4,6cc6eb8b8e8698ba,2687,2688,1,1339,1,0,0,0,0,0
ActPlane,3dae89cd06ae,complete,6cc6eb8b8e8698ba,0d481c702d36f029,2688,2690,2,3432,1,0,0,0,0,0
ActPlane,3dae89cd06ae,complete,0d481c702d36f029,a0dc76951afa06d8,2690,2694,4,5877,1,1,1,0,0,0
ActPlane,3dae89cd06ae,complete,a0dc76951afa06d8,fcb03dc67104f5fe,2694,2695,1,1688,1,0,0,0,0,0
ActPlane,3dae89cd06ae,complete,fcb03dc67104f5fe,93c5737263edfdd9,2695,2697,2,4146,1,0,0,0,0,0
ActPlane,3dae89cd06ae,complete,93c5737263edfdd9,c33291bb677ee706,2697,2699,2,6378,1,0,0,0,0,0
ActPlane,3dae89cd06ae,complete,c33291bb677ee706,d3506a80df98f5dd,2699,2702,3,11528,1,0,0,0,0,0
ActPlane,3dae89cd06ae,complete,d3506a80df98f5dd,505595e7524619aa,2702,2707,5,9471,1,1,1,0,0,0
ActPlane,3dae89cd06ae,complete,505595e7524619aa,6c51387536012992,2707,2708,1,1868,1,0,0,0,0,0
ActPlane,3dae89cd06ae,complete,6c51387536012992,9344784cdd544998,2708,2714,6,23223,1,3,2,0,0,0
ActPlane,3dae89cd06ae,complete,9344784cdd544998,1d3d779e0e0f8b19,2714,2719,5,10656,2,1,1,1,0,0
ActPlane,3dae89cd06ae,complete,1d3d779e0e0f8b19,749c2167a950054b,2719,2720,1,661,1,0,0,0,0,0
ActPlane,3dae89cd06ae,complete,749c2167a950054b,1b9eceadf306446c,2720,2728,8,14794,2,3,3,1,0,0
ActPlane,3dae89cd06ae,complete,1b9eceadf306446c,a60fc6c7decec3ed,2728,2729,1,2557,1,0,0,0,0,0
ActPlane,3dae89cd06ae,complete,a60fc6c7decec3ed,e3d85afe2477af32,2729,2731,2,5376,1,0,0,0,0,0
ActPlane,3dae89cd06ae,complete,e3d85afe2477af32,e15e6c6eace85930,2731,2738,7,10770,2,0,0,0,0,0
ActPlane,3dae89cd06ae,complete,e15e6c6eace85930,7f05f9f5b8f3df5a,2738,2760,22,27359,2,2,2,0,0,0
ActPlane,3dae89cd06ae,complete,7f05f9f5b8f3df5a,31ee97c72fc95ae1,2760,2765,5,3376,1,1,1,0,0,0
ActPlane,3dae89cd06ae,complete,31ee97c72fc95ae1,6fb473cce31df86c,2765,2766,1,186,1,0,0,0,0,0
ActPlane,3dae89cd06ae,complete,6fb473cce31df86c,0c94247bda67a4fd,2766,2767,1,3754,1,0,0,0,0,0
ActPlane,3dae89cd06ae,complete,0c94247bda67a4fd,4ba1e534fe8e99bf,2767,2784,17,9108,1,2,2,0,0,0
ActPlane,3dae89cd06ae,complete,4ba1e534fe8e99bf,5f25dc170da5c01a,2784,2794,10,4590,1,0,0,0,0,0
ActPlane,3dae89cd06ae,complete,5f25dc170da5c01a,416714eacb768183,2794,2806,12,4217,1,2,2,0,0,0
ActPlane,3dae89cd06ae,complete,416714eacb768183,ce7e6da862bc790b,2806,2809,3,821,1,0,0,0,0,0
ActPlane,3dae89cd06ae,complete,ce7e6da862bc790b,78edf383336d10de,2809,2813,4,1186,1,0,0,0,0,0
ActPlane,3dae89cd06ae,complete,78edf383336d10de,9dc1135cbc74c7fa,2813,2822,9,4040,1,0,0,0,0,0
ActPlane,3dae89cd06ae,complete,9dc1135cbc74c7fa,3d5469cfef686fe7,2822,2826,4,1068,1,0,0,0,0,0
ActPlane,3dae89cd06ae,complete,3d5469cfef686fe7,88fbdf4d4593b641,2826,2828,2,458,1,0,0,0,0,0
ActPlane,3dae89cd06ae,complete,88fbdf4d4593b641,3c1ec315597a96d1,2828,2833,5,4995,1,0,0,0,0,0
ActPlane,3dae89cd06ae,complete,3c1ec315597a96d1,9ab22266b6fe1b24,2833,2837,4,1675,1,0,0,0,0,0
ActPlane,3dae89cd06ae,complete,9ab22266b6fe1b24,223878c10c306530,2837,2841,4,406,1,0,0,0,0,0
ActPlane,3dae89cd06ae,complete,223878c10c306530,1f57346c3e54be51,2841,2847,6,829,1,0,0,0,0,0
ActPlane,3dae89cd06ae,complete,1f57346c3e54be51,6089ee95169dfda4,2847,2849,2,1099,1,0,0,0,0,0
ActPlane,3dae89cd06ae,complete,6089ee95169dfda4,029cb9245f36dc8d,2849,2852,3,1396,1,0,0,0,0,0
ActPlane,3dae89cd06ae,complete,029cb9245f36dc8d,92176b2b1eccb9b2,2852,2855,3,675,1,0,0,0,0,0
ActPlane,3dae89cd06ae,complete,92176b2b1eccb9b2,991576289cd6ad84,2855,2857,2,331,1,0,0,0,0,0
ActPlane,3dae89cd06ae,complete,991576289cd6ad84,97a94a2f41668c30,2857,2865,8,969,1,0,0,0,0,0
ActPlane,3dae89cd06ae,complete,97a94a2f41668c30,53ac99669bf7c9f0,2865,2869,4,1023,1,0,0,0,0,0
ActPlane,3dae89cd06ae,complete,53ac99669bf7c9f0,8c46a128d7d333c3,2869,2874,5,2885,1,0,0,0,0,0
ActPlane,3dae89cd06ae,complete,8c46a128d7d333c3,c2b57d4b09bdf1dd,2874,2876,2,131,1,0,0,0,0,0
ActPlane,3dae89cd06ae,complete,c2b57d4b09bdf1dd,383ff343a2f4c522,2876,2877,1,861,1,0,0,0,0,0
ActPlane,3dae89cd06ae,complete,383ff343a2f4c522,f5254fa7a05cd168,2877,2879,2,1119,1,0,0,0,0,0
ActPlane,3dae89cd06ae,complete,f5254fa7a05cd168,7acb9db26cc76a8a,2879,2881,2,210,1,0,0,0,0,0
ActPlane,3dae89cd06ae,complete,7acb9db26cc76a8a,41dc32a54c5cabca,2881,2883,2,108,1,0,0,0,0,0
ActPlane,3dae89cd06ae,complete,41dc32a54c5cabca,5a53572157a59aae,2883,2886,3,947,1,0,0,0,0,0
ActPlane,3dae89cd06ae,complete,5a53572157a59aae,d478e95a7b4d74ec,2886,2887,1,767,1,0,0,0,0,0
ActPlane,3dae89cd06ae,complete,d478e95a7b4d74ec,5702dfcf8ca362fa,2887,2891,4,1897,1,0,0,0,0,0
ActPlane,3dae89cd06ae,complete,5702dfcf8ca362fa,35e932d750702d81,2891,2893,2,690,1,0,0,0,0,0
ActPlane,3dae89cd06ae,complete,35e932d750702d81,a3de1b7f9d29c905,2893,2901,8,2452,1,0,0,0,0,0
ActPlane,3dae89cd06ae,complete,a3de1b7f9d29c905,511e296599a271af,2901,2905,4,1118,1,0,0,0,0,0
ActPlane,3dae89cd06ae,complete,511e296599a271af,7a4a9854bcfaa426,2905,2907,2,172,1,0,0,0,0,0
ActPlane,3dae89cd06ae,complete,7a4a9854bcfaa426,2b72b0357001c2f2,2907,2915,8,2614,1,0,0,0,0,0
ActPlane,3dae89cd06ae,complete,2b72b0357001c2f2,a067789eae13f327,2915,2919,4,869,1,0,0,0,0,0
ActPlane,3dae89cd06ae,complete,a067789eae13f327,ffb9196a0d37dc11,2919,2929,10,2418,1,0,0,0,0,0
ActPlane,3dae89cd06ae,complete,ffb9196a0d37dc11,9ce5ea4ce45aae45,2929,2930,1,233,1,0,0,0,0,0
ActPlane,3dae89cd06ae,complete,9ce5ea4ce45aae45,ce444c93607843fb,2930,2934,4,2393,1,0,0,0,0,0
ActPlane,3dae89cd06ae,complete,ce444c93607843fb,8125f1b12254001a,2934,2935,1,168,1,0,0,0,0,0
ActPlane,3dae89cd06ae,complete,8125f1b12254001a,2e48820b67ecc344,2935,2942,7,3131,1,0,0,0,0,0
ActPlane,3dae89cd06ae,complete,2e48820b67ecc344,2b1a8afa8e27f714,2942,2945,3,1606,1,0,0,0,0,0
ActPlane,3dae89cd06ae,complete,2b1a8afa8e27f714,75e65eabeae9e05b,2945,2946,1,184,1,0,0,0,0,0
ActPlane,3dae89cd06ae,complete,75e65eabeae9e05b,460ef626747fd3cf,2946,2949,3,931,1,0,0,0,0,0
ActPlane,3dae89cd06ae,complete,460ef626747fd3cf,4d53cd9370f47d58,2949,2953,4,1818,1,0,0,0,0,0
ActPlane,3dae89cd06ae,complete,4d53cd9370f47d58,5e0256bce1f85583,2953,2956,3,913,1,0,0,1,0,0
ActPlane,3dae89cd06ae,complete,5e0256bce1f85583,570f974db8db9657,2956,2967,11,5646,1,0,0,1,0,0
ActPlane,3dae89cd06ae,complete,570f974db8db9657,8ccdb18db9404499,2967,2968,1,278,1,0,0,0,0,0
ActPlane,3dae89cd06ae,complete,8ccdb18db9404499,25379aad59c1f45d,2968,2970,2,574,1,0,0,0,0,0
ActPlane,3dae89cd06ae,complete,25379aad59c1f45d,3e9b035899b29b28,2970,2972,2,2659,1,0,0,0,0,0
ActPlane,3dae89cd06ae,complete,3e9b035899b29b28,e6aa96a7a94ed258,2972,2975,3,1076,1,0,0,0,0,0
ActPlane,3dae89cd06ae,complete,e6aa96a7a94ed258,dccc4688a4c1bb7e,2975,2977,2,1633,1,0,0,0,0,0
ActPlane,3dae89cd06ae,complete,dccc4688a4c1bb7e,2600db45b3727776,2977,2981,4,4377,1,0,0,0,0,0
ActPlane,3dae89cd06ae,complete,2600db45b3727776,9505f48ae37a3757,2981,2983,2,1144,1,0,0,0,0,0
ActPlane,3dae89cd06ae,complete,9505f48ae37a3757,9257c6456b13531b,2983,3008,25,16962,1,3,2,0,0,0
ActPlane,3dae89cd06ae,complete,9257c6456b13531b,607feb6c6833a1dd,3008,3010,2,578,1,0,0,0,0,0
ActPlane,3dae89cd06ae,complete,607feb6c6833a1dd,e004462d852041fc,3010,3014,4,2243,1,0,0,0,0,0
ActPlane,3dae89cd06ae,complete,e004462d852041fc,0d8a936a8a615452,3014,3021,7,5793,1,1,1,0,0,0
ActPlane,3dae89cd06ae,complete,0d8a936a8a615452,fe915ec53a80cd5d,3021,3027,6,7350,1,0,0,0,0,0
ActPlane,3dae89cd06ae,complete,fe915ec53a80cd5d,c75ed2f027eb2bed,3027,3030,3,2235,1,1,1,0,0,0
ActPlane,3dae89cd06ae,complete,c75ed2f027eb2bed,5bb4bbbc1efca800,3030,3037,7,5658,1,1,1,1,0,0
ActPlane,3dae89cd06ae,complete,5bb4bbbc1efca800,8deea8574d9557cf,3037,3038,1,569,1,0,0,0,0,0
ActPlane,3dae89cd06ae,complete,8deea8574d9557cf,d98fae6476d3e6b8,3038,3042,4,3365,1,1,1,0,0,0
ActPlane,3dae89cd06ae,complete,d98fae6476d3e6b8,12028234b7b4022e,3042,3045,3,4024,1,2,2,0,0,0
ActPlane,3dae89cd06ae,complete,12028234b7b4022e,f31a213fa23d23cc,3045,3047,2,295,1,0,0,0,0,0
ActPlane,3dae89cd06ae,complete,f31a213fa23d23cc,edbf88949023545d,3047,3050,3,3608,1,1,1,0,0,0
ActPlane,3dae89cd06ae,complete,edbf88949023545d,bc071301262f2f93,3050,3052,2,397,1,1,1,0,0,0
ActPlane,3dae89cd06ae,complete,bc071301262f2f93,b146c4d080151186,3052,3059,7,7443,1,2,1,0,0,0
ActPlane,3dae89cd06ae,complete,b146c4d080151186,bedc6a161c75f190,3059,3062,3,3428,1,1,1,0,0,0
ActPlane,3dae89cd06ae,complete,bedc6a161c75f190,790dd7169e00913b,3062,3069,7,4574,1,3,3,1,0,0
ActPlane,3dae89cd06ae,complete,790dd7169e00913b,6ef75f9bd183c099,3069,3073,4,1637,1,1,1,0,0,0
ActPlane,3dae89cd06ae,complete,6ef75f9bd183c099,d401f1e020dfd29e,3073,3074,1,5,1,0,0,0,0,0
ActPlane,3dae89cd06ae,complete,d401f1e020dfd29e,4b3a7efd78a438c2,3074,3075,1,763,1,0,0,0,0,0
ActPlane,3dae89cd06ae,complete,4b3a7efd78a438c2,9f6c6f022f7b9f32,3075,3076,1,479,1,0,0,0,0,0
ActPlane,3dae89cd06ae,complete,9f6c6f022f7b9f32,02d453e4eb356c88,3076,3081,5,2024,1,0,0,1,0,0
ActPlane,3dae89cd06ae,complete,02d453e4eb356c88,8bec225060112378,3081,3083,2,418,1,1,1,0,0,0
ActPlane,3dae89cd06ae,complete,8bec225060112378,4b3a3fce132c202b,3083,3085,2,1791,1,0,0,0,0,0
ActPlane,3dae89cd06ae,complete,4b3a3fce132c202b,2ec0292569b51d58,3085,3087,2,999,1,1,1,0,0,0
ActPlane,3dae89cd06ae,complete,2ec0292569b51d58,748bbc013a730648,3087,3092,5,3025,1,1,1,0,0,0
ActPlane,3dae89cd06ae,complete,748bbc013a730648,9110928318a4c524,3092,3094,2,127,1,1,1,0,0,0
ActPlane,3dae89cd06ae,complete,9110928318a4c524,00740ab4905be090,3094,3096,2,1013,1,0,0,0,0,0
ActPlane,3dae89cd06ae,complete,00740ab4905be090,68325343e87f649e,3096,3098,2,2304,1,1,1,0,0,0
ActPlane,3dae89cd06ae,complete,68325343e87f649e,04cf2ea42f558e5d,3098,3099,1,157,1,0,0,0,0,0
ActPlane,3dae89cd06ae,complete,04cf2ea42f558e5d,3a341f5160923ff4,3099,3102,3,2094,1,2,2,0,0,0
ActPlane,3dae89cd06ae,complete,3a341f5160923ff4,8efc55814161c86b,3102,3104,2,1226,1,0,0,0,0,0
ActPlane,3dae89cd06ae,complete,8efc55814161c86b,29476718521de3e0,3104,3105,1,330,1,0,0,0,0,0
ActPlane,3dae89cd06ae,complete,29476718521de3e0,1c22488689efbac8,3105,3106,1,389,1,0,0,0,0,0
ActPlane,3dae89cd06ae,complete,1c22488689efbac8,8a6f874195c1e1d5,3106,3107,1,374,1,0,0,0,0,0
ActPlane,3dae89cd06ae,complete,8a6f874195c1e1d5,5715c8dd483fd99c,3107,3109,2,2577,1,0,0,0,0,0
ActPlane,3dae89cd06ae,complete,5715c8dd483fd99c,f04e765f0ab602df,3109,3110,1,454,1,0,0,0,0,0
ActPlane,3dae89cd06ae,complete,f04e765f0ab602df,23bb8ce7554a85ba,3110,3115,5,5284,1,1,1,1,0,0
ActPlane,3dae89cd06ae,complete,23bb8ce7554a85ba,1a11706a7fcd1579,3115,3116,1,558,1,0,0,0,0,0
ActPlane,3dae89cd06ae,complete,1a11706a7fcd1579,c061402bb1446b10,3116,3119,3,2161,1,2,2,0,0,0
ActPlane,3dae89cd06ae,complete,c061402bb1446b10,c106ffbfc8e6f264,3119,3120,1,1725,1,0,0,0,0,0
ActPlane,3dae89cd06ae,complete,c106ffbfc8e6f264,9dd15caec4532b9c,3120,3121,1,4874,1,0,0,0,0,0
ActPlane,3dae89cd06ae,complete,9dd15caec4532b9c,73536bde96f7f142,3121,3122,1,210,1,0,0,0,0,0
ActPlane,3dae89cd06ae,complete,73536bde96f7f142,0d72fdb52897d443,3122,3123,1,651,1,0,0,0,0,0
ActPlane,3dae89cd06ae,complete,0d72fdb52897d443,17944487fe53004e,3123,3124,1,41,1,0,0,0,0,0
ActPlane,3dae89cd06ae,complete,17944487fe53004e,b4e328f1051f8391,3124,3125,1,3443,1,0,0,0,0,0
ActPlane,3dae89cd06ae,complete,b4e328f1051f8391,c7f8a081a7002f11,3125,3126,1,105,1,0,0,0,0,0
ActPlane,3dae89cd06ae,complete,c7f8a081a7002f11,66edd00a98040c73,3126,3127,1,963,1,0,0,0,0,0
ActPlane,3dae89cd06ae,complete,66edd00a98040c73,40cd31abea55b257,3127,3129,2,2127,1,0,0,0,0,0
ActPlane,3dae89cd06ae,complete,40cd31abea55b257,7de8bdfb0d4ccece,3129,3130,1,821,1,0,0,0,0,0
ActPlane,3dae89cd06ae,complete,7de8bdfb0d4ccece,714622a5eb60937b,3130,3131,1,2060,1,0,0,0,0,0
ActPlane,3dae89cd06ae,complete,714622a5eb60937b,d864a1be7430efd1,3131,3132,1,3363,1,0,0,0,0,0
ActPlane,3dae89cd06ae,complete,d864a1be7430efd1,379a0be2e4bb856d,3132,3133,1,855,1,0,0,0,0,0
ActPlane,3dae89cd06ae,complete,379a0be2e4bb856d,78f259a773b9aea5,3133,3135,2,8273,1,0,0,0,0,0
ActPlane,3dae89cd06ae,complete,78f259a773b9aea5,4687470362563b46,3135,3138,3,4518,1,0,0,0,0,0
ActPlane,3dae89cd06ae,complete,4687470362563b46,af35791976bcf4d8,3138,3141,3,3367,1,1,1,0,0,0
ActPlane,3dae89cd06ae,complete,af35791976bcf4d8,470a363ed71aace6,3141,3142,1,3012,1,0,0,0,0,0
ActPlane,3dae89cd06ae,complete,470a363ed71aace6,ab627ee8178e94e0,3142,3144,2,4041,1,0,0,0,0,0
ActPlane,3dae89cd06ae,complete,ab627ee8178e94e0,9d9af073cb854f5d,3144,3151,7,6136,1,4,1,0,0,0
ActPlane,3dae89cd06ae,complete,9d9af073cb854f5d,8dc2a62b99e02675,3151,3154,3,8667,1,0,0,0,0,0
ActPlane,3dae89cd06ae,complete,8dc2a62b99e02675,599ea76b9840fd16,3154,3155,1,4956,1,0,0,0,0,0
ActPlane,3dae89cd06ae,complete,599ea76b9840fd16,5c1150ef1f6bdfb5,3155,3157,2,6396,1,0,0,0,0,0
ActPlane,3dae89cd06ae,complete,5c1150ef1f6bdfb5,47fe5524dbba6b43,3157,3158,1,987,1,0,0,0,0,0
ActPlane,3dae89cd06ae,complete,47fe5524dbba6b43,416bb947b438c87a,3158,3159,1,799,1,0,0,0,0,0
ActPlane,3dae89cd06ae,complete,416bb947b438c87a,104c92b0a1f4134c,3159,3160,1,4385,1,0,0,0,0,0
ActPlane,3dae89cd06ae,complete,104c92b0a1f4134c,bae259c36cd85c83,3160,3161,1,5561,1,0,0,0,0,0
ActPlane,3dae89cd06ae,complete,bae259c36cd85c83,61d5e23445f68358,3161,3163,2,3460,1,1,1,0,0,0
ActPlane,3dae89cd06ae,complete,61d5e23445f68358,2968de6184964ab7,3163,3164,1,1252,1,0,0,0,0,0
ActPlane,3dae89cd06ae,complete,2968de6184964ab7,dd6562da922287eb,3164,3168,4,11651,1,0,0,0,0,0
ActPlane,3dae89cd06ae,complete,dd6562da922287eb,62228965a8e52409,3168,3169,1,3898,1,0,0,0,0,0
ActPlane,3dae89cd06ae,complete,62228965a8e52409,91736d7d766c9754,3169,3172,3,8076,1,0,0,0,0,0
ActPlane,3dae89cd06ae,complete,91736d7d766c9754,d064406da18bf693,3172,3174,2,4785,1,0,0,0,0,0
ActPlane,3dae89cd06ae,complete,d064406da18bf693,1b98c14b42a969c7,3174,3175,1,17773,1,0,0,0,0,0
ActPlane,3dae89cd06ae,complete,1b98c14b42a969c7,d185b427a6e955fb,3175,3176,1,6877,1,0,0,0,0,0
ActPlane,3dae89cd06ae,complete,d185b427a6e955fb,b21ba22eb7ddef0d,3176,3177,1,8301,1,0,0,0,0,0
ActPlane,3dae89cd06ae,complete,b21ba22eb7ddef0d,87d08cafdbd215d9,3177,3181,4,82222,1,1,1,0,0,0
ActPlane,3dae89cd06ae,complete,87d08cafdbd215d9,4060a7ba954c6d3c,3181,3182,1,4208,1,0,0,0,0,0
ActPlane,3dae89cd06ae,complete,4060a7ba954c6d3c,144b30cb8a69daed,3182,3183,1,6515,1,0,0,0,0,0
ActPlane,3dae89cd06ae,complete,144b30cb8a69daed,a809791fa3f8134e,3183,3184,1,592,1,0,0,0,0,0
ActPlane,3dae89cd06ae,complete,a809791fa3f8134e,2599b6f94e67fc3f,3184,3185,1,4654,1,0,0,0,0,0
ActPlane,3dae89cd06ae,complete,2599b6f94e67fc3f,3a6e2136cef83dd9,3185,3186,1,5376,1,0,0,0,0,0
ActPlane,3dae89cd06ae,complete,3a6e2136cef83dd9,6b0a8b439561506b,3186,3187,1,4299,1,0,0,0,0,0
ActPlane,3dae89cd06ae,complete,6b0a8b439561506b,b911898f4720b0d0,3187,3188,1,2190,1,0,0,0,0,0
ActPlane,3dae89cd06ae,complete,b911898f4720b0d0,1a10385889f693bc,3188,3189,1,2467,1,0,0,0,0,0
ActPlane,3dae89cd06ae,complete,1a10385889f693bc,378793b3cd5dcd6f,3189,3190,1,3360,1,0,0,0,0,0
ActPlane,3dae89cd06ae,complete,378793b3cd5dcd6f,6a64f8438c9342fc,3190,3191,1,1377,1,0,0,0,0,0
ActPlane,3dae89cd06ae,complete,6a64f8438c9342fc,7c044c96335c2e8e,3191,3194,3,14962,1,0,0,1,0,0
ActPlane,3dae89cd06ae,complete,7c044c96335c2e8e,4619c869e586e1f0,3194,3195,1,16561,1,0,0,0,0,0
ActPlane,3dae89cd06ae,complete,4619c869e586e1f0,a30fd102f2427eb6,3195,3197,2,149916,1,1,1,0,0,0
ActPlane,3dae89cd06ae,complete,a30fd102f2427eb6,92929cc4cfa49530,3197,3200,3,28473,1,0,0,0,0,0
ActPlane,3dae89cd06ae,complete,92929cc4cfa49530,c81f772b9fd11adb,3200,3203,3,153041,1,0,0,0,0,0
ActPlane,3dae89cd06ae,complete,c81f772b9fd11adb,99cea72a89f0f9c5,3203,3207,4,332460,1,1,1,0,0,0
ActPlane,3dae89cd06ae,complete,99cea72a89f0f9c5,f147434429ca7022,3207,3218,11,101181,1,2,1,0,0,0
ActPlane,3dae89cd06ae,complete,f147434429ca7022,785b6bfb8279b728,3218,3220,2,10147,1,0,0,1,0,0
ActPlane,3dae89cd06ae,complete,785b6bfb8279b728,7c272def4c097b1b,3220,3221,1,23209,1,0,0,0,0,0
ActPlane,3dae89cd06ae,complete,7c272def4c097b1b,6c705294dbb28bde,3221,3223,2,730936,1,0,0,0,0,0
ActPlane,3dae89cd06ae,complete,6c705294dbb28bde,56420cafa0ef0ad2,3223,3277,54,1057425,1,31,2,0,0,0
ActPlane,3dae89cd06ae,complete,56420cafa0ef0ad2,49cc0e763484b953,3277,3278,1,22728,1,0,0,0,0,0
ActPlane,3dae89cd06ae,complete,49cc0e763484b953,05f418fcb73c66aa,3278,3283,5,68223,1,0,0,0,0,0
ActPlane,3dae89cd06ae,complete,05f418fcb73c66aa,59b63454637c3a90,3283,3287,4,98686,1,0,0,0,0,0
ActPlane,3dae89cd06ae,complete,59b63454637c3a90,a21366757ae8e5bb,3287,3289,2,59639,1,0,0,0,0,0
ActPlane,3dae89cd06ae,complete,a21366757ae8e5bb,12e341bf6d5d1737,3289,3290,1,14219,1,0,0,0,0,0
ActPlane,3dae89cd06ae,complete,12e341bf6d5d1737,fd6259358f8885e7,3290,3356,66,1988344,1,16,3,0,0,0
ActPlane,3dae89cd06ae,complete,fd6259358f8885e7,27e72b469d597bf9,3356,3357,1,21955,1,0,0,0,0,0
ActPlane,3dae89cd06ae,complete,27e72b469d597bf9,af5fbed34ffbb9e1,3357,3362,5,2937952,1,0,0,0,0,0
ActPlane,3dae89cd06ae,complete,af5fbed34ffbb9e1,77fc15f1d79e033c,3362,3365,3,45805,1,0,0,0,0,0
ActPlane,3dae89cd06ae,complete,77fc15f1d79e033c,916e0a098d357635,3365,3366,1,9738,1,0,0,0,0,0
ActPlane,3dae89cd06ae,complete,916e0a098d357635,0d06dca1532366d2,3366,3369,3,30380,1,0,0,0,0,0
ActPlane,3dae89cd06ae,complete,0d06dca1532366d2,5fa24ef9f987b425,3369,3392,23,318947,1,9,4,0,0,0
ActPlane,3dae89cd06ae,complete,5fa24ef9f987b425,55f2751029f806a3,3392,3394,2,49878,1,0,0,0,0,0
ActPlane,3dae89cd06ae,complete,55f2751029f806a3,23a44dfd58a69332,3394,3396,2,112193,1,0,0,0,0,0
ActPlane,3dae89cd06ae,complete,23a44dfd58a69332,84c5a4e2373f6f6b,3396,3398,2,62853,1,0,0,0,0,0
ActPlane,3dae89cd06ae,complete,84c5a4e2373f6f6b,80bfc7248e5a0959,3398,3403,5,101516,1,0,0,0,0,0
ActPlane,3dae89cd06ae,complete,80bfc7248e5a0959,3f7dbb99bd368855,3403,3406,3,71255,1,0,0,0,0,0
ActPlane,3dae89cd06ae,complete,3f7dbb99bd368855,e920942f0671df8a,3406,3409,3,59810,1,0,0,0,0,0
ActPlane,3dae89cd06ae,complete,e920942f0671df8a,af76b1de78bd0b08,3409,3413,4,2813659,1,0,0,0,0,0
ActPlane,3dae89cd06ae,complete,af76b1de78bd0b08,54ec06e7061b0fd7,3413,3415,2,59465,1,0,0,0,0,0
ActPlane,3dae89cd06ae,complete,54ec06e7061b0fd7,b1f56347a4c763c7,3415,3418,3,55251,1,0,0,0,0,0
ActPlane,3dae89cd06ae,complete,b1f56347a4c763c7,97939b33f5b98225,3418,3420,2,61487,1,0,0,0,0,0
ActPlane,3dae89cd06ae,complete,97939b33f5b98225,02f4cbb843d9ef42,3420,3423,3,45436,1,0,0,0,0,0
ActPlane,3dae89cd06ae,complete,02f4cbb843d9ef42,fff3e531cd631f16,3423,3425,2,36184,1,0,0,0,0,0
ActPlane,3dae89cd06ae,complete,fff3e531cd631f16,86865390c2fb12c2,3425,3429,4,83137,1,0,0,0,0,0
ActPlane,3dae89cd06ae,complete,86865390c2fb12c2,d1c92f08731ae4e2,3429,3431,2,48064,1,0,0,0,0,0
ActPlane,3dae89cd06ae,complete,d1c92f08731ae4e2,9d67c5c84838b630,3431,3433,2,85247,1,0,0,0,0,0
ActPlane,3dae89cd06ae,complete,9d67c5c84838b630,47572f1b0c1a8399,3433,3494,61,981710,1,17,3,0,0,0
ActPlane,3dae89cd06ae,complete,47572f1b0c1a8399,0fd9af3ee5f8b5af,3494,3495,1,3728502,1,0,0,0,0,0
ActPlane,3dae89cd06ae,complete,0fd9af3ee5f8b5af,060075485b21bfe8,3495,3500,5,76742,1,0,0,0,0,0
ActPlane,3dae89cd06ae,complete,060075485b21bfe8,6ab73950bbf0c282,3500,3539,39,221437,2,1,1,3,1,0
ActPlane,3dae89cd06ae,complete,6ab73950bbf0c282,11908bc6d179ea4d,3539,3560,21,159300,1,0,0,0,0,0
ActPlane,3dae89cd06ae,complete,11908bc6d179ea4d,1a84ac12e806e3ff,3560,3567,7,24462,1,0,0,0,0,0
ActPlane,3dae89cd06ae,complete,1a84ac12e806e3ff,99883f7676ee9d25,3567,3608,41,188531,4,0,0,0,0,0
ActPlane,3dae89cd06ae,complete,99883f7676ee9d25,253f6a08ba2a4d2b,3608,3610,2,47,1,0,0,0,0,0
ActPlane,3dae89cd06ae,complete,253f6a08ba2a4d2b,d934c48dce3403b2,3610,3711,101,10969763,4,10,3,0,0,0
ActPlane,3dae89cd06ae,complete,d934c48dce3403b2,76244afc9e4564d8,3711,3714,3,60424,1,0,0,0,0,0
ActPlane,3dae89cd06ae,complete,76244afc9e4564d8,fb1f0f10140de31e,3714,3715,1,19275,1,0,0,0,0,0
ActPlane,3dae89cd06ae,complete,fb1f0f10140de31e,512d7b482b630bda,3715,3716,1,10680,1,0,0,0,0,0
ActPlane,3dae89cd06ae,complete,512d7b482b630bda,72e624af899b2c66,3716,3772,56,1125824,1,19,2,0,0,0
ActPlane,3dae89cd06ae,complete,72e624af899b2c66,de8d0af47a3ef8ab,3772,3902,130,13385855,1,37,6,0,0,0
ActPlane,3dae89cd06ae,complete,de8d0af47a3ef8ab,dafe988a3b0136ce,3902,4041,139,37395009,1,27,7,0,0,0
ActPlane,3dae89cd06ae,complete,dafe988a3b0136ce,de4c386435c1b7fb,4041,5061,1020,43613792,3,451,39,0,0,0
ActPlane,3dae89cd06ae,complete,de4c386435c1b7fb,84c0d160cbe8eb48,5061,5088,27,122055,1,14,11,0,0,0
ActPlane,3dae89cd06ae,complete,84c0d160cbe8eb48,55e617704e8d455f,5088,5094,6,26733,1,3,3,0,0,0
ActPlane,3dae89cd06ae,complete,55e617704e8d455f,e83f0b7ac4d9e469,5094,5102,8,43066,1,3,2,0,0,0
ActPlane,3dae89cd06ae,complete,e83f0b7ac4d9e469,7899b5cbf7da95c6,5102,5103,1,5231,1,0,0,0,0,0
ActPlane,3dae89cd06ae,complete,7899b5cbf7da95c6,83dfb7bd19421a26,5103,5104,1,46020,1,0,0,0,0,0
ActPlane,3dae89cd06ae,complete,83dfb7bd19421a26,34f1ca539eddfe15,5104,5188,84,1037525,2,19,8,0,0,0
ActPlane,3dae89cd06ae,complete,34f1ca539eddfe15,67fc87e8189815b1,5188,5190,2,27044,1,0,0,0,0,0
ActPlane,3dae89cd06ae,complete,67fc87e8189815b1,849340fb048b3cd7,5190,5764,574,50948011,3,118,37,0,0,0
ActPlane,3dae89cd06ae,complete,849340fb048b3cd7,8ceda82e6d498500,5764,5787,23,280795,2,7,2,0,0,0
ActPlane,3dae89cd06ae,complete,8ceda82e6d498500,7a746b33fada9ca7,5787,5788,1,16987,1,0,0,0,0,0
ActPlane,3dae89cd06ae,complete,7a746b33fada9ca7,d8c91958d77dd7c8,5788,5837,49,19595415,1,6,4,0,0,0
ActPlane,3dae89cd06ae,complete,d8c91958d77dd7c8,11de127b4cb40b1f,5837,5839,2,34590,1,1,1,0,0,0
ActPlane,3dae89cd06ae,complete,11de127b4cb40b1f,2033132609e4b5cc,5839,5851,12,105724,1,1,1,0,0,0
ActPlane,3dae89cd06ae,complete,2033132609e4b5cc,940db9a2e70f5f68,5851,5852,1,6175,1,0,0,0,0,0
ActPlane,3dae89cd06ae,complete,940db9a2e70f5f68,f45a4f146cd50268,5852,5862,10,55599,1,3,1,0,0,0
ActPlane,3dae89cd06ae,complete,f45a4f146cd50268,9fb1d783fb5987b4,5862,5865,3,14160,1,1,1,0,0,0
ActPlane,3dae89cd06ae,complete,9fb1d783fb5987b4,73ce8b2ce1171be2,5865,5866,1,16079,1,0,0,0,0,0
ActPlane,3dae89cd06ae,complete,73ce8b2ce1171be2,34e378b6afdad280,5866,5903,37,4144212,1,4,1,0,0,0
ActPlane,3dae89cd06ae,complete,34e378b6afdad280,a111666663035abd,5903,5904,1,4069,1,0,0,0,0,0
ActPlane,3dae89cd06ae,complete,a111666663035abd,eab5a71ca6596e09,5904,5905,1,3644,1,0,0,0,0,0
ActPlane,3dae89cd06ae,complete,eab5a71ca6596e09,c1b44255c702c865,5905,5912,7,27700,1,4,1,0,0,0
ActPlane,3dae89cd06ae,complete,c1b44255c702c865,6740e99f5b0e4889,5912,5916,4,17477,1,2,1,0,0,0
ActPlane,3dae89cd06ae,complete,6740e99f5b0e4889,fd611c58ff33bcf1,5916,5929,13,37617,1,2,2,0,0,0
ActPlane,3dae89cd06ae,complete,fd611c58ff33bcf1,04b700284c87f282,5929,5930,1,3812,1,0,0,0,0,0
ActPlane,3dae89cd06ae,complete,04b700284c87f282,d5fbb1b4168bb145,5930,5942,12,1873513,1,1,1,0,0,0
ActPlane,3dae89cd06ae,complete,d5fbb1b4168bb145,b5dcd6f509e25274,5942,6064,122,4996944,1,60,12,0,0,0
ActPlane,3dae89cd06ae,complete,b5dcd6f509e25274,b51b7d6cb7ded1e4,6064,6069,5,103955,1,3,1,0,0,0
ActPlane,3dae89cd06ae,complete,b51b7d6cb7ded1e4,76d37384304fd81a,6069,6661,592,18964504,2,347,11,0,0,0
ActPlane,3dae89cd06ae,complete,76d37384304fd81a,41f88494e920a725,6661,7539,878,47022372,1,653,60,0,0,0
ActPlane,3dae89cd06ae,complete,41f88494e920a725,01460d79530c8d46,7539,7570,31,167864,1,4,4,0,0,0
ActPlane,3dae89cd06ae,complete,01460d79530c8d46,d93cb05ad6036c3e,7570,7591,21,127864,1,1,1,0,0,0
ActPlane,3dae89cd06ae,complete,d93cb05ad6036c3e,5ea128733d41234d,7591,7595,4,31747,1,0,0,0,0,0
ActPlane,3dae89cd06ae,complete,5ea128733d41234d,a79f3a957d03b479,7595,7613,18,92717,2,1,1,1,0,0
ActPlane,3dae89cd06ae,complete,a79f3a957d03b479,8bcfe830fa572d02,7613,7614,1,14288,1,0,0,0,0,0
ActPlane,3dae89cd06ae,complete,8bcfe830fa572d02,ba857b7a4f0eb399,7614,7615,1,7833,1,0,0,0,0,0
ActPlane,3dae89cd06ae,complete,ba857b7a4f0eb399,279fce9f5e6d0d2f,7615,7617,2,18314,2,0,0,0,0,0
ActPlane,3dae89cd06ae,complete,279fce9f5e6d0d2f,4f2bf0b05aaf7663,7617,7620,3,19405,2,0,0,0,0,0
ActPlane,3dae89cd06ae,complete,4f2bf0b05aaf7663,d7119030528801d1,7620,7684,64,269800,2,11,8,0,0,0
ActPlane,3dae89cd06ae,complete,d7119030528801d1,99dee2cbab090cc0,7684,7696,12,132906,2,2,2,0,0,0
ActPlane,3dae89cd06ae,complete,99dee2cbab090cc0,70bef06a7c17494d,7696,7703,7,123172,2,0,0,0,0,0
ActPlane,3dae89cd06ae,complete,70bef06a7c17494d,fff3f939c87e5c7c,7703,7726,23,197152,2,5,4,0,0,0
ActPlane,3dae89cd06ae,complete,fff3f939c87e5c7c,179c613960b9689e,7726,7742,16,162387,2,1,1,0,0,0
ActPlane,3dae89cd06ae,complete,179c613960b9689e,fc1a6d712fde38bb,7742,7804,62,2104822,3,11,2,1,0,0
ActPlane,3dae89cd06ae,complete,fc1a6d712fde38bb,8032af28fb7d2259,7804,7826,22,143041,1,0,0,0,0,0
ActPlane,3dae89cd06ae,complete,8032af28fb7d2259,0af8c5c32009e966,7826,7827,1,19145,1,0,0,0,0,0
ActPlane,3dae89cd06ae,complete,0af8c5c32009e966,c1b30fa5ff2718a5,7827,8069,242,8261248,4,54,25,0,0,0
ActPlane,3dae89cd06ae,complete,c1b30fa5ff2718a5,ae82e5a55e05f937,8069,8070,1,7,1,0,0,0,0,0
ActPlane,3dae89cd06ae,complete,ae82e5a55e05f937,a3c6bbaf78aa0ead,8070,8079,9,76295,1,0,0,0,1,0
ActPlane,3dae89cd06ae,complete,a3c6bbaf78aa0ead,fbbc042a0dd7ab45,8079,8088,9,80722,1,0,0,0,1,0
ActPlane,3dae89cd06ae,complete,fbbc042a0dd7ab45,234ce1f123895863,8088,8096,8,48923,1,0,0,0,1,0
ActPlane,3dae89cd06ae,complete,234ce1f123895863,a2e3b76f3f8be79e,8096,8105,9,26147,2,0,0,0,1,0
ActPlane,3dae89cd06ae,complete,a2e3b76f3f8be79e,05a42626e8c8a867,8105,8120,15,138224,1,0,0,0,0,0
ActPlane,3dae89cd06ae,complete,05a42626e8c8a867,1c6b1956b64f62af,8120,8123,3,12979,1,0,0,0,0,0
ActPlane,3dae89cd06ae,complete,1c6b1956b64f62af,1e37bfad6366523e,8123,8165,42,384262,2,3,3,0,1,0
ActPlane,3dae89cd06ae,complete,1e37bfad6366523e,95c76af2663ae2eb,8165,8246,81,288105,2,14,6,0,1,0
ActPlane,3dae89cd06ae,complete,95c76af2663ae2eb,23dde57f205414f4,8246,8302,56,642438,2,35,13,0,0,0
ActPlane,3dae89cd06ae,complete,23dde57f205414f4,f2a9b0995604729a,8302,8351,49,799123,1,0,0,0,1,0
ActPlane,3dae89cd06ae,complete,f2a9b0995604729a,d31d29989043b20c,8351,8356,5,16857,1,0,0,1,0,0
ActPlane,3dae89cd06ae,complete,d31d29989043b20c,39a6fda6e7da3ac8,8356,8357,1,15693,1,0,0,0,0,0
ActPlane,3dae89cd06ae,complete,39a6fda6e7da3ac8,7ff0fa58f0ec4b99,8357,8366,9,45246,1,0,0,0,0,0
ActPlane,3dae89cd06ae,complete,7ff0fa58f0ec4b99,4ea7db910f46002e,8366,8414,48,697233,1,0,0,0,0,0
ActPlane,3dae89cd06ae,complete,4ea7db910f46002e,a9dda7893e56f5b9,8414,8416,2,48,1,0,0,0,0,0
ActPlane,3dae89cd06ae,complete,a9dda7893e56f5b9,6d320bde2148ca7e,8416,8423,7,48016,1,0,0,0,0,0
ActPlane,3dae89cd06ae,complete,6d320bde2148ca7e,2cbc0c9b2bc60e37,8423,8429,6,48671,1,0,0,0,0,0
ActPlane,3dae89cd06ae,complete,2cbc0c9b2bc60e37,c2d178289877e15c,8429,8521,92,667175,2,0,0,0,2,0
ActPlane,3dae89cd06ae,complete,c2d178289877e15c,c3b4c7b3dceb6bca,8521,8567,46,885418,2,0,0,0,0,0
ActPlane,3dae89cd06ae,complete,c3b4c7b3dceb6bca,c627018aa0b4c80b,8567,8568,1,0,1,0,0,0,0,0
ActPlane,3dae89cd06ae,complete,c627018aa0b4c80b,a5edace7023d2955,8568,8572,4,10815,2,0,0,0,0,0
ActPlane,3dae89cd06ae,complete,a5edace7023d2955,a7375e84841c7486,8572,8687,115,604373,2,0,0,0,0,0
ActPlane,3dae89cd06ae,complete,a7375e84841c7486,830d6ea61bdc8a19,8687,8715,28,111959,2,1,1,1,1,0
ActPlane,3dae89cd06ae,complete,830d6ea61bdc8a19,79d11e193d509e11,8715,8767,52,212017,2,0,0,0,0,0
ActPlane,3dae89cd06ae,complete,79d11e193d509e11,d49b08d867762dba,8767,9208,441,6628131,5,64,6,0,1,0
ActPlane,3dae89cd06ae,complete,d49b08d867762dba,c1ab6b5ace0f7459,9208,9295,87,164973,4,6,4,0,1,0
ActPlane,3dae89cd06ae,complete,c1ab6b5ace0f7459,6aad3cf5f7bfe0a0,9295,9481,186,3163948,4,3,2,1,1,0
ActPlane,3dae89cd06ae,complete,6aad3cf5f7bfe0a0,4564bad28135ccf4,9481,9482,1,0,1,0,0,0,0,0
ActPlane,3dae89cd06ae,complete,4564bad28135ccf4,42a6103f68c09b8e,9482,9497,15,93822,1,0,0,2,1,0
ActPlane,3dae89cd06ae,complete,42a6103f68c09b8e,dbe5d7461f9c4d3d,9497,9499,2,0,1,0,0,1,0,0
ActPlane,3dae89cd06ae,complete,dbe5d7461f9c4d3d,fb2272af54e0f415,9499,9502,3,15005,1,0,0,0,0,0
ActPlane,3dae89cd06ae,complete,fb2272af54e0f415,a4f8888aff5464eb,9502,9503,1,1,1,0,0,0,0,0
ActPlane,3dae89cd06ae,complete,a4f8888aff5464eb,639c97e49a1f857d,9503,9504,1,9,1,0,0,0,0,0
ActPlane,3dae89cd06ae,complete,639c97e49a1f857d,5d3c7eb6b108360f,9504,9523,19,68259,1,0,0,0,1,0
ActPlane,3dae89cd06ae,complete,5d3c7eb6b108360f,7b1267613780f46a,9523,9526,3,23320,1,0,0,0,0,0
ActPlane,3dae89cd06ae,complete,7b1267613780f46a,5659f8ff2c4704a4,9526,9527,1,8,1,0,0,0,0,0
ActPlane,3dae89cd06ae,complete,5659f8ff2c4704a4,468acbb1392d1c66,9527,9528,1,0,1,0,0,0,0,0
ActPlane,3dae89cd06ae,complete,468acbb1392d1c66,3162b4d2d019546f,9528,9561,33,1198177,2,0,0,1,1,0
ActPlane,3dae89cd06ae,complete,3162b4d2d019546f,f0944a5edac873d0,9561,9566,5,22202,1,0,0,0,0,0
ActPlane,3dae89cd06ae,complete,f0944a5edac873d0,c665e8441f640257,9566,9611,45,4120710,3,2,1,1,2,0
ActPlane,3dae89cd06ae,complete,c665e8441f640257,5e4a014a94a0e351,9611,9824,213,4659936,2,39,32,0,0,0
ActPlane,3dae89cd06ae,complete,5e4a014a94a0e351,eb40aa80da1308ac,9824,9826,2,4883,2,0,0,0,0,0
ActPlane,3dae89cd06ae,complete,eb40aa80da1308ac,2da010d1c0f636fc,9826,9837,11,41954,2,0,0,0,0,0
ActPlane,3dae89cd06ae,complete,2da010d1c0f636fc,31ccafabf91e9492,9837,9844,7,23846,2,0,0,0,1,0
ActPlane,3dae89cd06ae,complete,31ccafabf91e9492,6148ceb9e2149675,9844,9956,112,300729,2,40,30,0,0,0
ActPlane,3dae89cd06ae,complete,6148ceb9e2149675,45521f108f0d5a2d,9956,9965,9,22370,2,0,0,0,0,0
ActPlane,3dae89cd06ae,complete,45521f108f0d5a2d,38b055cd4537d855,9965,9967,2,4984,2,0,0,0,0,0
ActPlane,3dae89cd06ae,complete,38b055cd4537d855,43ae3b8ef7afc904,9967,10012,45,155758,2,5,3,0,0,0
ActPlane,3dae89cd06ae,complete,43ae3b8ef7afc904,7f23ef1385e6d58b,10012,10014,2,19024,1,0,0,0,0,0
ActPlane,3dae89cd06ae,complete,7f23ef1385e6d58b,c57427b957e02d13,10014,10024,10,89259,2,1,1,1,0,0
ActPlane,3dae89cd06ae,complete,c57427b957e02d13,0acab97cee5209df,10024,10026,2,27304,1,0,0,0,0,0
ActPlane,3dae89cd06ae,complete,0acab97cee5209df,d256b55c4d7dd569,10026,10053,27,147079,2,0,0,0,0,0
ActPlane,3dae89cd06ae,complete,d256b55c4d7dd569,25053c27afb02e8c,10053,10055,2,10228,2,0,0,0,0,0
ActPlane,3dae89cd06ae,complete,25053c27afb02e8c,947545fab347e568,10055,10058,3,44261,1,0,0,1,0,0
ActPlane,3dae89cd06ae,complete,947545fab347e568,98c680af5df15581,10058,10067,9,493688,2,0,0,0,0,0
ActPlane,3dae89cd06ae,complete,98c680af5df15581,e15714f898a5028a,10067,10068,1,2504,1,0,0,0,0,0
ActPlane,3dae89cd06ae,complete,e15714f898a5028a,e480b15e6ce302f9,10068,10069,1,0,1,0,0,0,0,0
ActPlane,3dae89cd06ae,complete,e480b15e6ce302f9,209476766d572e1c,10069,10082,13,79716,1,0,0,0,0,0
ActPlane,3dae89cd06ae,complete,209476766d572e1c,19cfbe102cd823f3,10082,10083,1,8500,1,0,0,0,0,0
ActPlane,3dae89cd06ae,complete,19cfbe102cd823f3,948518b8204c0bf5,10083,10131,48,268576,2,3,3,4,0,0
ActPlane,3dae89cd06ae,complete,948518b8204c0bf5,2f9a252aa5cb6db7,10131,10133,2,15400,1,0,0,0,0,0
ActPlane,3dae89cd06ae,complete,2f9a252aa5cb6db7,d820feaca36d062d,10133,10136,3,18075,1,0,0,0,0,0
ActPlane,3dae89cd06ae,complete,d820feaca36d062d,d3f74137ffb347cb,10136,10139,3,10725,1,0,0,0,0,0
ActPlane,3dae89cd06ae,complete,d3f74137ffb347cb,818d3ecad538f527,10139,10151,12,185013,2,3,1,0,0,0
ActPlane,3dae89cd06ae,complete,818d3ecad538f527,c941c9102cc4ab99,10151,10152,1,28197,1,0,0,0,0,0
ActPlane,3dae89cd06ae,complete,c941c9102cc4ab99,b2db8935916cf5af,10152,10154,2,144363,1,0,0,0,0,0
ActPlane,3dae89cd06ae,complete,b2db8935916cf5af,4bc165c4b03d8ae1,10154,10155,1,34428,1,0,0,0,0,0
ActPlane,3dae89cd06ae,complete,4bc165c4b03d8ae1,3ff2349d20454bb1,10155,10200,45,1275261,1,5,2,0,0,0
ActPlane,3dae89cd06ae,complete,3ff2349d20454bb1,a5300ff4cf838713,10200,10255,55,173279,2,8,1,0,0,0
ActPlane,3dae89cd06ae,complete,a5300ff4cf838713,c2b41bf3b71aa267,10255,10290,35,235662,2,4,1,0,0,0
ActPlane,3dae89cd06ae,complete,c2b41bf3b71aa267,f5604b5215ad7f22,10290,10292,2,30092,2,0,0,0,0,0
ActPlane,3dae89cd06ae,complete,f5604b5215ad7f22,0b39c28162f1dfbd,10292,10297,5,14996,1,0,0,0,1,0
ActPlane,3dae89cd06ae,complete,0b39c28162f1dfbd,4dca67c90e3564e7,10297,10302,5,14626,2,0,0,0,2,0
ActPlane,3dae89cd06ae,complete,4dca67c90e3564e7,e09368b471ce2bdb,10302,10303,1,33190,1,0,0,0,0,0
ActPlane,3dae89cd06ae,complete,e09368b471ce2bdb,37cf4675450b7410,10303,10307,4,32196,1,0,0,0,0,0
ActPlane,3dae89cd06ae,complete,37cf4675450b7410,165ffaaafcbafce2,10307,10311,4,25238,1,0,0,0,0,0
ActPlane,3dae89cd06ae,complete,165ffaaafcbafce2,3f001132c9fee2f5,10311,10312,1,5699,1,0,0,0,0,0
ActPlane,3dae89cd06ae,complete,3f001132c9fee2f5,82d474c574af0399,10312,10329,17,77316,2,0,0,0,0,0
ActPlane,3dae89cd06ae,complete,82d474c574af0399,420b18e6ccdef847,10329,10331,2,2388,2,0,0,0,0,0
ActPlane,3dae89cd06ae,complete,420b18e6ccdef847,f67b3b85f9f6708a,10331,10334,3,6927,1,0,0,0,1,0
ActPlane,3dae89cd06ae,complete,f67b3b85f9f6708a,d2acd413d10fb04f,10334,10335,1,1831,1,0,0,0,0,0
ActPlane,3dae89cd06ae,complete,d2acd413d10fb04f,787241db4980ac9a,10335,10341,6,26899,2,0,0,0,0,0
ActPlane,3dae89cd06ae,complete,787241db4980ac9a,a4c4d17c6e201861,10341,10345,4,15720,1,0,0,0,0,0
ActPlane,3dae89cd06ae,complete,a4c4d17c6e201861,d8ba2b236d08bfdd,10345,10356,11,42680,1,0,0,1,1,0
ActPlane,3dae89cd06ae,complete,d8ba2b236d08bfdd,bca3fefc1332f22f,10356,10361,5,24716,1,0,0,0,1,0
ActPlane,3dae89cd06ae,complete,bca3fefc1332f22f,62537e6813571198,10361,10366,5,133780,2,0,0,0,0,0
ActPlane,3dae89cd06ae,complete,62537e6813571198,e6cb0f575ffb4770,10366,10369,3,31958,1,1,1,0,0,0
ActPlane,3dae89cd06ae,complete,e6cb0f575ffb4770,11747f5dad0a13ca,10369,10371,2,121056,1,0,0,0,0,0
ActPlane,3dae89cd06ae,complete,11747f5dad0a13ca,acf89f95894993ff,10371,10375,4,21780,2,0,0,0,0,0
ActPlane,3dae89cd06ae,complete,acf89f95894993ff,0a7c37d389388da0,10375,10379,4,288216,2,0,0,0,0,0
ActPlane,3dae89cd06ae,complete,0a7c37d389388da0,72efb2a0f0ca4abf,10379,10450,71,962292,2,0,0,0,0,0
ActPlane,3dae89cd06ae,complete,72efb2a0f0ca4abf,b03cfef6eeabef70,10450,10452,2,10700,1,0,0,0,0,0
ActPlane,3dae89cd06ae,complete,b03cfef6eeabef70,3c288b4a1e36da91,10452,10459,7,32809,1,0,0,0,1,0
ActPlane,3dae89cd06ae,complete,3c288b4a1e36da91,b6cafd54fcc628c8,10459,10480,21,83701,2,1,1,0,1,0
ActPlane,3dae89cd06ae,complete,b6cafd54fcc628c8,9ac905b472293271,10480,10498,18,79899,2,4,2,0,1,0
ActPlane,3dae89cd06ae,complete,9ac905b472293271,6759892469c5f5e2,10498,10568,70,29083359,2,10,2,0,1,0
ActPlane,3dae89cd06ae,complete,6759892469c5f5e2,50dda3f262f42966,10568,10571,3,3024,2,0,0,0,0,0
ActPlane,3dae89cd06ae,complete,50dda3f262f42966,ec7b7e638a200212,10571,10576,5,14331,2,0,0,0,1,0
ActPlane,3dae89cd06ae,complete,ec7b7e638a200212,92f60818d00c1937,10576,10602,26,75378,2,0,0,0,1,0
ActPlane,3dae89cd06ae,complete,92f60818d00c1937,1faaeb884b3eb77a,10602,10615,13,37599,2,0,0,0,1,0
ActPlane,3dae89cd06ae,complete,1faaeb884b3eb77a,75d7e6a9f9988b6f,10615,10664,49,324762,2,3,2,0,0,0
ActPlane,3dae89cd06ae,complete,75d7e6a9f9988b6f,3baa47b8236ceb2f,10664,10665,1,4159,1,0,0,0,0,0
ActPlane,3dae89cd06ae,complete,3baa47b8236ceb2f,168f9bba5762c25b,10665,10669,4,12611,2,0,0,0,0,0
ActPlane,3dae89cd06ae,complete,168f9bba5762c25b,7ea8905e767b0528,10669,10671,2,5005,2,0,0,0,0,0
ActPlane,3dae89cd06ae,complete,7ea8905e767b0528,c57f2bbe7a8bc7c5,10671,10672,1,7078,1,0,0,0,0,1
ActPlane,3dae89cd06ae,complete,c57f2bbe7a8bc7c5,7e1b1ca61b67e691,10672,10673,1,3239,1,0,0,0,0,0
ActPlane,3dae89cd06ae,complete,7e1b1ca61b67e691,e408810e4b628bc3,10673,10687,14,163771,2,0,0,0,1,0
ActPlane,3dae89cd06ae,complete,e408810e4b628bc3,aa056a059b301a97,10687,10690,3,15190,1,0,0,0,0,0
ActPlane,3dae89cd06ae,complete,aa056a059b301a97,9f342c021821da77,10690,10691,1,3019,1,0,0,0,0,0
ActPlane,3dae89cd06ae,complete,9f342c021821da77,8c046bf985717a82,10691,10836,145,31738282,2,31,12,0,0,0
ActPlane,3dae89cd06ae,complete,8c046bf985717a82,b7f6dcd62f47368e,10836,10840,4,21813,1,1,1,0,0,0
ActPlane,3dae89cd06ae,complete,b7f6dcd62f47368e,15c3b4fca0109c04,10840,10841,1,8193,1,0,0,0,0,0
ActPlane,3dae89cd06ae,complete,15c3b4fca0109c04,a2bdb2c3a93ce62d,10841,10843,2,13622,1,0,0,0,0,0
ActPlane,3dae89cd06ae,complete,a2bdb2c3a93ce62d,3274d576a266e00e,10843,10847,4,21707,1,1,1,0,0,0
ActPlane,3dae89cd06ae,complete,3274d576a266e00e,0db8a48e4101d4c9,10847,10848,1,5001,1,0,0,0,0,0
ActPlane,3dae89cd06ae,complete,0db8a48e4101d4c9,ad02d4871f6675a3,10848,11710,862,11782018,3,3,2,0,0,0
ActPlane,3dae89cd06ae,complete,ad02d4871f6675a3,e80c829f34439571,11710,11713,3,15136,1,0,0,0,0,0
ActPlane,3dae89cd06ae,complete,e80c829f34439571,0ef42978f6500bdd,11713,11716,3,17041,1,0,0,1,0,0
ActPlane,3dae89cd06ae,complete,0ef42978f6500bdd,907c5a5d85667be5,11716,11740,24,84464,1,0,0,0,0,0
ActPlane,3dae89cd06ae,complete,907c5a5d85667be5,15e64c7def4d96d3,11740,11741,1,9960,1,0,0,0,0,0
ActPlane,3dae89cd06ae,complete,15e64c7def4d96d3,fc206dfaaf48fea6,11741,11899,158,40387316,1,0,0,0,0,0
ActPlane,3dae89cd06ae,complete,fc206dfaaf48fea6,57a4103f24246063,11899,11911,12,54334,1,0,0,3,0,0
ActPlane,3dae89cd06ae,complete,57a4103f24246063,f004195a12d91e7c,11911,11915,4,15238,1,0,0,0,0,0
ActPlane,3dae89cd06ae,complete,f004195a12d91e7c,72836d7e583ef0fc,11915,11944,29,886759,2,1,1,1,1,0
ActPlane,3dae89cd06ae,complete,72836d7e583ef0fc,6ac28837a1493b2d,11944,11977,33,1025475,2,0,0,0,0,0
ActPlane,3dae89cd06ae,complete,6ac28837a1493b2d,ac06eb8d1250dcb5,11977,12146,169,16512680,2,4,3,0,0,0
ActPlane,3dae89cd06ae,complete,ac06eb8d1250dcb5,b5780e820b88b6ba,12146,12152,6,47587,1,3,1,0,0,0
ActPlane,3dae89cd06ae,complete,b5780e820b88b6ba,ea3cb722f5625347,12152,12154,2,13469,1,0,0,0,0,0
ActPlane,3dae89cd06ae,complete,ea3cb722f5625347,f787f6e032f05d38,12154,12336,182,3417545,2,22,6,1,0,0
ActPlane,3dae89cd06ae,complete,f787f6e032f05d38,d08114ff63f27b8c,12336,12339,3,18525,1,0,0,0,0,0
ActPlane,3dae89cd06ae,complete,d08114ff63f27b8c,7d0dead03b51c1cf,12339,12348,9,60909,1,0,0,0,0,0
ActPlane,3dae89cd06ae,complete,7d0dead03b51c1cf,740b48bda82b9391,12348,12349,1,14200,1,0,0,0,0,0
ActPlane,3dae89cd06ae,complete,740b48bda82b9391,9475d797298b2781,12349,12363,14,53385,1,0,0,0,0,0
ActPlane,3dae89cd06ae,complete,9475d797298b2781,d248a5149ca3ef7f,12363,12389,26,550367,2,3,1,0,0,0
ActPlane,3dae89cd06ae,complete,d248a5149ca3ef7f,6a1ac1330a9308ee,12389,12732,343,4606529,3,10,6,0,3,0
ActPlane,3dae89cd06ae,complete,6a1ac1330a9308ee,12ef2b9534af82a3,12732,12748,16,58436,1,0,0,0,0,0
ActPlane,3dae89cd06ae,complete,12ef2b9534af82a3,deb145f2171d6b6a,12748,13409,661,19917820,2,12,7,1,0,0
ActPlane,3dae89cd06ae,complete,deb145f2171d6b6a,5b2042318d0565da,13409,13422,13,124909,1,0,0,0,0,0
ActPlane,3dae89cd06ae,complete,5b2042318d0565da,839c17e232c9109c,13422,13444,22,185392,1,0,0,0,0,0
ActPlane,3dae89cd06ae,complete,839c17e232c9109c,f622bcb7be89b5b4,13444,13447,3,48190,1,0,0,0,0,0
ActPlane,3dae89cd06ae,complete,f622bcb7be89b5b4,e95af24fd0216247,13447,13452,5,47669,1,0,0,0,0,0
ActPlane,3dae89cd06ae,complete,e95af24fd0216247,33b2de8176ef85c0,13452,13454,2,27879,1,0,0,0,0,0
ActPlane,3dae89cd06ae,complete,33b2de8176ef85c0,43c9d22bf899736f,13454,13456,2,28523,1,0,0,0,0,0
ActPlane,3dae89cd06ae,complete,43c9d22bf899736f,a6fce12e280f19f3,13456,13501,45,546352,1,0,0,0,0,0
ActPlane,3dae89cd06ae,complete,a6fce12e280f19f3,4ea20cda226bf023,13501,13519,18,241631,1,0,0,0,0,0
ActPlane,3dae89cd06ae,complete,4ea20cda226bf023,b930c414360f404f,13519,13538,19,227538,1,0,0,0,0,0
ActPlane,3dae89cd06ae,complete,b930c414360f404f,1e09e04f66543fce,13538,13574,36,474116,1,0,0,0,0,0
ActPlane,3dae89cd06ae,complete,1e09e04f66543fce,e3b39e66c8767853,13574,14365,791,37691774,1,0,0,0,0,0
ActPlane,3dae89cd06ae,complete,e3b39e66c8767853,d1829fc1d5021208,14365,14455,90,572835,1,0,0,0,0,0
ActPlane,3dae89cd06ae,complete,d1829fc1d5021208,99d4f32ab74436fa,14455,14494,39,467042,1,0,0,0,1,0
ActPlane,3dae89cd06ae,complete,99d4f32ab74436fa,6757bf32ec30cc2d,14494,14497,3,23051,1,0,0,0,0,0
ActPlane,3dae89cd06ae,complete,6757bf32ec30cc2d,294156b3cb27588e,14497,14503,6,31736,1,0,0,0,0,0
ActPlane,3dae89cd06ae,complete,294156b3cb27588e,a160511f11b78558,14503,14513,10,838048,1,0,0,0,0,0
ActPlane,3dae89cd06ae,complete,a160511f11b78558,0e291b1d2b727bfc,14513,14649,136,2997945,1,0,0,2,0,0
ActPlane,3dae89cd06ae,complete,0e291b1d2b727bfc,fbe7ebf182a7d205,14649,14659,10,2315102,1,0,0,0,0,0
ActPlane,3dae89cd06ae,complete,fbe7ebf182a7d205,75f947412fe4c54a,14659,14675,16,1887024,1,0,0,0,0,0
ActPlane,3dae89cd06ae,complete,75f947412fe4c54a,3151ec63b3188ffa,14675,15063,388,3403979,2,0,0,0,0,0
ActPlane,3dae89cd06ae,complete,3151ec63b3188ffa,2ea8798cbe9a62ad,15063,15126,63,1817821,2,0,0,0,0,0
ActPlane,3dae89cd06ae,complete,2ea8798cbe9a62ad,ed8e8ccbb7da4117,15126,15130,4,9326,1,0,0,0,0,0
ActPlane,3dae89cd06ae,complete,ed8e8ccbb7da4117,2752c6609e869203,15130,15210,80,1112102,2,28,22,0,0,0
ActPlane,3dae89cd06ae,complete,2752c6609e869203,2b8124d73b8c40b5,15210,15269,59,1315734,2,0,0,0,0,0
ActPlane,3dae89cd06ae,complete,2b8124d73b8c40b5,e244d900c375a692,15269,15369,100,953457,2,0,0,0,0,0
ActPlane,3dae89cd06ae,complete,e244d900c375a692,91dbaf5bba1ff6e9,15369,15428,59,301761,2,1,1,0,0,0
ActPlane,3dae89cd06ae,complete,91dbaf5bba1ff6e9,100360382bd65643,15428,15429,1,0,1,0,0,0,0,0
ActPlane,3dae89cd06ae,complete,100360382bd65643,2f45cea4d1be334e,15429,15588,159,6144293,2,1,1,0,0,0
ActPlane,3dae89cd06ae,complete,2f45cea4d1be334e,caf8c3efec5dba66,15588,15608,20,130429,1,0,0,0,0,0
ActPlane,3dae89cd06ae,complete,caf8c3efec5dba66,042d494a3049b173,15608,15647,39,271042,1,0,0,0,0,0
ActPlane,3dae89cd06ae,complete,042d494a3049b173,90da0ff9a06af45c,15647,15655,8,81443,1,0,0,0,0,0
ActPlane,3dae89cd06ae,complete,90da0ff9a06af45c,d9b7b41f98801312,15655,15659,4,39925,1,0,0,0,0,0
ActPlane,3dae89cd06ae,complete,d9b7b41f98801312,72fc7db3a344a685,15659,15663,4,38234,1,0,0,0,0,0
ActPlane,3dae89cd06ae,complete,72fc7db3a344a685,8c86a0671a5f2485,15663,15754,91,1084003,2,0,0,0,0,0
ActPlane,3dae89cd06ae,complete,8c86a0671a5f2485,7ce421f7eb5baed4,15754,15769,15,94257,2,1,1,0,0,0
ActPlane,3dae89cd06ae,complete,7ce421f7eb5baed4,64be2853f8380eb5,15769,15770,1,24,1,0,0,0,0,0
ActPlane,3dae89cd06ae,complete,64be2853f8380eb5,5d106ea65981815d,15770,15772,2,35074,2,0,0,0,0,0
ActPlane,3dae89cd06ae,complete,5d106ea65981815d,ecb4c7c872283b57,15772,15774,2,14604,1,0,0,0,0,0
ActPlane,3dae89cd06ae,complete,ecb4c7c872283b57,1a189140932bbbf8,15774,15775,1,44,1,0,0,0,0,0
ActPlane,3dae89cd06ae,complete,1a189140932bbbf8,1148cd8aa2131214,15775,15785,10,45000,2,0,0,0,0,0
ActPlane,3dae89cd06ae,complete,1148cd8aa2131214,63f903d48ead8950,15785,15815,30,211321,2,0,0,0,0,0
ActPlane,3dae89cd06ae,complete,63f903d48ead8950,54a9cd123720a920,15815,15817,2,15955,1,0,0,0,0,0
ActPlane,3dae89cd06ae,complete,54a9cd123720a920,b3992f1c5fa44946,15817,15825,8,73984,2,0,0,0,0,0
ActPlane,3dae89cd06ae,complete,b3992f1c5fa44946,ce1b326d0a892735,15825,15828,3,14033,1,0,0,0,0,0
ActPlane,3dae89cd06ae,complete,ce1b326d0a892735,994b3512446ed81b,15828,15831,3,13606,2,0,0,0,0,0
ActPlane,3dae89cd06ae,complete,994b3512446ed81b,b3f5cc8a8c5a38f7,15831,16063,232,3461279,2,0,0,0,1,0
ActPlane,3dae89cd06ae,complete,b3f5cc8a8c5a38f7,69f96e56de54260c,16063,16064,1,62,1,0,0,0,0,0
ActPlane,3dae89cd06ae,complete,69f96e56de54260c,6a925c76d80272aa,16064,16065,1,1,1,0,0,0,0,0
ActPlane,3dae89cd06ae,complete,6a925c76d80272aa,ab739dc2f2d723fb,16065,16093,28,453435,2,0,0,0,0,0
ActPlane,3dae89cd06ae,complete,ab739dc2f2d723fb,ad9dd66df45c4f0e,16093,16106,13,164153,2,0,0,0,0,0
ActPlane,3dae89cd06ae,complete,ad9dd66df45c4f0e,2cf7931f32059337,16106,16150,44,640469,2,0,0,0,0,0
ActPlane,3dae89cd06ae,complete,2cf7931f32059337,738016f20132f4ab,16150,16151,1,67,1,0,0,0,0,0
ActPlane,3dae89cd06ae,complete,738016f20132f4ab,505c60b9fb087fcc,16151,16163,12,1671995,2,0,0,0,0,0
ActPlane,3dae89cd06ae,complete,505c60b9fb087fcc,27a8412250760d99,16163,16213,50,644513,2,0,0,0,0,0
ActPlane,3dae89cd06ae,complete,27a8412250760d99,f4d0acd46723de5f,16213,16342,129,1466972,2,0,0,0,0,0
ActPlane,3dae89cd06ae,complete,f4d0acd46723de5f,480a518966949bdc,16342,16389,47,672685,2,0,0,0,0,0
ActPlane,3dae89cd06ae,complete,480a518966949bdc,b303d18ae242a531,16389,16451,62,912897,2,0,0,0,0,0
ActPlane,3dae89cd06ae,complete,b303d18ae242a531,6c0a9c73a043aa0c,16451,16458,7,56015,2,0,0,0,0,0
ActPlane,3dae89cd06ae,complete,6c0a9c73a043aa0c,7a336997ab4fdbd8,16458,16500,42,1055377,2,0,0,0,0,0
ActPlane,3dae89cd06ae,complete,7a336997ab4fdbd8,896d40e9d119dc8a,16500,16505,5,87604,2,0,0,1,0,0
ActPlane,3dae89cd06ae,complete,896d40e9d119dc8a,b814cae089bd1ec7,16505,16507,2,29015,2,0,0,0,0,0
ActPlane,3dae89cd06ae,complete,b814cae089bd1ec7,44fecc69b3b5e3d9,16507,16555,48,1266070,2,0,0,0,0,0
ActPlane,3dae89cd06ae,complete,44fecc69b3b5e3d9,bec0ac10a36c932e,16555,16556,1,21580,1,0,0,0,0,0
ActPlane,3dae89cd06ae,complete,bec0ac10a36c932e,4fe91159a518c84f,16556,16557,1,13574,1,0,0,0,0,0
ActPlane,3dae89cd06ae,complete,4fe91159a518c84f,b1c39885495f9640,16557,16560,3,428582,2,0,0,0,0,0
ActPlane,3dae89cd06ae,complete,b1c39885495f9640,a93e8092148293d5,16560,16561,1,95302,1,0,0,0,0,0
ActPlane,3dae89cd06ae,complete,a93e8092148293d5,6fee853131190767,16561,16564,3,46915,1,0,0,0,0,0
ActPlane,3dae89cd06ae,complete,6fee853131190767,90839eca2e61d58c,16564,16591,27,384147,2,0,0,0,0,0
ActPlane,3dae89cd06ae,complete,90839eca2e61d58c,b8fa163f4408ac21,16591,16594,3,37307,1,0,0,0,0,0
ActPlane,3dae89cd06ae,complete,b8fa163f4408ac21,34dc004c5d899623,16594,16625,31,423166,2,0,0,0,0,0
ActPlane,3dae89cd06ae,complete,34dc004c5d899623,4b2718f1d10e6830,16625,16684,59,915952,2,0,0,1,0,0
ActPlane,3dae89cd06ae,complete,4b2718f1d10e6830,b7865a2df9c7a6bc,16684,16685,1,8733,1,0,0,0,0,0
ActPlane,3dae89cd06ae,complete,b7865a2df9c7a6bc,aeae3d7833189bbd,16685,16703,18,333818,2,0,0,0,0,0
ActPlane,3dae89cd06ae,complete,aeae3d7833189bbd,91cc9575be0d18ba,16703,16778,75,1990842,2,0,0,1,0,0
ActPlane,3dae89cd06ae,complete,91cc9575be0d18ba,b692190e3c1d024e,16778,16816,38,505282,2,0,0,0,0,0
ActPlane,3dae89cd06ae,complete,b692190e3c1d024e,f638148bb2fc9c87,16816,16933,117,1198280,2,0,0,1,0,0
ActPlane,3dae89cd06ae,complete,f638148bb2fc9c87,f33ce1875ca42952,16933,16935,2,18873,2,0,0,0,0,0
ActPlane,3dae89cd06ae,complete,f33ce1875ca42952,a346fd906c0765ef,16935,16978,43,627606,2,0,0,0,3,0
ActPlane,3dae89cd06ae,complete,a346fd906c0765ef,23062b188d44a6be,16978,17043,65,999420,2,0,0,0,0,0
ActPlane,3dae89cd06ae,complete,23062b188d44a6be,32bc25e608ad4b37,17043,17100,57,1835785,2,0,0,0,0,0
ActPlane,3dae89cd06ae,complete,32bc25e608ad4b37,821afc1c29fabf75,17100,17172,72,566459,2,0,0,0,0,0
ActPlane,3dae89cd06ae,complete,821afc1c29fabf75,0dcc7eca0ca07574,17172,17256,84,2370789,2,0,0,0,0,0
ActPlane,3dae89cd06ae,complete,0dcc7eca0ca07574,73c8bc48f2668317,17256,17257,1,2,1,0,0,0,0,0
ActPlane,3dae89cd06ae,complete,73c8bc48f2668317,715bd0ee4fa4fdc4,17257,17268,11,249829,2,0,0,0,0,0
ActPlane,3dae89cd06ae,complete,715bd0ee4fa4fdc4,5366b48ee2dda4ed,17268,17271,3,20363,1,0,0,0,0,0
ActPlane,3dae89cd06ae,complete,5366b48ee2dda4ed,ebe6e52b5ca25f74,17271,17274,3,47742,2,0,0,0,0,0
ActPlane,3dae89cd06ae,complete,ebe6e52b5ca25f74,f2fae7d9072bc939,17274,17292,18,97525,2,0,0,0,0,0
ActPlane,3dae89cd06ae,complete,f2fae7d9072bc939,2959242d08537bb8,17292,17305,13,145466,2,0,0,0,0,0
ActPlane,3dae89cd06ae,complete,2959242d08537bb8,e791eb504d7323c6,17305,17309,4,4781,2,0,0,0,0,0
ActPlane,3dae89cd06ae,complete,e791eb504d7323c6,39763c97db56b277,17309,17310,1,3222,1,0,0,0,0,0
ActPlane,3dae89cd06ae,complete,39763c97db56b277,5afbc9e581369c19,17310,17313,3,18972,1,0,0,0,0,0
ActPlane,3dae89cd06ae,complete,5afbc9e581369c19,850739dba4278cf0,17313,17326,13,206565,2,0,0,0,0,0
ActPlane,3dae89cd06ae,complete,850739dba4278cf0,ec6bb4069cbe9227,17326,17334,8,136245,2,0,0,0,0,0
ActPlane,3dae89cd06ae,complete,ec6bb4069cbe9227,0f11a95958b12914,17334,17335,1,4048,1,0,0,0,0,0
ActPlane,3dae89cd06ae,complete,0f11a95958b12914,80d0844aec2fda09,17335,17355,20,269013,2,0,0,0,0,0
ActPlane,3dae89cd06ae,complete,80d0844aec2fda09,4c258d4cf00ee0e8,17355,17459,104,2979824,2,0,0,0,0,0
ActPlane,3dae89cd06ae,complete,4c258d4cf00ee0e8,93129860b8f95602,17459,17686,227,25847929,2,0,0,0,0,0
ActPlane,3dae89cd06ae,complete,93129860b8f95602,697d864c9de214a2,17686,17687,1,15132,1,0,0,0,0,0
ActPlane,3dae89cd06ae,complete,697d864c9de214a2,ba348b68690fa232,17687,18211,524,16447819,1,0,0,0,0,0
ActPlane,3dae89cd06ae,complete,ba348b68690fa232,65552d4937741302,18211,18223,12,1137698,1,0,0,0,0,0
ActPlane,3dae89cd06ae,complete,65552d4937741302,57401db0e18ffae0,18223,18246,23,810966,1,0,0,0,0,0
ActPlane,3dae89cd06ae,complete,57401db0e18ffae0,c15e44fdd4817752,18246,18339,93,2124344,2,0,0,0,0,0
ActPlane,3dae89cd06ae,complete,c15e44fdd4817752,6f1d7c37b195c2e0,18339,18342,3,58336,1,0,0,0,0,0
ActPlane,3dae89cd06ae,complete,6f1d7c37b195c2e0,485172742e541919,18342,18434,92,1052908,2,0,0,0,0,0
ActPlane,3dae89cd06ae,complete,485172742e541919,d8d589ca3a0d26d8,18434,18540,106,1535807,2,0,0,0,0,0
ActPlane,3dae89cd06ae,complete,d8d589ca3a0d26d8,650b914d90f54549,18540,18573,33,263468,2,0,0,0,1,0
ActPlane,3dae89cd06ae,complete,650b914d90f54549,868904b8fbba7af4,18573,18580,7,57608,2,0,0,0,0,0
ActPlane,3dae89cd06ae,complete,868904b8fbba7af4,644e5dd07882b4a0,18580,18582,2,6154,2,0,0,0,0,0
ActPlane,3dae89cd06ae,complete,644e5dd07882b4a0,94711a5fab329d34,18582,18590,8,182514,1,0,0,0,0,0
ActPlane,3dae89cd06ae,complete,94711a5fab329d34,7e84d9c5c039af13,18590,18607,17,299494,2,0,0,0,0,0
ActPlane,3dae89cd06ae,complete,7e84d9c5c039af13,51d64d5a4230e9ca,18607,18632,25,149339,3,0,0,0,0,0
ActPlane,3dae89cd06ae,complete,51d64d5a4230e9ca,b5b47e593831c04a,18632,18664,32,213589,3,0,0,0,0,0
ActPlane,3dae89cd06ae,complete,b5b47e593831c04a,820c8a29a7832387,18664,18985,321,4652226,3,0,0,0,0,0
ActPlane,3dae89cd06ae,complete,820c8a29a7832387,cf5137ecae3ba3ad,18985,18986,1,0,1,0,0,0,0,0
ActPlane,3dae89cd06ae,complete,cf5137ecae3ba3ad,ac57584c0761ac64,18986,19013,27,529412,2,0,0,0,0,0
ActPlane,3dae89cd06ae,complete,ac57584c0761ac64,1555536c8dc935a3,19013,19044,31,531878,2,0,0,0,0,0
ActPlane,3dae89cd06ae,complete,1555536c8dc935a3,c58e344d1697e4e5,19044,19056,12,199220,2,0,0,0,0,0
ActPlane,3dae89cd06ae,complete,c58e344d1697e4e5,450aa371e97dc450,19056,19086,30,607925,3,0,0,0,0,0
ActPlane,3dae89cd06ae,complete,450aa371e97dc450,938faa0bc3156394,19086,19136,50,492825,2,0,0,0,0,0
ActPlane,3dae89cd06ae,complete,938faa0bc3156394,71ba71be565d7205,19136,19195,59,1100071,2,0,0,0,0,0
ActPlane,3dae89cd06ae,complete,71ba71be565d7205,c67d7c639385db8b,19195,19205,10,46117,2,0,0,0,0,0
ActPlane,3dae89cd06ae,complete,c67d7c639385db8b,4f990474608631cc,19205,19209,4,16499,2,0,0,0,0,0
ActPlane,3dae89cd06ae,complete,4f990474608631cc,19747e29fda08922,19209,19211,2,491,1,0,0,0,0,0
ActPlane,3dae89cd06ae,complete,19747e29fda08922,2a62d35af24bfa8f,19211,19238,27,585454,2,0,0,0,0,0
ActPlane,3dae89cd06ae,complete,2a62d35af24bfa8f,4d081adc4c48d806,19238,19265,27,543044,2,0,0,0,0,0
ActPlane,3dae89cd06ae,complete,4d081adc4c48d806,ff05f2d738fbbd12,19265,19377,112,245502,2,0,0,0,0,0
ActPlane,3dae89cd06ae,complete,ff05f2d738fbbd12,0214cb124ff96358,19377,19388,11,46975,2,0,0,0,0,0
ActPlane,3dae89cd06ae,complete,0214cb124ff96358,5679e671b0b378de,19388,19408,20,63552,2,0,0,0,0,0
ActPlane,3dae89cd06ae,complete,5679e671b0b378de,f51b78551238be44,19408,19430,22,28949,2,0,0,0,0,0
ActPlane,3dae89cd06ae,complete,f51b78551238be44,c47d7390d39cb11c,19430,19470,40,144803,2,0,0,0,0,0
ActPlane,3dae89cd06ae,complete,c47d7390d39cb11c,4c8402f962ba9ea9,19470,19549,79,142633,2,0,0,0,0,0
ActPlane,3dae89cd06ae,complete,4c8402f962ba9ea9,8e9165a4fab3a3f9,19549,19570,21,45383,1,0,0,0,0,0
ActPlane,3dae89cd06ae,complete,8e9165a4fab3a3f9,9047cad67652f18a,19570,19571,1,5680,1,0,0,0,0,0
ActPlane,3dae89cd06ae,complete,9047cad67652f18a,f409dc33ddad79ba,19571,19585,14,50928,1,0,0,0,0,0
ActPlane,3dae89cd06ae,complete,f409dc33ddad79ba,f6c0979093946180,19585,19706,121,307189,2,0,0,0,1,0
ActPlane,3dae89cd06ae,complete,f6c0979093946180,8486bba8d156e70c,19706,19711,5,44539,2,0,0,0,0,0
ActPlane,3dae89cd06ae,complete,8486bba8d156e70c,7efa8933442242a6,19711,19716,5,33830,2,0,0,0,0,0
ActPlane,3dae89cd06ae,complete,7efa8933442242a6,63109d8f5f90cba0,19716,19721,5,20192,1,0,0,0,0,0
ActPlane,3dae89cd06ae,complete,63109d8f5f90cba0,ec54a974c3f75b14,19721,19727,6,32219,1,0,0,0,0,0
ActPlane,3dae89cd06ae,complete,ec54a974c3f75b14,896334bdcf7d2082,19727,19728,1,1535,1,0,0,0,0,0
ActPlane,3dae89cd06ae,complete,896334bdcf7d2082,9ef72998f38846e4,19728,19731,3,10424,1,0,0,1,0,0
ActPlane,3dae89cd06ae,complete,9ef72998f38846e4,657f2df9441b2436,19731,19735,4,18588,1,0,0,0,0,0
ActPlane,3dae89cd06ae,complete,657f2df9441b2436,997ffe56ac2cb66e,19735,19743,8,43944,2,0,0,0,0,0
ActPlane,3dae89cd06ae,complete,997ffe56ac2cb66e,fe6427a357662b7c,19743,19746,3,9803,1,0,0,0,0,0
ActPlane,3dae89cd06ae,complete,fe6427a357662b7c,c57d5acf188d1245,19746,19747,1,57,1,0,0,0,0,0
ActPlane,3dae89cd06ae,complete,c57d5acf188d1245,ccbaf81b0f4b36b9,19747,19758,11,110034,2,0,0,0,1,0
ActPlane,3dae89cd06ae,complete,ccbaf81b0f4b36b9,64be1a5eedd9542d,19758,19965,207,258883,2,0,0,0,0,0
ActPlane,3dae89cd06ae,complete,64be1a5eedd9542d,1de500c6f9405cf2,19965,20036,71,280107,2,1,1,0,0,0
ActPlane,3dae89cd06ae,complete,1de500c6f9405cf2,d9fa3a3fc2e8b875,20036,20057,21,179658,2,0,0,0,0,0
ActPlane,3dae89cd06ae,complete,d9fa3a3fc2e8b875,c434573b375ea82d,20057,20061,4,8400,1,0,0,0,0,0
ActPlane,3dae89cd06ae,complete,c434573b375ea82d,20e53dfd5bd8ba8f,20061,20068,7,23906,2,0,0,0,0,0
ActPlane,3dae89cd06ae,complete,20e53dfd5bd8ba8f,bb7b361ade981db1,20068,20077,9,36146,2,0,0,0,0,0
ActPlane,3dae89cd06ae,complete,bb7b361ade981db1,b8d926d54f3c08e6,20077,20079,2,15788,1,0,0,0,0,0
ActPlane,3dae89cd06ae,complete,b8d926d54f3c08e6,4cc342c889c54ae1,20079,20081,2,11732,2,0,0,0,0,0
ActPlane,3dae89cd06ae,complete,4cc342c889c54ae1,a19f070fc8f5e29c,20081,20083,2,23480,1,0,0,0,0,0
ActPlane,3dae89cd06ae,complete,a19f070fc8f5e29c,0b3b5d9ef623edd1,20083,20084,1,15075,1,0,0,0,0,0
ActPlane,3dae89cd06ae,complete,0b3b5d9ef623edd1,fcc08810721b9f7e,20084,20105,21,274022,2,0,0,0,1,0
ActPlane,3dae89cd06ae,complete,fcc08810721b9f7e,02fbd4fc2bef7ef6,20105,20107,2,23557,1,0,0,0,0,0
ActPlane,3dae89cd06ae,complete,02fbd4fc2bef7ef6,932c883e81e46305,20107,20123,16,315428,2,0,0,0,0,0
ActPlane,3dae89cd06ae,complete,932c883e81e46305,b9355a4e8498bdeb,20123,20142,19,608123,2,0,0,0,0,0
ActPlane,3dae89cd06ae,complete,b9355a4e8498bdeb,248e8e85e1f3a819,20142,20144,2,19212,1,0,0,0,0,0
ActPlane,3dae89cd06ae,complete,248e8e85e1f3a819,d1803a4291d7a359,20144,20309,165,4067568,2,0,0,0,0,0
ActPlane,3dae89cd06ae,complete,d1803a4291d7a359,c7ac89b43e1ba9db,20309,20423,114,3472006,2,0,0,0,0,0
ActPlane,3dae89cd06ae,complete,c7ac89b43e1ba9db,79fa5e24e3438c2f,20423,20424,1,9,1,0,0,0,0,0
ActPlane,3dae89cd06ae,complete,79fa5e24e3438c2f,e0f3faee973e5256,20424,20425,1,1,1,0,0,0,0,0
ActPlane,3dae89cd06ae,complete,e0f3faee973e5256,107b6e4b87b8b3bf,20425,20426,1,14279,1,0,0,0,0,0
ActPlane,3dae89cd06ae,complete,107b6e4b87b8b3bf,6464d176bb23b024,20426,20429,3,11936,1,0,0,0,0,0
ActPlane,3dae89cd06ae,complete,6464d176bb23b024,6990ddb8c7713807,20429,20431,2,36639,1,0,0,0,0,0
ActPlane,3dae89cd06ae,complete,6990ddb8c7713807,6427c2eee1ac9a23,20431,20432,1,2,1,0,0,0,0,0
ActPlane,3dae89cd06ae,complete,6427c2eee1ac9a23,f9a5398888a8db68,20432,20437,5,158078,1,0,0,0,0,0
ActPlane,3dae89cd06ae,complete,f9a5398888a8db68,ef279e06f9fb7dcf,20437,20442,5,66642,1,0,0,0,0,0
ActPlane,3dae89cd06ae,complete,ef279e06f9fb7dcf,ca2be7780d0fb628,20442,20443,1,0,1,0,0,0,0,0
ActPlane,3dae89cd06ae,complete,ca2be7780d0fb628,82edf7e451134f1d,20443,20454,11,66395,2,0,0,0,0,0
ActPlane,3dae89cd06ae,complete,82edf7e451134f1d,401728250673608f,20454,20481,27,344439,2,0,0,0,0,0
ActPlane,3dae89cd06ae,complete,401728250673608f,d8600b5639c5a6cd,20481,20642,161,3305593,2,0,0,0,0,0
ActPlane,3dae89cd06ae,complete,d8600b5639c5a6cd,60a796eb08e06a3c,20642,20655,13,151460,2,0,0,0,0,0
ActPlane,3dae89cd06ae,complete,60a796eb08e06a3c,b7471a66ddf4484d,20655,20905,250,5706336,2,0,0,0,0,0
ActPlane,3dae89cd06ae,complete,b7471a66ddf4484d,ca6ca8fb25a0452c,20905,20975,70,1614160,2,0,0,1,0,0
ActPlane,3dae89cd06ae,complete,ca6ca8fb25a0452c,7cb18371bb44a71e,20975,20978,3,12668,1,0,0,0,0,0
ActPlane,3dae89cd06ae,complete,7cb18371bb44a71e,9d64eaa5e7e6ad84,20978,20981,3,22225,2,0,0,0,0,0
ActPlane,3dae89cd06ae,complete,9d64eaa5e7e6ad84,4a5b03de0edc9e18,20981,20991,10,102607,1,0,0,0,0,0
ActPlane,3dae89cd06ae,complete,4a5b03de0edc9e18,342a1ce622e5fe36,20991,21031,40,443466,2,0,0,0,0,0
ActPlane,3dae89cd06ae,complete,342a1ce622e5fe36,bfe1402bc048ce5f,21031,21121,90,985739,2,0,0,0,0,0
ActPlane,3dae89cd06ae,complete,bfe1402bc048ce5f,f22c04d4aeb18d05,21121,21130,9,133517,2,0,0,0,0,0
ActPlane,3dae89cd06ae,complete,f22c04d4aeb18d05,e48fc921a066c5c2,21130,21141,11,195652,2,0,0,0,0,0
ActPlane,3dae89cd06ae,complete,e48fc921a066c5c2,11347bf4bb08f7b8,21141,21161,20,197889,2,0,0,0,0,0
ActPlane,3dae89cd06ae,complete,11347bf4bb08f7b8,99538516a92f6a44,21161,21172,11,193981,2,0,0,0,0,0
ActPlane,3dae89cd06ae,complete,99538516a92f6a44,44445beb58076c62,21172,21182,10,191426,2,0,0,0,0,0
ActPlane,3dae89cd06ae,complete,44445beb58076c62,6a0c6dbada335130,21182,21192,10,193143,2,0,0,0,0,0
ActPlane,3dae89cd06ae,complete,6a0c6dbada335130,4ecb16ceab6befd2,21192,21200,8,195779,2,0,0,0,0,0
ActPlane,3dae89cd06ae,complete,4ecb16ceab6befd2,75c9fbc7061fe3f3,21200,21210,10,178827,2,0,0,0,0,0
ActPlane,3dae89cd06ae,complete,75c9fbc7061fe3f3,d61782f7711c6687,21210,21217,7,140589,2,0,0,0,0,0
ActPlane,3dae89cd06ae,complete,d61782f7711c6687,2b8cbf4ad4cdc7b7,21217,21227,10,191225,2,0,0,0,0,0
ActPlane,3dae89cd06ae,complete,2b8cbf4ad4cdc7b7,b9ed6d0504f8081d,21227,21330,103,1159772,2,0,0,0,1,0
ActPlane,3dae89cd06ae,complete,b9ed6d0504f8081d,f4d49e14042d9b1b,21330,21338,8,46590,1,0,0,0,0,0
ActPlane,3dae89cd06ae,complete,f4d49e14042d9b1b,052e2e120cc2e9c6,21338,21522,184,2309752,2,0,0,0,0,0
ActPlane,3dae89cd06ae,complete,052e2e120cc2e9c6,31dd1f7c49b6b675,21522,21562,40,286481,2,0,0,0,0,0
ActPlane,3dae89cd06ae,complete,31dd1f7c49b6b675,e112fca0f7997fa7,21562,21808,246,1169015,2,0,0,0,2,0
ActPlane,3dae89cd06ae,complete,e112fca0f7997fa7,cb40083dc6cb0efb,21808,22846,1038,10439585,2,0,0,0,0,0
ActPlane,3dae89cd06ae,complete,cb40083dc6cb0efb,2b7ebf28955119a4,22846,22864,18,88097,2,0,0,0,0,0
ActPlane,3dae89cd06ae,complete,2b7ebf28955119a4,90621f8a82af91a7,22864,22945,81,401226,2,0,0,0,0,0
ActPlane,3dae89cd06ae,complete,90621f8a82af91a7,f839d61ffafee8ca,22945,22953,8,29462,2,0,0,0,0,0
ActPlane,3dae89cd06ae,complete,f839d61ffafee8ca,18cd0624942ea365,22953,22986,33,144741,2,0,0,0,0,0
ActPlane,3dae89cd06ae,complete,18cd0624942ea365,2f4c2667468b140f,22986,22988,2,13,1,0,0,0,0,0
ActPlane,3dae89cd06ae,complete,2f4c2667468b140f,34878f74b6c9d3f0,22988,22997,9,56637,2,0,0,0,0,0
ActPlane,3dae89cd06ae,complete,34878f74b6c9d3f0,dd7f522707c35b33,22997,23005,8,42290,2,0,0,0,0,0
ActPlane,3dae89cd06ae,complete,dd7f522707c35b33,6ef98c665e03cc81,23005,23013,8,54222,2,0,0,0,0,0
ActPlane,3dae89cd06ae,complete,6ef98c665e03cc81,048020c9e46a761d,23013,23021,8,45049,2,0,0,0,0,0
ActPlane,3dae89cd06ae,complete,048020c9e46a761d,8f84f73a60a75f16,23021,23036,15,59640,2,0,0,0,0,0
ActPlane,3dae89cd06ae,complete,8f84f73a60a75f16,8abc7d724c4c4d39,23036,23044,8,54461,2,0,0,0,0,0
ActPlane,3dae89cd06ae,complete,8abc7d724c4c4d39,71a6c0feeba56a7d,23044,23052,8,47149,2,0,0,0,0,0
ActPlane,3dae89cd06ae,complete,71a6c0feeba56a7d,6af7e616d5dc1e82,23052,23059,7,45533,2,0,0,0,0,0
ActPlane,3dae89cd06ae,complete,6af7e616d5dc1e82,e90b8635298eca63,23059,23067,8,40512,2,0,0,0,0,0
ActPlane,3dae89cd06ae,complete,e90b8635298eca63,d1b688e0ab65f846,23067,23074,7,43825,2,0,0,0,0,0
ActPlane,3dae89cd06ae,complete,d1b688e0ab65f846,fd453149870765fc,23074,23082,8,52996,2,0,0,0,0,0
ActPlane,3dae89cd06ae,complete,fd453149870765fc,7b89af9598d20daa,23082,23089,7,40253,2,0,0,0,0,0
ActPlane,3dae89cd06ae,complete,7b89af9598d20daa,7fb12641dbac358f,23089,23096,7,39847,2,0,0,0,0,0
ActPlane,3dae89cd06ae,complete,7fb12641dbac358f,e19dac22df540387,23096,23102,6,43885,2,0,0,0,0,0
ActPlane,3dae89cd06ae,complete,e19dac22df540387,498c9a808fd030db,23102,23110,8,39785,2,0,0,0,0,0
ActPlane,3dae89cd06ae,complete,498c9a808fd030db,7c826d5060fbc3bd,23110,23125,15,96231,2,0,0,0,0,0
ActPlane,3dae89cd06ae,complete,7c826d5060fbc3bd,3e4400f0fec8487e,23125,23132,7,41086,2,0,0,0,0,0
ActPlane,3dae89cd06ae,complete,3e4400f0fec8487e,1cf3fa7b43e46e8a,23132,23140,8,42786,2,0,0,0,0,0
ActPlane,3dae89cd06ae,complete,1cf3fa7b43e46e8a,56be0c1eec012ec4,23140,23147,7,44256,2,0,0,0,0,0
ActPlane,3dae89cd06ae,complete,56be0c1eec012ec4,050686aaf26ab8b3,23147,23154,7,44934,2,0,0,0,0,0
ActPlane,3dae89cd06ae,complete,050686aaf26ab8b3,7e4cdc9fe9594499,23154,23158,4,41832,2,0,0,0,0,0
ActPlane,3dae89cd06ae,complete,7e4cdc9fe9594499,9b786d17bae446a2,23158,23165,7,44631,2,0,0,0,0,0
ActPlane,3dae89cd06ae,complete,9b786d17bae446a2,8940f3e754c51bac,23165,23172,7,46613,2,0,0,0,0,0
ActPlane,3dae89cd06ae,complete,8940f3e754c51bac,9a887170c90d0ae9,23172,23177,5,40468,2,0,0,0,0,0
ActPlane,3dae89cd06ae,complete,9a887170c90d0ae9,ba611198a8b554ac,23177,23183,6,43889,2,0,0,0,0,0
ActPlane,3dae89cd06ae,complete,ba611198a8b554ac,5060cb48b70dd2c5,23183,23192,9,28729,2,0,0,0,0,0
ActPlane,3dae89cd06ae,complete,5060cb48b70dd2c5,be79156a5d31efe0,23192,23200,8,41353,2,0,0,0,0,0
ActPlane,3dae89cd06ae,complete,be79156a5d31efe0,0bff7976fe54f84c,23200,23210,10,47156,2,0,0,0,0,0
ActPlane,3dae89cd06ae,complete,0bff7976fe54f84c,7dd6a37e3aab3f9e,23210,23218,8,47551,2,0,0,0,0,0
ActPlane,3dae89cd06ae,complete,7dd6a37e3aab3f9e,48ad0bb806f2db1f,23218,23230,12,73131,2,0,0,0,0,0
ActPlane,3dae89cd06ae,complete,48ad0bb806f2db1f,63db2c92cc806a49,23230,23238,8,72056,2,0,0,0,0,0
ActPlane,3dae89cd06ae,complete,63db2c92cc806a49,8f4a5f107c3210a2,23238,23246,8,15316,2,0,0,0,0,0
ActPlane,3dae89cd06ae,complete,8f4a5f107c3210a2,130741c676d36dbe,23246,23270,24,175283,2,0,0,0,0,0
ActPlane,3dae89cd06ae,complete,130741c676d36dbe,57e389a4ba3e8227,23270,23274,4,45310,2,0,0,0,0,0
ActPlane,3dae89cd06ae,complete,57e389a4ba3e8227,3d48c7e99e06d687,23274,23310,36,188291,2,0,0,0,0,0
ActPlane,3dae89cd06ae,complete,3d48c7e99e06d687,b6ac1a276d58dbbf,23310,23319,9,76042,2,0,0,0,0,0
ActPlane,3dae89cd06ae,complete,b6ac1a276d58dbbf,14e9676b0f58b68b,23319,23332,13,74844,2,0,0,0,0,0
ActPlane,3dae89cd06ae,complete,14e9676b0f58b68b,b71fc9b6c60cc550,23332,23344,12,77524,2,0,0,0,0,0
ActPlane,3dae89cd06ae,complete,b71fc9b6c60cc550,51c3d72b94efa7a4,23344,23349,5,21232,2,0,0,0,0,0
ActPlane,3dae89cd06ae,complete,51c3d72b94efa7a4,27fce6a59b99b779,23349,23365,16,74404,2,0,0,0,0,0
ActPlane,3dae89cd06ae,complete,27fce6a59b99b779,8e857b602d69695b,23365,23419,54,401451,2,0,0,0,0,0
ActPlane,3dae89cd06ae,complete,8e857b602d69695b,63f2de7282387538,23419,23427,8,46549,2,0,0,0,0,0
ActPlane,3dae89cd06ae,complete,63f2de7282387538,a3c1b39d457ec071,23427,23439,12,73670,2,0,0,0,0,0
ActPlane,3dae89cd06ae,complete,a3c1b39d457ec071,5373142a407f9ddb,23439,23440,1,7,1,0,0,0,0,0
ActPlane,3dae89cd06ae,complete,5373142a407f9ddb,484fe0ed761f2318,23440,23662,222,2361973,2,0,0,0,0,0
ActPlane,3dae89cd06ae,complete,484fe0ed761f2318,a4da1a857b751aaf,23662,23671,9,43062,2,0,0,0,0,0
ActPlane,3dae89cd06ae,complete,a4da1a857b751aaf,4369f1c8a9da1929,23671,23677,6,76983,2,0,0,0,0,0
ActPlane,3dae89cd06ae,complete,4369f1c8a9da1929,ed1192798a44df61,23677,23684,7,75328,2,0,0,0,0,0
ActPlane,3dae89cd06ae,complete,ed1192798a44df61,57dd286100adf3ba,23684,23689,5,23824,2,0,0,0,0,0
ActPlane,3dae89cd06ae,complete,57dd286100adf3ba,32a4e2470b58276e,23689,23695,6,76209,2,0,0,0,0,0
ActPlane,3dae89cd06ae,complete,32a4e2470b58276e,3f03210c14c03e77,23695,23994,299,4338472,2,0,0,0,0,0
ActPlane,3dae89cd06ae,complete,3f03210c14c03e77,ae41917e3c95f750,23994,24029,35,497526,3,0,0,0,0,0
ActPlane,3dae89cd06ae,complete,ae41917e3c95f750,0927611e9c9a19c9,24029,24033,4,47853,1,0,0,0,0,0
ActPlane,3dae89cd06ae,complete,0927611e9c9a19c9,358bae8cb00faad6,24033,24039,6,20974,3,0,0,0,0,0
ActPlane,3dae89cd06ae,complete,358bae8cb00faad6,f76388ce3c6d94e3,24039,24043,4,30743,2,0,0,0,0,0
ActPlane,3dae89cd06ae,complete,f76388ce3c6d94e3,ed2a3cdb9a98a1ad,24043,24045,2,23793,1,0,0,0,0,0
ActPlane,3dae89cd06ae,complete,ed2a3cdb9a98a1ad,7c44e22e0049eca2,24045,24046,1,0,1,0,0,0,0,0
ActPlane,3dae89cd06ae,complete,7c44e22e0049eca2,21ad9bc0b45378ca,24046,24048,2,22956,1,0,0,0,0,0
ActPlane,3dae89cd06ae,complete,21ad9bc0b45378ca,b91bbcc29e43ef73,24048,24049,1,0,1,0,0,0,0,0
ActPlane,3dae89cd06ae,complete,b91bbcc29e43ef73,2b70028ea1496938,24049,24053,4,14780,2,0,0,0,0,0
ActPlane,3dae89cd06ae,complete,2b70028ea1496938,0adcb3aa96324b07,24053,24084,31,349638,2,0,0,0,0,0
ActPlane,3dae89cd06ae,complete,0adcb3aa96324b07,1516c960aa0762bf,24084,24118,34,191328,3,0,0,0,0,0
ActPlane,3dae89cd06ae,complete,1516c960aa0762bf,3a7e380012e9f037,24118,24411,293,1214067,4,1,1,0,0,0
ActPlane,3dae89cd06ae,complete,3a7e380012e9f037,cad1ec858b1dc869,24411,24442,31,235299,2,0,0,0,0,0
ActPlane,3dae89cd06ae,complete,cad1ec858b1dc869,252a63ace23d46c0,24442,24462,20,77661,2,0,0,0,0,0
ActPlane,3dae89cd06ae,complete,252a63ace23d46c0,e87f046eecb65691,24462,24464,2,18966,1,0,0,0,0,0
ActPlane,3dae89cd06ae,complete,e87f046eecb65691,360edf404eaabea0,24464,24465,1,3,1,0,0,0,0,0
ActPlane,3dae89cd06ae,complete,360edf404eaabea0,447395035708fb47,24465,24526,61,476231,2,0,0,0,0,0
ActPlane,3dae89cd06ae,complete,447395035708fb47,cfee4ff84bb6331c,24526,24534,8,4280374,1,0,0,0,0,0
ActPlane,3dae89cd06ae,complete,cfee4ff84bb6331c,67f23efd8adf08cf,24534,24599,65,1033482,3,0,0,0,0,0
ActPlane,3dae89cd06ae,complete,67f23efd8adf08cf,549fef73bd63a26d,24599,24611,12,58592,2,0,0,0,0,0
ActPlane,3dae89cd06ae,complete,549fef73bd63a26d,011f65fea071023e,24611,24620,9,46095,2,0,0,0,0,0
ActPlane,3dae89cd06ae,complete,011f65fea071023e,a3d716701bec1423,24620,24634,14,72466,2,0,0,0,0,0
ActPlane,3dae89cd06ae,complete,a3d716701bec1423,9af78afc55bcaa6f,24634,24651,17,75362,2,0,0,0,0,0
ActPlane,3dae89cd06ae,complete,9af78afc55bcaa6f,cf4fbd0a1cdc9682,24651,24667,16,60092,2,0,0,0,0,0
ActPlane,3dae89cd06ae,complete,cf4fbd0a1cdc9682,836e0e4c94ed89ea,24667,24692,25,161192,2,0,0,0,0,0
ActPlane,3dae89cd06ae,complete,836e0e4c94ed89ea,651e2361f9b6e110,24692,24693,1,0,1,0,0,0,0,0
ActPlane,3dae89cd06ae,complete,651e2361f9b6e110,7c836a3b26adf54d,24693,24698,5,10761,2,0,0,0,0,0
ActPlane,3dae89cd06ae,complete,7c836a3b26adf54d,a313402e3a8771a8,24698,24699,1,0,1,0,0,0,0,0
ActPlane,3dae89cd06ae,complete,a313402e3a8771a8,5d4eca2f3cb1796a,24699,24749,50,430218,2,3,3,1,0,0
ActPlane,3dae89cd06ae,complete,5d4eca2f3cb1796a,6a7dd04aa64455a3,24749,25112,363,4566209,4,49,5,0,0,0
ActPlane,3dae89cd06ae,complete,6a7dd04aa64455a3,2c7b2a3e9c1c8ed7,25112,25117,5,26553,1,0,0,0,0,0
ActPlane,3dae89cd06ae,complete,2c7b2a3e9c1c8ed7,1af6a13efa73472f,25117,25558,441,5065685,2,39,6,0,0,0
ActPlane,3dae89cd06ae,complete,1af6a13efa73472f,1325d72dd1a3e4e5,25558,25559,1,17907,1,0,0,0,0,0
ActPlane,3dae89cd06ae,complete,1325d72dd1a3e4e5,7a49d76f0cb0c82c,25559,25568,9,38026,2,0,0,1,0,0
ActPlane,3dae89cd06ae,complete,7a49d76f0cb0c82c,d8dd7be594dae15d,25568,25577,9,175959,2,1,1,0,0,0
ActPlane,3dae89cd06ae,complete,d8dd7be594dae15d,1704bef8483c6f18,25577,25593,16,42557,2,5,3,0,0,0
ActPlane,3dae89cd06ae,complete,1704bef8483c6f18,dab4d94beb88a9e6,25593,25594,1,43,1,0,0,0,0,0
ActPlane,3dae89cd06ae,complete,dab4d94beb88a9e6,6a018ce54d49e40a,25594,25610,16,76430,2,2,2,0,0,0
ActPlane,3dae89cd06ae,complete,6a018ce54d49e40a,c1e4f789bcdf399b,25610,25611,1,16301,1,0,0,0,0,0
ActPlane,3dae89cd06ae,complete,c1e4f789bcdf399b,c03e0e3462cedb3b,25611,25612,1,33,1,0,0,0,0,0
ActPlane,3dae89cd06ae,complete,c03e0e3462cedb3b,d002bb28b4c378ae,25612,25659,47,76694,1,0,0,0,0,0
ActPlane,3dae89cd06ae,complete,d002bb28b4c378ae,435fce19097a71f8,25659,25774,115,177677,2,6,4,0,0,0
ActPlane,3dae89cd06ae,complete,435fce19097a71f8,c8d0f0c45588126b,25774,25775,1,23,1,0,0,0,0,0
ActPlane,3dae89cd06ae,complete,c8d0f0c45588126b,13db6e0d51570df6,25775,25789,14,56217,2,1,1,0,0,0
ActPlane,3dae89cd06ae,complete,13db6e0d51570df6,07ad87f029e14da0,25789,25793,4,30991,1,0,0,0,0,0
ActPlane,3dae89cd06ae,complete,07ad87f029e14da0,b49495811b8988ef,25793,25808,15,35962,1,0,0,0,0,0
ActPlane,3dae89cd06ae,complete,b49495811b8988ef,43f1e754c3064089,25808,25809,1,25,1,0,0,0,0,0
ActPlane,3dae89cd06ae,complete,43f1e754c3064089,ee0606ccad033bba,25809,25817,8,63697,1,0,0,0,0,0
ActPlane,3dae89cd06ae,complete,ee0606ccad033bba,a101974c1092677e,25817,25818,1,15,1,0,0,0,0,0
ActPlane,3dae89cd06ae,complete,a101974c1092677e,d4aa1ca81313f066,25818,25823,5,28848,1,0,0,0,0,0
ActPlane,3dae89cd06ae,complete,d4aa1ca81313f066,46bb370a47f16592,25823,25824,1,33,1,0,0,0,0,0
ActPlane,3dae89cd06ae,complete,46bb370a47f16592,d1ec6b63029b533f,25824,25827,3,59794,1,0,0,0,1,0
ActPlane,3dae89cd06ae,complete,d1ec6b63029b533f,19f684d11eb6de88,25827,25830,3,23601,1,0,0,0,0,0
ActPlane,3dae89cd06ae,complete,19f684d11eb6de88,aa0307c6b5c8f85f,25830,25843,13,56495,2,0,0,0,0,0
ActPlane,3dae89cd06ae,complete,aa0307c6b5c8f85f,b06b5c141b294a82,25843,25844,1,17,1,0,0,0,0,0
ActPlane,3dae89cd06ae,complete,b06b5c141b294a82,9469fd02a3a36ff3,25844,25848,4,83681,2,0,0,0,0,0
ActPlane,3dae89cd06ae,complete,9469fd02a3a36ff3,7558e0ded2264706,25848,25849,1,23951,1,0,0,0,0,0
ActPlane,3dae89cd06ae,complete,7558e0ded2264706,37c1c202a664c517,25849,25895,46,104809,2,25,4,0,0,0
ActPlane,3dae89cd06ae,complete,37c1c202a664c517,e26666ae01469dae,25895,25907,12,24932,2,6,2,0,0,0
ActPlane,3dae89cd06ae,complete,e26666ae01469dae,2a2adeed0dbd2ce5,25907,25951,44,362419,2,14,4,0,0,0
ActPlane,3dae89cd06ae,complete,2a2adeed0dbd2ce5,0fa64d2edb23bb4a,25951,25952,1,91,1,0,0,0,0,0
ActPlane,3dae89cd06ae,complete,0fa64d2edb23bb4a,180eec7eafcffa34,25952,25953,1,22539,1,0,0,0,0,0
ActPlane,3dae89cd06ae,complete,180eec7eafcffa34,1c29aa74ab55e93b,25953,25955,2,9773,1,0,0,0,0,0
ActPlane,3dae89cd06ae,complete,1c29aa74ab55e93b,46fdeba69f31041c,25955,25957,2,204403,1,0,0,0,0,0
ActPlane,3dae89cd06ae,complete,46fdeba69f31041c,ecb715b50f1ccb0e,25957,26031,74,2213214,1,0,0,0,0,0
ActPlane,3dae89cd06ae,complete,ecb715b50f1ccb0e,a377849d0d2f65aa,26031,26034,3,41034,1,0,0,0,0,0
ActPlane,3dae89cd06ae,complete,a377849d0d2f65aa,a2553c295512bbb7,26034,26154,120,4336232,1,0,0,0,0,0
ActPlane,3dae89cd06ae,complete,a2553c295512bbb7,e1a1bb6701c9c199,26154,26159,5,65991,1,0,0,0,0,0
ActPlane,3dae89cd06ae,complete,e1a1bb6701c9c199,dbf13811dd337596,26159,26164,5,29779,1,0,0,0,0,0
ActPlane,3dae89cd06ae,complete,dbf13811dd337596,a27b40777d6f3a4e,26164,26277,113,2162901,1,0,0,0,0,0
ActPlane,3dae89cd06ae,complete,a27b40777d6f3a4e,007c9d8bae515b74,26277,26292,15,72809,1,0,0,0,0,0
ActPlane,3dae89cd06ae,complete,007c9d8bae515b74,ea9418514aade193,26292,26296,4,26068,1,0,0,0,0,0
ActPlane,3dae89cd06ae,complete,ea9418514aade193,8971e4465a9431a2,26296,26304,8,28227,1,0,0,0,0,0
ActPlane,3dae89cd06ae,complete,8971e4465a9431a2,ad902e8b62b40e7a,26304,26323,19,56666,1,0,0,0,0,0
ActPlane,3dae89cd06ae,complete,ad902e8b62b40e7a,6734675e7ca9eb94,26323,26334,11,149251,1,0,0,0,0,0
ActPlane,3dae89cd06ae,complete,6734675e7ca9eb94,4bf1fc596326959c,26334,26545,211,3361447,1,1,1,0,0,0
ActPlane,3dae89cd06ae,complete,4bf1fc596326959c,4dae7305f8732701,26545,26689,144,4848015,1,0,0,0,0,0
ActPlane,3dae89cd06ae,complete,4dae7305f8732701,357bb9957f8e0db8,26689,27171,482,7207922,1,1,1,1,1,0
ActPlane,3dae89cd06ae,complete,357bb9957f8e0db8,4c787fe75f6d7a5f,27171,27176,5,32256,1,0,0,0,0,0
ActPlane,3dae89cd06ae,complete,4c787fe75f6d7a5f,660d8ae0b39f2c14,27176,27179,3,10286,1,0,0,0,0,0
ActPlane,3dae89cd06ae,complete,660d8ae0b39f2c14,7447dc1f64af98af,27179,27180,1,16528,1,0,0,0,0,0
ActPlane,3dae89cd06ae,complete,7447dc1f64af98af,502eaece2e70c8f6,27180,27190,10,96006,1,0,0,0,1,0
ActPlane,3dae89cd06ae,complete,502eaece2e70c8f6,ebd8a49de92db2fb,27190,27478,288,7068537,1,0,0,0,2,0
ActPlane,3dae89cd06ae,complete,ebd8a49de92db2fb,81d3f9a1af22795c,27478,27486,8,95976,1,0,0,0,0,0
ActPlane,3dae89cd06ae,complete,81d3f9a1af22795c,1a1f575db50169cd,27486,27556,70,1419465,1,0,0,0,1,0
ActPlane,3dae89cd06ae,complete,1a1f575db50169cd,38c597a304dcbe95,27556,27561,5,119397,1,0,0,0,1,0
ActPlane,3dae89cd06ae,complete,38c597a304dcbe95,32f036f97e513b19,27561,27562,1,15,1,0,0,0,0,0
ActPlane,3dae89cd06ae,complete,32f036f97e513b19,9648a2e9ac257bbc,27562,27583,21,406388,1,0,0,0,1,0
ActPlane,3dae89cd06ae,complete,9648a2e9ac257bbc,35888bba2a05e55d,27583,27585,2,28,1,0,0,0,0,0
ActPlane,3dae89cd06ae,complete,35888bba2a05e55d,c4125312f8c71f2a,27585,27592,7,84357,1,0,0,0,1,0
ActPlane,3dae89cd06ae,complete,c4125312f8c71f2a,eb3b68fb5719843f,27592,27593,1,1,1,0,0,0,0,0
ActPlane,3dae89cd06ae,complete,eb3b68fb5719843f,b7ae2f0eba8df8db,27593,28529,936,10862403,1,0,0,1,1,0
ActPlane,3dae89cd06ae,complete,b7ae2f0eba8df8db,b3493a6f55bb7e5f,28529,28554,25,17572586,1,0,0,0,0,0
ActPlane,3dae89cd06ae,complete,b3493a6f55bb7e5f,120bda81ad0c5dce,28554,28704,150,2848668,1,0,0,0,0,0
ActPlane,3dae89cd06ae,complete,120bda81ad0c5dce,859dcf6fdc6e1317,28704,28709,5,22739,1,0,0,0,0,0
ActPlane,3dae89cd06ae,complete,859dcf6fdc6e1317,71d9ff868923d81f,28709,29048,339,8073920,1,0,0,0,0,0
ActPlane,3dae89cd06ae,complete,71d9ff868923d81f,9bb99cd4a25e4ffb,29048,29051,3,98177,1,0,0,0,0,0
ActPlane,3dae89cd06ae,complete,9bb99cd4a25e4ffb,55526838f25cae1d,29051,29147,96,2610900,1,0,0,0,1,0
ActPlane,3dae89cd06ae,complete,55526838f25cae1d,6eac1d05f9bec235,29147,29149,2,12149,1,0,0,0,0,0
ActPlane,3dae89cd06ae,complete,6eac1d05f9bec235,93852fa3411b891a,29149,29415,266,7327537,1,2,1,0,0,0
ActPlane,3dae89cd06ae,complete,93852fa3411b891a,f01e6821b08dd1ad,29415,29423,8,173343,1,0,0,0,0,0
ActPlane,3dae89cd06ae,complete,f01e6821b08dd1ad,81b3eff556bf4625,29423,29424,1,19,1,0,0,0,0,0
ActPlane,3dae89cd06ae,complete,81b3eff556bf4625,1cccb6552e5b0ddc,29424,29468,44,1376758,1,0,0,0,0,0
ActPlane,3dae89cd06ae,complete,1cccb6552e5b0ddc,5afb6b82d332915a,29468,29471,3,27850,1,0,0,0,0,0
ActPlane,3dae89cd06ae,complete,5afb6b82d332915a,1d1cb8a94f963d72,29471,29595,124,3662525,1,0,0,0,0,0
ActPlane,3dae89cd06ae,complete,1d1cb8a94f963d72,7054b049eecf0208,29595,29596,1,17586,1,0,0,0,0,0
ActPlane,3dae89cd06ae,complete,7054b049eecf0208,666ae56596779c20,29596,29611,15,784710,1,0,0,0,0,0
ActPlane,3dae89cd06ae,complete,666ae56596779c20,93dd23f5c8a1d69e,29611,29629,18,244644,1,0,0,0,0,0
ActPlane,3dae89cd06ae,complete,93dd23f5c8a1d69e,47a4f1ccdd7c6ad0,29629,29631,2,14198,1,0,0,0,0,0
ActPlane,3dae89cd06ae,complete,47a4f1ccdd7c6ad0,957176bbac63202d,29631,29690,59,2825431,1,0,0,0,1,0
ActPlane,3dae89cd06ae,complete,957176bbac63202d,2e4a59bcc50abc7d,29690,29700,10,205940,1,0,0,0,0,0
ActPlane,3dae89cd06ae,complete,2e4a59bcc50abc7d,6cfdb446c0e8252a,29700,29706,6,130224,1,0,0,0,0,0
ActPlane,3dae89cd06ae,complete,6cfdb446c0e8252a,2b160a14ea96f8f1,29706,29716,10,207293,1,0,0,0,0,0
ActPlane,3dae89cd06ae,complete,2b160a14ea96f8f1,bae491603ed6a8c4,29716,29722,6,103300,1,0,0,0,0,0
ActPlane,3dae89cd06ae,complete,bae491603ed6a8c4,daf5675f377dd16a,29722,29899,177,2116017,1,0,0,1,10,0
ActPlane,3dae89cd06ae,complete,daf5675f377dd16a,bfb544521e7daee3,29899,29994,95,1527996,1,0,0,0,6,0
ActPlane,3dae89cd06ae,complete,bfb544521e7daee3,73e860da26bca66b,29994,30003,9,179704,1,0,0,0,0,0
ActPlane,3dae89cd06ae,complete,73e860da26bca66b,f65ec9e10e202748,30003,30008,5,123357,1,0,0,0,0,0
ActPlane,3dae89cd06ae,complete,f65ec9e10e202748,491c64161fd31f43,30008,30020,12,141346,1,0,0,0,0,0
ActPlane,3dae89cd06ae,complete,491c64161fd31f43,99e6d14697688344,30020,30025,5,115772,1,0,0,0,0,0
ActPlane,3dae89cd06ae,complete,99e6d14697688344,99d5b0b0673d6eaa,30025,30031,6,101198,1,0,0,0,0,0
ActPlane,3dae89cd06ae,complete,99d5b0b0673d6eaa,da737553965397e0,30031,30048,17,274476,1,0,0,0,0,0
ActPlane,3dae89cd06ae,complete,da737553965397e0,01a4b54651928965,30048,30053,5,115030,1,0,0,0,0,0
ActPlane,3dae89cd06ae,complete,01a4b54651928965,69c923d7d8fe1d41,30053,30061,8,184098,1,0,0,0,0,0
ActPlane,3dae89cd06ae,complete,69c923d7d8fe1d41,e3c71f639b292261,30061,30083,22,327013,1,0,0,0,0,0
ActPlane,3dae89cd06ae,complete,e3c71f639b292261,8fd24f9bfa4f3b3f,30083,30089,6,116242,1,0,0,0,0,0
ActPlane,3dae89cd06ae,complete,8fd24f9bfa4f3b3f,0a12bb726f98f1f3,30089,30095,6,129716,1,0,0,0,0,0
ActPlane,3dae89cd06ae,complete,0a12bb726f98f1f3,fb3c58d3fd70c119,30095,30101,6,107371,1,0,0,0,0,0
ActPlane,3dae89cd06ae,complete,fb3c58d3fd70c119,318ceae700d4f0f2,30101,30117,16,271728,1,0,0,0,0,0
ActPlane,3dae89cd06ae,complete,318ceae700d4f0f2,4a03c5bf1f0b526b,30117,30125,8,182674,1,0,0,0,0,0
ActPlane,3dae89cd06ae,complete,4a03c5bf1f0b526b,24fa1b3fe5caa353,30125,30135,10,183362,1,0,0,0,0,0
ActPlane,3dae89cd06ae,complete,24fa1b3fe5caa353,35825616fb928614,30135,30136,1,37,1,0,0,0,0,0
ActPlane,3dae89cd06ae,complete,35825616fb928614,8d95eafdedb28e6e,30136,30153,17,338770,1,0,0,0,0,0
ActPlane,3dae89cd06ae,complete,8d95eafdedb28e6e,067618bb82f46e83,30153,30157,4,97348,1,0,0,0,0,0
ActPlane,3dae89cd06ae,complete,067618bb82f46e83,1cd21dbe87e102fe,30157,30172,15,226007,1,0,0,0,0,0
ActPlane,3dae89cd06ae,complete,1cd21dbe87e102fe,f1482fe439ec46a8,30172,30188,16,277531,1,0,0,0,0,0
ActPlane,3dae89cd06ae,complete,f1482fe439ec46a8,1d647a4302c87e8b,30188,30192,4,96919,1,0,0,0,0,0
ActPlane,3dae89cd06ae,complete,1d647a4302c87e8b,c9b35ca768dfcce5,30192,30208,16,339435,1,0,0,0,0,0
ActPlane,3dae89cd06ae,complete,c9b35ca768dfcce5,a46997c360c4883c,30208,30220,12,197917,1,0,0,0,0,0
ActPlane,3dae89cd06ae,complete,a46997c360c4883c,7b51d46f8b1da73c,30220,30228,8,190739,1,0,0,0,0,0
ActPlane,3dae89cd06ae,complete,7b51d46f8b1da73c,a4a7fba74c6eff3c,30228,30243,15,268170,1,0,0,0,0,0
ActPlane,3dae89cd06ae,complete,a4a7fba74c6eff3c,bb28ed42d069f50c,30243,30263,20,412414,1,0,0,0,0,0
ActPlane,3dae89cd06ae,complete,bb28ed42d069f50c,4527ad4fac6f1cfd,30263,30268,5,83215,1,0,0,0,0,0
ActPlane,3dae89cd06ae,complete,4527ad4fac6f1cfd,b29da8728d93f058,30268,30281,13,230794,1,0,0,0,0,0
ActPlane,3dae89cd06ae,complete,b29da8728d93f058,4e69e7ca7a95a2ce,30281,30298,17,190785,1,0,0,0,0,0
ActPlane,3dae89cd06ae,complete,4e69e7ca7a95a2ce,42a1f31eea78259e,30298,30311,13,203654,1,0,0,0,0,0
ActPlane,3dae89cd06ae,complete,42a1f31eea78259e,5c4af47d826b81f9,30311,30330,19,226777,1,0,0,0,0,0
ActPlane,3dae89cd06ae,complete,5c4af47d826b81f9,bf852c850bc900c6,30330,30336,6,61419,1,0,0,0,0,0
ActPlane,3dae89cd06ae,complete,bf852c850bc900c6,3c6cf2958d0731d4,30336,30341,5,138118,1,0,0,0,0,0
ActPlane,3dae89cd06ae,complete,3c6cf2958d0731d4,4175520051c55248,30341,30347,6,157183,1,0,0,0,0,0
ActPlane,3dae89cd06ae,complete,4175520051c55248,02f50b445b09afa9,30347,30352,5,131396,1,0,0,0,0,0
ActPlane,3dae89cd06ae,complete,02f50b445b09afa9,b4d38d49c012f6d2,30352,30359,7,82263,1,0,0,0,0,0
ActPlane,3dae89cd06ae,complete,b4d38d49c012f6d2,da9417ccbdd7f76d,30359,30365,6,142790,1,0,0,0,0,0
ActPlane,3dae89cd06ae,complete,da9417ccbdd7f76d,fcb907acd70f1c15,30365,30369,4,96807,1,0,0,0,0,0
ActPlane,3dae89cd06ae,complete,fcb907acd70f1c15,4eef4602ed80ed20,30369,30377,8,165689,1,0,0,0,0,0
ActPlane,3dae89cd06ae,complete,4eef4602ed80ed20,cc44c7bd341f78ec,30377,30382,5,110323,1,0,0,0,0,0
ActPlane,3dae89cd06ae,complete,cc44c7bd341f78ec,d7d6d077f62c22c8,30382,30386,4,70380,1,0,0,0,0,0
ActPlane,3dae89cd06ae,complete,d7d6d077f62c22c8,2a2aaa3b66d9b94b,30386,30390,4,86072,1,0,0,0,0,0
ActPlane,3dae89cd06ae,complete,2a2aaa3b66d9b94b,7e5c9e0706c61b69,30390,30395,5,87923,1,0,0,0,0,0
ActPlane,3dae89cd06ae,complete,7e5c9e0706c61b69,b7f1f9c97d7ccb6d,30395,30399,4,88388,1,0,0,0,0,0
ActPlane,3dae89cd06ae,complete,b7f1f9c97d7ccb6d,9dedbd81c629b079,30399,30413,14,205450,1,0,0,0,0,0
ActPlane,3dae89cd06ae,complete,9dedbd81c629b079,7e2b2a2a7cdaf644,30413,30418,5,51530,1,0,0,0,0,0
ActPlane,3dae89cd06ae,complete,7e2b2a2a7cdaf644,b5adc49e28d345e5,30418,30424,6,142379,1,0,0,0,0,0
ActPlane,3dae89cd06ae,complete,b5adc49e28d345e5,b3562989cc2ee969,30424,30430,6,153625,1,0,0,0,0,0
ActPlane,3dae89cd06ae,complete,b3562989cc2ee969,a096f7707c69e288,30430,30434,4,81412,1,0,0,0,0,0
ActPlane,3dae89cd06ae,complete,a096f7707c69e288,eb7c4387c5393e94,30434,30442,8,106275,1,0,0,0,0,0
ActPlane,3dae89cd06ae,complete,eb7c4387c5393e94,b22be409b18c5ed6,30442,30446,4,87536,1,0,0,0,0,0
ActPlane,3dae89cd06ae,complete,b22be409b18c5ed6,dd6a44e591e2537b,30446,30451,5,112603,1,0,0,0,0,0
ActPlane,3dae89cd06ae,complete,dd6a44e591e2537b,720c54e30f06ccf7,30451,30455,4,82834,1,0,0,0,0,0
ActPlane,3dae89cd06ae,complete,720c54e30f06ccf7,d0b522d2d3bf2225,30455,30463,8,113472,1,0,0,0,0,0
ActPlane,3dae89cd06ae,complete,d0b522d2d3bf2225,d68ef167237aee28,30463,30468,5,92646,1,0,0,0,0,0
ActPlane,3dae89cd06ae,complete,d68ef167237aee28,61cae2d63d7ec4c5,30468,30472,4,82036,1,0,0,0,0,0
ActPlane,3dae89cd06ae,complete,61cae2d63d7ec4c5,a820e97633133a66,30472,30480,8,109907,1,0,0,0,0,0
ActPlane,3dae89cd06ae,complete,a820e97633133a66,98f3db8d736ed552,30480,30486,6,105494,1,0,0,0,0,0
ActPlane,3dae89cd06ae,complete,98f3db8d736ed552,3269b47eb00aa5d4,30486,30493,7,93222,1,0,0,0,0,0
ActPlane,3dae89cd06ae,complete,3269b47eb00aa5d4,6ef7ecc34e63f561,30493,30502,9,227850,1,0,0,0,0,0
ActPlane,3dae89cd06ae,complete,6ef7ecc34e63f561,327c77d8cdcb676e,30502,30509,7,92049,1,0,0,0,0,0
ActPlane,3dae89cd06ae,complete,327c77d8cdcb676e,49c83071f1f9d3cb,30509,30513,4,83114,1,0,0,0,0,0
ActPlane,3dae89cd06ae,complete,49c83071f1f9d3cb,b315915614bea1d0,30513,30520,7,89300,1,0,0,0,0,0
ActPlane,3dae89cd06ae,complete,b315915614bea1d0,46044d1448371535,30520,30524,4,68734,1,0,0,0,0,0
ActPlane,3dae89cd06ae,complete,46044d1448371535,a06de109020b79c1,30524,30532,8,95165,1,0,0,0,0,0
ActPlane,3dae89cd06ae,complete,a06de109020b79c1,da34b1d78ea6b7a4,30532,30541,9,167508,1,0,0,0,0,0
ActPlane,3dae89cd06ae,complete,da34b1d78ea6b7a4,c2f9afaffe98fae9,30541,30582,41,560371,1,0,0,0,0,0
ActPlane,3dae89cd06ae,complete,c2f9afaffe98fae9,dd43800cd00d6f78,30582,30583,1,36,1,0,0,0,0,0
ActPlane,3dae89cd06ae,complete,dd43800cd00d6f78,937f58c9f8f7bd2a,30583,30607,24,380292,1,0,0,0,0,0
ActPlane,3dae89cd06ae,complete,937f58c9f8f7bd2a,66cee7cf4a870a31,30607,30617,10,122800,1,0,0,0,0,0
ActPlane,3dae89cd06ae,complete,66cee7cf4a870a31,0457d7f7bd574a38,30617,30621,4,105371,1,0,0,0,0,0
ActPlane,3dae89cd06ae,complete,0457d7f7bd574a38,abaf956c70c423d7,30621,30627,6,122270,1,0,0,0,0,0
ActPlane,3dae89cd06ae,complete,abaf956c70c423d7,e8724109fddcbb1a,30627,30633,6,123780,1,0,0,0,0,0
ActPlane,3dae89cd06ae,complete,e8724109fddcbb1a,694abc46a03a54fa,30633,30635,2,36921,1,0,0,0,0,0
ActPlane,3dae89cd06ae,complete,694abc46a03a54fa,f712308718a6715b,30635,30645,10,180994,1,0,0,0,0,0
ActPlane,3dae89cd06ae,complete,f712308718a6715b,99b28e3f8b0aafb8,30645,30655,10,115530,1,0,0,0,0,0
ActPlane,3dae89cd06ae,complete,99b28e3f8b0aafb8,4bceb92bd1d55c70,30655,30671,16,234700,1,0,0,0,0,0
ActPlane,3dae89cd06ae,complete,4bceb92bd1d55c70,686fd61e3db68a83,30671,30683,12,153387,1,0,0,0,0,0
ActPlane,3dae89cd06ae,complete,686fd61e3db68a83,942368defb56dbba,30683,30695,12,148171,1,0,0,0,0,0
ActPlane,3dae89cd06ae,complete,942368defb56dbba,ed6a9d484b145d6a,30695,30706,11,120531,1,0,0,0,0,0
ActPlane,3dae89cd06ae,complete,ed6a9d484b145d6a,9d58d0af0fa2b6a1,30706,30720,14,249147,1,0,0,0,0,0
ActPlane,3dae89cd06ae,complete,9d58d0af0fa2b6a1,e2a83242ce012a3a,30720,30731,11,145167,1,0,0,0,0,0
ActPlane,3dae89cd06ae,complete,e2a83242ce012a3a,1fb7273c0b726beb,30731,30742,11,150605,1,0,0,0,0,0
ActPlane,3dae89cd06ae,complete,1fb7273c0b726beb,3a57a949dd055384,30742,30755,13,186496,1,0,0,0,0,0
ActPlane,3dae89cd06ae,complete,3a57a949dd055384,26c0158c3affb990,30755,30768,13,168466,1,0,0,0,0,0
ActPlane,3dae89cd06ae,complete,26c0158c3affb990,e86dfaaf621756dc,30768,30905,137,2434214,1,2,2,0,0,0
ActPlane,3dae89cd06ae,complete,e86dfaaf621756dc,6f4f087fd2870282,30905,30914,9,37655,1,0,0,1,0,0
ActPlane,3dae89cd06ae,complete,6f4f087fd2870282,cfe59191e04c3db2,30914,30915,1,111,1,0,0,0,0,0
ActPlane,3dae89cd06ae,complete,cfe59191e04c3db2,2f29086cf6c867ee,30915,30977,62,1238727,1,0,0,0,1,0
ActPlane,3dae89cd06ae,complete,2f29086cf6c867ee,fd1dd8a7bfb16dd6,30977,31051,74,1331376,1,0,0,0,3,0
ActPlane,3dae89cd06ae,complete,fd1dd8a7bfb16dd6,4ee737fbca165173,31051,31067,16,308947,1,0,0,0,0,0
ActPlane,3dae89cd06ae,complete,4ee737fbca165173,ce4547e6eafb8a3c,31067,31068,1,168,1,0,0,0,0,0
ActPlane,3dae89cd06ae,complete,ce4547e6eafb8a3c,951f87f1b5f2a0f3,31068,31078,10,174873,1,0,0,1,0,0
ActPlane,3dae89cd06ae,complete,951f87f1b5f2a0f3,de1557de33181904,31078,31081,3,24171,1,0,0,1,0,0
ActPlane,3dae89cd06ae,complete,de1557de33181904,ba6a36683bf04dda,31081,31084,3,17104,1,0,0,1,0,0
ActPlane,3dae89cd06ae,complete,ba6a36683bf04dda,38d4b787f24514af,31084,31085,1,10938,1,0,0,0,0,0
ActPlane,3dae89cd06ae,complete,38d4b787f24514af,5463ddd2413341db,31085,31093,8,218641,1,0,0,0,0,0
ActPlane,3dae89cd06ae,complete,5463ddd2413341db,4b838baab07c0788,31093,31094,1,26,1,0,0,0,0,0
ActPlane,3dae89cd06ae,complete,4b838baab07c0788,2ecefa84977d7324,31094,31099,5,61383,1,0,0,1,0,0
ActPlane,3dae89cd06ae,complete,2ecefa84977d7324,7209d403f7899a1a,31099,31101,2,14960,1,0,0,0,0,0
ActPlane,3dae89cd06ae,complete,7209d403f7899a1a,3fc0fef48fd5bf21,31101,31102,1,44,1,0,0,0,0,0
ActPlane,3dae89cd06ae,complete,3fc0fef48fd5bf21,8546eb4cd05663a8,31102,31129,27,634530,1,0,0,0,0,0
ActPlane,3dae89cd06ae,complete,8546eb4cd05663a8,b85c508c8af2a6d9,31129,31200,71,1290933,1,0,0,0,0,0
ActPlane,3dae89cd06ae,complete,b85c508c8af2a6d9,76257e8492902d50,31200,31210,10,226611,1,0,0,0,0,0
ActPlane,3dae89cd06ae,complete,76257e8492902d50,6440cc877072edef,31210,31212,2,10990,1,0,0,0,0,0
ActPlane,3dae89cd06ae,complete,6440cc877072edef,6826e7597426e8ac,31212,32448,1236,19994551,1,0,0,2,1,0
ActPlane,3dae89cd06ae,complete,6826e7597426e8ac,e650f2f1c1289e4b,32448,32454,6,62428,1,0,0,0,0,0
ActPlane,3dae89cd06ae,complete,e650f2f1c1289e4b,6ee5505d400a0a29,32454,32457,3,114174,1,0,0,0,0,0
ActPlane,3dae89cd06ae,complete,6ee5505d400a0a29,bdfa2810299e47db,32457,32535,78,1013174,1,0,0,1,2,0
ActPlane,3dae89cd06ae,complete,bdfa2810299e47db,4e1b27c29242382a,32535,32542,7,59116,1,0,0,0,0,0
ActPlane,3dae89cd06ae,complete,4e1b27c29242382a,cb3cdf40e20191f8,32542,32798,256,3939710,1,1,1,0,2,0
ActPlane,3dae89cd06ae,complete,cb3cdf40e20191f8,6d4c56f827e54af9,32798,32913,115,2334454,1,0,0,0,5,0
ActPlane,3dae89cd06ae,complete,6d4c56f827e54af9,0293d4a908b74d3a,32913,33133,220,14186185,1,0,0,0,2,0
ActPlane,3dae89cd06ae,complete,0293d4a908b74d3a,cb16288961303a2f,33133,33166,33,706651,1,0,0,0,0,0
ActPlane,3dae89cd06ae,complete,cb16288961303a2f,c105484a41cdbb60,33166,33303,137,1245917,2,2,2,0,2,0
ActPlane,3dae89cd06ae,complete,c105484a41cdbb60,9c64077359f6fe7b,33303,34245,942,7039644,4,73,11,0,0,0
ActPlane,3dae89cd06ae,complete,9c64077359f6fe7b,071619a474d08643,34245,37249,3004,81389331,7,299,20,0,0,0
ActPlane,3dae89cd06ae,complete,071619a474d08643,272f746a663b6bf3,37249,37250,1,10821,1,0,0,0,0,0
ActPlane,3dae89cd06ae,complete,272f746a663b6bf3,020d29d712a79f73,37250,37251,1,6152,1,0,0,0,0,0
ActPlane,3dae89cd06ae,complete,020d29d712a79f73,926c4a38fd2a2777,37251,37312,61,13866215,2,1,1,0,0,0
ActPlane,3dae89cd06ae,complete,926c4a38fd2a2777,6d878fd5a428ed62,37312,37314,2,15277,1,0,0,0,0,0
ActPlane,3dae89cd06ae,complete,6d878fd5a428ed62,d20ed201679010cb,37314,37316,2,10516,1,0,0,0,0,0
ActPlane,3dae89cd06ae,complete,d20ed201679010cb,cca673df52f911fe,37316,37320,4,38946,1,1,1,0,0,0
ActPlane,3dae89cd06ae,complete,cca673df52f911fe,5d0c70eba633b7ec,37320,37364,44,13116456,1,0,0,0,0,0
ActPlane,3dae89cd06ae,complete,5d0c70eba633b7ec,56c01dcbc14d8f13,37364,37365,1,13005,1,0,0,0,0,0
ActPlane,3dae89cd06ae,complete,56c01dcbc14d8f13,dabc136fd5dc3e73,37365,37371,6,49888,1,0,0,0,0,0
ActPlane,3dae89cd06ae,complete,dabc136fd5dc3e73,9dbd5c5bf286fd40,37371,37372,1,15224,1,0,0,0,0,0
ActPlane,3dae89cd06ae,complete,9dbd5c5bf286fd40,e41cf30d93ce04fe,37372,37373,1,15814,1,0,0,0,0,0
ActPlane,3dae89cd06ae,complete,e41cf30d93ce04fe,2c2dfba44b2ce8b7,37373,37482,109,6207802,2,40,1,0,0,0
ActPlane,3dae89cd06ae,complete,2c2dfba44b2ce8b7,4bc69670c22513d3,37482,38011,529,10231885,3,116,9,1,0,0
ActPlane,3dae89cd06ae,complete,4bc69670c22513d3,cb3e84daacb7cdec,38011,38012,1,15944,1,0,0,0,0,0
ActPlane,3dae89cd06ae,complete,cb3e84daacb7cdec,ddcc3cb2ff05c76d,38012,38167,155,1124226,3,4,3,0,0,0
ActPlane,3dae89cd06ae,complete,ddcc3cb2ff05c76d,8ca6deb41655662a,38167,38224,57,418860,3,1,1,0,0,0
ActPlane,3dae89cd06ae,complete,8ca6deb41655662a,da028f92a74cb9f5,38224,38231,7,43367,2,0,0,0,0,0
ActPlane,3dae89cd06ae,complete,da028f92a74cb9f5,1f0998ef814ab64b,38231,38303,72,548451,4,3,3,0,0,0
ActPlane,3dae89cd06ae,complete,1f0998ef814ab64b,93e6a5f36239dc69,38303,38446,143,1469053,4,16,4,0,0,0
ActPlane,3dae89cd06ae,complete,93e6a5f36239dc69,51d36c1396949079,38446,38474,28,354247,2,4,1,0,0,0
ActPlane,3dae89cd06ae,complete,51d36c1396949079,404c8735a17d277a,38474,38578,104,846065,2,11,1,1,1,0
ActPlane,3dae89cd06ae,complete,404c8735a17d277a,b92c94f4c103eda0,38578,38655,77,463795,2,11,10,0,0,0
ActPlane,3dae89cd06ae,complete,b92c94f4c103eda0,01153955a33697ea,38655,38656,1,16580,1,0,0,0,0,0
ActPlane,3dae89cd06ae,complete,01153955a33697ea,f49a5d4bf68e73ba,38656,38657,1,316,1,0,0,0,0,0
ActPlane,3dae89cd06ae,complete,f49a5d4bf68e73ba,d1b3bb4e9847760c,38657,38671,14,42882,1,0,0,0,0,0
ActPlane,3dae89cd06ae,complete,d1b3bb4e9847760c,7444502656f269de,38671,38748,77,169402,2,0,0,0,0,0
ActPlane,3dae89cd06ae,complete,7444502656f269de,66825099e9a2f1b4,38748,38841,93,402152,2,1,1,0,0,0
ActPlane,3dae89cd06ae,complete,66825099e9a2f1b4,4c0f91c64a35b75d,38841,38856,15,50738,2,0,0,0,0,0
ActPlane,3dae89cd06ae,complete,4c0f91c64a35b75d,ca0de931fb83fba4,38856,38880,24,195648,2,5,3,0,0,0
ActPlane,3dae89cd06ae,complete,ca0de931fb83fba4,41a8e3b705242ae3,38880,38887,7,105018,1,0,0,0,0,0
ActPlane,3dae89cd06ae,complete,41a8e3b705242ae3,b0b20abbed634be8,38887,39096,209,3907156,5,5,1,0,0,0
ActPlane,3dae89cd06ae,complete,b0b20abbed634be8,a96a0e62afbd6db3,39096,39167,71,1033287,2,9,3,0,0,0
ActPlane,3dae89cd06ae,complete,a96a0e62afbd6db3,9e5eb51e3d856dd3,39167,39186,19,210675,1,0,0,0,0,0
ActPlane,3dae89cd06ae,complete,9e5eb51e3d856dd3,bc5845da8e08b8b3,39186,39188,2,58477,1,0,0,0,0,0
ActPlane,3dae89cd06ae,complete,bc5845da8e08b8b3,1ce764d6a226e03a,39188,39194,6,133795,2,0,0,1,0,0
ActPlane,3dae89cd06ae,complete,1ce764d6a226e03a,f6ee6ef423a9785e,39194,39199,5,42547,2,0,0,0,0,0
ActPlane,3dae89cd06ae,complete,f6ee6ef423a9785e,11b6feb384b9c624,39199,39204,5,38919,2,0,0,0,0,0
ActPlane,3dae89cd06ae,complete,11b6feb384b9c624,c5ccc3d87cd29ceb,39204,39209,5,144526,1,0,0,2,0,0
ActPlane,3dae89cd06ae,complete,c5ccc3d87cd29ceb,0e0fd8c03fdfa168,39209,39212,3,150759,2,0,0,0,0,0
ActPlane,3dae89cd06ae,complete,0e0fd8c03fdfa168,dbba3e4dd5c3ec71,39212,39213,1,138230,1,0,0,0,0,0
ActPlane,3dae89cd06ae,complete,dbba3e4dd5c3ec71,803e4f1c99360eb8,39213,39255,42,20152353,2,13,6,1,0,0
ActPlane,3dae89cd06ae,complete,803e4f1c99360eb8,210dd3bed5609f82,39255,39259,4,32357,1,0,0,0,0,0
ActPlane,3dae89cd06ae,complete,210dd3bed5609f82,e09e4b46f8e206fc,39259,39261,2,27929,1,0,0,0,0,0
ActPlane,3dae89cd06ae,complete,e09e4b46f8e206fc,f48cb03d15fd16ef,39261,39262,1,9513,1,0,0,0,0,0
ActPlane,3dae89cd06ae,complete,f48cb03d15fd16ef,032e8ebd12cddbf9,39262,39263,1,561068,1,0,0,0,0,0
ActPlane,3dae89cd06ae,complete,032e8ebd12cddbf9,6dac909b824593b7,39263,39264,1,15039,1,0,0,0,0,0
ActPlane,3dae89cd06ae,complete,6dac909b824593b7,b9c54fbdcb7e852b,39264,39265,1,12681,1,0,0,0,0,0
ActPlane,3dae89cd06ae,complete,b9c54fbdcb7e852b,91572be1e44baaee,39265,39501,236,31390230,5,15,2,0,0,0
ActPlane,3dae89cd06ae,complete,91572be1e44baaee,d3c4b48116802da7,39501,39523,22,426477,1,4,2,1,0,0
ActPlane,3dae89cd06ae,complete,d3c4b48116802da7,202e9d3b22cb1ddd,39523,39543,20,399309,1,4,3,0,0,0
ActPlane,3dae89cd06ae,complete,202e9d3b22cb1ddd,af091dcf0fa56cf4,39543,39842,299,12290658,3,48,5,0,0,0
ActPlane,3dae89cd06ae,complete,af091dcf0fa56cf4,79d01381879a1f0c,39842,39859,17,73587,2,0,0,0,0,0
ActPlane,3dae89cd06ae,complete,79d01381879a1f0c,9d3c3e079bda0c4e,39859,39862,3,9039,2,0,0,0,0,0
ActPlane,3dae89cd06ae,complete,9d3c3e079bda0c4e,3965c3b1cb86f3dd,39862,40006,144,1471883,3,20,6,0,0,0
ActPlane,3dae89cd06ae,complete,3965c3b1cb86f3dd,a9e12d1df353b22a,40006,40095,89,454714,3,19,6,0,0,0
ActPlane,3dae89cd06ae,complete,a9e12d1df353b22a,b3db45d23040ee01,40095,40096,1,13711,1,0,0,0,0,0
ActPlane,3dae89cd06ae,complete,b3db45d23040ee01,d903273b7bbce016,40096,40098,2,10467,1,0,0,0,0,0
ActPlane,3dae89cd06ae,complete,d903273b7bbce016,39f37d11542bf8c4,40098,40116,18,179057,2,8,8,0,0,0
ActPlane,3dae89cd06ae,complete,39f37d11542bf8c4,34bde7b22b3b64f8,40116,40189,73,684235,3,7,5,0,0,0
ActPlane,3dae89cd06ae,complete,34bde7b22b3b64f8,18fafd75bf6d67c3,40189,40190,1,4983,1,0,0,0,0,0
ActPlane,3dae89cd06ae,complete,18fafd75bf6d67c3,df02f1667e8e0da9,40190,40203,13,107146,1,0,0,0,0,0
ActPlane,3dae89cd06ae,complete,df02f1667e8e0da9,eba4ff74044aed4d,40203,40266,63,495804,2,5,1,0,0,0
ActPlane,3dae89cd06ae,complete,eba4ff74044aed4d,033660efad2c380d,40266,40276,10,75122,1,0,0,0,0,0
ActPlane,3dae89cd06ae,complete,033660efad2c380d,4c24010cebb4b61d,40276,40319,43,388134,2,0,0,0,0,0
ActPlane,3dae89cd06ae,complete,4c24010cebb4b61d,d4864a18b4e72098,40319,40652,333,3122169,4,16,2,0,0,0
ActPlane,3dae89cd06ae,complete,d4864a18b4e72098,734d70eaa3eadc9d,40652,40683,31,332752,1,0,0,0,0,0
ActPlane,3dae89cd06ae,complete,734d70eaa3eadc9d,450dfced588562eb,40683,40802,119,34203384,3,0,0,0,0,0
ActPlane,3dae89cd06ae,complete,450dfced588562eb,aa0c0492c738d61d,40802,40856,54,187584,2,2,2,0,0,0
ActPlane,3dae89cd06ae,complete,aa0c0492c738d61d,2764359161de7ac3,40856,40860,4,15505,1,0,0,0,0,0
ActPlane,3dae89cd06ae,complete,2764359161de7ac3,95ff1f93d7c64079,40860,40887,27,165798,2,6,4,0,0,0
ActPlane,3dae89cd06ae,complete,95ff1f93d7c64079,fce799bf47a26a3b,40887,40914,27,120960,2,1,1,0,0,0
ActPlane,3dae89cd06ae,complete,fce799bf47a26a3b,876632f819ab9a14,40914,40916,2,12771,1,0,0,0,0,0
ActPlane,3dae89cd06ae,complete,876632f819ab9a14,708f0e9e2ceb01b3,40916,41181,265,1186482,3,47,5,0,0,0
ActPlane,3dae89cd06ae,complete,708f0e9e2ceb01b3,0bbd23ac772c4109,41181,41301,120,5760656,3,41,6,0,0,0
ActPlane,3dae89cd06ae,complete,0bbd23ac772c4109,694cdca0b061e7e9,41301,41509,208,2432282,2,8,4,0,0,0
ActPlane,3dae89cd06ae,complete,694cdca0b061e7e9,b0aff066b3b5fcf1,41509,41637,128,2417364,2,8,1,0,0,0
ActPlane,3dae89cd06ae,complete,b0aff066b3b5fcf1,f30fe7a2c689f70d,41637,42037,400,4870259,3,17,5,0,0,0
ActPlane,3dae89cd06ae,complete,f30fe7a2c689f70d,3604ba234571b096,42037,42367,330,8499070,2,14,5,0,0,0
ActPlane,3dae89cd06ae,complete,3604ba234571b096,6acf4f2c2a4de422,42367,42387,20,803341,2,1,1,0,0,0
ActPlane,3dae89cd06ae,complete,6acf4f2c2a4de422,b926236df5aee652,42387,42388,1,30810,1,0,0,0,0,0
ActPlane,3dae89cd06ae,complete,b926236df5aee652,9909c06b22bc6666,42388,42707,319,14570395,2,51,8,1,0,0
ActPlane,3dae89cd06ae,complete,9909c06b22bc6666,5202d35e20edb033,42707,42708,1,6953,1,0,0,0,0,0
ActPlane,3dae89cd06ae,complete,5202d35e20edb033,9d4257368e938aad,42708,42712,4,11196,1,0,0,0,0,0
ActPlane,3dae89cd06ae,complete,9d4257368e938aad,b619714204d498b7,42712,42719,7,561067,1,0,0,0,0,0
ActPlane,3dae89cd06ae,complete,b619714204d498b7,d0953f0e8f896d95,42719,42734,15,1224372,2,4,1,0,0,0
ActPlane,3dae89cd06ae,complete,d0953f0e8f896d95,3bb7da18f3621e73,42734,42735,1,35139,1,0,0,0,0,0
ActPlane,3dae89cd06ae,complete,3bb7da18f3621e73,af68859f42eebbee,42735,44498,1763,177114650,7,391,15,1,0,0
ActPlane,3dae89cd06ae,complete,af68859f42eebbee,1fdab9d3a1e1eeed,44498,44499,1,8166,1,0,0,0,0,0
ActPlane,3dae89cd06ae,complete,1fdab9d3a1e1eeed,dc2a7e0dd99c567a,44499,44514,15,129073,1,0,0,0,0,0
ActPlane,3dae89cd06ae,complete,dc2a7e0dd99c567a,e143aa0d79f5bcb2,44514,44567,53,1803887,1,0,0,1,0,0
ActPlane,3dae89cd06ae,complete,e143aa0d79f5bcb2,f855c376b549ca21,44567,44571,4,18688,1,0,0,0,0,0
ActPlane,3dae89cd06ae,complete,f855c376b549ca21,646c74a27ba63746,44571,44572,1,22,1,0,0,0,0,0
ActPlane,3dae89cd06ae,complete,646c74a27ba63746,9b7bd7207d8b7f11,44572,44598,26,253543,1,0,0,0,0,0
ActPlane,3dae89cd06ae,complete,9b7bd7207d8b7f11,9897710c2ed6a420,44598,44599,1,0,1,0,0,0,0,0
ActPlane,3dae89cd06ae,complete,9897710c2ed6a420,f170f6bfbd09c18c,44599,44600,1,45,1,0,0,0,0,0
ActPlane,3dae89cd06ae,complete,f170f6bfbd09c18c,78148a2ec455f582,44600,44615,15,107333,1,0,0,0,0,0
ActPlane,3dae89cd06ae,complete,78148a2ec455f582,6b3b8a86aa68fb8e,44615,44616,1,26,1,0,0,0,0,0
ActPlane,3dae89cd06ae,complete,6b3b8a86aa68fb8e,b514a0513b6ac33a,44616,44621,5,34230,1,0,0,0,0,0
ActPlane,3dae89cd06ae,complete,b514a0513b6ac33a,e42056c8bd3e74f3,44621,44659,38,380124,1,0,0,0,0,0
ActPlane,3dae89cd06ae,complete,e42056c8bd3e74f3,ff5a8d28afdda0ec,44659,44660,1,47,1,0,0,0,0,0
ActPlane,3dae89cd06ae,complete,ff5a8d28afdda0ec,43393c056ba558bb,44660,44665,5,48709,1,0,0,0,0,0
ActPlane,3dae89cd06ae,complete,43393c056ba558bb,9026e0d75a854e25,44665,44675,10,80804,1,0,0,0,0,0
ActPlane,3dae89cd06ae,complete,9026e0d75a854e25,99123079a366dafd,44675,44676,1,0,1,0,0,0,0,0
ActPlane,3dae89cd06ae,complete,99123079a366dafd,f9fa2943f854b574,44676,44677,1,40,1,0,0,0,0,0
ActPlane,3dae89cd06ae,complete,f9fa2943f854b574,a90c0e22a1767e3b,44677,44714,37,477005,1,0,0,0,0,0
ActPlane,3dae89cd06ae,complete,a90c0e22a1767e3b,f619887389d92eed,44714,44719,5,59355,1,0,0,0,0,0
ActPlane,3dae89cd06ae,complete,f619887389d92eed,c839d09368bf01c5,44719,44727,8,45442,1,0,0,0,0,0
ActPlane,3dae89cd06ae,complete,c839d09368bf01c5,9fafa5fe32a94248,44727,44728,1,0,1,0,0,0,0,0
ActPlane,3dae89cd06ae,complete,9fafa5fe32a94248,8e3385c5e5414017,44728,44729,1,33,1,0,0,0,0,0
ActPlane,3dae89cd06ae,complete,8e3385c5e5414017,a86e78ae81c3321e,44729,44734,5,50506,1,0,0,0,0,0
ActPlane,3dae89cd06ae,complete,a86e78ae81c3321e,5ca3764cfa1f271d,44734,44735,1,0,1,0,0,0,0,0
ActPlane,3dae89cd06ae,complete,5ca3764cfa1f271d,37b58619e4c0e7ef,44735,44736,1,41,1,0,0,0,0,0
ActPlane,3dae89cd06ae,complete,37b58619e4c0e7ef,3056b3b797a292bd,44736,44755,19,170574,1,0,0,0,0,0
ActPlane,3dae89cd06ae,complete,3056b3b797a292bd,d1daec95c253d8e8,44755,44759,4,49531,1,0,0,0,0,0
ActPlane,3dae89cd06ae,complete,d1daec95c253d8e8,771951e5abe993ec,44759,44766,7,32271,1,0,0,0,0,0
ActPlane,3dae89cd06ae,complete,771951e5abe993ec,131acc529c1525ea,44766,44767,1,42,1,0,0,0,0,0
ActPlane,3dae89cd06ae,complete,131acc529c1525ea,808c1d017e4ad70d,44767,44768,1,1,1,0,0,0,0,0
ActPlane,3dae89cd06ae,complete,808c1d017e4ad70d,21ae2588a6dc12a9,44768,44848,80,946974,1,0,0,1,0,0
ActPlane,3dae89cd06ae,complete,21ae2588a6dc12a9,1e98f92d094edd5c,44848,44853,5,38636,1,0,0,0,0,0
ActPlane,3dae89cd06ae,complete,1e98f92d094edd5c,15ba398d188134d2,44853,44858,5,33821,1,0,0,0,0,0
ActPlane,3dae89cd06ae,complete,15ba398d188134d2,193fba7680f31b40,44858,44862,4,45425,1,0,0,0,0,0
ActPlane,3dae89cd06ae,complete,193fba7680f31b40,ca13e75488ee2c5a,44862,44867,5,53062,1,0,0,0,0,0
ActPlane,3dae89cd06ae,complete,ca13e75488ee2c5a,537f0c4b488e2c5f,44867,44872,5,46187,1,0,0,0,0,0
ActPlane,3dae89cd06ae,complete,537f0c4b488e2c5f,db4a37fd7c481240,44872,44876,4,41163,1,0,0,0,0,0
ActPlane,3dae89cd06ae,complete,db4a37fd7c481240,ff2df31e7ce98d8c,44876,44890,14,117491,1,0,0,0,0,0
ActPlane,3dae89cd06ae,complete,ff2df31e7ce98d8c,1d5e7ca44e629cf9,44890,44945,55,5470021,1,0,0,1,0,0
ActPlane,3dae89cd06ae,complete,1d5e7ca44e629cf9,767d6c14c75b9570,44945,44952,7,38537,1,0,0,0,0,0
ActPlane,3dae89cd06ae,complete,767d6c14c75b9570,cdf8cae896f0015b,44952,44970,18,22504890,1,0,0,0,0,0
ActPlane,3dae89cd06ae,complete,cdf8cae896f0015b,70963ec6096240db,44970,44971,1,6925,1,0,0,0,0,0
ActPlane,3dae89cd06ae,complete,70963ec6096240db,ed7eb3f3d4326880,44971,44973,2,11171,1,0,0,1,0,0
ActPlane,3dae89cd06ae,complete,ed7eb3f3d4326880,bca183aa333010fb,44973,44998,25,182976,1,0,0,0,0,0
ActPlane,3dae89cd06ae,complete,bca183aa333010fb,7e51bd9c63388922,44998,45004,6,61188,1,0,0,0,0,0
ActPlane,3dae89cd06ae,complete,7e51bd9c63388922,f0e61e16b9826bda,45004,45011,7,50231,1,0,0,0,0,0
ActPlane,3dae89cd06ae,complete,f0e61e16b9826bda,23daed5966969152,45011,45016,5,22794,1,0,0,0,0,0
ActPlane,3dae89cd06ae,complete,23daed5966969152,20b062aabe7cf3aa,45016,45056,40,418192,1,0,0,0,0,0
ActPlane,3dae89cd06ae,complete,20b062aabe7cf3aa,b31b73ef7dd1129d,45056,45083,27,204593,1,0,0,0,0,0
ActPlane,3dae89cd06ae,complete,b31b73ef7dd1129d,2b180115bef7284b,45083,45084,1,15237,1,0,0,0,0,0
ActPlane,3dae89cd06ae,complete,2b180115bef7284b,e687aa9f3ad1ea92,45084,45085,1,5,1,0,0,0,0,0
ActPlane,3dae89cd06ae,complete,e687aa9f3ad1ea92,15afeb0d2e563a63,45085,45133,48,431124,1,0,0,0,0,0
ActPlane,3dae89cd06ae,complete,15afeb0d2e563a63,e3e2ad827d0533e5,45133,45139,6,34320,1,0,0,0,0,0
ActPlane,3dae89cd06ae,complete,e3e2ad827d0533e5,bb6902e53c007884,45139,45144,5,35726,1,0,0,0,0,0
ActPlane,3dae89cd06ae,complete,bb6902e53c007884,c115665375b500f4,45144,45145,1,71,1,0,0,0,0,0
ActPlane,3dae89cd06ae,complete,c115665375b500f4,ff5931af5b038813,45145,45156,11,73124,1,0,0,0,0,0
ActPlane,3dae89cd06ae,complete,ff5931af5b038813,77db6ce6d244798d,45156,45157,1,0,1,0,0,0,0,0
ActPlane,3dae89cd06ae,complete,77db6ce6d244798d,97de94f2667195bd,45157,45159,2,43,1,0,0,0,0,0
ActPlane,3dae89cd06ae,complete,97de94f2667195bd,0a3149ad2d1bbc0e,45159,45187,28,206681,1,0,0,1,0,0
ActPlane,3dae89cd06ae,complete,0a3149ad2d1bbc0e,ddb579b867f4a9e7,45187,45188,1,38,1,0,0,0,0,0
ActPlane,3dae89cd06ae,complete,ddb579b867f4a9e7,cfdf005b1879726b,45188,45192,4,36875,1,0,0,0,0,0
ActPlane,3dae89cd06ae,complete,cfdf005b1879726b,340b1ab5565788d9,45192,45193,1,77,1,0,0,0,0,0
ActPlane,3dae89cd06ae,complete,340b1ab5565788d9,e420b90987819fd0,45193,45200,7,97953,1,0,0,0,0,0
ActPlane,3dae89cd06ae,complete,e420b90987819fd0,501659b6a594ea38,45200,45201,1,0,1,0,0,0,0,0
ActPlane,3dae89cd06ae,complete,501659b6a594ea38,cbe695cb3a8d463e,45201,45203,2,50,1,0,0,0,0,0
ActPlane,3dae89cd06ae,complete,cbe695cb3a8d463e,cd89c65f27fc7c41,45203,45231,28,200345,1,0,0,0,0,0
ActPlane,3dae89cd06ae,complete,cd89c65f27fc7c41,ef75a79ea248b1c4,45231,45237,6,40702,1,0,0,0,0,0
ActPlane,3dae89cd06ae,complete,ef75a79ea248b1c4,44cf281560f92289,45237,45238,1,0,1,0,0,0,0,0
ActPlane,3dae89cd06ae,complete,44cf281560f92289,71b1a1ad8755c7a8,45238,45240,2,37,1,0,0,0,0,0
ActPlane,3dae89cd06ae,complete,71b1a1ad8755c7a8,074ffda75c53ea81,45240,45258,18,163657,1,0,0,0,0,0
ActPlane,3dae89cd06ae,complete,074ffda75c53ea81,7d9854d93e3409c9,45258,45260,2,24270,1,0,0,0,0,0
ActPlane,3dae89cd06ae,complete,7d9854d93e3409c9,318666ff56cbad4a,45260,45261,1,29,1,0,0,0,0,0
ActPlane,3dae89cd06ae,complete,318666ff56cbad4a,bd12992f4ca3dc74,45261,45269,8,74631,1,0,0,0,0,0
ActPlane,3dae89cd06ae,complete,bd12992f4ca3dc74,11093c4af7e32987,45269,45270,1,0,1,0,0,0,0,0
ActPlane,3dae89cd06ae,complete,11093c4af7e32987,4d519ca48aafd00c,45270,45272,2,112,1,0,0,0,0,0
ActPlane,3dae89cd06ae,complete,4d519ca48aafd00c,f56687525101cf0f,45272,45320,48,6126945,1,0,0,2,0,0
ActPlane,3dae89cd06ae,complete,f56687525101cf0f,33b93bc5916d9476,45320,45337,17,73789,1,0,0,0,0,0
ActPlane,3dae89cd06ae,complete,33b93bc5916d9476,fb25b80ae08d9abd,45337,45338,1,8,1,0,0,0,0,0
ActPlane,3dae89cd06ae,complete,fb25b80ae08d9abd,ef7f154e8c8e92c2,45338,45340,2,43,1,0,0,0,0,0
ActPlane,3dae89cd06ae,complete,ef7f154e8c8e92c2,a288db44ae590a77,45340,45360,20,188020,1,0,0,1,0,0
ActPlane,3dae89cd06ae,complete,a288db44ae590a77,fa2c0abef2528c1f,45360,45364,4,46183,1,0,0,0,0,0
ActPlane,3dae89cd06ae,complete,fa2c0abef2528c1f,0ffd786817f1b447,45364,45365,1,15,1,0,0,0,0,0
ActPlane,3dae89cd06ae,complete,0ffd786817f1b447,254f4ca88008404b,45365,45367,2,47,1,0,0,0,0,0
ActPlane,3dae89cd06ae,complete,254f4ca88008404b,2fa9c7ce98d0dbab,45367,45376,9,61439,1,0,0,0,0,0
ActPlane,3dae89cd06ae,complete,2fa9c7ce98d0dbab,6a94afb6159820ff,45376,45377,1,0,1,0,0,0,0,0
ActPlane,3dae89cd06ae,complete,6a94afb6159820ff,774791e615faa8c2,45377,45403,26,266984,1,0,0,0,0,0
ActPlane,3dae89cd06ae,complete,774791e615faa8c2,ef6a76fe839eb79c,45403,45406,3,51,1,0,0,0,0,0
ActPlane,3dae89cd06ae,complete,ef6a76fe839eb79c,3f0f738cf6922f52,45406,45413,7,107915,1,0,0,0,0,0
ActPlane,3dae89cd06ae,complete,3f0f738cf6922f52,205cd2ba73eaecac,45413,45415,2,59,1,0,0,0,0,0
ActPlane,3dae89cd06ae,complete,205cd2ba73eaecac,e756620859b6e05c,45415,45455,40,197353,1,0,0,0,0,0
ActPlane,3dae89cd06ae,complete,e756620859b6e05c,581b9c61e6a7014c,45455,45456,1,35,1,0,0,0,0,0
ActPlane,3dae89cd06ae,complete,581b9c61e6a7014c,c28c692e44a7a7ee,45456,45458,2,63,1,0,0,0,0,0
ActPlane,3dae89cd06ae,complete,c28c692e44a7a7ee,137e9c9ee77bc8e6,45458,45492,34,286115,1,0,0,1,0,0
ActPlane,3dae89cd06ae,complete,137e9c9ee77bc8e6,62703d85ff6c4625,45492,45495,3,20042,1,0,0,0,0,0
ActPlane,3dae89cd06ae,complete,62703d85ff6c4625,dc11566c954acfcf,45495,45515,20,141993,1,0,0,0,0,0
ActPlane,3dae89cd06ae,complete,dc11566c954acfcf,0d58e2daff333e98,45515,45516,1,3,1,0,0,0,0,0
ActPlane,3dae89cd06ae,complete,0d58e2daff333e98,55a373ffeb22a570,45516,45518,2,38,1,0,0,0,0,0
ActPlane,3dae89cd06ae,complete,55a373ffeb22a570,57887c3a1dd06851,45518,45520,2,23941,1,0,0,0,0,0
ActPlane,3dae89cd06ae,complete,57887c3a1dd06851,88cbcfab2668a478,45520,45559,39,341838,1,0,0,1,1,0
ActPlane,3dae89cd06ae,complete,88cbcfab2668a478,a42f89c54a6c1aac,45559,45564,5,75181,1,0,0,0,0,0
ActPlane,3dae89cd06ae,complete,a42f89c54a6c1aac,e940f1d11befc025,45564,45565,1,31,1,0,0,0,0,0
ActPlane,3dae89cd06ae,complete,e940f1d11befc025,dea8aead6196a0b7,45565,45568,3,43369,1,0,0,0,0,0
ActPlane,3dae89cd06ae,complete,dea8aead6196a0b7,c73081679ce083a0,45568,45594,26,243805,1,0,0,2,1,0
ActPlane,3dae89cd06ae,complete,c73081679ce083a0,2bb518d541d2b9eb,45594,45600,6,30292,1,0,0,0,1,0
ActPlane,3dae89cd06ae,complete,2bb518d541d2b9eb,cf4309b77375b35e,45600,45615,15,135656,1,0,0,0,0,0
ActPlane,3dae89cd06ae,complete,cf4309b77375b35e,d8fe1908c939a826,45615,45623,8,119402,1,0,0,0,0,0
ActPlane,3dae89cd06ae,complete,d8fe1908c939a826,f3cac844a10086fd,45623,45628,5,18325,1,0,0,1,0,0
ActPlane,3dae89cd06ae,complete,f3cac844a10086fd,32488a9ba3351899,45628,45636,8,40957,1,0,0,1,0,0
ActPlane,3dae89cd06ae,complete,32488a9ba3351899,5910f69281445e41,45636,45662,26,282773,1,0,0,2,0,0
ActPlane,3dae89cd06ae,complete,5910f69281445e41,c9893096267ffec5,45662,45678,16,214298,1,0,0,0,1,0
ActPlane,3dae89cd06ae,complete,c9893096267ffec5,fdc83696c2b2c0ee,45678,45679,1,31,1,0,0,0,0,0
ActPlane,3dae89cd06ae,complete,fdc83696c2b2c0ee,a7e39517eea2dd00,45679,45680,1,62,1,0,0,0,0,0
ActPlane,3dae89cd06ae,complete,a7e39517eea2dd00,27c6551cf11634d2,45680,45697,17,177183,1,0,0,0,0,0
ActPlane,3dae89cd06ae,complete,27c6551cf11634d2,8f3e42c17c12ae23,45697,45701,4,87503,1,0,0,0,0,0
ActPlane,3dae89cd06ae,complete,8f3e42c17c12ae23,a88c80fa5b55a9c4,45701,45708,7,75910,1,0,0,2,0,0
ActPlane,3dae89cd06ae,complete,a88c80fa5b55a9c4,5562e2b2cacd4c81,45708,45709,1,175,1,0,0,0,0,0
ActPlane,3dae89cd06ae,complete,5562e2b2cacd4c81,1d639f7bb20f9be5,45709,45712,3,58192,1,0,0,1,0,0
ActPlane,3dae89cd06ae,complete,1d639f7bb20f9be5,d29b64fc42d596d8,45712,45719,7,58087,1,0,0,0,0,0
ActPlane,3dae89cd06ae,complete,d29b64fc42d596d8,6e107e46440e9a64,45719,45721,2,69,1,0,0,1,0,0
ActPlane,3dae89cd06ae,complete,6e107e46440e9a64,50f8f392b9e40ed7,45721,45723,2,27695,1,0,0,0,0,0
ActPlane,3dae89cd06ae,complete,50f8f392b9e40ed7,3b4bc50e19511da4,45723,45725,2,20759,1,0,0,0,0,0
ActPlane,3dae89cd06ae,complete,3b4bc50e19511da4,114837e9ca148796,45725,45726,1,4217,1,0,0,0,0,0
ActPlane,3dae89cd06ae,complete,114837e9ca148796,2fa527e1341ca31e,45726,45727,1,11650,1,0,0,0,0,0
ActPlane,3dae89cd06ae,complete,2fa527e1341ca31e,014e59cfcb0699e1,45727,45755,28,210020,1,0,0,1,0,0
ActPlane,3dae89cd06ae,complete,014e59cfcb0699e1,b088afbdb1326f9d,45755,45775,20,139408,1,0,0,1,0,0
ActPlane,3dae89cd06ae,complete,b088afbdb1326f9d,467ff2e5e4137f5b,45775,45776,1,186,1,0,0,0,0,0
ActPlane,3dae89cd06ae,complete,467ff2e5e4137f5b,607bd26401a1e50f,45776,45777,1,6545,1,0,0,0,0,0
ActPlane,3dae89cd06ae,complete,607bd26401a1e50f,62ad7386727373c7,45777,45784,7,41102,1,0,0,0,0,0
ActPlane,3dae89cd06ae,complete,62ad7386727373c7,f73ad5a6ca8accbd,45784,45785,1,1,1,0,0,0,0,0
ActPlane,3dae89cd06ae,complete,f73ad5a6ca8accbd,d8b7354d38c47032,45785,45786,1,26,1,0,0,0,0,0
ActPlane,3dae89cd06ae,complete,d8b7354d38c47032,2ad0158b1d8c0219,45786,45788,2,11330,1,0,0,0,0,0
ActPlane,3dae89cd06ae,complete,2ad0158b1d8c0219,9bc168a02d8619c7,45788,45799,11,45095,1,0,0,0,0,0
ActPlane,3dae89cd06ae,complete,9bc168a02d8619c7,1c14502052afdd3f,45799,45800,1,0,1,0,0,0,0,0
ActPlane,3dae89cd06ae,complete,1c14502052afdd3f,1dfee75bdd2ddd05,45800,45801,1,136,1,0,0,0,0,0
ActPlane,3dae89cd06ae,complete,1dfee75bdd2ddd05,a6bb593362b5e455,45801,45802,1,7901,1,0,0,0,0,0
ActPlane,3dae89cd06ae,complete,a6bb593362b5e455,9be8ca18667d68a7,45802,45803,1,98,1,0,0,0,0,0
ActPlane,3dae89cd06ae,complete,9be8ca18667d68a7,086158b97dddaaa6,45803,45830,27,227350,1,0,0,0,0,0
ActPlane,3dae89cd06ae,complete,086158b97dddaaa6,72ce0bb1ad693f79,45830,45832,2,5716,1,0,0,1,0,0
ActPlane,3dae89cd06ae,complete,72ce0bb1ad693f79,328c3f2ba4c45946,45832,45833,1,35,1,0,0,0,0,0
ActPlane,3dae89cd06ae,complete,328c3f2ba4c45946,760b66defa70aac1,45833,45835,2,12723,1,0,0,0,0,0
ActPlane,3dae89cd06ae,complete,760b66defa70aac1,45205600ac4b7326,45835,45836,1,0,1,0,0,0,0,0
ActPlane,3dae89cd06ae,complete,45205600ac4b7326,c09447a91d19c0c3,45836,45837,1,40,1,0,0,0,0,0
ActPlane,3dae89cd06ae,complete,c09447a91d19c0c3,0609bb9ed6940a40,45837,45843,6,84523,1,0,0,0,0,0
ActPlane,3dae89cd06ae,complete,0609bb9ed6940a40,ccbb6458376453b4,45843,45844,1,57,1,0,0,0,0,0
ActPlane,3dae89cd06ae,complete,ccbb6458376453b4,421d44f25a44d3bc,45844,45851,7,58968,1,0,0,0,0,0
ActPlane,3dae89cd06ae,complete,421d44f25a44d3bc,9bb8a4d4658c10b2,45851,45852,1,1,1,0,0,0,0,0
ActPlane,3dae89cd06ae,complete,9bb8a4d4658c10b2,b46f77671fef30a6,45852,45853,1,33,1,0,0,0,0,0
ActPlane,3dae89cd06ae,complete,b46f77671fef30a6,ef845aa031df3e53,45853,45865,12,89864,1,0,0,0,0,0
ActPlane,3dae89cd06ae,complete,ef845aa031df3e53,45727e2d78495926,45865,45866,1,7,1,0,0,0,0,0
ActPlane,3dae89cd06ae,complete,45727e2d78495926,5ed1ec58909168a0,45866,45867,1,0,1,0,0,0,0,0
ActPlane,3dae89cd06ae,complete,5ed1ec58909168a0,6a90298535c61c04,45867,45868,1,49,1,0,0,0,0,0
ActPlane,3dae89cd06ae,complete,6a90298535c61c04,6f30e81e80c8db29,45868,45871,3,66984,1,0,0,1,0,0
ActPlane,3dae89cd06ae,complete,6f30e81e80c8db29,1a2e2036cb54aa14,45871,45872,1,47,1,0,0,0,0,0
ActPlane,3dae89cd06ae,complete,1a2e2036cb54aa14,07a039f44f9d4faf,45872,45874,2,15749,1,0,0,0,0,0
ActPlane,3dae89cd06ae,complete,07a039f44f9d4faf,eff238b405aadc48,45874,45875,1,18,1,0,0,0,0,0
ActPlane,3dae89cd06ae,complete,eff238b405aadc48,3405d94be81a2275,45875,45876,1,0,1,0,0,0,0,0
ActPlane,3dae89cd06ae,complete,3405d94be81a2275,3a6d06a5f6ff1def,45876,45877,1,43,1,0,0,0,0,0
ActPlane,3dae89cd06ae,complete,3a6d06a5f6ff1def,893f6612bb4682bc,45877,45878,1,6075,1,0,0,0,0,0
ActPlane,3dae89cd06ae,complete,893f6612bb4682bc,9750f8cca0d5a777,45878,45889,11,47314,1,0,0,0,0,0
ActPlane,3dae89cd06ae,complete,9750f8cca0d5a777,9291b0de34c51177,45889,45913,24,163507,1,0,0,1,0,0
ActPlane,3dae89cd06ae,complete,9291b0de34c51177,33b23f7c3a2ea317,45913,45931,18,122766,1,0,0,1,0,0
ActPlane,3dae89cd06ae,complete,33b23f7c3a2ea317,fa8466812d2160e3,45931,45940,9,82111,1,0,0,0,0,0
ActPlane,3dae89cd06ae,complete,fa8466812d2160e3,90db23511bfe98a0,45940,45941,1,0,1,0,0,0,0,0
ActPlane,3dae89cd06ae,complete,90db23511bfe98a0,60439c567d0ae5dc,45941,45942,1,0,1,0,0,0,0,0
ActPlane,3dae89cd06ae,complete,60439c567d0ae5dc,2e0c132d7be05dce,45942,45943,1,33,1,0,0,0,0,0
ActPlane,3dae89cd06ae,complete,2e0c132d7be05dce,55d5eeb40e9cbe40,45943,45944,1,10782,1,0,0,0,0,0
ActPlane,3dae89cd06ae,complete,55d5eeb40e9cbe40,22fc0dc98e67c740,45944,45945,1,27,1,0,0,0,0,0
ActPlane,3dae89cd06ae,complete,22fc0dc98e67c740,28ae745ef5f338e0,45945,45971,26,225594,1,0,0,2,0,0
ActPlane,3dae89cd06ae,complete,28ae745ef5f338e0,0eb5ff9bcc7ec685,45971,45972,1,86,1,0,0,0,0,0
ActPlane,3dae89cd06ae,complete,0eb5ff9bcc7ec685,ca7c2a94beabdf70,45972,45978,6,52731,1,0,0,0,0,0
ActPlane,3dae89cd06ae,complete,ca7c2a94beabdf70,252d2d603bcb2781,45978,45979,1,3,1,0,0,0,0,0
ActPlane,3dae89cd06ae,complete,252d2d603bcb2781,f15b5f367421827a,45979,45980,1,19,1,0,0,0,0,0
ActPlane,3dae89cd06ae,complete,f15b5f367421827a,29b0162887d839f7,45980,45981,1,25,1,0,0,0,0,0
ActPlane,3dae89cd06ae,complete,29b0162887d839f7,5cab1d680d807406,45981,45984,3,70262,1,0,0,0,0,0
ActPlane,3dae89cd06ae,complete,5cab1d680d807406,ad1ebb623e2183be,45984,45985,1,18,1,0,0,0,0,0
ActPlane,3dae89cd06ae,complete,ad1ebb623e2183be,4df8d45990d95a57,45985,45986,1,4351,1,0,0,0,0,0
ActPlane,3dae89cd06ae,complete,4df8d45990d95a57,b5866dab957da813,45986,45987,1,21,1,0,0,0,0,0
ActPlane,3dae89cd06ae,complete,b5866dab957da813,d7b7a9963a963da7,45987,45991,4,28568,1,0,0,0,0,0
ActPlane,3dae89cd06ae,complete,d7b7a9963a963da7,b98454523bfc6530,45991,45992,1,3748,1,0,0,0,0,0
ActPlane,3dae89cd06ae,complete,b98454523bfc6530,1679794972841997,45992,46094,102,711593,1,0,0,1,0,0
ActPlane,3dae89cd06ae,complete,1679794972841997,a50c11d46ac4e3cc,46094,46095,1,39,1,0,0,0,0,0
ActPlane,3dae89cd06ae,complete,a50c11d46ac4e3cc,d2348fb74420b70b,46095,46096,1,6,1,0,0,0,0,0
ActPlane,3dae89cd06ae,complete,d2348fb74420b70b,dec730f324cd9cfe,46096,46097,1,50,1,0,0,0,0,0
ActPlane,3dae89cd06ae,complete,dec730f324cd9cfe,642da7c58d33a0d0,46097,46100,3,28927,1,0,0,0,0,0
ActPlane,3dae89cd06ae,complete,642da7c58d33a0d0,38576a28b7b97c63,46100,46101,1,59,1,0,0,0,0,0
ActPlane,3dae89cd06ae,complete,38576a28b7b97c63,c0b384a99d3a8fe2,46101,46117,16,142162,1,0,0,0,0,0
ActPlane,3dae89cd06ae,complete,c0b384a99d3a8fe2,2e1ba8921725b935,46117,46121,4,31976,1,0,0,0,0,0
ActPlane,3dae89cd06ae,complete,2e1ba8921725b935,287c4761631bf84d,46121,46122,1,99,1,0,0,0,0,0
ActPlane,3dae89cd06ae,complete,287c4761631bf84d,d7aa651688c7ddd4,46122,46124,2,14610,1,0,0,0,0,0
ActPlane,3dae89cd06ae,complete,d7aa651688c7ddd4,285fb7f2e748b5da,46124,46125,1,8,1,0,0,0,0,0
ActPlane,3dae89cd06ae,complete,285fb7f2e748b5da,ee992fc1f524c383,46125,46126,1,1,1,0,0,0,0,0
ActPlane,3dae89cd06ae,complete,ee992fc1f524c383,680e226acbb21df1,46126,46127,1,51,1,0,0,0,0,0
ActPlane,3dae89cd06ae,complete,680e226acbb21df1,6c66f3670da202ce,46127,46170,43,375800,1,0,0,1,0,0
ActPlane,3dae89cd06ae,complete,6c66f3670da202ce,f5e41f93b708c926,46170,46171,1,37,1,0,0,0,0,0
ActPlane,3dae89cd06ae,complete,f5e41f93b708c926,cb9bf20a54b5f67a,46171,46172,1,26,1,0,0,0,0,0
ActPlane,3dae89cd06ae,complete,cb9bf20a54b5f67a,730bdced2b1e15e6,46172,46173,1,55,1,0,0,0,0,0
ActPlane,3dae89cd06ae,complete,730bdced2b1e15e6,1f1f3e7fcad64011,46173,46177,4,39747,1,0,0,0,0,0
ActPlane,3dae89cd06ae,complete,1f1f3e7fcad64011,7a1f2996a8b8eabc,46177,46181,4,67950,1,0,0,0,0,0
ActPlane,3dae89cd06ae,complete,7a1f2996a8b8eabc,4800f2909005299e,46181,46184,3,22377,1,0,0,0,0,0
ActPlane,3dae89cd06ae,complete,4800f2909005299e,32d88d6da355a45a,46184,46185,1,1,1,0,0,0,0,0
ActPlane,3dae89cd06ae,complete,32d88d6da355a45a,7eb42b604fe33b69,46185,46186,1,0,1,0,0,0,0,0
ActPlane,3dae89cd06ae,complete,7eb42b604fe33b69,2c1ae6274d66cd2c,46186,46187,1,28,1,0,0,0,0,0
ActPlane,3dae89cd06ae,complete,2c1ae6274d66cd2c,f5c93dcda7ee17ad,46187,46188,1,6524,1,0,0,0,0,0
ActPlane,3dae89cd06ae,complete,f5c93dcda7ee17ad,14a274966580b462,46188,46189,1,50,1,0,0,0,0,0
ActPlane,3dae89cd06ae,complete,14a274966580b462,110d270ecb6cef13,46189,46208,19,157366,1,0,0,0,0,0
ActPlane,3dae89cd06ae,complete,110d270ecb6cef13,feb21d54366e95c4,46208,46214,6,87397,1,0,0,0,0,0
ActPlane,3dae89cd06ae,complete,feb21d54366e95c4,488f55fde98cc374,46214,46215,1,3072,1,0,0,0,0,0
ActPlane,3dae89cd06ae,complete,488f55fde98cc374,352c1068c7552eba,46215,46216,1,3115,1,0,0,0,0,0
ActPlane,3dae89cd06ae,complete,352c1068c7552eba,727e05736ac45500,46216,46217,1,3901,1,0,0,0,0,0
ActPlane,3dae89cd06ae,complete,727e05736ac45500,972ed64d7efc12ff,46217,46219,2,9271,1,0,0,0,0,0
ActPlane,3dae89cd06ae,complete,972ed64d7efc12ff,48fef763b90e2efb,46219,46220,1,6064,1,0,0,0,0,0
ActPlane,3dae89cd06ae,complete,48fef763b90e2efb,2f3178866877281d,46220,46267,47,303663,1,0,0,0,0,0
ActPlane,3dae89cd06ae,complete,2f3178866877281d,330181b8ab07a5cf,46267,46268,1,2654,1,0,0,0,0,0
ActPlane,3dae89cd06ae,complete,330181b8ab07a5cf,0b5f293ded1f69d6,46268,46269,1,7469,1,0,0,0,0,0
ActPlane,3dae89cd06ae,complete,0b5f293ded1f69d6,1571703733a4f191,46269,46270,1,3966,1,0,0,0,0,0
ActPlane,3dae89cd06ae,complete,1571703733a4f191,73d307ae9fb0e2de,46270,46271,1,3691,1,0,0,0,0,0
ActPlane,3dae89cd06ae,complete,73d307ae9fb0e2de,2a133cb4c3ee6d9e,46271,46272,1,4803,1,0,0,0,0,0
ActPlane,3dae89cd06ae,complete,2a133cb4c3ee6d9e,6898818c2cb44468,46272,46308,36,381879,1,0,0,2,0,0
ActPlane,3dae89cd06ae,complete,6898818c2cb44468,7cf45c349fadff2e,46308,46309,1,8972,1,0,0,0,0,0
ActPlane,3dae89cd06ae,complete,7cf45c349fadff2e,479168410e3f9dbe,46309,46313,4,45339,1,0,0,0,0,0
ActPlane,3dae89cd06ae,complete,479168410e3f9dbe,a01df850086dbecc,46313,46316,3,30175,1,0,0,0,0,0
ActPlane,3dae89cd06ae,complete,a01df850086dbecc,489120b3099057c8,46316,46321,5,56900,1,0,0,0,0,0
ActPlane,3dae89cd06ae,complete,489120b3099057c8,0aa4c62d88dbe3f5,46321,46332,11,109669,1,0,0,0,0,0
ActPlane,3dae89cd06ae,complete,0aa4c62d88dbe3f5,6af3dcd899b18083,46332,46333,1,3521,1,0,0,0,0,0
ActPlane,3dae89cd06ae,complete,6af3dcd899b18083,787e9b6b71c041ef,46333,46334,1,6543,1,0,0,0,0,0
ActPlane,3dae89cd06ae,complete,787e9b6b71c041ef,093ed4b71cd7fafc,46334,46335,1,4067,1,0,0,0,0,0
ActPlane,3dae89cd06ae,complete,093ed4b71cd7fafc,b85159ea459fec2d,46335,46356,21,252318,1,0,0,0,3,0
ActPlane,3dae89cd06ae,complete,b85159ea459fec2d,acd2f42a4585e04f,46356,46358,2,20668,1,0,0,0,0,0
ActPlane,3dae89cd06ae,complete,acd2f42a4585e04f,aa2a4a72a0f58031,46358,46359,1,6938,1,0,0,0,0,0
ActPlane,3dae89cd06ae,complete,aa2a4a72a0f58031,6415279b76b53c9d,46359,46365,6,63951,1,0,0,0,0,0
ActPlane,3dae89cd06ae,complete,6415279b76b53c9d,4aaee9df5f8de1eb,46365,46402,37,368706,1,0,0,0,0,0
ActPlane,3dae89cd06ae,complete,4aaee9df5f8de1eb,e908bcd45f1c1f72,46402,46403,1,3509,1,0,0,0,0,0
ActPlane,3dae89cd06ae,complete,e908bcd45f1c1f72,a5c1cacf5742e8c8,46403,46404,1,4243,1,0,0,0,0,0
ActPlane,3dae89cd06ae,complete,a5c1cacf5742e8c8,f9c0576609c84c69,46404,46405,1,4283,1,0,0,0,0,0
ActPlane,3dae89cd06ae,complete,f9c0576609c84c69,3b7da41e0196c30e,46405,46406,1,4400,1,0,0,0,0,0
ActPlane,3dae89cd06ae,complete,3b7da41e0196c30e,e909e026c03407b0,46406,46407,1,5667,1,0,0,0,0,0
ActPlane,3dae89cd06ae,complete,e909e026c03407b0,b547d1168d8cb181,46407,46417,10,83118,1,0,0,0,0,0
ActPlane,3dae89cd06ae,complete,b547d1168d8cb181,04c00b372ae42671,46417,46442,25,223357,1,0,0,0,0,0
ActPlane,3dae89cd06ae,complete,04c00b372ae42671,d66a78b7a0702eb2,46442,46443,1,3721,1,0,0,0,0,0
ActPlane,3dae89cd06ae,complete,d66a78b7a0702eb2,340b2a60c2e29b30,46443,46444,1,4156,1,0,0,0,0,0
ActPlane,3dae89cd06ae,complete,340b2a60c2e29b30,4f43e3ac02c3980e,46444,46445,1,4615,1,0,0,0,0,0
ActPlane,3dae89cd06ae,complete,4f43e3ac02c3980e,53a83d6d6700ced2,46445,46446,1,7550,1,0,0,0,0,0
ActPlane,3dae89cd06ae,complete,53a83d6d6700ced2,1a26cce5613a1d09,46446,46447,1,6460,1,0,0,0,0,0
ActPlane,3dae89cd06ae,complete,1a26cce5613a1d09,a074f82d59795db7,46447,46458,11,85883,1,0,0,0,0,0
ActPlane,3dae89cd06ae,complete,a074f82d59795db7,f925ae083c86636a,46458,46503,45,498491,1,0,0,0,0,0
ActPlane,3dae89cd06ae,complete,f925ae083c86636a,50cd63813c249709,46503,46504,1,6771,1,0,0,0,0,0
ActPlane,3dae89cd06ae,complete,50cd63813c249709,7e72cf7d26c418d6,46504,46505,1,4330,1,0,0,0,0,0
ActPlane,3dae89cd06ae,complete,7e72cf7d26c418d6,4d8bd7aa370ab8ee,46505,46506,1,4488,1,0,0,0,0,0
ActPlane,3dae89cd06ae,complete,4d8bd7aa370ab8ee,0d36affec8dc3233,46506,46509,3,53707,1,0,0,0,1,0
ActPlane,3dae89cd06ae,complete,0d36affec8dc3233,ed07fa4e077b49f6,46509,46510,1,5962,1,0,0,0,0,0
ActPlane,3dae89cd06ae,complete,ed07fa4e077b49f6,53cb8b4ce620da38,46510,46528,18,145160,1,0,0,0,0,0
ActPlane,3dae89cd06ae,complete,53cb8b4ce620da38,cb0290bd0f51be03,46528,46577,49,454247,1,0,0,0,0,0
ActPlane,3dae89cd06ae,complete,cb0290bd0f51be03,dea509d3a479746f,46577,46578,1,22,1,0,0,0,0,0
ActPlane,3dae89cd06ae,complete,dea509d3a479746f,d4e84a4a6edde898,46578,46579,1,3774,1,0,0,0,0,0
ActPlane,3dae89cd06ae,complete,d4e84a4a6edde898,42a34b465bacab82,46579,46580,1,3443,1,0,0,0,0,0
ActPlane,3dae89cd06ae,complete,42a34b465bacab82,847e720e1945a37c,46580,46581,1,5457,1,0,0,0,0,0
ActPlane,3dae89cd06ae,complete,847e720e1945a37c,e151e4bc02f9b065,46581,46582,1,4802,1,0,0,0,0,0
ActPlane,3dae89cd06ae,complete,e151e4bc02f9b065,a9c9dc344f553cd4,46582,46631,49,1026918,1,0,0,0,0,0
ActPlane,3dae89cd06ae,complete,a9c9dc344f553cd4,1404950fc13031c6,46631,46632,1,22,1,0,0,0,0,0
ActPlane,3dae89cd06ae,complete,1404950fc13031c6,40c1de9a5ccc38d4,46632,46633,1,3271,1,0,0,0,0,0
ActPlane,3dae89cd06ae,complete,40c1de9a5ccc38d4,3d5622774ea01a11,46633,46634,1,3324,1,0,0,0,0,0
ActPlane,3dae89cd06ae,complete,3d5622774ea01a11,cc07d091c158ef1b,46634,46635,1,6755,1,0,0,0,0,0
ActPlane,3dae89cd06ae,complete,cc07d091c158ef1b,0f3d02359feebad9,46635,46636,1,4919,1,0,0,0,0,0
ActPlane,3dae89cd06ae,complete,0f3d02359feebad9,49a7f36fcde0a43b,46636,46678,42,437584,1,0,0,0,0,0
ActPlane,3dae89cd06ae,complete,49a7f36fcde0a43b,3a93f1ed29ddb697,46678,46679,1,62,1,0,0,0,0,0
ActPlane,3dae89cd06ae,complete,3a93f1ed29ddb697,f54afb0de2889120,46679,46680,1,3374,1,0,0,0,0,0
ActPlane,3dae89cd06ae,complete,f54afb0de2889120,4fd7f50f4aae82fd,46680,46681,1,6497,1,0,0,0,0,0
ActPlane,3dae89cd06ae,complete,4fd7f50f4aae82fd,a0628ada26b7c65d,46681,46682,1,4599,1,0,0,0,0,0
ActPlane,3dae89cd06ae,complete,a0628ada26b7c65d,dfd80bf2049a06dd,46682,46683,1,5474,1,0,0,0,0,0
ActPlane,3dae89cd06ae,complete,dfd80bf2049a06dd,454c7d620d1ad784,46683,46720,37,379514,1,0,0,0,0,0
ActPlane,3dae89cd06ae,complete,454c7d620d1ad784,df23b29404bfc80f,46720,46732,12,191576,1,0,0,0,0,0
ActPlane,3dae89cd06ae,complete,df23b29404bfc80f,5bbd754dce993fc5,46732,46733,1,117,1,0,0,0,0,0
ActPlane,3dae89cd06ae,complete,5bbd754dce993fc5,b98e67cd452df07a,46733,46734,1,3651,1,0,0,0,0,0
ActPlane,3dae89cd06ae,complete,b98e67cd452df07a,4bb616befe7d0912,46734,46735,1,3814,1,0,0,0,0,0
ActPlane,3dae89cd06ae,complete,4bb616befe7d0912,d4752d113a4d4171,46735,46736,1,4252,1,0,0,0,0,0
ActPlane,3dae89cd06ae,complete,d4752d113a4d4171,60f3d5df96995574,46736,46737,1,5010,1,0,0,0,0,0
ActPlane,3dae89cd06ae,complete,60f3d5df96995574,0e2d21b4cdc0df7e,46737,46770,33,6331242,1,0,0,0,0,0
ActPlane,3dae89cd06ae,complete,0e2d21b4cdc0df7e,6c35e4906a516f76,46770,46771,1,40,1,0,0,0,0,0
ActPlane,3dae89cd06ae,complete,6c35e4906a516f76,8b3025561a300062,46771,46772,1,4508,1,0,0,0,0,0
ActPlane,3dae89cd06ae,complete,8b3025561a300062,a7b643511b9a450f,46772,46773,1,4267,1,0,0,0,0,0
ActPlane,3dae89cd06ae,complete,a7b643511b9a450f,3ec3c01fd518a39c,46773,46774,1,6870,1,0,0,0,0,0
ActPlane,3dae89cd06ae,complete,3ec3c01fd518a39c,187e36e26c0a9598,46774,46775,1,5216,1,0,0,0,0,0
ActPlane,3dae89cd06ae,complete,187e36e26c0a9598,ce0e754de5a66ed4,46775,46805,30,409229,1,0,0,0,0,0
ActPlane,3dae89cd06ae,complete,ce0e754de5a66ed4,503e0aa11c44695e,46805,46806,1,225,1,0,0,0,0,0
ActPlane,3dae89cd06ae,complete,503e0aa11c44695e,1f01a7c4211a14c1,46806,46807,1,5833,1,0,0,0,0,0
ActPlane,3dae89cd06ae,complete,1f01a7c4211a14c1,9cc3d924af6f0e8c,46807,46808,1,3951,1,0,0,0,0,0
ActPlane,3dae89cd06ae,complete,9cc3d924af6f0e8c,8aa68bc69e126234,46808,46809,1,4670,1,0,0,0,0,0
ActPlane,3dae89cd06ae,complete,8aa68bc69e126234,5140e272f4b356e7,46809,46810,1,6923,1,0,0,0,0,0
ActPlane,3dae89cd06ae,complete,5140e272f4b356e7,e474f084a71cd5a2,46810,46889,79,747655,1,0,0,1,0,0
ActPlane,3dae89cd06ae,complete,e474f084a71cd5a2,03bdf10e77e9cce4,46889,46906,17,4135958,1,0,0,0,0,0
ActPlane,3dae89cd06ae,complete,03bdf10e77e9cce4,07e4004662306ecd,46906,46914,8,188205,1,0,0,0,0,0
ActPlane,3dae89cd06ae,complete,07e4004662306ecd,d4a84d7771063a36,46914,46915,1,36,1,0,0,0,0,0
ActPlane,3dae89cd06ae,complete,d4a84d7771063a36,a5cb6ca8a934e43e,46915,46916,1,4683,1,0,0,0,0,0
ActPlane,3dae89cd06ae,complete,a5cb6ca8a934e43e,3a72c6a28bc68189,46916,46917,1,4456,1,0,0,0,0,0
ActPlane,3dae89cd06ae,complete,3a72c6a28bc68189,5fa5870c24ce47a7,46917,46918,1,6089,1,0,0,0,0,0
ActPlane,3dae89cd06ae,complete,5fa5870c24ce47a7,7e413842ef1dfb45,46918,46919,1,5211,1,0,0,0,0,0
ActPlane,3dae89cd06ae,complete,7e413842ef1dfb45,ec51e5582ce65f27,46919,46971,52,584395,1,0,0,0,0,0
ActPlane,3dae89cd06ae,complete,ec51e5582ce65f27,03805ef96e113dc2,46971,47016,45,446465,1,0,0,0,0,0
ActPlane,3dae89cd06ae,complete,03805ef96e113dc2,a586166b3cad6898,47016,47017,1,0,1,0,0,0,0,0
ActPlane,3dae89cd06ae,complete,a586166b3cad6898,582510169fd64fb5,47017,47018,1,34,1,0,0,0,0,0
ActPlane,3dae89cd06ae,complete,582510169fd64fb5,e88172d6ffef8168,47018,47020,2,18890,1,0,0,0,0,0
ActPlane,3dae89cd06ae,complete,e88172d6ffef8168,8259ac4cdfeeaa4f,47020,47025,5,1099511,1,0,0,0,0,0
ActPlane,3dae89cd06ae,complete,8259ac4cdfeeaa4f,c3ba7314a510851b,47025,47049,24,938101,1,0,0,2,0,0
ActPlane,3dae89cd06ae,complete,c3ba7314a510851b,954047e30f8b9d16,47049,47065,16,80625,1,9,9,2,0,0
ActPlane,3dae89cd06ae,complete,954047e30f8b9d16,b738b1e2619568f7,47065,47066,1,2690,1,0,0,0,0,0
ActPlane,3dae89cd06ae,complete,b738b1e2619568f7,824fedfde086ba40,47066,47067,1,3127,1,0,0,0,0,0
ActPlane,3dae89cd06ae,complete,824fedfde086ba40,72f5c550f2e129bb,47067,47068,1,3268,1,0,0,0,0,0
ActPlane,3dae89cd06ae,complete,72f5c550f2e129bb,523369a67f27063e,47068,47070,2,8527,1,0,0,0,0,0
ActPlane,3dae89cd06ae,complete,523369a67f27063e,4e21a93f9ff817b6,47070,47071,1,7339,1,0,0,0,0,0
ActPlane,3dae89cd06ae,complete,4e21a93f9ff817b6,10c9823379484a1b,47071,47117,46,676351,1,0,0,1,0,0
ActPlane,3dae89cd06ae,complete,10c9823379484a1b,11679f443a886987,47117,47127,10,115021,1,0,0,0,0,0
ActPlane,3dae89cd06ae,complete,11679f443a886987,346c476250d790f8,47127,47135,8,335504,1,0,0,0,0,0
ActPlane,3dae89cd06ae,complete,346c476250d790f8,b1c89daa11c8b866,47135,47136,1,5146,1,0,0,0,0,0
ActPlane,3dae89cd06ae,complete,b1c89daa11c8b866,a90e4e2adc5a530f,47136,47137,1,5973,1,0,0,0,0,0
ActPlane,3dae89cd06ae,complete,a90e4e2adc5a530f,d2c344a9299cb374,47137,47162,25,171748,1,0,0,0,0,0
ActPlane,3dae89cd06ae,complete,d2c344a9299cb374,859d9139aa44544f,47162,47174,12,162767,1,0,0,0,0,0
ActPlane,3dae89cd06ae,complete,859d9139aa44544f,2d7ec17c3786b1c1,47174,47182,8,355813,1,0,0,0,0,0
ActPlane,3dae89cd06ae,complete,2d7ec17c3786b1c1,300d64df1eca29c0,47182,47183,1,4624,1,0,0,0,0,0
ActPlane,3dae89cd06ae,complete,300d64df1eca29c0,08a5e3c32ebcc765,47183,47184,1,6083,1,0,0,0,0,0
ActPlane,3dae89cd06ae,complete,08a5e3c32ebcc765,f4f40a4e913dd4d1,47184,47215,31,368855,1,0,0,1,0,0
ActPlane,3dae89cd06ae,complete,f4f40a4e913dd4d1,5bf58b3962fb2e27,47215,47288,73,1249172,1,0,0,1,0,0
ActPlane,3dae89cd06ae,complete,5bf58b3962fb2e27,664aab7a93a84aab,47288,47290,2,12028,1,0,0,0,0,0
ActPlane,3dae89cd06ae,complete,664aab7a93a84aab,fcdd31d1af1f56fc,47290,47291,1,0,1,0,0,0,0,0
ActPlane,3dae89cd06ae,complete,fcdd31d1af1f56fc,58cb140e3fa4b47a,47291,47292,1,17,1,0,0,0,0,0
ActPlane,3dae89cd06ae,complete,58cb140e3fa4b47a,c10ee6d765155bd9,47292,47318,26,265066,1,0,0,0,0,0
ActPlane,3dae89cd06ae,complete,c10ee6d765155bd9,9cac493346c4268d,47318,47327,9,30746,1,0,0,0,1,0
ActPlane,3dae89cd06ae,complete,9cac493346c4268d,baafa911e1e9acda,47327,47356,29,177253,1,0,0,0,1,0
ActPlane,3dae89cd06ae,complete,baafa911e1e9acda,7678292c18a1a2f2,47356,47357,1,58,1,0,0,0,0,0
ActPlane,3dae89cd06ae,complete,7678292c18a1a2f2,d208aa7ba8ef2477,47357,47364,7,67876,1,0,0,0,0,0
ActPlane,3dae89cd06ae,complete,d208aa7ba8ef2477,c9146559a79d3bbe,47364,47365,1,1,1,0,0,0,0,0
ActPlane,3dae89cd06ae,complete,c9146559a79d3bbe,1217fd09db6365d3,47365,47373,8,90838,1,0,0,0,0,0
ActPlane,3dae89cd06ae,complete,1217fd09db6365d3,a62aa8257d787f13,47373,47374,1,33,1,0,0,0,0,0
ActPlane,3dae89cd06ae,complete,a62aa8257d787f13,d48296b38641af2f,47374,47415,41,319279,1,0,0,1,1,0
ActPlane,3dae89cd06ae,complete,d48296b38641af2f,08cc2b679fb56e6d,47415,47416,1,121,1,0,0,0,0,0
ActPlane,3dae89cd06ae,complete,08cc2b679fb56e6d,c53e0ad4ca369fd6,47416,47418,2,12626,1,0,0,0,0,0
ActPlane,3dae89cd06ae,complete,c53e0ad4ca369fd6,3b2c6fe286c0cbed,47418,47446,28,250526,1,0,0,0,3,0
ActPlane,3dae89cd06ae,complete,3b2c6fe286c0cbed,59cba1ec4545d95c,47446,47447,1,63,1,0,0,0,0,0
ActPlane,3dae89cd06ae,complete,59cba1ec4545d95c,a8dedad08cff23c1,47447,47452,5,44776,1,0,0,0,2,0
ActPlane,3dae89cd06ae,complete,a8dedad08cff23c1,341a6495450f7388,47452,47463,11,97095,1,0,0,0,0,0
ActPlane,3dae89cd06ae,complete,341a6495450f7388,6f5d0dced32b8cb4,47463,47464,1,6259,1,0,0,0,0,0
ActPlane,3dae89cd06ae,complete,6f5d0dced32b8cb4,21a518342d450c11,47464,47465,1,4448,1,0,0,0,0,0
ActPlane,3dae89cd06ae,complete,21a518342d450c11,f77a784ae0f79805,47465,47495,30,267093,1,0,0,1,0,0
ActPlane,3dae89cd06ae,complete,f77a784ae0f79805,65aaa7b413ca6043,47495,47497,2,7388,1,0,0,0,0,0
ActPlane,3dae89cd06ae,complete,65aaa7b413ca6043,26fe24a8726d1177,47497,47498,1,6122,1,0,0,0,0,0
ActPlane,3dae89cd06ae,complete,26fe24a8726d1177,2b8982f6164fac3c,47498,47505,7,38332,1,0,0,0,0,0
ActPlane,3dae89cd06ae,complete,2b8982f6164fac3c,f276fa21923c53f5,47505,47506,1,11,1,0,0,0,0,0
ActPlane,3dae89cd06ae,complete,f276fa21923c53f5,92e2e7ec47f4ea85,47506,47564,58,359061,1,0,0,0,0,0
ActPlane,3dae89cd06ae,complete,92e2e7ec47f4ea85,f90f4f6affc7d159,47564,47565,1,0,1,0,0,0,0,0
ActPlane,3dae89cd06ae,complete,f90f4f6affc7d159,24ae264504f90da1,47565,47566,1,1,1,0,0,0,0,0
ActPlane,3dae89cd06ae,complete,24ae264504f90da1,ab7a45c6054a8248,47566,47619,53,350164,1,0,0,1,0,0
ActPlane,3dae89cd06ae,complete,ab7a45c6054a8248,9d8e9ff3e26c81c7,47619,47620,1,12,1,0,0,0,0,0
ActPlane,3dae89cd06ae,complete,9d8e9ff3e26c81c7,dd761705652176c4,47620,47621,1,40,1,0,0,0,0,0
ActPlane,3dae89cd06ae,complete,dd761705652176c4,044be29f1af11c59,47621,47623,2,10282,1,0,0,0,0,0
ActPlane,3dae89cd06ae,complete,044be29f1af11c59,ec72b2734b95a18a,47623,47624,1,5942,1,0,0,0,0,0
ActPlane,3dae89cd06ae,complete,ec72b2734b95a18a,e527ae96563df184,47624,47625,1,10205,1,0,0,0,0,0
ActPlane,3dae89cd06ae,complete,e527ae96563df184,ddaa8c0bfd543fb0,47625,47626,1,65,1,0,0,0,0,0
ActPlane,3dae89cd06ae,complete,ddaa8c0bfd543fb0,29373de5dd6216f6,47626,47636,10,58020,1,0,0,0,0,0
ActPlane,3dae89cd06ae,complete,29373de5dd6216f6,c1bdbc028a416191,47636,47637,1,14958,1,0,0,0,0,0
ActPlane,3dae89cd06ae,complete,c1bdbc028a416191,f93ef04a93fe2289,47637,47651,14,133119,1,0,0,1,0,0
ActPlane,3dae89cd06ae,complete,f93ef04a93fe2289,ceeb677affffd077,47651,47652,1,32,1,0,0,0,0,0
ActPlane,3dae89cd06ae,complete,ceeb677affffd077,5cbb038d51df0fb9,47652,47661,9,101707,1,0,0,0,1,0
ActPlane,3dae89cd06ae,complete,5cbb038d51df0fb9,80837eb18b43a75e,47661,47662,1,13551,1,0,0,0,0,0
ActPlane,3dae89cd06ae,complete,80837eb18b43a75e,9aca49eef34841e6,47662,47669,7,161599,1,0,0,0,2,0
ActPlane,3dae89cd06ae,complete,9aca49eef34841e6,71d7172f3c42ae08,47669,47670,1,12964,1,0,0,0,0,0
ActPlane,3dae89cd06ae,complete,71d7172f3c42ae08,cbb0cd2f1c69b1f3,47670,47671,1,1,1,0,0,0,0,0
ActPlane,3dae89cd06ae,complete,cbb0cd2f1c69b1f3,e4c09a387ce8dcb7,47671,47672,1,237,1,0,0,0,0,0
ActPlane,3dae89cd06ae,complete,e4c09a387ce8dcb7,e934080c37c4e5c1,47672,47701,29,254410,1,0,0,1,0,0
ActPlane,3dae89cd06ae,complete,e934080c37c4e5c1,47950a10b77be604,47701,47702,1,1,1,0,0,0,0,0
ActPlane,3dae89cd06ae,complete,47950a10b77be604,f68efe4eff29cb69,47702,47703,1,43,1,0,0,0,0,0
ActPlane,3dae89cd06ae,complete,f68efe4eff29cb69,4fa5a85cb6b00a86,47703,47705,2,10004,1,0,0,0,0,0
ActPlane,3dae89cd06ae,complete,4fa5a85cb6b00a86,77757ccb2f2516da,47705,47706,1,8873,1,0,0,0,0,0
ActPlane,3dae89cd06ae,complete,77757ccb2f2516da,8469b42098323815,47706,47707,1,11394,1,0,0,0,0,0
ActPlane,3dae89cd06ae,complete,8469b42098323815,c9490b70ccf26588,47707,47708,1,1,1,0,0,0,0,0
ActPlane,3dae89cd06ae,complete,c9490b70ccf26588,5174693af33e27d1,47708,47709,1,147,1,0,0,0,0,0
ActPlane,3dae89cd06ae,complete,5174693af33e27d1,325404732d3880ab,47709,47748,39,301735,1,0,0,0,0,0
ActPlane,3dae89cd06ae,complete,325404732d3880ab,5427f90e7e298276,47748,47749,1,7442,1,0,0,0,0,0
ActPlane,3dae89cd06ae,complete,5427f90e7e298276,0c2ccc1f0d80c2eb,47749,47764,15,74427,1,0,0,1,0,0
ActPlane,3dae89cd06ae,complete,0c2ccc1f0d80c2eb,20d8a0641d82308e,47764,47772,8,40645,1,0,0,0,0,0
ActPlane,3dae89cd06ae,complete,20d8a0641d82308e,1aade9d1c566a1e9,47772,47773,1,0,1,0,0,0,0,0
ActPlane,3dae89cd06ae,complete,1aade9d1c566a1e9,981c7de594effcd1,47773,47774,1,1,1,0,0,0,0,0
ActPlane,3dae89cd06ae,complete,981c7de594effcd1,df807fe2e6136424,47774,47814,40,314151,1,0,0,0,0,0
ActPlane,3dae89cd06ae,complete,df807fe2e6136424,3ad9af16c9c81915,47814,47818,4,49346,1,0,0,0,0,0
ActPlane,3dae89cd06ae,complete,3ad9af16c9c81915,aa5bd43ea0f865ca,47818,47827,9,52335,1,0,0,0,0,0
ActPlane,3dae89cd06ae,complete,aa5bd43ea0f865ca,11a480babb935e60,47827,47828,1,1,1,0,0,0,0,0
ActPlane,3dae89cd06ae,complete,11a480babb935e60,ea0a588230a3c9cf,47828,47829,1,0,1,0,0,0,0,0
ActPlane,3dae89cd06ae,complete,ea0a588230a3c9cf,2b64b219ce738c51,47829,47852,23,143308,1,0,0,0,0,0
ActPlane,3dae89cd06ae,complete,2b64b219ce738c51,5e5353bb1c7cc79e,47852,47853,1,0,1,0,0,0,0,0
ActPlane,3dae89cd06ae,complete,5e5353bb1c7cc79e,7606117e155a3d8a,47853,47854,1,276,1,0,0,0,0,0
ActPlane,3dae89cd06ae,complete,7606117e155a3d8a,df32f6d4b60d68b8,47854,47855,1,10937,1,0,0,0,0,0
ActPlane,3dae89cd06ae,complete,df32f6d4b60d68b8,d1daf951891ca727,47855,47856,1,38,1,0,0,0,0,0
ActPlane,3dae89cd06ae,complete,d1daf951891ca727,ba15dab0f13b0628,47856,47857,1,2,1,0,0,0,0,0
ActPlane,3dae89cd06ae,complete,ba15dab0f13b0628,d6936bdd0b64e61b,47857,47901,44,307409,1,0,0,1,0,0
ActPlane,3dae89cd06ae,complete,d6936bdd0b64e61b,1344604e11844246,47901,47902,1,10272,1,0,0,0,0,0
ActPlane,3dae89cd06ae,complete,1344604e11844246,e1a82cae2c482841,47902,47903,1,63,1,0,0,0,0,0
ActPlane,3dae89cd06ae,complete,e1a82cae2c482841,2fe888a6dd5acaf9,47903,47912,9,54848,1,0,0,0,0,0
ActPlane,3dae89cd06ae,complete,2fe888a6dd5acaf9,6674d80c05863604,47912,47938,26,470417,1,0,0,3,0,0
ActPlane,3dae89cd06ae,complete,6674d80c05863604,0afb43daf7e38c7f,47938,47939,1,63,1,0,0,0,0,0
ActPlane,3dae89cd06ae,complete,0afb43daf7e38c7f,752e6d12daddd9a8,47939,47943,4,23533,1,0,0,0,0,0
ActPlane,3dae89cd06ae,complete,752e6d12daddd9a8,bef75b6966d1348c,47943,47944,1,1,1,0,0,0,0,0
ActPlane,3dae89cd06ae,complete,bef75b6966d1348c,82dcf4d5b069bb4c,47944,47967,23,160966,1,0,0,0,0,0
ActPlane,3dae89cd06ae,complete,82dcf4d5b069bb4c,98ae726b6155d229,47967,47968,1,41,1,0,0,0,0,0
ActPlane,3dae89cd06ae,complete,98ae726b6155d229,9580860a068aa9d3,47968,47970,2,26912,1,0,0,0,0,0
ActPlane,3dae89cd06ae,complete,9580860a068aa9d3,34f836e4c9a6061f,47970,47971,1,0,1,0,0,0,0,0
ActPlane,3dae89cd06ae,complete,34f836e4c9a6061f,630955f2bee20566,47971,47986,15,72688,1,0,0,1,0,0
ActPlane,3dae89cd06ae,complete,630955f2bee20566,e1dad3d67c8fe6db,47986,47987,1,15,1,0,0,0,0,0
ActPlane,3dae89cd06ae,complete,e1dad3d67c8fe6db,2f92f96eeb2da68c,47987,47988,1,26,1,0,0,0,0,0
ActPlane,3dae89cd06ae,complete,2f92f96eeb2da68c,e29ba00ff71d411e,47988,47997,9,64373,1,0,0,0,0,0
ActPlane,3dae89cd06ae,complete,e29ba00ff71d411e,cc68fbd90ee339cd,47997,47998,1,0,1,0,0,0,0,0
ActPlane,3dae89cd06ae,complete,cc68fbd90ee339cd,0e061e36cb7218c5,47998,47999,1,1,1,0,0,0,0,0
ActPlane,3dae89cd06ae,complete,0e061e36cb7218c5,f41e08af3f980837,47999,48006,7,49603,1,0,0,0,0,0
ActPlane,3dae89cd06ae,complete,f41e08af3f980837,6fe5df0aa1c10254,48006,48007,1,0,1,0,0,0,0,0
ActPlane,3dae89cd06ae,complete,6fe5df0aa1c10254,dd83c52e8cebef44,48007,48017,10,69249,1,0,0,0,0,0
ActPlane,3dae89cd06ae,complete,dd83c52e8cebef44,66e4f35829640af2,48017,48034,17,129873,1,0,0,0,0,0
ActPlane,3dae89cd06ae,complete,66e4f35829640af2,0e5baecc4f29d55a,48034,48035,1,37,1,0,0,0,0,0
ActPlane,3dae89cd06ae,complete,0e5baecc4f29d55a,ad1044dde7d838fc,48035,48036,1,14640,1,0,0,0,0,0
ActPlane,3dae89cd06ae,complete,ad1044dde7d838fc,704540c7edd7150c,48036,48042,6,40873,1,0,0,0,0,0
ActPlane,3dae89cd06ae,complete,704540c7edd7150c,f4065193a5679276,48042,48093,51,376496,1,0,0,0,0,0
ActPlane,3dae89cd06ae,complete,f4065193a5679276,c654424d5ec8be9d,48093,48096,3,29838,1,0,0,1,0,0
ActPlane,3dae89cd06ae,complete,c654424d5ec8be9d,67109d2a69953a42,48096,48097,1,6347,1,0,0,0,0,0
ActPlane,3dae89cd06ae,complete,67109d2a69953a42,c52b8694dcd77f44,48097,48098,1,6168,1,0,0,0,0,0
ActPlane,3dae89cd06ae,complete,c52b8694dcd77f44,e2b391cfcb3297e0,48098,48099,1,12,1,0,0,0,0,0
ActPlane,3dae89cd06ae,complete,e2b391cfcb3297e0,721f4d97aa0e5e86,48099,48106,7,53368,1,0,0,0,0,0
ActPlane,3dae89cd06ae,complete,721f4d97aa0e5e86,1cc00ed2dd3cbabf,48106,48107,1,43,1,0,0,0,0,0
ActPlane,3dae89cd06ae,complete,1cc00ed2dd3cbabf,2ce64d0c7000859a,48107,48109,2,16779,1,0,0,0,0,0
ActPlane,3dae89cd06ae,complete,2ce64d0c7000859a,80288e5479c0641b,48109,48110,1,1,1,0,0,0,0,0
ActPlane,3dae89cd06ae,complete,80288e5479c0641b,2d9cc32ce441e0fe,48110,48111,1,17,1,0,0,0,0,0
ActPlane,3dae89cd06ae,complete,2d9cc32ce441e0fe,bc2d96c14eaf55fa,48111,48112,1,6819,1,0,0,0,0,0
ActPlane,3dae89cd06ae,complete,bc2d96c14eaf55fa,c5f7d02aa2f3970a,48112,48120,8,44425,1,0,0,0,0,0
ActPlane,3dae89cd06ae,complete,c5f7d02aa2f3970a,2ce5e47e832b4994,48120,48121,1,16,1,0,0,0,0,0
ActPlane,3dae89cd06ae,complete,2ce5e47e832b4994,a48ccdb2c22e90b4,48121,48155,34,390140,1,0,0,1,1,0
ActPlane,3dae89cd06ae,complete,a48ccdb2c22e90b4,5a4877562474b77e,48155,48157,2,8522,1,0,0,0,0,0
ActPlane,3dae89cd06ae,complete,5a4877562474b77e,14f2c259119aa3f8,48157,48158,1,0,1,0,0,0,0,0
ActPlane,3dae89cd06ae,complete,14f2c259119aa3f8,5391367175708ec5,48158,48159,1,4,1,0,0,0,0,0
ActPlane,3dae89cd06ae,complete,5391367175708ec5,78b4a29719375ded,48159,48160,1,37,1,0,0,0,0,0
ActPlane,3dae89cd06ae,complete,78b4a29719375ded,01a21b7d28643d5a,48160,48174,14,308925,1,0,0,0,1,0
ActPlane,3dae89cd06ae,complete,01a21b7d28643d5a,b9292c93a81d6173,48174,48193,19,175646,1,0,0,0,0,0
ActPlane,3dae89cd06ae,complete,b9292c93a81d6173,0caafd89c638516d,48193,48194,1,195,1,0,0,0,0,0
ActPlane,3dae89cd06ae,complete,0caafd89c638516d,5c5873f53b100781,48194,48206,12,114256,1,0,0,0,0,0
ActPlane,3dae89cd06ae,complete,5c5873f53b100781,31b64db0b8e4448e,48206,48207,1,27,1,0,0,0,0,0
ActPlane,3dae89cd06ae,complete,31b64db0b8e4448e,5cf7d858c7a375d7,48207,48221,14,64162,1,0,0,0,0,0
ActPlane,3dae89cd06ae,complete,5cf7d858c7a375d7,6dafeae7a0d78554,48221,48224,3,17,1,0,0,1,0,0
ActPlane,3dae89cd06ae,complete,6dafeae7a0d78554,a0402b9561d1f17f,48224,48225,1,9156,1,0,0,0,0,0
ActPlane,3dae89cd06ae,complete,a0402b9561d1f17f,14e6e39f4618a964,48225,48226,1,0,1,0,0,0,0,0
ActPlane,3dae89cd06ae,complete,14e6e39f4618a964,126cf71540ea4fad,48226,48227,1,0,1,0,0,0,0,0
ActPlane,3dae89cd06ae,complete,126cf71540ea4fad,669d0283ec097931,48227,48277,50,671612,1,0,0,0,0,0
ActPlane,3dae89cd06ae,complete,669d0283ec097931,9eb705b6ae9aa079,48277,48289,12,91917,1,0,0,0,0,0
ActPlane,3dae89cd06ae,complete,9eb705b6ae9aa079,cde90828af42745e,48289,48293,4,14239,1,0,0,1,0,0
ActPlane,3dae89cd06ae,complete,cde90828af42745e,e202cd05f4794d4e,48293,48294,1,1,1,0,0,0,0,0
ActPlane,3dae89cd06ae,complete,e202cd05f4794d4e,2e803535f819496f,48294,48299,5,84743,1,0,0,0,0,0
ActPlane,3dae89cd06ae,complete,2e803535f819496f,52a5ceb146f09952,48299,48300,1,10,1,0,0,0,0,0
ActPlane,3dae89cd06ae,complete,52a5ceb146f09952,50d7fc08f4bf97fa,48300,48301,1,1,1,0,0,0,0,0
ActPlane,3dae89cd06ae,complete,50d7fc08f4bf97fa,6e98dd87c26e9304,48301,48302,1,28,1,0,0,0,0,0
ActPlane,3dae89cd06ae,complete,6e98dd87c26e9304,a1273054c4872da5,48302,48315,13,298167,1,0,0,0,1,0
ActPlane,3dae89cd06ae,complete,a1273054c4872da5,921bab8409e4073f,48315,48316,1,189,1,0,0,0,0,0
ActPlane,3dae89cd06ae,complete,921bab8409e4073f,22b7d7e0329ad459,48316,48334,18,359664,1,0,0,0,1,0
ActPlane,3dae89cd06ae,complete,22b7d7e0329ad459,c74272d1eba063f0,48334,48346,12,75318,1,0,0,0,0,0
ActPlane,3dae89cd06ae,complete,c74272d1eba063f0,fa70b288079192d8,48346,48353,7,149624,1,0,0,0,1,0
ActPlane,3dae89cd06ae,complete,fa70b288079192d8,e813d41c72216a22,48353,48358,5,60516,1,0,0,0,1,0
ActPlane,3dae89cd06ae,complete,e813d41c72216a22,1e454289b394450d,48358,48368,10,153623,1,0,0,0,1,0
ActPlane,3dae89cd06ae,complete,1e454289b394450d,c81ffcc3721525e4,48368,48370,2,14775,1,0,0,0,0,0
ActPlane,3dae89cd06ae,complete,c81ffcc3721525e4,f3aa9895fc3dff0d,48370,48376,6,30385,1,0,0,1,0,0
ActPlane,3dae89cd06ae,complete,f3aa9895fc3dff0d,5cad1f1cde9ae261,48376,48378,2,4557,1,0,0,0,0,0
ActPlane,3dae89cd06ae,complete,5cad1f1cde9ae261,bbc51ba961adceeb,48378,48403,25,6021541,1,0,0,0,0,0
ActPlane,3dae89cd06ae,complete,bbc51ba961adceeb,82bc52ae415b7586,48403,48410,7,45888,1,0,0,0,0,0
ActPlane,3dae89cd06ae,complete,82bc52ae415b7586,382e1a25092e53c1,48410,48411,1,0,1,0,0,0,0,0
ActPlane,3dae89cd06ae,complete,382e1a25092e53c1,3defbef7e5393e66,48411,48413,2,5013,1,0,0,0,0,0
ActPlane,3dae89cd06ae,complete,3defbef7e5393e66,434c3fccf2f0921c,48413,48478,65,7138801,1,0,0,0,0,0
ActPlane,3dae89cd06ae,complete,434c3fccf2f0921c,0b9e4fdd97dde8c3,48478,48484,6,50742,1,0,0,1,0,0
ActPlane,3dae89cd06ae,complete,0b9e4fdd97dde8c3,348690a4035ae10a,48484,48485,1,31,1,0,0,0,0,0
ActPlane,3dae89cd06ae,complete,348690a4035ae10a,9474caeadf3d3a45,48485,48486,1,7304,1,0,0,0,0,0
ActPlane,3dae89cd06ae,complete,9474caeadf3d3a45,7cccab31a3f7a53d,48486,48537,51,358131,1,0,0,1,0,0
ActPlane,3dae89cd06ae,complete,7cccab31a3f7a53d,8e6cad64e40cf997,48537,48538,1,20,1,0,0,0,0,0
ActPlane,3dae89cd06ae,complete,8e6cad64e40cf997,f44cfe2c904fd140,48538,48542,4,20354,1,0,0,0,0,0
ActPlane,3dae89cd06ae,complete,f44cfe2c904fd140,f41dc134665ac951,48542,48547,5,49870,1,0,0,0,0,0
ActPlane,3dae89cd06ae,complete,f41dc134665ac951,e416851cf9b8d8b5,48547,48548,1,6,1,0,0,0,0,0
ActPlane,3dae89cd06ae,complete,e416851cf9b8d8b5,cceaecc37a0b59ea,48548,48552,4,33354,1,0,0,0,0,0
ActPlane,3dae89cd06ae,complete,cceaecc37a0b59ea,4a1dd0c0f5c2c612,48552,48553,1,0,1,0,0,0,0,0
ActPlane,3dae89cd06ae,complete,4a1dd0c0f5c2c612,e729f27e6426638e,48553,48592,39,90372,1,0,0,0,0,0
ActPlane,3dae89cd06ae,complete,e729f27e6426638e,6dd94ae451641689,48592,48593,1,37,1,0,0,0,0,0
ActPlane,3dae89cd06ae,complete,6dd94ae451641689,4068b9c4bad4d675,48593,48634,41,162616,1,0,0,0,0,0
ActPlane,3dae89cd06ae,complete,4068b9c4bad4d675,3b8c6aa90097bf71,48634,48635,1,42,1,0,0,0,0,0
ActPlane,3dae89cd06ae,complete,3b8c6aa90097bf71,c56068b258f4585b,48635,48707,72,516997,1,0,0,1,0,0
ActPlane,3dae89cd06ae,complete,c56068b258f4585b,3b28d8c4899b6efd,48707,48708,1,38,1,0,0,0,0,0
ActPlane,3dae89cd06ae,complete,3b28d8c4899b6efd,50c66ac3d5ca9aae,48708,48728,20,166047,1,0,0,0,0,0
ActPlane,3dae89cd06ae,complete,50c66ac3d5ca9aae,996fd38a75459d2b,48728,48729,1,55,1,0,0,0,0,0
ActPlane,3dae89cd06ae,complete,996fd38a75459d2b,ab63218ddf1ad010,48729,48730,1,42,1,0,0,0,0,0
ActPlane,3dae89cd06ae,complete,ab63218ddf1ad010,7f34d1ced2f3f085,48730,48733,3,10272,1,0,0,0,0,0
ActPlane,3dae89cd06ae,complete,7f34d1ced2f3f085,6f68cd6a9ab59bb8,48733,48736,3,60768,1,0,0,1,0,0
ActPlane,3dae89cd06ae,complete,6f68cd6a9ab59bb8,bee55533bfc7fec7,48736,48737,1,31,1,0,0,0,0,0
ActPlane,3dae89cd06ae,complete,bee55533bfc7fec7,38da1adf1e73ed1f,48737,48742,5,44335,1,0,0,0,0,0
ActPlane,3dae89cd06ae,complete,38da1adf1e73ed1f,5e7a5857f404ad92,48742,48744,2,19,1,0,0,0,0,0
ActPlane,3dae89cd06ae,complete,5e7a5857f404ad92,c0571b3bbeccd6fb,48744,48828,84,545526,1,0,0,1,0,0
ActPlane,3dae89cd06ae,complete,c0571b3bbeccd6fb,a0f8053c388d7aea,48828,48829,1,58,1,0,0,0,0,0
ActPlane,3dae89cd06ae,complete,a0f8053c388d7aea,5a04f0ab6175025b,48829,48835,6,36295,1,0,0,1,0,0
ActPlane,3dae89cd06ae,complete,5a04f0ab6175025b,fd38978b6617d195,48835,48836,1,1,1,0,0,0,0,0
ActPlane,3dae89cd06ae,complete,fd38978b6617d195,44f598df8af2501d,48836,48839,3,26253,1,0,0,1,0,0
ActPlane,3dae89cd06ae,complete,44f598df8af2501d,a11bba28060dddc4,48839,48841,2,162,1,0,0,0,0,0
ActPlane,3dae89cd06ae,complete,a11bba28060dddc4,9a69d31eaf4b513d,48841,48842,1,8882,1,0,0,0,0,0
ActPlane,3dae89cd06ae,complete,9a69d31eaf4b513d,6895b0548ca9df06,48842,48845,3,17603,1,0,0,0,0,0
ActPlane,3dae89cd06ae,complete,6895b0548ca9df06,53e203e61f5f6ca2,48845,48854,9,775570,1,0,0,0,0,0
ActPlane,3dae89cd06ae,complete,53e203e61f5f6ca2,a00d3140addb33a3,48854,48856,2,25183,1,0,0,0,0,0
ActPlane,3dae89cd06ae,complete,a00d3140addb33a3,65613712249c4703,48856,48893,37,231213,1,0,0,0,0,0
ActPlane,3dae89cd06ae,complete,65613712249c4703,c05e17c36a5affde,48893,48897,4,20812,1,0,0,1,0,0
ActPlane,3dae89cd06ae,complete,c05e17c36a5affde,9073e83acec43dea,48897,48898,1,0,1,0,0,0,0,0
ActPlane,3dae89cd06ae,complete,9073e83acec43dea,5c06353735ff2b6e,48898,48899,1,98,1,0,0,0,0,0
ActPlane,3dae89cd06ae,complete,5c06353735ff2b6e,466eba82e2584362,48899,48921,22,125845,1,0,0,0,0,0
ActPlane,3dae89cd06ae,complete,466eba82e2584362,ff4402f1032b4373,48921,48936,15,94728,1,0,0,1,0,0
ActPlane,3dae89cd06ae,complete,ff4402f1032b4373,022d5ae2d9760005,48936,48937,1,35,1,0,0,0,0,0
ActPlane,3dae89cd06ae,complete,022d5ae2d9760005,187a814691fbe855,48937,48939,2,6533,1,0,0,0,0,0
ActPlane,3dae89cd06ae,complete,187a814691fbe855,d76eb57f15f0fed9,48939,48940,1,10758,1,0,0,0,0,0
ActPlane,3dae89cd06ae,complete,d76eb57f15f0fed9,3d28cf07bf7642b8,48940,48941,1,1,1,0,0,0,0,0
ActPlane,3dae89cd06ae,complete,3d28cf07bf7642b8,459e0d6fdf9b899b,48941,48942,1,0,1,0,0,0,0,0
ActPlane,3dae89cd06ae,complete,459e0d6fdf9b899b,1fb4479de1c2b3a6,48942,48948,6,28449,1,0,0,1,0,0
ActPlane,3dae89cd06ae,complete,1fb4479de1c2b3a6,d70542f0c0c9a4e5,48948,48949,1,27,1,0,0,0,0,0
ActPlane,3dae89cd06ae,complete,d70542f0c0c9a4e5,6b6f345e1b4c73e1,48949,48960,11,91673,1,0,0,0,0,0
ActPlane,3dae89cd06ae,complete,6b6f345e1b4c73e1,a90d69c935a5b1bd,48960,48963,3,4,1,0,0,0,0,0
ActPlane,3dae89cd06ae,complete,a90d69c935a5b1bd,343e441882ffcae3,48963,48964,1,22218,1,0,0,0,0,0
ActPlane,3dae89cd06ae,complete,343e441882ffcae3,691a7c839dfe665e,48964,48965,1,0,1,0,0,0,0,0
ActPlane,3dae89cd06ae,complete,691a7c839dfe665e,7025de1e9ad32b05,48965,48966,1,30,1,0,0,0,0,0
ActPlane,3dae89cd06ae,complete,7025de1e9ad32b05,8d59dcf7caf461f0,48966,49008,42,126516,1,0,0,0,0,0
ActPlane,3dae89cd06ae,complete,8d59dcf7caf461f0,f0db80e6e526e655,49008,49009,1,1,1,0,0,0,0,0
ActPlane,3dae89cd06ae,complete,f0db80e6e526e655,c28c590822483716,49009,49010,1,25,1,0,0,0,0,0
ActPlane,3dae89cd06ae,complete,c28c590822483716,414c48b6ff09da0d,49010,49011,1,13753,1,0,0,0,0,0
ActPlane,3dae89cd06ae,complete,414c48b6ff09da0d,9f72bbd99e9689b6,49011,49012,1,8,1,0,0,0,0,0
ActPlane,3dae89cd06ae,complete,9f72bbd99e9689b6,d561e7af1e66aa89,49012,49094,82,476727,1,0,0,0,0,0
ActPlane,3dae89cd06ae,complete,d561e7af1e66aa89,c5d50a8153921f6d,49094,49095,1,0,1,0,0,0,0,0
ActPlane,3dae89cd06ae,complete,c5d50a8153921f6d,a99f0fbae2b2e4c7,49095,49096,1,24,1,0,0,0,0,0
ActPlane,3dae89cd06ae,complete,a99f0fbae2b2e4c7,be60581b19a11251,49096,49097,1,12265,1,0,0,0,0,0
ActPlane,3dae89cd06ae,complete,be60581b19a11251,386ef6e9fd4b9866,49097,49098,1,0,1,0,0,0,0,0
ActPlane,3dae89cd06ae,complete,386ef6e9fd4b9866,7e1e9b2e99a48f2e,49098,49099,1,1,1,0,0,0,0,0
ActPlane,3dae89cd06ae,complete,7e1e9b2e99a48f2e,d06852535add5fe8,49099,49100,1,23918,1,0,0,0,0,0
ActPlane,3dae89cd06ae,complete,d06852535add5fe8,7c40af2a02e67300,49100,49101,1,3,1,0,0,0,0,0
ActPlane,3dae89cd06ae,complete,7c40af2a02e67300,0249e527d132d025,49101,49102,1,162,1,0,0,0,0,0
ActPlane,3dae89cd06ae,complete,0249e527d132d025,d7542f7e62ee05e4,49102,49104,2,33278,1,0,0,0,0,0
ActPlane,3dae89cd06ae,complete,d7542f7e62ee05e4,5397f22825d506b0,49104,49106,2,68,1,0,0,0,0,0
ActPlane,3dae89cd06ae,complete,5397f22825d506b0,b51f6f5174513a08,49106,49107,1,46,1,0,0,0,0,0
ActPlane,3dae89cd06ae,complete,b51f6f5174513a08,4084188a76a64c45,49107,49129,22,120762,1,0,0,0,0,0
ActPlane,3dae89cd06ae,complete,4084188a76a64c45,b75e6d8d7f881f03,49129,49144,15,120243,1,0,0,0,0,0
ActPlane,3dae89cd06ae,complete,b75e6d8d7f881f03,8890be7afd810b3b,49144,49149,5,34697,1,0,0,1,0,0
ActPlane,3dae89cd06ae,complete,8890be7afd810b3b,c26fb5130cb5771b,49149,49153,4,29524256,1,0,0,1,0,0
ActPlane,3dae89cd06ae,complete,c26fb5130cb5771b,fb59eb065f80097a,49153,49157,4,25053,1,0,0,1,0,0
ActPlane,3dae89cd06ae,complete,fb59eb065f80097a,cc65a87969534fea,49157,49158,1,34,1,0,0,0,0,0
ActPlane,3dae89cd06ae,complete,cc65a87969534fea,c728c5159f2e18a9,49158,49159,1,9394,1,0,0,0,0,0
ActPlane,3dae89cd06ae,complete,c728c5159f2e18a9,db0b8e39aa9bf803,49159,49160,1,191,1,0,0,0,0,0
ActPlane,3dae89cd06ae,complete,db0b8e39aa9bf803,355990bb9962c3a0,49160,49163,3,28610,1,0,0,0,0,0
ActPlane,3dae89cd06ae,complete,355990bb9962c3a0,895e81adf7041b2b,49163,49205,42,248463,1,0,0,0,0,0
ActPlane,3dae89cd06ae,complete,895e81adf7041b2b,488f82553376d6a8,49205,49207,2,24424,1,0,0,0,0,0
ActPlane,3dae89cd06ae,complete,488f82553376d6a8,5b9738036e5ce236,49207,49208,1,3006,1,0,0,0,0,0
ActPlane,3dae89cd06ae,complete,5b9738036e5ce236,f3548f734ad39c04,49208,49209,1,5285,1,0,0,0,0,0
ActPlane,3dae89cd06ae,complete,f3548f734ad39c04,4a97e9a3bd078d50,49209,49210,1,12583,1,0,0,0,0,0
ActPlane,3dae89cd06ae,complete,4a97e9a3bd078d50,d521f066b863c0ef,49210,49214,4,11795,1,0,0,0,0,0
ActPlane,3dae89cd06ae,complete,d521f066b863c0ef,3610bbcf9dfc4bf4,49214,49215,1,12081,1,0,0,0,0,0
ActPlane,3dae89cd06ae,complete,3610bbcf9dfc4bf4,5ac1ffb102ef6d87,49215,49255,40,322610,1,0,0,2,0,0
ActPlane,3dae89cd06ae,complete,5ac1ffb102ef6d87,efb423f1b77b327d,49255,49265,10,90716,1,0,0,0,0,0
ActPlane,3dae89cd06ae,complete,efb423f1b77b327d,fdca794e0b9e13e5,49265,49267,2,4969,1,0,0,1,0,0
ActPlane,3dae89cd06ae,complete,fdca794e0b9e13e5,da90fd69653e6aaa,49267,49285,18,149187,1,0,0,0,0,0
ActPlane,3dae89cd06ae,complete,da90fd69653e6aaa,af65c110c56246ea,49285,49293,8,49740,1,0,0,3,0,0
ActPlane,3dae89cd06ae,complete,af65c110c56246ea,5ef1a1d4d5d347c2,49293,49295,2,9085,1,0,0,1,0,0
ActPlane,3dae89cd06ae,complete,5ef1a1d4d5d347c2,6667601a5f482503,49295,49318,23,155523,1,0,0,0,0,0
ActPlane,3dae89cd06ae,complete,6667601a5f482503,5d92a3cffc4b08cd,49318,49320,2,10142,1,0,0,0,0,0
ActPlane,3dae89cd06ae,complete,5d92a3cffc4b08cd,e540c37bc61c16a6,49320,49321,1,6826,1,0,0,0,0,0
ActPlane,3dae89cd06ae,complete,e540c37bc61c16a6,76591b3ca6cc5cb1,49321,49322,1,1,1,0,0,0,0,0
ActPlane,3dae89cd06ae,complete,76591b3ca6cc5cb1,1ae10fec1ebc312b,49322,49323,1,31,1,0,0,0,0,0
ActPlane,3dae89cd06ae,complete,1ae10fec1ebc312b,9862e58e078b1c3f,49323,49324,1,5841,1,0,0,0,0,0
ActPlane,3dae89cd06ae,complete,9862e58e078b1c3f,48303b9ddaf09aed,49324,49325,1,23187,1,0,0,0,0,0
ActPlane,3dae89cd06ae,complete,48303b9ddaf09aed,d73f43109e1e8195,49325,49443,118,688205,1,0,0,1,0,0
ActPlane,3dae89cd06ae,complete,d73f43109e1e8195,48af5a3b39b558d7,49443,49444,1,32,1,0,0,0,0,0
ActPlane,3dae89cd06ae,complete,48af5a3b39b558d7,e3eef3d668d30a2a,49444,49446,2,14534,1,0,0,0,0,0
ActPlane,3dae89cd06ae,complete,e3eef3d668d30a2a,2ab51d6315111c68,49446,49447,1,37,1,0,0,0,0,0
ActPlane,3dae89cd06ae,complete,2ab51d6315111c68,e11eba433c67a57f,49447,49448,1,152,1,0,0,0,0,0
ActPlane,3dae89cd06ae,complete,e11eba433c67a57f,1af6d800b5fcb925,49448,49454,6,53152,1,0,0,0,0,0
ActPlane,3dae89cd06ae,complete,1af6d800b5fcb925,89157a98ff6be59c,49454,49456,2,155,1,0,0,0,0,0
ActPlane,3dae89cd06ae,complete,89157a98ff6be59c,4bd9450290f79657,49456,49457,1,8268,1,0,0,0,0,0
ActPlane,3dae89cd06ae,complete,4bd9450290f79657,454a84b86d6e46f2,49457,49458,1,89,1,0,0,0,0,0
ActPlane,3dae89cd06ae,complete,454a84b86d6e46f2,4c3f7a670035d96c,49458,49506,48,300433,1,0,0,0,0,0
ActPlane,3dae89cd06ae,complete,4c3f7a670035d96c,4fb2b1f5b983bc7c,49506,49512,6,19505,1,0,0,1,0,0
ActPlane,3dae89cd06ae,complete,4fb2b1f5b983bc7c,5ac1eb6a2d1790b2,49512,49513,1,21,1,0,0,0,0,0
ActPlane,3dae89cd06ae,complete,5ac1eb6a2d1790b2,97b3c143480afdb4,49513,49514,1,3984,1,0,0,0,0,0
ActPlane,3dae89cd06ae,complete,97b3c143480afdb4,55595693614ffac1,49514,49606,92,554395,1,0,0,2,0,0
ActPlane,3dae89cd06ae,complete,55595693614ffac1,9dc7476a38116c3a,49606,49607,1,1,1,0,0,0,0,0
ActPlane,3dae89cd06ae,complete,9dc7476a38116c3a,b57f40b56c5560d6,49607,49608,1,21,1,0,0,0,0,0
ActPlane,3dae89cd06ae,complete,b57f40b56c5560d6,871b4cfc4f792088,49608,49615,7,26976,1,0,0,0,0,0
ActPlane,3dae89cd06ae,complete,871b4cfc4f792088,4b0af77277b75c98,49615,49631,16,148320,1,0,0,0,0,0
ActPlane,3dae89cd06ae,complete,4b0af77277b75c98,ad6950152af43b80,49631,49633,2,51,1,0,0,0,0,0
ActPlane,3dae89cd06ae,complete,ad6950152af43b80,d3f753004ea603a0,49633,49649,16,52847,1,0,0,0,0,0
ActPlane,3dae89cd06ae,complete,d3f753004ea603a0,0d4c641313db2049,49649,49651,2,162,1,0,0,1,0,0
ActPlane,3dae89cd06ae,complete,0d4c641313db2049,9e65b870fe53bbe2,49651,49655,4,4688,1,0,0,0,0,0
ActPlane,3dae89cd06ae,complete,9e65b870fe53bbe2,2c462da66398721f,49655,49754,99,670427,1,0,0,5,0,0
ActPlane,3dae89cd06ae,complete,2c462da66398721f,2fbffaa3324aa154,49754,49755,1,1,1,0,0,0,0,0
ActPlane,3dae89cd06ae,complete,2fbffaa3324aa154,ad4152806169fb9c,49755,49756,1,70,1,0,0,0,0,0
ActPlane,3dae89cd06ae,complete,ad4152806169fb9c,4c431cf3ab85aa0c,49756,49757,1,10007,1,0,0,0,0,0
ActPlane,3dae89cd06ae,complete,4c431cf3ab85aa0c,7188ebcd4203d7bd,49757,49759,2,119,1,0,0,0,0,0
ActPlane,3dae89cd06ae,complete,7188ebcd4203d7bd,9d67f67243b81aef,49759,49760,1,4697,1,0,0,0,0,0
ActPlane,3dae89cd06ae,complete,9d67f67243b81aef,12e8ff3270cea59f,49760,49761,1,8292,1,0,0,0,0,0
ActPlane,3dae89cd06ae,complete,12e8ff3270cea59f,5fab4277e61a6965,49761,49778,17,128587,1,0,0,0,1,0
ActPlane,3dae89cd06ae,complete,5fab4277e61a6965,a6446904df86972c,49778,49780,2,31534,1,0,0,0,0,0
ActPlane,3dae89cd06ae,complete,a6446904df86972c,602a54b0c59b3537,49780,49782,2,286,1,0,0,0,0,0
ActPlane,3dae89cd06ae,complete,602a54b0c59b3537,b6383bc00ccef572,49782,49826,44,238860,1,0,0,1,0,0
ActPlane,3dae89cd06ae,complete,b6383bc00ccef572,d8a595f20ab7f7f1,49826,49827,1,41,1,0,0,0,0,0
ActPlane,3dae89cd06ae,complete,d8a595f20ab7f7f1,81436909b675e642,49827,49829,2,11854,1,0,0,0,0,0
ActPlane,3dae89cd06ae,complete,81436909b675e642,237fe9163e299659,49829,49831,2,2933,1,0,0,0,0,0
ActPlane,3dae89cd06ae,complete,237fe9163e299659,8451746dcc29df3e,49831,49832,1,4694,1,0,0,0,0,0
ActPlane,3dae89cd06ae,complete,8451746dcc29df3e,7523fecb97f86ff8,49832,49833,1,28610,1,0,0,0,0,0
ActPlane,3dae89cd06ae,complete,7523fecb97f86ff8,1a662634865b8f6b,49833,49871,38,261669,1,0,0,2,0,0
ActPlane,3dae89cd06ae,complete,1a662634865b8f6b,79df9aec627fbebe,49871,49879,8,57503,1,0,0,0,0,0
ActPlane,3dae89cd06ae,complete,79df9aec627fbebe,b8ce369253e7ad64,49879,49881,2,131,1,0,0,0,0,0
ActPlane,3dae89cd06ae,complete,b8ce369253e7ad64,be6f9f0ba1223392,49881,49913,32,175800,1,0,0,0,0,0
ActPlane,3dae89cd06ae,complete,be6f9f0ba1223392,9f36b9f6d804228d,49913,49914,1,193,1,0,0,0,0,0
ActPlane,3dae89cd06ae,complete,9f36b9f6d804228d,6b00d11c354e16ac,49914,49915,1,9045,1,0,0,0,0,0
ActPlane,3dae89cd06ae,complete,6b00d11c354e16ac,dcdae8720d362c69,49915,49917,2,1,1,0,0,0,0,0
ActPlane,3dae89cd06ae,complete,dcdae8720d362c69,ef61ad355c595af0,49917,49965,48,346819,1,0,0,1,0,0
ActPlane,3dae89cd06ae,complete,ef61ad355c595af0,665c4ccaac613119,49965,49975,10,88956,1,0,0,0,0,0
ActPlane,3dae89cd06ae,complete,665c4ccaac613119,5e153beeb758281f,49975,49978,3,42,1,0,0,1,0,0
ActPlane,3dae89cd06ae,complete,5e153beeb758281f,a7df4058b50e5d09,49978,49982,4,28658,1,0,0,0,0,0
ActPlane,3dae89cd06ae,complete,a7df4058b50e5d09,b923add69978740b,49982,49983,1,0,1,0,0,0,0,0
ActPlane,3dae89cd06ae,complete,b923add69978740b,52189376caec820c,49983,49984,1,0,1,0,0,0,0,0
ActPlane,3dae89cd06ae,complete,52189376caec820c,645ba7a45a2d308c,49984,49985,1,26,1,0,0,0,0,0
ActPlane,3dae89cd06ae,complete,645ba7a45a2d308c,80698210a5c7bcc3,49985,49986,1,5385,1,0,0,0,0,0
ActPlane,3dae89cd06ae,complete,80698210a5c7bcc3,839f9cd17f54e9fa,49986,50015,29,79787,1,0,0,0,0,0
ActPlane,3dae89cd06ae,complete,839f9cd17f54e9fa,4863d891c7b0bce1,50015,50016,1,1,1,0,0,0,0,0
ActPlane,3dae89cd06ae,complete,4863d891c7b0bce1,3bde4555369a98c2,50016,50017,1,50,1,0,0,0,0,0
ActPlane,3dae89cd06ae,complete,3bde4555369a98c2,8b7a73a9a37bb8c2,50017,50031,14,70520,1,0,0,0,0,0
ActPlane,3dae89cd06ae,complete,8b7a73a9a37bb8c2,ec127038e54635de,50031,50036,5,81185,1,0,0,0,0,0
ActPlane,3dae89cd06ae,complete,ec127038e54635de,447045e71e6d4bd1,50036,50054,18,102613,1,0,0,0,0,0
ActPlane,3dae89cd06ae,complete,447045e71e6d4bd1,c7ee929ac95735ca,50054,50055,1,0,1,0,0,0,0,0
ActPlane,3dae89cd06ae,complete,c7ee929ac95735ca,d118ebf1163a0a6c,50055,50056,1,0,1,0,0,0,0,0
ActPlane,3dae89cd06ae,complete,d118ebf1163a0a6c,ee75c74703f58483,50056,50057,1,709,1,0,0,0,0,0
ActPlane,3dae89cd06ae,complete,ee75c74703f58483,f0d8166cd7624067,50057,50059,2,15988,1,0,0,0,0,0
ActPlane,3dae89cd06ae,complete,f0d8166cd7624067,79db36531c35b5df,50059,50061,2,65,1,0,0,0,0,0
ActPlane,3dae89cd06ae,complete,79db36531c35b5df,3e1ba4e8d725b218,50061,50071,10,58078,1,0,0,0,0,0
ActPlane,3dae89cd06ae,complete,3e1ba4e8d725b218,f752f3d5e00d4ed8,50071,50072,1,3,1,0,0,0,0,0
ActPlane,3dae89cd06ae,complete,f752f3d5e00d4ed8,4f85043f6ed45967,50072,50073,1,72,1,0,0,0,0,0
ActPlane,3dae89cd06ae,complete,4f85043f6ed45967,acbddbcfd06651b6,50073,50091,18,185150,1,0,0,0,0,0
ActPlane,3dae89cd06ae,complete,acbddbcfd06651b6,a38febf101b505b4,50091,50094,3,8357,1,0,0,1,0,0
ActPlane,3dae89cd06ae,complete,a38febf101b505b4,dfb7211a8f12b9c4,50094,50106,12,62001,1,0,0,4,0,0
ActPlane,3dae89cd06ae,complete,dfb7211a8f12b9c4,7bbcaf4cb5a72277,50106,50107,1,18,1,0,0,0,0,0
ActPlane,3dae89cd06ae,complete,7bbcaf4cb5a72277,8d2986d7a866d9b7,50107,50108,1,19,1,0,0,0,0,0
ActPlane,3dae89cd06ae,complete,8d2986d7a866d9b7,3627975c0884666f,50108,50109,1,53,1,0,0,0,0,0
ActPlane,3dae89cd06ae,complete,3627975c0884666f,d21155d34d50158e,50109,50119,10,53932,1,0,0,0,0,0
ActPlane,3dae89cd06ae,complete,d21155d34d50158e,e3bba2ed6b95a61f,50119,50121,2,45,1,0,0,0,0,0
ActPlane,3dae89cd06ae,complete,e3bba2ed6b95a61f,096954e669c6c264,50121,50163,42,154559,1,0,0,0,0,0
ActPlane,3dae89cd06ae,complete,096954e669c6c264,4731dd532fd968ba,50163,50166,3,41,1,0,0,0,0,0
ActPlane,3dae89cd06ae,complete,4731dd532fd968ba,7550065c7d7495e3,50166,50173,7,34978,1,0,0,0,0,0
ActPlane,3dae89cd06ae,complete,7550065c7d7495e3,8915c42724817dff,50173,50175,2,33,1,0,0,1,0,0
ActPlane,3dae89cd06ae,complete,8915c42724817dff,f398d3fc9ac452f3,50175,50176,1,7677,1,0,0,0,0,0
ActPlane,3dae89cd06ae,complete,f398d3fc9ac452f3,50e1e5b190a9d4cf,50176,50177,1,0,1,0,0,0,0,0
ActPlane,3dae89cd06ae,complete,50e1e5b190a9d4cf,7e5b48923daa9f49,50177,50178,1,0,1,0,0,0,0,0
ActPlane,3dae89cd06ae,complete,7e5b48923daa9f49,414af7acebb5ae06,50178,50186,8,52047,1,0,0,0,0,0
ActPlane,3dae89cd06ae,complete,414af7acebb5ae06,e8c09a5c673e4325,50186,50198,12,39880,1,0,0,0,0,0
ActPlane,3dae89cd06ae,complete,e8c09a5c673e4325,b3bf1f511c12b89d,50198,50199,1,7,1,0,0,0,0,0
ActPlane,3dae89cd06ae,complete,b3bf1f511c12b89d,828b3c7bc4916f37,50199,50200,1,0,1,0,0,0,0,0
ActPlane,3dae89cd06ae,complete,828b3c7bc4916f37,0f9dafb10a325fa9,50200,50202,2,7317,1,0,0,0,0,0
ActPlane,3dae89cd06ae,complete,0f9dafb10a325fa9,d33600af5e3d1ec0,50202,50221,19,171938,1,0,0,1,0,0
ActPlane,3dae89cd06ae,complete,d33600af5e3d1ec0,4cac324844abcd59,50221,50222,1,14,1,0,0,0,0,0
ActPlane,3dae89cd06ae,complete,4cac324844abcd59,8045636d2d80ef65,50222,50223,1,14,1,0,0,0,0,0
ActPlane,3dae89cd06ae,complete,8045636d2d80ef65,3a43c9ec5153e860,50223,50225,2,10937,1,0,0,0,0,0
ActPlane,3dae89cd06ae,complete,3a43c9ec5153e860,eda1661ab2779d6e,50225,50227,2,24,1,0,0,0,0,0
ActPlane,3dae89cd06ae,complete,eda1661ab2779d6e,fd94d7e2aaaf010f,50227,50231,4,19372,1,0,0,0,0,0
ActPlane,3dae89cd06ae,complete,fd94d7e2aaaf010f,2419ebfccbc7ab59,50231,50245,14,17820,1,0,0,0,0,0
ActPlane,3dae89cd06ae,complete,2419ebfccbc7ab59,0455122b21285770,50245,50246,1,206,1,0,0,0,0,0
ActPlane,3dae89cd06ae,complete,0455122b21285770,41def300f651da25,50246,50254,8,24810,1,0,0,0,0,0
ActPlane,3dae89cd06ae,complete,41def300f651da25,2cc7ac94fb35f918,50254,50255,1,69,1,0,0,0,0,0
ActPlane,3dae89cd06ae,complete,2cc7ac94fb35f918,2b5cc6a68edced7d,50255,50257,2,9390,1,0,0,0,0,0
ActPlane,3dae89cd06ae,complete,2b5cc6a68edced7d,a05e16854cbe8b4d,50257,50258,1,0,1,0,0,0,0,0
ActPlane,3dae89cd06ae,complete,a05e16854cbe8b4d,0b5520a595b2bfcc,50258,50259,1,64,1,0,0,0,0,0
ActPlane,3dae89cd06ae,complete,0b5520a595b2bfcc,0feb071c32e77a24,50259,50260,1,6940,1,0,0,0,0,0
ActPlane,3dae89cd06ae,complete,0feb071c32e77a24,2381522ddca702ec,50260,50261,1,0,1,0,0,0,0,0
ActPlane,3dae89cd06ae,complete,2381522ddca702ec,a92aa3312bd287a7,50261,50266,5,35667,1,0,0,0,0,0
ActPlane,3dae89cd06ae,complete,a92aa3312bd287a7,14b1672617ea5338,50266,50270,4,40245,1,0,0,1,0,0
ActPlane,3dae89cd06ae,complete,14b1672617ea5338,568dc63cd93d214f,50270,50271,1,7771,1,0,0,0,0,0
ActPlane,3dae89cd06ae,complete,568dc63cd93d214f,4da07aef07ab1bd5,50271,50288,17,164806,1,0,0,1,0,0
ActPlane,3dae89cd06ae,complete,4da07aef07ab1bd5,04851cd02308ce37,50288,50289,1,1,1,0,0,0,0,0
ActPlane,3dae89cd06ae,complete,04851cd02308ce37,23fb54d7b78ee4a3,50289,50290,1,49,1,0,0,0,0,0
ActPlane,3dae89cd06ae,complete,23fb54d7b78ee4a3,d9b7b2c5b334ceea,50290,50298,8,67048,1,0,0,0,0,0
ActPlane,3dae89cd06ae,complete,d9b7b2c5b334ceea,f1ea0bd048ed2997,50298,50301,3,5492,1,0,0,1,0,0
ActPlane,3dae89cd06ae,complete,f1ea0bd048ed2997,5551d724993303c6,50301,50302,1,27,1,0,0,0,0,0
ActPlane,3dae89cd06ae,complete,5551d724993303c6,10dc9628c05cdc02,50302,50306,4,24652,1,0,0,0,1,0
ActPlane,3dae89cd06ae,complete,10dc9628c05cdc02,f5125207f82e6514,50306,50369,63,313408,1,0,0,1,0,0
ActPlane,3dae89cd06ae,complete,f5125207f82e6514,d9030388e3c15dc5,50369,50370,1,0,1,0,0,0,0,0
ActPlane,3dae89cd06ae,complete,d9030388e3c15dc5,89a90678634442f8,50370,50371,1,41,1,0,0,0,0,0
ActPlane,3dae89cd06ae,complete,89a90678634442f8,dd69f7069cf2f7f8,50371,50373,2,13894,1,0,0,0,0,0
ActPlane,3dae89cd06ae,complete,dd69f7069cf2f7f8,c022f1cf0696f83e,50373,50375,2,1,1,0,0,0,0,0
ActPlane,3dae89cd06ae,complete,c022f1cf0696f83e,6b881aa5bbee215c,50375,50391,16,67699,1,0,0,0,0,0
ActPlane,3dae89cd06ae,complete,6b881aa5bbee215c,306d4a8640c890d9,50391,50392,1,3,1,0,0,0,0,0
ActPlane,3dae89cd06ae,complete,306d4a8640c890d9,d355c516c5e76c37,50392,50401,9,52997,1,0,0,0,0,0
ActPlane,3dae89cd06ae,complete,d355c516c5e76c37,579e803f89c91ff0,50401,50417,16,152211,1,0,0,0,0,0
ActPlane,3dae89cd06ae,complete,579e803f89c91ff0,b088297acfc217a4,50417,50420,3,3404,1,0,0,0,0,0
ActPlane,3dae89cd06ae,complete,b088297acfc217a4,02ecc2ef3383c042,50420,50456,36,203415,1,0,0,1,0,0
ActPlane,3dae89cd06ae,complete,02ecc2ef3383c042,a9db9d250890715d,50456,50458,2,9934,1,0,0,0,0,0
ActPlane,3dae89cd06ae,complete,a9db9d250890715d,dfb0e8a88a238a09,50458,50460,2,29,1,0,0,0,0,0
ActPlane,3dae89cd06ae,complete,dfb0e8a88a238a09,3c330ab10603feba,50460,50486,26,69222,1,0,0,1,0,0
ActPlane,3dae89cd06ae,complete,3c330ab10603feba,b510e58db211cc63,50486,50491,5,16066,1,0,0,0,0,0
ActPlane,3dae89cd06ae,complete,b510e58db211cc63,bbe89bee79852d9b,50491,50493,2,27,1,0,0,0,0,0
ActPlane,3dae89cd06ae,complete,bbe89bee79852d9b,a9b47c112398d89b,50493,50507,14,84331,1,0,0,0,0,0
ActPlane,3dae89cd06ae,complete,a9b47c112398d89b,100ee74c2be3cbe9,50507,50513,6,115898,1,0,0,1,0,0
ActPlane,3dae89cd06ae,complete,100ee74c2be3cbe9,e4004a9a22b22e3f,50513,50515,2,10541,1,0,0,0,0,0
ActPlane,3dae89cd06ae,complete,e4004a9a22b22e3f,4a76cfb0694ab016,50515,50517,2,50,1,0,0,0,0,0
ActPlane,3dae89cd06ae,complete,4a76cfb0694ab016,0b616cf0025225e8,50517,50530,13,61401,1,0,0,0,0,0
ActPlane,3dae89cd06ae,complete,0b616cf0025225e8,46df9df96a240351,50530,50537,7,92816,1,0,0,1,0,0
ActPlane,3dae89cd06ae,complete,46df9df96a240351,956a82360227f055,50537,50539,2,9399,1,0,0,0,0,0
ActPlane,3dae89cd06ae,complete,956a82360227f055,739801764c9793b8,50539,50541,2,60,1,0,0,0,0,0
ActPlane,3dae89cd06ae,complete,739801764c9793b8,4fcb67425a28852d,50541,50550,9,60750,1,0,0,0,0,0
ActPlane,3dae89cd06ae,complete,4fcb67425a28852d,64ebf4b60a296d1f,50550,50572,22,249339,1,0,0,1,0,0
ActPlane,3dae89cd06ae,complete,64ebf4b60a296d1f,8a0b2333bada0027,50572,50573,1,27,1,0,0,0,0,0
ActPlane,3dae89cd06ae,complete,8a0b2333bada0027,d7b27f7be5cde6cd,50573,50584,11,62831,1,0,0,0,0,0
ActPlane,3dae89cd06ae,complete,d7b27f7be5cde6cd,b6478369be4f0dda,50584,50586,2,36,1,0,0,0,0,0
ActPlane,3dae89cd06ae,complete,b6478369be4f0dda,20c7d09ff7ba7444,50586,50599,13,63733,1,0,0,0,0,0
ActPlane,3dae89cd06ae,complete,20c7d09ff7ba7444,2016a7cca63fadc5,50599,50601,2,256,1,0,0,0,0,0
ActPlane,3dae89cd06ae,complete,2016a7cca63fadc5,782532efef9ec492,50601,50605,4,15305,1,0,0,0,0,0
ActPlane,3dae89cd06ae,complete,782532efef9ec492,604f7087f6b4027a,50605,50624,19,73928,1,0,0,0,0,0
ActPlane,3dae89cd06ae,complete,604f7087f6b4027a,4855ebf7e9d8da49,50624,50625,1,8764,1,0,0,0,0,0
ActPlane,3dae89cd06ae,complete,4855ebf7e9d8da49,778e9feafcdbfc0d,50625,50636,11,76695,1,0,0,0,0,0
ActPlane,3dae89cd06ae,complete,778e9feafcdbfc0d,b1b9c8e2d5eef66c,50636,50638,2,6191,1,0,0,0,0,0
ActPlane,3dae89cd06ae,complete,b1b9c8e2d5eef66c,ab5f70196cb0507a,50638,50653,15,177992,1,0,0,1,0,0
ActPlane,3dae89cd06ae,complete,ab5f70196cb0507a,c33734b75de9f043,50653,50655,2,15057,1,0,0,0,0,0
ActPlane,3dae89cd06ae,complete,c33734b75de9f043,8ef61236b71c19fd,50655,50657,2,52,1,0,0,0,0,0
ActPlane,3dae89cd06ae,complete,8ef61236b71c19fd,98998ceb9c0fb899,50657,50667,10,74536,1,0,0,0,0,0
ActPlane,3dae89cd06ae,complete,98998ceb9c0fb899,5f18159be637f0fc,50667,50671,4,39489,1,0,0,0,0,0
ActPlane,3dae89cd06ae,complete,5f18159be637f0fc,38aa7b57e4c4c6df,50671,50686,15,92660,1,0,0,0,0,0
ActPlane,3dae89cd06ae,complete,38aa7b57e4c4c6df,9706d915eb85c512,50686,50687,1,90,1,0,0,0,0,0
ActPlane,3dae89cd06ae,complete,9706d915eb85c512,fe3da1fcadd985be,50687,50698,11,188704,1,0,0,1,0,0
ActPlane,3dae89cd06ae,complete,fe3da1fcadd985be,537fb540ca3f1541,50698,50699,1,27,1,0,0,0,0,0
ActPlane,3dae89cd06ae,complete,537fb540ca3f1541,ceba030e2ee4edb4,50699,50706,7,57555,1,0,0,0,0,0
ActPlane,3dae89cd06ae,complete,ceba030e2ee4edb4,1096b3d59b1f3937,50706,50710,4,46027,1,0,0,0,0,0
ActPlane,3dae89cd06ae,complete,1096b3d59b1f3937,d7447c84d95e6c0e,50710,50711,1,0,1,0,0,0,0,0
ActPlane,3dae89cd06ae,complete,d7447c84d95e6c0e,abda1a6718b632da,50711,50713,2,14689,1,0,0,0,0,0
ActPlane,3dae89cd06ae,complete,abda1a6718b632da,f0b8116a0de944f1,50713,50715,2,62,1,0,0,0,0,0
ActPlane,3dae89cd06ae,complete,f0b8116a0de944f1,62887f37e9af2983,50715,50757,42,315299,1,0,0,1,0,0
ActPlane,3dae89cd06ae,complete,62887f37e9af2983,34709da9bb63ec2b,50757,50758,1,30,1,0,0,0,0,0
ActPlane,3dae89cd06ae,complete,34709da9bb63ec2b,83c48e2efcd41317,50758,50760,2,10104,1,0,0,0,0,0
ActPlane,3dae89cd06ae,complete,83c48e2efcd41317,bf66667ca1c4f3a2,50760,50762,2,328,1,0,0,0,0,0
ActPlane,3dae89cd06ae,complete,bf66667ca1c4f3a2,3eacf5b4f3ecefb2,50762,50804,42,358441,1,0,0,1,0,0
ActPlane,3dae89cd06ae,complete,3eacf5b4f3ecefb2,1f0b62fb21b5a7f9,50804,50811,7,55425,1,0,0,0,0,0
ActPlane,3dae89cd06ae,complete,1f0b62fb21b5a7f9,4a7992df37584ef4,50811,50812,1,11274,1,0,0,0,0,0
ActPlane,3dae89cd06ae,complete,4a7992df37584ef4,b8876fc3e4ed2c83,50812,50814,2,169,1,0,0,0,0,0
ActPlane,3dae89cd06ae,complete,b8876fc3e4ed2c83,568bc7b5c9ead8ed,50814,50818,4,78840,1,0,0,0,0,0
ActPlane,3dae89cd06ae,complete,568bc7b5c9ead8ed,7f0d1d2f657d6749,50818,50820,2,22,1,0,0,0,0,0
ActPlane,3dae89cd06ae,complete,7f0d1d2f657d6749,ea2b2b15b9a82aa7,50820,50863,43,200809,1,0,0,2,0,0
ActPlane,3dae89cd06ae,complete,ea2b2b15b9a82aa7,23349e047e0cb4db,50863,50864,1,1,1,0,0,0,0,0
ActPlane,3dae89cd06ae,complete,23349e047e0cb4db,ab321ecac94ab713,50864,50865,1,39,1,0,0,0,0,0
ActPlane,3dae89cd06ae,complete,ab321ecac94ab713,abf552e86f80f018,50865,50886,21,290581,1,0,0,1,0,0
ActPlane,3dae89cd06ae,complete,abf552e86f80f018,a80e07cb24b521c8,50886,50889,3,11922,1,0,0,0,0,0
ActPlane,3dae89cd06ae,complete,a80e07cb24b521c8,8e9b692509992c60,50889,50891,2,69,1,0,0,0,0,0
ActPlane,3dae89cd06ae,complete,8e9b692509992c60,f84ed2037d9a26c8,50891,50925,34,180806,1,0,0,2,0,0
ActPlane,3dae89cd06ae,complete,f84ed2037d9a26c8,06e1905635c07d85,50925,50926,1,0,1,0,0,0,0,0
ActPlane,3dae89cd06ae,complete,06e1905635c07d85,ae281c36989fd476,50926,50927,1,40,1,0,0,0,0,0
ActPlane,3dae89cd06ae,complete,ae281c36989fd476,c70844a1ebe3ac4d,50927,50931,4,29320,1,0,0,0,0,0
ActPlane,3dae89cd06ae,complete,c70844a1ebe3ac4d,51089505fa017d2e,50931,50933,2,11,1,0,0,0,0,0
ActPlane,3dae89cd06ae,complete,51089505fa017d2e,7060c15f8829ea63,50933,50934,1,41,1,0,0,0,0,0
ActPlane,3dae89cd06ae,complete,7060c15f8829ea63,b72f7a48f1d3b20b,50934,50967,33,113513,1,0,0,0,0,0
ActPlane,3dae89cd06ae,complete,b72f7a48f1d3b20b,0cdefee72b4962f3,50967,50969,2,7742,1,0,0,0,0,0
ActPlane,3dae89cd06ae,complete,0cdefee72b4962f3,44fcf897f0b6c1f8,50969,50978,9,90772,1,0,0,0,0,0
ActPlane,3dae89cd06ae,complete,44fcf897f0b6c1f8,f546f4a164c6f074,50978,50980,2,110,1,0,0,0,0,0
ActPlane,3dae89cd06ae,complete,f546f4a164c6f074,8df5f8718ea8a144,50980,51002,22,167027,1,0,0,0,0,0
ActPlane,3dae89cd06ae,complete,8df5f8718ea8a144,4f8c00a625e51bb4,51002,51009,7,38173,1,0,0,2,0,0
ActPlane,3dae89cd06ae,complete,4f8c00a625e51bb4,f760eaa762e5580b,51009,51010,1,76,1,0,0,0,0,0
ActPlane,3dae89cd06ae,complete,f760eaa762e5580b,045d2350b686d34a,51010,51020,10,73781,1,0,0,0,0,0
ActPlane,3dae89cd06ae,complete,045d2350b686d34a,37f9e1f71828db32,51020,51022,2,0,1,0,0,0,0,0
ActPlane,3dae89cd06ae,complete,37f9e1f71828db32,8f7858d60a1f21e8,51022,51023,1,289,1,0,0,0,0,0
ActPlane,3dae89cd06ae,complete,8f7858d60a1f21e8,e9581b287e382e74,51023,51042,19,47044,1,0,0,0,0,0
ActPlane,3dae89cd06ae,complete,e9581b287e382e74,6b55f0d3e070d9ac,51042,51044,2,49,1,0,0,0,0,0
ActPlane,3dae89cd06ae,complete,6b55f0d3e070d9ac,7c9f0e936a0cf3cc,51044,51067,23,61761,1,0,0,0,0,0
ActPlane,3dae89cd06ae,complete,7c9f0e936a0cf3cc,df54801f82c9c36b,51067,51068,1,24,1,0,0,0,0,0
ActPlane,3dae89cd06ae,complete,df54801f82c9c36b,73f3c031238cb4e8,51068,51069,1,5178,1,0,0,0,0,0
ActPlane,3dae89cd06ae,complete,73f3c031238cb4e8,162919f1e514355a,51069,51071,2,6853,1,0,0,1,0,0
ActPlane,3dae89cd06ae,complete,162919f1e514355a,b6d670f5ab7b1b04,51071,51108,37,318676,1,0,0,3,0,0
ActPlane,3dae89cd06ae,complete,b6d670f5ab7b1b04,bfa01c594374d010,51108,51112,4,19401,1,0,0,0,0,0
ActPlane,3dae89cd06ae,complete,bfa01c594374d010,263d6ecc2b74594b,51112,51114,2,20,1,0,0,0,0,0
ActPlane,3dae89cd06ae,complete,263d6ecc2b74594b,230ee426850cd925,51114,51115,1,79,1,0,0,0,0,0
ActPlane,3dae89cd06ae,complete,230ee426850cd925,5b4dc893410be3f5,51115,51152,37,105819,1,0,0,3,0,0
ActPlane,3dae89cd06ae,complete,5b4dc893410be3f5,a0a69e477b6245f0,51152,51153,1,31,1,0,0,0,0,0
ActPlane,3dae89cd06ae,complete,a0a69e477b6245f0,9f593aab69249b54,51153,51155,2,4873,1,0,0,0,0,0
ActPlane,3dae89cd06ae,complete,9f593aab69249b54,d953df99697bc26f,51155,51162,7,19737,1,0,0,0,0,0
ActPlane,3dae89cd06ae,complete,d953df99697bc26f,e45ea1bf4cef32c0,51162,51177,15,184023,1,0,0,1,0,0
ActPlane,3dae89cd06ae,complete,e45ea1bf4cef32c0,5fd556c32d873871,51177,51180,3,12213,1,0,0,0,0,0
ActPlane,3dae89cd06ae,complete,5fd556c32d873871,68c7858c9347b0a0,51180,51182,2,0,1,0,0,0,0,0
ActPlane,3dae89cd06ae,complete,68c7858c9347b0a0,0f8579a4bfc7df39,51182,51183,1,40,1,0,0,0,0,0
ActPlane,3dae89cd06ae,complete,0f8579a4bfc7df39,a0649ab56d5c3343,51183,51231,48,332808,1,0,0,0,0,0
ActPlane,3dae89cd06ae,complete,a0649ab56d5c3343,1461020a6e7ec20d,51231,51237,6,57517,1,0,0,1,0,0
ActPlane,3dae89cd06ae,complete,1461020a6e7ec20d,2b64b919da942ec1,51237,51238,1,6258,1,0,0,0,0,0
ActPlane,3dae89cd06ae,complete,2b64b919da942ec1,7066870cd28a1f15,51238,51239,1,41,1,0,0,0,0,0
ActPlane,3dae89cd06ae,complete,7066870cd28a1f15,3026ad71001f57e5,51239,51244,5,43002,1,0,0,0,0,0
ActPlane,3dae89cd06ae,complete,3026ad71001f57e5,8cae0f4eb930c237,51244,51257,13,100392,1,0,0,0,0,0
ActPlane,3dae89cd06ae,complete,8cae0f4eb930c237,7418404f5c1456c5,51257,51259,2,39,1,0,0,0,0,0
ActPlane,3dae89cd06ae,complete,7418404f5c1456c5,9dccb40d7c3a81fc,51259,51263,4,28559,1,0,0,0,0,0
ActPlane,3dae89cd06ae,complete,9dccb40d7c3a81fc,e353a578eaec40e4,51263,51315,52,387739,1,0,0,3,0,0
ActPlane,3dae89cd06ae,complete,e353a578eaec40e4,215f67cd957ad3cb,51315,51316,1,0,1,0,0,0,0,0
ActPlane,3dae89cd06ae,complete,215f67cd957ad3cb,a16c34caa47065fc,51316,51317,1,56,1,0,0,0,0,0
ActPlane,3dae89cd06ae,complete,a16c34caa47065fc,cccc87d6156626bd,51317,51321,4,19945,1,0,0,0,0,0
ActPlane,3dae89cd06ae,complete,cccc87d6156626bd,2d8dc288edf8502d,51321,51323,2,0,1,0,0,0,0,0
ActPlane,3dae89cd06ae,complete,2d8dc288edf8502d,7d538ebb02c82e4c,51323,51324,1,52,1,0,0,0,0,0
ActPlane,3dae89cd06ae,complete,7d538ebb02c82e4c,599e56d156859b25,51324,51341,17,150754,1,0,0,1,0,0
ActPlane,3dae89cd06ae,complete,599e56d156859b25,14ae46f90511be55,51341,51342,1,63,1,0,0,0,0,0
ActPlane,3dae89cd06ae,complete,14ae46f90511be55,1d4f5788a26f0562,51342,51344,2,15057,1,0,0,0,0,0
ActPlane,3dae89cd06ae,complete,1d4f5788a26f0562,40a36a7091a1163a,51344,51346,2,1,1,0,0,0,0,0
ActPlane,3dae89cd06ae,complete,40a36a7091a1163a,7155013b93cf42c9,51346,51347,1,47,1,0,0,0,0,0
ActPlane,3dae89cd06ae,complete,7155013b93cf42c9,711420f9ca625c41,51347,51389,42,8233947,1,0,0,1,0,0
ActPlane,3dae89cd06ae,complete,711420f9ca625c41,890136db448855d4,51389,51477,88,2240685,1,0,0,0,0,0
ActPlane,3dae89cd06ae,complete,890136db448855d4,127553d6b7d34dbe,51477,51516,39,404170,1,0,0,0,0,0
ActPlane,3dae89cd06ae,complete,127553d6b7d34dbe,2686013d524a8f00,51516,51528,12,128305,1,0,0,0,0,0
ActPlane,3dae89cd06ae,complete,2686013d524a8f00,6a8704357749d7ef,51528,51549,21,207440,1,0,0,2,0,0
ActPlane,3dae89cd06ae,complete,6a8704357749d7ef,98d042f82715806d,51549,51558,9,61746,1,0,0,0,0,0
ActPlane,3dae89cd06ae,complete,98d042f82715806d,fe39abc34676cdb0,51558,51561,3,55709,1,0,0,0,0,0
ActPlane,3dae89cd06ae,complete,fe39abc34676cdb0,043969203a25586e,51561,51564,3,15310,1,0,0,0,0,0
ActPlane,3dae89cd06ae,complete,043969203a25586e,6bb5bd0c5bd8f5b5,51564,51573,9,37000,1,0,0,0,0,0
ActPlane,3dae89cd06ae,complete,6bb5bd0c5bd8f5b5,6b23c51347dcddf6,51573,51574,1,7094,1,0,0,0,0,0
ActPlane,3dae89cd06ae,complete,6b23c51347dcddf6,a8e7b4df1b3592dc,51574,51584,10,60697,1,0,0,0,0,0
ActPlane,3dae89cd06ae,complete,a8e7b4df1b3592dc,d8f26b7bec00c294,51584,51586,2,6687,1,0,0,0,0,0
ActPlane,3dae89cd06ae,complete,d8f26b7bec00c294,f6b961cd87b1c359,51586,51640,54,340531,1,0,0,0,0,0
ActPlane,3dae89cd06ae,complete,f6b961cd87b1c359,504a9a82a3533582,51640,51641,1,4917,1,0,0,0,0,0
ActPlane,3dae89cd06ae,complete,504a9a82a3533582,faa3cc7908d9d19d,51641,51642,1,5797,1,0,0,0,0,0
ActPlane,3dae89cd06ae,complete,faa3cc7908d9d19d,7525238b336f9589,51642,51703,61,391304,2,0,0,0,0,0
ActPlane,3dae89cd06ae,complete,7525238b336f9589,9b4af09ec072a19d,51703,51734,31,180086,2,0,0,0,0,0
ActPlane,3dae89cd06ae,complete,9b4af09ec072a19d,b577fdfa6a53ca68,51734,51735,1,5350,1,0,0,0,0,0
ActPlane,3dae89cd06ae,complete,b577fdfa6a53ca68,eda9dab61c3f4af3,51735,51736,1,5423,1,0,0,0,0,0
ActPlane,3dae89cd06ae,complete,eda9dab61c3f4af3,391f276da11e2e85,51736,51747,11,42179,1,0,0,0,0,0
ActPlane,3dae89cd06ae,complete,391f276da11e2e85,5ea413a66ceea63b,51747,51748,1,5388,1,0,0,0,0,0
ActPlane,3dae89cd06ae,complete,5ea413a66ceea63b,523e14c796b71ccf,51748,51844,96,14215621,1,0,0,1,0,0
ActPlane,3dae89cd06ae,complete,523e14c796b71ccf,57e45e0c15cbf5db,51844,51907,63,520372,1,3,3,0,0,0
ActPlane,3dae89cd06ae,complete,57e45e0c15cbf5db,126ec77dab369272,51907,51939,32,271815,1,0,0,0,0,0
ActPlane,3dae89cd06ae,complete,126ec77dab369272,2d44bd7c6e7744b7,51939,51985,46,299019,1,0,0,0,0,0
ActPlane,3dae89cd06ae,complete,2d44bd7c6e7744b7,134656ef66bd3fd8,51985,52028,43,5791095,1,0,0,0,0,0
ActPlane,3dae89cd06ae,complete,134656ef66bd3fd8,a31cf0c3134de7f8,52028,52049,21,484574,1,0,0,0,0,0
ActPlane,3dae89cd06ae,complete,a31cf0c3134de7f8,7f9d353968238c02,52049,52086,37,278036,1,0,0,0,0,0
ActPlane,3dae89cd06ae,complete,7f9d353968238c02,98edf56aebe7801e,52086,52092,6,31617,1,0,0,0,0,0
ActPlane,3dae89cd06ae,complete,98edf56aebe7801e,eb625af5678226b9,52092,52162,70,535918,1,0,0,1,0,0
ActPlane,3dae89cd06ae,complete,eb625af5678226b9,1ca018f67fab9312,52162,52171,9,62040,1,24,24,0,0,0
ActPlane,3dae89cd06ae,complete,1ca018f67fab9312,4cde3ce2c5bfe61d,52171,52179,8,21937,1,0,0,0,0,0
ActPlane,3dae89cd06ae,complete,4cde3ce2c5bfe61d,a1eae40baec496c3,52179,52284,105,4582060,1,0,0,0,0,0
ActPlane,3dae89cd06ae,complete,a1eae40baec496c3,10c1aa45f95488bd,52284,52295,11,55870,1,0,0,0,0,0
ActPlane,3dae89cd06ae,complete,10c1aa45f95488bd,e407f918e8dce427,52295,52333,38,208392,1,0,0,0,0,0
ActPlane,3dae89cd06ae,complete,e407f918e8dce427,b122871953aead8d,52333,52334,1,35,1,0,0,0,0,0
ActPlane,3dae89cd06ae,complete,b122871953aead8d,887350e98a868574,52334,52349,15,173651,1,0,0,0,0,0
ActPlane,3dae89cd06ae,complete,887350e98a868574,4902973e1a741b7f,52349,52350,1,31,1,0,0,0,0,0
ActPlane,3dae89cd06ae,complete,4902973e1a741b7f,a125440b64bc0c72,52350,52360,10,69801,1,0,0,0,0,0
ActPlane,3dae89cd06ae,complete,a125440b64bc0c72,b81ffd7e8e50d325,52360,52371,11,41805,1,0,0,0,0,0
ActPlane,3dae89cd06ae,complete,b81ffd7e8e50d325,a352aa2c3beee7ed,52371,52373,2,8626,1,0,0,0,0,0
ActPlane,3dae89cd06ae,complete,a352aa2c3beee7ed,2bb9c969c9e8602d,52373,52387,14,53041,1,0,0,0,0,0
ActPlane,3dae89cd06ae,complete,2bb9c969c9e8602d,6aec6085c42f30c6,52387,52443,56,197164,1,0,0,0,0,0
ActPlane,3dae89cd06ae,complete,6aec6085c42f30c6,65f9daa67bf68301,52443,52446,3,15757,1,0,0,0,0,0
ActPlane,3dae89cd06ae,complete,65f9daa67bf68301,6f46e1d1dd4547d0,52446,52463,17,37134,1,0,0,0,0,0
ActPlane,3dae89cd06ae,complete,6f46e1d1dd4547d0,60056e20207f2201,52463,52473,10,18937,1,1,1,0,0,0
ActPlane,3dae89cd06ae,complete,60056e20207f2201,1dd2ecb1b24bb692,52473,52476,3,10208,1,0,0,0,0,0
ActPlane,3dae89cd06ae,complete,1dd2ecb1b24bb692,a245e358bdb1d58f,52476,52499,23,147145,1,0,0,0,0,0
ActPlane,3dae89cd06ae,complete,a245e358bdb1d58f,72cd19dca6f6fbe2,52499,52502,3,17755,1,0,0,0,0,0
ActPlane,3dae89cd06ae,complete,72cd19dca6f6fbe2,ee33517a2f5027c1,52502,52504,2,31,1,0,0,0,0,0
ActPlane,3dae89cd06ae,complete,ee33517a2f5027c1,575c31801a9fe956,52504,52546,42,203245,1,0,0,0,0,0
ActPlane,3dae89cd06ae,complete,575c31801a9fe956,fb0e12411fcd0676,52546,52548,2,7,1,0,0,0,0,0
ActPlane,3dae89cd06ae,complete,fb0e12411fcd0676,9c514f20cac7f8e9,52548,52561,13,72184,1,0,0,0,0,0
ActPlane,3dae89cd06ae,complete,9c514f20cac7f8e9,8269ccbca2f11c15,52561,52619,58,56782700,1,4,4,1,0,0
ActPlane,3dae89cd06ae,complete,8269ccbca2f11c15,63ca56276f71985d,52619,52639,20,128916,1,0,0,2,0,0
ActPlane,3dae89cd06ae,complete,63ca56276f71985d,14ded9eb59ef238a,52639,52671,32,210866,1,0,0,1,0,0
ActPlane,3dae89cd06ae,complete,14ded9eb59ef238a,9c2bc42268402cb9,52671,52672,1,6457,1,0,0,0,0,0
ActPlane,3dae89cd06ae,complete,9c2bc42268402cb9,18662828f1d51cbf,52672,52684,12,34443,1,0,0,0,0,0
ActPlane,3dae89cd06ae,complete,18662828f1d51cbf,bf3d3709b5341922,52684,52696,12,11659682,1,0,0,0,0,0
ActPlane,3dae89cd06ae,complete,bf3d3709b5341922,f4f555b439c2d3ca,52696,52697,1,47,1,0,0,0,0,0
ActPlane,3dae89cd06ae,complete,f4f555b439c2d3ca,f9e8de53eb074b42,52697,52698,1,5218,1,0,0,0,0,0
ActPlane,3dae89cd06ae,complete,f9e8de53eb074b42,31900b90897fb71d,52698,52720,22,532311,1,0,0,0,0,0
ActPlane,3dae89cd06ae,complete,31900b90897fb71d,9ab301f4f37ce3db,52720,52721,1,0,1,0,0,0,0,0
ActPlane,3dae89cd06ae,complete,9ab301f4f37ce3db,db51f83ad68a3a5b,52721,52723,2,7596,1,0,0,0,0,0
ActPlane,3dae89cd06ae,complete,db51f83ad68a3a5b,eac2ff907a354c17,52723,52780,57,2170251,1,0,0,0,0,0
ActPlane,3dae89cd06ae,complete,eac2ff907a354c17,268e3f3c474f4858,52780,52781,1,0,1,0,0,0,0,0
ActPlane,3dae89cd06ae,complete,268e3f3c474f4858,b76ee184b0bc15a1,52781,52802,21,1296878,1,0,0,0,0,0
ActPlane,3dae89cd06ae,complete,b76ee184b0bc15a1,af566535ca79ec86,52802,52803,1,0,1,0,0,0,0,0
ActPlane,3dae89cd06ae,complete,af566535ca79ec86,be4dcf80a6ce45b5,52803,52804,1,39,1,0,0,0,0,0
ActPlane,3dae89cd06ae,complete,be4dcf80a6ce45b5,f8e433637950cc28,52804,52867,63,1002259,1,0,0,0,0,0
ActPlane,3dae89cd06ae,complete,f8e433637950cc28,a1d31a487c9f4d4d,52867,52868,1,0,1,0,0,0,0,0
ActPlane,3dae89cd06ae,complete,a1d31a487c9f4d4d,f5a123976b433727,52868,52869,1,0,1,0,0,0,0,0
ActPlane,3dae89cd06ae,complete,f5a123976b433727,ad404fc17f728f26,52869,52876,7,105445,1,0,0,0,0,0
ActPlane,3dae89cd06ae,complete,ad404fc17f728f26,480c5c5e4f968695,52876,52881,5,16904,1,0,0,1,0,0
ActPlane,3dae89cd06ae,complete,480c5c5e4f968695,47bc4d5dd7e2c3bb,52881,52883,2,1,1,0,0,1,0,0
ActPlane,3dae89cd06ae,complete,47bc4d5dd7e2c3bb,b0540260a88558d1,52883,52886,3,10638,1,0,0,0,0,0
ActPlane,3dae89cd06ae,complete,b0540260a88558d1,1de1ea2b38af7388,52886,52890,4,9263,1,0,0,1,0,0
ActPlane,3dae89cd06ae,complete,1de1ea2b38af7388,d60f6330bb13cf8f,52890,52892,2,34,1,0,0,1,0,0
ActPlane,3dae89cd06ae,complete,d60f6330bb13cf8f,e1085fbdda1cca27,52892,52894,2,13512,1,0,0,0,0,0
ActPlane,3dae89cd06ae,complete,e1085fbdda1cca27,2d5f38c1c8f7b0b8,52894,52895,1,25,1,0,0,0,0,0
ActPlane,3dae89cd06ae,complete,2d5f38c1c8f7b0b8,99e615e99654c54a,52895,52896,1,26,1,0,0,0,0,0
ActPlane,3dae89cd06ae,complete,99e615e99654c54a,e82cff3bfe4ab480,52896,52916,20,149597,1,0,0,0,0,0
ActPlane,3dae89cd06ae,complete,e82cff3bfe4ab480,5555cdda1bdb3fb4,52916,52917,1,0,1,0,0,0,0,0
ActPlane,3dae89cd06ae,complete,5555cdda1bdb3fb4,113de1d3a464a1aa,52917,52918,1,5,1,0,0,0,0,0
ActPlane,3dae89cd06ae,complete,113de1d3a464a1aa,33231f0a3f0eeedd,52918,52919,1,46,1,0,0,0,0,0
ActPlane,3dae89cd06ae,complete,33231f0a3f0eeedd,264f35faa45fe0e0,52919,52922,3,58978,1,0,0,0,0,0
ActPlane,3dae89cd06ae,complete,264f35faa45fe0e0,17fdab5c7e7d5b89,52922,52953,31,667328,1,0,0,0,0,0
ActPlane,3dae89cd06ae,complete,17fdab5c7e7d5b89,e6a6f85e75308a3b,52953,52999,46,2325664,1,0,0,0,0,0
ActPlane,3dae89cd06ae,complete,e6a6f85e75308a3b,94bca7c5117e7977,52999,53002,3,42109,1,0,0,0,0,0
ActPlane,3dae89cd06ae,complete,94bca7c5117e7977,dd551ebb50b9a144,53002,53046,44,1523922,1,0,0,0,0,0
ActPlane,3dae89cd06ae,complete,dd551ebb50b9a144,612cfc074ce90e40,53046,53047,1,23083,1,0,0,0,0,0
ActPlane,3dae89cd06ae,complete,612cfc074ce90e40,7e16a545ea1ad6aa,53047,53050,3,24310,1,0,0,0,0,0
ActPlane,3dae89cd06ae,complete,7e16a545ea1ad6aa,e9c133d0cd8b8ce9,53050,53051,1,7538,1,0,0,0,0,0
ActPlane,3dae89cd06ae,complete,e9c133d0cd8b8ce9,4c5a164c189f407f,53051,53054,3,10370,1,0,0,0,0,0
ActPlane,3dae89cd06ae,complete,4c5a164c189f407f,29b12ade2fee1e27,53054,53057,3,49896,1,0,0,0,0,0
ActPlane,3dae89cd06ae,complete,29b12ade2fee1e27,87d7326dc457ad3b,53057,53073,16,1340713,1,0,0,0,0,0
ActPlane,3dae89cd06ae,complete,87d7326dc457ad3b,161f93233b569e16,53073,53101,28,379227,1,3,3,0,0,0
ActPlane,3dae89cd06ae,complete,161f93233b569e16,2e897bf72cec4ee0,53101,53102,1,5714,1,0,0,0,0,0
ActPlane,3dae89cd06ae,complete,2e897bf72cec4ee0,07acc9c346a5911b,53102,53103,1,0,1,0,0,0,0,0
ActPlane,3dae89cd06ae,complete,07acc9c346a5911b,a222f55a0ba870ca,53103,53106,3,18923,1,0,0,0,0,0
ActPlane,3dae89cd06ae,complete,a222f55a0ba870ca,3e71d7bfc906cc3d,53106,53116,10,1457329,1,0,0,0,0,0
ActPlane,3dae89cd06ae,complete,3e71d7bfc906cc3d,41211fd11d93910f,53116,53158,42,35328963,1,0,0,1,0,0
ActPlane,3dae89cd06ae,complete,41211fd11d93910f,5d3f6c7cdb8beee8,53158,53161,3,14267,1,0,0,0,0,0
ActPlane,3dae89cd06ae,complete,5d3f6c7cdb8beee8,2a583463bf09ad80,53161,53162,1,1,1,0,0,0,0,0
ActPlane,3dae89cd06ae,complete,2a583463bf09ad80,d41e629d4ac147e0,53162,53163,1,204,1,0,0,0,0,0
ActPlane,3dae89cd06ae,complete,d41e629d4ac147e0,139184fcbf431452,53163,53164,1,8772,1,0,0,0,0,0
ActPlane,3dae89cd06ae,complete,139184fcbf431452,cda22e33aad9932e,53164,53168,4,29897,1,0,0,0,0,0
ActPlane,3dae89cd06ae,complete,cda22e33aad9932e,66156ed80317cbee,53168,53175,7,29620,1,0,0,1,0,0
ActPlane,3dae89cd06ae,complete,66156ed80317cbee,7541263ce0e170d1,53175,53177,2,5141,1,0,0,0,0,0
ActPlane,3dae89cd06ae,complete,7541263ce0e170d1,67b9a17f21d68029,53177,53178,1,4546,1,0,0,0,0,0
ActPlane,3dae89cd06ae,complete,67b9a17f21d68029,eb177f85b2553000,53178,53179,1,43,1,0,0,0,0,0
ActPlane,3dae89cd06ae,complete,eb177f85b2553000,67aa1e8800e7434a,53179,53194,15,143384,1,0,0,0,0,0
ActPlane,3dae89cd06ae,complete,67aa1e8800e7434a,48cb7829ffbcce3e,53194,53198,4,10789,1,0,0,1,0,0
ActPlane,3dae89cd06ae,complete,48cb7829ffbcce3e,b0d2ef7d5f469e4e,53198,53199,1,1,1,0,0,0,0,0
ActPlane,3dae89cd06ae,complete,b0d2ef7d5f469e4e,489f981b98552f9c,53199,53200,1,45,1,0,0,0,0,0
ActPlane,3dae89cd06ae,complete,489f981b98552f9c,81794ebaf2af7393,53200,53201,1,6307,1,0,0,0,0,0
ActPlane,3dae89cd06ae,complete,81794ebaf2af7393,eb1aa0752e542dc5,53201,55152,1951,526718219,12,817,21,0,0,0
ActPlane,3dae89cd06ae,complete,eb1aa0752e542dc5,4978ab4496ca2f3e,55152,55153,1,1,1,0,0,0,0,0
ActPlane,3dae89cd06ae,complete,4978ab4496ca2f3e,6311cd049614db4c,55153,55166,13,35283,1,0,0,1,4,0
ActPlane,3dae89cd06ae,complete,6311cd049614db4c,a4d98eca2e91d0e9,55166,55167,1,6438,1,0,0,0,0,0
ActPlane,3dae89cd06ae,complete,a4d98eca2e91d0e9,7f78dad083bb4f06,55167,55169,2,47,1,0,0,0,0,0
ActPlane,3dae89cd06ae,complete,7f78dad083bb4f06,57003bb26373ac08,55169,55233,64,379200,1,0,0,0,1,0
ActPlane,3dae89cd06ae,complete,57003bb26373ac08,07fe291b692b3287,55233,55234,1,26,1,0,0,0,0,0
ActPlane,3dae89cd06ae,complete,07fe291b692b3287,cd04ad844d8b280b,55234,55235,1,0,1,0,0,0,0,0
ActPlane,3dae89cd06ae,complete,cd04ad844d8b280b,42ec5a6fcf66eb89,55235,55238,3,9351,1,0,0,0,0,0
ActPlane,3dae89cd06ae,complete,42ec5a6fcf66eb89,1cbc46138ffc3123,55238,55308,70,1807475,1,0,0,0,2,0
ActPlane,3dae89cd06ae,complete,1cbc46138ffc3123,a337934779d65a6a,55308,55309,1,4,1,0,0,0,0,0
ActPlane,3dae89cd06ae,complete,a337934779d65a6a,901bf5a4d3f947b5,55309,55310,1,0,1,0,0,0,0,0
ActPlane,3dae89cd06ae,complete,901bf5a4d3f947b5,77a5f438b285ed98,55310,55358,48,673470,1,0,0,0,0,0
ActPlane,3dae89cd06ae,complete,77a5f438b285ed98,f300f65bd6ca9ad8,55358,55365,7,18636,1,0,0,1,0,0
ActPlane,3dae89cd06ae,complete,f300f65bd6ca9ad8,340aa6ce5e2227cf,55365,55366,1,1,1,0,0,0,0,0
ActPlane,3dae89cd06ae,complete,340aa6ce5e2227cf,c7bcf83f80e4ab54,55366,55402,36,219907,2,0,0,0,0,0
ActPlane,3dae89cd06ae,complete,c7bcf83f80e4ab54,6295f4266d6ba44d,55402,55403,1,11892,1,0,0,0,0,0
ActPlane,3dae89cd06ae,complete,6295f4266d6ba44d,a9f57792ec81e8bf,55403,55429,26,66653,2,0,0,0,0,0
ActPlane,3dae89cd06ae,complete,a9f57792ec81e8bf,a82591d8142f76a3,55429,55430,1,27,1,0,0,0,0,0
ActPlane,3dae89cd06ae,complete,a82591d8142f76a3,dcbb5b8fd2606838,55430,55454,24,123034,2,0,0,2,0,0
ActPlane,3dae89cd06ae,complete,dcbb5b8fd2606838,8949e747b8affed3,55454,55455,1,2,1,0,0,0,0,0
ActPlane,3dae89cd06ae,complete,8949e747b8affed3,418b7e8ec4a70773,55455,55494,39,266718,1,0,0,0,0,0
ActPlane,3dae89cd06ae,complete,418b7e8ec4a70773,caa4b4e92d684f20,55494,55495,1,0,1,0,0,0,0,0
ActPlane,3dae89cd06ae,complete,caa4b4e92d684f20,60bf8772db9971d4,55495,55498,3,9447,1,0,0,0,0,0
ActPlane,3dae89cd06ae,complete,60bf8772db9971d4,eb0a1a1911bef6a7,55498,55567,69,311104,2,0,0,0,0,0
ActPlane,3dae89cd06ae,complete,eb0a1a1911bef6a7,19f1bd370c1080c8,55567,55580,13,79739,1,0,0,0,0,0
ActPlane,3dae89cd06ae,complete,19f1bd370c1080c8,72c212a41942553b,55580,55582,2,10715,1,0,0,0,0,0
ActPlane,3dae89cd06ae,complete,72c212a41942553b,ad37235d70b8d20f,55582,55583,1,0,1,0,0,0,0,0
ActPlane,3dae89cd06ae,complete,ad37235d70b8d20f,a74ba93faaeb1724,55583,55666,83,2309414,1,0,0,0,0,0
ActPlane,3dae89cd06ae,complete,a74ba93faaeb1724,6bf9f08333304915,55666,55667,1,9985,1,0,0,0,0,0
ActPlane,3dae89cd06ae,complete,6bf9f08333304915,cb5e9b883864ec30,55667,55893,226,3726212,1,3,3,0,0,0
ActPlane,3dae89cd06ae,complete,cb5e9b883864ec30,f8b7d21f08e2c332,55893,55895,2,13889,1,0,0,0,0,0
ActPlane,3dae89cd06ae,complete,f8b7d21f08e2c332,f9a9c4efa7f48c2a,55895,55901,6,22714,1,0,0,0,0,0
ActPlane,3dae89cd06ae,complete,f9a9c4efa7f48c2a,1d0800e6953a386c,55901,55904,3,14045,1,0,0,0,0,0
ActPlane,3dae89cd06ae,complete,1d0800e6953a386c,01ab9ae68a820b11,55904,55905,1,6862,1,0,0,0,0,0
ActPlane,3dae89cd06ae,complete,01ab9ae68a820b11,6c4f0f9dc15cedee,55905,55924,19,198141,1,0,0,0,0,0
ActPlane,3dae89cd06ae,complete,6c4f0f9dc15cedee,16eff69393672826,55924,55926,2,12952,1,0,0,0,0,0
ActPlane,3dae89cd06ae,complete,16eff69393672826,eba6a51aa6a07132,55926,55929,3,14408,1,0,0,0,0,0
ActPlane,3dae89cd06ae,complete,eba6a51aa6a07132,65634019e20eb95c,55929,55931,2,25045,1,0,0,0,0,0
ActPlane,3dae89cd06ae,complete,65634019e20eb95c,8b672739a09e67a3,55931,55936,5,41703,1,0,0,0,0,0
ActPlane,3dae89cd06ae,complete,8b672739a09e67a3,81d77eeb0887dd6d,55936,55937,1,11431,1,0,0,0,0,0
ActPlane,3dae89cd06ae,complete,81d77eeb0887dd6d,63e3587f00231c7c,55937,55938,1,11029,1,0,0,0,0,0
ActPlane,3dae89cd06ae,complete,63e3587f00231c7c,646b58f1998e074c,55938,55942,4,651116,1,0,0,0,0,0
ActPlane,3dae89cd06ae,complete,646b58f1998e074c,ccdb469531303d00,55942,55988,46,2840882,1,0,0,1,0,0
ActPlane,3dae89cd06ae,complete,ccdb469531303d00,71b4c87c1fa9117c,55988,55991,3,29586,1,0,0,0,0,0
ActPlane,3dae89cd06ae,complete,71b4c87c1fa9117c,5dede86beb3296a0,55991,56024,33,224297,1,0,0,0,0,0
ActPlane,3dae89cd06ae,complete,5dede86beb3296a0,e65db129fd10f55a,56024,56026,2,6796,1,0,0,0,0,0
ActPlane,3dae89cd06ae,complete,e65db129fd10f55a,77625ca061675cdf,56026,56027,1,5552,1,0,0,0,0,0
ActPlane,3dae89cd06ae,complete,77625ca061675cdf,15eeb2fc8809b1bc,56027,56028,1,36,1,0,0,0,0,0
ActPlane,3dae89cd06ae,complete,15eeb2fc8809b1bc,0e075056db86b889,56028,56102,74,358342,2,0,0,0,0,0
ActPlane,3dae89cd06ae,complete,0e075056db86b889,fef3b7b04101467a,56102,56104,2,5802,1,0,0,0,0,0
ActPlane,3dae89cd06ae,complete,fef3b7b04101467a,450e96148642c10f,56104,56105,1,4803,1,0,0,0,0,0
ActPlane,3dae89cd06ae,complete,450e96148642c10f,0cb6014a632dcd8f,56105,56106,1,48,1,0,0,0,0,0
ActPlane,3dae89cd06ae,complete,0cb6014a632dcd8f,3db3ec21a6368144,56106,56192,86,935424,1,0,0,2,0,0
ActPlane,3dae89cd06ae,complete,3db3ec21a6368144,086a9311765b8328,56192,56219,27,194219,1,0,0,0,0,0
ActPlane,3dae89cd06ae,complete,086a9311765b8328,1bfd10ee1af4930f,56219,56274,55,613427,1,0,0,0,0,0
ActPlane,3dae89cd06ae,complete,1bfd10ee1af4930f,710623d026e3877a,56274,56275,1,5081,1,0,0,0,0,0
ActPlane,3dae89cd06ae,complete,710623d026e3877a,26108eeecfef5680,56275,56276,1,4789,1,0,0,0,0,0
ActPlane,3dae89cd06ae,complete,26108eeecfef5680,9145399c33ef7b48,56276,56277,1,14465,1,0,0,0,0,0
ActPlane,3dae89cd06ae,complete,9145399c33ef7b48,3d7e65b9b366cc62,56277,56336,59,368641,2,0,0,1,0,0
ActPlane,3dae89cd06ae,complete,3d7e65b9b366cc62,5ed2e9116d7fa8c9,56336,56352,16,382871,1,0,0,0,0,0
ActPlane,3dae89cd06ae,complete,5ed2e9116d7fa8c9,33a1acfface6d247,56352,56359,7,86988,1,0,0,0,0,0
ActPlane,3dae89cd06ae,complete,33a1acfface6d247,4c062128dee46412,56359,56360,1,10993,1,0,0,0,0,0
ActPlane,3dae89cd06ae,complete,4c062128dee46412,be0aa8b2dd8bf87a,56360,56409,49,294787,2,1,1,0,0,0
ActPlane,3dae89cd06ae,complete,be0aa8b2dd8bf87a,5ab4f5b457411fc7,56409,56412,3,25221,1,0,0,0,0,0
ActPlane,3dae89cd06ae,complete,5ab4f5b457411fc7,2dea9db81c55b1d2,56412,56413,1,11016,1,0,0,0,0,0
ActPlane,3dae89cd06ae,complete,2dea9db81c55b1d2,b39ff77dba2c8f79,56413,56491,78,645301,2,0,0,0,0,0
ActPlane,3dae89cd06ae,complete,b39ff77dba2c8f79,d9852d2361cc21a3,56491,56544,53,838473,1,0,0,0,0,0
ActPlane,3dae89cd06ae,complete,d9852d2361cc21a3,6b22eacde20eda9b,56544,56547,3,3849,1,0,0,0,0,0
ActPlane,3dae89cd06ae,complete,6b22eacde20eda9b,f63f247b3886de3a,56547,56548,1,6322,1,0,0,0,0,0
ActPlane,3dae89cd06ae,complete,f63f247b3886de3a,b50245e0aa616eb4,56548,56552,4,81847,1,0,0,0,0,0
ActPlane,3dae89cd06ae,complete,b50245e0aa616eb4,bf2c899ff392a81d,56552,56561,9,82969,1,0,0,0,0,0
ActPlane,3dae89cd06ae,complete,bf2c899ff392a81d,b5d9f7b54ab2d54c,56561,56647,86,426517,2,0,0,1,0,0
ActPlane,3dae89cd06ae,complete,b5d9f7b54ab2d54c,79e3b334a814d74d,56647,56653,6,76559,1,1,1,1,0,0
ActPlane,3dae89cd06ae,complete,79e3b334a814d74d,6d139221f07fcf55,56653,56658,5,41771,1,0,0,0,0,0
ActPlane,3dae89cd06ae,complete,6d139221f07fcf55,f5ed26e9eda3ec71,56658,56659,1,0,1,0,0,0,0,0
ActPlane,3dae89cd06ae,complete,f5ed26e9eda3ec71,56f9f559311609ef,56659,56660,1,0,1,0,0,0,0,0
ActPlane,3dae89cd06ae,complete,56f9f559311609ef,7f0c84922ac9f292,56660,56663,3,9065,1,0,0,0,0,0
ActPlane,3dae89cd06ae,complete,7f0c84922ac9f292,03e5104af82d1e8c,56663,56719,56,1988630,1,0,0,0,0,0
ActPlane,3dae89cd06ae,complete,03e5104af82d1e8c,96efd3fb0c804c91,56719,56720,1,31,1,0,0,0,0,0
ActPlane,3dae89cd06ae,complete,96efd3fb0c804c91,70ebdacd0fd54ce1,56720,56722,2,27168,1,1,1,0,0,0
ActPlane,3dae89cd06ae,complete,70ebdacd0fd54ce1,0c031de66ae3bb01,56722,56728,6,58979,1,0,0,0,0,0
ActPlane,3dae89cd06ae,complete,0c031de66ae3bb01,106b135d03a4cafb,56728,57035,307,263466445,6,33,5,0,0,0
ActPlane,3dae89cd06ae,complete,106b135d03a4cafb,f9f8fb92be7f8705,57035,57041,6,30583,1,1,1,0,0,0
ActPlane,3dae89cd06ae,complete,f9f8fb92be7f8705,770edf9ce7e0efaf,57041,57042,1,0,1,0,0,0,0,0
ActPlane,3dae89cd06ae,complete,770edf9ce7e0efaf,a826b832c67fd73d,57042,57044,2,11217,1,0,0,0,0,0
ActPlane,3dae89cd06ae,complete,a826b832c67fd73d,e3b7bb20e7f67164,57044,57045,1,56,1,0,0,0,0,0
ActPlane,3dae89cd06ae,complete,e3b7bb20e7f67164,b62a100878e9f880,57045,57067,22,92227,2,0,0,0,0,0
ActPlane,3dae89cd06ae,complete,b62a100878e9f880,8b6973ed88f022b9,57067,57069,2,36348,1,0,0,0,0,0
ActPlane,3dae89cd06ae,complete,8b6973ed88f022b9,a3e49b3c45335802,57069,57070,1,44,1,0,0,0,0,0
ActPlane,3dae89cd06ae,complete,a3e49b3c45335802,f5393992e4318b6d,57070,57091,21,142768,2,0,0,0,0,0
ActPlane,3dae89cd06ae,complete,f5393992e4318b6d,c15c7a0f22f6446e,57091,57093,2,11509,1,0,0,0,0,0
ActPlane,3dae89cd06ae,complete,c15c7a0f22f6446e,5301e54762943728,57093,57112,19,67242,2,0,0,0,0,0
ActPlane,3dae89cd06ae,complete,5301e54762943728,1930cc85678f2ab0,57112,57113,1,0,1,0,0,0,0,0
ActPlane,3dae89cd06ae,complete,1930cc85678f2ab0,a32604e6c2493b58,57113,57114,1,134,1,0,0,0,0,0
ActPlane,3dae89cd06ae,complete,a32604e6c2493b58,d47195657bc242ec,57114,57115,1,9111,1,0,0,0,0,0
ActPlane,3dae89cd06ae,complete,d47195657bc242ec,75c41464264784c5,57115,57116,1,5213,1,0,0,0,0,0
ActPlane,3dae89cd06ae,complete,75c41464264784c5,ea06f99aa973d1bf,57116,57122,6,28570,2,0,0,0,0,0
ActPlane,3dae89cd06ae,complete,ea06f99aa973d1bf,ef4fe3de721d58c6,57122,57123,1,6441,1,0,0,0,0,0
ActPlane,3dae89cd06ae,complete,ef4fe3de721d58c6,b49d0806a98fbfcb,57123,57133,10,15469,2,0,0,0,0,0
ActPlane,3dae89cd06ae,complete,b49d0806a98fbfcb,e133b68652c49889,57133,57175,42,317897,2,0,0,0,0,0
ActPlane,3dae89cd06ae,complete,e133b68652c49889,1a88e36e81e74fb1,57175,57177,2,16826,1,0,0,0,0,0
ActPlane,3dae89cd06ae,complete,1a88e36e81e74fb1,7cc32c6102ad966f,57177,57178,1,4590,1,0,0,0,0,0
ActPlane,3dae89cd06ae,complete,7cc32c6102ad966f,e3e8b2453e9d9d79,57178,57179,1,12099,1,0,0,0,0,0
ActPlane,3dae89cd06ae,complete,e3e8b2453e9d9d79,4149dad92a5aa8dc,57179,57298,119,549085,3,0,0,0,0,0
ActPlane,3dae89cd06ae,complete,4149dad92a5aa8dc,169d1b7cee054175,57298,57303,5,94395,1,0,0,0,0,0
ActPlane,3dae89cd06ae,complete,169d1b7cee054175,5df7ff8ac3ce53cf,57303,57304,1,4058,1,0,0,0,0,0
ActPlane,3dae89cd06ae,complete,5df7ff8ac3ce53cf,5a72e9655aa4a407,57304,57305,1,5841,1,0,0,0,0,0
ActPlane,3dae89cd06ae,complete,5a72e9655aa4a407,fea6a326ee38315b,57305,57360,55,2094099,2,0,0,0,0,0
ActPlane,3dae89cd06ae,complete,fea6a326ee38315b,44774c3834082923,57360,57366,6,81620,2,0,0,0,0,0
ActPlane,3dae89cd06ae,complete,44774c3834082923,962da86583359965,57366,57374,8,91106,1,0,0,0,0,0
ActPlane,3dae89cd06ae,complete,962da86583359965,9c92b8bdf366d9bf,57374,57375,1,4536,1,0,0,0,0,0
ActPlane,3dae89cd06ae,complete,9c92b8bdf366d9bf,c78b6d2a92eeee76,57375,57436,61,365112,2,0,0,0,0,0
ActPlane,3dae89cd06ae,complete,c78b6d2a92eeee76,35bc8aa86e637a0b,57436,57441,5,40863,1,0,0,0,0,0
ActPlane,3dae89cd06ae,complete,35bc8aa86e637a0b,76cd1b9afa4f2f9d,57441,57482,41,409973,2,0,0,0,0,0
ActPlane,3dae89cd06ae,complete,76cd1b9afa4f2f9d,84052c2badbc612c,57482,57487,5,126562,2,0,0,0,0,0
ActPlane,3dae89cd06ae,complete,84052c2badbc612c,e4348fda143dd0a2,57487,57488,1,11084,1,0,0,0,0,0
ActPlane,3dae89cd06ae,complete,e4348fda143dd0a2,cfcddd57b012771a,57488,57607,119,1194551,3,0,0,0,0,0
ActPlane,3dae89cd06ae,complete,cfcddd57b012771a,b870b6626903c9b7,57607,57646,39,271480,4,0,0,0,0,0
ActPlane,3dae89cd06ae,complete,b870b6626903c9b7,d4cc7fa6ff27727a,57646,57666,20,38189,3,0,0,0,0,0
ActPlane,3dae89cd06ae,complete,d4cc7fa6ff27727a,28980e3160d0b65c,57666,57671,5,2602,2,0,0,0,0,0
ActPlane,3dae89cd06ae,complete,28980e3160d0b65c,a2cf837d31c16fe6,57671,57700,29,99120,3,0,0,0,0,0
ActPlane,3dae89cd06ae,complete,a2cf837d31c16fe6,17e598d2532bde68,57700,57738,38,179707,2,0,0,0,0,0
ActPlane,3dae89cd06ae,complete,17e598d2532bde68,196a080f4e4c6a1c,57738,57745,7,59177,2,0,0,0,0,0
ActPlane,3dae89cd06ae,complete,196a080f4e4c6a1c,23aa626e9a26df97,57745,57746,1,4,1,0,0,0,0,0
ActPlane,3dae89cd06ae,complete,23aa626e9a26df97,95b839876dd9f310,57746,57747,1,39,1,0,0,0,0,0
ActPlane,3dae89cd06ae,complete,95b839876dd9f310,4f350f467327c699,57747,57818,71,451250,3,0,0,0,0,0
ActPlane,3dae89cd06ae,complete,4f350f467327c699,c276ca8a3d76e90f,57818,57843,25,406474,3,0,0,0,0,0
ActPlane,3dae89cd06ae,complete,c276ca8a3d76e90f,fe7b99683a1b63aa,57843,57844,1,0,1,0,0,0,0,0
ActPlane,3dae89cd06ae,complete,fe7b99683a1b63aa,14a1b764c1bdf082,57844,57845,1,43,1,0,0,0,0,0
ActPlane,3dae89cd06ae,complete,14a1b764c1bdf082,1e76160873ef7612,57845,58131,286,320224272,2,0,0,0,0,0
ActPlane,3dae89cd06ae,complete,1e76160873ef7612,ce2e66c841a6a82b,58131,58132,1,8966,1,0,0,0,0,0
ActPlane,3dae89cd06ae,complete,ce2e66c841a6a82b,6b999bb9e2092c69,58132,58137,5,16636,1,0,0,0,0,0
ActPlane,3dae89cd06ae,complete,6b999bb9e2092c69,516db39d12a90979,58137,58145,8,63445,1,0,0,0,0,0
ActPlane,3dae89cd06ae,complete,516db39d12a90979,94ec6a638fedf2ae,58145,58146,1,5904,1,0,0,0,0,0
ActPlane,3dae89cd06ae,complete,94ec6a638fedf2ae,7e7848d2907522c8,58146,58147,1,45,1,0,0,0,0,0
ActPlane,3dae89cd06ae,complete,7e7848d2907522c8,4811f10a42254527,58147,58196,49,291423,1,0,0,0,0,0
ActPlane,3dae89cd06ae,complete,4811f10a42254527,1b6fedfa880fc8f6,58196,58219,23,191703,1,0,0,0,0,0
ActPlane,3dae89cd06ae,complete,1b6fedfa880fc8f6,3ee443b456a74234,58219,58220,1,8506,1,0,0,0,0,0
ActPlane,3dae89cd06ae,complete,3ee443b456a74234,a5e5842571722b82,58220,58221,1,37,1,0,0,0,0,0
ActPlane,3dae89cd06ae,complete,a5e5842571722b82,8bd109cbdf07ac1a,58221,58230,9,111103,1,0,0,0,0,0
ActPlane,3dae89cd06ae,complete,8bd109cbdf07ac1a,a88691e0a73d19ff,58230,58231,1,27,1,0,0,0,0,0
ActPlane,3dae89cd06ae,complete,a88691e0a73d19ff,f7f247d87cd4aeb9,58231,58236,5,18164,1,0,0,0,0,0
ActPlane,3dae89cd06ae,complete,f7f247d87cd4aeb9,cd3e57d5531343aa,58236,58237,1,29,1,0,0,0,0,0
ActPlane,3dae89cd06ae,complete,cd3e57d5531343aa,7f97a0313f9b98de,58237,58238,1,5716,1,0,0,0,0,0
ActPlane,3dae89cd06ae,complete,7f97a0313f9b98de,8c14e078e8ce6060,58238,58259,21,224559,1,0,0,0,0,0
ActPlane,3dae89cd06ae,complete,8c14e078e8ce6060,f9f653fcbdc5d913,58259,58284,25,281260,1,0,0,0,0,0
ActPlane,3dae89cd06ae,complete,f9f653fcbdc5d913,e948e23054f91ced,58284,58285,1,51,1,0,0,0,0,0
ActPlane,3dae89cd06ae,complete,e948e23054f91ced,774cac57894c6490,58285,58286,1,15238,1,0,0,0,0,0
ActPlane,3dae89cd06ae,complete,774cac57894c6490,8db39abc3d973d6f,58286,58292,6,25549,1,0,0,0,0,0
ActPlane,3dae89cd06ae,complete,8db39abc3d973d6f,aba644f6a5a24f21,58292,58386,94,681684,1,0,0,0,0,0
ActPlane,3dae89cd06ae,complete,aba644f6a5a24f21,fb5726bfe547fbbb,58386,58390,4,19381,1,0,0,0,0,0
ActPlane,3dae89cd06ae,complete,fb5726bfe547fbbb,c670bd1aeee1d2ad,58390,58392,2,11867,1,0,0,0,0,0
ActPlane,3dae89cd06ae,complete,c670bd1aeee1d2ad,0401ef4acd76326a,58392,58395,3,6697,1,0,0,0,0,0
ActPlane,3dae89cd06ae,complete,0401ef4acd76326a,375ab406bdb43312,58395,58412,17,173429,1,0,0,0,0,0
ActPlane,3dae89cd06ae,complete,375ab406bdb43312,d0bc0db5da134c95,58412,58413,1,6186,1,0,0,0,0,0
ActPlane,3dae89cd06ae,complete,d0bc0db5da134c95,33e685015dac756c,58413,58417,4,17431,1,0,0,0,0,0
ActPlane,3dae89cd06ae,complete,33e685015dac756c,3cb5fe94e7393681,58417,58420,3,4780,1,0,0,0,0,0
ActPlane,3dae89cd06ae,complete,3cb5fe94e7393681,3365908812cb1b2d,58420,58437,17,157814,1,0,0,0,0,0
ActPlane,3dae89cd06ae,complete,3365908812cb1b2d,604c49adfd19f00b,58437,58438,1,4720,1,0,0,0,0,0
ActPlane,3dae89cd06ae,complete,604c49adfd19f00b,313476a61d8397d7,58438,58439,1,8847,1,0,0,0,0,0
ActPlane,3dae89cd06ae,complete,313476a61d8397d7,9024020bf9036f01,58439,58443,4,4587,1,0,0,0,0,0
ActPlane,3dae89cd06ae,complete,9024020bf9036f01,7539305322d47c2a,58443,58466,23,190882,1,0,0,0,0,0
ActPlane,3dae89cd06ae,complete,7539305322d47c2a,c28219b67fbee9ad,58466,58467,1,5281,1,0,0,0,0,0
ActPlane,3dae89cd06ae,complete,c28219b67fbee9ad,78b5aa36d93797bb,58467,58468,1,13501,1,0,0,0,0,0
ActPlane,3dae89cd06ae,complete,78b5aa36d93797bb,96aebed5f36e9ccd,58468,58472,4,5273,1,0,0,0,0,0
ActPlane,3dae89cd06ae,complete,96aebed5f36e9ccd,e66acf7fb63bc51f,58472,58523,51,387558,2,0,0,0,0,0
ActPlane,3dae89cd06ae,complete,e66acf7fb63bc51f,c5103b5333d76a35,58523,58633,110,831591,2,0,0,0,0,0
ActPlane,3dae89cd06ae,complete,c5103b5333d76a35,a591c673ae7da270,58633,58634,1,102,1,0,0,0,0,0
ActPlane,3dae89cd06ae,complete,a591c673ae7da270,669b36c87ac6d71c,58634,58641,7,56022,1,0,0,0,0,0
ActPlane,3dae89cd06ae,complete,669b36c87ac6d71c,3767c8ed71edde3f,58641,58647,6,29068,1,0,0,0,0,0
ActPlane,3dae89cd06ae,complete,3767c8ed71edde3f,43fe26d05e0775cf,58647,58649,2,8377,1,0,0,0,0,0
ActPlane,3dae89cd06ae,complete,43fe26d05e0775cf,a74d3684183d708b,58649,58668,19,138855,1,0,0,0,0,0
ActPlane,3dae89cd06ae,complete,a74d3684183d708b,3339a6fe3739ba1e,58668,58700,32,16917151,1,0,0,0,0,0
ActPlane,3dae89cd06ae,complete,3339a6fe3739ba1e,74bfd7fb68370fce,58700,58701,1,4850,1,0,0,0,0,0
ActPlane,3dae89cd06ae,complete,74bfd7fb68370fce,36a706a6297f769f,58701,58712,11,176984,1,0,0,0,0,0
ActPlane,3dae89cd06ae,complete,36a706a6297f769f,2172f20423b65e28,58712,58713,1,1,1,0,0,0,0,0
ActPlane,3dae89cd06ae,complete,2172f20423b65e28,f9a25fb3d2173772,58713,58716,3,46699,1,0,0,0,0,0
ActPlane,3dae89cd06ae,complete,f9a25fb3d2173772,3e3864f355999afa,58716,58803,87,1473036,1,0,0,0,0,0
ActPlane,3dae89cd06ae,complete,3e3864f355999afa,51909eb31e3bd526,58803,58804,1,0,1,0,0,0,0,0
ActPlane,3dae89cd06ae,complete,51909eb31e3bd526,9a40df398b10455b,58804,58806,2,12004,1,0,0,1,0,0
ActPlane,3dae89cd06ae,complete,9a40df398b10455b,9777a1f5a35a8c8f,58806,58807,1,7,1,0,0,0,0,0
ActPlane,3dae89cd06ae,complete,9777a1f5a35a8c8f,2b490019eb1507a5,58807,58808,1,126,1,0,0,0,0,0
ActPlane,3dae89cd06ae,complete,2b490019eb1507a5,28107cffee7b2d08,58808,58812,4,39083,1,0,0,0,0,0
ActPlane,3dae89cd06ae,complete,28107cffee7b2d08,96d2ca39fbfdbbb9,58812,58814,2,71,1,0,0,0,0,0
ActPlane,3dae89cd06ae,complete,96d2ca39fbfdbbb9,ffd47416758a5924,58814,58825,11,49533,1,0,0,0,0,0
ActPlane,3dae89cd06ae,complete,ffd47416758a5924,b0a623dc65b28962,58825,58885,60,782998,1,0,0,1,0,0
ActPlane,3dae89cd06ae,complete,b0a623dc65b28962,f1871cb279c80a76,58885,58886,1,1,1,0,0,0,0,0
ActPlane,3dae89cd06ae,complete,f1871cb279c80a76,9b3c692ae3dad4b2,58886,58941,55,765372,1,0,0,0,0,0
ActPlane,3dae89cd06ae,complete,9b3c692ae3dad4b2,e1a7e4203ed9fdd1,58941,58942,1,20,1,0,0,0,0,0
ActPlane,3dae89cd06ae,complete,e1a7e4203ed9fdd1,46d3e28c856d1405,58942,59005,63,708637,1,0,0,1,0,0
ActPlane,3dae89cd06ae,complete,46d3e28c856d1405,494816e026447c89,59005,59029,24,326819,1,0,0,0,0,0
ActPlane,3dae89cd06ae,complete,494816e026447c89,19f5cf97ab1d65d0,59029,59032,3,28939,1,0,0,0,0,0
ActPlane,3dae89cd06ae,complete,19f5cf97ab1d65d0,aff6fbcdfb4db20d,59032,59051,19,426260,1,0,0,0,0,0
ActPlane,3dae89cd06ae,complete,aff6fbcdfb4db20d,bc8c46fcdcd50274,59051,59053,2,135,1,0,0,0,0,0
ActPlane,3dae89cd06ae,complete,bc8c46fcdcd50274,f2a0c05fd42ea73e,59053,59083,30,344713,1,0,0,0,0,0
ActPlane,3dae89cd06ae,complete,f2a0c05fd42ea73e,3997372025e2d303,59083,59091,8,61383,1,0,0,1,0,0
ActPlane,3dae89cd06ae,complete,3997372025e2d303,735997161b8e6c14,59091,59093,2,29543,1,0,0,0,0,0
ActPlane,3dae89cd06ae,complete,735997161b8e6c14,b96a00feb0a7c104,59093,59101,8,60969,1,0,0,0,0,0
ActPlane,3dae89cd06ae,complete,b96a00feb0a7c104,e792b41c5bfd5d2e,59101,59103,2,24707,1,0,0,0,0,0
ActPlane,3dae89cd06ae,complete,e792b41c5bfd5d2e,fba6327b90ebc16c,59103,59113,10,121662,1,0,0,0,0,0
ActPlane,3dae89cd06ae,complete,fba6327b90ebc16c,09178deecd31fa85,59113,59122,9,334802,1,0,0,0,0,0
ActPlane,3dae89cd06ae,complete,09178deecd31fa85,4904618ee079c05e,59122,59123,1,0,1,0,0,0,0,0
ActPlane,3dae89cd06ae,complete,4904618ee079c05e,66de18b3818415b5,59123,59148,25,255306,2,0,0,0,0,0
ActPlane,3dae89cd06ae,complete,66de18b3818415b5,4413137eed214102,59148,59153,5,23029,1,0,0,1,0,0
ActPlane,3dae89cd06ae,complete,4413137eed214102,63e09a6aa37bf203,59153,59154,1,28,1,0,0,0,0,0
ActPlane,3dae89cd06ae,complete,63e09a6aa37bf203,785e8e5703c0b2f2,59154,59158,4,26959,1,0,0,0,0,0
ActPlane,3dae89cd06ae,complete,785e8e5703c0b2f2,e0e6a2e4c498c987,59158,59159,1,76,1,0,0,0,0,0
ActPlane,3dae89cd06ae,complete,e0e6a2e4c498c987,1f59e6e73c6fa107,59159,59194,35,332460,2,0,0,0,0,0
ActPlane,3dae89cd06ae,complete,1f59e6e73c6fa107,a39e1106e9e0680f,59194,59195,1,0,1,0,0,0,0,0
ActPlane,3dae89cd06ae,complete,a39e1106e9e0680f,dd474e0912953e9f,59195,59196,1,38,1,0,0,0,0,0
ActPlane,3dae89cd06ae,complete,dd474e0912953e9f,05d864a84833c4bf,59196,59208,12,91779,1,0,0,0,0,0
ActPlane,3dae89cd06ae,complete,05d864a84833c4bf,fa0f1bd459ca3795,59208,59211,3,53,1,0,0,0,0,0
ActPlane,3dae89cd06ae,complete,fa0f1bd459ca3795,f83e0d991aef6ddc,59211,59276,65,926839,2,0,0,0,0,0
ActPlane,3dae89cd06ae,complete,f83e0d991aef6ddc,e440588d0bac2e99,59276,59277,1,55,1,0,0,0,0,0
ActPlane,3dae89cd06ae,complete,e440588d0bac2e99,7b40ad11919b7914,59277,59278,1,151,1,0,0,0,0,0
ActPlane,3dae89cd06ae,complete,7b40ad11919b7914,7a9688fb1283a5f8,59278,59431,153,245907308,3,0,0,1,0,0
ActPlane,3dae89cd06ae,complete,7a9688fb1283a5f8,86328f1682723946,59431,59437,6,15872,1,0,0,0,0,0
ActPlane,3dae89cd06ae,complete,86328f1682723946,7d328178b9123034,59437,59442,5,37619,1,0,0,0,0,0
ActPlane,3dae89cd06ae,complete,7d328178b9123034,c119b4ff94e017d2,59442,59443,1,0,1,0,0,0,0,0
ActPlane,3dae89cd06ae,complete,c119b4ff94e017d2,df7e267bd8b4ba1f,59443,59454,11,93327,2,0,0,0,0,0
ActPlane,3dae89cd06ae,complete,df7e267bd8b4ba1f,a4292202143108bd,59454,59482,28,928031,1,0,0,0,0,0
ActPlane,3dae89cd06ae,complete,a4292202143108bd,223368c91d2a12c4,59482,59500,18,77852,1,0,0,1,0,0
ActPlane,3dae89cd06ae,complete,223368c91d2a12c4,c85966f318ac7202,59500,59501,1,0,1,0,0,0,0,0
ActPlane,3dae89cd06ae,complete,c85966f318ac7202,f59d37f570ff7721,59501,59502,1,1,1,0,0,0,0,0
ActPlane,3dae89cd06ae,complete,f59d37f570ff7721,00ed48a06cf5a88a,59502,59503,1,105,1,0,0,0,0,0
ActPlane,3dae89cd06ae,complete,00ed48a06cf5a88a,d041ac990a029745,59503,59509,6,29581,1,0,0,0,0,0
ActPlane,3dae89cd06ae,complete,d041ac990a029745,214f7a3070b6c491,59509,59510,1,39,1,0,0,0,0,0
ActPlane,3dae89cd06ae,complete,214f7a3070b6c491,158ca7c182865f91,59510,59511,1,13,1,0,0,0,0,0
ActPlane,3dae89cd06ae,complete,158ca7c182865f91,7e52a1cfd072ad08,59511,59513,2,5048,1,0,0,0,0,0
ActPlane,3dae89cd06ae,complete,7e52a1cfd072ad08,04129de54504cb15,59513,59518,5,39883,2,0,0,0,0,0
ActPlane,3dae89cd06ae,complete,04129de54504cb15,795934bf76ef9d5a,59518,59521,3,14726,2,0,0,0,0,0
ActPlane,3dae89cd06ae,complete,795934bf76ef9d5a,f9d9c00dd2835112,59521,59600,79,344575649,1,0,0,1,0,0
ActPlane,3dae89cd06ae,complete,f9d9c00dd2835112,cf9c97cb3817be22,59600,59622,22,188295,1,0,0,4,0,0
ActPlane,3dae89cd06ae,complete,cf9c97cb3817be22,365908d431a217e6,59622,59624,2,4266,1,0,0,0,0,0
ActPlane,3dae89cd06ae,complete,365908d431a217e6,4dc9251cf34e3215,59624,59625,1,22,1,0,0,0,0,0
ActPlane,3dae89cd06ae,complete,4dc9251cf34e3215,f86a124331d5798d,59625,59626,1,5526,1,0,0,0,0,0
ActPlane,3dae89cd06ae,complete,f86a124331d5798d,3aff74fc917da96d,59626,59627,1,23,1,0,0,0,0,0
ActPlane,3dae89cd06ae,complete,3aff74fc917da96d,c70b05fd5bd0a330,59627,59642,15,133664,1,0,0,1,0,0
ActPlane,3dae89cd06ae,complete,c70b05fd5bd0a330,6e939e915fea135e,59642,59737,95,1195124,1,0,0,2,0,0
ActPlane,3dae89cd06ae,complete,6e939e915fea135e,25d1f3f761897870,59737,59738,1,86,1,0,0,0,0,0
ActPlane,3dae89cd06ae,complete,25d1f3f761897870,27e85d49f2e98e81,59738,59739,1,7167,1,0,0,0,0,0
ActPlane,3dae89cd06ae,complete,27e85d49f2e98e81,4b756f694072bd8e,59739,59740,1,1,1,0,0,0,0,0
ActPlane,3dae89cd06ae,complete,4b756f694072bd8e,697c0fe32bb892be,59740,59741,1,29,1,0,0,0,0,0
ActPlane,3dae89cd06ae,complete,697c0fe32bb892be,0fa0e37f04b1728d,59741,59742,1,13317,1,0,0,0,0,0
ActPlane,3dae89cd06ae,complete,0fa0e37f04b1728d,5b532300f66b3a28,59742,59938,196,64578741,1,0,0,0,0,0
ActPlane,3dae89cd06ae,complete,5b532300f66b3a28,8529a9d9fe43358a,59938,59941,3,25555,1,0,0,0,0,0
ActPlane,3dae89cd06ae,complete,8529a9d9fe43358a,31fade9c13b6d774,59941,59955,14,59547,1,0,0,0,0,0
ActPlane,3dae89cd06ae,complete,31fade9c13b6d774,937bf94d50da0645,59955,59956,1,9667,1,0,0,0,0,0
ActPlane,3dae89cd06ae,complete,937bf94d50da0645,7efc9e84a2a77167,59956,59957,1,17535,1,0,0,0,0,0
ActPlane,3dae89cd06ae,complete,7efc9e84a2a77167,baeb0d0158a092cc,59957,60016,59,245238,2,0,0,0,0,0
ActPlane,3dae89cd06ae,complete,baeb0d0158a092cc,b1a5492bb52a020a,60016,60019,3,30138,2,0,0,1,0,0
ActPlane,3dae89cd06ae,complete,b1a5492bb52a020a,6fc6ffcf226848c4,60019,60024,5,39038,2,0,0,0,0,0
ActPlane,3dae89cd06ae,complete,6fc6ffcf226848c4,81d66afa741d20b5,60024,60025,1,0,1,0,0,0,0,0
ActPlane,3dae89cd06ae,complete,81d66afa741d20b5,46aa5bca554986fc,60025,60026,1,6422,1,0,0,0,0,0
ActPlane,3dae89cd06ae,complete,46aa5bca554986fc,b4c5588b257ecc0d,60026,60040,14,214536,2,0,0,0,0,0
ActPlane,3dae89cd06ae,complete,b4c5588b257ecc0d,5e63f6dc67c347dc,60040,60041,1,130,1,0,0,0,0,0
ActPlane,3dae89cd06ae,complete,5e63f6dc67c347dc,9c4ed80e6c79de79,60041,60042,1,9838,1,0,0,0,0,0
ActPlane,3dae89cd06ae,complete,9c4ed80e6c79de79,4d759716b4878bad,60042,60099,57,493819,1,0,0,0,1,0
ActPlane,3dae89cd06ae,complete,4d759716b4878bad,9e2fa456b82d7c80,60099,60120,21,99694,1,0,0,0,0,0
ActPlane,3dae89cd06ae,complete,9e2fa456b82d7c80,952512b492cf552e,60120,60121,1,35862,1,0,0,0,0,0
ActPlane,3dae89cd06ae,complete,952512b492cf552e,dafdade449034524,60121,60122,1,2,1,0,0,0,0,0
ActPlane,3dae89cd06ae,complete,dafdade449034524,48d73fdb2e8fe9eb,60122,60123,1,2,1,0,0,0,0,0
ActPlane,3dae89cd06ae,complete,48d73fdb2e8fe9eb,022bcf00cfe62310,60123,60150,27,655096,1,0,0,1,0,0
ActPlane,3dae89cd06ae,complete,022bcf00cfe62310,ae6d81d7aebb8b2d,60150,60151,1,23558,1,0,0,0,0,0
ActPlane,3dae89cd06ae,complete,ae6d81d7aebb8b2d,97310fde04110fcc,60151,60152,1,16,1,0,0,0,0,0
ActPlane,3dae89cd06ae,complete,97310fde04110fcc,1c22cca8609b6584,60152,60153,1,0,1,0,0,0,0,0
ActPlane,3dae89cd06ae,complete,1c22cca8609b6584,b85cd0faafa0a700,60153,60222,69,598582,2,0,0,1,0,0
ActPlane,3dae89cd06ae,complete,b85cd0faafa0a700,1ec487f3f5eafc39,60222,60269,47,329851,2,0,0,1,0,0
ActPlane,3dae89cd06ae,complete,1ec487f3f5eafc39,e1e5f917ef634b06,60269,60270,1,13750,1,0,0,0,0,0
ActPlane,3dae89cd06ae,complete,e1e5f917ef634b06,fb3bd6afcc569144,60270,60271,1,0,1,0,0,0,0,0
ActPlane,3dae89cd06ae,complete,fb3bd6afcc569144,3980841108343fc3,60271,60286,15,268622,1,0,0,0,0,0
ActPlane,3dae89cd06ae,complete,3980841108343fc3,1bcb1f5e97778e24,60286,60347,61,486726,1,0,0,0,0,0
ActPlane,3dae89cd06ae,complete,1bcb1f5e97778e24,776a0552158e5f62,60347,60350,3,30385,1,0,0,0,0,0
ActPlane,3dae89cd06ae,complete,776a0552158e5f62,e2dcd5731a2a2bde,60350,60351,1,50,1,0,0,0,0,0
ActPlane,3dae89cd06ae,complete,e2dcd5731a2a2bde,5105ba84de600daf,60351,60391,40,477610,1,0,0,0,0,0
ActPlane,3dae89cd06ae,complete,5105ba84de600daf,91dfa686e92a64ed,60391,60417,26,217954,1,0,0,0,0,0
ActPlane,3dae89cd06ae,complete,91dfa686e92a64ed,022f03f3e40bb965,60417,60464,47,297284,2,0,0,0,0,0
ActPlane,3dae89cd06ae,complete,022f03f3e40bb965,2f16a6bc16381e55,60464,60465,1,4616,1,0,0,0,0,0
ActPlane,3dae89cd06ae,complete,2f16a6bc16381e55,904836fc2e1540db,60465,60473,8,206628,1,0,0,0,0,0
ActPlane,3dae89cd06ae,complete,904836fc2e1540db,27e88ecd9012680e,60473,60531,58,1065713,1,0,0,0,0,0
ActPlane,3dae89cd06ae,complete,27e88ecd9012680e,8acc28e8836e167b,60531,60553,22,174086,1,0,0,1,0,0
ActPlane,3dae89cd06ae,complete,8acc28e8836e167b,977e97a9fa11b5f5,60553,60594,41,247646,1,0,0,0,0,0
ActPlane,3dae89cd06ae,complete,977e97a9fa11b5f5,10429c257e61c7f7,60594,60599,5,20668,1,0,0,0,0,0
ActPlane,3dae89cd06ae,complete,10429c257e61c7f7,3186d44732bd3485,60599,60600,1,51,1,0,0,0,0,0
ActPlane,3dae89cd06ae,complete,3186d44732bd3485,268486d07ace30f6,60600,60623,23,295203,1,0,0,0,0,0
ActPlane,3dae89cd06ae,complete,268486d07ace30f6,470feacbf6650161,60623,60675,52,607596,1,0,0,0,0,0
ActPlane,3dae89cd06ae,complete,470feacbf6650161,aca9c8196fa843ae,60675,60690,15,107152,1,0,0,0,0,0
ActPlane,3dae89cd06ae,complete,aca9c8196fa843ae,5667572265185386,60690,60692,2,11588,1,0,0,0,0,0
ActPlane,3dae89cd06ae,complete,5667572265185386,422cae02c748ddb3,60692,60711,19,132214,1,0,0,0,0,0
ActPlane,3dae89cd06ae,complete,422cae02c748ddb3,76dfebfd4fe8df43,60711,60777,66,1815401,1,0,0,0,0,0
ActPlane,3dae89cd06ae,complete,76dfebfd4fe8df43,5b281a47753b7da5,60777,60946,169,2357207,2,0,0,1,0,0
ActPlane,3dae89cd06ae,complete,5b281a47753b7da5,552e54abe18f00b9,60946,60951,5,67218,1,0,0,0,0,0
ActPlane,3dae89cd06ae,complete,552e54abe18f00b9,d9f33216e3efdd3e,60951,60957,6,58040,1,0,0,0,0,0
ActPlane,3dae89cd06ae,complete,d9f33216e3efdd3e,052a40b74818889d,60957,60964,7,74823,1,0,0,0,0,0
ActPlane,3dae89cd06ae,complete,052a40b74818889d,ed42b074e015909a,60964,61048,84,625400,1,0,0,4,0,0
ActPlane,3dae89cd06ae,complete,ed42b074e015909a,10bfa8742e7852f7,61048,61050,2,36771,1,0,0,0,0,0
ActPlane,3dae89cd06ae,complete,10bfa8742e7852f7,fc7094d520f7a11f,61050,61245,195,782711548,3,19,7,0,0,0
ActPlane,3dae89cd06ae,complete,fc7094d520f7a11f,9ce1cd7293c2b0db,61245,61262,17,266007,1,4,2,0,0,0
ActPlane,3dae89cd06ae,complete,9ce1cd7293c2b0db,b0d5ff14a0f93080,61262,61267,5,43536,1,1,1,0,0,0
ActPlane,3dae89cd06ae,complete,b0d5ff14a0f93080,256680ec8639c391,61267,61271,4,40346,1,1,1,0,0,0
ActPlane,3dae89cd06ae,complete,256680ec8639c391,14dd04aea4594a24,61271,61277,6,130301,1,7,6,0,0,0
ActPlane,3dae89cd06ae,complete,14dd04aea4594a24,7609e9b3e1ca7b90,61277,61283,6,78334,1,0,0,0,0,0
ActPlane,3dae89cd06ae,complete,7609e9b3e1ca7b90,7830fe11c8f6366d,61283,61288,5,66063,1,0,0,0,0,0
ActPlane,3dae89cd06ae,complete,7830fe11c8f6366d,bc64ad685cd5eae4,61288,61291,3,45505,1,0,0,0,0,0
ActPlane,3dae89cd06ae,complete,bc64ad685cd5eae4,a72b320e34140fbe,61291,61293,2,11336,1,0,0,0,0,0
ActPlane,3dae89cd06ae,complete,a72b320e34140fbe,e12de1909e39783c,61293,61297,4,36219,1,0,0,0,0,0
ActPlane,3dae89cd06ae,complete,e12de1909e39783c,b1362c5b92e959ab,61297,61345,48,311631,2,0,0,0,0,0
ActPlane,3dae89cd06ae,complete,b1362c5b92e959ab,8308eb13a4e94ad6,61345,61349,4,7164,2,0,0,0,0,0
ActPlane,3dae89cd06ae,complete,8308eb13a4e94ad6,ffd60629c49db298,61349,61380,31,156964,2,0,0,0,0,0
ActPlane,3dae89cd06ae,complete,ffd60629c49db298,3a2424b0ee89f4a8,61380,61406,26,146353,2,7,7,0,0,0
ActPlane,3dae89cd06ae,complete,3a2424b0ee89f4a8,f23d3e2b56d8cbbf,61406,61416,10,40018,2,0,0,0,0,0
ActPlane,3dae89cd06ae,complete,f23d3e2b56d8cbbf,643ec30653114473,61416,61442,26,250264,2,8,6,0,0,0
ActPlane,3dae89cd06ae,complete,643ec30653114473,8079c084c2811aa8,61442,61444,2,20236,1,0,0,0,0,0
ActPlane,3dae89cd06ae,complete,8079c084c2811aa8,77e075464341823e,61444,61453,9,108882,1,5,5,0,0,0
ActPlane,3dae89cd06ae,complete,77e075464341823e,e9ea12fe41de1692,61453,61455,2,39186,1,0,0,0,0,0
ActPlane,3dae89cd06ae,complete,e9ea12fe41de1692,db8a16efd0e94814,61455,61469,14,130643,1,0,0,0,0,0
ActPlane,3dae89cd06ae,complete,db8a16efd0e94814,e140433b50da4425,61469,61484,15,39800,2,0,0,0,0,0
ActPlane,3dae89cd06ae,complete,e140433b50da4425,70c2fcbfd2d6ceee,61484,61574,90,640972,2,4,4,0,0,0
ActPlane,3dae89cd06ae,complete,70c2fcbfd2d6ceee,bae396c6bbdab4af,61574,61576,2,9963,1,0,0,0,0,0
ActPlane,3dae89cd06ae,complete,bae396c6bbdab4af,c6238a96af1f82a5,61576,61622,46,189328,2,1,1,0,0,0
ActPlane,3dae89cd06ae,complete,c6238a96af1f82a5,8b01c31931642548,61622,61630,8,36458,2,0,0,0,0,0
ActPlane,3dae89cd06ae,complete,8b01c31931642548,d220592313db660d,61630,61739,109,23154497,3,10,5,0,0,0
ActPlane,3dae89cd06ae,complete,d220592313db660d,f1974f3c9cd1008b,61739,61743,4,69698,1,1,1,0,0,0
ActPlane,3dae89cd06ae,complete,f1974f3c9cd1008b,81fcbc46212b62d9,61743,61759,16,424174,1,5,3,0,0,0
ActPlane,3dae89cd06ae,complete,81fcbc46212b62d9,b94e87b1e5b5c77e,61759,61798,39,934617,1,8,4,0,0,0
ActPlane,3dae89cd06ae,complete,b94e87b1e5b5c77e,b9ea39eca11513f8,61798,61803,5,126812,1,3,2,0,0,0
ActPlane,3dae89cd06ae,complete,b9ea39eca11513f8,eb4ace6cf87948e5,61803,61812,9,249855,1,2,2,0,0,1
ActPlane,3dae89cd06ae,complete,eb4ace6cf87948e5,b2d4d7ddf5e52089,61812,61821,9,166885,1,1,1,0,0,1
ActPlane,3dae89cd06ae,complete,b2d4d7ddf5e52089,d98208837c716fe7,61821,61836,15,339385,1,3,3,0,0,1
ActPlane,3dae89cd06ae,complete,d98208837c716fe7,da71270a54a06565,61836,61839,3,60690,1,2,2,0,0,1
ActPlane,3dae89cd06ae,complete,da71270a54a06565,2c2928c314f547ca,61839,61846,7,179649,1,3,2,0,0,1
ActPlane,3dae89cd06ae,complete,2c2928c314f547ca,c6a4d37773b03be4,61846,61853,7,139820,1,2,2,0,0,1
ActPlane,3dae89cd06ae,complete,c6a4d37773b03be4,3f57cafa5a0936a9,61853,61857,4,86356,1,2,2,0,0,1
ActPlane,3dae89cd06ae,complete,3f57cafa5a0936a9,ae9462af0a9935ba,61857,61873,16,340518,1,3,3,0,0,1
ActPlane,3dae89cd06ae,complete,ae9462af0a9935ba,838cc6b9bd181083,61873,61876,3,76339,1,1,1,0,0,0
ActPlane,3dae89cd06ae,complete,838cc6b9bd181083,e1fbacb98f321ca2,61876,61889,13,297860,1,5,3,0,0,1
ActPlane,3dae89cd06ae,complete,e1fbacb98f321ca2,4ce6999163678dff,61889,61901,12,236160,1,3,2,0,0,1
ActPlane,3dae89cd06ae,complete,4ce6999163678dff,31aa074906286129,61901,61902,1,16909,1,0,0,0,0,0
ActPlane,3dae89cd06ae,complete,31aa074906286129,2bd1580766144c97,61902,61904,2,62296,1,1,1,0,0,0
ActPlane,3dae89cd06ae,complete,2bd1580766144c97,41e6f75c00ac44c6,61904,61910,6,194860,1,2,2,0,0,1
ActPlane,3dae89cd06ae,complete,41e6f75c00ac44c6,f93b40e5053a79ea,61910,61912,2,67604,1,1,1,0,0,0
ActPlane,3dae89cd06ae,complete,f93b40e5053a79ea,3888873f27985b65,61912,61925,13,336155,1,3,2,0,0,1
ActPlane,3dae89cd06ae,complete,3888873f27985b65,a9c1b4c1b2f2a15a,61925,61926,1,20792,1,0,0,0,0,0
ActPlane,3dae89cd06ae,complete,a9c1b4c1b2f2a15a,463f23f422f19e67,61926,61929,3,39972,1,1,1,0,0,0
ActPlane,3dae89cd06ae,complete,463f23f422f19e67,504a569e535362db,61929,61931,2,51216,1,1,1,0,0,0
ActPlane,3dae89cd06ae,complete,504a569e535362db,834dc9b640158256,61931,61940,9,178720,1,2,1,0,0,1
ActPlane,3dae89cd06ae,complete,834dc9b640158256,93dd9c4e2c608fb3,61940,61951,11,228920,1,6,3,0,0,1
ActPlane,3dae89cd06ae,complete,93dd9c4e2c608fb3,b4806f3551099748,61951,61964,13,288455,1,5,1,0,0,1
ActPlane,3dae89cd06ae,complete,b4806f3551099748,68a3e91393871f8a,61964,61972,8,203328,1,1,1,0,0,0
ActPlane,3dae89cd06ae,complete,68a3e91393871f8a,20bb97b380df5a76,61972,61986,14,236498,1,1,1,0,0,0
ActPlane,3dae89cd06ae,complete,20bb97b380df5a76,5a4a31b4b76a5e84,61986,61989,3,44758,1,1,1,0,0,0
ActPlane,3dae89cd06ae,complete,5a4a31b4b76a5e84,edc87681a0d45fcd,61989,61992,3,74077,1,0,0,0,0,0
ActPlane,3dae89cd06ae,complete,edc87681a0d45fcd,5f5365d8fc32b1d0,61992,62001,9,281131,1,3,2,0,0,1
ActPlane,3dae89cd06ae,complete,5f5365d8fc32b1d0,7969c484ad8298c1,62001,62004,3,41356,1,1,1,0,0,0
ActPlane,3dae89cd06ae,complete,7969c484ad8298c1,f7837f4720a29d8c,62004,62007,3,45136,1,1,1,0,0,0
ActPlane,3dae89cd06ae,complete,f7837f4720a29d8c,588934cc1c33fc03,62007,62010,3,55351,1,1,1,0,0,0
ActPlane,3dae89cd06ae,complete,588934cc1c33fc03,c92289c5ba8f5344,62010,62015,5,101108,1,2,2,0,0,1
ActPlane,3dae89cd06ae,complete,c92289c5ba8f5344,d5fcbdb94aca11b2,62015,62017,2,30150,1,0,0,0,0,0
ActPlane,3dae89cd06ae,complete,d5fcbdb94aca11b2,5cdcd0cf1d7ec8be,62017,62020,3,40636,1,1,1,0,0,0
ActPlane,3dae89cd06ae,complete,5cdcd0cf1d7ec8be,69439423ab5c637b,62020,62033,13,363698,1,4,3,0,0,1
ActPlane,3dae89cd06ae,complete,69439423ab5c637b,308f2eb5922bc01c,62033,62035,2,27318,1,0,0,0,0,0
ActPlane,3dae89cd06ae,complete,308f2eb5922bc01c,51496d6f87423655,62035,62038,3,47706,1,1,1,0,0,0
ActPlane,3dae89cd06ae,complete,51496d6f87423655,b43b81ab5876b8e3,62038,62040,2,27456,1,0,0,0,0,0
ActPlane,3dae89cd06ae,complete,b43b81ab5876b8e3,4843f573ab55bd42,62040,62046,6,110387,1,2,2,0,0,1
ActPlane,3dae89cd06ae,complete,4843f573ab55bd42,8eb7e922623c8fcc,62046,62048,2,52456,1,0,0,0,0,0
ActPlane,3dae89cd06ae,complete,8eb7e922623c8fcc,62953cfaab6d2ae8,62048,62052,4,110812,1,2,2,0,0,0
ActPlane,3dae89cd06ae,complete,62953cfaab6d2ae8,711c3a967ed76bb6,62052,62057,5,100497,1,1,1,0,0,1
ActPlane,3dae89cd06ae,complete,711c3a967ed76bb6,4845322d3c9135bc,62057,62062,5,119012,1,5,5,0,0,0
ActPlane,3dae89cd06ae,complete,4845322d3c9135bc,9c46e374bab91b29,62062,62065,3,40114,1,1,1,0,0,0
ActPlane,3dae89cd06ae,complete,9c46e374bab91b29,e86319ed28b6fdee,62065,62067,2,26161,1,1,1,0,0,0
ActPlane,3dae89cd06ae,complete,e86319ed28b6fdee,abf391bac14117ea,62067,62069,2,62042,1,1,1,0,0,1
ActPlane,3dae89cd06ae,complete,abf391bac14117ea,2f3524694697446e,62069,62076,7,161457,1,2,2,0,0,0
ActPlane,3dae89cd06ae,complete,2f3524694697446e,c1db6882abeb67d2,62076,62078,2,18088,1,0,0,0,0,0
ActPlane,3dae89cd06ae,complete,c1db6882abeb67d2,141561d763601b2d,62078,62081,3,41554,1,1,1,0,0,0
ActPlane,3dae89cd06ae,complete,141561d763601b2d,f942fa67d1d97ea6,62081,62084,3,30017,1,0,0,0,0,0
ActPlane,3dae89cd06ae,complete,f942fa67d1d97ea6,9b3fe836f3bb0e08,62084,62086,2,31012,1,0,0,0,0,0
ActPlane,3dae89cd06ae,complete,9b3fe836f3bb0e08,ed2070db6d126379,62086,62094,8,216730,1,2,2,0,0,1
ActPlane,3dae89cd06ae,complete,ed2070db6d126379,f6c6913795dcb7f8,62094,62096,2,23161,1,0,0,0,0,0
ActPlane,3dae89cd06ae,complete,f6c6913795dcb7f8,9a4ddabe768e5b6f,62096,62101,5,127321,1,1,1,0,0,1
ActPlane,3dae89cd06ae,complete,9a4ddabe768e5b6f,31a9eb8410d4cefa,62101,62125,24,480504,1,1,1,0,0,1
ActPlane,3dae89cd06ae,complete,31a9eb8410d4cefa,d6560ab9126ac67f,62125,62131,6,122115,1,1,1,0,0,1
ActPlane,3dae89cd06ae,complete,d6560ab9126ac67f,42e1e26c63eed2b4,62131,62145,14,341944,1,7,2,0,0,1
ActPlane,3dae89cd06ae,complete,42e1e26c63eed2b4,ee252934664a5e80,62145,62147,2,29807,1,0,0,0,0,0
ActPlane,3dae89cd06ae,complete,ee252934664a5e80,66066235f31672a5,62147,62155,8,121015,1,1,1,0,0,1
ActPlane,3dae89cd06ae,complete,66066235f31672a5,58ad2db838b7d325,62155,62166,11,246598,1,1,1,0,0,1
ActPlane,3dae89cd06ae,complete,58ad2db838b7d325,c9970dfd87529f7e,62166,62172,6,160824,1,2,1,0,0,1
ActPlane,3dae89cd06ae,complete,c9970dfd87529f7e,e8dfc7c428e2df16,62172,62177,5,90244,1,2,1,0,0,1
ActPlane,3dae89cd06ae,complete,e8dfc7c428e2df16,7747f0cddca9c5af,62177,62180,3,44093,1,0,0,0,0,0
ActPlane,3dae89cd06ae,complete,7747f0cddca9c5af,82f8c8190c06537f,62180,62187,7,166011,1,3,2,0,0,1
ActPlane,3dae89cd06ae,complete,82f8c8190c06537f,940098d457d84bc1,62187,62191,4,60796,1,1,1,0,0,0
ActPlane,3dae89cd06ae,complete,940098d457d84bc1,bdd56c5fe7d31bd8,62191,62194,3,51592,1,1,1,0,0,0
ActPlane,3dae89cd06ae,complete,bdd56c5fe7d31bd8,1c53d9c4534736d3,62194,62198,4,86520,1,0,0,0,0,0
ActPlane,3dae89cd06ae,complete,1c53d9c4534736d3,26962cc761a3b1fb,62198,62200,2,37128,1,0,0,0,0,0
ActPlane,3dae89cd06ae,complete,26962cc761a3b1fb,572c7b7839f8d0e2,62200,62210,10,215371,1,0,0,0,0,2
ActPlane,3dae89cd06ae,complete,572c7b7839f8d0e2,808e11119c437c21,62210,62218,8,111022,1,0,0,0,0,0
ActPlane,3dae89cd06ae,complete,808e11119c437c21,669a1c62298191a0,62218,62234,16,237101,1,0,0,0,0,0
ActPlane,3dae89cd06ae,complete,669a1c62298191a0,8ff5a82ccdf882ef,62234,62242,8,131159,1,2,1,0,0,0
ActPlane,3dae89cd06ae,complete,8ff5a82ccdf882ef,ad4b3d37283a4f34,62242,62243,1,15587,1,0,0,0,0,0
ActPlane,3dae89cd06ae,complete,ad4b3d37283a4f34,3df4b85bf96a00e7,62243,62247,4,76798,1,0,0,0,0,0
ActPlane,3dae89cd06ae,complete,3df4b85bf96a00e7,6f6b5905ecae8c42,62247,62392,145,2007009,1,11,7,0,0,0
ActPlane,3dae89cd06ae,complete,6f6b5905ecae8c42,919292eb698967e0,62392,62393,1,19730,1,0,0,0,0,0
ActPlane,3dae89cd06ae,complete,919292eb698967e0,05f021864f4ef591,62393,62396,3,54859,1,1,1,0,0,0
ActPlane,3dae89cd06ae,complete,05f021864f4ef591,3e2a08c1af26a2bc,62396,62398,2,23896,1,0,0,0,0,0
ActPlane,3dae89cd06ae,complete,3e2a08c1af26a2bc,c23d5c444ebce0ec,62398,62401,3,77039,1,1,1,0,0,0
ActPlane,3dae89cd06ae,complete,c23d5c444ebce0ec,6377ab846fc5c307,62401,62406,5,136301,1,1,1,0,0,0
ActPlane,3dae89cd06ae,complete,6377ab846fc5c307,4899063f27f4d439,62406,62408,2,39528,1,0,0,0,0,0
ActPlane,3dae89cd06ae,complete,4899063f27f4d439,efc687bf122b8831,62408,62411,3,75666,1,1,1,0,0,0
ActPlane,3dae89cd06ae,complete,efc687bf122b8831,a8fdbea1e4763163,62411,62413,2,32385,1,0,0,0,0,0
ActPlane,3dae89cd06ae,complete,a8fdbea1e4763163,53e060b320e6a19c,62413,62417,4,57311,1,1,1,0,0,0
ActPlane,3dae89cd06ae,complete,53e060b320e6a19c,ace61893809d44fe,62417,62421,4,85014,1,0,0,0,0,0
ActPlane,3dae89cd06ae,complete,ace61893809d44fe,1a27e78c391c91a8,62421,62455,34,604024,1,1,1,0,1,0
ActPlane,3dae89cd06ae,complete,1a27e78c391c91a8,c7509c806c35eb6a,62455,62458,3,21424,1,0,0,0,0,0
ActPlane,3dae89cd06ae,complete,c7509c806c35eb6a,9658e5e6723c395e,62458,62459,1,11371,1,0,0,0,0,0
ActPlane,3dae89cd06ae,complete,9658e5e6723c395e,1b25cfd489ab9768,62459,62474,15,203309,1,2,2,0,0,0
ActPlane,3dae89cd06ae,complete,1b25cfd489ab9768,6cf22ec826d56bfe,62474,62481,7,113349,1,5,2,0,0,0
ActPlane,3dae89cd06ae,complete,6cf22ec826d56bfe,09126955d60e9895,62481,62527,46,957803,1,1,1,0,0,0
ActPlane,3dae89cd06ae,complete,09126955d60e9895,7edda054f2853a4f,62527,62529,2,38780,1,0,0,0,0,0
ActPlane,3dae89cd06ae,complete,7edda054f2853a4f,be6ca44e3d011ef1,62529,62540,11,248980,1,0,0,0,0,0
ActPlane,3dae89cd06ae,complete,be6ca44e3d011ef1,6d93512e86bf0034,62540,62542,2,43161,1,0,0,0,0,0
ActPlane,3dae89cd06ae,complete,6d93512e86bf0034,72c42c04e1073d76,62542,62685,143,2326808,1,6,4,0,1,0
ActPlane,3dae89cd06ae,complete,72c42c04e1073d76,d85e5ca3a39bc6a6,62685,62809,124,2037825,1,29,10,0,0,0
ActPlane,3dae89cd06ae,complete,d85e5ca3a39bc6a6,2db0d6479e2b5776,62809,62814,5,79775,1,3,3,0,0,0
ActPlane,3dae89cd06ae,complete,2db0d6479e2b5776,9ac02f7b047e0781,62814,62820,6,84723,1,2,2,0,0,0
ActPlane,3dae89cd06ae,complete,9ac02f7b047e0781,d61e7f0c13150c00,62820,62835,15,261164,1,0,0,0,0,0
ActPlane,3dae89cd06ae,complete,d61e7f0c13150c00,99c3e98fb91844a4,62835,62841,6,160296,1,2,2,0,0,0
ActPlane,3dae89cd06ae,complete,99c3e98fb91844a4,c24f4029cdd88b0d,62841,62884,43,347073,1,0,0,0,0,0
ActPlane,3dae89cd06ae,complete,c24f4029cdd88b0d,3d425fb76f29c18c,62884,62901,17,113878,1,0,0,0,0,0
ActPlane,3dae89cd06ae,complete,3d425fb76f29c18c,1023d6c1f18ab425,62901,62906,5,41600,1,0,0,0,0,0
ActPlane,3dae89cd06ae,complete,1023d6c1f18ab425,4884a5ef041097af,62906,62944,38,522832,1,5,5,0,0,0
ActPlane,3dae89cd06ae,complete,4884a5ef041097af,00867040b8ec3aaa,62944,62947,3,42214,1,0,0,0,0,0
ActPlane,3dae89cd06ae,complete,00867040b8ec3aaa,b4e6ddd9a279115c,62947,62960,13,258062,1,0,0,0,0,0
ActPlane,3dae89cd06ae,complete,b4e6ddd9a279115c,5f5b82efd7617a6d,62960,62965,5,58393,1,0,0,0,0,0
ActPlane,3dae89cd06ae,complete,5f5b82efd7617a6d,ad574ab6a08fada0,62965,62979,14,115865,1,0,0,0,0,0
ActPlane,3dae89cd06ae,complete,ad574ab6a08fada0,b8d23e6c241dca5d,62979,62992,13,47469,2,0,0,0,0,0
ActPlane,3dae89cd06ae,complete,b8d23e6c241dca5d,ed8d7540306047c0,62992,63073,81,381556,2,5,5,0,0,0
ActPlane,3dae89cd06ae,complete,ed8d7540306047c0,5b89461bba715a90,63073,63078,5,83002,1,3,3,0,0,0
ActPlane,3dae89cd06ae,complete,5b89461bba715a90,c9012f794da7e541,63078,63080,2,30430,1,0,0,0,0,0
ActPlane,3dae89cd06ae,complete,c9012f794da7e541,4672823c6cb57d53,63080,63082,2,37899,1,0,0,0,0,0
ActPlane,3dae89cd06ae,complete,4672823c6cb57d53,02f2ece783203874,63082,63095,13,267689,1,0,0,0,0,0
ActPlane,3dae89cd06ae,complete,02f2ece783203874,7201f62ac1f88452,63095,63099,4,64812,1,0,0,0,0,0
ActPlane,3dae89cd06ae,complete,7201f62ac1f88452,310caea4907fa454,63099,63109,10,97931,1,0,0,0,0,0
ActPlane,3dae89cd06ae,complete,310caea4907fa454,6680ea7ddee772f9,63109,63123,14,56657,2,0,0,0,0,0
ActPlane,3dae89cd06ae,complete,6680ea7ddee772f9,91cbe84a2f45c617,63123,63203,80,1148302,2,9,8,0,0,0
ActPlane,3dae89cd06ae,complete,91cbe84a2f45c617,a38a5ef215ee848b,63203,63210,7,141892,1,2,1,0,0,0
ActPlane,3dae89cd06ae,complete,a38a5ef215ee848b,7f0163a4e6bd3100,63210,63216,6,128457,1,0,0,0,0,0
ActPlane,3dae89cd06ae,complete,7f0163a4e6bd3100,be74a878c244f377,63216,63294,78,1639620,1,2,2,0,1,0
ActPlane,3dae89cd06ae,complete,be74a878c244f377,ef822e98180ff2b5,63294,63358,64,643769,2,0,0,0,1,0
ActPlane,3dae89cd06ae,complete,ef822e98180ff2b5,b3a2986ef7db288c,63358,63389,31,209536,2,0,0,0,0,0
ActPlane,3dae89cd06ae,complete,b3a2986ef7db288c,cb26caa12890c88b,63389,63397,8,110363,2,0,0,0,0,0
ActPlane,3dae89cd06ae,complete,cb26caa12890c88b,f3f0303f208487e6,63397,63405,8,59310,2,0,0,0,0,0
ActPlane,3dae89cd06ae,complete,f3f0303f208487e6,7ae054e3e55a2863,63405,63487,82,8356307,3,0,0,0,0,0
ActPlane,3dae89cd06ae,complete,7ae054e3e55a2863,67cc82d7a901054e,63487,63489,2,8502,1,0,0,0,0,0
ActPlane,3dae89cd06ae,complete,67cc82d7a901054e,3c2c2b336c420c74,63489,63490,1,4405,1,0,0,0,0,0
ActPlane,3dae89cd06ae,complete,3c2c2b336c420c74,447ab2a4c0aa4075,63490,63516,26,3803385,2,2,2,0,0,0
ActPlane,3dae89cd06ae,complete,447ab2a4c0aa4075,b8457a68391edee8,63516,63518,2,53959,1,0,0,0,0,0
ActPlane,3dae89cd06ae,complete,b8457a68391edee8,e33709c6d663eb3a,63518,63521,3,45363,1,0,0,0,0,0
ActPlane,3dae89cd06ae,complete,e33709c6d663eb3a,4081ca3b86c0fc3d,63521,63539,18,2281432,1,0,0,0,2,0
ActPlane,3dae89cd06ae,complete,4081ca3b86c0fc3d,c55a82f1845b801e,63539,63550,11,209687,1,0,0,0,3,0
ActPlane,3dae89cd06ae,complete,c55a82f1845b801e,69622214700f6d35,63550,63552,2,37731,1,0,0,0,0,0
ActPlane,3dae89cd06ae,complete,69622214700f6d35,9e10d3489db24612,63552,63733,181,4451157,1,18,9,0,0,0
ActPlane,3dae89cd06ae,complete,9e10d3489db24612,b7377a8b8178fad0,63733,63804,71,446682,2,0,0,0,0,0
ActPlane,3dae89cd06ae,complete,b7377a8b8178fad0,7c18d134d01cc976,63804,63835,31,513472,2,8,6,0,0,0
ActPlane,3dae89cd06ae,complete,7c18d134d01cc976,2d3841857e93c893,63835,63838,3,53393,1,1,1,0,0,0
ActPlane,3dae89cd06ae,complete,2d3841857e93c893,608d4e3067a273ba,63838,63856,18,295890,1,8,5,0,0,0
ActPlane,3dae89cd06ae,complete,608d4e3067a273ba,2ad53f136505fb3e,63856,63857,1,18801,1,0,0,0,0,0
ActPlane,3dae89cd06ae,complete,2ad53f136505fb3e,324be5959461d5c2,63857,63926,69,784485,2,0,0,0,3,0
ActPlane,3dae89cd06ae,complete,324be5959461d5c2,d18ee2f3da3d0f9d,63926,64004,78,6424413,2,1,1,0,0,0
ActPlane,3dae89cd06ae,complete,d18ee2f3da3d0f9d,c9e68a40df46ea4e,64004,64006,2,17861,1,0,0,0,0,0
ActPlane,3dae89cd06ae,complete,c9e68a40df46ea4e,3d89f342f84c2ac8,64006,64010,4,101261,1,0,0,0,0,0
ActPlane,3dae89cd06ae,complete,3d89f342f84c2ac8,092e832637f8219a,64010,64011,1,12439,1,0,0,0,0,0
ActPlane,3dae89cd06ae,complete,092e832637f8219a,ab0191f88e6fe8b5,64011,64013,2,15506,1,0,0,0,0,0
ActPlane,3dae89cd06ae,complete,ab0191f88e6fe8b5,578abc87f8eac09e,64013,64015,2,13479,1,0,0,0,0,0
ActPlane,3dae89cd06ae,complete,578abc87f8eac09e,e52d0fa523f9bd7a,64015,64017,2,63656,1,0,0,0,0,0
ActPlane,3dae89cd06ae,complete,e52d0fa523f9bd7a,d9572109cd948837,64017,64020,3,30986,1,0,0,0,0,0
ActPlane,3dae89cd06ae,complete,d9572109cd948837,20cd10d08ca1cad2,64020,64035,15,265720,1,0,0,0,0,0
ActPlane,3dae89cd06ae,complete,20cd10d08ca1cad2,0832bbf964baeaa2,64035,64085,50,682552,2,0,0,0,0,0
ActPlane,3dae89cd06ae,complete,0832bbf964baeaa2,f8f46ffc0902a750,64085,64087,2,9968,2,0,0,0,0,0
ActPlane,3dae89cd06ae,complete,f8f46ffc0902a750,e197ec77747f3dd9,64087,64093,6,51544,2,0,0,0,0,0
ActPlane,3dae89cd06ae,complete,e197ec77747f3dd9,d1a280c5635bb5c6,64093,64099,6,175680,2,0,0,0,0,0
ActPlane,3dae89cd06ae,complete,d1a280c5635bb5c6,afb2f98dea512bc5,64099,64100,1,13027,1,0,0,0,0,0
ActPlane,3dae89cd06ae,complete,afb2f98dea512bc5,4a747bde11250658,64100,64105,5,50315,1,0,0,0,0,0
ActPlane,3dae89cd06ae,complete,4a747bde11250658,1651147c78ffecd5,64105,64181,76,2396542,1,2,1,0,0,0
ActPlane,3dae89cd06ae,complete,1651147c78ffecd5,bf3901d86003b287,64181,64183,2,25470,1,0,0,0,0,0
ActPlane,3dae89cd06ae,complete,bf3901d86003b287,85365748acd0129f,64183,64190,7,206357,1,2,2,0,0,0
ActPlane,3dae89cd06ae,complete,85365748acd0129f,403d591aa3b1dac4,64190,64193,3,47372,1,0,0,0,0,0
ActPlane,3dae89cd06ae,complete,403d591aa3b1dac4,3cff02b4edf1ae32,64193,64282,89,653876,2,2,2,0,0,0
ActPlane,3dae89cd06ae,complete,3cff02b4edf1ae32,5bbd81e71ee8150a,64282,64285,3,32818,1,0,0,0,0,0
ActPlane,3dae89cd06ae,complete,5bbd81e71ee8150a,33b4b4912496db6d,64285,64311,26,289968,1,4,3,0,0,0
ActPlane,3dae89cd06ae,complete,33b4b4912496db6d,8c98e1572e56fa84,64311,64312,1,13970,1,0,0,0,0,0
ActPlane,3dae89cd06ae,complete,8c98e1572e56fa84,8a767375f3341cb8,64312,64317,5,58305,1,1,1,0,0,0
ActPlane,3dae89cd06ae,complete,8a767375f3341cb8,418c08f969a5cbc6,64317,64331,14,137948,1,3,3,0,0,0
ActPlane,3dae89cd06ae,complete,418c08f969a5cbc6,3c7e857374c2a964,64331,64355,24,174585,2,0,0,0,0,0
ActPlane,3dae89cd06ae,complete,3c7e857374c2a964,3f972f16eaa6f8b7,64355,64444,89,6878751,2,3,3,0,0,0
ActPlane,3dae89cd06ae,complete,3f972f16eaa6f8b7,da0e153982563ea1,64444,64447,3,48947,1,1,1,0,0,0
ActPlane,3dae89cd06ae,complete,da0e153982563ea1,00faa47646c04771,64447,64451,4,69178,1,0,0,0,0,0
ActPlane,3dae89cd06ae,complete,00faa47646c04771,a1489799a3ee4841,64451,64454,3,45856,1,1,1,0,0,0
ActPlane,3dae89cd06ae,complete,a1489799a3ee4841,f163bacf67a07abf,64454,64457,3,86077,1,1,1,0,0,0
ActPlane,3dae89cd06ae,complete,f163bacf67a07abf,24128a5d1c87989c,64457,64459,2,29577,1,0,0,0,0,0
ActPlane,3dae89cd06ae,complete,24128a5d1c87989c,770087264814da39,64459,64465,6,118210,1,1,1,0,0,0
ActPlane,3dae89cd06ae,complete,770087264814da39,fc4a8d5f376e2598,64465,64470,5,70202,1,1,1,0,0,0
ActPlane,3dae89cd06ae,complete,fc4a8d5f376e2598,ca9a869d8bb9fd38,64470,64475,5,60215,1,0,0,0,0,0
ActPlane,3dae89cd06ae,complete,ca9a869d8bb9fd38,98dcb52f83e3899a,64475,64478,3,34798,1,1,1,0,0,0
ActPlane,3dae89cd06ae,complete,98dcb52f83e3899a,817b5540a82b6b32,64478,64496,18,386099,1,1,1,0,0,0
ActPlane,3dae89cd06ae,complete,817b5540a82b6b32,3fb0e2535d3e65e2,64496,64499,3,31211,1,1,1,0,0,0
ActPlane,3dae89cd06ae,complete,3fb0e2535d3e65e2,0922c53ad5a8a9a9,64499,64502,3,61635,1,2,2,0,0,0
ActPlane,3dae89cd06ae,complete,0922c53ad5a8a9a9,d45a9276c5d330f8,64502,64505,3,92762,1,1,1,0,0,0
ActPlane,3dae89cd06ae,complete,d45a9276c5d330f8,731acfa68c830749,64505,64528,23,474529,1,2,2,0,0,0
ActPlane,3dae89cd06ae,complete,731acfa68c830749,ccd8d9354cb93122,64528,64536,8,155488,1,3,3,0,0,0
ActPlane,3dae89cd06ae,complete,ccd8d9354cb93122,b6faefdf8de18153,64536,64538,2,32199,1,0,0,0,0,0
ActPlane,3dae89cd06ae,complete,b6faefdf8de18153,0066f77bf79ad961,64538,64541,3,61640,1,1,1,0,0,0
ActPlane,3dae89cd06ae,complete,0066f77bf79ad961,887acdecb6d44b90,64541,64544,3,67922,1,2,2,0,0,0
ActPlane,3dae89cd06ae,complete,887acdecb6d44b90,5ad272c601b15ee1,64544,64547,3,46945,1,1,1,0,0,0
ActPlane,3dae89cd06ae,complete,5ad272c601b15ee1,8d9e29fddef3e567,64547,64550,3,54528,1,1,1,0,0,0
ActPlane,3dae89cd06ae,complete,8d9e29fddef3e567,9f12e60c5cf98e2f,64550,64553,3,46291,1,1,1,0,0,0
ActPlane,3dae89cd06ae,complete,9f12e60c5cf98e2f,30751efbce424b90,64553,64558,5,92370,1,5,5,0,0,0
ActPlane,3dae89cd06ae,complete,30751efbce424b90,75dd28e7cafd7381,64558,64560,2,29873,1,0,0,0,0,0
ActPlane,3dae89cd06ae,complete,75dd28e7cafd7381,daf2608c6aaa5c57,64560,64583,23,591933,1,8,5,0,0,0
ActPlane,3dae89cd06ae,complete,daf2608c6aaa5c57,d413d37342afe6bc,64583,64584,1,29922,1,0,0,0,0,0
ActPlane,3dae89cd06ae,complete,d413d37342afe6bc,67560c85c50dfe80,64584,64592,8,158714,1,1,1,0,0,0
ActPlane,3dae89cd06ae,complete,67560c85c50dfe80,8291eec370c9fc07,64592,64601,9,159492,1,3,3,0,1,0
ActPlane,3dae89cd06ae,complete,8291eec370c9fc07,ab486f8728ef19c8,64601,64607,6,143741,1,1,1,0,0,1
ActPlane,3dae89cd06ae,complete,ab486f8728ef19c8,f02ff018e8e78bd1,64607,64610,3,46373,1,0,0,0,0,0
ActPlane,3dae89cd06ae,complete,f02ff018e8e78bd1,61fb3f19f25473d3,64610,64642,32,737150,1,6,2,0,2,0
ActPlane,3dae89cd06ae,complete,61fb3f19f25473d3,aff6f50fd3909ec6,64642,64651,9,272897,1,1,1,0,0,1
ActPlane,3dae89cd06ae,complete,aff6f50fd3909ec6,d4eb3256d0f36c71,64651,64657,6,99669,1,0,0,0,0,0
ActPlane,3dae89cd06ae,complete,d4eb3256d0f36c71,c43de5ffe6b4cf86,64657,64672,15,291758,1,1,1,0,0,1
ActPlane,3dae89cd06ae,complete,c43de5ffe6b4cf86,a6a731a09c653ae6,64672,64674,2,45598,1,1,1,0,0,1
ActPlane,3dae89cd06ae,complete,a6a731a09c653ae6,f6c0954353195054,64674,64678,4,99033,1,1,1,0,0,1
ActPlane,3dae89cd06ae,complete,f6c0954353195054,355de5d835c030af,64678,64685,7,153466,1,1,1,0,0,0
ActPlane,3dae89cd06ae,complete,355de5d835c030af,2860de8712383eb9,64685,64689,4,98962,1,2,2,0,0,1
ActPlane,3dae89cd06ae,complete,2860de8712383eb9,4b45a01f0d8cfa8c,64689,64706,17,410101,1,1,1,0,0,0
ActPlane,3dae89cd06ae,complete,4b45a01f0d8cfa8c,8bc061d990aa7d3b,64706,64718,12,393852,1,6,3,0,0,1
ActPlane,3dae89cd06ae,complete,8bc061d990aa7d3b,f2de19b23ddcac79,64718,64719,1,25450,1,0,0,0,0,0
ActPlane,3dae89cd06ae,complete,f2de19b23ddcac79,1de42496a0fd7cca,64719,64733,14,356102,1,2,2,0,0,1
ActPlane,3dae89cd06ae,complete,1de42496a0fd7cca,ef5f35d4ea5df516,64733,64735,2,46322,1,0,0,0,0,0
ActPlane,3dae89cd06ae,complete,ef5f35d4ea5df516,5449833ee743bf90,64735,64764,29,805181,1,16,7,0,0,0
ActPlane,3dae89cd06ae,complete,5449833ee743bf90,582b2c4b6c7c5a57,64764,64765,1,15657,1,0,0,0,0,1
ActPlane,3dae89cd06ae,complete,582b2c4b6c7c5a57,aaf529ec995947b9,64765,64789,24,783821,1,16,7,0,0,1
ActPlane,3dae89cd06ae,complete,aaf529ec995947b9,bde22948cbe5867d,64789,64800,11,346304,1,8,6,0,0,0
ActPlane,3dae89cd06ae,complete,bde22948cbe5867d,26bca943d83ec133,64800,64914,114,1367331,2,15,10,0,0,1
ActPlane,3dae89cd06ae,complete,26bca943d83ec133,cd27945e56044fc2,64914,64916,2,42415,1,0,0,0,0,0
ActPlane,3dae89cd06ae,complete,cd27945e56044fc2,330b18c136495c04,64916,64936,20,391244,1,12,7,0,0,0
ActPlane,3dae89cd06ae,complete,330b18c136495c04,d62d5102c4c39a87,64936,65004,68,593588,2,1,1,0,0,0
ActPlane,3dae89cd06ae,complete,d62d5102c4c39a87,a601c1ecf6951355,65004,65052,48,591587,2,4,4,0,0,1
ActPlane,3dae89cd06ae,complete,a601c1ecf6951355,7372601f0c3730d9,65052,65116,64,496942,2,7,5,0,0,0
ActPlane,3dae89cd06ae,complete,7372601f0c3730d9,d80b0df683cf0c3a,65116,65117,1,631,1,0,0,0,0,0
ActPlane,3dae89cd06ae,complete,d80b0df683cf0c3a,a037902b8f0b548f,65117,65122,5,75068,1,2,2,0,0,0
ActPlane,3dae89cd06ae,complete,a037902b8f0b548f,062ec9486f971331,65122,65129,7,138097,2,2,2,0,0,1
ActPlane,3dae89cd06ae,right_censored,062ec9486f971331,32bda711b0f2d0bd,65129,65239,110,3945300,3,6,4,0,0,0
ActPlane,8cdcec3acc9e,left_censored,50ecf369134c2412,cf9605ebdd7fb4a9,1,92,92,421110,1,58,20,0,0,0
ActPlane,8cdcec3acc9e,right_censored,cf9605ebdd7fb4a9,ac3055db8765b5c6,92,102,10,43422,1,2,2,0,0,0
bpf-developer-tutorial,a192f642f3ee,left_censored,e98bbdb9633f852b,b6cc81906bd08620,1,406,406,16238470835,4,4,2,0,0,0
bpf-developer-tutorial,a192f642f3ee,complete,b6cc81906bd08620,7b4d5f0d5e795d32,406,432,26,756162,3,8,2,0,0,0
bpf-developer-tutorial,a192f642f3ee,complete,7b4d5f0d5e795d32,be5d0f310d97fe9e,432,504,72,41603960,4,18,2,0,0,0
bpf-developer-tutorial,a192f642f3ee,complete,be5d0f310d97fe9e,715bb1b615c338c6,504,505,1,2974,1,0,0,0,0,0
bpf-developer-tutorial,a192f642f3ee,complete,715bb1b615c338c6,b96902b2d44adc52,505,506,1,416,1,0,0,0,0,0
bpf-developer-tutorial,a192f642f3ee,complete,b96902b2d44adc52,11e3bffd4c267112,506,550,44,1631649,4,2,2,0,0,0
bpf-developer-tutorial,a192f642f3ee,complete,11e3bffd4c267112,11ecec37c018058d,550,566,16,652009,2,2,2,0,0,0
bpf-developer-tutorial,a192f642f3ee,complete,11ecec37c018058d,a641e4dbb8ee9b23,566,569,3,4023,1,0,0,0,0,0
bpf-developer-tutorial,a192f642f3ee,complete,a641e4dbb8ee9b23,030e6f9496e4fe06,569,573,4,9485,1,0,0,0,0,0
bpf-developer-tutorial,a192f642f3ee,complete,030e6f9496e4fe06,5897be59d4074b11,573,579,6,112089,1,0,0,0,0,0
bpf-developer-tutorial,a192f642f3ee,complete,5897be59d4074b11,05edc1f90f6b97e4,579,581,2,4356,1,0,0,0,0,0
bpf-developer-tutorial,a192f642f3ee,complete,05edc1f90f6b97e4,25be25c5d776d54a,581,606,25,146207,1,0,0,0,0,0
bpf-developer-tutorial,a192f642f3ee,complete,25be25c5d776d54a,fe279f37eea944b3,606,652,46,581590,4,6,2,0,0,0
bpf-developer-tutorial,a192f642f3ee,complete,fe279f37eea944b3,08fa43d2256e1fcb,652,700,48,612641,4,5,2,0,0,0
bpf-developer-tutorial,a192f642f3ee,complete,08fa43d2256e1fcb,768938ae053ce1df,700,701,1,859,1,0,0,0,0,0
bpf-developer-tutorial,a192f642f3ee,complete,768938ae053ce1df,9df3111fb3a49599,701,702,1,5809,1,0,0,0,0,0
bpf-developer-tutorial,a192f642f3ee,complete,9df3111fb3a49599,48ae643d05243cd1,702,711,9,1979743,2,0,0,0,0,0
bpf-developer-tutorial,a192f642f3ee,complete,48ae643d05243cd1,8c8619fa63a5fcc8,711,737,26,38893669,3,3,2,0,0,0
bpf-developer-tutorial,a192f642f3ee,complete,8c8619fa63a5fcc8,bd578d505858cac5,737,855,118,1508630,2,54,2,0,0,0
bpf-developer-tutorial,a192f642f3ee,complete,bd578d505858cac5,20ab2a6e13c05d1c,855,977,122,42476445,3,43,4,0,0,0
bpf-developer-tutorial,a192f642f3ee,complete,20ab2a6e13c05d1c,d275caafc095201d,977,1201,224,12144669,8,69,13,0,0,0
bpf-developer-tutorial,a192f642f3ee,complete,d275caafc095201d,9634612b9a12817e,1201,1541,340,175401139,4,35,13,0,0,0
bpf-developer-tutorial,a192f642f3ee,right_censored,9634612b9a12817e,f7fe672d80d9a89d,1541,1663,122,13477205,2,34,10,0,0,0
eunomia.dev,30e8a01e495d,left_censored,b310ffc52c8e78ad,f9d10eee5aabbc3f,1,444,444,6578116788,9,4,4,0,0,0
eunomia.dev,30e8a01e495d,complete,f9d10eee5aabbc3f,031551a6bc6c8ecf,444,445,1,0,1,0,0,0,0,0
eunomia.dev,30e8a01e495d,complete,031551a6bc6c8ecf,5acf298bc8e94381,445,505,60,934590,1,1,1,0,0,0
eunomia.dev,30e8a01e495d,complete,5acf298bc8e94381,89ee0453fee5232d,505,783,278,16740096,1,2,2,0,2,0
eunomia.dev,30e8a01e495d,complete,89ee0453fee5232d,b0db32128831cf23,783,1040,257,7441815,1,0,0,0,0,0
eunomia.dev,30e8a01e495d,complete,b0db32128831cf23,c159d348a884e8fe,1040,1180,140,1884734,1,2,2,0,0,0
eunomia.dev,30e8a01e495d,complete,c159d348a884e8fe,2a2588e48de28b25,1180,1367,187,4711575,1,0,0,0,3,0
eunomia.dev,30e8a01e495d,complete,2a2588e48de28b25,8d01b7ca2f76f584,1367,1728,361,47410954,1,0,0,0,6,0
eunomia.dev,30e8a01e495d,complete,8d01b7ca2f76f584,11e4f7d04643b067,1728,1871,143,1433949,1,0,0,0,4,0
eunomia.dev,30e8a01e495d,complete,11e4f7d04643b067,618af2c961a93ce5,1871,1946,75,2470533,1,0,0,0,0,0
eunomia.dev,30e8a01e495d,complete,618af2c961a93ce5,a3f1fcf50629626e,1946,2293,347,5663901,1,0,0,0,3,0
eunomia.dev,30e8a01e495d,complete,a3f1fcf50629626e,ffcee497a835a10c,2293,2294,1,1,1,0,0,0,0,0
eunomia.dev,30e8a01e495d,complete,ffcee497a835a10c,e9e99aa3d2cf629e,2294,2969,675,7703482,2,0,0,0,16,0
eunomia.dev,30e8a01e495d,complete,e9e99aa3d2cf629e,6e5dba96b718de56,2969,3328,359,8042553,1,0,0,0,9,0
eunomia.dev,30e8a01e495d,complete,6e5dba96b718de56,5a98e16faf1ffa08,3328,3572,244,2413159,1,0,0,0,8,0
eunomia.dev,30e8a01e495d,complete,5a98e16faf1ffa08,7d9b0abfa3611353,3572,3595,23,201445,1,0,0,0,1,0
eunomia.dev,30e8a01e495d,complete,7d9b0abfa3611353,6f3845acdbadfdd6,3595,3597,2,6366,1,0,0,0,0,0
eunomia.dev,30e8a01e495d,complete,6f3845acdbadfdd6,96755313cca65675,3597,3599,2,3779,1,0,0,0,0,0
eunomia.dev,30e8a01e495d,complete,96755313cca65675,9a1004420b67b572,3599,4127,528,77428743,2,0,0,0,15,0
eunomia.dev,30e8a01e495d,complete,9a1004420b67b572,bcc5c728130e2cfd,4127,4259,132,1633646,1,0,0,0,4,0
eunomia.dev,30e8a01e495d,complete,bcc5c728130e2cfd,1c2e58b9c6f1ee48,4259,4369,110,2483605,1,0,0,0,1,0
eunomia.dev,30e8a01e495d,complete,1c2e58b9c6f1ee48,f10a39e91a188c94,4369,4887,518,4835232,2,0,0,0,9,0
eunomia.dev,30e8a01e495d,complete,f10a39e91a188c94,e7d41d08423aec18,4887,5434,547,669655274,6,2,2,0,4,0
eunomia.dev,30e8a01e495d,complete,e7d41d08423aec18,b352e51496d339ce,5434,6887,1453,2179320414,7,371,45,0,3,0
eunomia.dev,30e8a01e495d,complete,b352e51496d339ce,8a48dfd56e341c10,6887,6915,28,348577,1,0,0,0,1,0
eunomia.dev,30e8a01e495d,complete,8a48dfd56e341c10,049e091b25ca1c6c,6915,7032,117,1747794,2,0,0,3,0,0
eunomia.dev,30e8a01e495d,complete,049e091b25ca1c6c,a3d4994fd5473f9a,7032,7033,1,1,1,0,0,0,0,0
eunomia.dev,30e8a01e495d,complete,a3d4994fd5473f9a,84a34682946399cc,7033,7069,36,311703,1,0,0,0,0,0
eunomia.dev,30e8a01e495d,complete,84a34682946399cc,c0bfc34c0bc42faf,7069,7417,348,1301015356,6,22,14,0,2,0
eunomia.dev,30e8a01e495d,complete,c0bfc34c0bc42faf,121bd5eab55e1766,7417,7735,318,96810542,2,32,17,0,3,0
eunomia.dev,30e8a01e495d,complete,121bd5eab55e1766,e8bd59b228965f57,7735,9175,1440,557325801,13,163,39,0,1,0
eunomia.dev,30e8a01e495d,complete,e8bd59b228965f57,3a76b6396bc2bbde,9175,9359,184,1691386,4,21,6,0,0,0
eunomia.dev,30e8a01e495d,complete,3a76b6396bc2bbde,145cfede33f08db2,9359,9384,25,145679,1,0,0,0,0,0
eunomia.dev,30e8a01e495d,complete,145cfede33f08db2,4c7fea96ef3a88c2,9384,9540,156,2922618,7,16,6,0,0,0
eunomia.dev,30e8a01e495d,complete,4c7fea96ef3a88c2,01d22e6d097c6dd0,9540,9556,16,61085,2,0,0,0,0,0
eunomia.dev,30e8a01e495d,complete,01d22e6d097c6dd0,884e6022e7827350,9556,9579,23,88900,2,2,1,0,0,0
eunomia.dev,30e8a01e495d,complete,884e6022e7827350,29b710af009204b6,9579,9602,23,116696,2,2,1,0,0,0
eunomia.dev,30e8a01e495d,complete,29b710af009204b6,dbd9dc7e7c9d0871,9602,9628,26,150507,2,0,0,0,0,0
eunomia.dev,30e8a01e495d,complete,dbd9dc7e7c9d0871,e3ae62762416374f,9628,9641,13,119314,2,0,0,0,0,0
eunomia.dev,30e8a01e495d,complete,e3ae62762416374f,b19d207cfd7c50bd,9641,9674,33,321106,2,0,0,0,0,0
eunomia.dev,30e8a01e495d,complete,b19d207cfd7c50bd,aa8471d915209393,9674,9930,256,3181330,2,19,9,0,0,0
eunomia.dev,30e8a01e495d,complete,aa8471d915209393,00c2e16d09b81c9b,9930,9938,8,160066,1,6,3,0,0,0
eunomia.dev,30e8a01e495d,complete,00c2e16d09b81c9b,89cd80992842eff6,9938,9943,5,125303,1,2,2,0,0,0
eunomia.dev,30e8a01e495d,complete,89cd80992842eff6,61f900ff6a2f8b76,9943,10047,104,1293771,1,18,15,0,0,0
eunomia.dev,30e8a01e495d,complete,61f900ff6a2f8b76,91c8465940b23efb,10047,10383,336,4965329,2,8,5,0,0,0
eunomia.dev,30e8a01e495d,complete,91c8465940b23efb,6e357133ede15765,10383,10448,65,683966,1,2,2,0,0,0
eunomia.dev,30e8a01e495d,complete,6e357133ede15765,9d956eb906fa59c4,10448,10495,47,487904,1,0,0,0,0,0
eunomia.dev,30e8a01e495d,complete,9d956eb906fa59c4,62726999d640ace4,10495,10497,2,24427,1,0,0,0,0,0
eunomia.dev,30e8a01e495d,complete,62726999d640ace4,456e492796a72f0d,10497,10545,48,1790963,1,12,4,0,0,0
eunomia.dev,30e8a01e495d,complete,456e492796a72f0d,8d2a61257f7d9982,10545,10621,76,612842,1,0,0,0,0,0
eunomia.dev,30e8a01e495d,complete,8d2a61257f7d9982,cdd0bc5ea599f51d,10621,10647,26,481725,1,3,3,0,0,0
eunomia.dev,30e8a01e495d,complete,cdd0bc5ea599f51d,2d3fad2f308d48fb,10647,10868,221,4230992,2,22,4,0,0,0
eunomia.dev,30e8a01e495d,right_censored,2d3fad2f308d48fb,55a1aae6c4a9e076,10868,13393,2525,278176698,5,11,6,0,0,0
eunomia.dev,da5c4a85644b,no_success_observed,6df82fcc9c1c932e,6df82fcc9c1c932e,1,1,1,0,1,1,1,0,0,0
agentskill-observability-paper,4cfc7c676cf9,left_censored,c576e32cbb58e40b,3e1f2a2b57144e5b,1,347,347,2368751,2,72,9,3,0,0
agentskill-observability-paper,4cfc7c676cf9,right_censored,3e1f2a2b57144e5b,1b4930ea600855e1,347,990,643,9948016,8,124,14,0,0,0
academic-writing-skills,4725c74bf420,left_censored,e9f7857a7be768bc,27ada93f83aea9e7,1,546,546,2480579427,14,67,16,0,0,1
academic-writing-skills,4725c74bf420,complete,27ada93f83aea9e7,e45855d1420f9209,546,563,17,3662032,1,10,2,0,0,1
academic-writing-skills,4725c74bf420,complete,e45855d1420f9209,afbe70877921075a,563,564,1,2318,1,0,0,0,0,1
academic-writing-skills,4725c74bf420,complete,afbe70877921075a,9a6bc19a6f783ad9,564,565,1,2356,1,0,0,0,0,1
academic-writing-skills,4725c74bf420,complete,9a6bc19a6f783ad9,9dbf37da00ceaf77,565,566,1,2452,1,0,0,0,0,1
academic-writing-skills,4725c74bf420,complete,9dbf37da00ceaf77,d60bd587c69528d1,566,829,263,212521464,3,143,13,0,0,0
academic-writing-skills,4725c74bf420,complete,d60bd587c69528d1,3b4f190566a9f357,829,832,3,47186,1,0,0,0,0,1
academic-writing-skills,4725c74bf420,complete,3b4f190566a9f357,c5741f43d8a85d14,832,833,1,28769,1,0,0,0,0,1
academic-writing-skills,4725c74bf420,complete,c5741f43d8a85d14,7ce4a988423cc258,833,841,8,41648,1,7,6,0,0,0
academic-writing-skills,4725c74bf420,right_censored,7ce4a988423cc258,07ceb8daf1887a8a,841,879,38,106742429,2,19,5,0,0,0
