project,worktree_id,module,origin_event_id,end_event_id,observed,distance_calls,distance_ms,same_session
agentsight,b5bc34dabe6a,docs,9c7acff9a71c73ac,531f7ff04d66e1ea,True,15,4869841,True
agentsight,b5bc34dabe6a,agentpprof,a5f0faca74efed1b,5aa0c4d3894ddd91,True,4,6366692,True
agentsight,b5bc34dabe6a,docs,2e05c667d30a380d,520e35b1247b92f3,True,23,81166097,True
agentsight,b5bc34dabe6a,docs,15ea211fa3be3d2b,2d34dd8e248f952c,True,1,10090,True
agentsight,b5bc34dabe6a,repo-root-files,bbd90d23c57fc954,4a326c393cd89453,True,1,12313,True
agentsight,b5bc34dabe6a,agentpprof,4e7fa523cc5855c8,62d5e25416d78458,True,8,719887,True
agentsight,b5bc34dabe6a,repo-root-files,4a326c393cd89453,ded095869b49c31c,True,1,1024645,True
agentsight,b5bc34dabe6a,agentpprof,62d5e25416d78458,bbccedb0eb312074,True,2,1087449,True
agentsight,b5bc34dabe6a,docs,2d34dd8e248f952c,3bbcb38d2799f3b4,True,9,1280197258,False
agentsight,b5bc34dabe6a,agentpprof,bbccedb0eb312074,0d3c9e5818f83096,True,1059,1469745619,False
agentsight,b5bc34dabe6a,docs,b67d10d820ecd03d,ea0287bf65edaab4,True,1,62917,False
agentsight,b5bc34dabe6a,agentpprof,0d3c9e5818f83096,4a7d2bd2b2bc8d91,True,116,2901353,True
agentsight,b5bc34dabe6a,agentpprof,4a7d2bd2b2bc8d91,78d5933da172e082,True,11,41691,True
agentsight,b5bc34dabe6a,docs,5b4f20a775aa3e8b,5e07ac983d0a7860,True,1,2566,False
agentsight,b5bc34dabe6a,agentpprof,78d5933da172e082,1f8e480ba573c0b5,True,1,1,True
agentsight,b5bc34dabe6a,docs,5e07ac983d0a7860,e043e3b7b5266551,True,1,1903,False
agentsight,b5bc34dabe6a,agentpprof,1f8e480ba573c0b5,c8d8f78c7a518b78,True,2,10437,True
agentsight,b5bc34dabe6a,docs,4cc07ccfc2b909e5,1d65c04c1c934e75,True,1,2879,False
agentsight,b5bc34dabe6a,agentpprof,c8d8f78c7a518b78,e0005c710cf78c56,True,1,11141,True
agentsight,b5bc34dabe6a,docs,1d65c04c1c934e75,2f6abfd7400b3e5e,True,4,18319,False
agentsight,b5bc34dabe6a,agentpprof,3102c47f34cbb630,0d6b3698287f6644,True,1,8302,True
agentsight,b5bc34dabe6a,docs,2f6abfd7400b3e5e,567121cba8c7e90a,True,1,1133,False
agentsight,b5bc34dabe6a,agentpprof,0d6b3698287f6644,9cd8ddaa51b8fc96,True,2,135,True
agentsight,b5bc34dabe6a,docs,b0712bbaa1569519,8b2f9e686183daf4,True,1,279,False
agentsight,b5bc34dabe6a,agentpprof,9cd8ddaa51b8fc96,2f7e71fdd25ee1ea,True,9,89609,True
agentsight,b5bc34dabe6a,docs,b68b5eb57deb77cd,c8b8612b824dab77,True,6,21359,True
agentsight,b5bc34dabe6a,agentpprof,3564688674c30a74,f3bf44158a9046e9,True,597,141946735,False
agentsight,b5bc34dabe6a,docs,dc86cf199c832419,fe60063b569389ca,True,1,30657,True
agentsight,b5bc34dabe6a,agentpprof,f3bf44158a9046e9,365f71b88549f3a7,True,4,26206496,True
agentsight,b5bc34dabe6a,docs,070fb89a9ceb0ca9,cc263bac342ea40f,True,2,27635970,True
agentsight,b5bc34dabe6a,agentpprof,a5a1677bc853f6db,51eb7f648a42f578,True,2,1976112,True
agentsight,b5bc34dabe6a,docs,3288d8d75da6e9b7,cb9658fb94526d9f,True,1,1078220,True
agentsight,b5bc34dabe6a,repo-root-files,460109009462cd60,e5a1ff5c3d6c9c32,True,1866,431463518,False
agentsight,b5bc34dabe6a,docs,b6ca359c741b3bfa,54068494032d275d,True,1,10503,True
agentsight,b5bc34dabe6a,repo-root-files,e5a1ff5c3d6c9c32,845d13797cb63741,True,4,43076,True
agentsight,b5bc34dabe6a,docs,845d13797cb63741,96a430587b7351e2,True,3,34590,True
agentsight,b5bc34dabe6a,script,a3314631f93b9c72,6cd9e0a7730af9a4,True,2,17588,True
agentsight,b5bc34dabe6a,docs,1978f003914704c0,1d5323b6f77d5c8e,True,1,4713,True
agentsight,b5bc34dabe6a,script,6cd9e0a7730af9a4,d984d49498bc9058,True,5,29955,True
agentsight,b5bc34dabe6a,docs,becc49bd4998288a,549fcedf78837e80,True,1,2591,True
agentsight,b5bc34dabe6a,script,d984d49498bc9058,ce980c517b2033f1,True,1,3411,True
agentsight,b5bc34dabe6a,docs,549fcedf78837e80,7971c36b2060c4a9,True,1,2032,True
agentsight,b5bc34dabe6a,script,ce980c517b2033f1,3c41ac2dd0744dbd,True,1,3156,True
agentsight,b5bc34dabe6a,docs,7971c36b2060c4a9,c5d2fb931df2affe,True,1,21164,True
agentsight,b5bc34dabe6a,script,3c41ac2dd0744dbd,d7a4f069212bc138,True,2,33200,True
agentsight,b5bc34dabe6a,docs,a25151b0ddd9cf2b,6280e43d82e4f5ef,True,1,8227,True
agentsight,b5bc34dabe6a,script,d7a4f069212bc138,4434dfdf24063b63,True,4,113284,True
agentsight,b5bc34dabe6a,docs,dba1a19fba297d79,90c405ab83d975b7,True,1,26781,True
agentsight,b5bc34dabe6a,script,4434dfdf24063b63,0e5dcfa01f456880,True,2,20151,True
agentsight,b5bc34dabe6a,docs,db99b29a1751e0a1,f5e55617cd0dfff3,True,1,9970,True
agentsight,b5bc34dabe6a,script,0e5dcfa01f456880,ac2e7331ea695794,True,1,9277,True
agentsight,b5bc34dabe6a,docs,f5e55617cd0dfff3,35f299dd3138b45a,True,1,8653,True
agentsight,b5bc34dabe6a,script,ac2e7331ea695794,c130b5e39f26be38,True,1,13625,True
agentsight,b5bc34dabe6a,docs,c130b5e39f26be38,285754420187d7a4,True,1,8197,True
agentsight,b5bc34dabe6a,script,980138e26d33bc5a,ad90b280debd67fc,True,1,31868,True
agentsight,b5bc34dabe6a,docs,285754420187d7a4,86bd9f13f3dcce31,True,1,48276,True
agentsight,b5bc34dabe6a,agentpprof,51eb7f648a42f578,9766c93dd9b9d6b4,True,87,65029085,True
agentsight,b5bc34dabe6a,script,ad90b280debd67fc,9766c93dd9b9d6b4,True,4,169145,True
agentsight,b5bc34dabe6a,docs,d55dcb39ffa633a3,d8dd434de160aa16,True,7,83598,True
agentsight,b5bc34dabe6a,script,cc2f28d98a2152b3,8ff04034e4d02128,True,1,13198,True
agentsight,b5bc34dabe6a,docs,d8dd434de160aa16,e4cd21d126115bb2,True,1,135005,True
agentsight,b5bc34dabe6a,script,8ff04034e4d02128,6d9e5b97b595f0dc,True,9,601998,True
agentsight,b5bc34dabe6a,agentpprof,09b2589e7cdbd84d,a5a71faacf7e7995,True,16,696225,True
agentsight,b5bc34dabe6a,repo-root-files,845d13797cb63741,d200a7c0f883f392,True,58,1221259,True
agentsight,b5bc34dabe6a,docs,943b91336755f76d,b3d220aefaf54bf3,True,3,101998,True
agentsight,b5bc34dabe6a,script,6d9e5b97b595f0dc,1603be11653f1b0b,True,3,85749,True
agentsight,b5bc34dabe6a,agentpprof,a5a71faacf7e7995,630592903b9906a4,True,4,202310,True
agentsight,b5bc34dabe6a,docs,b3d220aefaf54bf3,9fd7dbfb426dccc8,True,3,218901,True
agentsight,b5bc34dabe6a,script,630592903b9906a4,cda4e80cc241a169,True,1,97898,True
agentsight,b5bc34dabe6a,docs,9fd7dbfb426dccc8,d02b992d6ad1b1c6,True,4,349796,True
agentsight,b5bc34dabe6a,agentpprof,630592903b9906a4,6c87fa45f03fa69c,True,6,434632,True
agentsight,b5bc34dabe6a,script,24f402f31fa2d8b4,6c87fa45f03fa69c,True,1,100271,True
agentsight,b5bc34dabe6a,docs,d02b992d6ad1b1c6,3331469fde0d33e3,True,1,28969,True
agentsight,b5bc34dabe6a,agentpprof,6c87fa45f03fa69c,44d70691b7928faf,True,2,148593,True
agentsight,b5bc34dabe6a,script,3331469fde0d33e3,2532c8a69b6afac7,True,4,333949,True
agentsight,b5bc34dabe6a,docs,944d4404c4d087d0,bea4c5e322d5231f,True,5,277496,True
agentsight,b5bc34dabe6a,script,10428789a5803d5a,990f1f860d2a4b2a,True,1,49748,True
agentsight,b5bc34dabe6a,docs,bea4c5e322d5231f,ad755c3c1558aac1,True,2,53959,True
agentsight,b5bc34dabe6a,script,f9f193e201b6ecdc,5484103184c4819d,True,1,61219,True
agentsight,b5bc34dabe6a,docs,5484103184c4819d,1abc73929db7d8e7,True,1,60179,True
agentsight,b5bc34dabe6a,script,794b07b22c2aad8d,2137887abf37c2a8,True,1,96614,True
agentsight,b5bc34dabe6a,docs,2137887abf37c2a8,294df71354917920,True,8,222906,True
agentsight,b5bc34dabe6a,script,660f92838cb75adc,c3753f76a219f152,True,1,82599,True
agentsight,b5bc34dabe6a,docs,294df71354917920,fce23393db7190e9,True,10,400862,True
agentsight,b5bc34dabe6a,script,34eff97e9daff1de,5ac3aeead42e12e8,True,1,160737,True
agentsight,b5bc34dabe6a,docs,fce23393db7190e9,dccd0fbb114cd4ad,True,16,2234404,True
agentsight,b5bc34dabe6a,script,03036f4ea577eaba,77f885faec37c9e7,True,1,758454,True
agentsight,b5bc34dabe6a,docs,dccd0fbb114cd4ad,4f76b97e2df5fb7a,True,4,207167,True
agentsight,b5bc34dabe6a,script,dba994cb10aa413e,4de97971083ede79,True,1,197062,True
agentsight,b5bc34dabe6a,docs,4f76b97e2df5fb7a,9917ea7689b89ebb,True,3,123914,True
agentsight,b5bc34dabe6a,docs,9917ea7689b89ebb,43bd0f82d782754a,True,21,1046988,True
agentsight,b5bc34dabe6a,script,a8d283e26df86ae8,f4a7eb756889ae20,True,1,328315,True
agentsight,b5bc34dabe6a,docs,43bd0f82d782754a,8a2951866df28681,True,24,1099756,True
agentsight,b5bc34dabe6a,script,df7169b8d2c7acb9,9824a630642c1aca,True,1,215887,True
agentsight,b5bc34dabe6a,docs,8a2951866df28681,4a7388a73c0b5946,True,4,85190,True
agentsight,b5bc34dabe6a,script,bb82097bc348d888,094acadb3b7d2c94,True,1,145717,True
agentsight,b5bc34dabe6a,docs,4a7388a73c0b5946,514ac51b3dd01056,True,5,193650,True
agentsight,b5bc34dabe6a,script,4426795ec83e120a,6ddc911c5b214842,True,3,119040,True
agentsight,b5bc34dabe6a,docs,ddc37f13b03d5b4c,ba5f8e3aff463dcb,True,2,302773,True
agentsight,b5bc34dabe6a,script,d762f36849ccb1de,0ddf6ad6db99b70a,True,3,1854751,True
agentsight,b5bc34dabe6a,docs,e52efe60b22a66e5,7265dd1946129b6e,True,1,1391951,True
agentsight,b5bc34dabe6a,script,0ddf6ad6db99b70a,2814e6ef85ba5491,True,2,58504,True
agentsight,b5bc34dabe6a,docs,a5caba94fb09511a,be7670f26a7cb50c,True,6,312470,True
agentsight,b5bc34dabe6a,script,5c7a7fa7f2354186,6f5f7b6b6e7207a8,True,3,273038,True
agentsight,b5bc34dabe6a,agentpprof,ccfff8da7143e89c,82e949f545293159,True,134,8542195,True
agentsight,b5bc34dabe6a,docs,a76591af6167d398,09776b36047bae06,True,4,41774,True
agentsight,b5bc34dabe6a,agentpprof,c0077ea8de0868a3,91223e5a7e386fbf,True,1,6827,True
agentsight,b5bc34dabe6a,script,6f5f7b6b6e7207a8,0f4acd2edae92d28,True,6,30037,True
agentsight,b5bc34dabe6a,docs,09776b36047bae06,bb497942eab0a68e,True,4,45826,True
agentsight,b5bc34dabe6a,agentpprof,be6de097bb5ad8e3,93a7996b331b4a52,True,3,43499,True
agentsight,b5bc34dabe6a,docs,bb497942eab0a68e,33429fd76228d663,True,2,123296,True
agentsight,b5bc34dabe6a,script,9c7e192ebc537514,33429fd76228d663,True,3,149641,True
agentsight,b5bc34dabe6a,agentpprof,33429fd76228d663,a578362bf00245fa,True,1,70240,True
agentsight,b5bc34dabe6a,script,33429fd76228d663,c123c2a197e6ba10,True,2,143684,True
agentsight,b5bc34dabe6a,docs,237a603db3b86c2d,30b6ae834daff4f1,True,2,186124,True
agentsight,b5bc34dabe6a,agentpprof,a578362bf00245fa,4780121388ac2e34,True,11,756715,True
agentsight,b5bc34dabe6a,script,c123c2a197e6ba10,4780121388ac2e34,True,10,683271,True
agentsight,b5bc34dabe6a,docs,b1f1b29a0d06bbd6,bef44cfdd5cc4dee,True,2,327295,True
agentsight,b5bc34dabe6a,agentpprof,4780121388ac2e34,6d91f8580f7a671b,True,5,372029,True
agentsight,b5bc34dabe6a,script,ab127c0baa2b59be,6d91f8580f7a671b,True,4,367010,True
agentsight,b5bc34dabe6a,docs,f9dcea616b0d4308,7ff4d0095cc55bd9,True,2,311010,True
agentsight,b5bc34dabe6a,agentpprof,899d31a6754946cc,bb4d82ca994aeb62,True,3,289511,True
agentsight,b5bc34dabe6a,docs,06b82ca080710af5,f5a79a87ba66f5d9,True,2,21222,True
agentsight,b5bc34dabe6a,agentpprof,54eb5745316a4457,87b19a96b40bb8ca,True,2,19095,True
agentsight,b5bc34dabe6a,docs,e78e2efb95de4b36,e103457d31481054,True,3,260507,True
agentsight,b5bc34dabe6a,agentpprof,cc7c729f35798479,edb2b142a1cae77f,True,4,291673,True
agentsight,b5bc34dabe6a,script,6d91f8580f7a671b,c2e545f20db45cb1,True,17,641405,True
agentsight,b5bc34dabe6a,docs,8009ee136f64b0f8,76cee999b1ffb813,True,3,152783,True
agentsight,b5bc34dabe6a,agentpprof,5d5113b11bfd547c,b0214175bcb9c230,True,66,2396075,True
agentsight,b5bc34dabe6a,docs,c46fc7bedf4597a6,d60759072794f001,True,1,140025,True
agentsight,b5bc34dabe6a,repo-root-files,d200a7c0f883f392,efc8c9f1d2c2c873,True,297,14700886,True
agentsight,b5bc34dabe6a,script,c2e545f20db45cb1,d2867713dcbb2722,True,381,11854687,True
agentsight,b5bc34dabe6a,docs,adc8dbd7e8f0e5a6,da148cf1363a6c78,True,2,302991,True
agentsight,b5bc34dabe6a,repo-root-files,efc8c9f1d2c2c873,349a35aaacbf400f,True,406,12121000,True
agentsight,b5bc34dabe6a,docs,0df80f09b837fd8d,0bfbcb60f5579051,True,1,147134,True
agentsight,b5bc34dabe6a,agentpprof,b0214175bcb9c230,b1140501bbc58b7d,True,762,22179349,True
agentsight,b5bc34dabe6a,docs,a70e4bda207e5929,4c7f419d45a89752,True,4,339263,True
agentsight,b5bc34dabe6a,script,54ad48f9cd638b6f,46f49174c58e7509,True,456,13443323,True
agentsight,b5bc34dabe6a,docs,53fd2ade63186730,154b3e24579f8477,True,2,371914,True
agentsight,b5bc34dabe6a,script,6f0cfb59ca41fc60,65870a5d37d08929,True,7,795923,True
agentsight,b5bc34dabe6a,docs,878618db4ac0b1e8,d9ffb7fb5790f893,True,3,523855,True
agentsight,b5bc34dabe6a,script,14a29d63154d7a21,a58f576956678964,True,7,4469717,True
agentsight,b5bc34dabe6a,docs,a58f576956678964,c374d972bcf08539,True,1,14351,True
agentsight,b5bc34dabe6a,script,969af78833dff803,ba06827133287335,True,4,53497,True
agentsight,b5bc34dabe6a,script,ba06827133287335,c41272fcdc8d5924,True,87,31070187,True
agentsight,b5bc34dabe6a,script,c41272fcdc8d5924,751a45637fb0d0b6,True,1,5489,True
agentsight,b5bc34dabe6a,docs,3e6ea4d9469224ce,4a8b5ab14237c194,True,1,12763,True
agentsight,b5bc34dabe6a,script,751a45637fb0d0b6,3fa4b88475c66bac,True,3,61993,True
agentsight,b5bc34dabe6a,docs,02fcf7fcd9c1f036,1991ce38e9af6381,True,1,43122,True
agentsight,b5bc34dabe6a,repo-root-files,349a35aaacbf400f,33cc12936c8fb25a,True,513,49308589,True
agentsight,b5bc34dabe6a,repo-root-files,33cc12936c8fb25a,5fb6f40c90df8497,True,4,335062,True
agentsight,b5bc34dabe6a,repo-root-files,5fb6f40c90df8497,7f9f1b29a257b0da,True,18,519977,True
agentsight,b5bc34dabe6a,repo-root-files,7f9f1b29a257b0da,42d012847efa8afd,True,29,587436,True
agentsight,b5bc34dabe6a,agentpprof,70d4719612df24d5,08648abff6f17584,True,255,42278104,True
agentsight,b5bc34dabe6a,docs,08648abff6f17584,97d0f1aae7a34f74,True,1,33817,True
agentsight,b5bc34dabe6a,repo-root-files,42d012847efa8afd,7f516679a4cbbf78,True,29,908106,True
agentsight,b5bc34dabe6a,agentpprof,af9a794c8505e6e3,2b44281ca4fe8008,True,21,345744,True
agentsight,b5bc34dabe6a,docs,4a75ce8301952b50,5120ee8ee4e6f1f4,True,1,41062,True
agentsight,b5bc34dabe6a,agentpprof,2b44281ca4fe8008,a1fee1b98581ed05,True,2,73292,True
agentsight,b5bc34dabe6a,docs,a23881e00f970e73,4ea1d6d1ccfb8af3,True,6,191131,True
agentsight,b5bc34dabe6a,repo-root-files,7f516679a4cbbf78,2b3da5cbeeb6b9f8,True,39,734604,True
agentsight,b5bc34dabe6a,docs,2b3da5cbeeb6b9f8,de6c91df0971026a,True,1,50216,True
agentsight,b5bc34dabe6a,repo-root-files,2c6b827d70f5cd56,17a032c8cbc453f0,True,7,294193,True
agentsight,b5bc34dabe6a,repo-root-files,17a032c8cbc453f0,6907e96f992673e5,True,18,506106,True
agentsight,b5bc34dabe6a,repo-root-files,8c2cb2cfc62a6d49,3cba2abd0f4c4863,True,19,405450,True
agentsight,b5bc34dabe6a,repo-root-files,3cba2abd0f4c4863,9501d76493e7bc75,True,53,1395901,True
agentsight,b5bc34dabe6a,repo-root-files,9501d76493e7bc75,4dbb7e87424bca8f,True,3,152302,True
agentsight,b5bc34dabe6a,script,3fa4b88475c66bac,795e9ddbceb7885f,True,300,9763161,True
agentsight,b5bc34dabe6a,docs,c63b3ed91850d752,d4e2df50a747e2ed,True,1,35939,True
agentsight,b5bc34dabe6a,repo-root-files,4dbb7e87424bca8f,cefa81125274527e,True,34,1934436,True
agentsight,b5bc34dabe6a,repo-root-files,cefa81125274527e,f6a7bbcec879aaa0,True,24,617042,True
agentsight,b5bc34dabe6a,docs,e71f35dd5543f677,94445248f61ccda6,True,1,147894,True
agentsight,b5bc34dabe6a,repo-root-files,f6a7bbcec879aaa0,c38ab096b86e3696,True,13,450653,True
agentsight,b5bc34dabe6a,docs,9e91de459a7c804d,79743ab1a3bebdee,True,1,57273,True
agentsight,b5bc34dabe6a,repo-root-files,c38ab096b86e3696,665540bf3b7def6a,True,21,572546,True
agentsight,b5bc34dabe6a,docs,5202a2c9eeb76fc5,b08b0de22ab4ee28,True,1,70439,True
agentsight,b5bc34dabe6a,repo-root-files,665540bf3b7def6a,483efecfb3527ed1,True,24,1797726,True
agentsight,b5bc34dabe6a,agentpprof,4ea1d6d1ccfb8af3,b7a453f6d227cbd5,True,344,12051721,True
agentsight,b5bc34dabe6a,docs,fbe77a22f5338ecc,7ffd77c9674f5fd5,True,1,161362,True
agentsight,b5bc34dabe6a,repo-root-files,483efecfb3527ed1,5c4f946d7af5c5d7,True,195,6456489,True
agentsight,b5bc34dabe6a,repo-root-files,5c4f946d7af5c5d7,28cb994dae9fbea4,True,14,992704,True
agentsight,b5bc34dabe6a,repo-root-files,766f155aacc51031,e262a26b0aba7f09,True,1,62969,True
agentsight,b5bc34dabe6a,docs,188cb1d67f91a316,11506ef902f77be8,True,1,62257,True
agentsight,b5bc34dabe6a,repo-root-files,e262a26b0aba7f09,0edc039fe03c4021,True,7,205898,True
agentsight,b5bc34dabe6a,repo-root-files,0edc039fe03c4021,1812c956e72d62ec,True,1,115094,True
agentsight,b5bc34dabe6a,docs,1812c956e72d62ec,ed3c8b5630da4d91,True,1,46047,True
agentsight,b5bc34dabe6a,repo-root-files,58d6734d8867fb84,09587a2f4c9b0411,True,36,1096260,True
agentsight,b5bc34dabe6a,docs,ea9dfa1f45f60104,2b2e9698132ac39e,True,1,47617,True
agentsight,b5bc34dabe6a,repo-root-files,09587a2f4c9b0411,2ec00c6391ea2b23,True,8,97371,True
agentsight,b5bc34dabe6a,repo-root-files,2ec00c6391ea2b23,1bc8e8ccc9b8022d,True,14,558094,True
agentsight,b5bc34dabe6a,script,795e9ddbceb7885f,f49b68096964287f,True,429,15297717,True
agentsight,b5bc34dabe6a,docs,bb432f4b5c5dde4b,7a2bd4578418bd05,True,1,301846,True
agentsight,b5bc34dabe6a,repo-root-files,1bc8e8ccc9b8022d,3530d6a572502f9e,True,35,1777080,True
agentsight,b5bc34dabe6a,script,f49b68096964287f,3530d6a572502f9e,True,2,468236,True
agentsight,b5bc34dabe6a,docs,811bac9332f144fb,f03d62d9d6713c30,True,1,49845,True
agentsight,b5bc34dabe6a,agentpprof,b7a453f6d227cbd5,3a09837f492160cc,True,231,7983480,True
agentsight,b5bc34dabe6a,docs,8a7ca7ee8345fc05,eecdb3c7851680cc,True,1,98393,True
agentsight,b5bc34dabe6a,agentpprof,3a09837f492160cc,ab57731cda70b5af,True,4,525112,True
agentsight,b5bc34dabe6a,docs,85c4b931f43b5a47,307648a18732237c,True,1,354684,True
agentsight,b5bc34dabe6a,agentpprof,ab57731cda70b5af,2b4814cff33ff28b,True,8,811181,True
agentsight,b5bc34dabe6a,docs,c1d8aa694aaa870b,831b35e3bd0c144d,True,1,343295,True
agentsight,b5bc34dabe6a,docs,f7281bdf634039d3,8d26cb93215c3852,True,2,90695,True
agentsight,b5bc34dabe6a,.agentsight,d5b34b5cf47f5837,5a8a3b213e6653c4,True,17,365713,True
agentsight,b5bc34dabe6a,docs,dbf10272f107d9d0,01171f107921d072,True,1,48692,True
agentsight,b5bc34dabe6a,.agentsight,5a8a3b213e6653c4,c52ac97e930ddda7,True,14,525896,True
agentsight,b5bc34dabe6a,docs,b55d0bcea32373b7,0d31e5d50b6c4f3f,True,2,157589,True
agentsight,b5bc34dabe6a,.agentsight,de1c24fbb0394a75,0f60f9c1150a63bb,True,4,246236,True
agentsight,b5bc34dabe6a,docs,b7b3fa7b1b5c4675,8288c15e5a6ab665,True,1,203654,True
agentsight,b5bc34dabe6a,.agentsight,0f60f9c1150a63bb,be9212fdd70edadf,True,6,248345,True
agentsight,b5bc34dabe6a,docs,3df757dca054d8bb,a9973922072faebb,True,1,129501,True
agentsight,b5bc34dabe6a,agentpprof,2b4814cff33ff28b,b6ac9ce51b05c616,True,53,1990702,True
agentsight,b5bc34dabe6a,.agentsight,be9212fdd70edadf,2337c1d039275f18,True,3,220100,True
agentsight,b5bc34dabe6a,docs,b6fbff79dae27f32,b49222600a68a82e,True,3,113391,True
agentsight,b5bc34dabe6a,script,3530d6a572502f9e,00ca89a95602272f,True,75,3712217,True
agentsight,b5bc34dabe6a,docs,b49222600a68a82e,349f0df97ca6e15f,True,5,447740,True
agentsight,b5bc34dabe6a,.agentsight,146992d00063132b,736c65501bd61d40,True,7,627950,True
agentsight,b5bc34dabe6a,docs,349f0df97ca6e15f,96ed2e10b94b374f,True,2,291278,True
agentsight,b5bc34dabe6a,script,a8337c8b57fde989,96ed2e10b94b374f,True,3,309038,True
agentsight,b5bc34dabe6a,docs,96ed2e10b94b374f,ded1c1e98c4fea6d,True,1,68666,True
agentsight,b5bc34dabe6a,script,e512e0b8d8be1bc7,18a9f1c0ab3192ad,True,1,80028,True
agentsight,b5bc34dabe6a,docs,ded1c1e98c4fea6d,6cbc3c39827b6404,True,1,29404,True
agentsight,b5bc34dabe6a,script,18a9f1c0ab3192ad,4e03d2aefe5cf510,True,1,27257,True
agentsight,b5bc34dabe6a,docs,6cbc3c39827b6404,9b534d6f2a4718a2,True,2,44338,True
agentsight,b5bc34dabe6a,script,cab82b21f23d2077,81901e7ce2a320f4,True,11,362484,True
agentsight,b5bc34dabe6a,docs,4ac2afcbb98ae5de,78a7da484a14dd76,True,3,54394,True
agentsight,b5bc34dabe6a,script,bec8ef462b50674d,c1ffda53725b0d1c,True,5,122589,True
agentsight,b5bc34dabe6a,.agentsight,22d32af56d041b38,3fcd7074b4eb9059,True,31,811872,True
agentsight,b5bc34dabe6a,script,5b1c59e9dab94456,28b595a34bdc7c4e,True,1,1326923,True
agentsight,b5bc34dabe6a,docs,d888225537dab773,3a03fa1588a1062e,True,7,1435423,True
agentsight,b5bc34dabe6a,script,28b595a34bdc7c4e,7ef052eaedb57944,True,1,32860,True
agentsight,b5bc34dabe6a,docs,3a03fa1588a1062e,716cf20a12d217d6,True,3,502076,True
agentsight,b5bc34dabe6a,script,d44cc8109375185b,5c15e79cb1ea0f2c,True,2,497203,True
agentsight,b5bc34dabe6a,agentpprof,b6ac9ce51b05c616,edfd5033aeac4ba1,True,58,4506551,True
agentsight,b5bc34dabe6a,script,cd00c0419d0bc923,0e7a35f0b7084b31,True,3,380015,True
agentsight,b5bc34dabe6a,docs,8eedf883fd18b89b,705c1f380726db25,True,12,1522575,True
agentsight,b5bc34dabe6a,script,0e7a35f0b7084b31,004803658568fd4e,True,3,524694,True
agentsight,b5bc34dabe6a,script,283154b68f00b31c,44086ad8f3f6272f,True,3,37665,True
agentsight,b5bc34dabe6a,docs,b1e4c1101e83b393,9504f652733db7a0,True,1,23667,True
agentsight,b5bc34dabe6a,script,44086ad8f3f6272f,91d361a33b81a5a0,True,1,23279,True
agentsight,b5bc34dabe6a,docs,9504f652733db7a0,d23fa9dc9ee21326,True,1,19101,True
agentsight,b5bc34dabe6a,script,91d361a33b81a5a0,df5bb257fdf2663d,True,4,96032,True
agentsight,b5bc34dabe6a,docs,3481ad125c852a0c,74aa5d4363d44ebb,True,1,58031,True
agentsight,b5bc34dabe6a,script,df5bb257fdf2663d,fec883f94d13c864,True,7,164853,True
agentsight,b5bc34dabe6a,docs,8f6c16952e1af08d,69e12a078e793793,True,1,20684,True
agentsight,b5bc34dabe6a,script,fec883f94d13c864,0436079c1bff16b3,True,4,25635,True
agentsight,b5bc34dabe6a,docs,09aedd5cdce4a6f6,c58b756d9d7c46f7,True,4,23936,True
agentsight,b5bc34dabe6a,script,a524f3b8eaa338bd,223ab8e6a18b90c2,True,2,197304,True
agentsight,b5bc34dabe6a,docs,2d54d6ef1f60dc2b,32291ed3641d5597,True,1,183379,True
agentsight,b5bc34dabe6a,script,223ab8e6a18b90c2,74cd928c37b0055d,True,1,20264,True
agentsight,b5bc34dabe6a,script,74cd928c37b0055d,7c130d76d26b01cb,True,1,226512,True
agentsight,b5bc34dabe6a,docs,e2f0e1e3d5091308,20a27646d2c23960,True,15,564765,True
agentsight,b5bc34dabe6a,script,6b356629d9f5e15f,c174e0dfaaac3e5e,True,5,578515,True
agentsight,b5bc34dabe6a,docs,19930afdf6c3c23f,c0356753d111d89b,True,2,15808,True
agentsight,b5bc34dabe6a,script,c0356753d111d89b,cd23aa5fff29db27,True,1,112529,True
agentsight,b5bc34dabe6a,docs,9f6d17fcf9ce11b3,6f7b62caa6cb4be2,True,4,172086,True
agentsight,b5bc34dabe6a,script,ba6001aa8a8e2e64,7668a4f83dbf1c6a,True,6,3867504,True
agentsight,b5bc34dabe6a,docs,6878b1394cce93c9,0f8562f8bb5891d8,True,1,17089,True
agentsight,b5bc34dabe6a,.agentsight,3fcd7074b4eb9059,d37f69dbc200cc86,True,96,9914081,True
agentsight,b5bc34dabe6a,docs,889e3ad29c7af72e,73575f596cf65ae8,True,5,918764,True
agentsight,b5bc34dabe6a,script,7668a4f83dbf1c6a,625801ce412e93fc,True,10,1397679,True
agentsight,b5bc34dabe6a,.agentsight,e2fb09fedeb73bf1,59c3d9cb3db8f86e,True,10,1157335,True
agentsight,b5bc34dabe6a,docs,069795c0bff608f7,11b86b6c469fef44,True,3,241965,True
agentsight,b5bc34dabe6a,.agentsight,201ad8287a5c9fc1,41ea28f7982e7930,True,2,102563,True
agentsight,b5bc34dabe6a,docs,3f2981582f8766b2,aeb7b1e30246b6b5,True,1,157352,True
agentsight,b5bc34dabe6a,script,625801ce412e93fc,65fd5ae81bdd39ec,True,30,2515889,True
agentsight,b5bc34dabe6a,docs,af1282072d4d1fc9,c88cb0c0d98286ac,True,5,922313,True
agentsight,b5bc34dabe6a,script,dd6158d0941d7693,8192cef0d458b112,True,1,17412,True
agentsight,b5bc34dabe6a,docs,c88cb0c0d98286ac,b6e5e66f34698a95,True,1,16031,True
agentsight,b5bc34dabe6a,script,8192cef0d458b112,bd83b41631a700d9,True,1,12616,True
agentsight,b5bc34dabe6a,docs,b6e5e66f34698a95,92f4f966742532e5,True,1,18341,True
agentsight,b5bc34dabe6a,agentpprof,11fa22726b688d17,72b4ccea209a2c69,True,125,10442371,True
agentsight,b5bc34dabe6a,script,bd83b41631a700d9,3af98569fe166b83,True,3,63108,True
agentsight,b5bc34dabe6a,docs,92f4f966742532e5,98413feb81951703,True,4,134884,True
agentsight,b5bc34dabe6a,script,a38e67428027d2d4,a412d5b3c0216012,True,2,107845,True
agentsight,b5bc34dabe6a,docs,981de2742bee3207,fe71ee561808fb6b,True,1,54740,True
agentsight,b5bc34dabe6a,script,a412d5b3c0216012,6f0d2afe1ee8aa63,True,4,106212,True
agentsight,b5bc34dabe6a,docs,de0549a690920b3c,bf19e92cd49b37ce,True,4,34542,True
agentsight,b5bc34dabe6a,agentpprof,ae0604d2b85ab5b1,3f60ed6194d694f6,True,14,311205,True
agentsight,b5bc34dabe6a,docs,bf19e92cd49b37ce,f72d04c166fe7aa2,True,2,60211,True
agentsight,b5bc34dabe6a,script,3e256671063f920a,9a33295c46aa9cef,True,5,176676,True
agentsight,b5bc34dabe6a,docs,f51b1a4f56870a2c,480edf78b9730ca8,True,1,267651,True
agentsight,b5bc34dabe6a,script,9a33295c46aa9cef,d366972b6a817944,True,4,489884,True
agentsight,b5bc34dabe6a,docs,5acdddc1f5187a98,1caa0cefbb26127f,True,10,226891,True
agentsight,b5bc34dabe6a,script,6acbd3a7712cc71b,189a24576e2dddc3,True,2,71960,True
agentsight,b5bc34dabe6a,docs,be00018926c51ea9,1d729fa3bdd09105,True,1,15313,True
agentsight,b5bc34dabe6a,script,189a24576e2dddc3,8ab3901e131ebc5c,True,1,42413,True
agentsight,b5bc34dabe6a,script,8ab3901e131ebc5c,bc308e0384049471,True,7,1423582,True
agentsight,b5bc34dabe6a,docs,edb9300d3723590a,8763e2252e596389,True,2,23549,True
agentsight,b5bc34dabe6a,script,6a4419f0bc0e8bb6,c66fa0bbfeb83c94,True,18,1167527,True
agentsight,b5bc34dabe6a,docs,698f231a7aca0b0b,daa90e260ebda0f8,True,3,417635,True
agentsight,b5bc34dabe6a,script,4cd232c2faf8b74b,0b5369463c46946e,True,4,755147,True
agentsight,b5bc34dabe6a,docs,f287b0fab97bcaf5,be1848133c59d5ac,True,2,182431,True
agentsight,b5bc34dabe6a,script,f37c93b1aeabc7c7,48869785bedebff6,True,3,144313,True
agentsight,b5bc34dabe6a,docs,91e20c4902e4d873,c244b9ae7b7c1c40,True,4,222875,True
agentsight,b5bc34dabe6a,script,fdbf1dadd77e391c,581928e3b696f61a,True,3,292828,True
agentsight,b5bc34dabe6a,repo-root-files,3530d6a572502f9e,e3390bc0634b9ecf,True,348,23967900,True
agentsight,b5bc34dabe6a,docs,ee9a068eac578050,b5ba11dee3cb3b33,True,3,604442,True
agentsight,b5bc34dabe6a,script,e3390bc0634b9ecf,d2a58ca3a63cd2d5,True,1,101685,True
agentsight,b5bc34dabe6a,docs,b5ba11dee3cb3b33,ad83bd9c1f134f29,True,3,78181,True
agentsight,b5bc34dabe6a,script,daab1d08fa35205d,f6f12f58c8e07a12,True,1,41103,True
agentsight,b5bc34dabe6a,docs,f6f12f58c8e07a12,459885759b9b06ca,True,3,118120,True
agentsight,b5bc34dabe6a,script,459885759b9b06ca,33ba94ef022b4394,True,1,3563,True
agentsight,b5bc34dabe6a,docs,1545a1663912ed7f,bb5dc108a21eb1d2,True,1,5789,True
agentsight,b5bc34dabe6a,script,33ba94ef022b4394,1489a89339d60af9,True,1,5020,True
agentsight,b5bc34dabe6a,docs,bb5dc108a21eb1d2,25dcc6330f9aee8c,True,2,38458,True
agentsight,b5bc34dabe6a,script,11f8f3fb2f8bbe51,69667d12ab86cc9b,True,1,47614,True
agentsight,b5bc34dabe6a,docs,25dcc6330f9aee8c,90f3e992b8dc6c3f,True,7,121889,True
agentsight,b5bc34dabe6a,script,3a8c1bd628d92c46,d3ceda1a74ca3cd6,True,1,14921,True
agentsight,b5bc34dabe6a,docs,90f3e992b8dc6c3f,2fb3ab3c00d62d8e,True,10,206921,True
agentsight,b5bc34dabe6a,docs,2fb3ab3c00d62d8e,67b0b618e63dfca9,True,2,155537,True
agentsight,b5bc34dabe6a,docs,67b0b618e63dfca9,616a4b77ba6849be,True,2,16461,True
agentsight,b5bc34dabe6a,script,3b3c3771f15df7bf,8ebc64cb4fb7ab27,True,1,52034,True
agentsight,b5bc34dabe6a,docs,616a4b77ba6849be,71eb1284a0441fd3,True,3,120522,True
agentsight,b5bc34dabe6a,script,9dbe050220f97c89,46617d2c362df072,True,4,131498,True
agentsight,b5bc34dabe6a,docs,e6fdb3eefa6dd677,46d325fabee6f154,True,5,269841,True
agentsight,b5bc34dabe6a,script,bc49977acb7d6f2c,1ce829c8f3917356,True,4,706291,True
agentsight,b5bc34dabe6a,docs,7630df520215dd0c,36e133e622b2e855,True,11,324046,True
agentsight,b5bc34dabe6a,script,4a015be8a3c57595,2d6e0664cbcbda7f,True,2,75061,True
agentsight,b5bc34dabe6a,docs,bcba34a3d2de1591,b97d8878b40d8858,True,4,155548,True
agentsight,b5bc34dabe6a,script,da6236a389379397,04dd85d3eebdfbdd,True,4,365116,True
agentsight,b5bc34dabe6a,docs,a95bb7c7a54083e0,4161739e130c61e4,True,1,41700,True
agentsight,b5bc34dabe6a,agentpprof,f46d236c3d0c1a26,dfccd7e20a7ecbfa,True,154,7998146,True
agentsight,b5bc34dabe6a,script,04dd85d3eebdfbdd,5214cdbab8d64125,True,3,254001,True
agentsight,b5bc34dabe6a,docs,ecd49f5bef34df7e,56b6dbd6bb690281,True,3,276621,True
agentsight,b5bc34dabe6a,agentpprof,dfccd7e20a7ecbfa,eaa4f8b4da8102bb,True,3,225291,True
agentsight,b5bc34dabe6a,script,a46b7b3a041bc43e,eaa4f8b4da8102bb,True,1,170085,True
agentsight,b5bc34dabe6a,agentpprof,eaa4f8b4da8102bb,185bf749ba570ef5,True,1,16416,True
agentsight,b5bc34dabe6a,docs,eaa4f8b4da8102bb,8ce51b76b33dff10,True,3,206880,True
agentsight,b5bc34dabe6a,script,dd227789bd12be84,45434566640ddd9e,True,5,340894,True
agentsight,b5bc34dabe6a,agentpprof,29b11a44fbf23d2d,ae0393252b77e715,True,9,385802,True
agentsight,b5bc34dabe6a,docs,a06e18c6ee6c0d35,221b2af03141b37f,True,7,254268,True
agentsight,b5bc34dabe6a,script,8fdbfcfb18141f31,3dc3e0359f19f9dc,True,9,811058,True
agentsight,b5bc34dabe6a,docs,3ce37b5fb9ea95a7,9ce9deffbba0a7e7,True,1,129183,True
agentsight,b5bc34dabe6a,script,3dc3e0359f19f9dc,43f0e3c7cbe40f4d,True,3,127688,True
agentsight,b5bc34dabe6a,docs,959acb3cd3b1572e,5ed1995336af7eac,True,4,546892,True
agentsight,b5bc34dabe6a,script,a4cac24f13e8b225,bbfdc2c375be992f,True,1,579802,True
agentsight,b5bc34dabe6a,repo-root-files,e3390bc0634b9ecf,2a839d6f57c25994,True,120,5181063,True
agentsight,b5bc34dabe6a,docs,f9373f0208b6ea13,c69ab9aad74672a0,True,2,76287,True
agentsight,b5bc34dabe6a,script,bbfdc2c375be992f,dc324eec94c5f085,True,8,473052,True
agentsight,b5bc34dabe6a,agentpprof,ae0393252b77e715,245e72c56b990da1,True,27,1985451,True
agentsight,b5bc34dabe6a,docs,066adf3f0408c78c,a9672b1358a1dc45,True,2,120036,True
agentsight,b5bc34dabe6a,agentpprof,245e72c56b990da1,a35152622b2ef6d2,True,8,347327,True
agentsight,b5bc34dabe6a,script,dc324eec94c5f085,f179e3394bac4e93,True,10,413969,True
agentsight,b5bc34dabe6a,docs,690125f28a60efd1,df0609d7d0c295f0,True,3,163535,True
agentsight,b5bc34dabe6a,agentpprof,a35152622b2ef6d2,a18288f33e12758b,True,27,1349558,True
agentsight,b5bc34dabe6a,script,98220edc2f9adac3,a18288f33e12758b,True,25,1300833,True
agentsight,b5bc34dabe6a,agentpprof,a18288f33e12758b,36922e1f8e9c8aa4,True,1,30698,True
agentsight,b5bc34dabe6a,agentpprof,36922e1f8e9c8aa4,7283d4a4b71ab28d,True,4,571565,True
agentsight,b5bc34dabe6a,agentpprof,627b6e6e2278abbc,ad9b90a28a788ab3,True,1,54813,True
agentsight,b5bc34dabe6a,script,f2e9c7bad0e6f530,b742bb8d6e5cbd05,True,1,52689,True
agentsight,b5bc34dabe6a,docs,5db4ed9e127a41d2,b0443eb790146a6a,True,14,811014,True
agentsight,b5bc34dabe6a,script,fb464c2a74c64154,fefcf56b28220fa0,True,2,124494,True
agentsight,b5bc34dabe6a,docs,91ea5a8ebe77a273,5951d459a0cb7f00,True,11,793534,True
agentsight,b5bc34dabe6a,script,06f515193a03f3bb,ec058b899f962574,True,2,87880,True
agentsight,b5bc34dabe6a,docs,ec058b899f962574,005fc3a635004bb1,True,5,130826,True
agentsight,b5bc34dabe6a,script,c8e5e89213855259,f10512474f36861f,True,2,353542,True
agentsight,b5bc34dabe6a,docs,603f9573e2c6ef86,5e32536307365c1e,True,2,175303,True
agentsight,b5bc34dabe6a,script,ad0e4596c1fc9d4d,0bab68887249361c,True,4,346442,True
agentsight,b5bc34dabe6a,docs,0c6ad50f525fc28b,98e196d9986d15df,True,1,184560,True
agentsight,b5bc34dabe6a,script,0bab68887249361c,dbe098ee1ae0ec34,True,5,957273,True
agentsight,b5bc34dabe6a,script,dbe098ee1ae0ec34,f921175fa926f1f1,True,2,420327,True
agentsight,b5bc34dabe6a,docs,7f060e31a87485af,6bfc5014800c88ce,True,1,236712,True
agentsight,b5bc34dabe6a,script,f921175fa926f1f1,f7a85362a372b203,True,17,560667,True
agentsight,b5bc34dabe6a,repo-root-files,e2edeac91eaa33ac,3035c2acf85bec57,True,113,6207524,True
agentsight,b5bc34dabe6a,docs,39836eb2c599e22e,7cbee54c2dc25fea,True,3,305301,True
agentsight,b5bc34dabe6a,script,19f12060098fde82,97f0ff360c3f738e,True,12,776566,True
agentsight,b5bc34dabe6a,docs,157d776627680d9c,54bd8672b6cff901,True,4,471916,True
agentsight,b5bc34dabe6a,script,0bbadf9642de64ac,7251a5e636483910,True,5,186943,True
agentsight,b5bc34dabe6a,docs,ca1d02fed003e01e,02ffb267e8ad372e,True,11,239770,True
agentsight,b5bc34dabe6a,repo-root-files,3035c2acf85bec57,7663f378935d99e0,True,34,1437249,True
agentsight,b5bc34dabe6a,script,d7f8474302c0bd87,29134bdf9d1c68ac,True,5,501907,True
agentsight,b5bc34dabe6a,docs,b71f7b176596892c,5d3e63fd11e18919,True,5,406934,True
agentsight,b5bc34dabe6a,script,c941e07846b37aad,aeb38d50642980a6,True,4,742945,True
agentsight,b5bc34dabe6a,docs,cb92575fbfc89b61,d94961ce01aefa1d,True,3,237311,True
agentsight,b5bc34dabe6a,agentpprof,ad9b90a28a788ab3,7fa7901747d292e0,True,234,11252685,True
agentsight,b5bc34dabe6a,script,d94961ce01aefa1d,7c60e76b100c5aa1,True,124,4960333,True
agentsight,b5bc34dabe6a,docs,21b9cb2f1589da9a,66198715e110c682,True,2,341107,True
agentsight,b5bc34dabe6a,agentpprof,7fa7901747d292e0,f66bae3960d567f3,True,2,327421,True
agentsight,b5bc34dabe6a,docs,66198715e110c682,bbfaab17ead4273c,True,1,60731,True
agentsight,b5bc34dabe6a,script,7c60e76b100c5aa1,94b8ef19e810d5c0,True,59,3212159,True
agentsight,b5bc34dabe6a,docs,2ecfcdcdd8f0325e,ad7296f6fdf852e0,True,2,180491,True
agentsight,b5bc34dabe6a,script,a8ef1b83c3d416b8,6a81e9057ff8b31e,True,9,294490,True
agentsight,b5bc34dabe6a,docs,6fc5d556956edc62,83193895322c4a09,True,1,16583,True
agentsight,b5bc34dabe6a,repo-root-files,7663f378935d99e0,dc9efddfaae1cc48,True,435,20290463,True
agentsight,b5bc34dabe6a,docs,9da55c59d72b148c,36559155474d9f40,True,1,191524,True
agentsight,b5bc34dabe6a,agentpprof,f66bae3960d567f3,2eaa2ba211710471,True,304,14508931,True
agentsight,b5bc34dabe6a,script,6a81e9057ff8b31e,2eaa2ba211710471,True,235,11257974,True
agentsight,b5bc34dabe6a,docs,444da51aea481adf,fdf720830db7ca27,True,1,448425,True
agentsight,b5bc34dabe6a,agentpprof,2eaa2ba211710471,f8b744c96a51589c,True,4,347068,True
agentsight,b5bc34dabe6a,script,2eaa2ba211710471,f8b744c96a51589c,True,4,347068,True
agentsight,b5bc34dabe6a,docs,ecf595f8c44cb6d1,fdbcb1e2d3846f52,True,1,216880,True
agentsight,b5bc34dabe6a,script,f8b744c96a51589c,b36d1030aaeec6a7,True,14,917160,True
agentsight,b5bc34dabe6a,docs,b493c5534a728dfa,a7fdb1e398792105,True,1,360013,True
agentsight,b5bc34dabe6a,agentpprof,fdbcb1e2d3846f52,4d0b6e0d327805c4,True,20,1229224,True
agentsight,b5bc34dabe6a,docs,d287be7397451280,3e9d73da3e0de389,True,1,94601,True
agentsight,b5bc34dabe6a,script,b36d1030aaeec6a7,6bb6459c7a144c41,True,16,676644,True
agentsight,b5bc34dabe6a,docs,773e3583549fc196,db7ef5ee2f9a13ba,True,1,4104,True
agentsight,b5bc34dabe6a,agentpprof,4d0b6e0d327805c4,239cca83334aa86f,True,13,198848,True
agentsight,b5bc34dabe6a,docs,8ab0be327aec8e73,655c1757ad469292,True,2,91194,True
agentsight,b5bc34dabe6a,script,6bb6459c7a144c41,90966376ab906726,True,6,219227,True
agentsight,b5bc34dabe6a,docs,655c1757ad469292,33b367ebb4839290,True,1,291591,True
agentsight,b5bc34dabe6a,script,90966376ab906726,000aa9ef78272ab7,True,18,627842,True
agentsight,b5bc34dabe6a,docs,b6bd3b9b723b455c,9c3504ef596a7eae,True,1,97493,True
agentsight,b5bc34dabe6a,script,000aa9ef78272ab7,55748262077df39e,True,4,66080,True
agentsight,b5bc34dabe6a,agentpprof,64cb4aea14ffdc6c,5889d35890517ad6,True,27,941797,True
agentsight,b5bc34dabe6a,docs,4e7804b09acf91f1,fb0b17f787735bae,True,6,214027,True
agentsight,b5bc34dabe6a,agentpprof,f45265b1debbab5d,a8e28494245fcb97,True,4,148855,True
agentsight,b5bc34dabe6a,script,149a273c0102c920,65751314431357fd,True,14,271988,True
agentsight,b5bc34dabe6a,docs,1330f535dab5ae82,5eabac9cd33b5f16,True,15,577954,True
agentsight,b5bc34dabe6a,script,c80a33d21e4b847b,1c557f52d9eca527,True,4,97697,True
agentsight,b5bc34dabe6a,docs,751b3c6f322fc099,741f96cb9f35bbdd,True,2,52797,True
agentsight,b5bc34dabe6a,script,2ed7bc7650dbefb3,f522a8d2d97abda5,True,6,119071,True
agentsight,b5bc34dabe6a,docs,2e914fef76b23434,6df7bb7fc3457213,True,8,202212,True
agentsight,b5bc34dabe6a,script,ee3bd44a3ae25fe7,b455216c3ef6cb6a,True,3,64950,True
agentsight,b5bc34dabe6a,docs,2271894fe6f941b7,0a1dcbd3632b8670,True,14,287860,True
agentsight,b5bc34dabe6a,script,831f7690ecb404a1,31b2fae23930297e,True,3,10120,True
agentsight,b5bc34dabe6a,docs,08902063c5c4b324,901db231b6fac3c7,True,1,4885,True
agentsight,b5bc34dabe6a,script,31b2fae23930297e,baf45c9b2ac6a481,True,1,4828,True
agentsight,b5bc34dabe6a,agentpprof,4aaebd1388744858,0034adf297f0154a,True,60,1350220,True
agentsight,b5bc34dabe6a,docs,901db231b6fac3c7,e7fa3c187ec00890,True,12,439562,True
agentsight,b5bc34dabe6a,script,a72d508bc5d14a59,25ba627862186d95,True,5,498444,True
agentsight,b5bc34dabe6a,docs,222d9b0959f7f75f,afd1fdeee5d32e5b,True,1,149985,True
agentsight,b5bc34dabe6a,script,25ba627862186d95,ba7700f0dbe91d8e,True,1,16901,True
agentsight,b5bc34dabe6a,docs,afd1fdeee5d32e5b,a9d6bd835822a4f5,True,5,321650,True
agentsight,b5bc34dabe6a,script,782ae1bb3442ca55,3f10e037af0eec74,True,8,125421,True
agentsight,b5bc34dabe6a,docs,f91d50dd13fb26e3,9ecf4f8d8755e2a3,True,1,17934,True
agentsight,b5bc34dabe6a,script,3f10e037af0eec74,b4978b51258573f5,True,1,80548,True
agentsight,b5bc34dabe6a,docs,9ecf4f8d8755e2a3,78c6088607a60f67,True,3,109493,True
agentsight,b5bc34dabe6a,script,78c6088607a60f67,538f31dd183292ad,True,22,6643024,True
agentsight,b5bc34dabe6a,docs,ac34acc5b133f225,b7bf3576449ccec3,True,7,130174,True
agentsight,b5bc34dabe6a,script,f749464d04bda1a0,8c9917e829ad7074,True,6,126063,True
agentsight,b5bc34dabe6a,docs,707fa0469fb88ccd,a6cae2d43b557585,True,1,4465,True
agentsight,b5bc34dabe6a,script,8c9917e829ad7074,3cb39317b5848a03,True,1,6143,True
agentsight,b5bc34dabe6a,docs,a6cae2d43b557585,45f315aa737da95f,True,1,3133,True
agentsight,b5bc34dabe6a,script,3cb39317b5848a03,6b785837f6fce4c9,True,1,6021,True
agentsight,b5bc34dabe6a,docs,45f315aa737da95f,e6587a06768c1782,True,5,57501,True
agentsight,b5bc34dabe6a,script,7e541cab1107c990,2d2b1caaac778d8e,True,2,56676,True
agentsight,b5bc34dabe6a,docs,3a27c20c995e28d6,78e5d981c2515439,True,1,315328,True
agentsight,b5bc34dabe6a,script,2d2b1caaac778d8e,278ae53cd1fda36a,True,18,719594,True
agentsight,b5bc34dabe6a,docs,971115bb0ed56dfd,5508766f70364d0d,True,1,42375,True
agentsight,b5bc34dabe6a,script,278ae53cd1fda36a,bb2aab62a37e7de9,True,18,543424,True
agentsight,b5bc34dabe6a,docs,8a55ca79b0c2b87a,501a47275a2ccfde,True,2,324130,True
agentsight,b5bc34dabe6a,.agentsight,41ea28f7982e7930,b04886935cc0a0a8,True,1140,56300065,True
agentsight,b5bc34dabe6a,docs,325862f20c444f43,53509f426e376b32,True,1,46847,True
agentsight,b5bc34dabe6a,.agentsight,b04886935cc0a0a8,963ea15d83448ba0,True,31,2147461,True
agentsight,b5bc34dabe6a,docs,19fb1387d7c86c4b,e10d44f3dc17f793,True,1,651371,True
agentsight,b5bc34dabe6a,.agentsight,963ea15d83448ba0,7245b87ac2bc7554,True,2,195905,True
agentsight,b5bc34dabe6a,docs,01406b7bb5fd5809,cb67f39ed8727e14,True,4,74653,True
agentsight,b5bc34dabe6a,.agentsight,24e20ab5c16ac5ff,349ffd65692b9707,True,5,143567,True
agentsight,b5bc34dabe6a,script,f6f8663d1010144e,f9a0175b5f50e181,True,97,4068181,True
agentsight,b5bc34dabe6a,.agentsight,17849d896cc8b1be,8bda557c36e26bf5,True,1,253806,True
agentsight,b5bc34dabe6a,docs,9014200d0c98c428,35e529541e2265e7,True,5,425946,True
agentsight,b5bc34dabe6a,.agentsight,818df115514e6add,261cdfa712205522,True,15,473407,True
agentsight,b5bc34dabe6a,agentpprof,1c27c5f0ea07687e,75697b1357a4ce8a,True,225,13928812,True
agentsight,b5bc34dabe6a,docs,837d2b3ac9f4622e,61592ef242cb0c99,True,2,435190,True
agentsight,b5bc34dabe6a,script,f9a0175b5f50e181,141b516fa6b9f108,True,43,2001242,True
agentsight,b5bc34dabe6a,docs,74c77cdd19155321,c54023ca2624e03c,True,1,267634,True
agentsight,b5bc34dabe6a,script,141b516fa6b9f108,50d2e0003e37bbdb,True,3,186242,True
agentsight,b5bc34dabe6a,agentpprof,75697b1357a4ce8a,d44adaf73f00c2bd,True,29,1477398,True
agentsight,b5bc34dabe6a,docs,a6bbff28b6d21092,d44adaf73f00c2bd,True,1,19446,True
agentsight,b5bc34dabe6a,agentpprof,d44adaf73f00c2bd,9890ae2d25d2c634,True,16,449869,True
agentsight,b5bc34dabe6a,script,d44adaf73f00c2bd,9890ae2d25d2c634,True,16,449869,True
agentsight,b5bc34dabe6a,.agentsight,261cdfa712205522,add37cd3e9233feb,True,48,2151242,True
agentsight,b5bc34dabe6a,docs,f7049ecd58f8bcef,45fa23e54c76d301,True,2,330834,True
agentsight,b5bc34dabe6a,.agentsight,add37cd3e9233feb,b3aebf9314c94eb7,True,1,244223,True
agentsight,b5bc34dabe6a,script,9890ae2d25d2c634,ac49301ac39456df,True,3,337681,True
agentsight,b5bc34dabe6a,docs,45fa23e54c76d301,8cad91225ae53902,True,9,823511,True
agentsight,b5bc34dabe6a,script,7b056e1a55718b53,16292d4e4a9d536d,True,5,158627,True
agentsight,b5bc34dabe6a,.agentsight,b3aebf9314c94eb7,f858b5c802282aa8,True,19,870988,True
agentsight,b5bc34dabe6a,agentpprof,9890ae2d25d2c634,f858b5c802282aa8,True,22,1182886,True
agentsight,b5bc34dabe6a,.agentsight,f858b5c802282aa8,19b491a226d60e04,True,2,40167,True
agentsight,b5bc34dabe6a,script,7191940a3e17db04,7f2bbf7d45cd9c2d,True,5,406620,True
agentsight,b5bc34dabe6a,repo-root-files,dc9efddfaae1cc48,da3d92a4962be6c0,True,458,22613784,True
agentsight,b5bc34dabe6a,docs,93b1ae2619d831ca,3c13ca25c50b45f7,True,14,543679,True
agentsight,b5bc34dabe6a,script,7cdb3af16ee2a856,cb8e0a606a63ae12,True,6,92134,True
agentsight,b5bc34dabe6a,docs,01af2581fe46b805,8b4f1e30cc25fa9d,True,6,142370,True
agentsight,b5bc34dabe6a,script,1754372d57dd51e6,4dcd82d762cc44c3,True,2,163890,True
agentsight,b5bc34dabe6a,docs,90c6c0366ec8d8b3,14028feb87f8fb47,True,1,80338,True
agentsight,b5bc34dabe6a,script,4dcd82d762cc44c3,d0d16a696a1416b3,True,5,61799,True
agentsight,b5bc34dabe6a,.agentsight,103b482f1237b8b7,e6aa54de6a9d63eb,True,28,644678,True
agentsight,b5bc34dabe6a,script,73ee5bf3c76732f9,c0481a66621107df,True,1,193886,True
agentsight,b5bc34dabe6a,.agentsight,e6aa54de6a9d63eb,6b620320060765b8,True,1,49196,True
agentsight,b5bc34dabe6a,docs,6389479b06183741,114893d2de17f87d,True,10,325228,True
agentsight,b5bc34dabe6a,repo-root-files,da3d92a4962be6c0,c58c02409bf96131,True,31,744410,True
agentsight,b5bc34dabe6a,script,c0481a66621107df,eb7be456dc10ebc7,True,10,282803,True
agentsight,b5bc34dabe6a,.agentsight,c3eecd7e034b2f30,0e5c07968f79e1a1,True,16,329859,True
agentsight,b5bc34dabe6a,docs,3fee57d14024db60,bf65463d4124a9f5,True,11,387519,True
agentsight,b5bc34dabe6a,script,3319215e29dcb971,bf65463d4124a9f5,True,3,359752,True
agentsight,b5bc34dabe6a,.agentsight,42b3667560aa985b,fa06d66b07ea7d87,True,2,379194,True
agentsight,b5bc34dabe6a,docs,bf65463d4124a9f5,7e1e23e1e2dbc590,True,2,290850,True
agentsight,b5bc34dabe6a,script,c236c409d1d3c245,e83d30e6a7388b65,True,5,215824,True
agentsight,b5bc34dabe6a,.agentsight,fa06d66b07ea7d87,26ab796016a13a08,True,10,149378,True
agentsight,b5bc34dabe6a,docs,39b91b6ba2f920af,97faa34ed6781f38,True,7,83940,True
agentsight,b5bc34dabe6a,script,3181f947e593ab94,bb97d0fc51b31092,True,2,268054,True
agentsight,b5bc34dabe6a,docs,97faa34ed6781f38,2a627589c86f6d7d,True,1,296134,True
agentsight,b5bc34dabe6a,.agentsight,26ab796016a13a08,ede0509f91df3110,True,5,19001225,True
agentsight,b5bc34dabe6a,script,bb97d0fc51b31092,06e5165a8fa339e2,True,4,18784185,True
agentsight,b5bc34dabe6a,docs,0f49875ddaa7167d,cbad494cc3af2a4e,True,3,9166602,True
agentsight,b5bc34dabe6a,script,04f4bd043610a30b,73ff56e0fbec6b26,True,1,922788,True
agentsight,b5bc34dabe6a,script,73ff56e0fbec6b26,b3edb3bae5eb492e,True,5,530233,True
agentsight,b5bc34dabe6a,docs,20d6ea5a356c1ffe,cabac6df413d8b5b,True,1,69328,True
agentsight,b5bc34dabe6a,script,b3edb3bae5eb492e,1e7217a58974f6e2,True,2,74840,True
agentsight,b5bc34dabe6a,.agentsight,ede0509f91df3110,065a14739978edb8,True,17,1682180,True
agentsight,b5bc34dabe6a,docs,d214eca0a7b6a681,48427c56cbd4bd7f,True,6,348085,True
agentsight,b5bc34dabe6a,repo-root-files,c58c02409bf96131,afefea7f7f27dd67,True,58,22794236,True
agentsight,b5bc34dabe6a,docs,3e13cfb19c328902,cbdc19c94629e762,True,2,1069208,True
agentsight,b5bc34dabe6a,.agentsight,065a14739978edb8,977e9982270a5be7,True,17,1766646,True
agentsight,b5bc34dabe6a,script,c3e35807a73946b4,7f33121af07948ab,True,19,1907769,True
agentsight,b5bc34dabe6a,docs,71017e79ef4458ab,6c572ba60a91c2f8,True,2,163648,True
agentsight,b5bc34dabe6a,.agentsight,977e9982270a5be7,8eaa7d8847fccc60,True,12,396141,True
agentsight,b5bc34dabe6a,docs,0ce2c3aeea7cd8f4,726ea359b3d24117,True,1,144158,True
agentsight,b5bc34dabe6a,repo-root-files,b41f14ea8fe250eb,da5ac6b063f6e9d1,True,40,1137970,True
agentsight,b5bc34dabe6a,repo-root-files,da5ac6b063f6e9d1,2049d76d1254d075,True,12,346985,True
agentsight,b5bc34dabe6a,docs,b354354e4c0b8722,3c24b8fe2cb2cebc,True,1,38761,True
agentsight,b5bc34dabe6a,repo-root-files,2049d76d1254d075,7f047ef35991900f,True,11,302642,True
agentsight,b5bc34dabe6a,script,7f33121af07948ab,ab20b92fb940e147,True,53,1500889,True
agentsight,b5bc34dabe6a,docs,7f047ef35991900f,275d783dc0249d7a,True,1,5814,True
agentsight,b5bc34dabe6a,script,ab20b92fb940e147,c92c23958757abf0,True,18,547642,True
agentsight,b5bc34dabe6a,docs,11762bccd926db91,3b0cbd1ce99d90fe,True,2,123893,True
agentsight,b5bc34dabe6a,script,b5d07b68e289b485,07ef3c2992c3b03e,True,3,49401,True
agentsight,b5bc34dabe6a,docs,102f911b7a2e8e46,93e156f8a6044143,True,1,31008,True
agentsight,b5bc34dabe6a,script,07ef3c2992c3b03e,b414629a28892184,True,1,58707,True
agentsight,b5bc34dabe6a,docs,93e156f8a6044143,3f25652042d4d563,True,1,514070,True
agentsight,b5bc34dabe6a,repo-root-files,7f047ef35991900f,20dfa1bccc7742a9,True,38,1518527,True
agentsight,b5bc34dabe6a,script,b414629a28892184,f8eab521dfec9439,True,12,862284,True
agentsight,b5bc34dabe6a,repo-root-files,20dfa1bccc7742a9,f07baa4ec817dd6c,True,13,418239,True
agentsight,b5bc34dabe6a,repo-root-files,f07baa4ec817dd6c,8d43483644228721,True,2,103554,True
agentsight,b5bc34dabe6a,docs,8d43483644228721,dfa04c360b11be86,True,1,45838,True
agentsight,b5bc34dabe6a,script,f8eab521dfec9439,4d387d5a35b6c021,True,23,618986,True
agentsight,b5bc34dabe6a,script,4d387d5a35b6c021,5ded7dfafed0afe0,True,2,16911,True
agentsight,b5bc34dabe6a,docs,5ded7dfafed0afe0,04430012c68ccc15,True,1,49852,True
agentsight,b5bc34dabe6a,script,c6112e825122e2b5,bbd3b6c58953ad48,True,4,68860,True
agentsight,b5bc34dabe6a,script,bbd3b6c58953ad48,99da3700994e6e94,True,6,422370,True
agentsight,b5bc34dabe6a,docs,3344d486360d8a7a,c3e14ca812315545,True,2,51028,True
agentsight,b5bc34dabe6a,agentpprof,9e6f2a4933f2c9e7,ef0d5dfbf1d03679,True,245,28795143,True
agentsight,b5bc34dabe6a,docs,c3e14ca812315545,7a0e150361e28daa,True,1,274213,True
agentsight,b5bc34dabe6a,script,9c449b33c7deb97d,70534127deb54983,True,4,317643,True
agentsight,b5bc34dabe6a,agentpprof,ef0d5dfbf1d03679,fea22ffebcf1cf28,True,3,238657,True
agentsight,b5bc34dabe6a,docs,2a1239fd568edd17,e44987da2fc8cf49,True,2,113058,True
agentsight,b5bc34dabe6a,script,fea22ffebcf1cf28,a099e8acdeb8d2c9,True,5,319145,True
agentsight,b5bc34dabe6a,docs,3aa6644a9499cd98,c63c9d712ce687f3,True,1,151173,True
agentsight,b5bc34dabe6a,script,a099e8acdeb8d2c9,3bdba5e7c162fd91,True,1,126141,True
agentsight,b5bc34dabe6a,.agentsight,8eaa7d8847fccc60,69b7015cb75486c0,True,136,4656614,True
agentsight,b5bc34dabe6a,docs,c63c9d712ce687f3,69b7015cb75486c0,True,1,99875,True
agentsight,b5bc34dabe6a,docs,69b7015cb75486c0,e09124fa1c9f38b3,True,1,30079,True
agentsight,b5bc34dabe6a,.agentsight,a33c744537fb35e6,a1bdf85ad780caca,True,8,282103,True
agentsight,b5bc34dabe6a,script,3bdba5e7c162fd91,a1bdf85ad780caca,True,10,304947,True
agentsight,b5bc34dabe6a,docs,813c714607d0fa87,1aeac5025a5f9717,True,1,134981,True
agentsight,b5bc34dabe6a,.agentsight,a1bdf85ad780caca,a3ef7c15b9c064f2,True,13,362199,True
agentsight,b5bc34dabe6a,docs,df5fcfcd65059a22,296d6c8cf0206e75,True,3,46585,True
agentsight,b5bc34dabe6a,.agentsight,8ce8bcb63d7f8611,70691d8f17bfda11,True,9,489706,True
agentsight,b5bc34dabe6a,script,a1bdf85ad780caca,4b999f15897986dc,True,28,961277,True
agentsight,b5bc34dabe6a,docs,f5762b665cefb72c,16d78307f40bca11,True,1,308611,True
agentsight,b5bc34dabe6a,script,4b999f15897986dc,976df40c7c131f3e,True,1,300068,True
agentsight,b5bc34dabe6a,docs,16d78307f40bca11,0e3d60f8b89b66cc,True,1,99317,True
agentsight,b5bc34dabe6a,repo-root-files,c595d768031212fb,d36cecc31606c903,True,93,3855461,True
agentsight,b5bc34dabe6a,docs,7f362296aacb87b6,040ff696e97d5829,True,1,380844,True
agentsight,b5bc34dabe6a,script,976df40c7c131f3e,fda4eeb250ec6ba7,True,15,951518,True
agentsight,b5bc34dabe6a,docs,040ff696e97d5829,708684d18530cb5f,True,1,14778,True
agentsight,b5bc34dabe6a,script,fda4eeb250ec6ba7,b8ab6674511eb134,True,3,46832,True
agentsight,b5bc34dabe6a,docs,b8ab6674511eb134,a32ce6018f76b85c,True,2,18757,True
agentsight,b5bc34dabe6a,script,9beee6d28e1751bc,ce455ae9a08c7a4f,True,5,258367,True
agentsight,b5bc34dabe6a,docs,c86f4425423db12e,43d7cf10c4535cd1,True,2,133325,True
agentsight,b5bc34dabe6a,script,28e26134bc20e466,0c2d7566d47e0276,True,2,161206,True
agentsight,b5bc34dabe6a,docs,27d9a32d1d0b6883,96e925db9df79a8a,True,2,105398,True
agentsight,b5bc34dabe6a,script,239b878525db5469,9df3af2f63d940a6,True,1,197605,True
agentsight,b5bc34dabe6a,docs,96e925db9df79a8a,457deebbe5644d4b,True,1,151640,True
agentsight,b5bc34dabe6a,script,9df3af2f63d940a6,6d8cb69f0cf9eb84,True,3,128082,True
agentsight,b5bc34dabe6a,.agentsight,70691d8f17bfda11,14a906bc2fef7552,True,45,2190493,True
agentsight,b5bc34dabe6a,docs,c97d37bc46dedc19,14a906bc2fef7552,True,2,30578,True
agentsight,b5bc34dabe6a,.agentsight,14a906bc2fef7552,0001040329cba375,True,2,252053,True
agentsight,b5bc34dabe6a,script,1ed1cfb71edd6753,7e672c977bc97cd0,True,4,267765,True
agentsight,b5bc34dabe6a,docs,7f54232a1217d5ae,42ad1956c013d312,True,3,27154,True
agentsight,b5bc34dabe6a,script,42ad1956c013d312,749c269d31f987a5,True,2,116431,True
agentsight,b5bc34dabe6a,docs,7c85c7b79e859c5a,73db7c281df39a1c,True,3,65239,True
agentsight,b5bc34dabe6a,script,ce3893395aef2485,139f5a84244fbdd6,True,241,6565008,True
agentsight,b5bc34dabe6a,docs,5b1edaf24ad99c4c,85bd32378d4e4337,True,2,33347,True
agentsight,b5bc34dabe6a,script,6999956b22e4e4f5,02b1495a9fe2aa84,True,1,20414,True
agentsight,b5bc34dabe6a,docs,85bd32378d4e4337,ff628b680b251765,True,1,51552,True
agentsight,b5bc34dabe6a,agentpprof,fea22ffebcf1cf28,aeb78f4467deaa12,True,358,11298125,True
agentsight,b5bc34dabe6a,.agentsight,0001040329cba375,8daf91701c12438b,True,265,7260720,True
agentsight,b5bc34dabe6a,agentpprof,aeb78f4467deaa12,1a55035d02101ed3,True,1,21145,True
agentsight,b5bc34dabe6a,agentpprof,1a55035d02101ed3,fd8abc1d85797b51,True,8,150239,True
agentsight,b5bc34dabe6a,docs,2ea3468b485481fe,82dd041ed68d9663,True,3,20269,True
agentsight,b5bc34dabe6a,agentpprof,82dd041ed68d9663,38973dd9ef53109e,True,1,71014,True
agentsight,b5bc34dabe6a,docs,6bf70cf8d1e08e70,c12afa1197e63b46,True,2,176194,True
agentsight,b5bc34dabe6a,agentpprof,dc6d7cacdfa6a760,f6d8fda3031b976e,True,3,180762,True
agentsight,b5bc34dabe6a,agentpprof,81f63b565328a2be,2809d50b9f89bce2,True,3,183007,True
agentsight,b5bc34dabe6a,repo-root-files,d36cecc31606c903,cbaa6f5468593d3c,True,333,9368640,True
agentsight,b5bc34dabe6a,script,02b1495a9fe2aa84,cbaa6f5468593d3c,True,50,1452072,True
agentsight,b5bc34dabe6a,docs,319c62d66f575efa,26d052303bbd1183,True,1,107454,True
agentsight,b5bc34dabe6a,script,cc78e31ba046cf96,34e674df9aa355d4,True,1,28883,True
agentsight,b5bc34dabe6a,docs,26d052303bbd1183,8cfd50652d0a80df,True,1,11057,True
agentsight,b5bc34dabe6a,agentpprof,2809d50b9f89bce2,d6dbfd380780c5c7,True,17,568834,True
agentsight,b5bc34dabe6a,docs,1ecefbb8543f2f34,ee6ab1e61b031ea1,True,2,27953,True
agentsight,b5bc34dabe6a,.agentsight,8daf91701c12438b,f9015284e81b6205,True,49,1265198,True
agentsight,b5bc34dabe6a,docs,088d45a8d2a99153,73a971b41a2189a4,True,1,18460,True
agentsight,b5bc34dabe6a,docs,e9bcbb7da787ab1c,f23e3652cb317214,True,1,104941,True
agentsight,b5bc34dabe6a,.agentsight,f9015284e81b6205,60165acd475ce18b,True,7,380552,True
agentsight,b5bc34dabe6a,docs,f23e3652cb317214,2bfa7036d530b5cb,True,1,303060,True
agentsight,b5bc34dabe6a,.agentsight,60165acd475ce18b,a168151c3ed92ea4,True,7,592421,True
agentsight,b5bc34dabe6a,docs,a04c11d9f329c00b,8be4f252ff238a48,True,1,72693,False
agentsight,b5bc34dabe6a,script,34e674df9aa355d4,7c16e5fd658a7634,True,25,1124126,True
agentsight,b5bc34dabe6a,.agentsight,a168151c3ed92ea4,1693c80202cd3bf7,True,179,5292266,True
agentsight,b5bc34dabe6a,docs,9a4ad031d732e444,5a8a61b8b2e320b3,True,1,80953,True
agentsight,b5bc34dabe6a,script,7c16e5fd658a7634,5a8a61b8b2e320b3,True,178,5304219,True
agentsight,b5bc34dabe6a,agentpprof,ee6ab1e61b031ea1,095f2af04799ba01,True,202,6532602,True
agentsight,b5bc34dabe6a,script,5a8a61b8b2e320b3,0cf88b0f1fede8f1,True,3,286340,True
agentsight,b5bc34dabe6a,docs,4d45ceb4d98d45b0,a19c068528b14313,True,3,397980,True
agentsight,b5bc34dabe6a,script,ffc9d3e2b7a43cb5,36878daec7b5ec6b,True,37,1186253,True
agentsight,b5bc34dabe6a,docs,e1792cfa403bc808,25b7ddaeda7246ea,True,1,57636,True
agentsight,b5bc34dabe6a,script,36878daec7b5ec6b,ed50d5e3e2616bbd,True,10,286022,True
agentsight,b5bc34dabe6a,docs,f3d1074d4ee56597,ed7051c37a2aceb2,True,1,6884,True
agentsight,b5bc34dabe6a,script,ed50d5e3e2616bbd,6366dfd8e64aa9dd,True,2,8912,True
agentsight,b5bc34dabe6a,docs,b5609780eaecc827,ac6ea3ebb553c67d,True,1,3958,True
agentsight,b5bc34dabe6a,agentpprof,095f2af04799ba01,a29481b51d97c65b,True,55,1668925,True
agentsight,b5bc34dabe6a,script,6366dfd8e64aa9dd,a29481b51d97c65b,True,1,36319,True
agentsight,b5bc34dabe6a,docs,ac6ea3ebb553c67d,a9e27a879f0d13b4,True,2,81609,True
agentsight,b5bc34dabe6a,agentpprof,dee1c45944fde459,9e7d80037422d599,True,1,52731,True
agentsight,b5bc34dabe6a,script,dee1c45944fde459,5a48e7ac0d05a695,True,4,71147,True
agentsight,b5bc34dabe6a,docs,9e7d80037422d599,bc92583021c44025,True,3,21742,True
agentsight,b5bc34dabe6a,agentpprof,0a91761939046322,e67e51a1fb90def7,True,2,20223,True
agentsight,b5bc34dabe6a,script,5a48e7ac0d05a695,8ecd6d0a83d6bfc1,True,2,87659,True
agentsight,b5bc34dabe6a,docs,bc92583021c44025,696a9155cb180ba2,True,2,117363,True
agentsight,b5bc34dabe6a,script,8ecd6d0a83d6bfc1,199c4a1dde802a6e,True,2,96648,True
agentsight,b5bc34dabe6a,docs,12318355aa7d4e37,4cafd4838e541a2a,True,3,236565,True
agentsight,b5bc34dabe6a,script,e595bd95f070efae,453f0898acaa0930,True,5,292221,True
agentsight,b5bc34dabe6a,docs,d7c12529e16f9187,3a06d1f1102ab990,True,1,163427,True
agentsight,b5bc34dabe6a,repo-root-files,cbaa6f5468593d3c,e5a307351043b122,True,289,9275369,True
agentsight,b5bc34dabe6a,docs,3a06d1f1102ab990,155c10fb705bc48e,True,1,43485,True
agentsight,b5bc34dabe6a,script,453f0898acaa0930,0646c3cf37af3a94,True,5,187208,True
agentsight,b5bc34dabe6a,agentpprof,e67e51a1fb90def7,e6de2a3b538d6d89,True,24,806382,True
agentsight,b5bc34dabe6a,docs,0bbb725af743a79a,8641aa0fa937314e,True,9,106492,True
agentsight,b5bc34dabe6a,script,b05e888cba94bf1a,2e2cee9dc114cfbc,True,5,128910,True
agentsight,b5bc34dabe6a,agentpprof,b2f8f5e4f59fecde,3ae467f6d0dba106,True,4,108657,True
agentsight,b5bc34dabe6a,docs,2e2cee9dc114cfbc,dd3eb5c142aa391f,True,2,365034,True
agentsight,b5bc34dabe6a,agentpprof,598bc043cd53a3ab,e3b6deec6f489854,True,2,196478,True
agentsight,b5bc34dabe6a,script,598bc043cd53a3ab,e3b6deec6f489854,True,2,196478,True
agentsight,b5bc34dabe6a,docs,adfbcfffa96f6b07,fb282daed3a0381d,True,1,40110,True
agentsight,b5bc34dabe6a,agentpprof,e3b6deec6f489854,4be77b95844e6fd1,True,1,49566,True
agentsight,b5bc34dabe6a,script,e3b6deec6f489854,4be77b95844e6fd1,True,1,49566,True
agentsight,b5bc34dabe6a,agentpprof,4be77b95844e6fd1,552b690afad14342,True,4,118537,True
agentsight,b5bc34dabe6a,docs,fb282daed3a0381d,0fe1aa8830d1f93e,True,6,170577,True
agentsight,b5bc34dabe6a,agentpprof,552b690afad14342,928f3340f5de1e7b,True,1,114184,True
agentsight,b5bc34dabe6a,script,552b690afad14342,928f3340f5de1e7b,True,1,114184,True
agentsight,b5bc34dabe6a,docs,928f3340f5de1e7b,2b4dbf066517eb63,True,1,141168,True
agentsight,b5bc34dabe6a,agentpprof,928f3340f5de1e7b,ca6ae1447570bcf4,True,4,184775,True
agentsight,b5bc34dabe6a,script,08185bc59feea974,ca6ae1447570bcf4,True,3,114059,True
agentsight,b5bc34dabe6a,docs,97e7e2c55434c891,48de29367dd30f4d,True,2,80884,True
agentsight,b5bc34dabe6a,script,620cb04932db6146,01a959b4b504fc21,True,3,113087,True
agentsight,b5bc34dabe6a,docs,cd4d74009a7ab5f1,fec5f0fc0b29718b,True,1,33773,True
agentsight,b5bc34dabe6a,agentpprof,620cb04932db6146,3702dbb28fc8d78a,True,7,138075,True
agentsight,b5bc34dabe6a,script,01a959b4b504fc21,3702dbb28fc8d78a,True,3,24988,True
agentsight,b5bc34dabe6a,docs,0431a0485dcd0bd7,32d7d8d587edd827,True,2,85837,True
agentsight,b5bc34dabe6a,script,3702dbb28fc8d78a,6b69fc0527f2c692,True,4,312351,True
agentsight,b5bc34dabe6a,docs,27e5f1659ed99392,77fe5c2d060e587f,True,3,145874,True
agentsight,b5bc34dabe6a,script,0e14179ba6de8e1a,36f8116d1ea40b7c,True,1,14583,True
agentsight,b5bc34dabe6a,agentpprof,0c2dac92990344bf,642e2e6334de308f,True,8,359128,True
agentsight,b5bc34dabe6a,script,36f8116d1ea40b7c,0ff14fc3da6a4874,True,1,12298,True
agentsight,b5bc34dabe6a,docs,77fe5c2d060e587f,606cf35cc8932099,True,5,256916,True
agentsight,b5bc34dabe6a,script,01cd58a47c7de641,92bc96953f1e6811,True,1,46183,True
agentsight,b5bc34dabe6a,agentpprof,642e2e6334de308f,0269b2a13010385a,True,5,262600,True
agentsight,b5bc34dabe6a,docs,606cf35cc8932099,8534f6f5270ceb1a,True,5,283636,True
agentsight,b5bc34dabe6a,script,5bffa3fae068196b,541696400b13082a,True,4,258663,True
agentsight,b5bc34dabe6a,.agentsight,1693c80202cd3bf7,a28efe9d188fa9ce,True,150,4988319,True
agentsight,b5bc34dabe6a,script,a28efe9d188fa9ce,5be27a86b23adf6e,True,1,11164,True
agentsight,b5bc34dabe6a,agentpprof,0269b2a13010385a,ee2f2720fd466e9a,True,12,472715,True
agentsight,b5bc34dabe6a,docs,25f476ec27e19c75,27f3b68d0a684d46,True,7,133573,True
agentsight,b5bc34dabe6a,agentpprof,ee2f2720fd466e9a,7b5cbffca8f27339,True,4,255861,True
agentsight,b5bc34dabe6a,script,fde71a1667da1a3e,7b5cbffca8f27339,True,3,252506,True
agentsight,b5bc34dabe6a,docs,d50035d48d3c67fe,c7b10dcbbbfbd97b,True,1,6965,True
agentsight,b5bc34dabe6a,script,7b5cbffca8f27339,9e5f76e953de0170,True,1,11194,True
agentsight,b5bc34dabe6a,docs,c7b10dcbbbfbd97b,852c6ea5a4cbd5fa,True,3,327826,True
agentsight,b5bc34dabe6a,script,7b25e61727e00692,666431398da1d4f3,True,124,4716180,True
agentsight,b5bc34dabe6a,script,666431398da1d4f3,656de7cf04d78534,True,1,25352,True
agentsight,b5bc34dabe6a,repo-root-files,e5a307351043b122,cdd94a7175458d20,True,215,7738530,True
agentsight,b5bc34dabe6a,docs,1675dd6b4a96877a,41a0e24840a82e25,True,1,42228,True
agentsight,b5bc34dabe6a,repo-root-files,cdd94a7175458d20,79631442f32692d2,True,1,23778,True
agentsight,b5bc34dabe6a,docs,41a0e24840a82e25,339fb03491c1eb45,True,1,248460,True
agentsight,b5bc34dabe6a,script,656de7cf04d78534,f13f3142c4178ebc,True,13,675935,True
agentsight,b5bc34dabe6a,docs,33c8cf119d4dd84a,a2b5f1649e379530,True,2,175741,True
agentsight,b5bc34dabe6a,script,6106bdc288ac0275,f99d5acdda9e4e84,True,3,117208,True
agentsight,b5bc34dabe6a,docs,17d260b198203eb6,30c2ad2c17a70c28,True,3,168532,True
agentsight,b5bc34dabe6a,script,db56632de4e28ceb,4e00a4f8c1edb9f0,True,1,108193,True
agentsight,b5bc34dabe6a,docs,30c2ad2c17a70c28,a696293296033a2c,True,1,8814,True
agentsight,b5bc34dabe6a,script,4e00a4f8c1edb9f0,1d1a55054898cdb6,True,2,53483,True
agentsight,b5bc34dabe6a,docs,8e79ceb5de755d33,9aaceaa9a8d039a6,True,1,70249,True
agentsight,b5bc34dabe6a,script,1d1a55054898cdb6,46b079550423f7d1,True,2,77835,True
agentsight,b5bc34dabe6a,docs,ee691cd3e2335d57,c100ce1ed2ee4cde,True,1,50123,True
agentsight,b5bc34dabe6a,script,46b079550423f7d1,fa0ec06478ad4cda,True,3,90219,True
agentsight,b5bc34dabe6a,docs,c57ea41ef0f58a9b,e3c787c153b3d33e,True,5,136095,True
agentsight,b5bc34dabe6a,.agentsight,704bf255d027dc38,4e784c5f79f2ba17,True,181,6560537,True
agentsight,b5bc34dabe6a,.agentsight,4e784c5f79f2ba17,3ee4b097f9f9c9df,True,1,17999,True
agentsight,b5bc34dabe6a,script,4c88b787f085b159,a5250cac90c5dc01,True,8,249401,True
agentsight,b5bc34dabe6a,docs,4b7a40f41331809c,edccc1bce3546ae8,True,3,100006,True
agentsight,b5bc34dabe6a,.agentsight,3ee4b097f9f9c9df,b30635f56937ed74,True,4,153852,True
agentsight,b5bc34dabe6a,docs,5e0c39440de284ec,821d7c81214b7a69,True,1,131334,True
agentsight,b5bc34dabe6a,script,6b5f638df5bc3b49,f2861f3cc18ae001,True,5,237444,True
agentsight,b5bc34dabe6a,docs,9cb37e7a4008feb1,dd551f95b3699ba9,True,5,76256,True
agentsight,b5bc34dabe6a,.agentsight,b30635f56937ed74,ed068fb151c58ced,True,14,550016,True
agentsight,b5bc34dabe6a,script,551ea1631222fa99,59b8a75ae079e9d1,True,8,443973,True
agentsight,b5bc34dabe6a,repo-root-files,79631442f32692d2,3127c1caf098b69d,True,57,1907268,True
agentsight,b5bc34dabe6a,docs,3330d270a6dbeae3,f3eaa61ca3894530,True,3,88698,True
agentsight,b5bc34dabe6a,.agentsight,ed068fb151c58ced,79dd235d831e79ad,True,23,707136,True
agentsight,b5bc34dabe6a,docs,2477f011f2c1223f,e413a62a62624478,True,1,41868,True
agentsight,b5bc34dabe6a,.agentsight,79dd235d831e79ad,ef0e807f7e6cc4ff,True,29,1619400,True
agentsight,b5bc34dabe6a,docs,b5a31459b077617d,594dd4244e589703,True,1,134234,True
agentsight,b5bc34dabe6a,script,59b8a75ae079e9d1,869a04378c9bbf35,True,55,2416851,True
agentsight,b5bc34dabe6a,docs,b700e641b0bc7a69,4033769718109f34,True,1,48733,True
agentsight,b5bc34dabe6a,script,869a04378c9bbf35,f301c6426b37fa85,True,45,9161778,True
agentsight,b5bc34dabe6a,docs,4039b2e1c22e1fe0,2b960dd6ebe81a75,True,1,20250,True
agentsight,b5bc34dabe6a,agentpprof,7b5cbffca8f27339,111bcdd6f15732f2,True,301,19091498,True
agentsight,b5bc34dabe6a,docs,a2d534400420ca41,eef44b43473b78c3,True,1,541924,True
agentsight,b5bc34dabe6a,agentpprof,111bcdd6f15732f2,c3dac5925dbe959d,True,1,81187,True
agentsight,b5bc34dabe6a,docs,eef44b43473b78c3,dd694b4ba3f8ce9e,True,2,28653,True
agentsight,b5bc34dabe6a,repo-root-files,3127c1caf098b69d,d6e2895aa699a14f,True,111,12445159,True
agentsight,b5bc34dabe6a,docs,a0dcc1e3da9a58b1,3bbe45c1a2d34dbe,True,1,23287,True
agentsight,b5bc34dabe6a,script,f301c6426b37fa85,e87d270f606f587f,True,16,921677,True
agentsight,b5bc34dabe6a,docs,ac4f3254be5b148c,09eca367cde21ee0,True,1,6215,True
agentsight,b5bc34dabe6a,script,e87d270f606f587f,c0cdf4d98d12e519,True,2,59059,True
agentsight,b5bc34dabe6a,docs,b693f505e239497e,cdf4cba28116d75a,True,3,66143,True
agentsight,b5bc34dabe6a,script,966f114f88f39dc0,8ae5ddc1fb25cf41,True,1,57744,True
agentsight,b5bc34dabe6a,docs,8ae5ddc1fb25cf41,66fc01ea50de1ffd,True,2,102194,True
agentsight,b5bc34dabe6a,script,b4101b6463569745,071bc8f5b8ae2d32,True,2,160245,True
agentsight,b5bc34dabe6a,agentpprof,ebdf9e68e6fbb608,0a6a606f8d8f9ce8,True,25,646498,True
agentsight,b5bc34dabe6a,docs,7ef88438511edc16,f17b9ec01eed3b8c,True,2,112586,True
agentsight,b5bc34dabe6a,agentpprof,0a6a606f8d8f9ce8,df987d208e35b581,True,2,216374,True
agentsight,b5bc34dabe6a,docs,ddc1e9dabe82f347,4d5bc395aab3024f,True,1,37938,True
agentsight,b5bc34dabe6a,agentpprof,df987d208e35b581,c9e3b12f5a9b6cee,True,1,21298,True
agentsight,b5bc34dabe6a,script,de2d5882cbe9d47a,d93cc296393c5bf1,True,6,255861,True
agentsight,b5bc34dabe6a,agentpprof,c9e3b12f5a9b6cee,7c9274b17b9d8976,True,1,11680,True
agentsight,b5bc34dabe6a,docs,4d5bc395aab3024f,8c5f370d60cd1e2c,True,4,100345,True
agentsight,b5bc34dabe6a,script,7c9274b17b9d8976,d7bbe24623f5a2c8,True,2,109427,True
agentsight,b5bc34dabe6a,docs,8c5f370d60cd1e2c,ff977f3dbe0eebc4,True,1,141959,True
agentsight,b5bc34dabe6a,.agentsight,594dd4244e589703,fa24b04f27dab8d7,True,92,11033656,True
agentsight,b5bc34dabe6a,agentpprof,048587ae4b136f13,fa24b04f27dab8d7,True,4,239753,True
agentsight,b5bc34dabe6a,docs,82d3689ae3187cf9,0d354f231230c984,True,1,39946,True
agentsight,b5bc34dabe6a,agentpprof,fa24b04f27dab8d7,776eaacecfdb5140,True,1,19786,True
agentsight,b5bc34dabe6a,script,d7bbe24623f5a2c8,e88c7ad7526e2ff6,True,5,170464,True
agentsight,b5bc34dabe6a,docs,0d354f231230c984,d0398e387fc3d23a,True,4,97926,True
agentsight,b5bc34dabe6a,agentpprof,776eaacecfdb5140,2bddb2865e5bcdb5,True,4,116255,True
agentsight,b5bc34dabe6a,docs,d0398e387fc3d23a,716193a978d5e433,True,1,60729,True
agentsight,b5bc34dabe6a,agentpprof,2bddb2865e5bcdb5,133be13a49f9ed71,True,1,63855,True
agentsight,b5bc34dabe6a,docs,716193a978d5e433,3f11ed16cc09a43e,True,1,37377,True
agentsight,b5bc34dabe6a,.agentsight,fa24b04f27dab8d7,28f1e786cd8d19a3,True,10,223406,True
agentsight,b5bc34dabe6a,script,1a6bc70f93ead032,28f1e786cd8d19a3,True,5,171050,True
agentsight,b5bc34dabe6a,agentpprof,133be13a49f9ed71,663b2a38dbce70b9,True,2,32018,True
agentsight,b5bc34dabe6a,docs,28f1e786cd8d19a3,6b30ec4eabecdec5,True,1,16746,True
agentsight,b5bc34dabe6a,agentpprof,663b2a38dbce70b9,8f262e9ee1ade55e,True,1,49624,True
agentsight,b5bc34dabe6a,script,663b2a38dbce70b9,31f29543681e9c2b,True,2,72528,True
agentsight,b5bc34dabe6a,docs,6b30ec4eabecdec5,d2751c0c56f40e3f,True,2,83537,True
agentsight,b5bc34dabe6a,agentpprof,8f262e9ee1ade55e,e05056bcfd178086,True,3,89466,True
agentsight,b5bc34dabe6a,script,31f29543681e9c2b,aa26f3dbdd0d4863,True,13,299296,True
agentsight,b5bc34dabe6a,docs,d73e36ac5c7814d1,fd3d609fb39f5579,True,12,378872,True
agentsight,b5bc34dabe6a,agentpprof,1830f56a92c10765,d8ac9261a31c2284,True,4,298649,True
agentsight,b5bc34dabe6a,script,fd3d609fb39f5579,18019fceb1d4a194,True,3,149626,True
agentsight,b5bc34dabe6a,agentpprof,d8ac9261a31c2284,e4ac3ec262654cf2,True,2,11820,True
agentsight,b5bc34dabe6a,docs,4d8d6368d2cdafd3,6f118be5048a1a86,True,5,21970,True
agentsight,b5bc34dabe6a,agentpprof,e4ac3ec262654cf2,fec03e2c7ef2608e,True,2,7318,True
agentsight,b5bc34dabe6a,.agentsight,28f1e786cd8d19a3,03e91384a473bbb3,True,28,681070,True
agentsight,b5bc34dabe6a,agentpprof,fec03e2c7ef2608e,2b17ee1b880a7d9e,True,1,8217,True
agentsight,b5bc34dabe6a,docs,6f118be5048a1a86,2b17ee1b880a7d9e,True,2,8377,True
agentsight,b5bc34dabe6a,.agentsight,03e91384a473bbb3,d88e8755ed652f0e,True,1,18812,True
agentsight,b5bc34dabe6a,agentpprof,2b17ee1b880a7d9e,36623e8a2cf32c0e,True,1,19062,True
agentsight,b5bc34dabe6a,docs,d88e8755ed652f0e,9bdb9acc6cee12cd,True,1,4658,True
agentsight,b5bc34dabe6a,agentpprof,36623e8a2cf32c0e,b83736bbbfd5bb3f,True,1,16402,True
agentsight,b5bc34dabe6a,script,6aeb70206b064159,b83736bbbfd5bb3f,True,7,49292,True
agentsight,b5bc34dabe6a,docs,9bdb9acc6cee12cd,06ca1d549b237a35,True,2,58787,True
agentsight,b5bc34dabe6a,agentpprof,b83736bbbfd5bb3f,74b5b3d54158c5a8,True,3,69163,True
agentsight,b5bc34dabe6a,docs,2c0f9bc06b30019c,28ff1e080e4094b1,True,1,26211,True
agentsight,b5bc34dabe6a,agentpprof,74b5b3d54158c5a8,6b27da33a5f166ca,True,1,13181,True
agentsight,b5bc34dabe6a,docs,28ff1e080e4094b1,7be476574ea95105,True,1,17454,True
agentsight,b5bc34dabe6a,agentpprof,6b27da33a5f166ca,b4c361b447b6d775,True,1,28849,True
agentsight,b5bc34dabe6a,.agentsight,d88e8755ed652f0e,3ae617c2ddb22460,True,12,142696,True
agentsight,b5bc34dabe6a,docs,7be476574ea95105,0ac60d454a81ae3f,True,3,32811,True
agentsight,b5bc34dabe6a,script,23107c7bf189e4c5,b4054433e7d9da4e,True,10,117063,True
agentsight,b5bc34dabe6a,agentpprof,71a072209c6e2490,8031b702c48f11a0,True,4,46412,True
agentsight,b5bc34dabe6a,.agentsight,3ae617c2ddb22460,7f51340fde58ce56,True,4,49529,True
agentsight,b5bc34dabe6a,script,0041023366ccf19c,030c0c79200535e0,True,2,69372,True
agentsight,b5bc34dabe6a,docs,0ac60d454a81ae3f,16cc7c0d7c2c863d,True,5,90065,True
agentsight,b5bc34dabe6a,docs,16cc7c0d7c2c863d,4b1067c45ea0bc3a,True,2,41454,True
agentsight,b5bc34dabe6a,agentpprof,8031b702c48f11a0,53660a9dd49f86a7,True,6,142892,True
agentsight,b5bc34dabe6a,docs,4b1067c45ea0bc3a,a162fdb85bc1d7ad,True,2,82354,True
agentsight,b5bc34dabe6a,agentpprof,53660a9dd49f86a7,c6b512af9081484d,True,2,47966,True
agentsight,b5bc34dabe6a,script,2f9791c5c651e7c8,c6b512af9081484d,True,1,34240,True
agentsight,b5bc34dabe6a,script,c6b512af9081484d,49b194e80c71dfc1,True,1,24183,True
agentsight,b5bc34dabe6a,docs,c6b512af9081484d,236644f8b3ce280b,True,3,128796,True
agentsight,b5bc34dabe6a,agentpprof,49b194e80c71dfc1,678f1299bca25c3c,True,13,804517,True
agentsight,b5bc34dabe6a,docs,0f5d4b30ef1203f2,80bb52342a8d9acb,True,1,170930,True
agentsight,b5bc34dabe6a,.agentsight,7f51340fde58ce56,ff2a5c515fa2be74,True,30,1206733,True
agentsight,b5bc34dabe6a,docs,f0e0e79bd7558b27,65087693be37a690,True,1,23674,True
agentsight,b5bc34dabe6a,script,79102affa929ef91,77c9ff7dbd7ade2c,True,45,1575355,True
agentsight,b5bc34dabe6a,docs,241cbecab0bac248,bb019edeae95ea64,True,2,22676,True
agentsight,b5bc34dabe6a,script,e0fb47ec0c828a91,bc095bb4b18efc59,True,2,30528,True
agentsight,b5bc34dabe6a,agentpprof,678f1299bca25c3c,16de4e280cb2a51c,True,37,831663,True
agentsight,b5bc34dabe6a,docs,4c4f6a069e09b6da,059f669fe4cd2e0b,True,2,30905,True
agentsight,b5bc34dabe6a,agentpprof,16de4e280cb2a51c,4482c622cd614234,True,2,28908,True
agentsight,b5bc34dabe6a,script,16de4e280cb2a51c,4482c622cd614234,True,2,28908,True
agentsight,b5bc34dabe6a,docs,3ca3989e9cf25689,7ef8da6f437c869f,True,1,8375,True
agentsight,b5bc34dabe6a,script,4482c622cd614234,3824e6733d6a83a7,True,1,19755,True
agentsight,b5bc34dabe6a,docs,7ef8da6f437c869f,6578e70a6ecb6e25,True,1,21622,True
agentsight,b5bc34dabe6a,repo-root-files,d6e2895aa699a14f,cce0b47cd50c51b9,True,164,3974119,True
agentsight,b5bc34dabe6a,docs,b6b10e1ebcaa1da5,92bf0784ff4d5482,True,1,254082,True
agentsight,b5bc34dabe6a,.agentsight,ff2a5c515fa2be74,872da2dead4eff82,True,45,1061659,True
agentsight,b5bc34dabe6a,agentpprof,4482c622cd614234,d9bc7f238493a0c7,True,12,431379,True
agentsight,b5bc34dabe6a,docs,158b6ef85385a7b1,83ef5e0141a707a1,True,3,179898,True
agentsight,b5bc34dabe6a,script,3824e6733d6a83a7,c3ec65e4761f62c5,True,16,762226,True
agentsight,b5bc34dabe6a,.agentsight,58db5813deb5c051,d9d5828a30f925b2,True,7,403588,True
agentsight,b5bc34dabe6a,docs,c3ec65e4761f62c5,4986d0e971decf61,True,1,95421,True
agentsight,b5bc34dabe6a,script,c3ec65e4761f62c5,e31af67bc43d9731,True,2,116420,True
agentsight,b5bc34dabe6a,docs,4986d0e971decf61,00e33d99774fb797,True,1,33224,True
agentsight,b5bc34dabe6a,script,e31af67bc43d9731,e2cf3fd666cff859,True,4,38417,True
agentsight,b5bc34dabe6a,agentpprof,d9bc7f238493a0c7,6059313bf827653e,True,15,516083,True
agentsight,b5bc34dabe6a,script,6059313bf827653e,7aa5cb2d34a9c22f,True,1,104326,True
agentsight,b5bc34dabe6a,docs,e2cf3fd666cff859,5f2827d9d982d73a,True,4,175150,True
agentsight,b5bc34dabe6a,script,7aa5cb2d34a9c22f,e6b4aeaaca94a99c,True,4,83052,True
agentsight,b5bc34dabe6a,docs,8f7dcc0a368fe313,3dd8463985933dd6,True,2,81771,True
agentsight,b5bc34dabe6a,script,8fe79e80f4667a27,6467c3786eaaf4b5,True,3,165821,True
agentsight,b5bc34dabe6a,docs,7034524e7d8901e7,f95c21aa08531ccb,True,4,223966,True
agentsight,b5bc34dabe6a,script,1800b9347f5d2bc3,c0b960c53cdea67b,True,3,154588,True
agentsight,b5bc34dabe6a,docs,86b3f91998ca3a22,903e6d4f7f3663d8,True,1,7436,True
agentsight,b5bc34dabe6a,.agentsight,d9d5828a30f925b2,ff6fa104d8a6034a,True,30,795000,True
agentsight,b5bc34dabe6a,script,c0b960c53cdea67b,3972c79493249aa6,True,3,25843,True
agentsight,b5bc34dabe6a,docs,683d3325b31df163,cdb15037fc3ee7eb,True,2,23720,True
agentsight,b5bc34dabe6a,.agentsight,ff6fa104d8a6034a,8be3546777967989,True,4,97574,True
agentsight,b5bc34dabe6a,docs,cdb15037fc3ee7eb,8be3546777967989,True,2,83095,True
agentsight,b5bc34dabe6a,.agentsight,8be3546777967989,3d73095344ed1d1f,True,1,229933,True
agentsight,b5bc34dabe6a,script,d5065aadf0a05b0e,af322ce1fb97442b,True,3,331276,True
agentsight,b5bc34dabe6a,docs,f4b08d0edf90b0c7,3e6fd7e7e827ad5d,True,5,230730,True
agentsight,b5bc34dabe6a,repo-root-files,cce0b47cd50c51b9,9e30aed6c82b4a30,True,81,2868606,True
agentsight,b5bc34dabe6a,.agentsight,3d73095344ed1d1f,ffe107514eec22ad,True,30,1116240,True
agentsight,b5bc34dabe6a,docs,ec98c1811ef2ad1a,3f2e39f9ea6e5870,True,3,150968,True
agentsight,b5bc34dabe6a,script,4600c347af9fefb7,17a12ce233fce94e,True,50,2045509,True
agentsight,b5bc34dabe6a,docs,00a90e504675face,924978e7ffe038fc,True,4,309817,True
agentsight,b5bc34dabe6a,script,c90ad43293194dc9,11afb4863d87875d,True,6,417641,True
agentsight,b5bc34dabe6a,docs,6c9e268e7365772f,32a3c63463850812,True,1,147946,True
agentsight,b5bc34dabe6a,script,11afb4863d87875d,7b9b223bb86c3907,True,10,613468,True
agentsight,b5bc34dabe6a,docs,69339ac176031d21,91aecd54005c5cf0,True,1,257882,True
agentsight,b5bc34dabe6a,.agentsight,ffe107514eec22ad,172ef12a60abf2d8,True,50,2821071,True
agentsight,b5bc34dabe6a,.agentsight,172ef12a60abf2d8,396bcd73f29cedb9,True,1,9492,True
agentsight,b5bc34dabe6a,script,7b9b223bb86c3907,27da3fe33c55cfd6,True,8,757252,True
agentsight,b5bc34dabe6a,.agentsight,27da3fe33c55cfd6,c0637ec8ca0e0622,True,1,7833,True
agentsight,b5bc34dabe6a,docs,921cb7cd4c89af41,600fe4debfa31073,True,4,27547,True
agentsight,b5bc34dabe6a,script,0083537276d950cb,79fa1cc0dbcbf4e4,True,2,34085,True
agentsight,b5bc34dabe6a,.agentsight,c0637ec8ca0e0622,28d68585a6ed2a74,True,3,43434,True
agentsight,b5bc34dabe6a,docs,600fe4debfa31073,28bfb1969ca6d539,True,4,55470,True
agentsight,b5bc34dabe6a,script,bc1c5e994c6aeee9,3d768237ee45e952,True,4,34884,True
agentsight,b5bc34dabe6a,docs,1adcd11e250f8c80,c73866e1d392a755,True,4,37332,True
agentsight,b5bc34dabe6a,script,aeed096c8dec2ed3,10884577f80de45e,True,2,28433,True
agentsight,b5bc34dabe6a,docs,38e4bc8fb861120b,84ee0b3e3a8e5f14,True,1,5813,True
agentsight,b5bc34dabe6a,script,10884577f80de45e,1f16e930edde073a,True,1,135176,True
agentsight,b5bc34dabe6a,docs,84ee0b3e3a8e5f14,973878d9709f840c,True,2,239610,True
agentsight,b5bc34dabe6a,script,dcf89dac9583c1ea,7a405510e02839c5,True,47,1033693,True
agentsight,b5bc34dabe6a,.agentsight,a3c626a83f5b7333,ec8a893a382cda7f,True,62,1252570,True
agentsight,b5bc34dabe6a,docs,ba2ae7118e227829,8cd8544b28a25d12,True,4,100407,True
agentsight,b5bc34dabe6a,script,eb773302bca00b02,cc620f9b941e8039,True,5,125714,True
agentsight,b5bc34dabe6a,docs,e9a58c2fafa7d43b,46729728c88226c0,True,4,65897,True
agentsight,b5bc34dabe6a,script,26c2418776c1d164,0201c1a19bfd45b4,True,2,118487,True
agentsight,b5bc34dabe6a,docs,db479e143802eb2c,242a913b1a9bb434,True,1,115877,True
agentsight,b5bc34dabe6a,script,0201c1a19bfd45b4,1aba0c2a390f6f93,True,7,285179,True
agentsight,b5bc34dabe6a,.agentsight,ec8a893a382cda7f,67bd41c4fec66e88,True,20,544568,True
agentsight,b5bc34dabe6a,docs,8fe35723c2e1f973,fab25047ef0952ed,True,3,39755,True
agentsight,b5bc34dabe6a,script,364ba6956da1f0a1,ac7b94210edd760c,True,6,22160100,True
agentsight,b5bc34dabe6a,.agentsight,67bd41c4fec66e88,a60f61d537b2f644,True,6,22157099,True
agentsight,b5bc34dabe6a,docs,6fc1aaab65e405c3,72a508cde884c6db,True,2,57708,True
agentsight,b5bc34dabe6a,repo-root-files,5d7d26ab1d69b3ea,13cf8361fb0a7361,True,159,27291365,True
agentsight,b5bc34dabe6a,docs,2404895c60066689,5bfe53f68bcd7ed7,True,1,132548,True
agentsight,b5bc34dabe6a,agentpprof,97088e789bade29b,6070ec25bc6e723e,True,222,29649736,True
agentsight,b5bc34dabe6a,docs,76d75e2a0452abbb,257627cb86e1c2b7,True,1,20345,True
agentsight,b5bc34dabe6a,script,72a508cde884c6db,257627cb86e1c2b7,True,11,692019,True
agentsight,b5bc34dabe6a,docs,257627cb86e1c2b7,9d4e0551841e4cec,True,4,464489,True
agentsight,b5bc34dabe6a,script,fdd11bb08d71d682,9df92676d74aeb99,True,7,255437,True
agentsight,b5bc34dabe6a,agentpprof,6070ec25bc6e723e,b51dfd9e7bbdf565,True,14,667116,False
agentsight,b5bc34dabe6a,docs,db03641b1a9d5cf3,b51dfd9e7bbdf565,True,2,115544,False
agentsight,b5bc34dabe6a,agentpprof,b51dfd9e7bbdf565,87c9ff6f87f5a0af,True,1,12815,True
agentsight,b5bc34dabe6a,docs,a210ddb50c65cab6,5e3ee0a1af5dc1b5,True,1,51101,True
agentsight,b5bc34dabe6a,script,b11ea2c49f0da51e,56e78feca5c08fb1,True,11,621883,True
agentsight,b5bc34dabe6a,docs,ecba717944c549ae,2cac00bfa1eb6a8c,True,1,405985,True
agentsight,b5bc34dabe6a,docs,2cac00bfa1eb6a8c,8f43d2890a5f2360,True,1,47987,True
agentsight,b5bc34dabe6a,script,fc6cb2e253d1ab21,641a222f3fbbe097,True,1,26610,True
agentsight,b5bc34dabe6a,agentpprof,5e3ee0a1af5dc1b5,fff49c788b4d0321,True,15,801679,False
agentsight,b5bc34dabe6a,script,bfc6444b7ce486c2,60693fd47b654a70,True,1,83570,True
agentsight,b5bc34dabe6a,docs,8f43d2890a5f2360,518e6de3700c1d31,True,9,249208,True
agentsight,b5bc34dabe6a,.agentsight,a60f61d537b2f644,6bcfca37abbc8b0e,True,52,2432606,True
agentsight,b5bc34dabe6a,script,64085fd8c850d979,783ee3d27ee77d95,True,1,30144,True
agentsight,b5bc34dabe6a,.agentsight,6bcfca37abbc8b0e,c114ccdf3141a8b1,True,1,70776,True
agentsight,b5bc34dabe6a,script,783ee3d27ee77d95,f8c4af1c09ff8aed,True,1,112516,True
agentsight,b5bc34dabe6a,docs,518e6de3700c1d31,5b814fcce0e1334e,True,7,199377,True
agentsight,b5bc34dabe6a,.agentsight,c114ccdf3141a8b1,c54b0321102a9c19,True,5,133697,True
agentsight,b5bc34dabe6a,docs,21b2772681ba762c,da293685dee8abd6,True,1,35785,True
agentsight,b5bc34dabe6a,script,e83d5f18ad3f3ed8,bda9fa695a6eb153,True,5,118119,True
agentsight,b5bc34dabe6a,.agentsight,c54b0321102a9c19,d245aec14f6bda66,True,5,70162,True
agentsight,b5bc34dabe6a,docs,5cfb71ad3ee96b1c,b95bfa7eb202fcf6,True,6,171259,True
agentsight,b5bc34dabe6a,.agentsight,86651709c09ef735,9496bcea8d2ae091,True,1,123455,True
agentsight,b5bc34dabe6a,docs,b95bfa7eb202fcf6,b09a2aeaccebd427,True,1,54134,True
agentsight,b5bc34dabe6a,agentpprof,fff49c788b4d0321,99400aca04d51bc3,True,26,712517,True
agentsight,b5bc34dabe6a,script,d245aec14f6bda66,b08efb1ee6409fc4,True,7,245949,True
agentsight,b5bc34dabe6a,.agentsight,9496bcea8d2ae091,4323b375511de702,True,4,89401,True
agentsight,b5bc34dabe6a,script,b08efb1ee6409fc4,df343aba2da87ae2,True,1,26262,True
agentsight,b5bc34dabe6a,.agentsight,4323b375511de702,4bf1640a88d06ed1,True,1,31652,True
agentsight,b5bc34dabe6a,docs,b09a2aeaccebd427,8f52e383dba9e130,True,6,379899,True
agentsight,b5bc34dabe6a,agentpprof,230858658e9393ba,59ea7c39e3d2687e,True,5,350406,True
agentsight,b5bc34dabe6a,docs,8f52e383dba9e130,2eafe39e4f287fa7,True,5,256783,True
agentsight,b5bc34dabe6a,agentpprof,38851c547281311c,9d50c517895cf5c7,True,3,100807,True
agentsight,b5bc34dabe6a,script,4bf1640a88d06ed1,3d951724b85b2510,True,15,716007,True
agentsight,b5bc34dabe6a,agentpprof,6bc7ecb2e17e5098,d9d93fe088e3ba3e,True,1,122971,True
agentsight,b5bc34dabe6a,docs,37e331f7bb853a3c,d9d93fe088e3ba3e,True,7,226627,True
agentsight,b5bc34dabe6a,docs,d9d93fe088e3ba3e,53bc2938930f165c,True,1,88456,True
agentsight,b5bc34dabe6a,agentpprof,e6d25a0a6da19309,f292e9b8ec14aff8,True,4,179338,True
agentsight,b5bc34dabe6a,docs,bfaff6d2b1f94602,9ff87fa91c791144,True,24,1757094,True
agentsight,b5bc34dabe6a,agentpprof,bbcbd241ae0f02f0,4e6ed8a13b700d1a,True,1,25189,True
agentsight,b5bc34dabe6a,script,3d951724b85b2510,181e69528f13d0dc,True,34,2086884,True
agentsight,b5bc34dabe6a,agentpprof,2fdbc37a508b21cf,c938ad18fba06d40,True,2,111094,True
agentsight,b5bc34dabe6a,docs,9ff87fa91c791144,eba11c83a9b4d4e9,True,10,306475,True
agentsight,b5bc34dabe6a,script,c08c1fe61aa99049,25de802ec52e91d0,True,6,322473,True
agentsight,b5bc34dabe6a,docs,eba11c83a9b4d4e9,045a55c82a8fa904,True,4,264885,True
agentsight,b5bc34dabe6a,script,4222d06d82e067c9,f5eb6bd50b62c8fc,True,1,72111,True
agentsight,b5bc34dabe6a,agentpprof,e098f8ad7a32d5d5,ae8bb117f29cffc0,True,7,294290,True
agentsight,b5bc34dabe6a,script,f5eb6bd50b62c8fc,189bc907f895494f,True,1,24325,True
agentsight,b5bc34dabe6a,.agentsight,4bf1640a88d06ed1,a06ff17c566fdd10,True,66,3328369,True
agentsight,b5bc34dabe6a,docs,045a55c82a8fa904,a06ff17c566fdd10,True,3,36468,True
agentsight,b5bc34dabe6a,.agentsight,a06ff17c566fdd10,b7ab7e13c3aca1e7,True,1,21709,True
agentsight,b5bc34dabe6a,agentpprof,ae8bb117f29cffc0,1aa4749365c63531,True,4,74521,True
agentsight,b5bc34dabe6a,script,189bc907f895494f,029d22f69b45e574,True,4,130981,True
agentsight,b5bc34dabe6a,docs,d2a3e830aa08083a,a58b4368b48f7025,True,4,194433,True
agentsight,b5bc34dabe6a,script,9f7c399d70b1dea4,b1a11015772dc588,True,14,458034,True
agentsight,b5bc34dabe6a,docs,ec72a97f0f146075,cb394d81329e5a01,True,1,25930,True
agentsight,b5bc34dabe6a,agentpprof,1aa4749365c63531,ccfd322ad1f7408a,True,22,711272,True
agentsight,b5bc34dabe6a,docs,794e109b6c7f675e,5de79bd15205c29b,True,1,89540,True
agentsight,b5bc34dabe6a,agentpprof,ccfd322ad1f7408a,74f7c88d8c3b585b,True,12,64396,True
agentsight,b5bc34dabe6a,agentpprof,74f7c88d8c3b585b,d30b53a7d2522e62,True,1,12158,True
agentsight,b5bc34dabe6a,docs,c6b2e55424515d64,19122d3bb345e6da,True,1,18262,True
agentsight,b5bc34dabe6a,.agentsight,b7ab7e13c3aca1e7,404fc644c42504cf,True,44,926250,True
agentsight,b5bc34dabe6a,script,b1a11015772dc588,40f515b50dd32b9e,True,31,503052,True
agentsight,b5bc34dabe6a,docs,e0b026635f5f4f65,24ce88a3b2cc6738,True,1,30499,True
agentsight,b5bc34dabe6a,.agentsight,404fc644c42504cf,0e315183e7a5bb8d,True,31,1476259,True
agentsight,b5bc34dabe6a,script,40f515b50dd32b9e,71b06ab4ae4d3690,True,27,1361823,True
agentsight,b5bc34dabe6a,script,672182832835ba95,f9566d60d612c105,True,7,278251,True
agentsight,b5bc34dabe6a,.agentsight,0e315183e7a5bb8d,293d734fea61b36c,True,11,505884,True
agentsight,b5bc34dabe6a,docs,478d04ca74ccb637,5df67504c51499f0,True,3,163109,True
agentsight,b5bc34dabe6a,script,614af9c59785aaaa,36d1cfff6344d1eb,True,5,291957,True
agentsight,b5bc34dabe6a,docs,b6841eb5e6346c8e,37c22209996656e1,True,5,258370,True
agentsight,b5bc34dabe6a,.agentsight,5df67504c51499f0,ee4a84996f10f769,True,9,542244,True
agentsight,b5bc34dabe6a,script,37c22209996656e1,91d73d5ea6b6d330,True,1,130812,True
agentsight,b5bc34dabe6a,.agentsight,91d73d5ea6b6d330,c6341be9fcee4a8d,True,2,85840,True
agentsight,b5bc34dabe6a,script,7052d60ec7bf0bbb,a01478174a233ab3,True,1,22060,True
agentsight,b5bc34dabe6a,.agentsight,c6341be9fcee4a8d,343947deeb817092,True,1,29227,True
agentsight,b5bc34dabe6a,agentpprof,d30b53a7d2522e62,97504eddfd31cf16,True,67,2797794,True
agentsight,b5bc34dabe6a,docs,ee4a84996f10f769,9b2f3144b23017bb,True,7,171236,True
agentsight,b5bc34dabe6a,script,a01478174a233ab3,9b2f3144b23017bb,True,2,71721,True
agentsight,b5bc34dabe6a,.agentsight,343947deeb817092,053e61e6772d0765,True,2,72112,True
agentsight,b5bc34dabe6a,script,9b2f3144b23017bb,44de325372e8d4f9,True,1,34989,True
agentsight,b5bc34dabe6a,docs,9b2f3144b23017bb,52babcca0edc69c6,True,2,79578,True
agentsight,b5bc34dabe6a,script,44de325372e8d4f9,8180403b518cd046,True,1,51842,True
agentsight,b5bc34dabe6a,repo-root-files,13cf8361fb0a7361,54d8a92b51f42265,True,253,9706594,True
agentsight,b5bc34dabe6a,docs,52babcca0edc69c6,fb57c8d91ab34243,True,3,65213,True
agentsight,b5bc34dabe6a,.agentsight,053e61e6772d0765,6de33442f92a145e,True,7,153269,True
agentsight,b5bc34dabe6a,agentpprof,97504eddfd31cf16,6de33442f92a145e,True,9,194034,True
agentsight,b5bc34dabe6a,script,4e0664c82105ce20,cb845ac5ebbc2199,True,5,489060,True
agentsight,b5bc34dabe6a,docs,ba10d4f34706f706,212ba68fb31b00a5,True,1,531739,True
agentsight,b5bc34dabe6a,.agentsight,6de33442f92a145e,3211f56ee456f64a,True,9,667679,True
agentsight,b5bc34dabe6a,docs,eae4edac97742de8,9012720e43bd60c1,True,1,25560,True
agentsight,b5bc34dabe6a,.agentsight,3211f56ee456f64a,1b3c9ad4820fdea5,True,3,37997,True
agentsight,b5bc34dabe6a,script,cb845ac5ebbc2199,f3e89c5ff6f44c1e,True,13,351216,True
agentsight,b5bc34dabe6a,agentpprof,6de33442f92a145e,946cf96c60f490b7,True,17,827111,True
agentsight,b5bc34dabe6a,docs,e8d65406cacbbff2,693e7e7bf7306bd9,True,5,295433,True
agentsight,b5bc34dabe6a,script,bec6234d4d6f4710,f5143ab963e5f796,True,4,383158,True
agentsight,b5bc34dabe6a,docs,c310b757519e7e5d,2494d9edb8f3a443,True,1,186412,True
agentsight,b5bc34dabe6a,script,f5143ab963e5f796,5e8b6f4706d34e76,True,1,83974,True
agentsight,b5bc34dabe6a,docs,2494d9edb8f3a443,22cfc0c91912586f,True,1,16587,True
agentsight,b5bc34dabe6a,agentpprof,946cf96c60f490b7,bd6b4250abd74b4f,True,7,462223,True
agentsight,b5bc34dabe6a,script,5e8b6f4706d34e76,bd6b4250abd74b4f,True,1,53492,True
agentsight,b5bc34dabe6a,docs,22cfc0c91912586f,4e893658f5ac57fe,True,1,177850,True
agentsight,b5bc34dabe6a,agentpprof,bd6b4250abd74b4f,12b6f9b7030f5df5,True,3,230713,True
agentsight,b5bc34dabe6a,script,bd6b4250abd74b4f,12b6f9b7030f5df5,True,3,230713,True
agentsight,b5bc34dabe6a,agentpprof,f14a570132ea416b,3e46e43d1b36b4ff,True,4,104079,True
agentsight,b5bc34dabe6a,script,f170c5bf055dec2c,57ee80ff6863d18c,True,13,171563,True
agentsight,b5bc34dabe6a,docs,b0d0051192acab39,d168176a0ab02bb4,True,22,343446,True
agentsight,b5bc34dabe6a,agentpprof,394ac2c90a0e06c0,f7f26ae9a4e79581,True,4,78044,True
agentsight,b5bc34dabe6a,script,f0b4e228927b2ac1,bc6ce7ba27262c24,True,4,68619,True
agentsight,b5bc34dabe6a,docs,9df5b866901ad544,10f07fbc61f00f12,True,9,304073,True
agentsight,b5bc34dabe6a,.agentsight,1007e4bbe20ccc56,e6ee3ba53552496a,True,48,1517014,True
agentsight,b5bc34dabe6a,docs,10f07fbc61f00f12,6191f7d54f5424f1,True,1,103585,True
agentsight,b5bc34dabe6a,script,528bc0f93c435a0d,d87e544231d54b9c,True,3,202209,True
agentsight,b5bc34dabe6a,.agentsight,e6ee3ba53552496a,b75df1a929cf613d,True,6,46823,True
agentsight,b5bc34dabe6a,script,f23a6ec1e6f86c1d,aea5225d1d06413a,True,1,84337,True
agentsight,b5bc34dabe6a,agentpprof,22a31663d4db5ddd,9afee798afc11b36,True,19,749611,True
agentsight,b5bc34dabe6a,script,95cec051275fe897,12db8edbd4f434e0,True,2,315073,True
agentsight,b5bc34dabe6a,docs,6191f7d54f5424f1,de5c4d8de3bb2fe2,True,14,698875,True
agentsight,b5bc34dabe6a,agentpprof,59684af0691f5fae,92d8758db4abea1a,True,14,524267,True
agentsight,b5bc34dabe6a,docs,88f1879654dc0338,9c5561e2ef9f0355,True,1,22894,True
agentsight,b5bc34dabe6a,.agentsight,b75df1a929cf613d,3d02d7e8cd736342,True,25,998083,True
agentsight,b5bc34dabe6a,docs,78a4a279938a72be,5accb2b2235cf38c,True,1,109584,True
agentsight,b5bc34dabe6a,.agentsight,3d02d7e8cd736342,7e8a3105927ec423,True,3,233287,True
agentsight,b5bc34dabe6a,docs,a1c9d510a8c89c2f,b1df37df4066f1fc,True,1,125533,True
agentsight,b5bc34dabe6a,agentpprof,92d8758db4abea1a,e251ac86ff96c24e,True,15,540067,True
agentsight,b5bc34dabe6a,script,af790da8c545b8c7,e251ac86ff96c24e,True,27,937520,True
agentsight,b5bc34dabe6a,docs,1fb2d8246b793c42,e4f8f4499d46c794,True,1,118538,True
agentsight,b5bc34dabe6a,script,e251ac86ff96c24e,cc9f40326330e39d,True,4,225828,True
agentsight,b5bc34dabe6a,agentpprof,e251ac86ff96c24e,3316ebcaec5570ae,True,6,257768,True
agentsight,b5bc34dabe6a,script,3316ebcaec5570ae,3ab4efa5d25ab320,True,1,57870,True
agentsight,b5bc34dabe6a,agentpprof,5a20be8a17620d5a,6f767214121ec6c1,True,7,150385,True
agentsight,b5bc34dabe6a,docs,b14135f2e97d4adf,63d86aaf24de21ed,True,19,420902,True
agentsight,b5bc34dabe6a,script,ad3e83f0623c8696,f145a057b477d2c5,True,9,219164,True
agentsight,b5bc34dabe6a,docs,63d86aaf24de21ed,682813448bfc1521,True,8,176206,True
agentsight,b5bc34dabe6a,.agentsight,7e8a3105927ec423,e5055b204f2202d6,True,40,1184496,True
agentsight,b5bc34dabe6a,docs,4de2772990612c7f,587bffd2e1496407,True,1,319153,True
agentsight,b5bc34dabe6a,agentpprof,8f2ab814e46e76c4,7d141744b209db20,True,13,605686,True
agentsight,b5bc34dabe6a,script,0b53be8a2084e628,315950992b5e6efd,True,6,466143,True
agentsight,b5bc34dabe6a,docs,587bffd2e1496407,9415b72ac6eafb2f,True,9,218957,True
agentsight,b5bc34dabe6a,agentpprof,c35faafe42c25089,b3a5ea96a706bd04,True,16,684728,True
agentsight,b5bc34dabe6a,script,b1c147a87cba181b,bc7f808e4881a272,True,11,621597,True
agentsight,b5bc34dabe6a,docs,bd5d4f792148416e,b51dd1cdbd71a545,True,6,218360,True
agentsight,b5bc34dabe6a,script,5489ec76f5dc6edf,665bce865b39bfd9,True,1,53348,True
agentsight,b5bc34dabe6a,agentpprof,c12891f520d187c3,0aaaf33d86fcd5c4,True,6,207258,True
agentsight,b5bc34dabe6a,docs,b51dd1cdbd71a545,ce104f55a747e03d,True,3,128522,True
agentsight,b5bc34dabe6a,agentpprof,271444b0ec037b4e,69b35a86ffd87f2e,True,2,203594,True
agentsight,b5bc34dabe6a,script,271444b0ec037b4e,69b35a86ffd87f2e,True,2,203594,True
agentsight,b5bc34dabe6a,script,69b35a86ffd87f2e,f5260f387fcc7925,True,2,188018,True
agentsight,b5bc34dabe6a,docs,2e1f5f682edc1c34,bb0214ea32353249,True,5,461733,True
agentsight,b5bc34dabe6a,.agentsight,e5055b204f2202d6,51e9aa297a5dae83,True,38,1808186,True
agentsight,b5bc34dabe6a,docs,7c72f65d870b3963,db4e437dfdc20fb5,True,1,121273,True
agentsight,b5bc34dabe6a,script,fcec02fcd34e57d4,8edc5449f3c1bb96,True,4,292197,True
agentsight,b5bc34dabe6a,docs,db4e437dfdc20fb5,8c44dd2f5673e33f,True,3,134442,True
agentsight,b5bc34dabe6a,.agentsight,db4e437dfdc20fb5,7a3af62fc24dccce,True,5,266023,True
agentsight,b5bc34dabe6a,docs,55ed5f500cac5f93,fc47d6ce46257549,True,1,80738,True
agentsight,b5bc34dabe6a,script,89bff420c662b842,6ac4c85cfd86d3f2,True,38,892886,True
agentsight,b5bc34dabe6a,docs,1400e61905c85865,0f6d13d31b25ad76,True,2,12985,True
agentsight,b5bc34dabe6a,script,5d98b344780a1688,ee6497766b635b65,True,1,5267,True
agentsight,b5bc34dabe6a,docs,0f6d13d31b25ad76,949e587980fd69fb,True,3,57466,True
agentsight,b5bc34dabe6a,.agentsight,7a3af62fc24dccce,37e9eef1de2354cd,True,54,1243739,True
agentsight,b5bc34dabe6a,docs,c35f8ee1fcc94c12,64bcc0ed47f325cf,True,1,47326,True
agentsight,b5bc34dabe6a,script,abd8f5a472f052db,fadf95dc16259199,True,63,2409639,True
agentsight,b5bc34dabe6a,.agentsight,37e9eef1de2354cd,d99f6f273d26af03,True,50,1891396,True
agentsight,b5bc34dabe6a,docs,d89c801f9e4ba80d,f5fe3b0413eb6d34,True,2,34592,True
agentsight,b5bc34dabe6a,.agentsight,d99f6f273d26af03,213169d46cde4cb3,True,1,86146,True
agentsight,b5bc34dabe6a,script,fadf95dc16259199,213169d46cde4cb3,True,2,94029,True
agentsight,b5bc34dabe6a,docs,f5fe3b0413eb6d34,37f8268ae7df6688,True,1,88821,True
agentsight,b5bc34dabe6a,agentpprof,fcec02fcd34e57d4,d347013786cd947b,True,119,4046896,True
agentsight,b5bc34dabe6a,script,213169d46cde4cb3,d347013786cd947b,True,1,313276,True
agentsight,b5bc34dabe6a,agentpprof,d347013786cd947b,d2fc0ab9595efa7b,True,10,153746,True
agentsight,b5bc34dabe6a,script,d347013786cd947b,5b9b9724cef2bd3c,True,12,199405,True
agentsight,b5bc34dabe6a,docs,3b660444de5f1f0f,e842bbaeee05c38b,True,4,77310,True
agentsight,b5bc34dabe6a,.agentsight,213169d46cde4cb3,4c8ca92dce389525,True,17,547412,True
agentsight,b5bc34dabe6a,docs,e842bbaeee05c38b,e1b8f5b01e6b0aa5,True,1,41944,True
agentsight,b5bc34dabe6a,script,597abbf78755faae,af85b7e1bc31dd77,True,9,389726,True
agentsight,b5bc34dabe6a,agentpprof,2a3531f9d0c9faf4,f907625a588b824f,True,12,459239,True
agentsight,b5bc34dabe6a,script,af85b7e1bc31dd77,f1459e98eef64fc5,True,4,87607,True
agentsight,b5bc34dabe6a,agentpprof,06bb75fc7bfb76ea,840ed36d6408dcc3,True,3,110646,True
agentsight,b5bc34dabe6a,script,e26a3c80c73e6007,8286dcc4d243549b,True,4,216596,True
agentsight,b5bc34dabe6a,docs,acbf7f884c72fd5b,093a22d95663d888,True,15,439142,True
agentsight,b5bc34dabe6a,agentpprof,36e0082ba68cb0ea,5ae822cf5470d0bd,True,4,153970,True
agentsight,b5bc34dabe6a,script,d800d1ee84064f82,5ae822cf5470d0bd,True,1,79351,True
agentsight,b5bc34dabe6a,docs,093a22d95663d888,45f6e71ecc03178c,True,3,146513,True
agentsight,b5bc34dabe6a,agentpprof,5ae822cf5470d0bd,ffcbaad930ef61e3,True,5,386175,True
agentsight,b5bc34dabe6a,script,abecc22a7abbc883,ffcbaad930ef61e3,True,3,364614,True
agentsight,b5bc34dabe6a,docs,a291a5a3a7d930b7,c9f438f652269618,True,1,156275,True
agentsight,b5bc34dabe6a,script,ffcbaad930ef61e3,2888701cf8b4ac24,True,1,88270,True
agentsight,b5bc34dabe6a,docs,c9f438f652269618,9015349a31543777,True,4,488655,True
agentsight,b5bc34dabe6a,agentpprof,ffcbaad930ef61e3,8e41eadf854167a5,True,6,529765,True
agentsight,b5bc34dabe6a,script,65d4b7afecb1473b,2641a8d9bc3f83b2,True,3,308839,True
agentsight,b5bc34dabe6a,docs,9015349a31543777,ef10d3594cb07e1e,True,5,198744,True
agentsight,b5bc34dabe6a,agentpprof,58bdf645ed763c96,9457daf0a084eaac,True,11,317136,True
agentsight,b5bc34dabe6a,docs,9457daf0a084eaac,7462d2cba95921d3,True,1,228624,True
agentsight,b5bc34dabe6a,.agentsight,4c8ca92dce389525,ea9873f4556d23fc,True,52,2420989,True
agentsight,b5bc34dabe6a,docs,7462d2cba95921d3,76a42b989734ebde,True,2,410379,True
agentsight,b5bc34dabe6a,.agentsight,09668d7f5aa34de4,caacbde14ca49a24,True,6,334519,True
agentsight,b5bc34dabe6a,docs,4bf141fd12110907,649fef036649c12c,True,2,171881,True
agentsight,b5bc34dabe6a,.agentsight,1d68d8cfebdd6cc4,81f96dcc56368206,True,2,126119,True
agentsight,b5bc34dabe6a,docs,beb355da18828fe2,87b184acb3119d5e,True,1,165581,True
agentsight,b5bc34dabe6a,script,6f40f20d399450b2,9922db652aa01558,True,46,2500514,True
agentsight,b5bc34dabe6a,docs,9922db652aa01558,33a90cb93c03c80a,True,1,60973,True
agentsight,b5bc34dabe6a,agentpprof,3ecc3f3463d48141,15c8188afb7961e1,True,45,2855498,True
agentsight,b5bc34dabe6a,docs,5d3ae57ae1de62b5,bfee0b5cf44bbe15,True,1,120934,True
agentsight,b5bc34dabe6a,agentpprof,15c8188afb7961e1,4709446309be4b3b,True,8,293193,True
agentsight,b5bc34dabe6a,docs,18ca817d3377b1c1,3e618e16d35ba1f0,True,2,36307,True
agentsight,b5bc34dabe6a,.agentsight,81f96dcc56368206,b991b09278de191b,True,49,2459974,True
agentsight,b5bc34dabe6a,script,2ba7e72461ca3a97,21a6e3cf5b4d610a,True,26,1200770,True
agentsight,b5bc34dabe6a,docs,b991b09278de191b,6ca689bf05c9b473,True,1,65921,True
agentsight,b5bc34dabe6a,script,21a6e3cf5b4d610a,d380897ef94c8936,True,10,430190,True
agentsight,b5bc34dabe6a,agentpprof,010785fa16911854,fa7398271c937981,True,20,868389,True
agentsight,b5bc34dabe6a,script,d380897ef94c8936,3b83bea2d791a6d4,True,16,381317,True
agentsight,b5bc34dabe6a,docs,20a9ef3138221585,fc1091d2597ce20a,True,19,457429,True
agentsight,b5bc34dabe6a,agentpprof,a1c3ff439e1478f3,c7d9f9f15305a3f2,True,3,51770,True
agentsight,b5bc34dabe6a,docs,fc1091d2597ce20a,7321519b9619d4d8,True,1,60624,True
agentsight,b5bc34dabe6a,agentpprof,c7d9f9f15305a3f2,a5f67c10a025a76b,True,1,56520,True
agentsight,b5bc34dabe6a,script,fc1091d2597ce20a,d207e3ba4226cf90,True,3,139330,True
agentsight,b5bc34dabe6a,agentpprof,a5f67c10a025a76b,fba1042d56e6d0ff,True,4,400975,True
agentsight,b5bc34dabe6a,agentpprof,fba1042d56e6d0ff,a7743a08ee47adc7,True,2,16465,True
agentsight,b5bc34dabe6a,script,78d9b154563c81d5,633ae24dfdd4d636,True,2,51890,True
agentsight,b5bc34dabe6a,docs,7321519b9619d4d8,b307dda4da0b4c34,True,11,474548,True
agentsight,b5bc34dabe6a,script,633ae24dfdd4d636,e435eb65481b4034,True,1,10050,True
agentsight,b5bc34dabe6a,agentpprof,f3aba8e4e9b49850,5ddf2f498c0855b4,True,3,55756,True
agentsight,b5bc34dabe6a,docs,b307dda4da0b4c34,6493826cd7e8067b,True,2,272671,True
agentsight,b5bc34dabe6a,script,e435eb65481b4034,18ef2b3dc007a32a,True,5,347866,True
agentsight,b5bc34dabe6a,docs,df6fd2477db1d1d6,8dcfc65e509d62f6,True,3,153918,True
agentsight,b5bc34dabe6a,script,33b327ab52c1a37f,40949bee18bbb5b6,True,2,174875,True
agentsight,b5bc34dabe6a,docs,269e6265136259d9,e15474ffb9102f38,True,1,77967,True
agentsight,b5bc34dabe6a,agentpprof,5ddf2f498c0855b4,301455791e36ddb1,True,14,680564,True
agentsight,b5bc34dabe6a,script,40949bee18bbb5b6,b59198078cc0c618,True,10,272448,True
agentsight,b5bc34dabe6a,docs,86e18d190815b3a0,9b2e14e3eb08dc60,True,7,215263,True
agentsight,b5bc34dabe6a,script,b59198078cc0c618,8ae3be4e04aaa829,True,39,1471031,True
agentsight,b5bc34dabe6a,docs,e14a4275a73c5200,25bbc957137d13b1,True,1,33530,True
agentsight,b5bc34dabe6a,agentpprof,620472c52a67e3d6,f141e0b76225863b,True,42,1569324,True
agentsight,b5bc34dabe6a,script,8ae3be4e04aaa829,8369ab37eeeeb45f,True,3,160231,True
agentsight,b5bc34dabe6a,docs,3ce76e6975145066,76ba0025a5e5a61d,True,1,93648,True
agentsight,b5bc34dabe6a,agentpprof,f141e0b76225863b,02e11f819e20740a,True,6,372694,True
agentsight,b5bc34dabe6a,script,8369ab37eeeeb45f,0e444ec878c6dd62,True,6,330328,True
agentsight,b5bc34dabe6a,docs,02e11f819e20740a,78aae086d15d7ace,True,2,109769,True
agentsight,b5bc34dabe6a,script,0e444ec878c6dd62,e22d5205cc809f78,True,1,109317,True
agentsight,b5bc34dabe6a,docs,78aae086d15d7ace,39a328f3efaaec73,True,1,216923,True
agentsight,b5bc34dabe6a,script,e22d5205cc809f78,28232f66319b1f23,True,4,231397,True
agentsight,b5bc34dabe6a,docs,b3c760a91a40f80a,c439e1ce4afbe373,True,1,131223,True
agentsight,b5bc34dabe6a,agentpprof,a10015745dbc2a22,16d49698fd07b3fd,True,20,677622,True
agentsight,b5bc34dabe6a,docs,be83b61687eaa505,eddbdb03ae34d94d,True,10,379526,True
agentsight,b5bc34dabe6a,agentpprof,865bf15c2fff90f4,62cd283c2d6ad36a,True,1,108624,True
agentsight,b5bc34dabe6a,script,28232f66319b1f23,a6b62bef31be6f59,True,34,993786,True
agentsight,b5bc34dabe6a,docs,eddbdb03ae34d94d,4c73a1601441c482,True,13,315486,True
agentsight,b5bc34dabe6a,script,cd57568c799c330d,c8f8a0e9426bbfaf,True,1,56907,True
agentsight,b5bc34dabe6a,docs,4c73a1601441c482,34ea9cce5111586e,True,4,314883,True
agentsight,b5bc34dabe6a,agentpprof,190689a404ffa4ef,69655477531bcd47,True,11,476464,True
agentsight,b5bc34dabe6a,script,0e12b9f81341bea8,7c3a13989da12223,True,5,149766,True
agentsight,b5bc34dabe6a,docs,79d520b230e8de33,2d0f59e3efc1eac5,True,4,263126,True
agentsight,b5bc34dabe6a,script,ceba8af01dec9e43,fdae2de532077157,True,1,220535,True
agentsight,b5bc34dabe6a,docs,2d0f59e3efc1eac5,b6f6203d0044eabb,True,2,18804616,True
agentsight,b5bc34dabe6a,agentpprof,69655477531bcd47,5119d410ec5dccc3,True,10,19066189,True
agentsight,b5bc34dabe6a,script,21307ced97b4ff4b,22cffed316628f87,True,6,18785670,True
agentsight,b5bc34dabe6a,docs,e34cca7e1f7e1914,ce311b90795eed53,True,7,323416,True
agentsight,b5bc34dabe6a,.agentsight,b991b09278de191b,98fe4021734c5247,True,193,25409070,True
agentsight,b5bc34dabe6a,script,c389c842f3766e0b,6bb5879b1fa831fe,True,5,373545,True
agentsight,b5bc34dabe6a,docs,18de18c77ca5d300,b8c788607fd9f8af,True,18,504087,True
agentsight,b5bc34dabe6a,script,0b8fc01666cd9ab9,ff2c26ebcc069af3,True,1,86894,True
agentsight,b5bc34dabe6a,docs,b8c788607fd9f8af,117f3e9fa0a8bf51,True,2,161699,True
agentsight,b5bc34dabe6a,.agentsight,98fe4021734c5247,b316ae371a1eaec8,True,32,4478603,True
agentsight,b5bc34dabe6a,script,e956e625a9ab1b5f,4e002c22f8c0d35d,True,13,3968951,True
agentsight,b5bc34dabe6a,agentpprof,9717079c75c131f2,e09d7e0f2d9bd1a5,True,44,4931415,True
agentsight,b5bc34dabe6a,.agentsight,b316ae371a1eaec8,23ef59964119b2a4,True,2,44869,True
agentsight,b5bc34dabe6a,docs,e55f4f6d5234cd7a,e3f288a49c9391a0,True,4,73044,True
agentsight,b5bc34dabe6a,.agentsight,23ef59964119b2a4,e607bde544c560bd,True,1,18220,True
agentsight,b5bc34dabe6a,docs,e3f288a49c9391a0,ab0ad63f88ce1ddd,True,1,63270,True
agentsight,b5bc34dabe6a,script,e09d7e0f2d9bd1a5,7a25e07e2c57e0fb,True,9,400343,True
agentsight,b5bc34dabe6a,docs,79c9aff0c8cbda95,c74fddc05e46994d,True,1,37535,True
agentsight,b5bc34dabe6a,.agentsight,e607bde544c560bd,a1faaf3680c0f49e,True,41,1310973,True
agentsight,b5bc34dabe6a,script,7a25e07e2c57e0fb,3c635453f3f38aaf,True,36,984105,True
agentsight,b5bc34dabe6a,docs,8c53907b60e2461c,bbfd2e019eeed86f,True,3,125045,True
agentsight,b5bc34dabe6a,agentpprof,e09d7e0f2d9bd1a5,2b69abbe2300d1f7,True,48,1568172,True
agentsight,b5bc34dabe6a,script,3c635453f3f38aaf,0b6f989c46df24f3,True,2,187933,True
agentsight,b5bc34dabe6a,docs,bbfd2e019eeed86f,3e8b45e2215f7d56,True,2,172673,True
agentsight,b5bc34dabe6a,script,0b6f989c46df24f3,1db07a600187b145,True,2,127271,True
agentsight,b5bc34dabe6a,docs,1109f832988587dd,f5a790477d5a6ac2,True,1,73154,True
agentsight,b5bc34dabe6a,script,1db07a600187b145,5832646c092291e9,True,1,66180,True
agentsight,b5bc34dabe6a,docs,f5a790477d5a6ac2,1038050e48069e25,True,2,58207,True
agentsight,b5bc34dabe6a,script,0b17cd9947f9d6c8,55053ad25d5b0d66,True,3,73444,True
agentsight,b5bc34dabe6a,agentpprof,0b6f989c46df24f3,79d268e332bc4f8e,True,13,354393,True
agentsight,b5bc34dabe6a,docs,14aaf60e0a03a430,9354a4806f05b157,True,5,195611,True
agentsight,b5bc34dabe6a,script,79d268e332bc4f8e,f7f7cc8ecfd9161a,True,2,433885,True
agentsight,b5bc34dabe6a,docs,c8d370b5b295b1cb,6d7c68c8b12b5c66,True,2,375419,True
agentsight,b5bc34dabe6a,script,115b62ac2fa5567d,727447fe95490752,True,1,18162,True
agentsight,b5bc34dabe6a,docs,6d7c68c8b12b5c66,ddd9601b5792b01d,True,7,64902,True
agentsight,b5bc34dabe6a,script,9e6a3d2f28b9df78,7ce02e103d695c3e,True,1,153829,True
agentsight,b5bc34dabe6a,docs,ddd9601b5792b01d,9ad1b8be069e4818,True,1,185507,True
agentsight,b5bc34dabe6a,script,7ce02e103d695c3e,de5deac25b484c90,True,2,130221,True
agentsight,b5bc34dabe6a,docs,21aa48009793e181,e3fc1dd838d2bfcf,True,2,112326,True
agentsight,b5bc34dabe6a,script,3423bcff106d46c7,93a487b77923e3cf,True,2,61312,True
agentsight,b5bc34dabe6a,docs,7c4614340a334d80,f67e5fc4b9bdf90d,True,1,65220,True
agentsight,b5bc34dabe6a,script,93a487b77923e3cf,47544f130aa42f43,True,1,115022,True
agentsight,b5bc34dabe6a,docs,f67e5fc4b9bdf90d,b239294ad28dd17e,True,2,112429,True
agentsight,b5bc34dabe6a,script,b239294ad28dd17e,eca2a1fe7288beb8,True,1,1395669,True
agentsight,b5bc34dabe6a,docs,1bfef0a11eb62467,20a69a0cbb8a86a2,True,2,1439562,True
agentsight,b5bc34dabe6a,agentpprof,79d268e332bc4f8e,ae97637fad986eec,True,29,2524955,True
agentsight,b5bc34dabe6a,script,dc404be31fd7c5b6,3eb85229ab24332c,True,2,118274,True
agentsight,b5bc34dabe6a,docs,20a69a0cbb8a86a2,23e3f4d00b60438e,True,6,66449,True
agentsight,b5bc34dabe6a,script,080d5f8e146f48ef,ca9083fa3b49971a,True,1,2727,True
agentsight,b5bc34dabe6a,docs,23e3f4d00b60438e,59e89ad6868d8c74,True,7,34294,True
agentsight,b5bc34dabe6a,.agentsight,b532091108afe2a8,d59cf9c7687d0822,True,65,3193516,True
agentsight,b5bc34dabe6a,docs,e18e91dbfd91e29c,15548af9a659f698,True,1,216202,True
agentsight,b5bc34dabe6a,agentpprof,ae97637fad986eec,ccab8f28ee73391e,True,23,525509,True
agentsight,b5bc34dabe6a,docs,a2d97eda4727574f,b86176fe252b2795,True,2,95797,True
agentsight,b5bc34dabe6a,agentpprof,a21da6501a9ea75d,4f8a07aafff63584,True,1,44781,True
agentsight,b5bc34dabe6a,script,8057fde670a1a985,c3462bdfd2e6de5f,True,25,932048,True
agentsight,b5bc34dabe6a,.agentsight,d59cf9c7687d0822,1ba0c922add4069d,True,21,899177,True
agentsight,b5bc34dabe6a,script,c3462bdfd2e6de5f,5e4697a0eb2f8651,True,1,22872,True
agentsight,b5bc34dabe6a,docs,b86176fe252b2795,edb019cb49cf6c57,True,15,443005,True
agentsight,b5bc34dabe6a,agentpprof,9c1af52065e19a18,ecea649e6217b343,True,4,480825,True
agentsight,b5bc34dabe6a,docs,edb019cb49cf6c57,78eede3ac5403619,True,2,325439,True
agentsight,b5bc34dabe6a,agentpprof,78eede3ac5403619,f71f7923f99db982,True,3,79519,True
agentsight,b5bc34dabe6a,script,5e4697a0eb2f8651,939ec5781c2c36af,True,8,439870,True
agentsight,b5bc34dabe6a,docs,e1ae5fa430469fb1,2497aa082628cfb3,True,2,51127,True
agentsight,b5bc34dabe6a,repo-root-files,54d8a92b51f42265,bdc2de42991b88a6,True,806,52178986,True
agentsight,b5bc34dabe6a,agentpprof,f71f7923f99db982,07471f59a1f9eae6,True,3,167106,True
agentsight,b5bc34dabe6a,docs,2497aa082628cfb3,07471f59a1f9eae6,True,1,130162,True
agentsight,b5bc34dabe6a,docs,07471f59a1f9eae6,c3b05809bf7a42a8,True,4,62815,True
agentsight,b5bc34dabe6a,script,939ec5781c2c36af,dabbf9ac50655415,True,8,227906,True
agentsight,b5bc34dabe6a,docs,c3b05809bf7a42a8,57f7c595244bc434,True,1,34252,True
agentsight,b5bc34dabe6a,agentpprof,954c84274336b891,3a88ac2711f437e4,True,12,306214,True
agentsight,b5bc34dabe6a,script,dabbf9ac50655415,3a88ac2711f437e4,True,10,280913,True
agentsight,b5bc34dabe6a,docs,6e700f4e531c5f18,d3ac89fe77bf0331,True,3,162134,True
agentsight,b5bc34dabe6a,script,3a88ac2711f437e4,b8f6ec29ca323290,True,3,153094,True
agentsight,b5bc34dabe6a,docs,d3ac89fe77bf0331,c874a6001495e0ce,True,1,94266,True
agentsight,b5bc34dabe6a,.agentsight,1ba0c922add4069d,e24a7d2abb9c1276,True,35,1171443,True
agentsight,b5bc34dabe6a,docs,c874a6001495e0ce,87da33370d0981e1,True,1,8544,True
agentsight,b5bc34dabe6a,repo-root-files,bdc2de42991b88a6,5ab3cc12458507b6,True,40,898240,True
agentsight,b5bc34dabe6a,docs,13bbfdedab26ab94,2dd847dc57985dd2,True,1,91408,True
agentsight,b5bc34dabe6a,agentpprof,d3ac89fe77bf0331,b16d542388182772,True,45,800988,True
agentsight,b5bc34dabe6a,docs,c7cd2a150a514202,21319a2c0ca69b2a,True,1,56989,True
agentsight,b5bc34dabe6a,script,b8f6ec29ca323290,7172eee5bfbdec2f,True,57,1366467,True
agentsight,b5bc34dabe6a,.agentsight,e24a7d2abb9c1276,5846adc17edae174,True,56,1392647,True
agentsight,b5bc34dabe6a,docs,7172eee5bfbdec2f,0d8efcb2c1301e44,True,2,222817,True
agentsight,b5bc34dabe6a,script,7172eee5bfbdec2f,0d8efcb2c1301e44,True,2,222817,True
agentsight,b5bc34dabe6a,.agentsight,71965702d0c5ef8d,66f09374e622a9cb,True,1,152492,True
agentsight,b5bc34dabe6a,docs,0d8efcb2c1301e44,f5207663b091f1be,True,1,240743,True
agentsight,b5bc34dabe6a,script,0d8efcb2c1301e44,6542e775a2f6dbb3,True,9,660502,True
agentsight,b5bc34dabe6a,.agentsight,66f09374e622a9cb,0c1ac35ac286b972,True,9,685940,True
agentsight,b5bc34dabe6a,script,6542e775a2f6dbb3,e2de388138ed8a73,True,1,69904,True
agentsight,b5bc34dabe6a,docs,6542e775a2f6dbb3,9d97402f439c1549,True,4,300453,True
agentsight,b5bc34dabe6a,.agentsight,0c1ac35ac286b972,cab0d048d4f2b8cb,True,6,320393,True
agentsight,b5bc34dabe6a,script,ea93da43558afed2,cab0d048d4f2b8cb,True,3,295194,True
agentsight,b5bc34dabe6a,agentpprof,b16d542388182772,744ba170fb9c90b9,True,35,1879520,True
agentsight,b5bc34dabe6a,docs,def83346b4a6d17f,ee76c859c47e4ded,True,3,76551,True
agentsight,b5bc34dabe6a,agentpprof,ee76c859c47e4ded,6eab7b609d28d839,True,2,114046,True
agentsight,b5bc34dabe6a,docs,26a69b6cf3383fa3,6a9a622965d4459c,True,2,246875,True
agentsight,b5bc34dabe6a,agentpprof,4f082d8615b1a66c,699fb547ea0013fe,True,2,521519,True
agentsight,b5bc34dabe6a,agentpprof,699fb547ea0013fe,c260992aa6bcb7e2,True,10,158091,True
agentsight,b5bc34dabe6a,docs,28b53661b90431fc,a86368390f5fa1e0,True,1,65024,True
agentsight,b5bc34dabe6a,agentpprof,a86368390f5fa1e0,97ce8530f2126380,True,8,347661,True
agentsight,b5bc34dabe6a,repo-root-files,5ab3cc12458507b6,d3a4a9b508687282,True,93,3552905,True
agentsight,b5bc34dabe6a,docs,97ce8530f2126380,794900186a7d06e5,True,3,57190,True
agentsight,b5bc34dabe6a,agentpprof,0a92a7f12a31732f,211bdeb0fb5e1ab9,True,6,166207,True
agentsight,b5bc34dabe6a,agentpprof,211bdeb0fb5e1ab9,daef8aa8e4009869,True,2,135443,True
agentsight,b5bc34dabe6a,docs,6d8fe0d0598cc167,07bf2f2aa7e60712,True,18,484449,True
agentsight,b5bc34dabe6a,.agentsight,cab0d048d4f2b8cb,3cb41d7a2bed690c,True,78,10214020,True
agentsight,b5bc34dabe6a,docs,f53c346b8ed0f6e6,af5efe3ef79cbda3,True,2,644161,True
agentsight,b5bc34dabe6a,.agentsight,cc0dae894f022246,5963e44ce61d6098,True,1,343777,True
agentsight,b5bc34dabe6a,agentpprof,5ffac82722d9e3a7,4f4eaa6c5a2916b9,True,25,9069458,True
agentsight,b5bc34dabe6a,docs,af5efe3ef79cbda3,4f4eaa6c5a2916b9,True,1,53374,True
agentsight,b5bc34dabe6a,docs,4f4eaa6c5a2916b9,3308456f64f1537b,True,1,37790,True
agentsight,b5bc34dabe6a,.agentsight,5963e44ce61d6098,7d1be6eb84b9cdf0,True,5,341104,True
agentsight,b5bc34dabe6a,.agentsight,7d1be6eb84b9cdf0,7854bd70be85bd5f,True,1,212914,True
agentsight,b5bc34dabe6a,.agentsight,7854bd70be85bd5f,2dcb5d19f45ba6e7,True,5,289044,True
agentsight,b5bc34dabe6a,docs,2dcb5d19f45ba6e7,91c8b5ff6c6b9757,True,1,475328,True
agentsight,b5bc34dabe6a,script,30ad8562e8b9306d,166928b280bad568,True,97,12154775,True
agentsight,b5bc34dabe6a,docs,166928b280bad568,aceb7c3a19c73910,True,2,23437,True
agentsight,b5bc34dabe6a,repo-root-files,d3a4a9b508687282,31c24dd3a2e5647d,True,69,11144775,True
agentsight,b5bc34dabe6a,script,aceb7c3a19c73910,bf768beed40acc0f,True,10,987053,True
agentsight,b5bc34dabe6a,docs,b96096ab35861310,e3df00fbc171fcfe,True,1,460972,True
agentsight,b5bc34dabe6a,.agentsight,b257234e3c667e40,a11689212819c23c,True,17,1414396,True
agentsight,b5bc34dabe6a,script,bf768beed40acc0f,f03ed4b0c813438f,True,2,25362,True
agentsight,b5bc34dabe6a,docs,e3df00fbc171fcfe,31a6f8ee88837069,True,4,730074,True
agentsight,b5bc34dabe6a,.agentsight,f03ed4b0c813438f,ad8e1d654e9291fe,True,3,3024235,True
agentsight,b5bc34dabe6a,docs,31a6f8ee88837069,dbdbc6a8a1ed7e6a,True,4,2439514,True
agentsight,b5bc34dabe6a,agentpprof,1c601aaf8d2ba78a,cba325ecf7460503,True,42,5618195,True
agentsight,b5bc34dabe6a,docs,7ff99e26486578b6,00a1b9655710c4b3,True,1,134263,True
agentsight,b5bc34dabe6a,.agentsight,d7c345585225dd5a,bfa84cfb59cb0792,True,5,2240879,True
agentsight,b5bc34dabe6a,docs,00a1b9655710c4b3,f7f08d55574d57d7,True,4,2395486,True
agentsight,b5bc34dabe6a,.agentsight,8a38aeace43b52db,2f8ce5308a890ba1,True,1,424978,True
agentsight,b5bc34dabe6a,docs,f7f08d55574d57d7,1e407978e966204f,True,6,1585078,True
agentsight,b5bc34dabe6a,agentpprof,cba325ecf7460503,96ff07c08178b0a1,True,13,4092018,True
agentsight,b5bc34dabe6a,docs,1e407978e966204f,09775725904ae22c,True,1,43611,True
agentsight,b5bc34dabe6a,agentpprof,96ff07c08178b0a1,2c3215f4ee047716,True,4,95110,True
agentsight,b5bc34dabe6a,docs,bdc51c57be99c754,8d5028feda4c1c38,True,2,274169,True
agentsight,b5bc34dabe6a,repo-root-files,31c24dd3a2e5647d,e2f23c9ff11b876b,True,48,8739758,True
agentsight,b5bc34dabe6a,repo-root-files,e2f23c9ff11b876b,c842394655a34805,True,27,1063774,True
agentsight,b5bc34dabe6a,docs,d062fc6295585190,d823572b36edd851,True,1,55725,True
agentsight,b5bc34dabe6a,repo-root-files,c842394655a34805,fca8753f3e883175,True,9,385077,True
agentsight,b5bc34dabe6a,docs,b5be5d3243f00228,bad9ae8c791b02d6,True,1,264218,True
agentsight,b5bc34dabe6a,agentpprof,07b0f4e835c292ee,c89909511e409bf9,True,59,2378009,True
agentsight,b5bc34dabe6a,repo-root-files,fca8753f3e883175,2715eda8fc4af7c4,True,16,903545,True
agentsight,b5bc34dabe6a,docs,c89909511e409bf9,228e19de327526e9,True,1,491423,True
agentsight,b5bc34dabe6a,agentpprof,c89909511e409bf9,a280b3df70961bb0,True,5,638272,True
agentsight,b5bc34dabe6a,docs,03176553a9a7777e,ff1e5af1ca85a6ea,True,3,60625,True
agentsight,b5bc34dabe6a,.agentsight,0804ac8ed880b11e,6ea72bcd4d974e9e,True,95,4307906,True
agentsight,b5bc34dabe6a,docs,edfd3f4e19211f6a,e887d38265ed4b8d,True,2,141607,True
agentsight,b5bc34dabe6a,.agentsight,fd86530b365595f4,563f9d181f601380,True,6,441146,True
agentsight,b5bc34dabe6a,docs,85579c37f7c568a4,55a0bb3b1b19b72f,True,2,419817,True
agentsight,b5bc34dabe6a,.agentsight,28cc7cba0e58dab3,b951b22f58368f98,True,3,1132005,True
agentsight,b5bc34dabe6a,docs,119993ec0c0e4958,83408e72ce6411d1,True,7,1230050,True
agentsight,b5bc34dabe6a,.agentsight,d82c7892cbe2eece,ad9f675188106ad9,True,1,39375,True
agentsight,b5bc34dabe6a,agentpprof,5f77add818afe6de,7ceaf625754f7a0d,True,41,2879313,True
agentsight,b5bc34dabe6a,docs,83408e72ce6411d1,c88e7e4eee152fcb,True,2,166017,True
agentsight,b5bc34dabe6a,agentpprof,7ceaf625754f7a0d,f3ddd4c1efdc776c,True,1,235575,True
agentsight,b5bc34dabe6a,.agentsight,ad9f675188106ad9,51643cc237b6b1e9,True,5,415648,True
agentsight,b5bc34dabe6a,docs,c904d80051f59585,2961b009a6433851,True,1,82114,True
agentsight,b5bc34dabe6a,agentpprof,f3ddd4c1efdc776c,305fbeeafdbb01aa,True,4,309147,True
agentsight,b5bc34dabe6a,agent-session,7cae1ba3e56cc23e,d716ca82b61dd0b7,True,223,25782981,True
agentsight,b5bc34dabe6a,docs,305fbeeafdbb01aa,6a54d610b9429508,True,2,224358,True
agentsight,b5bc34dabe6a,.agentsight,51643cc237b6b1e9,e4318cec3d535988,True,7,617791,True
agentsight,b5bc34dabe6a,docs,6dac085173a022c3,400ba7d5bf157a8b,True,1,118358,True
agentsight,b5bc34dabe6a,.agentsight,e4318cec3d535988,dec880d8894d990e,True,7,50644813,True
agentsight,b5bc34dabe6a,repo-root-files,2715eda8fc4af7c4,b1a0fe10ffc45fba,True,72,54948293,True
agentsight,b5bc34dabe6a,docs,dec880d8894d990e,7e3b8027206efffd,True,3,178648,True
agentsight,b5bc34dabe6a,repo-root-files,b1a0fe10ffc45fba,f8c0be32857348a1,True,21,522684,True
agentsight,b5bc34dabe6a,docs,7926aaf46437e053,7f5bc373f27c120b,True,1,68442,True
agentsight,b5bc34dabe6a,repo-root-files,f8c0be32857348a1,a2ab544cb9c8d927,True,17,117013,True
agentsight,b5bc34dabe6a,.agentsight,7bc2d12d328262a5,86405a268d2960c0,True,48,857773,True
agentsight,b5bc34dabe6a,docs,dc07fe2eb7050e40,8d4b2dd577d4f8af,True,2,120648,True
agentsight,b5bc34dabe6a,.agentsight,e0dc8d5a2045036b,890949d03256f3a7,True,8,226984,True
agentsight,b5bc34dabe6a,agentpprof,5afee0b8080750a9,ef5e331e15b32ede,True,75,52143396,True
agentsight,b5bc34dabe6a,docs,374d3c3b91d8f227,79b803ed96cb25f2,True,1,83316,True
agentsight,b5bc34dabe6a,agentpprof,ef5e331e15b32ede,b5c50d394476f03e,True,3,72924,True
agentsight,b5bc34dabe6a,.agentsight,890949d03256f3a7,d156ae88ca333c37,True,9,418280,True
agentsight,b5bc34dabe6a,docs,6ab1e6e8e2493632,44efb281aa304724,True,2,132161,True
agentsight,b5bc34dabe6a,repo-root-files,a2ab544cb9c8d927,1f2a904db4fc53e5,True,31,881975,True
agentsight,b5bc34dabe6a,docs,344242e71de531ad,4952a13cdceee86f,True,1,40130,True
agentsight,b5bc34dabe6a,repo-root-files,1f2a904db4fc53e5,2dca257a806ce3e7,True,3,170608,True
agentsight,b5bc34dabe6a,.agentsight,75fb01e60e38a06b,96eeb6e9227c757b,True,10,488583,True
agentsight,b5bc34dabe6a,docs,4407d17dc2cf5ad0,aeb71e35bbb78765,True,1,153760,True
agentsight,b5bc34dabe6a,script,6cb85923165c6c49,ab43a05f6839c890,True,259,67645221,True
agentsight,b5bc34dabe6a,.agentsight,96eeb6e9227c757b,32caf561324d0016,True,17,566892,True
agentsight,b5bc34dabe6a,docs,4cd1ab469e1d2ea4,32caf561324d0016,True,1,42550,True
agentsight,b5bc34dabe6a,script,ab43a05f6839c890,2f94c2fd2c1fab3e,True,2,116330,True
agentsight,b5bc34dabe6a,docs,9fb24ac2607d39dc,b33ba8d74006816d,True,4,104026,True
agentsight,b5bc34dabe6a,script,2ac964bc0bbb9c43,d1267daff77240a2,True,1,19157,True
agentsight,b5bc34dabe6a,repo-root-files,2dca257a806ce3e7,3950e19edc77c38e,True,30,1055879,True
agentsight,b5bc34dabe6a,docs,b33ba8d74006816d,14c2d323bde9060c,True,5,262775,True
agentsight,b5bc34dabe6a,script,5119f8851881adb4,ea3e4e8601bca348,True,6,344674,True
agentsight,b5bc34dabe6a,docs,4a852638fb7214f4,9def6be279f6fa62,True,1,4524,True
agentsight,b5bc34dabe6a,.agentsight,9fb24ac2607d39dc,e0d7d3b4ab4cd029,True,15,515163,True
agentsight,b5bc34dabe6a,script,ea3e4e8601bca348,8f052d20bc275adb,True,3,42010,True
agentsight,b5bc34dabe6a,docs,3bcddf5b93045aec,e7891efbf6f442ec,True,3,58706,True
agentsight,b5bc34dabe6a,script,bd623c07273e7df3,4269d253f26a4b51,True,1,85263,True
agentsight,b5bc34dabe6a,docs,e7891efbf6f442ec,0ea524643750b317,True,2,60706,True
agentsight,b5bc34dabe6a,script,bba2ac1130579e6d,ce34679d778bc623,True,1,46956,True
agentsight,b5bc34dabe6a,script,ce34679d778bc623,d8b1b1e4148d62e8,True,12,201733,True
agentsight,b5bc34dabe6a,.agentsight,e0d7d3b4ab4cd029,c697261f31e36994,True,24,546820,True
agentsight,b5bc34dabe6a,script,ec42748baeb2d2ff,4daca3c46c4b3328,True,2,51223,True
agentsight,b5bc34dabe6a,.agentsight,49df5a1a64f49470,4132ae681d63b50a,True,1,42154,True
agentsight,b5bc34dabe6a,docs,8fd0d73f340d724a,31fe7e564af54cfe,True,7,349585,True
agentsight,b5bc34dabe6a,script,4daca3c46c4b3328,7efbd454e503a3e5,True,3,140474,True
agentsight,b5bc34dabe6a,docs,8d2fadb9e1561361,54c2c98e35a7ec24,True,1,110959,True
agentsight,b5bc34dabe6a,script,7efbd454e503a3e5,127475d3dd6fcfcf,True,1,144693,True
agentsight,b5bc34dabe6a,docs,54c2c98e35a7ec24,6ad03fffb26d9fa3,True,1,106758,True
agentsight,b5bc34dabe6a,script,127475d3dd6fcfcf,698821eefc6fe664,True,1,63227,True
agentsight,b5bc34dabe6a,docs,6ad03fffb26d9fa3,3e63ac39e4acca8b,True,4,248555,True
agentsight,b5bc34dabe6a,script,8f63f6f8c670867b,99a2a7f5d6c47a01,True,25,1122628,True
agentsight,b5bc34dabe6a,docs,a238be631bee7d71,4a826c200edea91a,True,1,151046,True
agentsight,b5bc34dabe6a,script,99a2a7f5d6c47a01,ee9a042b11b248ac,True,29,1119938,True
agentsight,b5bc34dabe6a,docs,a2f58b74d906c420,700971b1f1656b9e,True,1,118781,True
agentsight,b5bc34dabe6a,script,ee9a042b11b248ac,746a7f52dd2b64e9,True,2,232802,True
agentsight,b5bc34dabe6a,docs,fbb30510612b47c8,d68123b036114ef6,True,1,129447,True
agentsight,b5bc34dabe6a,script,746a7f52dd2b64e9,bc967eec4ad43059,True,8,186904,True
agentsight,b5bc34dabe6a,docs,4d9e91b4618fdeab,4ab483850cb46481,True,3,128543,True
agentsight,b5bc34dabe6a,script,6db988fc5985a100,6e1734c2bef55de3,True,5,372420,True
agentsight,b5bc34dabe6a,docs,6e1734c2bef55de3,730cd654717b7e3f,True,4,94404,True
agentsight,b5bc34dabe6a,script,36cc979903d8fbd6,edccce19b7f8e244,True,5,196606,True
agentsight,b5bc34dabe6a,docs,275cbc6fcea423c8,d99bdbfe72fb379a,True,1,14252,True
agentsight,b5bc34dabe6a,script,edccce19b7f8e244,0295848f60eb74b5,True,1,6511,True
agentsight,b5bc34dabe6a,docs,d99bdbfe72fb379a,1a65817992c05171,True,1,27314,True
agentsight,b5bc34dabe6a,script,0295848f60eb74b5,0c9cd2a95cb18a0a,True,2,33198,True
agentsight,b5bc34dabe6a,docs,0f7e71669a838cab,e42db1687445b54c,True,1,36815,True
agentsight,b5bc34dabe6a,script,0c9cd2a95cb18a0a,4bcfaf0644f53f9f,True,1,41364,True
agentsight,b5bc34dabe6a,.agentsight,4132ae681d63b50a,5cdd2af735a65dd5,True,103,3808880,True
agentsight,b5bc34dabe6a,docs,e42db1687445b54c,6fb01b93c7574e6f,True,3,123922,True
agentsight,b5bc34dabe6a,script,4bcfaf0644f53f9f,c58d3035e0677ce2,True,3,366244,True
agentsight,b5bc34dabe6a,docs,6fb01b93c7574e6f,6cc361f937bcb054,True,1,298391,True
agentsight,b5bc34dabe6a,script,c58d3035e0677ce2,a4dd1b05528eb410,True,5,226263,True
agentsight,b5bc34dabe6a,.agentsight,6687c72ef05bf741,80320033241bf5b6,True,9,601073,True
agentsight,b5bc34dabe6a,script,76dc6a73c7a076c6,00bde09ffae7bd7a,True,1,39132,True
agentsight,b5bc34dabe6a,.agentsight,80320033241bf5b6,bf12a358137a6354,True,2,55898,True
agentsight,b5bc34dabe6a,docs,07328911ba2a16a0,bf12a358137a6354,True,5,83850,True
agentsight,b5bc34dabe6a,.agentsight,bf12a358137a6354,22a182b74147d7de,True,1,54639,True
agentsight,b5bc34dabe6a,docs,c32b845e9da5698b,08a77a827d3e1f22,True,1,130617,True
agentsight,b5bc34dabe6a,script,97750531d24da4b6,39ddd36a153b2e78,True,4,193676,True
agentsight,b5bc34dabe6a,docs,08a77a827d3e1f22,d3e5600189e78cb2,True,3,159899,True
agentsight,b5bc34dabe6a,script,b0b32b9fdf8ee0ac,1c820b205ad21252,True,50,1691848,True
agentsight,b5bc34dabe6a,.agentsight,22a182b74147d7de,01da3a7b9ff52aaa,True,58,1872499,True
agentsight,b5bc34dabe6a,docs,195453647153ea02,11256a619f7c95be,True,5,299426,True
agentsight,b5bc34dabe6a,script,b03ce13c52a5dc5e,79251f52a89558b3,True,3,449830,True
agentsight,b5bc34dabe6a,script,79251f52a89558b3,0f099cd5ef663a8c,True,7,297536,True
agentsight,b5bc34dabe6a,docs,0f099cd5ef663a8c,6e56fb11c0311462,True,1,112998,True
agentsight,b5bc34dabe6a,.agentsight,01da3a7b9ff52aaa,51da1f3d26efcf9c,True,30,1278822,True
agentsight,b5bc34dabe6a,script,bc9a706bd6d8f80c,3eb14735f766a5cd,True,19,593302,True
agentsight,b5bc34dabe6a,docs,08cf6b170583fb62,7cc513f6bca92219,True,2,175716,True
agentsight,b5bc34dabe6a,script,3eb14735f766a5cd,90990894df426e14,True,2,247924,True
agentsight,b5bc34dabe6a,docs,06e84bb6a41943bf,1442478a4cc4edd3,True,1,52087,True
agentsight,b5bc34dabe6a,script,1442478a4cc4edd3,b01d1fddb5324239,True,5,196957,True
agentsight,b5bc34dabe6a,.agentsight,51da1f3d26efcf9c,2d7fe6c4e9839a48,True,13,554723,True
agentsight,b5bc34dabe6a,script,b01d1fddb5324239,eeb5602aa81053e1,True,3,93284,True
agentsight,b5bc34dabe6a,.agentsight,2d7fe6c4e9839a48,6add74a950e856e5,True,1,70965,True
agentsight,b5bc34dabe6a,script,eeb5602aa81053e1,e9126b59e8842305,True,1,67756,True
agentsight,b5bc34dabe6a,docs,2d7fe6c4e9839a48,55e8fd7a04e53556,True,3,175827,True
agentsight,b5bc34dabe6a,script,e9126b59e8842305,c8c1b5c52936ee4c,True,3,631023,True
agentsight,b5bc34dabe6a,.agentsight,6add74a950e856e5,fc1db26eb5636eea,True,8,974097,True
agentsight,b5bc34dabe6a,docs,65c9c702595a71d7,2412315f650deab1,True,5,1490754,True
agentsight,b5bc34dabe6a,.agentsight,fc1db26eb5636eea,28390b967e607cd2,True,4,1214512,True
agentsight,b5bc34dabe6a,script,96ae3f09be57e422,bd247be4c064aacc,True,6,1512072,True
agentsight,b5bc34dabe6a,docs,28390b967e607cd2,4070d4736810b152,True,1,500839,True
agentsight,b5bc34dabe6a,.agentsight,28390b967e607cd2,9ffdbc2ee0332ec1,True,17,982665,True
agentsight,b5bc34dabe6a,script,bd247be4c064aacc,21b91d6321d1369a,True,17,770254,True
agentsight,b5bc34dabe6a,docs,9ffdbc2ee0332ec1,72c411bd9e09631d,True,1,16371,True
agentsight,b5bc34dabe6a,script,21b91d6321d1369a,868759f71c82c56e,True,1,18057,True
agentsight,b5bc34dabe6a,.agentsight,9ffdbc2ee0332ec1,21a9f82bc973d6c2,True,4,36304,True
agentsight,b5bc34dabe6a,docs,72c411bd9e09631d,21a9f82bc973d6c2,True,2,19933,True
agentsight,b5bc34dabe6a,script,8d6fb56bf9788165,f991f62a1e69ced6,True,1,18889,True
agentsight,b5bc34dabe6a,docs,21a9f82bc973d6c2,dc63fa5fb74b951f,True,7,180228,True
agentsight,b5bc34dabe6a,script,2b19996edc865867,15fdeafb199db4c3,True,1,68128,True
agentsight,b5bc34dabe6a,docs,dc63fa5fb74b951f,cddb9fbd873f7951,True,1,79520,True
agentsight,b5bc34dabe6a,script,15fdeafb199db4c3,d8335a0077b6c6a1,True,1,102588,True
agentsight,b5bc34dabe6a,.agentsight,21a9f82bc973d6c2,000fb42b9492daea,True,14,706520,True
agentsight,b5bc34dabe6a,docs,cddb9fbd873f7951,57e3b534ba3a86d3,True,5,485397,True
agentsight,b5bc34dabe6a,script,d8c58b2e48e4a9eb,57e3b534ba3a86d3,True,1,53324,True
agentsight,b5bc34dabe6a,.agentsight,000fb42b9492daea,7d9ee713746afe0e,True,1,45401,True
agentsight,b5bc34dabe6a,docs,57e3b534ba3a86d3,883ef7101bcf96ba,True,3,32203,True
agentsight,b5bc34dabe6a,script,ab74a456c7eca38d,cabb35b293e427ec,True,1,406625,True
agentsight,b5bc34dabe6a,.agentsight,7d9ee713746afe0e,1654389081146935,True,5,472406,True
agentsight,b5bc34dabe6a,docs,72f7def83b93f541,050b6e619ecbe797,True,1,88414,True
agentsight,b5bc34dabe6a,docs,050b6e619ecbe797,9e3cd70711706e7c,True,1,18813,True
agentsight,b5bc34dabe6a,script,72f7def83b93f541,04e8cccd7da2bf62,True,4,117345,True
agentsight,b5bc34dabe6a,docs,9e3cd70711706e7c,9811e4228d346827,True,3,47672,True
agentsight,b5bc34dabe6a,script,36cb4f94eee990fe,023f250ceaafe09d,True,3,107920,True
agentsight,b5bc34dabe6a,.agentsight,f1c210efcf80fac6,f95a987d96889b9c,True,8,236483,True
agentsight,b5bc34dabe6a,docs,023f250ceaafe09d,70f97ad45421740c,True,1,115141,True
agentsight,b5bc34dabe6a,repo-root-files,71944aef2d7989b7,6bf40c81ee260393,True,352,14600307,True
agentsight,b5bc34dabe6a,docs,db07ea58bd56a7ee,c7e943022d0c9c67,True,1,305351,True
agentsight,b5bc34dabe6a,script,023f250ceaafe09d,59cd0ea1c9fbf7e0,True,36,1862054,True
agentsight,b5bc34dabe6a,docs,59cd0ea1c9fbf7e0,e99356100e95a209,True,1,101465,True
agentsight,b5bc34dabe6a,script,8abff829e78cf7ee,43d9283e4a151bd2,True,29,1446202,True
agentsight,b5bc34dabe6a,docs,10dd8d2383b0cbcc,65a127594c6479ad,True,3,49245,True
agentsight,b5bc34dabe6a,script,c921f01506349857,a0f135666934e156,True,2,45912,True
agentsight,b5bc34dabe6a,docs,20e8526877c23a94,24d654a0fa310035,True,1,76217,True
agentsight,b5bc34dabe6a,script,a1c7d327cba134f2,bc17d840fba32db2,True,5,176389,True
agentsight,b5bc34dabe6a,docs,b2ad0ca80c8aa93a,f9836a296c3c985c,True,1,50338,True
agentsight,b5bc34dabe6a,.agentsight,70f97ad45421740c,25efbe02ff106243,True,117,4693729,True
agentsight,b5bc34dabe6a,script,bc17d840fba32db2,4870a641e4ff8af7,True,124,16397255,True
agentsight,b5bc34dabe6a,docs,280c012622b34a43,8cf9631c0946f833,True,1,12216032,True
agentsight,b5bc34dabe6a,docs,8cf9631c0946f833,716e27b56a1316aa,True,2,82062,True
agentsight,b5bc34dabe6a,script,3f600dc23acc7f2a,89482ce94e43637c,True,16,998060,True
agentsight,b5bc34dabe6a,docs,3390da2c1e8e4594,02ae965c8aa834a0,True,2,83541,True
agentsight,b5bc34dabe6a,script,9ac45e54c741b7bc,f470e356533d6ba4,True,2,76295,True
agentsight,b5bc34dabe6a,docs,5d02115c6fa18cee,2db5b5cd0262c8b9,True,3,92286,True
agentsight,b5bc34dabe6a,repo-root-files,6bf40c81ee260393,9d666e8f0c090033,True,335,24667979,True
agentsight,b5bc34dabe6a,.agentsight,25efbe02ff106243,f78a54fea7bd0675,True,242,20742252,True
agentsight,b5bc34dabe6a,script,815e012f5e8547fe,aa28876f8433ba86,True,131,4403110,True
agentsight,b5bc34dabe6a,docs,8e5da6cba83bff30,31bf56d93191554b,True,2,47555,True
agentsight,b5bc34dabe6a,.agentsight,f78a54fea7bd0675,785e552cc18e4009,True,12,770601,True
agentsight,b5bc34dabe6a,script,aa28876f8433ba86,d43159c3b75d71dd,True,25,1479641,True
agentsight,b5bc34dabe6a,docs,49b6dbb4b4c69080,14e34520cbfe396c,True,1,69257,True
agentsight,b5bc34dabe6a,script,d43159c3b75d71dd,327ee3cedad03e77,True,3,54917,True
agentsight,b5bc34dabe6a,docs,92de41cc29a09618,d67885f329206848,True,1,31110,True
agentsight,b5bc34dabe6a,.agentsight,785e552cc18e4009,f30aeda737ff2af0,True,19,800780,True
agentsight,b5bc34dabe6a,docs,d67885f329206848,2b2caa3b3ee13874,True,1,55128,True
agentsight,b5bc34dabe6a,.agentsight,f30aeda737ff2af0,f1925a91ce50bb3a,True,1,61562,True
agentsight,b5bc34dabe6a,docs,2b2caa3b3ee13874,ceab45903349bc77,True,1,128041,True
agentsight,b5bc34dabe6a,.agentsight,f1925a91ce50bb3a,57c8e2413d3bdd5f,True,3,221307,True
agentsight,b5bc34dabe6a,script,327ee3cedad03e77,8d6c6b8c20c5f8ee,True,9,357965,True
agentsight,b5bc34dabe6a,.agentsight,e8940b046786ce44,2ec61d75b9006e30,True,1,22127,True
agentsight,b5bc34dabe6a,docs,e8940b046786ce44,2ec61d75b9006e30,True,1,22127,True
agentsight,b5bc34dabe6a,script,8d6c6b8c20c5f8ee,b21f0b0ac8ff7b7a,True,2,163058,True
agentsight,b5bc34dabe6a,.agentsight,c99d40282a2ec968,080b3b2ad5a83528,True,2,165807,True
agentsight,b5bc34dabe6a,docs,2ec61d75b9006e30,080b3b2ad5a83528,True,3,176035,True
agentsight,b5bc34dabe6a,.agentsight,080b3b2ad5a83528,1c98822aec8f7688,True,2,50274,True
agentsight,b5bc34dabe6a,script,896cd92ee152ee60,418a1a544e2a8e4d,True,9,340137,True
agentsight,b5bc34dabe6a,.agentsight,1c98822aec8f7688,e4066fa212e9d89f,True,8,619274,True
agentsight,b5bc34dabe6a,script,3fc7ca35e5085d9d,06f7eed6619f9e4f,True,1,82939,True
agentsight,b5bc34dabe6a,docs,4a2737f8b29ecbdd,cf87d0e5ca454a67,True,6,518656,True
agentsight,b5bc34dabe6a,.agentsight,e4066fa212e9d89f,534d8a03392e3051,True,3,180672,True
agentsight,b5bc34dabe6a,docs,cf87d0e5ca454a67,ab42d9a5e1d60b74,True,1,78865,True
agentsight,b5bc34dabe6a,script,a67936dc136ca4c0,1cddd4b6a7e1166b,True,3,109737,True
agentsight,b5bc34dabe6a,docs,ab42d9a5e1d60b74,7c49d75954d57803,True,2,22146,True
agentsight,b5bc34dabe6a,.agentsight,534d8a03392e3051,c07e9aa1957fee73,True,4,333057,True
agentsight,b5bc34dabe6a,script,4931f7fdb2c69ace,d5faa2197cebc36a,True,2,290569,True
agentsight,b5bc34dabe6a,.agentsight,c07e9aa1957fee73,9617e08e1b05347b,True,6,230710,True
agentsight,b5bc34dabe6a,script,d5faa2197cebc36a,bda6181eeaa193ee,True,6,224576,True
agentsight,b5bc34dabe6a,.agentsight,9617e08e1b05347b,458f0a063ceb37d4,True,3,71199,True
agentsight,b5bc34dabe6a,docs,3e91db877fcdf86e,d6b7a36fad3a39b4,True,5,154217,True
agentsight,b5bc34dabe6a,script,8cda2dc01f8b8fa6,805005ae4eefa9d9,True,4,96715,True
agentsight,b5bc34dabe6a,.agentsight,458f0a063ceb37d4,c6c5d7f46d965fd4,True,5,63365,True
agentsight,b5bc34dabe6a,script,daadd0cd57ebde2d,2f42e326034bd92f,True,1,4951,True
agentsight,b5bc34dabe6a,.agentsight,c6c5d7f46d965fd4,b9f0bfea837cd4cb,True,5,29386,True
agentsight,b5bc34dabe6a,script,b5f618199cb4d823,63d6bb615320115c,True,1,13390,True
agentsight,b5bc34dabe6a,docs,b428f2cdcfcfa6b8,08ea139d0bdeac54,True,10,46985,True
agentsight,b5bc34dabe6a,.agentsight,b9f0bfea837cd4cb,d115a55fae51ddcd,True,2,60259,True
agentsight,b5bc34dabe6a,.agentsight,d115a55fae51ddcd,04e301928321482a,True,1,72179,True
agentsight,b5bc34dabe6a,docs,dff1132d22a0e705,86284c33b859c1c3,True,2,37712,True
agentsight,b5bc34dabe6a,script,08ea139d0bdeac54,f0788ef5c3719152,True,6,313843,True
agentsight,b5bc34dabe6a,docs,1d5b55cd2c42d399,371c4cc22826baaf,True,2,277646,True
agentsight,b5bc34dabe6a,script,c903271a71369b18,f88f3615bba5d00a,True,1,200601,True
agentsight,b5bc34dabe6a,.agentsight,86284c33b859c1c3,6fa4bcc6cfd279b3,True,6,648354,True
agentsight,b5bc34dabe6a,docs,371c4cc22826baaf,6fa4bcc6cfd279b3,True,2,363692,True
agentsight,b5bc34dabe6a,script,e5585c651cfb1e05,525e223b5e5144a7,True,1,764750,True
agentsight,b5bc34dabe6a,docs,6fa4bcc6cfd279b3,8947b13262b6235e,True,1,537573,True
agentsight,b5bc34dabe6a,docs,8947b13262b6235e,33768700f1a44d67,True,5,171735,True
agentsight,b5bc34dabe6a,docs,33768700f1a44d67,4c7e40e12fea6510,True,2,63551,True
agentsight,b5bc34dabe6a,.agentsight,6fa4bcc6cfd279b3,01a8f37946d46106,True,11,827719,True
agentsight,b5bc34dabe6a,docs,4c7e40e12fea6510,f9bd4da78e8cb719,True,1,120910,True
agentsight,b5bc34dabe6a,script,abd7e91c45650cda,2dc16e333492f904,True,3,175584,True
agentsight,b5bc34dabe6a,docs,f9bd4da78e8cb719,d67c7ab35dda8039,True,3,71431,True
agentsight,b5bc34dabe6a,.agentsight,01a8f37946d46106,851fccf9757ff301,True,5,177130,True
agentsight,b5bc34dabe6a,script,2dfc84938df19cd7,a11a2a4f881c3cf5,True,5,446139,True
agentsight,b5bc34dabe6a,.agentsight,851fccf9757ff301,f0bbc9bee0690346,True,4,666292,True
agentsight,b5bc34dabe6a,docs,55a861a1d40d9b6c,57b5498688c7aaf4,True,2,433902,True
agentsight,b5bc34dabe6a,script,f0bbc9bee0690346,58b0d3dcc873d4a7,True,1,188027,True
agentsight,b5bc34dabe6a,.agentsight,f0bbc9bee0690346,9f23e927fb26a179,True,3,289271,True
agentsight,b5bc34dabe6a,script,58b0d3dcc873d4a7,4895eac165596b30,True,3,108565,True
agentsight,b5bc34dabe6a,.agentsight,9f23e927fb26a179,df6b37b1d4df8e2a,True,3,14078,True
agentsight,b5bc34dabe6a,docs,aecaf5db4f492cf2,be7048609fcc0a2c,True,9,35547,True
agentsight,b5bc34dabe6a,script,8a51daf4da1acd4c,a1014bc07076ed7f,True,2,61723,True
agentsight,b5bc34dabe6a,.agentsight,df6b37b1d4df8e2a,cf57fe82f9f6f1c0,True,9,123231,True
agentsight,b5bc34dabe6a,docs,610f15db36264b7c,cf57fe82f9f6f1c0,True,1,88947,True
agentsight,b5bc34dabe6a,script,a1014bc07076ed7f,def9c541f700294e,True,2,130129,True
agentsight,b5bc34dabe6a,.agentsight,b987d709a8ce1967,8ec92f69dde0b651,True,2,64538,True
agentsight,b5bc34dabe6a,docs,b987d709a8ce1967,8ec92f69dde0b651,True,2,64538,True
agentsight,b5bc34dabe6a,.agentsight,8ec92f69dde0b651,22e62c1ba9060bea,True,5,120365,True
agentsight,b5bc34dabe6a,script,9cca9d53d1c68f07,fec4ac9349562eb6,True,7,173477,True
agentsight,b5bc34dabe6a,docs,22e62c1ba9060bea,6f7551406c33d622,True,7,282653,True
agentsight,b5bc34dabe6a,script,02a59ea1c0df722d,db95a33487285a2b,True,10,808662,True
agentsight,b5bc34dabe6a,docs,3d0e470fda72f3e4,6017c3563e048066,True,2,26718,True
agentsight,b5bc34dabe6a,.agentsight,22e62c1ba9060bea,d22a38fb5cee7b45,True,20,882492,True
agentsight,b5bc34dabe6a,docs,6017c3563e048066,36e0f3a21691f682,True,1,22457,True
agentsight,b5bc34dabe6a,repo-root-files,9d666e8f0c090033,aa162faf360772d6,True,183,7910473,True
agentsight,b5bc34dabe6a,docs,63c5c44302ae3d9a,dde9d998b61cbdf8,True,1,92311,True
agentsight,b5bc34dabe6a,script,b4279edd0e4154ae,662481124177b895,True,8,436715,True
agentsight,b5bc34dabe6a,docs,bc4804dddb516a59,983ee7822d3c70a1,True,2,361318,True
agentsight,b5bc34dabe6a,script,cf7091f8a2a23c56,3b5cfab63163122b,True,4,105541,True
agentsight,b5bc34dabe6a,docs,cbdfe8611269e11a,94075be38946fbb0,True,2,62723,True
agentsight,b5bc34dabe6a,script,24daefa302c7f87e,0f202712da95d68b,True,1,10891,True
agentsight,b5bc34dabe6a,docs,94075be38946fbb0,298d615ddf15c69a,True,1,22906,True
agentsight,b5bc34dabe6a,.agentsight,d22a38fb5cee7b45,bd93a340769b738d,True,18,1201418,True
agentsight,b5bc34dabe6a,docs,1a79b5dee54e6234,0a0fac23fa3186a9,True,1,765438,True
agentsight,b5bc34dabe6a,docs,18e70c5b284216de,e1c0d33897f60475,True,1,132515,True
agentsight,b5bc34dabe6a,script,0f202712da95d68b,4f2f684a627eb847,True,75,3230612,True
agentsight,b5bc34dabe6a,agentpprof,b5c50d394476f03e,36b843f0f2525a45,True,1006,52823795,True
agentsight,b5bc34dabe6a,.agentsight,bd93a340769b738d,b981e7cdae3e1dd0,True,74,2926727,True
agentsight,b5bc34dabe6a,docs,4f2f684a627eb847,2d269d402c1dfb9c,True,3,261343,True
agentsight,b5bc34dabe6a,script,4f2f684a627eb847,5d5dfb7f00dbe4d5,True,6,570238,True
agentsight,b5bc34dabe6a,repo-root-files,aa162faf360772d6,3acfafadeb331539,True,96,4410906,True
agentsight,b5bc34dabe6a,script,5d5dfb7f00dbe4d5,9cad9305d5a8bb8f,True,11,391644,True
agentsight,b5bc34dabe6a,docs,b1a5ee84178acb47,c8accfba5a49f29e,True,2,58378,True
agentsight,b5bc34dabe6a,.agentsight,8cd87d89096f2f8a,58949157553e6a79,True,30,935401,True
agentsight,b5bc34dabe6a,docs,31b12dde69064ee7,b01fff883d937f46,True,1,10573,True
agentsight,b5bc34dabe6a,script,85c95b69e992d272,231932980e52fcc5,True,15,283358,True
agentsight,b5bc34dabe6a,docs,b01fff883d937f46,45fc7ff5bcd3f2d2,True,1,85779,True
agentsight,b5bc34dabe6a,script,231932980e52fcc5,614d0ff9d9bc3430,True,1,30874,True
agentsight,b5bc34dabe6a,agentpprof,36b843f0f2525a45,b78578bdf69cbe57,True,164,22455150,True
agentsight,b5bc34dabe6a,agentpprof,b78578bdf69cbe57,c6c6b7cc5dba8c99,True,118,4535153,True
agentsight,b5bc34dabe6a,script,614d0ff9d9bc3430,14759f0b207295bf,True,285,27043010,True
agentsight,b5bc34dabe6a,docs,7756d7232ba71638,3f7d20e9c338b026,True,2,109060,True
agentsight,b5bc34dabe6a,script,4ce3e4823c7cfa06,6a1af546c93ebe7b,True,48,2352591,True
agentsight,b5bc34dabe6a,docs,d14e1e117764ff0a,9a5403cef595bd48,True,1,47274,True
agentsight,b5bc34dabe6a,.agentsight,58949157553e6a79,884a21e83e8753dc,True,341,29513132,True
agentsight,b5bc34dabe6a,docs,9a5403cef595bd48,ce8ee4e573ca276d,True,1,48297,True
agentsight,b5bc34dabe6a,repo-root-files,3acfafadeb331539,06c3dc8c81482560,True,374,31574549,True
agentsight,b5bc34dabe6a,docs,85220f29f1a97a90,30bc00af21173b82,True,2,182606775,False
agentsight,b5bc34dabe6a,repo-root-files,f8b22ad6c4403917,e70a2eaffcedaab8,True,14,183339966,True
agentsight,b5bc34dabe6a,docs,bb46f8ce50d0d01d,aa8d0b78e37149de,True,1,328292,True
agentsight,b5bc34dabe6a,agentpprof,c6c6b7cc5dba8c99,d520bf7bfe63e2fd,True,172,191675075,True
agentsight,b5bc34dabe6a,docs,34632fba3b004baf,9b480227257f9d5a,True,1,22247,True
agentsight,b5bc34dabe6a,.agentsight,884a21e83e8753dc,15c4b80f2d9dad37,True,85,188234720,True
agentsight,b5bc34dabe6a,docs,3a46304b47d78909,d1f09d44427660a6,True,2,44471,True
agentsight,b5bc34dabe6a,script,6a1af546c93ebe7b,0e8a81ac2eae39c0,True,90,188310959,True
agentsight,b5bc34dabe6a,docs,d1f09d44427660a6,88bc2013cf55c631,True,1,78481,True
agentsight,b5bc34dabe6a,agentpprof,d520bf7bfe63e2fd,f4420024c40eee92,True,9,957794,True
agentsight,b5bc34dabe6a,script,0e8a81ac2eae39c0,679751502cff8d31,True,11,1218531,True
agentsight,b5bc34dabe6a,docs,134a0ed678d5b867,182146a27879983b,True,13,949019,False
agentsight,b5bc34dabe6a,agentpprof,806b5a2794823456,b4bbec1ff4a152f3,True,6,234579,False
agentsight,b5bc34dabe6a,script,0799de215b6a4b90,b027bdebeda9dc67,True,6,131301,False
agentsight,b5bc34dabe6a,.agentsight,bb64df2f922a29a6,674d9beaf30c27e9,True,29,1587916,False
agentsight,b5bc34dabe6a,docs,698467b805ce4dd2,41735ec3da0c056e,True,12,337537,True
agentsight,b5bc34dabe6a,script,bdc5308e240c4a55,d259cc9888a02adc,True,4,215021,False
agentsight,b5bc34dabe6a,docs,15a99cde79121f62,d866d3ef42649c94,True,2,54762,False
agentsight,b5bc34dabe6a,.agentsight,dd0a76e24dd05fde,792dc2a9e513dc79,True,11,366447,False
agentsight,b5bc34dabe6a,docs,7ef1c5f838c1f376,1fc53a755543f0c1,True,1,117415,True
agentsight,b5bc34dabe6a,.agentsight,792dc2a9e513dc79,d75c2fee429f736b,True,9,835216,True
agentsight,b5bc34dabe6a,script,4b32fc8fcb382ca6,d8b67d2cbc11ffb3,True,18,988560,False
agentsight,b5bc34dabe6a,.agentsight,d75c2fee429f736b,110445aab6269e2e,True,1,22600,True
agentsight,b5bc34dabe6a,docs,b84073f725927d3d,f3b7b74d04a58bd1,True,3,125467,True
agentsight,b5bc34dabe6a,script,d8b67d2cbc11ffb3,af373671fef12898,True,7,276882,True
agentsight,b5bc34dabe6a,docs,1257afa75994a18f,68735c5df7d9255d,True,2,129625,True
agentsight,b5bc34dabe6a,agentpprof,f49d63146f5f1874,25c252bbef22b29d,True,47,1776858,False
agentsight,b5bc34dabe6a,docs,a2028ff8550f3e11,10a899f2e9614403,True,1,157857,True
agentsight,b5bc34dabe6a,script,b0d2c7c109f1d478,b29e17ff5e0d42e5,True,15,781727,True
agentsight,b5bc34dabe6a,.agentsight,110445aab6269e2e,8b8786cc1fe17072,True,24,1075391,True
agentsight,b5bc34dabe6a,script,b29e17ff5e0d42e5,5857c752e28ba5c4,True,1,254315,True
agentsight,b5bc34dabe6a,.agentsight,8b8786cc1fe17072,4a72d287e39cd7c9,True,2,520796,True
agentsight,b5bc34dabe6a,script,c5adcb0bee6089bb,1bacd2a10342203e,True,1,329671,True
agentsight,b5bc34dabe6a,docs,d3bf51d13a585ef1,4bf4ad503ebe0681,True,7,757771,True
agentsight,b5bc34dabe6a,script,fa29c5563dac6068,a6214ad376af721a,True,1,41535,True
agentsight,b5bc34dabe6a,docs,4bf4ad503ebe0681,fd2a6d136c0a3c71,True,1,58809,True
agentsight,b5bc34dabe6a,.agentsight,4a72d287e39cd7c9,bf63f3b7aacd8562,True,5,233762,True
agentsight,b5bc34dabe6a,docs,fd2a6d136c0a3c71,2179a15167997136,True,2,46645,True
agentsight,b5bc34dabe6a,script,a6214ad376af721a,9afa03a5b3106a31,True,8,2328136,True
agentsight,b5bc34dabe6a,docs,846bf58e3c06ecad,1292d5904707ec07,True,1,386513,True
agentsight,b5bc34dabe6a,script,9afa03a5b3106a31,e15c01e9e6308753,True,2,183636,True
agentsight,b5bc34dabe6a,docs,25c06d14c84e6577,ad69f61427e14868,True,10,274184,True
agentsight,b5bc34dabe6a,script,10c31d060b3a7d6d,177475d25e41ec24,True,1,1247600,True
agentsight,b5bc34dabe6a,docs,ad69f61427e14868,7c966fc9e07f7b12,True,2,1198718,True
agentsight,b5bc34dabe6a,.agentsight,2903de361321464f,2301530ed228f29f,True,22,3909135,True
agentsight,b5bc34dabe6a,docs,7c966fc9e07f7b12,f1237262bbc89ec0,True,1,427617,True
agentsight,b5bc34dabe6a,script,a491b87f1e6879f2,f1237262bbc89ec0,True,2,453693,True
agentsight,b5bc34dabe6a,script,f1237262bbc89ec0,ad42910fd0bd312c,True,2,1707294,True
agentsight,b5bc34dabe6a,.agentsight,2301530ed228f29f,f0ca9199122a6e26,True,4,2320698,True
agentsight,b5bc34dabe6a,docs,b14e5d81c19dcb34,aafbadf8153d43ac,True,2,1752354,True
agentsight,b5bc34dabe6a,docs,188d0aa59126ba00,efb0896510388c73,True,2,44691,True
agentsight,b5bc34dabe6a,agentpprof,25c252bbef22b29d,a531865507e54553,True,53,7918407,False
agentsight,b5bc34dabe6a,frontend,94c1f3037b8079b2,66f35fd533d53b61,True,2,141063,True
agentsight,b5bc34dabe6a,docs,efb0896510388c73,975de18ee36f13bd,True,4,138046,True
agentsight,b5bc34dabe6a,agentpprof,a531865507e54553,b8d396d268dd0d1e,True,5,113662,True
agentsight,b5bc34dabe6a,docs,b612efd6bdad2fcd,86dc1813f8e845e1,True,1,35199,False
agentsight,b5bc34dabe6a,frontend,8796fb79d0b56acf,1be442dddb609ab6,True,4,80940,True
agentsight,b5bc34dabe6a,script,ad42910fd0bd312c,4e661ed7f51911bc,True,16,677330,True
agentsight,b5bc34dabe6a,collector,b1f4219befc0ad18,beaff11edb6e9b66,True,4178,492676098,False
agentsight,b5bc34dabe6a,frontend,1be442dddb609ab6,beaff11edb6e9b66,True,1,92620,True
agentsight,b5bc34dabe6a,docs,86dc1813f8e845e1,5c2cf5f09ee4f921,True,3,127121,False
agentsight,b5bc34dabe6a,frontend,beaff11edb6e9b66,49c8bb365c21e8fc,True,2,88411,True
agentsight,b5bc34dabe6a,.agentsight,f0ca9199122a6e26,bf26f793b5a61e35,True,20,573721,True
agentsight,b5bc34dabe6a,agentpprof,b8d396d268dd0d1e,5b2f189382aad1e3,True,8,213008,True
agentsight,b5bc34dabe6a,collector,beaff11edb6e9b66,5b2f189382aad1e3,True,4,99015,True
agentsight,b5bc34dabe6a,frontend,49c8bb365c21e8fc,5b2f189382aad1e3,True,1,10604,True
agentsight,b5bc34dabe6a,script,4e661ed7f51911bc,f073755f0cd3ee09,True,6,109836,True
agentsight,b5bc34dabe6a,frontend,5b2f189382aad1e3,3514a47da8674b00,True,1,45781,True
agentsight,b5bc34dabe6a,docs,f57b70a0202983e3,0592628db825cab6,True,5,92011,False
agentsight,b5bc34dabe6a,frontend,3514a47da8674b00,23ecc293a4d06e6a,True,3,100846,True
agentsight,b5bc34dabe6a,script,f073755f0cd3ee09,64e0a125c8e69d20,True,6,166072,True
agentsight,b5bc34dabe6a,frontend,0ca189aeede23f4b,2cdcfc72bfc1de8b,True,4,56571,True
agentsight,b5bc34dabe6a,docs,fcc8a958ef76f1b8,0bdefd0ab7bfecd8,True,7,158441,False
agentsight,b5bc34dabe6a,frontend,2cdcfc72bfc1de8b,aea5f991a52e5d43,True,2,161192,True
agentsight,b5bc34dabe6a,frontend,f45b2383a01fd446,d9d05f18ebf9f14d,True,1,272851,True
agentsight,b5bc34dabe6a,docs,d200d76e1cea1102,5f73bf7eba9ce4e9,True,8,473606,True
agentsight,b5bc34dabe6a,frontend,238faaf6031b7820,dcf5799d76357633,True,1,31559,True
agentsight,b5bc34dabe6a,docs,5f73bf7eba9ce4e9,cef1ff9b0e049b4d,True,2,77091,True
agentsight,b5bc34dabe6a,agentpprof,5b2f189382aad1e3,a31af271abd46f27,True,26,833899,True
agentsight,b5bc34dabe6a,docs,cef1ff9b0e049b4d,456ee40e66396fe3,True,1,38465,False
agentsight,b5bc34dabe6a,frontend,d2a401d2a3ff6778,d3548addd553ff53,True,3,123399,True
agentsight,b5bc34dabe6a,docs,456ee40e66396fe3,dc8eee442797245d,True,2,189770,True
agentsight,b5bc34dabe6a,frontend,494855b1cfbe0acd,5d8abb2a4a2c92ce,True,1,167601,True
agentsight,b5bc34dabe6a,docs,dc8eee442797245d,5efd0713d7f4986d,True,3,284054,True
agentsight,b5bc34dabe6a,frontend-preview,816f782f8e4b504c,5efd0713d7f4986d,True,14,724442,True
agentsight,b5bc34dabe6a,frontend,622a4de6fb6ae691,6a3c84249d198287,True,1,55626,True
agentsight,b5bc34dabe6a,docs,5efd0713d7f4986d,747740e3c6656620,True,3,166278,False
agentsight,b5bc34dabe6a,frontend,7bd23c818b791a74,863bb4a95b203b24,True,4,214410,True
agentsight,b5bc34dabe6a,docs,1f2d8df19ddc0e4a,9f4f3b73944f24b3,True,4,290363,True
agentsight,b5bc34dabe6a,.github,1e4433cb4d9a5d92,1cc815770ee5070e,True,9,449636,True
agentsight,b5bc34dabe6a,docs,98b49e15360d40d3,46a6acf2748809cb,True,1,16850,True
agentsight,b5bc34dabe6a,.agentsight,bf26f793b5a61e35,c5e9b76466f0e46b,True,83,3113072,True
agentsight,b5bc34dabe6a,docs,9dcf2fe2c457e600,004b76972602f5bd,True,2,59536,False
agentsight,b5bc34dabe6a,script,6ad106a27d6cf999,945a58f95ad70cef,True,74,2972049,False
agentsight,b5bc34dabe6a,script,945a58f95ad70cef,ffde4973e086b20b,True,1,43292,False
agentsight,b5bc34dabe6a,docs,978b74c346d68b59,06a8f575760c2c2d,True,1,77592,False
agentsight,b5bc34dabe6a,script,ffde4973e086b20b,76ac448f492dc395,True,8,310349,False
agentsight,b5bc34dabe6a,docs,cf29ad03e1b326af,0ee0fd4b97dcd6f2,True,1,109623,True
agentsight,b5bc34dabe6a,script,76ac448f492dc395,39e31eeedb994e4f,True,8,192049,True
agentsight,b5bc34dabe6a,docs,9c1881e2394a153e,07d990fd09b06c1d,True,1,6065,True
agentsight,b5bc34dabe6a,script,39e31eeedb994e4f,acd40347c7a014f2,True,57,2014167,False
agentsight,b5bc34dabe6a,docs,f578606dfec2cec2,c6f515d391c39811,True,1,122763,True
agentsight,b5bc34dabe6a,agentpprof,a31af271abd46f27,9dae6a197a2afeb4,True,201,7909103,True
agentsight,b5bc34dabe6a,docs,8725a3c669a00805,96e153246ef704e1,True,2,792625,True
agentsight,b5bc34dabe6a,script,acd40347c7a014f2,67ddd8653a6c8680,True,88,3905025,True
agentsight,b5bc34dabe6a,script,67ddd8653a6c8680,5570681b9596eca3,True,1,55582,True
agentsight,b5bc34dabe6a,docs,f936c4e1a49c2454,a39d197cd8ff1a00,True,1,55184,True
agentsight,b5bc34dabe6a,script,5570681b9596eca3,7d298235fa51b15d,True,1,64684,True
agentsight,b5bc34dabe6a,docs,a39d197cd8ff1a00,4d2e691bf6704284,True,3,40378,True
agentsight,b5bc34dabe6a,script,aa89c38aa6049978,60cbf3977fc34562,True,12,521287,True
agentsight,b5bc34dabe6a,docs,ea3b9ba9c7e8d908,7131d2ea38b15faf,True,1,14985,True
agentsight,b5bc34dabe6a,script,60cbf3977fc34562,1b5b4240f2b46cbb,True,22,2088364,True
agentsight,b5bc34dabe6a,docs,51c06a499649d74f,e6ff034f88756f73,True,1,364723,True
agentsight,b5bc34dabe6a,.agentsight,0a28cfa3e71cc016,fe0adfe2aa7468b1,True,215,9828300,True
agentsight,b5bc34dabe6a,script,ffcc66c631f49841,fe0adfe2aa7468b1,True,2,255959,True
agentsight,b5bc34dabe6a,docs,59ddf6774102592a,9f40744c498558d5,True,1,42327,True
agentsight,b5bc34dabe6a,script,fe0adfe2aa7468b1,c0eac4c0c3c35ea6,True,1,7723,True
agentsight,b5bc34dabe6a,docs,9f40744c498558d5,0e84bcde70848213,True,1,20235,True
agentsight,b5bc34dabe6a,script,c0eac4c0c3c35ea6,a4d34fbb37ae0a66,True,3,215187,True
agentsight,b5bc34dabe6a,docs,82e87651ff0f00a5,151c6ba346a3cfc0,True,1,37785,True
agentsight,b5bc34dabe6a,script,a4d34fbb37ae0a66,7c2faa28aad03911,True,1,4819,True
agentsight,b5bc34dabe6a,docs,151c6ba346a3cfc0,a5c3be81a9bdcb49,True,1,65129,True
agentsight,b5bc34dabe6a,script,7c2faa28aad03911,dcaf66c98f4f0f93,True,1,72230,True
agentsight,b5bc34dabe6a,.agentsight,fe0adfe2aa7468b1,d54b99009ba1644f,True,10,343587,True
agentsight,b5bc34dabe6a,script,dcaf66c98f4f0f93,18354fb41de8fa66,True,1,62736,True
agentsight,b5bc34dabe6a,docs,a5c3be81a9bdcb49,168d2d965d7604f8,True,3,405614,True
agentsight,b5bc34dabe6a,.agentsight,d54b99009ba1644f,cb155ec9ea6d046f,True,6,802720,True
agentsight,b5bc34dabe6a,docs,168d2d965d7604f8,5de7b20c726f7e9b,True,5,721588,True
agentsight,b5bc34dabe6a,.agentsight,cb155ec9ea6d046f,c27c8147f85a9e9b,True,2,325364,True
agentsight,b5bc34dabe6a,docs,b7d7278e69d8bd9d,91163e3fd5d62f0c,True,1,19931,True
agentsight,b5bc34dabe6a,script,e98fa14dcec29290,f7cb361340e92c1d,True,5,407805,True
agentsight,b5bc34dabe6a,docs,91163e3fd5d62f0c,1348c9d811351dd3,True,1,163837,True
agentsight,b5bc34dabe6a,script,f7cb361340e92c1d,e25614fd6aa7053b,True,1,135581,True
agentsight,b5bc34dabe6a,docs,1348c9d811351dd3,2de9f88dbf2f5a1d,True,3,128298,True
agentsight,b5bc34dabe6a,docs,2de9f88dbf2f5a1d,4d6d7d02a8e136e3,True,1,228761,True
agentsight,b5bc34dabe6a,script,e9d394e8c72c2ec7,b2b3a2cc52d02bab,True,1,55220,True
agentsight,b5bc34dabe6a,docs,4d6d7d02a8e136e3,a7159c7f3cdb5466,True,9,263414,True
agentsight,b5bc34dabe6a,script,a7159c7f3cdb5466,a05432a296d3fd4e,True,1,96714,True
agentsight,b5bc34dabe6a,docs,9c4471e2fa293dc2,7fe422cc3618c5c0,True,1,47386,True
agentsight,b5bc34dabe6a,docs,7fe422cc3618c5c0,e1e303381d283ae2,True,2,35913,True
agentsight,b5bc34dabe6a,script,053e0a008bf0f5fe,1c699737d8644021,True,1,43373,True
agentsight,b5bc34dabe6a,.agentsight,c27c8147f85a9e9b,425b26c0e3d5bb28,True,26,1086685,True
agentsight,b5bc34dabe6a,docs,e1e303381d283ae2,c025c4a85fabb15c,True,2,200920,True
agentsight,b5bc34dabe6a,script,1c699737d8644021,8a341b4dbb846eae,True,2,210168,True
agentsight,b5bc34dabe6a,script,0aee4ff76a3fdfa6,e8d1d22faa06d418,True,3,526722,True
agentsight,b5bc34dabe6a,.agentsight,c025c4a85fabb15c,0f45ae8cb984b7d8,True,6,740044,True
agentsight,b5bc34dabe6a,docs,e8d1d22faa06d418,40c9c117d96db991,True,1,243144,True
agentsight,b5bc34dabe6a,script,e8d1d22faa06d418,0e8dbfc60d565273,True,3,352997,True
agentsight,b5bc34dabe6a,.agentsight,0f45ae8cb984b7d8,57debcc2d582a294,True,3,351109,True
agentsight,b5bc34dabe6a,docs,0e8dbfc60d565273,c95ab8373f054a9c,True,1,29136,True
agentsight,b5bc34dabe6a,script,0e8dbfc60d565273,3a87f7b73b2cad1e,True,2,205793,True
agentsight,b5bc34dabe6a,.agentsight,57debcc2d582a294,1b4ff492a8ca0d2a,True,2,204866,True
agentsight,b5bc34dabe6a,docs,3a87f7b73b2cad1e,113993f832aee052,True,1,178444,True
agentsight,b5bc34dabe6a,script,3a87f7b73b2cad1e,38b61e25d853fb17,True,2,251375,True
agentsight,b5bc34dabe6a,.agentsight,1b4ff492a8ca0d2a,a665a3ccaa431c7f,True,2,255126,True
agentsight,b5bc34dabe6a,docs,38b61e25d853fb17,db310fea3834cdc5,True,1,249908,True
agentsight,b5bc34dabe6a,script,38b61e25d853fb17,94fc25d0d2af2ce3,True,2,584888,True
agentsight,b5bc34dabe6a,.agentsight,a665a3ccaa431c7f,f52cff512931a8cf,True,8,4752565,True
agentsight,b5bc34dabe6a,docs,db310fea3834cdc5,a459b20db788bf87,True,8,4597144,True
agentsight,b5bc34dabe6a,.agentsight,f52cff512931a8cf,1cab57196f66b7be,True,1,89879,True
agentsight,b5bc34dabe6a,script,04a2bc30ad9dc322,22fa3b7bf31466c2,True,3,4063402,True
agentsight,b5bc34dabe6a,docs,a459b20db788bf87,6f7bfcddc8dfdecb,True,8,229472,True
agentsight,b5bc34dabe6a,.agentsight,22fa3b7bf31466c2,a2b160cd4787eb49,True,9,208407,True
agentsight,b5bc34dabe6a,docs,2c156b3e2bd094a8,f51f30d9c4166df0,True,1,35157,True
agentsight,b5bc34dabe6a,script,df1016e35c8d5b2f,b48422a05ed6cdb0,True,5,219340,True
agentsight,b5bc34dabe6a,docs,f51f30d9c4166df0,9a6f29e81f5c41b4,True,2,119740,True
agentsight,b5bc34dabe6a,script,4052dc5be6c41b75,88fae56158b40fa6,True,1,108066,True
agentsight,b5bc34dabe6a,docs,9a6f29e81f5c41b4,cd31d6c53679cfc5,True,1,74514,True
agentsight,b5bc34dabe6a,script,88fae56158b40fa6,a492818e1852d46a,True,2,20002,True
agentsight,b5bc34dabe6a,docs,7d2342427ea4c6db,28173fcab099c5e8,True,2,99502,True
agentsight,b5bc34dabe6a,script,d3070cb5f970b5d4,676b19578be3d4c6,True,1,210055,True
agentsight,b5bc34dabe6a,docs,28173fcab099c5e8,5da44b7e4b6eee03,True,1,145627,True
agentsight,b5bc34dabe6a,.agentsight,a2b160cd4787eb49,716c0d44c2010bbb,True,14,641515,True
agentsight,b5bc34dabe6a,.agentsight,716c0d44c2010bbb,d531c2461d67ba18,True,4,47800,True
agentsight,b5bc34dabe6a,script,5da44b7e4b6eee03,f204afe7a6f47dfa,True,14,746356,True
agentsight,b5bc34dabe6a,docs,9a2f6880b11e49c0,df2037235d0f738e,True,1,86635,True
agentsight,b5bc34dabe6a,script,f204afe7a6f47dfa,c3ec45ef2f4731e8,True,2,29718,True
agentsight,b5bc34dabe6a,docs,61fc9c3d4140dcbd,e13c78809a5e5b48,True,1,163478,True
agentsight,b5bc34dabe6a,script,e13c78809a5e5b48,93d09b05e78867ff,True,15,799082,True
agentsight,b5bc34dabe6a,.agentsight,d531c2461d67ba18,9c9d2b6b547fb161,True,29,1588184,True
agentsight,b5bc34dabe6a,docs,132ed52203a8b2dd,b5271b948aa089b3,True,4,154232,True
agentsight,b5bc34dabe6a,script,ef9adab5cb354a8e,dff5343af109e713,True,2,285022,True
agentsight,b5bc34dabe6a,docs,b5271b948aa089b3,955dfc943debd733,True,1,309262,True
agentsight,b5bc34dabe6a,script,dff5343af109e713,59d47f302790c0a9,True,2,800815,True
agentsight,b5bc34dabe6a,docs,1d6f152fe96273f9,7362a3b6a5e0734d,True,4,1304706,True
agentsight,b5bc34dabe6a,.agentsight,9c9d2b6b547fb161,45c37b5766669250,True,9,2314563,True
agentsight,b5bc34dabe6a,script,32765faa88f73b84,a3c5f18d8c7e334b,True,2,1071698,True
agentsight,b5bc34dabe6a,docs,7362a3b6a5e0734d,1e1e48d9ee5ac235,True,5,46049,True
agentsight,b5bc34dabe6a,.agentsight,45c37b5766669250,284c5db87cf47e2a,True,5,49504,True
agentsight,b5bc34dabe6a,script,80eb39549a9adf09,e36dd27eed6ca7ea,True,2,32518,True
agentsight,b5bc34dabe6a,docs,284c5db87cf47e2a,a0f913bcc37c6a39,True,2,30483,True
agentsight,b5bc34dabe6a,.agentsight,284c5db87cf47e2a,2aec7f9ad3e7e3d4,True,3,142521,True
agentsight,b5bc34dabe6a,docs,a0f913bcc37c6a39,c8e2fb9befbbcb89,True,1,304508,True
agentsight,b5bc34dabe6a,repo-root-files,e70a2eaffcedaab8,e378d94630a7f5ef,True,666,42161778,True
agentsight,b5bc34dabe6a,docs,c479c1dd39874113,bf858f334b39ea15,True,1,82879,True
agentsight,b5bc34dabe6a,.agentsight,2aec7f9ad3e7e3d4,fbde1ebf5510544a,True,8,388128,True
agentsight,b5bc34dabe6a,script,d5e228bf08c6f68d,35480599c4ef6aec,True,11,531870,True
agentsight,b5bc34dabe6a,.agentsight,fbde1ebf5510544a,0e657d31d61ec3f5,True,2,96089,True
agentsight,b5bc34dabe6a,docs,a7fbac729e86a9b4,5de20b2632b89a93,True,4,116798,True
agentsight,b5bc34dabe6a,script,80f629252d9991ea,1600c8f2b279e7a9,True,12,938298,True
agentsight,b5bc34dabe6a,docs,6966381c7e5de61f,d31eef9e9ffe3376,True,1,88303,True
agentsight,b5bc34dabe6a,script,1600c8f2b279e7a9,641fdf268aabc757,True,1,223103,True
agentsight,b5bc34dabe6a,docs,d31eef9e9ffe3376,915044a80cdce298,True,1,249281,True
agentsight,b5bc34dabe6a,.agentsight,0e657d31d61ec3f5,90562d873cb40285,True,15,2659413,True
agentsight,b5bc34dabe6a,script,641fdf268aabc757,0569f5d2d4fba9fb,True,2,1590057,True
agentsight,b5bc34dabe6a,.agentsight,90562d873cb40285,6b712d3adfeb0da5,True,4,44335,True
agentsight,b5bc34dabe6a,docs,915044a80cdce298,746c5491ab0cbf8e,True,6,1556082,True
agentsight,b5bc34dabe6a,script,e338a7b349b553a9,975e41ea34ab6d22,True,2,166049,True
agentsight,b5bc34dabe6a,docs,746c5491ab0cbf8e,d7be9debf8d95f5f,True,1,337012,True
agentsight,b5bc34dabe6a,script,d7be9debf8d95f5f,29c3f1f0df1d6ad3,True,1,48555,True
agentsight,b5bc34dabe6a,docs,41c0ecbdecfc9a00,177567bf4432c3d9,True,1,95898,True
agentsight,b5bc34dabe6a,script,29c3f1f0df1d6ad3,43b1fe28d56374e1,True,1,93124,True
agentsight,b5bc34dabe6a,docs,177567bf4432c3d9,98e0eb87e16828e3,True,1,47600,True
agentsight,b5bc34dabe6a,script,43b1fe28d56374e1,374b2a61984e648a,True,1,181413,True
agentsight,b5bc34dabe6a,.agentsight,6b712d3adfeb0da5,3e3239bb8fda5150,True,9,710276,True
agentsight,b5bc34dabe6a,docs,374b2a61984e648a,93a1f9072fd2069c,True,1,102600,True
agentsight,b5bc34dabe6a,script,374b2a61984e648a,93a1f9072fd2069c,True,1,102600,True
agentsight,b5bc34dabe6a,script,93a1f9072fd2069c,aa37173f04ea25ca,True,1,35874,True
agentsight,b5bc34dabe6a,script,aa37173f04ea25ca,3cb696a46532de8c,True,3,303014,True
agentsight,b5bc34dabe6a,docs,fb29b8503c64f81a,1b3046a2d0a60de2,True,4,272256,True
agentsight,b5bc34dabe6a,script,0642bc966107ef3e,c8783d68fe306e96,True,11,488955,True
agentsight,b5bc34dabe6a,docs,322fbaa0a84ec9b2,9e201e44e4d263cd,True,1,45533,True
agentsight,b5bc34dabe6a,script,c8783d68fe306e96,b95f4f858e0c6e35,True,4,56692,True
agentsight,b5bc34dabe6a,docs,ae41d4973309842f,9448f008f820e83a,True,1,40340,True
agentsight,b5bc34dabe6a,script,b95f4f858e0c6e35,1866ffdb0ce5738a,True,4,382465,True
agentsight,b5bc34dabe6a,docs,cd6ee83bd5a44cdd,0a5c1710fa46380f,True,4,33325,True
agentsight,b5bc34dabe6a,script,4cd87d065f858725,1ccc655553f71587,True,2,103721,True
agentsight,b5bc34dabe6a,docs,4ccc5e907df9033a,d9a153cf518d80e8,True,13,838536,True
agentsight,b5bc34dabe6a,.agentsight,3e3239bb8fda5150,e482f4009d6ddc32,True,53,4177957,True
agentsight,b5bc34dabe6a,script,f785cda5d4406784,5151ab207bce0389,True,6,2000808,True
agentsight,b5bc34dabe6a,docs,9b3565a004d2e6aa,683b29ed2f7c9992,True,2,22652,True
agentsight,b5bc34dabe6a,script,6785ffa43460303b,0baf6cd9209777ba,True,1,16908,True
agentsight,b5bc34dabe6a,docs,683b29ed2f7c9992,6213de8d2ed1d638,True,2,10662,True
agentsight,b5bc34dabe6a,script,2386a38965e092ad,5bf838795ac81247,True,1,4337,True
agentsight,b5bc34dabe6a,docs,6213de8d2ed1d638,4b0f6796b5b881ed,True,4,41206,True
agentsight,b5bc34dabe6a,.agentsight,ef0249383b04624d,13dd936739893a20,True,15,280934,True
agentsight,b5bc34dabe6a,docs,8f66dab39e38960f,49c1aa1c1d492f52,True,1,149397,True
agentsight,b5bc34dabe6a,.agentsight,13dd936739893a20,f60fcf0ad5c92504,True,1,89387,True
agentsight,b5bc34dabe6a,script,f420ead0b7c3732a,c30eadd111b6618c,True,7,325585,True
agentsight,b5bc34dabe6a,docs,c30eadd111b6618c,edc7862c22361b02,True,2,192460,True
agentsight,b5bc34dabe6a,script,19c550fade3ed892,eebc1e918afa5ef8,True,14,515638,True
agentsight,b5bc34dabe6a,docs,1ccc74dde1cfaa50,ad712fc620ffb6e6,True,3,93521,True
agentsight,b5bc34dabe6a,script,590b86ecfbeac0bb,746c1ac1b5605289,True,2,326817,True
agentsight,b5bc34dabe6a,docs,16a0c92282f5657f,e392fbe4029d8f10,True,1,238064,True
agentsight,b5bc34dabe6a,script,746c1ac1b5605289,d5956ad9c8b6cf06,True,2,30212,True
agentsight,b5bc34dabe6a,docs,16e112b65a2165ff,8acfc3c04e5c5b70,True,2,415149,True
agentsight,b5bc34dabe6a,script,117cbbd1524ef561,61874d53f85eac76,True,4,695323,True
agentsight,b5bc34dabe6a,docs,10b9b94a30a1baf9,64ad924f46d33443,True,1,51174,True
agentsight,b5bc34dabe6a,script,61874d53f85eac76,6cd4ff4f79b36c77,True,5,307821,True
agentsight,b5bc34dabe6a,docs,8da60f239dc00313,b077ecac488fa00d,True,3,83747,True
agentsight,b5bc34dabe6a,docs,b077ecac488fa00d,4b394171358bbc6a,True,4,367229,True
agentsight,b5bc34dabe6a,script,699539fb8c247f89,2d39f87c9ba25a7a,True,3,2434244,True
agentsight,b5bc34dabe6a,docs,83f033396cae53ca,ef60916c28b27d2c,True,1,47462,True
agentsight,b5bc34dabe6a,.agentsight,f60fcf0ad5c92504,b0af5c565cdf3632,True,50,4802537,True
agentsight,b5bc34dabe6a,docs,ef60916c28b27d2c,295d8cd1df4465fb,True,1,164535,True
agentsight,b5bc34dabe6a,script,2d39f87c9ba25a7a,6095a96c095214ea,True,14,772386,True
agentsight,b5bc34dabe6a,docs,1b1f23aa6e2f8978,f4feb8984858e177,True,1,6920,True
agentsight,b5bc34dabe6a,script,6095a96c095214ea,ed132a15b38394fa,True,1,8766,True
agentsight,b5bc34dabe6a,docs,f4feb8984858e177,90cf9b67d85d5b35,True,1,11001,True
agentsight,b5bc34dabe6a,script,ed132a15b38394fa,fee3f02753d87bca,True,6,188129,True
agentsight,b5bc34dabe6a,docs,7b2ffcb453571182,b8437f1787a63c06,True,4,668763,True
agentsight,b5bc34dabe6a,script,b7fe09cb6442040e,ad862dfae17f2055,True,8,864562,True
agentsight,b5bc34dabe6a,docs,4a90322944dca919,36814605f7ae62b8,True,6,176169,True
agentsight,b5bc34dabe6a,repo-root-files,e378d94630a7f5ef,7c614568abfe7fbc,True,204,15210522,True
agentsight,b5bc34dabe6a,script,093a18467fde136f,85c90d977046ca32,True,5,287449,True
agentsight,b5bc34dabe6a,.agentsight,b0af5c565cdf3632,6a8975326861da82,True,45,2313287,True
agentsight,b5bc34dabe6a,script,85c90d977046ca32,559a4d99949da351,True,1,16273,True
agentsight,b5bc34dabe6a,agentpprof,9dae6a197a2afeb4,d8fb4f8dd89193e4,True,447,34012173,False
agentsight,b5bc34dabe6a,docs,7c614568abfe7fbc,8245ed9dffd195dc,True,8,434213,True
agentsight,b5bc34dabe6a,.agentsight,6a8975326861da82,944cd11f5ef120d8,True,16,667173,True
agentsight,b5bc34dabe6a,script,a57cee1301af9f93,af5eb415dff7d8aa,True,15,1362006,True
agentsight,b5bc34dabe6a,docs,8e36808bc087c80f,f295c11dee369759,True,3,262265,True
agentsight,b5bc34dabe6a,script,495d3983229a9ff6,77cd3d4af5c7a019,True,8,3178120,True
agentsight,b5bc34dabe6a,docs,e6e928cc133c6a5e,0c7579b3f1c60a11,True,5,199031,True
agentsight,b5bc34dabe6a,script,e42c946277b25e36,b1cebdd5e8286782,True,15,917960,True
agentsight,b5bc34dabe6a,script,b1cebdd5e8286782,9267a63fc9849e2f,True,3,138737,True
agentsight,b5bc34dabe6a,docs,9267a63fc9849e2f,2cfce60e57e0a7e3,True,1,68196,True
agentsight,b5bc34dabe6a,script,ccd972c3dd9b2f49,c09c2603d702d111,True,1,30924,True
agentsight,b5bc34dabe6a,docs,2cfce60e57e0a7e3,155b8271ea7da54e,True,1,27638,True
agentsight,b5bc34dabe6a,script,155b8271ea7da54e,3aee812394242d67,True,1,38101,True
agentsight,b5bc34dabe6a,.agentsight,944cd11f5ef120d8,4aeaa49f355181b7,True,46,5447949,True
agentsight,b5bc34dabe6a,docs,3d63071f6c08b886,31f0e1f1eaad7131,True,3,54176,True
agentsight,b5bc34dabe6a,script,4aeaa49f355181b7,11550007be10781e,True,1,30294,True
agentsight,b5bc34dabe6a,docs,31f0e1f1eaad7131,43a00fb97a9cca60,True,4,41337,True
agentsight,b5bc34dabe6a,script,80533e5b23695a13,e735e791f15d1902,True,5,42722,True
agentsight,b5bc34dabe6a,docs,26c11fd23cdc858d,3bacdbf5c622d65d,True,1,16163,True
agentsight,b5bc34dabe6a,script,e735e791f15d1902,b2662f7865ed38d2,True,1,6743,True
agentsight,b5bc34dabe6a,docs,3bacdbf5c622d65d,0ecccb3754e9b9c8,True,1,5659,True
agentsight,b5bc34dabe6a,.agentsight,4aeaa49f355181b7,37292d47fe4364f6,True,14,190362,True
agentsight,b5bc34dabe6a,docs,0ecccb3754e9b9c8,af113f39bc8c7f59,True,1,163335,True
agentsight,b5bc34dabe6a,.agentsight,37292d47fe4364f6,6fc144b33da0b178,True,1,79873,True
agentsight,b5bc34dabe6a,docs,af113f39bc8c7f59,a566a744d89b8e1c,True,1,43198,True
agentsight,b5bc34dabe6a,script,b2662f7865ed38d2,8c87d94252b1caa7,True,6,263511,True
agentsight,b5bc34dabe6a,docs,fc68ab972b72de17,2c58085f6e922ff1,True,3,130703,True
agentsight,b5bc34dabe6a,script,a491da92bb2319ba,2b8b7bf154ad908f,True,1,60147,True
agentsight,b5bc34dabe6a,docs,2c58085f6e922ff1,61074e1ae5a1a378,True,2,358871,True
agentsight,b5bc34dabe6a,.agentsight,6fc144b33da0b178,51e859d758307435,True,10,586846,True
agentsight,b5bc34dabe6a,script,1a92a8c7f010d448,21853a960f4bc6e9,True,1,9703,True
agentsight,b5bc34dabe6a,docs,61074e1ae5a1a378,400ff3ca83bb760f,True,3,50148,True
agentsight,b5bc34dabe6a,.agentsight,51e859d758307435,11713c6821b7edbb,True,2,180718,True
agentsight,b5bc34dabe6a,docs,400ff3ca83bb760f,3855da205cf7d817,True,1,388497,True
agentsight,b5bc34dabe6a,script,21853a960f4bc6e9,3855da205cf7d817,True,2,395674,True
agentsight,b5bc34dabe6a,docs,3855da205cf7d817,7185da6a52b49d54,True,1,134270,True
agentsight,b5bc34dabe6a,docs,7185da6a52b49d54,34e90fbd7969df53,True,1,47208,True
agentsight,b5bc34dabe6a,script,7e42e58e08784550,cde8080e3c9998eb,True,2,144985,True
agentsight,b5bc34dabe6a,.agentsight,11713c6821b7edbb,d663cef08eaad98f,True,7,543895,True
agentsight,b5bc34dabe6a,docs,cde8080e3c9998eb,cf38f7e860c7d746,True,1,418274,True
agentsight,b5bc34dabe6a,script,cde8080e3c9998eb,cf38f7e860c7d746,True,1,418274,True
agentsight,b5bc34dabe6a,docs,cf38f7e860c7d746,99f7fd00e9fe8eb2,True,1,225456,True
agentsight,b5bc34dabe6a,.agentsight,d663cef08eaad98f,9cd33928cf4ed41a,True,4,649833,True
agentsight,b5bc34dabe6a,docs,f165f484a2bf2c7c,439000d727871fe1,True,1,123540,True
agentsight,b5bc34dabe6a,script,9958301b0d5ecac1,439000d727871fe1,True,3,163974,True
agentsight,b5bc34dabe6a,docs,439000d727871fe1,71c573de014b165b,True,2,454433,True
agentsight,b5bc34dabe6a,script,6cb3d89e41a37390,dfe70413a112092a,True,1,447561,True
agentsight,b5bc34dabe6a,.agentsight,9cd33928cf4ed41a,87e638e2305bc0cf,True,6,594480,True
agentsight,b5bc34dabe6a,docs,71c573de014b165b,b25bfa10653755f6,True,3,39210,True
agentsight,b5bc34dabe6a,.agentsight,87e638e2305bc0cf,7184130b2aec4b02,True,1,20988,True
agentsight,b5bc34dabe6a,script,59e101e9d77e8d69,194261149e15e65b,True,3,33264,True
agentsight,b5bc34dabe6a,docs,b25bfa10653755f6,2ab31d6c911d47c3,True,3,28033,True
agentsight,b5bc34dabe6a,script,347b2c43f1e4febb,ff4f12105b116539,True,1,23610,True
agentsight,b5bc34dabe6a,.agentsight,7184130b2aec4b02,47d761153651e8ba,True,5,52103,True
agentsight,b5bc34dabe6a,docs,2ab31d6c911d47c3,47d761153651e8ba,True,2,34363,True
agentsight,b5bc34dabe6a,script,78d377b9b6c09720,1730b26be78a5cbe,True,6,301965,True
agentsight,b5bc34dabe6a,docs,45dc968285701570,751e0a019787eb15,True,1,180721,True
agentsight,b5bc34dabe6a,script,1730b26be78a5cbe,34ac602801c10e6a,True,2,77022,True
agentsight,b5bc34dabe6a,docs,b3841362bf5fcdbc,d63c98933da14549,True,7,183637,True
agentsight,b5bc34dabe6a,.agentsight,47d761153651e8ba,1afa4523d44e0a51,True,16,559122,True
agentsight,b5bc34dabe6a,docs,d63c98933da14549,4f7c34e453b4bf8b,True,1,28311,True
agentsight,b5bc34dabe6a,script,05593386e700d91e,4f7c34e453b4bf8b,True,2,61695,True
agentsight,b5bc34dabe6a,script,4f7c34e453b4bf8b,93948b7aa7f827c6,True,2,22603,True
agentsight,b5bc34dabe6a,docs,5a700b9538427b9f,94507e3a187a175f,True,1,93448,True
agentsight,b5bc34dabe6a,script,93948b7aa7f827c6,6a39c58810ef0106,True,7,265988,True
agentsight,b5bc34dabe6a,docs,6aec6a6562653490,00e2f61cfe07a57c,True,2,37999,True
agentsight,b5bc34dabe6a,script,9e9ce6ac74696402,89b55a4fd60e0664,True,25,1087416,True
agentsight,b5bc34dabe6a,docs,08513ca8b220f2ae,912420784d59e69b,True,3,337790,True
agentsight,b5bc34dabe6a,script,397eb11c0c5991e3,29a78769b1605e5a,True,1,104329,True
agentsight,b5bc34dabe6a,docs,912420784d59e69b,c8cbf1c97b086e7d,True,1,39729,True
agentsight,b5bc34dabe6a,script,29a78769b1605e5a,63ae000c98d59630,True,8,239105,True
agentsight,b5bc34dabe6a,docs,d317a03f50416daa,07c59b71835faf5d,True,10,363798,True
agentsight,b5bc34dabe6a,script,1eedaedb1975b88a,74751b3260338573,True,2,2690268,True
agentsight,b5bc34dabe6a,docs,42fffccca0e87b21,32675e33e8ad48ae,True,3,29518,True
agentsight,b5bc34dabe6a,script,c2942115e37d109d,766226ce493e1758,True,1,5587,True
agentsight,b5bc34dabe6a,docs,32675e33e8ad48ae,634c8c768448c51f,True,1,24603,True
agentsight,b5bc34dabe6a,script,766226ce493e1758,9973431be04acd53,True,3,43224,True
agentsight,b5bc34dabe6a,.agentsight,4f7c34e453b4bf8b,675314929e7a4405,True,72,4635271,True
agentsight,b5bc34dabe6a,docs,56993e59672ba56e,675314929e7a4405,True,2,26641,True
agentsight,b5bc34dabe6a,docs,675314929e7a4405,5ded16773571a27d,True,1,280280,True
agentsight,b5bc34dabe6a,.agentsight,3469c6bca248bbe8,2a70b17eda4c8d07,True,11,480299,True
agentsight,b5bc34dabe6a,script,3ebbce3e63d1d3b7,18fa177c67c2e089,True,15,687783,True
agentsight,b5bc34dabe6a,docs,033803538f137bf3,398215f1dd05ff52,True,3,183024,True
agentsight,b5bc34dabe6a,script,18fa177c67c2e089,48dadf757577087b,True,1,140882,True
agentsight,b5bc34dabe6a,docs,398215f1dd05ff52,b39b94f441dca66e,True,1,146675,True
agentsight,b5bc34dabe6a,script,b39b94f441dca66e,b5ca6b903336bdd0,True,4,164430,True
agentsight,b5bc34dabe6a,docs,d2ed2461982cfd7e,b141289c23167a9e,True,1,102994,True
agentsight,b5bc34dabe6a,script,b5ca6b903336bdd0,7f2c477f36ecca7a,True,4,215119,True
agentsight,b5bc34dabe6a,docs,4be1c203939ebd2f,e93754f29a01be69,True,3,92772,True
agentsight,b5bc34dabe6a,script,4719004ad6277319,32798325cf55fa03,True,1,22477,True
agentsight,b5bc34dabe6a,.agentsight,c405f4fb33394445,b3ae533883b43fdf,True,18,721375,True
agentsight,b5bc34dabe6a,script,32798325cf55fa03,b368228568ffeacd,True,1,151919,True
agentsight,b5bc34dabe6a,docs,32798325cf55fa03,b3eff921c66b1a67,True,2,212357,True
agentsight,b5bc34dabe6a,script,b368228568ffeacd,999007b31a15a0f7,True,1,67277,True
agentsight,b5bc34dabe6a,docs,b3eff921c66b1a67,7832f85c316f2cb6,True,8,111826,True
agentsight,b5bc34dabe6a,script,7832f85c316f2cb6,20712a020b73a377,True,1,12195,True
agentsight,b5bc34dabe6a,docs,45b1cdb718b62549,c19b7455e42e5747,True,3,31532,True
agentsight,b5bc34dabe6a,script,17a6d79ccb822668,b91c5ded9d6b06c5,True,1,34422,True
agentsight,b5bc34dabe6a,docs,c19b7455e42e5747,d1a31c5df8d50575,True,5,482244,True
agentsight,b5bc34dabe6a,script,04866478c66231b3,4961f7357e975435,True,2,2099606,True
agentsight,b5bc34dabe6a,docs,8111c67d2fe46ce5,efe6e1d4cb34c3c9,True,2,42091,True
agentsight,b5bc34dabe6a,script,eca1f7f7c87cafe5,20092dcf4142f6bd,True,1,30941,True
agentsight,b5bc34dabe6a,docs,efe6e1d4cb34c3c9,1147cf2f1e91c955,True,2,54122,True
agentsight,b5bc34dabe6a,script,726d235df1fe4ee6,bddfae78b8393f2a,True,2,218426,True
agentsight,b5bc34dabe6a,docs,4c8c1ea84760c63e,9bc52b1fdb807596,True,1,311824,True
agentsight,b5bc34dabe6a,.agentsight,b3ae533883b43fdf,b8f276c5de8601bd,True,32,3010215,True
agentsight,b5bc34dabe6a,script,bddfae78b8393f2a,9344223801c1ac81,True,2,170154,True
agentsight,b5bc34dabe6a,docs,9bc52b1fdb807596,98299b03c57ca408,True,2,45979,True
agentsight,b5bc34dabe6a,script,9344223801c1ac81,17a63b584022d0ae,True,5,275180,True
agentsight,b5bc34dabe6a,docs,5fe9890040e9fed0,b72b0f9f70639cb7,True,3,92853,True
agentsight,b5bc34dabe6a,.agentsight,b8f276c5de8601bd,df73b10e40978bf8,True,13,433237,True
agentsight,b5bc34dabe6a,script,0535be0861ec261b,f2f536eeecabff3f,True,5,158417,True
agentsight,b5bc34dabe6a,docs,31f3c28fa0392738,2da1e3ffaefe9c2c,True,9,166337,True
agentsight,b5bc34dabe6a,script,3ff427f1a2309cb4,beaa52d02a41b062,True,4,97837,True
agentsight,b5bc34dabe6a,docs,3551a9320f6b55ba,9b0f6e921a3898a0,True,1,29989,True
agentsight,b5bc34dabe6a,.agentsight,df73b10e40978bf8,36ed00abe920a3c6,True,14,198460,True
agentsight,b5bc34dabe6a,docs,9b0f6e921a3898a0,e188c64d7319607d,True,1,39608,True
agentsight,b5bc34dabe6a,.agentsight,36ed00abe920a3c6,306e25697ff11999,True,5,135418,True
agentsight,b5bc34dabe6a,docs,71eb8728899c0fd2,85f39ef7b3c5d221,True,1,9774,True
agentsight,b5bc34dabe6a,script,beaa52d02a41b062,4bc7009a4999659b,True,11,359531,True
agentsight,b5bc34dabe6a,.agentsight,306e25697ff11999,21a9318db2a5aa2c,True,4,249137,True
agentsight,b5bc34dabe6a,script,4bc7009a4999659b,3b9b7f3d7f84d6a2,True,1,117132,True
agentsight,b5bc34dabe6a,.agentsight,21a9318db2a5aa2c,0c73465069257f7d,True,1,168403,True
agentsight,b5bc34dabe6a,docs,84bf1b318219563a,7f87c8e1edddac21,True,4,391844,True
agentsight,b5bc34dabe6a,script,3b9b7f3d7f84d6a2,a10ce1281e7b4799,True,2,161815,True
agentsight,b5bc34dabe6a,.agentsight,0c73465069257f7d,a63ee3af5f25fa16,True,2,76205,True
agentsight,b5bc34dabe6a,docs,7f87c8e1edddac21,6958504382809eb5,True,3,37912,True
agentsight,b5bc34dabe6a,.agentsight,a63ee3af5f25fa16,5c4148926b9ea5eb,True,4,147331,True
agentsight,b5bc34dabe6a,docs,45e18709f68e3cd6,f5efde4db0632c13,True,1,57203,True
agentsight,b5bc34dabe6a,.agentsight,5c4148926b9ea5eb,757ad575af6ed41f,True,2,163952,True
agentsight,b5bc34dabe6a,docs,0e02fea54bded4ae,5ba99e440564411f,True,3,382179,True
agentsight,b5bc34dabe6a,.agentsight,6db5ef4cd183a81c,c94d2e34efd27d4a,True,4,212371,True
agentsight,b5bc34dabe6a,docs,e97f739fb019453c,5f752d5d95ae1c70,True,1,61555,True
agentsight,b5bc34dabe6a,script,dd42eb502311a129,d96d365d2fb0f17c,True,17,1000073,True
agentsight,b5bc34dabe6a,docs,d8951e59b8809703,94d6647ca219b145,True,1,65893,True
agentsight,b5bc34dabe6a,script,d96d365d2fb0f17c,52daad28ca760cf7,True,6,236868,True
agentsight,b5bc34dabe6a,docs,f9fd1175deac648f,f4fe903fe9fdecbe,True,4,242868,True
agentsight,b5bc34dabe6a,docs,85fb056295bcf3d2,4aa9e0cb3218e243,True,7,419969,True
agentsight,b5bc34dabe6a,script,15624d8ad8345419,2a1186a883f7d297,True,1,76195,True
agentsight,b5bc34dabe6a,docs,2a1186a883f7d297,521fc8ea98b64927,True,12,223934,True
agentsight,b5bc34dabe6a,script,4aeea271a6af1db4,835d0547a96ddeeb,True,1,51250,True
agentsight,b5bc34dabe6a,.agentsight,c94d2e34efd27d4a,f5b1d7a4bce737da,True,41,1596344,True
agentsight,b5bc34dabe6a,script,87be31978d68e333,adb60d2b5976fd6b,True,2,27197,True
agentsight,b5bc34dabe6a,docs,521fc8ea98b64927,09b38230d569d6df,True,6,138986,True
agentsight,b5bc34dabe6a,script,adb60d2b5976fd6b,ea8c07a5afbebe03,True,2,21455,True
agentsight,b5bc34dabe6a,docs,bb63366b3ea5bbd3,880d0122345ff1ff,True,1,12976,True
agentsight,b5bc34dabe6a,script,880d0122345ff1ff,fa60b2a3938225de,True,1,55829,True
agentsight,b5bc34dabe6a,docs,bf5ab5bd6f40918a,d4ef2fb1cc156131,True,1,47636,True
agentsight,b5bc34dabe6a,script,fa60b2a3938225de,3170e6537183b7b2,True,1,28537,True
agentsight,b5bc34dabe6a,docs,d4ef2fb1cc156131,dffccefee76f3b9e,True,2,32382,True
agentsight,b5bc34dabe6a,script,8f0054b0a6312fec,212ede539d3eec62,True,1,11375,True
agentsight,b5bc34dabe6a,docs,212ede539d3eec62,84747c6dddce227a,True,1,195994,True
agentsight,b5bc34dabe6a,docs,84747c6dddce227a,adfbeaaac20d9506,True,1,31434,True
agentsight,b5bc34dabe6a,.agentsight,c1efe2d743b6d8b5,d493ab78e9f45b56,True,18,2240236,True
agentsight,b5bc34dabe6a,script,278e5f0719e486fd,1ae190703ff202ad,True,4,1921277,True
agentsight,b5bc34dabe6a,docs,d493ab78e9f45b56,7d59190a33ea4bbf,True,3,173563,True
agentsight,b5bc34dabe6a,.agentsight,d493ab78e9f45b56,93d1aa2d26ff3a86,True,4,215252,True
agentsight,b5bc34dabe6a,script,7d59190a33ea4bbf,347429cdced90efb,True,2,101463,True
agentsight,b5bc34dabe6a,docs,7d59190a33ea4bbf,a292b2d310af3b83,True,10,458851,True
agentsight,b5bc34dabe6a,.agentsight,51d8409c737563b9,9b57aec9fa1edb08,True,10,1498262,True
agentsight,b5bc34dabe6a,script,7e4213ffaa2b4677,aa9fe6db32420692,True,3,3908578,True
agentsight,b5bc34dabe6a,.agentsight,9b57aec9fa1edb08,f8719eb5b64e43e2,True,2,3035516,True
agentsight,b5bc34dabe6a,docs,2a398753e0fdf885,f8719eb5b64e43e2,True,3,4125438,True
agentsight,b5bc34dabe6a,script,3589396cb1612090,609c7a6e74b734a2,True,1,220518,True
agentsight,b5bc34dabe6a,docs,609c7a6e74b734a2,cfe472ab2836424b,True,1,6942,True
agentsight,b5bc34dabe6a,script,8aa5177d626672fb,b66b762785183a8b,True,1,16546,True
agentsight,b5bc34dabe6a,.agentsight,f8719eb5b64e43e2,c4b5629926920bc4,True,4,38141,True
agentsight,b5bc34dabe6a,script,b66b762785183a8b,db6bb5db16d1e4b1,True,2,28214,True
agentsight,b5bc34dabe6a,docs,cfe472ab2836424b,6eb9503bdcbf138d,True,7,135496,True
agentsight,b5bc34dabe6a,script,b6f4e2fd9d60bfcd,f899592eb87a31d5,True,20,748355,True
agentsight,b5bc34dabe6a,docs,a87486d0f799cc43,8c2dea6db7ad263f,True,6,163919,True
agentsight,b5bc34dabe6a,script,a5ac2370eb3c593b,d63439e06aa93824,True,8,397504,True
agentsight,b5bc34dabe6a,script,8429fe5d80c5fd9e,3ae6502640d6bfa4,True,24,792983,True
agentsight,b5bc34dabe6a,docs,2e99d3f61e6c32f3,0260d1f3dc76c9a6,True,1,250724,True
agentsight,b5bc34dabe6a,docs,450e8fa06693f688,d780955f52ac48f7,True,1,35051,True
agentsight,b5bc34dabe6a,script,3ae6502640d6bfa4,1bacd41446ee3362,True,37,1452272,True
agentsight,b5bc34dabe6a,docs,20fa1a02081df85a,f97c3ca9b8a9afa1,True,1,109242,True
agentsight,b5bc34dabe6a,.agentsight,6cb927b70d9170db,9d9f41428a31e38b,True,107,3747679,True
agentsight,b5bc34dabe6a,docs,f97c3ca9b8a9afa1,54ac2301caf691bd,True,5,505276,True
agentsight,b5bc34dabe6a,script,57283586c4d721bd,3097368f315c775d,True,9,586874,True
agentsight,b5bc34dabe6a,docs,6f3e38daff5a2bba,3fd6b9d9f7dda2d4,True,1,153683,True
agentsight,b5bc34dabe6a,.agentsight,6f84704e5519b4a5,db9760573b706b9e,True,10,743853,True
agentsight,b5bc34dabe6a,docs,4b1aa84d75b49ec1,74c6aaae4e1b1825,True,9,429066,True
agentsight,b5bc34dabe6a,.agentsight,4ce5bba3894c7968,783aa29577413cb6,True,1,180065,True
agentsight,b5bc34dabe6a,docs,74c6aaae4e1b1825,84a79e1c7145cf61,True,2,318671,True
agentsight,b5bc34dabe6a,.agentsight,b51813bdc77b36a8,d29fabae8812f1e4,True,2,283637,True
agentsight,b5bc34dabe6a,docs,c2310288dc7865ef,0ad079e73d9f20de,True,3,230075,True
agentsight,b5bc34dabe6a,.agentsight,4c521a98271e69cb,4397b75ea10dad1d,True,1,161741,True
agentsight,b5bc34dabe6a,docs,0ad079e73d9f20de,2071d9c4aa80b96b,True,1,181306,True
agentsight,b5bc34dabe6a,script,3097368f315c775d,adb7b4eabda81092,True,29,1890466,True
agentsight,b5bc34dabe6a,.agentsight,4397b75ea10dad1d,90f5c8e085b1ecff,True,14,1809955,True
agentsight,b5bc34dabe6a,docs,8e35f9571a4e6040,050b68ed1b79c50e,True,7,1368995,True
agentsight,b5bc34dabe6a,script,cf0418cbb4197832,c8bb89b519fd50c7,True,3,822338,True
agentsight,b5bc34dabe6a,docs,74b9016da8d2e17c,82ddfbab9066430e,True,1,129690,True
agentsight,b5bc34dabe6a,script,c8bb89b519fd50c7,b4abd0e78bab2dd7,True,2,217317,True
agentsight,b5bc34dabe6a,.agentsight,90f5c8e085b1ecff,828f496cbf0731fb,True,8,1093295,True
agentsight,b5bc34dabe6a,script,f302f5bf8004c754,c3b247ae054f44c6,True,1,1039813,True
agentsight,b5bc34dabe6a,.agentsight,828f496cbf0731fb,4c9a8b4b43dc7762,True,2,493013,True
agentsight,b5bc34dabe6a,docs,f723d5e7840ec11d,4c9a8b4b43dc7762,True,6,1365545,True
agentsight,b5bc34dabe6a,script,e8b32c88796aacd0,4f1b1aea228566a5,True,1,195122,True
agentsight,b5bc34dabe6a,.agentsight,4c9a8b4b43dc7762,fa2701df8bf4d5a5,True,4,110562,True
agentsight,b5bc34dabe6a,script,5bb7841ef276729a,88081215546e8236,True,2,74654,True
agentsight,b5bc34dabe6a,docs,4c9a8b4b43dc7762,734036a6079a894e,True,13,397309,True
agentsight,b5bc34dabe6a,script,3d2b4e6eb1e2dcde,ff3ac9e88194baa4,True,1,5891,True
agentsight,b5bc34dabe6a,.agentsight,872f478611861d98,342c97ab822fccfb,True,12,815565,True
agentsight,b5bc34dabe6a,script,8c9d9dd657282ff5,22cc1c70cc56ca03,True,2,543044,True
agentsight,b5bc34dabe6a,.agentsight,3e25f32f5773c2c7,3b8ecb684f0b9c7f,True,1,238521,True
agentsight,b5bc34dabe6a,docs,734036a6079a894e,8aca7032d17b2bf7,True,9,877921,True
agentsight,b5bc34dabe6a,script,3dac14240d3d5ac1,126ec2f1025f7177,True,2,146059,True
agentsight,b5bc34dabe6a,docs,63a79fa826226540,b6e5b233c70acc2c,True,2,121998,True
agentsight,b5bc34dabe6a,script,eccd18830d036d41,eff74fc90be28540,True,3,263744,True
agentsight,b5bc34dabe6a,docs,3ed8de9e3b2fe113,5913ee9b140dca7a,True,1,8203,True
agentsight,b5bc34dabe6a,script,eff74fc90be28540,e5be23d4fb4006c5,True,1,16090,True
agentsight,b5bc34dabe6a,docs,5913ee9b140dca7a,8c6f5b1ab15d1baa,True,1,18795,True
agentsight,b5bc34dabe6a,script,e5be23d4fb4006c5,7b5caae1c5fd7526,True,1,20965,True
agentsight,b5bc34dabe6a,repo-root-files,7c614568abfe7fbc,9492103550cba12d,True,637,54506068,True
agentsight,b5bc34dabe6a,agentpprof,d8fb4f8dd89193e4,19273dbf1f6360aa,True,630,54488229,True
agentsight,b5bc34dabe6a,docs,8c6f5b1ab15d1baa,7d89d11b680b4b22,True,16,15354188,True
agentsight,b5bc34dabe6a,script,cb5bdb842df527b0,2d6997622097d35a,True,9,15224613,True
agentsight,b5bc34dabe6a,agentpprof,209f522493147776,7181d9cc891464dd,True,3,375293,True
agentsight,b5bc34dabe6a,script,aa795365685fccec,de3b845683d86ea0,True,2,59118,True
agentsight,b5bc34dabe6a,docs,7d89d11b680b4b22,1c429ed63b144a2d,True,6,660138,True
agentsight,b5bc34dabe6a,script,cd1dc8c2634b3bb3,987203bcf1b87ace,True,2,641132,True
agentsight,b5bc34dabe6a,docs,a7b2f932e62b0ee4,806e4809dae263a7,True,1,387269,True
agentsight,b5bc34dabe6a,script,987203bcf1b87ace,2049ed6ea746a3f8,True,1,223920,True
agentsight,b5bc34dabe6a,repo-root-files,9492103550cba12d,188d37f33ee4251c,True,24,4056110,True
agentsight,b5bc34dabe6a,script,2049ed6ea746a3f8,188d37f33ee4251c,True,5,2125002,True
agentsight,b5bc34dabe6a,docs,ae0caa2321148021,32d4618f837bae25,True,1,701352,True
agentsight,b5bc34dabe6a,agentpprof,f635c8ca648bd425,d58ab58783287933,True,17,3719345,True
agentsight,b5bc34dabe6a,script,188d37f33ee4251c,d58ab58783287933,True,4,663160,True
agentsight,b5bc34dabe6a,agentpprof,d58ab58783287933,a8b932d511b828ca,True,1,42120987,True
agentsight,b5bc34dabe6a,docs,c128a254050befc7,5063cf5499f06809,True,3,42636472,True
agentsight,b5bc34dabe6a,repo-root-files,188d37f33ee4251c,5063cf5499f06809,True,7,42876165,True
agentsight,b5bc34dabe6a,agentpprof,a8b932d511b828ca,ae97f48b5a4c1908,True,2,166823,True
agentsight,b5bc34dabe6a,.agentsight,3b8ecb684f0b9c7f,e26ced562028d764,True,56,62136315,True
agentsight,b5bc34dabe6a,script,41edc466cfdb7ba0,279a5965dbdccd14,True,5,42290354,True
agentsight,b5bc34dabe6a,agent-session,d716ca82b61dd0b7,881cff17da79cb10,True,3032,479316188,True
agentsight,b5bc34dabe6a,agentpprof,279a5965dbdccd14,0787d7422c4b894d,True,2,14391,True
agentsight,b5bc34dabe6a,script,279a5965dbdccd14,ebe59de287978afc,True,4,62223,True
agentsight,b5bc34dabe6a,agentpprof,b3d218c51e1453ce,7747a8c3abf0e138,True,2,65687,True
agentsight,b5bc34dabe6a,script,11e5492c6623272f,02e2e3b326ce9ea3,True,2,825637,True
agentsight,b5bc34dabe6a,agentpprof,9fbac97109a42877,d2448c88df8644a1,True,1,925511,True
agentsight,b5bc34dabe6a,agent-session,0787d7422c4b894d,86b54058e9f2e27f,True,7,1079647,True
agentsight,b5bc34dabe6a,agentpprof,d2448c88df8644a1,9ccb63dc56327795,True,13,176532,True
agentsight,b5bc34dabe6a,agent-session,a72e98a21f41e978,d71b946c7aaecb19,True,5,123389,True
agentsight,b5bc34dabe6a,agentpprof,0473c4fc18905e81,70882f5e658fe9b2,True,1,47047,True
agentsight,b5bc34dabe6a,agent-session,d71b946c7aaecb19,4f11b4b706403998,True,4,72653,True
agentsight,b5bc34dabe6a,agentpprof,8831b4082e2a16e8,0faa91536b2b29b2,True,2,51531,True
agentsight,b5bc34dabe6a,agent-session,60111bdd7239c5d0,314ea1a2cfcc491f,True,5,180359,True
agentsight,b5bc34dabe6a,.agentsight,e26ced562028d764,cc2d279cb288fefc,True,46,1744638,True
agentsight,b5bc34dabe6a,agent-session,411872cb4bdf131d,d1adf2dfeceb8a84,True,1,8041470,True
agentsight,b5bc34dabe6a,agentpprof,9c9761e079f59d13,51e3fda01fc615c5,True,10,8620369,True
agentsight,b5bc34dabe6a,agent-session,b517b21109f4a605,953f8ef777b47392,True,3,246949,True
agentsight,b5bc34dabe6a,agentpprof,21d9c2e87b4970ca,e0c51078c0e6a4a6,True,4,226246,True
agentsight,b5bc34dabe6a,agent-session,766d20dc7fdc336e,7e045ee84e57abb7,True,1,246781,True
agentsight,b5bc34dabe6a,agentpprof,e0c51078c0e6a4a6,e691426a30ea1505,True,2,312256,True
agentsight,b5bc34dabe6a,agent-session,d5be1c07953accda,a5285949feaf750e,True,2,53599,True
agentsight,b5bc34dabe6a,agentpprof,793e42cf7944971a,b29c8192c5df2e05,True,4,96473,True
agentsight,b5bc34dabe6a,agent-session,9b2b40d2e74fa465,83df8135f6d0b815,True,7,139997,True
agentsight,b5bc34dabe6a,agentpprof,b9595d25fbd137f7,bccec1011e5fd4ed,True,2,117308,True
agentsight,b5bc34dabe6a,agent-session,ffdcb6a1da55cb32,7b90fccd358c9289,True,1,90137,True
agentsight,b5bc34dabe6a,agentpprof,bccec1011e5fd4ed,7d1cb0cc2099e4a3,True,2,109726,True
agentsight,b5bc34dabe6a,docs,ce2432d775cef32a,5e0b6f04cbd854f1,True,93,12081221,True
agentsight,b5bc34dabe6a,repo-root-files,ce2432d775cef32a,5e0b6f04cbd854f1,True,93,12081221,True
agentsight,b5bc34dabe6a,agentpprof,cde10b2f44fbf0b4,133f5fa87fa177f1,True,2,137665,True
agentsight,b5bc34dabe6a,docs,f5beb708f2e906a0,577b096a54c0577b,True,7,373674,True
agentsight,b5bc34dabe6a,agent-session,8c82af89073e5ad0,656a929a0a0e67b9,True,22,1374720,True
agentsight,b5bc34dabe6a,agentpprof,2bff9cafe3a53734,6a7e238f5243e6ab,True,2,190141,True
agentsight,b5bc34dabe6a,agent-session,656a929a0a0e67b9,82efb95918b4afd4,True,11,500450,True
agentsight,b5bc34dabe6a,agentpprof,8215366bc808fcae,a2661fe0da8aaab8,True,1,53148,True
agentsight,b5bc34dabe6a,docs,577b096a54c0577b,708d1fbddfdef79d,True,14,674822,True
agentsight,b5bc34dabe6a,repo-root-files,5e0b6f04cbd854f1,708d1fbddfdef79d,True,23,1108597,True
agentsight,b5bc34dabe6a,docs,708d1fbddfdef79d,c6cc71930a32ef51,True,1,8835224,True
agentsight,b5bc34dabe6a,script,d2448c88df8644a1,21e2f0f76946a0a7,True,108,21271351,True
agentsight,b5bc34dabe6a,docs,2d4b73d9eeee84b0,a9cdae7329d24448,True,2,308766,True
agentsight,b5bc34dabe6a,agentpprof,5b1ee0119c14e5bb,148b2d9f8ceb2dbb,True,8,18884107,True
agentsight,b5bc34dabe6a,docs,0f5f659e05e05225,f71d67e7ed282c14,True,5,199754,True
agentsight,b5bc34dabe6a,.agentsight,cc2d279cb288fefc,f91cc5b88c7740d9,True,84,30751460,True
agentsight,b5bc34dabe6a,docs,f71d67e7ed282c14,b33708c11810ac5f,True,1,305813,True
agentsight,b5bc34dabe6a,agentpprof,05eefbe43ed2fd34,9c29e1f2f0eabeed,True,4,490066,True
agentsight,b5bc34dabe6a,docs,9c29e1f2f0eabeed,253f6c0f8825b5b2,True,1,30746,True
agentsight,b5bc34dabe6a,agentpprof,c9986d6e87891e67,c551b4e4400647d3,True,3,355465,True
agentsight,b5bc34dabe6a,docs,6abe6d427fe221d1,82bc3440729a1638,True,5,325287,True
agentsight,b5bc34dabe6a,docs,82bc3440729a1638,952e036ae7989a58,True,3,290656,True
agentsight,b5bc34dabe6a,agentpprof,1a1d1b4e68cbf0fa,9407a4ec8b9bf29f,True,3,498352,True
agentsight,b5bc34dabe6a,docs,12ebf8c563e3b41b,081b2497f159fe0b,True,1,195287,True
agentsight,b5bc34dabe6a,script,99303135e327dd76,031a2efe591b2200,True,46,13967151,True
agentsight,b5bc34dabe6a,docs,34625473340f312f,8a31bc208f14b037,True,2,568424,True
agentsight,b5bc34dabe6a,script,4dd25ac896006bb7,7e7db3274b1050ab,True,1,177475,True
agentsight,b5bc34dabe6a,docs,8a31bc208f14b037,d4500f2c069ee59a,True,3,420038,True
agentsight,b5bc34dabe6a,script,6e9c5397a9150921,eda01f8f83da1841,True,1,80050,True
agentsight,b5bc34dabe6a,docs,d4500f2c069ee59a,93477c4eab4ad42f,True,1,192309,True
agentsight,b5bc34dabe6a,.agentsight,f91cc5b88c7740d9,93477c4eab4ad42f,False,44,4731103,True
agentsight,b5bc34dabe6a,.github,1cc815770ee5070e,93477c4eab4ad42f,False,1471,179402186,False
agentsight,b5bc34dabe6a,agent-session,82efb95918b4afd4,93477c4eab4ad42f,False,62,24239221,True
agentsight,b5bc34dabe6a,agentpprof,081b2497f159fe0b,93477c4eab4ad42f,False,23,3424429,True
agentsight,b5bc34dabe6a,collector,5b2f189382aad1e3,93477c4eab4ad42f,False,1519,181262807,False
agentsight,b5bc34dabe6a,frontend,827851152b312f9d,93477c4eab4ad42f,False,1474,179566277,False
agentsight,b5bc34dabe6a,frontend-preview,5efd0713d7f4986d,93477c4eab4ad42f,False,1484,179937232,False
agentsight,b5bc34dabe6a,paper,8af6d823712b111f,93477c4eab4ad42f,False,11702,1326309454,False
agentsight,b5bc34dabe6a,references,e378d94630a7f5ef,93477c4eab4ad42f,False,1055,153956366,True
agentsight,b5bc34dabe6a,repo-root-files,708d1fbddfdef79d,93477c4eab4ad42f,False,60,24097471,True
agentsight,b5bc34dabe6a,script,eda01f8f83da1841,93477c4eab4ad42f,False,1,135383,True
agentsight,b5bc34dabe6a,scripts,0fe682176225613a,93477c4eab4ad42f,False,336,106749417,True
agentsight,b5bc34dabe6a,skills,9dae6a197a2afeb4,93477c4eab4ad42f,False,1290,172519805,False
agentsight,b5bc34dabe6a,tmp,9226e32ce35988aa,93477c4eab4ad42f,False,2159,413095569,True
agentsight,e58fce112c6e,frontend,ee4b2044f374adf4,c1738ed085049683,True,2,38774,True
agentsight,e58fce112c6e,collector,ee4b2044f374adf4,b5dadb6a3e9c3b99,True,3,101842,True
agentsight,e58fce112c6e,script,ee4b2044f374adf4,b5dadb6a3e9c3b99,True,3,101842,True
agentsight,e58fce112c6e,repo-root-files,c5b9bc57365f5d69,23a8e08f64479c0c,True,5,174978,True
agentsight,e58fce112c6e,bpf,25d57fade89eee7b,9a8079f98e2b5c4a,True,3,165743,True
agentsight,e58fce112c6e,docs,b5dadb6a3e9c3b99,9a8079f98e2b5c4a,True,1,102493,True
agentsight,e58fce112c6e,script,b5dadb6a3e9c3b99,9a8079f98e2b5c4a,True,1,102493,True
agentsight,e58fce112c6e,repo-root-files,23a8e08f64479c0c,1f8ed468e33d5105,True,1,65605,True
agentsight,e58fce112c6e,collector,9a8079f98e2b5c4a,31e8ccb1f9b4e568,True,1,63527,True
agentsight,e58fce112c6e,frontend,9a8079f98e2b5c4a,31e8ccb1f9b4e568,True,1,63527,True
agentsight,e58fce112c6e,frontend,31e8ccb1f9b4e568,f4c21a77b6e8be01,True,7,7069109212,False
agentsight,e58fce112c6e,collector,d29201a25c0b0b6e,e6d74ded38e53d4e,True,2,5514,True
agentsight,e58fce112c6e,frontend,1f274d7d0fe62b25,35788fc61627949c,True,1,45,True
agentsight,e58fce112c6e,repo-root-files,31e8ccb1f9b4e568,1b000fd2d1787552,True,11,7069114769,False
agentsight,e58fce112c6e,collector,e6d74ded38e53d4e,1a0488d33384d7b1,True,3,15001,True
agentsight,e58fce112c6e,frontend,35788fc61627949c,4860b276f218e205,True,4,14999,True
agentsight,e58fce112c6e,collector,4c1c48becbdcdc63,393ed67aa52ceb9a,True,4,5761,True
agentsight,e58fce112c6e,frontend,7cd1e5f4e7e6ec8d,df7bc8e929bf4368,True,4,9885,True
agentsight,e58fce112c6e,collector,2dbf926d35799868,96baa5142653ef72,True,1,0,True
agentsight,e58fce112c6e,docs,9a8079f98e2b5c4a,704079c17426583a,True,29,7069224787,False
agentsight,e58fce112c6e,collector,381a00dac65bce9e,71245a3a45d32495,True,1,7452,True
agentsight,e58fce112c6e,frontend,df7bc8e929bf4368,d9e603af7a700616,True,6,22786,True
agentsight,e58fce112c6e,docs,704079c17426583a,73856f3d0d1e19a7,True,6,617377,True
agentsight,e58fce112c6e,collector,ed027597183b50b3,61a37b39717843e2,True,5,617341,True
agentsight,e58fce112c6e,docs,73856f3d0d1e19a7,1acc2ca61c7aee60,True,1,1,True
agentsight,e58fce112c6e,collector,61a37b39717843e2,fa5d527ed1ec99a0,True,7,2886729,True
agentsight,e58fce112c6e,docs,cc18f153586b60ef,9f0b2b6543356ca3,True,33,1907481,True
agentsight,e58fce112c6e,collector,036ddf35a59d7f45,2f2b915782246fd3,True,2,83775,True
agentsight,e58fce112c6e,docs,8747ab4517fb7315,0ea9ce44f29743ac,True,1,128403,True
agentsight,e58fce112c6e,docs,0ea9ce44f29743ac,a2666a75e88865a3,True,25,399613,True
agentsight,e58fce112c6e,collector,7172f8cfe3246edc,1c015c638fc0e7ef,True,9,46773,True
agentsight,e58fce112c6e,docs,ca4290c773bccc3d,db50e00202281a15,True,13,151778,True
agentsight,e58fce112c6e,collector,cf6d002afaf15fa6,24c9b1649795245a,True,1,75836,True
agentsight,e58fce112c6e,docs,db50e00202281a15,4899e32c26f749e3,True,2,262525,True
agentsight,e58fce112c6e,collector,1b45aa8987a16bba,b811c88b0df8159d,True,2,323947,True
agentsight,e58fce112c6e,docs,f9aa4be5e087d262,2da5c4081ee3f8df,True,21,298559,True
agentsight,e58fce112c6e,collector,4ae4869fff5d57ae,4a786dc0bd7962bd,True,1,16948,True
agentsight,e58fce112c6e,docs,2da5c4081ee3f8df,ee99c62409d653d9,True,9,123242,True
agentsight,e58fce112c6e,collector,424f81e2e0ecf033,6d01d12de075834f,True,1,36,True
agentsight,e58fce112c6e,docs,ee99c62409d653d9,eb8fec6e4a57a042,True,23,2325661,True
agentsight,e58fce112c6e,collector,70b9309da46449c5,86c003bf7ded3df5,True,5,15347,True
agentsight,e58fce112c6e,docs,35466d2da1a6f4bf,3a512c905d087ba4,True,2,8512,True
agentsight,e58fce112c6e,collector,f5dd7e4b80feffa0,a6182b291acf082e,True,2,16531,True
agentsight,e58fce112c6e,docs,30e9678b3bedfe40,c71805a99aca1222,True,1,13374,True
agentsight,e58fce112c6e,collector,a6182b291acf082e,68aed5e2871191e1,True,4,107546,True
agentsight,e58fce112c6e,docs,68aed5e2871191e1,bbc908dece66ad3a,True,24,229468,True
agentsight,e58fce112c6e,collector,8a15e03d1b919e56,c1235a9492c96d72,True,1,6037,True
agentsight,e58fce112c6e,docs,bbc908dece66ad3a,b9a652a80c14faf4,True,2,5995,True
agentsight,e58fce112c6e,collector,1c0e46ff9e1f46ed,1e283dcd5732f76d,True,2,8157,True
agentsight,e58fce112c6e,docs,c6ded3f3903a3274,a2c8b8b34558b68a,True,4,75795,True
agentsight,e58fce112c6e,collector,7fa55276744c13b2,b11ccf16590d0458,True,3,140896,True
agentsight,e58fce112c6e,docs,e83214410f3a886e,1970a97cbcf3960a,True,20,131865,True
agentsight,e58fce112c6e,collector,48940b1f0f7b33b4,a9233038fbf22264,True,3,35846,True
agentsight,e58fce112c6e,docs,67056dcaa3f4e30d,9f9189c8885cbe28,True,7,157371,True
agentsight,e58fce112c6e,collector,26a56cf41c442f25,8169b7753a8488a2,True,1,8132,True
agentsight,e58fce112c6e,docs,9f9189c8885cbe28,b0c2b38bca0d114e,True,2,8180,True
agentsight,e58fce112c6e,collector,d469c73573336cb1,f0e24bd3c8706415,True,1,16108,True
agentsight,e58fce112c6e,docs,b0c2b38bca0d114e,245ec4a17a883fa2,True,14,205707,True
agentsight,e58fce112c6e,collector,211e98bb7dd95608,b506b51e5d57416f,True,1,15044,True
agentsight,e58fce112c6e,docs,245ec4a17a883fa2,d7cfa9baaa1bd82a,True,5,41579,True
agentsight,e58fce112c6e,collector,5387df8d447b363a,a49898f703cbfc7e,True,2,36716,True
agentsight,e58fce112c6e,docs,d82c345b9f5ea672,ceed89c22a88e9f3,True,1,43450,True
agentsight,e58fce112c6e,collector,a49898f703cbfc7e,4f600729432c369f,True,2,2371940,True
agentsight,e58fce112c6e,docs,06d64d308e57c1bf,18889b4c05c28a6d,True,19,3032393,True
agentsight,e58fce112c6e,collector,ac0cbd13ff01cb5d,990d296ab59fab46,True,5,511517,True
agentsight,e58fce112c6e,docs,4c3a8d2d1b0fed32,22b30c1f49f0efb6,True,17,755045,True
agentsight,e58fce112c6e,collector,c08723d727360882,afcf75e98f1432bf,True,1,83481,True
agentsight,e58fce112c6e,docs,22b30c1f49f0efb6,1262c5488ec310ab,True,20,668051,True
agentsight,e58fce112c6e,collector,b07dc2cb2f3bec45,94d623c4b659aee4,True,4,55836,True
agentsight,e58fce112c6e,docs,465ee9fdbe27109f,eb43321cc9108b88,True,25,149967,True
agentsight,e58fce112c6e,collector,9e3fd3504aee17d8,e71dd1ddde43a066,True,1,56,True
agentsight,e58fce112c6e,docs,eb43321cc9108b88,72827eae4c0b627a,True,1,49,True
agentsight,e58fce112c6e,collector,e71dd1ddde43a066,5337abfa8fa1087d,True,2,20830,True
agentsight,e58fce112c6e,docs,5a4afd4611209768,abffe6717510e489,True,11,153755,True
agentsight,e58fce112c6e,collector,e0fec8fd4fc2df94,c6cf13d8d1f2e9c8,True,1,56546,True
agentsight,e58fce112c6e,docs,abffe6717510e489,69546d7019371fc6,True,7,218685,True
agentsight,e58fce112c6e,collector,63ea5e41371fe0d7,de9e8d7ca58bcc0e,True,1,22493,True
agentsight,e58fce112c6e,docs,69546d7019371fc6,55849a7565be6ca7,True,18,5044309,True
agentsight,e58fce112c6e,collector,b0a45c442d2ae611,1787fff3ede04ee1,True,1,99300,True
agentsight,e58fce112c6e,frontend,01895da1d9cb24e5,2b3e6b86ed44cba4,True,437,19471632,True
agentsight,e58fce112c6e,collector,5b559fd338fa2a67,00b14855ee68c52b,True,8,62918,True
agentsight,e58fce112c6e,frontend,eff496f9c3fa37ab,b2cbb4eb13ed8c40,True,4,110918,True
agentsight,e58fce112c6e,collector,2808edbf51ba0998,441658b95beab073,True,3,63474,True
agentsight,e58fce112c6e,bpf,9a8079f98e2b5c4a,b0b521859ef277be,True,497,7088982905,False
agentsight,e58fce112c6e,collector,ef464d18823fc633,a47a15d3be7cc8c3,True,1,47104,True
agentsight,e58fce112c6e,bpf,b0b521859ef277be,5ad0747941d93d77,True,7,182737,True
agentsight,e58fce112c6e,collector,1c5994932a88f42e,e245bf520c68970c,True,3,45300,True
agentsight,e58fce112c6e,docs,55849a7565be6ca7,2676d95db9a2aac3,True,113,2054079,True
agentsight,e58fce112c6e,collector,7ba702d0d6288ba8,82c92448e1169eeb,True,1,77917,True
agentsight,e58fce112c6e,docs,2676d95db9a2aac3,6d6563ceee964696,True,2,38576,True
agentsight,e58fce112c6e,repo-root-files,1ae3c9e477121567,ba021dfe59b94f24,True,538,62151966,True
agentsight,e58fce112c6e,frontend,1b0799176110c046,2b400a10454ee966,True,66,42490400,True
agentsight,e58fce112c6e,frontend,1efed8e4d504e468,461c24a25f8f056d,True,1,23784,True
agentsight,e58fce112c6e,repo-root-files,ba021dfe59b94f24,aaa3c3f9dba77c19,True,4,79878,True
agentsight,e58fce112c6e,docs,4ca17b09ce853bf1,2ae7c1fd950b4e0c,True,7,43364700,True
agentsight,e58fce112c6e,collector,af6789b5280ec5a6,c92affda8b775148,True,13,43487983,True
agentsight,e58fce112c6e,frontend,461c24a25f8f056d,bf46de6e38f691c7,True,19,3740007,True
agentsight,e58fce112c6e,collector,08558d52139a8e0b,e4136a6e94cc4fb0,True,2,13733,True
agentsight,e58fce112c6e,docs,64bd06498970e4a2,be0b25d0fa20aef8,True,26,1370535,True
agentsight,e58fce112c6e,repo-root-files,cf4fd2885afd9c4b,ed2460da18187024,True,33,3672970,True
agentsight,e58fce112c6e,.github,8213c02e8f40426f,28ef9d177dbe2750,True,37,3821284,True
agentsight,e58fce112c6e,repo-root-files,ed2460da18187024,3d96db8ac6005af0,True,1,8182,True
agentsight,e58fce112c6e,frontend,defa3d001ef89031,5cb59eef43d19487,True,17,58809,True
agentsight,e58fce112c6e,docs,d489ce1945319fcd,02afbfbe8e7e706c,True,5,35090,True
agentsight,e58fce112c6e,collector,39651627a75a2381,7a8361089d71e478,True,11,50688,True
agentsight,e58fce112c6e,repo-root-files,3d96db8ac6005af0,e61a21fcae27a109,True,4,32783,True
agentsight,e58fce112c6e,collector,7a8361089d71e478,3d7cc9196603b48f,True,2,6649,True
agentsight,e58fce112c6e,repo-root-files,862cf9c37ba34a54,18893f4ce8d981f6,True,8,39067,True
agentsight,e58fce112c6e,collector,9a808be47b95334a,e152785ddb58518e,True,1,44422,True
agentsight,e58fce112c6e,docs,02afbfbe8e7e706c,e624346ed2caaa05,True,32,39078722,True
agentsight,e58fce112c6e,collector,332c26ba6abeec0f,1a5b5eafa0ac27e3,True,3,81702,True
agentsight,e58fce112c6e,repo-root-files,18893f4ce8d981f6,7a8bf074fadc74ad,True,25,398339268,False
agentsight,e58fce112c6e,collector,f0ceededae7194a8,7d037afe9b43ecda,True,1,3234813,True
agentsight,e58fce112c6e,repo-root-files,7a8bf074fadc74ad,34408adec1f8b659,True,21,3697012,True
agentsight,e58fce112c6e,collector,aba3ced129085ce2,8d8ffc6edd12487e,True,3,474079,True
agentsight,e58fce112c6e,repo-root-files,020b2ee5b35310aa,fe50ee2e1b7a2008,True,14,493871,True
agentsight,e58fce112c6e,collector,6c09ec81f7200bdd,3c66029a8faa68a2,True,1,489599,True
agentsight,e58fce112c6e,repo-root-files,fe50ee2e1b7a2008,2d446e6a8f8fd548,True,5,506344,True
agentsight,e58fce112c6e,bpf,e82f2f5bc54dbac3,d8c79984f3bb9b26,True,174,449443016,False
agentsight,e58fce112c6e,collector,406fb9a998a02290,58ebbcbfffa774c9,True,2,383665,True
agentsight,e58fce112c6e,repo-root-files,2d446e6a8f8fd548,5ff4df3d95c7e3a2,True,2,641584,True
agentsight,e58fce112c6e,docs,765ff953a1fa8e69,32250000bccabb66,True,51,364651518,False
agentsight,e58fce112c6e,frontend,8954f7f0137e18eb,02931095fcc4f97f,True,89,403904898,False
agentsight,e58fce112c6e,docs,d743fb3db34bb868,7006a4bce0a949e6,True,1,676664,True
agentsight,e58fce112c6e,.github,28ef9d177dbe2750,f7c02d7a9d30a998,True,94,404460233,False
agentsight,e58fce112c6e,collector,58ebbcbfffa774c9,0fffc1b6cf832fd2,True,8,2221214,True
agentsight,e58fce112c6e,repo-root-files,5ff4df3d95c7e3a2,88cfc38aa7bd0d4a,True,43,2775504,True
agentsight,e58fce112c6e,collector,575b6fd6e1ca53f6,dbe905bb7b923785,True,21,2287398,True
agentsight,e58fce112c6e,repo-root-files,4eabed91949e3897,88b1631335fb0037,True,15,1532687,True
agentsight,e58fce112c6e,collector,101adbdd9cc8e0fe,1f41b4cbad921c84,True,9,242842,True
agentsight,e58fce112c6e,repo-root-files,48bc91e26391a7c1,82cb4984089f363c,True,84,33545857,False
agentsight,e58fce112c6e,docs,7006a4bce0a949e6,3988a36b00860047,True,172,38202813,False
agentsight,e58fce112c6e,collector,d07d73e86f8bb42b,905d79b1a6d9bee0,True,5,29176153,False
agentsight,e58fce112c6e,repo-root-files,ed99ba4019753b1e,4e2e8e4cd917d5f0,True,2,20196,True
agentsight,e58fce112c6e,.github,e5911cf2baa2064a,0ebee719c174270b,True,176,38811100,False
agentsight,e58fce112c6e,repo-root-files,313e1aeda52583aa,a88bbd2159a7c80f,True,1,77896,True
agentsight,e58fce112c6e,bpf,d8c79984f3bb9b26,f14722c6fa5d43a6,True,196,67551001,False
agentsight,e58fce112c6e,repo-root-files,6d9091f8310fd8fa,77f75a75de9396a8,True,4,27994863,False
agentsight,e58fce112c6e,collector,905d79b1a6d9bee0,25121fb017993210,True,21,29136181,False
agentsight,e58fce112c6e,frontend,02931095fcc4f97f,2883966d522fa33e,True,198,67900438,False
agentsight,e58fce112c6e,collector,58bfda70bf87248d,190a1c6e63a6317c,True,1,9378,True
agentsight,e58fce112c6e,docs,3988a36b00860047,1a5a45b779147a8b,True,27,29168272,False
agentsight,e58fce112c6e,collector,d4a0347f3f7c5ced,fd28726ec12ae02d,True,4,15941,True
agentsight,e58fce112c6e,bpf,50260713e5062ffb,605e59340fd93e7f,True,15,815606,False
agentsight,e58fce112c6e,collector,b086ba8a162e9917,d4ee1cf18f4794b4,True,1,7006,True
agentsight,e58fce112c6e,frontend,2883966d522fa33e,6923c33c3516a85c,True,13,38649,True
agentsight,e58fce112c6e,docs,d03e5219b9708b73,a4193f4ea278689f,True,8,317705,True
agentsight,e58fce112c6e,repo-root-files,77f75a75de9396a8,082915de1c24bc71,True,94,12506153,True
agentsight,e58fce112c6e,docs,a994b3c2b4c82aeb,4c6c05bf5442410c,True,1,4216295,True
agentsight,e58fce112c6e,repo-root-files,082915de1c24bc71,651e3a46333bddc0,True,1,15940,True
agentsight,e58fce112c6e,docs,4c6c05bf5442410c,57d769f60bfa03e1,True,1,15943,True
agentsight,e58fce112c6e,collector,d4ee1cf18f4794b4,4bbaff2685963eb2,True,90,12853118,True
agentsight,e58fce112c6e,docs,e5150814a92a4abc,7359997cbc4de3c5,True,1,174989,True
agentsight,e58fce112c6e,collector,4bbaff2685963eb2,631f1512a8ad13d5,True,1,99875,True
agentsight,e58fce112c6e,docs,631f1512a8ad13d5,7fb901ebe94593c0,True,2,56957,True
agentsight,e58fce112c6e,collector,12ddc8ed1d7a79a8,a14bec84dd482a54,True,3,179487,True
agentsight,e58fce112c6e,docs,1f02fe5a62997b34,fa847765cc4f3431,True,4,144877,True
agentsight,e58fce112c6e,collector,83a2c6db618fec53,835b513e0c472d06,True,1,10426,True
agentsight,e58fce112c6e,docs,fa847765cc4f3431,1c1fd09744aa5ea6,True,3,54300,True
agentsight,e58fce112c6e,bpf,605e59340fd93e7f,79db726d837fb97b,True,108,13388943,True
agentsight,e58fce112c6e,collector,1c1fd09744aa5ea6,fc622637946f1e7c,True,1,189712,True
agentsight,e58fce112c6e,docs,1c1fd09744aa5ea6,a31264b95f50a02f,True,18,336420,True
agentsight,e58fce112c6e,collector,2eb225f00876deac,a6fdacf5b705e4b7,True,2,172838,False
agentsight,e58fce112c6e,bpf,79db726d837fb97b,8fe243f1075f2dea,True,33,410012,False
agentsight,e58fce112c6e,collector,935c4abdbd466196,6535f9e7d832376b,True,3,27017,True
agentsight,e58fce112c6e,docs,c0c9c4e2918cbbc7,5662ab69f5b09f6b,True,54,1090472,True
agentsight,e58fce112c6e,collector,7d4946c8f0ee53dc,3982941dd0049ba2,True,3,99304,True
agentsight,e58fce112c6e,docs,d7b5ba79ab446708,48cf534636893b18,True,3,83618,True
agentsight,e58fce112c6e,collector,3c409d27e27d4fe5,ca9e4f7caaa1003d,True,2,58505,True
agentsight,e58fce112c6e,docs,fa6c1c8390fe7c1f,a441745a69c5760d,True,41,632812,True
agentsight,e58fce112c6e,docs,a441745a69c5760d,b32334af9f52285c,True,1,18659,True
agentsight,e58fce112c6e,collector,e0256aefda4b1d6a,4313acbf358bafa9,True,3,23013,True
agentsight,e58fce112c6e,docs,de2209e860785b7c,293b7913e70eaf31,True,4,333937,False
agentsight,e58fce112c6e,collector,83faaa48efa19fcc,c62c25beec963737,True,2,150007,False
agentsight,e58fce112c6e,docs,ef672eb8e0978865,93b7a606c09f8a82,True,6,17828,True
agentsight,e58fce112c6e,bpf,7c28edaceab2ecc9,085c4eb2cf334ef3,True,104,2030193,False
agentsight,e58fce112c6e,collector,c363fb9b67372b78,5323f713be8364bf,True,2,28372,True
agentsight,e58fce112c6e,bpf,085c4eb2cf334ef3,fb891e3de562e3f2,True,5,10034,True
agentsight,e58fce112c6e,collector,d18bab01360f0ff4,0e8a5beae3cfb85c,True,1,35904,True
agentsight,e58fce112c6e,repo-root-files,651e3a46333bddc0,43827ceb2b712438,True,180,3451385,False
agentsight,e58fce112c6e,collector,e5ef572de1cab9c4,4d4e5d5c1e77058d,True,3,6180,True
agentsight,e58fce112c6e,docs,93b7a606c09f8a82,c4e313bdcaf5a2b6,True,20,212092,True
agentsight,e58fce112c6e,collector,5c5ffc1639d7c139,9166602b0db202b4,True,2,33404,True
agentsight,e58fce112c6e,docs,5a0b7248820260e2,7372026ed2edaf04,True,1,18913,True
agentsight,e58fce112c6e,collector,9166602b0db202b4,e79516381f76f56b,True,1,25118,True
agentsight,e58fce112c6e,repo-root-files,42e41c98c6acdd8b,f66f68ba9e2af857,True,10,136645,True
agentsight,e58fce112c6e,collector,7ac45ac994c79d9d,76001ecd9428264c,True,2,43442,True
agentsight,e58fce112c6e,repo-root-files,c85cd8ef64a12284,8592663ba269706a,True,4,51594,True
agentsight,e58fce112c6e,collector,b6c53f32edd20373,c4072e86c9c37697,True,5,90303,True
agentsight,e58fce112c6e,docs,7372026ed2edaf04,fb8e9a1830858433,True,17,216195,False
agentsight,e58fce112c6e,collector,afedc8471d597eac,2ed8f0f018bbfabe,True,1,8222,True
agentsight,e58fce112c6e,docs,fb8e9a1830858433,88841f175c870d0e,True,4,42818,True
agentsight,e58fce112c6e,repo-root-files,c7a7a923b9545ea7,5dec15b5e1872897,True,10,601354,True
agentsight,e58fce112c6e,collector,9b0fb0ff06809deb,4f683229c3d1ea0e,True,8,614086,True
agentsight,e58fce112c6e,repo-root-files,44a139f856b40cb3,636ceaa500f792a1,True,4,50017,True
agentsight,e58fce112c6e,collector,1a3e6d84a8e327aa,f61e193deb6ee616,True,1,23043,True
agentsight,e58fce112c6e,docs,88841f175c870d0e,4660d263a711643a,True,14,708314,True
agentsight,e58fce112c6e,repo-root-files,636ceaa500f792a1,c2b00f02584b6428,True,4,107028,True
agentsight,e58fce112c6e,docs,0a36a81d094f6c70,4e7afe5761d4eb5c,True,9,338871,False
agentsight,e58fce112c6e,repo-root-files,7ae108ccb2cbf230,ffdd6a143d25ec61,True,1,3712,True
agentsight,e58fce112c6e,docs,4e7afe5761d4eb5c,c18399ab8445d5fb,True,2,42756,True
agentsight,e58fce112c6e,repo-root-files,77e334e6541babb6,44552b2a29134dec,True,1,11324,False
agentsight,e58fce112c6e,docs,c18399ab8445d5fb,46f4fa2dcd83ed25,True,7,28706,True
agentsight,e58fce112c6e,repo-root-files,afce550f3f450168,25afede0ec6258ca,True,1,33934,False
agentsight,e58fce112c6e,docs,46f4fa2dcd83ed25,c6f967300bde3170,True,6,379398,True
agentsight,e58fce112c6e,repo-root-files,e727f62573cc1c4c,388882dddac6f801,True,1,39062,True
agentsight,e58fce112c6e,docs,c6f967300bde3170,de21345b15e0fc22,True,2,25288,True
agentsight,e58fce112c6e,repo-root-files,b944cdac4d0e5482,9ab1319517089337,True,1,6530,True
agentsight,e58fce112c6e,collector,21db5a96b1c43afb,1a24c2ba3770f350,True,39,1028166,False
agentsight,e58fce112c6e,repo-root-files,0a2223f308004524,5f8cd70e7ea32b33,True,15,218196,True
agentsight,e58fce112c6e,collector,f3baa1fd285c9897,e4d455c0302285a1,True,4,60910,True
agentsight,e58fce112c6e,repo-root-files,b53f517a05668891,a6402f7d910daf9b,True,3,61444,True
agentsight,e58fce112c6e,collector,a47f396ee0162a47,12a3bc37dc40df0f,True,2,37117,True
agentsight,e58fce112c6e,docs,de21345b15e0fc22,efd0d9c8a4b9cb15,True,32,416326,False
agentsight,e58fce112c6e,repo-root-files,21850697b77dc81a,6f2a75deeaeb0c12,True,5,63502,True
agentsight,e58fce112c6e,docs,4b2a196f34b30462,ef39558bad6fb192,True,1,18767,True
agentsight,e58fce112c6e,repo-root-files,6f2a75deeaeb0c12,944e64aaeb22c4e8,True,1,31394,True
agentsight,e58fce112c6e,collector,76707b826248b409,73f624e433cb356e,True,6,86111,True
agentsight,e58fce112c6e,docs,ef39558bad6fb192,c2ad5ba9378414ae,True,27,265332,True
agentsight,e58fce112c6e,repo-root-files,944e64aaeb22c4e8,83372e5d77459c8f,True,27,247377,True
agentsight,e58fce112c6e,collector,4a4f9b82814f4c8e,d2d656069fe792d3,True,4,49223,True
agentsight,e58fce112c6e,docs,c2ad5ba9378414ae,15a9c975e8affadd,True,4,71517,True
agentsight,e58fce112c6e,collector,d2d656069fe792d3,61fce0539622b923,True,1,39419,True
agentsight,e58fce112c6e,repo-root-files,f236132275497e76,024cdc4c0f6046fc,True,6,36218648,True
agentsight,e58fce112c6e,bpf,fb891e3de562e3f2,68445947d44cd654,True,164,39475387,False
agentsight,e58fce112c6e,docs,15a9c975e8affadd,692842b3f39afd38,True,8,36701497,False
agentsight,e58fce112c6e,repo-root-files,74b3f44ac8ff023f,fd36b3e323b8e525,True,2,506849,False
agentsight,e58fce112c6e,collector,eee0a3d75486c85e,4fdaa928e98ff08a,True,6,36658680,False
agentsight,e58fce112c6e,repo-root-files,fd36b3e323b8e525,08eb1f715ecbeca6,True,1,63,True
agentsight,e58fce112c6e,docs,692842b3f39afd38,7ef58bd98e26300b,True,3,13079,True
agentsight,e58fce112c6e,collector,4fdaa928e98ff08a,a99cdae57b6f8cb0,True,2,12842,True
agentsight,e58fce112c6e,repo-root-files,08eb1f715ecbeca6,b7b5dd3c8f05ad59,True,9,42557,True
agentsight,e58fce112c6e,collector,91220db96542270b,99935df08610d9b2,True,1,22977,True
agentsight,e58fce112c6e,docs,7ef58bd98e26300b,aae3f2d9ab32d47f,True,13,71878,True
agentsight,e58fce112c6e,collector,0f7777a39bd8d240,62069fc0927d75f5,True,2,20623,True
agentsight,e58fce112c6e,repo-root-files,b7b5dd3c8f05ad59,e0968698041c5689,True,7,130508,False
agentsight,e58fce112c6e,collector,62069fc0927d75f5,7314326a8a58f55e,True,1,88870,False
agentsight,e58fce112c6e,docs,f9bb058b54040b8e,edf93f59753be328,True,4,101119,False
agentsight,e58fce112c6e,repo-root-files,e0968698041c5689,29181a305fccba47,True,3,7649,True
agentsight,e58fce112c6e,collector,ff886f8442867824,3c0711b0a2bd8638,True,2,7650,True
agentsight,e58fce112c6e,repo-root-files,29181a305fccba47,dc787b2f9e78fc82,True,48,755106,True
agentsight,e58fce112c6e,docs,edf93f59753be328,51617acb1fd4af72,True,60,865596,False
agentsight,e58fce112c6e,repo-root-files,80426a5cdf29c560,1ef00bbeb60438d2,True,2,20871,True
agentsight,e58fce112c6e,collector,ce7654b09be8e8cd,9ea12e5d9b9bbe0f,True,14,139164,True
agentsight,e58fce112c6e,docs,ccfdcc1dc0a0653e,9b28564d01dc9838,True,2,18389,True
agentsight,e58fce112c6e,frontend,6923c33c3516a85c,97287d754a8f9c82,True,517,56814388,False
agentsight,e58fce112c6e,docs,0804fb3724e5862b,2cf326f122d197c4,True,4,394274,True
agentsight,e58fce112c6e,frontend,b9d178fa0e7e2f7a,1beae24ee46fe6b1,True,3,21398,True
agentsight,e58fce112c6e,docs,b6b8123eabc0c02c,736892be072579a8,True,1,24487,True
agentsight,e58fce112c6e,repo-root-files,1ef00bbeb60438d2,0dba0150fb610a5c,True,20,623488,False
agentsight,e58fce112c6e,docs,4f45fcb6330592a1,1072bb39fcb4f4bd,True,1,135551,True
agentsight,e58fce112c6e,collector,9ea12e5d9b9bbe0f,7cc5eac9c05170e2,True,72,11679295,True
agentsight,e58fce112c6e,docs,56ee779ec7064487,0831b39d4dea0273,True,2,22369,True
agentsight,e58fce112c6e,collector,81e22f6ecd39bd47,e42040ae33581fdb,True,3,748292,True
agentsight,e58fce112c6e,docs,cdd676dfa731efa6,4812ce4c82a97d04,True,10,780227,True
agentsight,e58fce112c6e,collector,29d73d5a4aa59aa8,736b266f344ea3dc,True,2,7122,True
agentsight,e58fce112c6e,repo-root-files,0dba0150fb610a5c,6f47cebbcd23aefd,True,71,11893004,False
agentsight,e58fce112c6e,docs,f6aff2c034099eed,9c98b9b4888997c9,True,3,7608,False
agentsight,e58fce112c6e,collector,c23b4e0a66dcade3,4b495a3b23d248cd,True,2,7609,False
agentsight,e58fce112c6e,docs,9c98b9b4888997c9,aec69c01b70e9e98,True,1,4975,False
agentsight,e58fce112c6e,repo-root-files,6f47cebbcd23aefd,c88a4282be46cbc6,True,4,12046,True
agentsight,e58fce112c6e,docs,151320231d0508dd,c1a20f8ad591e05d,True,1,2577,False
agentsight,e58fce112c6e,collector,4b495a3b23d248cd,d136fc524502ec21,True,4,365529,False
agentsight,e58fce112c6e,.github,0ebee719c174270b,8643603af649057c,True,654,98156313,False
agentsight,e58fce112c6e,collector,814b66e986def28c,3dfb1f88a23fa705,True,1,38114,True
agentsight,e58fce112c6e,.github,8643603af649057c,c658c5c9cd7348ce,True,6,44158,True
agentsight,e58fce112c6e,collector,7874a192c9c7ea2a,2e57d73b1a9bbfb4,True,1,0,True
agentsight,e58fce112c6e,.github,c658c5c9cd7348ce,46ca2f8b1e764b86,True,8,64136,True
agentsight,e58fce112c6e,collector,0549b109787efb9c,c4ad26a7d4f4b852,True,1,20439,False
agentsight,e58fce112c6e,docs,c1a20f8ad591e05d,dd7f266869f14db6,True,99,3332032,True
agentsight,e58fce112c6e,collector,25c409526484fca7,6fe4fd7bc9db9117,True,8,71630,True
agentsight,e58fce112c6e,docs,11fe21d119143a40,d71efdc84f894fff,True,8,16087,True
agentsight,e58fce112c6e,collector,c394092725339458,67fdc5d794fd3a7c,True,2,4467,False
agentsight,e58fce112c6e,bpf,68445947d44cd654,cb209a7239748b94,True,339,17384967,False
agentsight,e58fce112c6e,collector,64dcff03d4203621,91b697cdac78652c,True,2,23091,False
agentsight,e58fce112c6e,repo-root-files,c88a4282be46cbc6,b934b4d1a7e12363,True,192,4423609,True
agentsight,e58fce112c6e,docs,4424f52cb404f2d8,461a26321c3607e9,True,75,1066632,True
agentsight,e58fce112c6e,repo-root-files,b934b4d1a7e12363,ffc4a48bcf9662bf,True,1,6752,True
agentsight,e58fce112c6e,.github,46ca2f8b1e764b86,45308c0b46cbf019,True,163,3660022,True
agentsight,e58fce112c6e,collector,a77e18a8de9f4cea,d1ae58c35e210fe9,True,6,93727,True
agentsight,e58fce112c6e,bpf,158b9e3bc1b9a5d1,146cf077cace16cd,True,65,1264199,False
agentsight,e58fce112c6e,collector,a9789cb8d27e4dfa,1d78a3eaac49313a,True,2,6916,False
agentsight,e58fce112c6e,bpf,604979c7ef6670f9,1eebbfc367f16531,True,4,7057,True
agentsight,e58fce112c6e,collector,d384407e32b5894f,c4089a0823d493ea,True,3,4518,True
agentsight,e58fce112c6e,repo-root-files,4e9e9f58303f6bd2,ebf1209dcd5874dc,True,33,628625,True
agentsight,e58fce112c6e,bpf,141db99407f287d0,1b8b0b9c44a777d9,True,2,19079,True
agentsight,e58fce112c6e,collector,c4089a0823d493ea,11d5a9bc20dea59f,True,5,65876,False
agentsight,e58fce112c6e,bpf,d4ce54c0fcd11cc7,97ec9d3cb9783a39,True,14,186624,True
agentsight,e58fce112c6e,collector,c094a5d444f75ebe,4af418c053f44781,True,1,41045,False
agentsight,e58fce112c6e,docs,461a26321c3607e9,f62fa89bb6cf914b,True,73,997689,True
agentsight,e58fce112c6e,collector,b76feba1d6b61825,95f978283ef2a530,True,1,21003,True
agentsight,e58fce112c6e,bpf,97ec9d3cb9783a39,45c5705fe452eb91,True,50,688297,True
agentsight,e58fce112c6e,collector,536ff78a463e46e8,a92fe1abf72601b4,True,1,7442,True
agentsight,e58fce112c6e,bpf,45c5705fe452eb91,8e36d46dba098ec6,True,1,9416,True
agentsight,e58fce112c6e,collector,a92fe1abf72601b4,4610a82e1ac67dfd,True,1,11374,True
agentsight,e58fce112c6e,bpf,8e36d46dba098ec6,982505946dd6309d,True,1,7685,True
agentsight,e58fce112c6e,collector,4610a82e1ac67dfd,479a1a9660b07d0e,True,1,4695,True
agentsight,e58fce112c6e,repo-root-files,ebf1209dcd5874dc,4b18a4ba599121eb,True,102,1093022,True
agentsight,e58fce112c6e,collector,68ccc4a237ddc583,fc50dd7285731c87,True,1,10326,False
agentsight,e58fce112c6e,repo-root-files,4b18a4ba599121eb,378e2de25b60d802,True,1,5167,True
agentsight,e58fce112c6e,collector,fc50dd7285731c87,08f6bcf3cdbab28f,True,1,23662,False
agentsight,e58fce112c6e,bpf,982505946dd6309d,ad4ce549948799af,True,64,415908,False
agentsight,e58fce112c6e,repo-root-files,378e2de25b60d802,ad4ce549948799af,True,33,246778,True
agentsight,e58fce112c6e,.github,45308c0b46cbf019,065e3756abf6686d,True,172,1961881,True
agentsight,e58fce112c6e,collector,a39a83eaee534966,11277bc1525b3bb8,True,2,11492,False
agentsight,e58fce112c6e,bpf,ad4ce549948799af,e4526afd21fe043e,True,3,30857,False
agentsight,e58fce112c6e,collector,e5bc8c1ea9cd1a91,7459e36400b39d1a,True,5,38488,True
agentsight,e58fce112c6e,bpf,134189e3ae5b81b4,89d50482f64eb8dd,True,2,7647,True
agentsight,e58fce112c6e,repo-root-files,ad4ce549948799af,4e008558c1a7c253,True,15,114535,False
agentsight,e58fce112c6e,repo-root-files,4e008558c1a7c253,0b0082afcd7b6cce,True,3,52238,True
agentsight,e58fce112c6e,collector,22dc0850fb489a28,c675b3cb61ab7852,True,13,176083,True
agentsight,e58fce112c6e,bpf,b7697d3fcb01ec1e,c39888cc95939e8d,True,9,89425,True
agentsight,e58fce112c6e,collector,1151225632fa9b88,759f56176c056496,True,1,59,True
agentsight,e58fce112c6e,repo-root-files,5376f783ebc56384,1a1abe1730d7016b,True,11,421455,True
agentsight,e58fce112c6e,collector,a87c51c5d120d176,bde3b18d5b5e5692,True,2,29808,False
agentsight,e58fce112c6e,.github,065e3756abf6686d,2fb180e8d87cf651,True,37,707382,True
agentsight,e58fce112c6e,collector,c9c33f91f1716156,d2086222c10d8ade,True,1,66061,True
agentsight,e58fce112c6e,.github,2fb180e8d87cf651,c24d4436f3b5b029,True,1,13665,True
agentsight,e58fce112c6e,repo-root-files,6b80d7e045df00b9,45c0f2559f8c921d,True,5,80130,False
agentsight,e58fce112c6e,collector,d2086222c10d8ade,40d83db802eea3b0,True,2,26922,True
agentsight,e58fce112c6e,repo-root-files,45c0f2559f8c921d,e21438676688d221,True,1,44740,True
agentsight,e58fce112c6e,collector,40d83db802eea3b0,3da4a4ab1aaf1c16,True,1,243638,True
agentsight,e58fce112c6e,.github,c24d4436f3b5b029,eac2cbcfb91817d1,True,4,256896,True
agentsight,e58fce112c6e,repo-root-files,e21438676688d221,0b8e5b4a3e48e9f1,True,2,254930,True
agentsight,e58fce112c6e,collector,3da4a4ab1aaf1c16,10667aed10f48419,True,3,42801,True
agentsight,e58fce112c6e,.github,eac2cbcfb91817d1,340ff478ad92bc5e,True,4,93556,True
agentsight,e58fce112c6e,collector,ef80e0d2dee387cd,05872509e2b00581,True,1,75189,True
agentsight,e58fce112c6e,bpf,c39888cc95939e8d,952f8d7d79f2338c,True,46,1445174,True
agentsight,e58fce112c6e,collector,529a0afc15b6645b,c15ec521551a13c9,True,2,17409,True
agentsight,e58fce112c6e,bpf,8c372e7aabc8a25e,fd0e8d22af34ba50,True,1,17417,True
agentsight,e58fce112c6e,.github,340ff478ad92bc5e,e3acd7a7da7d8078,True,28,693506,True
agentsight,e58fce112c6e,bpf,fd0e8d22af34ba50,2f92436ddd47e048,True,6,139863,True
agentsight,e58fce112c6e,.github,06a3684dd7f75cc9,1a269a5974b7c398,True,2,4465,True
agentsight,e58fce112c6e,bpf,56db83167bfb4d5b,922b87b82c74442c,True,3,88356,True
agentsight,e58fce112c6e,collector,fd0e8d22af34ba50,feb0ee9bfb20be97,True,34,275664,True
agentsight,e58fce112c6e,bpf,6a51c5f9fbf5107b,cde7484c2aac877a,True,1,10051,True
agentsight,e58fce112c6e,collector,feb0ee9bfb20be97,90f0a5fb19e8d407,True,5,37793,True
agentsight,e58fce112c6e,.github,1c7f59978ad5f995,8660409e6a3c4167,True,34,236589,True
agentsight,e58fce112c6e,bpf,b0f37dfdfd5d6bb4,73bbf9d50853a588,True,7,90904,True
agentsight,e58fce112c6e,collector,d37c3466e9041771,246c64a12ee71450,True,5,96531,False
agentsight,e58fce112c6e,bpf,8f7f6d6ab589c99d,3d1002cbbf1485bc,True,1,51417,True
agentsight,e58fce112c6e,.github,3301e4ec07b5feab,4fac1dfe7a1dcd07,True,9,117098,True
agentsight,e58fce112c6e,bpf,9296229870678172,bd4c9be0d9f976e5,True,1,17813,True
agentsight,e58fce112c6e,.github,4fac1dfe7a1dcd07,984ead4ad7938150,True,1,15951,True
agentsight,e58fce112c6e,bpf,bd4c9be0d9f976e5,9a22301273c7b367,True,1,9289,True
agentsight,e58fce112c6e,docs,f62fa89bb6cf914b,565d3c67a1ba9a3e,True,265,3686401,False
agentsight,e58fce112c6e,bpf,7aea77340e2ced6e,663b4d521dbb04ef,True,4,107878,True
agentsight,e58fce112c6e,docs,7a08440ad170aed9,275fee32f022f5bd,True,9,541991,True
agentsight,e58fce112c6e,bpf,8a41de06675d93e5,51f236e28af3d280,True,1,40513,True
agentsight,e58fce112c6e,collector,246c64a12ee71450,100b6489459e68b2,True,48,1396181,True
agentsight,e58fce112c6e,bpf,51f236e28af3d280,a927cd88c6ac44de,True,32,1161626,True
agentsight,e58fce112c6e,collector,ca886ee3f00c09d3,1b474d8ca4edc2b1,True,1,95971,True
agentsight,e58fce112c6e,bpf,a927cd88c6ac44de,3fd7d71b5732a89a,True,13,210144,True
agentsight,e58fce112c6e,collector,2ba4275c421996c2,315dcee1f243106a,True,1,81267,True
agentsight,e58fce112c6e,docs,275fee32f022f5bd,23c7e181b60465ca,True,58,9905256,False
agentsight,e58fce112c6e,collector,6b3c3c92d16e7750,4950a937ddded66b,True,1,6243,True
agentsight,e58fce112c6e,bpf,3fd7d71b5732a89a,c0f9286f71e3168a,True,57,9263546,True
agentsight,e58fce112c6e,collector,036d9cb51d737e0e,9f8d34412ffd8b6c,True,2,21848,True
agentsight,e58fce112c6e,bpf,cc73138e18822c07,814b141873cd98b8,True,5,128999,True
agentsight,e58fce112c6e,collector,cc234ee54291327d,83b8ed805d85da15,True,1,79191,False
agentsight,e58fce112c6e,bpf,814b141873cd98b8,057738f62a6ac11c,True,20,388709,True
agentsight,e58fce112c6e,collector,830458af39033806,b904b921c3258903,True,6,126924,True
agentsight,e58fce112c6e,collector,3b6404e66c6c00af,35dac855b97a6130,True,1,148309,True
agentsight,e58fce112c6e,bpf,7a787f4992ab063d,01871891d2e3f0a6,True,50,578720,True
agentsight,e58fce112c6e,collector,030e1b64bf6beef2,6f8e58482d21045d,True,1,9865,True
agentsight,e58fce112c6e,bpf,01871891d2e3f0a6,443e597772e20606,True,8,40045,True
agentsight,e58fce112c6e,collector,c02dcc4272cfd6d8,9a7b30296ba34dc6,True,5,69319,True
agentsight,e58fce112c6e,bpf,9a7b30296ba34dc6,63a541b1f48f1bd1,True,8,498967,True
agentsight,e58fce112c6e,collector,2c2218e0e4b5979f,b758ebe7113d451c,True,2,4031070,False
agentsight,e58fce112c6e,repo-root-files,919adf75c0e9dfdd,f564c77d35c3193c,True,353,19895543,False
agentsight,e58fce112c6e,bpf,af1fe2f0d0775f76,3b1239996f265eaf,True,8,5182531,False
agentsight,e58fce112c6e,collector,4a49401225465fc9,c76afb97a1f47853,True,5,1825727,True
agentsight,e58fce112c6e,docs,23c7e181b60465ca,3a27907922d2cc06,True,204,8991017,False
agentsight,e58fce112c6e,repo-root-files,f564c77d35c3193c,0ae230551d1377bb,True,39,1489728,False
agentsight,e58fce112c6e,collector,14a151944b8487b7,a9c21a94143079f0,True,34,717083,True
agentsight,e58fce112c6e,docs,3a27907922d2cc06,6a9bdaedc79f1508,True,35,680241,False
agentsight,e58fce112c6e,collector,275328750b1ef7b1,9fc2a11759a6cfef,True,2,24960,True
agentsight,e58fce112c6e,repo-root-files,ed35bcdce53f2528,7f7a1e2b41f13570,True,6,52698,True
agentsight,e58fce112c6e,collector,4e36b0125ad0e8ef,53ee1a3f0b4e121d,True,3,41457,True
agentsight,e58fce112c6e,docs,4296140e3e578b7d,abbafb76027ecb5a,True,7,66427,True
agentsight,e58fce112c6e,repo-root-files,d513b7228ad65b5d,99fd71beec2ae29e,True,3,1,True
agentsight,e58fce112c6e,collector,e707edb4124a0be2,4d120d76de258fa7,True,4,114145,True
agentsight,e58fce112c6e,repo-root-files,921bdbaa8e93313e,ce7d5b453b8cb0ac,True,2,15541,True
agentsight,e58fce112c6e,collector,9af537a59849b46b,bb8ed4f177e14525,True,1,44142,True
agentsight,e58fce112c6e,docs,99fd71beec2ae29e,42d974d6c743a0e7,True,10,255195,True
agentsight,e58fce112c6e,repo-root-files,ce7d5b453b8cb0ac,06ebc8d1832d59ad,True,12,172452,True
agentsight,e58fce112c6e,docs,e63989df719eb100,32323eafaed3e7d0,True,1,44,True
agentsight,e58fce112c6e,repo-root-files,06ebc8d1832d59ad,0343eb51e084b183,True,4,53778,True
agentsight,e58fce112c6e,docs,6a79711b1de8eb30,08a66ee05bccad87,True,1,45466,True
agentsight,e58fce112c6e,collector,efd5440f124e26b9,8ce4c8a29241aec6,True,21,252605,True
agentsight,e58fce112c6e,script,9a8079f98e2b5c4a,dc1413c5477c9da9,True,2401,7705824860,False
agentsight,e58fce112c6e,docs,6c2ca4fcc53427e2,a9b50e7ff7dbeb3d,True,9,164333,True
agentsight,e58fce112c6e,collector,7a10a9cf3b6ad4c6,39f089b87a80932f,True,6,116293,True
agentsight,e58fce112c6e,repo-root-files,0343eb51e084b183,f326345d0b6830dc,True,26,368036,True
agentsight,e58fce112c6e,docs,f326345d0b6830dc,268afb8647c2e08e,True,2,16060,True
agentsight,e58fce112c6e,collector,39f089b87a80932f,6f2b7d593213246b,True,8,140380,True
agentsight,e58fce112c6e,repo-root-files,62ad99678205b5a7,4d61b05b87bc0b42,True,2,101898,True
agentsight,e58fce112c6e,collector,6f2b7d593213246b,f0b19094c4f39461,True,1,425736,True
agentsight,e58fce112c6e,repo-root-files,4d61b05b87bc0b42,cb1495bb2764c8e8,True,1,425694,True
agentsight,e58fce112c6e,docs,268afb8647c2e08e,4d332797c71ed367,True,4,523671,True
agentsight,e58fce112c6e,frontend,1beae24ee46fe6b1,60cbb8f1cca8fac5,True,995,42667712,False
agentsight,e58fce112c6e,collector,f0b19094c4f39461,c594e994df212d52,True,4,97581,True
agentsight,e58fce112c6e,repo-root-files,cb1495bb2764c8e8,b104ce61c6b38caa,True,4,102349,True
agentsight,e58fce112c6e,frontend,f63f9b30d061500d,96dc6b121b888178,True,2,124022,True
agentsight,e58fce112c6e,docs,4d332797c71ed367,92db096ef29bb904,True,5,142680,True
agentsight,e58fce112c6e,collector,c594e994df212d52,61b762e34ab491d7,True,3,193066,True
agentsight,e58fce112c6e,docs,92db096ef29bb904,942cedbe224be7e0,True,1,153751,True
agentsight,e58fce112c6e,collector,61b762e34ab491d7,e6d6f2b0172e741e,True,1,18612,True
agentsight,e58fce112c6e,docs,942cedbe224be7e0,c8c7f0edbd5547bf,True,1,73433,True
agentsight,e58fce112c6e,collector,e6d6f2b0172e741e,6b966abd1b3febb5,True,1,143917,True
agentsight,e58fce112c6e,bpf,b2a79a73eb744ddb,2cff653914d14df1,True,174,4352048,False
agentsight,e58fce112c6e,collector,d68f2a97a2d63297,d7a9847efcc40942,True,3,473568,True
agentsight,e58fce112c6e,.git,65ff91cd3865c19e,ec618c255c473d9b,True,182,6034782,False
agentsight,e58fce112c6e,collector,3e3eab1137e8330a,2498a830dd25dcd0,True,1,58708,True
agentsight,e58fce112c6e,bpf,c29976cde07c10fb,10e8097d963a0ce4,True,6,560905,True
agentsight,e58fce112c6e,collector,da7978c1fcb051e7,d540f423037f53d3,True,3,23686,True
agentsight,e58fce112c6e,bpf,64118f1deec849fe,1376986f31495566,True,2,41099,True
agentsight,e58fce112c6e,collector,b45f3bff5a380d4e,7913c3ef1ec1aa13,True,3,188686,True
agentsight,e58fce112c6e,bpf,13244b9e48ef029c,c9e152d378082268,True,11,131415,True
agentsight,e58fce112c6e,collector,4f511d5955623d5d,e6d10c42e51d5b82,True,6,31355,True
agentsight,e58fce112c6e,bpf,a20656f744018ecd,1216de8f48f0c573,True,24,418554,True
agentsight,e58fce112c6e,collector,6d1a4d74a4a0c571,8bebefb9eaf0bd2c,True,1,20382,True
agentsight,e58fce112c6e,bpf,1216de8f48f0c573,8700d57c84c1047f,True,2,32846,True
agentsight,e58fce112c6e,collector,ec0a6c003c26e73a,d7170920fd831d3c,True,1,32505,True
agentsight,e58fce112c6e,bpf,8700d57c84c1047f,e73b2819c05ad37d,True,4,67527,True
agentsight,e58fce112c6e,collector,b05df03e4642e731,34d46e122aa2f614,True,19,271801,True
agentsight,e58fce112c6e,bpf,a4f3fce0cf5ef2f7,5bc651a8e4c98644,True,1,47195,True
agentsight,e58fce112c6e,collector,34d46e122aa2f614,d80e7422149152f3,True,1,61325,True
agentsight,e58fce112c6e,bpf,5bc651a8e4c98644,c93d6cf3e2fc22b2,True,10,512517,True
agentsight,e58fce112c6e,collector,c93d6cf3e2fc22b2,85b6433a18576f9b,True,2,29168,True
agentsight,e58fce112c6e,bpf,85b6433a18576f9b,2f12b8f30dedc9b5,True,2,314445,True
agentsight,e58fce112c6e,collector,05cb2abea7b7b06b,bf67c159dba0bd32,True,5,502371,True
agentsight,e58fce112c6e,bpf,76cf9ac08339b274,27763004bef4506f,True,12,172795,True
agentsight,e58fce112c6e,collector,cb9ec1e378cbe17c,c7716d2c12519c1f,True,8,101860,True
agentsight,e58fce112c6e,bpf,a520859c11d402b3,2a04c5e9e0c6d348,True,1,62267,True
agentsight,e58fce112c6e,collector,c7716d2c12519c1f,6081d94c80ceea8e,True,3,60259,True
agentsight,e58fce112c6e,frontend,96dc6b121b888178,8f80806e54f007f1,True,176,4414115,True
agentsight,e58fce112c6e,collector,881ef7ba1be1f251,475b59b9f4aa5779,True,1,323157,True
agentsight,e58fce112c6e,bpf,8a073fd514a982dc,31817acd6595187b,True,92,30143154,False
agentsight,e58fce112c6e,collector,9763904072a002e7,c3213facb92911b9,True,2,6812,True
agentsight,e58fce112c6e,bpf,473b9915eda378bf,1b4e24e731d23b28,True,27,45801,True
agentsight,e58fce112c6e,collector,065edb23d96e9856,fc7e9382d8693f24,True,1,5844,True
agentsight,e58fce112c6e,bpf,1b4e24e731d23b28,3003e63acba0f414,True,31,173742,False
agentsight,e58fce112c6e,collector,5c1954c6c4665d38,b7d9a4336c54de8e,True,1,7741,True
agentsight,e58fce112c6e,bpf,3003e63acba0f414,bfacab842819841a,True,2,44446,True
agentsight,e58fce112c6e,collector,5a4ed4e0357ec883,dd7f6dccf0733e2f,True,1,61015,False
agentsight,e58fce112c6e,bpf,bfacab842819841a,c0e2cd9afb7c6f17,True,9,376036,True
agentsight,e58fce112c6e,collector,5b4732e921c607c0,f877ee698c6cf555,True,6,265012,True
agentsight,e58fce112c6e,bpf,30cc221187a083b0,9844444d74825a80,True,14,189906,True
agentsight,e58fce112c6e,collector,67aaa92fbbc33308,ea500395b990568c,True,2,13682,True
agentsight,e58fce112c6e,docs,c8c7f0edbd5547bf,8b89b74da4d71c9c,True,613,42416120,False
agentsight,e58fce112c6e,collector,bb7c52b48efeec3a,296d2b8174dc68ab,True,7,624188,True
agentsight,e58fce112c6e,docs,28b45388b9e71b42,83d7669e276f6b2c,True,20,785374,True
agentsight,e58fce112c6e,collector,03ba4c8b112f3090,86bbc7532f70f040,True,3,63907,True
agentsight,e58fce112c6e,docs,a9252111b2789f8b,58e0dd5a3cc89c84,True,50,197197,True
agentsight,e58fce112c6e,collector,f7817d4e20b0ab10,7c34da93e17da506,True,1,10148,True
agentsight,e58fce112c6e,docs,58e0dd5a3cc89c84,4c298accb093cb64,True,44,558541,True
agentsight,e58fce112c6e,collector,030939350c5b816f,a2e191fa256b4771,True,2,52119,True
agentsight,e58fce112c6e,docs,b1005cd49185640d,43acc858a2d508ee,True,62,1187820,True
agentsight,e58fce112c6e,collector,ccb34c35d3859c12,38c8e0b244a1e738,True,3,97736,True
agentsight,e58fce112c6e,docs,b35d0c3ebb679957,2142d9be1c0d87dc,True,69,1971559,True
agentsight,e58fce112c6e,collector,e404aa82febc42e0,76ef165924ce35f9,True,2,48105,True
agentsight,e58fce112c6e,docs,6cd3e092d3b84f63,3f2c8299b1243136,True,10,242429,True
agentsight,e58fce112c6e,collector,2b519f3936fe842c,a12bdb601aac0119,True,3,4219175,False
agentsight,e58fce112c6e,docs,8d3ff624ff6badb1,29ee36c83eb00936,True,43,4197662,False
agentsight,e58fce112c6e,collector,05082cf2de76c9c2,101c3420e66f6580,True,1,3244,True
agentsight,e58fce112c6e,docs,29ee36c83eb00936,e4a083045e5e460b,True,66,508422,True
agentsight,e58fce112c6e,collector,542c5dc7b60eb8fd,fdce34f1ce6d2261,True,1,5934,False
agentsight,e58fce112c6e,docs,e4a083045e5e460b,0c8440b357ee12c0,True,10,307371,False
agentsight,e58fce112c6e,collector,d9a2a0be7e90090b,1000bcad82327abc,True,2,93108,True
agentsight,e58fce112c6e,docs,de7b51a54983ab77,97cafbb159b7b681,True,50,649149,True
agentsight,e58fce112c6e,collector,9b0c263ac291741d,1a238db33d40011f,True,1,63501,True
agentsight,e58fce112c6e,docs,97cafbb159b7b681,11fe00253d8f92cc,True,23,420003,True
agentsight,e58fce112c6e,collector,1b16c4ed2f1f449d,6da5cb21647efc7c,True,1,27852,True
agentsight,e58fce112c6e,docs,11fe00253d8f92cc,9057a9131abcf195,True,3,40575,True
agentsight,e58fce112c6e,collector,1a8feb8c32aaa9ca,63757d3f9ca324e3,True,1,54395,True
agentsight,e58fce112c6e,docs,9057a9131abcf195,02ce2c737e761d3d,True,35,535321,False
agentsight,e58fce112c6e,collector,b306c5bd75383979,a8beb56edd69878b,True,1,16079,True
agentsight,e58fce112c6e,docs,02ce2c737e761d3d,0d7907a87efcf81a,True,11,252708,False
agentsight,e58fce112c6e,docs,0d7907a87efcf81a,2ab101c1aebfe817,True,10,119874,True
agentsight,e58fce112c6e,collector,69d224e600f958d1,cffae305e55fd200,True,1,16472,True
agentsight,e58fce112c6e,docs,2ab101c1aebfe817,a0f2d3a045bb979f,True,31,545242,True
agentsight,e58fce112c6e,collector,c5e037620b35f9ad,1245aa601a5a2733,True,1,150464,True
agentsight,e58fce112c6e,docs,a0f2d3a045bb979f,b80b41bd1fc775cf,True,8,226388,True
agentsight,e58fce112c6e,collector,031a4b8a8d9493ae,e3c548e88a34db57,True,1,39232,True
agentsight,e58fce112c6e,docs,b80b41bd1fc775cf,6ab9f98a1a4e7ab9,True,18,330249,True
agentsight,e58fce112c6e,collector,3916d2e4d3a89538,73fc40a9497f011c,True,1,84491,True
agentsight,e58fce112c6e,docs,6ab9f98a1a4e7ab9,9b0b6f034e3c652c,True,37,644053,True
agentsight,e58fce112c6e,collector,c9bf7926c0b96847,01e78dea46870dfc,True,1,125968,False
agentsight,e58fce112c6e,docs,9b0b6f034e3c652c,efe906a76b9f3734,True,25,235935,False
agentsight,e58fce112c6e,collector,02b3b592e91720b4,8983af48d8686eac,True,2,31788,True
agentsight,e58fce112c6e,docs,39933140bf5a0abe,ef55e3b527d37c5d,True,6,265521,True
agentsight,e58fce112c6e,collector,48599899e63c8e27,3e82cfa7faff18b7,True,2,235663,True
agentsight,e58fce112c6e,docs,aea9d36b4102f02c,0ce5f6a2a96f09d3,True,115,1900922,False
agentsight,e58fce112c6e,collector,0a572d403a48ee11,459c468ca96e20a0,True,1,58,True
agentsight,e58fce112c6e,docs,0ce5f6a2a96f09d3,172166b74b3003da,True,4,26926,True
agentsight,e58fce112c6e,collector,f9b5b8be6d91f209,ee24735036238367,True,1,8524,True
agentsight,e58fce112c6e,frontend,8f80806e54f007f1,be34f586d50b0025,True,1242,54863364,False
agentsight,e58fce112c6e,collector,1dc10f927a00ce1e,9bd653fb1dfd0493,True,2,12730,True
agentsight,e58fce112c6e,frontend,ceb37d45815b8676,6db21ae4f23393d1,True,1,23246,True
agentsight,e58fce112c6e,collector,9bd653fb1dfd0493,5156d48e19c42c6f,True,3,85665,True
agentsight,e58fce112c6e,frontend,7801dc0e0ac82971,adb1fc0fa356451d,True,8,202078,False
agentsight,e58fce112c6e,collector,1e000a5f1ac0cde7,57ccf82dd3b1f593,True,1,80299,False
agentsight,e58fce112c6e,frontend,adb1fc0fa356451d,bf77c55709807cf7,True,2,11016,True
agentsight,e58fce112c6e,collector,08781b7d8696eb48,ca628b18a07a7b34,True,6,20669,True
agentsight,e58fce112c6e,frontend,2ad098707600bd4d,f92c6b9d83e36010,True,1,18254,True
agentsight,e58fce112c6e,collector,ca628b18a07a7b34,2eeace388f67960e,True,3,81189,True
agentsight,e58fce112c6e,docs,172166b74b3003da,d866691171d0c76c,True,46,543409,False
agentsight,e58fce112c6e,collector,7e6fdcc4be8b8528,b09e89388b403f71,True,1,21562,True
agentsight,e58fce112c6e,docs,d866691171d0c76c,39dc99ffa66dcdde,True,12,214288,True
agentsight,e58fce112c6e,repo-root-files,b104ce61c6b38caa,125ad2f144fae105,True,1470,59946235,False
agentsight,e58fce112c6e,collector,32acdd32f5dc7371,a8a37023f0421a62,True,2,18295,True
agentsight,e58fce112c6e,docs,39dc99ffa66dcdde,e1f86cad58f0c24a,True,2,10921,True
agentsight,e58fce112c6e,repo-root-files,125ad2f144fae105,2addda42ec623146,True,2,18111,True
agentsight,e58fce112c6e,collector,a8a37023f0421a62,b2c45dc807eba4c1,True,2,13215,False
agentsight,e58fce112c6e,frontend,3add435246ca5650,3808749bec731935,True,47,557303,True
agentsight,e58fce112c6e,collector,323ff050994dd869,57ed8c6f8c0e399d,True,1,2141,False
agentsight,e58fce112c6e,docs,e1f86cad58f0c24a,18896df6d3807c59,True,60,929011,True
agentsight,e58fce112c6e,collector,6b35047b9f09d99c,fffc491bc3510c13,True,1,28995,True
agentsight,e58fce112c6e,docs,18896df6d3807c59,f49d4728552fa281,True,3,56925,True
agentsight,e58fce112c6e,collector,17bc583be8f333a5,abc3349cb0b67993,True,1,3560,True
agentsight,e58fce112c6e,docs,f49d4728552fa281,ac63fc62c758c0ee,True,2,12275,True
agentsight,e58fce112c6e,collector,9f265390e6c366e7,fc5f7de0a2fb95d1,True,1,29659,True
agentsight,e58fce112c6e,docs,ac63fc62c758c0ee,66c7db154523ebb5,True,11,180169,True
agentsight,e58fce112c6e,collector,b38dd4059d3de4d0,edd4b52497266717,True,4,132541,True
agentsight,e58fce112c6e,docs,a61cabee6f0d9cf8,46cd57ad800f0734,True,3,60828,True
agentsight,e58fce112c6e,collector,13bfa9fb93cf2755,1e2886f56066fcb6,True,2,32836,True
agentsight,e58fce112c6e,docs,afbb391aa40022a5,c3fac36a1b771d14,True,1,30722,True
agentsight,e58fce112c6e,collector,1e2886f56066fcb6,16d8f7053245c1ef,True,1,72931,False
agentsight,e58fce112c6e,docs,c3fac36a1b771d14,774dc14500ad1a15,True,21,139103,False
agentsight,e58fce112c6e,collector,1c75addc48d34a83,453cf1661a99af79,True,2,17512,True
agentsight,e58fce112c6e,docs,36f9229ed924ad46,3858d7e4ceb44438,True,47,589620,False
agentsight,e58fce112c6e,collector,f56c07ad0ad3a2b7,91894769d455ae1d,True,1,27115,True
agentsight,e58fce112c6e,docs,3858d7e4ceb44438,75cf85df17859327,True,11,156458,True
agentsight,e58fce112c6e,collector,2fdb4656cf34ca9c,532c92c174abb930,True,3,26990,True
agentsight,e58fce112c6e,docs,d4397dfd1f5bfe99,fceee02449eaa306,True,4,48134,True
agentsight,e58fce112c6e,collector,bd6a8e3fb71a08d1,88de744633155234,True,1,53432,True
agentsight,e58fce112c6e,docs,fceee02449eaa306,0a2a801c89bf1f02,True,25,289247,True
agentsight,e58fce112c6e,collector,80fee66719aedf35,572a7292832dc63e,True,1,4277,True
agentsight,e58fce112c6e,docs,0a2a801c89bf1f02,c510e4be27120cb3,True,1,11208,True
agentsight,e58fce112c6e,collector,572a7292832dc63e,42924887002f16f6,True,1,22303,True
agentsight,e58fce112c6e,docs,c510e4be27120cb3,c07cb1239bc1763a,True,4,100925,True
agentsight,e58fce112c6e,collector,cb9b9f11fc329daa,b48b61c6f7d0ee71,True,3,44898,True
agentsight,e58fce112c6e,docs,cb2a3b6519639812,59da4456bab695eb,True,7,130471,True
agentsight,e58fce112c6e,repo-root-files,2addda42ec623146,d1f3ac81bbe8be97,True,222,5298914,False
agentsight,e58fce112c6e,collector,3ac446bcdb6b51ad,1ef9219fbb437508,True,3,2546437,False
agentsight,e58fce112c6e,frontend,3808749bec731935,6be1796355ea3a4c,True,228,5158941,False
agentsight,e58fce112c6e,collector,d28f6c19e39752cd,c1ca30e770988d1c,True,2,18577,True
agentsight,e58fce112c6e,docs,59da4456bab695eb,fdeddc9a9f54924b,True,34,2626864,False
agentsight,e58fce112c6e,collector,ebdb8802b0270015,e83837aa8c091490,True,2,34923,True
agentsight,e58fce112c6e,frontend,7cc4a3278c90910e,22f4bc3a999b74b3,True,14,85872,True
agentsight,e58fce112c6e,collector,e48f7fbed2c4b669,728cd308a27fd45e,True,1,16450,True
agentsight,e58fce112c6e,repo-root-files,557de6d96cf89398,e2b7261a13c2367a,True,50,198171,True
agentsight,e58fce112c6e,docs,0ce878607e53e31b,4b50922c873f91d8,True,19,101793,True
agentsight,e58fce112c6e,frontend,22f4bc3a999b74b3,beeebd860d2f17d3,True,12,43150,True
agentsight,e58fce112c6e,collector,bf3cafee2b04ce7b,aa20f618515f97af,True,5,64645,True
agentsight,e58fce112c6e,frontend,beeebd860d2f17d3,6e0736475c922e0b,True,3,1122444,True
agentsight,e58fce112c6e,collector,046e600f35d2d01c,5507a4a7f222183a,True,1,1112565,True
agentsight,e58fce112c6e,frontend,6e0736475c922e0b,15d9eb46758b9cee,True,2,95326,True
agentsight,e58fce112c6e,collector,841e64fb2d747147,3646d097560c97a4,True,3,102998,True
agentsight,e58fce112c6e,frontend,9b948c5c57f18669,0bca9b00192ee3ef,True,1,39695,True
agentsight,e58fce112c6e,collector,3646d097560c97a4,3fcd6a7c12f650c6,True,1,67969,True
agentsight,e58fce112c6e,frontend,0bca9b00192ee3ef,29cc9e6b7201d39c,True,1,94545,True
agentsight,e58fce112c6e,collector,3fcd6a7c12f650c6,05f31995a03a12b7,True,5,190778,True
agentsight,e58fce112c6e,docs,4b50922c873f91d8,5f15bd81d8c8e417,True,19,1546433,True
agentsight,e58fce112c6e,collector,05f31995a03a12b7,53c9600f2999ced9,True,7,134585,True
agentsight,e58fce112c6e,frontend,a76a8f192dac13c4,8c76eb1c99dc03cc,True,15,192862,True
agentsight,e58fce112c6e,collector,0fd076b0ebd2a4a6,ed309f44c985d329,True,1,13985,True
agentsight,e58fce112c6e,docs,9146549636ce0074,ff56b14f42d52522,True,23,480307,True
agentsight,e58fce112c6e,collector,924c1fa19884bf5f,ac218b1f26870c91,True,7,1111582,True
agentsight,e58fce112c6e,frontend,8c76eb1c99dc03cc,17f638890d22e84e,True,29,1296328,True
agentsight,e58fce112c6e,collector,62cbf0bf90f41b74,9516166958c1fbb7,True,8,28125,True
agentsight,e58fce112c6e,repo-root-files,ee1a2e4ea4c9ff7e,655cb8c19c8a1b19,True,78,3069329,True
agentsight,e58fce112c6e,docs,059580f71d5d3122,10a55bceed637c5c,True,22,165780,True
agentsight,e58fce112c6e,collector,e4abcca66b9f5b8d,39d3c18605a5a9bd,True,3,184771,True
agentsight,e58fce112c6e,frontend,4bc54ea08acb7040,49ad982f8636f364,True,25,463776,True
agentsight,e58fce112c6e,docs,34fb29436e6dad90,a1e678ea6e42037a,True,21,513519,True
agentsight,e58fce112c6e,repo-root-files,655cb8c19c8a1b19,a1e678ea6e42037a,True,23,513558,True
agentsight,e58fce112c6e,collector,ac0e999a0d40badd,6036e6dcdb11eda6,True,9,279280,True
agentsight,e58fce112c6e,frontend,a1e678ea6e42037a,731a25b1092f1e71,True,7,186981,True
agentsight,e58fce112c6e,docs,dab7cde882105c39,f1e67472f841699a,True,5,91406,True
agentsight,e58fce112c6e,collector,fa9c441dab72ebfe,daa62845d857354a,True,2,10722,True
agentsight,e58fce112c6e,docs,f1e67472f841699a,21ba4de7138db4d7,True,3,151664,True
agentsight,e58fce112c6e,collector,fa10668bb730aadc,ba178cb54567b653,True,6,1400078,False
agentsight,e58fce112c6e,frontend,731a25b1092f1e71,26172528d9d88d2b,True,27,1893948,True
agentsight,e58fce112c6e,collector,d1bc30070289469f,7a8a51416adac33c,True,7,361635,True
agentsight,e58fce112c6e,frontend,b3d978b17a0a569d,f36c164a5422233f,True,14,181305,True
agentsight,e58fce112c6e,collector,0d1521020d385e12,51c0e82611f9a070,True,4,55836,True
agentsight,e58fce112c6e,repo-root-files,a1e678ea6e42037a,470237009ef3ea0f,True,83,2660636,True
agentsight,e58fce112c6e,docs,7ad3cb7eca65ab9b,357f5b9a355c1b4c,True,66,980041,False
agentsight,e58fce112c6e,collector,18f475fb13ae76dd,a0c78e4bd7b24554,True,5,62308,True
agentsight,e58fce112c6e,frontend,aa97f1cc1f1cba80,af48d267398fc84c,True,32,1453543,True
agentsight,e58fce112c6e,collector,823bf3582ca72540,45be142089d43259,True,2,73637,False
agentsight,e58fce112c6e,frontend,717846558258cc33,009341aa38b9af9a,True,8,68961,True
agentsight,e58fce112c6e,collector,ed3175227be19a3b,18bf732307c78389,True,5,165223,True
agentsight,e58fce112c6e,frontend,ae218af36560aa6c,66a67de8821d9fe3,True,8,178117,True
agentsight,e58fce112c6e,collector,4e5488d6b0a644cf,e2092b2d8680df62,True,1,44,True
agentsight,e58fce112c6e,frontend,66a67de8821d9fe3,d94ed1696085c6df,True,20,200046,True
agentsight,e58fce112c6e,collector,74bbe679ccd4be6f,a819e127ca4eb069,True,6,67698,True
agentsight,e58fce112c6e,docs,e13710f302ead9cd,81096adceb01f330,True,72,1987687,True
agentsight,e58fce112c6e,frontend,125dde1a84266c42,206cdb156e75ee40,True,20,256518,True
agentsight,e58fce112c6e,collector,fc715b6fe2f99f37,3681378bf83e3c89,True,15,203381,True
agentsight,e58fce112c6e,frontend,07280e50b23d8ccf,c6c52471a0f59a6a,True,12,193166,True
agentsight,e58fce112c6e,collector,55632dbd7848f0fb,ae6d0f7deb0797ce,True,1,1083954,False
agentsight,e58fce112c6e,frontend,c6c52471a0f59a6a,504036c4a0338e16,True,20,1326418,True
agentsight,e58fce112c6e,collector,1daf3cb949ff8f74,a95f7a553086852e,True,5,57078,True
agentsight,e58fce112c6e,frontend,4b85b0a8b3e27414,d056be170b6d95ca,True,1,20545,True
agentsight,e58fce112c6e,collector,a95f7a553086852e,af3ca0810a5055f9,True,6,87673,True
agentsight,e58fce112c6e,frontend,1be76630f02a2536,bcfc8af88eb8b670,True,6,114126,True
agentsight,e58fce112c6e,collector,dacda634021c387e,4bd4dd51622f4279,True,5,115370,True
agentsight,e58fce112c6e,frontend,1822fd432b90de2a,f52dfcf2144e2c3e,True,7,92425,True
agentsight,e58fce112c6e,collector,38cccced8cd89421,3d2c69d40b146e0c,True,6,206322,True
agentsight,e58fce112c6e,frontend,e0907b224e4bc841,ce07fc709e4ad91d,True,2,77281,True
agentsight,e58fce112c6e,collector,26e6486bb0330c2b,2ea22821429856a9,True,4,7144,True
agentsight,e58fce112c6e,frontend,aa44b3200dc30044,d3cc5dda05cd34c9,True,3,19556,True
agentsight,e58fce112c6e,collector,51c16816e17424c3,6cac5259ae322623,True,4,18109,True
agentsight,e58fce112c6e,frontend,888ba7b4ffda0744,ae8f328b9f4833ef,True,9,86844,True
agentsight,e58fce112c6e,collector,1fd0e4a0e1db9248,6ee3cf2c053aee24,True,1,32568,True
agentsight,e58fce112c6e,frontend,ae8f328b9f4833ef,4b04e67c12dd36ce,True,1,45,True
agentsight,e58fce112c6e,collector,6ee3cf2c053aee24,561aed64006caf12,True,1,1,True
agentsight,e58fce112c6e,frontend,4b04e67c12dd36ce,3bc36158f0848c6a,True,5,21381,True
agentsight,e58fce112c6e,collector,de686277a8382bb7,ce6694cb351ef3e5,True,1,54703,True
agentsight,e58fce112c6e,frontend,3bc36158f0848c6a,2dd575c1b5c573a8,True,2,80758,True
agentsight,e58fce112c6e,collector,778d7f9b9beb78c9,6883920726af3c81,True,11,141016,True
agentsight,e58fce112c6e,frontend,a930cf5fe78d1af2,69d77cc13cea6843,True,3,305851,False
agentsight,e58fce112c6e,collector,ca764100b26b9e63,2f2492c61f699826,True,5,11258,True
agentsight,e58fce112c6e,frontend,bb3b3c533916c289,529d48d0b7aa8755,True,2,9702,True
agentsight,e58fce112c6e,collector,8dd8eaef9e714264,522075dfde9b0376,True,1,2942,True
agentsight,e58fce112c6e,frontend,529d48d0b7aa8755,d5752d03ca881945,True,15,37916,False
agentsight,e58fce112c6e,collector,8b89923a2feda537,427cdbd912721add,True,3,322325,False
agentsight,e58fce112c6e,docs,67c1c1cb934e02c9,f90f0d36f76b177b,True,217,3925443,True
agentsight,e58fce112c6e,collector,3cb07f3afef79386,b59ceae9de8b34fc,True,3,30963,True
agentsight,e58fce112c6e,docs,570c7800b2ceb80b,7c9c9eafd91edf99,True,2,17541,True
agentsight,e58fce112c6e,collector,ff6fc93ddbbbf4e1,a4e20053018aa194,True,1,7241,True
agentsight,e58fce112c6e,docs,7c9c9eafd91edf99,dc685a22f6803784,True,1,10,True
agentsight,e58fce112c6e,collector,a4e20053018aa194,8b050014d1db0ef1,True,1,7998,True
agentsight,e58fce112c6e,frontend,4ddc61e106e6191a,0ae14d36588ca3bd,True,172,1918042,True
agentsight,e58fce112c6e,collector,c3c8fca181498ccf,1effb3dbc6041b6c,True,21,77467,True
agentsight,e58fce112c6e,frontend,6fac6b86d26f06dc,35100fbc0b123d75,True,2,12323,True
agentsight,e58fce112c6e,collector,3af1965a1de4790e,a9273cec605b0976,True,1,8434,True
agentsight,e58fce112c6e,frontend,35100fbc0b123d75,c8ed610b75c9231f,True,2,30095,True
agentsight,e58fce112c6e,collector,45622cab6d5b4b84,3b925fe6f88189af,True,3,65558,True
agentsight,e58fce112c6e,frontend,8bf7807a4011d94b,71012768f87d5f99,True,2,60231,True
agentsight,e58fce112c6e,collector,e59004f02eb12471,9bcd4477553444e9,True,22,334245,True
agentsight,e58fce112c6e,frontend,4427bafed8f5e1f1,2a96089747ca981f,True,1,9080,True
agentsight,e58fce112c6e,collector,9bcd4477553444e9,7144d0e501a8740a,True,1,19205,True
agentsight,e58fce112c6e,docs,dc685a22f6803784,d585a9d1c01a27b1,True,159,1651909,True
agentsight,e58fce112c6e,collector,7144d0e501a8740a,1ad8e682f556084e,True,5,60523,True
agentsight,e58fce112c6e,docs,607d2207746b31a3,8b853d3e851522c0,True,1,55221,True
agentsight,e58fce112c6e,collector,1ad8e682f556084e,e7666e037c0191dd,True,3,118022,True
agentsight,e58fce112c6e,frontend,b737bf97aba4e1d2,777c3502d64615ef,True,9,154437,True
agentsight,e58fce112c6e,collector,e7666e037c0191dd,09535109bdef08a3,True,1,30837,True
agentsight,e58fce112c6e,frontend,09535109bdef08a3,51b323fb6328bec6,True,7,113849,True
agentsight,e58fce112c6e,collector,40ade655efaf9f47,b10e7ea4acafb43c,True,5,26163,True
agentsight,e58fce112c6e,frontend,71587aada348b5e3,279a9965f52f4fe5,True,11,32677,True
agentsight,e58fce112c6e,collector,1033fe9211cb5882,721ebb7a93d0aa17,True,4,49043,True
agentsight,e58fce112c6e,repo-root-files,470237009ef3ea0f,ac1b13142315d5c1,True,505,8036784,True
agentsight,e58fce112c6e,collector,2a52953599ec9559,ab6356009e4087d2,True,1,9252,True
agentsight,e58fce112c6e,docs,f56b5a8817657309,f2bbc91f4f6e0259,True,38,318769,True
agentsight,e58fce112c6e,repo-root-files,ac1b13142315d5c1,d75f4e0193de4484,True,3,7842,True
agentsight,e58fce112c6e,docs,f2bbc91f4f6e0259,6ac083a365ecd0db,True,1,39,True
agentsight,e58fce112c6e,frontend,ae9a6feb39bd0166,4dc257d00032f8ff,True,12,154847,True
agentsight,e58fce112c6e,collector,dcf14ec034d6e1d0,4d91322b95305041,True,6,79631,True
agentsight,e58fce112c6e,frontend,21c13c67a11b1c6f,f690ad2b9ebd9f5a,True,4,60638,True
agentsight,e58fce112c6e,collector,c89495e93e72230b,da5995f776fc5363,True,14,144116,True
agentsight,e58fce112c6e,frontend,006e5feaa361f0f1,037a8a2278b2a7ce,True,6,99912,True
agentsight,e58fce112c6e,collector,88db70357df862e8,e8fef51ed4b888d9,True,1,25180,True
agentsight,e58fce112c6e,frontend,037a8a2278b2a7ce,87f37510cb5421c4,True,2,19150,True
agentsight,e58fce112c6e,docs,3cc986c57bb8ba49,fc1156826edf2229,True,31,412933,True
agentsight,e58fce112c6e,frontend,87f37510cb5421c4,6a902704388f8e2d,True,2,86026,True
agentsight,e58fce112c6e,collector,6a902704388f8e2d,3125e4e72d27f8a1,True,5,236732,False
agentsight,e58fce112c6e,frontend,10212b86438e72e0,0efe3b8ae44b1c48,True,2,21437,True
agentsight,e58fce112c6e,repo-root-files,d75f4e0193de4484,b350d75665f7ea8e,True,43,712361,True
agentsight,e58fce112c6e,collector,82390e1e7b9987a1,10a79f9c034645d3,True,2,32426,False
agentsight,e58fce112c6e,frontend,0efe3b8ae44b1c48,49c38259d1b7c64a,True,2,11737,False
agentsight,e58fce112c6e,collector,10a79f9c034645d3,62b57c0226c73d59,True,7,51767,False
agentsight,e58fce112c6e,docs,fc1156826edf2229,64f9f2c39acad5f6,True,21,497618,True
agentsight,e58fce112c6e,frontend,8aefff29f78859f2,64f9f2c39acad5f6,True,3,173426,False
agentsight,e58fce112c6e,repo-root-files,b350d75665f7ea8e,64f9f2c39acad5f6,True,11,198230,True
agentsight,e58fce112c6e,frontend,cb3ec39b1650a086,59b93c71f530b145,True,1,119721,True
agentsight,e58fce112c6e,collector,3084c771deba4c98,b55045309b4b6159,True,2,23792,True
agentsight,e58fce112c6e,repo-root-files,64f9f2c39acad5f6,8fde75f068128036,True,19,2369177,False
agentsight,e58fce112c6e,docs,64f9f2c39acad5f6,b9f429b251951361,True,20,2369177,False
agentsight,e58fce112c6e,collector,12a3b9b195f28fbb,1572d6d620efa27b,True,2,7314,True
agentsight,e58fce112c6e,frontend,5f8031fd4b9d10b9,b92ef2a833b0bc03,True,49,2135631,False
agentsight,e58fce112c6e,collector,0bd53a40898fbbd2,0a9bb6e696c79f2c,True,10,16318,False
agentsight,e58fce112c6e,frontend,a03173cf7cfa2da8,7683fc463aa1e098,True,2,8442,True
agentsight,e58fce112c6e,docs,b9f429b251951361,97a00dcec2d76d58,True,49,128177,True
agentsight,e58fce112c6e,collector,617e4974f23837fe,90085e8a0a5ad2ee,True,8,57893,False
agentsight,e58fce112c6e,frontend,c3a228f1b98faf13,290235e35850792f,True,80,1247587,False
agentsight,e58fce112c6e,collector,ff86e5f56d79b220,ffbcb038817ed7d6,True,1,25834,True
agentsight,e58fce112c6e,docs,8db3e678c8919ddc,a56e798e695eeba8,True,99,1455754,False
agentsight,e58fce112c6e,repo-root-files,8fde75f068128036,6ac81665da0bd421,True,153,1583981,False
agentsight,e58fce112c6e,collector,9c1e5d973a68fa8c,8b9e54458c03a4a5,True,2,9411,True
agentsight,e58fce112c6e,repo-root-files,6ac81665da0bd421,c73b0f67de8a7ae7,True,1,51,True
agentsight,e58fce112c6e,collector,8b9e54458c03a4a5,527c1280310884c3,True,1,2,True
agentsight,e58fce112c6e,frontend,290235e35850792f,0fa7e9689edef819,True,29,230704,False
agentsight,e58fce112c6e,collector,e04679e71df030b3,dc138ec0a9a811da,True,1,36342,True
agentsight,e58fce112c6e,repo-root-files,c73b0f67de8a7ae7,acca52fd2c1605f3,True,24,315615,False
agentsight,e58fce112c6e,docs,a56e798e695eeba8,861068074fb8b4e7,True,28,315667,False
agentsight,e58fce112c6e,repo-root-files,acca52fd2c1605f3,86e2f53efd74fded,True,1,4382,True
agentsight,e58fce112c6e,collector,acca52fd2c1605f3,ea69b2ef5faeffdd,True,4,24832,True
agentsight,e58fce112c6e,docs,861068074fb8b4e7,efa27f8e8038d0d4,True,6,42766,True
agentsight,e58fce112c6e,repo-root-files,abdf2ab426d8c929,8626185a1cbc082b,True,4,66614,True
agentsight,e58fce112c6e,collector,46f079004d7e119c,f79a89a0138251db,True,2,49520,True
agentsight,e58fce112c6e,frontend,0fa7e9689edef819,0ee6877c3ec03467,True,144,3318417,False
agentsight,e58fce112c6e,collector,11ac7c256727516a,760f619b8cf45181,True,1,48,True
agentsight,e58fce112c6e,frontend,0ee6877c3ec03467,07bd1acedc6ed76d,True,4,23802,True
agentsight,e58fce112c6e,collector,3216fb670038058a,9486a72a03f8d23e,True,1,26535,True
agentsight,e58fce112c6e,frontend,07bd1acedc6ed76d,30c4fb3485d0a9b2,True,16,120864,True
agentsight,e58fce112c6e,collector,24b0f54208a2fde1,45ecc305b1544d02,True,1,37847,True
agentsight,e58fce112c6e,frontend,30c4fb3485d0a9b2,bbdadef1478f0c57,True,1,53032,True
agentsight,e58fce112c6e,collector,45ecc305b1544d02,04f3c44d8ea8ac7c,True,2,50817,True
agentsight,e58fce112c6e,frontend,c9b67b062efc6630,a55ac0690b67ddbb,True,3,51205,True
agentsight,e58fce112c6e,collector,28f6f799ad3b5abd,eb7ebedb2cb1ee53,True,1,3722,True
agentsight,e58fce112c6e,frontend,a55ac0690b67ddbb,00158c196e6ceea1,True,14,113121,True
agentsight,e58fce112c6e,collector,c4157661e681e7fa,700377fe080f0933,True,1,14156,True
agentsight,e58fce112c6e,frontend,00158c196e6ceea1,ba1f661717687c28,True,14,187219,True
agentsight,e58fce112c6e,collector,91df4d674b8ceddc,b99a2f68533df393,True,1,82199,True
agentsight,e58fce112c6e,frontend,ba1f661717687c28,47149f7b0e243b89,True,105,1404494,True
agentsight,e58fce112c6e,repo-root-files,8626185a1cbc082b,928479ca8a7118ac,True,283,4911864,True
agentsight,e58fce112c6e,frontend,d28c5b506a11eb00,c27c6fa09fa639a0,True,1,14415,True
agentsight,e58fce112c6e,collector,5081194964a280ca,0de134d647c60ff7,True,6,33763,True
agentsight,e58fce112c6e,frontend,890a1f4c6291a2d9,cf769b17cc90638b,True,1,14208,True
agentsight,e58fce112c6e,collector,0de134d647c60ff7,971ef0b499efdb01,True,7,118343,False
agentsight,e58fce112c6e,frontend,8ab3632a82675ca2,ef24250af75cd128,True,16,246387,True
agentsight,e58fce112c6e,collector,e79c5cb4da1f4926,f5baef7018515554,True,1,1,True
agentsight,e58fce112c6e,frontend,ef24250af75cd128,9ae02976c73e139f,True,4,26398,True
agentsight,e58fce112c6e,collector,ec6130916fe7cae0,b3bcb9b7571ab11b,True,1,333343,False
agentsight,e58fce112c6e,.github,984ead4ad7938150,06c4151ed669beb2,True,3514,112717248,False
agentsight,e58fce112c6e,collector,656221875a08bedd,7d5d779e4cda5d23,True,1,53677,True
agentsight,e58fce112c6e,repo-root-files,928479ca8a7118ac,c71be334d6991107,True,193,4703938,False
agentsight,e58fce112c6e,collector,24357117e5d2704b,66d4f61231c859f6,True,1,2020235,False
agentsight,e58fce112c6e,frontend,9ae02976c73e139f,a9e0178f3e3f2570,True,227,4426317,False
agentsight,e58fce112c6e,collector,5d1f07d38329cd2e,a38d3cbd06d03d71,True,2,7994,False
agentsight,e58fce112c6e,frontend,2dabeaaba03228e9,b7197746cc7e2298,True,5,10634,True
agentsight,e58fce112c6e,collector,98df5d238c2a90cd,bda68f13027e264a,True,2,9712,True
agentsight,e58fce112c6e,frontend,760e9969aaaac7d0,f12f4124cc4bea0e,True,10,20089,True
agentsight,e58fce112c6e,collector,d1e7d1ccdbdfe2c5,8f45dacb27fed207,True,3,8889,True
agentsight,e58fce112c6e,bpf,23b7cdcb0ede5fca,bf351f115f6be1a6,True,2933,59526897,False
agentsight,e58fce112c6e,frontend,64ef90f24cbdc94e,4b77cca7475592c0,True,8,23106,True
agentsight,e58fce112c6e,collector,40bd5a00ab18e2b3,3606362a7f181ba0,True,6,98795,True
agentsight,e58fce112c6e,frontend,4b77cca7475592c0,4791a76196b92c6b,True,9,87321,True
agentsight,e58fce112c6e,collector,c9b4ca1532b81369,2a2ac03fbc7e257d,True,2,10875,True
agentsight,e58fce112c6e,frontend,cb722459f74f183e,20d58b121e041da8,True,5,10962,True
agentsight,e58fce112c6e,collector,8ed4ed85af2ba5d5,6f5ad739b6dbfb88,True,1,7909,False
agentsight,e58fce112c6e,frontend,20d58b121e041da8,e65565322ea87ea2,True,12,31105,True
agentsight,e58fce112c6e,collector,3bb92b05aab822e4,24fad037678a4e53,True,1,2692,False
agentsight,e58fce112c6e,bpf,5d927711d162a0ce,f43c9db8cf5a4db1,True,68,1070020,False
agentsight,e58fce112c6e,collector,73f01ea5dfa5f7d4,510b2376ce693541,True,3,190365,True
agentsight,e58fce112c6e,frontend,e65565322ea87ea2,86bc4530f3d9ecef,True,117,4005465,True
agentsight,e58fce112c6e,collector,73cb3951e8913db8,95de3491228973c5,True,12,27400,True
agentsight,e58fce112c6e,frontend,ba454ccbd3cc857c,68b5b24c0c209f4b,True,5,172051,True
agentsight,e58fce112c6e,collector,6b24d6d530d68541,1ac30f6e5297b003,True,4,7797,True
agentsight,e58fce112c6e,frontend,e1d4fcac9bd19854,db62cdb1349dc756,True,9,46076,True
agentsight,e58fce112c6e,collector,cd2cbc333bba8f25,030930d109806f28,True,4,23089,True
agentsight,e58fce112c6e,frontend,4ea9cb2a298729c4,1d0bd2a3f942a16e,True,5,50181,True
agentsight,e58fce112c6e,collector,4cfa8e7e0676d9af,f4576baa3da0fbd3,True,2,26158,True
agentsight,e58fce112c6e,frontend,f1ff7850455dac43,abb5167d1ea9c78d,True,1,41615,True
agentsight,e58fce112c6e,collector,f4576baa3da0fbd3,8ee675d237e25dc3,True,17,214572,False
agentsight,e58fce112c6e,frontend,2f5348395885c336,e91f2a125b8b55f4,True,1,11330,True
agentsight,e58fce112c6e,collector,8ee675d237e25dc3,8fca4a058ea98262,True,5,87435,True
agentsight,e58fce112c6e,.git,ec618c255c473d9b,f1bc2910fb177361,True,3607,126751752,False
agentsight,e58fce112c6e,collector,979c3554f806ec68,cc74926ceaefd820,True,1,95255,True
agentsight,e58fce112c6e,bpf,bb004ef65d7e0ab6,695c4f5abcd9a1da,True,524,42012302,False
agentsight,e58fce112c6e,collector,c1e27ee0c0ea559b,4b6c23e605040158,True,10,79067,True
agentsight,e58fce112c6e,docs,efa27f8e8038d0d4,4a1a998e2616f3b3,True,1944,66335754,False
agentsight,e58fce112c6e,repo-root-files,c71be334d6991107,afb69e127a66109d,True,1470,57083941,False
agentsight,e58fce112c6e,docs,0ebc17668c811db5,77ba92529aaeb519,True,1,34457,False
agentsight,e58fce112c6e,collector,2e8d7bbc8c706d53,cc98feb7d2004f6c,True,7,453238,False
agentsight,e58fce112c6e,repo-root-files,afb69e127a66109d,661368a8260db655,True,2,11,True
agentsight,e58fce112c6e,collector,cc98feb7d2004f6c,d66cf239efe22d28,True,1,8189,True
agentsight,e58fce112c6e,docs,77ba92529aaeb519,5e1d42936e3e8206,True,11,43852,True
agentsight,e58fce112c6e,collector,a8681a8762e439f3,2d976812ec572073,True,3,40170,True
agentsight,e58fce112c6e,docs,ac68dbc63836f0c2,9df70910cd9ae5b3,True,2,25261,True
agentsight,e58fce112c6e,repo-root-files,661368a8260db655,160f3d3a418654ce,True,17,238553,True
agentsight,e58fce112c6e,docs,3ce8059d51caafa5,e59d85ee8df60316,True,1,1,True
agentsight,e58fce112c6e,repo-root-files,160f3d3a418654ce,384d33200153a2f4,True,1,8870,True
agentsight,e58fce112c6e,docs,e59d85ee8df60316,f9ede694368afd7d,True,1,8870,True
agentsight,e58fce112c6e,collector,14de2b7b37268204,d8a78bf993b0c6c7,True,7,178330,True
agentsight,e58fce112c6e,docs,f9ede694368afd7d,01faa58a49f61f04,True,1,23715,True
agentsight,e58fce112c6e,repo-root-files,384d33200153a2f4,769cf9214e0d8a33,True,3,42009,True
agentsight,e58fce112c6e,docs,01faa58a49f61f04,ab9521ec5f981b36,True,2,46348,True
agentsight,e58fce112c6e,repo-root-files,889670c18bcab47b,27538a662b9f16c9,True,1,65991,True
agentsight,e58fce112c6e,docs,ab9521ec5f981b36,2e93b6f7c0050531,True,5,105083,True
agentsight,e58fce112c6e,repo-root-files,898323dfe1f425ce,1a49d8967bb5bc6a,True,1,24352,True
agentsight,e58fce112c6e,docs,2e93b6f7c0050531,7662f85505df571b,True,1,9480,True
agentsight,e58fce112c6e,collector,d8a78bf993b0c6c7,97726ef38ba55f7e,True,13,206120,False
agentsight,e58fce112c6e,docs,ae0b83ea93486e5b,ff4143c971f29b68,True,3,31317,True
agentsight,e58fce112c6e,collector,6a2180bef130216b,5dbea2ca45ec98ae,True,1,18630,True
agentsight,e58fce112c6e,docs,ff4143c971f29b68,9c0b43f2fdfab535,True,6,38305,True
agentsight,e58fce112c6e,collector,55792c9c6d326d8c,7a708ea81f2897fc,True,3,7603,True
agentsight,e58fce112c6e,docs,c9fc4a093fc83e26,9abc504fb2c49956,True,2,15495,True
agentsight,e58fce112c6e,collector,a425accb15d90010,fe0eaedde47f7d0d,True,1,11302,True
agentsight,e58fce112c6e,docs,9abc504fb2c49956,71f12d56e1768ea8,True,2,19103,True
agentsight,e58fce112c6e,collector,b7fb86f3b354d556,3773d3d8c2f2c66f,True,1,17050,True
agentsight,e58fce112c6e,docs,71f12d56e1768ea8,ec849bb004cbb7e3,True,1,11107,True
agentsight,e58fce112c6e,repo-root-files,1a49d8967bb5bc6a,37ed85029bb7e09f,True,24,175300,True
agentsight,e58fce112c6e,collector,3773d3d8c2f2c66f,520ca552cdd65cc2,True,4,60885,True
agentsight,e58fce112c6e,docs,f7741ebe7f0e4fad,29fe1a119e68c7b7,True,3,50068,True
agentsight,e58fce112c6e,repo-root-files,b16ff97444483c70,977967df9034f18b,True,2,61283,False
agentsight,e58fce112c6e,.github,06c4151ed669beb2,9d962c8a65f96835,True,1631,61791249,False
agentsight,e58fce112c6e,collector,520ca552cdd65cc2,8c382534ac74614c,True,11,235673,True
agentsight,e58fce112c6e,docs,29fe1a119e68c7b7,e0d7cef1e3bb1a83,True,26,3723711,False
agentsight,e58fce112c6e,frontend,16d444431a32401b,542baf7c1e1467fd,True,1256,57062002,False
agentsight,e58fce112c6e,.github,a616aad01a2d9c32,44847f2db38ff4fb,True,20,4048414,True
agentsight,e58fce112c6e,frontend,542baf7c1e1467fd,53ea083fe2da08af,True,2,17000,True
agentsight,e58fce112c6e,collector,8584eabe8c29c75d,025423d59c19a5ca,True,9,3385546,True
agentsight,e58fce112c6e,frontend,9e94548d4ea3486d,06566f9b754bb97e,True,3,294232,True
agentsight,e58fce112c6e,collector,977982e185fa7d10,5a7a6765ed558d92,True,9,8974,True
agentsight,e58fce112c6e,.github,f4105b331be67f5e,a1d1817be8c291b8,True,17,314499,True
agentsight,e58fce112c6e,repo-root-files,890ee6f621885a7f,bacccaa0897afa7e,True,42,4410454,True
agentsight,e58fce112c6e,frontend,c4325df361fd430a,ba5134e4698c48f6,True,4,1707,True
agentsight,e58fce112c6e,docs,44713006614be9bb,6e7d84fed2b9fdc9,True,27,740054,True
agentsight,e58fce112c6e,frontend,859de9f057cceec6,62857236a6637229,True,4,2060,True
agentsight,e58fce112c6e,docs,04cb03b442e37286,dbca47464ab10f9d,True,7,8743,True
agentsight,e58fce112c6e,frontend,fc95d72914204910,3f0313f0df5a9084,True,2,927,True
agentsight,e58fce112c6e,collector,e81b5b9934ff279f,d7749e5661b20569,True,23,89251,True
agentsight,e58fce112c6e,frontend,cb5309a020bc5030,0ee9da73163c037f,True,1,74781,True
agentsight,e58fce112c6e,.github,a1d1817be8c291b8,1df5fbdd721ecafa,True,24,90006,True
agentsight,e58fce112c6e,frontend,0ee9da73163c037f,67bec3bef96d7f87,True,1,855,True
agentsight,e58fce112c6e,repo-root-files,bacccaa0897afa7e,507b149f5628b95f,True,35,102463,True
agentsight,e58fce112c6e,frontend,d4c242464280f42b,3ba9c363b5358db6,True,1,4541,True
agentsight,e58fce112c6e,collector,d7749e5661b20569,86a44eb84eb45e46,True,15,18619,True
agentsight,e58fce112c6e,frontend,3ba9c363b5358db6,da16e469805be455,True,2,10866,True
agentsight,e58fce112c6e,collector,ad121f061c4cc752,1c428f5bb6259d30,True,3,21269,True
agentsight,e58fce112c6e,.github,1df5fbdd721ecafa,0e04ab21b241fb58,True,25,95975,True
agentsight,e58fce112c6e,collector,ecd2c8a3efd5cb4f,9623f1e117844272,True,1,13063,True
agentsight,e58fce112c6e,repo-root-files,507b149f5628b95f,b23c8ee1311bb8b9,True,16,96053,True
agentsight,e58fce112c6e,frontend,544e98a306db1164,970312a03b9871fd,True,11,78662,True
agentsight,e58fce112c6e,repo-root-files,b23c8ee1311bb8b9,190fe511f34d4d8a,True,1,6833,True
agentsight,e58fce112c6e,frontend,970312a03b9871fd,37fa2772c2a1dca4,True,1,6755,True
agentsight,e58fce112c6e,collector,63d85b80fbaaab43,d53fc48f4b8ec80b,True,4,138366,True
agentsight,e58fce112c6e,docs,f4fafbad4288a6e8,6aa3226cf018e73f,True,39,385587,True
agentsight,e58fce112c6e,collector,d53fc48f4b8ec80b,dcec8ba5528fab76,True,2,1213479,True
agentsight,e58fce112c6e,frontend,37fa2772c2a1dca4,80dadf072fcf3b50,True,6,1458521,True
agentsight,e58fce112c6e,.github,0e04ab21b241fb58,a18867a6bd170d2c,True,20,1581969,True
agentsight,e58fce112c6e,frontend,29e62e01015587bb,acf07fdd6ddbdd9b,True,2,2534598,True
agentsight,e58fce112c6e,collector,9529cb9299276c88,2d7d604c3ccbc14b,True,12,3383581,False
agentsight,e58fce112c6e,frontend,bddab11556e3cdfe,827e199d31e6d998,True,16,985984,True
agentsight,e58fce112c6e,docs,f0cc270eb222d466,b56b4ef898154bd9,True,35,4909548,True
agentsight,e58fce112c6e,collector,a5f936a0f8a7ca61,f785abb5cd907788,True,5,52997,True
agentsight,e58fce112c6e,docs,b56b4ef898154bd9,157b8923b5de8fea,True,1,4993,True
agentsight,e58fce112c6e,collector,f785abb5cd907788,e31d39baf6c334a8,True,1,6973,True
agentsight,e58fce112c6e,docs,157b8923b5de8fea,fd8c87b2944e20ac,True,1,5816,True
agentsight,e58fce112c6e,collector,e31d39baf6c334a8,75ae3575aea2daff,True,1,5553,True
agentsight,e58fce112c6e,frontend,257df29bbd11d61a,afe7d689a5745759,True,6,32270,True
agentsight,e58fce112c6e,collector,75ae3575aea2daff,e559e2e2d705320b,True,1,10879,True
agentsight,e58fce112c6e,frontend,afe7d689a5745759,9061030a4412b3da,True,1,8731,True
agentsight,e58fce112c6e,collector,e559e2e2d705320b,e81b3aa29251c2c7,True,3,24885,True
agentsight,e58fce112c6e,frontend,a60998b05187804b,0d99567184201254,True,1,8474,True
agentsight,e58fce112c6e,collector,e81b3aa29251c2c7,f515c99b2526c066,True,1,6095,True
agentsight,e58fce112c6e,frontend,0d99567184201254,4578b6465fff103f,True,41,1376045,True
agentsight,e58fce112c6e,collector,217f6c5c8d05e1ad,45fee5d3f42f6c8a,True,3,1107404,True
agentsight,e58fce112c6e,frontend,aa6437a212322439,ca92851bf1af95ab,True,29,856449,True
agentsight,e58fce112c6e,repo-root-files,190fe511f34d4d8a,7bde23b7b2230977,True,127,10680697,False
agentsight,e58fce112c6e,frontend,0b270a796b89c153,cd3bb92b9588d4e2,True,3,3458234,True
agentsight,e58fce112c6e,repo-root-files,af78ea2973dfea6a,bd12eb58d8bb93b8,True,2,183553,False
agentsight,e58fce112c6e,docs,fd8c87b2944e20ac,19d3c170c24b3180,True,90,72845022,False
agentsight,e58fce112c6e,frontend,529c44ca5c5594aa,9a7770c35cf3f3c9,True,5,67061461,False
agentsight,e58fce112c6e,docs,b2c9b36c95cad641,c1d968c51169c3ea,True,7,13183,True
agentsight,e58fce112c6e,frontend,73ed06624d20f48e,6758648035558f45,True,1,9799,True
agentsight,e58fce112c6e,docs,c1d968c51169c3ea,6707e8574ee030a6,True,1,17514,True
agentsight,e58fce112c6e,frontend,6758648035558f45,ae4cd2b324b24672,True,7,22733,True
agentsight,e58fce112c6e,collector,6d52ee3c45877ad3,3013f2633e70aa5a,True,29,101851652,False
agentsight,e58fce112c6e,docs,fa99a5fc4fb52b5f,3a7cf01ac2fbe6a9,True,2,31457703,True
agentsight,e58fce112c6e,frontend,ae4cd2b324b24672,790ca73c93323d64,True,11,275739681,False
agentsight,e58fce112c6e,collector,3013f2633e70aa5a,78d7da7564b3d050,True,11,244561947,False
agentsight,e58fce112c6e,frontend,790ca73c93323d64,644c93bc726e10ab,True,4,7930,True
agentsight,e58fce112c6e,collector,edccce473eea01ef,d28b5e9d70e015ab,True,2,2967,True
agentsight,e58fce112c6e,frontend,39e7713acde410d3,9aa84f7b50db0cb8,True,13,35049,True
agentsight,e58fce112c6e,collector,762d8a0d1e8ed700,0d585090ac6be1f1,True,4,255332,True
agentsight,e58fce112c6e,repo-root-files,f0445c3db8a6322e,de1b70f1c60d2f62,True,62,276104742,False
agentsight,e58fce112c6e,collector,c8cbfa7bf3c86a46,1ba4c7648528b8fa,True,2,16143,True
agentsight,e58fce112c6e,repo-root-files,abd1334876b7dd08,422fbe903985f097,True,13,272604,True
agentsight,e58fce112c6e,collector,1498392b3db2aca0,224932144003a7fa,True,1,81244,True
agentsight,e58fce112c6e,frontend,589bd53fd36edb48,70f128ef2e8a8e94,True,28,1241847,True
agentsight,e58fce112c6e,collector,f8f7086ff950a1bf,b9abd3c4e47eb50f,True,1,666069,True
agentsight,e58fce112c6e,frontend,70f128ef2e8a8e94,18fd6dc017009587,True,29,559825,True
agentsight,e58fce112c6e,collector,dd50b64c124e2e7f,075c9b3cc73074ee,True,5,34613,True
agentsight,e58fce112c6e,frontend,e0590284904fb442,883d4dc834872e3f,True,32,4217640,True
agentsight,e58fce112c6e,collector,99908d9e8a87a4d5,cfdf96eba8c44cef,True,5,3538435,True
agentsight,e58fce112c6e,repo-root-files,422fbe903985f097,eff7d96118ac908a,True,80,12167657,False
agentsight,e58fce112c6e,collector,1dda950e17603df1,327d1248c490faf3,True,2,6548586,False
agentsight,e58fce112c6e,frontend,bd7924ae81c72e31,f19e94227e6efce2,True,24,12209017,False
agentsight,e58fce112c6e,collector,4de4625282c486eb,f5b9fc70167be308,True,1,40982,True
agentsight,e58fce112c6e,frontend,f19e94227e6efce2,b5c886938a2c0f82,True,29,556299,True
agentsight,e58fce112c6e,collector,aaf60766f5ea7f7a,762a892a1abbfdd7,True,3,262029,True
agentsight,e58fce112c6e,frontend,79b54d294887aef4,d1dea0a440ac6292,True,3,17627,True
agentsight,e58fce112c6e,collector,24faf26c4f16fbf3,b1e0251b1522abc2,True,1,31125,True
agentsight,e58fce112c6e,frontend,d1dea0a440ac6292,613b66d7f292e21c,True,28,1315192,True
agentsight,e58fce112c6e,collector,8f97f28352d57f16,f7010063f1555987,True,4,83168,True
agentsight,e58fce112c6e,frontend,186ba7308bf3574e,b0b8820b199d8f5e,True,5,40481,True
agentsight,e58fce112c6e,collector,67f41bfa72711317,4dc177d21665c8d0,True,1,40030,True
agentsight,e58fce112c6e,frontend,b0b8820b199d8f5e,fbb6ff4ec9b0e430,True,20,66101517,False
agentsight,e58fce112c6e,collector,6edbe361b032295d,1768e94899fc25d5,True,1,65519,True
agentsight,e58fce112c6e,frontend,fbb6ff4ec9b0e430,69357b71f3035bcc,True,23,2241215,True
agentsight,e58fce112c6e,collector,69357b71f3035bcc,3101779e2f95a7e8,True,1,28271,True
agentsight,e58fce112c6e,frontend,c156c1c71bc9924e,5e2a4ea2c0adfef1,True,1,36825,True
agentsight,e58fce112c6e,frontend,5e2a4ea2c0adfef1,ef560f5238b5ab92,True,7,404274,True
agentsight,e58fce112c6e,collector,727e78d4c5e248aa,6e95b61a38360ba2,True,1,27,True
agentsight,e58fce112c6e,frontend,ef560f5238b5ab92,5a23833e85a6d00d,True,8,123405,True
agentsight,e58fce112c6e,collector,6dae45361a92105a,55f9c910711b923c,True,9,764409,True
agentsight,e58fce112c6e,frontend,58bd9196b08bcb84,ce2b1e20cd107745,True,14,3971439,True
agentsight,e58fce112c6e,collector,6d933f088b13cead,da2d83541e14b0ea,True,1,334184,True
agentsight,e58fce112c6e,frontend,ce2b1e20cd107745,4dbaa43f9fad1f59,True,1,333909,True
agentsight,e58fce112c6e,collector,da2d83541e14b0ea,d3e58f37f34a3e34,True,1,14068,True
agentsight,e58fce112c6e,frontend,4dbaa43f9fad1f59,1d447d099b350c09,True,3,130732,True
agentsight,e58fce112c6e,collector,343a5f3e88f87543,5b920f52fbc4d660,True,1,13,True
agentsight,e58fce112c6e,frontend,1d447d099b350c09,4537f4c3a2b163a4,True,2,27337,True
agentsight,e58fce112c6e,collector,9fcf35fe4632dc8b,896e2b8b795aa860,True,2,47115,True
agentsight,e58fce112c6e,frontend,99fbfab4b1a0664f,0c2d3a7d840d1c53,True,8,225771,True
agentsight,e58fce112c6e,collector,1cef56bb17f491f7,bc191862fdb0cc23,True,1,85497,True
agentsight,e58fce112c6e,frontend,0c2d3a7d840d1c53,5585f34db5adb8cd,True,20,681192,True
agentsight,e58fce112c6e,collector,9bdeadbf81842dad,8f1a765f37c42ff2,True,1,427508,True
agentsight,e58fce112c6e,frontend,5585f34db5adb8cd,3e31075126d92fec,True,22,1002020,True
agentsight,e58fce112c6e,collector,a8a9d574ee667fd9,58e6df34885bae7c,True,2,9644,True
agentsight,e58fce112c6e,frontend,59da4949e63afee1,d3824df6982265c4,True,2,11183,True
agentsight,e58fce112c6e,collector,1e0d4884677e489e,f6d7b38a8d170ab7,True,4,488464,True
agentsight,e58fce112c6e,frontend,8f76e03f7fe736ab,f35d9d227fb3f49a,True,3,21366,True
agentsight,e58fce112c6e,collector,f35d9d227fb3f49a,097be3ecd34e1666,True,1,6497303,False
agentsight,e58fce112c6e,bpf,5f3b16aa7f5878db,b89c73c3f4326ad4,True,1513,476072943,False
agentsight,e58fce112c6e,collector,f743967089778d52,d28349194b203665,True,1,679,True
agentsight,e58fce112c6e,bpf,b89c73c3f4326ad4,c1f606d99b261ce7,True,13,7462,True
agentsight,e58fce112c6e,collector,23a1b8802af50067,cabb7e73352fe4e2,True,1,306,True
agentsight,e58fce112c6e,bpf,c1f606d99b261ce7,17f37fe5b289c50e,True,3,2042,True
agentsight,e58fce112c6e,collector,c4a37b781ed4c281,49ea4c62ecc1bbe1,True,2,4820,True
agentsight,e58fce112c6e,bpf,2af0c073f291e097,b97137e4532c4b3c,True,1,3387,True
agentsight,e58fce112c6e,collector,49ea4c62ecc1bbe1,d77050cf25148f72,True,1,1501,True
agentsight,e58fce112c6e,bpf,b97137e4532c4b3c,ae3578a6a90097b8,True,2,1252,True
agentsight,e58fce112c6e,collector,960fc688000ee247,72dcff5d5950c96c,True,1,1582,True
agentsight,e58fce112c6e,bpf,ae3578a6a90097b8,f2baef2aecac8ae1,True,3,3679,True
agentsight,e58fce112c6e,collector,d9d3cad45d63fb41,135c33b3ef63ef2f,True,1,3683,True
agentsight,e58fce112c6e,bpf,f2baef2aecac8ae1,193effea0e3bc05a,True,5,13830,True
agentsight,e58fce112c6e,collector,c210afe22ed0647c,56ec72c10bb77f80,True,1,9196,True
agentsight,e58fce112c6e,bpf,193effea0e3bc05a,c90f18a280894b1a,True,1,4264,True
agentsight,e58fce112c6e,collector,56ec72c10bb77f80,dee034e13f244415,True,1,3357,True
agentsight,e58fce112c6e,bpf,c90f18a280894b1a,3c0fda71cea8742d,True,1,4083,True
agentsight,e58fce112c6e,collector,dee034e13f244415,84b9d5128787e510,True,1,1905,True
agentsight,e58fce112c6e,frontend,d789f17747f8e416,02883579948d0778,True,61,6547960,False
agentsight,e58fce112c6e,collector,84b9d5128787e510,0251fe2d0012bd1f,True,3,11170,True
agentsight,e58fce112c6e,frontend,bcc0a7de07e9b8c0,367f14469f3fcc38,True,1,5148,True
agentsight,e58fce112c6e,collector,0251fe2d0012bd1f,399173a213c7e5de,True,1,8805,True
agentsight,e58fce112c6e,frontend,367f14469f3fcc38,b7dc412f47e43409,True,3,25007,True
agentsight,e58fce112c6e,collector,e95a753fd052a11d,9d70325f6a3d0a8b,True,1,13949,True
agentsight,e58fce112c6e,docs,b40e4bdd6de0055b,a22fa7655a78a4e0,True,457,347436813,False
agentsight,e58fce112c6e,collector,9d70325f6a3d0a8b,eb3f647dd04ae335,True,2,67328,True
agentsight,e58fce112c6e,docs,8a7a400760954e2a,dd13b1e7d2cdf933,True,1,186408,True
agentsight,e58fce112c6e,bpf,3c0fda71cea8742d,7259a1f6e7e5a41c,True,15,955128,True
agentsight,e58fce112c6e,repo-root-files,bb2b0b9ca4d68be1,eaaf494677b7164b,True,358,91702952,False
agentsight,e58fce112c6e,docs,dd13b1e7d2cdf933,7c2d711448e85cfd,True,29,1018747,True
agentsight,e58fce112c6e,collector,eb3f647dd04ae335,95a2153fd079fc05,True,32,1201039,True
agentsight,e58fce112c6e,docs,b71636dafcb4782a,544e2d079f8d364c,True,60,1338913,True
agentsight,e58fce112c6e,repo-root-files,2998c7e06fa3a152,f3314f458afde685,True,63,1456551,True
agentsight,e58fce112c6e,docs,544e2d079f8d364c,94e220ed7640e9de,True,1,114342,True
agentsight,e58fce112c6e,collector,8dd194b6d267fdc3,07d7f56495e9485b,True,4,27312364,True
agentsight,e58fce112c6e,docs,5079a03ea41aafdc,ada7a8559fd03be0,True,73,28279522,True
agentsight,e58fce112c6e,collector,6f06b1a2c638f1ad,22f69ec15174af3f,True,2,377440,True
agentsight,e58fce112c6e,repo-root-files,f3314f458afde685,af0bc8f42bf38921,True,117,29139306,True
agentsight,e58fce112c6e,docs,523fa8ac38aa8c2f,0e2c1e31982f6a8c,True,42,813711,True
agentsight,e58fce112c6e,repo-root-files,ccc03fd21a22d2f9,5f959ce7874c902f,True,4,39161,True
agentsight,e58fce112c6e,collector,c256bffbb02f8003,4725add67120ef6c,True,9,74017,True
agentsight,e58fce112c6e,docs,e27bd8871fb47b9b,23390a856181caef,True,7,64101,True
agentsight,e58fce112c6e,collector,863915819d2bcb67,904ad11fa25a1bf2,True,2,128990,True
agentsight,e58fce112c6e,docs,5efc5ae18c9bc60a,0a1758eac2b55685,True,3,64638,True
agentsight,e58fce112c6e,repo-root-files,af528c5f4bf49da7,ba8c05cb2ed341ca,True,10,3353522,True
agentsight,e58fce112c6e,collector,e50121f6e850c725,fe1521a5a0afb802,True,5,213516358,False
agentsight,e58fce112c6e,bpf,3a98bc141208107e,559dc25b9cd0ec7e,True,230,244726891,False
agentsight,e58fce112c6e,collector,b40ccdfe47b0c667,ce39ecf94eb42e85,True,8,138144,True
agentsight,e58fce112c6e,repo-root-files,84fcf25d1c390710,a144eec544143087,True,36,212198003,False
agentsight,e58fce112c6e,bpf,9ec6045141664123,f65e7421d4d3dc4d,True,6,1506741,True
agentsight,e58fce112c6e,collector,6d8ab6d05e3217ff,ec225258430b2f49,True,4,1682106,True
agentsight,e58fce112c6e,bpf,be95843f237868a9,505258ad69f0d1d7,True,5,2192497,True
agentsight,e58fce112c6e,collector,398a07e4a5ac6204,03315588189dacef,True,1,21648,True
agentsight,e58fce112c6e,bpf,505258ad69f0d1d7,3a12fbe5007a130f,True,7,59474,True
agentsight,e58fce112c6e,collector,82f585719b9f4a8d,f2224d14d3f90443,True,2,54699,True
agentsight,e58fce112c6e,bpf,f5279a7f5e2d02ad,c50f2dd9bc9d9bdc,True,1,79725,True
agentsight,e58fce112c6e,collector,f2224d14d3f90443,5bda75ab3bce2fd4,True,1,69739,True
agentsight,e58fce112c6e,bpf,c50f2dd9bc9d9bdc,7f476babcaee8dd1,True,5,84219,True
agentsight,e58fce112c6e,collector,2981beec2a6f26ad,d89cf2bbaf1c1dc3,True,1,1558234,True
agentsight,e58fce112c6e,bpf,7f476babcaee8dd1,c3530a261ebfb233,True,52,2648973,True
agentsight,e58fce112c6e,collector,efe4454fe91f0353,5092d1c7d7f71302,True,7,748964,True
agentsight,e58fce112c6e,bpf,41a6359ae488d627,73e75a5d24c7c071,True,40,6981682,True
agentsight,e58fce112c6e,collector,9c4957bd5e972a1d,aeb95aaace7164e6,True,1,6214542,True
agentsight,e58fce112c6e,bpf,73e75a5d24c7c071,14ddcf196f288970,True,1,10417,True
agentsight,e58fce112c6e,collector,aeb95aaace7164e6,52b5ee7d1aa9224a,True,1,10426,True
agentsight,e58fce112c6e,bpf,14ddcf196f288970,676475f7fd1ba538,True,2,4074,True
agentsight,e58fce112c6e,collector,39d3c17f2ca93913,258477c800e3ea97,True,1,45548,True
agentsight,e58fce112c6e,docs,0a1758eac2b55685,e2b380bf3be9f6f6,True,176,260403925,False
agentsight,e58fce112c6e,collector,258477c800e3ea97,cf4f0a1ad2786fbc,True,7,32895288,False
agentsight,e58fce112c6e,docs,18fd2c64fddc3861,8509e134998b21f3,True,45,4166020,True
agentsight,e58fce112c6e,collector,a77b0c08e3389f25,f4fec9346b1cb53b,True,10,3185379,False
agentsight,e58fce112c6e,docs,872ce08b63297acd,c21ce2435c38e957,True,6,221791,True
agentsight,e58fce112c6e,repo-root-files,a144eec544143087,2bd006284e7cc3b2,True,282,78496118,False
agentsight,e58fce112c6e,docs,c1e203e106433e54,fe21271996c04144,True,1,4992,True
agentsight,e58fce112c6e,collector,a9d2908b62485683,92a521cce98547c8,True,316,33438450,True
agentsight,e58fce112c6e,docs,30606183aa2707ef,220a0015bed6358a,True,6,133742,True
agentsight,e58fce112c6e,collector,e60af39e1b94ba01,774e982b151021e6,True,46,453366,True
agentsight,e58fce112c6e,docs,267782cb2266dd41,718608ecc8535784,True,3,175807,True
agentsight,e58fce112c6e,collector,1dfb74b22e8d93f2,fc4b289c145bb453,True,83,14196386,True
agentsight,e58fce112c6e,docs,d2c65873405a600b,8d36165c35b22cbe,True,3,101021,True
agentsight,e58fce112c6e,collector,0d61e211ca9893c8,b9e0cc479bc90502,True,76,3304524,True
agentsight,e58fce112c6e,frontend,b7dc412f47e43409,f8ad666cd8ceb060,True,1013,348271673,False
agentsight,e58fce112c6e,collector,faa876495a094d7d,1312cea95c040ce3,True,2,28643,True
agentsight,e58fce112c6e,agentflame,cf7e4c5d6768282c,7bf6d3076d4915cd,True,8,212515,True
agentsight,e58fce112c6e,frontend,e3c657934f0a7d4f,fa46c271001fbadf,True,3,162114,True
agentsight,e58fce112c6e,collector,1312cea95c040ce3,afc24b1b9f2890bb,True,3,162126,True
agentsight,e58fce112c6e,repo-root-files,fe21271996c04144,f37c5e3cc916db15,True,461,22464674,True
agentsight,e58fce112c6e,frontend,fa46c271001fbadf,867969bfe91803fb,True,2,6939,True
agentsight,e58fce112c6e,agentflame,144c6f5bd7afa824,8886474a6b349639,True,7,94335,True
agentsight,e58fce112c6e,frontend,c1f1c874d14486e7,460e348a5c482b35,True,5,25060,True
agentsight,e58fce112c6e,collector,afc24b1b9f2890bb,446d585e7af388e0,True,13,52268,True
agentsight,e58fce112c6e,agentflame,34ffb4df1bbad6bf,20d36539be15ec61,True,4,75445,True
agentsight,e58fce112c6e,repo-root-files,f37c5e3cc916db15,20d36539be15ec61,True,13,107441,True
agentsight,e58fce112c6e,frontend,1aaf50962953deeb,64f915d6e86a5ded,True,2,193174,True
agentsight,e58fce112c6e,agentflame,20d36539be15ec61,c5de03b0b8405276,True,1,126736,True
agentsight,e58fce112c6e,frontend,64f915d6e86a5ded,15491c039eb14305,True,1,8964,True
agentsight,e58fce112c6e,agentflame,c5de03b0b8405276,838b32e559593352,True,1,9706,True
agentsight,e58fce112c6e,frontend,15491c039eb14305,0490f0328fda9091,True,1,34734,True
agentsight,e58fce112c6e,collector,20d36539be15ec61,a65a00f602fc9ec0,True,7,269356,True
agentsight,e58fce112c6e,agentflame,838b32e559593352,bd75eb75e586e6fc,True,4,144369,True
agentsight,e58fce112c6e,collector,a65a00f602fc9ec0,a4bea50faed58c06,True,2,11456,True
agentsight,e58fce112c6e,agentflame,e3c3dc2793ffab5e,cded4404a74bf06f,True,4,38743,True
agentsight,e58fce112c6e,frontend,1033a37f3537af83,0621128d58ab177d,True,8,67605,True
agentsight,e58fce112c6e,agentflame,0621128d58ab177d,3fa44cc018281878,True,3,93597,True
agentsight,e58fce112c6e,collector,eab07ba1dfecef16,4bd184d708ab685d,True,6,228570,True
agentsight,e58fce112c6e,frontend,3fa44cc018281878,0787cefbb019dbc6,True,4,114481,True
agentsight,e58fce112c6e,collector,7a6b92d2d134b887,b72c76685b783334,True,1,20602,True
agentsight,e58fce112c6e,collector,e2b3fb2ccb23e575,1ad569b15c54368c,True,1,26306,True
agentsight,e58fce112c6e,agentflame,3fa44cc018281878,8515e070a94886a2,True,9,30161666,True
agentsight,e58fce112c6e,frontend,0787cefbb019dbc6,faf0d2248c125cd6,True,6,30078989,True
agentsight,e58fce112c6e,collector,1ad569b15c54368c,8ec6a8804146b18d,True,15,30394709,True
agentsight,e58fce112c6e,agentflame,16f1f201fd3daa00,59341d5134db1405,True,1,291227,True
agentsight,e58fce112c6e,repo-root-files,20d36539be15ec61,ce93c5218428bf20,True,61,31739733,True
agentsight,e58fce112c6e,agentflame,722b108c71524f91,1996ed1be1355558,True,1,36940,True
agentsight,e58fce112c6e,repo-root-files,ce93c5218428bf20,0ca1cae758db85a4,True,3,27063,True
agentsight,e58fce112c6e,agentflame,6a322dffb4083449,1b5caef560c91768,True,1,28558,True
agentsight,e58fce112c6e,.agentsight,b08d3e26fcd18872,a1b6e28146ea37c9,True,73,31760583,True
agentsight,e58fce112c6e,agentflame,3fe8cedf96438196,547883e6606ddb47,True,1,108417,True
agentsight,e58fce112c6e,docs,96a7bf67c471b3ee,34fac64c707c3aab,True,168,39790877,True
agentsight,e58fce112c6e,agentflame,5f46a790caa2ebc4,05f04f3733860753,True,7,1032089,True
agentsight,e58fce112c6e,docs,87b408dbb6bd8104,b9a2e879a1e5f3f2,True,6,854916,True
agentsight,e58fce112c6e,agentflame,e521834fed94187f,5b3bc85d37cb762c,True,3,688704,True
agentsight,e58fce112c6e,docs,83a9332eb2fda836,87a768c5ed3989a1,True,1,76422,True
agentsight,e58fce112c6e,collector,8ec6a8804146b18d,d7f863de86da2f76,True,161,10090551,True
agentsight,e58fce112c6e,docs,65bfd983c86caea5,dba4813a9fc6ed18,True,7,197046,True
agentsight,e58fce112c6e,collector,eb1520642e977d03,948e6c9ff0957921,True,85,1527466,True
agentsight,e58fce112c6e,docs,08804cd0c0a5fd67,260dd162c2220270,True,19,279295,True
agentsight,e58fce112c6e,collector,170e9b179b02b72d,7485f1515c7ff596,True,34,8917942,True
agentsight,e58fce112c6e,docs,a8cb9ba59429cc61,a235d960020c67b6,True,33,8461261,True
agentsight,e58fce112c6e,collector,0ce7f39b836d6be2,16c8b06f1ed75307,True,38,760938,True
agentsight,e58fce112c6e,docs,8ab12823c65f51d4,beb930f99e84b13e,True,14,66426,True
agentsight,e58fce112c6e,collector,6e48881eb2593bf9,5b4686572fa213b9,True,2,53130,True
agentsight,e58fce112c6e,docs,c4492234dce24fd9,db83518e57cb135f,True,3,99583,True
agentsight,e58fce112c6e,collector,ca795a6045f02fbd,b0d60013f3d8e479,True,2,194143,True
agentsight,e58fce112c6e,docs,adf687146c63f7c4,f6c29cc6f95d084b,True,7,144511,True
agentsight,e58fce112c6e,collector,e8281ca6ca50da28,3e231788f6c15a95,True,6,15426,True
agentsight,e58fce112c6e,docs,720346f5db9f97ec,b3f63ce5fb517448,True,4,30876,True
agentsight,e58fce112c6e,collector,05d2383ad5ae6116,5ec3345e3fe7cea4,True,1,89651,True
agentsight,e58fce112c6e,docs,b3f63ce5fb517448,72767cf67f202cb5,True,11,248187,True
agentsight,e58fce112c6e,collector,b20f3558455fc64e,b30d07c30c471c1e,True,113,1855245,True
agentsight,e58fce112c6e,docs,04d364ef99eedafb,fc69ff1f694ae4d3,True,4,49090,True
agentsight,e58fce112c6e,collector,02ce34b3c77ab896,a160520c65120268,True,2,34807,True
agentsight,e58fce112c6e,docs,08bec9291d2a5299,da5affc472f94d40,True,4,16171,True
agentsight,e58fce112c6e,collector,806bec344b3821b6,3b0536f3fe9e2aaa,True,1,21697,True
agentsight,e58fce112c6e,bpf,b009a9be18854bda,e53685d5b0da0977,True,1225,143548678,False
agentsight,e58fce112c6e,docs,da5affc472f94d40,6e94276982e2d3df,True,6,27471,True
agentsight,e58fce112c6e,collector,2c2a7533c9cc1bce,13705f5c4624b86c,True,3,26951,True
agentsight,e58fce112c6e,docs,6e94276982e2d3df,1a327c1e47302035,True,3,68100,True
agentsight,e58fce112c6e,collector,487110f248c76707,3813725d174fa7c1,True,1,60903,True
agentsight,e58fce112c6e,docs,1a327c1e47302035,a3da9c4bf33f4532,True,4,41745,True
agentsight,e58fce112c6e,collector,8c745fc08ff78f92,82e5f22a320a42a3,True,3,37990,True
agentsight,e58fce112c6e,docs,9909ba854cbd6a94,0a05fe470a2aba18,True,1,102111,False
agentsight,e58fce112c6e,collector,82e5f22a320a42a3,5f29e5900400214c,True,51,1015128,True
agentsight,e58fce112c6e,docs,fb6f43351daa7713,948b048936d5ed53,True,10,431849,True
agentsight,e58fce112c6e,collector,bc453571665d2d36,42e7fde1aa708a5b,True,28,579055,True
agentsight,e58fce112c6e,docs,e32cf1f89751da93,b3e850e8c1cbd13c,True,2,71923,True
agentsight,e58fce112c6e,agentflame,5b3bc85d37cb762c,5aaaa20d96f80c41,True,575,17898409,True
agentsight,e58fce112c6e,.agentsight,a1b6e28146ea37c9,f74d8bb7be6d28a2,True,622,25473274,True
agentsight,e58fce112c6e,docs,60746764a2942e93,65493f38b8aa4470,True,3,108988,True
agentsight,e58fce112c6e,collector,7df78d692cfad451,1846cc6b3822a552,True,51,1422759,True
agentsight,e58fce112c6e,docs,39cbd51b4a89abb4,6846f2c4da1d2612,True,16,333367,True
agentsight,e58fce112c6e,docs,6846f2c4da1d2612,f0d70976df6b49ac,True,1,164202,True
agentsight,e58fce112c6e,collector,2142e04b6021e464,2a4cf0560a7d6097,True,8,205367,True
agentsight,e58fce112c6e,docs,5802ccf5078ca2f2,6cb1d793dbf1ae5d,True,4,6933,True
agentsight,e58fce112c6e,agentflame,fd1a19c8eaa5f707,0dc7662405292dad,True,90,1976833,False
agentsight,e58fce112c6e,docs,7ac44ea467ae4b25,2777543e65a3104f,True,1,92466,False
agentsight,e58fce112c6e,agentflame,0dc7662405292dad,0fe9e157c8a0f830,True,19,502114,False
agentsight,e58fce112c6e,docs,2a209c0dc57fc42c,65c3ca01bdd58fc7,True,1,82512,False
agentsight,e58fce112c6e,agentflame,0fe9e157c8a0f830,925364c56abe0afc,True,56,1156833,False
agentsight,e58fce112c6e,docs,5f9239e892f7eece,ffe459e03286c6b0,True,1,80900,False
agentsight,e58fce112c6e,agentflame,925364c56abe0afc,1ea1ada6bd796b71,True,7,510712,False
agentsight,e58fce112c6e,docs,e036b79765e157fb,04fc980b3b156344,True,1,82106,False
agentsight,e58fce112c6e,agentflame,1ea1ada6bd796b71,eac95c15de1325da,True,8,505661,False
agentsight,e58fce112c6e,docs,eef270e399daa3ca,84fb30e12709f7fc,True,1,69993,False
agentsight,e58fce112c6e,agentflame,eac95c15de1325da,306d95ded22493ab,True,28,763678,False
agentsight,e58fce112c6e,docs,6b3349919170526d,324b94a903257dfc,True,3,31631,True
agentsight,e58fce112c6e,agentflame,5cc8d8514467ecc2,0ef6736361bc8c95,True,1,24354,True
agentsight,e58fce112c6e,docs,324b94a903257dfc,c0e95d3ceb8b654f,True,9,230558,True
agentsight,e58fce112c6e,agentflame,64e9f63af53c94b9,7fe0a9476595f1f6,True,17,327588,True
agentsight,e58fce112c6e,docs,e5e9ec1c05cd712e,0240878f70d665ec,True,1,71806,True
agentsight,e58fce112c6e,agentflame,7fe0a9476595f1f6,966bc90a73e0fe7c,True,3,524,True
agentsight,e58fce112c6e,docs,45672a1025573c90,85b9a31368e52cbe,True,1,4231,True
agentsight,e58fce112c6e,.agentsight,f74d8bb7be6d28a2,064c946406957f4f,True,250,5941889,True
agentsight,e58fce112c6e,docs,8fd5b198cc239ca3,f762d1fba9d36737,True,1,10119,True
agentsight,e58fce112c6e,agentflame,966bc90a73e0fe7c,542b52eb9c2f0851,True,5,35410,True
agentsight,e58fce112c6e,docs,f762d1fba9d36737,892c4c790f67b31c,True,2,21670,True
agentsight,e58fce112c6e,agentflame,848a5c9de2bac372,af1169e34e6e82d1,True,1,6745,True
agentsight,e58fce112c6e,docs,892c4c790f67b31c,93d32f08935a63b3,True,2,75138,True
agentsight,e58fce112c6e,.agentsight,064c946406957f4f,b118b87070968d17,True,8,96808,True
agentsight,e58fce112c6e,agentflame,1d4035b3f8faf74d,8a5011954b85b66e,True,3,89143,True
agentsight,e58fce112c6e,docs,00bfc509402e2d89,beef73f3cf255a6a,True,2,31578,True
agentsight,e58fce112c6e,agentflame,8a5011954b85b66e,9190b238d5d30656,True,3,125844,True
agentsight,e58fce112c6e,docs,b1337354eec42d42,4cc227b551889e6a,True,1,52759,True
agentsight,e58fce112c6e,agentflame,9190b238d5d30656,7d2aa49708860034,True,5,75112,True
agentsight,e58fce112c6e,docs,ce4698959eda6b9f,e536618b6011ae74,True,3,71087,True
agentsight,e58fce112c6e,agentflame,90d201d18d2cac14,467120537f470d1c,True,16,1328975,True
agentsight,e58fce112c6e,docs,925b2923fbc6883e,c4d363cf946acfd2,True,1,67969,True
agentsight,e58fce112c6e,agentflame,467120537f470d1c,69b796d69e9f3202,True,14,5123179,True
agentsight,e58fce112c6e,docs,e8da05e92c717799,7c1b24f200f33c2c,True,1,29963,True
agentsight,e58fce112c6e,agentflame,69b796d69e9f3202,3905e81a8bdd32a5,True,6,92806,True
agentsight,e58fce112c6e,docs,117475a942359a52,0cc43feaeec7a1d7,True,2,16630,True
agentsight,e58fce112c6e,agentflame,a64b21db218ff72b,a9ceb8793b90c0b0,True,1,18499,True
agentsight,e58fce112c6e,docs,0cc43feaeec7a1d7,f08c44e5474bea87,True,1,27182,True
agentsight,e58fce112c6e,repo-root-files,0ca1cae758db85a4,c1b53bad43d6e04e,True,978,38927816,True
agentsight,e58fce112c6e,docs,b76b347d8dffa612,1d792dfbdf1c6b0b,True,1,75975,True
agentsight,e58fce112c6e,agentflame,a9ceb8793b90c0b0,10ed458c8c28b67d,True,29,867936,True
agentsight,e58fce112c6e,docs,5c6f7a0a72f873a8,48498444203243d8,True,2,14377,True
agentsight,e58fce112c6e,.agentsight,b118b87070968d17,d81339f8f7de5808,True,89,7719325,True
agentsight,e58fce112c6e,docs,c18eb2b8ee8b12ef,7a829840302a133a,True,1,156969,True
agentsight,e58fce112c6e,.agentsight,d81339f8f7de5808,4c7b0609c16b3f2e,True,75,1241363,True
agentsight,e58fce112c6e,docs,6c3427d6eecdc72e,7d341622b7934f22,True,1,57528,True
agentsight,e58fce112c6e,agentflame,b7c1592b97fdaa40,3c7708ad8409d718,True,533,10611424,True
agentsight,e58fce112c6e,docs,a543982e32f8873a,10b0244d12df7aa0,True,2,67906,True
agentsight,e58fce112c6e,agentflame,c2a1723e7f01af58,3da170d33c56c90a,True,5,95306,True
agentsight,e58fce112c6e,docs,c61704ae1af0a60b,8b6d6c9b1279c8f7,True,3,50058,True
agentsight,e58fce112c6e,agentflame,dd03a68228215419,d4014735d8e8b792,True,1,65867,True
agentsight,e58fce112c6e,.agentsight,4c7b0609c16b3f2e,735073f0eaae7f3f,True,465,9749019,True
agentsight,e58fce112c6e,docs,8b6d6c9b1279c8f7,5a0d254e2c382538,True,3,423929,True
agentsight,e58fce112c6e,.agentsight,b6abd62031abc5fa,92d2a599d902f490,True,47,692875,True
agentsight,e58fce112c6e,docs,3e77f2ee1c467a3f,29b3d024df7e52d1,True,2,245695,True
agentsight,e58fce112c6e,agentflame,d4014735d8e8b792,6ff8f097a6837b09,True,291,5180655,True
agentsight,e58fce112c6e,.agentsight,ce70d7ed739da86f,57dd0723051bc471,True,243,4190614,True
agentsight,e58fce112c6e,docs,02b8263bdf289e89,51e2db8a66f61c3a,True,4,108138,True
agentsight,e58fce112c6e,agentflame,581134af44a6bf68,6b9ef7b2cabdb975,True,34,1296666,True
agentsight,e58fce112c6e,docs,6cad976feb05bbed,0e9500edc539bd27,True,3,23920,True
agentsight,e58fce112c6e,collector,33b4b07cc6f4a84d,c895e19443d54c2a,True,1265,31241254,True
agentsight,e58fce112c6e,bpf,f4be9e8d2d48809f,81e4f27e2e450b21,True,1462,35321457,True
agentsight,e58fce112c6e,collector,04c6c2d47ebcdd29,226ef0e14dd58253,True,1,13880,True
agentsight,e58fce112c6e,docs,3799c7531399d8dd,a3bbedea129b4484,True,14,169617,True
agentsight,e58fce112c6e,collector,226ef0e14dd58253,b92d2313318f9a00,True,53,743894,True
agentsight,e58fce112c6e,docs,0c26d091a14bcb09,7e682a49058d9319,True,1,4013,True
agentsight,e58fce112c6e,collector,b92d2313318f9a00,349db10d99cbb52b,True,13,143414,True
agentsight,e58fce112c6e,docs,0430d53e83c7da8e,6904eb67b2232849,True,2,21623,True
agentsight,e58fce112c6e,collector,b1eec0990d1dee19,e38ca55304da664a,True,23,706029,True
agentsight,e58fce112c6e,docs,9b50991bf9fc2d00,acb180dfcce666df,True,1,20433,True
agentsight,e58fce112c6e,.agentsight,57dd0723051bc471,bde05f2d4eca8e53,True,437,26868366,True
agentsight,e58fce112c6e,docs,4d55be607447301c,9948a88cfff668b2,True,1,305736,True
agentsight,e58fce112c6e,.agentsight,bde05f2d4eca8e53,62a7137c063eab83,True,10,3024390,True
agentsight,e58fce112c6e,docs,55f6d63ec9ad808a,d177eac4dbe6ccd2,True,1,14929,True
agentsight,e58fce112c6e,.agentsight,62a7137c063eab83,51ac4bf98c29f679,True,2,32882,True
agentsight,e58fce112c6e,docs,d6151170c72a3d55,e654aecc51d42659,True,1,235000,True
agentsight,e58fce112c6e,agentflame,73b1179dfbb4a898,20c8cc6503c10782,True,784,34780491,True
agentsight,e58fce112c6e,docs,d0d3970aa8f3a8ce,6b5f51dc1c08c9bb,True,3,25431,True
agentsight,e58fce112c6e,agentflame,ea51c4a517c54c59,c90a9333efd4dce2,True,2,33104,True
agentsight,e58fce112c6e,docs,2849eab9982d20e2,b7349edc486a1923,True,8,199534,True
agentsight,e58fce112c6e,repo-root-files,c1b53bad43d6e04e,4ca60692aed7efb0,True,1756,53947082,True
agentsight,e58fce112c6e,docs,34cbef416b1133bd,429e4dca065bb50b,True,2,7934,True
agentsight,e58fce112c6e,agentflame,28d2d4841c3083d0,90d802432deade07,True,74,997967,True
agentsight,e58fce112c6e,docs,9711b2fc90d65706,c8f89a81a61ee76c,True,1,38941,True
agentsight,e58fce112c6e,.agentsight,51ac4bf98c29f679,7b1126b65806cc79,True,1044,24860997,True
agentsight,e58fce112c6e,docs,8eb55dda00d93e35,990b757467522670,True,1,35635,True
agentsight,e58fce112c6e,.agentsight,7b1126b65806cc79,3bdfcf35f8619d51,True,211,3471884,True
agentsight,e58fce112c6e,docs,0657b8b8c78e5fef,d891cad0afd345e2,True,1,68121,True
agentsight,e58fce112c6e,frontend,faf0d2248c125cd6,92ae92b73350bca8,True,3736,121540376,True
agentsight,e58fce112c6e,docs,c6a27d2a430e9f27,7144612f0b89f43d,True,3,61765,True
agentsight,e58fce112c6e,frontend,b5b4fd2f6ad24114,ccc302f97699c770,True,92,1413767,True
agentsight,e58fce112c6e,docs,9818f33529588475,46d260beba09c0a0,True,4,293902,True
agentsight,e58fce112c6e,frontend,953ddfc13d848717,6006dc1333be2b47,True,37,707646,True
agentsight,e58fce112c6e,docs,583047e59567ac76,fd66ed05835f50d7,True,1,9450,True
agentsight,e58fce112c6e,frontend,6006dc1333be2b47,66a5158a4dc0a7fb,True,7,42399,True
agentsight,e58fce112c6e,docs,30e4643325c240a1,a22dc8a27a5c2546,True,1,52370,True
agentsight,e58fce112c6e,frontend,66a5158a4dc0a7fb,b8fb67b8eb054258,True,3,107288,True
agentsight,e58fce112c6e,docs,05a45b0e0e36e342,d5f39898934c3377,True,1,23700,True
agentsight,e58fce112c6e,frontend,b8fb67b8eb054258,ed85f5e8acb465f3,True,39,426863,True
agentsight,e58fce112c6e,docs,46fc6e5a68a716aa,d94df387ae671322,True,5,78639,True
agentsight,e58fce112c6e,frontend,92ff636016846c20,2b7d2bf014512c5f,True,5,139589,True
agentsight,e58fce112c6e,docs,44e1e4a0589fd131,3f75d5739dbeaf1d,True,1,7546,True
agentsight,e58fce112c6e,frontend,2b7d2bf014512c5f,e75c720ca18315d6,True,78,1543476,True
agentsight,e58fce112c6e,agentflame,90d802432deade07,e16f1fad7f4b36f8,True,1230,31950721,True
agentsight,e58fce112c6e,collector,e38ca55304da664a,7bd9d4c6eef6139d,True,1891,64485773,True
agentsight,e58fce112c6e,frontend,1915df47539bfe12,271a5afc3f6f5a3f,True,2,43247,True
agentsight,e58fce112c6e,docs,d5c08479dd039fe1,32600ecb4471e127,True,13,351195,True
agentsight,e58fce112c6e,frontend,8a252ec04770b044,1e8c82f756bb5f8b,True,1,141389,True
agentsight,e58fce112c6e,docs,32600ecb4471e127,d8bf84848bbfe040,True,1,71996,True
agentsight,e58fce112c6e,frontend,1e8c82f756bb5f8b,1145bcd3d09a1910,True,15,293194,True
agentsight,e58fce112c6e,docs,f1cc8aa64578ca0c,c0c2561d0284dff9,True,4,26406,True
agentsight,e58fce112c6e,collector,7bd9d4c6eef6139d,3c2460c7ac54498c,True,196,3159518,True
agentsight,e58fce112c6e,docs,2ffeac688839baff,c740f52780732cdd,True,2,84,True
agentsight,e58fce112c6e,collector,f0602ebde6eed345,ff6150c702b4ae01,True,4,28230,True
agentsight,e58fce112c6e,docs,451a900349f21bdf,810e94ac65d8670e,True,3,183515,True
agentsight,e58fce112c6e,frontend,d8234e23157e9053,ce4c7647c0dfe602,True,188,2853081,True
agentsight,e58fce112c6e,docs,64c53e73a9fce32b,3144d092b3624ff7,True,1,19340,True
agentsight,e58fce112c6e,collector,08644a582e770384,a0f2f7e2776b66c6,True,75,1280306,True
agentsight,e58fce112c6e,docs,1c9abac246b07f1f,6bb265f7e9d87ada,True,7,1204900,True
agentsight,e58fce112c6e,agentflame,e16f1fad7f4b36f8,0041913976796cb0,True,296,6711453,True
agentsight,e58fce112c6e,docs,2a00f851ae5b8ec7,2ed6322e90aa5d57,True,3,79239,True
agentsight,e58fce112c6e,collector,9a68a203a0c23b65,155c96927e8ad072,True,12,2262775,True
agentsight,e58fce112c6e,docs,2ed6322e90aa5d57,abfaba62f83df595,True,1,21680,True
agentsight,e58fce112c6e,collector,155c96927e8ad072,bbe789fce0405149,True,1,21700,True
agentsight,e58fce112c6e,agentflame,dd63855afd827ee9,612fc3d8d23bb6b6,True,4,90595,True
agentsight,e58fce112c6e,docs,abfaba62f83df595,d5d7f27d0a656ae7,True,2,399169,True
agentsight,e58fce112c6e,agentflame,d5d7f27d0a656ae7,53589bc472a6f216,True,9,38911405,True
agentsight,e58fce112c6e,docs,685590b6db320e3d,9f7c6bc7e752c579,True,1,32991735,True
agentsight,e58fce112c6e,agentflame,53589bc472a6f216,0fc9de46916bff1d,True,1,1,True
agentsight,e58fce112c6e,docs,9f7c6bc7e752c579,21d71d978926ad4d,True,1,8353,True
agentsight,e58fce112c6e,agentflame,0fc9de46916bff1d,a67e27e02ea8e38c,True,1,8353,True
agentsight,e58fce112c6e,docs,21d71d978926ad4d,0860cc1bebfd7b40,True,2,495424,True
agentsight,e58fce112c6e,agentpprof,7fb0eda92f84b411,9daef59968344ebc,True,1,182505,True
agentsight,e58fce112c6e,docs,0860cc1bebfd7b40,a0e5e611bae7eb0a,True,1,196225,True
agentsight,e58fce112c6e,agentpprof,9daef59968344ebc,003f966e76a974fa,True,2,303166,True
agentsight,e58fce112c6e,docs,3452e55a547254b8,62bb5779adfd5716,True,2,153371,True
agentsight,e58fce112c6e,agentflame,a67e27e02ea8e38c,39946b86b9869f06,True,13,7171676,True
agentsight,e58fce112c6e,docs,45657b35d3faca76,e97bf23c9de063e7,True,2,6302172,True
agentsight,e58fce112c6e,agentpprof,f78d11915a211f1c,c449bc2f3a8d6b81,True,9,6513003,True
agentsight,e58fce112c6e,docs,e97bf23c9de063e7,4ab62cc3f071736b,True,1,159110,True
agentsight,e58fce112c6e,docs,4ab62cc3f071736b,fb431f1d03706812,True,5,2588863,True
agentsight,e58fce112c6e,agentpprof,5642c3e7cd0a0485,28d8c2604b5414f1,True,1,16471,True
agentsight,e58fce112c6e,docs,fb431f1d03706812,c013e3d478de07ad,True,1,64520,True
agentsight,e58fce112c6e,agentpprof,28d8c2604b5414f1,ec664c3557cb903d,True,4,7274683,True
agentsight,e58fce112c6e,docs,ff5e2adb2bf50ec7,faa48058791f2d7a,True,2,738395,True
agentsight,e58fce112c6e,agentpprof,f4f75ab3232f21f1,8903b796c96b193d,True,1,35038,True
agentsight,e58fce112c6e,collector,bbe789fce0405149,88558e69621db2c6,True,49,56807595,True
agentsight,e58fce112c6e,agentpprof,8903b796c96b193d,e402cdaad9d4b8f8,True,3,130295,True
agentsight,e58fce112c6e,agentpprof,5f7b560209bac826,b9e01df68d6a5c54,True,1,15772,True
agentsight,e58fce112c6e,docs,faa48058791f2d7a,7598370afb4c2bbc,True,23,449385,True
agentsight,e58fce112c6e,agentpprof,21143e9e0407881b,580269f12cf93e1a,True,3,89072,True
agentsight,e58fce112c6e,docs,d52949602fe78120,f67644de8bb7a426,True,3,226361,True
agentsight,e58fce112c6e,agentpprof,3a4336e3122f3cdd,ad690d021a911e86,True,2,763393,True
agentsight,e58fce112c6e,docs,37ec3fa0568f0e70,4811ba1e6ecd7ee1,True,1,543824,True
agentsight,e58fce112c6e,agentpprof,ad690d021a911e86,9b83b2cee8597031,True,3,83561,True
agentsight,e58fce112c6e,agent-session,71378a9c67a9144a,e9764568237881d6,True,29,6612345,True
agentsight,e58fce112c6e,agentpprof,9b83b2cee8597031,fcc464d842d329de,True,4,5418644,True
agentsight,e58fce112c6e,repo-root-files,5a162663b2f4166c,056defdba6c77a52,True,1665,102851216,True
agentsight,e58fce112c6e,agentpprof,231f93147459092a,27dd000e55715304,True,2,39716,True
agentsight,e58fce112c6e,repo-root-files,812d8044259ce55d,27f200f00c1dcedd,True,2,5044659,True
agentsight,e58fce112c6e,agentpprof,fc8288bca323bf32,2f7bbb25ee6127a9,True,1,5054334,True
agentsight,e58fce112c6e,collector,4f1155f64929be49,71f6c43b7c9b9f03,True,100,114063963,True
agentsight,e58fce112c6e,agentpprof,345476bc6f26e290,e72280ff213c665d,True,8,101150732,False
agentsight,e58fce112c6e,collector,d70d5badac9fff2b,7a37b5c77a2e745a,True,5,186962,True
agentsight,e58fce112c6e,repo-root-files,27f200f00c1dcedd,1d03e1bf75435998,True,47,103306773,True
agentsight,e58fce112c6e,agentpprof,7d546862b749ba2b,7377d572dde7c995,True,3,1262287,True
agentsight,e58fce112c6e,docs,fa5f92e5682fe747,074017420cdd919b,True,87,118134921,True
agentsight,e58fce112c6e,agentpprof,cf8b04bee3d46543,b4f04ad7f488fdcf,True,48,4391626,True
agentsight,e58fce112c6e,docs,4df208705b979f89,bddad54321022ef2,True,1,0,True
agentsight,e58fce112c6e,agentpprof,b4f04ad7f488fdcf,10cb9e68ff0770b3,True,3,177861,True
agentsight,e58fce112c6e,.agentsight,3bdfcf35f8619d51,355225a83196ab1a,True,984,195144247,True
agentsight,e58fce112c6e,docs,e8ace87f535ce773,d2800827dfcb212d,True,2,56995,True
agentsight,e58fce112c6e,agentpprof,10cb9e68ff0770b3,707df8d175e99bb1,True,103,40449600,True
agentsight,e58fce112c6e,docs,e8c47be9ced97143,9404a5a7266c9fb8,True,3,27097,True
agentsight,e58fce112c6e,agentpprof,76e5af240b8b99dd,cbed035160cf19dc,True,1,17431,True
agentsight,e58fce112c6e,agent-session,349556a6bdbbe31a,85cf11622b66010a,True,244,153962464,True
agentsight,e58fce112c6e,agentpprof,226f406c1b669a02,621f330c6f1d89e4,True,2,6304,True
agentsight,e58fce112c6e,docs,9404a5a7266c9fb8,596861ea12fdf06b,True,8,56376,True
agentsight,e58fce112c6e,agentpprof,43dcb4d65416aa0b,d39b0ef6f9bdeb33,True,45,686797,True
agentsight,e58fce112c6e,docs,ab3b0758a1a4b34c,3af42f250909c419,True,3,133527,True
agentsight,e58fce112c6e,collector,f785ff315c176651,0e429776d8416789,True,243,47535886,True
agentsight,e58fce112c6e,docs,1cd374b57942e703,ce8831c41c10b06d,True,1,72972,True
agentsight,e58fce112c6e,collector,0e429776d8416789,58c928244730573c,True,1,72850,True
agentsight,e58fce112c6e,bpf,81e4f27e2e450b21,171adfba14ebb0a7,True,2706,291721988,True
agentsight,e58fce112c6e,collector,6d3ac1e080cf5c65,0405bc35097f5747,True,2,14696,True
agentsight,e58fce112c6e,docs,ce8831c41c10b06d,9708a7b5cb4f813b,True,9,23640,True
agentsight,e58fce112c6e,collector,0405bc35097f5747,b0a5c543ba61eca1,True,6,55312,True
agentsight,e58fce112c6e,docs,a57f70b9adbb7a4c,b18ee6ef82d3f1c4,True,1,58490,True
agentsight,e58fce112c6e,collector,b0a5c543ba61eca1,684abf81e51309b2,True,3,146595,True
agentsight,e58fce112c6e,bpf,b938e193f0d16ae3,232e8af1ec7e1aa6,True,19,453256,True
agentsight,e58fce112c6e,collector,1d46c0505ba5f038,94c18c0f5e84fd86,True,3,152702,True
agentsight,e58fce112c6e,docs,bab247139e34a1a0,92f245bb379e192d,True,12,403349,True
agentsight,e58fce112c6e,collector,94c18c0f5e84fd86,42eccd5c841efa62,True,8,534719,True
agentsight,e58fce112c6e,bpf,1c01fe6dbed45fe1,be716361db04e4ac,True,10,568025,True
agentsight,e58fce112c6e,collector,42eccd5c841efa62,e967882dfe511191,True,1,19851,True
agentsight,e58fce112c6e,docs,d419432b03878894,7c4f9535598a1263,True,3,100300,False
agentsight,e58fce112c6e,collector,e967882dfe511191,5507319c78fabe2d,True,11,347723,True
agentsight,e58fce112c6e,docs,6d0e1afd961cacad,1a533d35d05b1969,True,1,125978,True
agentsight,e58fce112c6e,collector,5507319c78fabe2d,ce9e3c8be55b778a,True,12,251548,True
agentsight,e58fce112c6e,bpf,be716361db04e4ac,8b6fda7241d3db8f,True,27,605729,True
agentsight,e58fce112c6e,collector,2a6645936f472105,e19a57344d7596ce,True,1,8601,True
agentsight,e58fce112c6e,bpf,8b6fda7241d3db8f,35536a5db30afb14,True,3,18612,True
agentsight,e58fce112c6e,docs,8a644e1b5fbf1360,90c06cda09e05a19,True,8,98681,True
agentsight,e58fce112c6e,collector,cb293af14c3217de,d8cf683decace6c6,True,5,95045,True
agentsight,e58fce112c6e,bpf,677e8aaa4d6bace5,13be5a3e4ba48a5e,True,4,191825,True
agentsight,e58fce112c6e,docs,69f93c4539387b66,d9bb5c5910ad485d,True,2,130079,True
agentsight,e58fce112c6e,bpf,13be5a3e4ba48a5e,0aa91a23e5c610f1,True,2,9241,True
agentsight,e58fce112c6e,collector,d8cf683decace6c6,079624e250eba631,True,6,120919,True
agentsight,e58fce112c6e,bpf,4c5aeb7d764d6cca,ff93c2bbc1893e8f,True,1,9407,True
agentsight,e58fce112c6e,collector,079624e250eba631,5cf15811582c2736,True,3,40136,True
agentsight,e58fce112c6e,bpf,5c529d35115fcf8a,f0b9c4ace3519db9,True,2,54601,True
agentsight,e58fce112c6e,docs,31d372b04c33ec14,fbdab6dee03fdc35,True,10,112514,True
agentsight,e58fce112c6e,bpf,f0b9c4ace3519db9,4acfc6ced9f678bd,True,13,326953,True
agentsight,e58fce112c6e,docs,4b5f8b4061fca29a,b6602c52d303255f,True,3,64976,False
agentsight,e58fce112c6e,bpf,54bc86d7c81c73de,f8d67a981b45ede9,True,1,48753,True
agentsight,e58fce112c6e,docs,b6602c52d303255f,8eeefd1a4631a610,True,1,121713,True
agentsight,e58fce112c6e,repo-root-files,1d03e1bf75435998,84a40e16561be115,True,540,51931918,True
agentsight,e58fce112c6e,docs,d27356eff29b42d9,78f9e7a0bd6f912a,True,1,64512,True
agentsight,e58fce112c6e,collector,f0b9c4ace3519db9,5b3356960b33259d,True,214,4071854,True
agentsight,e58fce112c6e,docs,e801aff8328e6728,92c1a6bc587ef1b1,True,1,262482,True
agentsight,e58fce112c6e,agentpprof,d9f13cc0eec96d40,c3f60106dd66ec3b,True,387,7896522,True
agentsight,e58fce112c6e,docs,91c6b56f3a5eed5f,aa107671a26f9062,True,8,55848,True
agentsight,e58fce112c6e,agentpprof,6594568bf9ae8116,18a9b78124dfff9d,True,2,102416,True
agentsight,e58fce112c6e,docs,f246684b01d01673,c53aa081e4f21a78,True,2,198424,True
agentsight,e58fce112c6e,agentpprof,227e129c75645784,e336aa720c187bbb,True,16,414176,True
agentsight,e58fce112c6e,docs,2199055de8c78f6c,736dcf4820efc7f4,True,1,37442,True
agentsight,e58fce112c6e,agentpprof,e336aa720c187bbb,b5c98318ca0b9296,True,8,26166,True
agentsight,e58fce112c6e,docs,076204cf8ca96c08,f5880cbac1ce2231,True,3,17729,True
agentsight,e58fce112c6e,agentpprof,7a8baaaef1fe947b,6299043483f18f37,True,9,97996,True
agentsight,e58fce112c6e,docs,9ec864ab5bef51b7,6c6807b5803fafdc,True,13,158615,True
agentsight,e58fce112c6e,agentpprof,a24d840d00679f54,5c967ef653053a0a,True,7,70516,True
agentsight,e58fce112c6e,docs,7d03df6a58bfd7be,60138b2768fdab98,True,2,82913,True
agentsight,e58fce112c6e,collector,5b3356960b33259d,80927150dc102250,True,214,26743252,True
agentsight,e58fce112c6e,docs,87c41c533ea8a881,4f4f82fb9f7dff61,True,5,136329,True
agentsight,e58fce112c6e,collector,2a0088120e546683,00620bb5f6b098d6,True,31,1443687,True
agentsight,e58fce112c6e,docs,c6ea72039527f11e,c456f3ab710f91f4,True,2,6300,True
agentsight,e58fce112c6e,collector,5dca0a8b81e596c6,557c70f59c5e3ee6,True,1,14329,True
agentsight,e58fce112c6e,bpf,f8d67a981b45ede9,3afe3a9d3f42b66d,True,451,31892916,True
agentsight,e58fce112c6e,collector,557c70f59c5e3ee6,ac51f631e16dfb9a,True,2,7029,True
agentsight,e58fce112c6e,bpf,432e00274a80b265,34bf5f9134905942,True,4,16269,True
agentsight,e58fce112c6e,collector,a2df7c5165dae90d,bd0f356550244609,True,3,50376,True
agentsight,e58fce112c6e,bpf,aac3651fd7b3cf33,316ff5ea461357e0,True,1,41459,True
agentsight,e58fce112c6e,docs,c456f3ab710f91f4,04468cb08ed3d414,True,12,219342,True
agentsight,e58fce112c6e,collector,bd0f356550244609,f64bd197ec314e10,True,123,2709642,True
agentsight,e58fce112c6e,bpf,316ff5ea461357e0,79e6291f5dbf250b,True,125,2717869,True
agentsight,e58fce112c6e,docs,b1d4413be6eb3851,2e8184d7ee3ade10,True,11,169742,True
agentsight,e58fce112c6e,collector,e7e89ee4b14874fc,39b54125a36bde05,True,9,168041,True
agentsight,e58fce112c6e,docs,2e8184d7ee3ade10,31fd789b81f4b7c9,True,1,40969,True
agentsight,e58fce112c6e,collector,39b54125a36bde05,ad6b91634d8401f3,True,5,405465,True
agentsight,e58fce112c6e,docs,bad1c511060757e0,1d437f3fb2b7315a,True,2,315208,True
agentsight,e58fce112c6e,repo-root-files,84a40e16561be115,ea9d3059f44b318d,True,419,32235547,True
agentsight,e58fce112c6e,bpf,3d06e3c5014f65bd,5ee55bc7584c43bf,True,13,706543,True
agentsight,e58fce112c6e,collector,511df5e0ae38b6aa,e7115932fdf4adb6,True,7,220248,True
agentsight,e58fce112c6e,collector,e7115932fdf4adb6,e23c6b054d5fd189,True,1,124813,True
agentsight,e58fce112c6e,bpf,e23c6b054d5fd189,6e3e82f29c978e42,True,1,11796,True
agentsight,e58fce112c6e,docs,d5e54a9ca16f048a,18460997a848e951,True,14,405884,True
agentsight,e58fce112c6e,bpf,9e65332268917ba6,130b3a525916fcb8,True,2,198283,True
agentsight,e58fce112c6e,collector,a11f338de32f4130,424e0cbf7b25066b,True,9,242236,True
agentsight,e58fce112c6e,bpf,130b3a525916fcb8,4ea081f5bf1eaa08,True,1,3260,True
agentsight,e58fce112c6e,bpf,4ea081f5bf1eaa08,e954f44873ff1b04,True,3,88752,True
agentsight,e58fce112c6e,collector,e954f44873ff1b04,596ffed448857c33,True,1,184315,True
agentsight,e58fce112c6e,bpf,596ffed448857c33,7de9ead1c752a60c,True,6,193590,True
agentsight,e58fce112c6e,collector,66f454c3020fb4f8,e08328bea5a1bae7,True,2,22260,True
agentsight,e58fce112c6e,docs,dee4797c6dfc0f1c,762aa9882f1078bc,True,24,840408,True
agentsight,e58fce112c6e,collector,c08b2b1b7885fbb0,c692badc0218d887,True,68,1462333,True
agentsight,e58fce112c6e,docs,35446d64b0420f28,b5ce413818259c1f,True,1,140433,True
agentsight,e58fce112c6e,collector,c692badc0218d887,576eef12191814f1,True,7,117793,True
agentsight,e58fce112c6e,bpf,940c36010cefd8fc,e33e941e8d2f10b3,True,85,1649643,True
agentsight,e58fce112c6e,docs,08a5ba920885d3de,c53ea94f6097a3e0,True,8,10678,True
agentsight,e58fce112c6e,bpf,d3fd1ca977589e20,ce40aac740f615ff,True,4,4958,True
agentsight,e58fce112c6e,docs,0d9dce59a548f9ff,f266fe5c39eb2ca5,True,1,922,True
agentsight,e58fce112c6e,collector,9f41f4bcaed815f6,989aeacd57d93825,True,12,20406,True
agentsight,e58fce112c6e,bpf,ce40aac740f615ff,28d58ab96ecda3bd,True,5,4941,True
agentsight,e58fce112c6e,collector,a2a7433f172b6917,4bd9fe1d18cf50f1,True,2,7645,True
agentsight,e58fce112c6e,bpf,a057061f9212a910,b65fab0aa677f19b,True,1,1698,True
agentsight,e58fce112c6e,docs,f266fe5c39eb2ca5,65d943986f9c855a,True,8,13594,True
agentsight,e58fce112c6e,collector,4bd9fe1d18cf50f1,a8424241636f9da9,True,4,7926,True
agentsight,e58fce112c6e,docs,a6dd0ce9c5d0273e,258af210d9f2574f,True,2,9840,True
agentsight,e58fce112c6e,collector,5b777c8b7659d8a1,5f9b4ca878f8535d,True,7,44434,True
agentsight,e58fce112c6e,docs,fe225944e4687c03,63a3a38cc3504e82,True,2,13931,True
agentsight,e58fce112c6e,bpf,b65fab0aa677f19b,ffc673cf4c90a9f4,True,15,104231,True
agentsight,e58fce112c6e,docs,63a3a38cc3504e82,b6ed117207b7f786,True,4,61260,True
agentsight,e58fce112c6e,collector,54203c373ee3ef07,4315532625cfa308,True,52,1145744,True
agentsight,e58fce112c6e,bpf,daaf5b2c2c77e608,696859c1c680c60c,True,49,1071837,True
agentsight,e58fce112c6e,docs,5572c636136975da,2b3b5a9848ad65ab,True,3,10674,True
agentsight,e58fce112c6e,collector,2665f1bc554e7624,eae8f829b8ab70da,True,4,16929,True
agentsight,e58fce112c6e,bpf,696859c1c680c60c,d985fe2a25082f85,True,7,47660,True
agentsight,e58fce112c6e,collector,656f1c94e02576b4,c6cf484f1ac9fd09,True,3,85235,True
agentsight,e58fce112c6e,docs,911cd2bd72960dcd,5b946e1e40f5839a,True,8,156962,True
agentsight,e58fce112c6e,bpf,b4a3cb9cba2bb9ae,67c929707b690fc7,True,2,89529,True
agentsight,e58fce112c6e,docs,5b946e1e40f5839a,3e5e51cc4652079a,True,1,29085,True
agentsight,e58fce112c6e,bpf,67c929707b690fc7,0c4514440a7b1f4d,True,1,76551,True
agentsight,e58fce112c6e,docs,3e5e51cc4652079a,c44eb22de1537a90,True,1,101710,True
agentsight,e58fce112c6e,collector,c6cf484f1ac9fd09,31f230e23f1d691a,True,24,709723,True
agentsight,e58fce112c6e,docs,0254b006e757497d,ff9a6eec70f24ad6,True,1,103793,True
agentsight,e58fce112c6e,bpf,0c4514440a7b1f4d,ceb870d8c7ecbc08,True,33,831538,True
agentsight,e58fce112c6e,collector,31f230e23f1d691a,de31c0bbb2cd194a,True,14,271956,True
agentsight,e58fce112c6e,docs,1bd87e7df3f2be9e,4de2bb7b1fbe1030,True,5,19715,True
agentsight,e58fce112c6e,bpf,59359ff8bed88a45,cdc6a3564558aee7,True,24,200643,True
agentsight,e58fce112c6e,docs,4dd83ab5aa158833,5ed184ec46d84771,True,1,47,True
agentsight,e58fce112c6e,bpf,cdc6a3564558aee7,616702b5216b32c6,True,1,5919,True
agentsight,e58fce112c6e,docs,5ed184ec46d84771,18f45520ba5f8edb,True,3,32588,True
agentsight,e58fce112c6e,bpf,918385b8a7f00e8c,eb51a88811381a81,True,1,33890,True
agentsight,e58fce112c6e,docs,18f45520ba5f8edb,db0d690dd4ecc17a,True,1,30263,True
agentsight,e58fce112c6e,frontend,ce4c7647c0dfe602,63efcb194cf46227,True,1624,267420822,True
agentsight,e58fce112c6e,docs,da4f97704fedc96d,b531af9d0a2fc091,True,1,304264,True
agentsight,e58fce112c6e,repo-root-files,ea9d3059f44b318d,604c31587dd4348a,True,520,10770732,True
agentsight,e58fce112c6e,docs,8061ca42d6d44eb5,1864dc1fda14fe57,True,1,7549,True
agentsight,e58fce112c6e,agentpprof,072be76fa81de65b,d92013c16ff01c76,True,810,40384085,True
agentsight,e58fce112c6e,docs,6e4501e1cc73dcfc,fa15a3709cec9c70,True,5,8127,True
agentsight,e58fce112c6e,agentpprof,1a699e196b689f93,b4067196998d00e0,True,4,8769,True
agentsight,e58fce112c6e,docs,9214e4fdaef61fb6,7898f9e7674b9ae2,True,2,3025,True
agentsight,e58fce112c6e,agentpprof,157e8d5350a4883e,1b44c07e46785677,True,5,7267,True
agentsight,e58fce112c6e,repo-root-files,604c31587dd4348a,856bc1b686c70cae,True,22,26182,True
agentsight,e58fce112c6e,agentpprof,2d35e20ed1413245,4056eb40d0b434bb,True,2,3389,True
agentsight,e58fce112c6e,docs,4fc1fb6ff705f09c,5952b7a3c2889393,True,5,12719,True
agentsight,e58fce112c6e,agentpprof,4056eb40d0b434bb,d006a1518a1c2cce,True,4,10173,True
agentsight,e58fce112c6e,docs,568e50b5446f19a5,768ba7d151142506,True,1,15737,True
agentsight,e58fce112c6e,agent-session,1d0bea568f619c38,4d8d18f4a128625a,True,1350,49941618,True
agentsight,e58fce112c6e,docs,847d405e90a0fdcf,2d924ed19209e72b,True,1,7909,True
agentsight,e58fce112c6e,repo-root-files,86c78ce33f078d29,2695fbc960b1dfcd,True,14,109903,True
agentsight,e58fce112c6e,docs,d7e7c4a1fb09e9eb,3b841cf318c38b69,True,2,3439,True
agentsight,e58fce112c6e,agentpprof,d006a1518a1c2cce,c9ac0606d87accd5,True,11,170991,True
agentsight,e58fce112c6e,docs,3b841cf318c38b69,31fdf4b80c8a881a,True,1,197363,True
agentsight,e58fce112c6e,repo-root-files,03cd6093b9e1561f,ca616647ac387cee,True,8,265270,True
agentsight,e58fce112c6e,agentpprof,c9ac0606d87accd5,b8271d863683af62,True,8,213978,True
agentsight,e58fce112c6e,docs,8497a297c03e513d,29fb38b937028bdc,True,3,59820,True
agentsight,e58fce112c6e,repo-root-files,ef2815db4c06533d,430f4c2be87b14f2,True,64,1346764,True
agentsight,e58fce112c6e,agentpprof,b8271d863683af62,253aee5f376f9471,True,65,1337427,True
agentsight,e58fce112c6e,docs,4b0aa57a245d1ef9,5ec85aee443478b4,True,4,9546,True
agentsight,e58fce112c6e,repo-root-files,065d5673074a14dd,f2d9faf7e5f7ea8f,True,5,6758,True
agentsight,e58fce112c6e,agentpprof,a6a38b742c1f41e1,f2d6fc8835890ad1,True,5,6704,True
agentsight,e58fce112c6e,docs,545e3c94ec184877,4caae6bebc45b191,True,4,8168,True
agentsight,e58fce112c6e,agentpprof,f75b84a02d528530,845ccdbd1a2cb133,True,5,7626,True
agentsight,e58fce112c6e,docs,c9264513adc84730,f7f11fdc19c4a48b,True,4,12021,True
agentsight,e58fce112c6e,agentpprof,3f445ff18986c8dd,0b5f9b22af6bac56,True,18,46055,True
agentsight,e58fce112c6e,docs,f218be912b8cdd33,89b63ba802e46d7c,True,1,30583,True
agentsight,e58fce112c6e,collector,f0ab5b9ceb401ece,e440dea81e9f158b,True,420,7874852,True
agentsight,e58fce112c6e,agentpprof,0b5f9b22af6bac56,e0387b702be2aa68,True,6,147466,True
agentsight,e58fce112c6e,docs,c69e25e0dc38881d,2a9f2105dd502ef3,True,2,122063,True
agentsight,e58fce112c6e,agentpprof,e0387b702be2aa68,2de7461d9044a92d,True,2,71359,True
agentsight,e58fce112c6e,repo-root-files,5f395d71402f7e51,2de7461d9044a92d,True,39,272559,True
agentsight,e58fce112c6e,docs,ebd175297a093b77,cd356129e85e84c3,True,1,71313,True
agentsight,e58fce112c6e,repo-root-files,2de7461d9044a92d,346055b52c8fec65,True,5,110163,True
agentsight,e58fce112c6e,agentpprof,2de7461d9044a92d,8f63f5ddcdd0b69f,True,6,117407,True
agentsight,e58fce112c6e,docs,0cacc77428b14a6e,c2f94895f5c60239,True,4,40044,True
agentsight,e58fce112c6e,agentpprof,ad1fcd026064439f,21ea00e0d5cf7f95,True,6,102326,True
agentsight,e58fce112c6e,docs,7b850ab107ed235c,cc091404f01ff2f3,True,2,59149,True
agentsight,e58fce112c6e,.agentsight,78a7cd32b68e4934,9a4af2cf5b1e2d92,True,1588,92640155,True
agentsight,e58fce112c6e,docs,31916925c46a082f,cf5fffb208fac9f1,True,2,27638,True
agentsight,e58fce112c6e,agentpprof,987a1b73cad50452,30f4ddaf306db319,True,246,31725593,True
agentsight,e58fce112c6e,docs,0180545c84251a64,70e7eb57ebf0c0bb,True,1,9822,True
agentsight,e58fce112c6e,agentpprof,30f4ddaf306db319,beb830a5359a8faa,True,60,11858490,True
agentsight,e58fce112c6e,docs,320a12daf60d2f4f,b92e04c1fed6af9f,True,1,3628,True
agentsight,e58fce112c6e,agentpprof,beb830a5359a8faa,947b7d2fe9dfd7e2,True,5,25859,True
agentsight,e58fce112c6e,docs,c29b3e3c00cb44cd,1375ac7387fc09a4,True,2,25393,True
agentsight,e58fce112c6e,agentpprof,4907d8641a5573f5,c4cfe2ad2e689833,True,4,9052,True
agentsight,e58fce112c6e,docs,970f6561e714ed87,fa589d1b2459072a,True,2,1773,True
agentsight,e58fce112c6e,agentpprof,4c5ec2534e00a677,5e3573796907e10d,True,10,23297,True
agentsight,e58fce112c6e,docs,d7b18b3f4069de5e,7243d77e53bb516c,True,1,13977,True
agentsight,e58fce112c6e,agentpprof,5e3573796907e10d,ee316d20c5077d43,True,58,1076062,True
agentsight,e58fce112c6e,docs,4b9c6a22ace5be7b,3d1c57801157629e,True,1,1,True
agentsight,e58fce112c6e,agentpprof,ee316d20c5077d43,bd0af7f5d52154a0,True,3,11929,True
agentsight,e58fce112c6e,docs,d36dab97d6177424,6e1f76b176e19b1e,True,6,18450,True
agentsight,e58fce112c6e,agentpprof,f487eb3e8709d9e3,d450d4b757f96d1c,True,122,1688472,True
agentsight,e58fce112c6e,docs,cbcc8e7041ce6f25,12d1ba77b156bbe6,True,1,121773,True
agentsight,e58fce112c6e,agentpprof,d450d4b757f96d1c,792adc88dc789844,True,56,828024,True
agentsight,e58fce112c6e,docs,b7ea9f4fb98bba0f,0250f70354e07f31,True,1,12657,True
agentsight,e58fce112c6e,repo-root-files,346055b52c8fec65,6c6b7c3ae5bc1e36,True,884,58509423,True
agentsight,e58fce112c6e,agentpprof,792adc88dc789844,3fd420dd2448bad4,True,504,15559799,True
agentsight,e58fce112c6e,docs,c4aa713de2e8d007,b7668d4ac11c6201,True,1,15989,True
agentsight,e58fce112c6e,collector,e440dea81e9f158b,40ed410f7ebaf91a,True,1116,65590975,False
agentsight,e58fce112c6e,repo-root-files,6c6b7c3ae5bc1e36,94aa5f8068517e76,True,231,7158850,False
agentsight,e58fce112c6e,repo-root-files,94aa5f8068517e76,b57459fedc18fc42,True,4,591093,True
agentsight,e58fce112c6e,docs,3f8c15894dc4777e,212eeafcd1f05bd5,True,16,5596531,False
agentsight,e58fce112c6e,skills,9b3a2edd02855b04,b1f41f0c522f78bb,True,2,2589388,True
agentsight,e58fce112c6e,docs,212eeafcd1f05bd5,65c11ac910b9fa18,True,1,50625,True
agentsight,e58fce112c6e,skills,b1f41f0c522f78bb,926eccb181c2bc14,True,26,1948107,True
agentsight,e58fce112c6e,docs,2f3eb9c3cc05346d,faf49119fb5605b6,True,15,396516,True
agentsight,e58fce112c6e,skills,f6c2667341d5fb87,a89776450c8f21b5,True,1,32478,True
agentsight,e58fce112c6e,docs,faf49119fb5605b6,578e0c1a1cae711c,True,5,82795,True
agentsight,e58fce112c6e,skills,95e096f756409328,36688f0537d33731,True,3,8574,True
agentsight,e58fce112c6e,docs,ddb0ba8b5a921b8c,3def5cee7d144331,True,1,18363,True
agentsight,e58fce112c6e,docs,3def5cee7d144331,8285a03d19a9ecfb,True,25,138004,True
agentsight,e58fce112c6e,skills,bfb6f71e540c95a6,ad41b78bfb368144,True,3,2295414,False
agentsight,e58fce112c6e,docs,0da59fb66fb5c02d,6841707054214ca3,True,8,2813463,False
agentsight,e58fce112c6e,skills,c995d17125bbede2,a12ee6fba9c5ddbc,True,3,76106428,False
agentsight,e58fce112c6e,docs,2a0a8afb8103e73a,dfa1e4d2a63990fd,True,2,137257,True
agentsight,e58fce112c6e,docs,dfa1e4d2a63990fd,23951d3df1905671,True,2,63409,True
agentsight,e58fce112c6e,skills,a8094a5d12300300,76d6b598462c0b9f,True,1,92162,True
agentsight,e58fce112c6e,docs,23951d3df1905671,0d086291a6a0b820,True,5,69437,True
agentsight,e58fce112c6e,skills,74208705e9ff1e60,1840c768ce3dd317,True,1,65531,True
agentsight,e58fce112c6e,docs,0d086291a6a0b820,ef95d24770564c08,True,2,74414,True
agentsight,e58fce112c6e,skills,7fa8a62c8d578364,cc38a253acf401d5,True,2,54801,True
agentsight,e58fce112c6e,skills,cc38a253acf401d5,70b7daf1ffccb90d,True,1,16471,True
agentsight,e58fce112c6e,docs,8e9df977a1b51552,9a3d0f3c4f3aaabb,True,22,201748,True
agentsight,e58fce112c6e,skills,ef6c8cdf1b5b7ea2,00d19af9f1d93a33,True,1,40427,False
agentsight,e58fce112c6e,docs,9a3d0f3c4f3aaabb,7b7e56bf5243ed5f,True,10,85978,True
agentsight,e58fce112c6e,skills,02047e2f30ed0264,fd00a0e2cbc149f6,True,1,690662,True
agentsight,e58fce112c6e,docs,7b7e56bf5243ed5f,3e382059b76a8376,True,16,734864,True
agentsight,e58fce112c6e,skills,19fc73aefeb7e79b,909c6a63498e959c,True,1,326982,True
agentsight,e58fce112c6e,docs,3e382059b76a8376,18f909e86303a8c4,True,4,402708,True
agentsight,e58fce112c6e,skills,db05c6c41670b9f0,85033bc520bec4fa,True,6,221304,True
agentsight,e58fce112c6e,docs,50bdb745e19a68cb,7aa59fc90f4b5643,True,1,32744,True
agentsight,e58fce112c6e,skills,85033bc520bec4fa,716541bf1c9f0781,True,1,787575,False
agentsight,e58fce112c6e,docs,7aa59fc90f4b5643,5d8ee11bbbce80f1,True,2,780932,False
agentsight,e58fce112c6e,skills,3b4bd528cd9fbef8,e150018fdd48247d,True,2,6293,True
agentsight,e58fce112c6e,docs,501f6e2fcaf110c5,4be8cac77ff25db0,True,8,54569,False
agentsight,e58fce112c6e,skills,a7e49d62f88b4457,23dd0a862811dd7a,True,1,25644,True
agentsight,e58fce112c6e,docs,23dd0a862811dd7a,538da460d59e2bc6,True,4,43422,False
agentsight,e58fce112c6e,skills,a81c15fbc2cc1849,df629216fa21b89d,True,9,3807154,False
agentsight,e58fce112c6e,docs,965065b9cc3a9c7d,91359ec43c6c7415,True,3,2604780,True
agentsight,e58fce112c6e,skills,a85e8d756a30af5b,7b732ecd764eda1a,True,1,89885,True
agentsight,e58fce112c6e,docs,91359ec43c6c7415,33aee84783b0f08e,True,11,124653,True
agentsight,e58fce112c6e,skills,3ea0f31446282adb,0eb59d6e2d674088,True,1,198,True
agentsight,e58fce112c6e,docs,33aee84783b0f08e,960e58f891e86249,True,7,333615,True
agentsight,e58fce112c6e,skills,577149a4fe1cf687,506b0021830f37d3,True,4,460719,False
agentsight,e58fce112c6e,docs,7f59748ddd7fee71,e71009f2bff940ca,True,2,32087,False
agentsight,e58fce112c6e,skills,b40e3551eed8e253,6766da2a3952e6a4,True,2,21880,True
agentsight,e58fce112c6e,docs,1d72cb3c3d30ed2b,f07c00a179b2381e,True,6,23090,False
agentsight,e58fce112c6e,skills,e7de4cc333902d57,5958ceea899e4e9f,True,1,4570890,False
agentsight,e58fce112c6e,docs,f07c00a179b2381e,1c12975808686c50,True,61,5121907,False
agentsight,e58fce112c6e,skills,9a4f39f5d9100445,97144ee6fb4dae5d,True,1,7460,True
agentsight,e58fce112c6e,docs,1c12975808686c50,25348f6d00c0b2c8,True,7,20479,True
agentsight,e58fce112c6e,skills,da068c25c56dff46,7abe4a6ffd2d6012,True,1,10421,True
agentsight,e58fce112c6e,docs,25348f6d00c0b2c8,8a99309b527d7ff6,True,5,294972,True
agentsight,e58fce112c6e,skills,58d87d9042fffcf4,9f79df2d13617130,True,1,1022414,True
agentsight,e58fce112c6e,docs,8a99309b527d7ff6,e3cd12ab4f0a73e4,True,9,1284031,True
agentsight,e58fce112c6e,skills,bcf17a079560b80a,8462154fae1f9df8,True,6,36110766,True
agentsight,e58fce112c6e,docs,1ce4f8bdba8d7bbd,74256480436c1e4a,True,31,305407,True
agentsight,e58fce112c6e,skills,e23b240d78cedce9,97222c1affc8d061,True,1,64372,False
agentsight,e58fce112c6e,docs,74256480436c1e4a,ac39026e97ed40ed,True,1,40154,False
agentsight,e58fce112c6e,skills,97222c1affc8d061,4df281f469635833,True,5,151549,False
agentsight,e58fce112c6e,docs,7fa7bf77bbbad780,b4735a9c94b4c606,True,1,96329,True
agentsight,e58fce112c6e,skills,4df281f469635833,3eb1fe0c5bcc9971,True,9,385417,False
agentsight,e58fce112c6e,docs,4e2c67405773356b,3d895b7a3ca7adeb,True,1,141531,True
agentsight,e58fce112c6e,skills,3eb1fe0c5bcc9971,7fcc70bbac73c0cf,True,1,16438,True
agentsight,e58fce112c6e,docs,3d895b7a3ca7adeb,ceef4d06528b94c8,True,17,303244,True
agentsight,e58fce112c6e,skills,5687460393bf363e,c5a8f139c1dcc7c6,True,6,421433,False
agentsight,e58fce112c6e,docs,0b129d37873e7270,9d6dbfe681cdb2b5,True,27,253144,False
agentsight,e58fce112c6e,skills,cbeb3b39c31ad2a8,8070af64ca956c2c,True,23,258215,True
agentsight,e58fce112c6e,docs,83b1b8ebd8ba1c6d,bc5739d664816bb0,True,1,1865792,True
agentsight,e58fce112c6e,skills,8070af64ca956c2c,b99521174b0d8197,True,26,6603187,True
agentsight,e58fce112c6e,docs,e3983f56114aebcb,e34a82a3950730b8,True,33,4474695,True
agentsight,e58fce112c6e,skills,bf2a7bc8bc50b60a,a3594ab1205ce912,True,1,111617,True
agentsight,e58fce112c6e,docs,e34a82a3950730b8,c2e380a95d89f2a6,True,18,389860,True
agentsight,e58fce112c6e,skills,8c4acdccfd1a9214,7ae50b63a49c8165,True,2,803893,True
agentsight,e58fce112c6e,docs,e28e8d0e4a3a6bab,ed59ace4afd25978,True,9,678455,True
agentsight,e58fce112c6e,skills,bd6966481f43f031,6cf221ccf7ed6d5d,True,6,522854,True
agentsight,e58fce112c6e,docs,594a0352ac802401,9b33cfc289a86608,True,9,95254,True
agentsight,e58fce112c6e,skills,3635e26294e232e4,4f9f2e43172c2c11,True,1,8872557,True
agentsight,e58fce112c6e,docs,9b33cfc289a86608,ea0de636a3508d9c,True,1,8880473,True
agentsight,e58fce112c6e,skills,4f9f2e43172c2c11,f55cd51ad1fc1cb9,True,2,17329082,True
agentsight,e58fce112c6e,docs,502c98fde96b0edd,49ad23cb1a18d378,True,14,18338733,True
agentsight,e58fce112c6e,skills,2b680f8d0deb8c0c,4e439430e5160f8f,True,2,528534,True
agentsight,e58fce112c6e,docs,1664f296e9db7cec,9fd4efd5db13c195,True,1,186843,True
agentsight,e58fce112c6e,skills,4e439430e5160f8f,7ee19fb3b2095f71,True,1,49033,True
agentsight,e58fce112c6e,docs,9fd4efd5db13c195,13fc9c7887e25376,True,10,190859,True
agentsight,e58fce112c6e,skills,f7e7a570d163fb16,7b58b053ab98ddb0,True,1,71561,True
agentsight,e58fce112c6e,docs,13fc9c7887e25376,ecbd26dd73632f80,True,1,12140,True
agentsight,e58fce112c6e,skills,7b58b053ab98ddb0,a228c414a3a6b956,True,1,67363,True
agentsight,e58fce112c6e,skills,a228c414a3a6b956,d4f0dad7f51235d4,True,1,182607,True
agentsight,e58fce112c6e,docs,d0d9fb8bfdaf0592,e50d8b7cd7b36d03,True,1,120476,True
agentsight,e58fce112c6e,skills,819d94a616e2eeea,8de08338eb70b006,True,3,100565,True
agentsight,e58fce112c6e,docs,8de08338eb70b006,d506e71848d043f5,True,2,57176,True
agentsight,e58fce112c6e,repo-root-files,b57459fedc18fc42,6da9908ef81c944b,True,605,174725555,True
agentsight,e58fce112c6e,collector,fcfce7c69f436182,6e3aa7a4e153c0ec,True,612,245072845,False
agentsight,e58fce112c6e,.github,856e9f8d4f148227,e0357bdad2e189cc,True,9585,1554089971,False
agentsight,e58fce112c6e,agentpprof,3fd420dd2448bad4,96f19dc91e340390,True,682,254408427,True
agentsight,e58fce112c6e,.github,0b1c17c5811172b9,36ec089d44daa44b,True,1,177753,True
agentsight,e58fce112c6e,agent-session,4d8d18f4a128625a,32b7091f1a0b812e,True,1914,319476860,True
agentsight,e58fce112c6e,agentpprof,96f19dc91e340390,32b7091f1a0b812e,True,1,39901,True
agentsight,e58fce112c6e,collector,c79ba0e3c4dad3e8,32b7091f1a0b812e,True,6,5948203,False
agentsight,e58fce112c6e,docs,d506e71848d043f5,96033c1039504959,True,55,76584159,False
agentsight,e58fce112c6e,agentpprof,8fe6a55418e9f8fe,74d99b1b7e8d20ca,True,1,21118,True
agentsight,e58fce112c6e,.github,36ec089d44daa44b,6b89ffd18808119d,True,6,362851,True
agentsight,e58fce112c6e,docs,96033c1039504959,d65066db0c695ee8,True,5,365705,True
agentsight,e58fce112c6e,agentpprof,29f33668b255c72f,3860b3e14cbd9d4d,True,5,747873,False
agentsight,e58fce112c6e,repo-root-files,6da9908ef81c944b,cf9a059cf7ca5acd,True,64,77317445,False
agentsight,e58fce112c6e,collector,32b7091f1a0b812e,165d3da04a7b95d3,True,14,1016798,False
agentsight,e58fce112c6e,agentpprof,3860b3e14cbd9d4d,0217053246e14c22,True,5,153291,False
agentsight,e58fce112c6e,.github,e569bb8beed5327f,14ac9697283a5b55,True,11,701837,False
agentsight,e58fce112c6e,agentpprof,723657d1f0b6cbfc,57bf58ad03420b92,True,1,20319,True
agentsight,e58fce112c6e,docs,53c3537b39d1f4cb,dec5f4187dcfc3bc,True,12,3559903,False
agentsight,e58fce112c6e,agentpprof,f2629d38bc03eb15,17cc8cc0ed317934,True,5,2819461,False
agentsight,e58fce112c6e,repo-root-files,8fbbf6021aff6bca,b48c07c90aa41b15,True,14,3368471,False
agentsight,e58fce112c6e,collector,eb43f7dccaa2a955,5631f6a6dfb81706,True,13,3279469,False
agentsight,e58fce112c6e,docs,7a71e5ab8a806998,937f1679b6c2ea33,True,7,236273,False
agentsight,e58fce112c6e,collector,d4405a0cd9c6fd32,b6db43da9767a537,True,3,40151,True
agentsight,e58fce112c6e,agent-session,32b7091f1a0b812e,702347834fac3226,True,38,4355933,False
agentsight,e58fce112c6e,collector,b6db43da9767a537,5029a7a78b3a3264,True,1,2969,True
agentsight,e58fce112c6e,agentpprof,17cc8cc0ed317934,a3bf1b523d331519,True,15,265356,True
agentsight,e58fce112c6e,bpf,eb51a88811381a81,d23c503f6727c817,True,2229,329599329,False
agentsight,e58fce112c6e,repo-root-files,b48c07c90aa41b15,bb2ca75201522383,True,19,110013,True
agentsight,e58fce112c6e,docs,6cbdfd6842c30f16,c91f15b98e90ce1d,True,12,74840,False
agentsight,e58fce112c6e,collector,372fff6dcb4dc851,c9ff1d915f752d2b,True,7,104412,True
agentsight,e58fce112c6e,agent-session,702347834fac3226,afff18b658adcbdf,True,16,169447,True
agentsight,e58fce112c6e,agentpprof,1fbae1fc28a297e8,27db785836bfe1dc,True,11,140752,True
agentsight,e58fce112c6e,agent-session,afff18b658adcbdf,680bc3a64a005449,True,1,6819,False
agentsight,e58fce112c6e,agentpprof,27db785836bfe1dc,72d5f195bad5b9bb,True,1,3978,True
agentsight,e58fce112c6e,agent-session,680bc3a64a005449,4eb1cf648716b751,True,3,9545,True
agentsight,e58fce112c6e,agentpprof,826a0713de7beaf5,0ef3ba2f51862f0f,True,1,2986,True
agentsight,e58fce112c6e,collector,78de8e769239a7b7,8d143c43c32d9b6c,True,9,22115,True
agentsight,e58fce112c6e,agentpprof,d82a7fc7ed198fd1,3843b3e0d9caa468,True,1,3172,True
agentsight,e58fce112c6e,agent-session,4eb1cf648716b751,fd606f109f075792,True,4,20543,True
agentsight,e58fce112c6e,agentpprof,3843b3e0d9caa468,191c04a8fa5ea0bd,True,1,30558,True
agentsight,e58fce112c6e,agent-session,fd606f109f075792,f0bbf5287b2b76fb,True,4,89946,True
agentsight,e58fce112c6e,agentpprof,baa7c521da535179,06878034c4d754e2,True,3,97635,True
agentsight,e58fce112c6e,docs,c91f15b98e90ce1d,46a085c6ae53d2a7,True,26,466937,True
agentsight,e58fce112c6e,agentpprof,ef774b6ce739b099,1b588e4c8dda61d9,True,1,160226,True
agentsight,e58fce112c6e,docs,46a085c6ae53d2a7,7f2e12e1a68d2358,True,1,72403,True
agentsight,e58fce112c6e,agentpprof,1b588e4c8dda61d9,5f16553bcebb684b,True,1,39270,True
agentsight,e58fce112c6e,docs,7f2e12e1a68d2358,8a8390fcdccb5c02,True,3,55469,True
agentsight,e58fce112c6e,agentpprof,97e0cccd18cc6f93,0bd9b4f71f4bf14d,True,1,47760,True
agentsight,e58fce112c6e,collector,8d143c43c32d9b6c,f05141155a1b1d4a,True,26,566294,True
agentsight,e58fce112c6e,bpf,3bdbaa745047069a,b9ad881ea73bdc2b,True,44,713790,True
agentsight,e58fce112c6e,collector,f05141155a1b1d4a,c26ac68cef011274,True,1,41,True
agentsight,e58fce112c6e,docs,8a8390fcdccb5c02,3624fcb0f81ac0cc,True,11,307858,True
agentsight,e58fce112c6e,agentpprof,1cb16f68c20d855b,cff5f5bc17f9d097,True,4,261230,True
agentsight,e58fce112c6e,docs,3624fcb0f81ac0cc,2013efca60d3020a,True,6,56806,True
agentsight,e58fce112c6e,collector,c26ac68cef011274,6e6e8605860a5083,True,8,282056,True
agentsight,e58fce112c6e,agentpprof,6ee2fe65886d352a,ee75b57ae8d0fa09,True,14,80064,True
agentsight,e58fce112c6e,bpf,b9ad881ea73bdc2b,43366dcac980e820,True,26,359113,True
agentsight,e58fce112c6e,collector,ac409da5c1da182c,0dd0caee9400debf,True,5,50941,True
agentsight,e58fce112c6e,agentpprof,8765b50f9623f785,2bb32b7cc0779f57,True,2,15047,True
agentsight,e58fce112c6e,repo-root-files,bb2ca75201522383,682e74c72684dc73,True,73,1077754,False
agentsight,e58fce112c6e,docs,2013efca60d3020a,3a965dc4d7857950,True,21,115860,True
agentsight,e58fce112c6e,agentpprof,2bb32b7cc0779f57,7c8253b7a6baeaf9,True,6,47390,True
agentsight,e58fce112c6e,frontend,63efcb194cf46227,89e24f09d74ef9a7,True,2194,328378786,False
agentsight,e58fce112c6e,agentpprof,224f28a8e18c1fc6,6eac79381cc14904,True,2,5414,True
agentsight,e58fce112c6e,docs,3374a9de99701996,b1bf45a235c9950d,True,10,89216,False
agentsight,e58fce112c6e,agentpprof,1cb1e78228a0bdd0,b6370dc7b26abfc0,True,1,607926,True
agentsight,e58fce112c6e,docs,b1bf45a235c9950d,8a41f706556f2353,True,17,941281,True
agentsight,e58fce112c6e,agentpprof,9b87931fd5149595,b1fa4a48b2c5a878,True,17,162254,True
agentsight,e58fce112c6e,docs,6566be4ef297a375,de640ca31c9fa373,True,8,137238,True
agentsight,e58fce112c6e,agentpprof,f8c6046be248b01d,1fe2cba612f9e679,True,1,732047,True
agentsight,e58fce112c6e,docs,de640ca31c9fa373,f075fd7298231f58,True,2,751834,True
agentsight,e58fce112c6e,agentpprof,a6eb04e0e80e4204,ad43d6fce4502ad7,True,1,491292,True
agentsight,e58fce112c6e,docs,f075fd7298231f58,4c8f53a21a98c87f,True,4,546132,True
agentsight,e58fce112c6e,agentpprof,ced0d7aee5d7e69e,e95a34891a80638c,True,1,182073,True
agentsight,e58fce112c6e,.github,14ac9697283a5b55,acd5c3f4835c8f17,True,177,16090022,False
agentsight,e58fce112c6e,agentpprof,08bc6732be694770,60da97d57ad2c376,True,2,9697977,True
agentsight,e58fce112c6e,.github,abb50a2564607124,fc68d19738f9ae89,True,18,1826015,False
agentsight,e58fce112c6e,frontend,89741d1045c6503d,b8ecf2ec892bd830,True,82,13401417,True
agentsight,e58fce112c6e,agentpprof,a4772d7eddecd150,e95a1543a4394148,True,8,139961,True
agentsight,e58fce112c6e,docs,4c8f53a21a98c87f,179a9e9b98965d1e,True,36,10960072,False
agentsight,e58fce112c6e,skills,d506e71848d043f5,468775ff9d2157ab,True,285,95672852,False
agentsight,e58fce112c6e,docs,a899afe82ff60527,eb8537dbd9c1c558,True,1,59042,False
agentsight,e58fce112c6e,agentpprof,7fa44718c01cf92f,4d745a18ab8d4bbb,True,9,158656,True
agentsight,e58fce112c6e,docs,7a0b18eb7efadce0,b000930f13c474a1,True,4,44732,False
agentsight,e58fce112c6e,agentpprof,201eb9cfeedceaee,77074c00192d0b55,True,1,9229,True
agentsight,e58fce112c6e,docs,b000930f13c474a1,6df496085d2322c3,True,8,76728,True
agentsight,e58fce112c6e,agentpprof,dc341e4350321d0b,bb84bd69cbbcb02a,True,2,47876,True
agentsight,e58fce112c6e,.github,c6e24e30bec7f1b4,e21a243397ce2546,True,34,437759,True
agentsight,e58fce112c6e,docs,8ecf5f18497caab2,5f244a7b8931bf68,True,3,61221,False
agentsight,e58fce112c6e,agentpprof,6ee1f5796dc523ab,81bad5152d7f63c9,True,3,59841,True
agentsight,e58fce112c6e,docs,ed9405d2b5544b47,f58f78173dfdec9a,True,3,47220,False
agentsight,e58fce112c6e,agentpprof,6e382a088f345ef0,15ad08d74fe82c83,True,1,16306,True
agentsight,e58fce112c6e,docs,f58f78173dfdec9a,16c6170920caa6a0,True,2,15171,True
agentsight,e58fce112c6e,agentpprof,b619e640f6e32ae7,f1ab7616608f46df,True,1,6341,True
agentsight,e58fce112c6e,docs,16c6170920caa6a0,5085263b7c92b7ae,True,9,129967,False
agentsight,e58fce112c6e,agentpprof,6d42252ec07fdc2f,4498a564acf5bbda,True,7,400065,True
agentsight,e58fce112c6e,docs,bc0a01ba540f63f6,79c19df589370b53,True,1,130716,True
agentsight,e58fce112c6e,agentpprof,4498a564acf5bbda,d44f82a15ef8223e,True,6,210989,True
agentsight,e58fce112c6e,docs,30ba292440a4fe97,5ebf9bda2f6cf5df,True,1,32853,True
agentsight,e58fce112c6e,agentpprof,d44f82a15ef8223e,76bb356b9227e97f,True,1,132400,True
agentsight,e58fce112c6e,skills,468775ff9d2157ab,c9e3b95748edd01b,True,65,1255753,True
agentsight,e58fce112c6e,docs,5ebf9bda2f6cf5df,0c49362b51e2fbd7,True,11,270194,True
agentsight,e58fce112c6e,agentpprof,af160c060b3d04b2,142a2d1f3fb425a1,True,6,203875,True
agentsight,e58fce112c6e,docs,53e1464c38e907f7,c3e49e3ad7120917,True,17,356019,True
agentsight,e58fce112c6e,frontend,49d06b5a418bcb82,fabc7d8d85d5796e,True,97,1817966,True
agentsight,e58fce112c6e,agentpprof,7c39e4b6f447ccd0,1c41c790af73eb15,True,2,145720,True
agentsight,e58fce112c6e,agent-session,3cbaeeab123c1f45,45828f91ab8a2670,True,249,16199088,True
agentsight,e58fce112c6e,agentpprof,1c41c790af73eb15,872b95ccae874a88,True,1,26539,True
agentsight,e58fce112c6e,agent-session,45828f91ab8a2670,7848afc961ef8b91,True,1,12248,True
agentsight,e58fce112c6e,agentpprof,872b95ccae874a88,91e0b943b82b0846,True,4,64846,True
agentsight,e58fce112c6e,agent-session,744c9f4c91c1046b,d49bf091d36eeab5,True,1,67344,True
agentsight,e58fce112c6e,agentpprof,91e0b943b82b0846,0edeed0b8f1b0926,True,1,75880,True
agentsight,e58fce112c6e,.github,e21a243397ce2546,ecf39f427c215710,True,90,1818373,True
agentsight,e58fce112c6e,agentpprof,b1152c97f68ee1b7,4907dba7a98e38de,True,2,95400,True
agentsight,e58fce112c6e,.github,1b44c017bfb98e25,1925a336edcbd358,True,1,5463,True
agentsight,e58fce112c6e,agentpprof,4907dba7a98e38de,375d864e138de188,True,1,8137,True
agentsight,e58fce112c6e,.github,1925a336edcbd358,7438719970bd4300,True,8,341281,True
agentsight,e58fce112c6e,agent-session,d49bf091d36eeab5,4695529214eace35,True,26,45653631,True
agentsight,e58fce112c6e,agentpprof,3156791d1b38379a,7026d4847da45a28,True,4,45267057,True
agentsight,e58fce112c6e,agent-session,fc27a5a257385c97,15babf3647e690b2,True,1,8937,True
agentsight,e58fce112c6e,agentpprof,7026d4847da45a28,c9d73a4b70b5a088,True,21,437182,False
agentsight,e58fce112c6e,agent-session,63a2729c030ce176,31c92bf1c661828e,True,8,14482,True
agentsight,e58fce112c6e,agentpprof,5ba6f9436f7bae93,8cb6761f7ae2d4f8,True,2,6502,True
agentsight,e58fce112c6e,agent-session,9a0c8862c66c7aa4,5de6ffa5d0614b4e,True,2,18681,True
agentsight,e58fce112c6e,agentpprof,dfd1f2cc77397dd5,4876e31729786f1b,True,1,12216,True
agentsight,e58fce112c6e,collector,0dd0caee9400debf,b46de740dc2026b3,True,274,61677176,False
agentsight,e58fce112c6e,agentpprof,4876e31729786f1b,82a754cce0e92588,True,2,97998,True
agentsight,e58fce112c6e,agent-session,5de6ffa5d0614b4e,f8bfae859e8d48c7,True,4,98116,True
agentsight,e58fce112c6e,agentpprof,82a754cce0e92588,d0946922bf7956dd,True,16,349271,True
agentsight,e58fce112c6e,agent-session,0a0244ef7bf09ee9,599ce645c6c5c73e,True,4,129110,True
agentsight,e58fce112c6e,agentpprof,6f90e28f893373d2,79b60a0685462e64,True,3,120034,True
agentsight,e58fce112c6e,agent-session,f72312429a9fca5b,a329838e31310833,True,2,125709,True
agentsight,e58fce112c6e,collector,8a08d8514bb266c2,9dfc07e9e439e2d2,True,36,940747,True
agentsight,e58fce112c6e,agent-session,f3b3efeaaf43efd6,9b6abeba41042e94,True,1,59533,True
agentsight,e58fce112c6e,docs,fabc7d8d85d5796e,7453246493c5d4ae,True,116,47452281,False
agentsight,e58fce112c6e,.github,9387cb53ba498fde,f5056085dec3191f,True,85,7781036,True
agentsight,e58fce112c6e,agentpprof,99feb551f33ad4ab,f6ece4022b816ab3,True,21,12688283,False
agentsight,e58fce112c6e,docs,1b15cbdec2a585f3,f6e541d8a3462f51,True,4,9334994,True
agentsight,e58fce112c6e,skills,c9e3b95748edd01b,6bba7a9de3bbbc7d,True,151,60287901,True
agentsight,e58fce112c6e,agentpprof,2e33118b7d3301f6,ad2697749635adf0,True,5,326357,True
agentsight,e58fce112c6e,docs,d0791fcf0db06593,31aada5806b00ef9,True,8,981335,True
agentsight,e58fce112c6e,skills,7c156f31fb2cd8a2,4cb530ddc59f2dbb,True,10,845187,True
agentsight,e58fce112c6e,docs,23f061406dd367fb,c93133ba5e99e71a,True,2,363493,True
agentsight,e58fce112c6e,agentpprof,196d75b9eb0f2b9d,dde660cab4eea8df,True,10,7583926,True
agentsight,e58fce112c6e,repo-root-files,682e74c72684dc73,dde660cab4eea8df,True,344,82997607,False
agentsight,e58fce112c6e,docs,a30c5cd43bad58fa,65c15ef17ddb321c,True,1,6550905,True
agentsight,e58fce112c6e,agentpprof,dde660cab4eea8df,9f75eff477dde01b,True,4,483046,True
agentsight,e58fce112c6e,repo-root-files,dde660cab4eea8df,9f75eff477dde01b,True,4,483046,True
agentsight,e58fce112c6e,skills-example,dde660cab4eea8df,9f75eff477dde01b,True,4,483046,True
agentsight,e58fce112c6e,skills-example,9f75eff477dde01b,aa3803f53828864e,True,23,2016247,True
agentsight,e58fce112c6e,docs,fb01ca6bdcb07ad7,4de909463d2bec6f,True,1,10329,True
agentsight,e58fce112c6e,skills-example,aa3803f53828864e,d32dfc3ebaf698c8,True,3,542144,True
agentsight,e58fce112c6e,agentpprof,9f75eff477dde01b,12f38770bf6781a2,True,28,2566188,True
agentsight,e58fce112c6e,skills-example,d32dfc3ebaf698c8,29681560a5e53c11,True,3,302340,True
agentsight,e58fce112c6e,docs,2a41fcddc77bd34c,8886a49247751bd7,True,5,315556,True
agentsight,e58fce112c6e,agentpprof,403abfd28a8ecbf7,9117a5acac3fbc76,True,6,709347,True
agentsight,e58fce112c6e,docs,a48550d5c8ee05f7,0eb0716aa56c09e4,True,1,424432,True
agentsight,e58fce112c6e,agentpprof,9117a5acac3fbc76,43088169726dcd47,True,3,918744,True
agentsight,e58fce112c6e,docs,dd7993184b7c299a,e23193929469cd4d,True,20,730757,True
agentsight,e58fce112c6e,skills-example,29681560a5e53c11,01324ebea6a0b728,True,30,1861775,True
agentsight,e58fce112c6e,docs,e23193929469cd4d,97dc15f311803179,True,5,215582,True
agentsight,e58fce112c6e,agentpprof,61a3a680a0900832,114e18cf696c0e99,True,8,336180,True
agentsight,e58fce112c6e,skills-example,2adf2a68835e9efd,69b80377385e9495,True,8,195773,True
agentsight,e58fce112c6e,docs,da213e3d96eec0eb,663f1956bfa9c299,True,7,288923,True
agentsight,e58fce112c6e,agentpprof,057cd4dd8a3f3fda,920610dba9ef156e,True,2,222029,True
agentsight,e58fce112c6e,docs,663f1956bfa9c299,b4b2792a3f579d65,True,2,114670,True
agentsight,e58fce112c6e,skills-example,69b80377385e9495,8d7a848f8a943479,True,17,680276,True
agentsight,e58fce112c6e,docs,56a0bb72817c70d0,1351b9a437a049ac,True,6,301223,True
agentsight,e58fce112c6e,script,2546539c3574d8f1,bd7dbe9976476e74,True,15102,1810196639,False
agentsight,e58fce112c6e,agentpprof,af5457409b0ee4db,9e2541b799f8ceac,True,87,2250351,True
agentsight,e58fce112c6e,docs,8e0c6877a00e2c20,4ca15b8efc4c427f,True,4,200097,True
agentsight,e58fce112c6e,agent-session,2a18c21f1db72930,29a694254128609d,True,266,31186053,False
agentsight,e58fce112c6e,skills-example,7f2b8d4877c6aca3,7357709e4718a27b,True,133,4434935,True
agentsight,e58fce112c6e,agent-session,29a694254128609d,a3732451654bca3d,True,3,34441,True
agentsight,e58fce112c6e,agentpprof,52c2e75bd2fa5f10,486cfffd9cb4adce,True,67,2847304,True
agentsight,e58fce112c6e,agent-session,a3732451654bca3d,41a858f1cdb47fbd,True,6,297809,True
agentsight,e58fce112c6e,docs,7c46cd3fae500732,4b87703ec1d339b7,True,18,1036845,True
agentsight,e58fce112c6e,agentpprof,f48fdb39e0a0c5ac,bbda2cfde3948f54,True,9,1382310,True
agentsight,e58fce112c6e,docs,0b52859f231294c6,ce13ebb658caa136,True,3,572488,True
agentsight,e58fce112c6e,agentpprof,d1f81b7fb229166d,87a4fb2d6bd8084a,True,4,176794,True
agentsight,e58fce112c6e,docs,11b180bac359c772,7a3f2d0be0e4eddf,True,1,145541,True
agentsight,e58fce112c6e,.github,5ac076d112f56725,98ee3dd707932f5e,True,313,27978753,False
agentsight,e58fce112c6e,agentpprof,87a4fb2d6bd8084a,4f37bfdb1fd7055c,True,27,1302817,False
agentsight,e58fce112c6e,skills-example,d9f6150975e4c88d,675ea6e814141421,True,53,3809631,True
agentsight,e58fce112c6e,docs,87e2c3863088986b,7c9b64bcb3b00042,True,7,1746504,True
agentsight,e58fce112c6e,skills-example,521c44afafffd4b7,bf5879f70905d397,True,8,164350817,False
agentsight,e58fce112c6e,skills,3a016d9669be2f36,f7a9e36e30d79f20,True,313,194002421,False
agentsight,e58fce112c6e,collector,9dfc07e9e439e2d2,559b286919ef8ba5,True,351,210242366,False
agentsight,e58fce112c6e,docs,bb39a3a76a365fc9,0bbad2c5b6d8ed83,True,14,482976470,False
agentsight,e58fce112c6e,agentpprof,ffb52f5fe5f62993,9ee579666879ffc3,True,44,509517330,False
agentsight,e58fce112c6e,docs,e4c8087cafe4df7e,87ffc234f766229f,True,14,10468322,True
agentsight,e58fce112c6e,agentpprof,d36263e1dc75d1fd,2f6222a30c9f361f,True,9,156441,True
agentsight,e58fce112c6e,docs,2175ad8785fee5b4,3b21b6208094ea58,True,20,397317,True
agentsight,e58fce112c6e,agentpprof,87343909ee279eec,82042b8f9d0c7bb6,True,2,91116,True
agentsight,e58fce112c6e,repo-root-files,9f75eff477dde01b,c764ca9d411ae3f2,True,379,670775534,False
agentsight,e58fce112c6e,docs,810f8b7f35e5da5f,6dc4ab67e8c4b0f0,True,3,139927916,False
agentsight,e58fce112c6e,collector,559b286919ef8ba5,d7cb976bcc85838d,True,69,486782425,False
agentsight,e58fce112c6e,docs,1da9cd6bd6ab0549,0555d2b71bd16cc5,True,3,5349127,False
agentsight,e58fce112c6e,repo-root-files,c764ca9d411ae3f2,0555d2b71bd16cc5,True,5,5376159,False
agentsight,e58fce112c6e,docs,0555d2b71bd16cc5,189cb48a48011c15,True,7,47142,True
agentsight,e58fce112c6e,repo-root-files,0555d2b71bd16cc5,189cb48a48011c15,True,7,47142,True
agentsight,e58fce112c6e,collector,55c9f811b25529e3,0a9d744c37e1a456,True,1,98380,True
agentsight,e58fce112c6e,repo-root-files,189cb48a48011c15,3c60f91c3b536291,True,5,176251,True
agentsight,e58fce112c6e,collector,b85bcd160ba91e8a,2aff5e74c7647e8e,True,1,34363,True
agentsight,e58fce112c6e,repo-root-files,3c60f91c3b536291,c688b63b9b21be03,True,1,45,True
agentsight,e58fce112c6e,collector,2aff5e74c7647e8e,5d76c6cd857a11b1,True,4,6134,True
agentsight,e58fce112c6e,repo-root-files,fec86ff7a7fb8496,1b22a3fa84354050,True,2,11425,True
agentsight,e58fce112c6e,docs,189cb48a48011c15,aca46b8d82661b27,True,15,210190,True
agentsight,e58fce112c6e,repo-root-files,8f7c525ef8949c29,76d313c2a0417a9a,True,1,26680,True
agentsight,e58fce112c6e,collector,d1797b07bc38bbf9,e687f9100b4eea55,True,4,42572,True
agentsight,e58fce112c6e,docs,aca46b8d82661b27,916ba23b755a8347,True,7,132708,True
agentsight,e58fce112c6e,repo-root-files,76d313c2a0417a9a,aeb3dfa8fd23ca7e,True,7,125555,True
agentsight,e58fce112c6e,collector,71255c81874d3ca1,e460c619a5292020,True,2,66513,True
agentsight,e58fce112c6e,docs,916ba23b755a8347,acb303caedb4f669,True,3,58718,True
agentsight,e58fce112c6e,repo-root-files,aeb3dfa8fd23ca7e,acb303caedb4f669,True,2,51640,True
agentsight,e58fce112c6e,collector,7199a30a1fa0e9d3,ae366a4e33e2e41c,True,1,20245,True
agentsight,e58fce112c6e,docs,acb303caedb4f669,23a8739c5b0b76cf,True,3,107075,True
agentsight,e58fce112c6e,repo-root-files,acb303caedb4f669,ec2854595b1070af,True,4,107080,True
agentsight,e58fce112c6e,collector,1cba8dbdf8c0049b,8b45a9e458ba5402,True,2,24,True
agentsight,e58fce112c6e,repo-root-files,ec2854595b1070af,2fd1befd813cf2f1,True,4,32920077,True
agentsight,e58fce112c6e,collector,b6111db2dfbe391c,2c20c01bb48339f3,True,2,3720,True
agentsight,e58fce112c6e,repo-root-files,096be630d32536b3,987c2a1864afd45a,True,1,20336,True
agentsight,e58fce112c6e,agentpprof,036b701610b678bd,9b73978ffd79867e,True,58,245979262,False
agentsight,e58fce112c6e,agent-session,95772360acbd4e4c,6296ba1ee7e1b5f0,True,190,766233124,False
agentsight,e58fce112c6e,agentpprof,cdd1ca33da233cbc,f18d2ac864098884,True,1,352472,True
agentsight,e58fce112c6e,agentprof,6c0eaa548ef68c47,3d67b051dfd83a79,True,1,51276,True
agentsight,e58fce112c6e,repo-root-files,987c2a1864afd45a,7bea36e55fdb03b7,True,13,68738921,False
agentsight,e58fce112c6e,agentpprof,3d67b051dfd83a79,ef6a3dea7bc932b5,True,1,337678,True
agentsight,e58fce112c6e,agentprof,3d67b051dfd83a79,ef6a3dea7bc932b5,True,1,337678,True
agentsight,e58fce112c6e,docs,23a8739c5b0b76cf,efa511736e47ee0f,True,24,102757421,False
agentsight,e58fce112c6e,agentpprof,ef6a3dea7bc932b5,a00895bc8265ac6d,True,17,1315938,False
agentsight,e58fce112c6e,docs,c82397230b402c74,408bdfc9f8c2f534,True,2,52269,True
agentsight,e58fce112c6e,.git,f1bc2910fb177361,d4e7448d9cd454f3,True,11744,2453536436,False
agentsight,e58fce112c6e,docs,042eb779d2180f75,4f52672d30d14a86,True,1,140526,True
agentsight,e58fce112c6e,agent-session,6296ba1ee7e1b5f0,b45b685801a3e649,True,56,3769183,False
agentsight,e58fce112c6e,docs,66e40dfb3695bc4b,511c79f7c2faefcd,True,1,6585609,True
agentsight,e58fce112c6e,bpf,43366dcac980e820,9e49a2c909201748,True,855,1205086392,False
agentsight,e58fce112c6e,collector,ccd69349894e08c9,ce79ae7cc45f5513,True,66,411613751,False
agentsight,e58fce112c6e,bpf,9e49a2c909201748,352ad137de2b624c,True,5,257110,True
agentsight,e58fce112c6e,repo-root-files,7bea36e55fdb03b7,ab9404e2fe32d38a,True,68,343697234,False
agentsight,e58fce112c6e,bpf,2f4f1e828b74a8f8,93f5aecb90e13fa7,True,1,93425,True
agentsight,e58fce112c6e,docs,a7ca94b52f4a127a,1cf34c6584d65037,True,17,7238900,False
agentsight,e58fce112c6e,bpf,93f5aecb90e13fa7,90f574de417c11fb,True,1,63589,True
agentsight,e58fce112c6e,collector,c52c0b625bd2cac9,7f6b952090510b40,True,23,1004289,True
agentsight,e58fce112c6e,bpf,0f80387e71f7fb64,eb5b0e0b31dd95ba,True,17,356496,True
agentsight,e58fce112c6e,collector,14287be616d73007,e8cb138da0bb2ba2,True,1,9941,True
agentsight,e58fce112c6e,bpf,eb5b0e0b31dd95ba,9b02dfb06d6fc32b,True,3,87142,True
agentsight,e58fce112c6e,collector,a70ea8d4362d3dd9,12f1f038f71c2525,True,1,45942,True
agentsight,e58fce112c6e,bpf,9b02dfb06d6fc32b,7c91aff4c808db6e,True,4,134908,True
agentsight,e58fce112c6e,repo-root-files,ab9404e2fe32d38a,690b880fc670929e,True,40,1102982,True
agentsight,e58fce112c6e,collector,7c91aff4c808db6e,086e79bbcdf5d4b8,True,1,40327,True
agentsight,e58fce112c6e,bpf,7c91aff4c808db6e,5753e9b7a7ac04a6,True,2,71347,True
agentsight,e58fce112c6e,collector,086e79bbcdf5d4b8,8759bbf5b30eba10,True,1,35253,True
agentsight,e58fce112c6e,bpf,5753e9b7a7ac04a6,50158763fa995da1,True,3,79600,True
agentsight,e58fce112c6e,collector,9afb8eb2e0f36fcb,5839ac0ad52e35c6,True,1,200056,True
agentsight,e58fce112c6e,bpf,50158763fa995da1,0f11c748e10e8160,True,4,147737,True
agentsight,e58fce112c6e,collector,0494be345670cb55,4530ea0e6745d88f,True,3,1,True
agentsight,e58fce112c6e,bpf,88461c050cc5f0c6,1fb2553cbd30b198,True,5,184881,True
agentsight,e58fce112c6e,collector,19db13ea092dceed,d174d1f4e9fde420,True,3,79661,True
agentsight,e58fce112c6e,bpf,4b511975031d597a,a09663f8a6dabfd2,True,2,66230,True
agentsight,e58fce112c6e,repo-root-files,690b880fc670929e,409ff6906fd4b656,True,24,255885714,False
agentsight,e58fce112c6e,collector,53c5094329f7d8d8,ade6d5db037a03bd,True,2,255290348,False
agentsight,e58fce112c6e,docs,1cf34c6584d65037,22f9f41fcaadd298,True,73,256872012,False
agentsight,e58fce112c6e,collector,f459340e825b2d85,3409dbcf7e0d9028,True,1,7188,True
agentsight,e58fce112c6e,docs,22f9f41fcaadd298,23be6290ed3dc8e3,True,10,114737,True
agentsight,e58fce112c6e,agent-session,b45b685801a3e649,d06007d2454fa7f1,True,108,696995569,False
agentsight,e58fce112c6e,collector,4b493b7ca9f52e95,d06007d2454fa7f1,True,1,99111056,True
agentsight,e58fce112c6e,.github,7b21d3ed60174980,ee805d536cc44639,True,322,1465986028,False
agentsight,e58fce112c6e,collector,c8ffac2c8bca0621,9f5d66da26676f01,True,1,721513,True
agentsight,e58fce112c6e,agent-session,d06007d2454fa7f1,dacd4bc08a7b21d5,True,4,1270695,True
agentsight,e58fce112c6e,collector,9f5d66da26676f01,91c18043976c0530,True,2,40968,True
agentsight,e58fce112c6e,agent-session,07cc55dd337ae76d,dd5ede312d082ce8,True,1,46363,True
agentsight,e58fce112c6e,collector,91c18043976c0530,d1a85e88feaf2e64,True,2,28662,True
agentsight,e58fce112c6e,.github,ee805d536cc44639,5354624e2465f4c6,True,13,323283,True
agentsight,e58fce112c6e,script,bd7dbe9976476e74,fa65146c1a9e82f9,True,458,1473385189,False
agentsight,e58fce112c6e,.github,b5be0cc282f208e5,5e0edcf560fc720c,True,1,287314,True
agentsight,e58fce112c6e,script,fa65146c1a9e82f9,b2bfc58bc4c30795,True,1,1,True
agentsight,e58fce112c6e,collector,5354624e2465f4c6,135e9f3222a0ca4c,True,6,1021348,True
agentsight,e58fce112c6e,script,45d5323669d955a1,42b41f580231bfd9,True,5,149844,True
agentsight,e58fce112c6e,.github,5e0edcf560fc720c,16095a12951b349c,True,10,175538,True
agentsight,e58fce112c6e,script,c46e48a207a3f73d,33b05d4c563b83db,True,1,64853,True
agentsight,e58fce112c6e,collector,42b41f580231bfd9,70a4fe4e513b3298,True,5,308159,True
agentsight,e58fce112c6e,script,47008991ca81791b,c618f2ec7478ad8a,True,4,95824,True
agentsight,e58fce112c6e,collector,0b37519403af68ea,2b07d4a4789b9c95,True,3,69026,True
agentsight,e58fce112c6e,script,c747cf7e223de73e,18a2e9a24e841624,True,1,102869,True
agentsight,e58fce112c6e,.github,16095a12951b349c,2708f35ca42838f6,True,17,3187189,True
agentsight,e58fce112c6e,bpf,a09663f8a6dabfd2,869e640eacfb6686,True,72,360527995,False
agentsight,e58fce112c6e,collector,2b07d4a4789b9c95,a64cd976edb50ad4,True,9,2882703,True
agentsight,e58fce112c6e,bpf,2edd8a93fabc2297,ff1e02a77a600ccc,True,1,10506,True
agentsight,e58fce112c6e,collector,a64cd976edb50ad4,232fc0f80fefc54d,True,3,10571,True
agentsight,e58fce112c6e,.github,2708f35ca42838f6,93e381ee0cf81c34,True,9,85625,True
agentsight,e58fce112c6e,script,890e4b17377210da,93e381ee0cf81c34,True,10,2504716,True
agentsight,e58fce112c6e,bpf,843ade27a45d13e4,17a8b268c501eb7f,True,8,158857,True
agentsight,e58fce112c6e,collector,4f7e58c1a78d01d3,8c8ae9b3aa3ad904,True,9,154327,True
agentsight,e58fce112c6e,bpf,ef72e2383e8e2638,9a33b8ac0d17961c,True,4,210233,True
agentsight,e58fce112c6e,collector,050e3837cafc6505,1e04d78ec0d3a47f,True,1,197954,True
agentsight,e58fce112c6e,bpf,9a33b8ac0d17961c,0c11cc684da6a64a,True,5,125613,True
agentsight,e58fce112c6e,script,7c6102ad9cbb7a59,0c11cc684da6a64a,True,14,347529,True
agentsight,e58fce112c6e,.github,93e381ee0cf81c34,a6d8fadb7cb612e8,True,21,541812,True
agentsight,e58fce112c6e,collector,0c11cc684da6a64a,3018bca7256c2dd4,True,7,192414,True
agentsight,e58fce112c6e,repo-root-files,409ff6906fd4b656,8f0e5a9467a4894d,True,108,105946969,True
agentsight,e58fce112c6e,.github,556463e866828326,aaa873d58fe1197d,True,5,117583,True
agentsight,e58fce112c6e,bpf,0c11cc684da6a64a,9966eb94355c720b,True,10,200555,True
agentsight,e58fce112c6e,script,479fdf198b4733fc,0c412289ad0bacdd,True,5,52283,True
agentsight,e58fce112c6e,collector,3018bca7256c2dd4,c1e80f93d80d8da3,True,6,138953,True
agentsight,e58fce112c6e,bpf,b1927dc485eb739d,dcb0e6328c975ef2,True,8,173333,True
agentsight,e58fce112c6e,collector,77a3da107611c5a1,bdc8f433a2e37ddb,True,9,200632,True
agentsight,e58fce112c6e,agent-session,d804185b6638aa32,ec255d27f40c0aac,True,110,5809056,True
agentsight,e58fce112c6e,collector,436724f46a5d3369,3be63b2d1e714f1c,True,5,25050,True
agentsight,e58fce112c6e,script,bde95c3768017969,83f778ad5b1ef023,True,35,452046,True
agentsight,e58fce112c6e,collector,dcfd8fcf7fa25d02,ca07dfc66e2cf730,True,1,53174,True
agentsight,e58fce112c6e,agent-session,f405efacf1993802,a7f75328dcd61037,True,10,144292,True
agentsight,e58fce112c6e,collector,77d940f178d3c081,34dedd9b24e4ce3b,True,2,19998,True
agentsight,e58fce112c6e,agent-session,4dad618235ee381b,585247deaf087450,True,4,88189,True
agentsight,e58fce112c6e,collector,3600c37419d392b0,8237a4d51c91ed29,True,7,253457,True
agentsight,e58fce112c6e,agent-session,6d428cde0dbfbf95,8b2722d8bf8a4636,True,4,120316,True
agentsight,e58fce112c6e,collector,809df5871a5cf421,a5544be83796513e,True,2,7939,True
agentsight,e58fce112c6e,agent-session,a365b2325846dbda,13306658274a4b51,True,3,31196,True
agentsight,e58fce112c6e,collector,41c373c7935527b0,a0fcd65d80738618,True,1,6231,True
agentsight,e58fce112c6e,script,83f778ad5b1ef023,9a8851069e579baa,True,40,619120,True
agentsight,e58fce112c6e,.github,aaa873d58fe1197d,aa7ee770a79162bb,True,81,1234111,True
agentsight,e58fce112c6e,bpf,3125a70d74c1def6,21f53eb1d9d59ddb,True,63,1002479,True
agentsight,e58fce112c6e,script,9a8851069e579baa,530d48babc7c6796,True,2,151559,True
agentsight,e58fce112c6e,collector,b132d103bb7f9442,781c17e41f90d42e,True,4,196896,True
agentsight,e58fce112c6e,agent-session,13306658274a4b51,940243b647c7f194,True,17,347454,True
agentsight,e58fce112c6e,collector,465c3ad29c15baae,dbc2ab08b0098f93,True,1,548598,False
agentsight,e58fce112c6e,script,530d48babc7c6796,685d630844236861,True,7,550010,True
agentsight,e58fce112c6e,collector,92dbdbe19cc78728,6e91902bb1072b25,True,1,2811,False
agentsight,e58fce112c6e,agent-session,940243b647c7f194,75904e67d3fcaac9,True,9,559318,True
agentsight,e58fce112c6e,collector,0bd82603b38fdf2a,9c31ec19a2378d6b,True,1,9,True
agentsight,e58fce112c6e,bpf,21f53eb1d9d59ddb,b7ecef338d667451,True,15,577272,True
agentsight,e58fce112c6e,collector,9c31ec19a2378d6b,3d05040d6c749d68,True,1,1484,False
agentsight,e58fce112c6e,agent-session,75904e67d3fcaac9,75c6c7c5b9788048,True,5,7103,False
agentsight,e58fce112c6e,collector,841769fc3b4c90d9,623423246ee7c064,True,1,2366,False
agentsight,e58fce112c6e,agent-session,75c6c7c5b9788048,584724fc0e967933,True,3,8191,False
agentsight,e58fce112c6e,collector,fa53d32803e6a55f,dd316417aa90895d,True,1,2392,False
agentsight,e58fce112c6e,agent-session,584724fc0e967933,c9181797c302268c,True,2,1753,False
agentsight,e58fce112c6e,script,685d630844236861,4474e20e6479b195,True,18,67622,True
agentsight,e58fce112c6e,.github,aa7ee770a79162bb,952e9b8fa94bdcdb,True,29,652854,True
agentsight,e58fce112c6e,collector,5e6382d0f2c828c9,ca33a53274573967,True,3,120482,True
agentsight,e58fce112c6e,bpf,b7ecef338d667451,669695e89b8d6ac7,True,15,200622,True
agentsight,e58fce112c6e,collector,0f8aa933ef013083,7cdc0f99aafe381c,True,4,110442,True
agentsight,e58fce112c6e,script,4474e20e6479b195,09ee7fd6a9e6299e,True,8,188020,True
agentsight,e58fce112c6e,collector,7cdc0f99aafe381c,2a4f04f5f105a9aa,True,1,7970,True
agentsight,e58fce112c6e,script,09ee7fd6a9e6299e,506288eef5db726d,True,2,90406,True
agentsight,e58fce112c6e,collector,58b3e203c72d1022,a0180243cff24f6e,True,4,134605,True
agentsight,e58fce112c6e,script,611a1aeb34fec273,bff89ac665b0aa78,True,1,79140,True
agentsight,e58fce112c6e,collector,a0180243cff24f6e,59c827d705d80e0b,True,1,243783,True
agentsight,e58fce112c6e,script,bff89ac665b0aa78,2626049848b7ac1b,True,1,190648,True
agentsight,e58fce112c6e,bpf,ad1e180400cb4d02,cc3ac806c33c4ba8,True,12,448931,True
agentsight,e58fce112c6e,collector,59c827d705d80e0b,c19b4022f4bb90f4,True,2,10164,True
agentsight,e58fce112c6e,script,2626049848b7ac1b,e043db0cc60081ee,True,2,10163,True
agentsight,e58fce112c6e,collector,c19b4022f4bb90f4,5958283e77c2e075,True,1,2797407,True
agentsight,e58fce112c6e,agent-session,c9181797c302268c,a20451a3da1423b5,True,24,3447130,False
agentsight,e58fce112c6e,agentpprof,6cfaaec5741ea683,a20451a3da1423b5,True,359,710586503,False
agentsight,e58fce112c6e,agent-session,a20451a3da1423b5,ea38bdc844a2c5e5,True,12,215319,True
agentsight,e58fce112c6e,collector,89a1654c9c98f97f,09cb6c89d4631183,True,1,46953,True
agentsight,e58fce112c6e,agent-session,ea38bdc844a2c5e5,218ed800cb71404f,True,1,5920,True
agentsight,e58fce112c6e,collector,09cb6c89d4631183,22c984fe61331b0d,True,1,5884,True
agentsight,e58fce112c6e,agent-session,218ed800cb71404f,ff229b5b16425582,True,2,8359,True
agentsight,e58fce112c6e,collector,ba941d3d28e5141e,3fc57450443a44d6,True,1,8289,True
agentsight,e58fce112c6e,repo-root-files,8f0e5a9467a4894d,ed4471679da3b660,True,200,48162627,True
agentsight,e58fce112c6e,collector,3bc73e22f05fb08e,937cf2d1e1dac247,True,2,50,True
agentsight,e58fce112c6e,docs,23be6290ed3dc8e3,23c465b7f053b62f,True,291,153980323,True
agentsight,e58fce112c6e,collector,937cf2d1e1dac247,c5b95d398d05e546,True,1,7093,True
agentsight,e58fce112c6e,docs,23c465b7f053b62f,61038de0a1e30ce0,True,1,7060,True
agentsight,e58fce112c6e,collector,c5b95d398d05e546,0d9556521ff28be9,True,2,78656,True
agentsight,e58fce112c6e,repo-root-files,2dda73da093c7aac,0d9556521ff28be9,True,5,85799,True
agentsight,e58fce112c6e,docs,0d9556521ff28be9,0da3f531cbb060f9,True,2,21423,True
agentsight,e58fce112c6e,collector,2c5fb12d81ea424a,5a2c0d84cac5dc29,True,1,163729,True
agentsight,e58fce112c6e,repo-root-files,0d9556521ff28be9,c25538fa928d4a5c,True,4,253293,True
agentsight,e58fce112c6e,docs,0da3f531cbb060f9,5b6ec258eed6a097,True,2,231900,True
agentsight,e58fce112c6e,repo-root-files,c25538fa928d4a5c,facf7abe4703e62b,True,1,18866,True
agentsight,e58fce112c6e,collector,5a2c0d84cac5dc29,c2ae6bc013364f5f,True,3,161405,False
agentsight,e58fce112c6e,bpf,cc3ac806c33c4ba8,90cd88000e88c12d,True,127,46568171,True
agentsight,e58fce112c6e,collector,4280511be326c834,cf270ab771c5c3bb,True,6,35210,False
agentsight,e58fce112c6e,repo-root-files,facf7abe4703e62b,48b678dda09dd244,True,88,1037074,True
agentsight,e58fce112c6e,collector,9707f65f5b184b86,8bc1dc27523e61c3,True,1,54608,True
agentsight,e58fce112c6e,.github,952e9b8fa94bdcdb,9bb197c435ac074e,True,218,48239388,True
agentsight,e58fce112c6e,.github,9bb197c435ac074e,12f6ccd7c586d529,True,1,86884,True
agentsight,e58fce112c6e,script,e043db0cc60081ee,12f6ccd7c586d529,True,199,47717807,True
agentsight,e58fce112c6e,.github,088237ab3f9ef5ca,a402d31f011bf7ce,True,1,16615,True
agentsight,e58fce112c6e,collector,6ee6e1b64239f6d3,e0c4824b01c57ac2,True,4,259472,True
agentsight,e58fce112c6e,.github,a402d31f011bf7ce,a4228ade8f2a287a,True,1,141189,True
agentsight,e58fce112c6e,collector,e0c4824b01c57ac2,26a84591821f423e,True,1,5994,True
agentsight,e58fce112c6e,.github,a4228ade8f2a287a,fadb644102602cfc,True,5,54928,True
agentsight,e58fce112c6e,collector,1132bb183ace5703,e9b75be8a642065b,True,5,158949,False
agentsight,e58fce112c6e,.github,84799882edfabc29,03876a7cbdaef143,True,4,177638,False
agentsight,e58fce112c6e,collector,cc0e5407fead2987,820527d9437cfab5,True,3,46503,False
agentsight,e58fce112c6e,.github,25c5c978caa07de8,a5244bc6d5497c86,True,2,96839,False
agentsight,e58fce112c6e,script,a402d31f011bf7ce,ea78bba0327b103b,True,22,519358,False
agentsight,e58fce112c6e,collector,193f51b55d047063,37f8b1a5e48be0db,True,2,83808,False
agentsight,e58fce112c6e,.github,a5244bc6d5497c86,1708b8b403b4b05b,True,2,970495,False
agentsight,e58fce112c6e,collector,37f8b1a5e48be0db,47be933a86f29579,True,1,44866983,False
agentsight,e58fce112c6e,.github,1708b8b403b4b05b,4ce41ab9980f9279,True,12,44137421,True
agentsight,e58fce112c6e,script,ea78bba0327b103b,90499946964b4d06,True,15,45541303,False
agentsight,e58fce112c6e,.github,4ce41ab9980f9279,ae71d367d9aaa335,True,1,440838,True
agentsight,e58fce112c6e,collector,8e9b112e5179be9c,95b1efaa02460b72,True,3,538839,True
agentsight,e58fce112c6e,agent-session,ff229b5b16425582,5750359f21107da4,True,230,90838071,True
agentsight,e58fce112c6e,collector,7cf4a43604512803,2941b9ebf6743d2e,True,5,13243,True
agentsight,e58fce112c6e,agent-session,d73b1a4791fb38ff,2f874e83ab7648a6,True,5,35770,True
agentsight,e58fce112c6e,collector,99cad92a4b3360c2,9bb2dc49d69f319d,True,3,36888,True
agentsight,e58fce112c6e,agent-session,6d44b1b0bf31c1fe,3fb2aaa46646e119,True,2,42828,True
agentsight,e58fce112c6e,collector,5ac14dbd91db1c41,7df4bced33f03b7e,True,2,36512,True
agentsight,e58fce112c6e,agent-session,ce64e8cbc622fde5,53b2b6b68cf5a1bc,True,3,47247,True
agentsight,e58fce112c6e,collector,908fc4dcff3265b8,01b77f75e0093cf4,True,1,35857,True
agentsight,e58fce112c6e,script,90499946964b4d06,f5286f41d9d153b4,True,32,223460,True
agentsight,e58fce112c6e,collector,bd7572d53c2a21f7,80f8972972ed519f,True,1,29490,True
agentsight,e58fce112c6e,script,f5286f41d9d153b4,91f149221408340d,True,1,54390,True
agentsight,e58fce112c6e,collector,80f8972972ed519f,3c674e5dcb2c7514,True,1,181306,True
agentsight,e58fce112c6e,script,91f149221408340d,3cc969e0a4d9fce0,True,14,162544,True
agentsight,e58fce112c6e,collector,a2d38181f346e979,46317a80159c620c,True,1,16005,False
agentsight,e58fce112c6e,agent-session,53b2b6b68cf5a1bc,ba87e3625a6f28ab,True,22,301071,True
agentsight,e58fce112c6e,collector,46317a80159c620c,3282d43cac6b61ed,True,10,24273,False
agentsight,e58fce112c6e,agent-session,0d2f094435f6f371,507ed93fa5f45ab7,True,4,70875,True
agentsight,e58fce112c6e,collector,4fd8e54b89a71a09,48fe1eae5ae9110a,True,5,48050,False
agentsight,e58fce112c6e,agent-session,d34ab630f63b5f7d,a159b7383918eab3,True,1,24241,True
agentsight,e58fce112c6e,collector,48fe1eae5ae9110a,ec384476d373d0b2,True,1,34439,True
agentsight,e58fce112c6e,script,3cc969e0a4d9fce0,e2e3090211392bef,True,27,258529,True
agentsight,e58fce112c6e,collector,7f28a8339959b719,cd890f6b2aa6bb89,True,4,395186,True
agentsight,e58fce112c6e,agent-session,a159b7383918eab3,c1312ac89c4a6bf2,True,13,496357,True
agentsight,e58fce112c6e,collector,4d19c35326f6f575,f021df5dbe778f98,True,1,50,True
agentsight,e58fce112c6e,script,1447a91c14602fda,f578d5cd2857a1e3,True,6,141031,True
agentsight,e58fce112c6e,collector,f021df5dbe778f98,c9ff67a5f6d1e848,True,1,9707,True
agentsight,e58fce112c6e,agent-session,c1312ac89c4a6bf2,163932205a8b48dc,True,4,9713,True
agentsight,e58fce112c6e,collector,03b927c45a7785ff,2f0facee480732a5,True,1,193,True
agentsight,e58fce112c6e,agent-session,163932205a8b48dc,c62805ed8c11c31b,True,2,12146,True
agentsight,e58fce112c6e,.github,ae71d367d9aaa335,a2cc3c4564a2c16f,True,93,1124254,True
agentsight,e58fce112c6e,collector,7aa047e264e082ea,bb856437a8c64c97,True,2,22713,False
agentsight,e58fce112c6e,repo-root-files,48b678dda09dd244,1b6fc701fad8648f,True,168,47936397,False
agentsight,e58fce112c6e,collector,bb856437a8c64c97,9512ff4de50baaa6,True,1,5975,True
agentsight,e58fce112c6e,agent-session,c62805ed8c11c31b,c00a79ba581b1729,True,4,28843,True
agentsight,e58fce112c6e,collector,9512ff4de50baaa6,273b5a5b691d1a39,True,5,4510,True
agentsight,e58fce112c6e,agent-session,818c96baae2c1617,1889c59e23658988,True,1,4193,True
agentsight,e58fce112c6e,collector,273b5a5b691d1a39,de2e2501facb56ad,True,1,4708,True
agentsight,e58fce112c6e,agent-session,1889c59e23658988,6bace0d7f3ce5a53,True,6,43202,True
agentsight,e58fce112c6e,collector,843447f547da54e0,f70fb3ec371e3f0b,True,1,21214,False
agentsight,e58fce112c6e,agent-session,6bace0d7f3ce5a53,71c455cc4b57572a,True,1,48674,True
agentsight,e58fce112c6e,collector,f70fb3ec371e3f0b,4bf5d83e7e9395a6,True,3,112180,True
agentsight,e58fce112c6e,agent-session,3a00fe83eb87c8f1,995b705f18fe480c,True,1,60081,False
agentsight,e58fce112c6e,collector,4bf5d83e7e9395a6,139c13a7a2b0b742,True,1,14756,True
agentsight,e58fce112c6e,agent-session,995b705f18fe480c,be083c0462cddbc3,True,4,16249,True
agentsight,e58fce112c6e,collector,15c7b6613f46ec82,839b01bf32941539,True,1,10445,True
agentsight,e58fce112c6e,script,f578d5cd2857a1e3,8e62991a30f2a91c,True,41,30551029,False
agentsight,e58fce112c6e,collector,03647235ca317406,42ea870d42f3dde2,True,1,30280678,False
agentsight,e58fce112c6e,agent-session,be083c0462cddbc3,2ce773bd3291d215,True,10,30392412,False
agentsight,e58fce112c6e,.github,a2cc3c4564a2c16f,e73db6cc749cb4ca,True,39,30650364,False
agentsight,e58fce112c6e,script,8e62991a30f2a91c,ffdb3f17dcf85fa4,True,5,1617582,False
agentsight,e58fce112c6e,collector,cf347158b85941bc,fb9084d6ede6aff9,True,3,1545573,False
agentsight,e58fce112c6e,agent-session,2ce773bd3291d215,8a660f10daf2f9c8,True,4,1525235,False
agentsight,e58fce112c6e,collector,ea1e2f5b37fdc22a,0e5a3225c2426d32,True,1,1,True
agentsight,e58fce112c6e,agent-session,8a660f10daf2f9c8,fdc8243f8ab6d43c,True,1,4150,True
agentsight,e58fce112c6e,docs,facf7abe4703e62b,2a739fb972bd19a3,True,303,98349157,False
agentsight,e58fce112c6e,collector,8b7ab01027a88fd9,9e528d3bae3338e8,True,5,134766929,True
agentsight,e58fce112c6e,skills,831c62a7ea2ae8cc,36d2a86a104f8ae2,True,925,1563296819,False
agentsight,e58fce112c6e,collector,2c817e5238c90170,ba138a72f9b286d1,True,9,625931,True
agentsight,e58fce112c6e,script,ffdb3f17dcf85fa4,49f272675360c02c,True,45,135885600,True
agentsight,e58fce112c6e,bpf,3d625bbc2192018c,1138e877da0a00ac,True,293,216468384,True
agentsight,e58fce112c6e,.artifacts,e239d3a5cb59f4c9,ab1ecf8f51ee5f59,True,8,391833,True
agentsight,e58fce112c6e,bpf,1797e9a0346065e3,37143cd0f4497e45,True,1,120783,True
agentsight,e58fce112c6e,collector,dd5433acad25c5a9,2374e9c2572edb4a,True,8,328395,True
agentsight,e58fce112c6e,.artifacts,ab1ecf8f51ee5f59,ffffb5b02f24a595,True,4,341792,True
agentsight,e58fce112c6e,bpf,f92ca2553dead7fb,7bfb7988871c8ff7,True,5,470245,True
agentsight,e58fce112c6e,.github,e73db6cc749cb4ca,5ed6e95d5d432646,True,60,138053648,False
agentsight,e58fce112c6e,skills,c7e16ab6b40e530f,b834e051c81138b6,True,23,1226621,True
agentsight,e58fce112c6e,.artifacts,f318cc8c0758f31c,085d9794dc8dcb48,True,3,237523,True
agentsight,e58fce112c6e,collector,2374e9c2572edb4a,4a0ccc347a1dfbad,True,8,528899,True
agentsight,e58fce112c6e,bpf,7bfb7988871c8ff7,9b290e55b3f85817,True,5,201270,True
agentsight,e58fce112c6e,bpf,9b290e55b3f85817,74c4f85db89d6f78,True,6,63204,True
agentsight,e58fce112c6e,collector,f8bfeee9118d9c3c,2c3eb81fbf603af3,True,1,122115,True
agentsight,e58fce112c6e,.artifacts,085d9794dc8dcb48,45563acc0f3a5d8a,True,22,361242,True
agentsight,e58fce112c6e,collector,d63e783e7679c391,6d99657885d05574,True,1,81906,True
agentsight,e58fce112c6e,bpf,74c4f85db89d6f78,c14c7a50e3003e5d,True,17,308187,True
agentsight,e58fce112c6e,bpf,c14c7a50e3003e5d,8b971d4d70f86078,True,5,26069,True
agentsight,e58fce112c6e,collector,884921022007b93f,884e9f3175c08c1a,True,1,17432,False
agentsight,e58fce112c6e,bpf,8b971d4d70f86078,bba304f1aa7ee854,True,6,45647,True
agentsight,e58fce112c6e,collector,53b1893771409917,af3c6486259dce16,True,1,36481,False
agentsight,e58fce112c6e,.artifacts,45563acc0f3a5d8a,40b6a0e33a40346e,True,26,285468,True
agentsight,e58fce112c6e,bpf,bba304f1aa7ee854,938d33855484053a,True,9,210785,True
agentsight,e58fce112c6e,collector,1ed3b73f47b6b127,5f43a381a1a84a16,True,2,60489,False
agentsight,e58fce112c6e,.artifacts,40b6a0e33a40346e,67821d62e12ddbeb,True,7,195405,True
agentsight,e58fce112c6e,collector,77e226ec8c0b199d,24b2bb271bcc724d,True,1,124741,False
agentsight,e58fce112c6e,.artifacts,67821d62e12ddbeb,79884666eb2c80b2,True,2,133245,True
agentsight,e58fce112c6e,collector,afe5d9e024702607,1b9f4ace9e9ae6d1,True,2,133755,False
agentsight,e58fce112c6e,.artifacts,8b3dbb2d3739d255,149fa1665b4326fc,True,5,258617,True
agentsight,e58fce112c6e,collector,546bdf05265812a4,2fe4c24a7772b0a2,True,2,326516,False
agentsight,e58fce112c6e,bpf,938d33855484053a,358466e638c26ac0,True,22,950489,True
agentsight,e58fce112c6e,skills,b834e051c81138b6,afcb61534bb1e284,True,75,2453961,True
agentsight,e58fce112c6e,.artifacts,ef8f402546eea9c1,60dbbd27eb223912,True,10,1424339,True
agentsight,e58fce112c6e,collector,23177418b3d5e803,4526c654cacc0292,True,10,1587910,False
agentsight,e58fce112c6e,script,49f272675360c02c,4526c654cacc0292,True,99,3943492,True
agentsight,e58fce112c6e,script,4526c654cacc0292,84cce532dc2f258e,True,2,223601,True
agentsight,e58fce112c6e,collector,c25726b5e40533ba,512174a846135e4a,True,1,90495,True
agentsight,e58fce112c6e,agent-session,fdc8243f8ab6d43c,2acb38d47bc1670e,True,146,140178920,True
agentsight,e58fce112c6e,collector,e999bab1f18893ec,48b4a21ed044d8c8,True,2,71745,True
agentsight,e58fce112c6e,bpf,358466e638c26ac0,72c865e9e5a092d1,True,38,2757649,True
agentsight,e58fce112c6e,collector,520b4f715952c96b,49c1cd946804370e,True,1,64330,True
agentsight,e58fce112c6e,repo-root-files,1b6fc701fad8648f,8c37e9f8405cfa20,True,215,173487832,False
agentsight,e58fce112c6e,skills,354b8a54457e4d1a,a0a79564805f54ee,True,36,1822010,True
agentsight,e58fce112c6e,collector,49c1cd946804370e,c1b2b90f7176bcf2,True,4,336797,True
agentsight,e58fce112c6e,.artifacts,be551df089a4183d,f978dd44015ddd9b,True,36,1772623,True
agentsight,e58fce112c6e,skills,1a3b0496c8cd58f4,48d8ed8e487ec697,True,2,134279,True
agentsight,e58fce112c6e,collector,c1b2b90f7176bcf2,6c2bc9dd87bd8ab9,True,2,101664,True
agentsight,e58fce112c6e,.artifacts,f978dd44015ddd9b,d22dc9528d5136e4,True,5,281212,True
agentsight,e58fce112c6e,collector,3067ce675abc8e94,b30b4dfcd5564fd6,True,1,107310,True
agentsight,e58fce112c6e,agent-session,57220571fe91bf8b,0aaa15a1fa854dc0,True,37,1569850,True
agentsight,e58fce112c6e,collector,87c686a037b22039,90aab0269739de76,True,2,43508,True
agentsight,e58fce112c6e,.artifacts,d22dc9528d5136e4,8812809a88fdae19,True,7,173541,True
agentsight,e58fce112c6e,collector,379e32f80e92ec21,e57106ac91ec5981,True,1,178916,True
agentsight,e58fce112c6e,agent-session,ced832ab991af092,873ea0f04f949c33,True,10,242801,True
agentsight,e58fce112c6e,.artifacts,8812809a88fdae19,111bf3ae48e73d46,True,9,162276,True
agentsight,e58fce112c6e,collector,e6acfd7e76d3705a,7ab0da9230a70964,True,8,114068,True
agentsight,e58fce112c6e,.artifacts,f1e2465dc106cb0d,3cb82ca31515fbdf,True,16,314176,True
agentsight,e58fce112c6e,collector,85d9c2da758b5408,8607d11de83e4b0a,True,1,164220,True
agentsight,e58fce112c6e,.artifacts,3cb82ca31515fbdf,11c8c6e95f5e3352,True,7,176711,True
agentsight,e58fce112c6e,agent-session,e37985456d4d929b,a6adb04f825eddf0,True,30,957790,True
agentsight,e58fce112c6e,script,84cce532dc2f258e,2ac2e76fbb28c04f,True,87,2912842,True
agentsight,e58fce112c6e,collector,6b8fc26d3b330660,465b60447a105611,True,4,513798,True
agentsight,e58fce112c6e,repo-root-files,8c37e9f8405cfa20,129e21604ba4e5f6,True,70,6034205,False
agentsight,e58fce112c6e,collector,1b159ba611f32713,e5d57bce84aced8d,True,3,36543371,True
agentsight,e58fce112c6e,agent-session,a6adb04f825eddf0,202ee0453abf407c,True,22,37036514,True
agentsight,e58fce112c6e,collector,656b909611a5dea6,52d3f3004e75dcad,True,2,60438,False
agentsight,e58fce112c6e,agent-session,c67d7f6d178d4783,81ff2a67dce7a5e9,True,9,138235,False
agentsight,e58fce112c6e,collector,5db106cc72d22258,d2c30f38bd6b8271,True,1,37833,True
agentsight,e58fce112c6e,script,c86a3f66622e3770,987329f8c784f29e,True,34,37502089,True
agentsight,e58fce112c6e,collector,5952519675422a3b,2cc64adf862d5e12,True,3,471000,False
agentsight,e58fce112c6e,script,ac7aab07d6f9a96c,2a48622a2b779c9b,True,4,149901,True
agentsight,e58fce112c6e,collector,c87607eb2e3eb1b1,6da6d4907236dcb7,True,1,184,True
agentsight,e58fce112c6e,agent-session,81ff2a67dce7a5e9,6dce645f698a6700,True,11,516235,False
agentsight,e58fce112c6e,collector,6da6d4907236dcb7,8d42fd0561451bd4,True,3,27282,False
agentsight,e58fce112c6e,script,2a48622a2b779c9b,87d099f94c966f7c,True,9,117256,False
agentsight,e58fce112c6e,agent-session,5cc373406f55e7d5,63084fe999321590,True,6,213852,False
agentsight,e58fce112c6e,skills,48d8ed8e487ec697,0339ce578a65553c,True,108,39521934,True
agentsight,e58fce112c6e,collector,b16699b1fe8f2a26,ed747bc3b4ebc565,True,3,33134098,False
agentsight,e58fce112c6e,agent-session,63084fe999321590,b44b171a13452ab7,True,3,33019134,False
agentsight,e58fce112c6e,collector,0539259ef7dec43c,fe67e9eeae925918,True,1,19955,True
agentsight,e58fce112c6e,agent-session,b44b171a13452ab7,6e92d66f30a2dace,True,6,230153,True
agentsight,e58fce112c6e,collector,3c309f15698c9d74,c2f1f7db3ed737e8,True,2,27775,False
agentsight,e58fce112c6e,agent-session,804c395a74ac99e2,f9f4f2d1cc2ee6e3,True,2,146317,False
agentsight,e58fce112c6e,collector,144ad655efbd0bd1,48339591d3e99fd6,True,1,77535,True
agentsight,e58fce112c6e,agent-session,f9f4f2d1cc2ee6e3,d35d007a32f42bfc,True,1,46497,True
agentsight,e58fce112c6e,collector,48339591d3e99fd6,ab9279dcad1ca225,True,1,28354,True
agentsight,e58fce112c6e,.artifacts,11c8c6e95f5e3352,eab414ef174a9c4a,True,75,72021508,True
agentsight,e58fce112c6e,agent-session,d35d007a32f42bfc,986f80339230302f,True,3,294540,False
agentsight,e58fce112c6e,collector,0b01e143a41e7fd7,eaf3fbaa8d92f2a2,True,2,128957,True
agentsight,e58fce112c6e,agent-session,986f80339230302f,e2f3bfbb72a5dc87,True,2,77571,True
agentsight,e58fce112c6e,collector,f9faf23abd3f9439,9aabe86b03bf7aa0,True,3,77298,True
agentsight,e58fce112c6e,agent-session,191ee98ce06adca2,50078761200de84b,True,6,21958,True
agentsight,e58fce112c6e,collector,dc839f2d1b073068,f02644ba33fc7190,True,2,28185,True
agentsight,e58fce112c6e,agent-session,1d5efbb5e5aed065,29f9404f3abcf096,True,1,13975,True
agentsight,e58fce112c6e,.artifacts,eab414ef174a9c4a,3bce957aa21f8566,True,16,124369,True
agentsight,e58fce112c6e,collector,29f9404f3abcf096,c9b464392b832b34,True,2,28798,True
agentsight,e58fce112c6e,agent-session,29f9404f3abcf096,add91e6646487724,True,3,28798,True
agentsight,e58fce112c6e,collector,c9b464392b832b34,399da70e214c384f,True,10,137515,True
agentsight,e58fce112c6e,agent-session,15eb0c79ffa75da6,cd953cfd8f41b6c5,True,5,98222,True
agentsight,e58fce112c6e,collector,8156467cec45e789,f743d458879b50e3,True,4,89658,True
agentsight,e58fce112c6e,.artifacts,b5458d688419942c,94ceb9dca53c999f,True,21,309577,True
agentsight,e58fce112c6e,collector,f743d458879b50e3,019e67508f9e9d07,True,3,221871,True
agentsight,e58fce112c6e,agent-session,bf4122e2f93504bc,aca682b880fe57ab,True,6,258010,True
agentsight,e58fce112c6e,collector,aba2d9ee44243cfd,7f1a20caa125b925,True,5,50085,True
agentsight,e58fce112c6e,agent-session,7f1a20caa125b925,1c85096770723b4b,True,3,12841,True
agentsight,e58fce112c6e,collector,92fcbd0778753abe,701a72d86ad205e7,True,2,6411,True
agentsight,e58fce112c6e,agent-session,ce2ca0553313b101,0b48487bafac2351,True,3,41435,True
agentsight,e58fce112c6e,collector,805354d3605300e5,798f6e56aee4a629,True,3,981,False
agentsight,e58fce112c6e,agent-session,d2d4951cdb407511,a1fbc4d7d854133a,True,1,5193,True
agentsight,e58fce112c6e,collector,798f6e56aee4a629,393ff9472cf8520b,True,1,10685,True
agentsight,e58fce112c6e,agent-session,a1fbc4d7d854133a,a39ed4d85299c38a,True,2,68466,True
agentsight,e58fce112c6e,docs,4540341a89935059,b926917e87fdc3b3,True,367,142412556,False
agentsight,e58fce112c6e,agent-session,6a33cc7a2bd96967,35a3b14c168fedcd,True,1,57535,True
agentsight,e58fce112c6e,collector,a39ed4d85299c38a,35a3b14c168fedcd,True,2,57537,True
agentsight,e58fce112c6e,.artifacts,91d45495563e81ae,4168da81ff36897a,True,29,446690,True
agentsight,e58fce112c6e,collector,612cb28da4dbdcca,0c78f995f0692ab9,True,1,169777,True
agentsight,e58fce112c6e,agent-session,35a3b14c168fedcd,3be97a1623e0224a,True,4,200782,True
agentsight,e58fce112c6e,collector,0c78f995f0692ab9,89c9201061bac0ff,True,1,44,True
agentsight,e58fce112c6e,agent-session,3be97a1623e0224a,1f532a9487adfd71,True,5,43934,True
agentsight,e58fce112c6e,collector,2f71d2e15658b476,36b97a9ddd8d04b4,True,1,36489,True
agentsight,e58fce112c6e,collector,36b97a9ddd8d04b4,53350ce58412b3ca,True,2,31239,False
agentsight,e58fce112c6e,agent-session,a22ee8f97d179119,b5f8f088fd5f4a25,True,1,25874,True
agentsight,e58fce112c6e,collector,53350ce58412b3ca,8b9a01594b70b005,True,1,83689,True
agentsight,e58fce112c6e,agent-session,b5f8f088fd5f4a25,5d2e57145dbd3fa2,True,1,186677,True
agentsight,e58fce112c6e,collector,8b9a01594b70b005,e78593d912aa6df6,True,1,299577,False
agentsight,e58fce112c6e,script,87d099f94c966f7c,48b84096aefed0b7,True,168,36711061,False
agentsight,e58fce112c6e,collector,eeaa3e31c9bdbdfd,c853613f6da8cb79,True,1,10241,True
agentsight,e58fce112c6e,script,48b84096aefed0b7,3e6c1ed7c9b47170,True,1,7363,True
agentsight,e58fce112c6e,collector,c853613f6da8cb79,0409d7aa0ff79077,True,1,30471,True
agentsight,e58fce112c6e,script,3e6c1ed7c9b47170,06c77470a62a1a63,True,5,91455,True
agentsight,e58fce112c6e,collector,7ea276396d948e01,821c4750d2eafede,True,1,37255,False
agentsight,e58fce112c6e,repo-root-files,79631442f32692d2,8a47652df97317d1,True,220,51738155,False
agentsight,e58fce112c6e,docs,b926917e87fdc3b3,4bff9bc1c3470475,True,93,2259442,False
agentsight,e58fce112c6e,repo-root-files,0c8be197e3e4d31b,1cb318d2ddd0e0e1,True,1,12468,True
agentsight,e58fce112c6e,docs,1cb318d2ddd0e0e1,c08c35332f327296,True,2,69498,True
agentsight,e58fce112c6e,collector,7d2475aa21a2c09f,f043fe8d76a2a632,True,7,186681,False
agentsight,e58fce112c6e,script,06c77470a62a1a63,3248bdb735422529,True,12,277939,False
agentsight,e58fce112c6e,collector,16b81c16ce433b18,3f381c4f9a994f14,True,1,32712,True
agentsight,e58fce112c6e,docs,c08c35332f327296,ff704bab702f79ff,True,5,86248,False
agentsight,e58fce112c6e,agent-session,5d2e57145dbd3fa2,026e3aaa1bfaf805,True,87,2012729,False
agentsight,e58fce112c6e,agentpprof,a20451a3da1423b5,026e3aaa1bfaf805,True,861,342315523,False
agentsight,e58fce112c6e,docs,7ce00b3e74b32944,6e94dc218200d4bf,True,1,45408,False
agentsight,e58fce112c6e,collector,6152523ffce652aa,04f81aed5ad245bd,True,5,133129,False
agentsight,e58fce112c6e,docs,6e94dc218200d4bf,90c1f1f8b837ee2c,True,1,1732,False
agentsight,e58fce112c6e,script,3248bdb735422529,64eb60287fba0d66,True,9,156499,False
agentsight,e58fce112c6e,collector,04f81aed5ad245bd,cfbf73712c0fcea8,True,2,64934,True
agentsight,e58fce112c6e,script,64eb60287fba0d66,e8b01142d702472f,True,1,60674,True
agentsight,e58fce112c6e,agent-session,026e3aaa1bfaf805,45970021a0f911d2,True,6,78103,True
agentsight,e58fce112c6e,collector,cfbf73712c0fcea8,ea8ea07db4e8afb3,True,2,10673,True
agentsight,e58fce112c6e,script,e8b01142d702472f,f83bae6742ebe467,True,9,91854,False
agentsight,e58fce112c6e,collector,87f1bd7d5e6ef81f,b19c4c8246eadaf3,True,1,1258941,False
agentsight,e58fce112c6e,script,f83bae6742ebe467,bf5d5fae2307f7aa,True,7,1314662,False
agentsight,e58fce112c6e,.github,5ed6e95d5d432646,27ff8d40d7134118,True,450,82958146,False
agentsight,e58fce112c6e,collector,0711dddfd0565aca,cd9d80427171fe87,True,2,230341,False
agentsight,e58fce112c6e,docs,90c1f1f8b837ee2c,b39cb77bb5f8c2f7,True,56,2308374,False
agentsight,e58fce112c6e,repo-root-files,cc9058212635be2d,b39cb77bb5f8c2f7,True,69,2545614,False
agentsight,e58fce112c6e,collector,030f7caa2b9ed320,83dd541b482e1ba3,True,1,25751,True
agentsight,e58fce112c6e,docs,b39cb77bb5f8c2f7,dc2ae47d7c35f11a,True,3,110570,True
agentsight,e58fce112c6e,collector,f8e482e20fff9b31,92af6f914e0b49ec,True,1,69469,True
agentsight,e58fce112c6e,repo-root-files,b39cb77bb5f8c2f7,9a417ae2ebed3ec4,True,20,636378,True
agentsight,e58fce112c6e,collector,2098ffc40db9ee0a,90b9af159dfb408d,True,1,4574,True
agentsight,e58fce112c6e,agent-session,45970021a0f911d2,120079d61f379ec3,True,89,9755463,False
agentsight,e58fce112c6e,collector,42da34119e116113,ec17405fd1c0b189,True,5,147158,True
agentsight,e58fce112c6e,agent-session,7931dca6da002212,9ddd3787a6898136,True,4,125327,True
agentsight,e58fce112c6e,collector,ce8fcf738e02429f,2f67667621e2b494,True,1,41759,True
agentsight,e58fce112c6e,agent-session,9ddd3787a6898136,22c6fe9de7d3300e,True,2,146947,True
agentsight,e58fce112c6e,collector,c1debb79c63938c4,cbab26d5bf708398,True,1,113019,True
agentsight,e58fce112c6e,agent-session,22c6fe9de7d3300e,d95909c5b92dc241,True,1,8142,True
agentsight,e58fce112c6e,collector,cbab26d5bf708398,1b8544cb2ee9be46,True,3,8215,True
agentsight,e58fce112c6e,agent-session,7faab778b2b1c9e2,0c7cb29ca932a809,True,1,6360,True
agentsight,e58fce112c6e,collector,1b8544cb2ee9be46,8d91a120c65d9d0f,True,1,6315,True
agentsight,e58fce112c6e,agent-session,0c7cb29ca932a809,c8a6bfa47683ae6e,True,3,30584,False
agentsight,e58fce112c6e,collector,f02c2cc58379bd55,ed88e4f350f7c4ce,True,2,291856,True
agentsight,e58fce112c6e,agent-session,e258fb5f7b0b145d,a1d3cf47f5a68b40,True,10,241424,True
agentsight,e58fce112c6e,collector,e7da93fabf4a0284,3b8b375b85c440e6,True,1,16952,True
agentsight,e58fce112c6e,agent-session,a1d3cf47f5a68b40,fc226d3abfd765a7,True,1,6250,True
agentsight,e58fce112c6e,collector,3b8b375b85c440e6,2d6c1d5b1332548a,True,1,47,True
agentsight,e58fce112c6e,agent-session,fc226d3abfd765a7,dcc143dcdc940791,True,1,39784,True
agentsight,e58fce112c6e,collector,dcc143dcdc940791,60887fb5aaccfc56,True,1,17416,True
agentsight,e58fce112c6e,agent-session,ef62b4970a231a1a,5787a452dd92fbc6,True,2,38976,True
agentsight,e58fce112c6e,collector,be12834fca4a1767,7a6dc8a1bfe1b57b,True,1,34913,True
agentsight,e58fce112c6e,agent-session,5787a452dd92fbc6,21e66c5bd9af0bc5,True,13,238211,True
agentsight,e58fce112c6e,collector,2e4c25b261ed543c,2ec0bc57029e5407,True,4,145949,True
agentsight,e58fce112c6e,agent-session,7f3ed07fe0aab9da,f78163cba7e4b282,True,1,10055,True
agentsight,e58fce112c6e,collector,2ec0bc57029e5407,6614cbb0194e8808,True,4,19967,True
agentsight,e58fce112c6e,docs,dc2ae47d7c35f11a,3eee62097d508e08,True,101,8688334,False
agentsight,e58fce112c6e,repo-root-files,9a417ae2ebed3ec4,3eee62097d508e08,True,84,8162526,False
agentsight,e58fce112c6e,agent-session,8f21ae611dc2ad98,3908442869f13784,True,5,20777,True
agentsight,e58fce112c6e,collector,3eee62097d508e08,a67c5da2033ec64a,True,1,6,True
agentsight,e58fce112c6e,agent-session,3908442869f13784,18afaea196df09e6,True,3,26531,True
agentsight,e58fce112c6e,collector,8d19d74bb62c359e,2d1fd76cd728625f,True,1,45923,True
agentsight,e58fce112c6e,docs,3eee62097d508e08,f29e5e8c3b1fa54c,True,6,143125,True
agentsight,e58fce112c6e,repo-root-files,3eee62097d508e08,f29e5e8c3b1fa54c,True,6,143125,True
agentsight,e58fce112c6e,collector,bbd220258e7cc8f8,f78a6b4635fd1060,True,2,109539,True
agentsight,e58fce112c6e,repo-root-files,bbd220258e7cc8f8,f78a6b4635fd1060,True,2,109539,True
agentsight,e58fce112c6e,agent-session,18afaea196df09e6,1faf9c9951ea7a89,True,6,294217,False
agentsight,e58fce112c6e,collector,f78a6b4635fd1060,7a3e5ab2bb2a9dd0,True,1,102657,False
agentsight,e58fce112c6e,collector,7a3e5ab2bb2a9dd0,ec44f7581a6e19f0,True,2,70260,False
agentsight,e58fce112c6e,agent-session,ea18fd2d53ca9b0a,a20c2f2c424a8e85,True,1,10046,True
agentsight,e58fce112c6e,collector,ec44f7581a6e19f0,06924712ff08d173,True,1,10046,True
agentsight,e58fce112c6e,agent-session,a20c2f2c424a8e85,ef6716f259a809a6,True,1,13532,True
agentsight,e58fce112c6e,collector,06924712ff08d173,f6ddd2c2e0c624ee,True,1,18835,True
agentsight,e58fce112c6e,agent-session,ef6716f259a809a6,36323901fd95b414,True,2,33068,True
agentsight,e58fce112c6e,collector,1f5e6d391ab585a4,2c23e75de4031a87,True,4,48723,False
agentsight,e58fce112c6e,agent-session,4b147cebb8b0482d,e080613e94f046ab,True,4,38735,True
agentsight,e58fce112c6e,collector,93f91feb946145c5,dd5c25be13f74bc1,True,2,89850,True
agentsight,e58fce112c6e,agent-session,fa195be09c48c817,1af186d11a0c86ce,True,1,3,True
agentsight,e58fce112c6e,agent-session,1af186d11a0c86ce,61a1bc351245c160,True,2,35821,True
agentsight,e58fce112c6e,collector,61a1bc351245c160,7fb42f5d608e7aee,True,1,34765,False
agentsight,e58fce112c6e,agent-session,4fef9b03036243bb,d0359fc544ab8915,True,1,57234,True
agentsight,e58fce112c6e,repo-root-files,f78a6b4635fd1060,7f76459e86e5cd8c,True,28,516251,True
agentsight,e58fce112c6e,collector,7fb42f5d608e7aee,c1bdf1f8690a3adc,True,3,133735,True
agentsight,e58fce112c6e,agent-session,d0359fc544ab8915,0efcdb6a4b5d2842,True,3,158601,False
agentsight,e58fce112c6e,collector,c1bdf1f8690a3adc,3736b3ab086c8420,True,1,131538,False
agentsight,e58fce112c6e,agent-session,0efcdb6a4b5d2842,da4b24f10c2d17e9,True,1,111397,True
agentsight,e58fce112c6e,collector,3736b3ab086c8420,7bc18774ec14a7ac,True,1,186665,True
agentsight,e58fce112c6e,agent-session,da4b24f10c2d17e9,c08e1846de911e03,True,4,352797,False
agentsight,e58fce112c6e,collector,c4531714307cc64f,7c0ebfbb12c9ef94,True,1,32,True
agentsight,e58fce112c6e,agent-session,c08e1846de911e03,1d13a583af0e30fc,True,2,35503,False
agentsight,e58fce112c6e,collector,a48cfe7dce1a57db,d9b7a961c144dab1,True,1,68255,False
agentsight,e58fce112c6e,docs,f78a6b4635fd1060,fcb4c25a0d4221f0,True,69,2064374,True
agentsight,e58fce112c6e,repo-root-files,0b294c16eacca67c,fcb4c25a0d4221f0,True,39,1508544,True
agentsight,e58fce112c6e,collector,7ca0fc69fe51790a,029531b55c4f9dc7,True,1,2589,False
agentsight,e58fce112c6e,repo-root-files,fcb4c25a0d4221f0,bb150b50d71de7c2,True,3,10047,True
agentsight,e58fce112c6e,docs,fcb4c25a0d4221f0,4fdccd10f5938415,True,4,10050,True
agentsight,e58fce112c6e,repo-root-files,bb150b50d71de7c2,d98ea70968e896e2,True,1,341448,True
agentsight,e58fce112c6e,docs,4fdccd10f5938415,b457d0c9c6e3ea4d,True,1,341446,True
agentsight,e58fce112c6e,repo-root-files,d98ea70968e896e2,d65e66b2af92eb24,True,1,9981,True
agentsight,e58fce112c6e,docs,b457d0c9c6e3ea4d,c638d1995dd231c6,True,1,39856,True
agentsight,e58fce112c6e,.github,27ff8d40d7134118,994171f11d38fc41,True,235,12883428,False
agentsight,e58fce112c6e,.github,994171f11d38fc41,089b0b9bea39bd74,True,3,91157,True
agentsight,e58fce112c6e,.github,089b0b9bea39bd74,43535e2c1ed9234f,True,4,108623,True
agentsight,e58fce112c6e,package,5a6e1546fde2af9a,1b9e45a852ee38d0,True,1,10981,True
agentsight,e58fce112c6e,.github,43535e2c1ed9234f,495a400e41916ac8,True,4,211951,True
agentsight,e58fce112c6e,package,e928e3ed9c019313,e7c04c409059386b,True,1,7251,True
agentsight,e58fce112c6e,.github,e7c04c409059386b,2248718ddcfdbcd7,True,1,84951,False
agentsight,e58fce112c6e,package,3445825bfc945d84,5f4cbe414751ef39,True,2,73403,True
agentsight,e58fce112c6e,.github,92a483355f13d176,b0ccb5112d8bb577,True,7,49255,True
agentsight,e58fce112c6e,.github,b0ccb5112d8bb577,5cda45215ec0f05c,True,4,153178,True
agentsight,e58fce112c6e,package,25a6b0aaaba9701e,4863bacc33d9523a,True,3,181553,False
agentsight,e58fce112c6e,collector,f674fd7da5c774a0,89362b6fc0154615,True,50,2239224,True
agentsight,e58fce112c6e,.github,afef186cfcacf6ac,038f98f89ef61b70,True,50,1213069,True
agentsight,e58fce112c6e,collector,1e5d87de6b58fd1f,6fd72a4322e134a3,True,1,35040,True
agentsight,e58fce112c6e,script,bf5d5fae2307f7aa,56843a8a29c9d5dd,True,325,14945002,False
agentsight,e58fce112c6e,collector,7bcc190bcc39f64c,690d860f43e295c2,True,2,118434,True
agentsight,e58fce112c6e,script,6e8a82361376b9fa,981ba4ee42b4dddd,True,7,95231,True
agentsight,e58fce112c6e,collector,35ad29ed0d8a8b8f,d2674b81e1bf0554,True,1,7797,True
agentsight,e58fce112c6e,agent-session,1d13a583af0e30fc,e07b55fed20d1c64,True,143,4035452,False
agentsight,e58fce112c6e,collector,c06b52333da86a76,8cc12088122b5c06,True,2,34480,True
agentsight,e58fce112c6e,script,981ba4ee42b4dddd,88ecc1bee884f415,True,7,73100,False
agentsight,e58fce112c6e,package,8aa571a1c3f037c2,72a4b9fb18095bef,True,67,1466743,False
agentsight,e58fce112c6e,.github,038f98f89ef61b70,ef6308a11a95c42b,True,24,320301,True
agentsight,e58fce112c6e,docs,d416e120df22ea90,ef6308a11a95c42b,True,112,2709171,True
agentsight,e58fce112c6e,package,b95e70c8805fc231,9ae379c3a5e357ad,True,1,17786,True
agentsight,e58fce112c6e,repo-root-files,c638d1995dd231c6,78e0d8a8a33919a8,True,115,2874954,True
agentsight,e58fce112c6e,script,88ecc1bee884f415,efaa7919e5a1e0b7,True,5,149028,False
agentsight,e58fce112c6e,.github,ef6308a11a95c42b,eb0d055a8d272876,True,3,62888,True
agentsight,e58fce112c6e,docs,ef6308a11a95c42b,eb0d055a8d272876,True,3,62888,True
agentsight,e58fce112c6e,package,9ae379c3a5e357ad,9645b8ea26f1539b,True,4,61882,True
agentsight,e58fce112c6e,repo-root-files,78e0d8a8a33919a8,9645b8ea26f1539b,True,3,48644,True
agentsight,e58fce112c6e,script,eb0d055a8d272876,9645b8ea26f1539b,True,1,16780,True
agentsight,e58fce112c6e,.github,42fc29202bbf4c4d,c5da667ed54aaea1,True,2,17708,True
agentsight,e58fce112c6e,docs,eb0d055a8d272876,716a071ca8f7d884,True,5,49128,True
agentsight,e58fce112c6e,.github,1d1c8b6f3d805fd7,ddf16529c4a2813f,True,2,19792,True
agentsight,e58fce112c6e,package,499929297b746788,f53de77f6ef82ba4,True,5,73732,True
agentsight,e58fce112c6e,repo-root-files,9645b8ea26f1539b,838d209193c0cc73,True,8,173209,True
agentsight,e58fce112c6e,package,2f8e6d302b0423ba,7c19bf946f954da8,True,2,165313,True
agentsight,e58fce112c6e,script,499929297b746788,5bf6b6832141aad3,True,12,292104,True
agentsight,e58fce112c6e,.github,ddf16529c4a2813f,ff1f18a98a332caa,True,9,258133,True
agentsight,e58fce112c6e,package,143586ece81828d8,39215efcf6f6d9c2,True,4,8691,True
agentsight,e58fce112c6e,docs,6dcbace068d8902d,17f7922f7f410f1b,True,14,272114,True
agentsight,e58fce112c6e,frontend,fabc7d8d85d5796e,fdb0d3ae59334854,True,2238,1917890218,False
agentsight,e58fce112c6e,package,c98dd3d8ce875202,9070ffae49298f93,True,3,66891,True
agentsight,e58fce112c6e,.github,b123e8f9d7ad7b17,799250662fb7878d,True,6,180995,True
agentsight,e58fce112c6e,collector,ef5db04ab4c72666,423a4671cefff20f,True,34,786362,False
agentsight,e58fce112c6e,.artifacts,4168da81ff36897a,042d07d814aa5179,True,516,19930678,True
agentsight,e58fce112c6e,collector,245c5405e355c2bf,476daba8f90d3769,True,2,61500,True
agentsight,e58fce112c6e,package,9070ffae49298f93,d6eefb2982fd27da,True,25,805969,True
agentsight,e58fce112c6e,.github,799250662fb7878d,b947a2d60cdecf68,True,25,691913,True
agentsight,e58fce112c6e,package,d6eefb2982fd27da,ed9d23d694553a2d,True,1,2,True
agentsight,e58fce112c6e,script,5c2b6513940651ee,ed9d23d694553a2d,True,35,881554,True
agentsight,e58fce112c6e,.github,b947a2d60cdecf68,e5cf93a8305e435a,True,1,12199,True
agentsight,e58fce112c6e,package,ed9d23d694553a2d,9dedf6d648f0e14c,True,1,12197,True
agentsight,e58fce112c6e,.github,e5cf93a8305e435a,7d75bc65fc05abbc,True,1,31052,True
agentsight,e58fce112c6e,script,ed9d23d694553a2d,7d75bc65fc05abbc,True,2,43249,True
agentsight,e58fce112c6e,frontend,cd31997abea23140,fdc65d6b74e2f881,True,34,915806,True
agentsight,e58fce112c6e,docs,17f7922f7f410f1b,7b5d1e82d5908754,True,37,974218,True
agentsight,e58fce112c6e,package,c995355a95120f9b,7b5d1e82d5908754,True,1,28069,True
agentsight,e58fce112c6e,docs,528a2e2e45383654,b176dd42b59c7649,True,1,85875,True
agentsight,e58fce112c6e,.github,7d75bc65fc05abbc,9bb3a9afbfcea77e,True,8,236374,True
agentsight,e58fce112c6e,package,9913d90c74b7bef6,095748a6dd39cf8a,True,1,1,True
agentsight,e58fce112c6e,script,7d75bc65fc05abbc,095748a6dd39cf8a,True,9,236375,True
agentsight,e58fce112c6e,frontend,fdc65d6b74e2f881,26d6b6859e7714a8,True,8,254627,True
agentsight,e58fce112c6e,package,92a6644a7b9de13f,f8902635aa514888,True,2,28222,True
agentsight,e58fce112c6e,repo-root-files,ffb2ff933516d289,f8902635aa514888,True,57,1351649,True
agentsight,e58fce112c6e,collector,ed4a73a4b75eac4a,73ea5be39b742a09,True,21,34729733,False
agentsight,e58fce112c6e,.github,9bb3a9afbfcea77e,306e9d1076326e26,True,7,34308819,False
agentsight,e58fce112c6e,package,f8902635aa514888,dd6ab6c5bce86032,True,3,34482368,True
agentsight,e58fce112c6e,script,095748a6dd39cf8a,e3a9a07292827b7f,True,21,34701175,False
agentsight,e58fce112c6e,package,542f0a1d398732e8,e30dc2d47221c557,True,2,15034,False
agentsight,e58fce112c6e,.github,306e9d1076326e26,e81b89a779d99909,True,30,886074,False
agentsight,e58fce112c6e,script,765d81dd054b0488,146acb416b8628fe,True,15,5496041,False
agentsight,e58fce112c6e,.github,e81b89a779d99909,30139deeb287f2d1,True,3,5002826,True
agentsight,e58fce112c6e,script,535ec0a0c532d3e7,d91996a7994034ab,True,1,9185,True
agentsight,e58fce112c6e,collector,73ea5be39b742a09,52eed3f6c2dc5cff,True,37,6081883,False
agentsight,e58fce112c6e,agent-session,e3b4af897158797e,cf80e3c0ded546cc,True,120,41893978,True
agentsight,e58fce112c6e,script,d91996a7994034ab,49f2c2d4bb739d31,True,28,1001288,True
agentsight,e58fce112c6e,collector,ac3a7347402ff7c3,b7842bdd0099be7c,True,2,668942,True
agentsight,e58fce112c6e,vis-gallery,f1611378b6d7ba05,19b14186e4412757,True,79,34776923,True
agentsight,e58fce112c6e,collector,a401abf052e87abf,286c85e703ebac05,True,2,144799,True
agentsight,e58fce112c6e,vis-gallery,972d99ccfc6963c6,69698219285dfff9,True,1,26094,True
agentsight,e58fce112c6e,collector,286c85e703ebac05,d789c470e1320ff5,True,14,804828,True
agentsight,e58fce112c6e,docs,b176dd42b59c7649,a7f879245b6a4ab7,True,126,42925628,False
agentsight,e58fce112c6e,collector,46c0693ebd694453,7d5f19b4f01de609,True,1,87471,False
agentsight,e58fce112c6e,docs,a7f879245b6a4ab7,dca6c13a4e2a948d,True,2,70012,False
agentsight,e58fce112c6e,collector,26f1989212d49d14,7353816be399e740,True,5,151403,True
agentsight,e58fce112c6e,docs,62a16ef1208b01aa,e80230be841638f1,True,6,94556,True
agentsight,e58fce112c6e,collector,8fe230adb696e3e1,d1e569eec50c1f37,True,2,4971,False
agentsight,e58fce112c6e,docs,9e5f65c20a605679,b7dfe80cdc796438,True,2,73029,True
agentsight,e58fce112c6e,collector,aa6c9768ea3c06c3,6c18bd3f7ea4944d,True,3,7812742,True
agentsight,e58fce112c6e,agent-session,cf80e3c0ded546cc,f9e74b9af69ab78b,True,103,10661837,True
agentsight,e58fce112c6e,collector,793d46c5e46d8003,1861bb2f171c916d,True,1,3531,True
agentsight,e58fce112c6e,docs,f0724563a88a74df,36c55f6d1f8ebd93,True,6,68218,True
agentsight,e58fce112c6e,collector,1861bb2f171c916d,c8f5964e8dec9c2b,True,4,202462,True
agentsight,e58fce112c6e,docs,9d828d89b3689257,8af1af3ac212fad8,True,1,112973,True
agentsight,e58fce112c6e,repo-root-files,f8902635aa514888,8af1af3ac212fad8,True,151,51016191,False
agentsight,e58fce112c6e,collector,c8f5964e8dec9c2b,af0dda4344e5ae34,True,1,11719,True
agentsight,e58fce112c6e,script,ddcae5b438494873,ce1950f2b7eb9023,True,85,9709713,True
agentsight,e58fce112c6e,collector,4219bd64f2e7c85e,e6fca1edec19c449,True,2,137391,True
agentsight,e58fce112c6e,docs,8af1af3ac212fad8,aee832fa151d5e63,True,11,2094798,False
agentsight,e58fce112c6e,repo-root-files,8af1af3ac212fad8,aee832fa151d5e63,True,11,2094798,False
agentsight,e58fce112c6e,script,c7e72f7f2637c80b,cf647cf20ff4e2ad,True,8,1975725,True
agentsight,e58fce112c6e,docs,aee832fa151d5e63,cdcf457372d7afe1,True,1,83841,True
agentsight,e58fce112c6e,script,cdcf457372d7afe1,d8b8bb442af4b275,True,6,197189,True
agentsight,e58fce112c6e,docs,cdcf457372d7afe1,da698a65aad65fc4,True,7,213423,True
agentsight,e58fce112c6e,repo-root-files,aee832fa151d5e63,da698a65aad65fc4,True,9,297264,True
agentsight,e58fce112c6e,collector,e831b83959746d60,54d483f5c02a3862,True,2,267247,True
agentsight,e58fce112c6e,script,d8b8bb442af4b275,54d483f5c02a3862,True,1,258405,True
agentsight,e58fce112c6e,docs,da698a65aad65fc4,d0b2cbd573c33aab,True,1,272261,True
agentsight,e58fce112c6e,repo-root-files,da698a65aad65fc4,d0b2cbd573c33aab,True,1,272261,True
agentsight,e58fce112c6e,collector,54d483f5c02a3862,eb71ebd7cd93127d,True,1,43229,True
agentsight,e58fce112c6e,repo-root-files,d0b2cbd573c33aab,3e22571d6b2bfab4,True,3,100692,True
agentsight,e58fce112c6e,collector,8ffd1cca40055786,15162d3e01e26eb7,True,1,98624,True
agentsight,e58fce112c6e,docs,d0b2cbd573c33aab,2c2b0c17ff725f0d,True,5,162407,True
agentsight,e58fce112c6e,skills,0339ce578a65553c,6bccfc2416dfaf99,True,821,109151998,True
agentsight,e58fce112c6e,.artifacts,1a80d19ce742de2e,36aac4e53b35ec1f,True,213,54734139,True
agentsight,e58fce112c6e,script,54d483f5c02a3862,385857ac55771177,True,12,433376,True
agentsight,e58fce112c6e,bpf,72c865e9e5a092d1,0d74761bbbba5257,True,943,149398355,True
agentsight,e58fce112c6e,.artifacts,7ac025870e59fd99,98b48c5951d4abe3,True,4,494864,True
agentsight,e58fce112c6e,script,0d74761bbbba5257,ef26d65de538f145,True,3,361023,True
agentsight,e58fce112c6e,collector,59a86bc9d269ae00,e2d4aeab63c8acc3,True,11,742306,True
agentsight,e58fce112c6e,.artifacts,98b48c5951d4abe3,9632de25372e62bb,True,3,157117,True
agentsight,e58fce112c6e,collector,e2d4aeab63c8acc3,8b53cd4edd32245f,True,1,48690,True
agentsight,e58fce112c6e,.artifacts,9632de25372e62bb,77c44de0dd2092d8,True,7,205776,True
agentsight,e58fce112c6e,collector,08aaa0ae4e3747e1,58b6278b02068749,True,1,152327,True
agentsight,e58fce112c6e,.artifacts,77c44de0dd2092d8,6a9792eea1f359da,True,3,193507,True
agentsight,e58fce112c6e,agent-session,1861bb2f171c916d,6df4e45f0e158001,True,63,4237432,True
agentsight,e58fce112c6e,collector,9bbba5ec6c91c52e,95eeb0d7507e7192,True,4,128809,True
agentsight,e58fce112c6e,agent-session,2ea5aaf1694e6749,5c0d956edee71217,True,1,37583,True
agentsight,e58fce112c6e,.artifacts,eb41e5ba2473639e,97da0695658f51a5,True,4,86706,True
agentsight,e58fce112c6e,collector,95eeb0d7507e7192,79385ecf2a60591d,True,2,59824,True
agentsight,e58fce112c6e,bpf,0d02e0efc89496d9,d57be035e5d9d9c0,True,24,835470,True
agentsight,e58fce112c6e,script,e38dd1e2696e9db6,43c0fe2652a38aea,True,22,854292,True
agentsight,e58fce112c6e,collector,79385ecf2a60591d,6f63fba75feebc70,True,3,546609,True
agentsight,e58fce112c6e,repo-root-files,3e22571d6b2bfab4,6f63fba75feebc70,True,38,1894611,True
agentsight,e58fce112c6e,bpf,5562006aa092f3b7,8b17dfb921ebf3cd,True,1,198681,True
agentsight,e58fce112c6e,agent-session,5c0d956edee71217,00279c75c58698b5,True,8,701096,True
agentsight,e58fce112c6e,collector,5169666edc58a1fb,dc2cd94585c9180f,True,2,99760,True
agentsight,e58fce112c6e,agent-session,ed9eb898b500de0b,2a1f5f6ae5059532,True,1,50158,True
agentsight,e58fce112c6e,bpf,8b17dfb921ebf3cd,25de99ff91e31676,True,11,340880,True
agentsight,e58fce112c6e,skills,6bccfc2416dfaf99,c0f7ba86a36ec05b,True,48,2209441,True
agentsight,e58fce112c6e,.artifacts,97da0695658f51a5,4bcfed9a77942120,True,19,1280257,True
agentsight,e58fce112c6e,bpf,25de99ff91e31676,7bc884638259057f,True,7,803544,True
agentsight,e58fce112c6e,collector,d4acdaa1d4fffbd2,c3df6dbe591b5cb8,True,9,863596,True
agentsight,e58fce112c6e,script,43c0fe2652a38aea,69ac1b86a2b0a32a,True,24,1761923,True
agentsight,e58fce112c6e,collector,c3df6dbe591b5cb8,7524e0dd6722170f,True,2,399303,True
agentsight,e58fce112c6e,bpf,7bc884638259057f,3bfa9ae81da05936,True,5,705637,True
agentsight,e58fce112c6e,collector,856cab2d5a7cb7d4,e76e0a64bb113876,True,1,288817,True
agentsight,e58fce112c6e,script,0c0514bd4853ec12,e76e0a64bb113876,True,3,373468,True
agentsight,e58fce112c6e,bpf,3bfa9ae81da05936,026a7a5f522210df,True,1,7470412,True
agentsight,e58fce112c6e,collector,e76e0a64bb113876,597174b2412d819e,True,1,7507917,True
agentsight,e58fce112c6e,.artifacts,89841e2e98e58eb9,98e3ff3a4d3d70ca,True,10,8421371,True
agentsight,e58fce112c6e,bpf,026a7a5f522210df,63713b7680efc1e0,True,2,189373,True
agentsight,e58fce112c6e,repo-root-files,6f63fba75feebc70,63713b7680efc1e0,True,31,9552498,True
agentsight,e58fce112c6e,collector,597174b2412d819e,09eec736fb6427ba,True,2,198356,True
agentsight,e58fce112c6e,agent-session,34ea68b0c3a5068b,19592374c5263fa4,True,24,9364138,True
agentsight,e58fce112c6e,.github,30139deeb287f2d1,55acd5f2c55d2b29,True,215,25189458,True
agentsight,e58fce112c6e,script,e76e0a64bb113876,55acd5f2c55d2b29,True,6,7734712,True
agentsight,e58fce112c6e,collector,19592374c5263fa4,faf8e6b7b9af45d6,True,4,1477475,True
agentsight,e58fce112c6e,script,10b5713fa546cb1b,2edb823b634154e6,True,6,1473500,True
agentsight,e58fce112c6e,collector,2edb823b634154e6,a1ecc1dbd14ae59d,True,2,219262,False
agentsight,e58fce112c6e,script,ae3e66e54684ca42,24190d1c1b650a32,True,1,138525,True
agentsight,e58fce112c6e,agent-session,19592374c5263fa4,033918844f115bbc,True,15,1951927,True
agentsight,e58fce112c6e,bpf,63713b7680efc1e0,15b15d1ea569ba36,True,19,2102428,False
agentsight,e58fce112c6e,collector,fd2863729b1015ef,0d2301df73a0a778,True,1,51973,True
agentsight,e58fce112c6e,bpf,15b15d1ea569ba36,edd2e64e6e67d658,True,1,45633,False
agentsight,e58fce112c6e,collector,0d2301df73a0a778,11a9dc5d5ad325cb,True,1,45146,True
agentsight,e58fce112c6e,.artifacts,98e3ff3a4d3d70ca,3ce05760cbb06ac7,True,25,2200594,False
agentsight,e58fce112c6e,collector,05945d481f71bfc0,44e16ef4046f63ca,True,2,26022,False
agentsight,e58fce112c6e,script,24190d1c1b650a32,56ef3ed12d06274d,True,11,203423,True
agentsight,e58fce112c6e,collector,93d85c4a35054413,a6198055ad6ef942,True,1,10990,False
agentsight,e58fce112c6e,agent-session,033918844f115bbc,7d94b32499ee66f5,True,14,207003,False
agentsight,e58fce112c6e,.github,55acd5f2c55d2b29,fe2540ebea972752,True,30,2149412,True
agentsight,e58fce112c6e,script,56ef3ed12d06274d,fe2540ebea972752,True,4,43376,True
agentsight,e58fce112c6e,collector,a0565c941191873c,46ce2137a230ca0e,True,2,35103,False
agentsight,e58fce112c6e,bpf,edd2e64e6e67d658,41dc864c278bdc80,True,13,200478,True
agentsight,e58fce112c6e,collector,46ce2137a230ca0e,3cc250f0894c7906,True,2,174497,False
agentsight,e58fce112c6e,agent-session,7d94b32499ee66f5,72ed2025ad6a8fd2,True,6,220009,False
agentsight,e58fce112c6e,collector,4c5cd96e84904295,380fe2e73b1d151d,True,1,25905,True
agentsight,e58fce112c6e,script,fe2540ebea972752,66eb774f9d363636,True,12,370825,False
agentsight,e58fce112c6e,.github,fe2540ebea972752,3235dee3257ea279,True,13,404853,False
agentsight,e58fce112c6e,collector,ef5933b2cec10e26,be3d5e92523a5300,True,2,133109,True
agentsight,e58fce112c6e,script,66eb774f9d363636,eac7699e4d41956b,True,10,393088,False
agentsight,e58fce112c6e,.github,3235dee3257ea279,9eb1bc4d0eac4b78,True,12,391279,False
agentsight,e58fce112c6e,.artifacts,3d6e795c67cdb7d6,6d877d93abc676a3,True,35,947701,False
agentsight,e58fce112c6e,collector,984cf280ea69082a,7d71c7f61b08a231,True,5,180069,True
agentsight,e58fce112c6e,skills,c0f7ba86a36ec05b,a30bba20b072011e,True,81,12360776,True
agentsight,e58fce112c6e,collector,7d71c7f61b08a231,d6e068a36b102217,True,1,97635,True
agentsight,e58fce112c6e,script,9eb1bc4d0eac4b78,f70315f62692ac6c,True,4,216412,False
agentsight,e58fce112c6e,collector,d6e068a36b102217,e87bbc15af06deef,True,1,44219,False
agentsight,e58fce112c6e,bpf,6d1efe4814dc9509,a38b2e35a0a6bcc0,True,35,1002565,True
agentsight,e58fce112c6e,agent-session,380fe2e73b1d151d,a2ce2e151e8b2019,True,33,916838,True
agentsight,e58fce112c6e,collector,da6c85284afba1f2,a2ce2e151e8b2019,True,2,25977,True
agentsight,e58fce112c6e,bpf,03e87133b058b0df,f19e7e4ad5502f4a,True,2,116194,True
agentsight,e58fce112c6e,collector,7d66a9f0bc8c2e0e,9058e72378915d71,True,1,102470,True
agentsight,e58fce112c6e,bpf,f19e7e4ad5502f4a,d237ecb379058827,True,2,25867,False
agentsight,e58fce112c6e,.github,9eb1bc4d0eac4b78,66c8158556fcc0e9,True,20,483351,True
agentsight,e58fce112c6e,script,f70315f62692ac6c,7053e43678dddd94,True,16,272077,False
agentsight,e58fce112c6e,agent-session,a2ce2e151e8b2019,8c7dc0d84dc2cd96,True,8,184267,False
agentsight,e58fce112c6e,collector,89c0bd95cdcb7d6a,ca0a716623abd5df,True,7,134462,True
agentsight,e58fce112c6e,agent-session,54d66320d48f1653,67433c0650154364,True,1,24650,True
agentsight,e58fce112c6e,collector,ca0a716623abd5df,0a652f521791e8a5,True,1,31204,True
agentsight,e58fce112c6e,script,7053e43678dddd94,5ab58a037c69ba7c,True,7,183645,True
agentsight,e58fce112c6e,script,5ab58a037c69ba7c,f4f462209d183e99,True,1,40382,False
agentsight,e58fce112c6e,bpf,d903f7dacbf75fdb,809ceed43bb3f1b5,True,12,296848,True
agentsight,e58fce112c6e,collector,6fd948bced6fd4e3,809ceed43bb3f1b5,True,1,98851,True
agentsight,e58fce112c6e,agent-session,67433c0650154364,c6ae0a09697bf3c5,True,6,294290,False
agentsight,e58fce112c6e,script,f4f462209d183e99,a3561e0dd342844d,True,2,206091,False
agentsight,e58fce112c6e,agent-session,c6ae0a09697bf3c5,73a6b32d47490512,True,1,43047,True
agentsight,e58fce112c6e,collector,c6ae0a09697bf3c5,73a6b32d47490512,True,1,43047,True
agentsight,e58fce112c6e,.artifacts,6d877d93abc676a3,e2e41ead34190a3a,True,39,1003123,True
agentsight,e58fce112c6e,agent-session,0eac2736c9f8a3f7,a23fb90856743e6e,True,5,306709,True
agentsight,e58fce112c6e,collector,6008da4b55e5a8e2,a23fb90856743e6e,True,2,251981,True
agentsight,e58fce112c6e,script,a3561e0dd342844d,a23fb90856743e6e,True,7,325998,True
agentsight,e58fce112c6e,agent-session,a23fb90856743e6e,421b0d4a91bf2a07,True,3,399441,False
agentsight,e58fce112c6e,script,1f572786f1edbf09,aa47ea525530ae5e,True,5,260492,True
agentsight,e58fce112c6e,collector,a23fb90856743e6e,c0b87b515cf1a153,True,10,486678,False
agentsight,e58fce112c6e,script,f9e4111bc9580fd3,44338161ce18925a,True,5,66333,True
agentsight,e58fce112c6e,collector,78b5f4c389260d9e,9c3f95ce5305016a,True,1,50587,True
agentsight,e58fce112c6e,script,44338161ce18925a,288ae8c9c8600a41,True,2,130582,True
agentsight,e58fce112c6e,agent-session,097f9b4e0e1961be,c8f3f5a73295a1bc,True,11,288697,True
agentsight,e58fce112c6e,collector,27ce5afeda72c83f,c8f3f5a73295a1bc,True,1,139613,False
agentsight,e58fce112c6e,.artifacts,34b0138128241ed5,7042f9bb87c4406f,True,21,844981,False
agentsight,e58fce112c6e,.github,7053e43678dddd94,0d6a5b24d527f9e4,True,42,1505135,False
agentsight,e58fce112c6e,bpf,809ceed43bb3f1b5,86357d20a961e177,True,32,1250015,False
agentsight,e58fce112c6e,collector,c8f3f5a73295a1bc,b2f4dd78dd5a8fc5,True,3,156657,False
agentsight,e58fce112c6e,bpf,86357d20a961e177,aae266d1c774391a,True,4,52459548,False
agentsight,e58fce112c6e,script,c8f3f5a73295a1bc,40b9439531f5ce6a,True,8,52587993,True
agentsight,e58fce112c6e,.artifacts,7042f9bb87c4406f,2c13737a6cdd0c10,True,10,52729162,False
agentsight,e58fce112c6e,collector,d7a5f4c99185bc54,355c7c9c21caa7bd,True,5,55282387,False
agentsight,e58fce112c6e,bpf,aae266d1c774391a,d06da2ee63bc34c4,True,5,3025276,True
agentsight,e58fce112c6e,collector,355c7c9c21caa7bd,130026580cde6dc1,True,1,423535,True
agentsight,e58fce112c6e,bpf,d06da2ee63bc34c4,c878842670161abc,True,2,436383,True
agentsight,e58fce112c6e,script,2c13737a6cdd0c10,c0c531a3c732981d,True,12,3834655,True
agentsight,e58fce112c6e,bpf,6adb83c97e9c646c,38ba72fc2ddcf298,True,1,150957,True
agentsight,e58fce112c6e,collector,5605c76e558deb67,173ac35708009385,True,12,1200280,True
agentsight,e58fce112c6e,repo-root-files,63713b7680efc1e0,173ac35708009385,True,152,62172279,True
agentsight,e58fce112c6e,script,c0c531a3c732981d,6522a047a8fb9db9,True,4,751615,True
agentsight,e58fce112c6e,bpf,2b4e201fa507c32f,6b02611f54793b08,True,4,737488,True
agentsight,e58fce112c6e,collector,173ac35708009385,6b02611f54793b08,True,3,478547,True
agentsight,e58fce112c6e,collector,6b02611f54793b08,e6ac02635eef2b8a,True,1,497667,True
agentsight,e58fce112c6e,script,ba3651422806240e,111a67180a476337,True,4,937388,True
agentsight,e58fce112c6e,collector,ecf4e3b93de1ea9d,dfa07c84a6099dd1,True,3,762892,True
agentsight,e58fce112c6e,bpf,4b39bae1033422b1,3de8847f4209ba78,True,7,2137296,True
agentsight,e58fce112c6e,collector,526f87df46d9ade1,c8615aefaa37ab3a,True,5,978459,True
agentsight,e58fce112c6e,bpf,944727664197dcaa,c9344df402340a19,True,1,270112,True
agentsight,e58fce112c6e,collector,c8615aefaa37ab3a,8f7768af9dd31545,True,4,396543,True
agentsight,e58fce112c6e,bpf,1a2cc640aa1a05cf,015e1f46c7923308,True,2,206703,True
agentsight,e58fce112c6e,script,3bc99337535d3792,60da1bff83a07a1c,True,20,2519852,True
agentsight,e58fce112c6e,bpf,015e1f46c7923308,c21d0f5c9b7c2f26,True,6,472103,True
agentsight,e58fce112c6e,collector,7e6ab3f131f810db,d850bf5f3e87e096,True,7,457240,True
agentsight,e58fce112c6e,collector,d850bf5f3e87e096,6114bcb71d3e583d,True,1,347017,True
agentsight,e58fce112c6e,script,60da1bff83a07a1c,18cd2bada15e982a,True,10,800566,True
agentsight,e58fce112c6e,collector,eb742086b62ba1b6,37d8897a2c9a72b4,True,1,206783,True
agentsight,e58fce112c6e,bpf,10cb5615ec3e9ca0,a785476b1a7050e6,True,4,400942,True
agentsight,e58fce112c6e,collector,6161114fbaedf85f,6880db416934b3cc,True,2,207268,True
agentsight,e58fce112c6e,bpf,65964402706f5349,3d093957547541d0,True,1,59361,True
agentsight,e58fce112c6e,collector,6880db416934b3cc,be6d9db7a119702f,True,1,36449,True
agentsight,e58fce112c6e,script,18cd2bada15e982a,e25df918932c4fee,True,10,583018,True
agentsight,e58fce112c6e,collector,0335c663b6ef96f8,e7727fd4ed3d49cb,True,2,51068,True
agentsight,e58fce112c6e,script,0ced480ad9031e8d,d3a3ae8b1f93a5f1,True,1,21227,True
agentsight,e58fce112c6e,collector,e7727fd4ed3d49cb,8530c1431ec5878c,True,1,43709,True
agentsight,e58fce112c6e,agent-session,c8f3f5a73295a1bc,5ae5bdfdd4d2539a,True,86,62714684,True
agentsight,e58fce112c6e,script,d3a3ae8b1f93a5f1,83d2c0dc5e04eda6,True,2,50432,True
agentsight,e58fce112c6e,collector,5ae5bdfdd4d2539a,787881ebff4cb88e,True,1,141004,True
agentsight,e58fce112c6e,docs,59a86bc9d269ae00,787881ebff4cb88e,True,280,79221653,True
agentsight,e58fce112c6e,repo-root-files,173ac35708009385,787881ebff4cb88e,True,59,5673831,True
agentsight,e58fce112c6e,bpf,3d093957547541d0,31427d9225f6e8ce,True,11,538454,True
agentsight,e58fce112c6e,collector,787881ebff4cb88e,6914142730207a9b,True,1,346613,True
agentsight,e58fce112c6e,bpf,6914142730207a9b,96095d041a1ce5d6,True,1,168905,True
agentsight,e58fce112c6e,bpf,1deba75ee41e13a4,f44e49f38be598cf,True,3,152574,True
agentsight,e58fce112c6e,bpf,2bcbb057b8f04c33,2c921270779a9d2a,True,1,388706,True
agentsight,e58fce112c6e,collector,6cc87dcad32e0857,f9d0093ed0d26603,True,1,86531,True
agentsight,e58fce112c6e,repo-root-files,787881ebff4cb88e,88f9a1971c2a2303,True,14,45347254,False
agentsight,e58fce112c6e,workdir:,129e21604ba4e5f6,88f9a1971c2a2303,True,1160,267342502,True
agentsight,e58fce112c6e,collector,f9d0093ed0d26603,f9165cb8f0a65973,True,2,252127712,False
agentsight,e58fce112c6e,docs,787881ebff4cb88e,f9165cb8f0a65973,True,16,253301611,False
agentsight,e58fce112c6e,repo-root-files,5292529cada4fe62,52f6b305d4e8676b,True,2,1203217,True
agentsight,e58fce112c6e,docs,f9165cb8f0a65973,0e8090a126df3e22,True,2,1569158,True
agentsight,e58fce112c6e,skills,a30bba20b072011e,2fa4f13350f9e547,True,169,319496603,False
agentsight,e58fce112c6e,script,83d2c0dc5e04eda6,01491acbc930e61d,True,22,261643101,False
agentsight,e58fce112c6e,agentpprof,026e3aaa1bfaf805,de5e01e603723ea6,True,930,413453878,False
agentsight,e58fce112c6e,docs,0e8090a126df3e22,55a55dc869c2475f,True,3,8039019,False
agentsight,e58fce112c6e,repo-root-files,52f6b305d4e8676b,aba4ad10e2dc0793,True,5,10716537,False
agentsight,e58fce112c6e,frontend,cfd39908025f8977,575bd7ffffc8766f,True,490,405351572,False
agentsight,e58fce112c6e,docs,55a55dc869c2475f,7d76dec9606c0116,True,2,9386575,False
agentsight,e58fce112c6e,.github,0d6a5b24d527f9e4,9faad3dd7414b5d5,True,114,344301618,False
agentsight,e58fce112c6e,.agentsight,9e8eed38213bae2e,d7548e7d2e3a2dff,True,4858,2763614196,False
agentsight,e58fce112c6e,.agentsight,d7548e7d2e3a2dff,85a1e4653fc451a7,False,1,64369630,False
agentsight,e58fce112c6e,.artifacts,2c13737a6cdd0c10,85a1e4653fc451a7,False,108,448396874,False
agentsight,e58fce112c6e,.git,d4e7448d9cd454f3,85a1e4653fc451a7,False,2157,1642397327,False
agentsight,e58fce112c6e,.github,c45215bf467cf233,85a1e4653fc451a7,False,2,154941923,False
agentsight,e58fce112c6e,agent-session,5ae5bdfdd4d2539a,85a1e4653fc451a7,False,33,438424384,False
agentsight,e58fce112c6e,agentflame,c338bbe80bb74308,85a1e4653fc451a7,False,6672,3051660909,False
agentsight,e58fce112c6e,agentpprof,de5e01e603723ea6,85a1e4653fc451a7,False,8,176224334,False
agentsight,e58fce112c6e,agentprof,ef6a3dea7bc932b5,85a1e4653fc451a7,False,2180,1643900555,False
agentsight,e58fce112c6e,bpf,2c921270779a9d2a,85a1e4653fc451a7,False,18,437138245,False
agentsight,e58fce112c6e,collector,7bf00c255f49cea4,85a1e4653fc451a7,False,13,184977324,False
agentsight,e58fce112c6e,docs,7d76dec9606c0116,85a1e4653fc451a7,False,4,165987017,False
agentsight,e58fce112c6e,frontend,575bd7ffffc8766f,85a1e4653fc451a7,False,5,166006234,False
agentsight,e58fce112c6e,package,e836db8685018736,85a1e4653fc451a7,False,462,536304778,False
agentsight,e58fce112c6e,repo-root-files,575bd7ffffc8766f,85a1e4653fc451a7,False,5,166006234,False
agentsight,e58fce112c6e,script,01491acbc930e61d,85a1e4653fc451a7,False,9,176770615,False
agentsight,e58fce112c6e,skills,2fa4f13350f9e547,85a1e4653fc451a7,False,10,183403262,False
agentsight,e58fce112c6e,skills-example,bbbf71fc64fda4dc,85a1e4653fc451a7,False,2327,2243733517,False
agentsight,e58fce112c6e,vis-gallery,5ab08dab211fa854,85a1e4653fc451a7,False,398,529351991,True
agentsight,e58fce112c6e,workdir:,88f9a1971c2a2303,85a1e4653fc451a7,False,16,392936126,False
agentsight,f2407a7d66d5,docs,6dbaeed753696e8a,6dea3156c2fe9999,True,1,4034550,True
agentsight,f2407a7d66d5,agentvis,c38ad9b722151f84,1e4be7b532554b57,True,7,4680380,True
agentsight,f2407a7d66d5,docs,23e3a6acfe09469c,5aaa6349128158d1,True,1,33315,True
agentsight,f2407a7d66d5,agent-session,c38ad9b722151f84,121b78b598ed50e6,True,10,4736195,True
agentsight,f2407a7d66d5,docs,1ecbb0e23ff60428,ef0f86b2007e2051,True,3,230576,True
agentsight,f2407a7d66d5,agentvis,1e4be7b532554b57,e63459fa5da5999a,True,53,10420645,True
agentsight,f2407a7d66d5,docs,7d3e8060fef35f3b,ff6ef9d555330c5b,True,2,1974933,True
agentsight,f2407a7d66d5,agentvis,50dba054c7b3a0da,628008b63b8deac8,True,4,537317,True
agentsight,f2407a7d66d5,docs,4997018b7b13b71f,cecb32b543ec9968,True,6,3385270,True
agentsight,f2407a7d66d5,agentvis,685a00cbabb22023,9c24ce1fc8854d05,True,1,177925,True
agentsight,f2407a7d66d5,docs,cecb32b543ec9968,9f890270d07f289a,True,4,1119530,True
agentsight,f2407a7d66d5,agentvis,b75ec3400f8641c2,a44df3099462a09d,True,3,110301,True
agentsight,f2407a7d66d5,docs,b2e649172b3d1c3c,e0f96506fb5d5235,True,1,5197250,True
agentsight,f2407a7d66d5,agentvis,a44df3099462a09d,9fd2bacf5d61565f,True,1,5135358,True
agentsight,f2407a7d66d5,docs,e0f96506fb5d5235,b561efb18dd5c9c7,True,3,55585,True
agentsight,f2407a7d66d5,agent-session,377d5714b5c83fdf,cc6570f6f4999d0d,False,79,188604557,True
agentsight,f2407a7d66d5,agentvis,31d872677265ec09,cc6570f6f4999d0d,False,6,168086721,True
ActPlane,3dae89cd06ae,bpf,6b38414cb405a4fd,3cd7b9d0f5b229de,True,1,6225,True
ActPlane,3dae89cd06ae,collector,cbcec20b2333662b,21bca2ebcefcbb58,True,1,6231,True
ActPlane,3dae89cd06ae,bpf,3cd7b9d0f5b229de,0d73b827a0dae0e6,True,1,45,True
ActPlane,3dae89cd06ae,collector,21bca2ebcefcbb58,8f526c3998302f86,True,4,8276,True
ActPlane,3dae89cd06ae,repo-root-files,3d0422e8314699df,2ac2da5ff3e69e66,True,14,45129,True
ActPlane,3dae89cd06ae,bpf,284b479d02ec0b12,dbfbe6394f293129,True,6,30621,True
ActPlane,3dae89cd06ae,collector,668e7359809a1310,9b18751774e023a7,True,2,13956,True
ActPlane,3dae89cd06ae,bpf,dbfbe6394f293129,4dae85685b3ac8f2,True,1,0,True
ActPlane,3dae89cd06ae,collector,9b18751774e023a7,dde266a3abbc825e,True,3,47324,True
ActPlane,3dae89cd06ae,bpf,d8c87211ebfeb304,0cea20986e5ca6c5,True,1,6148,True
ActPlane,3dae89cd06ae,collector,dde266a3abbc825e,e5682c4a9425ffb3,True,2,6195,True
ActPlane,3dae89cd06ae,docs,9e6296e186507596,31ea401f9253f7a1,True,23,98602,True
ActPlane,3dae89cd06ae,collector,e5682c4a9425ffb3,64678c6f91a72b4f,True,1,213985,True
ActPlane,3dae89cd06ae,bpf,0a4c604b4d984b9f,22494c12773eb588,True,7,1295869,True
ActPlane,3dae89cd06ae,collector,64678c6f91a72b4f,a2e9803531547a5f,True,13,1324601,True
ActPlane,3dae89cd06ae,bpf,d62a1e557661b0e4,5ff06e474c36f7af,True,2,44746,True
ActPlane,3dae89cd06ae,repo-root-files,2ac2da5ff3e69e66,6fea5957f102e0dc,True,30,1718233,True
ActPlane,3dae89cd06ae,bpf,109c28d942d2661b,2f17a3eb64310476,True,3,76387,True
ActPlane,3dae89cd06ae,collector,53dfa2ed1bf30b85,e462e809f520bdf5,True,8,155363,True
ActPlane,3dae89cd06ae,repo-root-files,1df2110243800765,5e568d35959967e6,True,2,17253,True
ActPlane,3dae89cd06ae,bpf,2f17a3eb64310476,a826cd5bf4e39816,True,2,29631,True
ActPlane,3dae89cd06ae,collector,e462e809f520bdf5,08737df3886a5b4d,True,2,36621,True
ActPlane,3dae89cd06ae,docs,31ea401f9253f7a1,1ea5bc3bfaa4bc02,True,28,1763069,True
ActPlane,3dae89cd06ae,collector,08737df3886a5b4d,d34fbc794ac07c59,True,2,58169,True
ActPlane,3dae89cd06ae,bpf,a826cd5bf4e39816,ae27c7b09703d6c8,True,7,138053,True
ActPlane,3dae89cd06ae,collector,2be222ffead2c652,bb5bdd8c16503393,True,2,31867,True
ActPlane,3dae89cd06ae,bpf,eb6d0d3eecb5ad1e,d17c112a1f4b08f1,True,2,5189,True
ActPlane,3dae89cd06ae,collector,767f7c90a5635518,d092ef55fb7d1717,True,5,374357,True
ActPlane,3dae89cd06ae,bpf,a9fe529df70eeacf,987701c672e6c087,True,1,2420661,True
ActPlane,3dae89cd06ae,collector,d092ef55fb7d1717,e521f98ce84f7927,True,16,5670719,True
ActPlane,3dae89cd06ae,bpf,837c4fa4f13f6a41,2f27b67b9a1c00e6,True,1,43013094,True
ActPlane,3dae89cd06ae,collector,e521f98ce84f7927,c2be806bcccfe83a,True,1,43005342,True
ActPlane,3dae89cd06ae,bpf,2f27b67b9a1c00e6,9f37382871d4e5bf,True,2,48,True
ActPlane,3dae89cd06ae,collector,7ce5d8d30a37aae8,2d43beaa4a1e2994,True,1,16973,True
ActPlane,3dae89cd06ae,bpf,9f37382871d4e5bf,d1e9243402be8999,True,2,17020,True
ActPlane,3dae89cd06ae,collector,26f165864bdb6be1,6ad535f2e8b7e571,True,4,85959,True
ActPlane,3dae89cd06ae,bpf,c82dd0a39cdbbd32,0066a522a365d708,True,5,66103,True
ActPlane,3dae89cd06ae,collector,ed78d68778e90880,f8a52eeab613ef6b,True,9,76102,True
ActPlane,3dae89cd06ae,bpf,61e5fa9c14451365,afa3661dabca2392,True,1,35074,True
ActPlane,3dae89cd06ae,collector,f8a52eeab613ef6b,4e30ab4cb535b8b3,True,2,61883,True
ActPlane,3dae89cd06ae,docs,15008e52b016543e,34992b8c33865e00,True,59,49458267,True
ActPlane,3dae89cd06ae,collector,4e30ab4cb535b8b3,68ecf66ab4caf9c4,True,1,27318,True
ActPlane,3dae89cd06ae,bpf,f29b878a0b5d5444,7a63464c4a81a66a,True,6,52912,True
ActPlane,3dae89cd06ae,collector,364cbdf314239f06,38477d0cc2a9a694,True,3,21825,True
ActPlane,3dae89cd06ae,bpf,30698e88e4f752f0,40b59ef7f1588c3c,True,1,18977,True
ActPlane,3dae89cd06ae,repo-root-files,5e568d35959967e6,40b59ef7f1588c3c,True,72,49553844,True
ActPlane,3dae89cd06ae,collector,40b59ef7f1588c3c,81dc2b7b85b59430,True,1,14472,True
ActPlane,3dae89cd06ae,repo-root-files,40b59ef7f1588c3c,7ec76ccf842d866d,True,2,21403,True
ActPlane,3dae89cd06ae,bpf,a3611a542f4de873,7f30533a0b2352fa,True,2,17859,True
ActPlane,3dae89cd06ae,collector,81dc2b7b85b59430,6abbb551792ff915,True,2,15679,True
ActPlane,3dae89cd06ae,docs,34992b8c33865e00,6b55e86e06ed14cc,True,14,80855,True
ActPlane,3dae89cd06ae,bpf,7f30533a0b2352fa,b749c3d451490d87,True,4,58437,True
ActPlane,3dae89cd06ae,repo-root-files,7ec76ccf842d866d,89d64532c45b399d,True,7,529584,True
ActPlane,3dae89cd06ae,bpf,3e832a0a53a3bd87,3ce893e98a8b0ab6,True,1,447831,True
ActPlane,3dae89cd06ae,collector,6abbb551792ff915,78c79c2de274a5bf,True,7,529316,True
ActPlane,3dae89cd06ae,bpf,3ce893e98a8b0ab6,3b7b2de04266aee0,True,3,71340,True
ActPlane,3dae89cd06ae,docs,899c516f0a866c99,9e770536b0ae5b83,True,11,700761,True
ActPlane,3dae89cd06ae,collector,65fbef05fc946567,149d1501dd957246,True,6,155031,True
ActPlane,3dae89cd06ae,bpf,001f148fb7024804,d7f28b0a9f183eb8,True,3,79590,True
ActPlane,3dae89cd06ae,collector,149d1501dd957246,08c244403ba8e564,True,2,11459,True
ActPlane,3dae89cd06ae,bpf,566f52e5aca82851,3f53b3f2241296f7,True,2,245841,True
ActPlane,3dae89cd06ae,vmlinux,01ec0e9573d87d97,00ab37c2ee8600da,True,121,51035101,True
ActPlane,3dae89cd06ae,repo-root-files,89d64532c45b399d,c87cfd81157f19e3,True,17,575994,True
ActPlane,3dae89cd06ae,docs,7fa7897140223d2a,497dac41aa016d42,True,8,354177,True
ActPlane,3dae89cd06ae,repo-root-files,c87cfd81157f19e3,f97bbfb0109d47e0,True,1,31322,True
ActPlane,3dae89cd06ae,docs,497dac41aa016d42,cc82a3550bc038c4,True,1,66636,True
ActPlane,3dae89cd06ae,bpf,3f53b3f2241296f7,12c4528b8c784aee,True,8,501237,True
ActPlane,3dae89cd06ae,collector,c6a097801386de9d,12c4528b8c784aee,True,9,740377,True
ActPlane,3dae89cd06ae,repo-root-files,f97bbfb0109d47e0,12c4528b8c784aee,True,4,373039,True
ActPlane,3dae89cd06ae,docs,283975896c289289,67f6d4dbe1b9cbaf,True,2,38203,True
ActPlane,3dae89cd06ae,bpf,12c4528b8c784aee,cbbec32db5a6434c,True,3,52069,True
ActPlane,3dae89cd06ae,collector,12c4528b8c784aee,edf8b83bac06b048,True,4,60069,True
ActPlane,3dae89cd06ae,docs,760689b6f2b9b4ef,655915b6cd8d8e3e,True,2,37364,True
ActPlane,3dae89cd06ae,collector,edf8b83bac06b048,601d7cbb2b1d53da,True,6,192249,True
ActPlane,3dae89cd06ae,docs,9d04c64ca631d594,68eeef3397207dc8,True,6,53739,True
ActPlane,3dae89cd06ae,bpf,cbbec32db5a6434c,5ea704fd6fb2db88,True,16,333924,True
ActPlane,3dae89cd06ae,repo-root-files,324d41f1dec587b4,de6ed6b752ac3373,True,24,2868135,True
ActPlane,3dae89cd06ae,docs,418dd4c08d24d17f,bccd21792c1b42de,True,6,2534172,True
ActPlane,3dae89cd06ae,collector,52deb9fb7e92691f,bbcd90de0d64b395,True,10,2602217,True
ActPlane,3dae89cd06ae,script,4bc781a8a411ea08,3ae40666093f405d,True,3,178411,True
ActPlane,3dae89cd06ae,repo-root-files,de6ed6b752ac3373,69bb7bc225a57d18,True,4,124680,True
ActPlane,3dae89cd06ae,script,862840e7c5938438,eac5477a2680133d,True,1,71797,True
ActPlane,3dae89cd06ae,docs,bccd21792c1b42de,d86b02db747f1914,True,7,199225,True
ActPlane,3dae89cd06ae,collector,bbcd90de0d64b395,5e33821daa7aecc5,True,7,205506,True
ActPlane,3dae89cd06ae,script,a0e1bae2cfc69588,5959c764145f6dae,True,7,310329,True
ActPlane,3dae89cd06ae,repo-root-files,69bb7bc225a57d18,874e9fe9e2f4d82b,True,12,384005,True
ActPlane,3dae89cd06ae,script,069ddc51466031d2,749c79f020250203,True,1,17562,True
ActPlane,3dae89cd06ae,docs,d86b02db747f1914,7c2a9926bfb0448f,True,10,327841,True
ActPlane,3dae89cd06ae,.codex,7c99ae07ae854edc,194aebec425120e3,True,5,104602,True
ActPlane,3dae89cd06ae,script,749c79f020250203,a541de3687562c26,True,2,69709,True
ActPlane,3dae89cd06ae,repo-root-files,874e9fe9e2f4d82b,9604db20b107c83a,True,4,88545,True
ActPlane,3dae89cd06ae,script,a541de3687562c26,35db997beaf66aeb,True,1,18282,True
ActPlane,3dae89cd06ae,repo-root-files,9604db20b107c83a,5c03f83248cd6314,True,1,24347,True
ActPlane,3dae89cd06ae,script,35db997beaf66aeb,7d413684c6f67d1e,True,1,23393,True
ActPlane,3dae89cd06ae,.codex,194aebec425120e3,8eb58edea5b10bc1,True,6,1749774,True
ActPlane,3dae89cd06ae,collector,5e33821daa7aecc5,f953632246b9f8ea,True,18,2478866,True
ActPlane,3dae89cd06ae,script,546dc79f7cf9421e,d13859618212b9d9,True,3,2050521,True
ActPlane,3dae89cd06ae,repo-root-files,5c03f83248cd6314,e999743cce89b02c,True,6,2077956,True
ActPlane,3dae89cd06ae,script,d13859618212b9d9,e3251b16ccc969c8,True,1,15158,True
ActPlane,3dae89cd06ae,docs,7c2a9926bfb0448f,4ffc701a27ac0de8,True,13,2172513,True
ActPlane,3dae89cd06ae,script,e3251b16ccc969c8,d3ca09a2c5d0a4a8,True,2,1,True
ActPlane,3dae89cd06ae,docs,272f7886c10db483,9c53cee4ec971b28,True,1,54550,True
ActPlane,3dae89cd06ae,repo-root-files,e999743cce89b02c,9c53cee4ec971b28,True,4,54596,True
ActPlane,3dae89cd06ae,collector,376f880835846a13,4381f8103962f8ff,True,7,92433,True
ActPlane,3dae89cd06ae,bpf,f3dcac8eb0cfd439,73f6d5bd479375b5,True,44,5268268,True
ActPlane,3dae89cd06ae,collector,7b7114dfffebe538,33cd5c0687c23887,True,4,2575,True
ActPlane,3dae89cd06ae,docs,9c53cee4ec971b28,fb95bf3aa90cafa5,True,10,43490,True
ActPlane,3dae89cd06ae,collector,33cd5c0687c23887,c18c3fa49e273c60,True,1,11291,True
ActPlane,3dae89cd06ae,repo-root-files,9c53cee4ec971b28,800a6163d8e1408b,True,14,65446,True
ActPlane,3dae89cd06ae,bpf,4c4464fe610d3576,c8f7b10400169563,True,6,778938,True
ActPlane,3dae89cd06ae,repo-root-files,800a6163d8e1408b,60c34a1e305a7fc2,True,5,851186,True
ActPlane,3dae89cd06ae,bpf,51b4613a360285e0,8e54aeff629bf03e,True,1,1,True
ActPlane,3dae89cd06ae,collector,e8b83abc37d1b12e,5959343bd2ea46fb,True,8,875988,True
ActPlane,3dae89cd06ae,bpf,8e54aeff629bf03e,0e70d8968599bb34,True,1,85789,True
ActPlane,3dae89cd06ae,repo-root-files,60c34a1e305a7fc2,121c3bea3d8369eb,True,4,236831,True
ActPlane,3dae89cd06ae,collector,ad061bda21fd4cd0,38db3c56eb501d03,True,1,39853,True
ActPlane,3dae89cd06ae,script,9c53cee4ec971b28,b2e65bd6dc4ca55a,True,29,1260079,True
ActPlane,3dae89cd06ae,repo-root-files,121c3bea3d8369eb,537ce2bc76f21652,True,5,119995,True
ActPlane,3dae89cd06ae,collector,e4cc454768a5c055,04def3aad48ca9bc,True,3,18055,True
ActPlane,3dae89cd06ae,script,7159dcd79cf72535,51645e6dbd65053f,True,2,6621,True
ActPlane,3dae89cd06ae,docs,fb95bf3aa90cafa5,a9bad8482bee4990,True,23,1230018,True
ActPlane,3dae89cd06ae,repo-root-files,537ce2bc76f21652,9c65af0d8d281bd8,True,3,31129,True
ActPlane,3dae89cd06ae,collector,04def3aad48ca9bc,b15f1fd8531076a7,True,6,60221,True
ActPlane,3dae89cd06ae,script,51645e6dbd65053f,07ef12f855ecf13a,True,6,78431,True
ActPlane,3dae89cd06ae,docs,a9bad8482bee4990,c7ecf27fb9d06d51,True,6,100538,True
ActPlane,3dae89cd06ae,script,07ef12f855ecf13a,fe8c5f913f381857,True,3,65648,True
ActPlane,3dae89cd06ae,repo-root-files,662604cbefd036b5,0e328135d71dcfa8,True,6,109663,True
ActPlane,3dae89cd06ae,collector,b15f1fd8531076a7,a8065c3d20cb1eab,True,6,157643,True
ActPlane,3dae89cd06ae,bpf,0e70d8968599bb34,de82f688c981c9c6,True,24,600060,True
ActPlane,3dae89cd06ae,repo-root-files,0e328135d71dcfa8,60404e1b7d219030,True,3,189094,True
ActPlane,3dae89cd06ae,collector,db640d3d8e1dbf8a,aec1ebcc9ab91c65,True,3,79752,True
ActPlane,3dae89cd06ae,.actplane,b57314c90c3e25cb,41a7555ed260fdd3,True,1,42139,True
ActPlane,3dae89cd06ae,policies,121c3bea3d8369eb,009247cda9e1b3e9,True,27,581108,True
ActPlane,3dae89cd06ae,collector,aec1ebcc9ab91c65,67b678fd3196ff36,True,2,109790,True
ActPlane,3dae89cd06ae,.actplane,41a7555ed260fdd3,e9214df5d6d75ccc,True,2,107307,True
ActPlane,3dae89cd06ae,collector,67b678fd3196ff36,77c6f2cdf9d7922e,True,1,51450,True
ActPlane,3dae89cd06ae,docs,23b12947c4ffaaa0,e71dbf2108623bf4,True,14,449355,True
ActPlane,3dae89cd06ae,bpf,de82f688c981c9c6,d12953f185f47082,True,10,269954,True
ActPlane,3dae89cd06ae,repo-root-files,60404e1b7d219030,bd35e4a3c1b6e012,True,10,326299,True
ActPlane,3dae89cd06ae,collector,41be19e280a10ae3,4b3dbd4774987c8a,True,3,364850,True
ActPlane,3dae89cd06ae,bpf,d12953f185f47082,5e631b51ea2251e9,True,2,343258,True
ActPlane,3dae89cd06ae,collector,4b3dbd4774987c8a,94e1701b56063054,True,2,84973,True
ActPlane,3dae89cd06ae,bpf,2abc6ff9a86f9366,073a52611690a50a,True,1,84976,True
ActPlane,3dae89cd06ae,collector,94e1701b56063054,2e5aca2fbb650b2c,True,2,5879,True
ActPlane,3dae89cd06ae,bpf,fa8124750281ebfd,3dbf0b175f5abfa9,True,2,5832,True
ActPlane,3dae89cd06ae,repo-root-files,bd35e4a3c1b6e012,7f49458f19799db8,True,9,363940,True
ActPlane,3dae89cd06ae,collector,50230958847470ba,8ae9513fbf453a6e,True,2,12445,True
ActPlane,3dae89cd06ae,bpf,3dbf0b175f5abfa9,31172cb3384445d9,True,3,32502,True
ActPlane,3dae89cd06ae,collector,8104f9b4fba502ea,fcf8af3bc4ee71e0,True,5,55876,True
ActPlane,3dae89cd06ae,policies,009247cda9e1b3e9,43b13ffc33332e91,True,25,648556,True
ActPlane,3dae89cd06ae,repo-root-files,7f49458f19799db8,43b13ffc33332e91,True,8,76579,True
ActPlane,3dae89cd06ae,policies,43b13ffc33332e91,0fb886ba11c79671,True,1,10865,True
ActPlane,3dae89cd06ae,collector,fcf8af3bc4ee71e0,8110c20b57524018,True,3,20815,True
ActPlane,3dae89cd06ae,docs,e71dbf2108623bf4,5b7ca93e8583793e,True,24,541390,True
ActPlane,3dae89cd06ae,bpf,abe6a1f9251146b9,df27312b26a8b53c,True,6,34481,True
ActPlane,3dae89cd06ae,docs,5b7ca93e8583793e,377d3919a4d1c843,True,1,46,True
ActPlane,3dae89cd06ae,collector,8110c20b57524018,5ad7f2b71e608227,True,3,6657,True
ActPlane,3dae89cd06ae,repo-root-files,7eca76c98312eb00,fae8e7ec2cc841e0,True,6,23688,True
ActPlane,3dae89cd06ae,docs,377d3919a4d1c843,96eaf58d546e1be0,True,4,42410,True
ActPlane,3dae89cd06ae,bpf,df27312b26a8b53c,42e44129cfdf7e25,True,6,63041,True
ActPlane,3dae89cd06ae,docs,96eaf58d546e1be0,1f8d60460ae8fe9c,True,3,82609,True
ActPlane,3dae89cd06ae,bpf,07ba5bdd8e706a39,19167f094754be5d,True,1,38828,True
ActPlane,3dae89cd06ae,script,fe8c5f913f381857,cffa2c7b4236a062,True,52,1133357,True
ActPlane,3dae89cd06ae,.actplane,e9214df5d6d75ccc,924d6cb435990ddb,True,42,816607,True
ActPlane,3dae89cd06ae,collector,5ad7f2b71e608227,e9d25d66a1bd032e,True,13,213125,True
ActPlane,3dae89cd06ae,docs,1f8d60460ae8fe9c,d7cef2235cd94480,True,10,145816,True
ActPlane,3dae89cd06ae,.actplane,05be978d296fb068,911d26403f42b39a,True,7,90280,True
ActPlane,3dae89cd06ae,collector,783ba7366c41fdb3,2c7fe60e81cfef52,True,5,84484,True
ActPlane,3dae89cd06ae,policies,0fb886ba11c79671,cd2094de02153562,True,29,382339,True
ActPlane,3dae89cd06ae,repo-root-files,43be10b4ce2e7290,cd2094de02153562,True,21,347034,True
ActPlane,3dae89cd06ae,bpf,2d16119ec9373580,6632dd0419218a89,True,16,232179,True
ActPlane,3dae89cd06ae,collector,2c7fe60e81cfef52,ee29d5b40a3352be,True,3,2324345,True
ActPlane,3dae89cd06ae,bpf,6632dd0419218a89,7204ff0e650b4f22,True,2,2296084,True
ActPlane,3dae89cd06ae,collector,473d230c12f03a05,563de4a1c38be996,True,10,163368,True
ActPlane,3dae89cd06ae,repo-root-files,cca3a4a6b34a5ccb,72b7fc0a991306bd,True,16,2473787,True
ActPlane,3dae89cd06ae,collector,fbc6a2fd4adf9d96,0f771e48cdf2944a,True,1,13101,True
ActPlane,3dae89cd06ae,bpf,39bd1d49697c1e9c,b8f873864d3e8db1,True,5,36104,True
ActPlane,3dae89cd06ae,docs,4ba2e9cf273770d2,d50bdd8f57f5ae0d,True,25,2595160,True
ActPlane,3dae89cd06ae,bpf,b8f873864d3e8db1,1662181279d87514,True,2,60920,True
ActPlane,3dae89cd06ae,.actplane,c64e56fab0ebccfd,d3895f71385615a2,True,25,2703750,True
ActPlane,3dae89cd06ae,docs,0dc9b907c554add4,1b6dc24c056de189,True,3,1518417,True
ActPlane,3dae89cd06ae,repo-root-files,72b7fc0a991306bd,3ae15a90cc07b93c,True,84,4255201,True
ActPlane,3dae89cd06ae,docs,aaa94990818aacaa,390bfdca1c40aff3,True,1,6831749,True
ActPlane,3dae89cd06ae,repo-root-files,3ae15a90cc07b93c,5cd2a375d8960b4e,True,1,6806658,True
ActPlane,3dae89cd06ae,collector,0f771e48cdf2944a,598e733bb4618989,True,128,361780488,False
ActPlane,3dae89cd06ae,docs,afd1876f4139b8dd,f079bd0f7c1b2b04,True,1,3372,True
ActPlane,3dae89cd06ae,collector,598e733bb4618989,a1b29a2caf8bfbf5,True,1,207166,False
ActPlane,3dae89cd06ae,bpf,1662181279d87514,ff023f9b8b835b8e,True,129,361921295,False
ActPlane,3dae89cd06ae,collector,21fa650c20627d0b,991bceb6df99734e,True,1,9008,True
ActPlane,3dae89cd06ae,bpf,ff023f9b8b835b8e,a27deef9c268be64,True,3,10536,True
ActPlane,3dae89cd06ae,collector,940d5d711f6103fb,8e9cb71599636c82,True,3,7400,True
ActPlane,3dae89cd06ae,docs,f079bd0f7c1b2b04,4190b9c6d7e6d999,True,11,223110,False
ActPlane,3dae89cd06ae,.github,bd5fa00a506ce9c7,d46a71b0438f2a7b,True,468,425523962,False
ActPlane,3dae89cd06ae,repo-root-files,5cd2a375d8960b4e,15ba3d1c94650d51,True,57,350974781,False
ActPlane,3dae89cd06ae,bpf,b58d479b49d0b3a5,c61ba44b38107c79,True,4,25928,True
ActPlane,3dae89cd06ae,collector,8e9cb71599636c82,c61ba44b38107c79,True,3,25928,True
ActPlane,3dae89cd06ae,docs,4190b9c6d7e6d999,9de7736e87bc52c9,True,19,357155,False
ActPlane,3dae89cd06ae,bpf,1f49b8668abe79a7,c8fce803fb8515b3,True,2,9998,True
ActPlane,3dae89cd06ae,docs,28a39fb47f55585b,b9a98aa9151e1bc3,True,1,4251,True
ActPlane,3dae89cd06ae,bpf,c8fce803fb8515b3,b0963950fc033026,True,1,12662,True
ActPlane,3dae89cd06ae,docs,b9a98aa9151e1bc3,0ac48e327298c6e7,True,2,39513,True
ActPlane,3dae89cd06ae,collector,c61ba44b38107c79,6d5ff9d19d932070,True,23,385671,True
ActPlane,3dae89cd06ae,docs,0ac48e327298c6e7,caf67b2912077ad2,True,2,21188,True
ActPlane,3dae89cd06ae,collector,ae4b7ade258573e4,fde71fc0614c90ff,True,1,27214,True
ActPlane,3dae89cd06ae,docs,caf67b2912077ad2,85b034b9650bcf0f,True,1,16210,True
ActPlane,3dae89cd06ae,collector,fde71fc0614c90ff,3109db882e63437f,True,1,4903,True
ActPlane,3dae89cd06ae,docs,85b034b9650bcf0f,6812c57bcb880f58,True,5,23235,True
ActPlane,3dae89cd06ae,collector,e25b82462934a505,d232c24dd46ed51c,True,1,13757,True
ActPlane,3dae89cd06ae,bpf,d5bd86d5fd9c5e4a,bcef5033d912954c,True,16,162848,True
ActPlane,3dae89cd06ae,docs,6812c57bcb880f58,40eb3ccf047c7fcd,True,5,103955,True
ActPlane,3dae89cd06ae,.github,d46a71b0438f2a7b,c460e6908f66d803,True,42,549284,True
ActPlane,3dae89cd06ae,bpf,bcef5033d912954c,3f1ff34e97ac3093,True,2,46019,True
ActPlane,3dae89cd06ae,collector,e88179a7fd2d2681,37e26abb28521d22,True,4,115979,True
ActPlane,3dae89cd06ae,repo-root-files,15ba3d1c94650d51,19eb5027bd588f54,True,46,621880,False
ActPlane,3dae89cd06ae,collector,d243b8f93c4b7513,f7477e7c544b56c8,True,1,28744,False
ActPlane,3dae89cd06ae,docs,40eb3ccf047c7fcd,a4452fd5c4758f5e,True,9,86196,True
ActPlane,3dae89cd06ae,.github,c460e6908f66d803,e46bdcac24471be2,True,9,118307,True
ActPlane,3dae89cd06ae,docs,a4452fd5c4758f5e,5d4e08ab76235ce0,True,2,239826,True
ActPlane,3dae89cd06ae,.github,5a4cf442ce266d00,c9af6219c632ee9f,True,1,114108,True
ActPlane,3dae89cd06ae,docs,5d4e08ab76235ce0,c0dff4329e505b83,True,1,149366,True
ActPlane,3dae89cd06ae,docs,79c474586a48db13,0c9924a6399a3b67,True,1,67737,True
ActPlane,3dae89cd06ae,repo-root-files,19eb5027bd588f54,7aef6c112357b0c2,True,429,48275302,False
ActPlane,3dae89cd06ae,collector,ce0ce7c163976fc9,2c5be3a5ae8b2b75,True,427,48300535,False
ActPlane,3dae89cd06ae,docs,68ee1d40374e996e,0c15b1495782866f,True,2,24750788,True
ActPlane,3dae89cd06ae,repo-root-files,7aef6c112357b0c2,bebc260ed0345e51,True,6,134346,True
ActPlane,3dae89cd06ae,docs,b2c2de70a420a9b1,908d6afde5e09a64,True,1,110685,True
ActPlane,3dae89cd06ae,repo-root-files,bebc260ed0345e51,7a822953c8bb8a69,True,1,240392,True
ActPlane,3dae89cd06ae,docs,908d6afde5e09a64,f74b3dd1687d2f37,True,3,249478,True
ActPlane,3dae89cd06ae,repo-root-files,0fac703a3a172c86,9a5a5c9cabf1988d,True,14,525846,True
ActPlane,3dae89cd06ae,docs,ec45a458e0642be0,03799c4e189e6d82,True,2,199679,True
ActPlane,3dae89cd06ae,repo-root-files,6436625a4e0e7bdf,6f8639a7461cfe83,True,5,282683,True
ActPlane,3dae89cd06ae,docs,c019d4cd38a4279d,deec5723db4238c3,True,3,182219,False
ActPlane,3dae89cd06ae,repo-root-files,b34287ddfe545ecd,b5e612e8a8fd9bd2,True,92,385401,True
ActPlane,3dae89cd06ae,docs,8ec7d276eeacc393,1ae589f3b223c7a2,True,1,4372,True
ActPlane,3dae89cd06ae,repo-root-files,b5e612e8a8fd9bd2,cb530535a8d67a33,True,2,5241,True
ActPlane,3dae89cd06ae,docs,223f8f684cd0ef3f,cf3c9af2bf1a7bb9,True,1,29271,True
ActPlane,3dae89cd06ae,repo-root-files,cb530535a8d67a33,306183509da5b9f8,True,15,45267,True
ActPlane,3dae89cd06ae,docs,b60597ef3f52493d,fba76f981b857361,True,1,1253,True
ActPlane,3dae89cd06ae,repo-root-files,306183509da5b9f8,124e92728cacebfe,True,144,311426,True
ActPlane,3dae89cd06ae,docs,d405736e09a9bc84,962106c6b5108d56,True,1,7792,True
ActPlane,3dae89cd06ae,repo-root-files,124e92728cacebfe,a714fad9e73f9e2b,True,1,4183,True
ActPlane,3dae89cd06ae,docs,962106c6b5108d56,dd41144871ca84f5,True,1,9187,True
ActPlane,3dae89cd06ae,repo-root-files,a714fad9e73f9e2b,c3ed630406f5de13,True,16,123340,True
ActPlane,3dae89cd06ae,docs,6c393d72a1b4f1b5,7665ee4df7c8a7ee,True,1,10194,True
ActPlane,3dae89cd06ae,repo-root-files,c3ed630406f5de13,b8621f43b8a86dda,True,275,12624142,False
ActPlane,3dae89cd06ae,collector,2c5be3a5ae8b2b75,cc26bbd54f4b75f7,True,589,15058813,False
ActPlane,3dae89cd06ae,repo-root-files,d5d215990fb12894,93f1a19dc97b8eab,True,13,483402,True
ActPlane,3dae89cd06ae,policy,c30ef605ab48b882,70be4cfbe125e733,True,15,367721,True
ActPlane,3dae89cd06ae,collector,75b7a677e3d06ab7,fe72b5b038e0d0ce,True,6,241192,True
ActPlane,3dae89cd06ae,bpf,3f1ff34e97ac3093,3b382b5a3f390c04,True,1051,67843299,False
ActPlane,3dae89cd06ae,repo-root-files,e9eb79d392377a56,0830ca313ca1d5bc,True,14,4196112,False
ActPlane,3dae89cd06ae,collector,1ac0896d25feb43a,fbd2b579e2a59598,True,4,111707,False
ActPlane,3dae89cd06ae,bpf,f3f0d664340107e3,7a451d9d2bd90c06,True,3,22637,True
ActPlane,3dae89cd06ae,collector,fbd2b579e2a59598,0afce526b01f2422,True,5,26998,True
ActPlane,3dae89cd06ae,bpf,ee57e0efffadf21d,52bf4722fb84d57e,True,2,19993,True
ActPlane,3dae89cd06ae,collector,6b48a7e00eeb5e2a,2211b1d914c1865e,True,7,141573,True
ActPlane,3dae89cd06ae,bpf,afd8031de9f73a6b,490684a38b2ffe02,True,1,31399,True
ActPlane,3dae89cd06ae,docs,39f74206d9ab07b9,a2df0db433c9b780,True,61,5208409,False
ActPlane,3dae89cd06ae,bpf,e1fdfeeba2d49878,e41f2324a632e1d0,True,1,107277,True
ActPlane,3dae89cd06ae,docs,a2df0db433c9b780,b7d94233449fff1c,True,2,17573,True
ActPlane,3dae89cd06ae,bpf,5ea9c41795a70e6f,68664eb88eefb7f5,True,8,10526,True
ActPlane,3dae89cd06ae,docs,ce7ff5c76f9922f6,07d78136801e2852,True,2,16930,False
ActPlane,3dae89cd06ae,bpf,04cb054ab134ac20,2a13562db5d5dcd6,True,1,16581,True
ActPlane,3dae89cd06ae,docs,07d78136801e2852,737344e75f00cd1d,True,2,117928,False
ActPlane,3dae89cd06ae,policy,0f1ba9730b6d9932,2363489177d3bc21,True,63,4921075,True
ActPlane,3dae89cd06ae,docs,b8c65eb0abf9f74c,5865851cc9ed089c,True,3,360978,False
ActPlane,3dae89cd06ae,collector,2211b1d914c1865e,d93a8648f2e8a139,True,105,12610499,False
ActPlane,3dae89cd06ae,script,cffa2c7b4236a062,cfe9e8a9d7445c83,True,1398,445997488,False
ActPlane,3dae89cd06ae,docs,9b7b373a4d8052ed,574540089c3d7539,True,4,181055,True
ActPlane,3dae89cd06ae,repo-root-files,dfe0cfda2d465953,0089bc68e11ebe90,True,234,28951197,False
ActPlane,3dae89cd06ae,docs,c570c44c1717c8e0,d64a452599fc0438,True,1,164912,True
ActPlane,3dae89cd06ae,repo-root-files,0089bc68e11ebe90,e3f7d179ae458d7e,True,25,1042462,True
ActPlane,3dae89cd06ae,docs,f947f0c358f14de8,48f8d1a5e4ea9588,True,1,408226,True
ActPlane,3dae89cd06ae,repo-root-files,e3f7d179ae458d7e,217a0101e8105d70,True,2,32364587,True
ActPlane,3dae89cd06ae,docs,396a4933265cc2ec,b709dcf06944c6f6,True,1,878,True
ActPlane,3dae89cd06ae,repo-root-files,217a0101e8105d70,1237d1cdada57cfa,True,2,164630,True
ActPlane,3dae89cd06ae,collector,0cc79df030ab969c,6d619d84f30a9406,True,144,49714416,True
ActPlane,3dae89cd06ae,repo-root-files,1237d1cdada57cfa,4d2c9efad5a3cba5,True,1,93915,True
ActPlane,3dae89cd06ae,docs,4e62e359c7e0d904,cb2f3d84a6b0a2b4,True,3,188221,True
ActPlane,3dae89cd06ae,repo-root-files,4d2c9efad5a3cba5,fbaa89d454494119,True,105,36559652,False
ActPlane,3dae89cd06ae,docs,cd9c5d472d95210e,38c9253fc9df0871,True,7,101572,True
ActPlane,3dae89cd06ae,repo-root-files,767d4a893eba2d64,cb934f551cebd53d,True,105,4953036,True
ActPlane,3dae89cd06ae,docs,180156aa0dd235ff,62ff213d161b7d88,True,2,4572,True
ActPlane,3dae89cd06ae,repo-root-files,076500e369a30b0d,4df522e4a29a75db,True,43,83803,True
ActPlane,3dae89cd06ae,docs,155ad43ac6450d9d,7d6caa0f80b6ddf8,True,9,29811,True
ActPlane,3dae89cd06ae,repo-root-files,7d00b8105b4a17c1,ae6f53eb53127717,True,27,77565,True
ActPlane,3dae89cd06ae,docs,6c0c39354d57867a,564252dd131e2986,True,1,8549,True
ActPlane,3dae89cd06ae,repo-root-files,ae6f53eb53127717,fe4780130b68f683,True,25,82126,True
ActPlane,3dae89cd06ae,docs,affc153c8f6b9ead,018e9a5fbc1b4b1c,True,2,25980,True
ActPlane,3dae89cd06ae,repo-root-files,25f32c668f3f0abd,a86c79c1cb3aac17,True,17,189442,True
ActPlane,3dae89cd06ae,docs,cecfbcb66330b7fe,433b0f61f8159c3f,True,1,1888,True
ActPlane,3dae89cd06ae,repo-root-files,a86c79c1cb3aac17,d076b98cbf1f500d,True,24,102708,True
ActPlane,3dae89cd06ae,docs,8a84e719f1cb3e76,3b40184ce3b0a9a2,True,2,10740,True
ActPlane,3dae89cd06ae,bpf,b8cc48b4184ec116,4a96e8c68dad7d6c,True,637,104537712,False
ActPlane,3dae89cd06ae,collector,6d619d84f30a9406,722219b4e60e92c6,True,412,42484460,False
ActPlane,3dae89cd06ae,bpf,4a96e8c68dad7d6c,7e63566cb9930875,True,6,7229,True
ActPlane,3dae89cd06ae,docs,183f5d3645a47d0a,da76b159cf60b529,True,20,207632,True
ActPlane,3dae89cd06ae,collector,538c0b4b74db64e7,d25494136b6794e1,True,14,95779,True
ActPlane,3dae89cd06ae,docs,da76b159cf60b529,ad534d0812ad2bb0,True,1,5998,True
ActPlane,3dae89cd06ae,collector,d25494136b6794e1,982b2886cea77e2e,True,1,8994,True
ActPlane,3dae89cd06ae,bpf,7a24a72988ecbbe7,c804b45479396db2,True,21,89963,True
ActPlane,3dae89cd06ae,repo-root-files,9fc3c2c5d39c2509,c63880ee8830ce89,True,84,487204,True
ActPlane,3dae89cd06ae,bpf,7fc8c0bc852de9bd,b4201f44073373f7,True,3,11480,True
ActPlane,3dae89cd06ae,collector,1ce1d8aec85a2d18,d08eee24bb8bf53d,True,9,36539,True
ActPlane,3dae89cd06ae,docs,ad534d0812ad2bb0,ca85f57a4118bae1,True,29,107177,True
ActPlane,3dae89cd06ae,repo-root-files,497460ce1b6f1621,88cb9214bf4ea48e,True,15,49728,True
ActPlane,3dae89cd06ae,docs,236438735f671b94,9cd396b97a055c47,True,1,5636,True
ActPlane,3dae89cd06ae,repo-root-files,88cb9214bf4ea48e,0069cb9fa7d2e7f1,True,1,2657,True
ActPlane,3dae89cd06ae,docs,9cd396b97a055c47,e1a9a77c5d26a8ff,True,1,2276,True
ActPlane,3dae89cd06ae,repo-root-files,0069cb9fa7d2e7f1,09a8e9098a56e513,True,2,5737,True
ActPlane,3dae89cd06ae,docs,51f54f8465d28d0b,8528ae7407d319b8,True,1,2584,True
ActPlane,3dae89cd06ae,repo-root-files,09a8e9098a56e513,5145e8ebaf0f3f3c,True,6,15428,True
ActPlane,3dae89cd06ae,docs,f49e4c04237f8ca3,5bfbd08419cc4da2,True,1,4344,True
ActPlane,3dae89cd06ae,collector,5e28afdb1078f2d8,7b160aeeab49f2d1,True,59,504747,True
ActPlane,3dae89cd06ae,docs,4491c05e46289172,6ea30e23bcdce8c6,True,4,166018,True
ActPlane,3dae89cd06ae,repo-root-files,5145e8ebaf0f3f3c,fe213195047f995e,True,41,453127,True
ActPlane,3dae89cd06ae,docs,6ea30e23bcdce8c6,1cbe21aaf7181629,True,2,1488,True
ActPlane,3dae89cd06ae,collector,5c7969b581cd7bcc,e6290e6917c23682,True,5,8933,True
ActPlane,3dae89cd06ae,policy,916645bc44f4da89,d8ca8467224c0271,True,747,104980381,False
ActPlane,3dae89cd06ae,policies,cd2094de02153562,86e04c83d184956b,True,2062,538675452,False
ActPlane,3dae89cd06ae,script,08e71799d5242888,94f963217da4943f,True,677,92885232,False
ActPlane,3dae89cd06ae,docs,5606f303524267bf,1bdd080cec6e4603,True,4,10195,True
ActPlane,3dae89cd06ae,script,94f963217da4943f,68b0a3b95a9c22df,True,2,1338,True
ActPlane,3dae89cd06ae,docs,d0c5a23c6e80b088,4365c70a68c432cb,True,3,8035,True
ActPlane,3dae89cd06ae,collector,e6290e6917c23682,a116ba47d69f678b,True,9,15394,True
ActPlane,3dae89cd06ae,docs,4365c70a68c432cb,118aac67f100808f,True,6,44761,True
ActPlane,3dae89cd06ae,collector,5e96040fae4dff2f,eb846f43345a1053,True,1,12792,True
ActPlane,3dae89cd06ae,repo-root-files,21045abda18cd1fe,790c0dbd40537519,True,33,307651,True
ActPlane,3dae89cd06ae,policy,d8ca8467224c0271,a5ddb2509ae91490,True,30,305045,True
ActPlane,3dae89cd06ae,policies,86e04c83d184956b,956d251cc95d605b,True,30,308865,True
ActPlane,3dae89cd06ae,script,c535b6c075f8dc13,4ae87a4bbf5cc0b7,True,25,353422,True
ActPlane,3dae89cd06ae,docs,118aac67f100808f,fe95d1ecb3b46a79,True,18,311420,True
ActPlane,3dae89cd06ae,repo-root-files,790c0dbd40537519,7f796be54bdf24af,True,24,282994,True
ActPlane,3dae89cd06ae,docs,11abac7d00cab4e6,9d83260882265bef,True,4,53709,True
ActPlane,3dae89cd06ae,collector,f66f8f8c87f3fd46,ec8aea7ea3a34e35,True,33,397731,False
ActPlane,3dae89cd06ae,policies,956d251cc95d605b,30d633aaa87321a5,True,31,348741,False
ActPlane,3dae89cd06ae,docs,bdc7f2d192b1ceee,b3414b18f177c156,True,2,3220,True
ActPlane,3dae89cd06ae,policy,a5ddb2509ae91490,3da90faab315d5b9,True,35,355765,False
ActPlane,3dae89cd06ae,collector,ec8aea7ea3a34e35,a38450624d88334f,True,4,7156,True
ActPlane,3dae89cd06ae,bpf,cd86ee2e6038a717,fdbd2c2e760a0313,True,141,1191952,False
ActPlane,3dae89cd06ae,docs,befcced5bbf81e7c,6de0f5c5da2424e4,True,4,7239,False
ActPlane,3dae89cd06ae,bpf,fdbd2c2e760a0313,e8691a2aa26a8993,True,8,77266,False
ActPlane,3dae89cd06ae,docs,fd5292ef23eb8eff,3c7af30cd463de47,True,2,39640,True
ActPlane,3dae89cd06ae,collector,db048ad17fdcd9e2,03a2282e40d9b687,True,13,135576,False
ActPlane,3dae89cd06ae,docs,7c09ba368ce5e529,7258a55c93874c91,True,2,33418,True
ActPlane,3dae89cd06ae,collector,b83a183af4e5d97d,6754a9a825b022d9,True,7,117984,True
ActPlane,3dae89cd06ae,repo-root-files,e76cbdb90315badc,69530a974c562847,True,39,327142,True
ActPlane,3dae89cd06ae,policies,30d633aaa87321a5,191af9712008cae5,True,34,274370,False
ActPlane,3dae89cd06ae,policy,3da90faab315d5b9,46a046a389c169b2,True,32,272050,False
ActPlane,3dae89cd06ae,script,4ae87a4bbf5cc0b7,248e9f1fb781a44f,True,67,574188,True
ActPlane,3dae89cd06ae,docs,b27915583c1b200a,4a4042ad7d9a6af2,True,10,69411,True
ActPlane,3dae89cd06ae,repo-root-files,69530a974c562847,6a9499cf34ec9ccd,True,6,13728,True
ActPlane,3dae89cd06ae,docs,499f70f4066ef383,bcb482c7f93c2e2e,True,1,890,True
ActPlane,3dae89cd06ae,bpf,fa5df726f126ea93,9fc45a7a854c8a01,True,28,195964,True
ActPlane,3dae89cd06ae,collector,625350940f16e19a,1d45b7ee3897f229,True,12,22480,True
ActPlane,3dae89cd06ae,docs,c9dede8d8c0c325d,0a93371530e86eb7,True,2,19288,True
ActPlane,3dae89cd06ae,collector,1d45b7ee3897f229,234c601dfb617046,True,2,90847,True
ActPlane,3dae89cd06ae,bpf,9fc45a7a854c8a01,beb548da3a66824f,True,8,96364,True
ActPlane,3dae89cd06ae,repo-root-files,6a9499cf34ec9ccd,74cce7ff8411f00d,True,13,108527,True
ActPlane,3dae89cd06ae,policies,191af9712008cae5,1c7d15ec964bab6f,True,20,117794,True
ActPlane,3dae89cd06ae,policy,46a046a389c169b2,41722c80d6e15715,True,20,118334,True
ActPlane,3dae89cd06ae,script,248e9f1fb781a44f,b7bf9f8f3d6d2f71,True,20,118752,True
ActPlane,3dae89cd06ae,docs,f2d0129ff1d9de1c,559b3991af3b3172,True,10,78735,False
ActPlane,3dae89cd06ae,repo-root-files,74cce7ff8411f00d,ec72abcb16a8b0be,True,5,6166,True
ActPlane,3dae89cd06ae,docs,3a4814bda39aa6f8,750aa84d715ac15b,True,1,473,True
ActPlane,3dae89cd06ae,bpf,beb548da3a66824f,0d6361dc51e71a67,True,10,18057,True
ActPlane,3dae89cd06ae,collector,d19bde11d085e8b3,3bebbce327a1dc64,True,12,22145,True
ActPlane,3dae89cd06ae,docs,f545b3a4c3f18d2e,082f4d6f80eae05b,True,2,9209,True
ActPlane,3dae89cd06ae,collector,3bebbce327a1dc64,8294c2f7ceacca9a,True,1,8793,True
ActPlane,3dae89cd06ae,script,b7bf9f8f3d6d2f71,73772a1755ad21ee,True,10,22098,True
ActPlane,3dae89cd06ae,docs,082f4d6f80eae05b,e63cadc1c78abcbf,True,3,8749,True
ActPlane,3dae89cd06ae,collector,8294c2f7ceacca9a,55847973edd27ad5,True,3,15343,True
ActPlane,3dae89cd06ae,repo-root-files,ec72abcb16a8b0be,7e408a76a300ea1d,True,32,129909,True
ActPlane,3dae89cd06ae,policies,1c7d15ec964bab6f,4f2677939155ccb0,True,39,143654,True
ActPlane,3dae89cd06ae,policy,41722c80d6e15715,162a4c098bfb813a,True,40,147142,True
ActPlane,3dae89cd06ae,script,6ddbae6000cd4193,a417f2d231f4a427,True,29,130734,True
ActPlane,3dae89cd06ae,docs,e63cadc1c78abcbf,cd29742be79396d0,True,30,133832,True
ActPlane,3dae89cd06ae,repo-root-files,56551d335c8a7d0a,f7003e2955913fd4,True,14,59750,True
ActPlane,3dae89cd06ae,docs,4feee9872b6b2e2e,5212006c0cd7db1f,True,2,21709,True
ActPlane,3dae89cd06ae,repo-root-files,2bb266f8ed0a03f5,cc0663d4ed178dfd,True,8,52389,True
ActPlane,3dae89cd06ae,docs,74f7dc5baa5456b8,a82f9ab3742bdfa3,True,1,2638,True
ActPlane,3dae89cd06ae,repo-root-files,cc0663d4ed178dfd,ab6a8b1d96b48529,True,1,4127,True
ActPlane,3dae89cd06ae,collector,641f0688a2d2731d,927f6df650badc37,True,29,148436,True
ActPlane,3dae89cd06ae,repo-root-files,ab6a8b1d96b48529,3ef71d301d4e40f3,True,3,29270,True
ActPlane,3dae89cd06ae,collector,f968913d08f814d5,8e7c3ea4534a72d9,True,1,5734,True
ActPlane,3dae89cd06ae,policies,ed7858764492886f,02fec1ecf2c0abd1,True,38,193510,True
ActPlane,3dae89cd06ae,policy,7f5967a026c3d993,16c82e38c887ea81,True,37,190054,True
ActPlane,3dae89cd06ae,docs,a82f9ab3742bdfa3,236ef06e6a9e6d85,True,16,84967,True
ActPlane,3dae89cd06ae,repo-root-files,3ef71d301d4e40f3,547edecab5bf53de,True,14,73999,True
ActPlane,3dae89cd06ae,docs,4439bc7519c73e13,bb61f8334aac8640,True,2,14715,True
ActPlane,3dae89cd06ae,collector,3b70a540386d8b8b,1890e655ef050344,True,8,67457,True
ActPlane,3dae89cd06ae,docs,bb61f8334aac8640,47a0c0e099d9844b,True,1,33493,True
ActPlane,3dae89cd06ae,repo-root-files,c3781e93a1043ec4,5eb0ca799ef022bd,True,3,39139,True
ActPlane,3dae89cd06ae,docs,47a0c0e099d9844b,3f6c7be3854c9a5c,True,1,3378,True
ActPlane,3dae89cd06ae,collector,1890e655ef050344,3a57dd28bf0f3986,True,3,10732,True
ActPlane,3dae89cd06ae,bpf,0d6361dc51e71a67,e0b460010484c984,True,83,440989,True
ActPlane,3dae89cd06ae,repo-root-files,5eb0ca799ef022bd,bb19114c3dd5575f,True,3,44332,True
ActPlane,3dae89cd06ae,collector,3a57dd28bf0f3986,f6bf9da9b6855961,True,2,41547,True
ActPlane,3dae89cd06ae,docs,3f6c7be3854c9a5c,5d3593ef16e44ad0,True,5,118733,True
ActPlane,3dae89cd06ae,repo-root-files,bb19114c3dd5575f,5b4a3c9e28b1b3ba,True,3,78983,True
ActPlane,3dae89cd06ae,collector,b9647bfabecd3c68,03f66cafb6a0d4be,True,6,295549,True
ActPlane,3dae89cd06ae,.github,c9af6219c632ee9f,3612037614991c08,True,2067,175041713,False
ActPlane,3dae89cd06ae,collector,03f66cafb6a0d4be,9309e290e1653bc5,True,3,311269,True
ActPlane,3dae89cd06ae,.github,f63b502031aa0f3c,03dd822002537200,True,1,281696,True
ActPlane,3dae89cd06ae,bpf,e0b460010484c984,fd947f00c65500a6,True,16,747876,True
ActPlane,3dae89cd06ae,collector,9309e290e1653bc5,ac453b608dec4856,True,4,364238,True
ActPlane,3dae89cd06ae,repo-root-files,03f66cafb6a0d4be,6f0364a5196e8bd8,True,9,684212,True
ActPlane,3dae89cd06ae,collector,ac453b608dec4856,bf700405cbd95775,True,1,14142,True
ActPlane,3dae89cd06ae,bpf,9e84ee8d8a3659f4,1eeb926f4efd7ba8,True,4,15690,True
ActPlane,3dae89cd06ae,collector,9731782e787f077c,b65871829e556583,True,2,12491,True
ActPlane,3dae89cd06ae,bpf,71876b3cedc1ee17,fa52ea7ab6729bce,True,4,10126,True
ActPlane,3dae89cd06ae,repo-root-files,6f0364a5196e8bd8,590d4acd475010a0,True,10,34024,True
ActPlane,3dae89cd06ae,bpf,ec60177148b3e6df,418abb1bbc5b2c99,True,2,36704,True
ActPlane,3dae89cd06ae,.github,22e9369a7f2be533,e05240b45321a582,True,18,432883,True
ActPlane,3dae89cd06ae,docs,5d3593ef16e44ad0,b1d30aaf40a25dd9,True,33,1217097,False
ActPlane,3dae89cd06ae,.github,321d93cce6c11555,5321cdad8b42bc00,True,4,240346,True
ActPlane,3dae89cd06ae,docs,f6a51348a21e413e,890b5558ac65374e,True,5,309649,True
ActPlane,3dae89cd06ae,bpf,221ce45c0e0b0ae6,689b71c946dc471b,True,38,827568,True
ActPlane,3dae89cd06ae,.github,ac99fe841c5935c0,f0edba0be4b89dee,True,28,346139,True
ActPlane,3dae89cd06ae,bpf,ba926ab77ee0a171,d15a88daa25ec68a,True,1,193323,True
ActPlane,3dae89cd06ae,docs,34d0b9037fe893ec,78e31d5c6983f14b,True,5,356371,True
ActPlane,3dae89cd06ae,repo-root-files,47dad195fd98b0eb,0924359576585903,True,46,1226483,False
ActPlane,3dae89cd06ae,docs,78e31d5c6983f14b,9ceed781c625e00b,True,2,5908197,True
ActPlane,3dae89cd06ae,script,489935dc2bdae288,618734536eed1f9f,True,137,9686511,True
ActPlane,3dae89cd06ae,docs,bba2f62b6b4ea66c,530b871fd04f2f2d,True,1,84916,False
ActPlane,3dae89cd06ae,repo-root-files,c5dca4e89a671fb7,9aa44a34a8024030,True,202,49268850,False
ActPlane,3dae89cd06ae,docs,1c4efc8d4ed9c1c3,677ddbd673da4726,True,3,152497,True
ActPlane,3dae89cd06ae,collector,0c2930c32dba7b5e,871d9f0deb0e8161,True,273,70642026,False
ActPlane,3dae89cd06ae,bpf,a2af64b7872d4a3f,2ceb6a296fdb9cf1,True,228,69554415,False
ActPlane,3dae89cd06ae,collector,115c5156e9f873bd,03a1138e630af38b,True,2,227354,True
ActPlane,3dae89cd06ae,repo-root-files,d9f7aed15996f492,272d77860be293c8,True,35,20642224,True
ActPlane,3dae89cd06ae,collector,114e89fa2d43f99c,35399200ce7d94d2,True,1,64630,True
ActPlane,3dae89cd06ae,collector,1319c5e9ee67d5f3,f21b607880cd7466,True,1,68800,True
ActPlane,3dae89cd06ae,docs,2427b74e06f45cbd,59e32a703810fb3a,True,37,25840576,True
ActPlane,3dae89cd06ae,repo-root-files,272d77860be293c8,9a07bc5de8fc8574,True,32,10724075,True
ActPlane,3dae89cd06ae,collector,f21b607880cd7466,b001bf86b558531f,True,33,6492258,True
ActPlane,3dae89cd06ae,docs,2cf07f2219943f3e,057377ffa77c4ff1,True,45,288128,True
ActPlane,3dae89cd06ae,collector,732e6b04cc7dc160,f5c2cf753105392e,True,42,315018,True
ActPlane,3dae89cd06ae,docs,6518243a765e9fea,fbf8aef809c0abe9,True,4,1603719,True
ActPlane,3dae89cd06ae,repo-root-files,c2d7dcdd56a747e8,dacb7bb1becb81b6,True,1370,66801062,True
ActPlane,3dae89cd06ae,docs,bc1548cb892f6540,ae1f574ad3a680ac,True,2,167258,False
ActPlane,3dae89cd06ae,repo-root-files,60556b0c15980a01,4ee7eefffcd2b858,True,2,2641,True
ActPlane,3dae89cd06ae,docs,3c299b45f251086c,68d73396bf3435f8,True,2,159123,False
ActPlane,3dae89cd06ae,repo-root-files,41766aa6dd2c9390,015ecb2fa0d7812a,True,218,11136138,False
ActPlane,3dae89cd06ae,docs,846334b5b2c434ba,137972183f3a04cb,True,1,7420,True
ActPlane,3dae89cd06ae,collector,939ecdd20a6f9cee,449c7268b64022cd,True,1523,77517907,False
ActPlane,3dae89cd06ae,docs,137972183f3a04cb,195c75f4fb2db7fb,True,3,4542,True
ActPlane,3dae89cd06ae,collector,f7786a2bbb49a833,f03c55a927f4bee9,True,5,27085,True
ActPlane,3dae89cd06ae,docs,43134c2a8281276b,80aa8b77916c1731,True,2,33917,True
ActPlane,3dae89cd06ae,collector,465d4c3715be9ba1,84db69c1f6f79a0a,True,137,3347342,True
ActPlane,3dae89cd06ae,docs,7606fe9f04e3a820,089f4a3583be8ce8,True,2,469731,True
ActPlane,3dae89cd06ae,collector,0084a4b59090eedd,5b94d2b921765382,True,3,19142,True
ActPlane,3dae89cd06ae,bpf,3dd0bd5ca52ed977,1026c281f48f5676,True,1817,92718291,False
ActPlane,3dae89cd06ae,docs,14484ae2fbd55524,d0bd5fb82a9f4f5f,True,9,152531,True
ActPlane,3dae89cd06ae,repo-root-files,015ecb2fa0d7812a,93c81ca6a25713d1,True,185,4374669,False
ActPlane,3dae89cd06ae,collector,984691b20837c330,773968f7fe6fda9a,True,29,956964,False
ActPlane,3dae89cd06ae,bpf,7387be815690223a,52b0f6d0ae345280,True,26,894821,False
ActPlane,3dae89cd06ae,collector,773968f7fe6fda9a,1c3c1f5e066f45db,True,1,9219,True
ActPlane,3dae89cd06ae,bpf,52b0f6d0ae345280,fb5e01a060a2e887,True,1,9262,True
ActPlane,3dae89cd06ae,repo-root-files,39de3a67f5c878ce,acc9218f2975168f,True,4,19975,True
ActPlane,3dae89cd06ae,docs,b942041464a559fa,c8c08f6386e683f7,True,7,533518,True
ActPlane,3dae89cd06ae,script,618734536eed1f9f,ecee82fa8ff3006a,True,2077,156756078,False
ActPlane,3dae89cd06ae,bpf,fb5e01a060a2e887,2a6ca1ca6ea6ca3e,True,11,847628,True
ActPlane,3dae89cd06ae,docs,cc75a8a512a185e7,2bb8c240474669ef,True,2,16010,True
ActPlane,3dae89cd06ae,script,ecee82fa8ff3006a,8889c81dea9d79c5,True,3,240005,True
ActPlane,3dae89cd06ae,.claude,ef980861f8463913,21df7d89e46ed219,True,1835,89969223,False
ActPlane,3dae89cd06ae,repo-root-files,acc9218f2975168f,e51b23c1b83c6155,True,15,1084762,True
ActPlane,3dae89cd06ae,docs,9e51d96660f67ff7,632b112162bddafd,True,3,170973,True
ActPlane,3dae89cd06ae,repo-root-files,e51b23c1b83c6155,990169cdeef2e455,True,1,117320,False
ActPlane,3dae89cd06ae,docs,632b112162bddafd,6fff2a277efbf71d,True,1,77764,True
ActPlane,3dae89cd06ae,collector,1c3c1f5e066f45db,60c2170e2632ab26,True,21,1212885,False
ActPlane,3dae89cd06ae,repo-root-files,990169cdeef2e455,186560d63ce12cd9,True,2,31984,False
ActPlane,3dae89cd06ae,collector,60c2170e2632ab26,2ec989fbf6e24aaa,True,1,31980,False
ActPlane,3dae89cd06ae,script,8889c81dea9d79c5,264d333bd3c128a9,True,11,170309,True
ActPlane,3dae89cd06ae,docs,6fff2a277efbf71d,1f5573a22039d148,True,7,95443,True
ActPlane,3dae89cd06ae,collector,4313cbc66fd2335c,0ce3c15bb887c34e,True,2,52806,True
ActPlane,3dae89cd06ae,.codex,8eb58edea5b10bc1,ea35fa134accb543,True,4582,710074326,False
ActPlane,3dae89cd06ae,docs,1f5573a22039d148,aecfafe8f39bac0c,True,2,46489,True
ActPlane,3dae89cd06ae,collector,0ce3c15bb887c34e,bcfd874a4e6fb5a6,True,2,104054,True
ActPlane,3dae89cd06ae,repo-root-files,186560d63ce12cd9,eb15a681288b6f5e,True,10,188580,True
ActPlane,3dae89cd06ae,collector,bcfd874a4e6fb5a6,f8a53e9450403d25,True,1,32929,True
ActPlane,3dae89cd06ae,repo-root-files,eb15a681288b6f5e,f2daf3ffe4dfa7af,True,1,14284,True
ActPlane,3dae89cd06ae,script,264d333bd3c128a9,8d2ad0b8550caeb2,True,8,189794,True
ActPlane,3dae89cd06ae,.codex,ea35fa134accb543,2033ff54b6250db3,True,6,93595,True
ActPlane,3dae89cd06ae,collector,f8a53e9450403d25,c6519f68720d9a6d,True,3,2560,True
ActPlane,3dae89cd06ae,repo-root-files,f2daf3ffe4dfa7af,65b296de731ca6cd,True,4,49264,True
ActPlane,3dae89cd06ae,script,8d2ad0b8550caeb2,b0695f017bc516b8,True,4,60549,True
ActPlane,3dae89cd06ae,repo-root-files,65b296de731ca6cd,5caf3cb5c448bfdd,True,1,16300,True
ActPlane,3dae89cd06ae,docs,aecfafe8f39bac0c,7b58a445a7ade51a,True,11,165956,True
ActPlane,3dae89cd06ae,collector,2da31ebf8c5254e0,9a44139652579374,True,15,229216,True
ActPlane,3dae89cd06ae,repo-root-files,5caf3cb5c448bfdd,600380d5d450b021,True,25,333859,True
ActPlane,3dae89cd06ae,docs,89cca057540e1f79,7b480a82be2d14d4,True,16,266664,True
ActPlane,3dae89cd06ae,script,b0695f017bc516b8,50b4e3d21151fb93,True,31,492654,True
ActPlane,3dae89cd06ae,docs,84a97019669a92bb,b31d081775033c90,True,1,122368,True
ActPlane,3dae89cd06ae,repo-root-files,2dc9a2b20e9fda70,efdf251ff66a76a8,True,18,677716,False
ActPlane,3dae89cd06ae,docs,bfd8edd27d295775,8b2d3c490522a2b5,True,1,73838,True
ActPlane,3dae89cd06ae,docs,9a234ac95ea37f99,ca473ed8ba5ad863,True,2,3623206,True
ActPlane,3dae89cd06ae,bpf,2a6ca1ca6ea6ca3e,5e98fcabe8ef4031,True,151,7245108,True
ActPlane,3dae89cd06ae,repo-root-files,efdf251ff66a76a8,36f5493bb621a874,True,76,5499446,False
ActPlane,3dae89cd06ae,docs,d8ee94512f2a8569,45d52bdd11bfd859,True,3,26391,True
ActPlane,3dae89cd06ae,bpf,bc8a81aae9ba1269,f76299a3280f6dd5,True,2,6330,True
ActPlane,3dae89cd06ae,docs,45d52bdd11bfd859,160f3e46c1fe9e86,True,1,12372,True
ActPlane,3dae89cd06ae,collector,51667c31378f4a4f,e86d1fb561c5bd96,True,113,6343500,True
ActPlane,3dae89cd06ae,docs,b0d77e838c1a725e,77ec6ed9eb4bac03,True,1,4899,True
ActPlane,3dae89cd06ae,collector,e86d1fb561c5bd96,453a5fca02782524,True,3,15683,True
ActPlane,3dae89cd06ae,docs,f7b642a17d7cef56,7977d5eba23b5a99,True,4,10854,True
ActPlane,3dae89cd06ae,collector,94ca5fffa1cc08b4,294ade9974b36e0f,True,5,61626,True
ActPlane,3dae89cd06ae,docs,1920eb23ab703d24,5205af1b1e0a81fd,True,8,155045,False
ActPlane,3dae89cd06ae,collector,fe36cabe08a5610c,500cd628381d634d,True,1,34599,True
ActPlane,3dae89cd06ae,docs,5205af1b1e0a81fd,f003b438f64fd3db,True,1,9899,True
ActPlane,3dae89cd06ae,.codex,2033ff54b6250db3,fdf7003da0b460b6,True,169,6951850,True
ActPlane,3dae89cd06ae,docs,d1af453c4601d66c,13b76e2a047f877c,True,1,3877,True
ActPlane,3dae89cd06ae,repo-root-files,36f5493bb621a874,658f9dc27f28b164,True,42,314547,True
ActPlane,3dae89cd06ae,docs,13b76e2a047f877c,6402e14942422ffd,True,1,4207,True
ActPlane,3dae89cd06ae,collector,500cd628381d634d,f57316bace82d550,True,8,35890,True
ActPlane,3dae89cd06ae,docs,57a7372ee0e5cec7,f3450cf69a962bd1,True,1,11162,True
ActPlane,3dae89cd06ae,collector,f57316bace82d550,e9083ba898e7c3a5,True,1,11224,True
ActPlane,3dae89cd06ae,docs,f3450cf69a962bd1,ffde1ef665ebb8a8,True,1,12970,True
ActPlane,3dae89cd06ae,repo-root-files,658f9dc27f28b164,cb15414e41d48082,True,6,38235,True
ActPlane,3dae89cd06ae,docs,ffde1ef665ebb8a8,4e824fb1069ef2e9,True,1,16025,True
ActPlane,3dae89cd06ae,script,50b4e3d21151fb93,974f496208035c68,True,144,6455084,True
ActPlane,3dae89cd06ae,docs,4e824fb1069ef2e9,80f0a27c4114f1df,True,1,8606,True
ActPlane,3dae89cd06ae,.codex,fdf7003da0b460b6,6a89fe1983518a57,True,19,138632,True
ActPlane,3dae89cd06ae,repo-root-files,cb15414e41d48082,6a89fe1983518a57,True,10,92639,True
ActPlane,3dae89cd06ae,docs,afc425f6ee5c61e0,2146906393e9cb22,True,1,2993,True
ActPlane,3dae89cd06ae,collector,e9083ba898e7c3a5,0dea30ddfaf2dce2,True,20,185395,True
ActPlane,3dae89cd06ae,docs,eaa3a4d001a578cc,71b90711cceb848b,True,1,43309,True
ActPlane,3dae89cd06ae,collector,0dea30ddfaf2dce2,c43ab9b8187c0488,True,1,10101,True
ActPlane,3dae89cd06ae,docs,71b90711cceb848b,4b3c56f2a7834325,True,3,28295,True
ActPlane,3dae89cd06ae,.codex,6a89fe1983518a57,d7013cbfd65162b2,True,14,695114,True
ActPlane,3dae89cd06ae,repo-root-files,6a89fe1983518a57,d7013cbfd65162b2,True,14,695114,True
ActPlane,3dae89cd06ae,.actplane,3ca55061018d3aab,2dbe5cd13bdb69de,True,4649,712090923,False
ActPlane,3dae89cd06ae,repo-root-files,d7013cbfd65162b2,646a160c76b3b6b8,True,1,66870,True
ActPlane,3dae89cd06ae,.codex,d7013cbfd65162b2,7299f31575ff6cfe,True,2,66877,True
ActPlane,3dae89cd06ae,docs,1d5e91dc62bc44da,312cdd39b0136eea,True,4,416662,False
ActPlane,3dae89cd06ae,repo-root-files,646a160c76b3b6b8,05b32b894624b2e3,True,5,2295915,True
ActPlane,3dae89cd06ae,collector,06453f55453d3ec2,a8d8e298495d2ece,True,11,2958776,True
ActPlane,3dae89cd06ae,repo-root-files,05b32b894624b2e3,6266693b8b13a4e9,True,25,365968,True
ActPlane,3dae89cd06ae,script,974f496208035c68,f3d8d3b42f89175a,True,58,3506062,True
ActPlane,3dae89cd06ae,repo-root-files,6266693b8b13a4e9,36efad0c9959775e,True,2,18379,True
ActPlane,3dae89cd06ae,collector,5ce6dca41e385379,e61d59e04af6cdc0,True,4,88839,True
ActPlane,3dae89cd06ae,repo-root-files,36efad0c9959775e,9ca598443bfff2f6,True,5,877051,False
ActPlane,3dae89cd06ae,collector,665bf82067a732a1,fafa19aafac4dad0,True,1,35262,False
ActPlane,3dae89cd06ae,repo-root-files,9ca598443bfff2f6,65657020027921ee,True,4,3617,True
ActPlane,3dae89cd06ae,collector,19a941cf11770966,f06064e190ce458c,True,1,4561,True
ActPlane,3dae89cd06ae,docs,d25e7fb28dfb8720,b252a8ed047c59c4,True,45,6397598,False
ActPlane,3dae89cd06ae,collector,dffab4db805dad88,6e778c7ce2aec62a,True,2,3302969,True
ActPlane,3dae89cd06ae,bpf,f76299a3280f6dd5,0a3d1f5893dccdcc,True,132,8424380,True
ActPlane,3dae89cd06ae,collector,7bf93ad40bd9e8aa,c70c8e43e5f6695d,True,1,11,True
ActPlane,3dae89cd06ae,docs,26e62927283be1f3,3bf92d479407eaca,True,6,412218,False
ActPlane,3dae89cd06ae,collector,c70c8e43e5f6695d,f3abcfff3234fc1f,True,4,331971,False
ActPlane,3dae89cd06ae,docs,a1aced6254675d7e,7114d95462c6d0b5,True,1,146056,False
ActPlane,3dae89cd06ae,bpf,0a3d1f5893dccdcc,cde68e493cc34120,True,28,4392343,True
ActPlane,3dae89cd06ae,docs,885933502322e417,775ad1ca54a16131,True,5,1914592,True
ActPlane,3dae89cd06ae,collector,f3abcfff3234fc1f,f4d4d4e8eadb9a02,True,63,4468130,False
ActPlane,3dae89cd06ae,docs,635c6abdd1f071b4,e77fa5c3fdb3e59e,True,3,10512,True
ActPlane,3dae89cd06ae,collector,a258a12a9422efb0,641a714ed1b78382,True,1,10645,True
ActPlane,3dae89cd06ae,docs,e77fa5c3fdb3e59e,89dc207333d1604f,True,1,15120,True
ActPlane,3dae89cd06ae,bpf,ba201027e86e4e11,1c5dfde40f157f1e,True,42,427058,True
ActPlane,3dae89cd06ae,docs,89dc207333d1604f,a086d11bf715b3e6,True,1,15460,True
ActPlane,3dae89cd06ae,bpf,1c5dfde40f157f1e,9a3441ef7c763053,True,1,7020,True
ActPlane,3dae89cd06ae,docs,a086d11bf715b3e6,6823a435c5c9ea71,True,1,49128,True
ActPlane,3dae89cd06ae,bpf,9a3441ef7c763053,df819a6fd1796139,True,7,81020,True
ActPlane,3dae89cd06ae,collector,641a714ed1b78382,2c80809a4a8d144e,True,14,107955,True
ActPlane,3dae89cd06ae,bpf,3a421e42f325f277,f928212d1b33866b,True,2,9354,True
ActPlane,3dae89cd06ae,docs,d3c8820f998d2cab,19c6430ad837eb4f,True,9,38839,True
ActPlane,3dae89cd06ae,bpf,d8559330385dd280,0e5da431d27bd62a,True,1,9402,True
ActPlane,3dae89cd06ae,collector,6d91d661c291e082,f0e19d378bd2356b,True,7,18849,True
ActPlane,3dae89cd06ae,docs,19c6430ad837eb4f,53e5681e7493da5b,True,3,9628,True
ActPlane,3dae89cd06ae,collector,f0e19d378bd2356b,d272054aebf2473c,True,5,17417,True
ActPlane,3dae89cd06ae,repo-root-files,65657020027921ee,7ae031d29162761a,True,115,8617431,False
ActPlane,3dae89cd06ae,bpf,d34828b76965bb11,df3662777f0e35a6,True,8,17508,True
ActPlane,3dae89cd06ae,collector,d272054aebf2473c,be27cb36f642baed,True,2,45,True
ActPlane,3dae89cd06ae,docs,2767290622695747,d1d4f84768226daf,True,4,6383,True
ActPlane,3dae89cd06ae,bpf,df3662777f0e35a6,9fd7dbe4f7c1e47c,True,2,5437,True
ActPlane,3dae89cd06ae,docs,d1d4f84768226daf,0b8b6b1630d7f6f2,True,2,3392,True
ActPlane,3dae89cd06ae,bpf,34e1e4965ed0f3de,fb06cfc53cbee99b,True,7,25646,True
ActPlane,3dae89cd06ae,docs,be971d061a33e4e8,a86f7b94d980f356,True,1,4479,True
ActPlane,3dae89cd06ae,collector,be27cb36f642baed,01ade147633534ef,True,27,94211,True
ActPlane,3dae89cd06ae,docs,3d359e52df528fc3,2500adb5843ac088,True,1,9134,True
ActPlane,3dae89cd06ae,collector,01ade147633534ef,15c4acbe3c3e409c,True,2,6022,True
ActPlane,3dae89cd06ae,docs,96d7f79fffc869ba,9761ed3ce87b0dd5,True,1,4191,True
ActPlane,3dae89cd06ae,bpf,fb06cfc53cbee99b,99434e955a1ef89b,True,22,100342,True
ActPlane,3dae89cd06ae,collector,15c4acbe3c3e409c,968b3a4a3419dc64,True,22,275312,True
ActPlane,3dae89cd06ae,bpf,096f774639c7b87d,e276fbfd24b4c668,True,5,127991,True
ActPlane,3dae89cd06ae,collector,10c1c358f0ad98d9,713e6f184331a4f5,True,2,27163,True
ActPlane,3dae89cd06ae,bpf,a59af600dabc0d6a,cba430651aed9018,True,1,47,True
ActPlane,3dae89cd06ae,collector,713e6f184331a4f5,01086fa9d65000e3,True,1,10380,True
ActPlane,3dae89cd06ae,docs,0ca771458bb1fae6,4b522fdc37a5f622,True,31,420490,True
ActPlane,3dae89cd06ae,repo-root-files,7ae031d29162761a,76aced38eae9d51e,True,85,668465,False
ActPlane,3dae89cd06ae,docs,7b74f6557b0594b1,730da2716335e32b,True,1,12450,True
ActPlane,3dae89cd06ae,collector,888c528924e8bef3,9f377962ca4d37ef,True,22,163736,True
ActPlane,3dae89cd06ae,docs,52798a87dddd8713,3eb85bd28e11244f,True,1,2684,False
ActPlane,3dae89cd06ae,collector,9f377962ca4d37ef,597014eaa27e5d62,True,6,19668,True
ActPlane,3dae89cd06ae,docs,74da96a2f3845517,f16723ef801c772b,True,2,2242,True
ActPlane,3dae89cd06ae,collector,cd07b5a34e9e7368,988cbe59fe6d0a0d,True,20,72659,True
ActPlane,3dae89cd06ae,docs,41ad228f1589c713,9a27760819117b96,True,1,1363,True
ActPlane,3dae89cd06ae,collector,988cbe59fe6d0a0d,62ae211f4dc2541c,True,5,9962,True
ActPlane,3dae89cd06ae,docs,6d0b261ab561c904,e527494bd51be68d,True,1,3290,True
ActPlane,3dae89cd06ae,collector,62ae211f4dc2541c,fae16d0afdb2dd86,True,1,4775,True
ActPlane,3dae89cd06ae,docs,e527494bd51be68d,662f1c4028e4618e,True,1,2857,True
ActPlane,3dae89cd06ae,collector,fae16d0afdb2dd86,e909e2d811826668,True,2,6298,True
ActPlane,3dae89cd06ae,docs,618fb040c585609c,b1bcf9696d0546a4,True,1,12679,True
ActPlane,3dae89cd06ae,collector,e909e2d811826668,18d0aed7260ba4b8,True,2,23265,True
ActPlane,3dae89cd06ae,docs,c9cc4a0f077179c0,fe7efd52a469ae5b,True,1,12229,True
ActPlane,3dae89cd06ae,repo-root-files,76aced38eae9d51e,aa62604b81fdc70a,True,49,196963,False
ActPlane,3dae89cd06ae,bpf,cba430651aed9018,b89fdcc5554bf226,True,80,444163,False
ActPlane,3dae89cd06ae,collector,18d0aed7260ba4b8,eba08aeeff66b584,True,14,135418,True
ActPlane,3dae89cd06ae,bpf,0f2d97b2fb8431db,c3643f0564f9af53,True,5,76726,True
ActPlane,3dae89cd06ae,docs,5742c073f106be12,5ef0d16897eabf82,True,22,331868,False
ActPlane,3dae89cd06ae,collector,ce30fa284c77f031,3a2fbe9ad718c965,True,9,212070,False
ActPlane,3dae89cd06ae,bpf,c2d720d2af06b33a,64e2b80b1efbe222,True,5,157712,False
ActPlane,3dae89cd06ae,docs,e2882fe4616fe02e,379c033f74ac6cae,True,12,103153,True
ActPlane,3dae89cd06ae,repo-root-files,02c45a292a5e479e,379c033f74ac6cae,True,28,440642,True
ActPlane,3dae89cd06ae,bpf,20f32a6d59b570e4,69715fe66aacb178,True,1,28708,True
ActPlane,3dae89cd06ae,collector,1e3711807691231e,91274cfc5c683f79,True,13,608284,True
ActPlane,3dae89cd06ae,bpf,ca3cf0a336db532a,e4dca6b39eb9490c,True,2,479059,True
ActPlane,3dae89cd06ae,script,36efad0c9959775e,56b7229e85a33c5d,True,309,11476094,True
ActPlane,3dae89cd06ae,docs,379c033f74ac6cae,c5617ecbde72afd1,True,11,695348,True
ActPlane,3dae89cd06ae,bpf,0a295c381403d9a9,6adb05da8b60b466,True,2,82042,True
ActPlane,3dae89cd06ae,docs,63dd14700d19057e,f32688ed0f8ba10c,True,1,133354,True
ActPlane,3dae89cd06ae,bpf,6adb05da8b60b466,61eb6d1418ab2582,True,1,109664,True
ActPlane,3dae89cd06ae,docs,f32688ed0f8ba10c,93c2cb6863b16047,True,1,9652,True
ActPlane,3dae89cd06ae,bpf,61eb6d1418ab2582,f19f2a986db75635,True,1,9681,True
ActPlane,3dae89cd06ae,docs,93c2cb6863b16047,32a14dfa90ba05f9,True,2,41418,True
ActPlane,3dae89cd06ae,docs,32a14dfa90ba05f9,8c373dd11a384977,True,4,38848,False
ActPlane,3dae89cd06ae,bpf,acac27498ea4aa9b,76ee14e4c4d262dc,True,1,8442,True
ActPlane,3dae89cd06ae,docs,8c373dd11a384977,ab9841935a3cb9f1,True,3,173526,True
ActPlane,3dae89cd06ae,bpf,937a34d05316112c,5bc49337109b2a08,True,40,1667930,True
ActPlane,3dae89cd06ae,collector,ba38b329dbf9c6f9,beda400ef29b9499,True,65,2154319,True
ActPlane,3dae89cd06ae,docs,50abaf5c971f4c59,5da85332e116fe2c,True,2,3563,True
ActPlane,3dae89cd06ae,bpf,5bc49337109b2a08,44baf372b592f0c7,True,4,19656,True
ActPlane,3dae89cd06ae,collector,beda400ef29b9499,0d4dc683b38f3523,True,5,19696,True
ActPlane,3dae89cd06ae,bpf,e07e221c406e4b48,ddb75a7a834a957e,True,2,46,True
ActPlane,3dae89cd06ae,docs,fbb10833cc26ef0c,0678debb704eae39,True,5,12402,True
ActPlane,3dae89cd06ae,bpf,ddb75a7a834a957e,5421b2c28d56dcfc,True,4,16485,True
ActPlane,3dae89cd06ae,docs,4fdf237da82dcfe7,fba202c4fecba5a8,True,1,4304,True
ActPlane,3dae89cd06ae,bpf,5421b2c28d56dcfc,1d078b41a02da784,True,1,6002,True
ActPlane,3dae89cd06ae,collector,ddb75a7a834a957e,1d078b41a02da784,True,6,22487,True
ActPlane,3dae89cd06ae,docs,fba202c4fecba5a8,79d70e27f8aad29b,True,1,6029,True
ActPlane,3dae89cd06ae,bpf,1d078b41a02da784,67b9111171adb6bc,True,7,49163,True
ActPlane,3dae89cd06ae,docs,715dc5347f496b84,70fd45d3416ffc40,True,2,32507,True
ActPlane,3dae89cd06ae,bpf,ddbc9731c0bb1865,ef081d78cb78521f,True,2,79352,True
ActPlane,3dae89cd06ae,docs,a199fda86905d731,d2d2ecd3c8c74ad9,True,2,75035,True
ActPlane,3dae89cd06ae,bpf,c1d7c083b1e9f9e4,b22a5c2834c85fbf,True,6,131485,True
ActPlane,3dae89cd06ae,docs,28831c68167a89b8,fc8f8de45f8e31fe,True,2,63676,True
ActPlane,3dae89cd06ae,bpf,e7161f1ef90e256b,61dbf686a87bce07,True,1,18120,True
ActPlane,3dae89cd06ae,collector,1d078b41a02da784,1eaecad77fcb046f,True,24,468286,True
ActPlane,3dae89cd06ae,docs,fc8f8de45f8e31fe,8e04e9f3c7fa6490,True,3,193407,False
ActPlane,3dae89cd06ae,docs,8e04e9f3c7fa6490,b8cad03ed568b28b,True,6,361524,False
ActPlane,3dae89cd06ae,collector,1eaecad77fcb046f,46d8ca34708d66dd,True,19,1040588,False
ActPlane,3dae89cd06ae,docs,86b52e3da28aede5,03d3c82cf9cbf384,True,1,81427,True
ActPlane,3dae89cd06ae,bpf,c62c62a2a06b4531,bf2e8008563dbdc6,True,17,1227392,True
ActPlane,3dae89cd06ae,collector,46d8ca34708d66dd,860fff3f4786360f,True,10,442975,False
ActPlane,3dae89cd06ae,bpf,ee0a561618e67c90,3137a9d064ec1df5,True,2,7437,True
ActPlane,3dae89cd06ae,collector,acabb8a138044f8d,eff1b8119c362fc0,True,8,162602,True
ActPlane,3dae89cd06ae,bpf,dfd05d0cfcb56838,2ae1b0dd47626752,True,1,18428,True
ActPlane,3dae89cd06ae,docs,0211ef6202ca0b73,15f85e637c2aae3b,True,18,231290,True
ActPlane,3dae89cd06ae,bpf,2ae1b0dd47626752,a6ea62a84c2a2d18,True,3,37440,True
ActPlane,3dae89cd06ae,docs,3675f5aaa3186478,70d897b89e6bd879,True,8,182174,True
ActPlane,3dae89cd06ae,collector,eff1b8119c362fc0,ee9e0878898175e9,True,13,237831,False
ActPlane,3dae89cd06ae,docs,70d897b89e6bd879,6afb916800e8b380,True,1,17868,True
ActPlane,3dae89cd06ae,bpf,d9bb28ac0f704ed2,02dc563521bf3e04,True,3,156361,True
ActPlane,3dae89cd06ae,docs,6afb916800e8b380,a3432e670066f91c,True,4,24671,True
ActPlane,3dae89cd06ae,bpf,a0ba9390182d64bd,685c10aa83601141,True,1,6831,True
ActPlane,3dae89cd06ae,collector,ee9e0878898175e9,6771cdcdbc5ab987,True,10,65327,True
ActPlane,3dae89cd06ae,bpf,c15a3cc29c613a0b,96a33be82499afbd,True,2,69877,True
ActPlane,3dae89cd06ae,docs,a3432e670066f91c,c6725d642187d7e9,True,19,28469356,True
ActPlane,3dae89cd06ae,collector,c2f2cc84816f38b3,37a0742ff807b9c5,True,23,28894664,False
ActPlane,3dae89cd06ae,docs,d6c53f991220e7df,d84f78d919d5412a,True,18,392889,True
ActPlane,3dae89cd06ae,bpf,3dc9e4ddce9432f9,be1e45bd605c5205,True,29,28871452,True
ActPlane,3dae89cd06ae,docs,d84f78d919d5412a,e54008c678cae01a,True,2,7036,True
ActPlane,3dae89cd06ae,bpf,8045fd3bd61e4a33,13482fb9ad41d391,True,1,12313,True
ActPlane,3dae89cd06ae,docs,e54008c678cae01a,ff6cb29e7220451f,True,3,31329,False
ActPlane,3dae89cd06ae,bpf,c3d2e28a67f2f4f3,66eb9310b350e73f,True,1,38826,False
ActPlane,3dae89cd06ae,collector,cfbd0a98ab99bf99,c9f7e50bd401a979,True,19,378505,True
ActPlane,3dae89cd06ae,bpf,84371c3863605f58,146462f56ebab12f,True,6,46236,True
ActPlane,3dae89cd06ae,collector,ca4f5b98ecfd7305,8a918d24ba442ba1,True,1,8558,True
ActPlane,3dae89cd06ae,docs,ff6cb29e7220451f,1f9042cb7dbe5130,True,21,343699,False
ActPlane,3dae89cd06ae,collector,863e0e368a2df4ee,1feb7cf585b3fd5b,True,1,2521,True
ActPlane,3dae89cd06ae,bpf,146462f56ebab12f,bdeb56f57e8f5f0f,True,8,21224,True
ActPlane,3dae89cd06ae,collector,118ed2b8fd57ac33,3cd96341b1861ad9,True,2,81236,True
ActPlane,3dae89cd06ae,bpf,f3aadafbc17e0c0c,168f9bba5762c25b,True,1,53152,True
ActPlane,3dae89cd06ae,collector,3cd96341b1861ad9,fabcb0649d48f7bf,True,1,10384,True
ActPlane,3dae89cd06ae,bpf,168f9bba5762c25b,7ea8905e767b0528,True,1,5005,True
ActPlane,3dae89cd06ae,collector,fabcb0649d48f7bf,a0bcde5326cfcc24,True,2,20174,True
ActPlane,3dae89cd06ae,docs,1f9042cb7dbe5130,cc1973863d828b05,True,19,259693,True
ActPlane,3dae89cd06ae,collector,c1459832f25b5e87,bdcb1e1fbf1b20b1,True,1,26343,True
ActPlane,3dae89cd06ae,docs,cc1973863d828b05,6b84a7822e6d122f,True,1,48398,True
ActPlane,3dae89cd06ae,repo-root-files,379c033f74ac6cae,1e2972a67c12c9ee,True,272,65168877,False
ActPlane,3dae89cd06ae,collector,bdcb1e1fbf1b20b1,2f498f39a0d2db2e,True,5,30361347,False
ActPlane,3dae89cd06ae,bpf,c57f2bbe7a8bc7c5,7c4bb7a5a5a2d604,True,19,30553719,False
ActPlane,3dae89cd06ae,collector,c67522cafa8b6495,f37e2c0dc86d083c,True,6,455997,True
ActPlane,3dae89cd06ae,bpf,50b92abea0b58f64,e2cda0385c809eeb,True,3,5688,True
ActPlane,3dae89cd06ae,collector,758a43764959f1db,76a216df94b05988,True,2,13506,True
ActPlane,3dae89cd06ae,bpf,dce037d7cfe027cb,a272cf8525f9fed0,True,3,69048,True
ActPlane,3dae89cd06ae,collector,6a7e5b7595810407,cfbb1f073a922117,True,7,223150,True
ActPlane,3dae89cd06ae,bpf,e995d786271b819d,aab902e8312c65d1,True,1,82170,True
ActPlane,3dae89cd06ae,collector,cfbb1f073a922117,f9b0e66f666c3c6a,True,3,88460,True
ActPlane,3dae89cd06ae,bpf,519def828a8320c2,9ecc93fa9a236245,True,2,53832,True
ActPlane,3dae89cd06ae,collector,1aef5183df8a5acd,3346b866977f04ef,True,21,320423,True
ActPlane,3dae89cd06ae,bpf,455e64193688b3a4,022e4ac79f90b5db,True,12,124812,True
ActPlane,3dae89cd06ae,collector,0c2ac3c2cf4d7f79,88ba9472644d5a3b,True,5,147143,True
ActPlane,3dae89cd06ae,bpf,87936155613f6f65,06af5e16ade86e03,True,2,118702,True
ActPlane,3dae89cd06ae,repo-root-files,850e7311cf5f2af9,2ad55ba79fdada17,True,74,1551871,True
ActPlane,3dae89cd06ae,.claude,21df7d89e46ed219,c67d8554bcdeb946,True,912,93037423,False
ActPlane,3dae89cd06ae,repo-root-files,2ad55ba79fdada17,0111c2ae4d1d3b4e,True,1,4607235,True
ActPlane,3dae89cd06ae,docs,a7170078f3472c03,e2efd7dcc7e947fe,True,80,10428959,False
ActPlane,3dae89cd06ae,collector,1a7a173cf4e40a94,73fc6a29b307ba9c,True,17,11456371,False
ActPlane,3dae89cd06ae,bpf,69af89210801f5a9,532092c223b3354f,True,16,11413632,False
ActPlane,3dae89cd06ae,docs,48329246a7fa2312,e01fb20f54248e27,True,3,9595,True
ActPlane,3dae89cd06ae,bpf,532092c223b3354f,30f2a2ec85dda39f,True,1,9560,True
ActPlane,3dae89cd06ae,collector,35951f106a8ac3a1,534040a3dbfd63e2,True,4,9596,True
ActPlane,3dae89cd06ae,bpf,5e5a641eb116d3ba,126b4465b4093eda,True,2,7737,True
ActPlane,3dae89cd06ae,collector,dfb2a2710f6a24fb,c3044499b65fd8f8,True,2,36,True
ActPlane,3dae89cd06ae,bpf,23b077223c2065f8,68538258bd007bae,True,2,9882,True
ActPlane,3dae89cd06ae,collector,046f6a9bef939537,80f55feed10e01ae,True,1,0,True
ActPlane,3dae89cd06ae,docs,e01fb20f54248e27,293fcf11f16b5863,True,10,17655,True
ActPlane,3dae89cd06ae,bpf,68538258bd007bae,83cdef731121195c,True,7,14626,True
ActPlane,3dae89cd06ae,collector,80f55feed10e01ae,50a1fa7c40e822d3,True,8,14653,True
ActPlane,3dae89cd06ae,docs,f38c0b9281b20892,c9efafae7a443e2e,True,3,324972,True
ActPlane,3dae89cd06ae,collector,50a1fa7c40e822d3,58e7ef3cfc69bf5f,True,7,427934,True
ActPlane,3dae89cd06ae,docs,05fe9eade9d2084a,d9facadcd4637d5e,True,1,23077,True
ActPlane,3dae89cd06ae,collector,58e7ef3cfc69bf5f,4bea3a92a376244e,True,9,63514,True
ActPlane,3dae89cd06ae,docs,605a27b7ea74592c,bb7ab7ecd6fd19f3,True,3,565720,True
ActPlane,3dae89cd06ae,collector,8450980a2468993e,c794bfd05b77a06d,True,34,40948795,False
ActPlane,3dae89cd06ae,docs,e234ecfda8d08e9e,53d2fd86af34de08,True,5,853398,True
ActPlane,3dae89cd06ae,collector,7f3c4e937ef8df44,1e6028e16e464a39,True,72,18497738,False
ActPlane,3dae89cd06ae,docs,73ff4a1abfcc9f67,f368b63735b76f52,True,2,96343,True
ActPlane,3dae89cd06ae,.github,f0edba0be4b89dee,020600197e534bb3,True,3195,326303680,False
ActPlane,3dae89cd06ae,docs,9a771f266fcd3b76,0018e55cdbfc799a,True,1,473624,True
ActPlane,3dae89cd06ae,collector,a412d5e887035d0f,c586f8c87cbe9cbe,True,31,2365522,False
ActPlane,3dae89cd06ae,.github,020600197e534bb3,1bacf495b6522ed4,True,16,475952,True
ActPlane,3dae89cd06ae,collector,0a5c6a876391add2,f11caecaa1fba071,True,1,109316,True
ActPlane,3dae89cd06ae,repo-root-files,68f640c308363605,25e40bb784b1c5ba,True,201,69208332,False
ActPlane,3dae89cd06ae,bpf,50a1fa7c40e822d3,0312253397ffdddf,True,169,62517297,True
ActPlane,3dae89cd06ae,collector,f11caecaa1fba071,0312253397ffdddf,True,1,20960,True
ActPlane,3dae89cd06ae,.github,1bacf495b6522ed4,7b0c91178161e59a,True,3,175262,True
ActPlane,3dae89cd06ae,repo-root-files,25e40bb784b1c5ba,9539485b586bb12a,True,4,145174,True
ActPlane,3dae89cd06ae,bpf,0312253397ffdddf,c1534a133e7423d3,True,4,143978,True
ActPlane,3dae89cd06ae,collector,0312253397ffdddf,c1534a133e7423d3,True,4,143978,True
ActPlane,3dae89cd06ae,.github,3815eaab96abc3ee,d45d88be12616b8e,True,2,207049,True
ActPlane,3dae89cd06ae,bpf,c1534a133e7423d3,6dc7fa6c147510a4,True,1,132868,True
ActPlane,3dae89cd06ae,collector,c1534a133e7423d3,6dc7fa6c147510a4,True,1,132868,True
ActPlane,3dae89cd06ae,repo-root-files,c1534a133e7423d3,6dc7fa6c147510a4,True,1,132868,True
ActPlane,3dae89cd06ae,.github,d45d88be12616b8e,6709d5cccbe8a70d,True,1,94625,True
ActPlane,3dae89cd06ae,bpf,6dc7fa6c147510a4,6ea5b25143c48a83,True,3,163127,True
ActPlane,3dae89cd06ae,collector,6dc7fa6c147510a4,6ea5b25143c48a83,True,3,163127,True
ActPlane,3dae89cd06ae,repo-root-files,6dc7fa6c147510a4,6ea5b25143c48a83,True,3,163127,True
ActPlane,3dae89cd06ae,.github,c635623a59f9dd7d,a2b3d63b8ab0b62a,True,2,5936,True
ActPlane,3dae89cd06ae,docs,a7f1ee7cd2118060,a0ea5fecccc38179,True,19,765214,True
ActPlane,3dae89cd06ae,.github,a2b3d63b8ab0b62a,64599f2eba195716,True,11,536352,True
ActPlane,3dae89cd06ae,docs,afb1d127a8760cf4,021bb50d2134aa1a,True,2,477485,True
ActPlane,3dae89cd06ae,collector,8f70a8aee04f1448,6442dc08e5988fac,True,96,11052697,False
ActPlane,3dae89cd06ae,script,56b7229e85a33c5d,02395bba384fabb1,True,655,151629585,False
ActPlane,3dae89cd06ae,docs,944d45ce6a96c9d2,f1944e2709e0216c,True,3,80512,True
ActPlane,3dae89cd06ae,collector,de9150153efb2f93,259fb3abf8022f57,True,44,12919952,True
ActPlane,3dae89cd06ae,bpf,6ea5b25143c48a83,7e82e85d25023e58,True,144,24027279,False
ActPlane,3dae89cd06ae,docs,b5f294590421104b,5bf2c7eeddf05620,True,3,209305,True
ActPlane,3dae89cd06ae,collector,259fb3abf8022f57,7d7d301d29467550,True,42,2286295,True
ActPlane,3dae89cd06ae,docs,ec4b6d35a6ce29f5,8d167c5cf9618123,True,1,57499,True
ActPlane,3dae89cd06ae,repo-root-files,6ea5b25143c48a83,80e7062ee61e5ac7,True,244,64517705,False
ActPlane,3dae89cd06ae,docs,0a21cedd9ba0eb8e,e7e0185a94058866,True,2,5005268,True
ActPlane,3dae89cd06ae,repo-root-files,fc49910adfa8cb57,7fbc9ddc5d723400,True,6,127923,True
ActPlane,3dae89cd06ae,docs,0ff2dcf000071b51,52d7afc123ba98c0,True,1,87185,True
ActPlane,3dae89cd06ae,collector,7d7d301d29467550,55ae377c19d73eb4,True,78,38968570,True
ActPlane,3dae89cd06ae,bpf,3aab2171ae336101,22a895405b4f3605,True,120,41234127,True
ActPlane,3dae89cd06ae,docs,2de99872f0f46604,ea4b266ccf435a62,True,2,189827,True
ActPlane,3dae89cd06ae,repo-root-files,7fbc9ddc5d723400,a7e1add28ab23c94,True,22,1138900,True
ActPlane,3dae89cd06ae,docs,5717ff9d1ed0c6c7,9f05376f481388a5,True,1,878401,True
ActPlane,3dae89cd06ae,repo-root-files,a7e1add28ab23c94,82bf1d6d506f50af,True,53,8664635,False
ActPlane,3dae89cd06ae,collector,55ae377c19d73eb4,07ac5d929661b210,True,64,9720508,False
ActPlane,3dae89cd06ae,docs,4c8c43661f1b0662,b79a2b0a992a9a1a,True,3,967256,True
ActPlane,3dae89cd06ae,repo-root-files,82bf1d6d506f50af,2ea8798cbe9a62ad,True,56,4606547,False
ActPlane,3dae89cd06ae,docs,2f45b02af65c271c,96a6e9f15872c450,True,2,568419,False
ActPlane,3dae89cd06ae,repo-root-files,a409e7b1010a2d30,f853e0e46e352974,True,18,214032,True
ActPlane,3dae89cd06ae,docs,22c65e097d630abf,2729b5d08120b695,True,1,25612,True
ActPlane,3dae89cd06ae,repo-root-files,f853e0e46e352974,d506558a342ae6ce,True,4,54327,True
ActPlane,3dae89cd06ae,bpf,22a895405b4f3605,797f2aba891b6ce8,True,196,16617602,False
ActPlane,3dae89cd06ae,docs,e500cadaeda71ade,13acf606dd2e2247,True,1,129376,False
ActPlane,3dae89cd06ae,bpf,797f2aba891b6ce8,d891b9b05041d96f,True,58,6996242,True
ActPlane,3dae89cd06ae,docs,08de2dc29c1598b7,012ecd69727222ee,True,2,120568,True
ActPlane,3dae89cd06ae,collector,0e4c51fbe73f18e4,33185ed0526d75a7,True,196,13861135,False
ActPlane,3dae89cd06ae,docs,de830e9749136e57,689bf3903ba97455,True,1,24174,True
ActPlane,3dae89cd06ae,collector,33185ed0526d75a7,b1ef896da6d5bbf5,True,1,3168,True
ActPlane,3dae89cd06ae,bpf,d391f2609bb5e046,38ca08420c2af1fe,True,7,114921,False
ActPlane,3dae89cd06ae,collector,b1ef896da6d5bbf5,00a5332978144569,True,11,198056,True
ActPlane,3dae89cd06ae,docs,689bf3903ba97455,046ac8ec10dc17f1,True,13,238962,True
ActPlane,3dae89cd06ae,bpf,00a5332978144569,e25973a2a2ec6124,True,1,64822,True
ActPlane,3dae89cd06ae,docs,046ac8ec10dc17f1,2216e557c49210de,True,1,56398,True
ActPlane,3dae89cd06ae,collector,00a5332978144569,a572a418902dd861,True,3,125446,True
ActPlane,3dae89cd06ae,docs,2216e557c49210de,59a3c747f7956eee,True,1,71122,True
ActPlane,3dae89cd06ae,bpf,e25973a2a2ec6124,4fe54f8a2a05d0b5,True,4,167397,True
ActPlane,3dae89cd06ae,docs,09a3a2d4f6e30e10,88a27b5c15e60039,True,1,77916,True
ActPlane,3dae89cd06ae,bpf,4fe54f8a2a05d0b5,cb5efe0c00e44cb2,True,2,81391,True
ActPlane,3dae89cd06ae,docs,7b01ac49aab612e2,3d39438297a11475,True,3,337540,True
ActPlane,3dae89cd06ae,bpf,da8c897170c0ac03,0165cdbb531b3113,True,1,854511,False
ActPlane,3dae89cd06ae,docs,3d39438297a11475,df56b4458fb1548b,True,7,649371,False
ActPlane,3dae89cd06ae,bpf,b0d8a6dffbd9c104,67fa71b0e42a7b58,True,3,108591,True
ActPlane,3dae89cd06ae,collector,a572a418902dd861,2d5fc8ff1572abb3,True,22,1349956,False
ActPlane,3dae89cd06ae,bpf,6587cab4ad30fe9e,0ed6b1a01671d1fe,True,1,61536,True
ActPlane,3dae89cd06ae,repo-root-files,d506558a342ae6ce,45b0e55a0b1f0036,True,159,11248424,False
ActPlane,3dae89cd06ae,docs,1aac993c94201bee,d870796992f8b9a6,True,6,232127,True
ActPlane,3dae89cd06ae,collector,2d5fc8ff1572abb3,e756c39a587c2fc2,True,7,326796,True
ActPlane,3dae89cd06ae,bpf,0ed6b1a01671d1fe,2f3a8341aac3e736,True,7,326795,True
ActPlane,3dae89cd06ae,docs,11df620ed5c118ad,b8231e17a629d7b7,True,2,219707,True
ActPlane,3dae89cd06ae,collector,e756c39a587c2fc2,9faf359e31665c0b,True,11,1099286,False
ActPlane,3dae89cd06ae,script,02395bba384fabb1,8fabe38a43e6abf9,True,492,80928920,True
ActPlane,3dae89cd06ae,repo-root-files,45b0e55a0b1f0036,c0c0faee7a075658,True,21,1392795,False
ActPlane,3dae89cd06ae,script,8fabe38a43e6abf9,bc01a2eade674e1a,True,1,50,True
ActPlane,3dae89cd06ae,collector,3d34277997ca69ef,6bb093fc9acbc8d3,True,3,11297,True
ActPlane,3dae89cd06ae,docs,2795eb12d0fd9073,fa556d430c2ad96f,True,11,45607,True
ActPlane,3dae89cd06ae,collector,c2bb46b69426aa32,643bb9eaf3def835,True,9,47379,True
ActPlane,3dae89cd06ae,docs,848cd13c9439ce4d,f824fc9b0bb270c3,True,1,25504,False
ActPlane,3dae89cd06ae,collector,643bb9eaf3def835,8f27602169180c4f,True,4,45648,True
ActPlane,3dae89cd06ae,docs,5bd81123e63fe1ee,fe1c9155933b618d,True,1,25772,False
ActPlane,3dae89cd06ae,collector,8f27602169180c4f,7f3b845231eae5d6,True,79,12505578,True
ActPlane,3dae89cd06ae,docs,8fc47d234bfa9674,28c44eae9ec5634b,True,1,59079,True
ActPlane,3dae89cd06ae,collector,7f3b845231eae5d6,0249802b3a3c3547,True,13,1226197,False
ActPlane,3dae89cd06ae,docs,8baff0969dfa27e9,b0625d76209c4ac2,True,7,227433,True
ActPlane,3dae89cd06ae,collector,1f0d4a9954906b49,43c21eb76d2f9c47,True,4,53456,True
ActPlane,3dae89cd06ae,script,bc01a2eade674e1a,5beb0be33ff23d76,True,125,14108770,False
ActPlane,3dae89cd06ae,docs,00eb693148ea7e85,f8db1fc27711c110,True,3,156401,True
ActPlane,3dae89cd06ae,collector,43c21eb76d2f9c47,2a19000d2eee4515,True,552,75746988,True
ActPlane,3dae89cd06ae,bpf,2f3a8341aac3e736,4cc519a9aea7af51,True,695,90889391,True
ActPlane,3dae89cd06ae,docs,64779077a6e22d46,c0b2b3345febed50,True,3,5710,True
ActPlane,3dae89cd06ae,collector,3e445766a6f2ff6c,c925426d73bd181d,True,9,13805,True
ActPlane,3dae89cd06ae,docs,30e723fb416add47,f39add0ab7cf7a9a,True,3,407,True
ActPlane,3dae89cd06ae,collector,a70709a61f352658,2c5dc91a8de901ac,True,1,16294,True
ActPlane,3dae89cd06ae,bpf,4cc519a9aea7af51,fc244e062b59f761,True,15,51510,True
ActPlane,3dae89cd06ae,collector,8f4fce0e739bb616,ceb8a63aa1464092,True,1,13554,True
ActPlane,3dae89cd06ae,bpf,fc244e062b59f761,db13b3509c8f1b70,True,1,583,True
ActPlane,3dae89cd06ae,docs,f39add0ab7cf7a9a,176a708110ab86a3,True,6,52480,True
ActPlane,3dae89cd06ae,collector,ceb8a63aa1464092,23d78a9fe1ec4961,True,2,21092,True
ActPlane,3dae89cd06ae,docs,176a708110ab86a3,c7057b8841d2cad4,True,2,12813,True
ActPlane,3dae89cd06ae,collector,2b30db97aeaa9221,51b51ebe1ee78ddf,True,2,3799,True
ActPlane,3dae89cd06ae,docs,06785120db814fdb,e98b4025e2c0fd4d,True,2,14923,True
ActPlane,3dae89cd06ae,collector,c189cdcbe5c37c38,942753d0027e1ea1,True,2,18968,True
ActPlane,3dae89cd06ae,bpf,db13b3509c8f1b70,f436b320961f279b,True,12,74984,True
ActPlane,3dae89cd06ae,docs,bd6d8f35983cb6d5,48e130e02d095d9d,True,7,40032,True
ActPlane,3dae89cd06ae,bpf,8ab8f14f1b64e193,8c1e2a755ba6acb0,True,3,25979,True
ActPlane,3dae89cd06ae,docs,cd2a90206327f773,272fbb0051e5f052,True,1,103690,False
ActPlane,3dae89cd06ae,.actplane,2dbe5cd13bdb69de,b9ed6d0504f8081d,True,2320,361992602,False
ActPlane,3dae89cd06ae,docs,1205c5b23d46adf5,cf0ca47b13044395,True,2,953539,False
ActPlane,3dae89cd06ae,collector,b28d5890002d671e,a4ed95eef50c2030,True,1078,72822342,True
ActPlane,3dae89cd06ae,docs,a4ed95eef50c2030,6135cd04b234c791,True,1,33,True
ActPlane,3dae89cd06ae,collector,7b2fcf2cb2fc1022,58bd4b88542a7a79,True,1,11414,True
ActPlane,3dae89cd06ae,docs,6135cd04b234c791,474288689df57007,True,1,96334,True
ActPlane,3dae89cd06ae,bpf,8c1e2a755ba6acb0,422ad0a3b19f9316,True,1159,80571551,True
ActPlane,3dae89cd06ae,collector,58bd4b88542a7a79,5ed8240b78533fa9,True,87,7787065,True
ActPlane,3dae89cd06ae,docs,eb08ab7765d67f41,a90c67576ba1ef8e,True,3,45,True
ActPlane,3dae89cd06ae,collector,5ed8240b78533fa9,58cf448f677e7341,True,1,7260,True
ActPlane,3dae89cd06ae,bpf,9808fb95caca5091,8d1fe64c68542169,True,4,22017,True
ActPlane,3dae89cd06ae,docs,a90c67576ba1ef8e,b903277c9655f710,True,5,655231,True
ActPlane,3dae89cd06ae,collector,7b1bccfc56db10b9,c62f5f34e9c64199,True,140,7786259,True
ActPlane,3dae89cd06ae,docs,4418a6227d7b1547,eb21c87503f95729,True,1,8204,True
ActPlane,3dae89cd06ae,bpf,81e13f89980c3752,23f5fd5fb5384b6b,True,385,23533403,True
ActPlane,3dae89cd06ae,docs,1657ef1107a47e70,dabc686e3f49b759,True,1,380561,True
ActPlane,3dae89cd06ae,collector,c62f5f34e9c64199,54a1a010c6954f3d,True,1033,94333854,True
ActPlane,3dae89cd06ae,docs,a101cbe0b65b361f,180c286311f4b420,True,2,269132,True
ActPlane,3dae89cd06ae,bpf,23f5fd5fb5384b6b,62b334cf5e928a6e,True,792,78851329,True
ActPlane,3dae89cd06ae,docs,a156415998fa8d3f,d55a5f7e9b5af439,True,2,49753,True
ActPlane,3dae89cd06ae,collector,4213d443f9587a9f,9c140415db84f2d1,True,10,337783,True
ActPlane,3dae89cd06ae,docs,0cf5c9e176618c7d,e366a6348e802ff5,True,1,51761,True
ActPlane,3dae89cd06ae,collector,9c140415db84f2d1,12bc94bc7141c027,True,8,92730,True
ActPlane,3dae89cd06ae,docs,25336189e95676da,e74576a81a227e99,True,2,88763,True
ActPlane,3dae89cd06ae,collector,0979b7b67f9d167f,4f9e43a5d1925e29,True,37,2666397,True
ActPlane,3dae89cd06ae,bpf,11bfa0cb7e36953f,66779369833b168a,True,52,2839663,True
ActPlane,3dae89cd06ae,docs,dc57cf901a2cef2f,d2bb33fb9af637f7,True,3,88157,True
ActPlane,3dae89cd06ae,bpf,81d58c90fc91142b,a3c083cb34c68d92,True,1,270213,True
ActPlane,3dae89cd06ae,collector,4f9e43a5d1925e29,baf0c26970e0ad85,True,5,313363,True
ActPlane,3dae89cd06ae,bpf,ec5edd8e540f8f09,b930d50ea16c6ef0,True,2,115569,True
ActPlane,3dae89cd06ae,collector,294775cb3c494c81,2c88ee7d2bbc6ebb,True,1,135061,True
ActPlane,3dae89cd06ae,docs,d2bb33fb9af637f7,0047aa47158deb85,True,19,1275819,True
ActPlane,3dae89cd06ae,collector,a7fc8f5fe3fdc8ab,61e1f73542e365a3,True,2,597898,True
ActPlane,3dae89cd06ae,docs,37963a638530058f,248111c01fe15484,True,1,19698,True
ActPlane,3dae89cd06ae,collector,61e1f73542e365a3,04f2beaa4e0ed8a9,True,2,34864,True
ActPlane,3dae89cd06ae,bpf,b930d50ea16c6ef0,4d43087b8ded9c47,True,23,2183598,True
ActPlane,3dae89cd06ae,collector,04f2beaa4e0ed8a9,4d43087b8ded9c47,True,3,1110024,True
ActPlane,3dae89cd06ae,docs,b36f233217752aaa,4294c58077a49475,True,1,12333,True
ActPlane,3dae89cd06ae,bpf,4d43087b8ded9c47,7869dbf09ef18777,True,1,8670,True
ActPlane,3dae89cd06ae,collector,4d43087b8ded9c47,7869dbf09ef18777,True,1,8670,True
ActPlane,3dae89cd06ae,docs,4294c58077a49475,9400ea737adc5ea8,True,3,17194,True
ActPlane,3dae89cd06ae,bpf,697ed8054c65b787,04f33f18153735af,True,1,18362,True
ActPlane,3dae89cd06ae,docs,9400ea737adc5ea8,cb2a228009244c1c,True,1,18392,True
ActPlane,3dae89cd06ae,collector,7869dbf09ef18777,e057b555b852e109,True,6,88339,True
ActPlane,3dae89cd06ae,bpf,04f33f18153735af,92fda98ed955cebc,True,3,70033,True
ActPlane,3dae89cd06ae,collector,e057b555b852e109,8ec3b560d22f3283,True,2,8659,True
ActPlane,3dae89cd06ae,docs,5387fc3a5a30c59d,bb9b4949df6e83bf,True,5,127635,True
ActPlane,3dae89cd06ae,repo-root-files,c0c0faee7a075658,211b57c43d4e7dc1,True,3554,299957355,False
ActPlane,3dae89cd06ae,docs,799db84d534b93e7,1f7c2810f3ca16df,True,1,101671,True
ActPlane,3dae89cd06ae,repo-root-files,211b57c43d4e7dc1,92bf13b5be287f25,True,4,22043,True
ActPlane,3dae89cd06ae,docs,3b568e6692871ede,98d0b46297241319,True,1,45052,True
ActPlane,3dae89cd06ae,docs,98d0b46297241319,4345815e16d0b685,True,1,8089,True
ActPlane,3dae89cd06ae,repo-root-files,596cd94ac9e8b4ef,fc904408208d6ce2,True,1,17476,True
ActPlane,3dae89cd06ae,docs,fc904408208d6ce2,4a9677b0d3b9d1a7,True,2,12728,True
ActPlane,3dae89cd06ae,repo-root-files,e0f6019a710d377f,d0e956c59b4ab780,True,2,41884,True
ActPlane,3dae89cd06ae,docs,a2a09985cde95edb,39cff81ed6f21314,True,1,32787,True
ActPlane,3dae89cd06ae,repo-root-files,d0e956c59b4ab780,da4e81aba494b56e,True,348,25336612,False
ActPlane,3dae89cd06ae,docs,3ef40058a1a100f2,461113b86b1b34ce,True,1,27731,True
ActPlane,3dae89cd06ae,collector,36831599990ae1a2,7589c200d239fee9,True,905,50530221,False
ActPlane,3dae89cd06ae,bpf,09293be9c9136d17,209186b0716d95b9,True,909,50597904,False
ActPlane,3dae89cd06ae,collector,112159833d4569f1,130364a057842922,True,1,307,True
ActPlane,3dae89cd06ae,bpf,209186b0716d95b9,ca65b193c8c62323,True,1,4078,True
ActPlane,3dae89cd06ae,docs,1ed0d521bcc33465,6e291cad3081c1ad,True,8,81560,True
ActPlane,3dae89cd06ae,collector,130364a057842922,88bc714647a734fc,True,11,57414,True
ActPlane,3dae89cd06ae,docs,2e0ff3d908e6d2e8,14e58e7f7628ec54,True,1,7846,False
ActPlane,3dae89cd06ae,bpf,0ed53804d31c8783,9389ac304aa4c192,True,21,210977,True
ActPlane,3dae89cd06ae,collector,88bc714647a734fc,b1658641b4884ab7,True,18,221811,True
ActPlane,3dae89cd06ae,docs,432ab3c2adc0dbad,635d64898463028d,True,7,99093,False
ActPlane,3dae89cd06ae,bpf,8a74850186e72793,6d9cd3896b96cf1a,True,3,5016,True
ActPlane,3dae89cd06ae,docs,635d64898463028d,a49a5e581b90db13,True,1,4521,True
ActPlane,3dae89cd06ae,bpf,6d9cd3896b96cf1a,da24dc611fcb7126,True,3,40960,True
ActPlane,3dae89cd06ae,collector,5e8d77433042dfd4,13afe984862e884b,True,8,50887,True
ActPlane,3dae89cd06ae,docs,632de53a394ae722,17bf2b389e1a4848,True,6,38436,True
ActPlane,3dae89cd06ae,bpf,8030eaaaa1dd85d1,161963f4d0a7ce1f,True,5,20874,True
ActPlane,3dae89cd06ae,collector,32a920dbff6008f2,ce5a02a5577bf9b4,True,4,32075,True
ActPlane,3dae89cd06ae,bpf,b4096851b6eb8eb0,c1d04205228e438d,True,1,4903,True
ActPlane,3dae89cd06ae,docs,7350527fa980ae16,076ee0ba9cbb72fa,True,4,26140,True
ActPlane,3dae89cd06ae,vmlinux,00ab37c2ee8600da,035b3c5d598afc8a,True,10477,1299851941,False
ActPlane,3dae89cd06ae,collector,ce5a02a5577bf9b4,a5a79c348ff252c6,True,4,23771,True
ActPlane,3dae89cd06ae,vmlinux,88510a0ee5c57bf1,8a490d3779ad2b7d,True,1,3273,True
ActPlane,3dae89cd06ae,bpf,c1d04205228e438d,7e1d96612e8de97c,True,5,35616,True
ActPlane,3dae89cd06ae,vmlinux,8a490d3779ad2b7d,a5c5be88f1bd2d94,True,1,21155,True
ActPlane,3dae89cd06ae,bpf,7e1d96612e8de97c,84058d3046d70010,True,1,16933,True
ActPlane,3dae89cd06ae,docs,076ee0ba9cbb72fa,f5a4c24d12ffb461,True,16,191435,True
ActPlane,3dae89cd06ae,repo-root-files,da4e81aba494b56e,686b1a37322ca4a5,True,492,12387114,False
ActPlane,3dae89cd06ae,docs,ce2b55db259cbbe7,aa467f1fa177454a,True,1,5393,False
ActPlane,3dae89cd06ae,repo-root-files,686b1a37322ca4a5,88f2849825a895b9,True,1,3284,True
ActPlane,3dae89cd06ae,docs,aa467f1fa177454a,92e676306edbe7d7,True,4,20032,False
ActPlane,3dae89cd06ae,bpf,cc995c14bf9f8485,2f53bd76f319f4ee,True,582,22340585,False
ActPlane,3dae89cd06ae,docs,72e2efeacb52d91b,e10d3437c8525a2c,True,2,72619,True
ActPlane,3dae89cd06ae,repo-root-files,1e7750b291cbd1c8,cb35a33f8c472526,True,542,26758666,False
ActPlane,3dae89cd06ae,docs,625dccab9c84b71f,58faedf68d281b5d,True,1,83658,True
ActPlane,3dae89cd06ae,collector,a5a79c348ff252c6,53e2b9e6f7528573,True,904,108276987,False
ActPlane,3dae89cd06ae,docs,ad666d397914b984,d1074eefd77ce46d,True,3,7829,True
ActPlane,3dae89cd06ae,collector,e149993415515a6d,7f2d39ca12366ca9,True,1,61988,True
ActPlane,3dae89cd06ae,docs,d1074eefd77ce46d,6e33d8a7bb6e5229,True,1,121171,True
ActPlane,3dae89cd06ae,script,f53d4868fce23516,01341081f503c5ee,True,5236,439602539,False
ActPlane,3dae89cd06ae,docs,0a2f04cba443de77,be8daf73763636a6,True,1,10095,False
ActPlane,3dae89cd06ae,collector,7f2d39ca12366ca9,742f5192e942e3ca,True,384,17691176,False
ActPlane,3dae89cd06ae,docs,0f5adfaa9ec4aae7,9b095abf864c581d,True,3,37156,True
ActPlane,3dae89cd06ae,bpf,c5d5d35355a0473e,66009872a2c2a1f6,True,761,104594435,False
ActPlane,3dae89cd06ae,docs,9fe90f3e122744bb,1372f34756ff6b61,True,3,24926,False
ActPlane,3dae89cd06ae,bpf,0b1856bb8548a3d6,9a2dc7c2ce86ff75,True,2,8764,True
ActPlane,3dae89cd06ae,collector,5260925f1710dc44,3fff40078b8cbfd5,True,68,1007596,False
ActPlane,3dae89cd06ae,bpf,9a2dc7c2ce86ff75,dabcdad3054056e1,True,4,17578,True
ActPlane,3dae89cd06ae,docs,d38badfb3981859e,ef1ec3e34b8be61b,True,6,18872,False
ActPlane,3dae89cd06ae,bpf,dabcdad3054056e1,d0672f1f60b8cde7,True,1,7900,True
ActPlane,3dae89cd06ae,docs,ef1ec3e34b8be61b,9434a1c9abadc37c,True,1,9865,True
ActPlane,3dae89cd06ae,collector,49091ccd276adea8,abcadc045b896eee,True,46,1331044,False
ActPlane,3dae89cd06ae,docs,abcadc045b896eee,5423aff2dff7d2da,True,1,8691,True
ActPlane,3dae89cd06ae,repo-root-files,cb35a33f8c472526,d299c63ea6075aaf,True,594,93349887,False
ActPlane,3dae89cd06ae,docs,90aba438cc72a65b,c705462e970d1629,True,2,28590,True
ActPlane,3dae89cd06ae,collector,5423aff2dff7d2da,c7bbbcd375778dc6,True,13,136259,False
ActPlane,3dae89cd06ae,docs,c705462e970d1629,e0a1c22bed5c8bf2,True,1,23318,True
ActPlane,3dae89cd06ae,collector,c7bbbcd375778dc6,7b264857b655e236,True,1,23317,True
ActPlane,3dae89cd06ae,docs,e0a1c22bed5c8bf2,091c0959b217d9dc,True,3,18133,True
ActPlane,3dae89cd06ae,collector,ca43c9810d4c2d9d,bce77010f69e9ad3,True,83,1291522,True
ActPlane,3dae89cd06ae,docs,1f257787d187f5f3,4fc8a6ce5a82f404,True,1,6148,True
ActPlane,3dae89cd06ae,collector,bce77010f69e9ad3,ca09111741755ca4,True,6,22385,True
ActPlane,3dae89cd06ae,docs,57577fd426350c66,c25a9164bae8b6c6,True,2,4623,True
ActPlane,3dae89cd06ae,collector,b1ebf87b3ddba554,f2aaa9018264c436,True,2,13043,True
ActPlane,3dae89cd06ae,docs,a610beaccbe04927,fad4fd17a6edf6a7,True,3,2974,True
ActPlane,3dae89cd06ae,collector,debfe8cb277c8e5c,2f773d0e3081d7bc,True,1,22675,True
ActPlane,3dae89cd06ae,docs,fad4fd17a6edf6a7,45d505f35eb90dab,True,3,41261,True
ActPlane,3dae89cd06ae,collector,dd755ca0717ad408,03848b904aca0ac4,True,5,3061,True
ActPlane,3dae89cd06ae,docs,3f4f37b5114ae727,130fd75149874e3c,True,2,5671,True
ActPlane,3dae89cd06ae,collector,d946562b0ec8862a,1039db08b8744f54,True,4,3717,True
ActPlane,3dae89cd06ae,docs,64c364c622977e03,22a38b60e6a90d3a,True,2,9963,True
ActPlane,3dae89cd06ae,collector,f7c4c97ad8f0b11a,cb6f77637b255d02,True,1,12881,True
ActPlane,3dae89cd06ae,bpf,d0672f1f60b8cde7,f2c8d8650d0de1f9,True,184,2885958,False
ActPlane,3dae89cd06ae,collector,972a11b9597fea16,76be215169a41270,True,1,21568,True
ActPlane,3dae89cd06ae,docs,22a38b60e6a90d3a,af5cd75bec926d8c,True,7,46512,False
ActPlane,3dae89cd06ae,collector,76be215169a41270,b727897e87c5b699,True,1,9563,True
ActPlane,3dae89cd06ae,docs,af5cd75bec926d8c,0e726fcb6b1065ab,True,1,10831,False
ActPlane,3dae89cd06ae,collector,b727897e87c5b699,36f120845c19e5b2,True,4,79865,True
ActPlane,3dae89cd06ae,docs,67e6f481495cc7d7,f178e1d281369c2a,True,1,3725,True
ActPlane,3dae89cd06ae,collector,36f120845c19e5b2,aa2d69f05fae097f,True,1,44096,True
ActPlane,3dae89cd06ae,docs,f178e1d281369c2a,56c293807dced6e8,True,1,262747,False
ActPlane,3dae89cd06ae,collector,aa2d69f05fae097f,4c7d46006fb2d216,True,14,358617,True
ActPlane,3dae89cd06ae,docs,3b4078a6768936c7,02a056a3e457f2cb,True,1,23530,True
ActPlane,3dae89cd06ae,collector,4c7d46006fb2d216,d93bba7f1ecae61f,True,35,129521,True
ActPlane,3dae89cd06ae,docs,8ec9d285f292de55,c5a779db28a42b7f,True,5,46786,False
ActPlane,3dae89cd06ae,bpf,f2c8d8650d0de1f9,6836937366bbf727,True,66,717647,True
ActPlane,3dae89cd06ae,collector,7bb4a7128688c72f,6836937366bbf727,True,1,58531,True
ActPlane,3dae89cd06ae,docs,c5a779db28a42b7f,f409165074078e76,True,2,122947,False
ActPlane,3dae89cd06ae,repo-root-files,8aa5a23ce47608a9,f87903a65dc8645b,True,357,43075943,False
ActPlane,3dae89cd06ae,bpf,6836937366bbf727,e3fa2e88e084a64c,True,164,40913324,False
ActPlane,3dae89cd06ae,docs,f87903a65dc8645b,a82e12de79ca2ec6,True,4,37600,True
ActPlane,3dae89cd06ae,script,01341081f503c5ee,0a2292c290a297f5,True,559,48149749,False
ActPlane,3dae89cd06ae,collector,a3719ec2ba4461d9,dd22d729b3e542f9,True,175,41695080,False
ActPlane,3dae89cd06ae,repo-root-files,f87903a65dc8645b,0707a041e48c34b9,True,15,861103,False
ActPlane,3dae89cd06ae,collector,dd8b9559f44c4041,b6bb666759eb8c7c,True,1,3,True
ActPlane,3dae89cd06ae,bpf,d7d538eca0dbc1d4,4d28112dd383433e,True,15,861979,False
ActPlane,3dae89cd06ae,collector,12e661c647c3ed47,78ca7f0ec3e8aa2c,True,4,18209,True
ActPlane,3dae89cd06ae,script,0a2292c290a297f5,a5325c68e8265b24,True,12,37197,True
ActPlane,3dae89cd06ae,collector,78ca7f0ec3e8aa2c,9de9706ee2883bc9,True,1,15057,True
ActPlane,3dae89cd06ae,docs,c4d5b1835847af4a,cee6a265434243c5,True,15,3641697,True
ActPlane,3dae89cd06ae,bpf,97cab271732e64b5,0a9c6289a534c7f6,True,19,4722648,False
ActPlane,3dae89cd06ae,docs,ddc6a304e144db7a,a6205c25db8d926b,True,2,1041,True
ActPlane,3dae89cd06ae,bpf,4a517326f0d3c280,3902bbbf03804672,True,9,9432,True
ActPlane,3dae89cd06ae,docs,daca3fd3e742779d,18cd1d89a3f17919,True,2,221,True
ActPlane,3dae89cd06ae,repo-root-files,0707a041e48c34b9,a236bcffd24c78b0,True,217,31122098,False
ActPlane,3dae89cd06ae,.claude,c67d8554bcdeb946,cff7cb9e451b3c93,True,6960,694969608,False
ActPlane,3dae89cd06ae,repo-root-files,53297071532102f7,1cb710293090761e,True,2,91772,True
ActPlane,3dae89cd06ae,docs,d464986daecde6c7,b0cd4d2fd5c4c10f,True,7,378930,False
ActPlane,3dae89cd06ae,repo-root-files,1cb710293090761e,18d23437c7551d74,True,1,11952,True
ActPlane,3dae89cd06ae,docs,b0cd4d2fd5c4c10f,5b4f4c7a1771cca6,True,2,18765,True
ActPlane,3dae89cd06ae,repo-root-files,ff147a604fdba871,c8d5e688e21a0555,True,1,8509,True
ActPlane,3dae89cd06ae,docs,5b4f4c7a1771cca6,052bb2eb1989e7de,True,1,16423,True
ActPlane,3dae89cd06ae,collector,9de9706ee2883bc9,5bc8a2fba5cd62bd,True,225,31295756,False
ActPlane,3dae89cd06ae,repo-root-files,c8d5e688e21a0555,7359e5a4aceca883,True,7,43790,True
ActPlane,3dae89cd06ae,docs,7f2d849a4d649121,4423a973ddaf87a6,True,2,10203,True
ActPlane,3dae89cd06ae,collector,5bc8a2fba5cd62bd,870f4572f7ccd6ed,True,5,113656,True
ActPlane,3dae89cd06ae,docs,5c0cbce7bba74fd2,66fb8e00196e8734,True,7,119034,False
ActPlane,3dae89cd06ae,collector,f137af7f878cd90b,71cf2fe883c3c6c3,True,2,11920,True
ActPlane,3dae89cd06ae,docs,3d90fb9e22ce9d24,f30b7c2120c9a88c,True,1,4840,True
ActPlane,3dae89cd06ae,collector,71cf2fe883c3c6c3,e029695ebeefa3a2,True,2,4375,True
ActPlane,3dae89cd06ae,bpf,f390e432c9313eab,f51bd3491cfec8a7,True,215,26757144,False
ActPlane,3dae89cd06ae,docs,581f2f7ab7ae5d28,cf0a57a2a34a5968,True,3,50149,True
ActPlane,3dae89cd06ae,bpf,01176d9d2faf7466,863b4ebce4427ebc,True,7,45430,True
ActPlane,3dae89cd06ae,collector,e029695ebeefa3a2,296f35fb3b859b85,True,10,76354,True
ActPlane,3dae89cd06ae,bpf,863b4ebce4427ebc,c4e0ce351562e93e,True,3,6190,True
ActPlane,3dae89cd06ae,collector,1c08cd6e4e385fe5,6e318662f315fdba,True,1,5433,True
ActPlane,3dae89cd06ae,bpf,c4e0ce351562e93e,0fa50e9871c05f1c,True,1,4859,True
ActPlane,3dae89cd06ae,collector,6e318662f315fdba,4819c3078708c58c,True,7,125982,True
ActPlane,3dae89cd06ae,docs,7153252605aae601,f86164cb7e58a5b0,True,15,170774,False
ActPlane,3dae89cd06ae,collector,bc2bb2b67a808504,b36235ec039e64d8,True,1,27761,False
ActPlane,3dae89cd06ae,bpf,f3b0a80e73fe1aaa,e42e639c2b47def9,True,7,71217,False
ActPlane,3dae89cd06ae,docs,f86164cb7e58a5b0,543721752f0a092d,True,8,51502,False
ActPlane,3dae89cd06ae,collector,40f36e7019c00292,026f956c3f8f9d15,True,5,84543,False
ActPlane,3dae89cd06ae,docs,543721752f0a092d,818fbc708d1cf05e,True,3,60459,True
ActPlane,3dae89cd06ae,collector,b4e9356437d90774,fccf88e9d28b4cda,True,1,7785,True
ActPlane,3dae89cd06ae,docs,818fbc708d1cf05e,c5a7611ec711767a,True,1,5605,True
ActPlane,3dae89cd06ae,collector,fccf88e9d28b4cda,e33ecac3909c2e3e,True,1,5095,True
ActPlane,3dae89cd06ae,docs,c5a7611ec711767a,6a09c18aa939c967,True,4,30202,True
ActPlane,3dae89cd06ae,collector,7f6b920208e955b5,80f1fe10373cd7bf,True,2,15049,True
ActPlane,3dae89cd06ae,bpf,1353a0347d5077b2,cc955cbd01ea6361,True,24,207356,False
ActPlane,3dae89cd06ae,collector,dc6aa30b12e7dece,688ae38787b469bf,True,7,55080,True
ActPlane,3dae89cd06ae,repo-root-files,7359e5a4aceca883,e88f9a25d6de71b3,True,85,734439,True
ActPlane,3dae89cd06ae,docs,86675a631f1073db,0d6ca73916911e00,True,24,197886,True
ActPlane,3dae89cd06ae,collector,7f1b222c3fee7b03,3120977ad1b9ec32,True,4,188737,True
ActPlane,3dae89cd06ae,repo-root-files,f3ce6b1cb7e0734f,066e536f089ef3e4,True,4,201931,True
ActPlane,3dae89cd06ae,docs,1dfb5c23c1a8ee57,c213497babdac130,True,5,209449,True
ActPlane,3dae89cd06ae,bpf,bfd39da39f6e115a,dd1dfbc6f3c82000,True,14,539403,False
ActPlane,3dae89cd06ae,collector,34da4d5fc67d86af,f74b50520413a36a,True,7,283812,False
ActPlane,3dae89cd06ae,bpf,42c2ab36932a4457,b36704989c001882,True,1,9095,True
ActPlane,3dae89cd06ae,collector,f74b50520413a36a,6a66c4c1c41b65fc,True,2,17229,True
ActPlane,3dae89cd06ae,docs,c213497babdac130,43cfe33021b02089,True,7,257464,True
ActPlane,3dae89cd06ae,collector,6a66c4c1c41b65fc,6a9c47ef75c3e8d5,True,3,99160,True
ActPlane,3dae89cd06ae,bpf,835dd56c6980612e,861c85a4cc5286dd,True,7,99190,True
ActPlane,3dae89cd06ae,collector,fd9ef1a226563e28,dcb707210c0547f9,True,1,9289,True
ActPlane,3dae89cd06ae,bpf,861c85a4cc5286dd,88085645276ccb2e,True,1,9260,True
ActPlane,3dae89cd06ae,vmlinux,a5c5be88f1bd2d94,01d45aa4bd5699d8,True,2148,205085144,False
ActPlane,3dae89cd06ae,collector,dcb707210c0547f9,4aef95fbe53b5367,True,3,77945,True
ActPlane,3dae89cd06ae,bpf,88085645276ccb2e,c06536d0c4147ee0,True,7,131604,True
ActPlane,3dae89cd06ae,collector,d96ac778414b104a,5e310a329e197895,True,8,87026,True
ActPlane,3dae89cd06ae,docs,99c36214f33291c5,460478f3ec4f0170,True,22,248917,False
ActPlane,3dae89cd06ae,bpf,0c1b44257b95434c,e1967e93edb53508,True,2,83727,True
ActPlane,3dae89cd06ae,docs,460478f3ec4f0170,6c44a08ab6372740,True,3,183045,True
ActPlane,3dae89cd06ae,bpf,f6a8b016c8eb5b00,98227cd06baef1bf,True,3,103403,True
ActPlane,3dae89cd06ae,collector,5e310a329e197895,e4703dbe53e7c06a,True,9,236760,True
ActPlane,3dae89cd06ae,bpf,f880e1959c448e55,3454a2688884d061,True,1,8944,True
ActPlane,3dae89cd06ae,docs,752662ae518df252,7b872a4a2b8d4fdb,True,6,115213,False
ActPlane,3dae89cd06ae,bpf,1a42446035136677,1fb7728131555a31,True,2,81285,True
ActPlane,3dae89cd06ae,docs,b61e6a3908cb63f7,fa558d2926a010cb,True,3,24696,False
ActPlane,3dae89cd06ae,bpf,6f5f0c17795d45c6,555b568e35c6bdb0,True,2,15025,True
ActPlane,3dae89cd06ae,docs,147bee5fee7cdaba,c6bfbc4524e6f15e,True,1,6273,True
ActPlane,3dae89cd06ae,bpf,555b568e35c6bdb0,52c8e23ac406e95d,True,4,13921,True
ActPlane,3dae89cd06ae,docs,42410e776fa78fd4,d40a6dd56faf7efc,True,4,4857,True
ActPlane,3dae89cd06ae,bpf,4c06fb1766a0ab4d,b5d4f1e5115e2fb1,True,4,31406,True
ActPlane,3dae89cd06ae,collector,e4703dbe53e7c06a,3e6b7491afa8cf21,True,25,172754,True
ActPlane,3dae89cd06ae,bpf,209d9afcde8cfc52,fdd5817f79520e8e,True,3,57671,True
ActPlane,3dae89cd06ae,collector,f8af464579a8104c,b09ce47743570bd4,True,2,57700,True
ActPlane,3dae89cd06ae,bpf,e4adcd4da83eb00b,b26dc088d7c4ef07,True,3,27123,True
ActPlane,3dae89cd06ae,collector,8d3f45ca8ac97fe4,f0407bf8ad298bc7,True,2,86615,True
ActPlane,3dae89cd06ae,bpf,044d75009502d604,e413075539555ceb,True,1,44170,True
ActPlane,3dae89cd06ae,docs,69d6331f958d0c96,3edfab1955890979,True,25,481255,True
ActPlane,3dae89cd06ae,bpf,d635118348752e1b,f68434dbb7cbb777,True,1,26849,True
ActPlane,3dae89cd06ae,docs,3edfab1955890979,00e8e3ce50076918,True,8,292773,True
ActPlane,3dae89cd06ae,bpf,0b2e29f95377780e,a170f8cc82281ffd,True,42,1552575,False
ActPlane,3dae89cd06ae,collector,f0407bf8ad298bc7,56e26d8f6ff4795a,True,65,2064942,False
ActPlane,3dae89cd06ae,bpf,9b70a17fc931d4f2,a3e884d73c75edf6,True,1,7187,True
ActPlane,3dae89cd06ae,collector,56e26d8f6ff4795a,fcb1144f209ee5cd,True,2,7118,True
ActPlane,3dae89cd06ae,bpf,1428f7f07d8d5664,51a275e8505ca5ef,True,1,64,True
ActPlane,3dae89cd06ae,docs,63846b2e884df4c4,7f5fbc51ef051d20,True,8,608522,True
ActPlane,3dae89cd06ae,repo-root-files,21be8e4c092f8b77,948ed25be9c5157b,True,188,9507732,False
ActPlane,3dae89cd06ae,docs,49f61df10ace6d05,86b6f1e038734bfa,True,2,4260019,True
ActPlane,3dae89cd06ae,repo-root-files,fc6461427c319a50,8edd1161d9a74426,True,27,29849464,False
ActPlane,3dae89cd06ae,docs,3a99c4df3e72457d,8383269207e05c08,True,1,20683,True
ActPlane,3dae89cd06ae,repo-root-files,8edd1161d9a74426,783413072c6a3590,True,5,43043,True
ActPlane,3dae89cd06ae,docs,3e89dd01c4241bb0,c46241463fa0545c,True,1,46541,False
ActPlane,3dae89cd06ae,bpf,5294f89482004287,712305a57b99b5e4,True,99,36582400,False
ActPlane,3dae89cd06ae,repo-root-files,783413072c6a3590,712305a57b99b5e4,True,25,366022,True
ActPlane,3dae89cd06ae,docs,ad2ceccd692c3db5,10030e64ffcae2a2,True,1,4636,True
ActPlane,3dae89cd06ae,bpf,712305a57b99b5e4,714a3318190a37b8,True,2,14204,True
ActPlane,3dae89cd06ae,collector,fcb1144f209ee5cd,714a3318190a37b8,True,104,36600502,False
ActPlane,3dae89cd06ae,docs,6576516416c967ed,1dd9210ae178e637,True,1,147369,True
ActPlane,3dae89cd06ae,repo-root-files,712305a57b99b5e4,f7218db0bb9a359c,True,16,451830,True
ActPlane,3dae89cd06ae,docs,dced1d912f361c7f,89de61c4a4cd50c0,True,1,46410,False
ActPlane,3dae89cd06ae,collector,714a3318190a37b8,78116327abca1280,True,73,641267,True
ActPlane,3dae89cd06ae,docs,3bf6ba9a83486e6b,f125dda5838c0c33,True,2,17914,True
ActPlane,3dae89cd06ae,collector,a6ed783f099446d1,ccd444b38bf946e3,True,1,18174,True
ActPlane,3dae89cd06ae,docs,f125dda5838c0c33,fcef4baf95d89ea0,True,1,42402,True
ActPlane,3dae89cd06ae,collector,ccd444b38bf946e3,88e8ba0ef87e26cd,True,642,38826102,False
ActPlane,3dae89cd06ae,bpf,714a3318190a37b8,585b3a1376a7ad6d,True,721,39506294,False
ActPlane,3dae89cd06ae,collector,8513f1eca913c1ad,72a1372261e862d4,True,1,20778,True
ActPlane,3dae89cd06ae,bpf,585b3a1376a7ad6d,afcddf45927200fb,True,1,14668,True
ActPlane,3dae89cd06ae,docs,71bf3e502d351d2e,3426edae39a7b843,True,6,35450,True
ActPlane,3dae89cd06ae,bpf,3426edae39a7b843,ba7d2b98f1ba42e3,True,1,12325,True
ActPlane,3dae89cd06ae,collector,72a1372261e862d4,c9fc9372978258fd,True,6,27031,True
ActPlane,3dae89cd06ae,bpf,899b7ad85c43f8f8,f8ee984e5ec89dcf,True,1,6531,True
ActPlane,3dae89cd06ae,docs,ec71f8bd58660ee5,2f5717d13906d031,True,4,817070,True
ActPlane,3dae89cd06ae,bpf,f8ee984e5ec89dcf,8bd1ee15cc91b2be,True,2,810559,True
ActPlane,3dae89cd06ae,collector,c9fc9372978258fd,b74a93c5f47de94e,True,4,834518,True
ActPlane,3dae89cd06ae,bpf,8bd1ee15cc91b2be,4c329416c64922fd,True,2,28322,True
ActPlane,3dae89cd06ae,collector,1ffda2bd6b8fbb33,e4ce24f723b990b6,True,2,35309,True
ActPlane,3dae89cd06ae,docs,6b94ac6aa7d9c3ff,d0211d0fce3da09a,True,6,146750,True
ActPlane,3dae89cd06ae,collector,e4ce24f723b990b6,a72f9ebd562ea29e,True,7,165599,True
ActPlane,3dae89cd06ae,docs,c261650161d6483c,28d7d1c38d636550,True,1,14233,True
ActPlane,3dae89cd06ae,collector,a72f9ebd562ea29e,4b0a83959bcd10e5,True,1,15241,True
ActPlane,3dae89cd06ae,docs,28d7d1c38d636550,42e00ada21103fd9,True,1,8185,True
ActPlane,3dae89cd06ae,collector,4b0a83959bcd10e5,fa46867054de97fd,True,1,76,True
ActPlane,3dae89cd06ae,docs,42e00ada21103fd9,fe895c7a2ebdca0a,True,1,8263,True
ActPlane,3dae89cd06ae,collector,fa46867054de97fd,6b4e242584b568b3,True,3,532241,True
ActPlane,3dae89cd06ae,docs,0415d9292be3cf6f,03332bb967c72f2c,True,2,570454,True
ActPlane,3dae89cd06ae,collector,096c360187d9f57a,566303cd4b95e1d9,True,68,7026813,True
ActPlane,3dae89cd06ae,docs,cf3d5c982eb46cfa,1af5ffc891f60d57,True,3,21140,False
ActPlane,3dae89cd06ae,repo-root-files,f7218db0bb9a359c,ff8c18c4e14b119c,True,1434,132726286,False
ActPlane,3dae89cd06ae,docs,6fca25b11f9d0c24,ac9ebc1ac5e6cd18,True,3,29274,True
ActPlane,3dae89cd06ae,.claude,2ba775d48c392a0c,ac6c34e4a7daa06c,True,1873,174908697,False
ActPlane,3dae89cd06ae,docs,ad838f848c72d3b0,9d95da2d416b9d39,True,1,339547,False
ActPlane,3dae89cd06ae,.claude,ac6c34e4a7daa06c,257f2bb438b37627,True,3,21105,True
ActPlane,3dae89cd06ae,docs,3e7a47a8c5484061,806b58aee87ec9ae,True,1,6960,True
ActPlane,3dae89cd06ae,.claude,257f2bb438b37627,441493327d90a909,True,1,20124,True
ActPlane,3dae89cd06ae,docs,806b58aee87ec9ae,2d6f8689d9218475,True,3,67530,True
ActPlane,3dae89cd06ae,repo-root-files,669f8778c415f8ea,2d6f8689d9218475,True,70,914567,False
ActPlane,3dae89cd06ae,.claude,2d246a2a1ed4993a,7713746b4cab691c,True,1,20946,False
ActPlane,3dae89cd06ae,docs,2d6f8689d9218475,2b9a8c97fc9bb3a3,True,4,364598,False
ActPlane,3dae89cd06ae,.claude,1d4b43f885ccafc4,b4fe1dc696cc374e,True,3,119568,True
ActPlane,3dae89cd06ae,docs,67507d023599aab3,1d83e7ae88a7468b,True,1,383652,True
ActPlane,3dae89cd06ae,.claude,b4fe1dc696cc374e,b3092b70a158af7f,True,10,371826,True
ActPlane,3dae89cd06ae,docs,9e5206e465798b4e,4be097eaf7e19b56,True,1,387908,True
ActPlane,3dae89cd06ae,.claude,b3092b70a158af7f,89c8a3688dd504bf,True,43,767253,True
ActPlane,3dae89cd06ae,docs,b3f8facecfad8546,16625ce825bb7a8e,True,5,418880,True
ActPlane,3dae89cd06ae,.claude,67651765b197cb46,d736b6083faa1215,True,14,1098913,False
ActPlane,3dae89cd06ae,docs,b7e839be5d0f5b15,f672643a808c56ac,True,1,359308,True
ActPlane,3dae89cd06ae,collector,e21b9cc1cf8b5e33,a92d413f95ecdec1,True,792,171311358,False
ActPlane,3dae89cd06ae,bpf,ef83053bef353eb9,efff55617eb77f1f,True,894,179088987,False
ActPlane,3dae89cd06ae,collector,c17eeda796bb88a2,95b4e62a5bbc20ba,True,12,28762,True
ActPlane,3dae89cd06ae,repo-root-files,2d6f8689d9218475,d025a5addbc9a46c,True,128,85432964,False
ActPlane,3dae89cd06ae,docs,ece79f6b9a90d102,594a6a575895f704,True,32,428845,True
ActPlane,3dae89cd06ae,repo-root-files,d025a5addbc9a46c,5c7452d7c189cca1,True,1,9572,True
ActPlane,3dae89cd06ae,bpf,b7906119124fb420,986d99908a26a6d3,True,9,17052,True
ActPlane,3dae89cd06ae,collector,1356887713f836f1,fb4395aa6845ab93,True,4,17962,True
ActPlane,3dae89cd06ae,repo-root-files,5c7452d7c189cca1,938232a0ba8c6d1c,True,4,45079,True
ActPlane,3dae89cd06ae,bpf,986d99908a26a6d3,f6cda10f55e5774f,True,10,130020,True
ActPlane,3dae89cd06ae,docs,594a6a575895f704,47e88bef1dc78536,True,13,260899,True
ActPlane,3dae89cd06ae,bpf,f6cda10f55e5774f,ba9ae1689b1d9d0c,True,5,1594611,True
ActPlane,3dae89cd06ae,collector,9a5b62ad86af11bf,a8c6720631dc1c2f,True,36,1913758,True
ActPlane,3dae89cd06ae,bpf,d6b93e7ba0e5031d,cb53655d9e3fdb74,True,1,11822,True
ActPlane,3dae89cd06ae,collector,a8c6720631dc1c2f,0b12404536fa9e3b,True,1,50,True
ActPlane,3dae89cd06ae,repo-root-files,f47296dee9761a9f,0b12404536fa9e3b,True,31,1828244,True
ActPlane,3dae89cd06ae,collector,0b12404536fa9e3b,5de64f65a4c202da,True,3,157348,True
ActPlane,3dae89cd06ae,bpf,18afba946b969d00,30289c3f92fdcc6f,True,1,197567,True
ActPlane,3dae89cd06ae,docs,0b0d05c902acfb35,db2663b9d6486acd,True,31,1872148,True
ActPlane,3dae89cd06ae,collector,5de64f65a4c202da,47c68dc4865c8bdd,True,4,190928,True
ActPlane,3dae89cd06ae,repo-root-files,0b12404536fa9e3b,05f5141f4af34f69,True,9,361892,True
ActPlane,3dae89cd06ae,docs,2a0d4c5e6793604d,d65c8f25250f6898,True,3,70484,True
ActPlane,3dae89cd06ae,collector,47c68dc4865c8bdd,146302e4f816c9f4,True,4,50996,True
ActPlane,3dae89cd06ae,repo-root-files,b6dd296cd9008d0d,146302e4f816c9f4,True,2,37379,True
ActPlane,3dae89cd06ae,bpf,30289c3f92fdcc6f,2f1e79da0193ac4f,True,9,271351,True
ActPlane,3dae89cd06ae,collector,146302e4f816c9f4,8e63abfe56e92da7,True,1,97773,True
ActPlane,3dae89cd06ae,bpf,2f1e79da0193ac4f,5007dc4e41866cda,True,1,10,True
ActPlane,3dae89cd06ae,collector,8e63abfe56e92da7,de94bf86e1ada777,True,3,59967,True
ActPlane,3dae89cd06ae,bpf,947a7524f5fa6f00,e9ddea5b7d31fe73,True,1,14,True
ActPlane,3dae89cd06ae,collector,de94bf86e1ada777,b22a36e5d235b6c8,True,2,74287,True
ActPlane,3dae89cd06ae,bpf,b22a36e5d235b6c8,340a52dd45277f0d,True,1,9854,True
ActPlane,3dae89cd06ae,collector,99e1d7ef7bb44c8c,b9eaa2195e0a756c,True,4,16944,True
ActPlane,3dae89cd06ae,collector,b9eaa2195e0a756c,95b8d6c94803ed6c,True,1,14569,True
ActPlane,3dae89cd06ae,bpf,f0b975c60255e3c0,9c977782a3ff178f,True,1,9433,True
ActPlane,3dae89cd06ae,docs,146302e4f816c9f4,67917a68344dadeb,True,27,510015,True
ActPlane,3dae89cd06ae,bpf,94138e8909dfbdc3,9d966875ded45c57,True,3,139925,True
ActPlane,3dae89cd06ae,docs,92123b4315f3ff3e,4b981993e156b8c5,True,19,614908,True
ActPlane,3dae89cd06ae,bpf,b71354e718f21ef4,fd397025a55011fa,True,2,112840,True
ActPlane,3dae89cd06ae,docs,2ab2bd7d952c86d6,878e83f39c843d7d,True,8,275858,True
ActPlane,3dae89cd06ae,bpf,52ec5f2476db0617,4c95fea1f1cbb2af,True,7,127391,True
ActPlane,3dae89cd06ae,docs,3349682e9bea4c12,0b767de0b5a23357,True,14,246213,True
ActPlane,3dae89cd06ae,bpf,66ccca3a679e6665,4ebaf5b5f1d19180,True,1,8248,True
ActPlane,3dae89cd06ae,collector,95b8d6c94803ed6c,bb3742654c8d51a0,True,72,1512998,True
ActPlane,3dae89cd06ae,bpf,221d3e764d470053,5580142cf41bcb6f,True,3,137739,True
ActPlane,3dae89cd06ae,docs,0b767de0b5a23357,cab5288aa559f55d,True,52,1125716,True
ActPlane,3dae89cd06ae,bpf,fe63ed85e8a30592,d7fea34ede6e2fba,True,1,6448,True
ActPlane,3dae89cd06ae,collector,7507632028d77146,2a09884999248172,True,53,6177847,True
ActPlane,3dae89cd06ae,bpf,9798d1ba9939fdd9,fb805004dec3d7e7,True,2,8186,True
ActPlane,3dae89cd06ae,docs,cab5288aa559f55d,234c15aeede80602,True,37,27938971,True
ActPlane,3dae89cd06ae,bpf,b9a4899be6be59dd,be7038bc465f3b6e,True,18,22632436,True
ActPlane,3dae89cd06ae,collector,ecdf185049ef6880,3131f21ec45467c9,True,44,23187202,True
ActPlane,3dae89cd06ae,bpf,9adc136bc52a619d,473d5580f6af2039,True,5,171684,True
ActPlane,3dae89cd06ae,collector,d149eef7d3d87b18,5635b4633cce3f21,True,9,289632,True
ActPlane,3dae89cd06ae,bpf,fd68792ca313a838,0e0a52d0be14cb7c,True,5,165153,True
ActPlane,3dae89cd06ae,collector,dc534e30e6035746,68d2a87657495bc1,True,5,9097,True
ActPlane,3dae89cd06ae,bpf,851967cad542a29e,cd3808b08ada4326,True,2,7811,True
ActPlane,3dae89cd06ae,collector,6a134e9b6485a4f5,fbcbedd2ec0d550e,True,3,47170,True
ActPlane,3dae89cd06ae,docs,04f9025c4dfae4c7,d95d44bae2b2d780,True,33,706360,True
ActPlane,3dae89cd06ae,collector,1225a3207ada5c1e,62025785f57b550f,True,2,17268,True
ActPlane,3dae89cd06ae,bpf,94a3f668693f159c,3d336eead5fa594f,True,6,98283,True
ActPlane,3dae89cd06ae,docs,d721b636163827bb,29ce75f079099137,True,3,102851,True
ActPlane,3dae89cd06ae,collector,5e60fe32209b080c,3061de4272ddc7c7,True,10,202333,True
ActPlane,3dae89cd06ae,docs,ca669a26b074fd40,409e3b4038148b59,True,28,420904,True
ActPlane,3dae89cd06ae,collector,4dd770ae0cc4dc7f,43b7706a7249aa95,True,9,142301,True
ActPlane,3dae89cd06ae,docs,2d5cc30e1d29ebc7,f2072134e480c198,True,17,266473,True
ActPlane,3dae89cd06ae,collector,6586a94742639e76,b08610b6d09c8bd1,True,5,181191,True
ActPlane,3dae89cd06ae,docs,07e52938f70951c3,ec0519258e0738fb,True,16,225064,True
ActPlane,3dae89cd06ae,collector,95d1e3c0681aff61,b6b499070ddfb4e5,True,4,107483,True
ActPlane,3dae89cd06ae,docs,48cd1082192d097c,3735d96bc8530b55,True,7,206571,True
ActPlane,3dae89cd06ae,collector,555abb05f7374186,1074113a7bc50ba4,True,6,146620,True
ActPlane,3dae89cd06ae,docs,0d9772302c6c59c6,d13e80de900ee174,True,17,5993110,True
ActPlane,3dae89cd06ae,collector,7ed9a2619b201ecc,cc768d753701b6cd,True,3,7136,True
ActPlane,3dae89cd06ae,docs,0120cd2243c4e4dc,ba0ca0a4c97eeaac,True,9,150790,True
ActPlane,3dae89cd06ae,collector,fd590482fa2f1391,fd44bba631e07d6a,True,11,131539,True
ActPlane,3dae89cd06ae,docs,942d914df465c8d6,46d96d66f167a22f,True,10,234585,True
ActPlane,3dae89cd06ae,collector,62b4b2d95ac23bf4,96aebfdab75d8aaa,True,2,110322,True
ActPlane,3dae89cd06ae,bpf,3d336eead5fa594f,175b9e76fe6df6f6,True,154,7980903,True
ActPlane,3dae89cd06ae,docs,fb0cfd8b7badc8ce,30b6f25e395a7516,True,25,474697,True
ActPlane,3dae89cd06ae,bpf,dd30f691c2d968c3,a71e413df291c3eb,True,32,232964,True
ActPlane,3dae89cd06ae,collector,96aebfdab75d8aaa,509f15857778f508,True,59,654665,True
ActPlane,3dae89cd06ae,bpf,ee5db31f23d01ba6,cde64611ebed8ca2,True,7,146710,True
ActPlane,3dae89cd06ae,collector,3912aee1dfdf9a66,2e9b7de12925cc06,True,5,91559,True
ActPlane,3dae89cd06ae,.actplane,f4d49e14042d9b1b,38e470183f7c3c10,True,7853,721147625,False
ActPlane,3dae89cd06ae,docs,52d89f020b69c211,c58507abcc7e3b7e,True,20,359725,True
ActPlane,3dae89cd06ae,bpf,aad767c51188bf7a,7ba3dd1ce753beb8,True,16,231244,True
ActPlane,3dae89cd06ae,docs,75a10b37e6ad3627,7523b0c4844b5af0,True,1,33523,True
ActPlane,3dae89cd06ae,collector,94ad0956fd154675,4c7a8b95cdb12335,True,14,271080,True
ActPlane,3dae89cd06ae,bpf,7ba3dd1ce753beb8,37e2f274c485a36f,True,24,608985,True
ActPlane,3dae89cd06ae,collector,661ca6ea3af303bb,f249f9cae9c91a7e,True,11,228056,True
ActPlane,3dae89cd06ae,.actplane,38e470183f7c3c10,2bb518d541d2b9eb,True,49,879211,True
ActPlane,3dae89cd06ae,docs,7523b0c4844b5af0,7ba9e9d3d12fd668,True,37,786178,True
ActPlane,3dae89cd06ae,collector,fe9e4aab9e80924b,ae5cee36b1157025,True,13,205504,True
ActPlane,3dae89cd06ae,docs,1a2825c070224ae8,eb379e90a5d25a6f,True,22,632029,True
ActPlane,3dae89cd06ae,collector,295ad435a1f901aa,af12cb9a5b444dd0,True,2,296868,True
ActPlane,3dae89cd06ae,docs,36301bb6612a00ae,a0d86356b2b527bb,True,9,447820,True
ActPlane,3dae89cd06ae,collector,9152189dc55e5dc6,2e803693ed95cffc,True,3,93122,True
ActPlane,3dae89cd06ae,docs,6936f0e2c51458af,496aeac38edb076e,True,6,199198,True
ActPlane,3dae89cd06ae,collector,921386abaf8b7d76,0c5594a8b3b25888,True,1,6666,True
ActPlane,3dae89cd06ae,docs,496aeac38edb076e,1e66c55bc01b2f2a,True,1,6665,True
ActPlane,3dae89cd06ae,collector,0c5594a8b3b25888,52d134d49bbe6edc,True,1,22,True
ActPlane,3dae89cd06ae,docs,1e66c55bc01b2f2a,009214cf46d4b40f,True,1,7801,True
ActPlane,3dae89cd06ae,collector,52d134d49bbe6edc,06d14526b1de7b83,True,1,7817,True
ActPlane,3dae89cd06ae,bpf,965176c6e559481f,64d6893c740080c2,True,73,1672797,True
ActPlane,3dae89cd06ae,collector,f97bb0c603d69fca,341e6f393c7cba71,True,1,29,True
ActPlane,3dae89cd06ae,docs,009214cf46d4b40f,912be1b70a35235d,True,19,228804,True
ActPlane,3dae89cd06ae,collector,35086f3525ed1553,a8a0405cb9cf2c59,True,4,83536,True
ActPlane,3dae89cd06ae,docs,4d9acdf9e9064aec,ac564fea7ec8fa18,True,3,32912,True
ActPlane,3dae89cd06ae,collector,459119520120a469,e3515885c948ffe2,True,1,7493,True
ActPlane,3dae89cd06ae,docs,ac564fea7ec8fa18,551daf525464f57b,True,1,7460,True
ActPlane,3dae89cd06ae,collector,e3515885c948ffe2,d5cfe0c47cd4ffd3,True,1,17737,True
ActPlane,3dae89cd06ae,docs,551daf525464f57b,031223c5a93975d6,True,1,77972,True
ActPlane,3dae89cd06ae,collector,d5cfe0c47cd4ffd3,f27f5ec7b2c9ea63,True,2,60244,True
ActPlane,3dae89cd06ae,docs,edf37daad28a2648,8b5869a2b701fe4a,True,24,369798,True
ActPlane,3dae89cd06ae,collector,e80379ce6bd0ab8a,24652e02e5ae431d,True,8,154821,True
ActPlane,3dae89cd06ae,docs,0155901be0383fe7,22f51957ce9a13a2,True,1,109931,True
ActPlane,3dae89cd06ae,collector,24652e02e5ae431d,245b3f6b4dfdf657,True,2,54872,True
ActPlane,3dae89cd06ae,docs,3074296d488397d3,adfb6737c511a0d5,True,4,10291,True
ActPlane,3dae89cd06ae,collector,53de7b299555fbe9,2660556282bec31f,True,2,22988,True
ActPlane,3dae89cd06ae,bpf,64d6893c740080c2,a1ccae2052e26e8c,True,63,841003,True
ActPlane,3dae89cd06ae,docs,f356d4a548614642,e77f875c37b3116e,True,18,341418,True
ActPlane,3dae89cd06ae,bpf,7df7dbf9a39037bb,1de7aecfdd438305,True,4,134000,True
ActPlane,3dae89cd06ae,collector,ee6ae50fda81f2ae,68c8f2d033b8ec25,True,22,403200,True
ActPlane,3dae89cd06ae,bpf,9eeb2741ef53c4b5,1a0351312544ef88,True,1,32504,True
ActPlane,3dae89cd06ae,docs,9a8649a8f8016dba,c8ba317aae952582,True,11,230489,True
ActPlane,3dae89cd06ae,bpf,868ee84a78081412,65e18a21acd589cc,True,3,188953,True
ActPlane,3dae89cd06ae,collector,68c8f2d033b8ec25,b0b54903dffe2764,True,13,346894,True
ActPlane,3dae89cd06ae,bpf,70d28e0161e93f80,a92cec6eaec769b9,True,1,8278,True
ActPlane,3dae89cd06ae,collector,b0b54903dffe2764,d1535f840e594473,True,12,89094,True
ActPlane,3dae89cd06ae,bpf,2864c6d520053331,2846b222977a65cd,True,4,29492,True
ActPlane,3dae89cd06ae,collector,2846b222977a65cd,9c14c7f43887dedc,True,3,37117,True
ActPlane,3dae89cd06ae,bpf,3693284d084c8fb4,22a1a2e5579b785c,True,6,42208,True
ActPlane,3dae89cd06ae,collector,bf0a6b798f92a356,21df3be316c002f9,True,36,300567,True
ActPlane,3dae89cd06ae,bpf,cd582e3225854ef4,54656ea9962abb8e,True,2,36054,True
ActPlane,3dae89cd06ae,docs,be468c97ae212346,ff0ea96e4fe9c197,True,71,744272,True
ActPlane,3dae89cd06ae,collector,d1a0e8d87c145b32,145d40ab921f3d82,True,15,274480,True
ActPlane,3dae89cd06ae,docs,522062a246e03e46,5de67c3ee526c218,True,7,172590,True
ActPlane,3dae89cd06ae,collector,af2d52d323737136,6b9b0b733563ebf0,True,1,26419,True
ActPlane,3dae89cd06ae,docs,5de67c3ee526c218,af01072ee2dfeaeb,True,2,41514,True
ActPlane,3dae89cd06ae,bpf,66faa93b0e7b5409,de2932fbc4f20698,True,24,435038,True
ActPlane,3dae89cd06ae,docs,173e37b6ac1282d7,f98a2afcc47a9524,True,16,292659,True
ActPlane,3dae89cd06ae,bpf,e4cbd545a02bb96c,466943afd73131b7,True,8,119523,True
ActPlane,3dae89cd06ae,docs,7efe76e7e1796eaf,282b398221f565ef,True,2,163284,True
ActPlane,3dae89cd06ae,bpf,c8177400d3d35958,76342e2a07d7937c,True,1,104146,True
ActPlane,3dae89cd06ae,docs,282b398221f565ef,1acccd8c53dbeff0,True,6,268793,True
ActPlane,3dae89cd06ae,bpf,3b64e84d6355de32,c3ade63620d39ca4,True,6,246415,True
ActPlane,3dae89cd06ae,docs,7866a589e61d0a7a,ad4a32251849af9c,True,13,296986,True
ActPlane,3dae89cd06ae,bpf,ebca502ecf2b38b9,4234139815768dc1,True,3,174090,True
ActPlane,3dae89cd06ae,collector,7b5d5f972c63c3e3,c043a611f39faa9f,True,73,1821635,True
ActPlane,3dae89cd06ae,docs,64ff60f98763e7b9,6c3b968df41d0f3f,True,26,896837,True
ActPlane,3dae89cd06ae,bpf,11c831bb79bac044,09b71ce409e25f36,True,13,468496,True
ActPlane,3dae89cd06ae,docs,0d3b2ad1e25d2e2b,ee7f71dffeefeb9c,True,12,437269,True
ActPlane,3dae89cd06ae,bpf,3bd8f9584d1c02f6,5061615485e4b314,True,4,222293,True
ActPlane,3dae89cd06ae,docs,4573b779a00dd870,99e04616188c0d10,True,9,292745,True
ActPlane,3dae89cd06ae,bpf,fe062829b2e62709,07661909e558b1e8,True,5,218843,True
ActPlane,3dae89cd06ae,collector,8692eff16b3e0a5f,8c9c611621c8062c,True,36,993158,True
ActPlane,3dae89cd06ae,bpf,331a2837589ba342,9b631c8c7e25ba9e,True,1,47162,True
ActPlane,3dae89cd06ae,collector,8c9c611621c8062c,3c33ecd444bb0926,True,14,287666,True
ActPlane,3dae89cd06ae,docs,28a0d30e442c96ff,37ff23204e229b5f,True,22,603311,True
ActPlane,3dae89cd06ae,bpf,5a1a47f70710207a,a6c3cc3b7008be10,True,16,388236,True
ActPlane,3dae89cd06ae,docs,28fe62152007c95b,3621e1556a83b7d4,True,17,331587,True
ActPlane,3dae89cd06ae,bpf,7d04317574f5137b,98de6072f54eb518,True,9,215526,True
ActPlane,3dae89cd06ae,docs,61d3b10b51089d0a,a3157f590fc38842,True,5,265893,True
ActPlane,3dae89cd06ae,bpf,973f84a7a483ecec,acadb52369ed54f9,True,2,713745,True
ActPlane,3dae89cd06ae,docs,32400d3c2df07919,ad10c663cef7ca99,True,26,1171581,True
ActPlane,3dae89cd06ae,bpf,d3aca7162d334d24,b1fb9e7a3b214d1b,True,2,298126,True
ActPlane,3dae89cd06ae,docs,0f924259e587cf57,0648adce215a9f23,True,14,522940,True
ActPlane,3dae89cd06ae,bpf,3b2ff0676ff41ac2,d1277fd69a3ffd90,True,4,291416,True
ActPlane,3dae89cd06ae,docs,8df97d2ee0c9fb16,8c9693c5dc271521,True,9,345542,True
ActPlane,3dae89cd06ae,bpf,dd74c4bd289ad9a6,aeeeb898715297f6,True,3,6241772,True
ActPlane,3dae89cd06ae,docs,5f59d88bc9921a89,2208669fce4eae12,True,6,6317843,True
ActPlane,3dae89cd06ae,bpf,d87a09eb8d042cc0,66cdd7c8a10921d3,True,3,310555,True
ActPlane,3dae89cd06ae,docs,93c17d7a8b0101d6,bf4ed43a35d63101,True,23,588273,True
ActPlane,3dae89cd06ae,bpf,ba1e3a088e0d0bdd,d6333f6afdbb6898,True,9,102936,True
ActPlane,3dae89cd06ae,docs,eab40d1c4d5b906c,5eeb099103c5baed,True,14,377378,True
ActPlane,3dae89cd06ae,bpf,8c44d3d2c0f9ce3d,a374b7b477934f80,True,6,124705,True
ActPlane,3dae89cd06ae,docs,7137abe9b3b4e755,340a1d6550e32304,True,1,4357684,True
ActPlane,3dae89cd06ae,bpf,a374b7b477934f80,3e7b351578146d5c,True,3,4391210,True
ActPlane,3dae89cd06ae,docs,ad785143cd68a167,d7ff5080b5b66347,True,41,808235,True
ActPlane,3dae89cd06ae,bpf,4e59e95f76c00ec2,cefd44f481f4d9bb,True,6,151237,True
ActPlane,3dae89cd06ae,docs,5054388a208a0511,c1861d0a0acae05d,True,6,56287,True
ActPlane,3dae89cd06ae,collector,f706bd661e835f87,95ef31e9cbf6261d,True,227,17866570,True
ActPlane,3dae89cd06ae,target,accfb35fac9335d8,613b993b5b90027f,True,1,27262,True
ActPlane,3dae89cd06ae,docs,8cb7cbe7e93e3e24,d820babecb77df70,True,5,2469403,True
ActPlane,3dae89cd06ae,bpf,31386f53f57c6044,3ea5afaf5e6b09e8,True,8,2606944,True
ActPlane,3dae89cd06ae,docs,d820babecb77df70,a7a414acf38a766a,True,17,442190,True
ActPlane,3dae89cd06ae,bpf,082af9c88ae498b4,c33d47c8cb21c4df,True,7,531675,True
ActPlane,3dae89cd06ae,docs,d35b791c9d1a08ef,7308861a05582690,True,7,274932,True
ActPlane,3dae89cd06ae,bpf,d4c8ea4f651ff84c,da73fd137c9d0d00,True,9,614236,True
ActPlane,3dae89cd06ae,docs,cadeca184576f175,8e0b57f6e738554b,True,7,345206,True
ActPlane,3dae89cd06ae,bpf,c1c515a45f5151f4,9f81ad132b876a1d,True,3,853409,True
ActPlane,3dae89cd06ae,docs,ec9b1b7940351cb0,ddfd211c73805f05,True,45,1310292,True
ActPlane,3dae89cd06ae,bpf,b6e45be9dcdceb87,ffb372a96e7315ff,True,9,182369,True
ActPlane,3dae89cd06ae,docs,f74eb006fa5ace52,c8a338d58ad20de5,True,11,97402,True
ActPlane,3dae89cd06ae,bpf,48200bd6aed85243,3b19327d58fa69c3,True,2,78419,True
ActPlane,3dae89cd06ae,docs,531269d1dbf104cf,121a456591a51171,True,6,71169,True
ActPlane,3dae89cd06ae,bpf,0f60a4a0f774535b,bb9b2d685a60f3ee,True,1,69820,True
ActPlane,3dae89cd06ae,collector,95ef31e9cbf6261d,fa55ec8ca2ff4d00,True,127,3949804,True
ActPlane,3dae89cd06ae,bpf,bb9b2d685a60f3ee,e9af2ee64eb2d74b,True,1,49904,True
ActPlane,3dae89cd06ae,docs,121a456591a51171,8bdcb2ad606c81d2,True,6,175377,True
ActPlane,3dae89cd06ae,bpf,7d3535661a5ac615,6b03882250f7a4fc,True,2,76728,True
ActPlane,3dae89cd06ae,docs,abdbc7392181019b,76af0621cdb6c3e9,True,2,73401,True
ActPlane,3dae89cd06ae,collector,fa55ec8ca2ff4d00,4354e41fc65a7296,True,12,311658,True
ActPlane,3dae89cd06ae,bpf,863f531eeac986f9,7d699c889cbe99c2,True,7,165741,True
ActPlane,3dae89cd06ae,collector,7d1222a65411aaa8,1a148d6fe4de6685,True,2,66307,True
ActPlane,3dae89cd06ae,bpf,c77298116fcdbb0c,7bdf7d00f3ff931e,True,14,128632,True
ActPlane,3dae89cd06ae,docs,0c66cc374a7508f0,aff78841ec620302,True,21,246866,True
ActPlane,3dae89cd06ae,collector,88054ad8613cdf61,a56d0362d886003f,True,6,260844,True
ActPlane,3dae89cd06ae,docs,0373e5a6d5f76816,7258126e9684a762,True,8,268038,True
ActPlane,3dae89cd06ae,collector,51df441016dd08a8,6f8bfcd81e5e6571,True,3,135207,True
ActPlane,3dae89cd06ae,docs,fa4ec238630a1809,fffd66b4c3eb3689,True,1,5162,True
ActPlane,3dae89cd06ae,collector,6f8bfcd81e5e6571,26d60d7b61808737,True,1,5127,True
ActPlane,3dae89cd06ae,docs,fffd66b4c3eb3689,776f31a561dbb1df,True,1,101138,True
ActPlane,3dae89cd06ae,collector,26d60d7b61808737,d9a3ffbd112618ee,True,4,180265,True
ActPlane,3dae89cd06ae,docs,07974277c0fef1e5,c91664f9c226255d,True,11,154667,True
ActPlane,3dae89cd06ae,bpf,dc82374f0bf84c70,ab9aacddfb89bd6d,True,39,822803,True
ActPlane,3dae89cd06ae,docs,a3c02e321d28bb22,af78ac18182dcb13,True,30,333083,True
ActPlane,3dae89cd06ae,collector,3e7ff16ccc75aaf7,180bb4314992e34a,True,42,488041,True
ActPlane,3dae89cd06ae,docs,ad15f96284f5f9d8,bf40f8637e91261d,True,34,350408,True
ActPlane,3dae89cd06ae,collector,cc0faaa0517ebb1f,af57ad992950ada7,True,5,146254,True
ActPlane,3dae89cd06ae,docs,967d3d22dfe401cd,d8d1f98ea86fd4d2,True,11,472327,True
ActPlane,3dae89cd06ae,collector,2a8af6d7f430c362,7ad70923cd5177e4,True,2,123632,True
ActPlane,3dae89cd06ae,docs,c0d08e6a46e511db,1799830eae3fd0af,True,18,258737,True
ActPlane,3dae89cd06ae,collector,ee0570a22e95c163,880ef6570a13061f,True,2,120231,True
ActPlane,3dae89cd06ae,docs,b6f50573f431650b,0593f399188e01ba,True,32,359203,True
ActPlane,3dae89cd06ae,collector,9383d12d2bf75ca9,cfd533c838225df4,True,7,86190,True
ActPlane,3dae89cd06ae,docs,ff43f00b36d92e6b,305ea72b8c9a26d8,True,31,385692,True
ActPlane,3dae89cd06ae,collector,f076ba4c36a49279,230012a634f500ca,True,6,92894,True
ActPlane,3dae89cd06ae,docs,ab9eff966b1b085f,dfcbc797dcc6b31f,True,1,42830,True
ActPlane,3dae89cd06ae,collector,230012a634f500ca,494652f103a27a4d,True,1,33561,True
ActPlane,3dae89cd06ae,docs,dfcbc797dcc6b31f,312049e3e32b3121,True,8,93565,True
ActPlane,3dae89cd06ae,collector,cc871091ec40351a,8aaa57243f35d55f,True,3,112379,True
ActPlane,3dae89cd06ae,docs,5468ddfc8c4bbcf9,8edbeda020bbdb9b,True,28,318810,True
ActPlane,3dae89cd06ae,collector,798e19d3eb646884,9f6e84b77e53e68e,True,9,113018,True
ActPlane,3dae89cd06ae,docs,7309cb70f68f5591,9aca6f7a2fc32bf7,True,8,472312,True
ActPlane,3dae89cd06ae,collector,ebb92a2426897e05,06efbd5ff352e486,True,3,442633,True
ActPlane,3dae89cd06ae,docs,5b100e5fabc178f3,5d954904165d78ca,True,18,185526,True
ActPlane,3dae89cd06ae,collector,b12f39ce04c48805,5d8dab02f1d1357b,True,1,67456,True
ActPlane,3dae89cd06ae,docs,5d954904165d78ca,d5ea6197933d54b3,True,4,66772,True
ActPlane,3dae89cd06ae,collector,e465b25ab6e690b1,a971e932267a3b0e,True,1,56277,True
ActPlane,3dae89cd06ae,docs,d5ea6197933d54b3,78e0dc18231f588f,True,3,71043,True
ActPlane,3dae89cd06ae,collector,3988e8bd10b05010,86cfa3b5a560ac7f,True,1,41281,True
ActPlane,3dae89cd06ae,docs,78e0dc18231f588f,2e9529d96a0aa2db,True,4,77510,True
ActPlane,3dae89cd06ae,collector,df0fc089c1678ef7,ebba03b4463f9f20,True,8,145725,True
ActPlane,3dae89cd06ae,docs,2bf11d53d28dfe14,1c5e12fccd2c62d0,True,7,158304,True
ActPlane,3dae89cd06ae,bpf,767c0fd20d505643,fae8d3a8c32f4719,True,269,3834790,True
ActPlane,3dae89cd06ae,collector,b7dec0598387c83f,1b09ab7d52a04251,True,13,177045,True
ActPlane,3dae89cd06ae,docs,a31e7d83049f1add,6f948a2def205bd9,True,7,93852,True
ActPlane,3dae89cd06ae,bpf,a135af810589f10f,62c1b6269567805f,True,2,14419,True
ActPlane,3dae89cd06ae,collector,1b09ab7d52a04251,b3c53c8d203905bd,True,2,21048,True
ActPlane,3dae89cd06ae,bpf,62c1b6269567805f,174e371584cd541a,True,1,6630,True
ActPlane,3dae89cd06ae,docs,6f948a2def205bd9,3b218aced061d180,True,6,59830,True
ActPlane,3dae89cd06ae,bpf,dc5ea11cd0051588,7569a303819b9e04,True,1,54317,True
ActPlane,3dae89cd06ae,docs,3b218aced061d180,ae1f941f7d8d4f34,True,12,266770,True
ActPlane,3dae89cd06ae,bpf,fd77a552391e5a50,481b056d678e86bb,True,2,50146,True
ActPlane,3dae89cd06ae,docs,d4399bafedc0ceab,cfa761e960751b4f,True,4,96848,True
ActPlane,3dae89cd06ae,bpf,4dc7acbedcc1a768,0c0bdc1911ea1c1f,True,2,308587,True
ActPlane,3dae89cd06ae,script,a5325c68e8265b24,89664edae9508f68,True,3961,371171655,False
ActPlane,3dae89cd06ae,bpf,0bc255c3cecd323f,23f02360b0180267,True,1,346808,True
ActPlane,3dae89cd06ae,script,89664edae9508f68,3e95b473edc527ca,True,4,101144,True
ActPlane,3dae89cd06ae,collector,b3c53c8d203905bd,b0bee9455843064d,True,40,1258791,True
ActPlane,3dae89cd06ae,bpf,6ffdac137a1237e6,cf04733c9d6e7936,True,2,87021,True
ActPlane,3dae89cd06ae,collector,cf04733c9d6e7936,f6de7a0dc519a7b9,True,2,94202,True
ActPlane,3dae89cd06ae,bpf,f1a650fb37f24cc8,da2ca4732b864641,True,1,24,True
ActPlane,3dae89cd06ae,collector,f6de7a0dc519a7b9,a9b1fced1cb6bcd8,True,1,18852,True
ActPlane,3dae89cd06ae,script,3e95b473edc527ca,cb2c3f3bd5f68c8b,True,7,198424,True
ActPlane,3dae89cd06ae,collector,a9b1fced1cb6bcd8,3daed3c01df70bf6,True,1,27232,True
ActPlane,3dae89cd06ae,repo-root-files,146302e4f816c9f4,3daed3c01df70bf6,True,1690,77522323,True
ActPlane,3dae89cd06ae,collector,3daed3c01df70bf6,6e475f2788814e6f,True,1,9572,True
ActPlane,3dae89cd06ae,repo-root-files,20e58108bdbb69cf,42776fb38e418a23,True,1,34,True
ActPlane,3dae89cd06ae,collector,6e475f2788814e6f,bf0395287dc41e77,True,1,13736,True
ActPlane,3dae89cd06ae,script,cb2c3f3bd5f68c8b,a0b56c86be43b704,True,5,33299,True
ActPlane,3dae89cd06ae,bpf,a9b1fced1cb6bcd8,ac12d2cb92ceee61,True,7,50567,True
ActPlane,3dae89cd06ae,script,a0b56c86be43b704,3a8e7453a1aae18f,True,1,9558,True
ActPlane,3dae89cd06ae,collector,bf0395287dc41e77,e6d4918a604c6afa,True,3,16667,True
ActPlane,3dae89cd06ae,bpf,ac12d2cb92ceee61,e037dcd0b7b3b0e3,True,2,23440,True
ActPlane,3dae89cd06ae,script,3a8e7453a1aae18f,09b30ea306b6949f,True,18,697515,True
ActPlane,3dae89cd06ae,bpf,2ec785f602edff92,fd5aaa0408abce45,True,1,133301,True
ActPlane,3dae89cd06ae,docs,c0d103667189105a,52b076efed658bcf,True,61,2479942,True
ActPlane,3dae89cd06ae,collector,e6d4918a604c6afa,8a939a7d432f332e,True,35,1568855,True
ActPlane,3dae89cd06ae,docs,4e002692493fdf87,5f471412862be585,True,12,455031,True
ActPlane,3dae89cd06ae,collector,50936b0d3a825eaf,a85d199b7b27cc5d,True,4,5948433,True
ActPlane,3dae89cd06ae,docs,1e7d9144f173c501,b7783870a152d2e9,True,11,150154,True
ActPlane,3dae89cd06ae,collector,428c83c2b31fc66d,b6317cc31ccd86ef,True,3,31235,True
ActPlane,3dae89cd06ae,docs,8ff92eaeb43c93cb,54bc1bfc135aef61,True,1,21371,True
ActPlane,3dae89cd06ae,bpf,13393e8e1ec1b705,eae580cbc2c3cd02,True,49,13026020,True
ActPlane,3dae89cd06ae,docs,3d71dacefa6f8884,4971061cc441909c,True,1,19845,True
ActPlane,3dae89cd06ae,bpf,eae580cbc2c3cd02,71cbb0858d40e284,True,1,6982,True
ActPlane,3dae89cd06ae,collector,b6317cc31ccd86ef,8a6ed96d199c6051,True,16,6130781,True
ActPlane,3dae89cd06ae,bpf,966bdddcad24fb50,c11ab2d99bf6118b,True,1,55,True
ActPlane,3dae89cd06ae,docs,4971061cc441909c,c52c4742b1831874,True,4,33342,True
ActPlane,3dae89cd06ae,bpf,c11ab2d99bf6118b,23b1dcbff15331f9,True,2,801280,True
ActPlane,3dae89cd06ae,collector,8a6ed96d199c6051,00080cfdfd2e072a,True,6,801335,True
ActPlane,3dae89cd06ae,bpf,f240178f6c0ce9d0,15d029790d8528d6,True,1,32,True
ActPlane,3dae89cd06ae,collector,00080cfdfd2e072a,89dfd8b81dbd8245,True,3,14447,True
ActPlane,3dae89cd06ae,bpf,dbcfe461f1eb8cc3,cc9bc8a946a80650,True,1,9693,True
ActPlane,3dae89cd06ae,collector,89dfd8b81dbd8245,04ac44a37524a543,True,1,19698,True
ActPlane,3dae89cd06ae,bpf,cc9bc8a946a80650,d3237f925264f023,True,1,43204,True
ActPlane,3dae89cd06ae,collector,04ac44a37524a543,14b1c02cd62acc9e,True,8,152454,True
ActPlane,3dae89cd06ae,bpf,d684f2c297c7022e,699a611f309d9280,True,1,46466,True
ActPlane,3dae89cd06ae,docs,c0bac7874f8e8731,fe66b8a775749ef9,True,25,1146323,True
ActPlane,3dae89cd06ae,bpf,1f5cf8ea322b364a,fdbe62eed00f8d18,True,2,12547,True
ActPlane,3dae89cd06ae,collector,14b1c02cd62acc9e,6999ca704a0ad941,True,9,203583,True
ActPlane,3dae89cd06ae,bpf,fdbe62eed00f8d18,74d4aaec5501f1e2,True,1,0,True
ActPlane,3dae89cd06ae,docs,7dca67f4b8ae512c,9595cb674124783a,True,3,12572,True
ActPlane,3dae89cd06ae,bpf,74d4aaec5501f1e2,df07f4d78cdc120b,True,1,7579,True
ActPlane,3dae89cd06ae,collector,6999ca704a0ad941,9008644217b566be,True,4,7623,True
ActPlane,3dae89cd06ae,bpf,c312101aebe0ba02,ed0d7f6c9540e30b,True,1,6959,True
ActPlane,3dae89cd06ae,collector,9008644217b566be,fe178399c54be66f,True,3,6994,True
ActPlane,3dae89cd06ae,bpf,89e4b099cbeadd87,ee0d9c5c362cc930,True,1,13721,True
ActPlane,3dae89cd06ae,collector,fe178399c54be66f,720eccc14538e616,True,4,30738,True
ActPlane,3dae89cd06ae,bpf,dee759a1455cf9f3,2dbd0ff262163947,True,2,33,True
ActPlane,3dae89cd06ae,collector,0733f54bcb2b4f86,85e6ec52b6ae725a,True,8,124710,True
ActPlane,3dae89cd06ae,bpf,1a88a04c6ef5e1b1,3f77152d5218a36a,True,2,46982,True
ActPlane,3dae89cd06ae,docs,9595cb674124783a,aad8e5f6f549d6ac,True,24,193357,True
ActPlane,3dae89cd06ae,bpf,3f77152d5218a36a,0e9c35024dca8275,True,10,126514,True
ActPlane,3dae89cd06ae,docs,8ca35830751821d1,eada5e5cb26cefc2,True,3,91112,True
ActPlane,3dae89cd06ae,bpf,6007c1e799ddb5da,0b14ef75f5065884,True,3,82648,True
ActPlane,3dae89cd06ae,collector,ad7476dc1ddd378e,bc4e627830b6bc3c,True,33,258509,True
ActPlane,3dae89cd06ae,bpf,0991812a2183ea4d,dfa7de150f1dc2ce,True,2,9264,True
ActPlane,3dae89cd06ae,collector,43fddba196c2bf3a,c98a00838b7c9138,True,1,12027,True
ActPlane,3dae89cd06ae,bpf,dfa7de150f1dc2ce,577e8397434b0452,True,4,13432,True
ActPlane,3dae89cd06ae,docs,12d9589e543cbdd2,d5cf9b65b26a56ce,True,27,109952,True
ActPlane,3dae89cd06ae,bpf,422b443a9a177585,9a8d8975322595b2,True,1,11411,True
ActPlane,3dae89cd06ae,collector,7c0e6975c11829cc,517679f1b0744c64,True,14,31072,True
ActPlane,3dae89cd06ae,bpf,943665068bce61d1,e521a3382b3b3765,True,2,2863,True
ActPlane,3dae89cd06ae,collector,9519e48984f10ac3,f9431d6ee5ebb55b,True,3,13158,True
ActPlane,3dae89cd06ae,bpf,150c6fade1397e6d,2afd59a9709128aa,True,8,91084,True
ActPlane,3dae89cd06ae,collector,74913828c92e57c7,cf72fe01131414f6,True,3,78662,True
ActPlane,3dae89cd06ae,docs,d5cf9b65b26a56ce,1963773e7acfa070,True,28,163417,True
ActPlane,3dae89cd06ae,collector,813e6c0e721b59bc,c0a2207af29c0d14,True,5,39984,True
ActPlane,3dae89cd06ae,bpf,2b38842243dfa2f9,1e5d6199b80058a4,True,11,88785,True
ActPlane,3dae89cd06ae,collector,1c64ea237502b9f8,81ba6e6600b080d8,True,4,108255,True
ActPlane,3dae89cd06ae,bpf,7a959c2447b86cd1,770755ff2874f667,True,10,140675,True
ActPlane,3dae89cd06ae,collector,bb32de6834a685ff,97a8b1f5f6d3ee27,True,2,12590,True
ActPlane,3dae89cd06ae,bpf,20e6e7ee533eb226,dbe73af830bcfeb2,True,1,26070,True
ActPlane,3dae89cd06ae,collector,97a8b1f5f6d3ee27,8fb0be162fe258d4,True,15,175833,True
ActPlane,3dae89cd06ae,docs,a85aa164139b5c5d,4deee562849c18e3,True,46,528980,True
ActPlane,3dae89cd06ae,bpf,c737bfe7b9db20a1,68490d55e07fcc6e,True,12,154002,True
ActPlane,3dae89cd06ae,collector,51775819adf1ef2b,60e19bcb0aabbed8,True,3,26288,True
ActPlane,3dae89cd06ae,collector,60e19bcb0aabbed8,c91cc0d895ac754a,True,1,6756,True
ActPlane,3dae89cd06ae,docs,4deee562849c18e3,a23d0b445f32d5ee,True,5,22701,True
ActPlane,3dae89cd06ae,bpf,ea573a7b411b9ed1,cd1b273587aa0134,True,2,20603,True
ActPlane,3dae89cd06ae,collector,c91cc0d895ac754a,f60729d9248d0245,True,8,185436,True
ActPlane,3dae89cd06ae,docs,a23d0b445f32d5ee,23efdc4d2ab4872f,True,8,201866,True
ActPlane,3dae89cd06ae,bpf,f170670b20413097,95bebacfa6e4ff65,True,4,162055,True
ActPlane,3dae89cd06ae,collector,f60729d9248d0245,4880b143fd92c234,True,5,79233,True
ActPlane,3dae89cd06ae,docs,3a8c0b6e6acc9882,863fdb90a87d249a,True,3,35452,True
ActPlane,3dae89cd06ae,bpf,caad9683468fa265,d81eb324b619891b,True,4,51866,True
ActPlane,3dae89cd06ae,collector,030cfad0c6821fa9,337dab4175a7e9b6,True,5,7672,True
ActPlane,3dae89cd06ae,bpf,e561587ad743f8d1,520c30db598e43e6,True,6,27754,True
ActPlane,3dae89cd06ae,collector,acdeb66a6b7cb4af,e44ef9c0b46fc1f6,True,8,14843,True
ActPlane,3dae89cd06ae,docs,863fdb90a87d249a,d82215142ad43198,True,23,102115,True
ActPlane,3dae89cd06ae,collector,2e09699c81427887,52668908a98f6bc2,True,1,34865,True
ActPlane,3dae89cd06ae,bpf,76bb940e36be827a,0a8a820892d8ee21,True,4,34866,True
ActPlane,3dae89cd06ae,collector,52668908a98f6bc2,3057e05ef4509683,True,2,24610,True
ActPlane,3dae89cd06ae,repo-root-files,42776fb38e418a23,08f2920f45ed77be,True,321,17042096,True
ActPlane,3dae89cd06ae,bpf,2c81af1cf62f9475,2afe25dbb164b477,True,4,33111,True
ActPlane,3dae89cd06ae,docs,d82215142ad43198,fa34e3ac44a6ac38,True,8,67978,True
ActPlane,3dae89cd06ae,bpf,2afe25dbb164b477,bd6afbb059723574,True,1,16047,True
ActPlane,3dae89cd06ae,collector,d25b0f63cf3f8eb5,b594e80cebb7a237,True,4,24565,True
ActPlane,3dae89cd06ae,bpf,bd6afbb059723574,d50363edaa9a7069,True,2,43391,True
ActPlane,3dae89cd06ae,collector,8b1bec870addf232,ecd60cc234b36ea4,True,1,43214,True
ActPlane,3dae89cd06ae,bpf,d50363edaa9a7069,4c1ffafecb30f601,True,1,62,True
ActPlane,3dae89cd06ae,docs,fa34e3ac44a6ac38,674d9a4eb37131b4,True,8,158362,True
ActPlane,3dae89cd06ae,repo-root-files,08f2920f45ed77be,674d9a4eb37131b4,True,10,158362,True
ActPlane,3dae89cd06ae,docs,674d9a4eb37131b4,286c7c55f910f279,True,12,166522,True
ActPlane,3dae89cd06ae,repo-root-files,674d9a4eb37131b4,286c7c55f910f279,True,12,166522,True
ActPlane,3dae89cd06ae,repo-root-files,286c7c55f910f279,4d75edb5e3b7b21e,True,1,8540,True
ActPlane,3dae89cd06ae,bpf,8353aa956b321a0c,53aa5ec59b019e01,True,1,9671,True
ActPlane,3dae89cd06ae,docs,286c7c55f910f279,406692f004f555d1,True,3,17351,True
ActPlane,3dae89cd06ae,bpf,53aa5ec59b019e01,766608eee61ae1a2,True,1,25921,True
ActPlane,3dae89cd06ae,docs,406692f004f555d1,3160c08e7843f32b,True,3,88172,True
ActPlane,3dae89cd06ae,collector,ecd60cc234b36ea4,01a0be6f2366e2dd,True,25,1179856,True
ActPlane,3dae89cd06ae,docs,3160c08e7843f32b,9c0de96abd04f55f,True,29,1071548,True
ActPlane,3dae89cd06ae,bpf,c5dd120a20453581,66a9c62145dc4662,True,31,1126464,True
ActPlane,3dae89cd06ae,docs,9c0de96abd04f55f,d8019dabe442e45a,True,30,275795,True
ActPlane,3dae89cd06ae,bpf,9a33eb44f97b1eb7,0e859a397aa0d001,True,8,169308,True
ActPlane,3dae89cd06ae,collector,d2b9cffec706afe8,5c74c01da29015a4,True,50,458391,True
ActPlane,3dae89cd06ae,bpf,1aff624d1900b879,0c9be3d2042b58d1,True,3,19552,True
ActPlane,3dae89cd06ae,collector,ed722265166e26ef,2ef5db6f7bb5267e,True,2,5260,True
ActPlane,3dae89cd06ae,docs,140cbf3096482989,7b3ef3f527e11362,True,17,136357,True
ActPlane,3dae89cd06ae,collector,2ef5db6f7bb5267e,fbbaef36bb62d25e,True,3,14852,True
ActPlane,3dae89cd06ae,bpf,20658229b5e579be,f0f341f56f636398,True,11,80302,True
ActPlane,3dae89cd06ae,collector,7250178bf0ee334c,81cee5933a6f6d4c,True,2,62684,True
ActPlane,3dae89cd06ae,bpf,74f93d64eab7e5e7,9b03f41a19e6022f,True,5,28243,True
ActPlane,3dae89cd06ae,collector,e4938b2167701782,c26833dd9592ca5d,True,10,74694,True
ActPlane,3dae89cd06ae,docs,fd85c403e64fd735,b55d66d833c9c9d4,True,31,233161,True
ActPlane,3dae89cd06ae,collector,9e12c228c74f6265,53b3f83007154d6d,True,1,36505,True
ActPlane,3dae89cd06ae,docs,b55d66d833c9c9d4,8a3132e51927ae29,True,2,24409,True
ActPlane,3dae89cd06ae,collector,64726f7d9a391dc5,3245abca28c48a77,True,3,128348,True
ActPlane,3dae89cd06ae,bpf,c26833dd9592ca5d,14aba1edb695adc7,True,24,278353,True
ActPlane,3dae89cd06ae,collector,e5e1d15e6a927444,c4cc8af62ce1c2ee,True,1,14669,True
ActPlane,3dae89cd06ae,docs,60155944b64d1fd6,6a35f2a4eadf5639,True,16,167767,True
ActPlane,3dae89cd06ae,collector,aab23ee932a202aa,3fc582592c3be681,True,2,29275,True
ActPlane,3dae89cd06ae,docs,acab94c58b8df55d,aa3a0876e13347bc,True,4,110323,True
ActPlane,3dae89cd06ae,collector,c31a3fe4ca26572c,fa86dd10aa0d4743,True,1,7433,True
ActPlane,3dae89cd06ae,bpf,c4cc8af62ce1c2ee,20406a206ed0c109,True,14,202161,True
ActPlane,3dae89cd06ae,collector,41a66c7849ef01c3,7d88880c73efd271,True,1,27029,True
ActPlane,3dae89cd06ae,docs,aa3a0876e13347bc,80986d11bff02da8,True,8,94994,True
ActPlane,3dae89cd06ae,collector,823db521db53d3bd,4a40d1a95de480e5,True,2,109563,True
ActPlane,3dae89cd06ae,docs,9996da8c743aee01,38499879b6df845f,True,16,29734254,True
ActPlane,3dae89cd06ae,collector,bdf4e41ed967ec7e,8fa51fe71e4364b9,True,2,77792,True
ActPlane,3dae89cd06ae,bpf,20406a206ed0c109,c39d0615136d33b4,True,29,30020311,True
ActPlane,3dae89cd06ae,docs,9f0fcb43cb892708,d34b1895c041cda4,True,10,416198,True
ActPlane,3dae89cd06ae,collector,c6289737799e42fa,c2f5f8db47a93f06,True,7,314222,True
ActPlane,3dae89cd06ae,repo-root-files,4d75edb5e3b7b21e,fe0393b748a7d8a4,True,241,33040184,True
ActPlane,3dae89cd06ae,docs,1f13ab8cd6f19085,006d0464816f3f48,True,46,535688,True
ActPlane,3dae89cd06ae,repo-root-files,fe0393b748a7d8a4,a07d5c3783f99f98,True,1,9948,True
ActPlane,3dae89cd06ae,docs,006d0464816f3f48,922f4bf930daa843,True,1,48032,True
ActPlane,3dae89cd06ae,collector,bd3b4dadb2deb7e6,eded1f456f3f7794,True,20,287574,True
ActPlane,3dae89cd06ae,bpf,944024b06ea1d692,041cb5ef70a09269,True,92,1059470,True
ActPlane,3dae89cd06ae,collector,3650f7fb8a90a13c,209e351484980b5d,True,10,46416,True
ActPlane,3dae89cd06ae,repo-root-files,a07d5c3783f99f98,21ac655974fce0c1,True,53,382225,True
ActPlane,3dae89cd06ae,collector,35449305e06ce39e,066f11ef0c83f0af,True,1,13041,True
ActPlane,3dae89cd06ae,docs,2fc31f547ec5ac10,0caf42b600fd2eda,True,77,766453,True
ActPlane,3dae89cd06ae,collector,4bdf3fa04fb14804,d2666ec70ebd6040,True,4,152477,True
ActPlane,3dae89cd06ae,docs,8d060bfc3c61a709,ffaaecc93a4ff61c,True,14,113689,True
ActPlane,3dae89cd06ae,collector,d99f8869eb5e5948,d0b7b3e58f373ffe,True,1,22146,True
ActPlane,3dae89cd06ae,docs,ffaaecc93a4ff61c,9c6f560b443bf0b2,True,5,51238,True
ActPlane,3dae89cd06ae,collector,b12aa09ac78ea37d,219959769bbc04c1,True,1,74988,True
ActPlane,3dae89cd06ae,docs,9c6f560b443bf0b2,ff4bde0d9307aae0,True,7,183651,True
ActPlane,3dae89cd06ae,collector,1f4904a58efb6434,d8077be1ee94ac38,True,1,113710,True
ActPlane,3dae89cd06ae,repo-root-files,21ac655974fce0c1,2b448da3b020aae8,True,128,1466825,True
ActPlane,3dae89cd06ae,docs,ff4bde0d9307aae0,f38741f372ea20b1,True,56,567044,True
ActPlane,3dae89cd06ae,repo-root-files,2b448da3b020aae8,532eda24034f9a75,True,11,87454,True
ActPlane,3dae89cd06ae,docs,2975ba148b2d7929,b3c9260c871aadf3,True,1,47063,True
ActPlane,3dae89cd06ae,collector,fcba77f4e87af0e1,fca6cea41fb017ff,True,16,206646,True
ActPlane,3dae89cd06ae,bpf,34240358df040449,8719e8db03ecc9b2,True,171,1746189,True
ActPlane,3dae89cd06ae,collector,6a9c114eb7ea4ad8,b790c4fc69cd7077,True,4,14670,True
ActPlane,3dae89cd06ae,repo-root-files,532eda24034f9a75,224e8360f9cad8dd,True,34,188764,True
ActPlane,3dae89cd06ae,docs,0b1b5b1bcd3a2aca,a7510ea9caf635ec,True,32,140486,True
ActPlane,3dae89cd06ae,collector,5a588300cec06eaf,8e724378d823a8f4,True,4,17070,True
ActPlane,3dae89cd06ae,docs,af4e6383cfd8f3e9,f3cb1cbd44ff4dfb,True,47,642816,True
ActPlane,3dae89cd06ae,repo-root-files,224e8360f9cad8dd,9382cb6b59cf53ab,True,57,678935,True
ActPlane,3dae89cd06ae,docs,979503200cb29144,2a8065f2d590a947,True,1,12411,True
ActPlane,3dae89cd06ae,collector,df19aaa6ed54066c,224dc05425a04cc7,True,13,229438,True
ActPlane,3dae89cd06ae,repo-root-files,9382cb6b59cf53ab,e9208f4df703b1ed,True,21,207699,True
ActPlane,3dae89cd06ae,collector,93cba298dcd4c962,95453196a3217f47,True,1,3644,True
ActPlane,3dae89cd06ae,docs,3163a16d77f120f7,99c93c9632221e85,True,30,242798,True
ActPlane,3dae89cd06ae,collector,9d7dbf9ebd3615d1,5c16fa35315fbad3,True,1,98818,True
ActPlane,3dae89cd06ae,docs,99c93c9632221e85,29ae394bf246f7d4,True,7,99229,True
ActPlane,3dae89cd06ae,collector,c1a374e8e13975dc,be8b30bb9f7bc901,True,1,101677,True
ActPlane,3dae89cd06ae,bpf,43d54d6d629ec43e,2a4666983ed25706,True,110,1255058,True
ActPlane,3dae89cd06ae,collector,20e36440cfd33cd4,7c6bdf69d6ccb22b,True,4,63142,True
ActPlane,3dae89cd06ae,docs,29ae394bf246f7d4,890383e5d8d7baa0,True,12,227208,True
ActPlane,3dae89cd06ae,collector,262a8e54b8f1c319,1d59da799850f09d,True,4,47615,True
ActPlane,3dae89cd06ae,bpf,f18f017f2157a7df,4661f46a6701d12e,True,14,207269,True
ActPlane,3dae89cd06ae,docs,5ccb785c9a669495,d14dacf772232798,True,9,81873,True
ActPlane,3dae89cd06ae,collector,4ad72a63f111fc78,b53fe0e5cc284c37,True,5,33522,True
ActPlane,3dae89cd06ae,docs,d14dacf772232798,53cdb15ca2584fb3,True,4,167809,True
ActPlane,3dae89cd06ae,collector,0ea82d8613a3fb8a,ad2eb2abc2f1058f,True,1,114523,True
ActPlane,3dae89cd06ae,repo-root-files,e9208f4df703b1ed,75e5ee63ed433c9f,True,58,857517,True
ActPlane,3dae89cd06ae,docs,53cdb15ca2584fb3,c7b0095b09bf6688,True,6,126579,True
ActPlane,3dae89cd06ae,repo-root-files,75e5ee63ed433c9f,a52aca073ab42203,True,2,9790,True
ActPlane,3dae89cd06ae,docs,bc4ea9ab136cfe44,c77effb8d6ea2d56,True,1,0,True
ActPlane,3dae89cd06ae,collector,352ed1c4ece9dd88,2ff1f3a2636b82ee,True,5,9969,True
ActPlane,3dae89cd06ae,repo-root-files,a52aca073ab42203,46c1b31f02119c13,True,15,202944,True
ActPlane,3dae89cd06ae,docs,c77effb8d6ea2d56,d109e7f1707e3175,True,15,215893,True
ActPlane,3dae89cd06ae,collector,31e95b65c655d0db,7ae7c2681a214124,True,7,82246,True
ActPlane,3dae89cd06ae,docs,729a7acab9dae6b3,62146c113e274288,True,2,49472,True
ActPlane,3dae89cd06ae,collector,2467f452d028e99a,2d0316ca7f9a90c0,True,1,64164,True
ActPlane,3dae89cd06ae,bpf,3dace59da6482b41,5a24da24154a25c9,True,45,674562,True
ActPlane,3dae89cd06ae,collector,af6101d9b3083dbe,a6b8b9e7fecd4b41,True,4,13839,True
ActPlane,3dae89cd06ae,docs,62146c113e274288,dc69405de9fe712a,True,13,85515,True
ActPlane,3dae89cd06ae,collector,fcb9ab94b87afb94,aea730d17517d247,True,1,2919,True
ActPlane,3dae89cd06ae,bpf,5f4897154d23869d,2ad00f65a82ea7fe,True,7,33230,True
ActPlane,3dae89cd06ae,collector,3f1f3a5f478465c7,b38dbdcc3aff833f,True,2,5353,True
ActPlane,3dae89cd06ae,docs,dc69405de9fe712a,798399ff1aa0f61c,True,9,171445,True
ActPlane,3dae89cd06ae,collector,ea2c8f626d4a3ae3,1420c11685bd1d74,True,4,18487,True
ActPlane,3dae89cd06ae,docs,4fdf737b1ec101fe,8b92fd848a9a4dd4,True,2,23504,True
ActPlane,3dae89cd06ae,collector,7309aaa8ec7e4a9b,3e5d3e17279f3ec2,True,2,38181,True
ActPlane,3dae89cd06ae,docs,59c54710cfc6ca8f,54d2ab19c320bdb6,True,1,35446,True
ActPlane,3dae89cd06ae,collector,3e5d3e17279f3ec2,4877d006fdef7355,True,1,66907,True
ActPlane,3dae89cd06ae,docs,54d2ab19c320bdb6,6331646febdd6f5e,True,3,48968,True
ActPlane,3dae89cd06ae,collector,f74aff7950585c7a,74968cd572ba178d,True,1,68152,True
ActPlane,3dae89cd06ae,repo-root-files,46c1b31f02119c13,e9f493e11359332c,True,57,766055,True
ActPlane,3dae89cd06ae,docs,6331646febdd6f5e,fb3ea89c5b5b860b,True,12,281211,True
ActPlane,3dae89cd06ae,repo-root-files,e9f493e11359332c,a3b5ef0c104a82c5,True,3,6847,True
ActPlane,3dae89cd06ae,docs,fe37d037c36b4dab,10bfe7a710d445f2,True,1,17607,True
ActPlane,3dae89cd06ae,collector,573f7da79f043c45,9ce70113c1eb861e,True,7,45423,True
ActPlane,3dae89cd06ae,docs,f3257292628af6a0,6214ddb0e30880a4,True,2,29511,True
ActPlane,3dae89cd06ae,collector,c2ca84eb05e8fc71,1cd46c061253a6c2,True,1,38919,True
ActPlane,3dae89cd06ae,bpf,2ef957145dd2f810,5ee4d43b4199de3c,True,51,692477,True
ActPlane,3dae89cd06ae,collector,dd814194d8af5bed,a7a88c333f7f364e,True,1,23536,True
ActPlane,3dae89cd06ae,repo-root-files,a3b5ef0c104a82c5,a37ee59d3de031c1,True,22,202043,True
ActPlane,3dae89cd06ae,docs,6214ddb0e30880a4,529d65645c50426c,True,18,155905,True
ActPlane,3dae89cd06ae,collector,4aaaf9ab97f18d7a,0ac06bf0fd224a9f,True,3,39670,True
ActPlane,3dae89cd06ae,bpf,5ee4d43b4199de3c,f455166097f3f8ed,True,10,151835,True
ActPlane,3dae89cd06ae,collector,28c8fba4171210ff,5ea014013b11d314,True,3,12914,True
ActPlane,3dae89cd06ae,docs,f30fe8be816df413,786485a9c6135362,True,17,322149,True
ActPlane,3dae89cd06ae,collector,b52f934ed34e40ac,f19d17a98dd4ed2e,True,1,43277,True
ActPlane,3dae89cd06ae,bpf,2cba224a380757f0,26cb66cbd9576fbf,True,23,291221,True
ActPlane,3dae89cd06ae,repo-root-files,a37ee59d3de031c1,bb249b11190f7dac,True,39,656572,True
ActPlane,3dae89cd06ae,docs,786485a9c6135362,ea3013711819104c,True,20,354052,True
ActPlane,3dae89cd06ae,collector,01753c45b47a72d3,209db8788f200458,True,7,122019,True
ActPlane,3dae89cd06ae,bpf,26cb66cbd9576fbf,6f0d53b936619cd9,True,23,477642,True
ActPlane,3dae89cd06ae,repo-root-files,bb249b11190f7dac,24ba526b49b7d35a,True,18,215889,True
ActPlane,3dae89cd06ae,docs,c98b45c66cd7c474,242af686a4f18235,True,13,147634,True
ActPlane,3dae89cd06ae,collector,cac8df201e98f6f0,f85433fb75aa308e,True,7,61728,True
ActPlane,3dae89cd06ae,docs,2348fab1372f0e2e,aa5332657205a45d,True,12,148752,True
ActPlane,3dae89cd06ae,repo-root-files,24ba526b49b7d35a,ff2e2c2336d2e9e9,True,16,161937,True
ActPlane,3dae89cd06ae,docs,b5b31e07a5f1aa9c,95b40266766f8887,True,3,46837,True
ActPlane,3dae89cd06ae,collector,f36c2ec8b0271ffb,5717f0b123321cc3,True,6,93648,True
ActPlane,3dae89cd06ae,repo-root-files,359c35025bab8665,9a61e725bc582c52,True,6,109385,True
ActPlane,3dae89cd06ae,docs,95b40266766f8887,f8f6576b684dd2d6,True,6,76182,True
ActPlane,3dae89cd06ae,collector,a3911363964ebacc,db3ed71beef63b4a,True,2,40916,True
ActPlane,3dae89cd06ae,docs,f8f6576b684dd2d6,34d04e89928dc95e,True,3,71021,True
ActPlane,3dae89cd06ae,collector,e0b26c7156162acf,4612334b3d38e3bb,True,1,164872,True
ActPlane,3dae89cd06ae,repo-root-files,9a61e725bc582c52,27614a53be0018a4,True,17,347025,True
ActPlane,3dae89cd06ae,docs,34d04e89928dc95e,7f340e2ca12000e7,True,13,276033,True
ActPlane,3dae89cd06ae,repo-root-files,27614a53be0018a4,426c6bae80399f60,True,3,14306,True
ActPlane,3dae89cd06ae,docs,e1c052ac2afe88f2,c72dd801c5eb98f5,True,1,22094,True
ActPlane,3dae89cd06ae,repo-root-files,426c6bae80399f60,42b63220e237cbd7,True,2,90634,True
ActPlane,3dae89cd06ae,collector,52adb8da424edff6,0ec6b946af2f7ea3,True,8,114899,True
ActPlane,3dae89cd06ae,repo-root-files,42b63220e237cbd7,46bbf61b8cd48aeb,True,10,31997,True
ActPlane,3dae89cd06ae,collector,ef6192a2073419ff,73c51e26b340b848,True,1,31709,True
ActPlane,3dae89cd06ae,repo-root-files,46bbf61b8cd48aeb,7db2a3a4d2e55ff0,True,4,85361,True
ActPlane,3dae89cd06ae,docs,c85898c2b9656542,e1f019d60a6b0786,True,17,179225,True
ActPlane,3dae89cd06ae,collector,cfdd4f00e899f406,e7f0ea79fff9818f,True,2,97919,True
ActPlane,3dae89cd06ae,repo-root-files,7db2a3a4d2e55ff0,4825a1db9b532cc3,True,3,116399,True
ActPlane,3dae89cd06ae,collector,8362a6bda1cacd55,8ede1cf42bbe1e82,True,1,75689,True
ActPlane,3dae89cd06ae,repo-root-files,4825a1db9b532cc3,00d0c6c2e00c96d4,True,2,70413,True
ActPlane,3dae89cd06ae,docs,e1f019d60a6b0786,bcaf2ea83f4ec7f3,True,16,423598,True
ActPlane,3dae89cd06ae,collector,20014c5bdb6fa667,c4223f231ecff039,True,1,10062,True
ActPlane,3dae89cd06ae,repo-root-files,00d0c6c2e00c96d4,a437d88ad4292cc1,True,16,431215,True
ActPlane,3dae89cd06ae,docs,bcaf2ea83f4ec7f3,f97e77218c88552e,True,6,194386,True
ActPlane,3dae89cd06ae,repo-root-files,a437d88ad4292cc1,23255bc8c874af4f,True,2,8693,True
ActPlane,3dae89cd06ae,docs,29e3dd72b34a3865,a8dec7f7e25b4f75,True,1,24854,True
ActPlane,3dae89cd06ae,collector,093ab08c88dc0dbf,ade2e1ac26ade4d1,True,9,96380,True
ActPlane,3dae89cd06ae,repo-root-files,23255bc8c874af4f,879a1e974840223e,True,20,248545,True
ActPlane,3dae89cd06ae,docs,258eaa44211ab2ed,3ac94832fb99322e,True,16,211902,True
ActPlane,3dae89cd06ae,collector,77c159a3ebae126b,04c8a6a0bb15e629,True,3,60462,True
ActPlane,3dae89cd06ae,docs,491e96d961511421,3ba53e779e99d24b,True,9,403104,True
ActPlane,3dae89cd06ae,collector,ac215903fa79bcff,b32911b0c407f71b,True,2,162595,True
ActPlane,3dae89cd06ae,repo-root-files,879a1e974840223e,e9e5c0bdd70447f9,True,15,471107,True
ActPlane,3dae89cd06ae,collector,b856f68669c6593a,f4482d493e3c3265,True,1,54063,True
ActPlane,3dae89cd06ae,repo-root-files,e9e5c0bdd70447f9,599bc591d832cb64,True,4,173677,True
ActPlane,3dae89cd06ae,docs,198416d25e569b66,cfc17f6fb0a0fece,True,8,259962,True
ActPlane,3dae89cd06ae,collector,36dcd97ad7834753,7b2e1f04a44982ca,True,3,89046,True
ActPlane,3dae89cd06ae,repo-root-files,599bc591d832cb64,632ea6e67364d8b3,True,14,195999,True
ActPlane,3dae89cd06ae,collector,0ed567737ca56755,1c3a37ab5f5cfbeb,True,1,8338,True
ActPlane,3dae89cd06ae,repo-root-files,632ea6e67364d8b3,6b7f610c395e496d,True,3,18676,True
ActPlane,3dae89cd06ae,collector,18a6b700f3d34211,c1c8275c37d101b7,True,1,79237,True
ActPlane,3dae89cd06ae,docs,b60e11298862b764,ccf5b0317fc96efe,True,18,252308,True
ActPlane,3dae89cd06ae,collector,c1c8275c37d101b7,d1054835a93adeba,True,2,4414,True
ActPlane,3dae89cd06ae,repo-root-files,6b7f610c395e496d,1519b42d886b0109,True,5,195083,True
ActPlane,3dae89cd06ae,collector,60420fb12f325851,5b35928c2041886f,True,1,44804,True
ActPlane,3dae89cd06ae,repo-root-files,1519b42d886b0109,c2c433c8667ed1cf,True,4,47982,True
ActPlane,3dae89cd06ae,collector,b74db609188b5f53,f231b9279b4ae89b,True,1,101651,True
ActPlane,3dae89cd06ae,docs,649bac4398df4544,1bd6e1d8164dc25b,True,9,275827,True
ActPlane,3dae89cd06ae,collector,f231b9279b4ae89b,4224c9e5df4c717a,True,1,18449,True
ActPlane,3dae89cd06ae,repo-root-files,c2c433c8667ed1cf,74283ce028864b83,True,13,344751,True
ActPlane,3dae89cd06ae,docs,1bd6e1d8164dc25b,eba90ab916b9eb7a,True,12,261112,True
ActPlane,3dae89cd06ae,collector,69908491ac77ef5d,124d7a561a1b7648,True,3,203490,True
ActPlane,3dae89cd06ae,docs,f9de1ef4ce47870f,4ee246c70b3ec80b,True,27,683758,True
ActPlane,3dae89cd06ae,bpf,fe7658eb4fb722d7,da77fcfd1bd3ffd5,True,214,3929440,True
ActPlane,3dae89cd06ae,collector,ec31406bd2a791d7,dfcca2128c12f6e5,True,5,115731,True
ActPlane,3dae89cd06ae,bpf,da77fcfd1bd3ffd5,1ff045341d85f748,True,1,9285,True
ActPlane,3dae89cd06ae,docs,37b82a9ba7fe031a,5b5df94980d9402c,True,6,104125,True
ActPlane,3dae89cd06ae,bpf,1c36d13af4154077,dfc5fc42334c8fbd,True,2,82638,True
ActPlane,3dae89cd06ae,docs,1dfc1c68ab6c71a7,0304c680950962d8,True,1,43849,True
ActPlane,3dae89cd06ae,collector,dfcca2128c12f6e5,95e97ed451337cc8,True,12,392981,True
ActPlane,3dae89cd06ae,docs,c2cf0bf7fa1bac5c,3e2f9c43b56685de,True,12,174828,True
ActPlane,3dae89cd06ae,repo-root-files,74283ce028864b83,3e2f9c43b56685de,True,59,1272329,True
ActPlane,3dae89cd06ae,docs,3e2f9c43b56685de,e00d2007374f5a10,True,1,26147,True
ActPlane,3dae89cd06ae,collector,4959f35bef44da57,906e77975d4bed2f,True,4,60826,True
ActPlane,3dae89cd06ae,repo-root-files,0a41d3e16fa9ade9,f898f5b6e6cedcd8,True,4,88917,True
ActPlane,3dae89cd06ae,collector,25e4def0bfba4fff,48aad649e4a2e89a,True,1,54029,True
ActPlane,3dae89cd06ae,bpf,dfc5fc42334c8fbd,699bfda80c419c64,True,27,512554,True
ActPlane,3dae89cd06ae,collector,7887643e4fc7ef7d,7b0ccc0bc6951d9e,True,1,47,True
ActPlane,3dae89cd06ae,repo-root-files,f898f5b6e6cedcd8,d5ba0974d46f9dec,True,7,24411,True
ActPlane,3dae89cd06ae,docs,97d81818323b2bfc,56d7dfd225096eb7,True,11,84305,True
ActPlane,3dae89cd06ae,collector,ff3d83506ee7ed24,c94588b398944a41,True,2,11275,True
ActPlane,3dae89cd06ae,bpf,699bfda80c419c64,01e75351f8395fc3,True,13,77351,True
ActPlane,3dae89cd06ae,collector,7bac5d728923be37,1ad9f0b0576c209d,True,3,79680,True
ActPlane,3dae89cd06ae,docs,56d7dfd225096eb7,b738b8933e6ad5ef,True,17,140682,True
ActPlane,3dae89cd06ae,bpf,c0f328ced6348945,142df4dddf49f75e,True,8,63940,True
ActPlane,3dae89cd06ae,collector,78d1f9f7a8d420a1,a3b0c9662cd659be,True,3,76574,True
ActPlane,3dae89cd06ae,docs,9cc5e530fd9554d9,ae40cbe2d5baade7,True,13,249885,True
ActPlane,3dae89cd06ae,collector,f48aab395f472b4c,2d26570a9ccab7e8,True,1,65073,True
ActPlane,3dae89cd06ae,bpf,142df4dddf49f75e,bf5573762c37b907,True,15,297146,True
ActPlane,3dae89cd06ae,collector,8c9f79c73f13d8cd,f385ad541f55ddb0,True,1,10409,True
ActPlane,3dae89cd06ae,bpf,bf5573762c37b907,b71fa674bf4614f6,True,1,10416,True
ActPlane,3dae89cd06ae,collector,f385ad541f55ddb0,253859df97ba8139,True,1,7771,True
ActPlane,3dae89cd06ae,bpf,b71fa674bf4614f6,e14e9ff6416abef5,True,1,7719,True
ActPlane,3dae89cd06ae,collector,253859df97ba8139,ab071b676fc13e8f,True,3,8513,True
ActPlane,3dae89cd06ae,bpf,6f451294dc7f061f,731f6025072a6031,True,14,67589,True
ActPlane,3dae89cd06ae,collector,2fa141951f105121,8da71717fb5d9705,True,4,45764,True
ActPlane,3dae89cd06ae,docs,ae40cbe2d5baade7,62d25907da6ad06c,True,35,403445,True
ActPlane,3dae89cd06ae,collector,9a2ca58fab398dad,a55d959946f5d816,True,2,114069,True
ActPlane,3dae89cd06ae,docs,9513c2d3094c4b82,af85d8780fc5d221,True,2,153067,True
ActPlane,3dae89cd06ae,collector,64722c8944284d26,e84bdae7b5900196,True,1,128063,True
ActPlane,3dae89cd06ae,docs,af85d8780fc5d221,96968da8131bbfaf,True,4,16158,True
ActPlane,3dae89cd06ae,repo-root-files,d5ba0974d46f9dec,8894fec9be2fc11e,True,79,963309,True
ActPlane,3dae89cd06ae,collector,08ac3ff257bf449e,77830bfdc33292d6,True,2,8744,True
ActPlane,3dae89cd06ae,bpf,0850fd44afae4f21,4be8a854a655d3ac,True,21,444950,True
ActPlane,3dae89cd06ae,collector,3923c017e0dadbb0,cedb8b14866616cf,True,1,24645,True
ActPlane,3dae89cd06ae,repo-root-files,8894fec9be2fc11e,6d0abce298221ba4,True,9,167583,True
ActPlane,3dae89cd06ae,docs,96968da8131bbfaf,0be87d9ec13c661a,True,13,195594,True
ActPlane,3dae89cd06ae,bpf,4be8a854a655d3ac,19d81683e9aa9545,True,10,213704,True
ActPlane,3dae89cd06ae,collector,9e59abd844594790,99481954aec06db6,True,5,115071,True
ActPlane,3dae89cd06ae,docs,0be87d9ec13c661a,bc8db4cc29493ae3,True,4,81570,True
ActPlane,3dae89cd06ae,repo-root-files,c0540edc812a7d9c,21c7b439dc373473,True,8,111675,True
ActPlane,3dae89cd06ae,collector,1ced7a8199ca8ca3,5e7c247e9d67a382,True,4,26559,True
ActPlane,3dae89cd06ae,bpf,19d81683e9aa9545,eb3f98b64a499f8c,True,18,168793,True
ActPlane,3dae89cd06ae,docs,230e5b92c57956a5,bc61811163e33fd3,True,18,150554,True
ActPlane,3dae89cd06ae,repo-root-files,21c7b439dc373473,bc61811163e33fd3,True,17,145928,True
ActPlane,3dae89cd06ae,bpf,30d77fca573f10fb,fc6a04b79347e20d,True,1,135188,True
ActPlane,3dae89cd06ae,collector,db0bc9694311a367,07ed48374ce67473,True,10,219491,True
ActPlane,3dae89cd06ae,repo-root-files,bc61811163e33fd3,b47bfc9ac63f46f2,True,11,255063,True
ActPlane,3dae89cd06ae,docs,bc61811163e33fd3,c2b58294dbf78a65,True,12,263459,True
ActPlane,3dae89cd06ae,collector,049a82c8bccd4dff,be7f39a9fa3a064c,True,2,95779,True
ActPlane,3dae89cd06ae,docs,c2b58294dbf78a65,caf9b3b210c1894e,True,2,77730,True
ActPlane,3dae89cd06ae,repo-root-files,b47bfc9ac63f46f2,caf9b3b210c1894e,True,3,86126,True
ActPlane,3dae89cd06ae,collector,e4e265bae048f4bf,85e0f053e880b710,True,1,94326,True
ActPlane,3dae89cd06ae,docs,caf9b3b210c1894e,8b0d65da24e21a4c,True,2,8082190,True
ActPlane,3dae89cd06ae,collector,5f5e6ef98c1e4438,dd7751e7529281eb,True,2,8089817,True
ActPlane,3dae89cd06ae,docs,0eb5cff7b256d4c6,f742a45ef634fd0d,True,16,988290,True
ActPlane,3dae89cd06ae,bpf,875b12043e0034d2,9067ec230a9879c4,True,38,9495159,True
ActPlane,3dae89cd06ae,collector,5dbcba1013aaf535,b65d4dc69d51f9e9,True,7,281795,True
ActPlane,3dae89cd06ae,docs,51a543df89deaaf8,8be25d55f6b24268,True,3,157095,True
ActPlane,3dae89cd06ae,collector,b65d4dc69d51f9e9,84a9028c20f64d57,True,3,255567,True
ActPlane,3dae89cd06ae,docs,a7b634652e56b8a5,67fa7f8f998ddbfb,True,2,113687,True
ActPlane,3dae89cd06ae,collector,f4c493608aeb74a4,a150eaee4f2a11fb,True,11,703698,True
ActPlane,3dae89cd06ae,repo-root-files,caf9b3b210c1894e,890136db448855d4,True,45,10602770,True
ActPlane,3dae89cd06ae,docs,6aff766fb1091bb0,d3ea3e214590ad86,True,2,588421,True
ActPlane,3dae89cd06ae,collector,a150eaee4f2a11fb,2f266fd95afd11ae,True,2,424228,True
ActPlane,3dae89cd06ae,docs,d3ea3e214590ad86,4782142152ea2e56,True,11,168720,True
ActPlane,3dae89cd06ae,collector,05d4567cb0fef340,3494d3009a516fa7,True,1,42554,True
ActPlane,3dae89cd06ae,bpf,c71224184d1d9ccd,6688b7e50ea44ac7,True,81,2286357,True
ActPlane,3dae89cd06ae,collector,308ccda7494b2f01,d46f50c41b79b2be,True,1,34844,True
ActPlane,3dae89cd06ae,bpf,6688b7e50ea44ac7,84b798a2f597cd39,True,4,113475,True
ActPlane,3dae89cd06ae,collector,f870f17bfead0bc2,2b7eeccecc608ba6,True,1,78,True
ActPlane,3dae89cd06ae,bpf,84b798a2f597cd39,b56a4f6316ca25f5,True,1,7331,True
ActPlane,3dae89cd06ae,collector,2b7eeccecc608ba6,32f601bed9f74561,True,14,54586,True
ActPlane,3dae89cd06ae,bpf,81cec246a1356c47,ed635ffb08dc8200,True,4,21773,True
ActPlane,3dae89cd06ae,collector,d76f1d3a518737fa,b462301c7efd0bd2,True,3,21311,True
ActPlane,3dae89cd06ae,docs,4782142152ea2e56,2dbb08cc56fad21b,True,81,972382,True
ActPlane,3dae89cd06ae,bpf,4894e7cff9ad6e47,209109b78131ba37,True,6,94573,True
ActPlane,3dae89cd06ae,collector,3342444201689515,e8aa9b7fdc66df5b,True,3,78693,True
ActPlane,3dae89cd06ae,bpf,209109b78131ba37,61c08c5f359bb87a,True,2,33350,True
ActPlane,3dae89cd06ae,collector,47eee2f2616e4db2,49c5544d8299c7a7,True,1,16854,True
ActPlane,3dae89cd06ae,docs,9596170c0bc4dbcd,f7613b954ea4c9af,True,11,144168,True
ActPlane,3dae89cd06ae,collector,3e7c9197deed96b4,23a5889cef9a323b,True,1,375459,True
ActPlane,3dae89cd06ae,docs,f7613b954ea4c9af,5fe062862578e26a,True,14,679136,True
ActPlane,3dae89cd06ae,bpf,61c08c5f359bb87a,ecc10abb4e7dd2c9,True,23,14490669,True
ActPlane,3dae89cd06ae,collector,02e15bc5114ce63e,f415bcefd1d27f7d,True,11,13867091,True
ActPlane,3dae89cd06ae,bpf,a7d4361e4e74c05c,b4d4bf214139b03e,True,2,13516,True
ActPlane,3dae89cd06ae,collector,062ebf039d45fb07,c3eea7c456f89126,True,2,13408,True
ActPlane,3dae89cd06ae,bpf,a3f3d3657e928961,061605d722d3e144,True,1,1,True
ActPlane,3dae89cd06ae,repo-root-files,890136db448855d4,178a7d4240f34f47,True,145,15897209,True
ActPlane,3dae89cd06ae,bpf,5251713fcbba030b,2e8949e806e4e50e,True,1,0,True
ActPlane,3dae89cd06ae,docs,5fe062862578e26a,7888d79dff8c4009,True,24,13906215,True
ActPlane,3dae89cd06ae,bpf,2e8949e806e4e50e,7148685824d107af,True,2,48329,True
ActPlane,3dae89cd06ae,collector,c3eea7c456f89126,5d34135385572884,True,18,196576,True
ActPlane,3dae89cd06ae,bpf,ea63381f3ca7ba55,a5ad036d558c2587,True,1,26916,True
ActPlane,3dae89cd06ae,docs,4d8b1aa09cd5cef2,6bb7ce7e40f149c8,True,13,180851,True
ActPlane,3dae89cd06ae,collector,5d34135385572884,b93b833b2558c20a,True,6,72403,True
ActPlane,3dae89cd06ae,repo-root-files,178a7d4240f34f47,84ea840f5b6c7fca,True,18,203670,True
ActPlane,3dae89cd06ae,bpf,91e083381fe8bef4,d3486a13eccefc26,True,3,33880,True
ActPlane,3dae89cd06ae,collector,b93b833b2558c20a,1805c07b9c8adbe6,True,2,21450,True
ActPlane,3dae89cd06ae,bpf,d3486a13eccefc26,e9f60f8c972cf1d9,True,8,151988,True
ActPlane,3dae89cd06ae,collector,89d70ae9dc5f8008,397e30c95461d0a5,True,50,762201,True
ActPlane,3dae89cd06ae,bpf,9879ce139ca894b4,c2ee6df978d0d531,True,2,118464,True
ActPlane,3dae89cd06ae,docs,6bb7ce7e40f149c8,f4b8fe9ccf283be7,True,64,913456,True
ActPlane,3dae89cd06ae,bpf,c2ee6df978d0d531,9a7d28a14ce982e3,True,1,12559,True
ActPlane,3dae89cd06ae,docs,f4b8fe9ccf283be7,53aa9ddc0b0504ca,True,1,20169,True
ActPlane,3dae89cd06ae,bpf,9a7d28a14ce982e3,3272bbcba4127ad6,True,1,51141,True
ActPlane,3dae89cd06ae,docs,53aa9ddc0b0504ca,51ace82290c6c542,True,13,176496,True
ActPlane,3dae89cd06ae,repo-root-files,84ea840f5b6c7fca,c2e3ce089bddde75,True,81,3845349,True
ActPlane,3dae89cd06ae,repo-root-files,c2e3ce089bddde75,c819fad97c22fb23,True,10,3783610,True
ActPlane,3dae89cd06ae,docs,397d886461b6c53e,a99b26d171dc4ea4,True,2,228791,True
ActPlane,3dae89cd06ae,repo-root-files,230e7c1e499eb717,74ad20c7c09de43d,True,116,40086939,True
ActPlane,3dae89cd06ae,collector,489f38e3fa8592fb,e29ca878b6001020,True,150,46921976,True
ActPlane,3dae89cd06ae,repo-root-files,74ad20c7c09de43d,3b86203d8af3c4b5,True,2,23083642,True
ActPlane,3dae89cd06ae,collector,5078cd48616aecde,4e33a7f8450f8669,True,1,23083576,True
ActPlane,3dae89cd06ae,repo-root-files,3b86203d8af3c4b5,73a30ab390e97ca0,True,2,8463,True
ActPlane,3dae89cd06ae,bpf,2267b8a9e4b68e82,495c3e989cdf6410,True,139,69783360,True
ActPlane,3dae89cd06ae,collector,ab3eaa483e6dc114,053f7c71197f3b58,True,2,5018,True
ActPlane,3dae89cd06ae,repo-root-files,73a30ab390e97ca0,c1f6695af48c3d1c,True,10,81947,True
ActPlane,3dae89cd06ae,collector,a2a7b742033fe87b,343492e2c0832b46,True,1,21402,True
ActPlane,3dae89cd06ae,repo-root-files,c1f6695af48c3d1c,9d684d509c8f30a0,True,6,94098,True
ActPlane,3dae89cd06ae,crates,225eb4b48cefabbb,a4bd50ac06a9c376,True,2,10145,True
ActPlane,3dae89cd06ae,repo-root-files,9d684d509c8f30a0,7cb7f0a7ed547a5f,True,14,160289,True
ActPlane,3dae89cd06ae,script,09b30ea306b6949f,7cb7f0a7ed547a5f,True,1950,159823321,True
ActPlane,3dae89cd06ae,test,08951943ab42c748,7cb7f0a7ed547a5f,True,5,66326,True
ActPlane,3dae89cd06ae,crates,2da87b744166b366,97739fac4ec960d1,True,1,19074,True
ActPlane,3dae89cd06ae,repo-root-files,7cb7f0a7ed547a5f,b7782d00ee7d389b,True,4,32150,True
ActPlane,3dae89cd06ae,crates,33822c2c4aaa5cfd,b3c9e995436e3e7e,True,2,38,True
ActPlane,3dae89cd06ae,docs,916cc7a38b86af52,0bd8daeaff427605,True,47,57020776,True
ActPlane,3dae89cd06ae,repo-root-files,50feb0b9fea62f42,0d18e10c3ddb17ee,True,6,56910,True
ActPlane,3dae89cd06ae,crates,b3c9e995436e3e7e,ab653bb1226e9614,True,10,101332,True
ActPlane,3dae89cd06ae,docs,448df9ec755a5d92,ab653bb1226e9614,True,5,89814,True
ActPlane,3dae89cd06ae,test,7cb7f0a7ed547a5f,43ed426ace72c3f0,True,18,141450,True
ActPlane,3dae89cd06ae,bpf,495c3e989cdf6410,430beb890e2830ea,True,54,545192,True
ActPlane,3dae89cd06ae,repo-root-files,9040f62c6f66148b,4e607c4d9f494a12,True,8,149363,True
ActPlane,3dae89cd06ae,crates,ab653bb1226e9614,fadc24697bd7d09e,True,8,132416,True
ActPlane,3dae89cd06ae,.github,32d3fe8f6d4a6dc0,800e5b4c6733336e,True,12498,1137241019,False
ActPlane,3dae89cd06ae,repo-root-files,4e607c4d9f494a12,53b1136e55a58ee7,True,4,11601959,True
ActPlane,3dae89cd06ae,.github,a6a1a5f7786c1666,64acb2e412d21a7b,True,1,49424,True
ActPlane,3dae89cd06ae,script,7cb7f0a7ed547a5f,551456c16e21f3a1,True,34,12370315,True
ActPlane,3dae89cd06ae,.github,dd5586e7a812993e,bf5f0d902f31c5b5,True,1,452727,True
ActPlane,3dae89cd06ae,bpf,37027d0c2f90c5bc,647f3d117795118d,True,11,12183283,True
ActPlane,3dae89cd06ae,.github,bf5f0d902f31c5b5,5ef73684151cb704,True,2,82065,True
ActPlane,3dae89cd06ae,script,551456c16e21f3a1,5599407a524f8412,True,6,1086653,True
ActPlane,3dae89cd06ae,.github,51f0d8eb763de541,2d29d03f9e5cfe6d,True,1,66059,True
ActPlane,3dae89cd06ae,crates,7abc9149c90e4aa2,3d57bb4770ea8178,True,15,14367002,True
ActPlane,3dae89cd06ae,bpf,0a60f775937d7876,cf0c4f84802c2666,True,14,4369684,True
ActPlane,3dae89cd06ae,script,5599407a524f8412,375ce302a5c8468e,True,12,3330831,True
ActPlane,3dae89cd06ae,bpf,f888d72310836c1a,05fa101c2828f077,True,1,7995,True
ActPlane,3dae89cd06ae,test,9e35f0068afb309d,e4fcbfbcaeec79a5,True,38,16642587,True
ActPlane,3dae89cd06ae,bpf,0a60ca53272e6961,36db509d9924f937,True,1,12089,True
ActPlane,3dae89cd06ae,crates,2185622ed678e387,e1880c54b6890f71,True,17,931397,True
ActPlane,3dae89cd06ae,bpf,3f9a6b6194e6e691,81a513eab0910240,True,2,13187,True
ActPlane,3dae89cd06ae,crates,32708f6a882f7dad,a84c2aeb89fdc06b,True,1,61867,True
ActPlane,3dae89cd06ae,script,375ce302a5c8468e,669ad3f33b96f6e2,True,18,148135,True
ActPlane,3dae89cd06ae,bpf,81a513eab0910240,43b57cc2ad4d2e9f,True,2,140575,True
ActPlane,3dae89cd06ae,crates,a84c2aeb89fdc06b,bf3a5186991e6736,True,3,113417,True
ActPlane,3dae89cd06ae,bpf,bcaafbd3a2e461bc,712d0b1fa114f36b,True,5,120246,True
ActPlane,3dae89cd06ae,.github,2d29d03f9e5cfe6d,5e36be4343e85c35,True,50,4452095,True
ActPlane,3dae89cd06ae,script,669ad3f33b96f6e2,42a6f94e139cb022,True,20,1773027,True
ActPlane,3dae89cd06ae,test,e4fcbfbcaeec79a5,560f60cc60c3728b,True,36,1913157,True
ActPlane,3dae89cd06ae,script,42a6f94e139cb022,c7b1f59c4a0fabef,True,1,22682,True
ActPlane,3dae89cd06ae,.github,5e36be4343e85c35,c27fb2156e94f5c9,True,3,2164205,True
ActPlane,3dae89cd06ae,bpf,c817415f098ae137,0f050dde2f72bc71,True,5,2921151,True
ActPlane,3dae89cd06ae,.github,c27fb2156e94f5c9,b892f5ce906f8ea0,True,11,1583275,True
ActPlane,3dae89cd06ae,crates,0c3b549b7a12cac3,6bf2369c56c6f530,True,30,4766219,True
ActPlane,3dae89cd06ae,bpf,e0d95c818c009671,9634afcfd41a307c,True,4,1481728,True
ActPlane,3dae89cd06ae,docs,8530b9636d85bcdd,746939fe75b3a62b,True,93,23488161,True
ActPlane,3dae89cd06ae,repo-root-files,53b1136e55a58ee7,ec28b8b5c432edd7,True,85,44314199,True
ActPlane,3dae89cd06ae,crates,797072d631fd4c4f,f80f5e97cf79dcf8,True,2,38460690,True
ActPlane,3dae89cd06ae,repo-root-files,ec28b8b5c432edd7,e51e6f646c7a40fa,True,5,4215438,True
ActPlane,3dae89cd06ae,docs,746939fe75b3a62b,3abc162792742b32,True,7,36709860,True
ActPlane,3dae89cd06ae,crates,da6881038c456777,fa6e5925ff35089d,True,2,116,True
ActPlane,3dae89cd06ae,repo-root-files,e51e6f646c7a40fa,15b6ef5036cf0d9c,True,9,104037,True
ActPlane,3dae89cd06ae,crates,85b594cda0dbb664,b4f191f66e50ff3e,True,2,22769,True
ActPlane,3dae89cd06ae,docs,3abc162792742b32,ddb03877f4d0ee13,True,11,131015,True
ActPlane,3dae89cd06ae,crates,b4f191f66e50ff3e,a137547f457c534d,True,1,78037,True
ActPlane,3dae89cd06ae,repo-root-files,a2dc11e1547d9854,b1fafaa0cfbaf3ba,True,3,85780,True
ActPlane,3dae89cd06ae,docs,ddb03877f4d0ee13,c72a8d9771048dfd,True,2,66666,True
ActPlane,3dae89cd06ae,crates,a137547f457c534d,ca7132ec99d8f0db,True,2,16340,True
ActPlane,3dae89cd06ae,repo-root-files,b1fafaa0cfbaf3ba,92af4f62ae9deae3,True,8,140541,True
ActPlane,3dae89cd06ae,crates,ab6d5d364c33764c,c50881298ad8f2c4,True,2,24339,True
ActPlane,3dae89cd06ae,docs,c72a8d9771048dfd,66665d1fedfd9e35,True,10,166434,True
ActPlane,3dae89cd06ae,crates,c50881298ad8f2c4,f764959e50dc5735,True,1,24768,True
ActPlane,3dae89cd06ae,.actplane,2bb518d541d2b9eb,99eca08ca2f06906,True,3313,259625453,True
ActPlane,3dae89cd06ae,docs,66665d1fedfd9e35,a3d0cba387bd7a7b,True,3,99326415,False
ActPlane,3dae89cd06ae,repo-root-files,8ce6753db7ff2267,8aa20b2ef6ba6c7a,True,259,108296868,False
ActPlane,3dae89cd06ae,docs,71ee3f6eb2510a17,962cb04b3c40975e,True,2,67651,True
ActPlane,3dae89cd06ae,.claude,d736b6083faa1215,27b9b87490c3c4f9,True,4199,493329744,False
ActPlane,3dae89cd06ae,docs,2c87f602bb22f2ec,e08c1d47898234d9,True,6,1123297,True
ActPlane,3dae89cd06ae,.claude,d22f08f1a08e89a1,4c7cac6630c0954e,True,5,271276,True
ActPlane,3dae89cd06ae,docs,1bf140f72319f4a3,ed7b7a454bbff3b0,True,10,106643765,True
ActPlane,3dae89cd06ae,.claude,0f4321dee1c3d44f,b058d03c6820a2b8,True,46,9185678,False
ActPlane,3dae89cd06ae,docs,54894cf801b3e8f4,40ceed1a848f1c9f,True,1,466294,True
ActPlane,3dae89cd06ae,repo-root-files,88c209a8b870a787,b5fa16dc3537fb90,True,98,114013206,False
ActPlane,3dae89cd06ae,docs,5b6dad4913f00120,cf8715f3939a7f7b,True,2,174888,False
ActPlane,3dae89cd06ae,repo-root-files,e2b10656267287c6,98528b87b3844682,True,662,149956563,False
ActPlane,3dae89cd06ae,docs,ea7671841d069958,a02349d68ba90310,True,2,158698,False
ActPlane,3dae89cd06ae,repo-root-files,f1acda9298b438a5,d9b2e4f53dea1d94,True,1,64701,True
ActPlane,3dae89cd06ae,docs,a02349d68ba90310,88ed725cb64f8995,True,3,53681,True
ActPlane,3dae89cd06ae,bpf,797072d631fd4c4f,f31d7043d3ad339d,True,1271,565328907,False
ActPlane,3dae89cd06ae,repo-root-files,6f39a55c447c2773,180b6ef76194f5d1,True,236,154461285,False
ActPlane,3dae89cd06ae,docs,4b5ee800339b2e6a,4dfd76a05e6635ed,True,28,47601613,False
ActPlane,3dae89cd06ae,bpf,5a915b72c36da748,c9142f12ef3a398a,True,2,61764,True
ActPlane,3dae89cd06ae,crates,e527f27ce8a8dce3,cdfda394ad7ea3e1,True,1264,526792820,False
ActPlane,3dae89cd06ae,docs,4dfd76a05e6635ed,de4a3110528efaff,True,2,10960,True
ActPlane,3dae89cd06ae,crates,cdfda394ad7ea3e1,c1aa57d417cd064f,True,5,25759,True
ActPlane,3dae89cd06ae,bpf,c9142f12ef3a398a,4313e81eb9dac4c1,True,7,25760,True
ActPlane,3dae89cd06ae,repo-root-files,180b6ef76194f5d1,59f046e12b44716c,True,15,93746,True
ActPlane,3dae89cd06ae,docs,67c5ac92d3998e6f,b4e4495805f8ca9a,True,8,101185,True
ActPlane,3dae89cd06ae,bpf,232d3570175afdf3,fa87ddba97b0a253,True,2,88738,True
ActPlane,3dae89cd06ae,docs,b4e4495805f8ca9a,e9310f985d5edf75,True,1,36250,True
ActPlane,3dae89cd06ae,crates,c1aa57d417cd064f,444a2ea69b4ca96a,True,17,182866,True
ActPlane,3dae89cd06ae,docs,1762d256ecb346eb,76649475c8966e27,True,3,53485,True
ActPlane,3dae89cd06ae,bpf,fa87ddba97b0a253,c47c98436ae83a04,True,15,130106,True
ActPlane,3dae89cd06ae,docs,c9ef5a742ccdcedd,0a4b99f87f1e114c,True,4,1521941,True
ActPlane,3dae89cd06ae,repo-root-files,59f046e12b44716c,70efd37735d0bc53,True,22,1713702,True
ActPlane,3dae89cd06ae,docs,0a4b99f87f1e114c,2e911ffca9c1925f,True,1,53966,True
ActPlane,3dae89cd06ae,crates,91d2f329b0b6a1da,e733b127bdc565f1,True,32,2339635,True
ActPlane,3dae89cd06ae,bpf,77987c74ccb1de93,723eec4d73196a81,True,29,2150175,True
ActPlane,3dae89cd06ae,crates,c1febb5c2dcb7797,01db7edd623b3cd7,True,2,105654,True
ActPlane,3dae89cd06ae,test,560f60cc60c3728b,142b6dfcb4f67d40,True,1391,571538847,False
ActPlane,3dae89cd06ae,crates,d181d0c3e87ceaa3,2359eabebf57f69b,True,1,4173,True
ActPlane,3dae89cd06ae,bpf,8b7e4b20b8a3ea80,59699a5e9ceef31d,True,8,181512,True
ActPlane,3dae89cd06ae,docs,3d1ea48c81142d5c,7a2fa37125f32db9,True,16,628335,True
ActPlane,3dae89cd06ae,crates,b26758ae2429942e,bc1fc79dd5bc7977,True,2,28726,True
ActPlane,3dae89cd06ae,docs,7a2fa37125f32db9,a42224b8c50c447a,True,1,28740,True
ActPlane,3dae89cd06ae,docs,a42224b8c50c447a,0dd86de1e1c5b810,True,6,312842,False
ActPlane,3dae89cd06ae,bpf,59699a5e9ceef31d,1f2d890c2d22528b,True,10,354373,False
ActPlane,3dae89cd06ae,docs,0dd86de1e1c5b810,2f02967d1d36c30b,True,1,12801,True
ActPlane,3dae89cd06ae,crates,17f5eeac8c803c75,f2ef3f85d95b3f20,True,3,31671,True
ActPlane,3dae89cd06ae,docs,2f02967d1d36c30b,73ab19791e95798c,True,3,28737,True
ActPlane,3dae89cd06ae,repo-root-files,70efd37735d0bc53,6820746cd98160a9,True,55,1333074,False
ActPlane,3dae89cd06ae,crates,fbd525e00fc18dde,780939daa91ff34e,True,3,41615,False
ActPlane,3dae89cd06ae,bpf,1f2d890c2d22528b,95810e668d8b9101,True,8,96503,True
ActPlane,3dae89cd06ae,crates,780939daa91ff34e,9aa851bb59990e34,True,1,47999,False
ActPlane,3dae89cd06ae,docs,b6d146f059b3316f,4f76344c16098d96,True,4,85371,False
ActPlane,3dae89cd06ae,crates,9aa851bb59990e34,8faf77884717e26d,True,1,9,True
ActPlane,3dae89cd06ae,docs,4f76344c16098d96,b2bc3c2ba4ffe7bf,True,1,64,True
ActPlane,3dae89cd06ae,crates,8faf77884717e26d,a1e71814d036baf1,True,1,34214,True
ActPlane,3dae89cd06ae,crates,a1e71814d036baf1,1ed68923b1f1a856,True,2,75840,True
ActPlane,3dae89cd06ae,docs,057d07cac8a133cd,4b544bfa7dd91f5c,True,2,100337,True
ActPlane,3dae89cd06ae,crates,8a106e1d6f1ac8b7,e7b8dfeb00791219,True,5,138984,True
ActPlane,3dae89cd06ae,docs,31026b7a1155b479,21d0842c8b6877e0,True,2,18843,True
ActPlane,3dae89cd06ae,crates,6d0347bc9e8ddc6c,e9ac073d5c91c4ee,True,2,227801,False
ActPlane,3dae89cd06ae,docs,31223bfc529b736f,09878cea5f8ffa6b,True,1,200992,False
ActPlane,3dae89cd06ae,crates,e9ac073d5c91c4ee,cbbc85fd9effdcee,True,12,81799,True
ActPlane,3dae89cd06ae,bpf,95810e668d8b9101,dde6f2583aa655b0,True,57,6281836,False
ActPlane,3dae89cd06ae,crates,cbbc85fd9effdcee,074198838d900349,True,28,5702559,False
ActPlane,3dae89cd06ae,repo-root-files,6820746cd98160a9,a98fe62d5b878bae,True,101,6846330,False
ActPlane,3dae89cd06ae,bpf,635d67fb9edb3a3c,e6fa8f3d1a27ff25,True,1,14299,True
ActPlane,3dae89cd06ae,repo-root-files,a98fe62d5b878bae,67687ccd6af36d7e,True,3,23968,True
ActPlane,3dae89cd06ae,bpf,1b9c7a3e0b29be59,9ed8c6b07e830227,True,1,4781,True
ActPlane,3dae89cd06ae,crates,074198838d900349,7359ce7f542cb122,True,99,4535901,True
ActPlane,3dae89cd06ae,docs,ac2a019eb49c143d,770da8e093761d27,True,104,7192604,True
ActPlane,3dae89cd06ae,bpf,ede429ac79ad4f71,4c4f4eeea867c1fc,True,3,36797,True
ActPlane,3dae89cd06ae,crates,7359ce7f542cb122,039790192f5f10e7,True,26,280634,False
ActPlane,3dae89cd06ae,bpf,8af5e60b9cf44ba8,ebaa2d6e3a7ab63c,True,1,56154,False
ActPlane,3dae89cd06ae,repo-root-files,67687ccd6af36d7e,3c4aeebec5a5e917,True,87,4361556,False
ActPlane,3dae89cd06ae,bpf,d17cb16098ee7782,202dcdd3627096fa,True,1,26660,False
ActPlane,3dae89cd06ae,.github,68f0a397d16d6400,bfef5b13abef4b96,True,1598,580846059,False
ActPlane,3dae89cd06ae,bpf,b7378ec64a66d648,4f97ddb7009193e7,True,1,17678,True
ActPlane,3dae89cd06ae,crates,039790192f5f10e7,6a73b53091f481ea,True,55,1745183,False
ActPlane,3dae89cd06ae,bpf,d4cdb6a3b1a28235,928eec203e3ae1df,True,1,0,True
ActPlane,3dae89cd06ae,docs,4c4f4eeea867c1fc,b9d8262db9ece6c7,True,81,1989095,True
ActPlane,3dae89cd06ae,bpf,928eec203e3ae1df,f1ad9252dd3a7082,True,1,21095,True
ActPlane,3dae89cd06ae,crates,928eec203e3ae1df,cd42c94d9cc95209,True,2,31198,True
ActPlane,3dae89cd06ae,bpf,f1ad9252dd3a7082,c7469f05a6028f53,True,2,19364,True
ActPlane,3dae89cd06ae,docs,b9d8262db9ece6c7,4c0de215edfd8be6,True,9,108168,True
ActPlane,3dae89cd06ae,crates,644ea5386a4d0350,2c0b15678fe369ab,True,8,97360,True
ActPlane,3dae89cd06ae,bpf,5abfb7523dc224b3,e30bd9d7a3849759,True,3,65368,True
ActPlane,3dae89cd06ae,crates,2c0b15678fe369ab,bfe46b9d421a6703,True,1,50,True
ActPlane,3dae89cd06ae,bpf,e30bd9d7a3849759,16d8cf1831b1585a,True,1,119,True
ActPlane,3dae89cd06ae,crates,bfe46b9d421a6703,a4211e6a0b40037e,True,1,6250,True
ActPlane,3dae89cd06ae,bpf,16d8cf1831b1585a,42e131fba7198f3f,True,2,16632,True
ActPlane,3dae89cd06ae,crates,507e6519832c97a9,fea8ee160c5c2808,True,15,238034,False
ActPlane,3dae89cd06ae,bpf,6757940f7ba13472,828e9019a4aea9da,True,2,88856,True
ActPlane,3dae89cd06ae,crates,67eb4470b5696634,a58ae6e0625435b1,True,1,39237,True
ActPlane,3dae89cd06ae,bpf,828e9019a4aea9da,7d5a33ff348fa2fa,True,2,18190,True
ActPlane,3dae89cd06ae,docs,a6cfe44e1ddb604c,7d5a33ff348fa2fa,True,26,324818,False
ActPlane,3dae89cd06ae,crates,bf670b3cee6b69d7,3ed53dbaad869ba9,True,22,823847,False
ActPlane,3dae89cd06ae,bpf,36f3f74f96c04edc,6fe8d47e9d213962,True,2,51501,False
ActPlane,3dae89cd06ae,crates,71334993450ff05e,2b265b5c17226fb6,True,19,618070,False
ActPlane,3dae89cd06ae,bpf,d374ec030cfe1d88,b0b7d9a331b408cd,True,4,51508,True
ActPlane,3dae89cd06ae,crates,4d72b765e228921f,28b5d92917f22345,True,1,76972,False
ActPlane,3dae89cd06ae,.github,bfef5b13abef4b96,48900cf2b5eca69a,True,140,3551695,True
ActPlane,3dae89cd06ae,crates,47cb05cfd1fe8859,3284c8ac3bd04a93,True,1,253480,True
ActPlane,3dae89cd06ae,bpf,b0b7d9a331b408cd,34cfeb2668738eaa,True,18,1198093,False
ActPlane,3dae89cd06ae,crates,dace55df8a532b90,d8e0be5cd053691d,True,30,449220,False
ActPlane,3dae89cd06ae,bpf,681c96900955160e,171fbe557c091ba0,True,7,72370,False
ActPlane,3dae89cd06ae,crates,e49ae67afccae271,7317a088be80cb82,True,7,137745,False
ActPlane,3dae89cd06ae,bpf,113a094696637e1d,550459fbbbed7506,True,2,32870,True
ActPlane,3dae89cd06ae,vmlinux,5be9d2deb6afdf9f,2d4ec86c2a091189,True,7524,1108547441,False
ActPlane,3dae89cd06ae,bpf,8d609c836bb03b7c,b3af8a35d91b3a82,True,1,27566,True
ActPlane,3dae89cd06ae,.github,48900cf2b5eca69a,4b4509f3edc38c41,True,67,6835478,True
ActPlane,3dae89cd06ae,bpf,1c6031a89421ef51,58ff595fde19e136,True,2,3760016,True
ActPlane,3dae89cd06ae,docs,7d5a33ff348fa2fa,294f6658416e8102,True,127,73122714,False
ActPlane,3dae89cd06ae,.github,c4db66c0ba433a5c,cfae95c7131753cf,True,53,74057960,False
ActPlane,3dae89cd06ae,bpf,7910bd776355ec4c,782d71be95567e1b,True,52,74029567,False
ActPlane,3dae89cd06ae,script,c7b1f59c4a0fabef,db44e6a06feffee0,True,1878,668284412,False
ActPlane,3dae89cd06ae,bpf,782d71be95567e1b,aacc63cd51b9e232,True,1,45,True
ActPlane,3dae89cd06ae,repo-root-files,3c4aeebec5a5e917,aacc63cd51b9e232,True,273,85072623,False
ActPlane,3dae89cd06ae,crates,eac867ba24c0fb41,d88da6c87abaad6c,True,73,79944029,False
ActPlane,3dae89cd06ae,repo-root-files,aacc63cd51b9e232,3fde32182cb27b0a,True,4,21608,False
ActPlane,3dae89cd06ae,docs,51207d6544c4a3a1,e9115199ab9e9f13,True,9,8384272,False
ActPlane,3dae89cd06ae,repo-root-files,3fde32182cb27b0a,4f705efb0e305ef9,True,1,52,True
ActPlane,3dae89cd06ae,test,142b6dfcb4f67d40,261b0dcb57020e78,True,496,96799661,False
ActPlane,3dae89cd06ae,repo-root-files,4f705efb0e305ef9,1dd0deb3b5380c44,True,1,3203183,True
ActPlane,3dae89cd06ae,docs,e9115199ab9e9f13,4403f132fb093b59,True,3,3203234,True
ActPlane,3dae89cd06ae,repo-root-files,1dd0deb3b5380c44,bed09f52edf897f7,True,2,7248,True
ActPlane,3dae89cd06ae,docs,a376d82cd56fbd1e,60d2fc9eb56c812c,True,1,7248,True
ActPlane,3dae89cd06ae,repo-root-files,bed09f52edf897f7,114af0590a4e754b,True,2,232709,True
ActPlane,3dae89cd06ae,bpf,a20ac58eb55c25ce,e0bb25b86e34b715,True,16,184119382,False
ActPlane,3dae89cd06ae,docs,66285196cbcf6ff4,5bce684942773973,True,6,180903349,False
ActPlane,3dae89cd06ae,bpf,da41b17b7a67a57b,b744d82d793eabe9,True,1,15314,True
ActPlane,3dae89cd06ae,docs,5bce684942773973,8d481b2f5a49fd3b,True,13,71516,True
ActPlane,3dae89cd06ae,crates,9bded505c0782b31,cb24024ed63abba7,True,32,184190945,False
ActPlane,3dae89cd06ae,docs,e42330108c05caf5,6787519101b385c4,True,1,8889,True
ActPlane,3dae89cd06ae,bpf,f6ccdd8cef890203,b95604b3aed8b704,True,4,21383,True
ActPlane,3dae89cd06ae,docs,6787519101b385c4,bf1d529684f866c6,True,2,53,True
ActPlane,3dae89cd06ae,crates,cb24024ed63abba7,f6aad8c180b68e38,True,4,416628,True
ActPlane,3dae89cd06ae,bpf,cf59fa1551f36e14,59366bbc3ee34643,True,5,416279,True
ActPlane,3dae89cd06ae,docs,bf1d529684f866c6,0832f2cdc4bc1f8c,True,7,444303,True
ActPlane,3dae89cd06ae,bpf,c67c0ad0e3c5a453,139502adedbb7620,True,1,19045,True
ActPlane,3dae89cd06ae,.github,cfae95c7131753cf,a7b8fd381f94547b,True,55,185339598,False
ActPlane,3dae89cd06ae,test,261b0dcb57020e78,e75c00a7b8f2533b,True,45,185300097,False
ActPlane,3dae89cd06ae,script,db44e6a06feffee0,6f102c21ece8fd40,True,55,185331513,False
ActPlane,3dae89cd06ae,bpf,2688b851f3d27071,2bdf9d1fed47bea8,True,3,490879,True
ActPlane,3dae89cd06ae,repo-root-files,690980271f34eac0,2bdf9d1fed47bea8,True,37,181815145,False
ActPlane,3dae89cd06ae,test,e75c00a7b8f2533b,54b57b472065aff0,True,2,33857,True
ActPlane,3dae89cd06ae,.github,a7b8fd381f94547b,e8edc6bf2e3bba41,True,4,33860,True
ActPlane,3dae89cd06ae,script,6f102c21ece8fd40,6667e76565aaffa7,True,3,33855,True
ActPlane,3dae89cd06ae,crates,60d57fb75f2a8294,502d471a7e3e1d38,True,14,742815,True
ActPlane,3dae89cd06ae,bpf,2bdf9d1fed47bea8,a3721f703bb508b6,True,4,202630,True
ActPlane,3dae89cd06ae,crates,502d471a7e3e1d38,87c89d03cd0f7969,True,6,282451,False
ActPlane,3dae89cd06ae,bpf,541a6d2e7fec81d0,147802862b85608a,True,6,36943,False
ActPlane,3dae89cd06ae,crates,cfffab348b927494,3aac1a6f00e641d1,True,3,10672,True
ActPlane,3dae89cd06ae,bpf,7c975e743e33167c,a3d345924fc17500,True,1,2014,False
ActPlane,3dae89cd06ae,crates,3aac1a6f00e641d1,8b97204e6ebc49ac,True,1,7576,True
ActPlane,3dae89cd06ae,bpf,a3d345924fc17500,d3adc2b7400f9e65,True,3,7577,True
ActPlane,3dae89cd06ae,crates,a612f84309dff132,754556df703fb243,True,1,8521,True
ActPlane,3dae89cd06ae,docs,0832f2cdc4bc1f8c,08205daa6dfb26f2,True,34,1031730,False
ActPlane,3dae89cd06ae,bpf,d3adc2b7400f9e65,583352ca425fe0a4,True,4,38524,True
ActPlane,3dae89cd06ae,.github,e8edc6bf2e3bba41,002462b1077a410a,True,31,366040,True
ActPlane,3dae89cd06ae,script,6667e76565aaffa7,002462b1077a410a,True,30,366040,True
ActPlane,3dae89cd06ae,test,54b57b472065aff0,002462b1077a410a,True,32,366040,True
ActPlane,3dae89cd06ae,crates,ad71ee93fb234eb3,b15360d50e0c9d9f,True,7,49321,True
ActPlane,3dae89cd06ae,.actplane,99eca08ca2f06906,106b135d03a4cafb,True,1917,809765833,False
ActPlane,3dae89cd06ae,bpf,9b24eb54e5524f19,f858e7363c92994e,True,5,26417,False
ActPlane,3dae89cd06ae,crates,ec0ea8d0e0d2b9b6,6299eb2a0502f0f6,True,2,48701,True
ActPlane,3dae89cd06ae,bpf,f858e7363c92994e,26569e2f66b6460b,True,3,80106,True
ActPlane,3dae89cd06ae,crates,dd9f11aa6aa922b4,988b9b6310d1125a,True,3,52646,True
ActPlane,3dae89cd06ae,bpf,f493cd9cfeb0ffe2,d91e706ad075b0a3,True,2,20887,True
ActPlane,3dae89cd06ae,crates,69057e31c3e5026a,e280dc50840cb376,True,6,75128,True
ActPlane,3dae89cd06ae,bpf,2d126a84c93feaad,24cf333b782ea888,True,5,96895,True
ActPlane,3dae89cd06ae,crates,c4ca5f18c23dd174,4c621f377c96f20d,True,2,24684,True
ActPlane,3dae89cd06ae,docs,2713edb91d4c6e49,9829f96fa21f9480,True,39,408902,True
ActPlane,3dae89cd06ae,bpf,d49fd5352378311d,e9228bf22b49f08d,True,9,128176,True
ActPlane,3dae89cd06ae,repo-root-files,2bdf9d1fed47bea8,3de9f63e213002aa,True,80,848091,False
ActPlane,3dae89cd06ae,bpf,fb3fe806817db80e,338698d2f03648e3,True,1,8311,False
ActPlane,3dae89cd06ae,crates,0b93e2dbe010c914,8a9c9e338550ea79,True,19,131730,True
ActPlane,3dae89cd06ae,bpf,1dbff8a59628b551,175d18d1a16e4207,True,4,9648,True
ActPlane,3dae89cd06ae,crates,b8d38fb36358c8a0,362d4b3ed34d342b,True,3,7130,True
ActPlane,3dae89cd06ae,docs,9829f96fa21f9480,dfd1403f379637e6,True,28,127447,True
ActPlane,3dae89cd06ae,test,002462b1077a410a,1bbb6a371603f457,True,64,511728,True
ActPlane,3dae89cd06ae,bpf,23f3520be4c923af,c419a2210def60b3,True,6,27950,True
ActPlane,3dae89cd06ae,test,415fbd0bbe6a4822,27d1ca0db731787c,True,22,485670,False
ActPlane,3dae89cd06ae,bpf,dff8ca446ac15d4f,8b52306bdfc79b7f,True,1,23125,True
ActPlane,3dae89cd06ae,crates,a4f29aeb4d35669c,f615431f1fb0007f,True,52,654619,False
ActPlane,3dae89cd06ae,bpf,1389821abae4d022,98ef510ae7604df0,True,2,7353,False
ActPlane,3dae89cd06ae,test,27d1ca0db731787c,914563cd08b793f7,True,38,172983,True
ActPlane,3dae89cd06ae,bpf,22579c2b85a7cf60,4339bc0dc4923940,True,1,50828,False
ActPlane,3dae89cd06ae,docs,dfd1403f379637e6,c4c5b3e643d08172,True,71,733238,False
ActPlane,3dae89cd06ae,docs,c4c5b3e643d08172,cdbe92e6555746ca,True,7,17591,True
ActPlane,3dae89cd06ae,bpf,71036cab974fac8b,9b437d1689636327,True,1,4510,False
ActPlane,3dae89cd06ae,test,914563cd08b793f7,b826e310e7a63f54,True,23,188370,False
ActPlane,3dae89cd06ae,bpf,8f6572e128e3d089,618ba067d909da7d,True,2,2212934,True
ActPlane,3dae89cd06ae,.github,002462b1077a410a,6c461da359fd80fd,True,157,3782941,True
ActPlane,3dae89cd06ae,bpf,3ec03e220375a2ba,0809d83722bebdc6,True,1,13480,True
ActPlane,3dae89cd06ae,test,af1dd6a7738fe860,a4d06553eb28a5a6,True,33,2545804,True
ActPlane,3dae89cd06ae,bpf,9cd14217d125e5f9,3b29d0674316e769,True,1,81443,True
ActPlane,3dae89cd06ae,repo-root-files,3de9f63e213002aa,7dbdea3b167b2052,True,154,5293765,True
ActPlane,3dae89cd06ae,bpf,964377c52a5da3e9,0780ab87d14d1cbf,True,1,7093,True
ActPlane,3dae89cd06ae,repo-root-files,7dbdea3b167b2052,a8c601235332ea27,True,4,8998,True
ActPlane,3dae89cd06ae,bpf,d1e9510c6658ad9c,5ffa75a0af6b911c,True,1,6189,True
ActPlane,3dae89cd06ae,repo-root-files,a8c601235332ea27,ad2c4cf1643c420c,True,16,46226,True
ActPlane,3dae89cd06ae,bpf,b5b79a9493783c19,1f2d8d35f226d5da,True,1,9980,True
ActPlane,3dae89cd06ae,repo-root-files,ad2c4cf1643c420c,f1f4c6b2d79c2b54,True,2,7339,True
ActPlane,3dae89cd06ae,test,a4d06553eb28a5a6,a029119cf84a5844,True,40,1842777,False
ActPlane,3dae89cd06ae,docs,cdbe92e6555746ca,e96a1f743f41d1d8,True,84,4634724,False
ActPlane,3dae89cd06ae,bpf,97c1327e8204156b,de43bf22ccc4c86c,True,3,84791,True
ActPlane,3dae89cd06ae,test,a029119cf84a5844,b94857bb8158ecac,True,7,159621,False
ActPlane,3dae89cd06ae,script,002462b1077a410a,75e286f87c3a5fb4,True,236,6109738,True
ActPlane,3dae89cd06ae,bpf,0876cbb8eec4a307,d20b259dc97bfb8b,True,2,129887,False
ActPlane,3dae89cd06ae,crates,ab3ea51ccbafed4e,113170af98238466,True,121,5016013,False
ActPlane,3dae89cd06ae,bpf,d20b259dc97bfb8b,5f6ef39eb3e12350,True,7,32801,False
ActPlane,3dae89cd06ae,test,b94857bb8158ecac,1e575117c15db058,True,10,162641,True
ActPlane,3dae89cd06ae,crates,d8e015b9d08d9ea9,011972f2f9426899,True,2,8035,True
ActPlane,3dae89cd06ae,bpf,5f6ef39eb3e12350,30dc0929d8d22f17,True,2,11137,True
ActPlane,3dae89cd06ae,crates,011972f2f9426899,9c16238397d3ebb8,True,6,17228,True
ActPlane,3dae89cd06ae,bpf,cd4eae3064e6fd00,94c88e7c9c40762e,True,1,10502,True
ActPlane,3dae89cd06ae,script,75e286f87c3a5fb4,c5b160cda1d135b9,True,23,167671,True
ActPlane,3dae89cd06ae,bpf,8f0d528577df96e5,50de17d93f7f95be,True,1,8401,True
ActPlane,3dae89cd06ae,test,1e575117c15db058,0b3a7cbc57da732f,True,25,266723,True
ActPlane,3dae89cd06ae,bpf,d192d84719082951,c20e7c0726cd7b43,True,1,488470,False
ActPlane,3dae89cd06ae,test,0b3a7cbc57da732f,d02f3e37a5714aaa,True,2,449014,False
ActPlane,3dae89cd06ae,bpf,7fcc105486f28591,64222c1e7b1240f1,True,1,9356,True
ActPlane,3dae89cd06ae,docs,e96a1f743f41d1d8,fe43755efac0ae49,True,58,1082058,False
ActPlane,3dae89cd06ae,bpf,0bad27fb0f90bba7,cc44225f7f243235,True,1,120294,True
ActPlane,3dae89cd06ae,test,d02f3e37a5714aaa,a55c5c27e3e1ec42,True,14,359920,False
ActPlane,3dae89cd06ae,bpf,7730c0c0efead2ac,09a6f736439aafb6,True,1,33135,True
ActPlane,3dae89cd06ae,test,a55c5c27e3e1ec42,b6d641f81dfc5d18,True,1,10207,True
ActPlane,3dae89cd06ae,bpf,09a6f736439aafb6,2d88ddd581a81cac,True,1,315551115,False
ActPlane,3dae89cd06ae,crates,9c16238397d3ebb8,bf679f7ea97c0096,True,39,316616821,False
ActPlane,3dae89cd06ae,bpf,2d88ddd581a81cac,c7ee0e9910d69441,True,2,7119,True
ActPlane,3dae89cd06ae,crates,0d73ef668be30fa9,302e8a63e6048e58,True,1,7074,True
ActPlane,3dae89cd06ae,bpf,c7ee0e9910d69441,a86e27923ecffc8e,True,2,9075,True
ActPlane,3dae89cd06ae,crates,0caa2b1832fde529,677d415821b1cf65,True,2,9065,True
ActPlane,3dae89cd06ae,bpf,474b9dee6eee58f9,64e1adfa5c741a57,True,4,24606,True
ActPlane,3dae89cd06ae,crates,a8daef6d437a5f91,ee5b0670649407ca,True,1,14705,True
ActPlane,3dae89cd06ae,bpf,64e1adfa5c741a57,a4bbc4653adecda2,True,5,475607,True
ActPlane,3dae89cd06ae,repo-root-files,f1f4c6b2d79c2b54,9a0862e2c0c24c7d,True,91,318696729,False
ActPlane,3dae89cd06ae,docs,fe43755efac0ae49,e1563f182a5ea518,True,31,317554927,False
ActPlane,3dae89cd06ae,bpf,afcbf933414f618e,0587dd4ac0e1e71d,True,4,1174026,True
ActPlane,3dae89cd06ae,crates,806e897ffe69e044,9e4477a3a51b25ba,True,12,1647856,True
ActPlane,3dae89cd06ae,docs,2c3050a3b7385f5b,df786ddcfaa51597,True,2,12246,True
ActPlane,3dae89cd06ae,bpf,0587dd4ac0e1e71d,f2aae9d0fc48fd7c,True,4,148347,True
ActPlane,3dae89cd06ae,crates,9e4477a3a51b25ba,f2aae9d0fc48fd7c,True,3,148347,True
ActPlane,3dae89cd06ae,repo-root-files,9a0862e2c0c24c7d,f2aae9d0fc48fd7c,True,8,160697,True
ActPlane,3dae89cd06ae,repo-root-files,f2aae9d0fc48fd7c,f1cd8dd633063795,True,6,87353,True
ActPlane,3dae89cd06ae,repo-root-files,f1cd8dd633063795,a3054ffafd8e9f3d,True,3,2131734,True
ActPlane,3dae89cd06ae,docs,50421b8aad081b43,d14666566efaa51c,True,1,615403,True
ActPlane,3dae89cd06ae,crates,f2aae9d0fc48fd7c,38faf5eb1325c014,True,12,2219088,True
ActPlane,3dae89cd06ae,docs,d14666566efaa51c,5a98cb32c2579bb4,True,1,59,True
ActPlane,3dae89cd06ae,repo-root-files,a3054ffafd8e9f3d,b2ce313234624689,True,4,15764,True
ActPlane,3dae89cd06ae,crates,38faf5eb1325c014,7391f439e117b462,True,3,15764,True
ActPlane,3dae89cd06ae,docs,619826ec0bb5b813,3b10b708566880b8,True,2,81,True
ActPlane,3dae89cd06ae,crates,7391f439e117b462,511b7cd5baddc0fc,True,1,37914,True
ActPlane,3dae89cd06ae,repo-root-files,b2ce313234624689,511b7cd5baddc0fc,True,2,37915,True
ActPlane,3dae89cd06ae,docs,511b7cd5baddc0fc,c02dd173e102431e,True,1,29998,True
ActPlane,3dae89cd06ae,repo-root-files,a387b4ac7cef1cb8,f621f23787074687,True,1,9689,True
ActPlane,3dae89cd06ae,crates,511b7cd5baddc0fc,e5f1289d267b6959,True,3,30044,True
ActPlane,3dae89cd06ae,docs,c02dd173e102431e,6a928bbbea811d75,True,2,7277,True
ActPlane,3dae89cd06ae,repo-root-files,f621f23787074687,6a928bbbea811d75,True,1,7276,True
ActPlane,3dae89cd06ae,bpf,f2aae9d0fc48fd7c,6c330df0f5723df8,True,24,2472727,True
ActPlane,3dae89cd06ae,docs,6a928bbbea811d75,514891ad9eb3aa72,True,4,264245,True
ActPlane,3dae89cd06ae,repo-root-files,6a928bbbea811d75,6e0cb99c142d85d0,True,5,281805,True
ActPlane,3dae89cd06ae,crates,e5f1289d267b6959,5b0630bc101b68c3,True,7,296689,True
ActPlane,3dae89cd06ae,docs,514891ad9eb3aa72,cbb187e4a957a01b,True,2,33163,True
ActPlane,3dae89cd06ae,bpf,04783b4df485b372,c12801f4eb5821b8,True,13,293303,True
ActPlane,3dae89cd06ae,crates,5b0630bc101b68c3,8f5cd76bdb1327e1,True,16,186923,True
ActPlane,3dae89cd06ae,bpf,762073e9855c45e6,2bebc413e4df9a42,True,3,31652,True
ActPlane,3dae89cd06ae,docs,a9e06172e774ca7a,6137aae84b4d5c26,True,20,372373,True
ActPlane,3dae89cd06ae,bpf,9b62b3908a68e71e,f5a7ac2f4caa01a5,True,3,133631,True
ActPlane,3dae89cd06ae,docs,0b57bdfc4cf2b9a8,49c1009e97ff9d90,True,29,590300,True
ActPlane,3dae89cd06ae,crates,eb3fea215cec9347,1aaea6e20f8ae557,True,44,985117,True
ActPlane,3dae89cd06ae,bpf,2949bd48da4a5ab6,2ec7c5dfa7e3156a,True,5,193902,True
ActPlane,3dae89cd06ae,crates,d4889c932b33ed38,8943dbff063d015e,True,8,217401,True
ActPlane,3dae89cd06ae,bpf,4fc2f35d17766ae6,490bd468c018192b,True,4,102722,True
ActPlane,3dae89cd06ae,crates,d43562b6b6f17f28,e262c2cd15aa979d,True,5,65346,True
ActPlane,3dae89cd06ae,bpf,feb9d5657e8903b5,361186886115383d,True,5,72670,True
ActPlane,3dae89cd06ae,docs,49c1009e97ff9d90,a46a2d174e3cb841,True,27,522685,True
ActPlane,3dae89cd06ae,bpf,361186886115383d,63ccc5202364692d,True,1,84631,True
ActPlane,3dae89cd06ae,docs,a46a2d174e3cb841,a392831c3b9e2fd8,True,5,90566,True
ActPlane,3dae89cd06ae,bpf,c93c9fef5ed5adfe,7c53b64b3f42940f,True,11,378198,True
ActPlane,3dae89cd06ae,docs,4ce693685480e3fc,2ab9c362172961fa,True,36,983363,False
ActPlane,3dae89cd06ae,bpf,805e3c123caff812,dcb7cc656e2daeab,True,1,83558,True
ActPlane,3dae89cd06ae,docs,2ab9c362172961fa,bfc9f6530dbca3d4,True,2,122581,False
ActPlane,3dae89cd06ae,bpf,2deef35e6bfb5f38,e02ab0d274411112,True,4,124941,True
ActPlane,3dae89cd06ae,docs,57dc066b16ce9609,b0c6a8faec109a62,True,1,19436,True
ActPlane,3dae89cd06ae,bpf,e02ab0d274411112,7c7d0cb438ddc600,True,5,263331,True
ActPlane,3dae89cd06ae,crates,8e911b0b56d921c3,5d95baec3727bcc4,True,68,1823760,True
ActPlane,3dae89cd06ae,bpf,7c7d0cb438ddc600,2808f8920bb58a51,True,3,7053,True
ActPlane,3dae89cd06ae,crates,4c712f397422a454,92569585a05b55b9,True,9,76354,True
ActPlane,3dae89cd06ae,bpf,43d40bf13f3e8e04,5da3cb9662df73c7,True,2,36842,True
ActPlane,3dae89cd06ae,crates,042eb765c035b87f,16f23a51daf4beb9,True,24,374562,True
ActPlane,3dae89cd06ae,bpf,9e895ff7bf5c34a1,1ef6b9207d47dc8e,True,3,49357,True
ActPlane,3dae89cd06ae,crates,57ff4d7c991bc5de,27a8e1ebb1e08fe4,True,3,62750,True
ActPlane,3dae89cd06ae,bpf,ba1328defb4ac2ff,d630219aeefdea2d,True,7,133223,True
ActPlane,3dae89cd06ae,crates,39ac6e5a88bda94d,a564846374044cf3,True,11,188641,True
ActPlane,3dae89cd06ae,bpf,cb71e0b5b36b0829,ab361a906deb2e39,True,1,36869,True
ActPlane,3dae89cd06ae,crates,a564846374044cf3,552e6543fedc5d24,True,1,17258872,True
ActPlane,3dae89cd06ae,bpf,ab361a906deb2e39,5ed5f9cb27485990,True,4,18474764,True
ActPlane,3dae89cd06ae,crates,61d27d261d5e8f54,de1cf1a0ac4abe94,True,2,1229580,True
ActPlane,3dae89cd06ae,bpf,a28f8fb3d4d31e55,3dc5dd0339f5eb9b,True,8,28985,True
ActPlane,3dae89cd06ae,crates,be1da39556d5a83e,a6a5afbb0fb365d6,True,14,143612,True
ActPlane,3dae89cd06ae,docs,2fd03ae4b3abd519,dc8b6230b043031f,True,107,19662879,True
ActPlane,3dae89cd06ae,bpf,328827c744ea690e,859b97760ad22571,True,19,209340,True
ActPlane,3dae89cd06ae,crates,e1c861e711b7fa12,5574f266458f2b16,True,20,1547555,True
ActPlane,3dae89cd06ae,bpf,d4eeea9237eeed98,c9525ec5b86580ea,True,6,985772,True
ActPlane,3dae89cd06ae,crates,60e96f54baa5a1cd,df2ccbd23794891d,True,22,530066,True
ActPlane,3dae89cd06ae,bpf,828fdf9a19faa7f0,af9ee945bf06872c,True,3,380601,True
ActPlane,3dae89cd06ae,crates,e920d9a20ffb9838,91f88640fb84ebe9,True,1,28704,True
ActPlane,3dae89cd06ae,bpf,af9ee945bf06872c,7f5a093e38e1c8ec,True,11,368119,True
ActPlane,3dae89cd06ae,crates,4ec0b2f575766323,1768db33b2b7daea,True,62,2419613,True
ActPlane,3dae89cd06ae,bpf,7f0c06a0a5be1c0f,a72ca760d74b0df2,True,7,254592,False
ActPlane,3dae89cd06ae,crates,250a987b6dfabbb5,f9ed09b58f69dd7d,True,7,887962,True
ActPlane,3dae89cd06ae,repo-root-files,6e0cb99c142d85d0,11ab0117f9ec8ff1,True,408,271568375,False
ActPlane,3dae89cd06ae,docs,87fbaa3562284745,e935c6f39664d2f7,True,142,248614427,False
ActPlane,3dae89cd06ae,repo-root-files,521c50e4362435cf,6270a38ddb770e27,True,1,57768,True
ActPlane,3dae89cd06ae,bpf,c3e53a058ededdae,57bd72a2d01a2938,True,11,246540053,False
ActPlane,3dae89cd06ae,crates,ad28b9189b58cc63,fadd1e40c401aa7a,True,13,245958596,False
ActPlane,3dae89cd06ae,bpf,bff09df8e261c03f,290251dc099f4c2c,True,3,109781,False
ActPlane,3dae89cd06ae,crates,5c65aeb9338b2a65,a56029aaa449d1ff,True,18,345483918,True
ActPlane,3dae89cd06ae,bpf,7c2c78d215cda0d8,c427ff19fc223787,True,1,87042,True
ActPlane,3dae89cd06ae,crates,a56029aaa449d1ff,4acd4f55ee57cdd2,True,3,87223,True
ActPlane,3dae89cd06ae,bpf,53eddefe486be6e4,a8b3932065e3a802,True,1,10775,True
ActPlane,3dae89cd06ae,crates,4acd4f55ee57cdd2,ba7942ec29b9e796,True,2,10595,True
ActPlane,3dae89cd06ae,bpf,4679610f676cf613,1f07aafdbe6bb745,True,3,7166,True
ActPlane,3dae89cd06ae,crates,fde03ca7caa9cbf7,04bcbd2ad42ac0f8,True,6,132355,True
ActPlane,3dae89cd06ae,bpf,f9a6c7853cd29bec,8b269deb0a84c4b2,True,1,28088,True
ActPlane,3dae89cd06ae,docs,e935c6f39664d2f7,53236eafb82e351c,True,63,350186633,True
ActPlane,3dae89cd06ae,bpf,73d027fc822e7042,f02529fe1ced9a0e,True,1,48959,True
ActPlane,3dae89cd06ae,crates,04bcbd2ad42ac0f8,ec78260bde83cc1b,True,19,1457832,True
ActPlane,3dae89cd06ae,bpf,e22e9bc1f984243c,a05ff336ab0d2e60,True,2,84818,True
ActPlane,3dae89cd06ae,crates,1fc31e78c7a119e1,107b25fe465bb299,True,30,64162362,True
ActPlane,3dae89cd06ae,bpf,abc6325ebc54d582,6f974e61092970c3,True,1,6701,True
ActPlane,3dae89cd06ae,crates,107b25fe465bb299,8b7642f5696e0e82,True,43,771871,False
ActPlane,3dae89cd06ae,bpf,043c9d20dd60c3cf,2413007ed7d9be16,True,4,25848,True
ActPlane,3dae89cd06ae,crates,51a2495adae37230,5bb112bef9bda163,True,23,254476,True
ActPlane,3dae89cd06ae,bpf,1761adfe64c1f5aa,3164b02fb4d6432b,True,4,114826,False
ActPlane,3dae89cd06ae,crates,b8c963f47f3cfe3d,a7585004ad5cb3a4,True,53,2030655,False
ActPlane,3dae89cd06ae,bpf,2b6f58ca9fd18ecb,4d67365988ab02f1,True,4,54093,True
ActPlane,3dae89cd06ae,crates,5dbea9274939ea27,50b4eb0faea3074c,True,6,45078,True
ActPlane,3dae89cd06ae,bpf,f5ee5a61c5c22ab8,684d19400f4795c6,True,1,52831,True
ActPlane,3dae89cd06ae,crates,50b4eb0faea3074c,a2888c21e05f62ed,True,7,132893,True
ActPlane,3dae89cd06ae,bpf,32b444165d5b7e4e,50516c8e4ec93b5a,True,1,9840,True
ActPlane,3dae89cd06ae,crates,a2888c21e05f62ed,262a767be6c6566f,True,2,9242,True
ActPlane,3dae89cd06ae,bpf,55f460db7f840930,2f1584d4333b3a62,True,10,62541,False
ActPlane,3dae89cd06ae,crates,e562afe79b4a1bf2,56a80692a800b9a9,True,1,30279,True
ActPlane,3dae89cd06ae,bpf,2f1584d4333b3a62,6918754ddede1244,True,1,61803,True
ActPlane,3dae89cd06ae,crates,56a80692a800b9a9,4757e39e6149c351,True,1,40586,True
ActPlane,3dae89cd06ae,bpf,6918754ddede1244,e446dbbeca92eecf,True,11,300747,True
ActPlane,3dae89cd06ae,crates,bddd967e5b9c35d8,37626283a8c12fe7,True,3,304717,True
ActPlane,3dae89cd06ae,bpf,53361552ab979ae7,69043993764899ce,True,49,1324091,False
ActPlane,3dae89cd06ae,crates,32857931674b176c,f338a94a77146374,True,1,141301,False
ActPlane,3dae89cd06ae,bpf,69043993764899ce,3cf2051c98aebbed,True,1,6357,True
ActPlane,3dae89cd06ae,crates,f338a94a77146374,fc7243037cc02b6e,True,8,88554,True
ActPlane,3dae89cd06ae,bpf,c49228347036d065,94de4a758a9d6b72,True,4,64789,False
ActPlane,3dae89cd06ae,crates,78cce68352501fe3,002109f10de3aef6,True,9,1540897,False
ActPlane,3dae89cd06ae,bpf,609a578836dad754,1812e8f6f1ecaca6,True,4,66026,True
ActPlane,3dae89cd06ae,crates,e554b77cdde9ed6c,b16b78c84f070c2e,True,21,518661,True
ActPlane,3dae89cd06ae,bpf,a368f25fc2eadb9d,92838a855407cc68,True,2,513787,True
ActPlane,3dae89cd06ae,crates,6c7aa01c3f5269fb,771259308b0e92fa,True,1,37371,True
ActPlane,3dae89cd06ae,bpf,92838a855407cc68,d3db9d9cdeda0200,True,9,175460,True
ActPlane,3dae89cd06ae,crates,a82bbe9a7a6e5374,79fea9130b3ab79f,True,7,187390,True
ActPlane,3dae89cd06ae,.github,6c461da359fd80fd,f341d91f3a2de7f8,True,1008,1018376348,False
ActPlane,3dae89cd06ae,bpf,82bc776c7df8c4f3,bf490e6bb4d37fb4,True,7,1927955,True
ActPlane,3dae89cd06ae,crates,6b3bc904347f07c0,a1654ed918f59013,True,8,2207645,True
ActPlane,3dae89cd06ae,bpf,ebf8f3dbc58c49b6,91a0dd88b4beec86,True,1,1289356,False
ActPlane,3dae89cd06ae,crates,a1654ed918f59013,992a94b13a241740,True,7,1297027,False
ActPlane,3dae89cd06ae,bpf,64f073e8e6ab80b6,5a1acc756248b174,True,6,47530,True
ActPlane,3dae89cd06ae,crates,4898a28853705388,edf41fb00a087cf5,True,9,66657,True
ActPlane,3dae89cd06ae,bpf,ab32e9a6f3ea50e9,16345c5192970583,True,4,8007,True
ActPlane,3dae89cd06ae,crates,3dcbc9be7d0e9464,242d50f2f2854950,True,7,146634,False
ActPlane,3dae89cd06ae,bpf,41aa1679020ec217,eceac6bf08c892c5,True,1,111555,True
ActPlane,3dae89cd06ae,crates,242d50f2f2854950,fb0df3bfe5a23375,True,7,178965,True
ActPlane,3dae89cd06ae,bpf,74ca9a3326bbb4ef,2bd1041f1e4f0a5e,True,2,83866,True
ActPlane,3dae89cd06ae,crates,94d8bbd87df99c4a,3b1b2b74037a5092,True,4,104678,True
ActPlane,3dae89cd06ae,bpf,e5150762c91074d3,31319cdfaf4eabca,True,15,167217,True
ActPlane,3dae89cd06ae,crates,0d15ef2c5ff06dd0,b87d26fc5c86b97a,True,1,60315,True
ActPlane,3dae89cd06ae,bpf,31319cdfaf4eabca,58548d5e5af8a8e5,True,5,106107,True
ActPlane,3dae89cd06ae,crates,292a19a4bbff6e92,771d89ede35f432a,True,2,136502,True
ActPlane,3dae89cd06ae,bpf,ef7973b799e93d35,37ab1d718717eed7,True,2,82795,True
ActPlane,3dae89cd06ae,crates,99480a42f25944da,f83e8d93553f22d9,True,1,69478,True
ActPlane,3dae89cd06ae,bpf,37ab1d718717eed7,1729ea645ad1a4d6,True,1,23149,True
ActPlane,3dae89cd06ae,crates,f83e8d93553f22d9,429d27b192e39ee6,True,2,38129,True
ActPlane,3dae89cd06ae,bpf,2db272f6e6327046,6f834162bb36bdb5,True,4,176471,True
ActPlane,3dae89cd06ae,crates,fa5c43272a52760a,1f5782543a5f43d6,True,1,10419,True
ActPlane,3dae89cd06ae,bpf,6f834162bb36bdb5,1dfa2b1cbd66fee8,True,2,62276,True
ActPlane,3dae89cd06ae,crates,a2df20d2c8a19d12,fc3ef426f699ab9b,True,3,94603,True
ActPlane,3dae89cd06ae,bpf,cc4aec43e56a02cc,39b122baed5573e0,True,1,55544,True
ActPlane,3dae89cd06ae,crates,fc3ef426f699ab9b,5b25f0f1acab034d,True,6,175102,True
ActPlane,3dae89cd06ae,bpf,9bb5b7fbe1356848,4cf96043f460a522,True,2,24545,True
ActPlane,3dae89cd06ae,crates,45b99b49e1239c84,da319e294b520da6,True,1,23979,True
ActPlane,3dae89cd06ae,bpf,4cf96043f460a522,bb826559b320c740,True,1,1440490,False
ActPlane,3dae89cd06ae,crates,da319e294b520da6,e034636a3355ad9f,True,9,1489199,False
ActPlane,3dae89cd06ae,bpf,595b54036f68d2b7,0d14f3176a1d8e13,True,1,25400,True
ActPlane,3dae89cd06ae,crates,e034636a3355ad9f,b6b4c993636d0e8e,True,8,96672,True
ActPlane,3dae89cd06ae,bpf,34deb61781a03be3,7c0f38fa24465169,True,2,50554,True
ActPlane,3dae89cd06ae,repo-root-files,3a9aa260fed3c7eb,afb5a3b9ccb16e0a,True,522,1208480908,False
ActPlane,3dae89cd06ae,script,c5b160cda1d135b9,27d801fa1b5ee8cc,True,1036,1801490180,False
ActPlane,3dae89cd06ae,test,b6d641f81dfc5d18,27d801fa1b5ee8cc,True,1004,1800485358,False
ActPlane,3dae89cd06ae,bpf,716d80eded6d4f68,581313529f7a67d2,True,1,409593,True
ActPlane,3dae89cd06ae,crates,00878f3c4bd6450d,581313529f7a67d2,True,6,779873071,False
ActPlane,3dae89cd06ae,bpf,e9163a07f088e71e,cab3df2905998a33,True,1,41537,True
ActPlane,3dae89cd06ae,crates,ef00cced15b4a7ea,15e9f6cd27bad5e0,True,9,295831,True
ActPlane,3dae89cd06ae,bpf,e3584e72fb3bfe8c,812e1262631c85a0,True,1,92691,True
ActPlane,3dae89cd06ae,crates,15e9f6cd27bad5e0,8b7f97cd13d382d9,True,16,757107,True
ActPlane,3dae89cd06ae,crates,8b7f97cd13d382d9,4d704e5d07bfcef4,True,1,84183,True
ActPlane,3dae89cd06ae,docs,53236eafb82e351c,bafd1cb9faf873b4,True,496,860093176,False
ActPlane,3dae89cd06ae,repo-root-files,afb5a3b9ccb16e0a,bafd1cb9faf873b4,True,35,1724859,True
ActPlane,3dae89cd06ae,crates,4d704e5d07bfcef4,c657e3311349e994,True,1,19275,True
ActPlane,3dae89cd06ae,script,27d801fa1b5ee8cc,c657e3311349e994,True,33,1413485,True
ActPlane,3dae89cd06ae,bpf,bafd1cb9faf873b4,02d052ec440968a1,True,1,30048,True
ActPlane,3dae89cd06ae,script,c657e3311349e994,3f8b80b6397ec600,True,7,277162,True
ActPlane,3dae89cd06ae,crates,c657e3311349e994,84486c8ea6c3c722,True,10,409386,True
ActPlane,3dae89cd06ae,bpf,2bb05065f9a0e181,4812e4a5957113da,True,4,283821,True
ActPlane,3dae89cd06ae,docs,bafd1cb9faf873b4,4812e4a5957113da,True,12,474887,True
ActPlane,3dae89cd06ae,repo-root-files,bafd1cb9faf873b4,4812e4a5957113da,True,12,474887,True
ActPlane,3dae89cd06ae,script,ae45aa05b3eabfbf,358bafc3c27986e7,True,6,593740,True
ActPlane,3dae89cd06ae,bpf,43a50144ec93cff0,cb94a1eda69aa6b0,True,1,29369,True
ActPlane,3dae89cd06ae,repo-root-files,4812e4a5957113da,cb94a1eda69aa6b0,True,5,527259,True
ActPlane,3dae89cd06ae,crates,84486c8ea6c3c722,ce82e877fd1d5e83,True,7,591226,True
ActPlane,3dae89cd06ae,bpf,cb94a1eda69aa6b0,7d7d0c5bd8abac96,True,1,42734,True
ActPlane,3dae89cd06ae,crates,ce82e877fd1d5e83,13df6c4f3aaf8aa2,True,3,104804,True
ActPlane,3dae89cd06ae,bpf,7c6ca424104fa4e9,5dc5f35ae3e10136,True,3,57297,True
ActPlane,3dae89cd06ae,repo-root-files,cb94a1eda69aa6b0,daf9e0a126029bee,True,8,176454,True
ActPlane,3dae89cd06ae,docs,08bfb5b1f45c8494,0f5c2e2863a831bb,True,17,774707,True
ActPlane,3dae89cd06ae,script,358bafc3c27986e7,34d1da11075d315c,True,14,326535,True
ActPlane,3dae89cd06ae,repo-root-files,daf9e0a126029bee,f28fdd8ea88a16fc,True,6,153972,True
ActPlane,3dae89cd06ae,bpf,d3c0dc497ff0d5ba,16b386117e9ecb4d,True,1,15443,True
ActPlane,3dae89cd06ae,docs,34d1da11075d315c,16b386117e9ecb4d,True,2,20651,True
ActPlane,3dae89cd06ae,bpf,16b386117e9ecb4d,4f77afca08f72a34,True,1,10073,True
ActPlane,3dae89cd06ae,docs,16b386117e9ecb4d,4f77afca08f72a34,True,1,10073,True
ActPlane,3dae89cd06ae,docs,4f77afca08f72a34,2b10be107396c45a,True,1,30703,True
ActPlane,3dae89cd06ae,repo-root-files,4f77afca08f72a34,2b10be107396c45a,True,1,30703,True
ActPlane,3dae89cd06ae,script,34d1da11075d315c,2b10be107396c45a,True,6,61427,True
ActPlane,3dae89cd06ae,crates,be42aa41bbc68b3e,0c68548c88c6d1a3,True,15,322011,True
ActPlane,3dae89cd06ae,repo-root-files,2b10be107396c45a,0c68548c88c6d1a3,True,1,77704,True
ActPlane,3dae89cd06ae,crates,b1158225c9a624b1,40e028ef67b16a6b,True,4,107641,True
ActPlane,3dae89cd06ae,docs,021a0a6f17d3fe01,e94041e838476089,True,7,177510,True
ActPlane,3dae89cd06ae,repo-root-files,0c68548c88c6d1a3,e94041e838476089,True,6,131595,True
ActPlane,3dae89cd06ae,crates,40e028ef67b16a6b,0f9b54efef1db3d9,True,1,21050,True
ActPlane,3dae89cd06ae,script,2b10be107396c45a,e566bed5c7f639fa,True,10,247557,True
ActPlane,3dae89cd06ae,bpf,0f9b54efef1db3d9,8b02953a68d4bf4a,True,1,42567,True
ActPlane,3dae89cd06ae,docs,e94041e838476089,dae2176663749a67,True,5,180761,True
ActPlane,3dae89cd06ae,script,e566bed5c7f639fa,dae2176663749a67,True,3,142503,True
ActPlane,3dae89cd06ae,.github,f341d91f3a2de7f8,c47a8ded1ae3d592,True,221,789310783,False
ActPlane,3dae89cd06ae,repo-root-files,e94041e838476089,2fb6013ed61db412,True,9,735815,False
ActPlane,3dae89cd06ae,bpf,85e81c2341ec61d8,a51d870e34fa4398,True,2,82146,True
ActPlane,3dae89cd06ae,repo-root-files,2fb6013ed61db412,e50fe918a9ccd691,True,2,314046,False
ActPlane,3dae89cd06ae,script,dae2176663749a67,e50fe918a9ccd691,True,6,869100,True
ActPlane,3dae89cd06ae,docs,dae2176663749a67,14db04ba0e8e2a45,True,7,885007,True
ActPlane,3dae89cd06ae,.github,c47a8ded1ae3d592,485ec77a54eb4475,True,5,427543,False
ActPlane,3dae89cd06ae,repo-root-files,14db04ba0e8e2a45,20bdc8231b951987,True,8,198481,True
ActPlane,3dae89cd06ae,script,14db04ba0e8e2a45,c6238a96af1f82a5,True,9,206303,False
ActPlane,3dae89cd06ae,docs,14db04ba0e8e2a45,2de351ec2e3e8dbb,True,10,232490,False
ActPlane,3dae89cd06ae,repo-root-files,20bdc8231b951987,0c3babb36d5960b1,True,2,48378,True
ActPlane,3dae89cd06ae,bpf,16ed5454bde5119e,c5a915c26cc1251a,True,4,137527,True
ActPlane,3dae89cd06ae,script,c6238a96af1f82a5,9fcc6261e4aeb49d,True,3,22464395,False
ActPlane,3dae89cd06ae,docs,2de351ec2e3e8dbb,680d71eea60841bf,True,3,22503941,False
ActPlane,3dae89cd06ae,script,680d71eea60841bf,89c6e69d7f79267c,True,8,390482,True
ActPlane,3dae89cd06ae,bpf,6af8e4627a367583,14be24ccecf64fc7,True,2,293628,True
ActPlane,3dae89cd06ae,script,4169becaffeb22bc,d7994aa0e918c532,True,16,896210,True
ActPlane,3dae89cd06ae,script,d7994aa0e918c532,d8964f8819e8e951,True,12,1016390,True
ActPlane,3dae89cd06ae,script,d8964f8819e8e951,0f75bc953dcb89f0,True,9,304373,True
ActPlane,3dae89cd06ae,bpf,b2d4d7ddf5e52089,73febdf2213d2fdc,True,1,102664,True
ActPlane,3dae89cd06ae,script,0f75bc953dcb89f0,7c2ad7496f76d79e,True,11,339783,True
ActPlane,3dae89cd06ae,script,7c2ad7496f76d79e,8d900361406ee994,True,5,222677,True
ActPlane,3dae89cd06ae,bpf,2c2928c314f547ca,7d1172d96c81d4f3,True,1,129156,True
ActPlane,3dae89cd06ae,crates,0f9b54efef1db3d9,7c60c954510be5a7,True,98,27186313,True
ActPlane,3dae89cd06ae,bpf,c6a4d37773b03be4,d9884e99a1d6c4a3,True,1,72488,True
ActPlane,3dae89cd06ae,script,8d900361406ee994,2e2d48b511e9fff0,True,5,233895,True
ActPlane,3dae89cd06ae,bpf,3f57cafa5a0936a9,1a20c5e6cc9e38c4,True,1,260777,True
ActPlane,3dae89cd06ae,script,2e2d48b511e9fff0,23152362d188c5aa,True,5,433567,True
ActPlane,3dae89cd06ae,test,27d801fa1b5ee8cc,3b1d0b0c58fdf461,True,191,30835096,True
ActPlane,3dae89cd06ae,bpf,71a8a9d5b294c893,8ba64d3b214c9c42,True,2,249965,True
ActPlane,3dae89cd06ae,script,23152362d188c5aa,8ba64d3b214c9c42,True,1,176833,True
ActPlane,3dae89cd06ae,crates,7c60c954510be5a7,61ee833641bdb48c,True,16,838167,True
ActPlane,3dae89cd06ae,script,8ba64d3b214c9c42,b26ce907dab4fb12,True,12,365852,True
ActPlane,3dae89cd06ae,bpf,4ce6999163678dff,3aff179b5c5fb24b,True,1,259165,True
ActPlane,3dae89cd06ae,script,b26ce907dab4fb12,77b18927b13c0496,True,2,262588,True
ActPlane,3dae89cd06ae,bpf,41e6f75c00ac44c6,208d4d4956bc9a44,True,1,275097,True
ActPlane,3dae89cd06ae,script,77b18927b13c0496,f28fbd1124291991,True,8,448439,True
ActPlane,3dae89cd06ae,bpf,9c0fcbd9345e8144,ab238fd48682a298,True,1,177118,True
ActPlane,3dae89cd06ae,script,f28fbd1124291991,b5b0290585d24c6d,True,4,267115,True
ActPlane,3dae89cd06ae,bpf,834dc9b640158256,d8a205304a8a7d28,True,2,171287,True
ActPlane,3dae89cd06ae,script,90802f4c37541be5,bec512759a4e4699,True,2,129826,True
ActPlane,3dae89cd06ae,bpf,7a031dece95b97c5,93dd9c4e2c608fb3,True,1,43864,True
ActPlane,3dae89cd06ae,crates,61ee833641bdb48c,94574d70c599689b,True,30,1489335,True
ActPlane,3dae89cd06ae,bpf,8d3b4077ea365df0,c9b305efe4cda240,True,1,79367,True
ActPlane,3dae89cd06ae,script,bec512759a4e4699,4b0a4d51bd0e8439,True,9,403414,True
ActPlane,3dae89cd06ae,bpf,4b0a4d51bd0e8439,dd37c960aa447312,True,1,22087,True
ActPlane,3dae89cd06ae,crates,94574d70c599689b,d92e29db796a53fc,True,9,300664,True
ActPlane,3dae89cd06ae,script,870eb75a12198cdd,4be11e9ccd059bea,True,3,72296,True
ActPlane,3dae89cd06ae,bpf,dd37c960aa447312,11dec76d2d24ccbf,True,3,112147,True
ActPlane,3dae89cd06ae,script,4be11e9ccd059bea,440ed767da0124b4,True,9,235346,True
ActPlane,3dae89cd06ae,bpf,ef45241eb94cea05,8c4a57b5c2daf645,True,2,143432,True
ActPlane,3dae89cd06ae,crates,4b36b9b6bb992792,5d40ae2396006775,True,16,525729,True
ActPlane,3dae89cd06ae,script,2c4436088ea2f165,ece3f30596b48c32,True,8,398077,True
ActPlane,3dae89cd06ae,bpf,5f5365d8fc32b1d0,ad36de4f363435f0,True,3,177227,True
ActPlane,3dae89cd06ae,script,52ce761e5b2969ae,949349830feef9e2,True,1,102286,True
ActPlane,3dae89cd06ae,script,949349830feef9e2,3838ee4071f187d5,True,1,71524,True
ActPlane,3dae89cd06ae,bpf,c92289c5ba8f5344,cdc27e5bc2c1e26c,True,1,107595,True
ActPlane,3dae89cd06ae,script,3838ee4071f187d5,c02107d8c37d530e,True,7,362605,True
ActPlane,3dae89cd06ae,bpf,daf576e22469c74a,69439423ab5c637b,True,1,105614,True
ActPlane,3dae89cd06ae,script,c02107d8c37d530e,3127832e8f8ac1dd,True,1,76561,True
ActPlane,3dae89cd06ae,bpf,69439423ab5c637b,a281db9fe3d4a161,True,1,201177,True
ActPlane,3dae89cd06ae,script,3127832e8f8ac1dd,a0cd8da3a29a8b9d,True,2,275965,True
ActPlane,3dae89cd06ae,bpf,4843f573ab55bd42,04fdde0728dcd118,True,1,151957,True
ActPlane,3dae89cd06ae,docs,680d71eea60841bf,c3b138c244083ba8,True,171,7796821,True
ActPlane,3dae89cd06ae,repo-root-files,0c3babb36d5960b1,c3b138c244083ba8,True,174,30286393,True
ActPlane,3dae89cd06ae,script,a0cd8da3a29a8b9d,2084c8ece181d9d6,True,2,123014,True
ActPlane,3dae89cd06ae,bpf,c3b138c244083ba8,711c3a967ed76bb6,True,1,72582,True
ActPlane,3dae89cd06ae,docs,c3b138c244083ba8,1e2dafdadbcb7d63,True,2,142529,True
ActPlane,3dae89cd06ae,repo-root-files,c3b138c244083ba8,1e2dafdadbcb7d63,True,2,142529,True
ActPlane,3dae89cd06ae,bpf,1e2dafdadbcb7d63,db8391c921cca50f,True,1,36353,True
ActPlane,3dae89cd06ae,script,2084c8ece181d9d6,f04a091d2c186ee5,True,11,468681,True
ActPlane,3dae89cd06ae,bpf,0db5e3891f2c9d75,62573d5fae23f608,True,1,318931,True
ActPlane,3dae89cd06ae,script,f04a091d2c186ee5,8411cbd7bc80ecb0,True,5,533270,True
ActPlane,3dae89cd06ae,bpf,9a4ddabe768e5b6f,aaedc2d317b2b9e2,True,2,157980,True
ActPlane,3dae89cd06ae,script,84c2e705bfe06473,a153cdc4dfab0a3e,True,40,1659295,True
ActPlane,3dae89cd06ae,bpf,f9441fee3772a493,82f8c8190c06537f,True,2,68179,True
ActPlane,3dae89cd06ae,script,c074a89d05252ec9,32f0f22dcb8f7f3b,True,1,60413,True
ActPlane,3dae89cd06ae,bpf,82f8c8190c06537f,572c7b7839f8d0e2,True,2,451407,True
ActPlane,3dae89cd06ae,docs,1e2dafdadbcb7d63,078086adefe6f217,True,66,3356772,True
ActPlane,3dae89cd06ae,repo-root-files,106dbb632082860a,078086adefe6f217,True,65,3345621,True
ActPlane,3dae89cd06ae,script,a2014949ddff42d4,41af40b4f79e3eaa,True,5,650797,True
ActPlane,3dae89cd06ae,bpf,078086adefe6f217,9b46f1bccab24b74,True,1,111035,True
ActPlane,3dae89cd06ae,docs,078086adefe6f217,c5ed60f027daeed0,True,4,455783,True
ActPlane,3dae89cd06ae,bpf,af5810427a160711,47ef5b98c72faf15,True,1,340658,True
ActPlane,3dae89cd06ae,crates,5d40ae2396006775,f103681510b0b0d4,True,108,5353338,True
ActPlane,3dae89cd06ae,bpf,f74e73f1319c9e92,08743d51c7b4dee4,True,1,18360,True
ActPlane,3dae89cd06ae,crates,f103681510b0b0d4,e6d01e89658d9b7b,True,1,32969,True
ActPlane,3dae89cd06ae,bpf,08743d51c7b4dee4,6f5f3a5239d360b1,True,2,42526,True
ActPlane,3dae89cd06ae,script,41af40b4f79e3eaa,0dfef046f3a91194,True,23,779934,True
ActPlane,3dae89cd06ae,crates,a5253dd16ab268b8,4ab6284f622f65db,True,9,201314,True
ActPlane,3dae89cd06ae,script,0dfef046f3a91194,2fc1339a8026dca6,True,2,152713,True
ActPlane,3dae89cd06ae,bpf,afad6438ff13f8e8,34982524d0355c60,True,2,133894,True
ActPlane,3dae89cd06ae,crates,4ab6284f622f65db,f8101babd49c5699,True,5,157728,True
ActPlane,3dae89cd06ae,docs,c5ed60f027daeed0,f8101babd49c5699,True,27,549613,True
ActPlane,3dae89cd06ae,repo-root-files,078086adefe6f217,f8101babd49c5699,True,32,1005396,True
ActPlane,3dae89cd06ae,script,2fc1339a8026dca6,9920731861397889,True,5,78914,True
ActPlane,3dae89cd06ae,bpf,3280e102c80cd6cb,cd77f99f4b9b8f89,True,2,65527,True
ActPlane,3dae89cd06ae,script,9920731861397889,8c4956a0b2e0246a,True,4,96989,True
ActPlane,3dae89cd06ae,bpf,5d0154e28177d49d,56aefe2861088c8d,True,1,12613,True
ActPlane,3dae89cd06ae,docs,f8101babd49c5699,56aefe2861088c8d,True,6,127194,True
ActPlane,3dae89cd06ae,crates,f8101babd49c5699,262e6629757aa321,True,8,200726,True
ActPlane,3dae89cd06ae,repo-root-files,f8101babd49c5699,262e6629757aa321,True,8,200726,True
ActPlane,3dae89cd06ae,script,8c4956a0b2e0246a,262e6629757aa321,True,2,82008,True
ActPlane,3dae89cd06ae,bpf,262e6629757aa321,b3e5b241f2d6ecf7,True,1,14232,True
ActPlane,3dae89cd06ae,docs,56aefe2861088c8d,b3e5b241f2d6ecf7,True,3,87764,True
ActPlane,3dae89cd06ae,repo-root-files,262e6629757aa321,b3e5b241f2d6ecf7,True,1,14232,True
ActPlane,3dae89cd06ae,script,262e6629757aa321,ed22235406f3f695,True,2,23570,True
ActPlane,3dae89cd06ae,docs,ed22235406f3f695,b76f251f03915bfb,True,1,19478,True
ActPlane,3dae89cd06ae,script,ed22235406f3f695,b76f251f03915bfb,True,1,19478,True
ActPlane,3dae89cd06ae,crates,3c356c6eadde9d93,4a42a6440995f231,True,9,109882,True
ActPlane,3dae89cd06ae,script,b76f251f03915bfb,187ffa94ff9ad7c7,True,12,355451,True
ActPlane,3dae89cd06ae,crates,4a42a6440995f231,ac6fd7205b8f684e,True,7,367355,True
ActPlane,3dae89cd06ae,bpf,90ea998383bc038c,f8748f89f5d16f24,True,2,161824,True
ActPlane,3dae89cd06ae,crates,ac6fd7205b8f684e,786be7f54e261e17,True,5,239126,True
ActPlane,3dae89cd06ae,repo-root-files,b3e5b241f2d6ecf7,786be7f54e261e17,True,22,711340,True
ActPlane,3dae89cd06ae,script,187ffa94ff9ad7c7,e0dc109e704449b0,True,7,392986,True
ActPlane,3dae89cd06ae,bpf,dd741b0b29671398,5c9e2f3ba3870ef2,True,2,103241,True
ActPlane,3dae89cd06ae,repo-root-files,786be7f54e261e17,5c9e2f3ba3870ef2,True,1,86861,True
ActPlane,3dae89cd06ae,.actplane,106b135d03a4cafb,e1fccab468fec89f,True,1717,1848059474,False
ActPlane,3dae89cd06ae,bpf,ecbdfdc934d0fc28,32c864c81aff961f,True,1,83384,True
ActPlane,3dae89cd06ae,script,e0dc109e704449b0,bc947f8c5dc32acb,True,4,362311,True
ActPlane,3dae89cd06ae,bpf,32c864c81aff961f,8b7a06b2a3cbae64,True,2,225593,True
ActPlane,3dae89cd06ae,script,fe6376e043aa5640,bbd46e90702e77dc,True,2,136297,True
ActPlane,3dae89cd06ae,bpf,8345f009b5497d61,6798592427f0b5a2,True,3,739812,True
ActPlane,3dae89cd06ae,crates,786be7f54e261e17,c3f0ea13e0decd2a,True,14,1491783,True
ActPlane,3dae89cd06ae,bpf,db5a83010b7b9174,8924a49daa9697db,True,2,142716,True
ActPlane,3dae89cd06ae,script,6798592427f0b5a2,8924a49daa9697db,True,3,167606,True
ActPlane,3dae89cd06ae,bpf,8924a49daa9697db,27f46eb0060cfce2,True,2,171779,True
ActPlane,3dae89cd06ae,bpf,27f46eb0060cfce2,d03fbd7a7978b86c,True,1,38737,True
ActPlane,3dae89cd06ae,script,6c90ca9aa9fba4de,965e3455283dc6ee,True,1,44517,True
ActPlane,3dae89cd06ae,bpf,965e3455283dc6ee,1b25cfd489ab9768,True,2,64507,True
ActPlane,3dae89cd06ae,script,10e4fc9e6cf3d378,12cf09f8d24e147e,True,4,1074294,True
ActPlane,3dae89cd06ae,test,3b1d0b0c58fdf461,3b4aca3dd7a9d801,True,259,12501861,True
ActPlane,3dae89cd06ae,bpf,bab1526ec2b41153,361eb2da2bf20fbc,True,3,1507016,True
ActPlane,3dae89cd06ae,crates,8c43f1a854e5b38d,088c1fd84fabff63,True,20,2079427,True
ActPlane,3dae89cd06ae,script,6ed4b437a88b4835,088c1fd84fabff63,True,5,261648,True
ActPlane,3dae89cd06ae,crates,088c1fd84fabff63,4ea6d5c6cd2dcdc6,True,1,9664,True
ActPlane,3dae89cd06ae,bpf,4ea6d5c6cd2dcdc6,d9f7848427ff4924,True,2,157907,True
ActPlane,3dae89cd06ae,script,088c1fd84fabff63,6d0b15d24798d1ba,True,17,1497351,True
ActPlane,3dae89cd06ae,bpf,cba5eea42ce09569,4db7997f7d673973,True,1,449894,True
ActPlane,3dae89cd06ae,crates,d7fcf902b04a6b52,54c651134a5fa2fa,True,23,1946288,True
ActPlane,3dae89cd06ae,bpf,ad75862670b27b2f,b74b5ceb7645922c,True,1,39652,True
ActPlane,3dae89cd06ae,crates,91ac941f141e5a26,f879010b3d94dc83,True,7,95760,True
ActPlane,3dae89cd06ae,bpf,84c6e19b58db252e,e833626dacb79f79,True,1,15118,True
ActPlane,3dae89cd06ae,repo-root-files,5c9e2f3ba3870ef2,28d680921e72d64f,True,77,5728025,True
ActPlane,3dae89cd06ae,script,6d0b15d24798d1ba,63443bfff77dd6b1,True,25,758699,True
ActPlane,3dae89cd06ae,bpf,28d680921e72d64f,df62cfbe4c2b3ad2,True,1,35488,True
ActPlane,3dae89cd06ae,crates,e833626dacb79f79,cf2063ced6ee807b,True,7,199385,True
ActPlane,3dae89cd06ae,docs,b76f251f03915bfb,44ba838e4d4b4984,True,104,6569087,True
ActPlane,3dae89cd06ae,bpf,3487000467a7dfa8,a6ead8c7fd9999c1,True,2,23512,True
ActPlane,3dae89cd06ae,script,63443bfff77dd6b1,d8f05354a9147c6c,True,9,360971,True
ActPlane,3dae89cd06ae,bpf,21a13f3dea763379,e1361f7fbad92583,True,1,14507,True
ActPlane,3dae89cd06ae,crates,44ba838e4d4b4984,8ad18b4a539b382b,True,8,349097,True
ActPlane,3dae89cd06ae,docs,44ba838e4d4b4984,8ad18b4a539b382b,True,8,349097,True
ActPlane,3dae89cd06ae,repo-root-files,28d680921e72d64f,8ad18b4a539b382b,True,13,420774,True
ActPlane,3dae89cd06ae,bpf,28ba091e350950c7,36e064a7227d9b6b,True,3,17317,True
ActPlane,3dae89cd06ae,crates,832467b710b94c56,fd94c2d0c9abed22,True,1,3260,True
ActPlane,3dae89cd06ae,bpf,36e064a7227d9b6b,321318f6b8759863,True,1,32772,True
ActPlane,3dae89cd06ae,script,d8f05354a9147c6c,371c59dc34cb54a3,True,10,118297,True
ActPlane,3dae89cd06ae,crates,fd94c2d0c9abed22,90a159b836d9006b,True,2,205293,True
ActPlane,3dae89cd06ae,bpf,371c59dc34cb54a3,7fd16500f4b638cc,True,3,236199,True
ActPlane,3dae89cd06ae,crates,5837931a7bd934f5,e51a7b02ee1c4b84,True,18,568262,True
ActPlane,3dae89cd06ae,bpf,1a8ecdd86c8d1fc7,6a5ea13a53a27342,True,5,114927,True
ActPlane,3dae89cd06ae,crates,4bc0df8a5687deb8,c14a9c4dad668e95,True,1,36327,True
ActPlane,3dae89cd06ae,script,371c59dc34cb54a3,cd53f05faef140c9,True,31,914996,True
ActPlane,3dae89cd06ae,crates,9b7542514a30e78d,8b07d61ca8015b0f,True,1,36442,True
ActPlane,3dae89cd06ae,script,cd53f05faef140c9,cda8bbbbed43192f,True,2,63132,True
ActPlane,3dae89cd06ae,bpf,6a5ea13a53a27342,be34e45027a56e6b,True,16,310511,True
ActPlane,3dae89cd06ae,docs,8ad18b4a539b382b,be34e45027a56e6b,True,51,1247865,True
ActPlane,3dae89cd06ae,repo-root-files,8ad18b4a539b382b,be34e45027a56e6b,True,51,1247865,True
ActPlane,3dae89cd06ae,docs,83b65b19e8df9904,76a8d1fe782653c8,True,1,33388,True
ActPlane,3dae89cd06ae,bpf,41514d75807f3aba,1e664b479426d1fc,True,1,72694,True
ActPlane,3dae89cd06ae,script,159b21b3f0125ea4,db2049ccd8424651,True,5,197979,True
ActPlane,3dae89cd06ae,docs,76a8d1fe782653c8,a107c976c077f581,True,3,177636,True
ActPlane,3dae89cd06ae,bpf,1e664b479426d1fc,2ff1175534b9244b,True,4,525796,True
ActPlane,3dae89cd06ae,crates,aac89a9f9836ec60,d55c57b69d4274a5,True,23,1100236,True
ActPlane,3dae89cd06ae,bpf,d3fe69b6d301cb2c,0de2a3240591d4b0,True,1,9920,True
ActPlane,3dae89cd06ae,crates,0de2a3240591d4b0,c389ec689cd5fb91,True,6,86517,True
ActPlane,3dae89cd06ae,bpf,8f92c81cedfdc40e,427c4661b5eca1c1,True,1,47723,True
ActPlane,3dae89cd06ae,script,c5e60375f016075d,e2b95838b7f68b32,True,18,767545,True
ActPlane,3dae89cd06ae,crates,c389ec689cd5fb91,2627b8761622be56,True,3,160144,True
ActPlane,3dae89cd06ae,bpf,aec3a2d68c512355,f45fd64451eddab0,True,2,580544,True
ActPlane,3dae89cd06ae,docs,c14afb6577e2c902,bef9dff01c97c97b,True,19,961683,True
ActPlane,3dae89cd06ae,script,e2b95838b7f68b32,bef9dff01c97c97b,True,2,572467,True
ActPlane,3dae89cd06ae,bpf,f45fd64451eddab0,40a1b629306dbf82,True,2,42606,True
ActPlane,3dae89cd06ae,docs,bef9dff01c97c97b,40a1b629306dbf82,True,1,35265,True
ActPlane,3dae89cd06ae,bpf,40a1b629306dbf82,7a2d27eb7f7c6220,True,1,75508,True
ActPlane,3dae89cd06ae,script,10d118f83c491b20,6bdb9f3cd775665b,True,6,847168,True
ActPlane,3dae89cd06ae,bpf,f90593ef2236dd1e,967daa361a8509ef,True,1,42507,True
ActPlane,3dae89cd06ae,docs,40a1b629306dbf82,5be9196d1f889dec,True,10,960851,True
ActPlane,3dae89cd06ae,script,6bdb9f3cd775665b,5be9196d1f889dec,True,2,102608,True
ActPlane,3dae89cd06ae,bpf,5be9196d1f889dec,7f1d128ce72c6b9e,True,1,56369,True
ActPlane,3dae89cd06ae,script,881291a59a2ca897,a1927aeb4d3ec540,True,1,74667,True
ActPlane,3dae89cd06ae,bpf,7f1d128ce72c6b9e,90043d2dab8a7e6e,True,1,669454,False
ActPlane,3dae89cd06ae,crates,2627b8761622be56,88f8cae0f3fab68c,True,19,2211813,False
ActPlane,3dae89cd06ae,script,a1927aeb4d3ec540,bfda1e093492a036,True,3,705065,False
ActPlane,3dae89cd06ae,bpf,f3e5be95fee47c12,73c8f8e375e5e550,True,3,341304,True
ActPlane,3dae89cd06ae,script,9095cf8c9245b8e4,4740534c19b016f0,True,2,214256,False
ActPlane,3dae89cd06ae,bpf,4740534c19b016f0,ad171a8bb206b881,True,1,56687,True
ActPlane,3dae89cd06ae,script,b379c0f55b5eb118,f0bdc23f4fde1350,True,1,64235,True
ActPlane,3dae89cd06ae,bpf,ad171a8bb206b881,253ab397a4a7e711,True,1,52799,True
ActPlane,3dae89cd06ae,docs,5be9196d1f889dec,253ab397a4a7e711,True,15,1358723,True
ActPlane,3dae89cd06ae,script,f0bdc23f4fde1350,0258bfe3c2f06210,True,1,55557,True
ActPlane,3dae89cd06ae,bpf,253ab397a4a7e711,9a6f30c16fa872bd,True,1,122963,True
ActPlane,3dae89cd06ae,script,0258bfe3c2f06210,1409cf7a7b12feeb,True,1,156112,True
ActPlane,3dae89cd06ae,bpf,9a6f30c16fa872bd,e0dd0ce75b4caece,True,1,150813,True
ActPlane,3dae89cd06ae,bpf,e0dd0ce75b4caece,2e8b7f05335d2f71,True,1,33460,True
ActPlane,3dae89cd06ae,crates,88f8cae0f3fab68c,2e8b7f05335d2f71,True,16,903322,False
ActPlane,3dae89cd06ae,docs,253ab397a4a7e711,2e8b7f05335d2f71,True,5,307236,True
ActPlane,3dae89cd06ae,repo-root-files,83b65b19e8df9904,2e8b7f05335d2f71,True,61,4208982,True
ActPlane,3dae89cd06ae,bpf,2e8b7f05335d2f71,dd7b8f7e359e2604,True,1,57558,True
ActPlane,3dae89cd06ae,docs,2e8b7f05335d2f71,dd7b8f7e359e2604,True,1,57558,True
ActPlane,3dae89cd06ae,repo-root-files,2e8b7f05335d2f71,dd7b8f7e359e2604,True,1,57558,True
ActPlane,3dae89cd06ae,script,206b453c41b7a843,a0bb51682336db1c,True,3,114051,True
ActPlane,3dae89cd06ae,bpf,dd7b8f7e359e2604,139f6f6619924aa0,True,4,667733,True
ActPlane,3dae89cd06ae,script,58d380fc401bcaac,6846667437de67e4,True,4,565272,True
ActPlane,3dae89cd06ae,docs,dd7b8f7e359e2604,7d500d972642d6f2,True,13,1938988,True
ActPlane,3dae89cd06ae,script,6846667437de67e4,e6be4332decbe618,True,6,906967,True
ActPlane,3dae89cd06ae,bpf,d0043de60cbc4c9d,23a5aec35cf2b701,True,1,319419,True
ActPlane,3dae89cd06ae,script,e6be4332decbe618,4fe7848d764619e5,True,2,307622,True
ActPlane,3dae89cd06ae,crates,ee1221649ba905fc,129b020d97d7eed3,True,20,2448400,True
ActPlane,3dae89cd06ae,bpf,c6869469d6854d29,35fabf1c5885c982,True,2,219652,True
ActPlane,3dae89cd06ae,docs,7d500d972642d6f2,d7977c2982c4ccb0,True,10,694661,False
ActPlane,3dae89cd06ae,crates,129b020d97d7eed3,37471e33fd4b58d4,True,8,336190,True
ActPlane,3dae89cd06ae,bpf,f6d9dd9ecee3d86f,9349cd82265b925b,True,1,58707,True
ActPlane,3dae89cd06ae,crates,37471e33fd4b58d4,90a7273c846eea7f,True,1,87085,False
ActPlane,3dae89cd06ae,docs,d7977c2982c4ccb0,2b38e8d8e6766349,True,6,207564,False
ActPlane,3dae89cd06ae,script,4fe7848d764619e5,2b38e8d8e6766349,True,12,475793,True
ActPlane,3dae89cd06ae,bpf,9349cd82265b925b,3a5a063fbca24824,True,3,145315,True
ActPlane,3dae89cd06ae,docs,2b38e8d8e6766349,3bd46d8fa1c72dbb,True,2,11016948,True
ActPlane,3dae89cd06ae,bpf,3a5a063fbca24824,55a0cf20cc5e8bc5,True,1,11931648,False
ActPlane,3dae89cd06ae,crates,90a7273c846eea7f,55a0cf20cc5e8bc5,True,4,12011142,False
ActPlane,3dae89cd06ae,script,1554d8d3b0271088,8a9ec27e167ecd16,True,6,12051980,False
ActPlane,3dae89cd06ae,script,8a9ec27e167ecd16,13b152c97e3a3681,True,5,255343,True
ActPlane,3dae89cd06ae,bpf,f34c77cea70f49e3,515ebd9e70a9820f,True,9,2488599,True
ActPlane,3dae89cd06ae,crates,3710a5a980a2e01e,0ae5655d8c47e7dd,True,11,2456834,True
ActPlane,3dae89cd06ae,bpf,bb5d373cc47b6429,5acfedddcf6d7cc7,True,4,327851,True
ActPlane,3dae89cd06ae,docs,3bd46d8fa1c72dbb,5acfedddcf6d7cc7,True,25,3992450,True
ActPlane,3dae89cd06ae,repo-root-files,dd7b8f7e359e2604,5acfedddcf6d7cc7,True,60,17850611,True
ActPlane,3dae89cd06ae,script,868621fe551448da,ccd9c7a00545311f,True,15,3070974,True
ActPlane,3dae89cd06ae,test,3b4aca3dd7a9d801,49de659650ba7169,True,242,26801573,True
ActPlane,3dae89cd06ae,bpf,f02c1839673053e9,5491fa2ce3c4a869,True,2,575814,True
ActPlane,3dae89cd06ae,crates,f02c1839673053e9,eece6948d3ce9f8a,True,10,859366,True
ActPlane,3dae89cd06ae,bpf,bae26c885a728a61,00ce87c3ba7deab4,True,1,129455,True
ActPlane,3dae89cd06ae,script,ccd9c7a00545311f,7ac3c8bd723bf8c8,True,15,923170,True
ActPlane,3dae89cd06ae,bpf,b4fe9ad0e5b80153,bff016b1f3caae9b,True,1,243449,True
ActPlane,3dae89cd06ae,script,7ac3c8bd723bf8c8,dc6c80cdc9c13f9f,True,19,3078307,True
ActPlane,3dae89cd06ae,crates,eece6948d3ce9f8a,e799945edc224e18,True,26,3640248,False
ActPlane,3dae89cd06ae,bpf,9617263cb21fceeb,50058f92602f6fbe,True,3,1828424,False
ActPlane,3dae89cd06ae,crates,50058f92602f6fbe,591ea9b8efba07b3,True,1,9672,False
ActPlane,3dae89cd06ae,bpf,15460c5b27c54558,188e73f2481c348b,True,1,4240,True
ActPlane,3dae89cd06ae,crates,591ea9b8efba07b3,312a539d4ff0f73d,True,1,11587,False
ActPlane,3dae89cd06ae,docs,f02c1839673053e9,312a539d4ff0f73d,True,43,4558673,False
ActPlane,3dae89cd06ae,repo-root-files,f02c1839673053e9,312a539d4ff0f73d,True,43,4558673,False
ActPlane,3dae89cd06ae,script,dc6c80cdc9c13f9f,312a539d4ff0f73d,True,6,185472,False
ActPlane,3dae89cd06ae,docs,312a539d4ff0f73d,973180e14772c63b,True,3,32859,False
ActPlane,3dae89cd06ae,repo-root-files,312a539d4ff0f73d,973180e14772c63b,True,3,32859,False
ActPlane,3dae89cd06ae,crates,8db08fa8c2ec94cb,029b62d2daad4cc0,True,1,17707,True
ActPlane,3dae89cd06ae,bpf,188e73f2481c348b,248abac270cd73cf,True,7,79163,True
ActPlane,3dae89cd06ae,crates,597b12bb842a52d5,510a7f26a6f834ce,True,2,30480,False
ActPlane,3dae89cd06ae,bpf,388ef15f5a0601ba,8aee4a715da18c25,True,1,62312,False
ActPlane,3dae89cd06ae,crates,510a7f26a6f834ce,822f28fd45b12df5,True,4,81903,True
ActPlane,3dae89cd06ae,bpf,27791ca238e09c4b,af7a0de5c26297ab,True,1,10616,True
ActPlane,3dae89cd06ae,docs,973180e14772c63b,060a2d7cd82f4fb8,True,11,148868,False
ActPlane,3dae89cd06ae,repo-root-files,973180e14772c63b,060a2d7cd82f4fb8,True,11,148868,False
ActPlane,3dae89cd06ae,script,312a539d4ff0f73d,060a2d7cd82f4fb8,True,15,181727,True
ActPlane,3dae89cd06ae,script,060a2d7cd82f4fb8,9d18c33c0142bebb,True,1,116999,False
ActPlane,3dae89cd06ae,docs,060a2d7cd82f4fb8,2eec665544c6c8f0,True,2,180737,False
ActPlane,3dae89cd06ae,bpf,ebe7d436f6239028,00b868928791073b,True,3,179211,True
ActPlane,3dae89cd06ae,crates,822f28fd45b12df5,00b868928791073b,True,6,284345,True
ActPlane,3dae89cd06ae,script,9d18c33c0142bebb,e998a79eece0ad63,True,6,208251,True
ActPlane,3dae89cd06ae,crates,53332976ff51581d,7bbc8ce502087eb1,True,2,114553,True
ActPlane,3dae89cd06ae,bpf,00b868928791073b,b6b4ca1a5e65ca58,True,13,294495,True
ActPlane,3dae89cd06ae,script,43dea68a7e557976,9659c6533521b72f,True,9,248454,True
ActPlane,3dae89cd06ae,crates,f4ccb7b77ee92bae,ad6aef00b3d38dca,True,2,102630,True
ActPlane,3dae89cd06ae,bpf,b6b4ca1a5e65ca58,fcbd3de48418e3ce,True,2,142433,True
ActPlane,3dae89cd06ae,crates,ad6aef00b3d38dca,3cb3a0394702514c,True,7,198162,True
ActPlane,3dae89cd06ae,script,9659c6533521b72f,7f53328770cc27ff,True,14,343923,True
ActPlane,3dae89cd06ae,crates,749d72644b6bc865,f3e6d2c98204c101,True,2,586687,False
ActPlane,3dae89cd06ae,bpf,9ffccb6b51054c19,61c94091e03738c2,True,10,733328,False
ActPlane,3dae89cd06ae,script,f18941fa6069aa80,14d259d7d2e375b9,True,4,554450,False
ActPlane,3dae89cd06ae,crates,3a86cd114f86a861,404d87752ec6c7ca,True,2,26595,True
ActPlane,3dae89cd06ae,bpf,61c94091e03738c2,6d72be5bd6e74513,True,5,216849,True
ActPlane,3dae89cd06ae,docs,ff60f5638a89377a,4bf836a5ed34313f,True,42,1615655,False
ActPlane,3dae89cd06ae,script,a65d93e049e5c221,d997cb3080dc94e0,True,7,6465424,False
ActPlane,3dae89cd06ae,docs,4bf836a5ed34313f,9ca421762dbd3bed,True,4,6306730,False
ActPlane,3dae89cd06ae,crates,9700427ed4af5269,0d954173c4900b1c,True,1,113913,True
ActPlane,3dae89cd06ae,script,d997cb3080dc94e0,e3286e3870dc2825,True,8,778206,True
ActPlane,3dae89cd06ae,bpf,6d72be5bd6e74513,e27907566478517b,True,14,7123504,False
ActPlane,3dae89cd06ae,crates,a0794ff48023bb3e,6a7c101cc9d846f0,True,5,927834,False
ActPlane,3dae89cd06ae,bpf,06252994dad7ad21,e5fb020dc235a17f,True,2,315776,False
ActPlane,3dae89cd06ae,crates,6a6e6a1283116586,569ea888d4192b72,True,1,132728,True
ActPlane,3dae89cd06ae,crates,ae49e8bd7c00a252,e4fd9c57ae51b6f0,True,1,2662100,False
ActPlane,3dae89cd06ae,bpf,5632ae93fbd38d1d,870223708c89d2b1,True,2,2748210,False
ActPlane,3dae89cd06ae,script,e3286e3870dc2825,26037ab201f25c06,True,13,3453290,True
ActPlane,3dae89cd06ae,bpf,870223708c89d2b1,88feb6baccf06f19,True,1,429950,True
ActPlane,3dae89cd06ae,crates,a4e06b9c65951d4c,f2759672b94d1ccc,True,5,649126,True
ActPlane,3dae89cd06ae,bpf,5a6a367c2d3e0434,83cc800e67a31f15,True,3,97248,True
ActPlane,3dae89cd06ae,crates,45640c3819dc0239,8ca3564ab07a01b8,True,1,76065,False
ActPlane,3dae89cd06ae,bpf,83cc800e67a31f15,87eb4d4e6c1fc245,True,1,93330,True
ActPlane,3dae89cd06ae,repo-root-files,060a2d7cd82f4fb8,d1a0b8729602bb14,True,82,12992733,False
ActPlane,3dae89cd06ae,crates,8ca3564ab07a01b8,174f819e230d6639,True,6,250570,True
ActPlane,3dae89cd06ae,bpf,10a345cb5c063b24,06c78e61d42ef803,True,1,109968,True
ActPlane,3dae89cd06ae,crates,846d1f32efa161eb,03c48fcf1c68b0b8,True,1,41924,True
ActPlane,3dae89cd06ae,script,26037ab201f25c06,7c14c7ddefafde3f,True,19,1133915,True
ActPlane,3dae89cd06ae,crates,03c48fcf1c68b0b8,299a7fff361f4979,True,1,174454,True
ActPlane,3dae89cd06ae,bpf,03c48fcf1c68b0b8,f468f69f47dc6469,True,2,220316,True
ActPlane,3dae89cd06ae,repo-root-files,7c4b43d10bc996d6,f468f69f47dc6469,True,9,510851,True
ActPlane,3dae89cd06ae,.actplane,e1fccab468fec89f,60af8fad723dfdf4,True,426,54564122,True
ActPlane,3dae89cd06ae,script,7c14c7ddefafde3f,20d91cc5b8eadb11,True,5,7187559,True
ActPlane,3dae89cd06ae,target,613b993b5b90027f,257a4bca25a56bf6,True,6755,2947221573,False
ActPlane,3dae89cd06ae,script,e77088b255c08407,130b49d1b713b6ca,True,1,150245,True
ActPlane,3dae89cd06ae,target,257a4bca25a56bf6,f6fb2366471f34cb,True,3,160034,True
ActPlane,3dae89cd06ae,script,f7322fb666166ca5,a3ccde977e2ba05a,True,1,84401,True
ActPlane,3dae89cd06ae,bpf,3be7a5ce07f405d5,a30b123fe0406f01,True,14,1252792,True
ActPlane,3dae89cd06ae,crates,299a7fff361f4979,4a423cf515b2e354,True,19,8317836,True
ActPlane,3dae89cd06ae,bpf,a30b123fe0406f01,58e9a5a6f4b480b5,True,3,282470,True
ActPlane,3dae89cd06ae,crates,6b23d14ff6a01974,d940cd537a94d358,True,4,251432,True
ActPlane,3dae89cd06ae,bpf,7f835fb833803c28,675cbb28d35ad98d,True,5,244161,True
ActPlane,3dae89cd06ae,script,8e38093d2aee6ca4,675cbb28d35ad98d,True,11,465623,True
ActPlane,3dae89cd06ae,script,675cbb28d35ad98d,7e691e70268967e3,True,3,259731,True
ActPlane,3dae89cd06ae,bpf,6e31942c389e5858,859ea4d1a3170baf,True,1,164556,True
ActPlane,3dae89cd06ae,bpf,859ea4d1a3170baf,2b3d019a5f9b4288,True,3,214401,True
ActPlane,3dae89cd06ae,script,2b3d019a5f9b4288,dc46b0778079ddfb,True,7,431528,True
ActPlane,3dae89cd06ae,bpf,654a669d55c81fc9,35d45af653938acd,True,2,228757,True
ActPlane,3dae89cd06ae,script,0cc342219d55d6ef,8a6004b44acd3d21,True,1,122992,True
ActPlane,3dae89cd06ae,bpf,35d45af653938acd,0217e8bb7956dc58,True,2,140929,True
ActPlane,3dae89cd06ae,target,f6fb2366471f34cb,a7a31297978d5a4c,True,55,3592891,True
ActPlane,3dae89cd06ae,bpf,88032c4c7da0a0a2,53c56b0ad25c9848,True,1,286206,True
ActPlane,3dae89cd06ae,script,7a1c3b0182868c46,fdb72004fbea8c13,True,21,1482080,True
ActPlane,3dae89cd06ae,crates,6aa367bc52a1f4df,06e36d2223e7be48,True,60,3831805,True
ActPlane,3dae89cd06ae,bpf,2860de8712383eb9,1354ea3b791fa8bc,True,1,299849,True
ActPlane,3dae89cd06ae,script,fdb72004fbea8c13,a56337d4936f0e30,True,18,1090502,True
ActPlane,3dae89cd06ae,bpf,1354ea3b791fa8bc,ee38401c70ab322f,True,1,100801,True
ActPlane,3dae89cd06ae,target,a7a31297978d5a4c,01d9dbf2b718e23d,True,24,1500999,True
ActPlane,3dae89cd06ae,bpf,ee38401c70ab322f,1d396f0209eda4ed,True,3,181899,True
ActPlane,3dae89cd06ae,crates,06e36d2223e7be48,eed0aa03d49fba19,True,25,1173819,True
ActPlane,3dae89cd06ae,script,a56337d4936f0e30,824daac3981de97b,True,25,1186955,True
ActPlane,3dae89cd06ae,crates,95da3b0957af9c4c,3cba5679c8fb844c,True,1,162345,True
ActPlane,3dae89cd06ae,bpf,ec29f1519d8704f7,6523dffc0c2e75b2,True,5,280429,True
ActPlane,3dae89cd06ae,crates,748f9a13c1d50171,bdfba1f8c34328cc,True,2,123405,True
ActPlane,3dae89cd06ae,script,824daac3981de97b,e36a1b0c07b04506,True,14,502685,True
ActPlane,3dae89cd06ae,bpf,6ebeaab1bb409422,582b2c4b6c7c5a57,True,1,47834,True
ActPlane,3dae89cd06ae,script,e36a1b0c07b04506,2028bb63b5f20ac8,True,1,77736,True
ActPlane,3dae89cd06ae,bpf,582b2c4b6c7c5a57,8612befd0f3df8ec,True,1,113870,True
ActPlane,3dae89cd06ae,crates,bdfba1f8c34328cc,549c73509c6bf7d7,True,15,634824,True
ActPlane,3dae89cd06ae,bpf,249e4e5602121a8e,30f43ea3a17d66bf,True,1,128296,True
ActPlane,3dae89cd06ae,crates,549c73509c6bf7d7,f566311f5e18a597,True,2,143220,True
ActPlane,3dae89cd06ae,bpf,37b35c28dd313a5d,53a14514728bdb7f,True,1,97931,True
ActPlane,3dae89cd06ae,repo-root-files,f468f69f47dc6469,a4735d527836ee16,True,147,15175939,True
ActPlane,3dae89cd06ae,docs,9ca421762dbd3bed,caf88b2b259a1d2c,True,191,20655403,True
ActPlane,3dae89cd06ae,target,40b10f16a296b45c,67c44221f7cf6edd,True,53,2545817,True
ActPlane,3dae89cd06ae,bpf,a4735d527836ee16,44918300ef39d5a7,True,3,321287,True
ActPlane,3dae89cd06ae,crates,53a14514728bdb7f,44918300ef39d5a7,True,8,718224,True
ActPlane,3dae89cd06ae,target,0d4ba98cac8d67da,9f3ad8d45d00dd64,True,2,377922,True
ActPlane,3dae89cd06ae,bpf,44918300ef39d5a7,f07947f3760c0ba6,True,3,290333,True
ActPlane,3dae89cd06ae,crates,f321a79039615c93,f07947f3760c0ba6,True,2,286747,True
ActPlane,3dae89cd06ae,target,207ae452d34d32fb,b4087481a26356dc,True,5,176459,True
ActPlane,3dae89cd06ae,bpf,9e28f1893b7dcb3a,7a8a9eee49cd6df6,True,2,28836,True
ActPlane,3dae89cd06ae,crates,82f50fbdc71f464e,5139c7f7495d78dd,True,6,124074,True
ActPlane,3dae89cd06ae,bpf,7a8a9eee49cd6df6,d3a7487b81dcc7f4,True,2,92593,True
ActPlane,3dae89cd06ae,repo-root-files,a4735d527836ee16,d3a7487b81dcc7f4,True,17,812472,True
ActPlane,3dae89cd06ae,crates,ff24ada6c752841c,7d4dcda6ad6ee601,True,1,52528,True
ActPlane,3dae89cd06ae,bpf,d3a7487b81dcc7f4,4450bd58eb99cc25,True,1,182141,True
ActPlane,3dae89cd06ae,repo-root-files,d3a7487b81dcc7f4,731d8b68c0519101,True,2,226922,True
ActPlane,3dae89cd06ae,crates,4450bd58eb99cc25,255c58fc8404499b,True,1,99376,True
ActPlane,3dae89cd06ae,crates,255c58fc8404499b,45a8bcc3efabe9f3,True,2,95659,True
ActPlane,3dae89cd06ae,repo-root-files,731d8b68c0519101,7381f759ae04d826,True,6,254590,True
ActPlane,3dae89cd06ae,crates,11f70433b658e0ba,613732d4b5e971f2,True,6,313293,True
ActPlane,3dae89cd06ae,bpf,48b2c5ca520c90e4,9e68868c3bee7982,True,2,53539,True
ActPlane,3dae89cd06ae,repo-root-files,7381f759ae04d826,9e68868c3bee7982,True,6,264044,True
ActPlane,3dae89cd06ae,target,7af3937bed03fc86,4c3acadac403b4f3,True,22,941129,True
ActPlane,3dae89cd06ae,crates,c542599e8dac71eb,c9a8b5d70c2a47d9,True,3,161190,True
ActPlane,3dae89cd06ae,target,4c3acadac403b4f3,e223c2a80cdb9cd9,True,2,66272,True
ActPlane,3dae89cd06ae,bpf,26bca943d83ec133,2285e1378a749f1c,True,7,256735,True
ActPlane,3dae89cd06ae,target,b7893e34d38355d1,59a0f852714120fd,True,1,355131,True
ActPlane,3dae89cd06ae,bpf,2285e1378a749f1c,93bc6fc2d29a124f,True,1,580287,False
ActPlane,3dae89cd06ae,crates,aa95971857e1818f,17d2cb54b84956d2,True,10,800597,False
ActPlane,3dae89cd06ae,bpf,862550bcd2d5d581,768b986b320a1d6e,True,2,38901,True
ActPlane,3dae89cd06ae,crates,cf27aa203bfae255,eb5370fe7c78085d,True,1,38145,False
ActPlane,3dae89cd06ae,crates,eb5370fe7c78085d,04201f24405b897c,True,2,201334,False
ActPlane,3dae89cd06ae,bpf,dcb2621ab104d27a,4f5b6e9115edf621,True,1,139811,True
ActPlane,3dae89cd06ae,crates,04201f24405b897c,28fd4be5ee5952dc,True,2,256282,False
ActPlane,3dae89cd06ae,bpf,f34b428d9f351a36,13844b8d1e6bc80a,True,3,293534,False
ActPlane,3dae89cd06ae,target,59a0f852714120fd,ada2077b89f37cc9,True,19,1131759,True
ActPlane,3dae89cd06ae,crates,9167faffb70e3b9e,8b106af8cfa54875,True,6,327915,True
ActPlane,3dae89cd06ae,bpf,63da3cb66acc32de,f53e8f3d1b504545,True,6,269421,True
ActPlane,3dae89cd06ae,crates,915fe3245aed3992,f698381b1e9ec45a,True,4,343819,True
ActPlane,3dae89cd06ae,bpf,38388e3c7f2fe5fe,e19ade2dbf43bfa9,True,2,99097,False
ActPlane,3dae89cd06ae,target,163ca179a3244449,4fb8c2034142a594,True,13,605355,True
ActPlane,3dae89cd06ae,crates,a676942f7fc0f9b4,f112f4669d18e21a,True,6,328970,True
ActPlane,3dae89cd06ae,bpf,4f122a8b8eaf1e34,18898b486e861eba,True,3,258278,True
ActPlane,3dae89cd06ae,bpf,18898b486e861eba,b4e30b563a2e533f,True,1,100166,False
ActPlane,3dae89cd06ae,crates,66390c0d685e2a09,b0b8c61e43614493,True,2,160389,True
ActPlane,3dae89cd06ae,bpf,fdff7f793e2f4e3c,1c2d609cfce7ade9,True,2,3245013,False
ActPlane,3dae89cd06ae,repo-root-files,9e68868c3bee7982,1c2d609cfce7ade9,True,54,6041906,True
ActPlane,3dae89cd06ae,repo-root-files,1c2d609cfce7ade9,854b6f6c793337c7,True,2,101733,True
ActPlane,3dae89cd06ae,bpf,ff8d5e7ebeee405d,6d19b5338e5217e2,True,1,80303,True
ActPlane,3dae89cd06ae,.actplane,60af8fad723dfdf4,bc74124036dbfdbb,False,244,16045017,True
ActPlane,3dae89cd06ae,.claude,b058d03c6820a2b8,bc74124036dbfdbb,False,3967,2509366496,False
ActPlane,3dae89cd06ae,.codex,7299f31575ff6cfe,bc74124036dbfdbb,False,17845,4072089511,False
ActPlane,3dae89cd06ae,.git,c0059200acbde3e9,bc74124036dbfdbb,False,17945,4076914218,False
ActPlane,3dae89cd06ae,.github,3e24e181ab1f29be,bc74124036dbfdbb,False,997,106750970,False
ActPlane,3dae89cd06ae,anomalyco__opencode,eb95a7cbb386482e,bc74124036dbfdbb,False,21886,4398234860,False
ActPlane,3dae89cd06ae,collector,343492e2c0832b46,bc74124036dbfdbb,False,4481,2791686128,False
ActPlane,3dae89cd06ae,crates,fc25e08f48aeae6e,bc74124036dbfdbb,False,8,172947,True
ActPlane,3dae89cd06ae,docs,caf88b2b259a1d2c,bc74124036dbfdbb,False,98,7719220,True
ActPlane,3dae89cd06ae,libbpf,2d4ec86c2a091189,bc74124036dbfdbb,False,2547,2182271418,False
ActPlane,3dae89cd06ae,policies,02fec1ecf2c0abd1,bc74124036dbfdbb,False,20260,4246804753,False
ActPlane,3dae89cd06ae,policy,16c82e38c887ea81,bc74124036dbfdbb,False,20259,4246801453,False
ActPlane,3dae89cd06ae,repo-root-files,854b6f6c793337c7,bc74124036dbfdbb,False,6,80478,True
ActPlane,3dae89cd06ae,script,2028bb63b5f20ac8,bc74124036dbfdbb,False,112,8652888,True
ActPlane,3dae89cd06ae,target,79d387dd02aa4144,bc74124036dbfdbb,False,17,3669814,True
ActPlane,3dae89cd06ae,test,49de659650ba7169,bc74124036dbfdbb,False,400,40778197,True
ActPlane,3dae89cd06ae,vmlinux,2d4ec86c2a091189,bc74124036dbfdbb,False,2547,2182271418,False
ActPlane,8cdcec3acc9e,script,0971b2596d07fd7e,a01aa43257702046,True,3,20296,True
ActPlane,8cdcec3acc9e,bpf,585eb622ba983748,fb9fdbb7cfd4d57a,True,8,33154,True
ActPlane,8cdcec3acc9e,collector,435d5cf45bf4c405,ec4cc01646f6baef,True,17,90997,True
ActPlane,8cdcec3acc9e,repo-root-files,efdf6f31c007eb23,ff18c25eca844a94,True,29,186626,True
ActPlane,8cdcec3acc9e,script,a01aa43257702046,9b9cb32b929c8ad6,True,31,193201,True
ActPlane,8cdcec3acc9e,docs,be635ef74d64b527,e9a5111f4faaa407,True,35,212929,True
ActPlane,8cdcec3acc9e,bpf,869caf24490fce3a,ec2a47bf9dd3b742,True,27,184514,True
ActPlane,8cdcec3acc9e,collector,6e30c05d3d179c1f,8b4c64aa21baa94d,True,16,80227,True
ActPlane,8cdcec3acc9e,docs,015e34e5588e66a5,f92379159c013768,True,3,22438,True
ActPlane,8cdcec3acc9e,bpf,a8df7071ccbf1be7,60836ecd09ed65a5,True,2,6309,True
ActPlane,8cdcec3acc9e,collector,8b4c64aa21baa94d,7a01b8320a7187fe,True,8,32739,True
ActPlane,8cdcec3acc9e,docs,f92379159c013768,5a9c12ebb168725a,True,10,46204,True
ActPlane,8cdcec3acc9e,docs,9a10e2c4f246c9b5,292656885d8c09f6,True,2,5651,True
ActPlane,8cdcec3acc9e,policy,b1627b41d55b7f73,d87298d79df08e76,True,2,7549,True
ActPlane,8cdcec3acc9e,policies,13125758390c6d40,b0fdbb7d714c3e34,True,2,9542,True
ActPlane,8cdcec3acc9e,docs,292656885d8c09f6,27b7008c0c467777,True,2,11845,True
ActPlane,8cdcec3acc9e,script,fa159be3c0934d0c,eafcd46a62580ea8,True,34,210764,True
ActPlane,8cdcec3acc9e,docs,b5d0afb57417341d,4f63fb105a0ae5a0,True,1,4769,True
ActPlane,8cdcec3acc9e,script,eafcd46a62580ea8,aeb9496f4c370ace,True,1,7956,True
ActPlane,8cdcec3acc9e,bpf,56026c41f41da987,aeb9496f4c370ace,False,22,149377,True
ActPlane,8cdcec3acc9e,collector,a6b42adf7f7b61bc,aeb9496f4c370ace,False,19,136535,True
ActPlane,8cdcec3acc9e,docs,4f63fb105a0ae5a0,aeb9496f4c370ace,False,1,3709,True
ActPlane,8cdcec3acc9e,policies,b0fdbb7d714c3e34,aeb9496f4c370ace,False,8,94486,True
ActPlane,8cdcec3acc9e,policy,d87298d79df08e76,aeb9496f4c370ace,False,9,97361,True
ActPlane,8cdcec3acc9e,repo-root-files,855d09e4f6ad41be,aeb9496f4c370ace,False,40,231922,True
bpf-developer-tutorial,a192f642f3ee,src,4cdf7998beaf9adf,f351ebca5280d9e3,True,2,4733264472,False
bpf-developer-tutorial,a192f642f3ee,repo-root-files,ad70c41f63aeb4aa,df1948f0aa3e9ed6,True,2,53273,False
bpf-developer-tutorial,a192f642f3ee,src,16eb4a80a21ae2d0,2362b23f4791f153,True,1,7437,False
bpf-developer-tutorial,a192f642f3ee,repo-root-files,df1948f0aa3e9ed6,4f7c27998ecceb9a,True,43,1884987,False
bpf-developer-tutorial,a192f642f3ee,src,52ca213c093f8656,27a30b080445481d,True,2,13149,True
bpf-developer-tutorial,a192f642f3ee,repo-root-files,aa3f44303300263d,37b3092fd754defd,True,2,31596,True
bpf-developer-tutorial,a192f642f3ee,scripts,e98bbdb9633f852b,1b7c5786f1bb17f4,True,67,4735797964,False
bpf-developer-tutorial,a192f642f3ee,src,37b3092fd754defd,472d149190f7cb2f,True,4,66111,True
bpf-developer-tutorial,a192f642f3ee,repo-root-files,37b3092fd754defd,484842835e303b97,True,6,66293,True
bpf-developer-tutorial,a192f642f3ee,src,c5b75b78b3cfc3d4,2c3ca333b29b3b75,True,1,11564,True
bpf-developer-tutorial,a192f642f3ee,repo-root-files,484842835e303b97,b0c5362a4236560b,True,6,19727,True
bpf-developer-tutorial,a192f642f3ee,src,1a6b01cbf17f4dc3,0dfa918881a5151e,True,2,8170,True
bpf-developer-tutorial,a192f642f3ee,scripts,aaee2115282bf8d1,24eaf84830c35137,True,19,122693,True
bpf-developer-tutorial,a192f642f3ee,src,cfaaefc615090743,fabd10f14030df89,True,4,97388,True
bpf-developer-tutorial,a192f642f3ee,repo-root-files,4636bbdf54d1e51c,044a7d5b4cb0cb3a,True,20,189161,True
bpf-developer-tutorial,a192f642f3ee,src,5d77263674af3092,9cdac5759cb40e9f,True,2,165,True
bpf-developer-tutorial,a192f642f3ee,src,69bfde0d6d67d7cd,2bb7a3a7f5469386,True,1,48233,True
bpf-developer-tutorial,a192f642f3ee,.github,d95dd97aa85f44ff,b96902b2d44adc52,True,33,41589571,False
bpf-developer-tutorial,a192f642f3ee,src,715bb1b615c338c6,5282f9e0b9bd9874,True,1,60528,True
bpf-developer-tutorial,a192f642f3ee,.github,b96902b2d44adc52,030e6f9496e4fe06,True,26,2297166,False
bpf-developer-tutorial,a192f642f3ee,src,a641e4dbb8ee9b23,6cf083e11586f5c3,True,1,15638,True
bpf-developer-tutorial,a192f642f3ee,.github,030e6f9496e4fe06,5897be59d4074b11,True,4,112089,True
bpf-developer-tutorial,a192f642f3ee,src,11eee2e97b54c2aa,46ee8b39c5f1e4bc,True,2,119167,True
bpf-developer-tutorial,a192f642f3ee,scripts,fd0ba0d0b766cbb1,307f04280c28337c,True,474,11643208655,False
bpf-developer-tutorial,a192f642f3ee,src,3d5eedad991367c2,d7fb2eb28aeb1ebf,True,2,75580,False
bpf-developer-tutorial,a192f642f3ee,.github,05edc1f90f6b97e4,9966bc13c52cd9ee,True,326,98149987,False
bpf-developer-tutorial,a192f642f3ee,repo-root-files,53b5c934f075bd01,407e89a64ff80d76,True,472,11645402523,False
bpf-developer-tutorial,a192f642f3ee,scripts,aad17f3f0a601079,de56d971e1b11f5a,True,8,2404529,False
bpf-developer-tutorial,a192f642f3ee,.github,c7d8313cdde7b366,137d2dd42c317c9a,True,1,87657,True
bpf-developer-tutorial,a192f642f3ee,src,c7d8313cdde7b366,25056983b0cc1092,True,2,1344429,True
bpf-developer-tutorial,a192f642f3ee,scripts,de56d971e1b11f5a,ec7b47960cf9d956,True,13,1992368,False
bpf-developer-tutorial,a192f642f3ee,src,dacd2046d6535757,441b6d9e4ce86c32,True,1,137097,True
bpf-developer-tutorial,a192f642f3ee,scripts,ec7b47960cf9d956,b9bf22959c09169d,True,1,98307,True
bpf-developer-tutorial,a192f642f3ee,src,441b6d9e4ce86c32,5896a045ee21e701,True,4,174478,True
bpf-developer-tutorial,a192f642f3ee,scripts,b9bf22959c09169d,6ed916bc0edb76c8,True,5,183537,True
bpf-developer-tutorial,a192f642f3ee,src,6b30124afd75fbca,2e89c3632e0807cf,True,1,759,True
bpf-developer-tutorial,a192f642f3ee,scripts,6ed916bc0edb76c8,cba6ad8141d70b66,True,2,3771,True
bpf-developer-tutorial,a192f642f3ee,src,deaeccd157e92736,17e928857de38175,True,1,347,True
bpf-developer-tutorial,a192f642f3ee,scripts,cba6ad8141d70b66,b1af5b68af19fd47,True,2,1198,True
bpf-developer-tutorial,a192f642f3ee,src,842fe4d5dcf9afc0,2f70fafd5c0bb04a,True,1,466,True
bpf-developer-tutorial,a192f642f3ee,.agents,3e06049dd84bed98,546b26274eaf288a,True,18,1716281,True
bpf-developer-tutorial,a192f642f3ee,src,5d30cbd5701bf359,5e7b7b3dc7857fc2,True,8,2318445,True
bpf-developer-tutorial,a192f642f3ee,scripts,b1af5b68af19fd47,43e117df0e03b346,True,29,119418251,False
bpf-developer-tutorial,a192f642f3ee,src,963d2a70144183fd,4b2f40baf9706894,True,1,116637567,False
bpf-developer-tutorial,a192f642f3ee,scripts,43e117df0e03b346,614821d1dbb8ae2f,True,32,53692091,False
bpf-developer-tutorial,a192f642f3ee,src,717a961eeed8a611,b705df30bdb658a2,True,1,51810,False
bpf-developer-tutorial,a192f642f3ee,scripts,614821d1dbb8ae2f,471e405d56e5a335,True,15,11409717,False
bpf-developer-tutorial,a192f642f3ee,.agents,ffb751995d590250,9b3159222681bcf6,True,62,182737631,False
bpf-developer-tutorial,a192f642f3ee,src,81b18d800045d5ee,543c65c1f9467a14,True,2,10765834,False
bpf-developer-tutorial,a192f642f3ee,.agents,9b3159222681bcf6,f7fe672d80d9a89d,False,95,2089271,True
bpf-developer-tutorial,a192f642f3ee,.github,137d2dd42c317c9a,f7fe672d80d9a89d,False,202,188884520,False
bpf-developer-tutorial,a192f642f3ee,repo-root-files,407e89a64ff80d76,f7fe672d80d9a89d,False,205,189013285,False
bpf-developer-tutorial,a192f642f3ee,scripts,471e405d56e5a335,f7fe672d80d9a89d,False,96,2090180,True
eunomia.dev,30e8a01e495d,app,b59e60f79558b440,663a81d21fbe4f23,True,1,2842,True
eunomia.dev,30e8a01e495d,app,663a81d21fbe4f23,39a2d3704838d45c,True,3,4532,True
eunomia.dev,30e8a01e495d,app,4ac0b85bc6b0be1e,6e495778972cb14e,True,1,1173,False
eunomia.dev,30e8a01e495d,material,993be232868b45ea,70b0023cdcf280f1,True,11,18065,False
eunomia.dev,30e8a01e495d,repo-root-files,0025738c9d0c7d9e,09a3f31ae214a242,True,17,18407,False
eunomia.dev,30e8a01e495d,app,defef0c293890604,c2d147dcd4a26479,True,3,2633,False
eunomia.dev,30e8a01e495d,app,e729ba60bd74d25f,79bd314f2d2537b3,True,2,3705,False
eunomia.dev,30e8a01e495d,docs,65157ac3d3bc46f7,cd168fab995c8159,True,49,47500,True
eunomia.dev,30e8a01e495d,material,c97940e577f657a1,3ff8c4bed5a5701a,True,40,38908,False
eunomia.dev,30e8a01e495d,app,e15ffc8565761c06,be866f6c46a9068c,True,3,4585,False
eunomia.dev,30e8a01e495d,repo-root-files,09a3f31ae214a242,0ef5b913b004ecf5,True,43,38909,False
eunomia.dev,30e8a01e495d,app,361fc9fc31905285,255a187c378fe944,True,1,188,True
eunomia.dev,30e8a01e495d,repo-root-files,0ef5b913b004ecf5,6c8b53d626961dd3,True,16,28258,False
eunomia.dev,30e8a01e495d,app,323317af28ad44eb,aae68f6de7bfd0c1,True,1,4655,False
eunomia.dev,30e8a01e495d,docs,cd168fab995c8159,1303f5f9695f1be9,True,23,28605,False
eunomia.dev,30e8a01e495d,app,aae68f6de7bfd0c1,c9566177defa1319,True,1,8,True
eunomia.dev,30e8a01e495d,material,8981f4d2d956c6be,b662e5262b88a5b9,True,34,55222,False
eunomia.dev,30e8a01e495d,app,16f11ea1b3c76adc,637e9b896040a9d1,True,2,12774,False
eunomia.dev,30e8a01e495d,docs,1303f5f9695f1be9,d0c26426963c9dde,True,28,44252,True
eunomia.dev,30e8a01e495d,app,1476ccad07e263c7,86f301642d7be86e,True,1,172,True
eunomia.dev,30e8a01e495d,repo-root-files,6c8b53d626961dd3,e43dc9c4ba6e26ec,True,66,101230,True
eunomia.dev,30e8a01e495d,docs,d0c26426963c9dde,1cbfcb76b0f3aeb3,True,36,56804,True
eunomia.dev,30e8a01e495d,material,a3d7789daabbc344,51d4819fc38fae48,True,52,74257,True
eunomia.dev,30e8a01e495d,app,4a5cc8c2e251189f,465cf8232300cb42,True,3,8561,True
eunomia.dev,30e8a01e495d,docs,1cbfcb76b0f3aeb3,b234af035f34febe,True,4,10097,True
eunomia.dev,30e8a01e495d,app,0c54c7cc5f38291c,d6bec7e116d6b71d,True,1,10111,True
eunomia.dev,30e8a01e495d,docs,b234af035f34febe,1bb2e67f67600dc1,True,1,6456122057,False
eunomia.dev,30e8a01e495d,repo-root-files,e43dc9c4ba6e26ec,1a3642a1079b597f,True,18,6456401699,False
eunomia.dev,30e8a01e495d,docs,f3ddaa36cfed041e,c781c55f6b747ee3,True,3,23905,True
eunomia.dev,30e8a01e495d,app,d6bec7e116d6b71d,00aa63d720b73eec,True,19,6457047133,False
eunomia.dev,30e8a01e495d,test,f53ff8534efed285,a9f7ec72f2f454ae,True,134,6458390747,False
eunomia.dev,30e8a01e495d,app,8480f9e5cfdb9730,0f6174843fe2514b,True,1,54,True
eunomia.dev,30e8a01e495d,test,a9f7ec72f2f454ae,d729af0ffd6e09d6,True,1,10885,True
eunomia.dev,30e8a01e495d,app,d729af0ffd6e09d6,dd7d400db3466e2e,True,1,199293,True
eunomia.dev,30e8a01e495d,test,58fa771d7b7ea21e,95231971ce560430,True,1,45,True
eunomia.dev,30e8a01e495d,app,dd7d400db3466e2e,75e3224cfb4ac4d5,True,2,11457,True
eunomia.dev,30e8a01e495d,test,64e60625b3b1f018,0ec5e42a4ae1937e,True,11,100465,True
eunomia.dev,30e8a01e495d,app,af95bf36373c27f5,6c23f8316a391674,True,1,10007,True
eunomia.dev,30e8a01e495d,test,0ec5e42a4ae1937e,abc789515b91bbac,True,1,10058,True
eunomia.dev,30e8a01e495d,app,6c23f8316a391674,24c4043a0f01ebad,True,2,26402,True
eunomia.dev,30e8a01e495d,docs,182a078a2670322b,886fd0c793189a64,True,29,1625921,True
eunomia.dev,30e8a01e495d,app,24c4043a0f01ebad,a0b9970ebc508957,True,1,7855,True
eunomia.dev,30e8a01e495d,app,65a60af42cd6a98d,f1b799f3cb7956f0,True,2,13899947,True
eunomia.dev,30e8a01e495d,repo-root-files,c65574a3d2bf96f1,b358a3a63281e0bd,True,44,16167812,True
eunomia.dev,30e8a01e495d,app,db7c1580bf705ba7,44f088f365dc19ea,True,2,54148,True
eunomia.dev,30e8a01e495d,repo-root-files,8207a188d8733eb7,782cc9f27e138713,True,1,35963,True
eunomia.dev,30e8a01e495d,test,a300154b7d36afff,ee632d5c36a9c4c7,True,15,14055075,True
eunomia.dev,30e8a01e495d,.github,c6690630f6b409b3,e593e7b9f33d81c6,True,7,113481,True
eunomia.dev,30e8a01e495d,repo-root-files,782cc9f27e138713,d33a48872ec1cff9,True,3,67681,True
eunomia.dev,30e8a01e495d,app,44f088f365dc19ea,4756c9f4ad4a9b23,True,5,81866,True
eunomia.dev,30e8a01e495d,.github,f2a7df9c011ab904,538866bfbf31879e,True,6,44064,True
eunomia.dev,30e8a01e495d,app,e1db4ef6888c5c9e,365e53b70629e825,True,2,20374,True
eunomia.dev,30e8a01e495d,test,ee632d5c36a9c4c7,846813c4ce4274ff,True,12,198838,True
eunomia.dev,30e8a01e495d,app,fdea5d4ad9d9147c,dd7035f98e165c52,True,4,436018,True
eunomia.dev,30e8a01e495d,.github,956a4f970825da7e,8dc7d8d46594df97,True,12,2391011,True
eunomia.dev,30e8a01e495d,app,49383c7f3e599884,b125a6e61ad86a3a,True,2,1051502,True
eunomia.dev,30e8a01e495d,repo-root-files,d33a48872ec1cff9,5c8319749f384dc3,True,23,2436031,True
eunomia.dev,30e8a01e495d,app,cb266e281bd91711,bc1e041eb70938c9,True,1,6276,True
eunomia.dev,30e8a01e495d,test,62e2f5fcaee82507,b9e49b5ba035dc13,True,14,4433503,True
eunomia.dev,30e8a01e495d,.github,d4d8b20038b48785,7d1f9ece7a702122,True,7,2312473,True
eunomia.dev,30e8a01e495d,app,ee37b49786611acf,7d1f9ece7a702122,True,1,162668,True
eunomia.dev,30e8a01e495d,.github,7d1f9ece7a702122,4a2295c8a7907d70,True,5,1535286,True
eunomia.dev,30e8a01e495d,app,a8d311b584be1d1d,235ce01cd7208c82,True,1,954552,True
eunomia.dev,30e8a01e495d,repo-root-files,5c8319749f384dc3,235ce01cd7208c82,True,11,3862313,True
eunomia.dev,30e8a01e495d,docs,886fd0c793189a64,3cb11c756e4d93a8,True,69,23406344,True
eunomia.dev,30e8a01e495d,app,9a2e19779c85628f,98e9f1f0e7e3641c,True,2,446671,True
eunomia.dev,30e8a01e495d,docs,e83ba66e9b6e8b4c,ea6bf8454d97b1b5,True,8,83016,True
eunomia.dev,30e8a01e495d,app,08a4eb78a24d0fa5,27c00205f23f2b48,True,1,24964,True
eunomia.dev,30e8a01e495d,docs,ea6bf8454d97b1b5,9bc2ef1de6bbf613,True,4,138118,True
eunomia.dev,30e8a01e495d,app,a6e5333ad383e0e6,6d5404f388459f43,True,1,123331,True
eunomia.dev,30e8a01e495d,docs,9bc2ef1de6bbf613,a43b8cf635632c86,True,20,3423287,True
eunomia.dev,30e8a01e495d,app,4e7286c3315e9c82,48c24766026e4671,True,1,3189513,True
eunomia.dev,30e8a01e495d,docs,a43b8cf635632c86,9744a127e2dcaa39,True,13,1156262,True
eunomia.dev,30e8a01e495d,app,82d8c585613588d3,a69983204af944c5,True,1,1,True
eunomia.dev,30e8a01e495d,docs,9744a127e2dcaa39,949fe346f32cbd42,True,5,20381,True
eunomia.dev,30e8a01e495d,.github,4a2295c8a7907d70,261e59790a0fabc4,True,79,45815032,True
eunomia.dev,30e8a01e495d,app,462dd9178759616a,9a3d671405119173,True,1,37797236,True
eunomia.dev,30e8a01e495d,.github,261e59790a0fabc4,add6ebae9b167750,True,2,88351,True
eunomia.dev,30e8a01e495d,app,71961f65e4c1fe52,6113576262aae773,True,1,139297,True
eunomia.dev,30e8a01e495d,repo-root-files,a2a40480efcc8f05,3b49181759e2a710,True,88,53738004,True
eunomia.dev,30e8a01e495d,app,52ef16dc2d0092c8,aefbb1933444979c,True,1,117342,True
eunomia.dev,30e8a01e495d,docs,949fe346f32cbd42,0aad82f03fa011e0,True,34,46049366,True
eunomia.dev,30e8a01e495d,app,a9812b2c93886bb8,97d67a4c2a1f7c15,True,2,8748,True
eunomia.dev,30e8a01e495d,repo-root-files,3b49181759e2a710,154725e9c9083467,True,22,166220,True
eunomia.dev,30e8a01e495d,app,d732a6e10fcbf210,cca7facefda1c83b,True,1,66858,True
eunomia.dev,30e8a01e495d,docs,969a46c66118b458,7bad1bd789b85c81,True,6,99877,True
eunomia.dev,30e8a01e495d,app,5ff4e42c15865fce,1748eb196e1bf224,True,1,73090,True
eunomia.dev,30e8a01e495d,docs,7bad1bd789b85c81,2c9ccbb4c66f23e3,True,13,207092,True
eunomia.dev,30e8a01e495d,app,8d5ee429b6a6e56d,42fe007eadd7d580,True,4,36046,True
eunomia.dev,30e8a01e495d,test,b9e49b5ba035dc13,763a620de41c3a33,True,150,56223620,True
eunomia.dev,30e8a01e495d,app,aa1838be93637553,f9797278041a9845,True,1,226416,True
eunomia.dev,30e8a01e495d,.github,6113576262aae773,1b9555b6aacbcfdc,True,65,8676046,True
eunomia.dev,30e8a01e495d,app,b15994a0e41917c2,e4c01e4a1fff99b0,True,1,32365,True
eunomia.dev,30e8a01e495d,test,763a620de41c3a33,2602d69beba513f1,True,15,677487,True
eunomia.dev,30e8a01e495d,docs,31c46e25d96ae274,01065e16d006fe06,True,26,984796,True
eunomia.dev,30e8a01e495d,app,9c482c63e2114e55,fc56661661cd9ac9,True,2,1466572,True
eunomia.dev,30e8a01e495d,docs,01065e16d006fe06,2860044d2dcb5ab6,True,4,1319812,True
eunomia.dev,30e8a01e495d,app,2aaaea75c574b9db,a2ac81ee66c4e574,True,1,61603,True
eunomia.dev,30e8a01e495d,docs,2860044d2dcb5ab6,7feaaf9e5ca4f5d0,True,11,244955,True
eunomia.dev,30e8a01e495d,app,3981023bc1f3be9c,25ac6e5f698f6c26,True,3,12294,True
eunomia.dev,30e8a01e495d,docs,3a964ccae1174334,ee5a7338073a6770,True,7,17674,True
eunomia.dev,30e8a01e495d,app,f284f788ba412f76,50e2e4b5d84eb176,True,2,2903,True
eunomia.dev,30e8a01e495d,repo-root-files,154725e9c9083467,c3a6497e94095cbe,True,79,2944568,True
eunomia.dev,30e8a01e495d,app,2d99198e15b5dd80,4b54cf30e00877aa,True,1,52534,True
eunomia.dev,30e8a01e495d,docs,eba7a78219dd6a10,5bc50f510594f609,True,10,169525,True
eunomia.dev,30e8a01e495d,app,4c6162cb8f4f41f3,02b7d14f69d99496,True,2,13665,True
eunomia.dev,30e8a01e495d,test,2602d69beba513f1,0b352d2fa985e7c5,True,54,2368185,True
eunomia.dev,30e8a01e495d,app,ef377e9192e92f8b,1a98659f4f9331ab,True,2,592644,True
eunomia.dev,30e8a01e495d,docs,7d87285072e3aa58,210de721706073a9,True,26,1712231,True
eunomia.dev,30e8a01e495d,app,a2ba185defed1017,1cade1500c135d09,True,1,6492,True
eunomia.dev,30e8a01e495d,test,687ab371ead979c9,a232e633850019d7,True,23,2689937,True
eunomia.dev,30e8a01e495d,app,691ce942c472ea9c,e6396fe8e82c591d,True,4,148413,True
eunomia.dev,30e8a01e495d,test,40aa4c4ebe076a37,43ded71f0e6f95c9,True,2,142914,True
eunomia.dev,30e8a01e495d,app,842ecf4c3660e6e3,ccda420f4daad158,True,2,419661,True
eunomia.dev,30e8a01e495d,repo-root-files,c3a6497e94095cbe,962a0b10b15f5c7f,True,56,4949686,True
eunomia.dev,30e8a01e495d,app,80cb0e434332a022,7e8fba97c0591444,True,1,77229,True
eunomia.dev,30e8a01e495d,repo-root-files,962a0b10b15f5c7f,0173b9b8457fc58c,True,3,77234,True
eunomia.dev,30e8a01e495d,app,8f056b5bbb7fbb33,1034bca030d4cd2a,True,1,10201,True
eunomia.dev,30e8a01e495d,repo-root-files,0173b9b8457fc58c,ef37b353c4d4ae82,True,3,31470,True
eunomia.dev,30e8a01e495d,app,f3d44458ee831307,e421feef0da4b21d,True,1,57870,True
eunomia.dev,30e8a01e495d,repo-root-files,ef37b353c4d4ae82,95f41c90d0eb303f,True,4,592180,True
eunomia.dev,30e8a01e495d,app,3502aad64b04b78c,e52d4384d33c37fe,True,4,547277,True
eunomia.dev,30e8a01e495d,repo-root-files,39e4f98462bd1650,cf04cbc0894b8c13,True,1,311540,True
eunomia.dev,30e8a01e495d,app,e52d4384d33c37fe,19d014570b5094a9,True,1,2266518,True
eunomia.dev,30e8a01e495d,docs,210de721706073a9,8569209466af3150,True,42,6169235,True
eunomia.dev,30e8a01e495d,app,19d014570b5094a9,a06be28b4f3fbb35,True,2,5009,True
eunomia.dev,30e8a01e495d,repo-root-files,cf04cbc0894b8c13,5b57fc7fb90bd250,True,6,2398270,True
eunomia.dev,30e8a01e495d,app,247ea563cb80b821,cacb5545e559c8f8,True,1,18901,True
eunomia.dev,30e8a01e495d,test,450c7f433f8b1e77,9cab70af89fbeb82,True,34,4930005,True
eunomia.dev,30e8a01e495d,repo-root-files,5b57fc7fb90bd250,9eeecf6a4cc1a7db,True,6,150239,True
eunomia.dev,30e8a01e495d,app,f42878dd4a64e285,7a2706f4e622c29a,True,2,187207,True
eunomia.dev,30e8a01e495d,test,9cab70af89fbeb82,e83e53f4cec77adc,True,6,234839,True
eunomia.dev,30e8a01e495d,repo-root-files,9eeecf6a4cc1a7db,4f5ee84e06d0e124,True,6,210178,True
eunomia.dev,30e8a01e495d,test,e83e53f4cec77adc,b5d10e71168fd67c,True,3,510796,True
eunomia.dev,30e8a01e495d,repo-root-files,59796eef95192158,3fb95f2975a4548e,True,1,1138602,True
eunomia.dev,30e8a01e495d,app,8bb6fcdaaaf59abd,6d45c65b5239f38a,True,6,1179850,True
eunomia.dev,30e8a01e495d,docs,3f73f92ca113bf7e,afa65d3f3a7d7751,True,23,1980795,True
eunomia.dev,30e8a01e495d,repo-root-files,3fb95f2975a4548e,9713491d9769a7b7,True,2,93957,True
eunomia.dev,30e8a01e495d,app,6d45c65b5239f38a,dd49ff6e90c0eb0d,True,2,115323,True
eunomia.dev,30e8a01e495d,test,b5d10e71168fd67c,26be37ed5b1c750c,True,7,824794,True
eunomia.dev,30e8a01e495d,app,24623a85f1850c56,bd2cfafb5ee79321,True,4,349244,True
eunomia.dev,30e8a01e495d,repo-root-files,9713491d9769a7b7,3081c106f316f411,True,9,583972,True
eunomia.dev,30e8a01e495d,.github,1b9555b6aacbcfdc,e56df389f8b5d534,True,157,13379982,True
eunomia.dev,30e8a01e495d,app,b5ea26d3d0f73ab5,ef909e66c34e6e54,True,2,783053,True
eunomia.dev,30e8a01e495d,repo-root-files,3081c106f316f411,8a68c23e7b076fec,True,2,783098,True
eunomia.dev,30e8a01e495d,test,5e34cc9bc1218161,e619e5eee07a9352,True,7,1041198,True
eunomia.dev,30e8a01e495d,app,ef909e66c34e6e54,007cc7084959a184,True,3,7980,True
eunomia.dev,30e8a01e495d,test,e619e5eee07a9352,004291a86d59c4bb,True,5,72814,True
eunomia.dev,30e8a01e495d,app,b783057331b20c0b,e68eb9610bf874a9,True,1,62544,True
eunomia.dev,30e8a01e495d,repo-root-files,ac2747cc5a8d9033,2cf2b0c725dc556f,True,8,86730,True
eunomia.dev,30e8a01e495d,app,e68eb9610bf874a9,11f0fc5253f4422a,True,1,84790,True
eunomia.dev,30e8a01e495d,test,004291a86d59c4bb,b917b805a2bed214,True,4,96457,True
eunomia.dev,30e8a01e495d,app,6363d4799994dc30,8e98d1564caa91b5,True,1,155626,True
eunomia.dev,30e8a01e495d,docs,afa65d3f3a7d7751,aaea11bbe33b3351,True,28,1736151,True
eunomia.dev,30e8a01e495d,app,8e98d1564caa91b5,36f25cfa80122ea5,True,1,19856,True
eunomia.dev,30e8a01e495d,repo-root-files,2cf2b0c725dc556f,d61138fe1eb36b74,True,8,272806,True
eunomia.dev,30e8a01e495d,app,07f98c5b6a9797c6,362e4cc938826448,True,1,45849,True
eunomia.dev,30e8a01e495d,repo-root-files,d61138fe1eb36b74,37115b57e0a0113e,True,12,268759,True
eunomia.dev,30e8a01e495d,docs,aaea11bbe33b3351,a8ac69cc09a4b373,True,19,366315,True
eunomia.dev,30e8a01e495d,test,b917b805a2bed214,e4be1e060c42d9ce,True,22,524810,True
eunomia.dev,30e8a01e495d,app,51f954612e041ce4,e913fd63266b1fdc,True,5,88887,True
eunomia.dev,30e8a01e495d,repo-root-files,264e2ce56d6a0255,cd47e7a25dcbc37c,True,5,388192,True
eunomia.dev,30e8a01e495d,docs,a8ac69cc09a4b373,fd0ba67d9811f40f,True,5,704936,True
eunomia.dev,30e8a01e495d,app,797856091c6614d2,76ecd70521addc33,True,5,479128,True
eunomia.dev,30e8a01e495d,repo-root-files,cd47e7a25dcbc37c,1a1cfa4e98179431,True,12,365498,True
eunomia.dev,30e8a01e495d,app,9bf4f924b2473027,de32537374f5328d,True,2,5515,True
eunomia.dev,30e8a01e495d,repo-root-files,ac213e300463f885,140234c2f427ecfa,True,5,13754,True
eunomia.dev,30e8a01e495d,app,92923ebfa9b45508,45f2514a5f88f5e5,True,1,43542,True
eunomia.dev,30e8a01e495d,repo-root-files,140234c2f427ecfa,edc4c3b50f6c7c1b,True,11,120099,True
eunomia.dev,30e8a01e495d,docs,ce6abcf0da730ddf,3f070b67239f076b,True,28,176168,True
eunomia.dev,30e8a01e495d,app,ecdfc8e04c0efb09,3e8a0aa693e807fd,True,2,28651,True
eunomia.dev,30e8a01e495d,repo-root-files,edc4c3b50f6c7c1b,d2af7279fc45f4fe,True,7,56311,True
eunomia.dev,30e8a01e495d,app,9e13e5c3e2d5ff53,6f5c7be1d1127028,True,1,23990,True
eunomia.dev,30e8a01e495d,repo-root-files,d2af7279fc45f4fe,305f1d84b4d04e50,True,2,769873,True
eunomia.dev,30e8a01e495d,app,ac1cc1cbf27290c2,277734e474a95182,True,2,25696,True
eunomia.dev,30e8a01e495d,repo-root-files,34d6ab04190b4b20,0f004d2baa56a532,True,1,51648,True
eunomia.dev,30e8a01e495d,app,277734e474a95182,203d95b38d764e15,True,1,43964,True
eunomia.dev,30e8a01e495d,test,e4be1e060c42d9ce,dff82bfb08ebd7b3,True,51,1771913,True
eunomia.dev,30e8a01e495d,app,203d95b38d764e15,2a1ec86d5925a0cd,True,1,9563,True
eunomia.dev,30e8a01e495d,test,dff82bfb08ebd7b3,ab4a2e72a309a0a6,True,9,80670,True
eunomia.dev,30e8a01e495d,app,703068f7166b5109,0501bc945e8cdfe5,True,1,17033,True
eunomia.dev,30e8a01e495d,test,ab4a2e72a309a0a6,c3788f5c9838d350,True,1,10061,True
eunomia.dev,30e8a01e495d,app,0501bc945e8cdfe5,f3655440d64b6a31,True,1,5943,True
eunomia.dev,30e8a01e495d,repo-root-files,0f004d2baa56a532,bb3347201d434476,True,15,209683,True
eunomia.dev,30e8a01e495d,app,f3655440d64b6a31,172e13a7725716bc,True,2,103549,True
eunomia.dev,30e8a01e495d,test,c3788f5c9838d350,35efcdd200463dd9,True,5,124904,True
eunomia.dev,30e8a01e495d,repo-root-files,dc5b11830c4565c2,65f3ba2d089a0386,True,3,53577,True
eunomia.dev,30e8a01e495d,app,2c96d522e09417f3,e059c9f944e13747,True,3,87491,True
eunomia.dev,30e8a01e495d,test,35efcdd200463dd9,4431d4c2bbef31a2,True,3,76391,True
eunomia.dev,30e8a01e495d,repo-root-files,64cbd9cdbeef3ea8,13408874851e318a,True,2,15564,True
eunomia.dev,30e8a01e495d,app,e059c9f944e13747,a58ab66960f29744,True,3,473499,True
eunomia.dev,30e8a01e495d,repo-root-files,090272654c602c65,15cbd77544405a80,True,3,493424,True
eunomia.dev,30e8a01e495d,app,c9527fec287c04fc,7a0f64f1e8604b35,True,1,35469,True
eunomia.dev,30e8a01e495d,test,4431d4c2bbef31a2,b8f4161224b2dc43,True,8,907188,True
eunomia.dev,30e8a01e495d,app,e00358c62035144f,3d105ad33cc33f04,True,4,2124077,False
eunomia.dev,30e8a01e495d,repo-root-files,15cbd77544405a80,53b5a07d352614e1,True,12,2159854,False
eunomia.dev,30e8a01e495d,app,dc00a645cb8f14cf,9cb7a7686fd4ee88,True,2,6886,True
eunomia.dev,30e8a01e495d,docs,3f070b67239f076b,e8c4e0c5f43f2c71,True,62,3870659,False
eunomia.dev,30e8a01e495d,app,c06df5180b6cb846,7341b01a2fb75cbb,True,2,18128,True
eunomia.dev,30e8a01e495d,docs,ec3a21031cef74f6,dfd9883d75e1f410,True,1,9504,True
eunomia.dev,30e8a01e495d,app,7341b01a2fb75cbb,e36078fcc3e41294,True,1,7184,True
eunomia.dev,30e8a01e495d,repo-root-files,d08cc41e6d0e1510,53e5a7eebefac9a5,True,14,81007,True
eunomia.dev,30e8a01e495d,app,16471516e4e8252c,34a6e72be10671c4,True,1,17680,True
eunomia.dev,30e8a01e495d,repo-root-files,53e5a7eebefac9a5,0a39ad673e9b497c,True,3,82314,True
eunomia.dev,30e8a01e495d,app,157e718138c001cb,ac1cb55b63b7bfcb,True,1,30712,True
eunomia.dev,30e8a01e495d,repo-root-files,0a39ad673e9b497c,b17a2aeefc56ebf8,True,9,1208316,True
eunomia.dev,30e8a01e495d,app,6613dc2244a05019,b164f97c1e1dc39a,True,3,62368,True
eunomia.dev,30e8a01e495d,docs,dfd9883d75e1f410,7ae9b1bfcb91a065,True,27,1502332,True
eunomia.dev,30e8a01e495d,app,3bb6ae627f916669,f3c1a728b831ddc7,True,1,121548,True
eunomia.dev,30e8a01e495d,repo-root-files,723b467fb7cdba80,b30a918159b05418,True,13,339294,True
eunomia.dev,30e8a01e495d,docs,7ae9b1bfcb91a065,073c9574397930c9,True,8,251793,True
eunomia.dev,30e8a01e495d,app,c3de238e10cb42db,042169d3f7330bb9,True,2,73696,True
eunomia.dev,30e8a01e495d,repo-root-files,b30a918159b05418,6aabaef53f16f812,True,3,93320,True
eunomia.dev,30e8a01e495d,app,ab13c1c533d555aa,e8b4a5302e5a1b24,True,2,26632,True
eunomia.dev,30e8a01e495d,docs,073c9574397930c9,5fb3f327d50e6a39,True,7,461538,True
eunomia.dev,30e8a01e495d,repo-root-files,7fb08d3546cd4d96,b93a967c67bda7e4,True,5,765366,True
eunomia.dev,30e8a01e495d,app,d60242e1885ec023,40ecb2558475a7a1,True,3,473843,True
eunomia.dev,30e8a01e495d,repo-root-files,b93a967c67bda7e4,4590761edc870848,True,1,18636,True
eunomia.dev,30e8a01e495d,app,40ecb2558475a7a1,7a58137b2ccbfe4d,True,1,18636,True
eunomia.dev,30e8a01e495d,docs,8fc22d0190b9d394,c0067e552826f2c7,True,8,386881,True
eunomia.dev,30e8a01e495d,app,accc45721ea777c3,b1fa94d75eb83977,True,1,18080,True
eunomia.dev,30e8a01e495d,repo-root-files,4590761edc870848,952a0fb632521659,True,8,63185,True
eunomia.dev,30e8a01e495d,app,cb61ed088797eb23,5483aed70dcb73f1,True,1,36464,True
eunomia.dev,30e8a01e495d,test,96660ff572ad26ce,b55f41b7de20e8b1,True,80,4580206,False
eunomia.dev,30e8a01e495d,repo-root-files,952a0fb632521659,a41bc3acc130c2ee,True,6,740444,True
eunomia.dev,30e8a01e495d,app,dd10ad149fb169e2,e987e9f2e712b378,True,2,438704,True
eunomia.dev,30e8a01e495d,repo-root-files,a41bc3acc130c2ee,a136a2cffe55d47a,True,10,119050,True
eunomia.dev,30e8a01e495d,app,5737fed9edf6e713,f3f3fdf5994e5c28,True,3,54224,True
eunomia.dev,30e8a01e495d,repo-root-files,801bc3dadb0fb5bc,c18d111374bf3d3a,True,4,127159,True
eunomia.dev,30e8a01e495d,app,a7e552ed64b85f32,c4400708a98e1f91,True,1,18090,True
eunomia.dev,30e8a01e495d,repo-root-files,c18d111374bf3d3a,3f8651f60454cffb,True,7,64648,True
eunomia.dev,30e8a01e495d,app,f385389777d5f0c9,1dbbfacea63bcc76,True,1,54432,True
eunomia.dev,30e8a01e495d,repo-root-files,3f8651f60454cffb,5dbb9b26e30ca800,True,1,65592,True
eunomia.dev,30e8a01e495d,app,1dbbfacea63bcc76,aefce7a99ac257c1,True,1,18031,True
eunomia.dev,30e8a01e495d,docs,c0067e552826f2c7,2f37c3b159bce59b,True,52,1388049,True
eunomia.dev,30e8a01e495d,app,0f72747658c65ff8,7cc40f23b3860d92,True,4,19451,True
eunomia.dev,30e8a01e495d,.github,e56df389f8b5d534,fd8827d394192c34,True,260,13432715,False
eunomia.dev,30e8a01e495d,docs,143ec11949a1e198,3e8e813d443343ff,True,10,3993285,True
eunomia.dev,30e8a01e495d,app,06099c202814f86c,5a120237d695389c,True,3,3898922,True
eunomia.dev,30e8a01e495d,docs,3e8e813d443343ff,103dcfe87dcc4a90,True,3,69550,True
eunomia.dev,30e8a01e495d,app,62cdd385e3bbddec,7c3ecc5affcb905c,True,2,14162,True
eunomia.dev,30e8a01e495d,repo-root-files,5dbb9b26e30ca800,c4af8f6b796ba8ed,True,42,4300895,True
eunomia.dev,30e8a01e495d,app,a6691a0f2ce35209,85fd5530d11d3c78,True,1,35,True
eunomia.dev,30e8a01e495d,repo-root-files,c4af8f6b796ba8ed,790c7143e9cf0ec8,True,2,6916,True
eunomia.dev,30e8a01e495d,app,7137992746bf880e,19a20b0f56bc20d0,True,1,6885,True
eunomia.dev,30e8a01e495d,repo-root-files,790c7143e9cf0ec8,93edf885ba0ccbfc,True,7,92578,True
eunomia.dev,30e8a01e495d,app,10c8a89320c9ad77,23e7a3d4a816ca99,True,2,24597,True
eunomia.dev,30e8a01e495d,repo-root-files,8a8bfdfd93e759b3,89ce9863c45f553c,True,4,99974,True
eunomia.dev,30e8a01e495d,app,21c08a724b02bf36,ca468bdb7341bec1,True,1,217451,True
eunomia.dev,30e8a01e495d,repo-root-files,ca468bdb7341bec1,afe15f42da4fb2f0,True,15,424739,True
eunomia.dev,30e8a01e495d,app,83e68ecd9ccd05e1,c17050b1f5c2d8a4,True,2,53410,True
eunomia.dev,30e8a01e495d,test,b55f41b7de20e8b1,3a40b85946199a5a,True,112,7454254,True
eunomia.dev,30e8a01e495d,app,16a76cb983a734f1,adb0e1676c3bbd99,True,4,1150708,True
eunomia.dev,30e8a01e495d,docs,83529d37e7c6a417,42e5fede3ac01929,True,55,4299533,True
eunomia.dev,30e8a01e495d,repo-root-files,abd16237a33037ff,4e169beeb00b210e,True,12,3442744,True
eunomia.dev,30e8a01e495d,app,b2ca8a27a44188ac,af2aaa6b2332d3ef,True,3,510111,True
eunomia.dev,30e8a01e495d,repo-root-files,8199f054cc607a5b,8c3854ec00dd6cfe,True,4,1800668,True
eunomia.dev,30e8a01e495d,docs,42e5fede3ac01929,e3442b39111cbc13,True,7,1810445,True
eunomia.dev,30e8a01e495d,app,c9e98a8dea631775,b159a3864616b192,True,2,1131212,True
eunomia.dev,30e8a01e495d,repo-root-files,8c3854ec00dd6cfe,b14b19100d5056e3,True,5,24766,True
eunomia.dev,30e8a01e495d,app,5c41fb66e7cd94d8,9f63bb66f0a1609a,True,1,21607,True
eunomia.dev,30e8a01e495d,test,b8ad334f99e7ed2e,dfac1d1508ba9677,True,18,3656109,True
eunomia.dev,30e8a01e495d,app,6a2b6afb72729f31,202ab4b1431999e8,True,2,229756,True
eunomia.dev,30e8a01e495d,repo-root-files,b14b19100d5056e3,dd28a2ba8f7f2f1c,True,9,2368004,True
eunomia.dev,30e8a01e495d,app,8cd8b702f782afde,e94b4c07be827e7f,True,1,1,True
eunomia.dev,30e8a01e495d,repo-root-files,dd28a2ba8f7f2f1c,83c7746b3168c4f2,True,3,51941,True
eunomia.dev,30e8a01e495d,app,ef0b40095defc77b,7ff127be4c8be9e0,True,1,32536,True
eunomia.dev,30e8a01e495d,repo-root-files,83c7746b3168c4f2,568b5a2b6849f441,True,1,47380,True
eunomia.dev,30e8a01e495d,app,7ff127be4c8be9e0,71790417b4083969,True,1,31349,True
eunomia.dev,30e8a01e495d,repo-root-files,568b5a2b6849f441,a0ced33b7bc7a383,True,5,929425,True
eunomia.dev,30e8a01e495d,app,e1e604ece5804886,e9b6677aa68046bb,True,1,8842,True
eunomia.dev,30e8a01e495d,.github,422a6c540fb4eef4,c6fd035c497d69b4,True,98,10275896,True
eunomia.dev,30e8a01e495d,docs,e3442b39111cbc13,9126f673a4101d68,True,29,65292637,False
eunomia.dev,30e8a01e495d,repo-root-files,a0ced33b7bc7a383,7611648d86d2a6b9,True,4,61871170,False
eunomia.dev,30e8a01e495d,app,c6fd035c497d69b4,f8a7e0c7ebd88ddb,True,3,61455155,False
eunomia.dev,30e8a01e495d,repo-root-files,7611648d86d2a6b9,a667fcff1c1c1e70,True,1,7077,True
eunomia.dev,30e8a01e495d,docs,f8bc2689c0f04628,9a11a44c7f464069,True,3,7100,True
eunomia.dev,30e8a01e495d,repo-root-files,a667fcff1c1c1e70,b5dcf1c3ba4b58df,True,3,2439,True
eunomia.dev,30e8a01e495d,docs,20320fbc276a45b6,9eeec9c706ba1eaf,True,2,44885,True
eunomia.dev,30e8a01e495d,app,f8a7e0c7ebd88ddb,75e23148bea75819,True,9,8065939,True
eunomia.dev,30e8a01e495d,docs,339392b07ccc81b4,ef10cce9cd552239,True,26,177481,True
eunomia.dev,30e8a01e495d,app,1dfedba8520aea29,8bd7c30ab3fe093c,True,1,7288,True
eunomia.dev,30e8a01e495d,docs,ef10cce9cd552239,971619bf81bae1c7,True,12,91809,True
eunomia.dev,30e8a01e495d,app,bee2e054221b923b,89c89f9e7ea8b306,True,1,13057,True
eunomia.dev,30e8a01e495d,docs,971619bf81bae1c7,1a9b7e391e1a4eb2,True,10,786155,True
eunomia.dev,30e8a01e495d,app,1a9b7e391e1a4eb2,9cc2aaa590306e24,True,2,592271,True
eunomia.dev,30e8a01e495d,docs,0e22851fa0ca72b9,68b7f25e9fdd47ad,True,1,252842,True
eunomia.dev,30e8a01e495d,app,9cc2aaa590306e24,e608ec12570ce481,True,2,149390,True
eunomia.dev,30e8a01e495d,docs,c013c563fb195fdc,e3f6a9dabaeaf725,True,13,553662,True
eunomia.dev,30e8a01e495d,.github,c6fd035c497d69b4,8d78427547bd8d7d,True,83,73425856,False
eunomia.dev,30e8a01e495d,app,b3652cfa124161d2,f6250c9cae324c3a,True,5,2100567,True
eunomia.dev,30e8a01e495d,repo-root-files,32c87d4317eabfef,69345c1265b92f35,True,80,12159458,True
eunomia.dev,30e8a01e495d,app,fd58d078b7411717,01f9f71932eec463,True,2,6130,True
eunomia.dev,30e8a01e495d,repo-root-files,e38730c5480498f8,7ad7cce3e89f52fe,True,2,2621,True
eunomia.dev,30e8a01e495d,app,a028d962921ecc95,8ce9f804ce03a2bb,True,2,122629,True
eunomia.dev,30e8a01e495d,repo-root-files,9fa15672a1e29c12,a96d94d3fdf2fb9a,True,4,62299,True
eunomia.dev,30e8a01e495d,app,294f8dbfb021a59b,3639edd4fdafee5e,True,3,110339,True
eunomia.dev,30e8a01e495d,repo-root-files,52942835f949fdb4,2a63e99ddc8aa0a9,True,2,19020,True
eunomia.dev,30e8a01e495d,app,c235bf0776914e33,792e8ebf1454c71b,True,1,12635,True
eunomia.dev,30e8a01e495d,repo-root-files,2a63e99ddc8aa0a9,c6e57fe4fe147687,True,1,21004,True
eunomia.dev,30e8a01e495d,docs,e3f6a9dabaeaf725,009b1d44a7c2061f,True,25,2076823,True
eunomia.dev,30e8a01e495d,app,792e8ebf1454c71b,80fec9f9e181203f,True,3,62728,True
eunomia.dev,30e8a01e495d,docs,321c7d13dfca68db,87e9b60eb9000241,True,17,335187,True
eunomia.dev,30e8a01e495d,app,34d66d22fa247c24,7c36c9603431811d,True,1,22840,True
eunomia.dev,30e8a01e495d,repo-root-files,c6e57fe4fe147687,372ea9f6ffe4ffe3,True,21,407127,True
eunomia.dev,30e8a01e495d,docs,87e9b60eb9000241,6a8074ab7d29b1ba,True,6,90694,True
eunomia.dev,30e8a01e495d,app,7c36c9603431811d,8088ef204ceaeea0,True,6,222251,True
eunomia.dev,30e8a01e495d,repo-root-files,dcf4da9a833cad96,ae7cd20d63e09d4d,True,4,237590,True
eunomia.dev,30e8a01e495d,app,5869e64f4c6b83a5,be85d7827b92b28d,True,4,75713,True
eunomia.dev,30e8a01e495d,repo-root-files,7b61dc448412d940,adf2a4dc3148ee18,True,2,27486,True
eunomia.dev,30e8a01e495d,app,f313d7ed417fb64a,4e3e421a834b6cc2,True,1,20868,True
eunomia.dev,30e8a01e495d,repo-root-files,adf2a4dc3148ee18,83624b885087d524,True,2,75244,True
eunomia.dev,30e8a01e495d,repo-root-files,83624b885087d524,5905bb526bf36598,True,10,114249,True
eunomia.dev,30e8a01e495d,app,2c8b1c66b1e79b3d,e03d971a4ec5e485,True,1,20629,True
eunomia.dev,30e8a01e495d,repo-root-files,5905bb526bf36598,efa5931082a0e751,True,3,44877,True
eunomia.dev,30e8a01e495d,repo-root-files,efa5931082a0e751,5fe1f5dbec2fb665,True,30,361547,True
eunomia.dev,30e8a01e495d,app,67208e230f5024f3,85a479025c30be0c,True,2,105463,True
eunomia.dev,30e8a01e495d,repo-root-files,df1c09c295ebdb56,1584e956bce514b8,True,11,472272,True
eunomia.dev,30e8a01e495d,app,6eb1a51efd29cd9f,247c4872671cf151,True,1,43,True
eunomia.dev,30e8a01e495d,repo-root-files,1584e956bce514b8,a917bc07b8b10e43,True,2,1,True
eunomia.dev,30e8a01e495d,app,ba6f91d9b35043ed,26cd4a4b74be1bbd,True,1,7814,True
eunomia.dev,30e8a01e495d,repo-root-files,a917bc07b8b10e43,8c0181f9bada5c7f,True,10,60872,True
eunomia.dev,30e8a01e495d,app,065d3a4bb8ebcc8f,a95b1a4791221488,True,1,18772,True
eunomia.dev,30e8a01e495d,repo-root-files,8c0181f9bada5c7f,d8398bdb6feab429,True,2,12130,True
eunomia.dev,30e8a01e495d,app,9c94f0f56111d850,b2d424076f53dca2,True,1,724631,True
eunomia.dev,30e8a01e495d,repo-root-files,d8398bdb6feab429,e357c6502713d167,True,1,724677,True
eunomia.dev,30e8a01e495d,app,b2d424076f53dca2,6c4a3b33ccaaacaa,True,1,31408,True
eunomia.dev,30e8a01e495d,repo-root-files,e357c6502713d167,e49f32306c3b10f7,True,8,244562,True
eunomia.dev,30e8a01e495d,app,35b8749b73aac997,d2009086abd190a6,True,1,27720,True
eunomia.dev,30e8a01e495d,repo-root-files,e49f32306c3b10f7,59032dfc7913a9f4,True,3,226395,True
eunomia.dev,30e8a01e495d,app,48b96a95b3011fd8,70db6206dcf0d1a5,True,1,107689,True
eunomia.dev,30e8a01e495d,repo-root-files,59032dfc7913a9f4,57c2312fad6f8c8a,True,4,39516,False
eunomia.dev,30e8a01e495d,app,536e96b00c43c67b,7f443e1c1b811ee3,True,3,11414,True
eunomia.dev,30e8a01e495d,docs,6a8074ab7d29b1ba,190fcb841c7109c0,True,127,2727305,False
eunomia.dev,30e8a01e495d,app,592abd5f9a7e4a80,b66d87a73966a980,True,1,254,False
eunomia.dev,30e8a01e495d,repo-root-files,057c040e54c53694,db363868f8289a8e,True,19,62064,False
eunomia.dev,30e8a01e495d,app,35a4f1bdc9e21287,a03371184b41e9aa,True,1,3680,True
eunomia.dev,30e8a01e495d,repo-root-files,db363868f8289a8e,630aa3d86125f1a3,True,4,140824,False
eunomia.dev,30e8a01e495d,app,a5d392775c38a0a7,63a0776015a533e5,True,1,136391,False
eunomia.dev,30e8a01e495d,repo-root-files,630aa3d86125f1a3,f38c4ba2577f35e1,True,3,154463,True
eunomia.dev,30e8a01e495d,app,09f60435009b7ef3,3d7e4a8997884ebe,True,1,196261,False
eunomia.dev,30e8a01e495d,repo-root-files,f38c4ba2577f35e1,d5302e3199260806,True,1,101161,False
eunomia.dev,30e8a01e495d,app,3d7e4a8997884ebe,a19e69b524092867,True,1,15717,True
eunomia.dev,30e8a01e495d,repo-root-files,d5302e3199260806,625074da36f755df,True,3,34638,True
eunomia.dev,30e8a01e495d,docs,190fcb841c7109c0,66e0b568f3ca984c,True,18,442508,False
eunomia.dev,30e8a01e495d,app,8d0435bc36d92ca5,2b75b9a2bc333904,True,2,17709,True
eunomia.dev,30e8a01e495d,repo-root-files,625074da36f755df,61475ac75c657ef0,True,2,13053,True
eunomia.dev,30e8a01e495d,app,2b75b9a2bc333904,9ff834222dd43160,True,1,208521,True
eunomia.dev,30e8a01e495d,docs,66e0b568f3ca984c,70ed228a1f616925,True,10,335987,True
eunomia.dev,30e8a01e495d,repo-root-files,61475ac75c657ef0,a009ba2404b45d1f,True,9,341931,True
eunomia.dev,30e8a01e495d,docs,70ed228a1f616925,66ac4ad477d4fba0,True,1,20421,True
eunomia.dev,30e8a01e495d,app,47bbf2fac88fbb53,5262dac2422432e4,True,3,34410,True
eunomia.dev,30e8a01e495d,.github,adb82ba73f87c830,3cb1f45a0e26282f,True,212,4704586,True
eunomia.dev,30e8a01e495d,test,47fc9fc3a17506b4,53985e8ec0cba350,True,320,82267680,False
eunomia.dev,30e8a01e495d,docs,66ac4ad477d4fba0,c23e89884cfa2de1,True,68,65251504,False
eunomia.dev,30e8a01e495d,app,3cb1f45a0e26282f,4e225fcb8f74a527,True,64,64966404,False
eunomia.dev,30e8a01e495d,repo-root-files,a009ba2404b45d1f,8b19be05fc37cd3f,True,71,65256813,False
eunomia.dev,30e8a01e495d,draft,489b5c71250d3dbe,8eeb34894dac91b9,True,3,43817,True
eunomia.dev,30e8a01e495d,docs,c23e89884cfa2de1,659a70d4612c6578,True,35,29968347,True
eunomia.dev,30e8a01e495d,app,4e225fcb8f74a527,7d39e9ecfdd342ce,True,58,178806502,False
eunomia.dev,30e8a01e495d,docs,4683dfc117249d53,d3ad14d14e7237ac,True,5,103604877,False
eunomia.dev,30e8a01e495d,app,1898067762846847,aaa6d11f16fadac4,True,1,28298,True
eunomia.dev,30e8a01e495d,repo-root-files,8b19be05fc37cd3f,7b8b390f12b6cb85,True,71,178851125,False
eunomia.dev,30e8a01e495d,app,bff7b42d25018a41,34a1f8c3d8f7f1c8,True,1,25649,True
eunomia.dev,30e8a01e495d,docs,d3ad14d14e7237ac,34a1f8c3d8f7f1c8,True,9,52729,True
eunomia.dev,30e8a01e495d,repo-root-files,7b8b390f12b6cb85,fd6c62fd43f6e360,True,3,92711334,False
eunomia.dev,30e8a01e495d,app,38f5731d3f2ebeb9,e329ddc8c993a415,True,1,92577374,False
eunomia.dev,30e8a01e495d,repo-root-files,fd6c62fd43f6e360,50c7e9316a4b6b93,True,3,9781,True
eunomia.dev,30e8a01e495d,app,566677347305bf9e,04fcb1bc3e241517,True,1,6933,True
eunomia.dev,30e8a01e495d,repo-root-files,50c7e9316a4b6b93,07ebae2b2bced4bd,True,6,71673,True
eunomia.dev,30e8a01e495d,app,8c3c1856423a85a4,01c463f6d5733def,True,1,28124,True
eunomia.dev,30e8a01e495d,repo-root-files,07ebae2b2bced4bd,bb10208db9ae1098,True,2,21552,True
eunomia.dev,30e8a01e495d,app,f2b72f402307a777,95a93bfdebe272a6,True,2,332534856,False
eunomia.dev,30e8a01e495d,test,9e62ad436dffb583,966d95848ab9cf2e,True,148,668201954,False
eunomia.dev,30e8a01e495d,app,95a93bfdebe272a6,191dbb51bb3cf7a6,True,1,10394,True
eunomia.dev,30e8a01e495d,test,966d95848ab9cf2e,8715e3af6a7d72d9,True,1,10431,True
eunomia.dev,30e8a01e495d,.github,3cb1f45a0e26282f,a62959f882d6b962,True,162,669183651,False
eunomia.dev,30e8a01e495d,repo-root-files,6b410baad05da6af,b7cba2fb95eedac7,True,15,332707852,False
eunomia.dev,30e8a01e495d,.github,073dec2f75e7f30f,e60b8d673d394652,True,2,180548,True
eunomia.dev,30e8a01e495d,repo-root-files,8b8ee1c581aa0ceb,0fade7998ebeb5a6,True,3,216458,True
eunomia.dev,30e8a01e495d,.github,c3105619af39af93,064abb0fab78f7ac,True,1,173737,True
eunomia.dev,30e8a01e495d,app,191dbb51bb3cf7a6,fca86281859d9ae5,True,19,461108,True
eunomia.dev,30e8a01e495d,repo-root-files,0fade7998ebeb5a6,6c86a1109e60a20b,True,4,72660,True
eunomia.dev,30e8a01e495d,app,b4aabe0a436d372e,06ca7dba36e82b33,True,1,9491,True
eunomia.dev,30e8a01e495d,repo-root-files,6c86a1109e60a20b,2f21e8dda0940825,True,9,32847,True
eunomia.dev,30e8a01e495d,.github,064abb0fab78f7ac,cea0cf1ad5bbc14c,True,14,131395,True
eunomia.dev,30e8a01e495d,repo-root-files,2f21e8dda0940825,59bc6bf421914d94,True,3,127149,True
eunomia.dev,30e8a01e495d,docs,34a1f8c3d8f7f1c8,ef09ff23d31c5a6e,True,58,426072946,False
eunomia.dev,30e8a01e495d,repo-root-files,59bc6bf421914d94,01c12663333c7620,True,3,109418,True
eunomia.dev,30e8a01e495d,app,2f224f6890fa8071,60d5920add26eba1,True,10,252529,True
eunomia.dev,30e8a01e495d,repo-root-files,309eb9ea902001c4,d051070060bf66d4,True,1,3172,True
eunomia.dev,30e8a01e495d,app,60d5920add26eba1,5ff7ce331d5850f5,True,1,11421,True
eunomia.dev,30e8a01e495d,.github,981b15410b71b6a4,b687b80b6ae7ee75,True,11,158346,True
eunomia.dev,30e8a01e495d,repo-root-files,d051070060bf66d4,1beb710878fdf3ba,True,9,68502,True
eunomia.dev,30e8a01e495d,.github,da014d8bc5c3eacf,8db356bd198bd427,True,1,35569,True
eunomia.dev,30e8a01e495d,app,95531ba6d424c3c9,ce6246e28e4c571d,True,12,117878,True
eunomia.dev,30e8a01e495d,repo-root-files,1beb710878fdf3ba,0e5be35859f638db,True,6,73222,True
eunomia.dev,30e8a01e495d,docs,c108ee20cb25eb04,7e1cdbdaa9282df4,True,21,255359,True
eunomia.dev,30e8a01e495d,.github,eba86c60351439b9,c54967dd5b2f6d68,True,5,156640,True
eunomia.dev,30e8a01e495d,docs,c82b01a81e7747b6,192a16ea79086f9e,True,1,127809,True
eunomia.dev,30e8a01e495d,.github,c54967dd5b2f6d68,b2c3f733fa064066,True,2,138079,True
eunomia.dev,30e8a01e495d,app,ce6246e28e4c571d,dae0d923968dab31,True,8,590947,True
eunomia.dev,30e8a01e495d,.github,b2c3f733fa064066,07a0df660987a4b5,True,1,429871,True
eunomia.dev,30e8a01e495d,docs,2f073b9d0163237a,c5301b2bebc8b837,True,21,8663070,True
eunomia.dev,30e8a01e495d,app,dae0d923968dab31,f92fc84e6586dc14,True,21,8320791,True
eunomia.dev,30e8a01e495d,docs,4df98ff9bdce5715,4dc89bb2018550a6,True,1,11388,True
eunomia.dev,30e8a01e495d,app,f92fc84e6586dc14,ca0132d9ff451f04,True,3,23311,True
eunomia.dev,30e8a01e495d,docs,13f1a7a5572919a1,b1e615ba870e68da,True,1,184543,True
eunomia.dev,30e8a01e495d,app,ca0132d9ff451f04,0614089d221c2f1c,True,1,314551,True
eunomia.dev,30e8a01e495d,app,0614089d221c2f1c,9e69ec4198c9b784,True,99,5139937,False
eunomia.dev,30e8a01e495d,docs,47aa277608ad3510,83a55604e4d61adf,True,18,625275,True
eunomia.dev,30e8a01e495d,app,e8c2bbbba0ba895e,8b4c389aef22b126,True,13,502805,True
eunomia.dev,30e8a01e495d,docs,d8d6bcdbdeb83c4f,08a86de161c42395,True,5,611629,True
eunomia.dev,30e8a01e495d,repo-root-files,0e5be35859f638db,f3a41d42cfd1dfd8,True,176,200277242,False
eunomia.dev,30e8a01e495d,.github,601ed1677b1c7caf,455a7fd8262f53d8,True,152,198761294,False
eunomia.dev,30e8a01e495d,docs,dc8a6b59c5dd737b,44ec6c34b7a087ec,True,4,183817987,False
eunomia.dev,30e8a01e495d,app,d1fc0ac825f10e00,4f0b0f6a65a3d7e1,True,10,185173658,False
eunomia.dev,30e8a01e495d,.github,455a7fd8262f53d8,146f2caeadbf51bd,True,3,7497,True
eunomia.dev,30e8a01e495d,docs,44ec6c34b7a087ec,40e8d65aae9969b7,True,4,9807,True
eunomia.dev,30e8a01e495d,app,b5e35c3225dc9f14,c5efa1a658a2f3e2,True,3,13242,True
eunomia.dev,30e8a01e495d,repo-root-files,c44630bb7061a035,766e453003b10be6,True,14,53275,True
eunomia.dev,30e8a01e495d,docs,40e8d65aae9969b7,789d7d57a2cd5762,True,9,47497,True
eunomia.dev,30e8a01e495d,repo-root-files,a2711e94d7a262fa,e86131e798c06b5a,True,12,441397,True
eunomia.dev,30e8a01e495d,docs,00a6b69e63d199f1,c4e8524923c4c2c3,True,3,104241,True
eunomia.dev,30e8a01e495d,repo-root-files,841b770b348b9b6f,f96b1f94f9e95d24,True,1,373758,True
eunomia.dev,30e8a01e495d,docs,c4e8524923c4c2c3,9ffc619ca721fbb6,True,5,412905,True
eunomia.dev,30e8a01e495d,repo-root-files,43f3243e54d992ef,0bd16117bad6aff9,True,1,403489,True
eunomia.dev,30e8a01e495d,docs,9ffc619ca721fbb6,9abbf4bd94337c84,True,2,396188,True
eunomia.dev,30e8a01e495d,app,4768c5ec0af8276c,e228c76715001509,True,27,2648570,True
eunomia.dev,30e8a01e495d,docs,9abbf4bd94337c84,55992efac9072f02,True,1,1362390,True
eunomia.dev,30e8a01e495d,app,e228c76715001509,8a79c9fc60bdafea,True,1,22190,True
eunomia.dev,30e8a01e495d,docs,55992efac9072f02,4424661bb0a9ddd6,True,1,351756,True
eunomia.dev,30e8a01e495d,.github,aa98d6944c096379,7f60bae968b20404,True,39,897093488,False
eunomia.dev,30e8a01e495d,docs,4424661bb0a9ddd6,fc805c11969b645f,True,3,894504180,False
eunomia.dev,30e8a01e495d,.github,01ea48bd8e747c1e,03eb2ff9d3898708,True,249,38273136,True
eunomia.dev,30e8a01e495d,repo-root-files,eb71aa48b6dea16a,8f748ed2d5292c58,True,260,944808363,False
eunomia.dev,30e8a01e495d,docs,1a9e5e4a33b17481,7ca4ef61589164c5,True,5,12408497,True
eunomia.dev,30e8a01e495d,app,8a79c9fc60bdafea,27619ce98030f1f1,True,296,1013725182,False
eunomia.dev,30e8a01e495d,repo-root-files,5fce05a9fff19c92,8fa68e7e7183fb1b,True,40,70275881,False
eunomia.dev,30e8a01e495d,app,54ec8abed19bb551,8d375d7c4d5e6f0e,True,1,2462,True
eunomia.dev,30e8a01e495d,.github,bd7ebba747c49c65,ec2f2ee28f96bbd7,True,98,84467388,False
eunomia.dev,30e8a01e495d,app,88c5782ce58882ad,df335bb1041c2172,True,1,2276529,True
eunomia.dev,30e8a01e495d,docs,cbe9a03b10b0c5a6,4aa2c795aeb9d6e2,True,69,518870802,False
eunomia.dev,30e8a01e495d,repo-root-files,8fa68e7e7183fb1b,3c7603067eb241b0,True,68,963009170,False
eunomia.dev,30e8a01e495d,app,0a7e69686d54f971,6e6342494f22603a,True,5,958933424,False
eunomia.dev,30e8a01e495d,repo-root-files,db6339b01cb28c1c,d69fec401b0b4ffd,True,2,26505,True
eunomia.dev,30e8a01e495d,app,7b945eb104ec9eb1,aafd1836c5599f16,True,1,26504,True
eunomia.dev,30e8a01e495d,app,76745984e9d13cc6,ff97c04cf875d396,True,3,48476,True
eunomia.dev,30e8a01e495d,repo-root-files,d69fec401b0b4ffd,29cdbf53a7242bbe,True,8,61120,True
eunomia.dev,30e8a01e495d,app,10b3782f9f59e777,aeb8b908214fd8a2,True,1,12611,True
eunomia.dev,30e8a01e495d,repo-root-files,29cdbf53a7242bbe,2c6a5c26b00b1047,True,1,25,True
eunomia.dev,30e8a01e495d,app,aeb8b908214fd8a2,d175cab0f6ce2242,True,3,20586,True
eunomia.dev,30e8a01e495d,docs,58b0ee6f0461b6e9,6317cabdeaf795a4,True,21,514176524,False
eunomia.dev,30e8a01e495d,repo-root-files,1a17f5d53beaed3d,2485f0a735ac099e,True,3,53753,True
eunomia.dev,30e8a01e495d,app,ee53c69ab9d3e5db,7051a4ad02cedb65,True,2,110158,True
eunomia.dev,30e8a01e495d,repo-root-files,2485f0a735ac099e,042fc937766eb482,True,1,1983256,True
eunomia.dev,30e8a01e495d,app,7051a4ad02cedb65,189bb2cb3bc52e0a,True,3,1919424,True
eunomia.dev,30e8a01e495d,repo-root-files,6c5fcf8bc0b5e116,b076d3edcca02890,True,2,10377,True
eunomia.dev,30e8a01e495d,app,81fc22ef030f589c,51d8bd5a105a3228,True,1,23382,False
eunomia.dev,30e8a01e495d,repo-root-files,b076d3edcca02890,a09bca92064e6f95,True,1,13572,False
eunomia.dev,30e8a01e495d,app,51d8bd5a105a3228,9bf03cde54bab067,True,2,12729,True
eunomia.dev,30e8a01e495d,repo-root-files,9da7aa520689f634,1e7beb0339ae857a,True,2,5720,False
eunomia.dev,30e8a01e495d,app,133ac7a4d7b67dad,e9a3a38317c8ea43,True,3,10869,False
eunomia.dev,30e8a01e495d,repo-root-files,313442ee35dc6da9,b2fe90b8508fed8a,True,5,6735,True
eunomia.dev,30e8a01e495d,docs,6317cabdeaf795a4,850fff2ad1b461b0,True,24,2057284,False
eunomia.dev,30e8a01e495d,app,196f5e3cf96c079f,697bae86bdf207bb,True,4,8748,False
eunomia.dev,30e8a01e495d,repo-root-files,60abcfb94f8b829a,5cf06d34b881dffe,True,2,8156,True
eunomia.dev,30e8a01e495d,app,697bae86bdf207bb,b091a7bcc283a485,True,1,8970,True
eunomia.dev,30e8a01e495d,repo-root-files,5cf06d34b881dffe,2f15d1e4468997e5,True,5,45886,False
eunomia.dev,30e8a01e495d,app,c0e73737fe25d05c,598b5b22146f9e7d,True,1,36507,False
eunomia.dev,30e8a01e495d,repo-root-files,2f15d1e4468997e5,3884b72dae9cae11,True,1,83964,False
eunomia.dev,30e8a01e495d,docs,850fff2ad1b461b0,ed8f4d0f752c1812,True,10,267750,False
eunomia.dev,30e8a01e495d,repo-root-files,3884b72dae9cae11,66e698e30b498dee,True,3,171063,True
eunomia.dev,30e8a01e495d,app,598b5b22146f9e7d,5f942d2c4af2bc29,True,6,246169,False
eunomia.dev,30e8a01e495d,repo-root-files,2dc7026a5361c913,c6cf2f05db91d638,True,2,10638,True
eunomia.dev,30e8a01e495d,app,5e0d94174dafd760,63d42e99fb3ac3cb,True,1,55019,True
eunomia.dev,30e8a01e495d,docs,1ddfb604be0031c2,ac0ccc535c497445,True,6,109791,True
eunomia.dev,30e8a01e495d,repo-root-files,c6cf2f05db91d638,ac0ccc535c497445,True,1,60058,True
eunomia.dev,30e8a01e495d,docs,ac0ccc535c497445,1cd33b4c02994f8d,True,1,310886,False
eunomia.dev,30e8a01e495d,.github,ec2f2ee28f96bbd7,7cdb29435fe86213,True,81,962187958,False
eunomia.dev,30e8a01e495d,test,6f007e2217f6c425,d6cfa8f04792a4eb,True,719,2184144398,False
eunomia.dev,30e8a01e495d,repo-root-files,ac0ccc535c497445,880d38c1bca0f9b6,True,6,9083512,True
eunomia.dev,30e8a01e495d,app,29a67a58cdcc99fa,7550cadeff7d96b7,True,6,8778991,False
eunomia.dev,30e8a01e495d,repo-root-files,880d38c1bca0f9b6,fc6ecc8be1de2db8,True,3,11323,True
eunomia.dev,30e8a01e495d,app,c750e0c8e3a88ef6,bc92b0ab5882e6a8,True,1,1,True
eunomia.dev,30e8a01e495d,repo-root-files,fc6ecc8be1de2db8,666bb492699de1fa,True,2,29620,True
eunomia.dev,30e8a01e495d,app,99e70ee227c55572,13aa951d75df5640,True,1,37050,True
eunomia.dev,30e8a01e495d,repo-root-files,666bb492699de1fa,4a0a8eb2e524763e,True,2,13598,True
eunomia.dev,30e8a01e495d,app,380660f75102f674,2b3b93bd178c8241,True,3,22783,True
eunomia.dev,30e8a01e495d,repo-root-files,86b6557f2c112d87,c54d5eee75ba74cd,True,2,723612,True
eunomia.dev,30e8a01e495d,app,b54c5a5d76baf641,0c30f004cf89246e,True,1,706778,True
eunomia.dev,30e8a01e495d,repo-root-files,c54d5eee75ba74cd,4d88578ed285d6fb,True,2,8294,True
eunomia.dev,30e8a01e495d,app,a413ab601f99a7d8,90d135fb20924194,True,1,8290,True
eunomia.dev,30e8a01e495d,repo-root-files,4d88578ed285d6fb,9111b9b658de70bc,True,1,3153,False
eunomia.dev,30e8a01e495d,app,90d135fb20924194,ff7709f58f0b93c9,True,2,9322,False
eunomia.dev,30e8a01e495d,repo-root-files,9d14a53dc42848c2,c254bd52f90e3aef,True,3,1289302093,False
eunomia.dev,30e8a01e495d,app,c254bd52f90e3aef,990f0f429784680a,True,1,11879,True
eunomia.dev,30e8a01e495d,docs,1cd33b4c02994f8d,70e3bbaedf28dc28,True,33,1298927522,False
eunomia.dev,30e8a01e495d,app,990f0f429784680a,91538a8f3dddd7d7,True,2,44292,False
eunomia.dev,30e8a01e495d,docs,70e3bbaedf28dc28,754adb1870759c3d,True,1,115492,True
eunomia.dev,30e8a01e495d,repo-root-files,dcb543c23e3ea681,22095d0a549dc392,True,3,183799,False
eunomia.dev,30e8a01e495d,test,6b610d94d0246581,8b2ae09a785a7b9b,True,34,1298182211,False
eunomia.dev,30e8a01e495d,app,91538a8f3dddd7d7,dc2190630bd7781f,True,5,409157,False
eunomia.dev,30e8a01e495d,repo-root-files,16c736f1d0063b55,dc2190630bd7781f,True,2,220193,False
eunomia.dev,30e8a01e495d,.github,7cdb29435fe86213,1ee9efa096602c4a,True,41,1299787939,False
eunomia.dev,30e8a01e495d,docs,16c736f1d0063b55,0c925215b9004cd7,True,5,807851,True
eunomia.dev,30e8a01e495d,repo-root-files,f9e2dc0a042c31a4,b03ff18c748ad628,True,10,543602,True
eunomia.dev,30e8a01e495d,.github,1ee9efa096602c4a,71e70c776e2080f9,True,10,619497,True
eunomia.dev,30e8a01e495d,app,1ee9efa096602c4a,71e70c776e2080f9,True,10,619497,True
eunomia.dev,30e8a01e495d,.github,187570a6b1577fd9,6d49d29e43be94c4,True,2,792739,True
eunomia.dev,30e8a01e495d,docs,b03ff18c748ad628,5de626390a7096fc,True,6,1795359,True
eunomia.dev,30e8a01e495d,app,6d49d29e43be94c4,c9a165d27800ffb9,True,2,1626772,True
eunomia.dev,30e8a01e495d,repo-root-files,b03ff18c748ad628,c9a165d27800ffb9,True,7,2643749,True
eunomia.dev,30e8a01e495d,docs,5de626390a7096fc,3f1bff6470c139fa,True,3,965184,True
eunomia.dev,30e8a01e495d,.github,55c9d3c9e721c987,88606b029b4e67eb,True,6,1750011,True
eunomia.dev,30e8a01e495d,app,c9a165d27800ffb9,88606b029b4e67eb,True,4,187951,True
eunomia.dev,30e8a01e495d,docs,69f9940315f57b35,175795d7cc0d7951,True,2,77710,True
eunomia.dev,30e8a01e495d,.github,82267c885bbd9eaf,b556a2095e91131a,True,12,1589154,True
eunomia.dev,30e8a01e495d,docs,8781247f426eea00,920361b91b508fd9,True,1,316473,True
eunomia.dev,30e8a01e495d,.github,b556a2095e91131a,cebedb00e143ebfe,True,1,444622,True
eunomia.dev,30e8a01e495d,app,82267c885bbd9eaf,5d0f05e9dabe1f30,True,17,94075547,False
eunomia.dev,30e8a01e495d,repo-root-files,1850dd3c97c0a93e,5d0f05e9dabe1f30,True,21,94177064,False
eunomia.dev,30e8a01e495d,app,5d0f05e9dabe1f30,69a1092cfb112f63,True,1,132496,True
eunomia.dev,30e8a01e495d,repo-root-files,69a1092cfb112f63,f99814a6fa26830d,True,1,40437,True
eunomia.dev,30e8a01e495d,repo-root-files,7e056f07adbe20c1,3f5dc7492f51f359,True,2,27768,False
eunomia.dev,30e8a01e495d,app,9c6a2906d3a7dfe3,a023629862e6b550,True,1,56324,True
eunomia.dev,30e8a01e495d,repo-root-files,3f5dc7492f51f359,69009fc192fe1f87,True,1,70566,False
eunomia.dev,30e8a01e495d,app,a023629862e6b550,63cff16ef73c9cd8,True,1,85665,False
eunomia.dev,30e8a01e495d,.github,9a91b42b223d04da,1da79e3f17821f9d,True,12,1511654,False
eunomia.dev,30e8a01e495d,docs,9d98a8a1d33ddeb1,abdb03a594e8c3f0,True,14,268352026,True
eunomia.dev,30e8a01e495d,app,63cff16ef73c9cd8,2fe86eb251994776,True,7,331280874,False
eunomia.dev,30e8a01e495d,docs,b35e16ff48d08c86,2aef9b2a7c522a4f,True,2,162468751,False
eunomia.dev,30e8a01e495d,app,d7e744d315d23ea5,139d828710ad07b3,True,5,3555929,False
eunomia.dev,30e8a01e495d,.claude,495a2a602081185c,cf8a1d44b05249a1,True,22,973056,True
eunomia.dev,30e8a01e495d,docs,bd94f4502167fd80,86b9512b1fc116c9,True,25,1394027,True
eunomia.dev,30e8a01e495d,.claude,0c8fb2ac75a71f69,9b264804dd9dfc93,True,14,392082,True
eunomia.dev,30e8a01e495d,docs,93068b8c6447e054,7243e5ed2ea73de6,True,2,362980,False
eunomia.dev,30e8a01e495d,.github,1da79e3f17821f9d,20fca7ddead2a9e9,True,55,340492483,False
eunomia.dev,30e8a01e495d,docs,68e821d286e6b4ef,ca3a668773c17ee1,True,3,349495,True
eunomia.dev,30e8a01e495d,draft,b54d9788026ea166,3ff7551c7c2890dd,True,958,4525812133,False
eunomia.dev,30e8a01e495d,docs,9d6bbfcc39a380d2,745a76d26559b1e8,True,1,106678,False
eunomia.dev,30e8a01e495d,actplane,a7f3561a92d6968d,bfe8d508209b048a,True,240,1742526352,False
eunomia.dev,30e8a01e495d,app,396b059106819986,1f9328876fc7c24b,True,52,1597712,True
eunomia.dev,30e8a01e495d,.github,0d29069ad28fc0e7,10efcd46b6ddbf91,True,32,616556,True
eunomia.dev,30e8a01e495d,app,920bc89650e13b24,9a4587ff3c008819,True,1,14364,True
eunomia.dev,30e8a01e495d,docs,745a76d26559b1e8,be4580b701f9291a,True,13,457331,True
eunomia.dev,30e8a01e495d,app,18b980d11f486a0e,94fb261c522b1d1b,True,1,17099,True
eunomia.dev,30e8a01e495d,docs,be4580b701f9291a,9e9896d72fd9dd10,True,1,7303,True
eunomia.dev,30e8a01e495d,app,94fb261c522b1d1b,829b0d8f0fd3aa90,True,2,62262,True
eunomia.dev,30e8a01e495d,docs,858461e8529ea35c,f56f04dc43fd5739,True,3,111379,True
eunomia.dev,30e8a01e495d,app,a9d3f44c1063f42d,6db25f93f20b8283,True,2,41484,True
eunomia.dev,30e8a01e495d,.claude,310c6182475782ee,956e672e7719e607,True,52,1179232,False
eunomia.dev,30e8a01e495d,draft,3ff7551c7c2890dd,9bad9c9cbba103db,True,38,831938,True
eunomia.dev,30e8a01e495d,.claude,95a6e8dc45529cf6,7555ed3baa4c5bea,True,2,66145,True
eunomia.dev,30e8a01e495d,draft,5df25f35e9db1011,ebfe7e7755abfb4c,True,3,14130,True
eunomia.dev,30e8a01e495d,.claude,cd4b717c534e1105,5dceec479d75baa2,True,1,4158,True
eunomia.dev,30e8a01e495d,agentsight,dbbff18c31d2e37b,06da76d4fff1c3dc,True,44,729540,False
eunomia.dev,30e8a01e495d,.claude,cdc19dc4f4f89760,74451598091e0eb6,True,2,1207,False
eunomia.dev,30e8a01e495d,docs,b1c461985b8ff24c,1b2ffbfcbb55e986,True,27,349982,False
eunomia.dev,30e8a01e495d,agentsight,1bee728ce22441a9,2e0470b1a080cc8b,True,2,731,False
eunomia.dev,30e8a01e495d,docs,1b2ffbfcbb55e986,70dadfec4add6672,True,2,1271,False
eunomia.dev,30e8a01e495d,.claude,74451598091e0eb6,fb2cfe26aa9d3371,True,4,11312,False
eunomia.dev,30e8a01e495d,agentsight,ed9ebd503d75d349,b6015c3c9f5a8d98,True,3,13117,True
eunomia.dev,30e8a01e495d,.claude,fb2cfe26aa9d3371,2450c95318c0dc2b,True,5,308651,False
eunomia.dev,30e8a01e495d,agentsight,e76b0a7268a4f9d9,35d01921d972d199,True,1,303998,False
eunomia.dev,30e8a01e495d,docs,70dadfec4add6672,45445c3f2273f062,True,9,326743,False
eunomia.dev,30e8a01e495d,agentsight,058282721f1b7ba7,68e26f27ceeff1c4,True,1,7042,True
eunomia.dev,30e8a01e495d,draft,ebfe7e7755abfb4c,16d8c320dd9f716e,True,21,453448,True
eunomia.dev,30e8a01e495d,.claude,2450c95318c0dc2b,19395fb4e1954780,True,5,41051,False
eunomia.dev,30e8a01e495d,draft,16d8c320dd9f716e,c45a63633169e53f,True,4,189504,False
eunomia.dev,30e8a01e495d,.claude,ec0ce5e5862bf77b,494eddd03693a087,True,3,223941,False
eunomia.dev,30e8a01e495d,agentsight,68e26f27ceeff1c4,f4fdd2a93ad9a4c3,True,9,301010,False
eunomia.dev,30e8a01e495d,docs,45445c3f2273f062,4d76fd6ece42a727,True,12,315398,False
eunomia.dev,30e8a01e495d,agentsight,9332f899affbab8e,498c647ac868e9aa,True,1,8851,True
eunomia.dev,30e8a01e495d,docs,4d76fd6ece42a727,7429c62ef135eafc,True,4,31895,True
eunomia.dev,30e8a01e495d,agentsight,1ba270b3e959e76e,6d086e8c3b31b2c2,True,1,50884,True
eunomia.dev,30e8a01e495d,.claude,494eddd03693a087,aeb6444e8963eb25,True,9,252049,False
eunomia.dev,30e8a01e495d,draft,fdc02738428b56d9,2a9e76bdde8b1296,True,11,282507,False
eunomia.dev,30e8a01e495d,.claude,aeb6444e8963eb25,998610978c0e3d06,True,1,9306,True
eunomia.dev,30e8a01e495d,draft,2a9e76bdde8b1296,ee0f9b42f6cb4c76,True,3,24961,True
eunomia.dev,30e8a01e495d,.claude,6b7a86658c01cd96,dd253944748f8566,True,2,44891,False
eunomia.dev,30e8a01e495d,bpftime,55b556c86ba7010d,50738b131207247f,True,35,947158,False
eunomia.dev,30e8a01e495d,draft,b94b4e875910985e,85d821d503393256,True,5,37143,False
eunomia.dev,30e8a01e495d,bpftime,1bed89d5e7ee24dc,11d75260b2505ea2,True,1,13114,True
eunomia.dev,30e8a01e495d,draft,85d821d503393256,21039e0b9ea804da,True,3,13868,True
eunomia.dev,30e8a01e495d,bpftime,26e663052e6cdd0e,31d53c4e3b887a5b,True,1,5543,True
eunomia.dev,30e8a01e495d,.claude,dd253944748f8566,03aa3ad1a05f8b55,True,11,239049,False
eunomia.dev,30e8a01e495d,draft,21039e0b9ea804da,3a2d92c549bc84c3,True,3,225063,True
eunomia.dev,30e8a01e495d,.claude,03aa3ad1a05f8b55,0acee74b40af2277,True,1,36167,True
eunomia.dev,30e8a01e495d,draft,3a2d92c549bc84c3,9c70c1da2e03e3b4,True,4,109830,True
eunomia.dev,30e8a01e495d,docs,7429c62ef135eafc,04fe65f97cf044d4,True,31,49550322,False
eunomia.dev,30e8a01e495d,repo-root-files,69009fc192fe1f87,f47019f7ce9bd34b,True,201,392747118,False
eunomia.dev,30e8a01e495d,docs,43362831d0ac299d,a77b20b8bd8e4f62,True,1,81930,True
eunomia.dev,30e8a01e495d,draft,b9b01640a3b0baf2,96336963b816d18a,True,31,49550872,True
eunomia.dev,30e8a01e495d,.claude,5d4e419389155564,b0fe881fd9dee34b,True,37,49724691,True
eunomia.dev,30e8a01e495d,docs,d2e37942b3ebb8bc,7d8f0d81cf7933e3,True,4,408489,True
eunomia.dev,30e8a01e495d,.claude,66bcd9ce1b77277d,137f5cb2b43f588a,True,2,260943,True
eunomia.dev,30e8a01e495d,docs,702dc34e1bff7f42,cf4026d6d9cb067c,True,1,249526,True
eunomia.dev,30e8a01e495d,.claude,137f5cb2b43f588a,b44d240dcd655b7d,True,2,2779,True
eunomia.dev,30e8a01e495d,docs,c4564d15cb3a0991,2c6ec195254de4dc,True,1,5670,True
eunomia.dev,30e8a01e495d,.claude,b44d240dcd655b7d,036ae136c6559e57,True,2,5757,True
eunomia.dev,30e8a01e495d,docs,383244a9553b514f,3e6c4cf6a046a10a,True,1,13875,True
eunomia.dev,30e8a01e495d,.claude,036ae136c6559e57,dc98285ded2e8603,True,1,26886,True
eunomia.dev,30e8a01e495d,docs,3e6c4cf6a046a10a,4f453419ae83a0e2,True,2,35697,True
eunomia.dev,30e8a01e495d,.claude,e9439dbfc26c5ba9,42e1baa44715cf32,True,5,74068,True
eunomia.dev,30e8a01e495d,docs,610e425d16365d39,e84ebc7803b23e36,True,1,22548,True
eunomia.dev,30e8a01e495d,.claude,42e1baa44715cf32,191f60e9c9ccf964,True,5,64214,True
eunomia.dev,30e8a01e495d,docs,db5f0727239fd6f0,8ebf5a8f0e47998c,True,1,24347,True
eunomia.dev,30e8a01e495d,.claude,191f60e9c9ccf964,02eba722c351d617,True,1,62740,True
eunomia.dev,30e8a01e495d,docs,8ebf5a8f0e47998c,e13c2dd1e8a0e743,True,2,65317,True
eunomia.dev,30e8a01e495d,draft,96336963b816d18a,9581d7c4a0e4de68,True,31,803014,True
eunomia.dev,30e8a01e495d,.claude,b800ea579539e2ee,7d125a64a34c80aa,True,2,13728,True
eunomia.dev,30e8a01e495d,draft,9581d7c4a0e4de68,f6c94c4394f90d20,True,1,11766,True
eunomia.dev,30e8a01e495d,docs,e13c2dd1e8a0e743,e6e09992a91a3b69,True,6,82998,True
eunomia.dev,30e8a01e495d,.claude,7d125a64a34c80aa,a5b9adf55c1b5eb7,True,5,114402,False
eunomia.dev,30e8a01e495d,docs,e6e09992a91a3b69,d8b69b2d61866c76,True,10,430668,True
eunomia.dev,30e8a01e495d,.claude,6561d3574abffe4f,49f541d7aa70a074,True,1,50762,True
eunomia.dev,30e8a01e495d,docs,d8b69b2d61866c76,297c60c1c40d626f,True,1,5987,True
eunomia.dev,30e8a01e495d,.claude,49f541d7aa70a074,e90dca9563c5558a,True,1,52025,True
eunomia.dev,30e8a01e495d,docs,297c60c1c40d626f,73c5ecb071757e22,True,2,117847,True
eunomia.dev,30e8a01e495d,.claude,ee3c83b7ccb416bd,276a93cfed8a5796,True,1,107810,True
eunomia.dev,30e8a01e495d,docs,73c5ecb071757e22,949a3e9d676cbc7f,True,5,139117,True
eunomia.dev,30e8a01e495d,.claude,7188fe147216dc8b,53517b4fa57c3516,True,5,3078999,True
eunomia.dev,30e8a01e495d,docs,e1e801d9712772c1,5cd3b3e60c1d0a80,True,5,205669,True
eunomia.dev,30e8a01e495d,.claude,d9208e93d7b78483,3c32bac4c2c6a519,True,2,132311,True
eunomia.dev,30e8a01e495d,draft,3dd1cad5d28e04bf,457bede11d20106b,True,36,4120185,True
eunomia.dev,30e8a01e495d,docs,f479b8dcd1af9039,5d975927cf6dabe2,True,3,322222,True
eunomia.dev,30e8a01e495d,draft,457bede11d20106b,7273b2f1562ef5c4,True,1,85272,True
eunomia.dev,30e8a01e495d,.claude,1feab40b58d3406a,d2541546772ba595,True,3,265794,True
eunomia.dev,30e8a01e495d,draft,7273b2f1562ef5c4,ac6d1cac65cab6a6,True,6,122668,True
eunomia.dev,30e8a01e495d,docs,5d975927cf6dabe2,c1ce6feb21e6f34f,True,8,161565,True
eunomia.dev,30e8a01e495d,draft,ac6d1cac65cab6a6,bf43bebf0cf61578,True,1,14959,True
eunomia.dev,30e8a01e495d,docs,c1ce6feb21e6f34f,67a03dec8fb90696,True,1,139986,True
eunomia.dev,30e8a01e495d,draft,bf43bebf0cf61578,411969a6500e0ca5,True,26,565854,True
eunomia.dev,30e8a01e495d,docs,d38c4b87d42d5323,81ff80d9d3a1081b,True,1,10537,True
eunomia.dev,30e8a01e495d,draft,411969a6500e0ca5,6eac8cc93d20b2a7,True,3,86158,True
eunomia.dev,30e8a01e495d,docs,6cc5a502d0b49f75,d4be64dec6ffcfbb,True,1,72111,True
eunomia.dev,30e8a01e495d,draft,6eac8cc93d20b2a7,791eebfe42c1a7f7,True,5,65337,True
eunomia.dev,30e8a01e495d,docs,d36307ffd11c83dc,61135f80f9fadb6b,True,1,10214,True
eunomia.dev,30e8a01e495d,draft,791eebfe42c1a7f7,406810d74a647cd4,True,1,1304043,True
eunomia.dev,30e8a01e495d,repo-root-files,f47019f7ce9bd34b,90dce7253e89f460,True,156,8982095,True
eunomia.dev,30e8a01e495d,draft,299ebf9d4f805c2b,b1241fc296865d3d,True,1,1371448,True
eunomia.dev,30e8a01e495d,.github,10efcd46b6ddbf91,254c445aa453736a,True,267,60619293,True
eunomia.dev,30e8a01e495d,docs,61135f80f9fadb6b,5ec863e24cf48a27,True,10,80552431,True
eunomia.dev,30e8a01e495d,app,6db25f93f20b8283,6a80c35ddd79e9d7,True,255,137955982,True
eunomia.dev,30e8a01e495d,docs,5ec863e24cf48a27,c15e452b86190183,True,1,264032,True
eunomia.dev,30e8a01e495d,repo-root-files,90dce7253e89f460,30b2081d96c5ec08,True,5,78203312,True
eunomia.dev,30e8a01e495d,docs,c15e452b86190183,8dd6546be60163c3,True,5,92048,True
eunomia.dev,30e8a01e495d,repo-root-files,18d9f86c7630394e,872fe4cb9a279163,True,1,83662,True
eunomia.dev,30e8a01e495d,.github,254c445aa453736a,9e0b79c8d507b895,True,11,77678922,True
eunomia.dev,30e8a01e495d,app,6a80c35ddd79e9d7,4301d7faf6133544,True,11,162077,True
eunomia.dev,30e8a01e495d,docs,8dd6546be60163c3,69b34ded6c66cdbd,True,8,166284,True
eunomia.dev,30e8a01e495d,.claude,aa40674d55904be9,58a81fb5a474d022,True,75,82179903,True
eunomia.dev,30e8a01e495d,docs,34c789e8a2b0ed22,0224684cf3dc865c,True,1,75935827,True
eunomia.dev,30e8a01e495d,.claude,58a81fb5a474d022,5ac80b9f58f1e625,True,6,76484256,False
eunomia.dev,30e8a01e495d,docs,2f4eb065c195fc03,8249a35ab4e379e0,True,1,28048,False
eunomia.dev,30e8a01e495d,test,2ff7cdb7c6cf27e0,99cad44567cbe549,True,467,656696626,False
eunomia.dev,30e8a01e495d,.claude,5ac80b9f58f1e625,faa24451192fbf93,True,21,1133485,False
eunomia.dev,30e8a01e495d,app,5a9bdb073055d34d,adbe1b754132885b,True,44,78160781,True
eunomia.dev,30e8a01e495d,.claude,1f2799b8ed5c03ee,28f8c2d0dfc5f7a9,True,1,18158,False
eunomia.dev,30e8a01e495d,docs,2fa58dfafecd6473,07649bebfe1a0a16,True,13,857237,False
eunomia.dev,30e8a01e495d,app,adbe1b754132885b,316ac15a993485b4,True,5,28030,False
eunomia.dev,30e8a01e495d,docs,40bf87c7f468da94,457c53676634163f,True,1,503098,True
eunomia.dev,30e8a01e495d,app,316ac15a993485b4,3d16a71a3b461d0b,True,6,1066672,False
eunomia.dev,30e8a01e495d,docs,bb8f10aad7f13c7d,8f2f03c6fbe30b13,True,1,713278,True
eunomia.dev,30e8a01e495d,.claude,b6c342fc293f0b90,a619d42dcf88e457,True,13,1934298,False
eunomia.dev,30e8a01e495d,docs,51a31de930e65577,8965966224d80667,True,2,446559,False
eunomia.dev,30e8a01e495d,.claude,ee1a39ba9719c80e,8dc284554f353cc9,True,2,58388,True
eunomia.dev,30e8a01e495d,docs,a38688e4b0e8150f,41b94c55f3e6ced3,True,1,135171,True
eunomia.dev,30e8a01e495d,.claude,8dc284554f353cc9,05f97b83b85f47d5,True,1,182617,True
eunomia.dev,30e8a01e495d,docs,05f97b83b85f47d5,dea8c3d6e15ee957,True,6,487286,False
eunomia.dev,30e8a01e495d,app,3d16a71a3b461d0b,794b4424f409dfb5,True,19,1735784,False
eunomia.dev,30e8a01e495d,repo-root-files,bf878e4be62eda10,794b4424f409dfb5,True,83,81018774,False
eunomia.dev,30e8a01e495d,.claude,dec255b83c5c215a,f687bd9d8ccf90f0,True,5,276602,True
eunomia.dev,30e8a01e495d,docs,16b93aa48260fc86,3884b6e2e29774d9,True,12,537835,True
eunomia.dev,30e8a01e495d,.claude,6c4799f8bc8cd311,5e91a5df552f2639,True,8,108086,True
eunomia.dev,30e8a01e495d,docs,6b18375aabe0b0c9,4eafd10b18af4855,True,17,3369161,True
eunomia.dev,30e8a01e495d,docs,3500a9b40cfeeb2f,d1466283facc8a9f,True,6,630600,True
eunomia.dev,30e8a01e495d,.agents,d9dfe7257a9f5ecf,ec0a3fa43c56c577,True,5,1235216,True
eunomia.dev,30e8a01e495d,.agents,02e6d67affb57dee,ca1630b78c753efc,True,1,3562311,True
eunomia.dev,30e8a01e495d,docs,413699de75ce4cfd,35110f23ba1736d2,True,7,4688146,True
eunomia.dev,30e8a01e495d,.agents,9789a50b97fae27e,452aeec882e2ed40,True,18,617779,True
eunomia.dev,30e8a01e495d,docs,e8f8f38fccfdc5d1,0d4c10bf41822ecf,True,1,519093,True
eunomia.dev,30e8a01e495d,.agents,452aeec882e2ed40,266f76b0a2057cdf,True,2,381293,True
eunomia.dev,30e8a01e495d,.agents,266f76b0a2057cdf,eeab7d958a41aed4,True,1,101855,True
eunomia.dev,30e8a01e495d,docs,d5fa627530951fbd,8309fbcfdab29cfa,True,1,238333,True
eunomia.dev,30e8a01e495d,.agents,eeab7d958a41aed4,5298661908ef5087,True,1,256307,True
eunomia.dev,30e8a01e495d,.agents,5298661908ef5087,4d00ac3146c48829,True,3,640466,True
eunomia.dev,30e8a01e495d,repo-root-files,794b4424f409dfb5,4d00ac3146c48829,True,90,11561990,True
eunomia.dev,30e8a01e495d,docs,2d17753fd3dfeae3,c2f3f63b78b49bae,True,5,537668,True
eunomia.dev,30e8a01e495d,.agents,541ecc39e91b25bd,0532c0484a2813d0,True,8,235497,True
eunomia.dev,30e8a01e495d,.agents,0532c0484a2813d0,af07513ef59c3591,True,1,19986,True
eunomia.dev,30e8a01e495d,docs,d226b8d52a4f13b3,babb6d1df55c66a9,True,1,690843,True
eunomia.dev,30e8a01e495d,.agents,af07513ef59c3591,e017e7d12d54587c,True,5,1009901,True
eunomia.dev,30e8a01e495d,docs,e017e7d12d54587c,288f2d256f38475c,True,1,227375,True
eunomia.dev,30e8a01e495d,.agents,56d8244ab82134a2,eb136e12971483fc,True,2,632564,True
eunomia.dev,30e8a01e495d,.agents,eb136e12971483fc,eaa46d460e280cb2,True,5,783590,True
eunomia.dev,30e8a01e495d,docs,1621f0d01e441161,4dd0d2542ebf50c7,True,4,383034,True
eunomia.dev,30e8a01e495d,.agents,60c047ce6b9149a0,d797da9e5a57209c,True,7,622005,True
eunomia.dev,30e8a01e495d,docs,3a703201fa26f8f9,6b4fadf40e4ed31c,True,4,2337050,True
eunomia.dev,30e8a01e495d,.agents,d1d0f60128cc1c83,604ee0a845ad621b,True,1,132777,True
eunomia.dev,30e8a01e495d,docs,6b4fadf40e4ed31c,cdce68b5cd71335c,True,1,103328,True
eunomia.dev,30e8a01e495d,docs,cdce68b5cd71335c,6287a0b0de6db0c0,True,1,107362,True
eunomia.dev,30e8a01e495d,.agents,6287a0b0de6db0c0,dd2c34a93eb3d3da,True,1,1051557,True
eunomia.dev,30e8a01e495d,docs,ae840f1d279a1955,a10af4bfbd916af6,True,2,177756,True
eunomia.dev,30e8a01e495d,.agents,be2b065beed62693,fb8a397978b778b0,True,1,61403,True
eunomia.dev,30e8a01e495d,repo-root-files,4d00ac3146c48829,dacd6fd88682b192,True,56,13987588,False
eunomia.dev,30e8a01e495d,repo-root-files,29794412eb3e7135,293cc64787919cf3,True,10,56871817,True
eunomia.dev,30e8a01e495d,.github,bf24fad49a6bed53,258b7d4174d49b9f,True,242,163542183,False
eunomia.dev,30e8a01e495d,.agents,0198f4666b39ce57,5f733d4caafa121d,True,17,64075856,False
eunomia.dev,30e8a01e495d,.github,79b9e93a30282a78,5278a0fa8eb936bf,True,1,190291,True
eunomia.dev,30e8a01e495d,.claude,882475c312b2f40d,0a2874c29d3a3f67,False,135,256571978,False
eunomia.dev,30e8a01e495d,.git,a61015780ad53ebb,0a2874c29d3a3f67,False,111,250595170,False
eunomia.dev,30e8a01e495d,.github,5278a0fa8eb936bf,0a2874c29d3a3f67,False,4,177321432,True
eunomia.dev,30e8a01e495d,actplane,bfe8d508209b048a,0a2874c29d3a3f67,False,538,479626197,False
eunomia.dev,30e8a01e495d,agents,e8f088b310d8f409,0a2874c29d3a3f67,False,134,256403809,False
eunomia.dev,30e8a01e495d,agentsight,6d086e8c3b31b2c2,0a2874c29d3a3f67,False,460,478193021,False
eunomia.dev,30e8a01e495d,app,794b4424f409dfb5,0a2874c29d3a3f67,False,170,260105517,False
eunomia.dev,30e8a01e495d,bpftime,6d43cf68b606b7b8,0a2874c29d3a3f67,False,441,477926359,False
eunomia.dev,30e8a01e495d,cuda-exp,80f1f5b01b92714d,0a2874c29d3a3f67,False,11,233992888,True
eunomia.dev,30e8a01e495d,cupti-exp,47734aed57964be1,0a2874c29d3a3f67,False,537,479624272,False
eunomia.dev,30e8a01e495d,docs,dacd6fd88682b192,0a2874c29d3a3f67,False,22,234555939,True
eunomia.dev,30e8a01e495d,draft,b1241fc296865d3d,0a2874c29d3a3f67,False,266,418802887,False
eunomia.dev,30e8a01e495d,material,51d4819fc38fae48,0a2874c29d3a3f67,False,2676,11720873681,False
eunomia.dev,30e8a01e495d,nvbit-tutorial,c1579901e47f51e3,0a2874c29d3a3f67,False,539,479641029,False
eunomia.dev,30e8a01e495d,repo-root-files,293cc64787919cf3,0a2874c29d3a3f67,False,10,177675918,True
eunomia.dev,30e8a01e495d,test,3b8b181644c5dc48,0a2874c29d3a3f67,False,212,263378160,False
academic-writing-skills,4725c74bf420,docs,9575c6571c11b75a,f716d49fbfd80f10,True,18,154595,True
academic-writing-skills,4725c74bf420,repo-root-files,e9f7857a7be768bc,6a25b1c3b6a296f4,True,20,163614,True
academic-writing-skills,4725c74bf420,docs,f716d49fbfd80f10,fe5afa9248f740c4,True,1,9568,True
academic-writing-skills,4725c74bf420,skills,bf8fcab5a2b92667,3e5e17a5cffb5c66,True,3,23230,True
academic-writing-skills,4725c74bf420,docs,fe5afa9248f740c4,8d8e09cc1ff28c18,True,2,51230,True
academic-writing-skills,4725c74bf420,repo-root-files,6a25b1c3b6a296f4,d0c264ec8254db26,True,4,216712358,False
academic-writing-skills,4725c74bf420,skills,8174301d93c43429,134b9da98bc33bd1,True,2,216706528,False
academic-writing-skills,4725c74bf420,docs,8d8e09cc1ff28c18,ca2ef353e2bb157c,True,5,216662040,False
academic-writing-skills,4725c74bf420,skills,278e88bf71db805b,afaecb889761f45e,True,1,7755,True
academic-writing-skills,4725c74bf420,repo-root-files,d0c264ec8254db26,23e5fde24523fd61,True,25,59898432,False
academic-writing-skills,4725c74bf420,skills,37304009111a3f03,194c953f1dea5a78,True,1,91414,True
academic-writing-skills,4725c74bf420,repo-root-files,23e5fde24523fd61,ea66aba7d68bf2fa,True,3,107271,True
academic-writing-skills,4725c74bf420,skills,e3279cb40c177a1d,ff371c826c05ce12,True,2,8169130,False
academic-writing-skills,4725c74bf420,repo-root-files,5aed34ce8a4b2a48,2e537b345b2b4c57,True,1,66311,False
academic-writing-skills,4725c74bf420,skills,ff371c826c05ce12,323789d1c0e7ef28,True,1,65818,False
academic-writing-skills,4725c74bf420,repo-root-files,2e537b345b2b4c57,cfa117439904cbe5,True,2,205324,False
academic-writing-skills,4725c74bf420,skills,a7379e9760676aa5,24ffb66da18cf831,True,1,116356,False
academic-writing-skills,4725c74bf420,repo-root-files,cfa117439904cbe5,03e2a0d04e6629b0,True,1,115961,False
academic-writing-skills,4725c74bf420,skills,24ffb66da18cf831,e6ba3c64b913f663,True,1,5324557,False
academic-writing-skills,4725c74bf420,docs,ca2ef353e2bb157c,70fd982ca348f57e,True,39,2179256332,False
academic-writing-skills,4725c74bf420,skills,5dca8a6591e4f45c,bab78605e87baeb3,True,1,4866,True
academic-writing-skills,4725c74bf420,docs,70fd982ca348f57e,28a6338d5e486666,True,14,176789,False
academic-writing-skills,4725c74bf420,skills,0543444097172fdb,11881d4ac495e896,True,1,471739,True
academic-writing-skills,4725c74bf420,skills,fe17dc2cc4fdb04f,5e23e36486ace82c,True,56,79055453,False
academic-writing-skills,4725c74bf420,third_party,4d495e7e8b389903,300dd7fa7918dc6f,True,115,138168286,False
academic-writing-skills,4725c74bf420,skills,1f2dc075816f1cf3,b4ebbc074f5fb740,True,10,566307,True
academic-writing-skills,4725c74bf420,docs,28a6338d5e486666,d59674bb4b070fd1,True,192,141117352,False
academic-writing-skills,4725c74bf420,skills,8d52e5e97f5f04c0,aa28de7caf064dff,True,1,901167,True
academic-writing-skills,4725c74bf420,docs,d59674bb4b070fd1,00611405aa7b1ce2,True,8,201730,True
academic-writing-skills,4725c74bf420,skills,9773e37f82582a65,bbe9703c541a1e12,True,2,413815,True
academic-writing-skills,4725c74bf420,docs,20714eab22623c7d,1cdff98e3c81a73b,False,160,265616855,False
academic-writing-skills,4725c74bf420,repo-root-files,03e2a0d04e6629b0,1cdff98e3c81a73b,False,385,2518185244,False
academic-writing-skills,4725c74bf420,third_party,2d5ff498ccac90a2,1cdff98e3c81a73b,False,177,268323203,False
